time="2026-09-10T11:30:26-05:00" level=warning msg="No services to build"
time="2026-09-10T11:30:26-05:00" level=warning msg="No services to build"
 Container hexapod-reference-physics-fb68cbf97e064d9d8e1849395f81f348 Creating 
 Container hexapod-reference-physics-fb68cbf97e064d9d8e1849395f81f348 Created 
The '--headless' CLI argument is deprecated. Omit '--viz' for default headless. If config visualizers are enabled and you want to force headless, use '--viz none'.
Loading user config located at: '/isaac-sim/kit/data/Kit/IsaacLab/3.0/user.config.json'
2026-09-10T16:30:27Z [0ms] [Warning] [omni.ext.plugin] [ext: initial_stop] Extensions config 'extension.toml' doesn't exist '/output/initial_stop' or '/output/initial_stop/config'
2026-09-10T16:30:27Z [0ms] [Warning] [omni.ext.plugin] [ext: jobs] Extensions config 'extension.toml' doesn't exist '/output/jobs' or '/output/jobs/config'
2026-09-10T16:30:27Z [0ms] [Warning] [omni.ext.plugin] [ext: logs] Extensions config 'extension.toml' doesn't exist '/output/logs' or '/output/logs/config'
2026-09-10T16:30:27Z [0ms] [Warning] [omni.ext.plugin] [ext: isaaclab_visualizers] Extensions config 'extension.toml' doesn't exist '/workspace/isaaclab/source/isaaclab_visualizers' or '/workspace/isaaclab/source/isaaclab_visualizers/config'
2026-09-10T16:30:27Z [0ms] [Warning] [omni.ext.plugin] [ext: standing] Extensions config 'extension.toml' doesn't exist '/output/standing' or '/output/standing/config'
2026-09-10T16:30:27Z [0ms] [Warning] [omni.ext.plugin] [ext: initial_constant] Extensions config 'extension.toml' doesn't exist '/output/initial_constant' or '/output/initial_constant/config'
2026-09-10T16:30:27Z [111ms] [Warning] [carb.omniclient.plugin]  45: OmniHub: ThreadId(02) Hub encountered error. Trying to reconnect to Hub. retry_reason="Hub failed to launch: Io(\"child exited with exit status: 1 without writing file \\\"/tmp/hub-ubuntu-A34E0762.config.json\\\"\")"
2026-09-10T16:30:27Z [183ms] [Warning] [carb.omniclient.plugin]  45: OmniHub: ThreadId(02) Hub encountered error. Trying to reconnect to Hub. retry_reason="Hub failed to launch: Io(\"child exited with exit status: 1 without writing file \\\"/tmp/hub-ubuntu-A34E0762.config.json\\\"\")"
2026-09-10T16:30:27Z [264ms] [Warning] [carb.omniclient.plugin]  45: OmniHub: ThreadId(02) Hub encountered error. Trying to reconnect to Hub. retry_reason="Hub failed to launch: Io(\"child exited with exit status: 1 without writing file \\\"/tmp/hub-ubuntu-A34E0762.config.json\\\"\")"
2026-09-10T16:30:27Z [356ms] [Warning] [carb.omniclient.plugin]  45: OmniHub: ThreadId(02) Hub encountered error. Trying to reconnect to Hub. retry_reason="Hub failed to launch: Io(\"child exited with exit status: 1 without writing file \\\"/tmp/hub-ubuntu-A34E0762.config.json\\\"\")"
2026-09-10T16:30:27Z [459ms] [Warning] [carb.omniclient.plugin]  45: OmniHub: ThreadId(02) Hub encountered error. Trying to reconnect to Hub. retry_reason="Hub failed to launch: Io(\"child exited with exit status: 1 without writing file \\\"/tmp/hub-ubuntu-A34E0762.config.json\\\"\")"
2026-09-10T16:30:27Z [570ms] [Warning] [carb.omniclient.plugin]  45: OmniHub: ThreadId(02) Hub encountered error. Trying to reconnect to Hub. retry_reason="Hub failed to launch: Io(\"child exited with exit status: 1 without writing file \\\"/tmp/hub-ubuntu-A34E0762.config.json\\\"\")"
2026-09-10T16:30:28Z [693ms] [Warning] [carb.omniclient.plugin]  45: OmniHub: ThreadId(02) Hub encountered error. Trying to reconnect to Hub. retry_reason="Hub failed to launch: Io(\"child exited with exit status: 1 without writing file \\\"/tmp/hub-ubuntu-A34E0762.config.json\\\"\")"
2026-09-10T16:30:28Z [825ms] [Warning] [carb.omniclient.plugin]  45: OmniHub: ThreadId(02) Hub encountered error. Trying to reconnect to Hub. retry_reason="Hub failed to launch: Io(\"child exited with exit status: 1 without writing file \\\"/tmp/hub-ubuntu-A34E0762.config.json\\\"\")"
2026-09-10T16:30:28Z [968ms] [Warning] [carb.omniclient.plugin]  45: OmniHub: ThreadId(02) Hub encountered error. Trying to reconnect to Hub. retry_reason="Hub failed to launch: Io(\"child exited with exit status: 1 without writing file \\\"/tmp/hub-ubuntu-A34E0762.config.json\\\"\")"
2026-09-10T16:30:28Z [1,120ms] [Warning] [carb.omniclient.plugin]  45: OmniHub: ThreadId(02) Hub encountered error. Trying to reconnect to Hub. retry_reason="Hub failed to launch: Io(\"child exited with exit status: 1 without writing file \\\"/tmp/hub-ubuntu-A34E0762.config.json\\\"\")"
2026-09-10T16:30:28Z [1,283ms] [Warning] [carb.omniclient.plugin]  45: OmniHub: ThreadId(02) Hub encountered error. Trying to reconnect to Hub. retry_reason="Hub failed to launch: Io(\"child exited with exit status: 1 without writing file \\\"/tmp/hub-ubuntu-A34E0762.config.json\\\"\")"
2026-09-10T16:30:28Z [1,455ms] [Warning] [carb.omniclient.plugin]  45: OmniHub: ThreadId(02) Hub encountered error. Trying to reconnect to Hub. retry_reason="Hub failed to launch: Io(\"child exited with exit status: 1 without writing file \\\"/tmp/hub-ubuntu-A34E0762.config.json\\\"\")"
2026-09-10T16:30:29Z [1,638ms] [Warning] [carb.omniclient.plugin]  45: OmniHub: ThreadId(02) Hub encountered error. Trying to reconnect to Hub. retry_reason="Hub failed to launch: Io(\"child exited with exit status: 1 without writing file \\\"/tmp/hub-ubuntu-A34E0762.config.json\\\"\")"
2026-09-10T16:30:29Z [1,830ms] [Warning] [carb.omniclient.plugin]  45: OmniHub: ThreadId(02) Hub encountered error. Trying to reconnect to Hub. retry_reason="Hub failed to launch: Io(\"child exited with exit status: 1 without writing file \\\"/tmp/hub-ubuntu-A34E0762.config.json\\\"\")"
2026-09-10T16:30:29Z [2,033ms] [Warning] [carb.omniclient.plugin]  45: OmniHub: ThreadId(02) Hub encountered error. Trying to reconnect to Hub. retry_reason="Hub failed to launch: Io(\"child exited with exit status: 1 without writing file \\\"/tmp/hub-ubuntu-A34E0762.config.json\\\"\")"
2026-09-10T16:30:29Z [2,244ms] [Warning] [carb.omniclient.plugin]  45: OmniHub: ThreadId(02) Hub encountered error. Trying to reconnect to Hub. retry_reason="Hub failed to launch: Io(\"child exited with exit status: 1 without writing file \\\"/tmp/hub-ubuntu-A34E0762.config.json\\\"\")"
2026-09-10T16:30:29Z [2,466ms] [Warning] [carb.omniclient.plugin]  45: OmniHub: ThreadId(02) Hub encountered error. Trying to reconnect to Hub. retry_reason="Hub failed to launch: Io(\"child exited with exit status: 1 without writing file \\\"/tmp/hub-ubuntu-A34E0762.config.json\\\"\")"
2026-09-10T16:30:30Z [2,699ms] [Warning] [carb.omniclient.plugin]  45: OmniHub: ThreadId(02) Hub encountered error. Trying to reconnect to Hub. retry_reason="Hub failed to launch: Io(\"child exited with exit status: 1 without writing file \\\"/tmp/hub-ubuntu-A34E0762.config.json\\\"\")"
2026-09-10T16:30:30Z [2,942ms] [Warning] [carb.omniclient.plugin]  45: OmniHub: ThreadId(02) Hub encountered error. Trying to reconnect to Hub. retry_reason="Hub failed to launch: Io(\"child exited with exit status: 1 without writing file \\\"/tmp/hub-ubuntu-A34E0762.config.json\\\"\")"
2026-09-10T16:30:30Z [3,195ms] [Warning] [carb.omniclient.plugin]  45: OmniHub: ThreadId(02) Hub encountered error. Trying to reconnect to Hub. retry_reason="Hub failed to launch: Io(\"child exited with exit status: 1 without writing file \\\"/tmp/hub-ubuntu-A34E0762.config.json\\\"\")"
2026-09-10T16:30:30Z [3,456ms] [Warning] [carb.omniclient.plugin]  45: OmniHub: ThreadId(02) Hub encountered error. Trying to reconnect to Hub. retry_reason="Hub failed to launch: Io(\"child exited with exit status: 1 without writing file \\\"/tmp/hub-ubuntu-A34E0762.config.json\\\"\")"
2026-09-10T16:30:31Z [3,727ms] [Warning] [carb.omniclient.plugin]  45: OmniHub: ThreadId(02) Hub encountered error. Trying to reconnect to Hub. retry_reason="Hub failed to launch: Io(\"child exited with exit status: 1 without writing file \\\"/tmp/hub-ubuntu-A34E0762.config.json\\\"\")"
2026-09-10T16:30:31Z [4,011ms] [Warning] [carb.omniclient.plugin]  45: OmniHub: ThreadId(02) Hub encountered error. Trying to reconnect to Hub. retry_reason="Hub failed to launch: Io(\"child exited with exit status: 1 without writing file \\\"/tmp/hub-ubuntu-A34E0762.config.json\\\"\")"
2026-09-10T16:30:31Z [4,302ms] [Warning] [carb.omniclient.plugin]  45: OmniHub: ThreadId(02) Hub encountered error. Trying to reconnect to Hub. retry_reason="Hub failed to launch: Io(\"child exited with exit status: 1 without writing file \\\"/tmp/hub-ubuntu-A34E0762.config.json\\\"\")"
2026-09-10T16:30:31Z [4,605ms] [Warning] [carb.omniclient.plugin]  45: OmniHub: ThreadId(02) Hub encountered error. Trying to reconnect to Hub. retry_reason="Hub failed to launch: Io(\"child exited with exit status: 1 without writing file \\\"/tmp/hub-ubuntu-A34E0762.config.json\\\"\")"
2026-09-10T16:30:32Z [4,916ms] [Warning] [carb.omniclient.plugin]  45: OmniHub: ThreadId(02) Hub encountered error. Trying to reconnect to Hub. retry_reason="Hub failed to launch: Io(\"child exited with exit status: 1 without writing file \\\"/tmp/hub-ubuntu-A34E0762.config.json\\\"\")"
2026-09-10T16:30:32Z [5,238ms] [Warning] [carb.omniclient.plugin]  45: OmniHub: ThreadId(02) Hub encountered error. Trying to reconnect to Hub. retry_reason="Hub failed to launch: Io(\"child exited with exit status: 1 without writing file \\\"/tmp/hub-ubuntu-A34E0762.config.json\\\"\")"
2026-09-10T16:30:32Z [5,571ms] [Warning] [carb.omniclient.plugin]  45: OmniHub: ThreadId(02) Hub encountered error. Trying to reconnect to Hub. retry_reason="Hub failed to launch: Io(\"child exited with exit status: 1 without writing file \\\"/tmp/hub-ubuntu-A34E0762.config.json\\\"\")"
2026-09-10T16:30:33Z [5,913ms] [Warning] [carb.omniclient.plugin]  45: OmniHub: ThreadId(02) Hub encountered error. Trying to reconnect to Hub. retry_reason="Hub failed to launch: Io(\"child exited with exit status: 1 without writing file \\\"/tmp/hub-ubuntu-A34E0762.config.json\\\"\")"
2026-09-10T16:30:33Z [6,266ms] [Warning] [carb.omniclient.plugin]  45: OmniHub: ThreadId(02) Hub encountered error. Trying to reconnect to Hub. retry_reason="Hub failed to launch: Io(\"child exited with exit status: 1 without writing file \\\"/tmp/hub-ubuntu-A34E0762.config.json\\\"\")"
2026-09-10T16:30:33Z [6,629ms] [Warning] [carb.omniclient.plugin]  45: OmniHub: ThreadId(02) Hub encountered error. Trying to reconnect to Hub. retry_reason="Hub failed to launch: Io(\"child exited with exit status: 1 without writing file \\\"/tmp/hub-ubuntu-A34E0762.config.json\\\"\")"
2026-09-10T16:30:34Z [6,999ms] [Warning] [carb.omniclient.plugin]  45: OmniHub: ThreadId(02) Hub encountered error. Trying to reconnect to Hub. retry_reason="Hub failed to launch: Io(\"child exited with exit status: 1 without writing file \\\"/tmp/hub-ubuntu-A34E0762.config.json\\\"\")"
2026-09-10T16:30:34Z [7,383ms] [Warning] [carb.omniclient.plugin]  45: OmniHub: ThreadId(02) Hub encountered error. Trying to reconnect to Hub. retry_reason="Hub failed to launch: Io(\"child exited with exit status: 1 without writing file \\\"/tmp/hub-ubuntu-A34E0762.config.json\\\"\")"
2026-09-10T16:30:35Z [7,773ms] [Warning] [carb.omniclient.plugin]  45: OmniHub: ThreadId(02) Hub encountered error. Trying to reconnect to Hub. retry_reason="Hub failed to launch: Io(\"child exited with exit status: 1 without writing file \\\"/tmp/hub-ubuntu-A34E0762.config.json\\\"\")"
2026-09-10T16:30:35Z [8,175ms] [Warning] [carb.omniclient.plugin]  45: OmniHub: ThreadId(02) Hub encountered error. Trying to reconnect to Hub. retry_reason="Hub failed to launch: Io(\"child exited with exit status: 1 without writing file \\\"/tmp/hub-ubuntu-A34E0762.config.json\\\"\")"
2026-09-10T16:30:35Z [8,587ms] [Warning] [carb.omniclient.plugin]  45: OmniHub: ThreadId(02) Hub encountered error. Trying to reconnect to Hub. retry_reason="Hub failed to launch: Io(\"child exited with exit status: 1 without writing file \\\"/tmp/hub-ubuntu-A34E0762.config.json\\\"\")"
2026-09-10T16:30:36Z [9,009ms] [Warning] [carb.omniclient.plugin]  45: OmniHub: ThreadId(02) Hub encountered error. Trying to reconnect to Hub. retry_reason="Hub failed to launch: Io(\"child exited with exit status: 1 without writing file \\\"/tmp/hub-ubuntu-A34E0762.config.json\\\"\")"
2026-09-10T16:30:36Z [9,442ms] [Warning] [carb.omniclient.plugin]  45: OmniHub: ThreadId(02) Hub encountered error. Trying to reconnect to Hub. retry_reason="Hub failed to launch: Io(\"child exited with exit status: 1 without writing file \\\"/tmp/hub-ubuntu-A34E0762.config.json\\\"\")"
2026-09-10T16:30:37Z [9,883ms] [Warning] [carb.omniclient.plugin]  45: OmniHub: ThreadId(02) Hub encountered error. Trying to reconnect to Hub. retry_reason="Hub failed to launch: Io(\"child exited with exit status: 1 without writing file \\\"/tmp/hub-ubuntu-A34E0762.config.json\\\"\")"
WARNING: All log messages before absl::InitializeLog() is called are written to STDERR
E0000 00:00:1789057837.702402      11 descriptor_database.cc:633] File already exists in database: grpc/health/v1/health.proto
W0000 00:00:1789057837.702427      11 message.cc:301] Protobuf GeneratedMessageFactory: File is already registered: grpc/health/v1/health.proto
2026-09-10T16:30:37Z [10,353ms] [Warning] [omni.usd_config.extension] Enable omni.materialx.libs extension to use MaterialX
/workspace/isaaclab/_isaac_sim/kit/python/lib/python3.12/site-packages/torch/cuda/__init__.py:435: UserWarning: 
    Found GPU0 NVIDIA GB10 which is of cuda capability 12.1.
    Minimum and Maximum cuda capability supported by this version of PyTorch is
    (8.0) - (12.0)
    
  queued_call()
REFERENCE_SCREEN_APP_READY
[ISAACLAB] AppLauncher initialization complete
2026-09-10T16:30:41Z [14,085ms] [Warning] [isaaclab_physx.physics.physx_manager] TGS solver with enable_external_forces_every_iteration=False may cause noisy velocities.
[INFO]: Base environment:
	Environment device    : cuda:0
	Environment seed      : 157
	Physics step-size     : 0.0025
	Rendering step-size   : 0.02
	Environment step-size : 0.02
[INFO]: Registered backend 'physx' for factory Articulation.
[INFO]: Registered backend 'physx' for factory ContactSensor.
[INFO]: Time taken for scene creation Last: 3.823386 s, Mean: 3.823386 s, Std: 0.000000 s, N: 1
[INFO]: Scene manager:  <class InteractiveScene>
	Number of environments: 1024
	Environment spacing   : 2.0
	Source prim name      : /World/envs/env_0
	Global prim paths     : []
	Replicate physics     : True
[INFO]: Starting the simulation. This may take a few seconds. Please wait...
2026-09-10T16:30:48Z [21,102ms] [Warning] [usdrt.population.plugin] Last global time was not created. Did you call setEnableUsdNoticeHandling?
[INFO]: Simulation parameters for joints in /World/envs/env_.*/Robot:
+-------------------------------------------------------------------------------------------------------------------------------------------------------------------+
|                                                 Simulation Joint Information (Prim path: /World/envs/env_.*/Robot)                                                |
+-------+--------------+-----------+---------+----------+-----------------+------------------+------------------+-----------------+-----------------+---------------+
| Index | Name         | Stiffness | Damping | Armature | Static Friction | Dynamic Friction | Viscous Friction | Position Limits | Velocity Limits | Effort Limits |
+-------+--------------+-----------+---------+----------+-----------------+------------------+------------------+-----------------+-----------------+---------------+
|   0   | revolute_1_1 |   0.000   |  0.000  |  0.001   |      0.010      |      0.010       |      0.002       | [-0.873, 0.873] |      55.292     |     5.500     |
|   1   | revolute_1_7 |   0.000   |  0.000  |  0.001   |      0.010      |      0.010       |      0.002       | [-0.873, 0.873] |      55.292     |     5.500     |
|   2   | revolute_2_5 |   0.000   |  0.000  |  0.001   |      0.010      |      0.010       |      0.002       | [-0.873, 0.873] |      55.292     |     5.500     |
|   3   | revolute_3   |   0.000   |  0.000  |  0.001   |      0.010      |      0.010       |      0.002       | [-0.873, 0.873] |      55.292     |     5.500     |
|   4   | revolute_4   |   0.000   |  0.000  |  0.001   |      0.010      |      0.010       |      0.002       | [-0.873, 0.873] |      55.292     |     5.500     |
|   5   | revolute_5   |   0.000   |  0.000  |  0.001   |      0.010      |      0.010       |      0.002       | [-0.873, 0.873] |      55.292     |     5.500     |
|   6   | revolute_1   |   0.000   |  0.000  |  0.001   |      0.010      |      0.010       |      0.002       |  [0.000, 1.745] |      55.292     |     5.500     |
|   7   | revolute_1_6 |   0.000   |  0.000  |  0.001   |      0.010      |      0.010       |      0.002       |  [0.000, 1.745] |      55.292     |     5.500     |
|   8   | revolute_1_5 |   0.000   |  0.000  |  0.001   |      0.010      |      0.010       |      0.002       |  [0.000, 1.745] |      55.292     |     5.500     |
|   9   | revolute_1_3 |   0.000   |  0.000  |  0.001   |      0.010      |      0.010       |      0.002       |  [0.000, 1.745] |      55.292     |     5.500     |
|   10  | revolute_1_4 |   0.000   |  0.000  |  0.001   |      0.010      |      0.010       |      0.002       |  [0.000, 1.745] |      55.292     |     5.500     |
|   11  | revolute_1_2 |   0.000   |  0.000  |  0.001   |      0.010      |      0.010       |      0.002       |  [0.000, 1.745] |      55.292     |     5.500     |
|   12  | revolute_2   |   0.000   |  0.000  |  0.001   |      0.010      |      0.010       |      0.002       |  [0.000, 2.531] |      55.292     |     5.500     |
|   13  | revolute_2_6 |   0.000   |  0.000  |  0.001   |      0.010      |      0.010       |      0.002       |  [0.000, 2.531] |      55.292     |     5.500     |
|   14  | revolute_2_4 |   0.000   |  0.000  |  0.001   |      0.010      |      0.010       |      0.002       |  [0.000, 2.531] |      55.292     |     5.500     |
|   15  | revolute_2_2 |   0.000   |  0.000  |  0.001   |      0.010      |      0.010       |      0.002       |  [0.000, 2.531] |      55.292     |     5.500     |
|   16  | revolute_2_3 |   0.000   |  0.000  |  0.001   |      0.010      |      0.010       |      0.002       |  [0.000, 2.531] |      55.292     |     5.500     |
|   17  | revolute_2_1 |   0.000   |  0.000  |  0.001   |      0.010      |      0.010       |      0.002       |  [0.000, 2.531] |      55.292     |     5.500     |
+-------+--------------+-----------+---------+----------+-----------------+------------------+------------------+-----------------+-----------------+---------------+
[INFO]: Time taken for simulation start Last: 8.671334 s, Mean: 8.671334 s, Std: 0.000000 s, N: 1
[INFO]: Completed setting up the environment...
--------------------------------------------------------------------------------
Resolved observation sets: 
	 actor :  ['policy']
	 critic :  ['critic']
--------------------------------------------------------------------------------
Actor Model: MLPModel(
  (obs_normalizer): EmpiricalNormalization()
  (distribution): GaussianDistribution()
  (mlp): MLP(
    (0): Linear(in_features=315, out_features=256, bias=True)
    (1): ELU(alpha=1.0)
    (2): Linear(in_features=256, out_features=256, bias=True)
    (3): ELU(alpha=1.0)
    (4): Linear(in_features=256, out_features=128, bias=True)
    (5): ELU(alpha=1.0)
    (6): Linear(in_features=128, out_features=18, bias=True)
  )
)
Critic Model: MLPModel(
  (obs_normalizer): EmpiricalNormalization()
  (mlp): MLP(
    (0): Linear(in_features=318, out_features=256, bias=True)
    (1): ELU(alpha=1.0)
    (2): Linear(in_features=256, out_features=256, bias=True)
    (3): ELU(alpha=1.0)
    (4): Linear(in_features=256, out_features=128, bias=True)
    (5): ELU(alpha=1.0)
    (6): Linear(in_features=128, out_features=1, bias=True)
  )
)
Could not find git repository in /workspace/isaaclab/_isaac_sim/kit/python/lib/python3.12/site-packages/rsl_rl/__init__.py. Skipping.
################################################################################
[1m                          Learning iteration 1847/1897                          [0m 

                            Total steps: 24576 
                       Steps per second: 10774 
                        Collection time: 1.967s 
                          Learning time: 0.314s 
                        Mean value loss: 0.2812
                    Mean surrogate loss: 0.0099
                      Mean entropy loss: -15.9047
                Mean caps_temporal loss: 0.3039
                 Mean caps_spatial loss: 0.0023
                Mean caps_weighted loss: 0.0306
     Mean caps_valid_pair_fraction loss: 0.7461
                            Mean reward: 0.40
                    Mean episode length: 11.71
                        Mean action std: 0.10
                   Omni/linear_tracking: 0.6299
                      Omni/yaw_tracking: 0.4582
                   Omni/linear_progress: 0.0490
                      Omni/yaw_progress: 0.0243
                 Omni/vertical_velocity: 0.0085
                   Omni/roll_pitch_rate: 0.0433
                              Omni/tilt: 0.0001
                            Omni/height: 0.0000
                            Omni/torque: 0.4962
                     Omni/torque_excess: 0.0744
               Omni/worst_torque_excess: 0.7529
                        Omni/saturation: 0.1039
                    Omni/positive_power: 2.6312
                       Omni/action_rate: 4.1779
                Omni/joint_acceleration: 64422.1992
                              Omni/slip: 0.0065
                           Omni/nonfoot: 0.0000
                      Omni/joint_limits: 0.0000
                           Omni/airtime: -0.0025
                     Omni/stand_posture: 0.0025
              Omni/stand_joint_velocity: 0.8000
             Omni/stand_target_velocity: 3.2664
                  Omni/stand_raw_action: 0.1754
                      Omni/terminations: 0.0000
--------------------------------------------------------------------------------
                         Iteration time: 2.28s
                           Time elapsed: 00:00:02
                                    ETA: 00:01:51

################################################################################
[1m                          Learning iteration 1848/1897                          [0m 

                            Total steps: 49152 
                       Steps per second: 13011 
                        Collection time: 1.716s 
                          Learning time: 0.173s 
                        Mean value loss: 0.0271
                    Mean surrogate loss: -0.0101
                      Mean entropy loss: -15.9068
                Mean caps_temporal loss: 0.3395
                 Mean caps_spatial loss: 0.0016
                Mean caps_weighted loss: 0.0341
     Mean caps_valid_pair_fraction loss: 0.9487
                            Mean reward: 1.26
                    Mean episode length: 26.12
                        Mean action std: 0.10
                   Omni/linear_tracking: 0.6265
                      Omni/yaw_tracking: 0.5471
                   Omni/linear_progress: 0.0970
                      Omni/yaw_progress: 0.0733
                 Omni/vertical_velocity: 0.0026
                   Omni/roll_pitch_rate: 0.0635
                              Omni/tilt: 0.0003
                            Omni/height: 0.0000
                            Omni/torque: 0.5395
                     Omni/torque_excess: 0.0527
               Omni/worst_torque_excess: 0.6369
                        Omni/saturation: 0.1028
                    Omni/positive_power: 2.6879
                       Omni/action_rate: 5.0296
                Omni/joint_acceleration: 54604.2734
                              Omni/slip: 0.0088
                           Omni/nonfoot: 0.0000
                      Omni/joint_limits: 0.0031
                           Omni/airtime: -0.0072
                     Omni/stand_posture: 0.0096
              Omni/stand_joint_velocity: 0.7199
             Omni/stand_target_velocity: 2.9550
                  Omni/stand_raw_action: 0.3507
                      Omni/terminations: 0.0000
--------------------------------------------------------------------------------
                         Iteration time: 1.89s
                           Time elapsed: 00:00:04
                                    ETA: 00:01:40

################################################################################
[1m                          Learning iteration 1849/1897                          [0m 

                            Total steps: 73728 
                       Steps per second: 12988 
                        Collection time: 1.717s 
                          Learning time: 0.175s 
                        Mean value loss: 0.0291
                    Mean surrogate loss: -0.0090
                      Mean entropy loss: -15.9173
                Mean caps_temporal loss: 0.3223
                 Mean caps_spatial loss: 0.0016
                Mean caps_weighted loss: 0.0324
     Mean caps_valid_pair_fraction loss: 0.9865
                            Mean reward: 1.75
                    Mean episode length: 37.71
                        Mean action std: 0.10
                   Omni/linear_tracking: 0.5772
                      Omni/yaw_tracking: 0.5422
                   Omni/linear_progress: 0.0935
                      Omni/yaw_progress: 0.0993
                 Omni/vertical_velocity: 0.0021
                   Omni/roll_pitch_rate: 0.0735
                              Omni/tilt: 0.0005
                            Omni/height: 0.0000
                            Omni/torque: 0.5388
                     Omni/torque_excess: 0.0503
               Omni/worst_torque_excess: 0.6618
                        Omni/saturation: 0.1073
                    Omni/positive_power: 2.7840
                       Omni/action_rate: 4.9898
                Omni/joint_acceleration: 56764.9922
                              Omni/slip: 0.0084
                           Omni/nonfoot: 0.0000
                      Omni/joint_limits: 0.0059
                           Omni/airtime: -0.0074
                     Omni/stand_posture: 0.0182
              Omni/stand_joint_velocity: 0.7275
             Omni/stand_target_velocity: 2.8333
                  Omni/stand_raw_action: 0.4128
                      Omni/terminations: 0.0000
--------------------------------------------------------------------------------
                         Iteration time: 1.89s
                           Time elapsed: 00:00:06
                                    ETA: 00:01:34

################################################################################
[1m                          Learning iteration 1850/1897                          [0m 

                            Total steps: 98304 
                       Steps per second: 13099 
                        Collection time: 1.699s 
                          Learning time: 0.178s 
                        Mean value loss: 0.0261
                    Mean surrogate loss: -0.0105
                      Mean entropy loss: -15.9238
                Mean caps_temporal loss: 0.3158
                 Mean caps_spatial loss: 0.0016
                Mean caps_weighted loss: 0.0317
     Mean caps_valid_pair_fraction loss: 0.9913
                            Mean reward: 2.36
                    Mean episode length: 54.43
                        Mean action std: 0.10
                   Omni/linear_tracking: 0.5792
                      Omni/yaw_tracking: 0.5538
                   Omni/linear_progress: 0.1062
                      Omni/yaw_progress: 0.0309
                 Omni/vertical_velocity: 0.0019
                   Omni/roll_pitch_rate: 0.0764
                              Omni/tilt: 0.0006
                            Omni/height: 0.0000
                            Omni/torque: 0.5410
                     Omni/torque_excess: 0.0470
               Omni/worst_torque_excess: 0.6286
                        Omni/saturation: 0.1069
                    Omni/positive_power: 2.7618
                       Omni/action_rate: 4.9446
                Omni/joint_acceleration: 56457.1367
                              Omni/slip: 0.0090
                           Omni/nonfoot: 0.0000
                      Omni/joint_limits: 0.0092
                           Omni/airtime: -0.0036
                     Omni/stand_posture: 0.0291
              Omni/stand_joint_velocity: 0.8388
             Omni/stand_target_velocity: 3.1920
                  Omni/stand_raw_action: 0.5064
                      Omni/terminations: 0.0000
--------------------------------------------------------------------------------
                         Iteration time: 1.88s
                           Time elapsed: 00:00:07
                                    ETA: 00:01:31

################################################################################
[1m                          Learning iteration 1851/1897                          [0m 

                            Total steps: 122880 
                       Steps per second: 13219 
                        Collection time: 1.683s 
                          Learning time: 0.176s 
                        Mean value loss: 0.0247
                    Mean surrogate loss: -0.0091
                      Mean entropy loss: -15.9305
                Mean caps_temporal loss: 0.3136
                 Mean caps_spatial loss: 0.0016
                Mean caps_weighted loss: 0.0315
     Mean caps_valid_pair_fraction loss: 0.9954
                            Mean reward: 3.22
                    Mean episode length: 72.64
                        Mean action std: 0.10
                   Omni/linear_tracking: 0.5905
                      Omni/yaw_tracking: 0.5687
                   Omni/linear_progress: 0.1491
                      Omni/yaw_progress: 0.0287
                 Omni/vertical_velocity: 0.0019
                   Omni/roll_pitch_rate: 0.0727
                              Omni/tilt: 0.0006
                            Omni/height: 0.0000
                            Omni/torque: 0.5353
                     Omni/torque_excess: 0.0490
               Omni/worst_torque_excess: 0.6266
                        Omni/saturation: 0.1040
                    Omni/positive_power: 2.7753
                       Omni/action_rate: 4.8393
                Omni/joint_acceleration: 57189.4375
                              Omni/slip: 0.0095
                           Omni/nonfoot: 0.0000
                      Omni/joint_limits: 0.0161
                           Omni/airtime: -0.0029
                     Omni/stand_posture: 0.0307
              Omni/stand_joint_velocity: 0.7926
             Omni/stand_target_velocity: 2.9509
                  Omni/stand_raw_action: 0.4811
                      Omni/terminations: 0.0000
--------------------------------------------------------------------------------
                         Iteration time: 1.86s
                           Time elapsed: 00:00:09
                                    ETA: 00:01:28

################################################################################
[1m                          Learning iteration 1852/1897                          [0m 

                            Total steps: 147456 
                       Steps per second: 13250 
                        Collection time: 1.683s 
                          Learning time: 0.172s 
                        Mean value loss: 0.0219
                    Mean surrogate loss: -0.0062
                      Mean entropy loss: -15.9443
                Mean caps_temporal loss: 0.3154
                 Mean caps_spatial loss: 0.0016
                Mean caps_weighted loss: 0.0317
     Mean caps_valid_pair_fraction loss: 0.9944
                            Mean reward: 3.83
                    Mean episode length: 97.08
                        Mean action std: 0.10
                   Omni/linear_tracking: 0.5225
                      Omni/yaw_tracking: 0.5592
                   Omni/linear_progress: 0.0629
                      Omni/yaw_progress: 0.0288
                 Omni/vertical_velocity: 0.0018
                   Omni/roll_pitch_rate: 0.0849
                              Omni/tilt: 0.0006
                            Omni/height: 0.0000
                            Omni/torque: 0.5324
                     Omni/torque_excess: 0.0490
               Omni/worst_torque_excess: 0.6464
                        Omni/saturation: 0.1057
                    Omni/positive_power: 2.7752
                       Omni/action_rate: 4.8488
                Omni/joint_acceleration: 58061.0547
                              Omni/slip: 0.0075
                           Omni/nonfoot: 0.0000
                      Omni/joint_limits: 0.0155
                           Omni/airtime: -0.0009
                     Omni/stand_posture: 0.0383
              Omni/stand_joint_velocity: 0.9081
             Omni/stand_target_velocity: 3.3831
                  Omni/stand_raw_action: 0.5628
                      Omni/terminations: 0.0000
--------------------------------------------------------------------------------
                         Iteration time: 1.85s
                           Time elapsed: 00:00:11
                                    ETA: 00:01:25

################################################################################
[1m                          Learning iteration 1853/1897                          [0m 

                            Total steps: 172032 
                       Steps per second: 13177 
                        Collection time: 1.689s 
                          Learning time: 0.176s 
                        Mean value loss: 0.0251
                    Mean surrogate loss: -0.0095
                      Mean entropy loss: -15.9658
                Mean caps_temporal loss: 0.3153
                 Mean caps_spatial loss: 0.0016
                Mean caps_weighted loss: 0.0317
     Mean caps_valid_pair_fraction loss: 0.9939
                            Mean reward: 4.56
                    Mean episode length: 118.54
                        Mean action std: 0.10
                   Omni/linear_tracking: 0.5328
                      Omni/yaw_tracking: 0.5675
                   Omni/linear_progress: 0.1057
                      Omni/yaw_progress: 0.1478
                 Omni/vertical_velocity: 0.0017
                   Omni/roll_pitch_rate: 0.0803
                              Omni/tilt: 0.0008
                            Omni/height: 0.0000
                            Omni/torque: 0.5304
                     Omni/torque_excess: 0.0470
               Omni/worst_torque_excess: 0.6371
                        Omni/saturation: 0.1047
                    Omni/positive_power: 2.8026
                       Omni/action_rate: 4.6823
                Omni/joint_acceleration: 57276.5078
                              Omni/slip: 0.0097
                           Omni/nonfoot: 0.0000
                      Omni/joint_limits: 0.0197
                           Omni/airtime: -0.0027
                     Omni/stand_posture: 0.0328
              Omni/stand_joint_velocity: 0.7311
             Omni/stand_target_velocity: 2.7303
                  Omni/stand_raw_action: 0.4624
                      Omni/terminations: 0.0000
--------------------------------------------------------------------------------
                         Iteration time: 1.86s
                           Time elapsed: 00:00:13
                                    ETA: 00:01:23

################################################################################
[1m                          Learning iteration 1854/1897                          [0m 

                            Total steps: 196608 
                       Steps per second: 13073 
                        Collection time: 1.704s 
                          Learning time: 0.176s 
                        Mean value loss: 0.0227
                    Mean surrogate loss: -0.0088
                      Mean entropy loss: -15.9781
                Mean caps_temporal loss: 0.3164
                 Mean caps_spatial loss: 0.0016
                Mean caps_weighted loss: 0.0318
     Mean caps_valid_pair_fraction loss: 0.9942
                            Mean reward: 5.32
                    Mean episode length: 137.63
                        Mean action std: 0.10
                   Omni/linear_tracking: 0.5669
                      Omni/yaw_tracking: 0.5422
                   Omni/linear_progress: 0.1743
                      Omni/yaw_progress: 0.0541
                 Omni/vertical_velocity: 0.0016
                   Omni/roll_pitch_rate: 0.0858
                              Omni/tilt: 0.0006
                            Omni/height: 0.0000
                            Omni/torque: 0.5244
                     Omni/torque_excess: 0.0459
               Omni/worst_torque_excess: 0.6246
                        Omni/saturation: 0.1021
                    Omni/positive_power: 2.8566
                       Omni/action_rate: 4.7037
                Omni/joint_acceleration: 56801.3555
                              Omni/slip: 0.0082
                           Omni/nonfoot: 0.0000
                      Omni/joint_limits: 0.0203
                           Omni/airtime: -0.0024
                     Omni/stand_posture: 0.0336
              Omni/stand_joint_velocity: 0.7245
             Omni/stand_target_velocity: 2.7105
                  Omni/stand_raw_action: 0.4633
                      Omni/terminations: 0.0000
--------------------------------------------------------------------------------
                         Iteration time: 1.88s
                           Time elapsed: 00:00:15
                                    ETA: 00:01:20

################################################################################
[1m                          Learning iteration 1855/1897                          [0m 

                            Total steps: 221184 
                       Steps per second: 12759 
                        Collection time: 1.751s 
                          Learning time: 0.175s 
                        Mean value loss: 0.8664
                    Mean surrogate loss: -0.0050
                      Mean entropy loss: -15.9897
                Mean caps_temporal loss: 0.3142
                 Mean caps_spatial loss: 0.0016
                Mean caps_weighted loss: 0.0316
     Mean caps_valid_pair_fraction loss: 0.7400
                            Mean reward: 6.50
                    Mean episode length: 162.94
                        Mean action std: 0.10
                   Omni/linear_tracking: 0.5714
                      Omni/yaw_tracking: 0.5475
                   Omni/linear_progress: 0.1807
                      Omni/yaw_progress: 0.0788
                 Omni/vertical_velocity: 0.0018
                   Omni/roll_pitch_rate: 0.0839
                              Omni/tilt: 0.0007
                            Omni/height: 0.0000
                            Omni/torque: 0.5283
                     Omni/torque_excess: 0.0462
               Omni/worst_torque_excess: 0.6298
                        Omni/saturation: 0.1033
                    Omni/positive_power: 2.9306
                       Omni/action_rate: 4.6747
                Omni/joint_acceleration: 57821.0938
                              Omni/slip: 0.0082
                           Omni/nonfoot: 0.0000
                      Omni/joint_limits: 0.0234
                           Omni/airtime: -0.0022
                     Omni/stand_posture: 0.0339
              Omni/stand_joint_velocity: 0.7134
             Omni/stand_target_velocity: 2.6432
                  Omni/stand_raw_action: 0.4538
                      Omni/terminations: 0.0000
--------------------------------------------------------------------------------
                         Iteration time: 1.93s
                           Time elapsed: 00:00:17
                                    ETA: 00:01:18

################################################################################
[1m                          Learning iteration 1856/1897                          [0m 

                            Total steps: 245760 
                       Steps per second: 13024 
                        Collection time: 1.719s 
                          Learning time: 0.168s 
                        Mean value loss: 0.1757
                    Mean surrogate loss: -0.0094
                      Mean entropy loss: -15.9918
                Mean caps_temporal loss: 0.3136
                 Mean caps_spatial loss: 0.0016
                Mean caps_weighted loss: 0.0315
     Mean caps_valid_pair_fraction loss: 0.8332
                            Mean reward: 7.45
                    Mean episode length: 188.30
                        Mean action std: 0.10
                   Omni/linear_tracking: 0.5424
                      Omni/yaw_tracking: 0.5757
                   Omni/linear_progress: 0.0887
                      Omni/yaw_progress: 0.0568
                 Omni/vertical_velocity: 0.0016
                   Omni/roll_pitch_rate: 0.0843
                              Omni/tilt: 0.0007
                            Omni/height: 0.0000
                            Omni/torque: 0.5279
                     Omni/torque_excess: 0.0441
               Omni/worst_torque_excess: 0.6094
                        Omni/saturation: 0.1049
                    Omni/positive_power: 2.8018
                       Omni/action_rate: 4.6963
                Omni/joint_acceleration: 57280.6719
                              Omni/slip: 0.0071
                           Omni/nonfoot: 0.0000
                      Omni/joint_limits: 0.0220
                           Omni/airtime: -0.0008
                     Omni/stand_posture: 0.0409
              Omni/stand_joint_velocity: 0.8450
             Omni/stand_target_velocity: 3.1467
                  Omni/stand_raw_action: 0.5439
                      Omni/terminations: 0.0000
--------------------------------------------------------------------------------
                         Iteration time: 1.89s
                           Time elapsed: 00:00:19
                                    ETA: 00:01:16

################################################################################
[1m                          Learning iteration 1857/1897                          [0m 

                            Total steps: 270336 
                       Steps per second: 13787 
                        Collection time: 1.614s 
                          Learning time: 0.168s 
                        Mean value loss: 0.0512
                    Mean surrogate loss: -0.0063
                      Mean entropy loss: -15.9917
                Mean caps_temporal loss: 0.3161
                 Mean caps_spatial loss: 0.0016
                Mean caps_weighted loss: 0.0318
     Mean caps_valid_pair_fraction loss: 0.9785
                            Mean reward: 8.45
                    Mean episode length: 210.13
                        Mean action std: 0.10
                   Omni/linear_tracking: 0.5548
                      Omni/yaw_tracking: 0.5728
                   Omni/linear_progress: 0.1395
                      Omni/yaw_progress: 0.0437
                 Omni/vertical_velocity: 0.0016
                   Omni/roll_pitch_rate: 0.0835
                              Omni/tilt: 0.0007
                            Omni/height: 0.0000
                            Omni/torque: 0.5289
                     Omni/torque_excess: 0.0446
               Omni/worst_torque_excess: 0.6231
                        Omni/saturation: 0.1058
                    Omni/positive_power: 2.8640
                       Omni/action_rate: 4.6646
                Omni/joint_acceleration: 57495.6016
                              Omni/slip: 0.0085
                           Omni/nonfoot: 0.0000
                      Omni/joint_limits: 0.0217
                           Omni/airtime: -0.0015
                     Omni/stand_posture: 0.0387
              Omni/stand_joint_velocity: 0.7728
             Omni/stand_target_velocity: 2.8584
                  Omni/stand_raw_action: 0.5007
                      Omni/terminations: 0.0000
--------------------------------------------------------------------------------
                         Iteration time: 1.78s
                           Time elapsed: 00:00:20
                                    ETA: 00:01:14

################################################################################
[1m                          Learning iteration 1858/1897                          [0m 

                            Total steps: 294912 
                       Steps per second: 13335 
                        Collection time: 1.674s 
                          Learning time: 0.169s 
                        Mean value loss: 0.0724
                    Mean surrogate loss: -0.0073
                      Mean entropy loss: -15.9972
                Mean caps_temporal loss: 0.3151
                 Mean caps_spatial loss: 0.0016
                Mean caps_weighted loss: 0.0317
     Mean caps_valid_pair_fraction loss: 0.9764
                            Mean reward: 9.41
                    Mean episode length: 237.19
                        Mean action std: 0.10
                   Omni/linear_tracking: 0.5498
                      Omni/yaw_tracking: 0.5734
                   Omni/linear_progress: 0.1312
                      Omni/yaw_progress: 0.1333
                 Omni/vertical_velocity: 0.0016
                   Omni/roll_pitch_rate: 0.0855
                              Omni/tilt: 0.0006
                            Omni/height: 0.0000
                            Omni/torque: 0.5277
                     Omni/torque_excess: 0.0449
               Omni/worst_torque_excess: 0.6206
                        Omni/saturation: 0.1042
                    Omni/positive_power: 2.8504
                       Omni/action_rate: 4.7611
                Omni/joint_acceleration: 57705.0703
                              Omni/slip: 0.0075
                           Omni/nonfoot: 0.0000
                      Omni/joint_limits: 0.0211
                           Omni/airtime: -0.0016
                     Omni/stand_posture: 0.0379
              Omni/stand_joint_velocity: 0.7642
             Omni/stand_target_velocity: 2.8168
                  Omni/stand_raw_action: 0.4937
                      Omni/terminations: 0.0000
--------------------------------------------------------------------------------
                         Iteration time: 1.84s
                           Time elapsed: 00:00:22
                                    ETA: 00:01:12

################################################################################
[1m                          Learning iteration 1859/1897                          [0m 

                            Total steps: 319488 
                       Steps per second: 13556 
                        Collection time: 1.643s 
                          Learning time: 0.170s 
                        Mean value loss: 0.0556
                    Mean surrogate loss: -0.0082
                      Mean entropy loss: -16.0092
                Mean caps_temporal loss: 0.3169
                 Mean caps_spatial loss: 0.0016
                Mean caps_weighted loss: 0.0319
     Mean caps_valid_pair_fraction loss: 0.9810
                            Mean reward: 10.09
                    Mean episode length: 258.38
                        Mean action std: 0.10
                   Omni/linear_tracking: 0.5553
                      Omni/yaw_tracking: 0.5689
                   Omni/linear_progress: 0.1657
                      Omni/yaw_progress: 0.0841
                 Omni/vertical_velocity: 0.0016
                   Omni/roll_pitch_rate: 0.0846
                              Omni/tilt: 0.0008
                            Omni/height: 0.0000
                            Omni/torque: 0.5348
                     Omni/torque_excess: 0.0452
               Omni/worst_torque_excess: 0.6125
                        Omni/saturation: 0.1051
                    Omni/positive_power: 2.9085
                       Omni/action_rate: 4.8027
                Omni/joint_acceleration: 57634.2344
                              Omni/slip: 0.0083
                           Omni/nonfoot: 0.0000
                      Omni/joint_limits: 0.0188
                           Omni/airtime: -0.0008
                     Omni/stand_posture: 0.0367
              Omni/stand_joint_velocity: 0.7469
             Omni/stand_target_velocity: 2.7674
                  Omni/stand_raw_action: 0.4818
                      Omni/terminations: 0.0000
--------------------------------------------------------------------------------
                         Iteration time: 1.81s
                           Time elapsed: 00:00:24
                                    ETA: 00:01:10

################################################################################
[1m                          Learning iteration 1860/1897                          [0m 

                            Total steps: 344064 
                       Steps per second: 12991 
                        Collection time: 1.724s 
                          Learning time: 0.167s 
                        Mean value loss: 0.0343
                    Mean surrogate loss: -0.0087
                      Mean entropy loss: -16.0245
                Mean caps_temporal loss: 0.3161
                 Mean caps_spatial loss: 0.0016
                Mean caps_weighted loss: 0.0318
     Mean caps_valid_pair_fraction loss: 0.9869
                            Mean reward: 11.35
                    Mean episode length: 278.65
                        Mean action std: 0.10
                   Omni/linear_tracking: 0.5492
                      Omni/yaw_tracking: 0.5880
                   Omni/linear_progress: 0.1865
                      Omni/yaw_progress: 0.1847
                 Omni/vertical_velocity: 0.0015
                   Omni/roll_pitch_rate: 0.0877
                              Omni/tilt: 0.0009
                            Omni/height: 0.0000
                            Omni/torque: 0.5318
                     Omni/torque_excess: 0.0542
               Omni/worst_torque_excess: 0.6750
                        Omni/saturation: 0.1041
                    Omni/positive_power: 3.0097
                       Omni/action_rate: 4.5748
                Omni/joint_acceleration: 57177.6719
                              Omni/slip: 0.0112
                           Omni/nonfoot: 0.0000
                      Omni/joint_limits: 0.0249
                           Omni/airtime: -0.0021
                     Omni/stand_posture: 0.0307
              Omni/stand_joint_velocity: 0.6014
             Omni/stand_target_velocity: 2.2086
                  Omni/stand_raw_action: 0.3902
                      Omni/terminations: 0.0000
--------------------------------------------------------------------------------
                         Iteration time: 1.89s
                           Time elapsed: 00:00:26
                                    ETA: 00:01:08

################################################################################
[1m                          Learning iteration 1861/1897                          [0m 

                            Total steps: 368640 
                       Steps per second: 12698 
                        Collection time: 1.756s 
                          Learning time: 0.180s 
                        Mean value loss: 0.0662
                    Mean surrogate loss: -0.0076
                      Mean entropy loss: -16.0352
                Mean caps_temporal loss: 0.3163
                 Mean caps_spatial loss: 0.0016
                Mean caps_weighted loss: 0.0318
     Mean caps_valid_pair_fraction loss: 0.9845
                            Mean reward: 12.45
                    Mean episode length: 303.71
                        Mean action std: 0.10
                   Omni/linear_tracking: 0.5554
                      Omni/yaw_tracking: 0.5638
                   Omni/linear_progress: 0.1564
                      Omni/yaw_progress: 0.0239
                 Omni/vertical_velocity: 0.0016
                   Omni/roll_pitch_rate: 0.0852
                              Omni/tilt: 0.0008
                            Omni/height: 0.0000
                            Omni/torque: 0.5319
                     Omni/torque_excess: 0.0441
               Omni/worst_torque_excess: 0.6127
                        Omni/saturation: 0.1051
                    Omni/positive_power: 2.9133
                       Omni/action_rate: 4.7178
                Omni/joint_acceleration: 57491.1484
                              Omni/slip: 0.0092
                           Omni/nonfoot: 0.0000
                      Omni/joint_limits: 0.0222
                           Omni/airtime: -0.0010
                     Omni/stand_posture: 0.0401
              Omni/stand_joint_velocity: 0.7766
             Omni/stand_target_velocity: 2.8866
                  Omni/stand_raw_action: 0.5089
                      Omni/terminations: 0.0000
--------------------------------------------------------------------------------
                         Iteration time: 1.94s
                           Time elapsed: 00:00:28
                                    ETA: 00:01:06

################################################################################
[1m                          Learning iteration 1862/1897                          [0m 

                            Total steps: 393216 
                       Steps per second: 12921 
                        Collection time: 1.724s 
                          Learning time: 0.178s 
                        Mean value loss: 0.0425
                    Mean surrogate loss: -0.0100
                      Mean entropy loss: -16.0469
                Mean caps_temporal loss: 0.3162
                 Mean caps_spatial loss: 0.0016
                Mean caps_weighted loss: 0.0318
     Mean caps_valid_pair_fraction loss: 0.9801
                            Mean reward: 13.58
                    Mean episode length: 337.98
                        Mean action std: 0.10
                   Omni/linear_tracking: 0.5529
                      Omni/yaw_tracking: 0.5701
                   Omni/linear_progress: 0.1578
                      Omni/yaw_progress: 0.0587
                 Omni/vertical_velocity: 0.0016
                   Omni/roll_pitch_rate: 0.0877
                              Omni/tilt: 0.0009
                            Omni/height: 0.0000
                            Omni/torque: 0.5296
                     Omni/torque_excess: 0.0441
               Omni/worst_torque_excess: 0.6164
                        Omni/saturation: 0.1045
                    Omni/positive_power: 2.8631
                       Omni/action_rate: 4.7493
                Omni/joint_acceleration: 57559.4805
                              Omni/slip: 0.0073
                           Omni/nonfoot: 0.0000
                      Omni/joint_limits: 0.0198
                           Omni/airtime: -0.0015
                     Omni/stand_posture: 0.0391
              Omni/stand_joint_velocity: 0.7460
             Omni/stand_target_velocity: 2.7540
                  Omni/stand_raw_action: 0.4904
                      Omni/terminations: 0.0000
--------------------------------------------------------------------------------
                         Iteration time: 1.90s
                           Time elapsed: 00:00:30
                                    ETA: 00:01:04

################################################################################
[1m                          Learning iteration 1863/1897                          [0m 

                            Total steps: 417792 
                       Steps per second: 13038 
                        Collection time: 1.712s 
                          Learning time: 0.173s 
                        Mean value loss: 0.8443
                    Mean surrogate loss: -0.0055
                      Mean entropy loss: -16.0595
                Mean caps_temporal loss: 0.3145
                 Mean caps_spatial loss: 0.0016
                Mean caps_weighted loss: 0.0316
     Mean caps_valid_pair_fraction loss: 0.9313
                            Mean reward: 14.58
                    Mean episode length: 362.24
                        Mean action std: 0.10
                   Omni/linear_tracking: 0.5449
                      Omni/yaw_tracking: 0.5777
                   Omni/linear_progress: 0.1052
                      Omni/yaw_progress: 0.1519
                 Omni/vertical_velocity: 0.0016
                   Omni/roll_pitch_rate: 0.0843
                              Omni/tilt: 0.0008
                            Omni/height: 0.0000
                            Omni/torque: 0.5274
                     Omni/torque_excess: 0.0441
               Omni/worst_torque_excess: 0.6111
                        Omni/saturation: 0.1031
                    Omni/positive_power: 2.8538
                       Omni/action_rate: 4.6572
                Omni/joint_acceleration: 57403.3594
                              Omni/slip: 0.0075
                           Omni/nonfoot: 0.0000
                      Omni/joint_limits: 0.0235
                           Omni/airtime: -0.0014
                     Omni/stand_posture: 0.0387
              Omni/stand_joint_velocity: 0.7335
             Omni/stand_target_velocity: 2.7113
                  Omni/stand_raw_action: 0.4834
                      Omni/terminations: 0.0000
--------------------------------------------------------------------------------
                         Iteration time: 1.88s
                           Time elapsed: 00:00:32
                                    ETA: 00:01:02

################################################################################
[1m                          Learning iteration 1864/1897                          [0m 

                            Total steps: 442368 
                       Steps per second: 12989 
                        Collection time: 1.713s 
                          Learning time: 0.178s 
                        Mean value loss: 0.0966
                    Mean surrogate loss: -0.0061
                      Mean entropy loss: -16.0658
                Mean caps_temporal loss: 0.3167
                 Mean caps_spatial loss: 0.0016
                Mean caps_weighted loss: 0.0318
     Mean caps_valid_pair_fraction loss: 0.8771
                            Mean reward: 14.87
                    Mean episode length: 381.84
                        Mean action std: 0.10
                   Omni/linear_tracking: 0.5577
                      Omni/yaw_tracking: 0.5576
                   Omni/linear_progress: 0.1660
                      Omni/yaw_progress: 0.0479
                 Omni/vertical_velocity: 0.0015
                   Omni/roll_pitch_rate: 0.0857
                              Omni/tilt: 0.0008
                            Omni/height: 0.0000
                            Omni/torque: 0.5213
                     Omni/torque_excess: 0.0447
               Omni/worst_torque_excess: 0.6138
                        Omni/saturation: 0.1007
                    Omni/positive_power: 2.9327
                       Omni/action_rate: 4.6172
                Omni/joint_acceleration: 57515.7500
                              Omni/slip: 0.0097
                           Omni/nonfoot: 0.0000
                      Omni/joint_limits: 0.0249
                           Omni/airtime: -0.0014
                     Omni/stand_posture: 0.0371
              Omni/stand_joint_velocity: 0.7123
             Omni/stand_target_velocity: 2.6410
                  Omni/stand_raw_action: 0.4690
                      Omni/terminations: 0.0000
--------------------------------------------------------------------------------
                         Iteration time: 1.89s
                           Time elapsed: 00:00:34
                                    ETA: 00:01:00

################################################################################
[1m                          Learning iteration 1865/1897                          [0m 

                            Total steps: 466944 
                       Steps per second: 13043 
                        Collection time: 1.703s 
                          Learning time: 0.181s 
                        Mean value loss: 0.0598
                    Mean surrogate loss: -0.0095
                      Mean entropy loss: -16.0766
                Mean caps_temporal loss: 0.3169
                 Mean caps_spatial loss: 0.0016
                Mean caps_weighted loss: 0.0318
     Mean caps_valid_pair_fraction loss: 0.9716
                            Mean reward: 16.74
                    Mean episode length: 409.79
                        Mean action std: 0.10
                   Omni/linear_tracking: 0.5808
                      Omni/yaw_tracking: 0.5665
                   Omni/linear_progress: 0.2569
                      Omni/yaw_progress: 0.1276
                 Omni/vertical_velocity: 0.0016
                   Omni/roll_pitch_rate: 0.0851
                              Omni/tilt: 0.0009
                            Omni/height: 0.0000
                            Omni/torque: 0.5291
                     Omni/torque_excess: 0.0453
               Omni/worst_torque_excess: 0.6238
                        Omni/saturation: 0.1029
                    Omni/positive_power: 3.0260
                       Omni/action_rate: 4.6112
                Omni/joint_acceleration: 56851.0234
                              Omni/slip: 0.0088
                           Omni/nonfoot: 0.0000
                      Omni/joint_limits: 0.0237
                           Omni/airtime: -0.0033
                     Omni/stand_posture: 0.0317
              Omni/stand_joint_velocity: 0.5964
             Omni/stand_target_velocity: 2.2105
                  Omni/stand_raw_action: 0.3935
                      Omni/terminations: 0.0000
--------------------------------------------------------------------------------
                         Iteration time: 1.88s
                           Time elapsed: 00:00:36
                                    ETA: 00:00:58

################################################################################
[1m                          Learning iteration 1866/1897                          [0m 

                            Total steps: 491520 
                       Steps per second: 12716 
                        Collection time: 1.758s 
                          Learning time: 0.175s 
                        Mean value loss: 0.1114
                    Mean surrogate loss: -0.0070
                      Mean entropy loss: -16.0834
                Mean caps_temporal loss: 0.3157
                 Mean caps_spatial loss: 0.0016
                Mean caps_weighted loss: 0.0317
     Mean caps_valid_pair_fraction loss: 0.9775
                            Mean reward: 18.62
                    Mean episode length: 438.19
                        Mean action std: 0.10
                   Omni/linear_tracking: 0.5581
                      Omni/yaw_tracking: 0.5591
                   Omni/linear_progress: 0.1782
                      Omni/yaw_progress: 0.0739
                 Omni/vertical_velocity: 0.0015
                   Omni/roll_pitch_rate: 0.0877
                              Omni/tilt: 0.0008
                            Omni/height: 0.0000
                            Omni/torque: 0.5275
                     Omni/torque_excess: 0.0490
               Omni/worst_torque_excess: 0.6331
                        Omni/saturation: 0.1037
                    Omni/positive_power: 2.9208
                       Omni/action_rate: 4.6473
                Omni/joint_acceleration: 57540.7305
                              Omni/slip: 0.0093
                           Omni/nonfoot: 0.0000
                      Omni/joint_limits: 0.0231
                           Omni/airtime: -0.0036
                     Omni/stand_posture: 0.0374
              Omni/stand_joint_velocity: 0.7007
             Omni/stand_target_velocity: 2.5773
                  Omni/stand_raw_action: 0.4621
                      Omni/terminations: 0.0417
--------------------------------------------------------------------------------
                         Iteration time: 1.93s
                           Time elapsed: 00:00:37
                                    ETA: 00:00:56

################################################################################
[1m                          Learning iteration 1867/1897                          [0m 

                            Total steps: 516096 
                       Steps per second: 13025 
                        Collection time: 1.714s 
                          Learning time: 0.173s 
                        Mean value loss: 0.0751
                    Mean surrogate loss: -0.0079
                      Mean entropy loss: -16.0909
                Mean caps_temporal loss: 0.3167
                 Mean caps_spatial loss: 0.0016
                Mean caps_weighted loss: 0.0318
     Mean caps_valid_pair_fraction loss: 0.9736
                            Mean reward: 19.34
                    Mean episode length: 459.49
                        Mean action std: 0.10
                   Omni/linear_tracking: 0.5372
                      Omni/yaw_tracking: 0.5775
                   Omni/linear_progress: 0.0947
                      Omni/yaw_progress: 0.0467
                 Omni/vertical_velocity: 0.0015
                   Omni/roll_pitch_rate: 0.0856
                              Omni/tilt: 0.0008
                            Omni/height: 0.0000
                            Omni/torque: 0.5307
                     Omni/torque_excess: 0.0442
               Omni/worst_torque_excess: 0.6159
                        Omni/saturation: 0.1057
                    Omni/positive_power: 2.8112
                       Omni/action_rate: 4.7509
                Omni/joint_acceleration: 57863.6328
                              Omni/slip: 0.0073
                           Omni/nonfoot: 0.0000
                      Omni/joint_limits: 0.0205
                           Omni/airtime: -0.0020
                     Omni/stand_posture: 0.0445
              Omni/stand_joint_velocity: 0.8277
             Omni/stand_target_velocity: 3.0509
                  Omni/stand_raw_action: 0.5488
                      Omni/terminations: 0.0000
--------------------------------------------------------------------------------
                         Iteration time: 1.89s
                           Time elapsed: 00:00:39
                                    ETA: 00:00:55

################################################################################
[1m                          Learning iteration 1868/1897                          [0m 

                            Total steps: 540672 
                       Steps per second: 12841 
                        Collection time: 1.733s 
                          Learning time: 0.181s 
                        Mean value loss: 0.0954
                    Mean surrogate loss: -0.0075
                      Mean entropy loss: -16.1017
                Mean caps_temporal loss: 0.3162
                 Mean caps_spatial loss: 0.0015
                Mean caps_weighted loss: 0.0318
     Mean caps_valid_pair_fraction loss: 0.9781
                            Mean reward: 20.73
                    Mean episode length: 478.05
                        Mean action std: 0.10
                   Omni/linear_tracking: 0.5498
                      Omni/yaw_tracking: 0.5795
                   Omni/linear_progress: 0.1631
                      Omni/yaw_progress: 0.1351
                 Omni/vertical_velocity: 0.0015
                   Omni/roll_pitch_rate: 0.0866
                              Omni/tilt: 0.0009
                            Omni/height: 0.0000
                            Omni/torque: 0.5321
                     Omni/torque_excess: 0.0453
               Omni/worst_torque_excess: 0.6253
                        Omni/saturation: 0.1050
                    Omni/positive_power: 2.9299
                       Omni/action_rate: 4.6337
                Omni/joint_acceleration: 57459.7656
                              Omni/slip: 0.0084
                           Omni/nonfoot: 0.0000
                      Omni/joint_limits: 0.0237
                           Omni/airtime: -0.0060
                     Omni/stand_posture: 0.0353
              Omni/stand_joint_velocity: 0.6605
             Omni/stand_target_velocity: 2.4314
                  Omni/stand_raw_action: 0.4337
                      Omni/terminations: 0.0000
--------------------------------------------------------------------------------
                         Iteration time: 1.91s
                           Time elapsed: 00:00:41
                                    ETA: 00:00:53

################################################################################
[1m                          Learning iteration 1869/1897                          [0m 

                            Total steps: 565248 
                       Steps per second: 12227 
                        Collection time: 1.832s 
                          Learning time: 0.178s 
                        Mean value loss: 0.0882
                    Mean surrogate loss: -0.0067
                      Mean entropy loss: -16.1050
                Mean caps_temporal loss: 0.3159
                 Mean caps_spatial loss: 0.0015
                Mean caps_weighted loss: 0.0317
     Mean caps_valid_pair_fraction loss: 0.9760
                            Mean reward: 21.69
                    Mean episode length: 503.89
                        Mean action std: 0.10
                   Omni/linear_tracking: 0.5703
                      Omni/yaw_tracking: 0.5697
                   Omni/linear_progress: 0.2415
                      Omni/yaw_progress: 0.0709
                 Omni/vertical_velocity: 0.0015
                   Omni/roll_pitch_rate: 0.0877
                              Omni/tilt: 0.0009
                            Omni/height: 0.0000
                            Omni/torque: 0.5291
                     Omni/torque_excess: 0.0453
               Omni/worst_torque_excess: 0.6249
                        Omni/saturation: 0.1038
                    Omni/positive_power: 2.9258
                       Omni/action_rate: 4.6640
                Omni/joint_acceleration: 57154.2812
                              Omni/slip: 0.0079
                           Omni/nonfoot: 0.0000
                      Omni/joint_limits: 0.0228
                           Omni/airtime: -0.0071
                     Omni/stand_posture: 0.0350
              Omni/stand_joint_velocity: 0.6534
             Omni/stand_target_velocity: 2.4090
                  Omni/stand_raw_action: 0.4305
                      Omni/terminations: 0.0000
--------------------------------------------------------------------------------
                         Iteration time: 2.01s
                           Time elapsed: 00:00:43
                                    ETA: 00:00:51

################################################################################
[1m                          Learning iteration 1870/1897                          [0m 

                            Total steps: 589824 
                       Steps per second: 12146 
                        Collection time: 1.855s 
                          Learning time: 0.168s 
                        Mean value loss: 0.0769
                    Mean surrogate loss: -0.0063
                      Mean entropy loss: -16.1096
                Mean caps_temporal loss: 0.3148
                 Mean caps_spatial loss: 0.0016
                Mean caps_weighted loss: 0.0316
     Mean caps_valid_pair_fraction loss: 0.9764
                            Mean reward: 23.69
                    Mean episode length: 527.63
                        Mean action std: 0.10
                   Omni/linear_tracking: 0.5860
                      Omni/yaw_tracking: 0.5665
                   Omni/linear_progress: 0.2473
                      Omni/yaw_progress: 0.0906
                 Omni/vertical_velocity: 0.0015
                   Omni/roll_pitch_rate: 0.0866
                              Omni/tilt: 0.0008
                            Omni/height: 0.0000
                            Omni/torque: 0.5230
                     Omni/torque_excess: 0.0453
               Omni/worst_torque_excess: 0.6109
                        Omni/saturation: 0.1018
                    Omni/positive_power: 2.9811
                       Omni/action_rate: 4.4701
                Omni/joint_acceleration: 56985.5938
                              Omni/slip: 0.0085
                           Omni/nonfoot: 0.0000
                      Omni/joint_limits: 0.0284
                           Omni/airtime: -0.0059
                     Omni/stand_posture: 0.0336
              Omni/stand_joint_velocity: 0.6315
             Omni/stand_target_velocity: 2.3321
                  Omni/stand_raw_action: 0.4153
                      Omni/terminations: 0.0000
--------------------------------------------------------------------------------
                         Iteration time: 2.02s
                           Time elapsed: 00:00:45
                                    ETA: 00:00:49

################################################################################
[1m                          Learning iteration 1871/1897                          [0m 

                            Total steps: 614400 
                       Steps per second: 12504 
                        Collection time: 1.797s 
                          Learning time: 0.168s 
                        Mean value loss: 0.1211
                    Mean surrogate loss: -0.0079
                      Mean entropy loss: -16.1161
                Mean caps_temporal loss: 0.3146
                 Mean caps_spatial loss: 0.0016
                Mean caps_weighted loss: 0.0316
     Mean caps_valid_pair_fraction loss: 0.9786
                            Mean reward: 26.19
                    Mean episode length: 552.12
                        Mean action std: 0.10
                   Omni/linear_tracking: 0.5891
                      Omni/yaw_tracking: 0.5806
                   Omni/linear_progress: 0.2637
                      Omni/yaw_progress: 0.1476
                 Omni/vertical_velocity: 0.0016
                   Omni/roll_pitch_rate: 0.0860
                              Omni/tilt: 0.0009
                            Omni/height: 0.0000
                            Omni/torque: 0.5263
                     Omni/torque_excess: 0.0433
               Omni/worst_torque_excess: 0.6077
                        Omni/saturation: 0.1020
                    Omni/positive_power: 2.9590
                       Omni/action_rate: 4.6160
                Omni/joint_acceleration: 56986.0312
                              Omni/slip: 0.0081
                           Omni/nonfoot: 0.0000
                      Omni/joint_limits: 0.0247
                           Omni/airtime: -0.0102
                     Omni/stand_posture: 0.0288
              Omni/stand_joint_velocity: 0.5422
             Omni/stand_target_velocity: 2.0030
                  Omni/stand_raw_action: 0.3573
                      Omni/terminations: 0.0417
--------------------------------------------------------------------------------
                         Iteration time: 1.97s
                           Time elapsed: 00:00:47
                                    ETA: 00:00:47

################################################################################
[1m                          Learning iteration 1872/1897                          [0m 

                            Total steps: 638976 
                       Steps per second: 13017 
                        Collection time: 1.718s 
                          Learning time: 0.170s 
                        Mean value loss: 0.4657
                    Mean surrogate loss: -0.0069
                      Mean entropy loss: -16.1257
                Mean caps_temporal loss: 0.3153
                 Mean caps_spatial loss: 0.0016
                Mean caps_weighted loss: 0.0317
     Mean caps_valid_pair_fraction loss: 0.7980
                            Mean reward: 27.19
                    Mean episode length: 567.52
                        Mean action std: 0.10
                   Omni/linear_tracking: 0.5755
                      Omni/yaw_tracking: 0.5636
                   Omni/linear_progress: 0.2185
                      Omni/yaw_progress: 0.0689
                 Omni/vertical_velocity: 0.0015
                   Omni/roll_pitch_rate: 0.0840
                              Omni/tilt: 0.0010
                            Omni/height: 0.0000
                            Omni/torque: 0.5292
                     Omni/torque_excess: 0.0435
               Omni/worst_torque_excess: 0.6080
                        Omni/saturation: 0.1033
                    Omni/positive_power: 2.9585
                       Omni/action_rate: 4.5692
                Omni/joint_acceleration: 56554.4492
                              Omni/slip: 0.0089
                           Omni/nonfoot: 0.0000
                      Omni/joint_limits: 0.0256
                           Omni/airtime: -0.0068
                     Omni/stand_posture: 0.0344
              Omni/stand_joint_velocity: 0.6323
             Omni/stand_target_velocity: 2.3306
                  Omni/stand_raw_action: 0.4184
                      Omni/terminations: 0.0000
--------------------------------------------------------------------------------
                         Iteration time: 1.89s
                           Time elapsed: 00:00:49
                                    ETA: 00:00:45

################################################################################
[1m                          Learning iteration 1873/1897                          [0m 

                            Total steps: 663552 
                       Steps per second: 13326 
                        Collection time: 1.672s 
                          Learning time: 0.172s 
                        Mean value loss: 0.1834
                    Mean surrogate loss: -0.0081
                      Mean entropy loss: -16.1366
                Mean caps_temporal loss: 0.3144
                 Mean caps_spatial loss: 0.0016
                Mean caps_weighted loss: 0.0316
     Mean caps_valid_pair_fraction loss: 0.9307
                            Mean reward: 28.35
                    Mean episode length: 588.79
                        Mean action std: 0.10
                   Omni/linear_tracking: 0.5641
                      Omni/yaw_tracking: 0.5713
                   Omni/linear_progress: 0.1922
                      Omni/yaw_progress: 0.1334
                 Omni/vertical_velocity: 0.0015
                   Omni/roll_pitch_rate: 0.0864
                              Omni/tilt: 0.0008
                            Omni/height: 0.0000
                            Omni/torque: 0.5280
                     Omni/torque_excess: 0.0451
               Omni/worst_torque_excess: 0.6190
                        Omni/saturation: 0.1033
                    Omni/positive_power: 2.9881
                       Omni/action_rate: 4.5416
                Omni/joint_acceleration: 56818.1523
                              Omni/slip: 0.0084
                           Omni/nonfoot: 0.0000
                      Omni/joint_limits: 0.0259
                           Omni/airtime: -0.0079
                     Omni/stand_posture: 0.0324
              Omni/stand_joint_velocity: 0.6009
             Omni/stand_target_velocity: 2.2166
                  Omni/stand_raw_action: 0.3970
                      Omni/terminations: 0.0000
--------------------------------------------------------------------------------
                         Iteration time: 1.84s
                           Time elapsed: 00:00:51
                                    ETA: 00:00:43

################################################################################
[1m                          Learning iteration 1874/1897                          [0m 

                            Total steps: 688128 
                       Steps per second: 13354 
                        Collection time: 1.664s 
                          Learning time: 0.176s 
                        Mean value loss: 0.1487
                    Mean surrogate loss: -0.0058
                      Mean entropy loss: -16.1477
                Mean caps_temporal loss: 0.3150
                 Mean caps_spatial loss: 0.0015
                Mean caps_weighted loss: 0.0317
     Mean caps_valid_pair_fraction loss: 0.9522
                            Mean reward: 30.12
                    Mean episode length: 617.48
                        Mean action std: 0.10
                   Omni/linear_tracking: 0.5902
                      Omni/yaw_tracking: 0.5724
                   Omni/linear_progress: 0.2690
                      Omni/yaw_progress: 0.1579
                 Omni/vertical_velocity: 0.0016
                   Omni/roll_pitch_rate: 0.0854
                              Omni/tilt: 0.0009
                            Omni/height: 0.0000
                            Omni/torque: 0.5283
                     Omni/torque_excess: 0.0430
               Omni/worst_torque_excess: 0.6080
                        Omni/saturation: 0.1029
                    Omni/positive_power: 2.9916
                       Omni/action_rate: 4.5654
                Omni/joint_acceleration: 57336.0000
                              Omni/slip: 0.0083
                           Omni/nonfoot: 0.0024
                      Omni/joint_limits: 0.0237
                           Omni/airtime: -0.0079
                     Omni/stand_posture: 0.0307
              Omni/stand_joint_velocity: 0.5710
             Omni/stand_target_velocity: 2.0940
                  Omni/stand_raw_action: 0.3748
                      Omni/terminations: 0.0000
--------------------------------------------------------------------------------
                         Iteration time: 1.84s
                           Time elapsed: 00:00:53
                                    ETA: 00:00:41

################################################################################
[1m                          Learning iteration 1875/1897                          [0m 

                            Total steps: 712704 
                       Steps per second: 13249 
                        Collection time: 1.680s 
                          Learning time: 0.175s 
                        Mean value loss: 0.1455
                    Mean surrogate loss: -0.0095
                      Mean entropy loss: -16.1554
                Mean caps_temporal loss: 0.3132
                 Mean caps_spatial loss: 0.0016
                Mean caps_weighted loss: 0.0315
     Mean caps_valid_pair_fraction loss: 0.9558
                            Mean reward: 31.41
                    Mean episode length: 646.57
                        Mean action std: 0.10
                   Omni/linear_tracking: 0.5814
                      Omni/yaw_tracking: 0.5886
                   Omni/linear_progress: 0.2341
                      Omni/yaw_progress: 0.1700
                 Omni/vertical_velocity: 0.0016
                   Omni/roll_pitch_rate: 0.0861
                              Omni/tilt: 0.0010
                            Omni/height: 0.0000
                            Omni/torque: 0.5263
                     Omni/torque_excess: 0.0441
               Omni/worst_torque_excess: 0.6213
                        Omni/saturation: 0.1027
                    Omni/positive_power: 2.9586
                       Omni/action_rate: 4.6499
                Omni/joint_acceleration: 57640.2148
                              Omni/slip: 0.0090
                           Omni/nonfoot: 0.0000
                      Omni/joint_limits: 0.0257
                           Omni/airtime: -0.0100
                     Omni/stand_posture: 0.0322
              Omni/stand_joint_velocity: 0.5929
             Omni/stand_target_velocity: 2.1785
                  Omni/stand_raw_action: 0.3913
                      Omni/terminations: 0.0000
--------------------------------------------------------------------------------
                         Iteration time: 1.85s
                           Time elapsed: 00:00:55
                                    ETA: 00:00:39

################################################################################
[1m                          Learning iteration 1876/1897                          [0m 

                            Total steps: 737280 
                       Steps per second: 13549 
                        Collection time: 1.637s 
                          Learning time: 0.177s 
                        Mean value loss: 0.1801
                    Mean surrogate loss: -0.0078
                      Mean entropy loss: -16.1638
                Mean caps_temporal loss: 0.3147
                 Mean caps_spatial loss: 0.0016
                Mean caps_weighted loss: 0.0316
     Mean caps_valid_pair_fraction loss: 0.9639
                            Mean reward: 33.40
                    Mean episode length: 676.36
                        Mean action std: 0.10
                   Omni/linear_tracking: 0.5809
                      Omni/yaw_tracking: 0.5748
                   Omni/linear_progress: 0.2135
                      Omni/yaw_progress: 0.0724
                 Omni/vertical_velocity: 0.0015
                   Omni/roll_pitch_rate: 0.0861
                              Omni/tilt: 0.0009
                            Omni/height: 0.0000
                            Omni/torque: 0.5309
                     Omni/torque_excess: 0.0444
               Omni/worst_torque_excess: 0.6152
                        Omni/saturation: 0.1046
                    Omni/positive_power: 2.9117
                       Omni/action_rate: 4.6869
                Omni/joint_acceleration: 57489.2305
                              Omni/slip: 0.0084
                           Omni/nonfoot: 0.0000
                      Omni/joint_limits: 0.0213
                           Omni/airtime: -0.0065
                     Omni/stand_posture: 0.0379
              Omni/stand_joint_velocity: 0.7082
             Omni/stand_target_velocity: 2.6077
                  Omni/stand_raw_action: 0.4658
                      Omni/terminations: 0.0417
--------------------------------------------------------------------------------
                         Iteration time: 1.81s
                           Time elapsed: 00:00:57
                                    ETA: 00:00:38

################################################################################
[1m                          Learning iteration 1877/1897                          [0m 

                            Total steps: 761856 
                       Steps per second: 12930 
                        Collection time: 1.718s 
                          Learning time: 0.183s 
                        Mean value loss: 0.1018
                    Mean surrogate loss: -0.0076
                      Mean entropy loss: -16.1716
                Mean caps_temporal loss: 0.3139
                 Mean caps_spatial loss: 0.0016
                Mean caps_weighted loss: 0.0315
     Mean caps_valid_pair_fraction loss: 0.9719
                            Mean reward: 34.91
                    Mean episode length: 696.92
                        Mean action std: 0.10
                   Omni/linear_tracking: 0.5939
                      Omni/yaw_tracking: 0.5594
                   Omni/linear_progress: 0.2963
                      Omni/yaw_progress: 0.0811
                 Omni/vertical_velocity: 0.0016
                   Omni/roll_pitch_rate: 0.0877
                              Omni/tilt: 0.0009
                            Omni/height: 0.0000
                            Omni/torque: 0.5211
                     Omni/torque_excess: 0.0436
               Omni/worst_torque_excess: 0.6089
                        Omni/saturation: 0.1004
                    Omni/positive_power: 2.9976
                       Omni/action_rate: 4.5103
                Omni/joint_acceleration: 56703.9062
                              Omni/slip: 0.0098
                           Omni/nonfoot: 0.0000
                      Omni/joint_limits: 0.0282
                           Omni/airtime: -0.0096
                     Omni/stand_posture: 0.0327
              Omni/stand_joint_velocity: 0.6105
             Omni/stand_target_velocity: 2.2430
                  Omni/stand_raw_action: 0.4021
                      Omni/terminations: 0.0000
--------------------------------------------------------------------------------
                         Iteration time: 1.90s
                           Time elapsed: 00:00:58
                                    ETA: 00:00:36

################################################################################
[1m                          Learning iteration 1878/1897                          [0m 

                            Total steps: 786432 
                       Steps per second: 12597 
                        Collection time: 1.775s 
                          Learning time: 0.176s 
                        Mean value loss: 0.1254
                    Mean surrogate loss: -0.0059
                      Mean entropy loss: -16.1847
                Mean caps_temporal loss: 0.3134
                 Mean caps_spatial loss: 0.0016
                Mean caps_weighted loss: 0.0315
     Mean caps_valid_pair_fraction loss: 0.9616
                            Mean reward: 35.62
                    Mean episode length: 718.12
                        Mean action std: 0.10
                   Omni/linear_tracking: 0.5909
                      Omni/yaw_tracking: 0.5756
                   Omni/linear_progress: 0.2597
                      Omni/yaw_progress: 0.0766
                 Omni/vertical_velocity: 0.0015
                   Omni/roll_pitch_rate: 0.0835
                              Omni/tilt: 0.0008
                            Omni/height: 0.0000
                            Omni/torque: 0.5269
                     Omni/torque_excess: 0.0422
               Omni/worst_torque_excess: 0.6016
                        Omni/saturation: 0.1032
                    Omni/positive_power: 2.8988
                       Omni/action_rate: 4.5483
                Omni/joint_acceleration: 56334.0625
                              Omni/slip: 0.0080
                           Omni/nonfoot: 0.0000
                      Omni/joint_limits: 0.0256
                           Omni/airtime: -0.0090
                     Omni/stand_posture: 0.0329
              Omni/stand_joint_velocity: 0.6000
             Omni/stand_target_velocity: 2.2117
                  Omni/stand_raw_action: 0.3963
                      Omni/terminations: 0.0417
--------------------------------------------------------------------------------
                         Iteration time: 1.95s
                           Time elapsed: 00:01:00
                                    ETA: 00:00:34

################################################################################
[1m                          Learning iteration 1879/1897                          [0m 

                            Total steps: 811008 
                       Steps per second: 12161 
                        Collection time: 1.847s 
                          Learning time: 0.174s 
                        Mean value loss: 0.1850
                    Mean surrogate loss: -0.0077
                      Mean entropy loss: -16.1861
                Mean caps_temporal loss: 0.3132
                 Mean caps_spatial loss: 0.0016
                Mean caps_weighted loss: 0.0315
     Mean caps_valid_pair_fraction loss: 0.9655
                            Mean reward: 37.04
                    Mean episode length: 743.40
                        Mean action std: 0.10
                   Omni/linear_tracking: 0.5808
                      Omni/yaw_tracking: 0.5781
                   Omni/linear_progress: 0.2197
                      Omni/yaw_progress: 0.1181
                 Omni/vertical_velocity: 0.0015
                   Omni/roll_pitch_rate: 0.0869
                              Omni/tilt: 0.0008
                            Omni/height: 0.0000
                            Omni/torque: 0.5228
                     Omni/torque_excess: 0.0434
               Omni/worst_torque_excess: 0.6082
                        Omni/saturation: 0.1021
                    Omni/positive_power: 2.9449
                       Omni/action_rate: 4.4592
                Omni/joint_acceleration: 57297.2617
                              Omni/slip: 0.0080
                           Omni/nonfoot: 0.0008
                      Omni/joint_limits: 0.0301
                           Omni/airtime: -0.0074
                     Omni/stand_posture: 0.0357
              Omni/stand_joint_velocity: 0.6558
             Omni/stand_target_velocity: 2.4068
                  Omni/stand_raw_action: 0.4326
                      Omni/terminations: 0.0417
--------------------------------------------------------------------------------
                         Iteration time: 2.02s
                           Time elapsed: 00:01:02
                                    ETA: 00:00:32

################################################################################
[1m                          Learning iteration 1880/1897                          [0m 

                            Total steps: 835584 
                       Steps per second: 12899 
                        Collection time: 1.723s 
                          Learning time: 0.182s 
                        Mean value loss: 0.1757
                    Mean surrogate loss: -0.0082
                      Mean entropy loss: -16.1808
                Mean caps_temporal loss: 0.3137
                 Mean caps_spatial loss: 0.0016
                Mean caps_weighted loss: 0.0315
     Mean caps_valid_pair_fraction loss: 0.9389
                            Mean reward: 38.37
                    Mean episode length: 765.89
                        Mean action std: 0.10
                   Omni/linear_tracking: 0.5814
                      Omni/yaw_tracking: 0.5926
                   Omni/linear_progress: 0.2330
                      Omni/yaw_progress: 0.1531
                 Omni/vertical_velocity: 0.0015
                   Omni/roll_pitch_rate: 0.0874
                              Omni/tilt: 0.0008
                            Omni/height: 0.0000
                            Omni/torque: 0.5271
                     Omni/torque_excess: 0.0429
               Omni/worst_torque_excess: 0.6042
                        Omni/saturation: 0.1037
                    Omni/positive_power: 2.9333
                       Omni/action_rate: 4.5532
                Omni/joint_acceleration: 57355.4062
                              Omni/slip: 0.0086
                           Omni/nonfoot: 0.0000
                      Omni/joint_limits: 0.0278
                           Omni/airtime: -0.0079
                     Omni/stand_posture: 0.0344
              Omni/stand_joint_velocity: 0.6365
             Omni/stand_target_velocity: 2.3305
                  Omni/stand_raw_action: 0.4200
                      Omni/terminations: 0.0000
--------------------------------------------------------------------------------
                         Iteration time: 1.91s
                           Time elapsed: 00:01:04
                                    ETA: 00:00:30

################################################################################
[1m                          Learning iteration 1881/1897                          [0m 

                            Total steps: 860160 
                       Steps per second: 12814 
                        Collection time: 1.750s 
                          Learning time: 0.168s 
                        Mean value loss: 0.1421
                    Mean surrogate loss: -0.0083
                      Mean entropy loss: -16.1832
                Mean caps_temporal loss: 0.3135
                 Mean caps_spatial loss: 0.0016
                Mean caps_weighted loss: 0.0315
     Mean caps_valid_pair_fraction loss: 0.9502
                            Mean reward: 38.15
                    Mean episode length: 783.00
                        Mean action std: 0.10
                   Omni/linear_tracking: 0.5879
                      Omni/yaw_tracking: 0.5675
                   Omni/linear_progress: 0.2793
                      Omni/yaw_progress: 0.0713
                 Omni/vertical_velocity: 0.0015
                   Omni/roll_pitch_rate: 0.0895
                              Omni/tilt: 0.0010
                            Omni/height: 0.0000
                            Omni/torque: 0.5217
                     Omni/torque_excess: 0.0446
               Omni/worst_torque_excess: 0.6176
                        Omni/saturation: 0.1021
                    Omni/positive_power: 3.0114
                       Omni/action_rate: 4.5304
                Omni/joint_acceleration: 57456.3906
                              Omni/slip: 0.0094
                           Omni/nonfoot: 0.0017
                      Omni/joint_limits: 0.0292
                           Omni/airtime: -0.0099
                     Omni/stand_posture: 0.0345
              Omni/stand_joint_velocity: 0.6361
             Omni/stand_target_velocity: 2.3307
                  Omni/stand_raw_action: 0.4198
                      Omni/terminations: 0.0000
--------------------------------------------------------------------------------
                         Iteration time: 1.92s
                           Time elapsed: 00:01:06
                                    ETA: 00:00:28

################################################################################
[1m                          Learning iteration 1882/1897                          [0m 

                            Total steps: 884736 
                       Steps per second: 13322 
                        Collection time: 1.674s 
                          Learning time: 0.170s 
                        Mean value loss: 0.1219
                    Mean surrogate loss: -0.0081
                      Mean entropy loss: -16.1906
                Mean caps_temporal loss: 0.3142
                 Mean caps_spatial loss: 0.0016
                Mean caps_weighted loss: 0.0316
     Mean caps_valid_pair_fraction loss: 0.9659
                            Mean reward: 39.09
                    Mean episode length: 809.29
                        Mean action std: 0.10
                   Omni/linear_tracking: 0.5730
                      Omni/yaw_tracking: 0.5653
                   Omni/linear_progress: 0.1833
                      Omni/yaw_progress: 0.0801
                 Omni/vertical_velocity: 0.0015
                   Omni/roll_pitch_rate: 0.0896
                              Omni/tilt: 0.0009
                            Omni/height: 0.0000
                            Omni/torque: 0.5241
                     Omni/torque_excess: 0.0438
               Omni/worst_torque_excess: 0.6121
                        Omni/saturation: 0.1025
                    Omni/positive_power: 2.9477
                       Omni/action_rate: 4.6116
                Omni/joint_acceleration: 57689.7500
                              Omni/slip: 0.0093
                           Omni/nonfoot: 0.0000
                      Omni/joint_limits: 0.0256
                           Omni/airtime: -0.0069
                     Omni/stand_posture: 0.0375
              Omni/stand_joint_velocity: 0.6915
             Omni/stand_target_velocity: 2.5421
                  Omni/stand_raw_action: 0.4567
                      Omni/terminations: 0.0000
--------------------------------------------------------------------------------
                         Iteration time: 1.84s
                           Time elapsed: 00:01:08
                                    ETA: 00:00:26

################################################################################
[1m                          Learning iteration 1883/1897                          [0m 

                            Total steps: 909312 
                       Steps per second: 13223 
                        Collection time: 1.684s 
                          Learning time: 0.175s 
                        Mean value loss: 0.1513
                    Mean surrogate loss: -0.0065
                      Mean entropy loss: -16.2017
                Mean caps_temporal loss: 0.3139
                 Mean caps_spatial loss: 0.0016
                Mean caps_weighted loss: 0.0315
     Mean caps_valid_pair_fraction loss: 0.9521
                            Mean reward: 40.97
                    Mean episode length: 841.75
                        Mean action std: 0.10
                   Omni/linear_tracking: 0.5796
                      Omni/yaw_tracking: 0.5745
                   Omni/linear_progress: 0.2343
                      Omni/yaw_progress: 0.1231
                 Omni/vertical_velocity: 0.0015
                   Omni/roll_pitch_rate: 0.0856
                              Omni/tilt: 0.0008
                            Omni/height: 0.0000
                            Omni/torque: 0.5283
                     Omni/torque_excess: 0.0453
               Omni/worst_torque_excess: 0.6155
                        Omni/saturation: 0.1040
                    Omni/positive_power: 2.9847
                       Omni/action_rate: 4.5243
                Omni/joint_acceleration: 56805.5234
                              Omni/slip: 0.0093
                           Omni/nonfoot: 0.0000
                      Omni/joint_limits: 0.0280
                           Omni/airtime: -0.0070
                     Omni/stand_posture: 0.0347
              Omni/stand_joint_velocity: 0.6324
             Omni/stand_target_velocity: 2.3433
                  Omni/stand_raw_action: 0.4206
                      Omni/terminations: 0.0417
--------------------------------------------------------------------------------
                         Iteration time: 1.86s
                           Time elapsed: 00:01:10
                                    ETA: 00:00:24

################################################################################
[1m                          Learning iteration 1884/1897                          [0m 

                            Total steps: 933888 
                       Steps per second: 13380 
                        Collection time: 1.663s 
                          Learning time: 0.174s 
                        Mean value loss: 0.1354
                    Mean surrogate loss: -0.0073
                      Mean entropy loss: -16.2074
                Mean caps_temporal loss: 0.3127
                 Mean caps_spatial loss: 0.0016
                Mean caps_weighted loss: 0.0314
     Mean caps_valid_pair_fraction loss: 0.9506
                            Mean reward: 41.83
                    Mean episode length: 868.53
                        Mean action std: 0.10
                   Omni/linear_tracking: 0.5766
                      Omni/yaw_tracking: 0.5609
                   Omni/linear_progress: 0.2309
                      Omni/yaw_progress: 0.0898
                 Omni/vertical_velocity: 0.0015
                   Omni/roll_pitch_rate: 0.0861
                              Omni/tilt: 0.0009
                            Omni/height: 0.0000
                            Omni/torque: 0.5283
                     Omni/torque_excess: 0.0453
               Omni/worst_torque_excess: 0.6221
                        Omni/saturation: 0.1033
                    Omni/positive_power: 2.9687
                       Omni/action_rate: 4.5360
                Omni/joint_acceleration: 56681.0000
                              Omni/slip: 0.0095
                           Omni/nonfoot: 0.0002
                      Omni/joint_limits: 0.0261
                           Omni/airtime: -0.0076
                     Omni/stand_posture: 0.0335
              Omni/stand_joint_velocity: 0.6115
             Omni/stand_target_velocity: 2.2497
                  Omni/stand_raw_action: 0.4035
                      Omni/terminations: 0.0000
--------------------------------------------------------------------------------
                         Iteration time: 1.84s
                           Time elapsed: 00:01:12
                                    ETA: 00:00:22

################################################################################
[1m                          Learning iteration 1885/1897                          [0m 

                            Total steps: 958464 
                       Steps per second: 13176 
                        Collection time: 1.691s 
                          Learning time: 0.174s 
                        Mean value loss: 0.1399
                    Mean surrogate loss: -0.0076
                      Mean entropy loss: -16.2146
                Mean caps_temporal loss: 0.3126
                 Mean caps_spatial loss: 0.0016
                Mean caps_weighted loss: 0.0314
     Mean caps_valid_pair_fraction loss: 0.9497
                            Mean reward: 44.91
                    Mean episode length: 895.13
                        Mean action std: 0.10
                   Omni/linear_tracking: 0.5936
                      Omni/yaw_tracking: 0.5700
                   Omni/linear_progress: 0.2401
                      Omni/yaw_progress: 0.1179
                 Omni/vertical_velocity: 0.0016
                   Omni/roll_pitch_rate: 0.0853
                              Omni/tilt: 0.0010
                            Omni/height: 0.0000
                            Omni/torque: 0.5281
                     Omni/torque_excess: 0.0422
               Omni/worst_torque_excess: 0.5992
                        Omni/saturation: 0.1035
                    Omni/positive_power: 2.9640
                       Omni/action_rate: 4.6237
                Omni/joint_acceleration: 56872.0000
                              Omni/slip: 0.0083
                           Omni/nonfoot: 0.0007
                      Omni/joint_limits: 0.0233
                           Omni/airtime: -0.0099
                     Omni/stand_posture: 0.0320
              Omni/stand_joint_velocity: 0.5838
             Omni/stand_target_velocity: 2.1537
                  Omni/stand_raw_action: 0.3877
                      Omni/terminations: 0.0000
--------------------------------------------------------------------------------
                         Iteration time: 1.87s
                           Time elapsed: 00:01:14
                                    ETA: 00:00:20

################################################################################
[1m                          Learning iteration 1886/1897                          [0m 

                            Total steps: 983040 
                       Steps per second: 13238 
                        Collection time: 1.680s 
                          Learning time: 0.177s 
                        Mean value loss: 0.1649
                    Mean surrogate loss: -0.0071
                      Mean entropy loss: -16.2222
                Mean caps_temporal loss: 0.3140
                 Mean caps_spatial loss: 0.0016
                Mean caps_weighted loss: 0.0316
     Mean caps_valid_pair_fraction loss: 0.9542
                            Mean reward: 45.20
                    Mean episode length: 912.43
                        Mean action std: 0.10
                   Omni/linear_tracking: 0.5800
                      Omni/yaw_tracking: 0.5764
                   Omni/linear_progress: 0.2105
                      Omni/yaw_progress: 0.1190
                 Omni/vertical_velocity: 0.0015
                   Omni/roll_pitch_rate: 0.0857
                              Omni/tilt: 0.0010
                            Omni/height: 0.0000
                            Omni/torque: 0.5259
                     Omni/torque_excess: 0.0419
               Omni/worst_torque_excess: 0.6017
                        Omni/saturation: 0.1023
                    Omni/positive_power: 2.9680
                       Omni/action_rate: 4.5465
                Omni/joint_acceleration: 56977.8203
                              Omni/slip: 0.0097
                           Omni/nonfoot: 0.0000
                      Omni/joint_limits: 0.0268
                           Omni/airtime: -0.0061
                     Omni/stand_posture: 0.0355
              Omni/stand_joint_velocity: 0.6446
             Omni/stand_target_velocity: 2.3723
                  Omni/stand_raw_action: 0.4263
                      Omni/terminations: 0.0000
--------------------------------------------------------------------------------
                         Iteration time: 1.86s
                           Time elapsed: 00:01:15
                                    ETA: 00:00:18

################################################################################
[1m                          Learning iteration 1887/1897                          [0m 

                            Total steps: 1007616 
                       Steps per second: 12940 
                        Collection time: 1.723s 
                          Learning time: 0.176s 
                        Mean value loss: 0.1204
                    Mean surrogate loss: -0.0063
                      Mean entropy loss: -16.2323
                Mean caps_temporal loss: 0.3129
                 Mean caps_spatial loss: 0.0016
                Mean caps_weighted loss: 0.0314
     Mean caps_valid_pair_fraction loss: 0.9576
                            Mean reward: 47.36
                    Mean episode length: 938.60
                        Mean action std: 0.10
                   Omni/linear_tracking: 0.5912
                      Omni/yaw_tracking: 0.5860
                   Omni/linear_progress: 0.2385
                      Omni/yaw_progress: 0.1385
                 Omni/vertical_velocity: 0.0015
                   Omni/roll_pitch_rate: 0.0861
                              Omni/tilt: 0.0008
                            Omni/height: 0.0000
                            Omni/torque: 0.5249
                     Omni/torque_excess: 0.0425
               Omni/worst_torque_excess: 0.5997
                        Omni/saturation: 0.1023
                    Omni/positive_power: 2.9298
                       Omni/action_rate: 4.5517
                Omni/joint_acceleration: 57046.8555
                              Omni/slip: 0.0079
                           Omni/nonfoot: 0.0001
                      Omni/joint_limits: 0.0273
                           Omni/airtime: -0.0082
                     Omni/stand_posture: 0.0325
              Omni/stand_joint_velocity: 0.5899
             Omni/stand_target_velocity: 2.1684
                  Omni/stand_raw_action: 0.3909
                      Omni/terminations: 0.0417
--------------------------------------------------------------------------------
                         Iteration time: 1.90s
                           Time elapsed: 00:01:17
                                    ETA: 00:00:17

################################################################################
[1m                          Learning iteration 1888/1897                          [0m 

                            Total steps: 1032192 
                       Steps per second: 13249 
                        Collection time: 1.677s 
                          Learning time: 0.178s 
                        Mean value loss: 0.1578
                    Mean surrogate loss: -0.0088
                      Mean entropy loss: -16.2435
                Mean caps_temporal loss: 0.3129
                 Mean caps_spatial loss: 0.0016
                Mean caps_weighted loss: 0.0314
     Mean caps_valid_pair_fraction loss: 0.9567
                            Mean reward: 46.93
                    Mean episode length: 961.11
                        Mean action std: 0.10
                   Omni/linear_tracking: 0.5832
                      Omni/yaw_tracking: 0.5682
                   Omni/linear_progress: 0.2327
                      Omni/yaw_progress: 0.0949
                 Omni/vertical_velocity: 0.0015
                   Omni/roll_pitch_rate: 0.0864
                              Omni/tilt: 0.0009
                            Omni/height: 0.0000
                            Omni/torque: 0.5313
                     Omni/torque_excess: 0.0454
               Omni/worst_torque_excess: 0.6272
                        Omni/saturation: 0.1038
                    Omni/positive_power: 3.0095
                       Omni/action_rate: 4.6242
                Omni/joint_acceleration: 57485.8750
                              Omni/slip: 0.0113
                           Omni/nonfoot: 0.0000
                      Omni/joint_limits: 0.0236
                           Omni/airtime: -0.0077
                     Omni/stand_posture: 0.0347
              Omni/stand_joint_velocity: 0.6306
             Omni/stand_target_velocity: 2.3114
                  Omni/stand_raw_action: 0.4162
                      Omni/terminations: 0.0000
--------------------------------------------------------------------------------
                         Iteration time: 1.85s
                           Time elapsed: 00:01:19
                                    ETA: 00:00:15

################################################################################
[1m                          Learning iteration 1889/1897                          [0m 

                            Total steps: 1056768 
                       Steps per second: 12642 
                        Collection time: 1.776s 
                          Learning time: 0.168s 
                        Mean value loss: 0.1226
                    Mean surrogate loss: -0.0083
                      Mean entropy loss: -16.2535
                Mean caps_temporal loss: 0.3116
                 Mean caps_spatial loss: 0.0016
                Mean caps_weighted loss: 0.0313
     Mean caps_valid_pair_fraction loss: 0.9563
                            Mean reward: 46.04
                    Mean episode length: 979.38
                        Mean action std: 0.10
                   Omni/linear_tracking: 0.5648
                      Omni/yaw_tracking: 0.5923
                   Omni/linear_progress: 0.1287
                      Omni/yaw_progress: 0.1378
                 Omni/vertical_velocity: 0.0015
                   Omni/roll_pitch_rate: 0.0850
                              Omni/tilt: 0.0008
                            Omni/height: 0.0000
                            Omni/torque: 0.5272
                     Omni/torque_excess: 0.0421
               Omni/worst_torque_excess: 0.5996
                        Omni/saturation: 0.1039
                    Omni/positive_power: 2.8600
                       Omni/action_rate: 4.6584
                Omni/joint_acceleration: 57400.3555
                              Omni/slip: 0.0076
                           Omni/nonfoot: 0.0000
                      Omni/joint_limits: 0.0236
                           Omni/airtime: -0.0063
                     Omni/stand_posture: 0.0390
              Omni/stand_joint_velocity: 0.7059
             Omni/stand_target_velocity: 2.6021
                  Omni/stand_raw_action: 0.4691
                      Omni/terminations: 0.0000
--------------------------------------------------------------------------------
                         Iteration time: 1.94s
                           Time elapsed: 00:01:21
                                    ETA: 00:00:13

################################################################################
[1m                          Learning iteration 1890/1897                          [0m 

                            Total steps: 1081344 
                       Steps per second: 12272 
                        Collection time: 1.829s 
                          Learning time: 0.173s 
                        Mean value loss: 0.1653
                    Mean surrogate loss: -0.0080
                      Mean entropy loss: -16.2606
                Mean caps_temporal loss: 0.3125
                 Mean caps_spatial loss: 0.0016
                Mean caps_weighted loss: 0.0314
     Mean caps_valid_pair_fraction loss: 0.9563
                            Mean reward: 47.27
                    Mean episode length: 994.27
                        Mean action std: 0.10
                   Omni/linear_tracking: 0.5869
                      Omni/yaw_tracking: 0.5881
                   Omni/linear_progress: 0.2046
                      Omni/yaw_progress: 0.1427
                 Omni/vertical_velocity: 0.0015
                   Omni/roll_pitch_rate: 0.0853
                              Omni/tilt: 0.0009
                            Omni/height: 0.0000
                            Omni/torque: 0.5268
                     Omni/torque_excess: 0.0422
               Omni/worst_torque_excess: 0.6024
                        Omni/saturation: 0.1028
                    Omni/positive_power: 2.9265
                       Omni/action_rate: 4.6009
                Omni/joint_acceleration: 57310.1406
                              Omni/slip: 0.0086
                           Omni/nonfoot: 0.0000
                      Omni/joint_limits: 0.0244
                           Omni/airtime: -0.0086
                     Omni/stand_posture: 0.0322
              Omni/stand_joint_velocity: 0.5842
             Omni/stand_target_velocity: 2.1595
                  Omni/stand_raw_action: 0.3874
                      Omni/terminations: 0.0000
--------------------------------------------------------------------------------
                         Iteration time: 2.00s
                           Time elapsed: 00:01:23
                                    ETA: 00:00:11

################################################################################
[1m                          Learning iteration 1891/1897                          [0m 

                            Total steps: 1105920 
                       Steps per second: 11744 
                        Collection time: 1.846s 
                          Learning time: 0.246s 
                        Mean value loss: 0.1956
                    Mean surrogate loss: -0.0088
                      Mean entropy loss: -16.2759
                Mean caps_temporal loss: 0.3136
                 Mean caps_spatial loss: 0.0016
                Mean caps_weighted loss: 0.0315
     Mean caps_valid_pair_fraction loss: 0.9487
                            Mean reward: 49.77
                    Mean episode length: 999.00
                        Mean action std: 0.10
                   Omni/linear_tracking: 0.5876
                      Omni/yaw_tracking: 0.5761
                   Omni/linear_progress: 0.2227
                      Omni/yaw_progress: 0.0861
                 Omni/vertical_velocity: 0.0015
                   Omni/roll_pitch_rate: 0.0853
                              Omni/tilt: 0.0008
                            Omni/height: 0.0000
                            Omni/torque: 0.5253
                     Omni/torque_excess: 0.0428
               Omni/worst_torque_excess: 0.6062
                        Omni/saturation: 0.1029
                    Omni/positive_power: 2.9088
                       Omni/action_rate: 4.5727
                Omni/joint_acceleration: 57389.3125
                              Omni/slip: 0.0088
                           Omni/nonfoot: 0.0000
                      Omni/joint_limits: 0.0261
                           Omni/airtime: -0.0068
                     Omni/stand_posture: 0.0369
              Omni/stand_joint_velocity: 0.6733
             Omni/stand_target_velocity: 2.4711
                  Omni/stand_raw_action: 0.4447
                      Omni/terminations: 0.0000
--------------------------------------------------------------------------------
                         Iteration time: 2.09s
                           Time elapsed: 00:01:25
                                    ETA: 00:00:09

################################################################################
[1m                          Learning iteration 1892/1897                          [0m 

                            Total steps: 1130496 
                       Steps per second: 11369 
                        Collection time: 1.914s 
                          Learning time: 0.248s 
                        Mean value loss: 0.1303
                    Mean surrogate loss: -0.0093
                      Mean entropy loss: -16.2819
                Mean caps_temporal loss: 0.3126
                 Mean caps_spatial loss: 0.0016
                Mean caps_weighted loss: 0.0314
     Mean caps_valid_pair_fraction loss: 0.9473
                            Mean reward: 49.47
                    Mean episode length: 999.00
                        Mean action std: 0.10
                   Omni/linear_tracking: 0.5790
                      Omni/yaw_tracking: 0.5663
                   Omni/linear_progress: 0.1983
                      Omni/yaw_progress: 0.0550
                 Omni/vertical_velocity: 0.0015
                   Omni/roll_pitch_rate: 0.0859
                              Omni/tilt: 0.0008
                            Omni/height: 0.0000
                            Omni/torque: 0.5275
                     Omni/torque_excess: 0.0436
               Omni/worst_torque_excess: 0.6061
                        Omni/saturation: 0.1035
                    Omni/positive_power: 2.9022
                       Omni/action_rate: 4.5832
                Omni/joint_acceleration: 57237.7500
                              Omni/slip: 0.0082
                           Omni/nonfoot: 0.0020
                      Omni/joint_limits: 0.0251
                           Omni/airtime: -0.0063
                     Omni/stand_posture: 0.0407
              Omni/stand_joint_velocity: 0.7293
             Omni/stand_target_velocity: 2.6951
                  Omni/stand_raw_action: 0.4858
                      Omni/terminations: 0.0000
--------------------------------------------------------------------------------
                         Iteration time: 2.16s
                           Time elapsed: 00:01:27
                                    ETA: 00:00:07

################################################################################
[1m                          Learning iteration 1893/1897                          [0m 

                            Total steps: 1155072 
                       Steps per second: 12863 
                        Collection time: 1.664s 
                          Learning time: 0.246s 
                        Mean value loss: 0.1508
                    Mean surrogate loss: -0.0065
                      Mean entropy loss: -16.2847
                Mean caps_temporal loss: 0.3129
                 Mean caps_spatial loss: 0.0016
                Mean caps_weighted loss: 0.0314
     Mean caps_valid_pair_fraction loss: 0.9598
                            Mean reward: 50.21
                    Mean episode length: 998.64
                        Mean action std: 0.10
                   Omni/linear_tracking: 0.5804
                      Omni/yaw_tracking: 0.5616
                   Omni/linear_progress: 0.2038
                      Omni/yaw_progress: 0.0484
                 Omni/vertical_velocity: 0.0015
                   Omni/roll_pitch_rate: 0.0879
                              Omni/tilt: 0.0009
                            Omni/height: 0.0000
                            Omni/torque: 0.5276
                     Omni/torque_excess: 0.0439
               Omni/worst_torque_excess: 0.6153
                        Omni/saturation: 0.1036
                    Omni/positive_power: 2.9280
                       Omni/action_rate: 4.5790
                Omni/joint_acceleration: 57740.6562
                              Omni/slip: 0.0093
                           Omni/nonfoot: 0.0035
                      Omni/joint_limits: 0.0246
                           Omni/airtime: -0.0067
                     Omni/stand_posture: 0.0391
              Omni/stand_joint_velocity: 0.7035
             Omni/stand_target_velocity: 2.5838
                  Omni/stand_raw_action: 0.4678
                      Omni/terminations: 0.0417
--------------------------------------------------------------------------------
                         Iteration time: 1.91s
                           Time elapsed: 00:01:29
                                    ETA: 00:00:05

################################################################################
[1m                          Learning iteration 1894/1897                          [0m 

                            Total steps: 1179648 
                       Steps per second: 12216 
                        Collection time: 1.755s 
                          Learning time: 0.257s 
                        Mean value loss: 0.1524
                    Mean surrogate loss: -0.0087
                      Mean entropy loss: -16.2876
                Mean caps_temporal loss: 0.3114
                 Mean caps_spatial loss: 0.0016
                Mean caps_weighted loss: 0.0313
     Mean caps_valid_pair_fraction loss: 0.9555
                            Mean reward: 48.68
                    Mean episode length: 998.64
                        Mean action std: 0.10
                   Omni/linear_tracking: 0.5952
                      Omni/yaw_tracking: 0.5680
                   Omni/linear_progress: 0.2273
                      Omni/yaw_progress: 0.0983
                 Omni/vertical_velocity: 0.0015
                   Omni/roll_pitch_rate: 0.0843
                              Omni/tilt: 0.0008
                            Omni/height: 0.0000
                            Omni/torque: 0.5248
                     Omni/torque_excess: 0.0418
               Omni/worst_torque_excess: 0.5981
                        Omni/saturation: 0.1023
                    Omni/positive_power: 2.9172
                       Omni/action_rate: 4.5309
                Omni/joint_acceleration: 56757.8438
                              Omni/slip: 0.0084
                           Omni/nonfoot: 0.0000
                      Omni/joint_limits: 0.0267
                           Omni/airtime: -0.0086
                     Omni/stand_posture: 0.0355
              Omni/stand_joint_velocity: 0.6419
             Omni/stand_target_velocity: 2.3767
                  Omni/stand_raw_action: 0.4273
                      Omni/terminations: 0.0000
--------------------------------------------------------------------------------
                         Iteration time: 2.01s
                           Time elapsed: 00:01:31
                                    ETA: 00:00:03

################################################################################
[1m                          Learning iteration 1895/1897                          [0m 

                            Total steps: 1204224 
                       Steps per second: 13271 
                        Collection time: 1.590s 
                          Learning time: 0.261s 
                        Mean value loss: 0.1445
                    Mean surrogate loss: -0.0066
                      Mean entropy loss: -16.2984
                Mean caps_temporal loss: 0.3120
                 Mean caps_spatial loss: 0.0016
                Mean caps_weighted loss: 0.0314
     Mean caps_valid_pair_fraction loss: 0.9526
                            Mean reward: 48.94
                    Mean episode length: 998.64
                        Mean action std: 0.10
                   Omni/linear_tracking: 0.5994
                      Omni/yaw_tracking: 0.5816
                   Omni/linear_progress: 0.2579
                      Omni/yaw_progress: 0.1507
                 Omni/vertical_velocity: 0.0016
                   Omni/roll_pitch_rate: 0.0852
                              Omni/tilt: 0.0011
                            Omni/height: 0.0000
                            Omni/torque: 0.5220
                     Omni/torque_excess: 0.0403
               Omni/worst_torque_excess: 0.5819
                        Omni/saturation: 0.1007
                    Omni/positive_power: 3.0080
                       Omni/action_rate: 4.5670
                Omni/joint_acceleration: 56720.4805
                              Omni/slip: 0.0080
                           Omni/nonfoot: 0.0004
                      Omni/joint_limits: 0.0247
                           Omni/airtime: -0.0074
                     Omni/stand_posture: 0.0324
              Omni/stand_joint_velocity: 0.5876
             Omni/stand_target_velocity: 2.1534
                  Omni/stand_raw_action: 0.3884
                      Omni/terminations: 0.0000
--------------------------------------------------------------------------------
                         Iteration time: 1.85s
                           Time elapsed: 00:01:33
                                    ETA: 00:00:01

################################################################################
[1m                          Learning iteration 1896/1897                          [0m 

                            Total steps: 1228800 
                       Steps per second: 12299 
                        Collection time: 1.720s 
                          Learning time: 0.278s 
                        Mean value loss: 0.1854
                    Mean surrogate loss: -0.0084
                      Mean entropy loss: -16.3063
                Mean caps_temporal loss: 0.3120
                 Mean caps_spatial loss: 0.0016
                Mean caps_weighted loss: 0.0314
     Mean caps_valid_pair_fraction loss: 0.9587
                            Mean reward: 48.82
                    Mean episode length: 986.91
                        Mean action std: 0.10
                   Omni/linear_tracking: 0.5926
                      Omni/yaw_tracking: 0.5684
                   Omni/linear_progress: 0.2272
                      Omni/yaw_progress: 0.1008
                 Omni/vertical_velocity: 0.0910
                   Omni/roll_pitch_rate: 0.1562
                              Omni/tilt: 0.0011
                            Omni/height: 0.0001
                            Omni/torque: 0.5502
                     Omni/torque_excess: 0.2317
               Omni/worst_torque_excess: 0.7192
                        Omni/saturation: 0.1126
                    Omni/positive_power: 3.9575
                       Omni/action_rate: 4.5824
                Omni/joint_acceleration: 249543.6094
                              Omni/slip: 0.0081
                           Omni/nonfoot: 0.0309
                      Omni/joint_limits: 0.0230
                           Omni/airtime: -0.0074
                     Omni/stand_posture: 0.0373
              Omni/stand_joint_velocity: 4.9377
             Omni/stand_target_velocity: 2.4969
                  Omni/stand_raw_action: 0.4416
                      Omni/terminations: 0.1250
--------------------------------------------------------------------------------
                         Iteration time: 2.00s
                           Time elapsed: 00:01:35
                                    ETA: 00:00:00

[INFO]: SimulationContext cleared
RESULT f050_t060 train completed
