time="2026-09-09T19:21:51-05:00" level=warning msg="No services to build"
time="2026-09-09T19:21:51-05:00" level=warning msg="No services to build"
 Container hexapod-length-policy-7082e19f4205 Creating 
 Container hexapod-length-policy-7082e19f4205 Created 
The '--headless' CLI argument is deprecated. Omit '--viz' for default headless. If config visualizers are enabled and you want to force headless, use '--viz none'.
Loading user config located at: '/isaac-sim/kit/data/Kit/IsaacLab/3.0/user.config.json'
2026-09-10T00:21:52Z [0ms] [Warning] [omni.ext.plugin] [ext: isaaclab_visualizers] Extensions config 'extension.toml' doesn't exist '/workspace/isaaclab/source/isaaclab_visualizers' or '/workspace/isaaclab/source/isaaclab_visualizers/config'
2026-09-10T00:21:52Z [109ms] [Warning] [carb.omniclient.plugin]  45: OmniHub: ThreadId(02) Hub encountered error. Trying to reconnect to Hub. retry_reason="Hub failed to launch: Io(\"child exited with exit status: 1 without writing file \\\"/tmp/hub-ubuntu-347BB834.config.json\\\"\")"
2026-09-10T00:21:52Z [180ms] [Warning] [carb.omniclient.plugin]  45: OmniHub: ThreadId(02) Hub encountered error. Trying to reconnect to Hub. retry_reason="Hub failed to launch: Io(\"child exited with exit status: 1 without writing file \\\"/tmp/hub-ubuntu-347BB834.config.json\\\"\")"
2026-09-10T00:21:52Z [261ms] [Warning] [carb.omniclient.plugin]  45: OmniHub: ThreadId(02) Hub encountered error. Trying to reconnect to Hub. retry_reason="Hub failed to launch: Io(\"child exited with exit status: 1 without writing file \\\"/tmp/hub-ubuntu-347BB834.config.json\\\"\")"
2026-09-10T00:21:52Z [353ms] [Warning] [carb.omniclient.plugin]  45: OmniHub: ThreadId(02) Hub encountered error. Trying to reconnect to Hub. retry_reason="Hub failed to launch: Io(\"child exited with exit status: 1 without writing file \\\"/tmp/hub-ubuntu-347BB834.config.json\\\"\")"
2026-09-10T00:21:52Z [456ms] [Warning] [carb.omniclient.plugin]  45: OmniHub: ThreadId(02) Hub encountered error. Trying to reconnect to Hub. retry_reason="Hub failed to launch: Io(\"child exited with exit status: 1 without writing file \\\"/tmp/hub-ubuntu-347BB834.config.json\\\"\")"
2026-09-10T00:21:52Z [569ms] [Warning] [carb.omniclient.plugin]  45: OmniHub: ThreadId(02) Hub encountered error. Trying to reconnect to Hub. retry_reason="Hub failed to launch: Io(\"child exited with exit status: 1 without writing file \\\"/tmp/hub-ubuntu-347BB834.config.json\\\"\")"
2026-09-10T00:21:53Z [691ms] [Warning] [carb.omniclient.plugin]  45: OmniHub: ThreadId(02) Hub encountered error. Trying to reconnect to Hub. retry_reason="Hub failed to launch: Io(\"child exited with exit status: 1 without writing file \\\"/tmp/hub-ubuntu-347BB834.config.json\\\"\")"
2026-09-10T00:21:53Z [823ms] [Warning] [carb.omniclient.plugin]  45: OmniHub: ThreadId(02) Hub encountered error. Trying to reconnect to Hub. retry_reason="Hub failed to launch: Io(\"child exited with exit status: 1 without writing file \\\"/tmp/hub-ubuntu-347BB834.config.json\\\"\")"
2026-09-10T00:21:53Z [967ms] [Warning] [carb.omniclient.plugin]  45: OmniHub: ThreadId(02) Hub encountered error. Trying to reconnect to Hub. retry_reason="Hub failed to launch: Io(\"child exited with exit status: 1 without writing file \\\"/tmp/hub-ubuntu-347BB834.config.json\\\"\")"
2026-09-10T00:21:53Z [1,119ms] [Warning] [carb.omniclient.plugin]  45: OmniHub: ThreadId(02) Hub encountered error. Trying to reconnect to Hub. retry_reason="Hub failed to launch: Io(\"child exited with exit status: 1 without writing file \\\"/tmp/hub-ubuntu-347BB834.config.json\\\"\")"
2026-09-10T00:21:53Z [1,283ms] [Warning] [carb.omniclient.plugin]  45: OmniHub: ThreadId(02) Hub encountered error. Trying to reconnect to Hub. retry_reason="Hub failed to launch: Io(\"child exited with exit status: 1 without writing file \\\"/tmp/hub-ubuntu-347BB834.config.json\\\"\")"
2026-09-10T00:21:53Z [1,456ms] [Warning] [carb.omniclient.plugin]  45: OmniHub: ThreadId(02) Hub encountered error. Trying to reconnect to Hub. retry_reason="Hub failed to launch: Io(\"child exited with exit status: 1 without writing file \\\"/tmp/hub-ubuntu-347BB834.config.json\\\"\")"
2026-09-10T00:21:54Z [1,639ms] [Warning] [carb.omniclient.plugin]  45: OmniHub: ThreadId(02) Hub encountered error. Trying to reconnect to Hub. retry_reason="Hub failed to launch: Io(\"child exited with exit status: 1 without writing file \\\"/tmp/hub-ubuntu-347BB834.config.json\\\"\")"
2026-09-10T00:21:54Z [1,833ms] [Warning] [carb.omniclient.plugin]  45: OmniHub: ThreadId(02) Hub encountered error. Trying to reconnect to Hub. retry_reason="Hub failed to launch: Io(\"child exited with exit status: 1 without writing file \\\"/tmp/hub-ubuntu-347BB834.config.json\\\"\")"
2026-09-10T00:21:54Z [2,035ms] [Warning] [carb.omniclient.plugin]  45: OmniHub: ThreadId(02) Hub encountered error. Trying to reconnect to Hub. retry_reason="Hub failed to launch: Io(\"child exited with exit status: 1 without writing file \\\"/tmp/hub-ubuntu-347BB834.config.json\\\"\")"
2026-09-10T00:21:54Z [2,247ms] [Warning] [carb.omniclient.plugin]  45: OmniHub: ThreadId(02) Hub encountered error. Trying to reconnect to Hub. retry_reason="Hub failed to launch: Io(\"child exited with exit status: 1 without writing file \\\"/tmp/hub-ubuntu-347BB834.config.json\\\"\")"
2026-09-10T00:21:54Z [2,471ms] [Warning] [carb.omniclient.plugin]  45: OmniHub: ThreadId(02) Hub encountered error. Trying to reconnect to Hub. retry_reason="Hub failed to launch: Io(\"child exited with exit status: 1 without writing file \\\"/tmp/hub-ubuntu-347BB834.config.json\\\"\")"
2026-09-10T00:21:55Z [2,704ms] [Warning] [carb.omniclient.plugin]  45: OmniHub: ThreadId(02) Hub encountered error. Trying to reconnect to Hub. retry_reason="Hub failed to launch: Io(\"child exited with exit status: 1 without writing file \\\"/tmp/hub-ubuntu-347BB834.config.json\\\"\")"
2026-09-10T00:21:55Z [2,947ms] [Warning] [carb.omniclient.plugin]  45: OmniHub: ThreadId(02) Hub encountered error. Trying to reconnect to Hub. retry_reason="Hub failed to launch: Io(\"child exited with exit status: 1 without writing file \\\"/tmp/hub-ubuntu-347BB834.config.json\\\"\")"
2026-09-10T00:21:55Z [3,200ms] [Warning] [carb.omniclient.plugin]  45: OmniHub: ThreadId(02) Hub encountered error. Trying to reconnect to Hub. retry_reason="Hub failed to launch: Io(\"child exited with exit status: 1 without writing file \\\"/tmp/hub-ubuntu-347BB834.config.json\\\"\")"
2026-09-10T00:21:55Z [3,462ms] [Warning] [carb.omniclient.plugin]  45: OmniHub: ThreadId(02) Hub encountered error. Trying to reconnect to Hub. retry_reason="Hub failed to launch: Io(\"child exited with exit status: 1 without writing file \\\"/tmp/hub-ubuntu-347BB834.config.json\\\"\")"
2026-09-10T00:21:56Z [3,735ms] [Warning] [carb.omniclient.plugin]  45: OmniHub: ThreadId(02) Hub encountered error. Trying to reconnect to Hub. retry_reason="Hub failed to launch: Io(\"child exited with exit status: 1 without writing file \\\"/tmp/hub-ubuntu-347BB834.config.json\\\"\")"
2026-09-10T00:21:56Z [4,017ms] [Warning] [carb.omniclient.plugin]  45: OmniHub: ThreadId(02) Hub encountered error. Trying to reconnect to Hub. retry_reason="Hub failed to launch: Io(\"child exited with exit status: 1 without writing file \\\"/tmp/hub-ubuntu-347BB834.config.json\\\"\")"
2026-09-10T00:21:56Z [4,309ms] [Warning] [carb.omniclient.plugin]  45: OmniHub: ThreadId(02) Hub encountered error. Trying to reconnect to Hub. retry_reason="Hub failed to launch: Io(\"child exited with exit status: 1 without writing file \\\"/tmp/hub-ubuntu-347BB834.config.json\\\"\")"
2026-09-10T00:21:56Z [4,612ms] [Warning] [carb.omniclient.plugin]  45: OmniHub: ThreadId(02) Hub encountered error. Trying to reconnect to Hub. retry_reason="Hub failed to launch: Io(\"child exited with exit status: 1 without writing file \\\"/tmp/hub-ubuntu-347BB834.config.json\\\"\")"
2026-09-10T00:21:57Z [4,923ms] [Warning] [carb.omniclient.plugin]  45: OmniHub: ThreadId(02) Hub encountered error. Trying to reconnect to Hub. retry_reason="Hub failed to launch: Io(\"child exited with exit status: 1 without writing file \\\"/tmp/hub-ubuntu-347BB834.config.json\\\"\")"
2026-09-10T00:21:57Z [5,245ms] [Warning] [carb.omniclient.plugin]  45: OmniHub: ThreadId(02) Hub encountered error. Trying to reconnect to Hub. retry_reason="Hub failed to launch: Io(\"child exited with exit status: 1 without writing file \\\"/tmp/hub-ubuntu-347BB834.config.json\\\"\")"
2026-09-10T00:21:57Z [5,579ms] [Warning] [carb.omniclient.plugin]  45: OmniHub: ThreadId(02) Hub encountered error. Trying to reconnect to Hub. retry_reason="Hub failed to launch: Io(\"child exited with exit status: 1 without writing file \\\"/tmp/hub-ubuntu-347BB834.config.json\\\"\")"
2026-09-10T00:21:58Z [5,921ms] [Warning] [carb.omniclient.plugin]  45: OmniHub: ThreadId(02) Hub encountered error. Trying to reconnect to Hub. retry_reason="Hub failed to launch: Io(\"child exited with exit status: 1 without writing file \\\"/tmp/hub-ubuntu-347BB834.config.json\\\"\")"
WARNING: All log messages before absl::InitializeLog() is called are written to STDERR
E0000 00:00:1788999722.736515      11 descriptor_database.cc:633] File already exists in database: grpc/health/v1/health.proto
W0000 00:00:1788999722.736542      11 message.cc:301] Protobuf GeneratedMessageFactory: File is already registered: grpc/health/v1/health.proto
/workspace/isaaclab/_isaac_sim/kit/python/lib/python3.12/site-packages/torch/cuda/__init__.py:435: UserWarning: 
    Found GPU0 NVIDIA GB10 which is of cuda capability 12.1.
    Minimum and Maximum cuda capability supported by this version of PyTorch is
    (8.0) - (12.0)
    
  queued_call()
[ISAACLAB] AppLauncher initialization complete
[INFO]: Base environment:
	Environment device    : cuda:0
	Environment seed      : 157
	Physics step-size     : 0.0025
	Rendering step-size   : 0.02
	Environment step-size : 0.02
[INFO]: Registered backend 'physx' for factory Articulation.
[INFO]: Registered backend 'physx' for factory ContactSensor.
[INFO]: Time taken for scene creation Last: 1.583089 s, Mean: 1.583089 s, Std: 0.000000 s, N: 1
[INFO]: Scene manager:  <class InteractiveScene>
	Number of environments: 1024
	Environment spacing   : 2.0
	Source prim name      : /World/envs/env_0
	Global prim paths     : []
	Replicate physics     : True
[INFO]: Starting the simulation. This may take a few seconds. Please wait...
[INFO]: Simulation parameters for joints in /World/envs/env_.*/Robot:
+-------------------------------------------------------------------------------------------------------------------------------------------------------------------+
|                                                 Simulation Joint Information (Prim path: /World/envs/env_.*/Robot)                                                |
+-------+--------------+-----------+---------+----------+-----------------+------------------+------------------+-----------------+-----------------+---------------+
| Index | Name         | Stiffness | Damping | Armature | Static Friction | Dynamic Friction | Viscous Friction | Position Limits | Velocity Limits | Effort Limits |
+-------+--------------+-----------+---------+----------+-----------------+------------------+------------------+-----------------+-----------------+---------------+
|   0   | revolute_1_1 |   0.000   |  0.000  |  0.001   |      0.010      |      0.010       |      0.002       | [-0.873, 0.873] |      55.292     |     5.500     |
|   1   | revolute_1_7 |   0.000   |  0.000  |  0.001   |      0.010      |      0.010       |      0.002       | [-0.873, 0.873] |      55.292     |     5.500     |
|   2   | revolute_2_5 |   0.000   |  0.000  |  0.001   |      0.010      |      0.010       |      0.002       | [-0.873, 0.873] |      55.292     |     5.500     |
|   3   | revolute_3   |   0.000   |  0.000  |  0.001   |      0.010      |      0.010       |      0.002       | [-0.873, 0.873] |      55.292     |     5.500     |
|   4   | revolute_4   |   0.000   |  0.000  |  0.001   |      0.010      |      0.010       |      0.002       | [-0.873, 0.873] |      55.292     |     5.500     |
|   5   | revolute_5   |   0.000   |  0.000  |  0.001   |      0.010      |      0.010       |      0.002       | [-0.873, 0.873] |      55.292     |     5.500     |
|   6   | revolute_1   |   0.000   |  0.000  |  0.001   |      0.010      |      0.010       |      0.002       |  [0.000, 1.745] |      55.292     |     5.500     |
|   7   | revolute_1_6 |   0.000   |  0.000  |  0.001   |      0.010      |      0.010       |      0.002       |  [0.000, 1.745] |      55.292     |     5.500     |
|   8   | revolute_1_5 |   0.000   |  0.000  |  0.001   |      0.010      |      0.010       |      0.002       |  [0.000, 1.745] |      55.292     |     5.500     |
|   9   | revolute_1_3 |   0.000   |  0.000  |  0.001   |      0.010      |      0.010       |      0.002       |  [0.000, 1.745] |      55.292     |     5.500     |
|   10  | revolute_1_4 |   0.000   |  0.000  |  0.001   |      0.010      |      0.010       |      0.002       |  [0.000, 1.745] |      55.292     |     5.500     |
|   11  | revolute_1_2 |   0.000   |  0.000  |  0.001   |      0.010      |      0.010       |      0.002       |  [0.000, 1.745] |      55.292     |     5.500     |
|   12  | revolute_2   |   0.000   |  0.000  |  0.001   |      0.010      |      0.010       |      0.002       |  [0.000, 2.531] |      55.292     |     5.500     |
|   13  | revolute_2_6 |   0.000   |  0.000  |  0.001   |      0.010      |      0.010       |      0.002       |  [0.000, 2.531] |      55.292     |     5.500     |
|   14  | revolute_2_4 |   0.000   |  0.000  |  0.001   |      0.010      |      0.010       |      0.002       |  [0.000, 2.531] |      55.292     |     5.500     |
|   15  | revolute_2_2 |   0.000   |  0.000  |  0.001   |      0.010      |      0.010       |      0.002       |  [0.000, 2.531] |      55.292     |     5.500     |
|   16  | revolute_2_3 |   0.000   |  0.000  |  0.001   |      0.010      |      0.010       |      0.002       |  [0.000, 2.531] |      55.292     |     5.500     |
|   17  | revolute_2_1 |   0.000   |  0.000  |  0.001   |      0.010      |      0.010       |      0.002       |  [0.000, 2.531] |      55.292     |     5.500     |
+-------+--------------+-----------+---------+----------+-----------------+------------------+------------------+-----------------+-----------------+---------------+
[INFO]: Time taken for simulation start Last: 8.715918 s, Mean: 8.715918 s, Std: 0.000000 s, N: 1
[INFO]: Completed setting up the environment...
--------------------------------------------------------------------------------
Resolved observation sets: 
	 actor :  ['policy']
	 critic :  ['critic']
--------------------------------------------------------------------------------
Actor Model: MLPModel(
  (obs_normalizer): EmpiricalNormalization()
  (distribution): GaussianDistribution()
  (mlp): MLP(
    (0): Linear(in_features=315, out_features=256, bias=True)
    (1): ELU(alpha=1.0)
    (2): Linear(in_features=256, out_features=256, bias=True)
    (3): ELU(alpha=1.0)
    (4): Linear(in_features=256, out_features=128, bias=True)
    (5): ELU(alpha=1.0)
    (6): Linear(in_features=128, out_features=18, bias=True)
  )
)
Critic Model: MLPModel(
  (obs_normalizer): EmpiricalNormalization()
  (mlp): MLP(
    (0): Linear(in_features=318, out_features=256, bias=True)
    (1): ELU(alpha=1.0)
    (2): Linear(in_features=256, out_features=256, bias=True)
    (3): ELU(alpha=1.0)
    (4): Linear(in_features=256, out_features=128, bias=True)
    (5): ELU(alpha=1.0)
    (6): Linear(in_features=128, out_features=1, bias=True)
  )
)
Could not find git repository in /workspace/isaaclab/_isaac_sim/kit/python/lib/python3.12/site-packages/rsl_rl/__init__.py. Skipping.
################################################################################
[1m                          Learning iteration 1847/1897                          [0m 

                            Total steps: 24576 
                       Steps per second: 12193 
                        Collection time: 1.807s 
                          Learning time: 0.209s 
                        Mean value loss: 0.3451
                    Mean surrogate loss: 0.0083
                      Mean entropy loss: -15.8971
                            Mean reward: 0.77
                    Mean episode length: 11.12
                        Mean action std: 0.10
                      Omni/terminations: 0.0000
--------------------------------------------------------------------------------
                         Iteration time: 2.02s
                           Time elapsed: 00:00:02
                                    ETA: 00:01:38

################################################################################
[1m                          Learning iteration 1848/1897                          [0m 

                            Total steps: 49152 
                       Steps per second: 13803 
                        Collection time: 1.703s 
                          Learning time: 0.077s 
                        Mean value loss: 0.0544
                    Mean surrogate loss: -0.0083
                      Mean entropy loss: -15.8955
                            Mean reward: 1.79
                    Mean episode length: 23.90
                        Mean action std: 0.10
                   Omni/linear_tracking: 0.6806
                      Omni/yaw_tracking: 0.5499
                   Omni/linear_progress: 0.3994
                      Omni/yaw_progress: 0.1591
                 Omni/vertical_velocity: 0.0023
                   Omni/roll_pitch_rate: 0.0379
                              Omni/tilt: 0.0003
                            Omni/height: 0.0000
                            Omni/torque: 0.4663
                     Omni/torque_excess: 0.0304
               Omni/worst_torque_excess: 0.4278
                        Omni/saturation: 0.0666
                    Omni/positive_power: 2.2295
                       Omni/action_rate: 3.8263
                Omni/joint_acceleration: 33080.1641
                              Omni/slip: 0.0101
                           Omni/nonfoot: 0.0000
                      Omni/joint_limits: 0.0012
                           Omni/airtime: -0.0301
                     Omni/stand_posture: 0.0010
              Omni/stand_joint_velocity: 0.1680
             Omni/stand_target_velocity: 0.5514
                  Omni/stand_raw_action: 0.0541
                      Omni/terminations: 0.0000
--------------------------------------------------------------------------------
                         Iteration time: 1.78s
                           Time elapsed: 00:00:03
                                    ETA: 00:01:31

################################################################################
[1m                          Learning iteration 1849/1897                          [0m 

                            Total steps: 73728 
                       Steps per second: 14176 
                        Collection time: 1.652s 
                          Learning time: 0.081s 
                        Mean value loss: 0.0294
                    Mean surrogate loss: -0.0097
                      Mean entropy loss: -15.8965
                            Mean reward: 2.77
                    Mean episode length: 36.46
                        Mean action std: 0.10
                   Omni/linear_tracking: 0.6531
                      Omni/yaw_tracking: 0.5529
                   Omni/linear_progress: 0.3392
                      Omni/yaw_progress: 0.2576
                 Omni/vertical_velocity: 0.0017
                   Omni/roll_pitch_rate: 0.0424
                              Omni/tilt: 0.0005
                            Omni/height: 0.0000
                            Omni/torque: 0.4741
                     Omni/torque_excess: 0.0254
               Omni/worst_torque_excess: 0.3960
                        Omni/saturation: 0.0657
                    Omni/positive_power: 2.4202
                       Omni/action_rate: 4.0044
                Omni/joint_acceleration: 32345.8184
                              Omni/slip: 0.0111
                           Omni/nonfoot: 0.0000
                      Omni/joint_limits: 0.0084
                           Omni/airtime: -0.0305
                     Omni/stand_posture: 0.0006
              Omni/stand_joint_velocity: 0.0875
             Omni/stand_target_velocity: 0.2720
                  Omni/stand_raw_action: 0.0262
                      Omni/terminations: 0.0000
--------------------------------------------------------------------------------
                         Iteration time: 1.73s
                           Time elapsed: 00:00:05
                                    ETA: 00:01:26

################################################################################
[1m                          Learning iteration 1850/1897                          [0m 

                            Total steps: 98304 
                       Steps per second: 13705 
                        Collection time: 1.713s 
                          Learning time: 0.080s 
                        Mean value loss: 0.0250
                    Mean surrogate loss: -0.0114
                      Mean entropy loss: -15.9136
                            Mean reward: 4.37
                    Mean episode length: 56.95
                        Mean action std: 0.10
                   Omni/linear_tracking: 0.6489
                      Omni/yaw_tracking: 0.5760
                   Omni/linear_progress: 0.4039
                      Omni/yaw_progress: 0.2409
                 Omni/vertical_velocity: 0.0015
                   Omni/roll_pitch_rate: 0.0438
                              Omni/tilt: 0.0006
                            Omni/height: 0.0000
                            Omni/torque: 0.4577
                     Omni/torque_excess: 0.0190
               Omni/worst_torque_excess: 0.3389
                        Omni/saturation: 0.0606
                    Omni/positive_power: 2.3128
                       Omni/action_rate: 3.9520
                Omni/joint_acceleration: 32058.5605
                              Omni/slip: 0.0105
                           Omni/nonfoot: 0.0000
                      Omni/joint_limits: 0.0156
                           Omni/airtime: -0.0215
                     Omni/stand_posture: 0.0027
              Omni/stand_joint_velocity: 0.1030
             Omni/stand_target_velocity: 0.3434
                  Omni/stand_raw_action: 0.0583
                      Omni/terminations: 0.0000
--------------------------------------------------------------------------------
                         Iteration time: 1.79s
                           Time elapsed: 00:00:07
                                    ETA: 00:01:24

################################################################################
[1m                          Learning iteration 1851/1897                          [0m 

                            Total steps: 122880 
                       Steps per second: 14549 
                        Collection time: 1.611s 
                          Learning time: 0.078s 
                        Mean value loss: 0.0219
                    Mean surrogate loss: -0.0106
                      Mean entropy loss: -15.9334
                            Mean reward: 5.93
                    Mean episode length: 76.52
                        Mean action std: 0.10
                   Omni/linear_tracking: 0.6357
                      Omni/yaw_tracking: 0.5690
                   Omni/linear_progress: 0.4017
                      Omni/yaw_progress: 0.2348
                 Omni/vertical_velocity: 0.0012
                   Omni/roll_pitch_rate: 0.0426
                              Omni/tilt: 0.0007
                            Omni/height: 0.0000
                            Omni/torque: 0.4599
                     Omni/torque_excess: 0.0234
               Omni/worst_torque_excess: 0.3935
                        Omni/saturation: 0.0634
                    Omni/positive_power: 2.2298
                       Omni/action_rate: 3.8143
                Omni/joint_acceleration: 32198.0430
                              Omni/slip: 0.0110
                           Omni/nonfoot: 0.0000
                      Omni/joint_limits: 0.0187
                           Omni/airtime: -0.0153
                     Omni/stand_posture: 0.0042
              Omni/stand_joint_velocity: 0.1094
             Omni/stand_target_velocity: 0.3926
                  Omni/stand_raw_action: 0.0747
                      Omni/terminations: 0.0000
--------------------------------------------------------------------------------
                         Iteration time: 1.69s
                           Time elapsed: 00:00:09
                                    ETA: 00:01:21

################################################################################
[1m                          Learning iteration 1852/1897                          [0m 

                            Total steps: 147456 
                       Steps per second: 14279 
                        Collection time: 1.643s 
                          Learning time: 0.078s 
                        Mean value loss: 0.0225
                    Mean surrogate loss: -0.0107
                      Mean entropy loss: -15.9328
                            Mean reward: 7.65
                    Mean episode length: 97.66
                        Mean action std: 0.10
                   Omni/linear_tracking: 0.6202
                      Omni/yaw_tracking: 0.5568
                   Omni/linear_progress: 0.5263
                      Omni/yaw_progress: 0.1844
                 Omni/vertical_velocity: 0.0012
                   Omni/roll_pitch_rate: 0.0452
                              Omni/tilt: 0.0009
                            Omni/height: 0.0000
                            Omni/torque: 0.4644
                     Omni/torque_excess: 0.0215
               Omni/worst_torque_excess: 0.3707
                        Omni/saturation: 0.0639
                    Omni/positive_power: 2.4034
                       Omni/action_rate: 3.8488
                Omni/joint_acceleration: 31959.6992
                              Omni/slip: 0.0110
                           Omni/nonfoot: 0.0000
                      Omni/joint_limits: 0.0208
                           Omni/airtime: -0.0140
                     Omni/stand_posture: 0.0005
              Omni/stand_joint_velocity: 0.0388
             Omni/stand_target_velocity: 0.1193
                  Omni/stand_raw_action: 0.0115
                      Omni/terminations: 0.0000
--------------------------------------------------------------------------------
                         Iteration time: 1.72s
                           Time elapsed: 00:00:10
                                    ETA: 00:01:18

################################################################################
[1m                          Learning iteration 1853/1897                          [0m 

                            Total steps: 172032 
                       Steps per second: 14258 
                        Collection time: 1.645s 
                          Learning time: 0.079s 
                        Mean value loss: 0.0980
                    Mean surrogate loss: -0.0084
                      Mean entropy loss: -15.9428
                            Mean reward: 8.79
                    Mean episode length: 113.86
                        Mean action std: 0.10
                   Omni/linear_tracking: 0.6166
                      Omni/yaw_tracking: 0.6248
                   Omni/linear_progress: 0.2998
                      Omni/yaw_progress: 0.2833
                 Omni/vertical_velocity: 0.0011
                   Omni/roll_pitch_rate: 0.0437
                              Omni/tilt: 0.0006
                            Omni/height: 0.0000
                            Omni/torque: 0.4462
                     Omni/torque_excess: 0.0162
               Omni/worst_torque_excess: 0.3230
                        Omni/saturation: 0.0582
                    Omni/positive_power: 2.1470
                       Omni/action_rate: 3.8454
                Omni/joint_acceleration: 32508.2344
                              Omni/slip: 0.0079
                           Omni/nonfoot: 0.0000
                      Omni/joint_limits: 0.0269
                           Omni/airtime: -0.0099
                     Omni/stand_posture: 0.0051
              Omni/stand_joint_velocity: 0.1015
             Omni/stand_target_velocity: 0.3677
                  Omni/stand_raw_action: 0.0780
                      Omni/terminations: 0.0000
--------------------------------------------------------------------------------
                         Iteration time: 1.72s
                           Time elapsed: 00:00:12
                                    ETA: 00:01:16

################################################################################
[1m                          Learning iteration 1854/1897                          [0m 

                            Total steps: 196608 
                       Steps per second: 14020 
                        Collection time: 1.673s 
                          Learning time: 0.080s 
                        Mean value loss: 0.1119
                    Mean surrogate loss: -0.0064
                      Mean entropy loss: -15.9536
                            Mean reward: 10.43
                    Mean episode length: 136.94
                        Mean action std: 0.10
                   Omni/linear_tracking: 0.6015
                      Omni/yaw_tracking: 0.5420
                   Omni/linear_progress: 0.4643
                      Omni/yaw_progress: 0.2261
                 Omni/vertical_velocity: 0.0010
                   Omni/roll_pitch_rate: 0.0460
                              Omni/tilt: 0.0011
                            Omni/height: 0.0000
                            Omni/torque: 0.4619
                     Omni/torque_excess: 0.0219
               Omni/worst_torque_excess: 0.3808
                        Omni/saturation: 0.0644
                    Omni/positive_power: 2.4032
                       Omni/action_rate: 3.8419
                Omni/joint_acceleration: 31661.5352
                              Omni/slip: 0.0112
                           Omni/nonfoot: 0.0000
                      Omni/joint_limits: 0.0238
                           Omni/airtime: -0.0106
                     Omni/stand_posture: 0.0012
              Omni/stand_joint_velocity: 0.0393
             Omni/stand_target_velocity: 0.1312
                  Omni/stand_raw_action: 0.0209
                      Omni/terminations: 0.0000
--------------------------------------------------------------------------------
                         Iteration time: 1.75s
                           Time elapsed: 00:00:14
                                    ETA: 00:01:14

################################################################################
[1m                          Learning iteration 1855/1897                          [0m 

                            Total steps: 221184 
                       Steps per second: 13801 
                        Collection time: 1.689s 
                          Learning time: 0.092s 
                        Mean value loss: 0.1402
                    Mean surrogate loss: -0.0106
                      Mean entropy loss: -15.9628
                            Mean reward: 12.54
                    Mean episode length: 164.60
                        Mean action std: 0.10
                   Omni/linear_tracking: 0.5918
                      Omni/yaw_tracking: 0.5818
                   Omni/linear_progress: 0.4067
                      Omni/yaw_progress: 0.2546
                 Omni/vertical_velocity: 0.0012
                   Omni/roll_pitch_rate: 0.0480
                              Omni/tilt: 0.0011
                            Omni/height: 0.0000
                            Omni/torque: 0.4537
                     Omni/torque_excess: 0.0194
               Omni/worst_torque_excess: 0.3543
                        Omni/saturation: 0.0598
                    Omni/positive_power: 2.3252
                       Omni/action_rate: 3.9566
                Omni/joint_acceleration: 32866.3047
                              Omni/slip: 0.0104
                           Omni/nonfoot: 0.0000
                      Omni/joint_limits: 0.0204
                           Omni/airtime: -0.0089
                     Omni/stand_posture: 0.0030
              Omni/stand_joint_velocity: 0.0638
             Omni/stand_target_velocity: 0.2168
                  Omni/stand_raw_action: 0.0431
                      Omni/terminations: 0.0000
--------------------------------------------------------------------------------
                         Iteration time: 1.78s
                           Time elapsed: 00:00:15
                                    ETA: 00:01:12

################################################################################
[1m                          Learning iteration 1856/1897                          [0m 

                            Total steps: 245760 
                       Steps per second: 14450 
                        Collection time: 1.619s 
                          Learning time: 0.081s 
                        Mean value loss: 0.1238
                    Mean surrogate loss: -0.0095
                      Mean entropy loss: -15.9656
                            Mean reward: 14.19
                    Mean episode length: 188.11
                        Mean action std: 0.10
                   Omni/linear_tracking: 0.6073
                      Omni/yaw_tracking: 0.5737
                   Omni/linear_progress: 0.4798
                      Omni/yaw_progress: 0.2308
                 Omni/vertical_velocity: 0.0010
                   Omni/roll_pitch_rate: 0.0463
                              Omni/tilt: 0.0010
                            Omni/height: 0.0000
                            Omni/torque: 0.4565
                     Omni/torque_excess: 0.0216
               Omni/worst_torque_excess: 0.3700
                        Omni/saturation: 0.0604
                    Omni/positive_power: 2.2975
                       Omni/action_rate: 3.8818
                Omni/joint_acceleration: 31610.1055
                              Omni/slip: 0.0096
                           Omni/nonfoot: 0.0000
                      Omni/joint_limits: 0.0242
                           Omni/airtime: -0.0075
                     Omni/stand_posture: 0.0056
              Omni/stand_joint_velocity: 0.0949
             Omni/stand_target_velocity: 0.3467
                  Omni/stand_raw_action: 0.0769
                      Omni/terminations: 0.0000
--------------------------------------------------------------------------------
                         Iteration time: 1.70s
                           Time elapsed: 00:00:17
                                    ETA: 00:01:10

################################################################################
[1m                          Learning iteration 1857/1897                          [0m 

                            Total steps: 270336 
                       Steps per second: 14087 
                        Collection time: 1.655s 
                          Learning time: 0.089s 
                        Mean value loss: 0.1147
                    Mean surrogate loss: -0.0077
                      Mean entropy loss: -15.9737
                            Mean reward: 16.40
                    Mean episode length: 215.76
                        Mean action std: 0.10
                   Omni/linear_tracking: 0.6421
                      Omni/yaw_tracking: 0.6017
                   Omni/linear_progress: 0.4477
                      Omni/yaw_progress: 0.2322
                 Omni/vertical_velocity: 0.0010
                   Omni/roll_pitch_rate: 0.0483
                              Omni/tilt: 0.0007
                            Omni/height: 0.0000
                            Omni/torque: 0.4593
                     Omni/torque_excess: 0.0163
               Omni/worst_torque_excess: 0.3319
                        Omni/saturation: 0.0601
                    Omni/positive_power: 2.2454
                       Omni/action_rate: 3.8280
                Omni/joint_acceleration: 32695.0215
                              Omni/slip: 0.0080
                           Omni/nonfoot: 0.0000
                      Omni/joint_limits: 0.0249
                           Omni/airtime: -0.0062
                     Omni/stand_posture: 0.0052
              Omni/stand_joint_velocity: 0.0904
             Omni/stand_target_velocity: 0.3225
                  Omni/stand_raw_action: 0.0713
                      Omni/terminations: 0.0000
--------------------------------------------------------------------------------
                         Iteration time: 1.74s
                           Time elapsed: 00:00:19
                                    ETA: 00:01:08

################################################################################
[1m                          Learning iteration 1858/1897                          [0m 

                            Total steps: 294912 
                       Steps per second: 14033 
                        Collection time: 1.663s 
                          Learning time: 0.088s 
                        Mean value loss: 0.1061
                    Mean surrogate loss: -0.0109
                      Mean entropy loss: -15.9813
                            Mean reward: 18.14
                    Mean episode length: 235.01
                        Mean action std: 0.10
                   Omni/linear_tracking: 0.6131
                      Omni/yaw_tracking: 0.5846
                   Omni/linear_progress: 0.5526
                      Omni/yaw_progress: 0.2273
                 Omni/vertical_velocity: 0.0009
                   Omni/roll_pitch_rate: 0.0496
                              Omni/tilt: 0.0011
                            Omni/height: 0.0000
                            Omni/torque: 0.4543
                     Omni/torque_excess: 0.0215
               Omni/worst_torque_excess: 0.3661
                        Omni/saturation: 0.0594
                    Omni/positive_power: 2.3947
                       Omni/action_rate: 3.8185
                Omni/joint_acceleration: 31827.2090
                              Omni/slip: 0.0111
                           Omni/nonfoot: 0.0000
                      Omni/joint_limits: 0.0292
                           Omni/airtime: -0.0073
                     Omni/stand_posture: 0.0017
              Omni/stand_joint_velocity: 0.0383
             Omni/stand_target_velocity: 0.1293
                  Omni/stand_raw_action: 0.0250
                      Omni/terminations: 0.0000
--------------------------------------------------------------------------------
                         Iteration time: 1.75s
                           Time elapsed: 00:00:21
                                    ETA: 00:01:07

################################################################################
[1m                          Learning iteration 1859/1897                          [0m 

                            Total steps: 319488 
                       Steps per second: 13757 
                        Collection time: 1.695s 
                          Learning time: 0.092s 
                        Mean value loss: 0.0954
                    Mean surrogate loss: -0.0115
                      Mean entropy loss: -15.9979
                            Mean reward: 20.01
                    Mean episode length: 260.01
                        Mean action std: 0.10
                   Omni/linear_tracking: 0.6230
                      Omni/yaw_tracking: 0.5635
                   Omni/linear_progress: 0.5055
                      Omni/yaw_progress: 0.2140
                 Omni/vertical_velocity: 0.0009
                   Omni/roll_pitch_rate: 0.0461
                              Omni/tilt: 0.0010
                            Omni/height: 0.0000
                            Omni/torque: 0.4538
                     Omni/torque_excess: 0.0177
               Omni/worst_torque_excess: 0.3406
                        Omni/saturation: 0.0592
                    Omni/positive_power: 2.3260
                       Omni/action_rate: 3.8766
                Omni/joint_acceleration: 31886.0996
                              Omni/slip: 0.0099
                           Omni/nonfoot: 0.0000
                      Omni/joint_limits: 0.0247
                           Omni/airtime: -0.0058
                     Omni/stand_posture: 0.0059
              Omni/stand_joint_velocity: 0.0929
             Omni/stand_target_velocity: 0.3465
                  Omni/stand_raw_action: 0.0800
                      Omni/terminations: 0.0000
--------------------------------------------------------------------------------
                         Iteration time: 1.79s
                           Time elapsed: 00:00:22
                                    ETA: 00:01:05

################################################################################
[1m                          Learning iteration 1860/1897                          [0m 

                            Total steps: 344064 
                       Steps per second: 13962 
                        Collection time: 1.670s 
                          Learning time: 0.090s 
                        Mean value loss: 0.0556
                    Mean surrogate loss: -0.0118
                      Mean entropy loss: -16.0080
                            Mean reward: 21.50
                    Mean episode length: 281.15
                        Mean action std: 0.10
                   Omni/linear_tracking: 0.5984
                      Omni/yaw_tracking: 0.5927
                   Omni/linear_progress: 0.3287
                      Omni/yaw_progress: 0.2713
                 Omni/vertical_velocity: 0.0009
                   Omni/roll_pitch_rate: 0.0490
                              Omni/tilt: 0.0008
                            Omni/height: 0.0000
                            Omni/torque: 0.4546
                     Omni/torque_excess: 0.0158
               Omni/worst_torque_excess: 0.3214
                        Omni/saturation: 0.0590
                    Omni/positive_power: 2.2032
                       Omni/action_rate: 4.0232
                Omni/joint_acceleration: 32636.7656
                              Omni/slip: 0.0099
                           Omni/nonfoot: 0.0000
                      Omni/joint_limits: 0.0198
                           Omni/airtime: -0.0047
                     Omni/stand_posture: 0.0091
              Omni/stand_joint_velocity: 0.1318
             Omni/stand_target_velocity: 0.5005
                  Omni/stand_raw_action: 0.1194
                      Omni/terminations: 0.0000
--------------------------------------------------------------------------------
                         Iteration time: 1.76s
                           Time elapsed: 00:00:24
                                    ETA: 00:01:03

################################################################################
[1m                          Learning iteration 1861/1897                          [0m 

                            Total steps: 368640 
                       Steps per second: 13817 
                        Collection time: 1.685s 
                          Learning time: 0.094s 
                        Mean value loss: 0.0482
                    Mean surrogate loss: -0.0105
                      Mean entropy loss: -16.0115
                            Mean reward: 23.14
                    Mean episode length: 306.16
                        Mean action std: 0.10
                   Omni/linear_tracking: 0.5876
                      Omni/yaw_tracking: 0.5650
                   Omni/linear_progress: 0.3878
                      Omni/yaw_progress: 0.2976
                 Omni/vertical_velocity: 0.0010
                   Omni/roll_pitch_rate: 0.0519
                              Omni/tilt: 0.0012
                            Omni/height: 0.0000
                            Omni/torque: 0.4587
                     Omni/torque_excess: 0.0179
               Omni/worst_torque_excess: 0.3457
                        Omni/saturation: 0.0614
                    Omni/positive_power: 2.3254
                       Omni/action_rate: 3.9267
                Omni/joint_acceleration: 32489.3906
                              Omni/slip: 0.0095
                           Omni/nonfoot: 0.0000
                      Omni/joint_limits: 0.0259
                           Omni/airtime: -0.0052
                     Omni/stand_posture: 0.0020
              Omni/stand_joint_velocity: 0.0381
             Omni/stand_target_velocity: 0.1334
                  Omni/stand_raw_action: 0.0273
                      Omni/terminations: 0.0000
--------------------------------------------------------------------------------
                         Iteration time: 1.78s
                           Time elapsed: 00:00:26
                                    ETA: 00:01:01

################################################################################
[1m                          Learning iteration 1862/1897                          [0m 

                            Total steps: 393216 
                       Steps per second: 14009 
                        Collection time: 1.664s 
                          Learning time: 0.091s 
                        Mean value loss: 0.0633
                    Mean surrogate loss: -0.0096
                      Mean entropy loss: -16.0259
                            Mean reward: 24.98
                    Mean episode length: 334.89
                        Mean action std: 0.10
                   Omni/linear_tracking: 0.5843
                      Omni/yaw_tracking: 0.5504
                   Omni/linear_progress: 0.4805
                      Omni/yaw_progress: 0.1184
                 Omni/vertical_velocity: 0.0008
                   Omni/roll_pitch_rate: 0.0471
                              Omni/tilt: 0.0011
                            Omni/height: 0.0000
                            Omni/torque: 0.4644
                     Omni/torque_excess: 0.0226
               Omni/worst_torque_excess: 0.3841
                        Omni/saturation: 0.0627
                    Omni/positive_power: 2.3890
                       Omni/action_rate: 3.8210
                Omni/joint_acceleration: 31764.9844
                              Omni/slip: 0.0116
                           Omni/nonfoot: 0.0000
                      Omni/joint_limits: 0.0282
                           Omni/airtime: -0.0049
                     Omni/stand_posture: 0.0042
              Omni/stand_joint_velocity: 0.0665
             Omni/stand_target_velocity: 0.2375
                  Omni/stand_raw_action: 0.0546
                      Omni/terminations: 0.0000
--------------------------------------------------------------------------------
                         Iteration time: 1.75s
                           Time elapsed: 00:00:28
                                    ETA: 00:01:00

################################################################################
[1m                          Learning iteration 1863/1897                          [0m 

                            Total steps: 417792 
                       Steps per second: 14028 
                        Collection time: 1.665s 
                          Learning time: 0.087s 
                        Mean value loss: 0.0708
                    Mean surrogate loss: -0.0093
                      Mean entropy loss: -16.0408
                            Mean reward: 26.00
                    Mean episode length: 351.80
                        Mean action std: 0.10
                   Omni/linear_tracking: 0.5977
                      Omni/yaw_tracking: 0.5939
                   Omni/linear_progress: 0.4019
                      Omni/yaw_progress: 0.2018
                 Omni/vertical_velocity: 0.0009
                   Omni/roll_pitch_rate: 0.0489
                              Omni/tilt: 0.0007
                            Omni/height: 0.0000
                            Omni/torque: 0.4605
                     Omni/torque_excess: 0.0222
               Omni/worst_torque_excess: 0.3698
                        Omni/saturation: 0.0611
                    Omni/positive_power: 2.2836
                       Omni/action_rate: 3.7864
                Omni/joint_acceleration: 32929.4258
                              Omni/slip: 0.0088
                           Omni/nonfoot: 0.0000
                      Omni/joint_limits: 0.0298
                           Omni/airtime: -0.0041
                     Omni/stand_posture: 0.0065
              Omni/stand_joint_velocity: 0.0929
             Omni/stand_target_velocity: 0.3433
                  Omni/stand_raw_action: 0.0810
                      Omni/terminations: 0.0000
--------------------------------------------------------------------------------
                         Iteration time: 1.75s
                           Time elapsed: 00:00:30
                                    ETA: 00:00:58

################################################################################
[1m                          Learning iteration 1864/1897                          [0m 

                            Total steps: 442368 
                       Steps per second: 12760 
                        Collection time: 1.836s 
                          Learning time: 0.090s 
                        Mean value loss: 0.0809
                    Mean surrogate loss: -0.0107
                      Mean entropy loss: -16.0503
                            Mean reward: 27.90
                    Mean episode length: 372.70
                        Mean action std: 0.10
                   Omni/linear_tracking: 0.6248
                      Omni/yaw_tracking: 0.6303
                   Omni/linear_progress: 0.3921
                      Omni/yaw_progress: 0.3440
                 Omni/vertical_velocity: 0.0008
                   Omni/roll_pitch_rate: 0.0488
                              Omni/tilt: 0.0007
                            Omni/height: 0.0000
                            Omni/torque: 0.4525
                     Omni/torque_excess: 0.0155
               Omni/worst_torque_excess: 0.3232
                        Omni/saturation: 0.0590
                    Omni/positive_power: 2.2178
                       Omni/action_rate: 3.8643
                Omni/joint_acceleration: 32598.1934
                              Omni/slip: 0.0086
                           Omni/nonfoot: 0.0000
                      Omni/joint_limits: 0.0273
                           Omni/airtime: -0.0061
                     Omni/stand_posture: 0.0037
              Omni/stand_joint_velocity: 0.0562
             Omni/stand_target_velocity: 0.2066
                  Omni/stand_raw_action: 0.0475
                      Omni/terminations: 0.0000
--------------------------------------------------------------------------------
                         Iteration time: 1.93s
                           Time elapsed: 00:00:31
                                    ETA: 00:00:56

################################################################################
[1m                          Learning iteration 1865/1897                          [0m 

                            Total steps: 466944 
                       Steps per second: 12774 
                        Collection time: 1.844s 
                          Learning time: 0.080s 
                        Mean value loss: 0.0903
                    Mean surrogate loss: -0.0086
                      Mean entropy loss: -16.0654
                            Mean reward: 30.95
                    Mean episode length: 403.28
                        Mean action std: 0.10
                   Omni/linear_tracking: 0.6210
                      Omni/yaw_tracking: 0.5947
                   Omni/linear_progress: 0.4714
                      Omni/yaw_progress: 0.2445
                 Omni/vertical_velocity: 0.0009
                   Omni/roll_pitch_rate: 0.0491
                              Omni/tilt: 0.0011
                            Omni/height: 0.0000
                            Omni/torque: 0.4599
                     Omni/torque_excess: 0.0171
               Omni/worst_torque_excess: 0.3404
                        Omni/saturation: 0.0604
                    Omni/positive_power: 2.3059
                       Omni/action_rate: 4.0005
                Omni/joint_acceleration: 31990.2344
                              Omni/slip: 0.0087
                           Omni/nonfoot: 0.0000
                      Omni/joint_limits: 0.0230
                           Omni/airtime: -0.0076
                     Omni/stand_posture: 0.0043
              Omni/stand_joint_velocity: 0.0622
             Omni/stand_target_velocity: 0.2302
                  Omni/stand_raw_action: 0.0531
                      Omni/terminations: 0.0000
--------------------------------------------------------------------------------
                         Iteration time: 1.92s
                           Time elapsed: 00:00:33
                                    ETA: 00:00:55

################################################################################
[1m                          Learning iteration 1866/1897                          [0m 

                            Total steps: 491520 
                       Steps per second: 13661 
                        Collection time: 1.718s 
                          Learning time: 0.081s 
                        Mean value loss: 0.0981
                    Mean surrogate loss: -0.0112
                      Mean entropy loss: -16.0820
                            Mean reward: 33.02
                    Mean episode length: 429.43
                        Mean action std: 0.10
                   Omni/linear_tracking: 0.6173
                      Omni/yaw_tracking: 0.6062
                   Omni/linear_progress: 0.4374
                      Omni/yaw_progress: 0.2539
                 Omni/vertical_velocity: 0.0009
                   Omni/roll_pitch_rate: 0.0502
                              Omni/tilt: 0.0008
                            Omni/height: 0.0000
                            Omni/torque: 0.4540
                     Omni/torque_excess: 0.0184
               Omni/worst_torque_excess: 0.3457
                        Omni/saturation: 0.0594
                    Omni/positive_power: 2.2905
                       Omni/action_rate: 3.8219
                Omni/joint_acceleration: 32599.7090
                              Omni/slip: 0.0093
                           Omni/nonfoot: 0.0000
                      Omni/joint_limits: 0.0261
                           Omni/airtime: -0.0084
                     Omni/stand_posture: 0.0071
              Omni/stand_joint_velocity: 0.1003
             Omni/stand_target_velocity: 0.3764
                  Omni/stand_raw_action: 0.0900
                      Omni/terminations: 0.0000
--------------------------------------------------------------------------------
                         Iteration time: 1.80s
                           Time elapsed: 00:00:35
                                    ETA: 00:00:53

################################################################################
[1m                          Learning iteration 1867/1897                          [0m 

                            Total steps: 516096 
                       Steps per second: 13333 
                        Collection time: 1.761s 
                          Learning time: 0.082s 
                        Mean value loss: 0.0822
                    Mean surrogate loss: -0.0124
                      Mean entropy loss: -16.1089
                            Mean reward: 34.54
                    Mean episode length: 447.72
                        Mean action std: 0.10
                   Omni/linear_tracking: 0.5891
                      Omni/yaw_tracking: 0.5909
                   Omni/linear_progress: 0.3693
                      Omni/yaw_progress: 0.2821
                 Omni/vertical_velocity: 0.0010
                   Omni/roll_pitch_rate: 0.0488
                              Omni/tilt: 0.0010
                            Omni/height: 0.0000
                            Omni/torque: 0.4539
                     Omni/torque_excess: 0.0163
               Omni/worst_torque_excess: 0.3284
                        Omni/saturation: 0.0592
                    Omni/positive_power: 2.2722
                       Omni/action_rate: 3.8550
                Omni/joint_acceleration: 32744.3242
                              Omni/slip: 0.0080
                           Omni/nonfoot: 0.0000
                      Omni/joint_limits: 0.0277
                           Omni/airtime: -0.0089
                     Omni/stand_posture: 0.0056
              Omni/stand_joint_velocity: 0.0779
             Omni/stand_target_velocity: 0.2931
                  Omni/stand_raw_action: 0.0700
                      Omni/terminations: 0.0000
--------------------------------------------------------------------------------
                         Iteration time: 1.84s
                           Time elapsed: 00:00:37
                                    ETA: 00:00:51

################################################################################
[1m                          Learning iteration 1868/1897                          [0m 

                            Total steps: 540672 
                       Steps per second: 13481 
                        Collection time: 1.744s 
                          Learning time: 0.079s 
                        Mean value loss: 0.0783
                    Mean surrogate loss: -0.0083
                      Mean entropy loss: -16.1206
                            Mean reward: 36.01
                    Mean episode length: 468.70
                        Mean action std: 0.10
                   Omni/linear_tracking: 0.6137
                      Omni/yaw_tracking: 0.6126
                   Omni/linear_progress: 0.3567
                      Omni/yaw_progress: 0.2314
                 Omni/vertical_velocity: 0.0009
                   Omni/roll_pitch_rate: 0.0471
                              Omni/tilt: 0.0009
                            Omni/height: 0.0000
                            Omni/torque: 0.4487
                     Omni/torque_excess: 0.0139
               Omni/worst_torque_excess: 0.2989
                        Omni/saturation: 0.0579
                    Omni/positive_power: 2.1848
                       Omni/action_rate: 3.8897
                Omni/joint_acceleration: 32680.6680
                              Omni/slip: 0.0069
                           Omni/nonfoot: 0.0000
                      Omni/joint_limits: 0.0254
                           Omni/airtime: -0.0109
                     Omni/stand_posture: 0.0108
              Omni/stand_joint_velocity: 0.1425
             Omni/stand_target_velocity: 0.5318
                  Omni/stand_raw_action: 0.1302
                      Omni/terminations: 0.0000
--------------------------------------------------------------------------------
                         Iteration time: 1.82s
                           Time elapsed: 00:00:39
                                    ETA: 00:00:50

################################################################################
[1m                          Learning iteration 1869/1897                          [0m 

                            Total steps: 565248 
                       Steps per second: 13434 
                        Collection time: 1.750s 
                          Learning time: 0.079s 
                        Mean value loss: 0.0768
                    Mean surrogate loss: -0.0109
                      Mean entropy loss: -16.1271
                            Mean reward: 37.69
                    Mean episode length: 490.43
                        Mean action std: 0.10
                   Omni/linear_tracking: 0.5727
                      Omni/yaw_tracking: 0.6044
                   Omni/linear_progress: 0.3599
                      Omni/yaw_progress: 0.3884
                 Omni/vertical_velocity: 0.0009
                   Omni/roll_pitch_rate: 0.0498
                              Omni/tilt: 0.0011
                            Omni/height: 0.0000
                            Omni/torque: 0.4482
                     Omni/torque_excess: 0.0185
               Omni/worst_torque_excess: 0.3471
                        Omni/saturation: 0.0596
                    Omni/positive_power: 2.3300
                       Omni/action_rate: 3.7491
                Omni/joint_acceleration: 32178.3965
                              Omni/slip: 0.0113
                           Omni/nonfoot: 0.0000
                      Omni/joint_limits: 0.0302
                           Omni/airtime: -0.0134
                     Omni/stand_posture: 0.0037
              Omni/stand_joint_velocity: 0.0550
             Omni/stand_target_velocity: 0.2019
                  Omni/stand_raw_action: 0.0470
                      Omni/terminations: 0.0000
--------------------------------------------------------------------------------
                         Iteration time: 1.83s
                           Time elapsed: 00:00:41
                                    ETA: 00:00:48

################################################################################
[1m                          Learning iteration 1870/1897                          [0m 

                            Total steps: 589824 
                       Steps per second: 12921 
                        Collection time: 1.818s 
                          Learning time: 0.084s 
                        Mean value loss: 0.0999
                    Mean surrogate loss: -0.0074
                      Mean entropy loss: -16.1248
                            Mean reward: 39.75
                    Mean episode length: 521.89
                        Mean action std: 0.10
                   Omni/linear_tracking: 0.5978
                      Omni/yaw_tracking: 0.6131
                   Omni/linear_progress: 0.3427
                      Omni/yaw_progress: 0.3958
                 Omni/vertical_velocity: 0.0009
                   Omni/roll_pitch_rate: 0.0498
                              Omni/tilt: 0.0009
                            Omni/height: 0.0000
                            Omni/torque: 0.4489
                     Omni/torque_excess: 0.0155
               Omni/worst_torque_excess: 0.3235
                        Omni/saturation: 0.0577
                    Omni/positive_power: 2.2513
                       Omni/action_rate: 3.8284
                Omni/joint_acceleration: 32554.4902
                              Omni/slip: 0.0092
                           Omni/nonfoot: 0.0067
                      Omni/joint_limits: 0.0285
                           Omni/airtime: -0.0136
                     Omni/stand_posture: 0.0034
              Omni/stand_joint_velocity: 0.0525
             Omni/stand_target_velocity: 0.1924
                  Omni/stand_raw_action: 0.0441
                      Omni/terminations: 0.0833
--------------------------------------------------------------------------------
                         Iteration time: 1.90s
                           Time elapsed: 00:00:43
                                    ETA: 00:00:46

################################################################################
[1m                          Learning iteration 1871/1897                          [0m 

                            Total steps: 614400 
                       Steps per second: 13844 
                        Collection time: 1.689s 
                          Learning time: 0.086s 
                        Mean value loss: 0.0640
                    Mean surrogate loss: -0.0104
                      Mean entropy loss: -16.1297
                            Mean reward: 41.60
                    Mean episode length: 547.91
                        Mean action std: 0.10
                   Omni/linear_tracking: 0.6061
                      Omni/yaw_tracking: 0.5767
                   Omni/linear_progress: 0.4479
                      Omni/yaw_progress: 0.2253
                 Omni/vertical_velocity: 0.0009
                   Omni/roll_pitch_rate: 0.0501
                              Omni/tilt: 0.0012
                            Omni/height: 0.0000
                            Omni/torque: 0.4571
                     Omni/torque_excess: 0.0164
               Omni/worst_torque_excess: 0.3339
                        Omni/saturation: 0.0599
                    Omni/positive_power: 2.3305
                       Omni/action_rate: 3.9134
                Omni/joint_acceleration: 32047.5156
                              Omni/slip: 0.0094
                           Omni/nonfoot: 0.0000
                      Omni/joint_limits: 0.0265
                           Omni/airtime: -0.0155
                     Omni/stand_posture: 0.0023
              Omni/stand_joint_velocity: 0.0344
             Omni/stand_target_velocity: 0.1233
                  Omni/stand_raw_action: 0.0275
                      Omni/terminations: 0.0000
--------------------------------------------------------------------------------
                         Iteration time: 1.78s
                           Time elapsed: 00:00:44
                                    ETA: 00:00:44

################################################################################
[1m                          Learning iteration 1872/1897                          [0m 

                            Total steps: 638976 
                       Steps per second: 13658 
                        Collection time: 1.715s 
                          Learning time: 0.085s 
                        Mean value loss: 0.1153
                    Mean surrogate loss: -0.0072
                      Mean entropy loss: -16.1393
                            Mean reward: 44.35
                    Mean episode length: 581.71
                        Mean action std: 0.10
                   Omni/linear_tracking: 0.6221
                      Omni/yaw_tracking: 0.5604
                   Omni/linear_progress: 0.4872
                      Omni/yaw_progress: 0.1496
                 Omni/vertical_velocity: 0.0009
                   Omni/roll_pitch_rate: 0.0474
                              Omni/tilt: 0.0010
                            Omni/height: 0.0000
                            Omni/torque: 0.4569
                     Omni/torque_excess: 0.0156
               Omni/worst_torque_excess: 0.3207
                        Omni/saturation: 0.0598
                    Omni/positive_power: 2.3133
                       Omni/action_rate: 3.9139
                Omni/joint_acceleration: 32352.9512
                              Omni/slip: 0.0093
                           Omni/nonfoot: 0.0000
                      Omni/joint_limits: 0.0266
                           Omni/airtime: -0.0157
                     Omni/stand_posture: 0.0049
              Omni/stand_joint_velocity: 0.0696
             Omni/stand_target_velocity: 0.2564
                  Omni/stand_raw_action: 0.0615
                      Omni/terminations: 0.0833
--------------------------------------------------------------------------------
                         Iteration time: 1.80s
                           Time elapsed: 00:00:46
                                    ETA: 00:00:43

################################################################################
[1m                          Learning iteration 1873/1897                          [0m 

                            Total steps: 663552 
                       Steps per second: 13758 
                        Collection time: 1.696s 
                          Learning time: 0.091s 
                        Mean value loss: 0.0771
                    Mean surrogate loss: -0.0076
                      Mean entropy loss: -16.1469
                            Mean reward: 45.94
                    Mean episode length: 603.69
                        Mean action std: 0.10
                   Omni/linear_tracking: 0.6148
                      Omni/yaw_tracking: 0.5649
                   Omni/linear_progress: 0.4914
                      Omni/yaw_progress: 0.2002
                 Omni/vertical_velocity: 0.0008
                   Omni/roll_pitch_rate: 0.0501
                              Omni/tilt: 0.0011
                            Omni/height: 0.0000
                            Omni/torque: 0.4590
                     Omni/torque_excess: 0.0183
               Omni/worst_torque_excess: 0.3497
                        Omni/saturation: 0.0615
                    Omni/positive_power: 2.3043
                       Omni/action_rate: 3.9161
                Omni/joint_acceleration: 31936.7031
                              Omni/slip: 0.0097
                           Omni/nonfoot: 0.0000
                      Omni/joint_limits: 0.0272
                           Omni/airtime: -0.0167
                     Omni/stand_posture: 0.0031
              Omni/stand_joint_velocity: 0.0480
             Omni/stand_target_velocity: 0.1759
                  Omni/stand_raw_action: 0.0414
                      Omni/terminations: 0.0000
--------------------------------------------------------------------------------
                         Iteration time: 1.79s
                           Time elapsed: 00:00:48
                                    ETA: 00:00:41

################################################################################
[1m                          Learning iteration 1874/1897                          [0m 

                            Total steps: 688128 
                       Steps per second: 13339 
                        Collection time: 1.752s 
                          Learning time: 0.090s 
                        Mean value loss: 0.0717
                    Mean surrogate loss: -0.0101
                      Mean entropy loss: -16.1585
                            Mean reward: 48.40
                    Mean episode length: 628.97
                        Mean action std: 0.10
                   Omni/linear_tracking: 0.6284
                      Omni/yaw_tracking: 0.5833
                   Omni/linear_progress: 0.4973
                      Omni/yaw_progress: 0.2334
                 Omni/vertical_velocity: 0.0008
                   Omni/roll_pitch_rate: 0.0474
                              Omni/tilt: 0.0010
                            Omni/height: 0.0000
                            Omni/torque: 0.4501
                     Omni/torque_excess: 0.0154
               Omni/worst_torque_excess: 0.3248
                        Omni/saturation: 0.0589
                    Omni/positive_power: 2.2684
                       Omni/action_rate: 3.8245
                Omni/joint_acceleration: 32018.5000
                              Omni/slip: 0.0091
                           Omni/nonfoot: 0.0000
                      Omni/joint_limits: 0.0287
                           Omni/airtime: -0.0178
                     Omni/stand_posture: 0.0024
              Omni/stand_joint_velocity: 0.0380
             Omni/stand_target_velocity: 0.1386
                  Omni/stand_raw_action: 0.0315
                      Omni/terminations: 0.0000
--------------------------------------------------------------------------------
                         Iteration time: 1.84s
                           Time elapsed: 00:00:50
                                    ETA: 00:00:39

################################################################################
[1m                          Learning iteration 1875/1897                          [0m 

                            Total steps: 712704 
                       Steps per second: 13781 
                        Collection time: 1.695s 
                          Learning time: 0.088s 
                        Mean value loss: 0.0818
                    Mean surrogate loss: -0.0073
                      Mean entropy loss: -16.1820
                            Mean reward: 49.06
                    Mean episode length: 647.29
                        Mean action std: 0.10
                   Omni/linear_tracking: 0.5768
                      Omni/yaw_tracking: 0.5678
                   Omni/linear_progress: 0.4275
                      Omni/yaw_progress: 0.1670
                 Omni/vertical_velocity: 0.0008
                   Omni/roll_pitch_rate: 0.0513
                              Omni/tilt: 0.0010
                            Omni/height: 0.0000
                            Omni/torque: 0.4518
                     Omni/torque_excess: 0.0184
               Omni/worst_torque_excess: 0.3496
                        Omni/saturation: 0.0601
                    Omni/positive_power: 2.3169
                       Omni/action_rate: 3.7775
                Omni/joint_acceleration: 32366.6523
                              Omni/slip: 0.0104
                           Omni/nonfoot: 0.0144
                      Omni/joint_limits: 0.0301
                           Omni/airtime: -0.0154
                     Omni/stand_posture: 0.0087
              Omni/stand_joint_velocity: 0.1171
             Omni/stand_target_velocity: 0.4322
                  Omni/stand_raw_action: 0.1068
                      Omni/terminations: 0.0417
--------------------------------------------------------------------------------
                         Iteration time: 1.78s
                           Time elapsed: 00:00:52
                                    ETA: 00:00:37

################################################################################
[1m                          Learning iteration 1876/1897                          [0m 

                            Total steps: 737280 
                       Steps per second: 13627 
                        Collection time: 1.714s 
                          Learning time: 0.090s 
                        Mean value loss: 0.0801
                    Mean surrogate loss: -0.0101
                      Mean entropy loss: -16.1975
                            Mean reward: 50.72
                    Mean episode length: 668.32
                        Mean action std: 0.10
                   Omni/linear_tracking: 0.5932
                      Omni/yaw_tracking: 0.5848
                   Omni/linear_progress: 0.3945
                      Omni/yaw_progress: 0.2576
                 Omni/vertical_velocity: 0.0008
                   Omni/roll_pitch_rate: 0.0481
                              Omni/tilt: 0.0010
                            Omni/height: 0.0000
                            Omni/torque: 0.4581
                     Omni/torque_excess: 0.0180
               Omni/worst_torque_excess: 0.3483
                        Omni/saturation: 0.0604
                    Omni/positive_power: 2.3221
                       Omni/action_rate: 3.8834
                Omni/joint_acceleration: 32268.0449
                              Omni/slip: 0.0104
                           Omni/nonfoot: 0.0036
                      Omni/joint_limits: 0.0269
                           Omni/airtime: -0.0181
                     Omni/stand_posture: 0.0061
              Omni/stand_joint_velocity: 0.0807
             Omni/stand_target_velocity: 0.3021
                  Omni/stand_raw_action: 0.0741
                      Omni/terminations: 0.0000
--------------------------------------------------------------------------------
                         Iteration time: 1.80s
                           Time elapsed: 00:00:53
                                    ETA: 00:00:35

################################################################################
[1m                          Learning iteration 1877/1897                          [0m 

                            Total steps: 761856 
                       Steps per second: 13300 
                        Collection time: 1.755s 
                          Learning time: 0.093s 
                        Mean value loss: 0.0770
                    Mean surrogate loss: -0.0090
                      Mean entropy loss: -16.2170
                            Mean reward: 52.92
                    Mean episode length: 694.11
                        Mean action std: 0.10
                   Omni/linear_tracking: 0.6153
                      Omni/yaw_tracking: 0.5706
                   Omni/linear_progress: 0.4588
                      Omni/yaw_progress: 0.2189
                 Omni/vertical_velocity: 0.0009
                   Omni/roll_pitch_rate: 0.0490
                              Omni/tilt: 0.0010
                            Omni/height: 0.0000
                            Omni/torque: 0.4541
                     Omni/torque_excess: 0.0183
               Omni/worst_torque_excess: 0.3364
                        Omni/saturation: 0.0594
                    Omni/positive_power: 2.3254
                       Omni/action_rate: 3.7985
                Omni/joint_acceleration: 32052.4062
                              Omni/slip: 0.0096
                           Omni/nonfoot: 0.0000
                      Omni/joint_limits: 0.0283
                           Omni/airtime: -0.0172
                     Omni/stand_posture: 0.0062
              Omni/stand_joint_velocity: 0.0804
             Omni/stand_target_velocity: 0.3047
                  Omni/stand_raw_action: 0.0745
                      Omni/terminations: 0.0000
--------------------------------------------------------------------------------
                         Iteration time: 1.85s
                           Time elapsed: 00:00:55
                                    ETA: 00:00:34

################################################################################
[1m                          Learning iteration 1878/1897                          [0m 

                            Total steps: 786432 
                       Steps per second: 13156 
                        Collection time: 1.787s 
                          Learning time: 0.081s 
                        Mean value loss: 0.0787
                    Mean surrogate loss: -0.0084
                      Mean entropy loss: -16.2313
                            Mean reward: 54.58
                    Mean episode length: 726.73
                        Mean action std: 0.10
                   Omni/linear_tracking: 0.5892
                      Omni/yaw_tracking: 0.5759
                   Omni/linear_progress: 0.4048
                      Omni/yaw_progress: 0.2749
                 Omni/vertical_velocity: 0.0009
                   Omni/roll_pitch_rate: 0.0504
                              Omni/tilt: 0.0011
                            Omni/height: 0.0000
                            Omni/torque: 0.4514
                     Omni/torque_excess: 0.0159
               Omni/worst_torque_excess: 0.3205
                        Omni/saturation: 0.0579
                    Omni/positive_power: 2.3213
                       Omni/action_rate: 3.8563
                Omni/joint_acceleration: 32233.0781
                              Omni/slip: 0.0096
                           Omni/nonfoot: 0.0006
                      Omni/joint_limits: 0.0287
                           Omni/airtime: -0.0206
                     Omni/stand_posture: 0.0041
              Omni/stand_joint_velocity: 0.0600
             Omni/stand_target_velocity: 0.2202
                  Omni/stand_raw_action: 0.0528
                      Omni/terminations: 0.0000
--------------------------------------------------------------------------------
                         Iteration time: 1.87s
                           Time elapsed: 00:00:57
                                    ETA: 00:00:32

################################################################################
[1m                          Learning iteration 1879/1897                          [0m 

                            Total steps: 811008 
                       Steps per second: 13308 
                        Collection time: 1.769s 
                          Learning time: 0.078s 
                        Mean value loss: 0.0680
                    Mean surrogate loss: -0.0075
                      Mean entropy loss: -16.2386
                            Mean reward: 56.89
                    Mean episode length: 747.18
                        Mean action std: 0.10
                   Omni/linear_tracking: 0.6049
                      Omni/yaw_tracking: 0.5885
                   Omni/linear_progress: 0.4049
                      Omni/yaw_progress: 0.2378
                 Omni/vertical_velocity: 0.0009
                   Omni/roll_pitch_rate: 0.0492
                              Omni/tilt: 0.0012
                            Omni/height: 0.0000
                            Omni/torque: 0.4557
                     Omni/torque_excess: 0.0174
               Omni/worst_torque_excess: 0.3392
                        Omni/saturation: 0.0597
                    Omni/positive_power: 2.3178
                       Omni/action_rate: 3.9365
                Omni/joint_acceleration: 32698.6836
                              Omni/slip: 0.0103
                           Omni/nonfoot: 0.0000
                      Omni/joint_limits: 0.0225
                           Omni/airtime: -0.0168
                     Omni/stand_posture: 0.0069
              Omni/stand_joint_velocity: 0.0877
             Omni/stand_target_velocity: 0.3297
                  Omni/stand_raw_action: 0.0807
                      Omni/terminations: 0.0000
--------------------------------------------------------------------------------
                         Iteration time: 1.85s
                           Time elapsed: 00:00:59
                                    ETA: 00:00:30

################################################################################
[1m                          Learning iteration 1880/1897                          [0m 

                            Total steps: 835584 
                       Steps per second: 13238 
                        Collection time: 1.778s 
                          Learning time: 0.078s 
                        Mean value loss: 0.0649
                    Mean surrogate loss: -0.0085
                      Mean entropy loss: -16.2540
                            Mean reward: 58.81
                    Mean episode length: 765.64
                        Mean action std: 0.10
                   Omni/linear_tracking: 0.6199
                      Omni/yaw_tracking: 0.5849
                   Omni/linear_progress: 0.4805
                      Omni/yaw_progress: 0.2624
                 Omni/vertical_velocity: 0.0008
                   Omni/roll_pitch_rate: 0.0515
                              Omni/tilt: 0.0008
                            Omni/height: 0.0000
                            Omni/torque: 0.4450
                     Omni/torque_excess: 0.0158
               Omni/worst_torque_excess: 0.3263
                        Omni/saturation: 0.0583
                    Omni/positive_power: 2.3040
                       Omni/action_rate: 3.7381
                Omni/joint_acceleration: 32293.9590
                              Omni/slip: 0.0092
                           Omni/nonfoot: 0.0000
                      Omni/joint_limits: 0.0348
                           Omni/airtime: -0.0211
                     Omni/stand_posture: 0.0031
              Omni/stand_joint_velocity: 0.0437
             Omni/stand_target_velocity: 0.1581
                  Omni/stand_raw_action: 0.0378
                      Omni/terminations: 0.0000
--------------------------------------------------------------------------------
                         Iteration time: 1.86s
                           Time elapsed: 00:01:01
                                    ETA: 00:00:28

################################################################################
[1m                          Learning iteration 1881/1897                          [0m 

                            Total steps: 860160 
                       Steps per second: 13319 
                        Collection time: 1.766s 
                          Learning time: 0.079s 
                        Mean value loss: 0.1183
                    Mean surrogate loss: -0.0055
                      Mean entropy loss: -16.2710
                            Mean reward: 60.78
                    Mean episode length: 788.23
                        Mean action std: 0.10
                   Omni/linear_tracking: 0.6005
                      Omni/yaw_tracking: 0.5708
                   Omni/linear_progress: 0.4739
                      Omni/yaw_progress: 0.3086
                 Omni/vertical_velocity: 0.0009
                   Omni/roll_pitch_rate: 0.0486
                              Omni/tilt: 0.0010
                            Omni/height: 0.0000
                            Omni/torque: 0.4477
                     Omni/torque_excess: 0.0161
               Omni/worst_torque_excess: 0.3246
                        Omni/saturation: 0.0586
                    Omni/positive_power: 2.3222
                       Omni/action_rate: 3.7040
                Omni/joint_acceleration: 32134.4180
                              Omni/slip: 0.0094
                           Omni/nonfoot: 0.0026
                      Omni/joint_limits: 0.0337
                           Omni/airtime: -0.0206
                     Omni/stand_posture: 0.0021
              Omni/stand_joint_velocity: 0.0299
             Omni/stand_target_velocity: 0.1094
                  Omni/stand_raw_action: 0.0253
                      Omni/terminations: 0.0833
--------------------------------------------------------------------------------
                         Iteration time: 1.85s
                           Time elapsed: 00:01:03
                                    ETA: 00:00:27

################################################################################
[1m                          Learning iteration 1882/1897                          [0m 

                            Total steps: 884736 
                       Steps per second: 13924 
                        Collection time: 1.684s 
                          Learning time: 0.081s 
                        Mean value loss: 0.0725
                    Mean surrogate loss: -0.0092
                      Mean entropy loss: -16.2760
                            Mean reward: 61.91
                    Mean episode length: 802.62
                        Mean action std: 0.10
                   Omni/linear_tracking: 0.5948
                      Omni/yaw_tracking: 0.6118
                   Omni/linear_progress: 0.2848
                      Omni/yaw_progress: 0.3064
                 Omni/vertical_velocity: 0.0009
                   Omni/roll_pitch_rate: 0.0509
                              Omni/tilt: 0.0010
                            Omni/height: 0.0000
                            Omni/torque: 0.4582
                     Omni/torque_excess: 0.0170
               Omni/worst_torque_excess: 0.3391
                        Omni/saturation: 0.0609
                    Omni/positive_power: 2.2524
                       Omni/action_rate: 3.9560
                Omni/joint_acceleration: 32847.5117
                              Omni/slip: 0.0079
                           Omni/nonfoot: 0.0000
                      Omni/joint_limits: 0.0250
                           Omni/airtime: -0.0186
                     Omni/stand_posture: 0.0097
              Omni/stand_joint_velocity: 0.1291
             Omni/stand_target_velocity: 0.4878
                  Omni/stand_raw_action: 0.1206
                      Omni/terminations: 0.0000
--------------------------------------------------------------------------------
                         Iteration time: 1.76s
                           Time elapsed: 00:01:04
                                    ETA: 00:00:25

################################################################################
[1m                          Learning iteration 1883/1897                          [0m 

                            Total steps: 909312 
                       Steps per second: 13387 
                        Collection time: 1.751s 
                          Learning time: 0.084s 
                        Mean value loss: 0.1377
                    Mean surrogate loss: -0.0060
                      Mean entropy loss: -16.2726
                            Mean reward: 63.71
                    Mean episode length: 836.11
                        Mean action std: 0.10
                   Omni/linear_tracking: 0.6122
                      Omni/yaw_tracking: 0.5848
                   Omni/linear_progress: 0.4308
                      Omni/yaw_progress: 0.2455
                 Omni/vertical_velocity: 0.0009
                   Omni/roll_pitch_rate: 0.0509
                              Omni/tilt: 0.0011
                            Omni/height: 0.0000
                            Omni/torque: 0.4581
                     Omni/torque_excess: 0.0173
               Omni/worst_torque_excess: 0.3372
                        Omni/saturation: 0.0612
                    Omni/positive_power: 2.2919
                       Omni/action_rate: 3.9082
                Omni/joint_acceleration: 32434.9180
                              Omni/slip: 0.0086
                           Omni/nonfoot: 0.0000
                      Omni/joint_limits: 0.0242
                           Omni/airtime: -0.0171
                     Omni/stand_posture: 0.0061
              Omni/stand_joint_velocity: 0.0789
             Omni/stand_target_velocity: 0.2973
                  Omni/stand_raw_action: 0.0733
                      Omni/terminations: 0.0833
--------------------------------------------------------------------------------
                         Iteration time: 1.84s
                           Time elapsed: 00:01:06
                                    ETA: 00:00:23

################################################################################
[1m                          Learning iteration 1884/1897                          [0m 

                            Total steps: 933888 
                       Steps per second: 13872 
                        Collection time: 1.684s 
                          Learning time: 0.088s 
                        Mean value loss: 0.0838
                    Mean surrogate loss: -0.0089
                      Mean entropy loss: -16.2780
                            Mean reward: 66.38
                    Mean episode length: 870.04
                        Mean action std: 0.10
                   Omni/linear_tracking: 0.6139
                      Omni/yaw_tracking: 0.5825
                   Omni/linear_progress: 0.4558
                      Omni/yaw_progress: 0.2492
                 Omni/vertical_velocity: 0.0008
                   Omni/roll_pitch_rate: 0.0505
                              Omni/tilt: 0.0009
                            Omni/height: 0.0000
                            Omni/torque: 0.4522
                     Omni/torque_excess: 0.0168
               Omni/worst_torque_excess: 0.3354
                        Omni/saturation: 0.0589
                    Omni/positive_power: 2.3216
                       Omni/action_rate: 3.8629
                Omni/joint_acceleration: 32272.1523
                              Omni/slip: 0.0095
                           Omni/nonfoot: 0.0000
                      Omni/joint_limits: 0.0282
                           Omni/airtime: -0.0192
                     Omni/stand_posture: 0.0043
              Omni/stand_joint_velocity: 0.0589
             Omni/stand_target_velocity: 0.2168
                  Omni/stand_raw_action: 0.0529
                      Omni/terminations: 0.0417
--------------------------------------------------------------------------------
                         Iteration time: 1.77s
                           Time elapsed: 00:01:08
                                    ETA: 00:00:21

################################################################################
[1m                          Learning iteration 1885/1897                          [0m 

                            Total steps: 958464 
                       Steps per second: 13749 
                        Collection time: 1.704s 
                          Learning time: 0.084s 
                        Mean value loss: 0.0881
                    Mean surrogate loss: -0.0105
                      Mean entropy loss: -16.2867
                            Mean reward: 68.75
                    Mean episode length: 897.71
                        Mean action std: 0.10
                   Omni/linear_tracking: 0.6113
                      Omni/yaw_tracking: 0.5575
                   Omni/linear_progress: 0.5089
                      Omni/yaw_progress: 0.1920
                 Omni/vertical_velocity: 0.0009
                   Omni/roll_pitch_rate: 0.0501
                              Omni/tilt: 0.0013
                            Omni/height: 0.0000
                            Omni/torque: 0.4558
                     Omni/torque_excess: 0.0180
               Omni/worst_torque_excess: 0.3444
                        Omni/saturation: 0.0602
                    Omni/positive_power: 2.3741
                       Omni/action_rate: 3.8429
                Omni/joint_acceleration: 32311.1680
                              Omni/slip: 0.0103
                           Omni/nonfoot: 0.0000
                      Omni/joint_limits: 0.0274
                           Omni/airtime: -0.0176
                     Omni/stand_posture: 0.0039
              Omni/stand_joint_velocity: 0.0528
             Omni/stand_target_velocity: 0.1931
                  Omni/stand_raw_action: 0.0473
                      Omni/terminations: 0.0000
--------------------------------------------------------------------------------
                         Iteration time: 1.79s
                           Time elapsed: 00:01:10
                                    ETA: 00:00:19

################################################################################
[1m                          Learning iteration 1886/1897                          [0m 

                            Total steps: 983040 
                       Steps per second: 13390 
                        Collection time: 1.744s 
                          Learning time: 0.091s 
                        Mean value loss: 0.0670
                    Mean surrogate loss: -0.0090
                      Mean entropy loss: -16.2970
                            Mean reward: 71.01
                    Mean episode length: 918.71
                        Mean action std: 0.10
                   Omni/linear_tracking: 0.5847
                      Omni/yaw_tracking: 0.5848
                   Omni/linear_progress: 0.4161
                      Omni/yaw_progress: 0.3040
                 Omni/vertical_velocity: 0.0008
                   Omni/roll_pitch_rate: 0.0497
                              Omni/tilt: 0.0010
                            Omni/height: 0.0000
                            Omni/torque: 0.4550
                     Omni/torque_excess: 0.0207
               Omni/worst_torque_excess: 0.3608
                        Omni/saturation: 0.0608
                    Omni/positive_power: 2.3616
                       Omni/action_rate: 3.7465
                Omni/joint_acceleration: 32152.4434
                              Omni/slip: 0.0101
                           Omni/nonfoot: 0.0000
                      Omni/joint_limits: 0.0306
                           Omni/airtime: -0.0181
                     Omni/stand_posture: 0.0019
              Omni/stand_joint_velocity: 0.0287
             Omni/stand_target_velocity: 0.1050
                  Omni/stand_raw_action: 0.0243
                      Omni/terminations: 0.0000
--------------------------------------------------------------------------------
                         Iteration time: 1.84s
                           Time elapsed: 00:01:12
                                    ETA: 00:00:18

################################################################################
[1m                          Learning iteration 1887/1897                          [0m 

                            Total steps: 1007616 
                       Steps per second: 13558 
                        Collection time: 1.724s 
                          Learning time: 0.088s 
                        Mean value loss: 0.0763
                    Mean surrogate loss: -0.0071
                      Mean entropy loss: -16.3019
                            Mean reward: 72.64
                    Mean episode length: 938.18
                        Mean action std: 0.10
                   Omni/linear_tracking: 0.6099
                      Omni/yaw_tracking: 0.5933
                   Omni/linear_progress: 0.4855
                      Omni/yaw_progress: 0.2760
                 Omni/vertical_velocity: 0.0008
                   Omni/roll_pitch_rate: 0.0504
                              Omni/tilt: 0.0012
                            Omni/height: 0.0000
                            Omni/torque: 0.4465
                     Omni/torque_excess: 0.0160
               Omni/worst_torque_excess: 0.3233
                        Omni/saturation: 0.0576
                    Omni/positive_power: 2.3423
                       Omni/action_rate: 3.7295
                Omni/joint_acceleration: 32326.4961
                              Omni/slip: 0.0102
                           Omni/nonfoot: 0.0000
                      Omni/joint_limits: 0.0319
                           Omni/airtime: -0.0162
                     Omni/stand_posture: 0.0043
              Omni/stand_joint_velocity: 0.0562
             Omni/stand_target_velocity: 0.2108
                  Omni/stand_raw_action: 0.0518
                      Omni/terminations: 0.0000
--------------------------------------------------------------------------------
                         Iteration time: 1.81s
                           Time elapsed: 00:01:13
                                    ETA: 00:00:16

################################################################################
[1m                          Learning iteration 1888/1897                          [0m 

                            Total steps: 1032192 
                       Steps per second: 13629 
                        Collection time: 1.715s 
                          Learning time: 0.088s 
                        Mean value loss: 0.0737
                    Mean surrogate loss: -0.0089
                      Mean entropy loss: -16.3035
                            Mean reward: 74.42
                    Mean episode length: 959.17
                        Mean action std: 0.10
                   Omni/linear_tracking: 0.6242
                      Omni/yaw_tracking: 0.6007
                   Omni/linear_progress: 0.4609
                      Omni/yaw_progress: 0.2979
                 Omni/vertical_velocity: 0.0008
                   Omni/roll_pitch_rate: 0.0494
                              Omni/tilt: 0.0011
                            Omni/height: 0.0000
                            Omni/torque: 0.4515
                     Omni/torque_excess: 0.0163
               Omni/worst_torque_excess: 0.3298
                        Omni/saturation: 0.0584
                    Omni/positive_power: 2.2974
                       Omni/action_rate: 3.8561
                Omni/joint_acceleration: 32531.2695
                              Omni/slip: 0.0093
                           Omni/nonfoot: 0.0000
                      Omni/joint_limits: 0.0281
                           Omni/airtime: -0.0175
                     Omni/stand_posture: 0.0032
              Omni/stand_joint_velocity: 0.0431
             Omni/stand_target_velocity: 0.1625
                  Omni/stand_raw_action: 0.0390
                      Omni/terminations: 0.0000
--------------------------------------------------------------------------------
                         Iteration time: 1.80s
                           Time elapsed: 00:01:15
                                    ETA: 00:00:14

################################################################################
[1m                          Learning iteration 1889/1897                          [0m 

                            Total steps: 1056768 
                       Steps per second: 13735 
                        Collection time: 1.702s 
                          Learning time: 0.087s 
                        Mean value loss: 0.0711
                    Mean surrogate loss: -0.0083
                      Mean entropy loss: -16.3149
                            Mean reward: 76.30
                    Mean episode length: 978.19
                        Mean action std: 0.10
                   Omni/linear_tracking: 0.6055
                      Omni/yaw_tracking: 0.5752
                   Omni/linear_progress: 0.4919
                      Omni/yaw_progress: 0.2518
                 Omni/vertical_velocity: 0.0008
                   Omni/roll_pitch_rate: 0.0485
                              Omni/tilt: 0.0010
                            Omni/height: 0.0000
                            Omni/torque: 0.4480
                     Omni/torque_excess: 0.0165
               Omni/worst_torque_excess: 0.3317
                        Omni/saturation: 0.0582
                    Omni/positive_power: 2.3247
                       Omni/action_rate: 3.7321
                Omni/joint_acceleration: 32005.1445
                              Omni/slip: 0.0109
                           Omni/nonfoot: 0.0000
                      Omni/joint_limits: 0.0335
                           Omni/airtime: -0.0173
                     Omni/stand_posture: 0.0035
              Omni/stand_joint_velocity: 0.0467
             Omni/stand_target_velocity: 0.1740
                  Omni/stand_raw_action: 0.0423
                      Omni/terminations: 0.0000
--------------------------------------------------------------------------------
                         Iteration time: 1.79s
                           Time elapsed: 00:01:17
                                    ETA: 00:00:12

################################################################################
[1m                          Learning iteration 1890/1897                          [0m 

                            Total steps: 1081344 
                       Steps per second: 14037 
                        Collection time: 1.668s 
                          Learning time: 0.083s 
                        Mean value loss: 0.0647
                    Mean surrogate loss: -0.0107
                      Mean entropy loss: -16.3275
                            Mean reward: 77.31
                    Mean episode length: 990.87
                        Mean action std: 0.10
                   Omni/linear_tracking: 0.6135
                      Omni/yaw_tracking: 0.5684
                   Omni/linear_progress: 0.5002
                      Omni/yaw_progress: 0.2034
                 Omni/vertical_velocity: 0.0008
                   Omni/roll_pitch_rate: 0.0508
                              Omni/tilt: 0.0012
                            Omni/height: 0.0000
                            Omni/torque: 0.4477
                     Omni/torque_excess: 0.0172
               Omni/worst_torque_excess: 0.3338
                        Omni/saturation: 0.0576
                    Omni/positive_power: 2.3690
                       Omni/action_rate: 3.7348
                Omni/joint_acceleration: 32423.2715
                              Omni/slip: 0.0107
                           Omni/nonfoot: 0.0008
                      Omni/joint_limits: 0.0331
                           Omni/airtime: -0.0153
                     Omni/stand_posture: 0.0039
              Omni/stand_joint_velocity: 0.0498
             Omni/stand_target_velocity: 0.1870
                  Omni/stand_raw_action: 0.0454
                      Omni/terminations: 0.0000
--------------------------------------------------------------------------------
                         Iteration time: 1.75s
                           Time elapsed: 00:01:19
                                    ETA: 00:00:10

################################################################################
[1m                          Learning iteration 1891/1897                          [0m 

                            Total steps: 1105920 
                       Steps per second: 13884 
                        Collection time: 1.688s 
                          Learning time: 0.082s 
                        Mean value loss: 0.0609
                    Mean surrogate loss: -0.0111
                      Mean entropy loss: -16.3395
                            Mean reward: 78.24
                    Mean episode length: 998.31
                        Mean action std: 0.10
                   Omni/linear_tracking: 0.6214
                      Omni/yaw_tracking: 0.5951
                   Omni/linear_progress: 0.4377
                      Omni/yaw_progress: 0.2471
                 Omni/vertical_velocity: 0.0008
                   Omni/roll_pitch_rate: 0.0524
                              Omni/tilt: 0.0008
                            Omni/height: 0.0000
                            Omni/torque: 0.4497
                     Omni/torque_excess: 0.0170
               Omni/worst_torque_excess: 0.3286
                        Omni/saturation: 0.0585
                    Omni/positive_power: 2.2949
                       Omni/action_rate: 3.7340
                Omni/joint_acceleration: 32341.9277
                              Omni/slip: 0.0088
                           Omni/nonfoot: 0.0000
                      Omni/joint_limits: 0.0321
                           Omni/airtime: -0.0157
                     Omni/stand_posture: 0.0054
              Omni/stand_joint_velocity: 0.0684
             Omni/stand_target_velocity: 0.2573
                  Omni/stand_raw_action: 0.0632
                      Omni/terminations: 0.0000
--------------------------------------------------------------------------------
                         Iteration time: 1.77s
                           Time elapsed: 00:01:21
                                    ETA: 00:00:09

################################################################################
[1m                          Learning iteration 1892/1897                          [0m 

                            Total steps: 1130496 
                       Steps per second: 12707 
                        Collection time: 1.850s 
                          Learning time: 0.084s 
                        Mean value loss: 0.1064
                    Mean surrogate loss: -0.0068
                      Mean entropy loss: -16.3526
                            Mean reward: 77.96
                    Mean episode length: 993.20
                        Mean action std: 0.10
                   Omni/linear_tracking: 0.6258
                      Omni/yaw_tracking: 0.5879
                   Omni/linear_progress: 0.4946
                      Omni/yaw_progress: 0.1970
                 Omni/vertical_velocity: 0.0009
                   Omni/roll_pitch_rate: 0.0492
                              Omni/tilt: 0.0012
                            Omni/height: 0.0000
                            Omni/torque: 0.4529
                     Omni/torque_excess: 0.0168
               Omni/worst_torque_excess: 0.3305
                        Omni/saturation: 0.0592
                    Omni/positive_power: 2.3200
                       Omni/action_rate: 3.8787
                Omni/joint_acceleration: 32348.2305
                              Omni/slip: 0.0094
                           Omni/nonfoot: 0.0012
                      Omni/joint_limits: 0.0283
                           Omni/airtime: -0.0154
                     Omni/stand_posture: 0.0054
              Omni/stand_joint_velocity: 0.0710
             Omni/stand_target_velocity: 0.2654
                  Omni/stand_raw_action: 0.0653
                      Omni/terminations: 0.0833
--------------------------------------------------------------------------------
                         Iteration time: 1.93s
                           Time elapsed: 00:01:22
                                    ETA: 00:00:07

################################################################################
[1m                          Learning iteration 1893/1897                          [0m 

                            Total steps: 1155072 
                       Steps per second: 13357 
                        Collection time: 1.757s 
                          Learning time: 0.083s 
                        Mean value loss: 0.0785
                    Mean surrogate loss: -0.0098
                      Mean entropy loss: -16.3646
                            Mean reward: 77.29
                    Mean episode length: 993.20
                        Mean action std: 0.10
                   Omni/linear_tracking: 0.6048
                      Omni/yaw_tracking: 0.5753
                   Omni/linear_progress: 0.4755
                      Omni/yaw_progress: 0.2294
                 Omni/vertical_velocity: 0.0009
                   Omni/roll_pitch_rate: 0.0507
                              Omni/tilt: 0.0013
                            Omni/height: 0.0000
                            Omni/torque: 0.4548
                     Omni/torque_excess: 0.0174
               Omni/worst_torque_excess: 0.3389
                        Omni/saturation: 0.0599
                    Omni/positive_power: 2.3686
                       Omni/action_rate: 3.8345
                Omni/joint_acceleration: 32192.4980
                              Omni/slip: 0.0106
                           Omni/nonfoot: 0.0000
                      Omni/joint_limits: 0.0279
                           Omni/airtime: -0.0164
                     Omni/stand_posture: 0.0048
              Omni/stand_joint_velocity: 0.0613
             Omni/stand_target_velocity: 0.2312
                  Omni/stand_raw_action: 0.0567
                      Omni/terminations: 0.0000
--------------------------------------------------------------------------------
                         Iteration time: 1.84s
                           Time elapsed: 00:01:24
                                    ETA: 00:00:05

################################################################################
[1m                          Learning iteration 1894/1897                          [0m 

                            Total steps: 1179648 
                       Steps per second: 13391 
                        Collection time: 1.752s 
                          Learning time: 0.083s 
                        Mean value loss: 0.0757
                    Mean surrogate loss: -0.0091
                      Mean entropy loss: -16.3820
                            Mean reward: 77.42
                    Mean episode length: 993.20
                        Mean action std: 0.10
                   Omni/linear_tracking: 0.6187
                      Omni/yaw_tracking: 0.5676
                   Omni/linear_progress: 0.4906
                      Omni/yaw_progress: 0.2141
                 Omni/vertical_velocity: 0.0008
                   Omni/roll_pitch_rate: 0.0495
                              Omni/tilt: 0.0011
                            Omni/height: 0.0000
                            Omni/torque: 0.4509
                     Omni/torque_excess: 0.0157
               Omni/worst_torque_excess: 0.3251
                        Omni/saturation: 0.0590
                    Omni/positive_power: 2.3324
                       Omni/action_rate: 3.7802
                Omni/joint_acceleration: 31955.1680
                              Omni/slip: 0.0099
                           Omni/nonfoot: 0.0003
                      Omni/joint_limits: 0.0306
                           Omni/airtime: -0.0166
                     Omni/stand_posture: 0.0045
              Omni/stand_joint_velocity: 0.0577
             Omni/stand_target_velocity: 0.2159
                  Omni/stand_raw_action: 0.0525
                      Omni/terminations: 0.0000
--------------------------------------------------------------------------------
                         Iteration time: 1.84s
                           Time elapsed: 00:01:26
                                    ETA: 00:00:03

################################################################################
[1m                          Learning iteration 1895/1897                          [0m 

                            Total steps: 1204224 
                       Steps per second: 13299 
                        Collection time: 1.755s 
                          Learning time: 0.093s 
                        Mean value loss: 0.0705
                    Mean surrogate loss: -0.0122
                      Mean entropy loss: -16.3931
                            Mean reward: 77.77
                    Mean episode length: 993.20
                        Mean action std: 0.10
                   Omni/linear_tracking: 0.6288
                      Omni/yaw_tracking: 0.5799
                   Omni/linear_progress: 0.5037
                      Omni/yaw_progress: 0.2300
                 Omni/vertical_velocity: 0.0009
                   Omni/roll_pitch_rate: 0.0504
                              Omni/tilt: 0.0012
                            Omni/height: 0.0000
                            Omni/torque: 0.4570
                     Omni/torque_excess: 0.0182
               Omni/worst_torque_excess: 0.3423
                        Omni/saturation: 0.0603
                    Omni/positive_power: 2.3809
                       Omni/action_rate: 3.8062
                Omni/joint_acceleration: 32281.5684
                              Omni/slip: 0.0097
                           Omni/nonfoot: 0.0000
                      Omni/joint_limits: 0.0281
                           Omni/airtime: -0.0169
                     Omni/stand_posture: 0.0029
              Omni/stand_joint_velocity: 0.0392
             Omni/stand_target_velocity: 0.1435
                  Omni/stand_raw_action: 0.0344
                      Omni/terminations: 0.0000
--------------------------------------------------------------------------------
                         Iteration time: 1.85s
                           Time elapsed: 00:01:28
                                    ETA: 00:00:01

################################################################################
[1m                          Learning iteration 1896/1897                          [0m 

                            Total steps: 1228800 
                       Steps per second: 14178 
                        Collection time: 1.649s 
                          Learning time: 0.085s 
                        Mean value loss: 0.0682
                    Mean surrogate loss: -0.0099
                      Mean entropy loss: -16.4050
                            Mean reward: 77.92
                    Mean episode length: 993.20
                        Mean action std: 0.10
                   Omni/linear_tracking: 0.6291
                      Omni/yaw_tracking: 0.5661
                   Omni/linear_progress: 0.5147
                      Omni/yaw_progress: 0.2230
                 Omni/vertical_velocity: 0.0008
                   Omni/roll_pitch_rate: 0.0497
                              Omni/tilt: 0.0010
                            Omni/height: 0.0000
                            Omni/torque: 0.4525
                     Omni/torque_excess: 0.0171
               Omni/worst_torque_excess: 0.3360
                        Omni/saturation: 0.0593
                    Omni/positive_power: 2.3401
                       Omni/action_rate: 3.7440
                Omni/joint_acceleration: 31990.2773
                              Omni/slip: 0.0103
                           Omni/nonfoot: 0.0000
                      Omni/joint_limits: 0.0317
                           Omni/airtime: -0.0163
                     Omni/stand_posture: 0.0033
              Omni/stand_joint_velocity: 0.0433
             Omni/stand_target_velocity: 0.1618
                  Omni/stand_raw_action: 0.0392
                      Omni/terminations: 0.0000
--------------------------------------------------------------------------------
                         Iteration time: 1.73s
                           Time elapsed: 00:01:30
                                    ETA: 00:00:00

[INFO]: SimulationContext cleared
RESULT f050_t060 train completed
2026-09-10T00:21:58Z [6,273ms] [Warning] [carb.omniclient.plugin]  45: OmniHub: ThreadId(02) Hub encountered error. Trying to reconnect to Hub. retry_reason="Hub failed to launch: Io(\"child exited with exit status: 1 without writing file \\\"/tmp/hub-ubuntu-347BB834.config.json\\\"\")"
2026-09-10T00:21:59Z [6,637ms] [Warning] [carb.omniclient.plugin]  45: OmniHub: ThreadId(02) Hub encountered error. Trying to reconnect to Hub. retry_reason="Hub failed to launch: Io(\"child exited with exit status: 1 without writing file \\\"/tmp/hub-ubuntu-347BB834.config.json\\\"\")"
2026-09-10T00:21:59Z [7,008ms] [Warning] [carb.omniclient.plugin]  45: OmniHub: ThreadId(02) Hub encountered error. Trying to reconnect to Hub. retry_reason="Hub failed to launch: Io(\"child exited with exit status: 1 without writing file \\\"/tmp/hub-ubuntu-347BB834.config.json\\\"\")"
2026-09-10T00:21:59Z [7,391ms] [Warning] [carb.omniclient.plugin]  45: OmniHub: ThreadId(02) Hub encountered error. Trying to reconnect to Hub. retry_reason="Hub failed to launch: Io(\"child exited with exit status: 1 without writing file \\\"/tmp/hub-ubuntu-347BB834.config.json\\\"\")"
2026-09-10T00:22:00Z [7,784ms] [Warning] [carb.omniclient.plugin]  45: OmniHub: ThreadId(02) Hub encountered error. Trying to reconnect to Hub. retry_reason="Hub failed to launch: Io(\"child exited with exit status: 1 without writing file \\\"/tmp/hub-ubuntu-347BB834.config.json\\\"\")"
2026-09-10T00:22:00Z [8,188ms] [Warning] [carb.omniclient.plugin]  45: OmniHub: ThreadId(02) Hub encountered error. Trying to reconnect to Hub. retry_reason="Hub failed to launch: Io(\"child exited with exit status: 1 without writing file \\\"/tmp/hub-ubuntu-347BB834.config.json\\\"\")"
2026-09-10T00:22:00Z [8,601ms] [Warning] [carb.omniclient.plugin]  45: OmniHub: ThreadId(02) Hub encountered error. Trying to reconnect to Hub. retry_reason="Hub failed to launch: Io(\"child exited with exit status: 1 without writing file \\\"/tmp/hub-ubuntu-347BB834.config.json\\\"\")"
2026-09-10T00:22:01Z [9,023ms] [Warning] [carb.omniclient.plugin]  45: OmniHub: ThreadId(02) Hub encountered error. Trying to reconnect to Hub. retry_reason="Hub failed to launch: Io(\"child exited with exit status: 1 without writing file \\\"/tmp/hub-ubuntu-347BB834.config.json\\\"\")"
2026-09-10T00:22:01Z [9,455ms] [Warning] [carb.omniclient.plugin]  45: OmniHub: ThreadId(02) Hub encountered error. Trying to reconnect to Hub. retry_reason="Hub failed to launch: Io(\"child exited with exit status: 1 without writing file \\\"/tmp/hub-ubuntu-347BB834.config.json\\\"\")"
2026-09-10T00:22:02Z [9,898ms] [Warning] [carb.omniclient.plugin]  45: OmniHub: ThreadId(02) Hub encountered error. Trying to reconnect to Hub. retry_reason="Hub failed to launch: Io(\"child exited with exit status: 1 without writing file \\\"/tmp/hub-ubuntu-347BB834.config.json\\\"\")"
2026-09-10T00:22:02Z [10,372ms] [Warning] [omni.usd_config.extension] Enable omni.materialx.libs extension to use MaterialX
2026-09-10T00:22:06Z [14,269ms] [Warning] [isaaclab_physx.physics.physx_manager] TGS solver with enable_external_forces_every_iteration=False may cause noisy velocities.
2026-09-10T00:22:11Z [19,119ms] [Warning] [usdrt.population.plugin] Last global time was not created. Did you call setEnableUsdNoticeHandling?
