time="2026-09-09T19:27:14-05:00" level=warning msg="No services to build"
time="2026-09-09T19:27:14-05:00" level=warning msg="No services to build"
 Container hexapod-length-policy-44acc79f8066 Creating 
 Container hexapod-length-policy-44acc79f8066 Created 
The '--headless' CLI argument is deprecated. Omit '--viz' for default headless. If config visualizers are enabled and you want to force headless, use '--viz none'.
Loading user config located at: '/isaac-sim/kit/data/Kit/IsaacLab/3.0/user.config.json'
2026-09-10T00:27:15Z [0ms] [Warning] [omni.ext.plugin] [ext: isaaclab_visualizers] Extensions config 'extension.toml' doesn't exist '/workspace/isaaclab/source/isaaclab_visualizers' or '/workspace/isaaclab/source/isaaclab_visualizers/config'
2026-09-10T00:27:15Z [110ms] [Warning] [carb.omniclient.plugin]  45: OmniHub: ThreadId(02) Hub encountered error. Trying to reconnect to Hub. retry_reason="Hub failed to launch: Io(\"child exited with exit status: 1 without writing file \\\"/tmp/hub-ubuntu-625CD08B.config.json\\\"\")"
2026-09-10T00:27:15Z [182ms] [Warning] [carb.omniclient.plugin]  45: OmniHub: ThreadId(02) Hub encountered error. Trying to reconnect to Hub. retry_reason="Hub failed to launch: Io(\"child exited with exit status: 1 without writing file \\\"/tmp/hub-ubuntu-625CD08B.config.json\\\"\")"
2026-09-10T00:27:15Z [264ms] [Warning] [carb.omniclient.plugin]  45: OmniHub: ThreadId(02) Hub encountered error. Trying to reconnect to Hub. retry_reason="Hub failed to launch: Io(\"child exited with exit status: 1 without writing file \\\"/tmp/hub-ubuntu-625CD08B.config.json\\\"\")"
2026-09-10T00:27:15Z [356ms] [Warning] [carb.omniclient.plugin]  45: OmniHub: ThreadId(02) Hub encountered error. Trying to reconnect to Hub. retry_reason="Hub failed to launch: Io(\"child exited with exit status: 1 without writing file \\\"/tmp/hub-ubuntu-625CD08B.config.json\\\"\")"
2026-09-10T00:27:15Z [457ms] [Warning] [carb.omniclient.plugin]  45: OmniHub: ThreadId(02) Hub encountered error. Trying to reconnect to Hub. retry_reason="Hub failed to launch: Io(\"child exited with exit status: 1 without writing file \\\"/tmp/hub-ubuntu-625CD08B.config.json\\\"\")"
2026-09-10T00:27:15Z [570ms] [Warning] [carb.omniclient.plugin]  45: OmniHub: ThreadId(02) Hub encountered error. Trying to reconnect to Hub. retry_reason="Hub failed to launch: Io(\"child exited with exit status: 1 without writing file \\\"/tmp/hub-ubuntu-625CD08B.config.json\\\"\")"
2026-09-10T00:27:16Z [691ms] [Warning] [carb.omniclient.plugin]  45: OmniHub: ThreadId(02) Hub encountered error. Trying to reconnect to Hub. retry_reason="Hub failed to launch: Io(\"child exited with exit status: 1 without writing file \\\"/tmp/hub-ubuntu-625CD08B.config.json\\\"\")"
2026-09-10T00:27:16Z [823ms] [Warning] [carb.omniclient.plugin]  45: OmniHub: ThreadId(02) Hub encountered error. Trying to reconnect to Hub. retry_reason="Hub failed to launch: Io(\"child exited with exit status: 1 without writing file \\\"/tmp/hub-ubuntu-625CD08B.config.json\\\"\")"
2026-09-10T00:27:16Z [966ms] [Warning] [carb.omniclient.plugin]  45: OmniHub: ThreadId(02) Hub encountered error. Trying to reconnect to Hub. retry_reason="Hub failed to launch: Io(\"child exited with exit status: 1 without writing file \\\"/tmp/hub-ubuntu-625CD08B.config.json\\\"\")"
2026-09-10T00:27:16Z [1,118ms] [Warning] [carb.omniclient.plugin]  45: OmniHub: ThreadId(02) Hub encountered error. Trying to reconnect to Hub. retry_reason="Hub failed to launch: Io(\"child exited with exit status: 1 without writing file \\\"/tmp/hub-ubuntu-625CD08B.config.json\\\"\")"
2026-09-10T00:27:16Z [1,280ms] [Warning] [carb.omniclient.plugin]  45: OmniHub: ThreadId(02) Hub encountered error. Trying to reconnect to Hub. retry_reason="Hub failed to launch: Io(\"child exited with exit status: 1 without writing file \\\"/tmp/hub-ubuntu-625CD08B.config.json\\\"\")"
2026-09-10T00:27:16Z [1,452ms] [Warning] [carb.omniclient.plugin]  45: OmniHub: ThreadId(02) Hub encountered error. Trying to reconnect to Hub. retry_reason="Hub failed to launch: Io(\"child exited with exit status: 1 without writing file \\\"/tmp/hub-ubuntu-625CD08B.config.json\\\"\")"
2026-09-10T00:27:16Z [1,635ms] [Warning] [carb.omniclient.plugin]  45: OmniHub: ThreadId(02) Hub encountered error. Trying to reconnect to Hub. retry_reason="Hub failed to launch: Io(\"child exited with exit status: 1 without writing file \\\"/tmp/hub-ubuntu-625CD08B.config.json\\\"\")"
2026-09-10T00:27:17Z [1,827ms] [Warning] [carb.omniclient.plugin]  45: OmniHub: ThreadId(02) Hub encountered error. Trying to reconnect to Hub. retry_reason="Hub failed to launch: Io(\"child exited with exit status: 1 without writing file \\\"/tmp/hub-ubuntu-625CD08B.config.json\\\"\")"
2026-09-10T00:27:17Z [2,030ms] [Warning] [carb.omniclient.plugin]  45: OmniHub: ThreadId(02) Hub encountered error. Trying to reconnect to Hub. retry_reason="Hub failed to launch: Io(\"child exited with exit status: 1 without writing file \\\"/tmp/hub-ubuntu-625CD08B.config.json\\\"\")"
2026-09-10T00:27:17Z [2,244ms] [Warning] [carb.omniclient.plugin]  45: OmniHub: ThreadId(02) Hub encountered error. Trying to reconnect to Hub. retry_reason="Hub failed to launch: Io(\"child exited with exit status: 1 without writing file \\\"/tmp/hub-ubuntu-625CD08B.config.json\\\"\")"
2026-09-10T00:27:17Z [2,466ms] [Warning] [carb.omniclient.plugin]  45: OmniHub: ThreadId(02) Hub encountered error. Trying to reconnect to Hub. retry_reason="Hub failed to launch: Io(\"child exited with exit status: 1 without writing file \\\"/tmp/hub-ubuntu-625CD08B.config.json\\\"\")"
2026-09-10T00:27:18Z [2,699ms] [Warning] [carb.omniclient.plugin]  45: OmniHub: ThreadId(02) Hub encountered error. Trying to reconnect to Hub. retry_reason="Hub failed to launch: Io(\"child exited with exit status: 1 without writing file \\\"/tmp/hub-ubuntu-625CD08B.config.json\\\"\")"
2026-09-10T00:27:18Z [2,940ms] [Warning] [carb.omniclient.plugin]  45: OmniHub: ThreadId(02) Hub encountered error. Trying to reconnect to Hub. retry_reason="Hub failed to launch: Io(\"child exited with exit status: 1 without writing file \\\"/tmp/hub-ubuntu-625CD08B.config.json\\\"\")"
2026-09-10T00:27:18Z [3,193ms] [Warning] [carb.omniclient.plugin]  45: OmniHub: ThreadId(02) Hub encountered error. Trying to reconnect to Hub. retry_reason="Hub failed to launch: Io(\"child exited with exit status: 1 without writing file \\\"/tmp/hub-ubuntu-625CD08B.config.json\\\"\")"
2026-09-10T00:27:18Z [3,455ms] [Warning] [carb.omniclient.plugin]  45: OmniHub: ThreadId(02) Hub encountered error. Trying to reconnect to Hub. retry_reason="Hub failed to launch: Io(\"child exited with exit status: 1 without writing file \\\"/tmp/hub-ubuntu-625CD08B.config.json\\\"\")"
2026-09-10T00:27:19Z [3,727ms] [Warning] [carb.omniclient.plugin]  45: OmniHub: ThreadId(02) Hub encountered error. Trying to reconnect to Hub. retry_reason="Hub failed to launch: Io(\"child exited with exit status: 1 without writing file \\\"/tmp/hub-ubuntu-625CD08B.config.json\\\"\")"
2026-09-10T00:27:19Z [4,009ms] [Warning] [carb.omniclient.plugin]  45: OmniHub: ThreadId(02) Hub encountered error. Trying to reconnect to Hub. retry_reason="Hub failed to launch: Io(\"child exited with exit status: 1 without writing file \\\"/tmp/hub-ubuntu-625CD08B.config.json\\\"\")"
2026-09-10T00:27:19Z [4,302ms] [Warning] [carb.omniclient.plugin]  45: OmniHub: ThreadId(02) Hub encountered error. Trying to reconnect to Hub. retry_reason="Hub failed to launch: Io(\"child exited with exit status: 1 without writing file \\\"/tmp/hub-ubuntu-625CD08B.config.json\\\"\")"
2026-09-10T00:27:19Z [4,604ms] [Warning] [carb.omniclient.plugin]  45: OmniHub: ThreadId(02) Hub encountered error. Trying to reconnect to Hub. retry_reason="Hub failed to launch: Io(\"child exited with exit status: 1 without writing file \\\"/tmp/hub-ubuntu-625CD08B.config.json\\\"\")"
2026-09-10T00:27:20Z [4,915ms] [Warning] [carb.omniclient.plugin]  45: OmniHub: ThreadId(02) Hub encountered error. Trying to reconnect to Hub. retry_reason="Hub failed to launch: Io(\"child exited with exit status: 1 without writing file \\\"/tmp/hub-ubuntu-625CD08B.config.json\\\"\")"
2026-09-10T00:27:20Z [5,238ms] [Warning] [carb.omniclient.plugin]  45: OmniHub: ThreadId(02) Hub encountered error. Trying to reconnect to Hub. retry_reason="Hub failed to launch: Io(\"child exited with exit status: 1 without writing file \\\"/tmp/hub-ubuntu-625CD08B.config.json\\\"\")"
2026-09-10T00:27:20Z [5,571ms] [Warning] [carb.omniclient.plugin]  45: OmniHub: ThreadId(02) Hub encountered error. Trying to reconnect to Hub. retry_reason="Hub failed to launch: Io(\"child exited with exit status: 1 without writing file \\\"/tmp/hub-ubuntu-625CD08B.config.json\\\"\")"
2026-09-10T00:27:21Z [5,915ms] [Warning] [carb.omniclient.plugin]  45: OmniHub: ThreadId(02) Hub encountered error. Trying to reconnect to Hub. retry_reason="Hub failed to launch: Io(\"child exited with exit status: 1 without writing file \\\"/tmp/hub-ubuntu-625CD08B.config.json\\\"\")"
WARNING: All log messages before absl::InitializeLog() is called are written to STDERR
E0000 00:00:1789000045.678744      11 descriptor_database.cc:633] File already exists in database: grpc/health/v1/health.proto
W0000 00:00:1789000045.678769      11 message.cc:301] Protobuf GeneratedMessageFactory: File is already registered: grpc/health/v1/health.proto
/workspace/isaaclab/_isaac_sim/kit/python/lib/python3.12/site-packages/torch/cuda/__init__.py:435: UserWarning: 
    Found GPU0 NVIDIA GB10 which is of cuda capability 12.1.
    Minimum and Maximum cuda capability supported by this version of PyTorch is
    (8.0) - (12.0)
    
  queued_call()
[ISAACLAB] AppLauncher initialization complete
[INFO]: Base environment:
	Environment device    : cuda:0
	Environment seed      : 157
	Physics step-size     : 0.0025
	Rendering step-size   : 0.02
	Environment step-size : 0.02
[INFO]: Registered backend 'physx' for factory Articulation.
[INFO]: Registered backend 'physx' for factory ContactSensor.
[INFO]: Time taken for scene creation Last: 1.572259 s, Mean: 1.572259 s, Std: 0.000000 s, N: 1
[INFO]: Scene manager:  <class InteractiveScene>
	Number of environments: 1024
	Environment spacing   : 2.0
	Source prim name      : /World/envs/env_0
	Global prim paths     : []
	Replicate physics     : True
[INFO]: Starting the simulation. This may take a few seconds. Please wait...
[INFO]: Simulation parameters for joints in /World/envs/env_.*/Robot:
+-------------------------------------------------------------------------------------------------------------------------------------------------------------------+
|                                                 Simulation Joint Information (Prim path: /World/envs/env_.*/Robot)                                                |
+-------+--------------+-----------+---------+----------+-----------------+------------------+------------------+-----------------+-----------------+---------------+
| Index | Name         | Stiffness | Damping | Armature | Static Friction | Dynamic Friction | Viscous Friction | Position Limits | Velocity Limits | Effort Limits |
+-------+--------------+-----------+---------+----------+-----------------+------------------+------------------+-----------------+-----------------+---------------+
|   0   | revolute_1_1 |   0.000   |  0.000  |  0.001   |      0.010      |      0.010       |      0.002       | [-0.873, 0.873] |      55.292     |     5.500     |
|   1   | revolute_1_7 |   0.000   |  0.000  |  0.001   |      0.010      |      0.010       |      0.002       | [-0.873, 0.873] |      55.292     |     5.500     |
|   2   | revolute_2_5 |   0.000   |  0.000  |  0.001   |      0.010      |      0.010       |      0.002       | [-0.873, 0.873] |      55.292     |     5.500     |
|   3   | revolute_3   |   0.000   |  0.000  |  0.001   |      0.010      |      0.010       |      0.002       | [-0.873, 0.873] |      55.292     |     5.500     |
|   4   | revolute_4   |   0.000   |  0.000  |  0.001   |      0.010      |      0.010       |      0.002       | [-0.873, 0.873] |      55.292     |     5.500     |
|   5   | revolute_5   |   0.000   |  0.000  |  0.001   |      0.010      |      0.010       |      0.002       | [-0.873, 0.873] |      55.292     |     5.500     |
|   6   | revolute_1   |   0.000   |  0.000  |  0.001   |      0.010      |      0.010       |      0.002       |  [0.000, 1.745] |      55.292     |     5.500     |
|   7   | revolute_1_6 |   0.000   |  0.000  |  0.001   |      0.010      |      0.010       |      0.002       |  [0.000, 1.745] |      55.292     |     5.500     |
|   8   | revolute_1_5 |   0.000   |  0.000  |  0.001   |      0.010      |      0.010       |      0.002       |  [0.000, 1.745] |      55.292     |     5.500     |
|   9   | revolute_1_3 |   0.000   |  0.000  |  0.001   |      0.010      |      0.010       |      0.002       |  [0.000, 1.745] |      55.292     |     5.500     |
|   10  | revolute_1_4 |   0.000   |  0.000  |  0.001   |      0.010      |      0.010       |      0.002       |  [0.000, 1.745] |      55.292     |     5.500     |
|   11  | revolute_1_2 |   0.000   |  0.000  |  0.001   |      0.010      |      0.010       |      0.002       |  [0.000, 1.745] |      55.292     |     5.500     |
|   12  | revolute_2   |   0.000   |  0.000  |  0.001   |      0.010      |      0.010       |      0.002       |  [0.000, 2.531] |      55.292     |     5.500     |
|   13  | revolute_2_6 |   0.000   |  0.000  |  0.001   |      0.010      |      0.010       |      0.002       |  [0.000, 2.531] |      55.292     |     5.500     |
|   14  | revolute_2_4 |   0.000   |  0.000  |  0.001   |      0.010      |      0.010       |      0.002       |  [0.000, 2.531] |      55.292     |     5.500     |
|   15  | revolute_2_2 |   0.000   |  0.000  |  0.001   |      0.010      |      0.010       |      0.002       |  [0.000, 2.531] |      55.292     |     5.500     |
|   16  | revolute_2_3 |   0.000   |  0.000  |  0.001   |      0.010      |      0.010       |      0.002       |  [0.000, 2.531] |      55.292     |     5.500     |
|   17  | revolute_2_1 |   0.000   |  0.000  |  0.001   |      0.010      |      0.010       |      0.002       |  [0.000, 2.531] |      55.292     |     5.500     |
+-------+--------------+-----------+---------+----------+-----------------+------------------+------------------+-----------------+-----------------+---------------+
[INFO]: Time taken for simulation start Last: 9.385832 s, Mean: 9.385832 s, Std: 0.000000 s, N: 1
[INFO]: Completed setting up the environment...
--------------------------------------------------------------------------------
Resolved observation sets: 
	 actor :  ['policy']
	 critic :  ['critic']
--------------------------------------------------------------------------------
Actor Model: MLPModel(
  (obs_normalizer): EmpiricalNormalization()
  (distribution): GaussianDistribution()
  (mlp): MLP(
    (0): Linear(in_features=315, out_features=256, bias=True)
    (1): ELU(alpha=1.0)
    (2): Linear(in_features=256, out_features=256, bias=True)
    (3): ELU(alpha=1.0)
    (4): Linear(in_features=256, out_features=128, bias=True)
    (5): ELU(alpha=1.0)
    (6): Linear(in_features=128, out_features=18, bias=True)
  )
)
Critic Model: MLPModel(
  (obs_normalizer): EmpiricalNormalization()
  (mlp): MLP(
    (0): Linear(in_features=318, out_features=256, bias=True)
    (1): ELU(alpha=1.0)
    (2): Linear(in_features=256, out_features=256, bias=True)
    (3): ELU(alpha=1.0)
    (4): Linear(in_features=256, out_features=128, bias=True)
    (5): ELU(alpha=1.0)
    (6): Linear(in_features=128, out_features=1, bias=True)
  )
)
Could not find git repository in /workspace/isaaclab/_isaac_sim/kit/python/lib/python3.12/site-packages/rsl_rl/__init__.py. Skipping.
################################################################################
[1m                          Learning iteration 1847/1897                          [0m 

                            Total steps: 24576 
                       Steps per second: 12032 
                        Collection time: 1.813s 
                          Learning time: 0.230s 
                        Mean value loss: 0.3528
                    Mean surrogate loss: 0.0087
                      Mean entropy loss: -15.8984
                            Mean reward: 0.76
                    Mean episode length: 11.12
                        Mean action std: 0.10
                      Omni/terminations: 0.0000
--------------------------------------------------------------------------------
                         Iteration time: 2.04s
                           Time elapsed: 00:00:02
                                    ETA: 00:01:40

################################################################################
[1m                          Learning iteration 1848/1897                          [0m 

                            Total steps: 49152 
                       Steps per second: 14958 
                        Collection time: 1.555s 
                          Learning time: 0.088s 
                        Mean value loss: 0.0562
                    Mean surrogate loss: -0.0084
                      Mean entropy loss: -15.8971
                            Mean reward: 1.74
                    Mean episode length: 23.90
                        Mean action std: 0.10
                   Omni/linear_tracking: 0.6823
                      Omni/yaw_tracking: 0.5510
                   Omni/linear_progress: 0.3992
                      Omni/yaw_progress: 0.1598
                 Omni/vertical_velocity: 0.0023
                   Omni/roll_pitch_rate: 0.0379
                              Omni/tilt: 0.0003
                            Omni/height: 0.0000
                            Omni/torque: 0.4665
                     Omni/torque_excess: 0.0305
               Omni/worst_torque_excess: 0.4283
                        Omni/saturation: 0.0665
                    Omni/positive_power: 2.2341
                       Omni/action_rate: 3.8261
                Omni/joint_acceleration: 33189.1328
                              Omni/slip: 0.0102
                           Omni/nonfoot: 0.0000
                      Omni/joint_limits: 0.0012
                           Omni/airtime: -0.0302
                     Omni/stand_posture: 0.0010
              Omni/stand_joint_velocity: 0.1680
             Omni/stand_target_velocity: 0.5509
                  Omni/stand_raw_action: 0.0543
                      Omni/terminations: 0.0000
--------------------------------------------------------------------------------
                         Iteration time: 1.64s
                           Time elapsed: 00:00:03
                                    ETA: 00:01:28

################################################################################
[1m                          Learning iteration 1849/1897                          [0m 

                            Total steps: 73728 
                       Steps per second: 14453 
                        Collection time: 1.613s 
                          Learning time: 0.087s 
                        Mean value loss: 0.0322
                    Mean surrogate loss: -0.0074
                      Mean entropy loss: -15.8980
                            Mean reward: 2.70
                    Mean episode length: 36.46
                        Mean action std: 0.10
                   Omni/linear_tracking: 0.6513
                      Omni/yaw_tracking: 0.5498
                   Omni/linear_progress: 0.3398
                      Omni/yaw_progress: 0.2600
                 Omni/vertical_velocity: 0.0016
                   Omni/roll_pitch_rate: 0.0415
                              Omni/tilt: 0.0005
                            Omni/height: 0.0000
                            Omni/torque: 0.4745
                     Omni/torque_excess: 0.0257
               Omni/worst_torque_excess: 0.4004
                        Omni/saturation: 0.0669
                    Omni/positive_power: 2.4158
                       Omni/action_rate: 4.0054
                Omni/joint_acceleration: 32769.8555
                              Omni/slip: 0.0123
                           Omni/nonfoot: 0.0000
                      Omni/joint_limits: 0.0086
                           Omni/airtime: -0.0306
                     Omni/stand_posture: 0.0006
              Omni/stand_joint_velocity: 0.0880
             Omni/stand_target_velocity: 0.2720
                  Omni/stand_raw_action: 0.0262
                      Omni/terminations: 0.0000
--------------------------------------------------------------------------------
                         Iteration time: 1.70s
                           Time elapsed: 00:00:05
                                    ETA: 00:01:24

################################################################################
[1m                          Learning iteration 1850/1897                          [0m 

                            Total steps: 98304 
                       Steps per second: 14295 
                        Collection time: 1.633s 
                          Learning time: 0.086s 
                        Mean value loss: 0.0295
                    Mean surrogate loss: -0.0077
                      Mean entropy loss: -15.9029
                            Mean reward: 4.24
                    Mean episode length: 56.95
                        Mean action std: 0.10
                   Omni/linear_tracking: 0.6413
                      Omni/yaw_tracking: 0.5815
                   Omni/linear_progress: 0.4028
                      Omni/yaw_progress: 0.2457
                 Omni/vertical_velocity: 0.0015
                   Omni/roll_pitch_rate: 0.0440
                              Omni/tilt: 0.0006
                            Omni/height: 0.0000
                            Omni/torque: 0.4571
                     Omni/torque_excess: 0.0195
               Omni/worst_torque_excess: 0.3417
                        Omni/saturation: 0.0605
                    Omni/positive_power: 2.3206
                       Omni/action_rate: 3.9507
                Omni/joint_acceleration: 32379.7188
                              Omni/slip: 0.0107
                           Omni/nonfoot: 0.0000
                      Omni/joint_limits: 0.0157
                           Omni/airtime: -0.0216
                     Omni/stand_posture: 0.0026
              Omni/stand_joint_velocity: 0.1039
             Omni/stand_target_velocity: 0.3428
                  Omni/stand_raw_action: 0.0574
                      Omni/terminations: 0.0000
--------------------------------------------------------------------------------
                         Iteration time: 1.72s
                           Time elapsed: 00:00:07
                                    ETA: 00:01:21

################################################################################
[1m                          Learning iteration 1851/1897                          [0m 

                            Total steps: 122880 
                       Steps per second: 14728 
                        Collection time: 1.578s 
                          Learning time: 0.091s 
                        Mean value loss: 0.0273
                    Mean surrogate loss: -0.0104
                      Mean entropy loss: -15.9106
                            Mean reward: 5.76
                    Mean episode length: 76.52
                        Mean action std: 0.10
                   Omni/linear_tracking: 0.6376
                      Omni/yaw_tracking: 0.5759
                   Omni/linear_progress: 0.4038
                      Omni/yaw_progress: 0.2394
                 Omni/vertical_velocity: 0.0012
                   Omni/roll_pitch_rate: 0.0419
                              Omni/tilt: 0.0007
                            Omni/height: 0.0000
                            Omni/torque: 0.4619
                     Omni/torque_excess: 0.0234
               Omni/worst_torque_excess: 0.3937
                        Omni/saturation: 0.0645
                    Omni/positive_power: 2.2352
                       Omni/action_rate: 3.8206
                Omni/joint_acceleration: 32088.1758
                              Omni/slip: 0.0114
                           Omni/nonfoot: 0.0000
                      Omni/joint_limits: 0.0193
                           Omni/airtime: -0.0154
                     Omni/stand_posture: 0.0043
              Omni/stand_joint_velocity: 0.1073
             Omni/stand_target_velocity: 0.3931
                  Omni/stand_raw_action: 0.0761
                      Omni/terminations: 0.0000
--------------------------------------------------------------------------------
                         Iteration time: 1.67s
                           Time elapsed: 00:00:08
                                    ETA: 00:01:18

################################################################################
[1m                          Learning iteration 1852/1897                          [0m 

                            Total steps: 147456 
                       Steps per second: 14163 
                        Collection time: 1.657s 
                          Learning time: 0.078s 
                        Mean value loss: 0.0278
                    Mean surrogate loss: -0.0113
                      Mean entropy loss: -15.9217
                            Mean reward: 7.43
                    Mean episode length: 97.66
                        Mean action std: 0.10
                   Omni/linear_tracking: 0.6142
                      Omni/yaw_tracking: 0.5478
                   Omni/linear_progress: 0.5238
                      Omni/yaw_progress: 0.1798
                 Omni/vertical_velocity: 0.0012
                   Omni/roll_pitch_rate: 0.0459
                              Omni/tilt: 0.0009
                            Omni/height: 0.0000
                            Omni/torque: 0.4636
                     Omni/torque_excess: 0.0199
               Omni/worst_torque_excess: 0.3724
                        Omni/saturation: 0.0636
                    Omni/positive_power: 2.4158
                       Omni/action_rate: 3.8714
                Omni/joint_acceleration: 32498.5059
                              Omni/slip: 0.0121
                           Omni/nonfoot: 0.0000
                      Omni/joint_limits: 0.0212
                           Omni/airtime: -0.0142
                     Omni/stand_posture: 0.0005
              Omni/stand_joint_velocity: 0.0387
             Omni/stand_target_velocity: 0.1193
                  Omni/stand_raw_action: 0.0116
                      Omni/terminations: 0.0000
--------------------------------------------------------------------------------
                         Iteration time: 1.74s
                           Time elapsed: 00:00:10
                                    ETA: 00:01:17

################################################################################
[1m                          Learning iteration 1853/1897                          [0m 

                            Total steps: 172032 
                       Steps per second: 15460 
                        Collection time: 1.511s 
                          Learning time: 0.079s 
                        Mean value loss: 0.1129
                    Mean surrogate loss: -0.0072
                      Mean entropy loss: -15.9389
                            Mean reward: 8.47
                    Mean episode length: 113.86
                        Mean action std: 0.10
                   Omni/linear_tracking: 0.6206
                      Omni/yaw_tracking: 0.6218
                   Omni/linear_progress: 0.3033
                      Omni/yaw_progress: 0.2791
                 Omni/vertical_velocity: 0.0011
                   Omni/roll_pitch_rate: 0.0441
                              Omni/tilt: 0.0006
                            Omni/height: 0.0000
                            Omni/torque: 0.4468
                     Omni/torque_excess: 0.0162
               Omni/worst_torque_excess: 0.3258
                        Omni/saturation: 0.0590
                    Omni/positive_power: 2.1555
                       Omni/action_rate: 3.8502
                Omni/joint_acceleration: 33116.3594
                              Omni/slip: 0.0082
                           Omni/nonfoot: 0.0000
                      Omni/joint_limits: 0.0271
                           Omni/airtime: -0.0098
                     Omni/stand_posture: 0.0051
              Omni/stand_joint_velocity: 0.1011
             Omni/stand_target_velocity: 0.3674
                  Omni/stand_raw_action: 0.0788
                      Omni/terminations: 0.0000
--------------------------------------------------------------------------------
                         Iteration time: 1.59s
                           Time elapsed: 00:00:12
                                    ETA: 00:01:14

################################################################################
[1m                          Learning iteration 1854/1897                          [0m 

                            Total steps: 196608 
                       Steps per second: 14997 
                        Collection time: 1.553s 
                          Learning time: 0.085s 
                        Mean value loss: 0.1312
                    Mean surrogate loss: -0.0060
                      Mean entropy loss: -15.9508
                            Mean reward: 10.07
                    Mean episode length: 136.94
                        Mean action std: 0.10
                   Omni/linear_tracking: 0.5999
                      Omni/yaw_tracking: 0.5340
                   Omni/linear_progress: 0.4528
                      Omni/yaw_progress: 0.2218
                 Omni/vertical_velocity: 0.0010
                   Omni/roll_pitch_rate: 0.0469
                              Omni/tilt: 0.0011
                            Omni/height: 0.0000
                            Omni/torque: 0.4657
                     Omni/torque_excess: 0.0212
               Omni/worst_torque_excess: 0.3759
                        Omni/saturation: 0.0631
                    Omni/positive_power: 2.4220
                       Omni/action_rate: 3.8373
                Omni/joint_acceleration: 31488.1016
                              Omni/slip: 0.0113
                           Omni/nonfoot: 0.0000
                      Omni/joint_limits: 0.0237
                           Omni/airtime: -0.0105
                     Omni/stand_posture: 0.0012
              Omni/stand_joint_velocity: 0.0389
             Omni/stand_target_velocity: 0.1313
                  Omni/stand_raw_action: 0.0208
                      Omni/terminations: 0.0000
--------------------------------------------------------------------------------
                         Iteration time: 1.64s
                           Time elapsed: 00:00:13
                                    ETA: 00:01:12

################################################################################
[1m                          Learning iteration 1855/1897                          [0m 

                            Total steps: 221184 
                       Steps per second: 14820 
                        Collection time: 1.570s 
                          Learning time: 0.088s 
                        Mean value loss: 0.1697
                    Mean surrogate loss: -0.0099
                      Mean entropy loss: -15.9599
                            Mean reward: 12.21
                    Mean episode length: 164.60
                        Mean action std: 0.10
                   Omni/linear_tracking: 0.5965
                      Omni/yaw_tracking: 0.5965
                   Omni/linear_progress: 0.4069
                      Omni/yaw_progress: 0.2604
                 Omni/vertical_velocity: 0.0011
                   Omni/roll_pitch_rate: 0.0477
                              Omni/tilt: 0.0010
                            Omni/height: 0.0000
                            Omni/torque: 0.4550
                     Omni/torque_excess: 0.0201
               Omni/worst_torque_excess: 0.3635
                        Omni/saturation: 0.0608
                    Omni/positive_power: 2.3141
                       Omni/action_rate: 3.9627
                Omni/joint_acceleration: 32547.9023
                              Omni/slip: 0.0101
                           Omni/nonfoot: 0.0000
                      Omni/joint_limits: 0.0200
                           Omni/airtime: -0.0088
                     Omni/stand_posture: 0.0029
              Omni/stand_joint_velocity: 0.0634
             Omni/stand_target_velocity: 0.2165
                  Omni/stand_raw_action: 0.0434
                      Omni/terminations: 0.0000
--------------------------------------------------------------------------------
                         Iteration time: 1.66s
                           Time elapsed: 00:00:15
                                    ETA: 00:01:10

################################################################################
[1m                          Learning iteration 1856/1897                          [0m 

                            Total steps: 245760 
                       Steps per second: 14772 
                        Collection time: 1.575s 
                          Learning time: 0.089s 
                        Mean value loss: 0.1558
                    Mean surrogate loss: -0.0102
                      Mean entropy loss: -15.9657
                            Mean reward: 13.75
                    Mean episode length: 188.11
                        Mean action std: 0.10
                   Omni/linear_tracking: 0.6047
                      Omni/yaw_tracking: 0.5608
                   Omni/linear_progress: 0.4763
                      Omni/yaw_progress: 0.2204
                 Omni/vertical_velocity: 0.0010
                   Omni/roll_pitch_rate: 0.0470
                              Omni/tilt: 0.0011
                            Omni/height: 0.0000
                            Omni/torque: 0.4562
                     Omni/torque_excess: 0.0208
               Omni/worst_torque_excess: 0.3637
                        Omni/saturation: 0.0604
                    Omni/positive_power: 2.3115
                       Omni/action_rate: 3.9116
                Omni/joint_acceleration: 31545.6875
                              Omni/slip: 0.0101
                           Omni/nonfoot: 0.0000
                      Omni/joint_limits: 0.0242
                           Omni/airtime: -0.0077
                     Omni/stand_posture: 0.0053
              Omni/stand_joint_velocity: 0.0928
             Omni/stand_target_velocity: 0.3468
                  Omni/stand_raw_action: 0.0781
                      Omni/terminations: 0.0000
--------------------------------------------------------------------------------
                         Iteration time: 1.66s
                           Time elapsed: 00:00:17
                                    ETA: 00:01:08

################################################################################
[1m                          Learning iteration 1857/1897                          [0m 

                            Total steps: 270336 
                       Steps per second: 15274 
                        Collection time: 1.522s 
                          Learning time: 0.087s 
                        Mean value loss: 0.1430
                    Mean surrogate loss: -0.0086
                      Mean entropy loss: -15.9760
                            Mean reward: 15.83
                    Mean episode length: 215.76
                        Mean action std: 0.10
                   Omni/linear_tracking: 0.6441
                      Omni/yaw_tracking: 0.6021
                   Omni/linear_progress: 0.4448
                      Omni/yaw_progress: 0.2313
                 Omni/vertical_velocity: 0.0010
                   Omni/roll_pitch_rate: 0.0448
                              Omni/tilt: 0.0007
                            Omni/height: 0.0000
                            Omni/torque: 0.4585
                     Omni/torque_excess: 0.0156
               Omni/worst_torque_excess: 0.3238
                        Omni/saturation: 0.0596
                    Omni/positive_power: 2.2509
                       Omni/action_rate: 3.8256
                Omni/joint_acceleration: 32493.6543
                              Omni/slip: 0.0080
                           Omni/nonfoot: 0.0000
                      Omni/joint_limits: 0.0250
                           Omni/airtime: -0.0064
                     Omni/stand_posture: 0.0053
              Omni/stand_joint_velocity: 0.0889
             Omni/stand_target_velocity: 0.3213
                  Omni/stand_raw_action: 0.0717
                      Omni/terminations: 0.0000
--------------------------------------------------------------------------------
                         Iteration time: 1.61s
                           Time elapsed: 00:00:18
                                    ETA: 00:01:06

################################################################################
[1m                          Learning iteration 1858/1897                          [0m 

                            Total steps: 294912 
                       Steps per second: 14294 
                        Collection time: 1.628s 
                          Learning time: 0.091s 
                        Mean value loss: 0.1319
                    Mean surrogate loss: -0.0106
                      Mean entropy loss: -15.9872
                            Mean reward: 17.55
                    Mean episode length: 235.01
                        Mean action std: 0.10
                   Omni/linear_tracking: 0.6028
                      Omni/yaw_tracking: 0.5905
                   Omni/linear_progress: 0.5440
                      Omni/yaw_progress: 0.2251
                 Omni/vertical_velocity: 0.0009
                   Omni/roll_pitch_rate: 0.0505
                              Omni/tilt: 0.0012
                            Omni/height: 0.0000
                            Omni/torque: 0.4521
                     Omni/torque_excess: 0.0219
               Omni/worst_torque_excess: 0.3686
                        Omni/saturation: 0.0586
                    Omni/positive_power: 2.3953
                       Omni/action_rate: 3.8318
                Omni/joint_acceleration: 32055.5781
                              Omni/slip: 0.0113
                           Omni/nonfoot: 0.0000
                      Omni/joint_limits: 0.0305
                           Omni/airtime: -0.0072
                     Omni/stand_posture: 0.0018
              Omni/stand_joint_velocity: 0.0385
             Omni/stand_target_velocity: 0.1293
                  Omni/stand_raw_action: 0.0251
                      Omni/terminations: 0.0000
--------------------------------------------------------------------------------
                         Iteration time: 1.72s
                           Time elapsed: 00:00:20
                                    ETA: 00:01:04

################################################################################
[1m                          Learning iteration 1859/1897                          [0m 

                            Total steps: 319488 
                       Steps per second: 14582 
                        Collection time: 1.597s 
                          Learning time: 0.088s 
                        Mean value loss: 0.1207
                    Mean surrogate loss: -0.0103
                      Mean entropy loss: -16.0026
                            Mean reward: 19.28
                    Mean episode length: 260.01
                        Mean action std: 0.10
                   Omni/linear_tracking: 0.6253
                      Omni/yaw_tracking: 0.5629
                   Omni/linear_progress: 0.5076
                      Omni/yaw_progress: 0.2103
                 Omni/vertical_velocity: 0.0009
                   Omni/roll_pitch_rate: 0.0450
                              Omni/tilt: 0.0011
                            Omni/height: 0.0000
                            Omni/torque: 0.4526
                     Omni/torque_excess: 0.0170
               Omni/worst_torque_excess: 0.3336
                        Omni/saturation: 0.0588
                    Omni/positive_power: 2.3096
                       Omni/action_rate: 3.8850
                Omni/joint_acceleration: 31870.1719
                              Omni/slip: 0.0102
                           Omni/nonfoot: 0.0000
                      Omni/joint_limits: 0.0245
                           Omni/airtime: -0.0058
                     Omni/stand_posture: 0.0059
              Omni/stand_joint_velocity: 0.0940
             Omni/stand_target_velocity: 0.3461
                  Omni/stand_raw_action: 0.0806
                      Omni/terminations: 0.0000
--------------------------------------------------------------------------------
                         Iteration time: 1.69s
                           Time elapsed: 00:00:22
                                    ETA: 00:01:02

################################################################################
[1m                          Learning iteration 1860/1897                          [0m 

                            Total steps: 344064 
                       Steps per second: 15004 
                        Collection time: 1.548s 
                          Learning time: 0.090s 
                        Mean value loss: 0.0635
                    Mean surrogate loss: -0.0111
                      Mean entropy loss: -16.0172
                            Mean reward: 20.62
                    Mean episode length: 281.15
                        Mean action std: 0.10
                   Omni/linear_tracking: 0.5914
                      Omni/yaw_tracking: 0.5816
                   Omni/linear_progress: 0.3231
                      Omni/yaw_progress: 0.2763
                 Omni/vertical_velocity: 0.0009
                   Omni/roll_pitch_rate: 0.0482
                              Omni/tilt: 0.0008
                            Omni/height: 0.0000
                            Omni/torque: 0.4552
                     Omni/torque_excess: 0.0163
               Omni/worst_torque_excess: 0.3294
                        Omni/saturation: 0.0601
                    Omni/positive_power: 2.1907
                       Omni/action_rate: 4.0220
                Omni/joint_acceleration: 32246.0234
                              Omni/slip: 0.0096
                           Omni/nonfoot: 0.0000
                      Omni/joint_limits: 0.0209
                           Omni/airtime: -0.0045
                     Omni/stand_posture: 0.0093
              Omni/stand_joint_velocity: 0.1320
             Omni/stand_target_velocity: 0.5029
                  Omni/stand_raw_action: 0.1193
                      Omni/terminations: 0.0000
--------------------------------------------------------------------------------
                         Iteration time: 1.64s
                           Time elapsed: 00:00:23
                                    ETA: 00:01:00

################################################################################
[1m                          Learning iteration 1861/1897                          [0m 

                            Total steps: 368640 
                       Steps per second: 14905 
                        Collection time: 1.561s 
                          Learning time: 0.088s 
                        Mean value loss: 0.0598
                    Mean surrogate loss: -0.0097
                      Mean entropy loss: -16.0330
                            Mean reward: 22.29
                    Mean episode length: 306.16
                        Mean action std: 0.10
                   Omni/linear_tracking: 0.5934
                      Omni/yaw_tracking: 0.5734
                   Omni/linear_progress: 0.3937
                      Omni/yaw_progress: 0.3095
                 Omni/vertical_velocity: 0.0009
                   Omni/roll_pitch_rate: 0.0515
                              Omni/tilt: 0.0012
                            Omni/height: 0.0000
                            Omni/torque: 0.4588
                     Omni/torque_excess: 0.0173
               Omni/worst_torque_excess: 0.3432
                        Omni/saturation: 0.0623
                    Omni/positive_power: 2.3212
                       Omni/action_rate: 3.9114
                Omni/joint_acceleration: 32687.2930
                              Omni/slip: 0.0089
                           Omni/nonfoot: 0.0000
                      Omni/joint_limits: 0.0253
                           Omni/airtime: -0.0052
                     Omni/stand_posture: 0.0020
              Omni/stand_joint_velocity: 0.0383
             Omni/stand_target_velocity: 0.1334
                  Omni/stand_raw_action: 0.0273
                      Omni/terminations: 0.0000
--------------------------------------------------------------------------------
                         Iteration time: 1.65s
                           Time elapsed: 00:00:25
                                    ETA: 00:00:59

################################################################################
[1m                          Learning iteration 1862/1897                          [0m 

                            Total steps: 393216 
                       Steps per second: 14941 
                        Collection time: 1.557s 
                          Learning time: 0.088s 
                        Mean value loss: 0.0820
                    Mean surrogate loss: -0.0089
                      Mean entropy loss: -16.0547
                            Mean reward: 24.13
                    Mean episode length: 334.89
                        Mean action std: 0.10
                   Omni/linear_tracking: 0.5856
                      Omni/yaw_tracking: 0.5359
                   Omni/linear_progress: 0.4816
                      Omni/yaw_progress: 0.1228
                 Omni/vertical_velocity: 0.0009
                   Omni/roll_pitch_rate: 0.0483
                              Omni/tilt: 0.0011
                            Omni/height: 0.0000
                            Omni/torque: 0.4645
                     Omni/torque_excess: 0.0248
               Omni/worst_torque_excess: 0.4003
                        Omni/saturation: 0.0644
                    Omni/positive_power: 2.4237
                       Omni/action_rate: 3.8258
                Omni/joint_acceleration: 32043.2793
                              Omni/slip: 0.0121
                           Omni/nonfoot: 0.0000
                      Omni/joint_limits: 0.0288
                           Omni/airtime: -0.0049
                     Omni/stand_posture: 0.0044
              Omni/stand_joint_velocity: 0.0663
             Omni/stand_target_velocity: 0.2377
                  Omni/stand_raw_action: 0.0540
                      Omni/terminations: 0.0000
--------------------------------------------------------------------------------
                         Iteration time: 1.64s
                           Time elapsed: 00:00:27
                                    ETA: 00:00:57

################################################################################
[1m                          Learning iteration 1863/1897                          [0m 

                            Total steps: 417792 
                       Steps per second: 15179 
                        Collection time: 1.527s 
                          Learning time: 0.092s 
                        Mean value loss: 0.0950
                    Mean surrogate loss: -0.0103
                      Mean entropy loss: -16.0727
                            Mean reward: 24.96
                    Mean episode length: 351.80
                        Mean action std: 0.10
                   Omni/linear_tracking: 0.5980
                      Omni/yaw_tracking: 0.5893
                   Omni/linear_progress: 0.4076
                      Omni/yaw_progress: 0.1988
                 Omni/vertical_velocity: 0.0009
                   Omni/roll_pitch_rate: 0.0502
                              Omni/tilt: 0.0007
                            Omni/height: 0.0000
                            Omni/torque: 0.4572
                     Omni/torque_excess: 0.0217
               Omni/worst_torque_excess: 0.3709
                        Omni/saturation: 0.0607
                    Omni/positive_power: 2.2951
                       Omni/action_rate: 3.7830
                Omni/joint_acceleration: 32785.9141
                              Omni/slip: 0.0089
                           Omni/nonfoot: 0.0000
                      Omni/joint_limits: 0.0296
                           Omni/airtime: -0.0041
                     Omni/stand_posture: 0.0064
              Omni/stand_joint_velocity: 0.0928
             Omni/stand_target_velocity: 0.3430
                  Omni/stand_raw_action: 0.0817
                      Omni/terminations: 0.0000
--------------------------------------------------------------------------------
                         Iteration time: 1.62s
                           Time elapsed: 00:00:28
                                    ETA: 00:00:55

################################################################################
[1m                          Learning iteration 1864/1897                          [0m 

                            Total steps: 442368 
                       Steps per second: 13294 
                        Collection time: 1.759s 
                          Learning time: 0.089s 
                        Mean value loss: 0.1073
                    Mean surrogate loss: -0.0111
                      Mean entropy loss: -16.0900
                            Mean reward: 26.79
                    Mean episode length: 372.70
                        Mean action std: 0.10
                   Omni/linear_tracking: 0.6254
                      Omni/yaw_tracking: 0.6336
                   Omni/linear_progress: 0.4005
                      Omni/yaw_progress: 0.3410
                 Omni/vertical_velocity: 0.0009
                   Omni/roll_pitch_rate: 0.0488
                              Omni/tilt: 0.0007
                            Omni/height: 0.0000
                            Omni/torque: 0.4522
                     Omni/torque_excess: 0.0153
               Omni/worst_torque_excess: 0.3179
                        Omni/saturation: 0.0585
                    Omni/positive_power: 2.2234
                       Omni/action_rate: 3.8475
                Omni/joint_acceleration: 32339.9199
                              Omni/slip: 0.0084
                           Omni/nonfoot: 0.0000
                      Omni/joint_limits: 0.0270
                           Omni/airtime: -0.0060
                     Omni/stand_posture: 0.0036
              Omni/stand_joint_velocity: 0.0557
             Omni/stand_target_velocity: 0.2071
                  Omni/stand_raw_action: 0.0473
                      Omni/terminations: 0.0000
--------------------------------------------------------------------------------
                         Iteration time: 1.85s
                           Time elapsed: 00:00:30
                                    ETA: 00:00:54

################################################################################
[1m                          Learning iteration 1865/1897                          [0m 

                            Total steps: 466944 
                       Steps per second: 13156 
                        Collection time: 1.790s 
                          Learning time: 0.078s 
                        Mean value loss: 0.1237
                    Mean surrogate loss: -0.0081
                      Mean entropy loss: -16.1016
                            Mean reward: 29.96
                    Mean episode length: 403.28
                        Mean action std: 0.10
                   Omni/linear_tracking: 0.6205
                      Omni/yaw_tracking: 0.5888
                   Omni/linear_progress: 0.4723
                      Omni/yaw_progress: 0.2443
                 Omni/vertical_velocity: 0.0009
                   Omni/roll_pitch_rate: 0.0500
                              Omni/tilt: 0.0011
                            Omni/height: 0.0000
                            Omni/torque: 0.4606
                     Omni/torque_excess: 0.0167
               Omni/worst_torque_excess: 0.3397
                        Omni/saturation: 0.0615
                    Omni/positive_power: 2.3248
                       Omni/action_rate: 4.0113
                Omni/joint_acceleration: 32049.7246
                              Omni/slip: 0.0091
                           Omni/nonfoot: 0.0000
                      Omni/joint_limits: 0.0230
                           Omni/airtime: -0.0075
                     Omni/stand_posture: 0.0042
              Omni/stand_joint_velocity: 0.0621
             Omni/stand_target_velocity: 0.2306
                  Omni/stand_raw_action: 0.0530
                      Omni/terminations: 0.0000
--------------------------------------------------------------------------------
                         Iteration time: 1.87s
                           Time elapsed: 00:00:32
                                    ETA: 00:00:52

################################################################################
[1m                          Learning iteration 1866/1897                          [0m 

                            Total steps: 491520 
                       Steps per second: 13252 
                        Collection time: 1.773s 
                          Learning time: 0.082s 
                        Mean value loss: 0.1324
                    Mean surrogate loss: -0.0096
                      Mean entropy loss: -16.1160
                            Mean reward: 31.74
                    Mean episode length: 429.43
                        Mean action std: 0.10
                   Omni/linear_tracking: 0.6131
                      Omni/yaw_tracking: 0.5910
                   Omni/linear_progress: 0.4252
                      Omni/yaw_progress: 0.2535
                 Omni/vertical_velocity: 0.0009
                   Omni/roll_pitch_rate: 0.0501
                              Omni/tilt: 0.0008
                            Omni/height: 0.0000
                            Omni/torque: 0.4558
                     Omni/torque_excess: 0.0200
               Omni/worst_torque_excess: 0.3469
                        Omni/saturation: 0.0603
                    Omni/positive_power: 2.2830
                       Omni/action_rate: 3.8120
                Omni/joint_acceleration: 32175.3262
                              Omni/slip: 0.0086
                           Omni/nonfoot: 0.0000
                      Omni/joint_limits: 0.0271
                           Omni/airtime: -0.0083
                     Omni/stand_posture: 0.0073
              Omni/stand_joint_velocity: 0.1007
             Omni/stand_target_velocity: 0.3762
                  Omni/stand_raw_action: 0.0907
                      Omni/terminations: 0.0000
--------------------------------------------------------------------------------
                         Iteration time: 1.85s
                           Time elapsed: 00:00:34
                                    ETA: 00:00:51

################################################################################
[1m                          Learning iteration 1867/1897                          [0m 

                            Total steps: 516096 
                       Steps per second: 14263 
                        Collection time: 1.643s 
                          Learning time: 0.080s 
                        Mean value loss: 0.1045
                    Mean surrogate loss: -0.0116
                      Mean entropy loss: -16.1364
                            Mean reward: 33.33
                    Mean episode length: 447.72
                        Mean action std: 0.10
                   Omni/linear_tracking: 0.5993
                      Omni/yaw_tracking: 0.6051
                   Omni/linear_progress: 0.3689
                      Omni/yaw_progress: 0.2806
                 Omni/vertical_velocity: 0.0009
                   Omni/roll_pitch_rate: 0.0510
                              Omni/tilt: 0.0010
                            Omni/height: 0.0000
                            Omni/torque: 0.4544
                     Omni/torque_excess: 0.0167
               Omni/worst_torque_excess: 0.3367
                        Omni/saturation: 0.0595
                    Omni/positive_power: 2.2702
                       Omni/action_rate: 3.8628
                Omni/joint_acceleration: 32558.0371
                              Omni/slip: 0.0080
                           Omni/nonfoot: 0.0000
                      Omni/joint_limits: 0.0275
                           Omni/airtime: -0.0093
                     Omni/stand_posture: 0.0056
              Omni/stand_joint_velocity: 0.0779
             Omni/stand_target_velocity: 0.2943
                  Omni/stand_raw_action: 0.0701
                      Omni/terminations: 0.0000
--------------------------------------------------------------------------------
                         Iteration time: 1.72s
                           Time elapsed: 00:00:35
                                    ETA: 00:00:49

################################################################################
[1m                          Learning iteration 1868/1897                          [0m 

                            Total steps: 540672 
                       Steps per second: 14395 
                        Collection time: 1.615s 
                          Learning time: 0.092s 
                        Mean value loss: 0.1384
                    Mean surrogate loss: -0.0082
                      Mean entropy loss: -16.1499
                            Mean reward: 34.57
                    Mean episode length: 469.14
                        Mean action std: 0.10
                   Omni/linear_tracking: 0.6143
                      Omni/yaw_tracking: 0.6178
                   Omni/linear_progress: 0.3898
                      Omni/yaw_progress: 0.2334
                 Omni/vertical_velocity: 0.0009
                   Omni/roll_pitch_rate: 0.0503
                              Omni/tilt: 0.0010
                            Omni/height: 0.0000
                            Omni/torque: 0.4457
                     Omni/torque_excess: 0.0137
               Omni/worst_torque_excess: 0.2987
                        Omni/saturation: 0.0571
                    Omni/positive_power: 2.2134
                       Omni/action_rate: 3.8117
                Omni/joint_acceleration: 32468.7656
                              Omni/slip: 0.0074
                           Omni/nonfoot: 0.0000
                      Omni/joint_limits: 0.0274
                           Omni/airtime: -0.0109
                     Omni/stand_posture: 0.0094
              Omni/stand_joint_velocity: 0.1262
             Omni/stand_target_velocity: 0.4649
                  Omni/stand_raw_action: 0.1137
                      Omni/terminations: 0.0417
--------------------------------------------------------------------------------
                         Iteration time: 1.71s
                           Time elapsed: 00:00:37
                                    ETA: 00:00:47

################################################################################
[1m                          Learning iteration 1869/1897                          [0m 

                            Total steps: 565248 
                       Steps per second: 14426 
                        Collection time: 1.618s 
                          Learning time: 0.086s 
                        Mean value loss: 0.1153
                    Mean surrogate loss: -0.0101
                      Mean entropy loss: -16.1542
                            Mean reward: 36.42
                    Mean episode length: 490.63
                        Mean action std: 0.10
                   Omni/linear_tracking: 0.5707
                      Omni/yaw_tracking: 0.5932
                   Omni/linear_progress: 0.4076
                      Omni/yaw_progress: 0.3868
                 Omni/vertical_velocity: 0.0009
                   Omni/roll_pitch_rate: 0.0505
                              Omni/tilt: 0.0011
                            Omni/height: 0.0000
                            Omni/torque: 0.4431
                     Omni/torque_excess: 0.0189
               Omni/worst_torque_excess: 0.3441
                        Omni/saturation: 0.0574
                    Omni/positive_power: 2.3866
                       Omni/action_rate: 3.6560
                Omni/joint_acceleration: 31889.5234
                              Omni/slip: 0.0109
                           Omni/nonfoot: 0.0000
                      Omni/joint_limits: 0.0350
                           Omni/airtime: -0.0133
                     Omni/stand_posture: 0.0009
              Omni/stand_joint_velocity: 0.0198
             Omni/stand_target_velocity: 0.0669
                  Omni/stand_raw_action: 0.0130
                      Omni/terminations: 0.0833
--------------------------------------------------------------------------------
                         Iteration time: 1.70s
                           Time elapsed: 00:00:39
                                    ETA: 00:00:46

################################################################################
[1m                          Learning iteration 1870/1897                          [0m 

                            Total steps: 589824 
                       Steps per second: 14939 
                        Collection time: 1.565s 
                          Learning time: 0.080s 
                        Mean value loss: 0.0842
                    Mean surrogate loss: -0.0091
                      Mean entropy loss: -16.1651
                            Mean reward: 38.33
                    Mean episode length: 521.49
                        Mean action std: 0.10
                   Omni/linear_tracking: 0.6030
                      Omni/yaw_tracking: 0.6146
                   Omni/linear_progress: 0.3253
                      Omni/yaw_progress: 0.3877
                 Omni/vertical_velocity: 0.0009
                   Omni/roll_pitch_rate: 0.0496
                              Omni/tilt: 0.0009
                            Omni/height: 0.0000
                            Omni/torque: 0.4502
                     Omni/torque_excess: 0.0158
               Omni/worst_torque_excess: 0.3271
                        Omni/saturation: 0.0575
                    Omni/positive_power: 2.2534
                       Omni/action_rate: 3.8661
                Omni/joint_acceleration: 32724.1934
                              Omni/slip: 0.0090
                           Omni/nonfoot: 0.0000
                      Omni/joint_limits: 0.0268
                           Omni/airtime: -0.0137
                     Omni/stand_posture: 0.0044
              Omni/stand_joint_velocity: 0.0647
             Omni/stand_target_velocity: 0.2398
                  Omni/stand_raw_action: 0.0559
                      Omni/terminations: 0.0000
--------------------------------------------------------------------------------
                         Iteration time: 1.65s
                           Time elapsed: 00:00:40
                                    ETA: 00:00:44

################################################################################
[1m                          Learning iteration 1871/1897                          [0m 

                            Total steps: 614400 
                       Steps per second: 14949 
                        Collection time: 1.564s 
                          Learning time: 0.080s 
                        Mean value loss: 0.0888
                    Mean surrogate loss: -0.0092
                      Mean entropy loss: -16.1676
                            Mean reward: 40.13
                    Mean episode length: 547.51
                        Mean action std: 0.10
                   Omni/linear_tracking: 0.6028
                      Omni/yaw_tracking: 0.5739
                   Omni/linear_progress: 0.4461
                      Omni/yaw_progress: 0.2197
                 Omni/vertical_velocity: 0.0009
                   Omni/roll_pitch_rate: 0.0492
                              Omni/tilt: 0.0011
                            Omni/height: 0.0000
                            Omni/torque: 0.4553
                     Omni/torque_excess: 0.0167
               Omni/worst_torque_excess: 0.3355
                        Omni/saturation: 0.0595
                    Omni/positive_power: 2.3200
                       Omni/action_rate: 3.9253
                Omni/joint_acceleration: 32156.5234
                              Omni/slip: 0.0091
                           Omni/nonfoot: 0.0000
                      Omni/joint_limits: 0.0258
                           Omni/airtime: -0.0156
                     Omni/stand_posture: 0.0023
              Omni/stand_joint_velocity: 0.0347
             Omni/stand_target_velocity: 0.1231
                  Omni/stand_raw_action: 0.0275
                      Omni/terminations: 0.0000
--------------------------------------------------------------------------------
                         Iteration time: 1.64s
                           Time elapsed: 00:00:42
                                    ETA: 00:00:42

################################################################################
[1m                          Learning iteration 1872/1897                          [0m 

                            Total steps: 638976 
                       Steps per second: 14716 
                        Collection time: 1.591s 
                          Learning time: 0.079s 
                        Mean value loss: 0.0915
                    Mean surrogate loss: -0.0066
                      Mean entropy loss: -16.1736
                            Mean reward: 43.00
                    Mean episode length: 581.52
                        Mean action std: 0.10
                   Omni/linear_tracking: 0.6219
                      Omni/yaw_tracking: 0.5577
                   Omni/linear_progress: 0.4815
                      Omni/yaw_progress: 0.1532
                 Omni/vertical_velocity: 0.0009
                   Omni/roll_pitch_rate: 0.0487
                              Omni/tilt: 0.0011
                            Omni/height: 0.0000
                            Omni/torque: 0.4571
                     Omni/torque_excess: 0.0166
               Omni/worst_torque_excess: 0.3304
                        Omni/saturation: 0.0602
                    Omni/positive_power: 2.3219
                       Omni/action_rate: 3.9174
                Omni/joint_acceleration: 32618.7500
                              Omni/slip: 0.0096
                           Omni/nonfoot: 0.0000
                      Omni/joint_limits: 0.0255
                           Omni/airtime: -0.0151
                     Omni/stand_posture: 0.0051
              Omni/stand_joint_velocity: 0.0700
             Omni/stand_target_velocity: 0.2573
                  Omni/stand_raw_action: 0.0615
                      Omni/terminations: 0.0000
--------------------------------------------------------------------------------
                         Iteration time: 1.67s
                           Time elapsed: 00:00:44
                                    ETA: 00:00:40

################################################################################
[1m                          Learning iteration 1873/1897                          [0m 

                            Total steps: 663552 
                       Steps per second: 14162 
                        Collection time: 1.657s 
                          Learning time: 0.078s 
                        Mean value loss: 0.0996
                    Mean surrogate loss: -0.0103
                      Mean entropy loss: -16.1745
                            Mean reward: 44.45
                    Mean episode length: 604.05
                        Mean action std: 0.10
                   Omni/linear_tracking: 0.6161
                      Omni/yaw_tracking: 0.5610
                   Omni/linear_progress: 0.5019
                      Omni/yaw_progress: 0.2081
                 Omni/vertical_velocity: 0.0008
                   Omni/roll_pitch_rate: 0.0485
                              Omni/tilt: 0.0011
                            Omni/height: 0.0000
                            Omni/torque: 0.4603
                     Omni/torque_excess: 0.0186
               Omni/worst_torque_excess: 0.3561
                        Omni/saturation: 0.0631
                    Omni/positive_power: 2.3098
                       Omni/action_rate: 3.9157
                Omni/joint_acceleration: 32170.8672
                              Omni/slip: 0.0097
                           Omni/nonfoot: 0.0000
                      Omni/joint_limits: 0.0272
                           Omni/airtime: -0.0177
                     Omni/stand_posture: 0.0029
              Omni/stand_joint_velocity: 0.0461
             Omni/stand_target_velocity: 0.1630
                  Omni/stand_raw_action: 0.0381
                      Omni/terminations: 0.0000
--------------------------------------------------------------------------------
                         Iteration time: 1.74s
                           Time elapsed: 00:00:46
                                    ETA: 00:00:39

################################################################################
[1m                          Learning iteration 1874/1897                          [0m 

                            Total steps: 688128 
                       Steps per second: 13507 
                        Collection time: 1.732s 
                          Learning time: 0.088s 
                        Mean value loss: 0.1285
                    Mean surrogate loss: -0.0079
                      Mean entropy loss: -16.1757
                            Mean reward: 47.11
                    Mean episode length: 629.29
                        Mean action std: 0.10
                   Omni/linear_tracking: 0.6237
                      Omni/yaw_tracking: 0.5889
                   Omni/linear_progress: 0.4943
                      Omni/yaw_progress: 0.2409
                 Omni/vertical_velocity: 0.0008
                   Omni/roll_pitch_rate: 0.0467
                              Omni/tilt: 0.0010
                            Omni/height: 0.0000
                            Omni/torque: 0.4499
                     Omni/torque_excess: 0.0170
               Omni/worst_torque_excess: 0.3326
                        Omni/saturation: 0.0587
                    Omni/positive_power: 2.2794
                       Omni/action_rate: 3.8254
                Omni/joint_acceleration: 31875.4277
                              Omni/slip: 0.0096
                           Omni/nonfoot: 0.0006
                      Omni/joint_limits: 0.0283
                           Omni/airtime: -0.0183
                     Omni/stand_posture: 0.0020
              Omni/stand_joint_velocity: 0.0325
             Omni/stand_target_velocity: 0.1181
                  Omni/stand_raw_action: 0.0264
                      Omni/terminations: 0.0417
--------------------------------------------------------------------------------
                         Iteration time: 1.82s
                           Time elapsed: 00:00:47
                                    ETA: 00:00:37

################################################################################
[1m                          Learning iteration 1875/1897                          [0m 

                            Total steps: 712704 
                       Steps per second: 14263 
                        Collection time: 1.635s 
                          Learning time: 0.088s 
                        Mean value loss: 0.1180
                    Mean surrogate loss: -0.0079
                      Mean entropy loss: -16.1780
                            Mean reward: 47.84
                    Mean episode length: 651.07
                        Mean action std: 0.10
                   Omni/linear_tracking: 0.5820
                      Omni/yaw_tracking: 0.5655
                   Omni/linear_progress: 0.4286
                      Omni/yaw_progress: 0.1644
                 Omni/vertical_velocity: 0.0008
                   Omni/roll_pitch_rate: 0.0507
                              Omni/tilt: 0.0010
                            Omni/height: 0.0000
                            Omni/torque: 0.4529
                     Omni/torque_excess: 0.0184
               Omni/worst_torque_excess: 0.3510
                        Omni/saturation: 0.0603
                    Omni/positive_power: 2.3201
                       Omni/action_rate: 3.8102
                Omni/joint_acceleration: 32387.9355
                              Omni/slip: 0.0110
                           Omni/nonfoot: 0.0103
                      Omni/joint_limits: 0.0291
                           Omni/airtime: -0.0161
                     Omni/stand_posture: 0.0082
              Omni/stand_joint_velocity: 0.1095
             Omni/stand_target_velocity: 0.4084
                  Omni/stand_raw_action: 0.1008
                      Omni/terminations: 0.0000
--------------------------------------------------------------------------------
                         Iteration time: 1.72s
                           Time elapsed: 00:00:49
                                    ETA: 00:00:35

################################################################################
[1m                          Learning iteration 1876/1897                          [0m 

                            Total steps: 737280 
                       Steps per second: 13351 
                        Collection time: 1.754s 
                          Learning time: 0.087s 
                        Mean value loss: 0.1097
                    Mean surrogate loss: -0.0085
                      Mean entropy loss: -16.1843
                            Mean reward: 49.60
                    Mean episode length: 671.84
                        Mean action std: 0.10
                   Omni/linear_tracking: 0.6013
                      Omni/yaw_tracking: 0.5839
                   Omni/linear_progress: 0.4043
                      Omni/yaw_progress: 0.2535
                 Omni/vertical_velocity: 0.0008
                   Omni/roll_pitch_rate: 0.0478
                              Omni/tilt: 0.0010
                            Omni/height: 0.0000
                            Omni/torque: 0.4555
                     Omni/torque_excess: 0.0185
               Omni/worst_torque_excess: 0.3512
                        Omni/saturation: 0.0602
                    Omni/positive_power: 2.3149
                       Omni/action_rate: 3.8831
                Omni/joint_acceleration: 32174.1953
                              Omni/slip: 0.0102
                           Omni/nonfoot: 0.0026
                      Omni/joint_limits: 0.0273
                           Omni/airtime: -0.0185
                     Omni/stand_posture: 0.0055
              Omni/stand_joint_velocity: 0.0729
             Omni/stand_target_velocity: 0.2739
                  Omni/stand_raw_action: 0.0664
                      Omni/terminations: 0.0000
--------------------------------------------------------------------------------
                         Iteration time: 1.84s
                           Time elapsed: 00:00:51
                                    ETA: 00:00:34

################################################################################
[1m                          Learning iteration 1877/1897                          [0m 

                            Total steps: 761856 
                       Steps per second: 13424 
                        Collection time: 1.751s 
                          Learning time: 0.080s 
                        Mean value loss: 0.0971
                    Mean surrogate loss: -0.0077
                      Mean entropy loss: -16.1940
                            Mean reward: 51.72
                    Mean episode length: 697.63
                        Mean action std: 0.10
                   Omni/linear_tracking: 0.6120
                      Omni/yaw_tracking: 0.5824
                   Omni/linear_progress: 0.4401
                      Omni/yaw_progress: 0.2371
                 Omni/vertical_velocity: 0.0009
                   Omni/roll_pitch_rate: 0.0485
                              Omni/tilt: 0.0010
                            Omni/height: 0.0000
                            Omni/torque: 0.4535
                     Omni/torque_excess: 0.0156
               Omni/worst_torque_excess: 0.3252
                        Omni/saturation: 0.0592
                    Omni/positive_power: 2.2951
                       Omni/action_rate: 3.8190
                Omni/joint_acceleration: 32088.1094
                              Omni/slip: 0.0089
                           Omni/nonfoot: 0.0000
                      Omni/joint_limits: 0.0277
                           Omni/airtime: -0.0174
                     Omni/stand_posture: 0.0057
              Omni/stand_joint_velocity: 0.0759
             Omni/stand_target_velocity: 0.2889
                  Omni/stand_raw_action: 0.0702
                      Omni/terminations: 0.0000
--------------------------------------------------------------------------------
                         Iteration time: 1.83s
                           Time elapsed: 00:00:53
                                    ETA: 00:00:32

################################################################################
[1m                          Learning iteration 1878/1897                          [0m 

                            Total steps: 786432 
                       Steps per second: 13706 
                        Collection time: 1.713s 
                          Learning time: 0.080s 
                        Mean value loss: 0.0915
                    Mean surrogate loss: -0.0115
                      Mean entropy loss: -16.2069
                            Mean reward: 53.20
                    Mean episode length: 726.73
                        Mean action std: 0.10
                   Omni/linear_tracking: 0.5927
                      Omni/yaw_tracking: 0.5774
                   Omni/linear_progress: 0.4138
                      Omni/yaw_progress: 0.2802
                 Omni/vertical_velocity: 0.0009
                   Omni/roll_pitch_rate: 0.0519
                              Omni/tilt: 0.0011
                            Omni/height: 0.0000
                            Omni/torque: 0.4545
                     Omni/torque_excess: 0.0169
               Omni/worst_torque_excess: 0.3321
                        Omni/saturation: 0.0593
                    Omni/positive_power: 2.3246
                       Omni/action_rate: 3.8493
                Omni/joint_acceleration: 32002.1211
                              Omni/slip: 0.0092
                           Omni/nonfoot: 0.0022
                      Omni/joint_limits: 0.0281
                           Omni/airtime: -0.0209
                     Omni/stand_posture: 0.0043
              Omni/stand_joint_velocity: 0.0617
             Omni/stand_target_velocity: 0.2269
                  Omni/stand_raw_action: 0.0546
                      Omni/terminations: 0.0000
--------------------------------------------------------------------------------
                         Iteration time: 1.79s
                           Time elapsed: 00:00:55
                                    ETA: 00:00:30

################################################################################
[1m                          Learning iteration 1879/1897                          [0m 

                            Total steps: 811008 
                       Steps per second: 14602 
                        Collection time: 1.603s 
                          Learning time: 0.080s 
                        Mean value loss: 0.1360
                    Mean surrogate loss: -0.0067
                      Mean entropy loss: -16.2124
                            Mean reward: 55.52
                    Mean episode length: 748.04
                        Mean action std: 0.10
                   Omni/linear_tracking: 0.6042
                      Omni/yaw_tracking: 0.5618
                   Omni/linear_progress: 0.4714
                      Omni/yaw_progress: 0.2069
                 Omni/vertical_velocity: 0.0008
                   Omni/roll_pitch_rate: 0.0472
                              Omni/tilt: 0.0011
                            Omni/height: 0.0000
                            Omni/torque: 0.4535
                     Omni/torque_excess: 0.0182
               Omni/worst_torque_excess: 0.3480
                        Omni/saturation: 0.0591
                    Omni/positive_power: 2.3272
                       Omni/action_rate: 3.8262
                Omni/joint_acceleration: 31609.9453
                              Omni/slip: 0.0109
                           Omni/nonfoot: 0.0000
                      Omni/joint_limits: 0.0264
                           Omni/airtime: -0.0200
                     Omni/stand_posture: 0.0039
              Omni/stand_joint_velocity: 0.0516
             Omni/stand_target_velocity: 0.1981
                  Omni/stand_raw_action: 0.0472
                      Omni/terminations: 0.1250
--------------------------------------------------------------------------------
                         Iteration time: 1.68s
                           Time elapsed: 00:00:56
                                    ETA: 00:00:29

################################################################################
[1m                          Learning iteration 1880/1897                          [0m 

                            Total steps: 835584 
                       Steps per second: 14677 
                        Collection time: 1.593s 
                          Learning time: 0.081s 
                        Mean value loss: 0.1024
                    Mean surrogate loss: -0.0099
                      Mean entropy loss: -16.2245
                            Mean reward: 57.16
                    Mean episode length: 766.29
                        Mean action std: 0.10
                   Omni/linear_tracking: 0.6192
                      Omni/yaw_tracking: 0.5760
                   Omni/linear_progress: 0.4867
                      Omni/yaw_progress: 0.2252
                 Omni/vertical_velocity: 0.0008
                   Omni/roll_pitch_rate: 0.0498
                              Omni/tilt: 0.0009
                            Omni/height: 0.0000
                            Omni/torque: 0.4465
                     Omni/torque_excess: 0.0179
               Omni/worst_torque_excess: 0.3421
                        Omni/saturation: 0.0585
                    Omni/positive_power: 2.2949
                       Omni/action_rate: 3.7385
                Omni/joint_acceleration: 32171.1699
                              Omni/slip: 0.0101
                           Omni/nonfoot: 0.0000
                      Omni/joint_limits: 0.0330
                           Omni/airtime: -0.0217
                     Omni/stand_posture: 0.0028
              Omni/stand_joint_velocity: 0.0399
             Omni/stand_target_velocity: 0.1436
                  Omni/stand_raw_action: 0.0339
                      Omni/terminations: 0.0417
--------------------------------------------------------------------------------
                         Iteration time: 1.67s
                           Time elapsed: 00:00:58
                                    ETA: 00:00:27

################################################################################
[1m                          Learning iteration 1881/1897                          [0m 

                            Total steps: 860160 
                       Steps per second: 14172 
                        Collection time: 1.651s 
                          Learning time: 0.083s 
                        Mean value loss: 0.0934
                    Mean surrogate loss: -0.0089
                      Mean entropy loss: -16.2434
                            Mean reward: 59.15
                    Mean episode length: 790.32
                        Mean action std: 0.10
                   Omni/linear_tracking: 0.6063
                      Omni/yaw_tracking: 0.5939
                   Omni/linear_progress: 0.4145
                      Omni/yaw_progress: 0.3133
                 Omni/vertical_velocity: 0.0009
                   Omni/roll_pitch_rate: 0.0498
                              Omni/tilt: 0.0011
                            Omni/height: 0.0000
                            Omni/torque: 0.4535
                     Omni/torque_excess: 0.0156
               Omni/worst_torque_excess: 0.3248
                        Omni/saturation: 0.0593
                    Omni/positive_power: 2.2976
                       Omni/action_rate: 3.9006
                Omni/joint_acceleration: 32513.6562
                              Omni/slip: 0.0093
                           Omni/nonfoot: 0.0000
                      Omni/joint_limits: 0.0274
                           Omni/airtime: -0.0208
                     Omni/stand_posture: 0.0037
              Omni/stand_joint_velocity: 0.0478
             Omni/stand_target_velocity: 0.1759
                  Omni/stand_raw_action: 0.0424
                      Omni/terminations: 0.0000
--------------------------------------------------------------------------------
                         Iteration time: 1.73s
                           Time elapsed: 00:01:00
                                    ETA: 00:00:25

################################################################################
[1m                          Learning iteration 1882/1897                          [0m 

                            Total steps: 884736 
                       Steps per second: 14782 
                        Collection time: 1.583s 
                          Learning time: 0.079s 
                        Mean value loss: 0.1029
                    Mean surrogate loss: -0.0073
                      Mean entropy loss: -16.2548
                            Mean reward: 59.98
                    Mean episode length: 804.82
                        Mean action std: 0.10
                   Omni/linear_tracking: 0.5952
                      Omni/yaw_tracking: 0.6099
                   Omni/linear_progress: 0.2876
                      Omni/yaw_progress: 0.2982
                 Omni/vertical_velocity: 0.0009
                   Omni/roll_pitch_rate: 0.0478
                              Omni/tilt: 0.0010
                            Omni/height: 0.0000
                            Omni/torque: 0.4604
                     Omni/torque_excess: 0.0188
               Omni/worst_torque_excess: 0.3524
                        Omni/saturation: 0.0612
                    Omni/positive_power: 2.2825
                       Omni/action_rate: 3.9395
                Omni/joint_acceleration: 32852.5234
                              Omni/slip: 0.0091
                           Omni/nonfoot: 0.0000
                      Omni/joint_limits: 0.0248
                           Omni/airtime: -0.0181
                     Omni/stand_posture: 0.0100
              Omni/stand_joint_velocity: 0.1297
             Omni/stand_target_velocity: 0.4882
                  Omni/stand_raw_action: 0.1210
                      Omni/terminations: 0.0000
--------------------------------------------------------------------------------
                         Iteration time: 1.66s
                           Time elapsed: 00:01:01
                                    ETA: 00:00:24

################################################################################
[1m                          Learning iteration 1883/1897                          [0m 

                            Total steps: 909312 
                       Steps per second: 14236 
                        Collection time: 1.648s 
                          Learning time: 0.079s 
                        Mean value loss: 0.1104
                    Mean surrogate loss: -0.0072
                      Mean entropy loss: -16.2587
                            Mean reward: 62.13
                    Mean episode length: 838.89
                        Mean action std: 0.10
                   Omni/linear_tracking: 0.6181
                      Omni/yaw_tracking: 0.6019
                   Omni/linear_progress: 0.4170
                      Omni/yaw_progress: 0.2968
                 Omni/vertical_velocity: 0.0008
                   Omni/roll_pitch_rate: 0.0489
                              Omni/tilt: 0.0010
                            Omni/height: 0.0000
                            Omni/torque: 0.4586
                     Omni/torque_excess: 0.0175
               Omni/worst_torque_excess: 0.3437
                        Omni/saturation: 0.0609
                    Omni/positive_power: 2.2725
                       Omni/action_rate: 3.9160
                Omni/joint_acceleration: 32348.4590
                              Omni/slip: 0.0087
                           Omni/nonfoot: 0.0000
                      Omni/joint_limits: 0.0234
                           Omni/airtime: -0.0177
                     Omni/stand_posture: 0.0057
              Omni/stand_joint_velocity: 0.0728
             Omni/stand_target_velocity: 0.2716
                  Omni/stand_raw_action: 0.0669
                      Omni/terminations: 0.0000
--------------------------------------------------------------------------------
                         Iteration time: 1.73s
                           Time elapsed: 00:01:03
                                    ETA: 00:00:22

################################################################################
[1m                          Learning iteration 1884/1897                          [0m 

                            Total steps: 933888 
                       Steps per second: 14107 
                        Collection time: 1.664s 
                          Learning time: 0.079s 
                        Mean value loss: 0.0990
                    Mean surrogate loss: -0.0104
                      Mean entropy loss: -16.2723
                            Mean reward: 63.87
                    Mean episode length: 871.10
                        Mean action std: 0.10
                   Omni/linear_tracking: 0.6018
                      Omni/yaw_tracking: 0.5750
                   Omni/linear_progress: 0.4417
                      Omni/yaw_progress: 0.2242
                 Omni/vertical_velocity: 0.0008
                   Omni/roll_pitch_rate: 0.0513
                              Omni/tilt: 0.0011
                            Omni/height: 0.0000
                            Omni/torque: 0.4538
                     Omni/torque_excess: 0.0165
               Omni/worst_torque_excess: 0.3356
                        Omni/saturation: 0.0602
                    Omni/positive_power: 2.3244
                       Omni/action_rate: 3.8633
                Omni/joint_acceleration: 32289.7891
                              Omni/slip: 0.0098
                           Omni/nonfoot: 0.0001
                      Omni/joint_limits: 0.0274
                           Omni/airtime: -0.0182
                     Omni/stand_posture: 0.0057
              Omni/stand_joint_velocity: 0.0750
             Omni/stand_target_velocity: 0.2789
                  Omni/stand_raw_action: 0.0685
                      Omni/terminations: 0.0000
--------------------------------------------------------------------------------
                         Iteration time: 1.74s
                           Time elapsed: 00:01:05
                                    ETA: 00:00:20

################################################################################
[1m                          Learning iteration 1885/1897                          [0m 

                            Total steps: 958464 
                       Steps per second: 13712 
                        Collection time: 1.713s 
                          Learning time: 0.079s 
                        Mean value loss: 0.1312
                    Mean surrogate loss: -0.0098
                      Mean entropy loss: -16.2913
                            Mean reward: 66.63
                    Mean episode length: 900.11
                        Mean action std: 0.10
                   Omni/linear_tracking: 0.6126
                      Omni/yaw_tracking: 0.5653
                   Omni/linear_progress: 0.4806
                      Omni/yaw_progress: 0.2101
                 Omni/vertical_velocity: 0.0009
                   Omni/roll_pitch_rate: 0.0495
                              Omni/tilt: 0.0013
                            Omni/height: 0.0000
                            Omni/torque: 0.4552
                     Omni/torque_excess: 0.0173
               Omni/worst_torque_excess: 0.3390
                        Omni/saturation: 0.0597
                    Omni/positive_power: 2.3656
                       Omni/action_rate: 3.9013
                Omni/joint_acceleration: 32356.4512
                              Omni/slip: 0.0105
                           Omni/nonfoot: 0.0001
                      Omni/joint_limits: 0.0254
                           Omni/airtime: -0.0182
                     Omni/stand_posture: 0.0034
              Omni/stand_joint_velocity: 0.0468
             Omni/stand_target_velocity: 0.1711
                  Omni/stand_raw_action: 0.0414
                      Omni/terminations: 0.0417
--------------------------------------------------------------------------------
                         Iteration time: 1.79s
                           Time elapsed: 00:01:07
                                    ETA: 00:00:18

################################################################################
[1m                          Learning iteration 1886/1897                          [0m 

                            Total steps: 983040 
                       Steps per second: 13722 
                        Collection time: 1.711s 
                          Learning time: 0.080s 
                        Mean value loss: 0.0892
                    Mean surrogate loss: -0.0103
                      Mean entropy loss: -16.2979
                            Mean reward: 68.82
                    Mean episode length: 919.09
                        Mean action std: 0.10
                   Omni/linear_tracking: 0.5954
                      Omni/yaw_tracking: 0.5900
                   Omni/linear_progress: 0.4172
                      Omni/yaw_progress: 0.2984
                 Omni/vertical_velocity: 0.0008
                   Omni/roll_pitch_rate: 0.0493
                              Omni/tilt: 0.0010
                            Omni/height: 0.0000
                            Omni/torque: 0.4547
                     Omni/torque_excess: 0.0199
               Omni/worst_torque_excess: 0.3540
                        Omni/saturation: 0.0607
                    Omni/positive_power: 2.3346
                       Omni/action_rate: 3.7607
                Omni/joint_acceleration: 32470.8086
                              Omni/slip: 0.0095
                           Omni/nonfoot: 0.0000
                      Omni/joint_limits: 0.0308
                           Omni/airtime: -0.0179
                     Omni/stand_posture: 0.0032
              Omni/stand_joint_velocity: 0.0444
             Omni/stand_target_velocity: 0.1679
                  Omni/stand_raw_action: 0.0398
                      Omni/terminations: 0.0000
--------------------------------------------------------------------------------
                         Iteration time: 1.79s
                           Time elapsed: 00:01:08
                                    ETA: 00:00:17

################################################################################
[1m                          Learning iteration 1887/1897                          [0m 

                            Total steps: 1007616 
                       Steps per second: 13791 
                        Collection time: 1.704s 
                          Learning time: 0.078s 
                        Mean value loss: 0.1010
                    Mean surrogate loss: -0.0102
                      Mean entropy loss: -16.3056
                            Mean reward: 70.49
                    Mean episode length: 937.96
                        Mean action std: 0.10
                   Omni/linear_tracking: 0.6061
                      Omni/yaw_tracking: 0.5742
                   Omni/linear_progress: 0.4939
                      Omni/yaw_progress: 0.2572
                 Omni/vertical_velocity: 0.0008
                   Omni/roll_pitch_rate: 0.0516
                              Omni/tilt: 0.0013
                            Omni/height: 0.0000
                            Omni/torque: 0.4470
                     Omni/torque_excess: 0.0163
               Omni/worst_torque_excess: 0.3266
                        Omni/saturation: 0.0578
                    Omni/positive_power: 2.3665
                       Omni/action_rate: 3.7519
                Omni/joint_acceleration: 32313.6094
                              Omni/slip: 0.0104
                           Omni/nonfoot: 0.0000
                      Omni/joint_limits: 0.0321
                           Omni/airtime: -0.0167
                     Omni/stand_posture: 0.0035
              Omni/stand_joint_velocity: 0.0480
             Omni/stand_target_velocity: 0.1794
                  Omni/stand_raw_action: 0.0436
                      Omni/terminations: 0.0000
--------------------------------------------------------------------------------
                         Iteration time: 1.78s
                           Time elapsed: 00:01:10
                                    ETA: 00:00:15

################################################################################
[1m                          Learning iteration 1888/1897                          [0m 

                            Total steps: 1032192 
                       Steps per second: 13673 
                        Collection time: 1.718s 
                          Learning time: 0.079s 
                        Mean value loss: 0.0931
                    Mean surrogate loss: -0.0095
                      Mean entropy loss: -16.3173
                            Mean reward: 72.09
                    Mean episode length: 958.76
                        Mean action std: 0.10
                   Omni/linear_tracking: 0.6079
                      Omni/yaw_tracking: 0.5809
                   Omni/linear_progress: 0.4511
                      Omni/yaw_progress: 0.2639
                 Omni/vertical_velocity: 0.0009
                   Omni/roll_pitch_rate: 0.0501
                              Omni/tilt: 0.0011
                            Omni/height: 0.0000
                            Omni/torque: 0.4556
                     Omni/torque_excess: 0.0169
               Omni/worst_torque_excess: 0.3363
                        Omni/saturation: 0.0596
                    Omni/positive_power: 2.3436
                       Omni/action_rate: 3.8389
                Omni/joint_acceleration: 32372.4844
                              Omni/slip: 0.0098
                           Omni/nonfoot: 0.0009
                      Omni/joint_limits: 0.0289
                           Omni/airtime: -0.0168
                     Omni/stand_posture: 0.0042
              Omni/stand_joint_velocity: 0.0563
             Omni/stand_target_velocity: 0.2103
                  Omni/stand_raw_action: 0.0513
                      Omni/terminations: 0.0000
--------------------------------------------------------------------------------
                         Iteration time: 1.80s
                           Time elapsed: 00:01:12
                                    ETA: 00:00:13

################################################################################
[1m                          Learning iteration 1889/1897                          [0m 

                            Total steps: 1056768 
                       Steps per second: 13365 
                        Collection time: 1.747s 
                          Learning time: 0.091s 
                        Mean value loss: 0.0940
                    Mean surrogate loss: -0.0109
                      Mean entropy loss: -16.3312
                            Mean reward: 73.83
                    Mean episode length: 978.19
                        Mean action std: 0.10
                   Omni/linear_tracking: 0.6040
                      Omni/yaw_tracking: 0.5816
                   Omni/linear_progress: 0.4784
                      Omni/yaw_progress: 0.2622
                 Omni/vertical_velocity: 0.0008
                   Omni/roll_pitch_rate: 0.0479
                              Omni/tilt: 0.0011
                            Omni/height: 0.0000
                            Omni/torque: 0.4521
                     Omni/torque_excess: 0.0179
               Omni/worst_torque_excess: 0.3397
                        Omni/saturation: 0.0592
                    Omni/positive_power: 2.3233
                       Omni/action_rate: 3.7708
                Omni/joint_acceleration: 31981.4219
                              Omni/slip: 0.0098
                           Omni/nonfoot: 0.0000
                      Omni/joint_limits: 0.0320
                           Omni/airtime: -0.0169
                     Omni/stand_posture: 0.0028
              Omni/stand_joint_velocity: 0.0388
             Omni/stand_target_velocity: 0.1435
                  Omni/stand_raw_action: 0.0344
                      Omni/terminations: 0.0000
--------------------------------------------------------------------------------
                         Iteration time: 1.84s
                           Time elapsed: 00:01:14
                                    ETA: 00:00:12

################################################################################
[1m                          Learning iteration 1890/1897                          [0m 

                            Total steps: 1081344 
                       Steps per second: 13084 
                        Collection time: 1.785s 
                          Learning time: 0.093s 
                        Mean value loss: 0.0947
                    Mean surrogate loss: -0.0091
                      Mean entropy loss: -16.3453
                            Mean reward: 75.10
                    Mean episode length: 991.26
                        Mean action std: 0.10
                   Omni/linear_tracking: 0.6160
                      Omni/yaw_tracking: 0.5703
                   Omni/linear_progress: 0.5092
                      Omni/yaw_progress: 0.2444
                 Omni/vertical_velocity: 0.0008
                   Omni/roll_pitch_rate: 0.0499
                              Omni/tilt: 0.0012
                            Omni/height: 0.0000
                            Omni/torque: 0.4456
                     Omni/torque_excess: 0.0163
               Omni/worst_torque_excess: 0.3267
                        Omni/saturation: 0.0572
                    Omni/positive_power: 2.3652
                       Omni/action_rate: 3.7423
                Omni/joint_acceleration: 32010.2109
                              Omni/slip: 0.0101
                           Omni/nonfoot: 0.0004
                      Omni/joint_limits: 0.0335
                           Omni/airtime: -0.0167
                     Omni/stand_posture: 0.0027
              Omni/stand_joint_velocity: 0.0387
             Omni/stand_target_velocity: 0.1428
                  Omni/stand_raw_action: 0.0340
                      Omni/terminations: 0.0000
--------------------------------------------------------------------------------
                         Iteration time: 1.88s
                           Time elapsed: 00:01:16
                                    ETA: 00:00:10

################################################################################
[1m                          Learning iteration 1891/1897                          [0m 

                            Total steps: 1105920 
                       Steps per second: 12955 
                        Collection time: 1.809s 
                          Learning time: 0.088s 
                        Mean value loss: 0.0985
                    Mean surrogate loss: -0.0096
                      Mean entropy loss: -16.3546
                            Mean reward: 76.02
                    Mean episode length: 998.31
                        Mean action std: 0.10
                   Omni/linear_tracking: 0.6112
                      Omni/yaw_tracking: 0.6064
                   Omni/linear_progress: 0.3666
                      Omni/yaw_progress: 0.2965
                 Omni/vertical_velocity: 0.0008
                   Omni/roll_pitch_rate: 0.0485
                              Omni/tilt: 0.0008
                            Omni/height: 0.0000
                            Omni/torque: 0.4534
                     Omni/torque_excess: 0.0153
               Omni/worst_torque_excess: 0.3187
                        Omni/saturation: 0.0587
                    Omni/positive_power: 2.2550
                       Omni/action_rate: 3.7964
                Omni/joint_acceleration: 32018.8496
                              Omni/slip: 0.0083
                           Omni/nonfoot: 0.0003
                      Omni/joint_limits: 0.0281
                           Omni/airtime: -0.0152
                     Omni/stand_posture: 0.0068
              Omni/stand_joint_velocity: 0.0862
             Omni/stand_target_velocity: 0.3291
                  Omni/stand_raw_action: 0.0802
                      Omni/terminations: 0.0000
--------------------------------------------------------------------------------
                         Iteration time: 1.90s
                           Time elapsed: 00:01:18
                                    ETA: 00:00:08

################################################################################
[1m                          Learning iteration 1892/1897                          [0m 

                            Total steps: 1130496 
                       Steps per second: 13707 
                        Collection time: 1.705s 
                          Learning time: 0.088s 
                        Mean value loss: 0.1141
                    Mean surrogate loss: -0.0088
                      Mean entropy loss: -16.3658
                            Mean reward: 76.50
                    Mean episode length: 999.00
                        Mean action std: 0.10
                   Omni/linear_tracking: 0.6182
                      Omni/yaw_tracking: 0.5864
                   Omni/linear_progress: 0.4823
                      Omni/yaw_progress: 0.2095
                 Omni/vertical_velocity: 0.0008
                   Omni/roll_pitch_rate: 0.0510
                              Omni/tilt: 0.0011
                            Omni/height: 0.0000
                            Omni/torque: 0.4511
                     Omni/torque_excess: 0.0158
               Omni/worst_torque_excess: 0.3217
                        Omni/saturation: 0.0584
                    Omni/positive_power: 2.3211
                       Omni/action_rate: 3.8192
                Omni/joint_acceleration: 32294.7383
                              Omni/slip: 0.0096
                           Omni/nonfoot: 0.0000
                      Omni/joint_limits: 0.0305
                           Omni/airtime: -0.0166
                     Omni/stand_posture: 0.0047
              Omni/stand_joint_velocity: 0.0619
             Omni/stand_target_velocity: 0.2334
                  Omni/stand_raw_action: 0.0570
                      Omni/terminations: 0.0000
--------------------------------------------------------------------------------
                         Iteration time: 1.79s
                           Time elapsed: 00:01:19
                                    ETA: 00:00:06

################################################################################
[1m                          Learning iteration 1893/1897                          [0m 

                            Total steps: 1155072 
                       Steps per second: 13764 
                        Collection time: 1.699s 
                          Learning time: 0.086s 
                        Mean value loss: 0.1135
                    Mean surrogate loss: -0.0075
                      Mean entropy loss: -16.3741
                            Mean reward: 75.77
                    Mean episode length: 999.00
                        Mean action std: 0.10
                   Omni/linear_tracking: 0.5954
                      Omni/yaw_tracking: 0.5733
                   Omni/linear_progress: 0.4671
                      Omni/yaw_progress: 0.2579
                 Omni/vertical_velocity: 0.0009
                   Omni/roll_pitch_rate: 0.0493
                              Omni/tilt: 0.0013
                            Omni/height: 0.0000
                            Omni/torque: 0.4530
                     Omni/torque_excess: 0.0180
               Omni/worst_torque_excess: 0.3440
                        Omni/saturation: 0.0598
                    Omni/positive_power: 2.3907
                       Omni/action_rate: 3.8045
                Omni/joint_acceleration: 32190.7930
                              Omni/slip: 0.0109
                           Omni/nonfoot: 0.0000
                      Omni/joint_limits: 0.0287
                           Omni/airtime: -0.0172
                     Omni/stand_posture: 0.0035
              Omni/stand_joint_velocity: 0.0456
             Omni/stand_target_velocity: 0.1698
                  Omni/stand_raw_action: 0.0414
                      Omni/terminations: 0.0000
--------------------------------------------------------------------------------
                         Iteration time: 1.79s
                           Time elapsed: 00:01:21
                                    ETA: 00:00:05

################################################################################
[1m                          Learning iteration 1894/1897                          [0m 

                            Total steps: 1179648 
                       Steps per second: 14594 
                        Collection time: 1.596s 
                          Learning time: 0.088s 
                        Mean value loss: 0.0961
                    Mean surrogate loss: -0.0107
                      Mean entropy loss: -16.3895
                            Mean reward: 75.64
                    Mean episode length: 999.00
                        Mean action std: 0.10
                   Omni/linear_tracking: 0.6196
                      Omni/yaw_tracking: 0.5820
                   Omni/linear_progress: 0.4707
                      Omni/yaw_progress: 0.2480
                 Omni/vertical_velocity: 0.0008
                   Omni/roll_pitch_rate: 0.0494
                              Omni/tilt: 0.0010
                            Omni/height: 0.0000
                            Omni/torque: 0.4467
                     Omni/torque_excess: 0.0151
               Omni/worst_torque_excess: 0.3148
                        Omni/saturation: 0.0572
                    Omni/positive_power: 2.2957
                       Omni/action_rate: 3.7267
                Omni/joint_acceleration: 31864.7812
                              Omni/slip: 0.0095
                           Omni/nonfoot: 0.0082
                      Omni/joint_limits: 0.0332
                           Omni/airtime: -0.0163
                     Omni/stand_posture: 0.0033
              Omni/stand_joint_velocity: 0.0443
             Omni/stand_target_velocity: 0.1651
                  Omni/stand_raw_action: 0.0399
                      Omni/terminations: 0.0000
--------------------------------------------------------------------------------
                         Iteration time: 1.68s
                           Time elapsed: 00:01:23
                                    ETA: 00:00:03

################################################################################
[1m                          Learning iteration 1895/1897                          [0m 

                            Total steps: 1204224 
                       Steps per second: 14075 
                        Collection time: 1.667s 
                          Learning time: 0.079s 
                        Mean value loss: 0.1068
                    Mean surrogate loss: -0.0087
                      Mean entropy loss: -16.4064
                            Mean reward: 75.71
                    Mean episode length: 999.00
                        Mean action std: 0.10
                   Omni/linear_tracking: 0.6251
                      Omni/yaw_tracking: 0.5574
                   Omni/linear_progress: 0.5288
                      Omni/yaw_progress: 0.1853
                 Omni/vertical_velocity: 0.0008
                   Omni/roll_pitch_rate: 0.0512
                              Omni/tilt: 0.0011
                            Omni/height: 0.0000
                            Omni/torque: 0.4463
                     Omni/torque_excess: 0.0167
               Omni/worst_torque_excess: 0.3219
                        Omni/saturation: 0.0563
                    Omni/positive_power: 2.3781
                       Omni/action_rate: 3.6673
                Omni/joint_acceleration: 31714.0586
                              Omni/slip: 0.0095
                           Omni/nonfoot: 0.0000
                      Omni/joint_limits: 0.0363
                           Omni/airtime: -0.0157
                     Omni/stand_posture: 0.0041
              Omni/stand_joint_velocity: 0.0536
             Omni/stand_target_velocity: 0.2016
                  Omni/stand_raw_action: 0.0481
                      Omni/terminations: 0.0000
--------------------------------------------------------------------------------
                         Iteration time: 1.75s
                           Time elapsed: 00:01:25
                                    ETA: 00:00:01

################################################################################
[1m                          Learning iteration 1896/1897                          [0m 

                            Total steps: 1228800 
                       Steps per second: 14012 
                        Collection time: 1.675s 
                          Learning time: 0.079s 
                        Mean value loss: 0.0967
                    Mean surrogate loss: -0.0085
                      Mean entropy loss: -16.4130
                            Mean reward: 75.66
                    Mean episode length: 999.00
                        Mean action std: 0.10
                   Omni/linear_tracking: 0.6299
                      Omni/yaw_tracking: 0.5826
                   Omni/linear_progress: 0.5017
                      Omni/yaw_progress: 0.2419
                 Omni/vertical_velocity: 0.0008
                   Omni/roll_pitch_rate: 0.0493
                              Omni/tilt: 0.0010
                            Omni/height: 0.0000
                            Omni/torque: 0.4509
                     Omni/torque_excess: 0.0157
               Omni/worst_torque_excess: 0.3207
                        Omni/saturation: 0.0585
                    Omni/positive_power: 2.2891
                       Omni/action_rate: 3.8124
                Omni/joint_acceleration: 31897.0527
                              Omni/slip: 0.0091
                           Omni/nonfoot: 0.0000
                      Omni/joint_limits: 0.0292
                           Omni/airtime: -0.0171
                     Omni/stand_posture: 0.0029
              Omni/stand_joint_velocity: 0.0396
             Omni/stand_target_velocity: 0.1468
                  Omni/stand_raw_action: 0.0350
                      Omni/terminations: 0.0000
--------------------------------------------------------------------------------
                         Iteration time: 1.75s
                           Time elapsed: 00:01:26
                                    ETA: 00:00:00

[INFO]: SimulationContext cleared
RESULT f050_t060 train completed
2026-09-10T00:27:21Z [6,268ms] [Warning] [carb.omniclient.plugin]  45: OmniHub: ThreadId(02) Hub encountered error. Trying to reconnect to Hub. retry_reason="Hub failed to launch: Io(\"child exited with exit status: 1 without writing file \\\"/tmp/hub-ubuntu-625CD08B.config.json\\\"\")"
2026-09-10T00:27:21Z [6,631ms] [Warning] [carb.omniclient.plugin]  45: OmniHub: ThreadId(02) Hub encountered error. Trying to reconnect to Hub. retry_reason="Hub failed to launch: Io(\"child exited with exit status: 1 without writing file \\\"/tmp/hub-ubuntu-625CD08B.config.json\\\"\")"
2026-09-10T00:27:22Z [7,004ms] [Warning] [carb.omniclient.plugin]  45: OmniHub: ThreadId(02) Hub encountered error. Trying to reconnect to Hub. retry_reason="Hub failed to launch: Io(\"child exited with exit status: 1 without writing file \\\"/tmp/hub-ubuntu-625CD08B.config.json\\\"\")"
2026-09-10T00:27:22Z [7,387ms] [Warning] [carb.omniclient.plugin]  45: OmniHub: ThreadId(02) Hub encountered error. Trying to reconnect to Hub. retry_reason="Hub failed to launch: Io(\"child exited with exit status: 1 without writing file \\\"/tmp/hub-ubuntu-625CD08B.config.json\\\"\")"
2026-09-10T00:27:23Z [7,780ms] [Warning] [carb.omniclient.plugin]  45: OmniHub: ThreadId(02) Hub encountered error. Trying to reconnect to Hub. retry_reason="Hub failed to launch: Io(\"child exited with exit status: 1 without writing file \\\"/tmp/hub-ubuntu-625CD08B.config.json\\\"\")"
2026-09-10T00:27:23Z [8,183ms] [Warning] [carb.omniclient.plugin]  45: OmniHub: ThreadId(02) Hub encountered error. Trying to reconnect to Hub. retry_reason="Hub failed to launch: Io(\"child exited with exit status: 1 without writing file \\\"/tmp/hub-ubuntu-625CD08B.config.json\\\"\")"
2026-09-10T00:27:23Z [8,596ms] [Warning] [carb.omniclient.plugin]  45: OmniHub: ThreadId(02) Hub encountered error. Trying to reconnect to Hub. retry_reason="Hub failed to launch: Io(\"child exited with exit status: 1 without writing file \\\"/tmp/hub-ubuntu-625CD08B.config.json\\\"\")"
2026-09-10T00:27:24Z [9,019ms] [Warning] [carb.omniclient.plugin]  45: OmniHub: ThreadId(02) Hub encountered error. Trying to reconnect to Hub. retry_reason="Hub failed to launch: Io(\"child exited with exit status: 1 without writing file \\\"/tmp/hub-ubuntu-625CD08B.config.json\\\"\")"
2026-09-10T00:27:24Z [9,451ms] [Warning] [carb.omniclient.plugin]  45: OmniHub: ThreadId(02) Hub encountered error. Trying to reconnect to Hub. retry_reason="Hub failed to launch: Io(\"child exited with exit status: 1 without writing file \\\"/tmp/hub-ubuntu-625CD08B.config.json\\\"\")"
2026-09-10T00:27:25Z [9,894ms] [Warning] [carb.omniclient.plugin]  45: OmniHub: ThreadId(02) Hub encountered error. Trying to reconnect to Hub. retry_reason="Hub failed to launch: Io(\"child exited with exit status: 1 without writing file \\\"/tmp/hub-ubuntu-625CD08B.config.json\\\"\")"
2026-09-10T00:27:25Z [10,365ms] [Warning] [omni.usd_config.extension] Enable omni.materialx.libs extension to use MaterialX
2026-09-10T00:27:29Z [14,087ms] [Warning] [isaaclab_physx.physics.physx_manager] TGS solver with enable_external_forces_every_iteration=False may cause noisy velocities.
2026-09-10T00:27:34Z [19,255ms] [Warning] [usdrt.population.plugin] Last global time was not created. Did you call setEnableUsdNoticeHandling?
