index_zero_based,part_name,mesh,category,mass_kg,com_part_x_m,com_part_y_m,com_part_z_m,com_export_x_m,com_export_y_m,com_export_z_m,ixx_kg_m2,ixy_kg_m2,ixz_kg_m2,iyy_kg_m2,iyz_kg_m2,izz_kg_m2,mesh_volume_m3,density_estimate_kg_m3,assigned_material_name,tensor_physically_consistent,source_document_id
0,top_enclosure,assets/top_enclosure.stl,custom_robot_structure,0.40426892019767996,3.732676984947815e-05,-0.00013761387627061393,0.06387800042425862,1.180145964984981e-05,-4.049952989185955e-05,0.05887800042425874,0.00843045398167896,-3.0210730658825226e-06,-8.889601041855057e-09,0.0028824612864248827,3.4627232795491844e-08,0.011311272455530673,0.00014386414718923094,2810.0741435315845,,True,881b01051a1ec5c958bf7768
1,m4_countersunk_hex_drive_screw__12mm_l__alloy_steel,assets/m4_countersunk_hex_drive_screw__12mm_l__alloy_steel.stl,catalog_fasteners_and_hardware,0.001260631712756462,1.3071499483891372e-06,-1.5416236810459482e-06,0.0013992482363803789,0.09722953258060608,-0.0422494003827162,0.0568992482363805,1.9934775719197283e-08,-2.4139495512187986e-13,5.82444153114141e-12,1.993508866533806e-08,3.3908308811489356e-12,4.55106215119668e-09,1.6043677305767166e-07,7857.498556788518,,True,183ba2d51794062291350ece
2,m3_low_profile_socket_head_screw__5mm_l__hs_steel,assets/m3_low_profile_socket_head_screw__5mm_l__hs_steel.stl,catalog_fasteners_and_hardware,0.0005661645150078846,2.8649982787048754e-07,5.711460076281225e-07,0.0011258481258300179,-0.07715156038936542,0.12755800496896272,0.0012260481258301226,2.8989254502074083e-09,-1.9835192503100982e-13,8.664747465795595e-13,2.8988875603361707e-09,1.0555987376104463e-12,1.5916375087936923e-09,7.203356940451148e-08,7859.731506966328,,True,89113c13c1904d01ede0bcb9
3,m3_countersunk_hex_drive_screw__8mm_l__alloy_steel,assets/m3_countersunk_hex_drive_screw__8mm_l__alloy_steel.stl,catalog_fasteners_and_hardware,0.00048289151479582207,-4.6659695364853127e-07,-1.0175199137773183e-07,0.0009506213672961906,0.09036631293825997,-0.19390278390162985,-0.0019506213672960224,3.4793529546863828e-09,-1.49466112374589e-13,2.188122865520532e-12,3.4792339342330018e-09,5.186981569787066e-13,1.0163986365622556e-09,6.144622215201703e-08,7858.766542248207,,True,7a9c70871e34e4a7b93415c3
4,bottom_enclosure,assets/bottom_enclosure.stl,custom_robot_structure,0.40997782122961496,3.672239887762029e-05,-0.00013511289873989753,0.05910825464747352,1.1197088678026613e-05,-3.7998552360976725e-05,-0.0023917453525263074,0.008590808194297327,-3.0412953922943264e-06,8.941759140159785e-09,0.0029356746794241624,-3.3369465833434513e-08,0.011524807962465545,0.00014589153772152452,2810.1549111928216,,True,881b01051a1ec5c958bf7768
5,m3_low_profile_socket_head_screw__5mm_l__hs_steel_2,assets/m3_low_profile_socket_head_screw__5mm_l__hs_steel.stl,catalog_fasteners_and_hardware,0.0005661645150078846,2.8649982787048754e-07,5.711460076281225e-07,0.0011258481258300179,-0.2284774947205881,0.030430828712865343,0.08638734281377604,2.8989254502074083e-09,-1.9835192503100982e-13,8.664747465795595e-13,2.8988875603361707e-09,1.0555987376104463e-12,1.5916375087936923e-09,7.203356940451148e-08,7859.731506966328,,True,89113c13c1904d01ede0bcb9
6,tibia,assets/tibia.stl,custom_robot_structure,0.08511844308625288,0.05251023543884735,-0.00015638787838327317,1.2340751762384689e-05,-0.2776488142875164,-0.0005349904775793919,0.06475410409716048,4.375589318879602e-05,-7.035370235705769e-07,-7.442691414315737e-08,0.0001606627800562551,8.814839801418204e-11,0.0001861088849276181,7.209497232898907e-05,1180.6432589755934,,True,881b01051a1ec5c958bf7768
7,m4_low_profile_socket_head_screw__8mm_l__18_8_ss,assets/m4_low_profile_socket_head_screw__8mm_l__18_8_ss.stl,catalog_fasteners_and_hardware,0.0014360273543625498,5.993079289022729e-07,2.427383866312977e-07,0.001566162698562903,-0.22366636369696574,-0.03063787929066517,0.06281323042683701,1.6920964131490878e-08,4.194975610991509e-15,1.993992270223131e-12,1.691956690952173e-08,-8.190885933173142e-12,6.1975505898616726e-09,1.7863835505454422e-07,8038.740358553364,,True,8af10677b2501bd9ce00a5d0
8,m3_low_profile_socket_head_screw__6mm_l__18_8_ss,assets/m3_low_profile_socket_head_screw__6mm_l__18_8_ss.stl,catalog_fasteners_and_hardware,0.0006211045207284469,4.496378366916472e-07,-1.2212095659441424e-06,0.0012212185740947546,-0.2125575253452138,0.01713567250086056,0.05066469428013848,4.105658746996272e-09,1.4206308788657533e-13,6.147111898853524e-13,4.105736470004493e-09,-1.4886537407071392e-12,1.6477516864587332e-09,7.726007294857367e-08,8039.139713754482,,True,c897f71ee271aedb99169257
9,m3_low_profile_socket_head_screw__8mm_l__18_8_ss,assets/m3_low_profile_socket_head_screw__8mm_l__18_8_ss.stl,catalog_fasteners_and_hardware,0.0007121385343213328,1.365164413103961e-07,-9.514396309709326e-07,0.0014296486293970238,-0.23826073516998486,-0.0254563063537182,0.09130101297781386,7.223101107201562e-09,-1.5177735830262759e-13,3.034937396020729e-13,7.2232380572592355e-09,-9.839310460762436e-13,1.7322118524543106e-09,8.856662721258969e-08,8040.7096525417055,,True,626346dce1edef09e7e90546
10,tibia_attatchment_plate,assets/tibia_attatchment_plate.stl,custom_robot_structure,0.01944394183095705,4.297424054058914e-11,0.00022989874860042132,-0.01562501784303253,-0.21607713776586399,-0.00015347256489254679,0.06648001025927168,1.4022114864338907e-05,6.085015014845132e-12,-1.599474883983234e-14,7.939308607589639e-06,5.756206300309741e-08,1.1741016064472803e-05,7.253160091718464e-06,2680.7545380334036,,True,881b01051a1ec5c958bf7768
11,m4_low_profile_socket_head_screw__8mm_l__18_8_ss_2,assets/m4_low_profile_socket_head_screw__8mm_l__18_8_ss.stl,catalog_fasteners_and_hardware,0.0014360273543625498,5.993079289022729e-07,2.427383866312977e-07,0.001566162698562903,-0.17819199242574818,-0.029442386207856403,0.035816556868856625,1.6920964131490878e-08,4.194975610991509e-15,1.993992270223131e-12,1.691956690952173e-08,-8.190885933173142e-12,6.1975505898616726e-09,1.7863835505454422e-07,8038.740358553364,,True,8af10677b2501bd9ce00a5d0
12,m3_low_profile_socket_head_screw__5mm_l__hs_steel_3,assets/m3_low_profile_socket_head_screw__5mm_l__hs_steel.stl,catalog_fasteners_and_hardware,0.0005661645150078846,2.8649982787048754e-07,5.711460076281225e-07,0.0011258481258300179,-0.15986194546906685,0.029806058989322908,0.020682962740303908,2.8989254502074083e-09,-1.9835192503100982e-13,8.664747465795595e-13,2.8988875603361707e-09,1.0555987376104463e-12,1.5916375087936923e-09,7.203356940451148e-08,7859.731506966328,,True,89113c13c1904d01ede0bcb9
13,first_joint_spacer,assets/first_joint_spacer.stl,custom_robot_structure,0.029604287638934565,-0.07528846876523622,-5.998641686327542e-08,0.026191582913096083,-0.1953130517836993,-0.0002795639241832215,0.02834158291308726,1.0116277923414245e-05,-1.8903187368797014e-12,3.6929661526647424e-09,7.926019954167669e-06,1.7192808117943931e-12,3.575676126939105e-06,2.2774971458834826e-05,1299.860581272014,,True,881b01051a1ec5c958bf7768
14,first_joint_top,assets/first_joint_top.stl,custom_robot_structure,0.013528033696840042,-0.034448865166335454,-0.00010632703242219058,0.05140000010591899,-0.15447449134405045,3.1115219333349676e-05,0.05354999989407402,1.949691577713728e-06,6.104030014648082e-09,5.2651174738664144e-14,1.220231381292786e-05,1.424196906923533e-14,1.4146233372538587e-05,5.04687121980329e-06,2680.4792727339136,,True,881b01051a1ec5c958bf7768
15,m3_low_profile__socket_head_shoulder_screw__45mm_shoulder_l__4mm_l__18_8_ss,assets/m3_low_profile__socket_head_shoulder_screw__45mm_shoulder_l__4mm_l__18_8_ss.stl,catalog_fasteners_and_hardware,0.004999074730322696,1.0903489553075524e-07,-1.3806451846255144e-07,-0.023445502853974294,-0.19673023261555247,0.01086340820001682,0.03290449714601848,1.0657652779482982e-06,-1.4116363154113505e-12,1.3696727603084747e-11,1.0657655061472457e-06,-1.6645508976223764e-11,1.084709485988834e-08,6.359283189814866e-07,7861.06638296797,,True,baa40c320d5b37dfcd3ea0d1
16,m3_low_profile__socket_head_shoulder_screw__45mm_shoulder_l__4mm_l__18_8_ss_2,assets/m3_low_profile__socket_head_shoulder_screw__45mm_shoulder_l__4mm_l__18_8_ss.stl,catalog_fasteners_and_hardware,0.004999074730322696,1.0903489553075524e-07,-1.3806451846255144e-07,-0.023445502853974294,-0.1966186805028479,-0.01143631278761351,0.032904497146018494,1.0657652779482982e-06,-1.4116363154113505e-12,1.3696727603084747e-11,1.0657655061472457e-06,-1.6645508976223764e-11,1.084709485988834e-08,6.359283189814866e-07,7861.06638296797,,True,baa40c320d5b37dfcd3ea0d1
17,m3_low_profile_socket_head_screw__6mm_l__18_8_ss_2,assets/m3_low_profile_socket_head_screw__6mm_l__18_8_ss.stl,catalog_fasteners_and_hardware,0.0006211045207284469,4.496378366916472e-07,-1.2212095659441424e-06,0.0012212185740947546,-0.1347707483167824,0.014694780915979238,0.05357121857408775,4.105658746996272e-09,1.4206308788657533e-13,6.147111898853524e-13,4.105736470004493e-09,-1.4886537407071392e-12,1.6477516864587332e-09,7.726007294857367e-08,8039.139713754482,,True,c897f71ee271aedb99169257
18,m3_low_profile_socket_head_screw__8mm_l__18_8_ss_2,assets/m3_low_profile_socket_head_screw__8mm_l__18_8_ss.stl,catalog_fasteners_and_hardware,0.0007121385343213328,1.365164413103961e-07,-9.514396309709326e-07,0.0014296486293970238,-0.17943335941742078,-0.024730022914603685,0.04612785363952365,7.223101107201562e-09,-1.5177735830262759e-13,3.034937396020729e-13,7.2232380572592355e-09,-9.839310460762436e-13,1.7322118524543106e-09,8.856662721258969e-08,8040.7096525417055,,True,626346dce1edef09e7e90546
19,standoff_plate,assets/standoff_plate.stl,custom_robot_structure,0.09569771578849694,-2.49157010928973e-07,-0.021955755899188436,2.823825714075806e-08,-0.09900098522074134,-0.09970096505391937,0.02825002823825716,4.453556615589061e-05,4.649043086760392e-10,8.180599629376077e-10,0.00018749413161236667,-7.3537526215607e-11,0.00015199050538280298,3.5700276773075596e-05,2680.5875034747673,,True,881b01051a1ec5c958bf7768
20,pem_m4_self_clinching_nut__300_ss,assets/pem_m4_self_clinching_nut__300_ss.stl,catalog_fasteners_and_hardware,0.0008355363884781723,0.0019670757575096427,-1.6173730124900373e-07,5.2308822207170976e-08,-0.07531441725344837,-0.15207297744873283,0.052737924242490436,6.9682596864700805e-09,-1.9802899489392358e-13,-5.965832925689283e-14,4.099050647002325e-09,7.713958387517938e-14,4.0983762805777485e-09,1.0630266930926216e-07,7859.975614040126,,True,158ec13e4f19f56723423f84
21,pem_m4_self_clinching_nut__300_ss_2,assets/pem_m4_self_clinching_nut__300_ss.stl,catalog_fasteners_and_hardware,0.0008355363884781723,0.0019670757575096427,-1.6173730124900373e-07,5.2308822207170976e-08,-0.09727910719598071,-0.04224787833276147,0.003762075757509606,6.9682596864700805e-09,-1.9802899489392358e-13,-5.965832925689283e-14,4.099050647002325e-09,7.713958387517938e-14,4.0983762805777485e-09,1.0630266930926216e-07,7859.975614040126,,True,158ec13e4f19f56723423f84
22,pem_m4_self_clinching_nut__300_ss_3,assets/pem_m4_self_clinching_nut__300_ss.stl,catalog_fasteners_and_hardware,0.0008355363884781723,0.0019670757575096427,-1.6173730124900373e-07,5.2308822207170976e-08,-0.07531410006050408,-0.15207291401014397,0.003762075757509606,6.9682596864700805e-09,-1.9802899489392358e-13,-5.965832925689283e-14,4.099050647002325e-09,7.713958387517938e-14,4.0983762805777485e-09,1.0630266930926216e-07,7859.975614040126,,True,158ec13e4f19f56723423f84
23,pem_m4_self_clinching_nut__300_ss_4,assets/pem_m4_self_clinching_nut__300_ss.stl,catalog_fasteners_and_hardware,0.0008355363884781723,0.0019670757575096427,-1.6173730124900373e-07,5.2308822207170976e-08,-0.09727942438892499,-0.04224794177135034,0.052737924242490464,6.9682596864700805e-09,-1.9802899489392358e-13,-5.965832925689283e-14,4.099050647002325e-09,7.713958387517938e-14,4.0983762805777485e-09,1.0630266930926216e-07,7859.975614040126,,True,158ec13e4f19f56723423f84
24,bottom_plate,assets/bottom_plate.stl,custom_robot_structure,0.25075927434637585,7.925524302044149e-17,1.9510758179307822e-16,0.06230009998917897,7.925524302044135e-17,1.9510758179307857e-16,0.0008000999891789734,0.0023259752151841436,2.290068049261794e-09,0.0,0.0006200439708891275,0.0,0.002945912167789755,9.356981776598897e-05,2679.916241511828,,True,881b01051a1ec5c958bf7768
25,m4_through_hole_standoff__8mm_l__hardened_steel,assets/m4_through_hole_standoff__8mm_l__hardened_steel.stl,catalog_fasteners_and_hardware,0.0019568427667201755,-0.0034840487615136685,-7.51302491163214e-11,-3.63288894554637e-08,-7.513024932965774e-11,-0.14999996367111085,0.003984048761513656,1.517399381429933e-08,5.762421342676423e-16,2.7620379124224445e-13,1.824896480150287e-08,5.346286305580036e-16,1.824921506768973e-08,2.489973378614684e-07,7858.890313955405,,True,12960413464b4da015a5311a
26,pem_m4_self_clinching_nut__300_ss_5,assets/pem_m4_self_clinching_nut__300_ss.stl,catalog_fasteners_and_hardware,0.0008355363884781723,0.0019670757575096427,-1.6173730124900373e-07,5.2308822207170976e-08,-0.03602557761902181,0.1860972760836798,0.05273792424249051,6.9682596864700805e-09,-1.9802899489392358e-13,-5.965832925689283e-14,4.099050647002325e-09,7.713958387517938e-14,4.0983762805777485e-09,1.0630266930926216e-07,7859.975614040126,,True,158ec13e4f19f56723423f84
27,standoff_plate_2,assets/standoff_plate__2.stl,custom_robot_structure,0.07702098214720098,-1.1009400201323886e-07,-0.019752799458084586,5.638456927533741e-08,-2.541521619753877e-05,0.19684991380446318,0.028250056384569403,4.093625377664175e-05,1.5328208835706293e-10,3.463285739849185e-10,8.644054832221639e-05,-7.113241335193994e-11,5.663620842575362e-05,2.8733649102939192e-05,2680.5151643381914,,True,881b01051a1ec5c958bf7768
28,pem_m4_self_clinching_nut__300_ss_6,assets/pem_m4_self_clinching_nut__300_ss.stl,catalog_fasteners_and_hardware,0.0008355363884781723,0.0019670757575096427,-1.6173730124900373e-07,5.2308822207170976e-08,-0.036025577619021754,0.18609695260907735,0.003762075757509786,6.9682596864700805e-09,-1.9802899489392358e-13,-5.965832925689283e-14,4.099050647002325e-09,7.713958387517938e-14,4.0983762805777485e-09,1.0630266930926216e-07,7859.975614040126,,True,158ec13e4f19f56723423f84
29,pem_m4_self_clinching_nut__300_ss_7,assets/pem_m4_self_clinching_nut__300_ss.stl,catalog_fasteners_and_hardware,0.0008355363884781723,0.0019670757575096427,-1.6173730124900373e-07,5.2308822207170976e-08,0.03597442238097818,0.18609727608367985,0.0527379242424905,6.9682596864700805e-09,-1.9802899489392358e-13,-5.965832925689283e-14,4.099050647002325e-09,7.713958387517938e-14,4.0983762805777485e-09,1.0630266930926216e-07,7859.975614040126,,True,158ec13e4f19f56723423f84
30,pem_m4_self_clinching_nut__300_ss_8,assets/pem_m4_self_clinching_nut__300_ss.stl,catalog_fasteners_and_hardware,0.0008355363884781723,0.0019670757575096427,-1.6173730124900373e-07,5.2308822207170976e-08,0.03597442238097818,0.18609695260907735,0.003762075757509786,6.9682596864700805e-09,-1.9802899489392358e-13,-5.965832925689283e-14,4.099050647002325e-09,7.713958387517938e-14,4.0983762805777485e-09,1.0630266930926216e-07,7859.975614040126,,True,158ec13e4f19f56723423f84
31,pem_m4_self_clinching_nut__300_ss_9,assets/pem_m4_self_clinching_nut__300_ss.stl,catalog_fasteners_and_hardware,0.0008355363884781723,0.0019670757575096427,-1.6173730124900373e-07,5.2308822207170976e-08,0.03597452699862268,-0.18590304739092237,0.05273792424249047,6.9682596864700805e-09,-1.9802899489392358e-13,-5.965832925689283e-14,4.099050647002325e-09,7.713958387517938e-14,4.0983762805777485e-09,1.0630266930926216e-07,7859.975614040126,,True,158ec13e4f19f56723423f84
32,standoff_plate_3,assets/standoff_plate__2.stl,custom_robot_structure,0.07702098214720098,-1.1009400201323886e-07,-0.019752799458084586,5.638456927533741e-08,-2.5635404201509737e-05,-0.19665568511170572,0.028250056384569417,4.093625377664175e-05,1.5328208835706293e-10,3.463285739849185e-10,8.644054832221639e-05,-7.113241335193994e-11,5.663620842575362e-05,2.8733649102939192e-05,2680.5151643381914,,True,881b01051a1ec5c958bf7768
33,pem_m4_self_clinching_nut__300_ss_10,assets/pem_m4_self_clinching_nut__300_ss.stl,catalog_fasteners_and_hardware,0.0008355363884781723,0.0019670757575096427,-1.6173730124900373e-07,5.2308822207170976e-08,0.03597452699862264,-0.18590272391631987,0.0037620757575097985,6.9682596864700805e-09,-1.9802899489392358e-13,-5.965832925689283e-14,4.099050647002325e-09,7.713958387517938e-14,4.0983762805777485e-09,1.0630266930926216e-07,7859.975614040126,,True,158ec13e4f19f56723423f84
34,pem_m4_self_clinching_nut__300_ss_11,assets/pem_m4_self_clinching_nut__300_ss.stl,catalog_fasteners_and_hardware,0.0008355363884781723,0.0019670757575096427,-1.6173730124900373e-07,5.2308822207170976e-08,-0.03602547300137725,-0.18590304739092237,0.05273792424249047,6.9682596864700805e-09,-1.9802899489392358e-13,-5.965832925689283e-14,4.099050647002325e-09,7.713958387517938e-14,4.0983762805777485e-09,1.0630266930926216e-07,7859.975614040126,,True,158ec13e4f19f56723423f84
35,pem_m4_self_clinching_nut__300_ss_12,assets/pem_m4_self_clinching_nut__300_ss.stl,catalog_fasteners_and_hardware,0.0008355363884781723,0.0019670757575096427,-1.6173730124900373e-07,5.2308822207170976e-08,-0.03602547300137726,-0.18590272391631987,0.0037620757575097985,6.9682596864700805e-09,-1.9802899489392358e-13,-5.965832925689283e-14,4.099050647002325e-09,7.713958387517938e-14,4.0983762805777485e-09,1.0630266930926216e-07,7859.975614040126,,True,158ec13e4f19f56723423f84
36,standoff_plate_4,assets/standoff_plate.stl,custom_robot_structure,0.09569771578849694,-2.49157010928973e-07,-0.021955755899188436,2.823825714075806e-08,0.09894993460034224,0.09989519374667663,0.028250028238257258,4.453556615589061e-05,4.649043086760392e-10,8.180599629376077e-10,0.00018749413161236667,-7.3537526215607e-11,0.00015199050538280298,3.5700276773075596e-05,2680.5875034747673,,True,881b01051a1ec5c958bf7768
37,pem_m4_self_clinching_nut__300_ss_13,assets/pem_m4_self_clinching_nut__300_ss.stl,catalog_fasteners_and_hardware,0.0008355363884781723,0.0019670757575096427,-1.6173730124900373e-07,5.2308822207170976e-08,0.07526336663304921,0.1522672061414904,0.05273792424249047,6.9682596864700805e-09,-1.9802899489392358e-13,-5.965832925689283e-14,4.099050647002325e-09,7.713958387517938e-14,4.0983762805777485e-09,1.0630266930926216e-07,7859.975614040126,,True,158ec13e4f19f56723423f84
38,pem_m4_self_clinching_nut__300_ss_14,assets/pem_m4_self_clinching_nut__300_ss.stl,catalog_fasteners_and_hardware,0.0008355363884781723,0.0019670757575096427,-1.6173730124900373e-07,5.2308822207170976e-08,0.0972280565755815,0.04244210702551847,0.0037620757575097586,6.9682596864700805e-09,-1.9802899489392358e-13,-5.965832925689283e-14,4.099050647002325e-09,7.713958387517938e-14,4.0983762805777485e-09,1.0630266930926216e-07,7859.975614040126,,True,158ec13e4f19f56723423f84
39,pem_m4_self_clinching_nut__300_ss_15,assets/pem_m4_self_clinching_nut__300_ss.stl,catalog_fasteners_and_hardware,0.0008355363884781723,0.0019670757575096427,-1.6173730124900373e-07,5.2308822207170976e-08,0.07526304944010492,0.15226714270290154,0.0037620757575097586,6.9682596864700805e-09,-1.9802899489392358e-13,-5.965832925689283e-14,4.099050647002325e-09,7.713958387517938e-14,4.0983762805777485e-09,1.0630266930926216e-07,7859.975614040126,,True,158ec13e4f19f56723423f84
40,pem_m4_self_clinching_nut__300_ss_16,assets/pem_m4_self_clinching_nut__300_ss.stl,catalog_fasteners_and_hardware,0.0008355363884781723,0.0019670757575096427,-1.6173730124900373e-07,5.2308822207170976e-08,0.09722837376852579,0.042442170464107316,0.05273792424249046,6.9682596864700805e-09,-1.9802899489392358e-13,-5.965832925689283e-14,4.099050647002325e-09,7.713958387517938e-14,4.0983762805777485e-09,1.0630266930926216e-07,7859.975614040126,,True,158ec13e4f19f56723423f84
41,standoff_plate_5,assets/standoff_plate.stl,custom_robot_structure,0.09569771578849694,-2.49157010928973e-07,-0.021955755899188436,2.823825714075806e-08,0.09894983687292218,-0.09970145369101939,0.028250028238257258,4.453556615589061e-05,4.649043086760392e-10,8.180599629376077e-10,0.00018749413161236667,-7.3537526215607e-11,0.00015199050538280298,3.5700276773075596e-05,2680.5875034747673,,True,881b01051a1ec5c958bf7768
42,pem_m4_self_clinching_nut__300_ss_17,assets/pem_m4_self_clinching_nut__300_ss.stl,catalog_fasteners_and_hardware,0.0008355363884781723,0.0019670757575096427,-1.6173730124900373e-07,5.2308822207170976e-08,0.09722839428573386,-0.042247839185309354,0.05273792424249047,6.9682596864700805e-09,-1.9802899489392358e-13,-5.965832925689283e-14,4.099050647002325e-09,7.713958387517938e-14,4.0983762805777485e-09,1.0630266930926216e-07,7859.975614040126,,True,158ec13e4f19f56723423f84
43,pem_m4_self_clinching_nut__300_ss_18,assets/pem_m4_self_clinching_nut__300_ss.stl,catalog_fasteners_and_hardware,0.0008355363884781723,0.0019670757575096427,-1.6173730124900373e-07,5.2308822207170976e-08,0.07526306995731294,-0.1520728114241036,0.0037620757575097447,6.9682596864700805e-09,-1.9802899489392358e-13,-5.965832925689283e-14,4.099050647002325e-09,7.713958387517938e-14,4.0983762805777485e-09,1.0630266930926216e-07,7859.975614040126,,True,158ec13e4f19f56723423f84
44,pem_m4_self_clinching_nut__300_ss_19,assets/pem_m4_self_clinching_nut__300_ss.stl,catalog_fasteners_and_hardware,0.0008355363884781723,0.0019670757575096427,-1.6173730124900373e-07,5.2308822207170976e-08,0.09722807709278958,-0.04224777574672049,0.0037620757575097447,6.9682596864700805e-09,-1.9802899489392358e-13,-5.965832925689283e-14,4.099050647002325e-09,7.713958387517938e-14,4.0983762805777485e-09,1.0630266930926216e-07,7859.975614040126,,True,158ec13e4f19f56723423f84
45,pem_m4_self_clinching_nut__300_ss_20,assets/pem_m4_self_clinching_nut__300_ss.stl,catalog_fasteners_and_hardware,0.0008355363884781723,0.0019670757575096427,-1.6173730124900373e-07,5.2308822207170976e-08,0.07526338715025722,-0.15207287486269244,0.05273792424249046,6.9682596864700805e-09,-1.9802899489392358e-13,-5.965832925689283e-14,4.099050647002325e-09,7.713958387517938e-14,4.0983762805777485e-09,1.0630266930926216e-07,7859.975614040126,,True,158ec13e4f19f56723423f84
46,m3_countersunk_hex_drive_screw__8mm_l__alloy_steel_2,assets/m3_countersunk_hex_drive_screw__8mm_l__alloy_steel.stl,catalog_fasteners_and_hardware,0.00048289151479582207,-4.6659695364853127e-07,-1.0175199137773183e-07,0.0009506213672961906,0.09036631293826003,-0.20590278390162992,-0.0019506213672960224,3.4793529546863828e-09,-1.49466112374589e-13,2.188122865520532e-12,3.4792339342330018e-09,5.186981569787066e-13,1.0163986365622556e-09,6.144622215201703e-08,7858.766542248207,,True,7a9c70871e34e4a7b93415c3
47,m3_countersunk_hex_drive_screw__8mm_l__alloy_steel_3,assets/m3_countersunk_hex_drive_screw__8mm_l__alloy_steel.stl,catalog_fasteners_and_hardware,0.00048289151479582207,-4.6659695364853127e-07,-1.0175199137773183e-07,0.0009506213672961906,-0.06963368706173997,-0.20590278390162986,-0.0019506213672960224,3.4793529546863828e-09,-1.49466112374589e-13,2.188122865520532e-12,3.4792339342330018e-09,5.186981569787066e-13,1.0163986365622556e-09,6.144622215201703e-08,7858.766542248207,,True,7a9c70871e34e4a7b93415c3
48,m3_countersunk_hex_drive_screw__8mm_l__alloy_steel_4,assets/m3_countersunk_hex_drive_screw__8mm_l__alloy_steel.stl,catalog_fasteners_and_hardware,0.00048289151479582207,-4.6659695364853127e-07,-1.0175199137773183e-07,0.0009506213672961906,-0.06963368706173997,-0.19390278390162985,-0.0019506213672960224,3.4793529546863828e-09,-1.49466112374589e-13,2.188122865520532e-12,3.4792339342330018e-09,5.186981569787066e-13,1.0163986365622556e-09,6.144622215201703e-08,7858.766542248207,,True,7a9c70871e34e4a7b93415c3
49,m3_countersunk_hex_drive_screw__8mm_l__alloy_steel_5,assets/m3_countersunk_hex_drive_screw__8mm_l__alloy_steel.stl,catalog_fasteners_and_hardware,0.00048289151479582207,-4.6659695364853127e-07,-1.0175199137773183e-07,0.0009506213672961906,-0.06963368706174008,0.20609721609837045,-0.0019506213672960224,3.4793529546863828e-09,-1.49466112374589e-13,2.188122865520532e-12,3.4792339342330018e-09,5.186981569787066e-13,1.0163986365622556e-09,6.144622215201703e-08,7858.766542248207,,True,7a9c70871e34e4a7b93415c3
50,m3_countersunk_hex_drive_screw__8mm_l__alloy_steel_6,assets/m3_countersunk_hex_drive_screw__8mm_l__alloy_steel.stl,catalog_fasteners_and_hardware,0.00048289151479582207,-4.6659695364853127e-07,-1.0175199137773183e-07,0.0009506213672961906,0.10958170324743341,-0.005902783901629686,-0.0019506213672960224,3.4793529546863828e-09,-1.49466112374589e-13,2.188122865520532e-12,3.4792339342330018e-09,5.186981569787066e-13,1.0163986365622556e-09,6.144622215201703e-08,7858.766542248207,,True,7a9c70871e34e4a7b93415c3
51,m3_countersunk_hex_drive_screw__8mm_l__alloy_steel_7,assets/m3_countersunk_hex_drive_screw__8mm_l__alloy_steel.stl,catalog_fasteners_and_hardware,0.00048289151479582207,-4.6659695364853127e-07,-1.0175199137773183e-07,0.0009506213672961906,0.07997400809284674,-0.21190278390162987,-0.0019506213672960224,3.4793529546863828e-09,-1.49466112374589e-13,2.188122865520532e-12,3.4792339342330018e-09,5.186981569787066e-13,1.0163986365622556e-09,6.144622215201703e-08,7858.766542248207,,True,7a9c70871e34e4a7b93415c3
52,m3_countersunk_hex_drive_screw__8mm_l__alloy_steel_8,assets/m3_countersunk_hex_drive_screw__8mm_l__alloy_steel.stl,catalog_fasteners_and_hardware,0.00048289151479582207,-4.6659695364853127e-07,-1.0175199137773183e-07,0.0009506213672961906,-0.08002599190715323,-0.21190278390162987,-0.0019506213672960224,3.4793529546863828e-09,-1.49466112374589e-13,2.188122865520532e-12,3.4792339342330018e-09,5.186981569787066e-13,1.0163986365622556e-09,6.144622215201703e-08,7858.766542248207,,True,7a9c70871e34e4a7b93415c3
53,m3_countersunk_hex_drive_screw__8mm_l__alloy_steel_9,assets/m3_countersunk_hex_drive_screw__8mm_l__alloy_steel.stl,catalog_fasteners_and_hardware,0.00048289151479582207,-4.6659695364853127e-07,-1.0175199137773183e-07,0.0009506213672961906,-0.12002599190715313,-0.011902783901629695,-0.0019506213672960224,3.4793529546863828e-09,-1.49466112374589e-13,2.188122865520532e-12,3.4792339342330018e-09,5.186981569787066e-13,1.0163986365622556e-09,6.144622215201703e-08,7858.766542248207,,True,7a9c70871e34e4a7b93415c3
54,m3_countersunk_hex_drive_screw__8mm_l__alloy_steel_10,assets/m3_countersunk_hex_drive_screw__8mm_l__alloy_steel.stl,catalog_fasteners_and_hardware,0.00048289151479582207,-4.6659695364853127e-07,-1.0175199137773183e-07,0.0009506213672961906,0.13036631293825987,-0.005902783901629686,-0.0019506213672960224,3.4793529546863828e-09,-1.49466112374589e-13,2.188122865520532e-12,3.4792339342330018e-09,5.186981569787066e-13,1.0163986365622556e-09,6.144622215201703e-08,7858.766542248207,,True,7a9c70871e34e4a7b93415c3
55,m3_countersunk_hex_drive_screw__8mm_l__alloy_steel_11,assets/m3_countersunk_hex_drive_screw__8mm_l__alloy_steel.stl,catalog_fasteners_and_hardware,0.00048289151479582207,-4.6659695364853127e-07,-1.0175199137773183e-07,0.0009506213672961906,0.11997400809284667,-0.011902783901629695,-0.0019506213672960224,3.4793529546863828e-09,-1.49466112374589e-13,2.188122865520532e-12,3.4792339342330018e-09,5.186981569787066e-13,1.0163986365622556e-09,6.144622215201703e-08,7858.766542248207,,True,7a9c70871e34e4a7b93415c3
56,m3_countersunk_hex_drive_screw__8mm_l__alloy_steel_12,assets/m3_countersunk_hex_drive_screw__8mm_l__alloy_steel.stl,catalog_fasteners_and_hardware,0.00048289151479582207,-4.6659695364853127e-07,-1.0175199137773183e-07,0.0009506213672961906,0.06958170324743347,-0.1939027839016298,-0.0019506213672960224,3.4793529546863828e-09,-1.49466112374589e-13,2.188122865520532e-12,3.4792339342330018e-09,5.186981569787066e-13,1.0163986365622556e-09,6.144622215201703e-08,7858.766542248207,,True,7a9c70871e34e4a7b93415c3
57,m3_countersunk_hex_drive_screw__8mm_l__alloy_steel_13,assets/m3_countersunk_hex_drive_screw__8mm_l__alloy_steel.stl,catalog_fasteners_and_hardware,0.00048289151479582207,-4.6659695364853127e-07,-1.0175199137773183e-07,0.0009506213672961906,0.07997400809284666,0.1880972160983705,-0.0019506213672960224,3.4793529546863828e-09,-1.49466112374589e-13,2.188122865520532e-12,3.4792339342330018e-09,5.186981569787066e-13,1.0163986365622556e-09,6.144622215201703e-08,7858.766542248207,,True,7a9c70871e34e4a7b93415c3
58,m3_countersunk_hex_drive_screw__8mm_l__alloy_steel_14,assets/m3_countersunk_hex_drive_screw__8mm_l__alloy_steel.stl,catalog_fasteners_and_hardware,0.00048289151479582207,-4.6659695364853127e-07,-1.0175199137773183e-07,0.0009506213672961906,-0.09041829675256638,0.1940972160983705,-0.0019506213672960224,3.4793529546863828e-09,-1.49466112374589e-13,2.188122865520532e-12,3.4792339342330018e-09,5.186981569787066e-13,1.0163986365622556e-09,6.144622215201703e-08,7858.766542248207,,True,7a9c70871e34e4a7b93415c3
59,m3_countersunk_hex_drive_screw__8mm_l__alloy_steel_15,assets/m3_countersunk_hex_drive_screw__8mm_l__alloy_steel.stl,catalog_fasteners_and_hardware,0.00048289151479582207,-4.6659695364853127e-07,-1.0175199137773183e-07,0.0009506213672961906,-0.13041829675256641,0.006097216098370339,-0.0019506213672960224,3.4793529546863828e-09,-1.49466112374589e-13,2.188122865520532e-12,3.4792339342330018e-09,5.186981569787066e-13,1.0163986365622556e-09,6.144622215201703e-08,7858.766542248207,,True,7a9c70871e34e4a7b93415c3
60,m3_countersunk_hex_drive_screw__8mm_l__alloy_steel_16,assets/m3_countersunk_hex_drive_screw__8mm_l__alloy_steel.stl,catalog_fasteners_and_hardware,0.00048289151479582207,-4.6659695364853127e-07,-1.0175199137773183e-07,0.0009506213672961906,-0.12002599190715313,0.012097216098370348,-0.0019506213672960224,3.4793529546863828e-09,-1.49466112374589e-13,2.188122865520532e-12,3.4792339342330018e-09,5.186981569787066e-13,1.0163986365622556e-09,6.144622215201703e-08,7858.766542248207,,True,7a9c70871e34e4a7b93415c3
61,m3_countersunk_hex_drive_screw__8mm_l__alloy_steel_17,assets/m3_countersunk_hex_drive_screw__8mm_l__alloy_steel.stl,catalog_fasteners_and_hardware,0.00048289151479582207,-4.6659695364853127e-07,-1.0175199137773183e-07,0.0009506213672961906,0.10958170324743341,0.006097216098370339,-0.0019506213672960224,3.4793529546863828e-09,-1.49466112374589e-13,2.188122865520532e-12,3.4792339342330018e-09,5.186981569787066e-13,1.0163986365622556e-09,6.144622215201703e-08,7858.766542248207,,True,7a9c70871e34e4a7b93415c3
62,m3_countersunk_hex_drive_screw__8mm_l__alloy_steel_18,assets/m3_countersunk_hex_drive_screw__8mm_l__alloy_steel.stl,catalog_fasteners_and_hardware,0.00048289151479582207,-4.6659695364853127e-07,-1.0175199137773183e-07,0.0009506213672961906,-0.06963368706173986,0.1940972160983705,-0.0019506213672960224,3.4793529546863828e-09,-1.49466112374589e-13,2.188122865520532e-12,3.4792339342330018e-09,5.186981569787066e-13,1.0163986365622556e-09,6.144622215201703e-08,7858.766542248207,,True,7a9c70871e34e4a7b93415c3
63,m3_countersunk_hex_drive_screw__8mm_l__alloy_steel_19,assets/m3_countersunk_hex_drive_screw__8mm_l__alloy_steel.stl,catalog_fasteners_and_hardware,0.00048289151479582207,-4.6659695364853127e-07,-1.0175199137773183e-07,0.0009506213672961906,-0.10963368706173987,0.006097216098370339,-0.0019506213672960224,3.4793529546863828e-09,-1.49466112374589e-13,2.188122865520532e-12,3.4792339342330018e-09,5.186981569787066e-13,1.0163986365622556e-09,6.144622215201703e-08,7858.766542248207,,True,7a9c70871e34e4a7b93415c3
64,m3_countersunk_hex_drive_screw__8mm_l__alloy_steel_20,assets/m3_countersunk_hex_drive_screw__8mm_l__alloy_steel.stl,catalog_fasteners_and_hardware,0.00048289151479582207,-4.6659695364853127e-07,-1.0175199137773183e-07,0.0009506213672961906,0.07997400809284674,-0.18790278390162984,-0.0019506213672960224,3.4793529546863828e-09,-1.49466112374589e-13,2.188122865520532e-12,3.4792339342330018e-09,5.186981569787066e-13,1.0163986365622556e-09,6.144622215201703e-08,7858.766542248207,,True,7a9c70871e34e4a7b93415c3
65,m3_countersunk_hex_drive_screw__8mm_l__alloy_steel_21,assets/m3_countersunk_hex_drive_screw__8mm_l__alloy_steel.stl,catalog_fasteners_and_hardware,0.00048289151479582207,-4.6659695364853127e-07,-1.0175199137773183e-07,0.0009506213672961906,-0.09041829675256638,0.20609721609837056,-0.0019506213672960224,3.4793529546863828e-09,-1.49466112374589e-13,2.188122865520532e-12,3.4792339342330018e-09,5.186981569787066e-13,1.0163986365622556e-09,6.144622215201703e-08,7858.766542248207,,True,7a9c70871e34e4a7b93415c3
66,m3_countersunk_hex_drive_screw__8mm_l__alloy_steel_22,assets/m3_countersunk_hex_drive_screw__8mm_l__alloy_steel.stl,catalog_fasteners_and_hardware,0.00048289151479582207,-4.6659695364853127e-07,-1.0175199137773183e-07,0.0009506213672961906,-0.09041829675256649,-0.20590278390162986,-0.0019506213672960224,3.4793529546863828e-09,-1.49466112374589e-13,2.188122865520532e-12,3.4792339342330018e-09,5.186981569787066e-13,1.0163986365622556e-09,6.144622215201703e-08,7858.766542248207,,True,7a9c70871e34e4a7b93415c3
67,m3_countersunk_hex_drive_screw__8mm_l__alloy_steel_23,assets/m3_countersunk_hex_drive_screw__8mm_l__alloy_steel.stl,catalog_fasteners_and_hardware,0.00048289151479582207,-4.6659695364853127e-07,-1.0175199137773183e-07,0.0009506213672961906,-0.08002599190715312,0.1880972160983705,-0.0019506213672960224,3.4793529546863828e-09,-1.49466112374589e-13,2.188122865520532e-12,3.4792339342330018e-09,5.186981569787066e-13,1.0163986365622556e-09,6.144622215201703e-08,7858.766542248207,,True,7a9c70871e34e4a7b93415c3
68,m3_countersunk_hex_drive_screw__8mm_l__alloy_steel_24,assets/m3_countersunk_hex_drive_screw__8mm_l__alloy_steel.stl,catalog_fasteners_and_hardware,0.00048289151479582207,-4.6659695364853127e-07,-1.0175199137773183e-07,0.0009506213672961906,-0.13041829675256641,-0.005902783901629686,-0.0019506213672960224,3.4793529546863828e-09,-1.49466112374589e-13,2.188122865520532e-12,3.4792339342330018e-09,5.186981569787066e-13,1.0163986365622556e-09,6.144622215201703e-08,7858.766542248207,,True,7a9c70871e34e4a7b93415c3
69,m3_countersunk_hex_drive_screw__8mm_l__alloy_steel_25,assets/m3_countersunk_hex_drive_screw__8mm_l__alloy_steel.stl,catalog_fasteners_and_hardware,0.00048289151479582207,-4.6659695364853127e-07,-1.0175199137773183e-07,0.0009506213672961906,-0.0800259919071532,-0.18790278390162984,-0.0019506213672960224,3.4793529546863828e-09,-1.49466112374589e-13,2.188122865520532e-12,3.4792339342330018e-09,5.186981569787066e-13,1.0163986365622556e-09,6.144622215201703e-08,7858.766542248207,,True,7a9c70871e34e4a7b93415c3
70,m3_countersunk_hex_drive_screw__8mm_l__alloy_steel_26,assets/m3_countersunk_hex_drive_screw__8mm_l__alloy_steel.stl,catalog_fasteners_and_hardware,0.00048289151479582207,-4.6659695364853127e-07,-1.0175199137773183e-07,0.0009506213672961906,-0.10963368706173987,-0.005902783901629686,-0.0019506213672960224,3.4793529546863828e-09,-1.49466112374589e-13,2.188122865520532e-12,3.4792339342330018e-09,5.186981569787066e-13,1.0163986365622556e-09,6.144622215201703e-08,7858.766542248207,,True,7a9c70871e34e4a7b93415c3
71,m3_countersunk_hex_drive_screw__8mm_l__alloy_steel_27,assets/m3_countersunk_hex_drive_screw__8mm_l__alloy_steel.stl,catalog_fasteners_and_hardware,0.00048289151479582207,-4.6659695364853127e-07,-1.0175199137773183e-07,0.0009506213672961906,0.06958170324743347,-0.20590278390162986,-0.0019506213672960224,3.4793529546863828e-09,-1.49466112374589e-13,2.188122865520532e-12,3.4792339342330018e-09,5.186981569787066e-13,1.0163986365622556e-09,6.144622215201703e-08,7858.766542248207,,True,7a9c70871e34e4a7b93415c3
72,m3_countersunk_hex_drive_screw__8mm_l__alloy_steel_28,assets/m3_countersunk_hex_drive_screw__8mm_l__alloy_steel.stl,catalog_fasteners_and_hardware,0.00048289151479582207,-4.6659695364853127e-07,-1.0175199137773183e-07,0.0009506213672961906,0.07997400809284666,0.21209721609837057,-0.0019506213672960224,3.4793529546863828e-09,-1.49466112374589e-13,2.188122865520532e-12,3.4792339342330018e-09,5.186981569787066e-13,1.0163986365622556e-09,6.144622215201703e-08,7858.766542248207,,True,7a9c70871e34e4a7b93415c3
73,m3_countersunk_hex_drive_screw__8mm_l__alloy_steel_29,assets/m3_countersunk_hex_drive_screw__8mm_l__alloy_steel.stl,catalog_fasteners_and_hardware,0.00048289151479582207,-4.6659695364853127e-07,-1.0175199137773183e-07,0.0009506213672961906,0.06958170324743342,0.20609721609837056,-0.0019506213672960224,3.4793529546863828e-09,-1.49466112374589e-13,2.188122865520532e-12,3.4792339342330018e-09,5.186981569787066e-13,1.0163986365622556e-09,6.144622215201703e-08,7858.766542248207,,True,7a9c70871e34e4a7b93415c3
74,m3_countersunk_hex_drive_screw__8mm_l__alloy_steel_30,assets/m3_countersunk_hex_drive_screw__8mm_l__alloy_steel.stl,catalog_fasteners_and_hardware,0.00048289151479582207,-4.6659695364853127e-07,-1.0175199137773183e-07,0.0009506213672961906,0.11997400809284667,0.012097216098370348,-0.0019506213672960224,3.4793529546863828e-09,-1.49466112374589e-13,2.188122865520532e-12,3.4792339342330018e-09,5.186981569787066e-13,1.0163986365622556e-09,6.144622215201703e-08,7858.766542248207,,True,7a9c70871e34e4a7b93415c3
75,m3_countersunk_hex_drive_screw__8mm_l__alloy_steel_31,assets/m3_countersunk_hex_drive_screw__8mm_l__alloy_steel.stl,catalog_fasteners_and_hardware,0.00048289151479582207,-4.6659695364853127e-07,-1.0175199137773183e-07,0.0009506213672961906,0.13036631293825987,0.006097216098370339,-0.0019506213672960224,3.4793529546863828e-09,-1.49466112374589e-13,2.188122865520532e-12,3.4792339342330018e-09,5.186981569787066e-13,1.0163986365622556e-09,6.144622215201703e-08,7858.766542248207,,True,7a9c70871e34e4a7b93415c3
76,m3_countersunk_hex_drive_screw__8mm_l__alloy_steel_32,assets/m3_countersunk_hex_drive_screw__8mm_l__alloy_steel.stl,catalog_fasteners_and_hardware,0.00048289151479582207,-4.6659695364853127e-07,-1.0175199137773183e-07,0.0009506213672961906,-0.08002599190715329,0.21209721609837057,-0.0019506213672960224,3.4793529546863828e-09,-1.49466112374589e-13,2.188122865520532e-12,3.4792339342330018e-09,5.186981569787066e-13,1.0163986365622556e-09,6.144622215201703e-08,7858.766542248207,,True,7a9c70871e34e4a7b93415c3
77,m3_countersunk_hex_drive_screw__8mm_l__alloy_steel_33,assets/m3_countersunk_hex_drive_screw__8mm_l__alloy_steel.stl,catalog_fasteners_and_hardware,0.00048289151479582207,-4.6659695364853127e-07,-1.0175199137773183e-07,0.0009506213672961906,0.09036631293825992,0.20609721609837056,-0.0019506213672960224,3.4793529546863828e-09,-1.49466112374589e-13,2.188122865520532e-12,3.4792339342330018e-09,5.186981569787066e-13,1.0163986365622556e-09,6.144622215201703e-08,7858.766542248207,,True,7a9c70871e34e4a7b93415c3
78,m3_countersunk_hex_drive_screw__8mm_l__alloy_steel_34,assets/m3_countersunk_hex_drive_screw__8mm_l__alloy_steel.stl,catalog_fasteners_and_hardware,0.00048289151479582207,-4.6659695364853127e-07,-1.0175199137773183e-07,0.0009506213672961906,0.09036631293825992,0.19409721609837044,-0.0019506213672960224,3.4793529546863828e-09,-1.49466112374589e-13,2.188122865520532e-12,3.4792339342330018e-09,5.186981569787066e-13,1.0163986365622556e-09,6.144622215201703e-08,7858.766542248207,,True,7a9c70871e34e4a7b93415c3
79,m3_countersunk_hex_drive_screw__8mm_l__alloy_steel_35,assets/m3_countersunk_hex_drive_screw__8mm_l__alloy_steel.stl,catalog_fasteners_and_hardware,0.00048289151479582207,-4.6659695364853127e-07,-1.0175199137773183e-07,0.0009506213672961906,0.06958170324743336,0.1940972160983705,-0.0019506213672960224,3.4793529546863828e-09,-1.49466112374589e-13,2.188122865520532e-12,3.4792339342330018e-09,5.186981569787066e-13,1.0163986365622556e-09,6.144622215201703e-08,7858.766542248207,,True,7a9c70871e34e4a7b93415c3
80,m3_countersunk_hex_drive_screw__8mm_l__alloy_steel_36,assets/m3_countersunk_hex_drive_screw__8mm_l__alloy_steel.stl,catalog_fasteners_and_hardware,0.00048289151479582207,-4.6659695364853127e-07,-1.0175199137773183e-07,0.0009506213672961906,-0.09041829675256646,-0.19390278390162985,-0.0019506213672960224,3.4793529546863828e-09,-1.49466112374589e-13,2.188122865520532e-12,3.4792339342330018e-09,5.186981569787066e-13,1.0163986365622556e-09,6.144622215201703e-08,7858.766542248207,,True,7a9c70871e34e4a7b93415c3
81,m4_countersunk_hex_drive_screw__12mm_l__alloy_steel_2,assets/m4_countersunk_hex_drive_screw__12mm_l__alloy_steel.stl,catalog_fasteners_and_hardware,0.001260631712756462,1.3071499483891372e-06,-1.5416236810459482e-06,0.0013992482363803789,-0.0753129617656318,0.1522655815054948,0.056899248236380505,1.9934775719197283e-08,-2.4139495512187986e-13,5.82444153114141e-12,1.993508866533806e-08,3.3908308811489356e-12,4.55106215119668e-09,1.6043677305767166e-07,7857.498556788518,,True,183ba2d51794062291350ece
82,m4_countersunk_hex_drive_screw__12mm_l__alloy_steel_3,assets/m4_countersunk_hex_drive_screw__12mm_l__alloy_steel.stl,catalog_fasteners_and_hardware,0.001260631712756462,1.3071499483891372e-06,-1.5416236810459482e-06,0.0013992482363803789,-0.06963191331483791,0.19409557272269776,0.056899248236380505,1.9934775719197283e-08,-2.4139495512187986e-13,5.82444153114141e-12,1.993508866533806e-08,3.3908308811489356e-12,4.55106215119668e-09,1.6043677305767166e-07,7857.498556788518,,True,183ba2d51794062291350ece
83,m4_countersunk_hex_drive_screw__12mm_l__alloy_steel_4,assets/m4_countersunk_hex_drive_screw__12mm_l__alloy_steel.stl,catalog_fasteners_and_hardware,0.001260631712756462,1.3071499483891372e-06,-1.5416236810459482e-06,0.0013992482363803789,-0.09041652300566456,-0.20590442727730227,0.056899248236380505,1.9934775719197283e-08,-2.4139495512187986e-13,5.82444153114141e-12,1.993508866533806e-08,3.3908308811489356e-12,4.55106215119668e-09,1.6043677305767166e-07,7857.498556788518,,True,183ba2d51794062291350ece
84,m4_countersunk_hex_drive_screw__12mm_l__alloy_steel_5,assets/m4_countersunk_hex_drive_screw__12mm_l__alloy_steel.stl,catalog_fasteners_and_hardware,0.001260631712756462,1.3071499483891372e-06,-1.5416236810459482e-06,0.0013992482363803789,-0.08002421816025128,-0.21190442727730227,0.056899248236380505,1.9934775719197283e-08,-2.4139495512187986e-13,5.82444153114141e-12,1.993508866533806e-08,3.3908308811489356e-12,4.55106215119668e-09,1.6043677305767166e-07,7857.498556788518,,True,183ba2d51794062291350ece
85,m4_countersunk_hex_drive_screw__12mm_l__alloy_steel_6,assets/m4_countersunk_hex_drive_screw__12mm_l__alloy_steel.stl,catalog_fasteners_and_hardware,0.001260631712756462,1.3071499483891372e-06,-1.5416236810459482e-06,0.0013992482363803789,0.1095834769943355,0.006095572722697743,0.056899248236380505,1.9934775719197283e-08,-2.4139495512187986e-13,5.82444153114141e-12,1.993508866533806e-08,3.3908308811489356e-12,4.55106215119668e-09,1.6043677305767166e-07,7857.498556788518,,True,183ba2d51794062291350ece
86,m4_countersunk_hex_drive_screw__12mm_l__alloy_steel_7,assets/m4_countersunk_hex_drive_screw__12mm_l__alloy_steel.stl,catalog_fasteners_and_hardware,0.001260631712756462,1.3071499483891372e-06,-1.5416236810459482e-06,0.0013992482363803789,0.07997578183974884,-0.18790442727730225,0.056899248236380505,1.9934775719197283e-08,-2.4139495512187986e-13,5.82444153114141e-12,1.993508866533806e-08,3.3908308811489356e-12,4.55106215119668e-09,1.6043677305767166e-07,7857.498556788518,,True,183ba2d51794062291350ece
87,m4_countersunk_hex_drive_screw__12mm_l__alloy_steel_8,assets/m4_countersunk_hex_drive_screw__12mm_l__alloy_steel.stl,catalog_fasteners_and_hardware,0.001260631712756462,1.3071499483891372e-06,-1.5416236810459482e-06,0.0013992482363803789,-0.09041652300566445,0.19409557272269776,0.056899248236380505,1.9934775719197283e-08,-2.4139495512187986e-13,5.82444153114141e-12,1.993508866533806e-08,3.3908308811489356e-12,4.55106215119668e-09,1.6043677305767166e-07,7857.498556788518,,True,183ba2d51794062291350ece
88,m4_countersunk_hex_drive_screw__12mm_l__alloy_steel_9,assets/m4_countersunk_hex_drive_screw__12mm_l__alloy_steel.stl,catalog_fasteners_and_hardware,0.001260631712756462,1.3071499483891372e-06,-1.5416236810459482e-06,0.0013992482363803789,-0.12002421816025123,0.01209557272269775,0.056899248236380505,1.9934775719197283e-08,-2.4139495512187986e-13,5.82444153114141e-12,1.993508866533806e-08,3.3908308811489356e-12,4.55106215119668e-09,1.6043677305767166e-07,7857.498556788518,,True,183ba2d51794062291350ece
89,m4_countersunk_hex_drive_screw__12mm_l__alloy_steel_10,assets/m4_countersunk_hex_drive_screw__12mm_l__alloy_steel.stl,catalog_fasteners_and_hardware,0.001260631712756462,1.3071499483891372e-06,-1.5416236810459482e-06,0.0013992482363803789,-0.0800242181602512,0.18809557272269775,0.056899248236380505,1.9934775719197283e-08,-2.4139495512187986e-13,5.82444153114141e-12,1.993508866533806e-08,3.3908308811489356e-12,4.55106215119668e-09,1.6043677305767166e-07,7857.498556788518,,True,183ba2d51794062291350ece
90,m4_countersunk_hex_drive_screw__12mm_l__alloy_steel_11,assets/m4_countersunk_hex_drive_screw__12mm_l__alloy_steel.stl,catalog_fasteners_and_hardware,0.001260631712756462,1.3071499483891372e-06,-1.5416236810459482e-06,0.0013992482363803789,0.09036808668516201,0.1940955727226977,0.056899248236380505,1.9934775719197283e-08,-2.4139495512187986e-13,5.82444153114141e-12,1.993508866533806e-08,3.3908308811489356e-12,4.55106215119668e-09,1.6043677305767166e-07,7857.498556788518,,True,183ba2d51794062291350ece
91,m4_countersunk_hex_drive_screw__12mm_l__alloy_steel_12,assets/m4_countersunk_hex_drive_screw__12mm_l__alloy_steel.stl,catalog_fasteners_and_hardware,0.001260631712756462,1.3071499483891372e-06,-1.5416236810459482e-06,0.0013992482363803789,-0.08002421816025133,0.21209557272269774,0.056899248236380505,1.9934775719197283e-08,-2.4139495512187986e-13,5.82444153114141e-12,1.993508866533806e-08,3.3908308811489356e-12,4.55106215119668e-09,1.6043677305767166e-07,7857.498556788518,,True,183ba2d51794062291350ece
92,m4_countersunk_hex_drive_screw__12mm_l__alloy_steel_13,assets/m4_countersunk_hex_drive_screw__12mm_l__alloy_steel.stl,catalog_fasteners_and_hardware,0.001260631712756462,1.3071499483891372e-06,-1.5416236810459482e-06,0.0013992482363803789,0.09036808668516198,0.20609557272269777,0.056899248236380505,1.9934775719197283e-08,-2.4139495512187986e-13,5.82444153114141e-12,1.993508866533806e-08,3.3908308811489356e-12,4.55106215119668e-09,1.6043677305767166e-07,7857.498556788518,,True,183ba2d51794062291350ece
93,m4_countersunk_hex_drive_screw__12mm_l__alloy_steel_14,assets/m4_countersunk_hex_drive_screw__12mm_l__alloy_steel.stl,catalog_fasteners_and_hardware,0.001260631712756462,1.3071499483891372e-06,-1.5416236810459482e-06,0.0013992482363803789,0.07526452544512949,0.1522655815054947,0.056899248236380505,1.9934775719197283e-08,-2.4139495512187986e-13,5.82444153114141e-12,1.993508866533806e-08,3.3908308811489356e-12,4.55106215119668e-09,1.6043677305767166e-07,7857.498556788518,,True,183ba2d51794062291350ece
94,m4_countersunk_hex_drive_screw__12mm_l__alloy_steel_15,assets/m4_countersunk_hex_drive_screw__12mm_l__alloy_steel.stl,catalog_fasteners_and_hardware,0.001260631712756462,1.3071499483891372e-06,-1.5416236810459482e-06,0.0013992482363803789,0.06958347699433547,0.20609557272269777,0.056899248236380505,1.9934775719197283e-08,-2.4139495512187986e-13,5.82444153114141e-12,1.993508866533806e-08,3.3908308811489356e-12,4.55106215119668e-09,1.6043677305767166e-07,7857.498556788518,,True,183ba2d51794062291350ece
95,m4_countersunk_hex_drive_screw__12mm_l__alloy_steel_16,assets/m4_countersunk_hex_drive_screw__12mm_l__alloy_steel.stl,catalog_fasteners_and_hardware,0.001260631712756462,1.3071499483891372e-06,-1.5416236810459482e-06,0.0013992482363803789,0.09722953258060608,0.04244054582811162,0.056899248236380505,1.9934775719197283e-08,-2.4139495512187986e-13,5.82444153114141e-12,1.993508866533806e-08,3.3908308811489356e-12,4.55106215119668e-09,1.6043677305767166e-07,7857.498556788518,,True,183ba2d51794062291350ece
96,m4_countersunk_hex_drive_screw__12mm_l__alloy_steel_17,assets/m4_countersunk_hex_drive_screw__12mm_l__alloy_steel.stl,catalog_fasteners_and_hardware,0.001260631712756462,1.3071499483891372e-06,-1.5416236810459482e-06,0.0013992482363803789,-0.06963191331483802,-0.20590442727730227,0.056899248236380505,1.9934775719197283e-08,-2.4139495512187986e-13,5.82444153114141e-12,1.993508866533806e-08,3.3908308811489356e-12,4.55106215119668e-09,1.6043677305767166e-07,7857.498556788518,,True,183ba2d51794062291350ece
97,m4_countersunk_hex_drive_screw__12mm_l__alloy_steel_18,assets/m4_countersunk_hex_drive_screw__12mm_l__alloy_steel.stl,catalog_fasteners_and_hardware,0.001260631712756462,1.3071499483891372e-06,-1.5416236810459482e-06,0.0013992482363803789,-0.13041652300566448,0.006095572722697743,0.056899248236380505,1.9934775719197283e-08,-2.4139495512187986e-13,5.82444153114141e-12,1.993508866533806e-08,3.3908308811489356e-12,4.55106215119668e-09,1.6043677305767166e-07,7857.498556788518,,True,183ba2d51794062291350ece
98,m4_countersunk_hex_drive_screw__12mm_l__alloy_steel_19,assets/m4_countersunk_hex_drive_screw__12mm_l__alloy_steel.stl,catalog_fasteners_and_hardware,0.001260631712756462,1.3071499483891372e-06,-1.5416236810459482e-06,0.0013992482363803789,-0.10963191331483797,0.006095572722697743,0.056899248236380505,1.9934775719197283e-08,-2.4139495512187986e-13,5.82444153114141e-12,1.993508866533806e-08,3.3908308811489356e-12,4.55106215119668e-09,1.6043677305767166e-07,7857.498556788518,,True,183ba2d51794062291350ece
99,m4_countersunk_hex_drive_screw__12mm_l__alloy_steel_20,assets/m4_countersunk_hex_drive_screw__12mm_l__alloy_steel.stl,catalog_fasteners_and_hardware,0.001260631712756462,1.3071499483891372e-06,-1.5416236810459482e-06,0.0013992482363803789,-0.13041652300566448,-0.005904427277302267,0.056899248236380505,1.9934775719197283e-08,-2.4139495512187986e-13,5.82444153114141e-12,1.993508866533806e-08,3.3908308811489356e-12,4.55106215119668e-09,1.6043677305767166e-07,7857.498556788518,,True,183ba2d51794062291350ece
100,m4_countersunk_hex_drive_screw__12mm_l__alloy_steel_21,assets/m4_countersunk_hex_drive_screw__12mm_l__alloy_steel.stl,catalog_fasteners_and_hardware,0.001260631712756462,1.3071499483891372e-06,-1.5416236810459482e-06,0.0013992482363803789,0.07997578183974872,0.18809557272269775,0.056899248236380505,1.9934775719197283e-08,-2.4139495512187986e-13,5.82444153114141e-12,1.993508866533806e-08,3.3908308811489356e-12,4.55106215119668e-09,1.6043677305767166e-07,7857.498556788518,,True,183ba2d51794062291350ece
101,m4_countersunk_hex_drive_screw__12mm_l__alloy_steel_22,assets/m4_countersunk_hex_drive_screw__12mm_l__alloy_steel.stl,catalog_fasteners_and_hardware,0.001260631712756462,1.3071499483891372e-06,-1.5416236810459482e-06,0.0013992482363803789,-0.0972779689011085,-0.04224940038271628,0.056899248236380505,1.9934775719197283e-08,-2.4139495512187986e-13,5.82444153114141e-12,1.993508866533806e-08,3.3908308811489356e-12,4.55106215119668e-09,1.6043677305767166e-07,7857.498556788518,,True,183ba2d51794062291350ece
102,m4_countersunk_hex_drive_screw__12mm_l__alloy_steel_23,assets/m4_countersunk_hex_drive_screw__12mm_l__alloy_steel.stl,catalog_fasteners_and_hardware,0.001260631712756462,1.3071499483891372e-06,-1.5416236810459482e-06,0.0013992482363803789,0.07997578183974872,0.21209557272269774,0.056899248236380505,1.9934775719197283e-08,-2.4139495512187986e-13,5.82444153114141e-12,1.993508866533806e-08,3.3908308811489356e-12,4.55106215119668e-09,1.6043677305767166e-07,7857.498556788518,,True,183ba2d51794062291350ece
103,m4_countersunk_hex_drive_screw__12mm_l__alloy_steel_24,assets/m4_countersunk_hex_drive_screw__12mm_l__alloy_steel.stl,catalog_fasteners_and_hardware,0.001260631712756462,1.3071499483891372e-06,-1.5416236810459482e-06,0.0013992482363803789,0.1095834769943355,-0.005904427277302267,0.056899248236380505,1.9934775719197283e-08,-2.4139495512187986e-13,5.82444153114141e-12,1.993508866533806e-08,3.3908308811489356e-12,4.55106215119668e-09,1.6043677305767166e-07,7857.498556788518,,True,183ba2d51794062291350ece
104,m4_countersunk_hex_drive_screw__12mm_l__alloy_steel_25,assets/m4_countersunk_hex_drive_screw__12mm_l__alloy_steel.stl,catalog_fasteners_and_hardware,0.001260631712756462,1.3071499483891372e-06,-1.5416236810459482e-06,0.0013992482363803789,-0.03602421816025116,-0.18590442727730214,0.056899248236380505,1.9934775719197283e-08,-2.4139495512187986e-13,5.82444153114141e-12,1.993508866533806e-08,3.3908308811489356e-12,4.55106215119668e-09,1.6043677305767166e-07,7857.498556788518,,True,183ba2d51794062291350ece
105,m4_countersunk_hex_drive_screw__12mm_l__alloy_steel_26,assets/m4_countersunk_hex_drive_screw__12mm_l__alloy_steel.stl,catalog_fasteners_and_hardware,0.001260631712756462,1.3071499483891372e-06,-1.5416236810459482e-06,0.0013992482363803789,-0.09041652300566445,0.20609557272269777,0.056899248236380505,1.9934775719197283e-08,-2.4139495512187986e-13,5.82444153114141e-12,1.993508866533806e-08,3.3908308811489356e-12,4.55106215119668e-09,1.6043677305767166e-07,7857.498556788518,,True,183ba2d51794062291350ece
106,m4_countersunk_hex_drive_screw__12mm_l__alloy_steel_27,assets/m4_countersunk_hex_drive_screw__12mm_l__alloy_steel.stl,catalog_fasteners_and_hardware,0.001260631712756462,1.3071499483891372e-06,-1.5416236810459482e-06,0.0013992482363803789,-0.0753129617656318,-0.15207443606009932,0.056899248236380505,1.9934775719197283e-08,-2.4139495512187986e-13,5.82444153114141e-12,1.993508866533806e-08,3.3908308811489356e-12,4.55106215119668e-09,1.6043677305767166e-07,7857.498556788518,,True,183ba2d51794062291350ece
107,m4_countersunk_hex_drive_screw__12mm_l__alloy_steel_28,assets/m4_countersunk_hex_drive_screw__12mm_l__alloy_steel.stl,catalog_fasteners_and_hardware,0.001260631712756462,1.3071499483891372e-06,-1.5416236810459482e-06,0.0013992482363803789,0.07526452544512949,-0.15207443606009927,0.056899248236380505,1.9934775719197283e-08,-2.4139495512187986e-13,5.82444153114141e-12,1.993508866533806e-08,3.3908308811489356e-12,4.55106215119668e-09,1.6043677305767166e-07,7857.498556788518,,True,183ba2d51794062291350ece
108,m4_countersunk_hex_drive_screw__12mm_l__alloy_steel_29,assets/m4_countersunk_hex_drive_screw__12mm_l__alloy_steel.stl,catalog_fasteners_and_hardware,0.001260631712756462,1.3071499483891372e-06,-1.5416236810459482e-06,0.0013992482363803789,0.06958347699433552,-0.19390442727730225,0.056899248236380505,1.9934775719197283e-08,-2.4139495512187986e-13,5.82444153114141e-12,1.993508866533806e-08,3.3908308811489356e-12,4.55106215119668e-09,1.6043677305767166e-07,7857.498556788518,,True,183ba2d51794062291350ece
109,m4_countersunk_hex_drive_screw__12mm_l__alloy_steel_30,assets/m4_countersunk_hex_drive_screw__12mm_l__alloy_steel.stl,catalog_fasteners_and_hardware,0.001260631712756462,1.3071499483891372e-06,-1.5416236810459482e-06,0.0013992482363803789,0.11997578183974876,-0.011904427277302272,0.056899248236380505,1.9934775719197283e-08,-2.4139495512187986e-13,5.82444153114141e-12,1.993508866533806e-08,3.3908308811489356e-12,4.55106215119668e-09,1.6043677305767166e-07,7857.498556788518,,True,183ba2d51794062291350ece
110,m4_countersunk_hex_drive_screw__12mm_l__alloy_steel_31,assets/m4_countersunk_hex_drive_screw__12mm_l__alloy_steel.stl,catalog_fasteners_and_hardware,0.001260631712756462,1.3071499483891372e-06,-1.5416236810459482e-06,0.0013992482363803789,0.035975781839748845,0.18609557272269758,0.056899248236380505,1.9934775719197283e-08,-2.4139495512187986e-13,5.82444153114141e-12,1.993508866533806e-08,3.3908308811489356e-12,4.55106215119668e-09,1.6043677305767166e-07,7857.498556788518,,True,183ba2d51794062291350ece
111,m4_countersunk_hex_drive_screw__12mm_l__alloy_steel_32,assets/m4_countersunk_hex_drive_screw__12mm_l__alloy_steel.stl,catalog_fasteners_and_hardware,0.001260631712756462,1.3071499483891372e-06,-1.5416236810459482e-06,0.0013992482363803789,0.06958347699433555,-0.20590442727730227,0.056899248236380505,1.9934775719197283e-08,-2.4139495512187986e-13,5.82444153114141e-12,1.993508866533806e-08,3.3908308811489356e-12,4.55106215119668e-09,1.6043677305767166e-07,7857.498556788518,,True,183ba2d51794062291350ece
112,m4_countersunk_hex_drive_screw__12mm_l__alloy_steel_33,assets/m4_countersunk_hex_drive_screw__12mm_l__alloy_steel.stl,catalog_fasteners_and_hardware,0.001260631712756462,1.3071499483891372e-06,-1.5416236810459482e-06,0.0013992482363803789,-0.08002421816025128,-0.18790442727730225,0.056899248236380505,1.9934775719197283e-08,-2.4139495512187986e-13,5.82444153114141e-12,1.993508866533806e-08,3.3908308811489356e-12,4.55106215119668e-09,1.6043677305767166e-07,7857.498556788518,,True,183ba2d51794062291350ece
113,m4_countersunk_hex_drive_screw__12mm_l__alloy_steel_34,assets/m4_countersunk_hex_drive_screw__12mm_l__alloy_steel.stl,catalog_fasteners_and_hardware,0.001260631712756462,1.3071499483891372e-06,-1.5416236810459482e-06,0.0013992482363803789,0.09036808668516207,-0.19390442727730225,0.056899248236380505,1.9934775719197283e-08,-2.4139495512187986e-13,5.82444153114141e-12,1.993508866533806e-08,3.3908308811489356e-12,4.55106215119668e-09,1.6043677305767166e-07,7857.498556788518,,True,183ba2d51794062291350ece
114,m4_countersunk_hex_drive_screw__12mm_l__alloy_steel_35,assets/m4_countersunk_hex_drive_screw__12mm_l__alloy_steel.stl,catalog_fasteners_and_hardware,0.001260631712756462,1.3071499483891372e-06,-1.5416236810459482e-06,0.0013992482363803789,0.06958347699433544,0.19409557272269776,0.056899248236380505,1.9934775719197283e-08,-2.4139495512187986e-13,5.82444153114141e-12,1.993508866533806e-08,3.3908308811489356e-12,4.55106215119668e-09,1.6043677305767166e-07,7857.498556788518,,True,183ba2d51794062291350ece
115,m4_countersunk_hex_drive_screw__12mm_l__alloy_steel_36,assets/m4_countersunk_hex_drive_screw__12mm_l__alloy_steel.stl,catalog_fasteners_and_hardware,0.001260631712756462,1.3071499483891372e-06,-1.5416236810459482e-06,0.0013992482363803789,-0.10963191331483797,-0.005904427277302267,0.056899248236380505,1.9934775719197283e-08,-2.4139495512187986e-13,5.82444153114141e-12,1.993508866533806e-08,3.3908308811489356e-12,4.55106215119668e-09,1.6043677305767166e-07,7857.498556788518,,True,183ba2d51794062291350ece
116,m4_countersunk_hex_drive_screw__12mm_l__alloy_steel_37,assets/m4_countersunk_hex_drive_screw__12mm_l__alloy_steel.stl,catalog_fasteners_and_hardware,0.001260631712756462,1.3071499483891372e-06,-1.5416236810459482e-06,0.0013992482363803789,-0.09041652300566454,-0.19390442727730225,0.056899248236380505,1.9934775719197283e-08,-2.4139495512187986e-13,5.82444153114141e-12,1.993508866533806e-08,3.3908308811489356e-12,4.55106215119668e-09,1.6043677305767166e-07,7857.498556788518,,True,183ba2d51794062291350ece
117,m4_countersunk_hex_drive_screw__12mm_l__alloy_steel_38,assets/m4_countersunk_hex_drive_screw__12mm_l__alloy_steel.stl,catalog_fasteners_and_hardware,0.001260631712756462,1.3071499483891372e-06,-1.5416236810459482e-06,0.0013992482363803789,-0.12002421816025123,-0.011904427277302272,0.056899248236380505,1.9934775719197283e-08,-2.4139495512187986e-13,5.82444153114141e-12,1.993508866533806e-08,3.3908308811489356e-12,4.55106215119668e-09,1.6043677305767166e-07,7857.498556788518,,True,183ba2d51794062291350ece
118,m4_countersunk_hex_drive_screw__12mm_l__alloy_steel_39,assets/m4_countersunk_hex_drive_screw__12mm_l__alloy_steel.stl,catalog_fasteners_and_hardware,0.001260631712756462,1.3071499483891372e-06,-1.5416236810459482e-06,0.0013992482363803789,0.035975781839748845,-0.18590442727730214,0.056899248236380505,1.9934775719197283e-08,-2.4139495512187986e-13,5.82444153114141e-12,1.993508866533806e-08,3.3908308811489356e-12,4.55106215119668e-09,1.6043677305767166e-07,7857.498556788518,,True,183ba2d51794062291350ece
119,m4_countersunk_hex_drive_screw__12mm_l__alloy_steel_40,assets/m4_countersunk_hex_drive_screw__12mm_l__alloy_steel.stl,catalog_fasteners_and_hardware,0.001260631712756462,1.3071499483891372e-06,-1.5416236810459482e-06,0.0013992482363803789,-0.06963191331483813,0.20609557272269763,0.056899248236380505,1.9934775719197283e-08,-2.4139495512187986e-13,5.82444153114141e-12,1.993508866533806e-08,3.3908308811489356e-12,4.55106215119668e-09,1.6043677305767166e-07,7857.498556788518,,True,183ba2d51794062291350ece
120,m4_countersunk_hex_drive_screw__12mm_l__alloy_steel_41,assets/m4_countersunk_hex_drive_screw__12mm_l__alloy_steel.stl,catalog_fasteners_and_hardware,0.001260631712756462,1.3071499483891372e-06,-1.5416236810459482e-06,0.0013992482363803789,0.13036808668516203,-0.005904427277302267,0.056899248236380505,1.9934775719197283e-08,-2.4139495512187986e-13,5.82444153114141e-12,1.993508866533806e-08,3.3908308811489356e-12,4.55106215119668e-09,1.6043677305767166e-07,7857.498556788518,,True,183ba2d51794062291350ece
121,m4_countersunk_hex_drive_screw__12mm_l__alloy_steel_42,assets/m4_countersunk_hex_drive_screw__12mm_l__alloy_steel.stl,catalog_fasteners_and_hardware,0.001260631712756462,1.3071499483891372e-06,-1.5416236810459482e-06,0.0013992482363803789,-0.0972779689011085,0.0424405458281117,0.056899248236380505,1.9934775719197283e-08,-2.4139495512187986e-13,5.82444153114141e-12,1.993508866533806e-08,3.3908308811489356e-12,4.55106215119668e-09,1.6043677305767166e-07,7857.498556788518,,True,183ba2d51794062291350ece
122,m4_countersunk_hex_drive_screw__12mm_l__alloy_steel_43,assets/m4_countersunk_hex_drive_screw__12mm_l__alloy_steel.stl,catalog_fasteners_and_hardware,0.001260631712756462,1.3071499483891372e-06,-1.5416236810459482e-06,0.0013992482363803789,0.0903680866851621,-0.20590442727730227,0.056899248236380505,1.9934775719197283e-08,-2.4139495512187986e-13,5.82444153114141e-12,1.993508866533806e-08,3.3908308811489356e-12,4.55106215119668e-09,1.6043677305767166e-07,7857.498556788518,,True,183ba2d51794062291350ece
123,m4_countersunk_hex_drive_screw__12mm_l__alloy_steel_44,assets/m4_countersunk_hex_drive_screw__12mm_l__alloy_steel.stl,catalog_fasteners_and_hardware,0.001260631712756462,1.3071499483891372e-06,-1.5416236810459482e-06,0.0013992482363803789,0.13036808668516203,0.006095572722697743,0.056899248236380505,1.9934775719197283e-08,-2.4139495512187986e-13,5.82444153114141e-12,1.993508866533806e-08,3.3908308811489356e-12,4.55106215119668e-09,1.6043677305767166e-07,7857.498556788518,,True,183ba2d51794062291350ece
124,m4_countersunk_hex_drive_screw__12mm_l__alloy_steel_45,assets/m4_countersunk_hex_drive_screw__12mm_l__alloy_steel.stl,catalog_fasteners_and_hardware,0.001260631712756462,1.3071499483891372e-06,-1.5416236810459482e-06,0.0013992482363803789,0.11997578183974876,0.01209557272269775,0.056899248236380505,1.9934775719197283e-08,-2.4139495512187986e-13,5.82444153114141e-12,1.993508866533806e-08,3.3908308811489356e-12,4.55106215119668e-09,1.6043677305767166e-07,7857.498556788518,,True,183ba2d51794062291350ece
125,m4_countersunk_hex_drive_screw__12mm_l__alloy_steel_46,assets/m4_countersunk_hex_drive_screw__12mm_l__alloy_steel.stl,catalog_fasteners_and_hardware,0.001260631712756462,1.3071499483891372e-06,-1.5416236810459482e-06,0.0013992482363803789,-0.03602421816025116,0.18609557272269758,0.056899248236380505,1.9934775719197283e-08,-2.4139495512187986e-13,5.82444153114141e-12,1.993508866533806e-08,3.3908308811489356e-12,4.55106215119668e-09,1.6043677305767166e-07,7857.498556788518,,True,183ba2d51794062291350ece
126,m4_countersunk_hex_drive_screw__12mm_l__alloy_steel_47,assets/m4_countersunk_hex_drive_screw__12mm_l__alloy_steel.stl,catalog_fasteners_and_hardware,0.001260631712756462,1.3071499483891372e-06,-1.5416236810459482e-06,0.0013992482363803789,-0.06963191331483802,-0.19390442727730225,0.056899248236380505,1.9934775719197283e-08,-2.4139495512187986e-13,5.82444153114141e-12,1.993508866533806e-08,3.3908308811489356e-12,4.55106215119668e-09,1.6043677305767166e-07,7857.498556788518,,True,183ba2d51794062291350ece
127,m4_countersunk_hex_drive_screw__12mm_l__alloy_steel_48,assets/m4_countersunk_hex_drive_screw__12mm_l__alloy_steel.stl,catalog_fasteners_and_hardware,0.001260631712756462,1.3071499483891372e-06,-1.5416236810459482e-06,0.0013992482363803789,0.07997578183974884,-0.21190442727730227,0.056899248236380505,1.9934775719197283e-08,-2.4139495512187986e-13,5.82444153114141e-12,1.993508866533806e-08,3.3908308811489356e-12,4.55106215119668e-09,1.6043677305767166e-07,7857.498556788518,,True,183ba2d51794062291350ece
128,standoff_plate_6,assets/standoff_plate.stl,custom_robot_structure,0.09569771578849694,-2.49157010928973e-07,-0.021955755899188436,2.823825714075806e-08,-0.0990008874933213,0.09989568238377715,0.028250028238257237,4.453556615589061e-05,4.649043086760392e-10,8.180599629376077e-10,0.00018749413161236667,-7.3537526215607e-11,0.00015199050538280298,3.5700276773075596e-05,2680.5875034747673,,True,881b01051a1ec5c958bf7768
129,pem_m4_self_clinching_nut__300_ss_21,assets/pem_m4_self_clinching_nut__300_ss.stl,catalog_fasteners_and_hardware,0.0008355363884781723,0.0019670757575096427,-1.6173730124900373e-07,5.2308822207170976e-08,-0.09727944490613302,0.042442067878067286,0.05273792424249046,6.9682596864700805e-09,-1.9802899489392358e-13,-5.965832925689283e-14,4.099050647002325e-09,7.713958387517938e-14,4.0983762805777485e-09,1.0630266930926216e-07,7859.975614040126,,True,158ec13e4f19f56723423f84
130,pem_m4_self_clinching_nut__300_ss_22,assets/pem_m4_self_clinching_nut__300_ss.stl,catalog_fasteners_and_hardware,0.0008355363884781723,0.0019670757575096427,-1.6173730124900373e-07,5.2308822207170976e-08,-0.07531412057771206,0.15226704011686126,0.0037620757575097257,6.9682596864700805e-09,-1.9802899489392358e-13,-5.965832925689283e-14,4.099050647002325e-09,7.713958387517938e-14,4.0983762805777485e-09,1.0630266930926216e-07,7859.975614040126,,True,158ec13e4f19f56723423f84
131,pem_m4_self_clinching_nut__300_ss_23,assets/pem_m4_self_clinching_nut__300_ss.stl,catalog_fasteners_and_hardware,0.0008355363884781723,0.0019670757575096427,-1.6173730124900373e-07,5.2308822207170976e-08,-0.09727912771318871,0.04244200443947844,0.0037620757575097118,6.9682596864700805e-09,-1.9802899489392358e-13,-5.965832925689283e-14,4.099050647002325e-09,7.713958387517938e-14,4.0983762805777485e-09,1.0630266930926216e-07,7859.975614040126,,True,158ec13e4f19f56723423f84
132,pem_m4_self_clinching_nut__300_ss_24,assets/pem_m4_self_clinching_nut__300_ss.stl,catalog_fasteners_and_hardware,0.0008355363884781723,0.0019670757575096427,-1.6173730124900373e-07,5.2308822207170976e-08,-0.07531443777065638,0.15226710355545006,0.05273792424249046,6.9682596864700805e-09,-1.9802899489392358e-13,-5.965832925689283e-14,4.099050647002325e-09,7.713958387517938e-14,4.0983762805777485e-09,1.0630266930926216e-07,7859.975614040126,,True,158ec13e4f19f56723423f84
133,m4_countersunk_hex_drive_screw__12mm_l__alloy_steel_49,assets/m4_countersunk_hex_drive_screw__12mm_l__alloy_steel.stl,catalog_fasteners_and_hardware,0.001260631712756462,1.3071499483891372e-06,-1.5416236810459482e-06,0.0013992482363803789,-0.0753129617656317,-0.1520713528127372,-0.0003992482363802045,1.9934775719197283e-08,-2.4139495512187986e-13,5.82444153114141e-12,1.993508866533806e-08,3.3908308811489356e-12,4.55106215119668e-09,1.6043677305767166e-07,7857.498556788518,,True,183ba2d51794062291350ece
134,m4_countersunk_hex_drive_screw__12mm_l__alloy_steel_50,assets/m4_countersunk_hex_drive_screw__12mm_l__alloy_steel.stl,catalog_fasteners_and_hardware,0.001260631712756462,1.3071499483891372e-06,-1.5416236810459482e-06,0.0013992482363803789,0.035975781839748845,-0.18590134402994007,-0.0003992482363802045,1.9934775719197283e-08,-2.4139495512187986e-13,5.82444153114141e-12,1.993508866533806e-08,3.3908308811489356e-12,4.55106215119668e-09,1.6043677305767166e-07,7857.498556788518,,True,183ba2d51794062291350ece
135,m4_countersunk_hex_drive_screw__12mm_l__alloy_steel_51,assets/m4_countersunk_hex_drive_screw__12mm_l__alloy_steel.stl,catalog_fasteners_and_hardware,0.001260631712756462,1.3071499483891372e-06,-1.5416236810459482e-06,0.0013992482363803789,0.035975781839748845,0.18609865597005998,-0.0003992482363802045,1.9934775719197283e-08,-2.4139495512187986e-13,5.82444153114141e-12,1.993508866533806e-08,3.3908308811489356e-12,4.55106215119668e-09,1.6043677305767166e-07,7857.498556788518,,True,183ba2d51794062291350ece
136,m4_countersunk_hex_drive_screw__12mm_l__alloy_steel_52,assets/m4_countersunk_hex_drive_screw__12mm_l__alloy_steel.stl,catalog_fasteners_and_hardware,0.001260631712756462,1.3071499483891372e-06,-1.5416236810459482e-06,0.0013992482363803789,0.07526452544512945,0.1522686647528571,-0.0003992482363802045,1.9934775719197283e-08,-2.4139495512187986e-13,5.82444153114141e-12,1.993508866533806e-08,3.3908308811489356e-12,4.55106215119668e-09,1.6043677305767166e-07,7857.498556788518,,True,183ba2d51794062291350ece
137,m4_countersunk_hex_drive_screw__12mm_l__alloy_steel_53,assets/m4_countersunk_hex_drive_screw__12mm_l__alloy_steel.stl,catalog_fasteners_and_hardware,0.001260631712756462,1.3071499483891372e-06,-1.5416236810459482e-06,0.0013992482363803789,-0.09727796890110839,-0.04224631713535406,-0.0003992482363802045,1.9934775719197283e-08,-2.4139495512187986e-13,5.82444153114141e-12,1.993508866533806e-08,3.3908308811489356e-12,4.55106215119668e-09,1.6043677305767166e-07,7857.498556788518,,True,183ba2d51794062291350ece
138,m4_countersunk_hex_drive_screw__12mm_l__alloy_steel_54,assets/m4_countersunk_hex_drive_screw__12mm_l__alloy_steel.stl,catalog_fasteners_and_hardware,0.001260631712756462,1.3071499483891372e-06,-1.5416236810459482e-06,0.0013992482363803789,0.09722953258060603,0.04244362907547391,-0.0003992482363802045,1.9934775719197283e-08,-2.4139495512187986e-13,5.82444153114141e-12,1.993508866533806e-08,3.3908308811489356e-12,4.55106215119668e-09,1.6043677305767166e-07,7857.498556788518,,True,183ba2d51794062291350ece
139,m4_countersunk_hex_drive_screw__12mm_l__alloy_steel_55,assets/m4_countersunk_hex_drive_screw__12mm_l__alloy_steel.stl,catalog_fasteners_and_hardware,0.001260631712756462,1.3071499483891372e-06,-1.5416236810459482e-06,0.0013992482363803789,0.07526452544512945,-0.15207135281273715,-0.0003992482363802045,1.9934775719197283e-08,-2.4139495512187986e-13,5.82444153114141e-12,1.993508866533806e-08,3.3908308811489356e-12,4.55106215119668e-09,1.6043677305767166e-07,7857.498556788518,,True,183ba2d51794062291350ece
140,m4_countersunk_hex_drive_screw__12mm_l__alloy_steel_56,assets/m4_countersunk_hex_drive_screw__12mm_l__alloy_steel.stl,catalog_fasteners_and_hardware,0.001260631712756462,1.3071499483891372e-06,-1.5416236810459482e-06,0.0013992482363803789,-0.036024218160251094,0.18609865597005998,-0.0003992482363802045,1.9934775719197283e-08,-2.4139495512187986e-13,5.82444153114141e-12,1.993508866533806e-08,3.3908308811489356e-12,4.55106215119668e-09,1.6043677305767166e-07,7857.498556788518,,True,183ba2d51794062291350ece
141,m4_countersunk_hex_drive_screw__12mm_l__alloy_steel_57,assets/m4_countersunk_hex_drive_screw__12mm_l__alloy_steel.stl,catalog_fasteners_and_hardware,0.001260631712756462,1.3071499483891372e-06,-1.5416236810459482e-06,0.0013992482363803789,-0.09727796890110839,0.04244362907547399,-0.0003992482363802045,1.9934775719197283e-08,-2.4139495512187986e-13,5.82444153114141e-12,1.993508866533806e-08,3.3908308811489356e-12,4.55106215119668e-09,1.6043677305767166e-07,7857.498556788518,,True,183ba2d51794062291350ece
142,m4_countersunk_hex_drive_screw__12mm_l__alloy_steel_58,assets/m4_countersunk_hex_drive_screw__12mm_l__alloy_steel.stl,catalog_fasteners_and_hardware,0.001260631712756462,1.3071499483891372e-06,-1.5416236810459482e-06,0.0013992482363803789,-0.036024218160251094,-0.18590134402994007,-0.0003992482363802045,1.9934775719197283e-08,-2.4139495512187986e-13,5.82444153114141e-12,1.993508866533806e-08,3.3908308811489356e-12,4.55106215119668e-09,1.6043677305767166e-07,7857.498556788518,,True,183ba2d51794062291350ece
143,m4_countersunk_hex_drive_screw__12mm_l__alloy_steel_59,assets/m4_countersunk_hex_drive_screw__12mm_l__alloy_steel.stl,catalog_fasteners_and_hardware,0.001260631712756462,1.3071499483891372e-06,-1.5416236810459482e-06,0.0013992482363803789,-0.0753129617656317,0.15226866475285716,-0.0003992482363802045,1.9934775719197283e-08,-2.4139495512187986e-13,5.82444153114141e-12,1.993508866533806e-08,3.3908308811489356e-12,4.55106215119668e-09,1.6043677305767166e-07,7857.498556788518,,True,183ba2d51794062291350ece
144,m4_countersunk_hex_drive_screw__12mm_l__alloy_steel_60,assets/m4_countersunk_hex_drive_screw__12mm_l__alloy_steel.stl,catalog_fasteners_and_hardware,0.001260631712756462,1.3071499483891372e-06,-1.5416236810459482e-06,0.0013992482363803789,0.09722953258060603,-0.04224631713535398,-0.0003992482363802045,1.9934775719197283e-08,-2.4139495512187986e-13,5.82444153114141e-12,1.993508866533806e-08,3.3908308811489356e-12,4.55106215119668e-09,1.6043677305767166e-07,7857.498556788518,,True,183ba2d51794062291350ece
145,m3_low_profile_socket_head_screw__5mm_l__hs_steel_4,assets/m3_low_profile_socket_head_screw__5mm_l__hs_steel.stl,catalog_fasteners_and_hardware,0.0005661645150078846,2.8649982787048754e-07,5.711460076281225e-07,0.0011258481258300179,0.23357895598229098,-0.031289527643577786,0.0838057988382884,2.8989254502074083e-09,-1.9835192503100982e-13,8.664747465795595e-13,2.8988875603361707e-09,1.0555987376104463e-12,1.5916375087936923e-09,7.203356940451148e-08,7859.731506966328,,True,89113c13c1904d01ede0bcb9
146,tibia_2,assets/tibia.stl,custom_robot_structure,0.08511844308625288,0.05251023543884735,-0.00015638787838327317,1.2340751762384689e-05,0.2663070230491233,-0.0007168209488981795,0.04092362451271997,4.375589318879602e-05,-7.035370235705769e-07,-7.442691414315737e-08,0.0001606627800562551,8.814839801418204e-11,0.0001861088849276181,7.209497232898907e-05,1180.6432589755934,,True,881b01051a1ec5c958bf7768
147,m4_low_profile_socket_head_screw__8mm_l__18_8_ss_3,assets/m4_low_profile_socket_head_screw__8mm_l__18_8_ss.stl,catalog_fasteners_and_hardware,0.0014360273543625498,5.993079289022729e-07,2.427383866312977e-07,0.001566162698562903,0.21845700787877,0.029871050478438608,0.06539430180208276,1.6920964131490878e-08,4.194975610991509e-15,1.993992270223131e-12,1.691956690952173e-08,-8.190885933173142e-12,6.1975505898616726e-09,1.7863835505454422e-07,8038.740358553364,,True,8af10677b2501bd9ce00a5d0
148,m3_low_profile_socket_head_screw__6mm_l__18_8_ss_3,assets/m3_low_profile_socket_head_screw__6mm_l__18_8_ss.stl,catalog_fasteners_and_hardware,0.0006211045207284469,4.496378366916472e-07,-1.2212095659441424e-06,0.0012212185740947546,0.21234051007380067,-0.01781933066670109,0.050664694280148075,4.105658746996272e-09,1.4206308788657533e-13,6.147111898853524e-13,4.105736470004493e-09,-1.4886537407071392e-12,1.6477516864587332e-09,7.726007294857367e-08,8039.139713754482,,True,c897f71ee271aedb99169257
149,m3_low_profile_socket_head_screw__8mm_l__18_8_ss_3,assets/m3_low_profile_socket_head_screw__8mm_l__18_8_ss.stl,catalog_fasteners_and_hardware,0.0007121385343213328,1.365164413103961e-07,-9.514396309709326e-07,0.0014296486293970238,0.23844700122892518,0.024526658253290604,0.09130101297782936,7.223101107201562e-09,-1.5177735830262759e-13,3.034937396020729e-13,7.2232380572592355e-09,-9.839310460762436e-13,1.7322118524543106e-09,8.856662721258969e-08,8040.7096525417055,,True,626346dce1edef09e7e90546
150,tibia_attatchment_plate_2,assets/tibia_attatchment_plate.stl,custom_robot_structure,0.01944394183095705,4.297424054058914e-11,0.00022989874860042132,-0.01562501784303253,0.2160241361474372,-0.0005643862261690199,0.06648001025928228,1.4022114864338907e-05,6.085015014845132e-12,-1.599474883983234e-14,7.939308607589639e-06,5.756206300309741e-08,1.1741016064472803e-05,7.253160091718464e-06,2680.7545380334036,,True,881b01051a1ec5c958bf7768
151,m4_low_profile_socket_head_screw__8mm_l__18_8_ss_4,assets/m4_low_profile_socket_head_screw__8mm_l__18_8_ss.stl,catalog_fasteners_and_hardware,0.0014360273543625498,5.993079289022729e-07,2.427383866312977e-07,0.001566162698562903,0.1784188172603127,0.02908295246087036,0.0358165568688596,1.6920964131490878e-08,4.194975610991509e-15,1.993992270223131e-12,1.691956690952173e-08,-8.190885933173142e-12,6.1975505898616726e-09,1.7863835505454422e-07,8038.740358553364,,True,8af10677b2501bd9ce00a5d0
152,m3_low_profile_socket_head_screw__5mm_l__hs_steel_5,assets/m3_low_profile_socket_head_screw__5mm_l__hs_steel.stl,catalog_fasteners_and_hardware,0.0005661645150078846,2.8649982787048754e-07,5.711460076281225e-07,0.0011258481258300179,0.15952699193883055,-0.029988765101258176,0.020682962740302496,2.8989254502074083e-09,-1.9835192503100982e-13,8.664747465795595e-13,2.8988875603361707e-09,1.0555987376104463e-12,1.5916375087936923e-09,7.203356940451148e-08,7859.731506966328,,True,89113c13c1904d01ede0bcb9
153,first_joint_spacer_2,assets/first_joint_spacer.stl,custom_robot_structure,0.029604287638934565,-0.07528846876523622,-5.998641686327542e-08,0.026191582913096083,0.19526218363972045,-0.0002411312604771249,0.02834158291308685,1.0116277923414245e-05,-1.8903187368797014e-12,3.6929661526647424e-09,7.926019954167669e-06,1.7192808117943931e-12,3.575676126939105e-06,2.2774971458834826e-05,1299.860581272014,,True,881b01051a1ec5c958bf7768
154,first_joint_top_2,assets/first_joint_top.stl,custom_robot_structure,0.013528033696840042,-0.034448865166335454,-0.00010632703242219058,0.05140000010591899,0.15442251429689882,-0.00016400615070651299,0.053549999894073975,1.949691577713728e-06,6.104030014648082e-09,5.2651174738664144e-14,1.220231381292786e-05,1.424196906923533e-14,1.4146233372538587e-05,5.04687121980329e-06,2680.4792727339136,,True,881b01051a1ec5c958bf7768
155,m3_low_profile__socket_head_shoulder_screw__45mm_shoulder_l__4mm_l__18_8_ss_3,assets/m3_low_profile__socket_head_shoulder_screw__45mm_shoulder_l__4mm_l__18_8_ss.stl,catalog_fasteners_and_hardware,0.004999074730322696,1.0903489553075524e-07,-1.3806451846255144e-07,-0.023445502853974294,0.19657349038628422,-0.011397058110685754,0.032904497146018195,1.0657652779482982e-06,-1.4116363154113505e-12,1.3696727603084747e-11,1.0657655061472457e-06,-1.6645508976223764e-11,1.084709485988834e-08,6.359283189814866e-07,7861.06638296797,,True,baa40c320d5b37dfcd3ea0d1
156,m3_low_profile__socket_head_shoulder_screw__45mm_shoulder_l__4mm_l__18_8_ss_4,assets/m3_low_profile__socket_head_shoulder_screw__45mm_shoulder_l__4mm_l__18_8_ss.stl,catalog_fasteners_and_hardware,0.004999074730322696,1.0903489553075524e-07,-1.3806451846255144e-07,-0.023445502853974294,0.19667369450572267,0.010902716756663839,0.03290449714601817,1.0657652779482982e-06,-1.4116363154113505e-12,1.3696727603084747e-11,1.0657655061472457e-06,-1.6645508976223764e-11,1.084709485988834e-08,6.359283189814866e-07,7861.06638296797,,True,baa40c320d5b37dfcd3ea0d1
157,m3_low_profile_socket_head_screw__6mm_l__18_8_ss_4,assets/m3_low_profile_socket_head_screw__6mm_l__18_8_ss.stl,catalog_fasteners_and_hardware,0.0006211045207284469,4.496378366916472e-07,-1.2212095659441424e-06,0.0012212185740947546,0.13458041801333065,-0.014639910130120686,0.053571218574087746,4.105658746996272e-09,1.4206308788657533e-13,6.147111898853524e-13,4.105736470004493e-09,-1.4886537407071392e-12,1.6477516864587332e-09,7.726007294857367e-08,8039.139713754482,,True,c897f71ee271aedb99169257
158,m3_low_profile_socket_head_screw__8mm_l__18_8_ss_4,assets/m3_low_profile_socket_head_screw__8mm_l__18_8_ss.stl,catalog_fasteners_and_hardware,0.0007121385343213328,1.365164413103961e-07,-9.514396309709326e-07,0.0014296486293970238,0.17961538115121753,0.024359013990632634,0.04612785363952352,7.223101107201562e-09,-1.5177735830262759e-13,3.034937396020729e-13,7.2232380572592355e-09,-9.839310460762436e-13,1.7322118524543106e-09,8.856662721258969e-08,8040.7096525417055,,True,626346dce1edef09e7e90546
159,m3_low_profile_socket_head_screw__5mm_l__hs_steel_6,assets/m3_low_profile_socket_head_screw__5mm_l__hs_steel.stl,catalog_fasteners_and_hardware,0.0005661645150078846,2.8649982787048754e-07,5.711460076281225e-07,0.0011258481258300179,-0.15423987629970537,0.29202050417155356,0.06317151503254413,2.8989254502074083e-09,-1.9835192503100982e-13,8.664747465795595e-13,2.8988875603361707e-09,1.0555987376104463e-12,1.5916375087936923e-09,7.203356940451148e-08,7859.731506966328,,True,89113c13c1904d01ede0bcb9
160,tibia_3,assets/tibia.stl,custom_robot_structure,0.08511844308625288,0.05251023543884735,-0.00015638787838327317,1.2340751762384689e-05,-0.215318298857874,0.2983501404465955,0.07177730644820146,4.375589318879602e-05,-7.035370235705769e-07,-7.442691414315737e-08,0.0001606627800562551,8.814839801418204e-11,0.0001861088849276181,7.209497232898907e-05,1180.6432589755934,,True,881b01051a1ec5c958bf7768
161,m4_low_profile_socket_head_screw__8mm_l__18_8_ss_5,assets/m4_low_profile_socket_head_screw__8mm_l__18_8_ss.stl,catalog_fasteners_and_hardware,0.0014360273543625498,5.993079289022729e-07,2.427383866312977e-07,0.001566162698562903,-0.19738948800862247,0.247843970368604,0.0409270162900331,1.6920964131490878e-08,4.194975610991509e-15,1.993992270223131e-12,1.691956690952173e-08,-8.190885933173142e-12,6.1975505898616726e-09,1.7863835505454422e-07,8038.740358553364,,True,8af10677b2501bd9ce00a5d0
162,m3_low_profile_socket_head_screw__6mm_l__18_8_ss_5,assets/m3_low_profile_socket_head_screw__6mm_l__18_8_ss.stl,catalog_fasteners_and_hardware,0.0006211045207284469,4.496378366916472e-07,-1.2212095659441424e-06,0.0012212185740947546,-0.14871020365742652,0.27149436919812503,0.03428249333061186,4.105658746996272e-09,1.4206308788657533e-13,6.147111898853524e-13,4.105736470004493e-09,-1.4886537407071392e-12,1.6477516864587332e-09,7.726007294857367e-08,8039.139713754482,,True,c897f71ee271aedb99169257
163,m3_low_profile_socket_head_screw__8mm_l__18_8_ss_5,assets/m3_low_profile_socket_head_screw__8mm_l__18_8_ss.stl,catalog_fasteners_and_hardware,0.0007121385343213328,1.365164413103961e-07,-9.514396309709326e-07,0.0014296486293970238,-0.20468531968812811,0.25962152343363204,0.06346920219177205,7.223101107201562e-09,-1.5177735830262759e-13,3.034937396020729e-13,7.2232380572592355e-09,-9.839310460762436e-13,1.7322118524543106e-09,8.856662721258969e-08,8040.7096525417055,,True,626346dce1edef09e7e90546
164,tibia_attatchment_plate_3,assets/tibia_attatchment_plate.stl,custom_robot_structure,0.01944394183095705,4.297424054058914e-11,0.00022989874860042132,-0.01562501784303253,-0.16600837581004016,0.26270121465743507,0.04787955557280783,1.4022114864338907e-05,6.085015014845132e-12,-1.599474883983234e-14,7.939308607589639e-06,5.756206300309741e-08,1.1741016064472803e-05,7.253160091718464e-06,2680.7545380334036,,True,881b01051a1ec5c958bf7768
165,m4_low_profile_socket_head_screw__8mm_l__18_8_ss_6,assets/m4_low_profile_socket_head_screw__8mm_l__18_8_ss.stl,catalog_fasteners_and_hardware,0.0014360273543625498,5.993079289022729e-07,2.427383866312977e-07,0.001566162698562903,-0.14605765172798382,0.2118342993551317,0.03213479104986671,1.6920964131490878e-08,4.194975610991509e-15,1.993992270223131e-12,1.691956690952173e-08,-8.190885933173142e-12,6.1975505898616726e-09,1.7863835505454422e-07,8038.740358553364,,True,8af10677b2501bd9ce00a5d0
166,m3_low_profile_socket_head_screw__5mm_l__hs_steel_7,assets/m3_low_profile_socket_head_screw__5mm_l__hs_steel.stl,catalog_fasteners_and_hardware,0.0005661645150078846,2.8649982787048754e-07,5.711460076281225e-07,0.0011258481258300179,-0.09295619370701926,0.24640671508794837,0.024364477194551055,2.8989254502074083e-09,-1.9835192503100982e-13,8.664747465795595e-13,2.8988875603361707e-09,1.0555987376104463e-12,1.5916375087936923e-09,7.203356940451148e-08,7859.731506966328,,True,89113c13c1904d01ede0bcb9
167,first_joint_spacer_3,assets/first_joint_spacer.stl,custom_robot_structure,0.029604287638934565,-0.07528846876523622,-5.998641686327542e-08,0.026191582913096083,-0.14098575333320004,0.24428086846937255,0.028341582913086947,1.0116277923414245e-05,-1.8903187368797014e-12,3.6929661526647424e-09,7.926019954167669e-06,1.7192808117943931e-12,3.575676126939105e-06,2.2774971458834826e-05,1299.860581272014,,True,881b01051a1ec5c958bf7768
168,first_joint_top_3,assets/first_joint_top.stl,custom_robot_structure,0.013528033696840042,-0.034448865166335454,-0.00010632703242219058,0.05140000010591899,-0.10785596952948626,0.22039987256400395,0.05354999989407399,1.949691577713728e-06,6.104030014648082e-09,5.2651174738664144e-14,1.220231381292786e-05,1.424196906923533e-14,1.4146233372538587e-05,5.04687121980329e-06,2680.4792727339136,,True,881b01051a1ec5c958bf7768
169,m3_low_profile__socket_head_shoulder_screw__45mm_shoulder_l__4mm_l__18_8_ss_5,assets/m3_low_profile__socket_head_shoulder_screw__45mm_shoulder_l__4mm_l__18_8_ss.stl,catalog_fasteners_and_hardware,0.004999074730322696,1.0903489553075524e-07,-1.3806451846255144e-07,-0.023445502853974294,-0.13554463602600753,0.25410779432236663,0.03290449714601821,1.0657652779482982e-06,-1.4116363154113505e-12,1.3696727603084747e-11,1.0657655061472457e-06,-1.6645508976223764e-11,1.084709485988834e-08,6.359283189814866e-07,7861.06638296797,,True,baa40c320d5b37dfcd3ea0d1
170,m3_low_profile__socket_head_shoulder_screw__45mm_shoulder_l__4mm_l__18_8_ss_6,assets/m3_low_profile__socket_head_shoulder_screw__45mm_shoulder_l__4mm_l__18_8_ss.stl,catalog_fasteners_and_hardware,0.004999074730322696,1.0903489553075524e-07,-1.3806451846255144e-07,-0.023445502853974294,-0.14863161755478468,0.23605174507383328,0.03290449714601818,1.0657652779482982e-06,-1.4116363154113505e-12,1.3696727603084747e-11,1.0657655061472457e-06,-1.6645508976223764e-11,1.084709485988834e-08,6.359283189814866e-07,7861.06638296797,,True,baa40c320d5b37dfcd3ea0d1
171,m3_low_profile_socket_head_screw__6mm_l__18_8_ss_6,assets/m3_low_profile_socket_head_screw__6mm_l__18_8_ss.stl,catalog_fasteners_and_hardware,0.0006211045207284469,4.496378366916472e-07,-1.2212095659441424e-06,0.0012212185740947546,-0.08329531629634329,0.22058667114241595,0.05357121857408774,4.105658746996272e-09,1.4206308788657533e-13,6.147111898853524e-13,4.105736470004493e-09,-1.4886537407071392e-12,1.6477516864587332e-09,7.726007294857367e-08,8039.139713754482,,True,c897f71ee271aedb99169257
172,m3_low_profile_socket_head_screw__8mm_l__18_8_ss_6,assets/m3_low_profile_socket_head_screw__8mm_l__18_8_ss.stl,catalog_fasteners_and_hardware,0.0007121385343213328,1.365164413103961e-07,-9.514396309709326e-07,0.0014296486293970238,-0.14262278376542226,0.21517228372442357,0.04612785363952362,7.223101107201562e-09,-1.5177735830262759e-13,3.034937396020729e-13,7.2232380572592355e-09,-9.839310460762436e-13,1.7322118524543106e-09,8.856662721258969e-08,8040.7096525417055,,True,626346dce1edef09e7e90546
173,m3_low_profile_socket_head_screw__5mm_l__hs_steel_8,assets/m3_low_profile_socket_head_screw__5mm_l__hs_steel.stl,catalog_fasteners_and_hardware,0.0005661645150078846,2.8649982787048754e-07,5.711460076281225e-07,0.0011258481258300179,-0.18103932266096584,-0.24968417371488347,0.08638734281377429,2.8989254502074083e-09,-1.9835192503100982e-13,8.664747465795595e-13,2.8988875603361707e-09,1.0555987376104463e-12,1.5916375087936923e-09,7.203356940451148e-08,7859.731506966328,,True,89113c13c1904d01ede0bcb9
174,tibia_4,assets/tibia.stl,custom_robot_structure,0.08511844308625288,0.05251023543884735,-0.00015638787838327317,1.2340751762384689e-05,-0.19699615152634417,-0.30555975191009355,0.0647541040971507,4.375589318879602e-05,-7.035370235705769e-07,-7.442691414315737e-08,0.0001606627800562551,8.814839801418204e-11,0.0001861088849276181,7.209497232898907e-05,1180.6432589755934,,True,881b01051a1ec5c958bf7768
175,m4_low_profile_socket_head_screw__8mm_l__18_8_ss_7,assets/m4_low_profile_socket_head_screw__8mm_l__18_8_ss.stl,catalog_fasteners_and_hardware,0.0014360273543625498,5.993079289022729e-07,2.427383866312977e-07,0.001566162698562903,-0.13670342866346546,-0.2919554710972607,0.06281323042683598,1.6920964131490878e-08,4.194975610991509e-15,1.993992270223131e-12,1.691956690952173e-08,-8.190885933173142e-12,6.1975505898616726e-09,1.7863835505454422e-07,8038.740358553364,,True,8af10677b2501bd9ce00a5d0
176,m3_low_profile_socket_head_screw__6mm_l__18_8_ss_7,assets/m3_low_profile_socket_head_screw__6mm_l__18_8_ss.stl,catalog_fasteners_and_hardware,0.0006211045207284469,4.496378366916472e-07,-1.2212095659441424e-06,0.0012212185740947546,-0.16031047130986525,-0.24896214512922255,0.05066469428013742,4.105658746996272e-09,1.4206308788657533e-13,6.147111898853524e-13,4.105736470004493e-09,-1.4886537407071392e-12,1.6477516864587332e-09,7.726007294857367e-08,8039.139713754482,,True,c897f71ee271aedb99169257
177,m3_low_profile_socket_head_screw__8mm_l__18_8_ss_7,assets/m3_low_profile_socket_head_screw__8mm_l__18_8_ss.stl,catalog_fasteners_and_hardware,0.0007121385343213328,1.365164413103961e-07,-9.514396309709326e-07,0.0014296486293970238,-0.15103061603834728,-0.29783561384369855,0.091301012977812,7.223101107201562e-09,-1.5177735830262759e-13,3.034937396020729e-13,7.2232380572592355e-09,-9.839310460762436e-13,1.7322118524543106e-09,8.856662721258969e-08,8040.7096525417055,,True,626346dce1edef09e7e90546
178,tibia_attatchment_plate_4,assets/tibia_attatchment_plate.stl,custom_robot_structure,0.01944394183095705,4.297424054058914e-11,0.00022989874860042132,-0.01562501784303253,-0.15139426499887276,-0.26418723868282923,0.06648001025927051,1.4022114864338907e-05,6.085015014845132e-12,-1.599474883983234e-14,7.939308607589639e-06,5.756206300309741e-08,1.1741016064472803e-05,7.253160091718464e-06,2680.7545380334036,,True,881b01051a1ec5c958bf7768
179,m4_low_profile_socket_head_screw__8mm_l__18_8_ss_8,assets/m4_low_profile_socket_head_screw__8mm_l__18_8_ss.stl,catalog_fasteners_and_hardware,0.0014360273543625498,5.993079289022729e-07,2.427383866312977e-07,0.001566162698562903,-0.1036334523786621,-0.26071888494022377,0.03581655686885645,1.6920964131490878e-08,4.194975610991509e-15,1.993992270223131e-12,1.691956690952173e-08,-8.190885933173142e-12,6.1975505898616726e-09,1.7863835505454422e-07,8038.740358553364,,True,8af10677b2501bd9ce00a5d0
180,m3_low_profile_socket_head_screw__5mm_l__hs_steel_9,assets/m3_low_profile_socket_head_screw__5mm_l__hs_steel.stl,catalog_fasteners_and_hardware,0.0005661645150078846,2.8649982787048754e-07,5.711460076281225e-07,0.0011258481258300179,-0.12951987836678067,-0.20436055078032356,0.020682962740304386,2.8989254502074083e-09,-1.9835192503100982e-13,8.664747465795595e-13,2.8988875603361707e-09,1.0555987376104463e-12,1.5916375087936923e-09,7.203356940451148e-08,7859.731506966328,,True,89113c13c1904d01ede0bcb9
181,first_joint_spacer_4,assets/first_joint_spacer.stl,custom_robot_structure,0.029604287638934565,-0.07528846876523622,-5.998641686327542e-08,0.026191582913096083,-0.1358457383921868,-0.25042473578303565,0.02834158291308748,1.0116277923414245e-05,-1.8903187368797014e-12,3.6929661526647424e-09,7.926019954167669e-06,1.7192808117943931e-12,3.575676126939105e-06,2.2774971458834826e-05,1299.860581272014,,True,881b01051a1ec5c958bf7768
182,first_joint_top_4,assets/first_joint_top.stl,custom_robot_structure,0.013528033696840042,-0.034448865166335454,-0.00010632703242219058,0.05140000010591899,-0.10563789658029021,-0.22294072527909892,0.0535499998940741,1.949691577713728e-06,6.104030014648082e-09,5.2651174738664144e-14,1.220231381292786e-05,1.424196906923533e-14,1.4146233372538587e-05,5.04687121980329e-06,2680.4792727339136,,True,881b01051a1ec5c958bf7768
183,m3_low_profile__socket_head_shoulder_screw__45mm_shoulder_l__4mm_l__18_8_ss_7,assets/m3_low_profile__socket_head_shoulder_screw__45mm_shoulder_l__4mm_l__18_8_ss.stl,catalog_fasteners_and_hardware,0.004999074730322696,1.0903489553075524e-07,-1.3806451846255144e-07,-0.023445502853974294,-0.14433719971392894,-0.24307155185413595,0.0329044971460187,1.0657652779482982e-06,-1.4116363154113505e-12,1.3696727603084747e-11,1.0657655061472457e-06,-1.6645508976223764e-11,1.084709485988834e-08,6.359283189814866e-07,7861.06638296797,,True,baa40c320d5b37dfcd3ea0d1
184,m3_low_profile__socket_head_shoulder_screw__45mm_shoulder_l__4mm_l__18_8_ss_8,assets/m3_low_profile__socket_head_shoulder_screw__45mm_shoulder_l__4mm_l__18_8_ss.stl,catalog_fasteners_and_hardware,0.004999074730322696,1.0903489553075524e-07,-1.3806451846255144e-07,-0.023445502853974294,-0.12937293912303116,-0.2596051813699958,0.03290449714601872,1.0657652779482982e-06,-1.4116363154113505e-12,1.3696727603084747e-11,1.0657655061472457e-06,-1.6645508976223764e-11,1.084709485988834e-08,6.359283189814866e-07,7861.06638296797,,True,baa40c320d5b37dfcd3ea0d1
185,m3_low_profile_socket_head_screw__6mm_l__18_8_ss_8,assets/m3_low_profile_socket_head_screw__6mm_l__18_8_ss.stl,catalog_fasteners_and_hardware,0.0006211045207284469,4.496378366916472e-07,-1.2212095659441424e-06,0.0012212185740947546,-0.10074866449733941,-0.1988709103527923,0.05357121857408785,4.105658746996272e-09,1.4206308788657533e-13,6.147111898853524e-13,4.105736470004493e-09,-1.4886537407071392e-12,1.6477516864587332e-09,7.726007294857367e-08,8039.139713754482,,True,c897f71ee271aedb99169257
186,m3_low_profile_socket_head_screw__8mm_l__18_8_ss_8,assets/m3_low_profile_socket_head_screw__8mm_l__18_8_ss.stl,catalog_fasteners_and_hardware,0.0007121385343213328,1.365164413103961e-07,-9.514396309709326e-07,0.0014296486293970238,-0.10770266201336519,-0.25803767387720644,0.04612785363952371,7.223101107201562e-09,-1.5177735830262759e-13,3.034937396020729e-13,7.2232380572592355e-09,-9.839310460762436e-13,1.7322118524543106e-09,8.856662721258969e-08,8040.7096525417055,,True,626346dce1edef09e7e90546
187,m3_low_profile_socket_head_screw__5mm_l__hs_steel_10,assets/m3_low_profile_socket_head_screw__5mm_l__hs_steel.stl,catalog_fasteners_and_hardware,0.0005661645150078846,2.8649982787048754e-07,5.711460076281225e-07,0.0011258481258300179,0.13414808366363942,-0.29942226114689496,0.08622608806539314,2.8989254502074083e-09,-1.9835192503100982e-13,8.664747465795595e-13,2.8988875603361707e-09,1.0555987376104463e-12,1.5916375087936923e-09,7.203356940451148e-08,7859.731506966328,,True,89113c13c1904d01ede0bcb9
188,tibia_5,assets/tibia.stl,custom_robot_structure,0.08511844308625288,0.05251023543884735,-0.00015638787838327317,1.2340751762384689e-05,0.189603613185041,-0.3121760781081191,0.06159435970786674,4.375589318879602e-05,-7.035370235705769e-07,-7.442691414315737e-08,0.0001606627800562551,8.814839801418204e-11,0.0001861088849276181,7.209497232898907e-05,1180.6432589755934,,True,881b01051a1ec5c958bf7768
189,m4_low_profile_socket_head_screw__8mm_l__18_8_ss_9,assets/m4_low_profile_socket_head_screw__8mm_l__18_8_ss.stl,catalog_fasteners_and_hardware,0.0014360273543625498,5.993079289022729e-07,2.427383866312977e-07,0.001566162698562903,0.17365481214251235,-0.25244512268670144,0.062974427463033,1.6920964131490878e-08,4.194975610991509e-15,1.993992270223131e-12,1.691956690952173e-08,-8.190885933173142e-12,6.1975505898616726e-09,1.7863835505454422e-07,8038.740358553364,,True,8af10677b2501bd9ce00a5d0
190,m3_low_profile_socket_head_screw__6mm_l__18_8_ss_9,assets/m3_low_profile_socket_head_screw__6mm_l__18_8_ss.stl,catalog_fasteners_and_hardware,0.0006211045207284469,4.496378366916472e-07,-1.2212095659441424e-06,0.0012212185740947546,0.13211619047603954,-0.27822098681379737,0.05066469428011081,4.105658746996272e-09,1.4206308788657533e-13,6.147111898853524e-13,4.105736470004493e-09,-1.4886537407071392e-12,1.6477516864587332e-09,7.726007294857367e-08,8039.139713754482,,True,c897f71ee271aedb99169257
191,m3_low_profile_socket_head_screw__8mm_l__18_8_ss_9,assets/m3_low_profile_socket_head_screw__8mm_l__18_8_ss.stl,catalog_fasteners_and_hardware,0.0007121385343213328,1.365164413103961e-07,-9.514396309709326e-07,0.0014296486293970238,0.18059217959654453,-0.26704914109184463,0.09130101297776982,7.223101107201562e-09,-1.5177735830262759e-13,3.034937396020729e-13,7.2232380572592355e-09,-9.839310460762436e-13,1.7322118524543106e-09,8.856662721258969e-08,8040.7096525417055,,True,626346dce1edef09e7e90546
192,tibia_attatchment_plate_5,assets/tibia_attatchment_plate.stl,custom_robot_structure,0.01944394183095705,4.297424054058914e-11,0.00022989874860042132,-0.01562501784303253,0.14698334394059573,-0.2687199365267156,0.06648001025924181,1.4022114864338907e-05,6.085015014845132e-12,-1.599474883983234e-14,7.939308607589639e-06,5.756206300309741e-08,1.1741016064472803e-05,7.253160091718464e-06,2680.7545380334036,,True,881b01051a1ec5c958bf7768
193,m4_low_profile_socket_head_screw__8mm_l__18_8_ss_10,assets/m4_low_profile_socket_head_screw__8mm_l__18_8_ss.stl,catalog_fasteners_and_hardware,0.0014360273543625498,5.993079289022729e-07,2.427383866312977e-07,0.001566162698562903,0.14166184385406647,-0.2211299550531198,0.03581655686885122,1.6920964131490878e-08,4.194975610991509e-15,1.993992270223131e-12,1.691956690952173e-08,-8.190885933173142e-12,6.1975505898616726e-09,1.7863835505454422e-07,8038.740358553364,,True,8af10677b2501bd9ce00a5d0
194,m3_low_profile_socket_head_screw__5mm_l__hs_steel_11,assets/m3_low_profile_socket_head_screw__5mm_l__hs_steel.stl,catalog_fasteners_and_hardware,0.0005661645150078846,2.8649982787048754e-07,5.711460076281225e-07,0.0011258481258300179,0.086351896483375,-0.2491866583799356,0.02068296274030997,2.8989254502074083e-09,-1.9835192503100982e-13,8.664747465795595e-13,2.8988875603361707e-09,1.0555987376104463e-12,1.5916375087936923e-09,7.203356940451148e-08,7859.731506966328,,True,89113c13c1904d01ede0bcb9
195,first_joint_spacer_5,assets/first_joint_spacer.stl,custom_robot_structure,0.029604287638934565,-0.07528846876523622,-5.998641686327542e-08,0.026191582913096083,0.132627089654839,-0.2537178990454408,0.028341582913087013,1.0116277923414245e-05,-1.8903187368797014e-12,3.6929661526647424e-09,7.926019954167669e-06,1.7192808117943931e-12,3.575676126939105e-06,2.2774971458834826e-05,1299.860581272014,,True,881b01051a1ec5c958bf7768
196,first_joint_top_5,assets/first_joint_top.stl,custom_robot_structure,0.013528033696840042,-0.034448865166335454,-0.00010632703242219058,0.05140000010591899,0.10399009608611334,-0.22460077110228352,0.05354999989407406,1.949691577713728e-06,6.104030014648082e-09,5.2651174738664144e-14,1.220231381292786e-05,1.424196906923533e-14,1.4146233372538587e-05,5.04687121980329e-06,2680.4792727339136,,True,881b01051a1ec5c958bf7768
197,m3_low_profile__socket_head_shoulder_screw__45mm_shoulder_l__4mm_l__18_8_ss_9,assets/m3_low_profile__socket_head_shoulder_screw__45mm_shoulder_l__4mm_l__18_8_ss.stl,catalog_fasteners_and_hardware,0.004999074730322696,1.0903489553075524e-07,-1.3806451846255144e-07,-0.023445502853974294,0.12560939765708323,-0.2624886588925403,0.032904497146018556,1.0657652779482982e-06,-1.4116363154113505e-12,1.3696727603084747e-11,1.0657655061472457e-06,-1.6645508976223764e-11,1.084709485988834e-08,6.359283189814866e-07,7861.06638296797,,True,baa40c320d5b37dfcd3ea0d1
198,m3_low_profile__socket_head_shoulder_screw__45mm_shoulder_l__4mm_l__18_8_ss_10,assets/m3_low_profile__socket_head_shoulder_screw__45mm_shoulder_l__4mm_l__18_8_ss.stl,catalog_fasteners_and_hardware,0.004999074730322696,1.0903489553075524e-07,-1.3806451846255144e-07,-0.023445502853974294,0.14154909936480045,-0.2468932778625992,0.03290449714601854,1.0657652779482982e-06,-1.4116363154113505e-12,1.3696727603084747e-11,1.0657655061472457e-06,-1.6645508976223764e-11,1.084709485988834e-08,6.359283189814866e-07,7861.06638296797,,True,baa40c320d5b37dfcd3ea0d1
199,m3_low_profile_socket_head_screw__6mm_l__18_8_ss_10,assets/m3_low_profile_socket_head_screw__6mm_l__18_8_ss.stl,catalog_fasteners_and_hardware,0.0006211045207284469,4.496378366916472e-07,-1.2212095659441424e-06,0.0012212185740947546,0.07974848455998104,-0.22065047344720234,0.05357121857408781,4.105658746996272e-09,1.4206308788657533e-13,6.147111898853524e-13,4.105736470004493e-09,-1.4886537407071392e-12,1.6477516864587332e-09,7.726007294857367e-08,8039.139713754482,,True,c897f71ee271aedb99169257
200,m3_low_profile_socket_head_screw__8mm_l__18_8_ss_10,assets/m3_low_profile_socket_head_screw__8mm_l__18_8_ss.stl,catalog_fasteners_and_hardware,0.0007121385343213328,1.365164413103961e-07,-9.514396309709326e-07,0.0014296486293970238,0.13914076829342775,-0.22530027132807054,0.04612785363952314,7.223101107201562e-09,-1.5177735830262759e-13,3.034937396020729e-13,7.2232380572592355e-09,-9.839310460762436e-13,1.7322118524543106e-09,8.856662721258969e-08,8040.7096525417055,,True,626346dce1edef09e7e90546
201,m3_low_profile_socket_head_screw__5mm_l__hs_steel_12,assets/m3_low_profile_socket_head_screw__5mm_l__hs_steel.stl,catalog_fasteners_and_hardware,0.0005661645150078846,2.8649982787048754e-07,5.711460076281225e-07,0.0011258481258300179,0.18474135567648883,0.26025542359815074,0.07186819543577753,2.8989254502074083e-09,-1.9835192503100982e-13,8.664747465795595e-13,2.8988875603361707e-09,1.0555987376104463e-12,1.5916375087936923e-09,7.203356940451148e-08,7859.731506966328,,True,89113c13c1904d01ede0bcb9
202,tibia_6,assets/tibia.stl,custom_robot_structure,0.08511844308625288,0.05251023543884735,-0.00015638787838327317,1.2340751762384689e-05,0.19914054517770655,0.31768856195494,0.05346179427594974,4.375589318879602e-05,-7.035370235705769e-07,-7.442691414315737e-08,0.0001606627800562551,8.814839801418204e-11,0.0001861088849276181,7.209497232898907e-05,1180.6432589755934,,True,881b01051a1ec5c958bf7768
203,m4_low_profile_socket_head_screw__8mm_l__18_8_ss_11,assets/m4_low_profile_socket_head_screw__8mm_l__18_8_ss.stl,catalog_fasteners_and_hardware,0.0014360273543625498,5.993079289022729e-07,2.427383866312977e-07,0.001566162698562903,0.1396744170942925,0.3016082789969623,0.04805254404908353,1.6920964131490878e-08,4.194975610991509e-15,1.993992270223131e-12,1.691956690952173e-08,-8.190885933173142e-12,6.1975505898616726e-09,1.7863835505454422e-07,8038.740358553364,,True,8af10677b2501bd9ce00a5d0
204,m3_low_profile_socket_head_screw__6mm_l__18_8_ss_11,assets/m3_low_profile_socket_head_screw__6mm_l__18_8_ss.stl,catalog_fasteners_and_hardware,0.0006211045207284469,4.496378366916472e-07,-1.2212095659441424e-06,0.0012212185740947546,0.16089301735820047,0.25548557250784926,0.03987293862047311,4.105658746996272e-09,1.4206308788657533e-13,6.147111898853524e-13,4.105736470004493e-09,-1.4886537407071392e-12,1.6477516864587332e-09,7.726007294857367e-08,8039.139713754482,,True,c897f71ee271aedb99169257
205,m3_low_profile_socket_head_screw__8mm_l__18_8_ss_11,assets/m3_low_profile_socket_head_screw__8mm_l__18_8_ss.stl,catalog_fasteners_and_hardware,0.0007121385343213328,1.365164413103961e-07,-9.514396309709326e-07,0.0014296486293970238,0.15572121800886668,0.31008376874648896,0.0733144026183525,7.223101107201562e-09,-1.5177735830262759e-13,3.034937396020729e-13,7.2232380572592355e-09,-9.839310460762436e-13,1.7322118524543106e-09,8.856662721258969e-08,8040.7096525417055,,True,626346dce1edef09e7e90546
206,tibia_attatchment_plate_6,assets/tibia_attatchment_plate.stl,custom_robot_structure,0.01944394183095705,4.297424054058914e-11,0.00022989874860042132,-0.01562501784303253,0.15387602249786525,0.2728352471837683,0.05440486898040451,1.4022114864338907e-05,6.085015014845132e-12,-1.599474883983234e-14,7.939308607589639e-06,5.756206300309741e-08,1.1741016064472803e-05,7.253160091718464e-06,2680.7545380334036,,True,881b01051a1ec5c958bf7768
207,m4_low_profile_socket_head_screw__8mm_l__18_8_ss_12,assets/m4_low_profile_socket_head_screw__8mm_l__18_8_ss.stl,catalog_fasteners_and_hardware,0.0014360273543625498,5.993079289022729e-07,2.427383866312977e-07,0.001566162698562903,0.1019558673196902,0.26295732377288084,0.033426399326597356,1.6920964131490878e-08,4.194975610991509e-15,1.993992270223131e-12,1.691956690952173e-08,-8.190885933173142e-12,6.1975505898616726e-09,1.7863835505454422e-07,8038.740358553364,,True,8af10677b2501bd9ce00a5d0
208,m3_low_profile_socket_head_screw__5mm_l__hs_steel_13,assets/m3_low_profile_socket_head_screw__5mm_l__hs_steel.stl,catalog_fasteners_and_hardware,0.0005661645150078846,2.8649982787048754e-07,5.711460076281225e-07,0.0011258481258300179,0.12814882591351615,0.20566745191254943,0.023072943222761006,2.8989254502074083e-09,-1.9835192503100982e-13,8.664747465795595e-13,2.8988875603361707e-09,1.0555987376104463e-12,1.5916375087936923e-09,7.203356940451148e-08,7859.731506966328,,True,89113c13c1904d01ede0bcb9
209,first_joint_spacer_6,assets/first_joint_spacer.stl,custom_robot_structure,0.029604287638934565,-0.07528846876523622,-5.998641686327542e-08,0.026191582913096083,0.13351488025578118,0.25302894315333335,0.028341582913085424,1.0116277923414245e-05,-1.8903187368797014e-12,3.6929661526647424e-09,7.926019954167669e-06,1.7192808117943931e-12,3.575676126939105e-06,2.2774971458834826e-05,1299.860581272014,,True,881b01051a1ec5c958bf7768
210,first_joint_top_6,assets/first_joint_top.stl,custom_robot_structure,0.013528033696840042,-0.034448865166335454,-0.00010632703242219058,0.05140000010591899,0.10454710546859686,0.2242408802766383,0.05354999989407414,1.949691577713728e-06,6.104030014648082e-09,5.2651174738664144e-14,1.220231381292786e-05,1.424196906923533e-14,1.4146233372538587e-05,5.04687121980329e-06,2680.4792727339136,,True,881b01051a1ec5c958bf7768
211,m3_low_profile__socket_head_shoulder_screw__45mm_shoulder_l__4mm_l__18_8_ss_11,assets/m3_low_profile__socket_head_shoulder_screw__45mm_shoulder_l__4mm_l__18_8_ss.stl,catalog_fasteners_and_hardware,0.004999074730322696,1.0903489553075524e-07,-1.3806451846255144e-07,-0.023445502853974294,0.14232202493223897,0.24605696840303862,0.03290449714601883,1.0657652779482982e-06,-1.4116363154113505e-12,1.3696727603084747e-11,1.0657655061472457e-06,-1.6645508976223764e-11,1.084709485988834e-08,6.359283189814866e-07,7861.06638296797,,True,baa40c320d5b37dfcd3ea0d1
212,m3_low_profile__socket_head_shoulder_screw__45mm_shoulder_l__4mm_l__18_8_ss_12,assets/m3_low_profile__socket_head_shoulder_screw__45mm_shoulder_l__4mm_l__18_8_ss.stl,catalog_fasteners_and_hardware,0.004999074730322696,1.0903489553075524e-07,-1.3806451846255144e-07,-0.023445502853974294,0.1266439423457924,0.2619153329597189,0.0329044971460188,1.0657652779482982e-06,-1.4116363154113505e-12,1.3696727603084747e-11,1.0657655061472457e-06,-1.6645508976223764e-11,1.084709485988834e-08,6.359283189814866e-07,7861.06638296797,,True,baa40c320d5b37dfcd3ea0d1
213,m3_low_profile_socket_head_screw__6mm_l__18_8_ss_12,assets/m3_low_profile_socket_head_screw__6mm_l__18_8_ss.stl,catalog_fasteners_and_hardware,0.0006211045207284469,4.496378366916472e-07,-1.2212095659441424e-06,0.0012212185740947546,0.10072295731606222,0.1999790486917169,0.05357121857408787,4.105658746996272e-09,1.4206308788657533e-13,6.147111898853524e-13,4.105736470004493e-09,-1.4886537407071392e-12,1.6477516864587332e-09,7.726007294857367e-08,8039.139713754482,,True,c897f71ee271aedb99169257
214,m3_low_profile_socket_head_screw__8mm_l__18_8_ss_12,assets/m3_low_profile_socket_head_screw__8mm_l__18_8_ss.stl,catalog_fasteners_and_hardware,0.0007121385343213328,1.365164413103961e-07,-9.514396309709326e-07,0.0014296486293970238,0.10506375519823309,0.2593947154905787,0.046127853639521675,7.223101107201562e-09,-1.5177735830262759e-13,3.034937396020729e-13,7.2232380572592355e-09,-9.839310460762436e-13,1.7322118524543106e-09,8.856662721258969e-08,8040.7096525417055,,True,626346dce1edef09e7e90546
215,m4_low_profile_socket_head_screw__8mm_l__18_8_ss_13,assets/m4_low_profile_socket_head_screw__8mm_l__18_8_ss.stl,catalog_fasteners_and_hardware,0.0014360273543625498,5.993079289022729e-07,2.427383866312977e-07,0.001566162698562903,-0.23500017515973826,-0.03069457554324998,0.06675550175961806,1.6920964131490878e-08,4.194975610991509e-15,1.993992270223131e-12,1.691956690952173e-08,-8.190885933173142e-12,6.1975505898616726e-09,1.7863835505454422e-07,8038.740358553364,,True,8af10677b2501bd9ce00a5d0
216,m4_low_profile_socket_head_screw__8mm_l__18_8_ss_14,assets/m4_low_profile_socket_head_screw__8mm_l__18_8_ss.stl,catalog_fasteners_and_hardware,0.0014360273543625498,5.993079289022729e-07,2.427383866312977e-07,0.001566162698562903,-0.2372530164848325,-0.030705845155526386,0.07854212888360004,1.6920964131490878e-08,4.194975610991509e-15,1.993992270223131e-12,1.691956690952173e-08,-8.190885933173142e-12,6.1975505898616726e-09,1.7863835505454422e-07,8038.740358553364,,True,8af10677b2501bd9ce00a5d0
217,m4_low_profile_socket_head_screw__8mm_l__18_8_ss_15,assets/m4_low_profile_socket_head_screw__8mm_l__18_8_ss.stl,catalog_fasteners_and_hardware,0.0014360273543625498,5.993079289022729e-07,2.427383866312977e-07,0.001566162698562903,-0.22817204634715388,-0.030660418515218293,0.08638648467480109,1.6920964131490878e-08,4.194975610991509e-15,1.993992270223131e-12,1.691956690952173e-08,-8.190885933173142e-12,6.1975505898616726e-09,1.7863835505454422e-07,8038.740358553364,,True,8af10677b2501bd9ce00a5d0
218,m4_low_profile_socket_head_screw__8mm_l__18_8_ss_16,assets/m4_low_profile_socket_head_screw__8mm_l__18_8_ss.stl,catalog_fasteners_and_hardware,0.0014360273543625498,5.993079289022729e-07,2.427383866312977e-07,0.001566162698562903,-0.2168382348843817,-0.0306037222626332,0.08244421334201976,1.6920964131490878e-08,4.194975610991509e-15,1.993992270223131e-12,1.691956690952173e-08,-8.190885933173142e-12,6.1975505898616726e-09,1.7863835505454422e-07,8038.740358553364,,True,8af10677b2501bd9ce00a5d0
219,m4_low_profile_socket_head_screw__8mm_l__18_8_ss_17,assets/m4_low_profile_socket_head_screw__8mm_l__18_8_ss.stl,catalog_fasteners_and_hardware,0.0014360273543625498,5.993079289022729e-07,2.427383866312977e-07,0.001566162698562903,-0.2145853935592874,-0.03059245265035678,0.07065758621803786,1.6920964131490878e-08,4.194975610991509e-15,1.993992270223131e-12,1.691956690952173e-08,-8.190885933173142e-12,6.1975505898616726e-09,1.7863835505454422e-07,8038.740358553364,,True,8af10677b2501bd9ce00a5d0
220,m3_low_profile_socket_head_screw__5mm_l__hs_steel_14,assets/m3_low_profile_socket_head_screw__5mm_l__hs_steel.stl,catalog_fasteners_and_hardware,0.0005661645150078846,2.8649982787048754e-07,5.711460076281225e-07,0.0011258481258300179,-0.2148908419327208,0.030498794577726248,0.07065844435701298,2.8989254502074083e-09,-1.9835192503100982e-13,8.664747465795595e-13,2.8988875603361707e-09,1.0555987376104463e-12,1.5916375087936923e-09,7.203356940451148e-08,7859.731506966328,,True,89113c13c1904d01ede0bcb9
221,m3_low_profile_socket_head_screw__5mm_l__hs_steel_15,assets/m3_low_profile_socket_head_screw__5mm_l__hs_steel.stl,catalog_fasteners_and_hardware,0.0005661645150078846,2.8649982787048754e-07,5.711460076281225e-07,0.0011258481258300179,-0.23755846485826598,0.03038540207255665,0.07854298702257519,2.8989254502074083e-09,-1.9835192503100982e-13,8.664747465795595e-13,2.8988875603361707e-09,1.0555987376104463e-12,1.5916375087936923e-09,7.203356940451148e-08,7859.731506966328,,True,89113c13c1904d01ede0bcb9
222,m3_low_profile_socket_head_screw__5mm_l__hs_steel_16,assets/m3_low_profile_socket_head_screw__5mm_l__hs_steel.stl,catalog_fasteners_and_hardware,0.0005661645150078846,2.8649982787048754e-07,5.711460076281225e-07,0.0011258481258300179,-0.23530562353317164,0.030396671684833062,0.06675635989859323,2.8989254502074083e-09,-1.9835192503100982e-13,8.664747465795595e-13,2.8988875603361707e-09,1.0555987376104463e-12,1.5916375087936923e-09,7.203356940451148e-08,7859.731506966328,,True,89113c13c1904d01ede0bcb9
223,m3_low_profile_socket_head_screw__5mm_l__hs_steel_17,assets/m3_low_profile_socket_head_screw__5mm_l__hs_steel.stl,catalog_fasteners_and_hardware,0.0005661645150078846,2.8649982787048754e-07,5.711460076281225e-07,0.0011258481258300179,-0.21714368325781508,0.03048752496544984,0.0824450714809949,2.8989254502074083e-09,-1.9835192503100982e-13,8.664747465795595e-13,2.8988875603361707e-09,1.0555987376104463e-12,1.5916375087936923e-09,7.203356940451148e-08,7859.731506966328,,True,89113c13c1904d01ede0bcb9
224,m3_low_profile_socket_head_screw__5mm_l__hs_steel_18,assets/m3_low_profile_socket_head_screw__5mm_l__hs_steel.stl,catalog_fasteners_and_hardware,0.0005661645150078846,2.8649982787048754e-07,5.711460076281225e-07,0.0011258481258300179,-0.22397181207039907,0.030453367937417864,0.06281408856581215,2.8989254502074083e-09,-1.9835192503100982e-13,8.664747465795595e-13,2.8988875603361707e-09,1.0555987376104463e-12,1.5916375087936923e-09,7.203356940451148e-08,7859.731506966328,,True,89113c13c1904d01ede0bcb9
225,m3_low_profile_socket_head_screw__6mm_l__18_8_ss_13,assets/m3_low_profile_socket_head_screw__6mm_l__18_8_ss.stl,catalog_fasteners_and_hardware,0.0006211045207284469,4.496378366916472e-07,-1.2212095659441424e-06,0.0012212185740947546,-0.21238244355397035,-0.017863889587348476,0.05066469428013904,4.105658746996272e-09,1.4206308788657533e-13,6.147111898853524e-13,4.105736470004493e-09,-1.4886537407071392e-12,1.6477516864587332e-09,7.726007294857367e-08,8039.139713754482,,True,c897f71ee271aedb99169257
226,m3_low_profile_socket_head_screw__6mm_l__18_8_ss_14,assets/m3_low_profile_socket_head_screw__6mm_l__18_8_ss.stl,catalog_fasteners_and_hardware,0.0006211045207284469,4.496378366916472e-07,-1.2212095659441424e-06,0.0012212185740947546,-0.19977064290536964,-0.017800800322322473,0.06618688820189507,4.105658746996272e-09,1.4206308788657533e-13,6.147111898853524e-13,4.105736470004493e-09,-1.4886537407071392e-12,1.6477516864587332e-09,7.726007294857367e-08,8039.139713754482,,True,c897f71ee271aedb99169257
227,m3_low_profile_socket_head_screw__6mm_l__18_8_ss_15,assets/m3_low_profile_socket_head_screw__6mm_l__18_8_ss.stl,catalog_fasteners_and_hardware,0.0006211045207284469,4.496378366916472e-07,-1.2212095659441424e-06,0.0012212185740947546,-0.1999457246966131,0.017198761765886562,0.0661868882018945,4.105658746996272e-09,1.4206308788657533e-13,6.147111898853524e-13,4.105736470004493e-09,-1.4886537407071392e-12,1.6477516864587332e-09,7.726007294857367e-08,8039.139713754482,,True,c897f71ee271aedb99169257
228,m3_low_profile_socket_head_screw__5mm_l__hs_steel_19,assets/m3_low_profile_socket_head_screw__5mm_l__hs_steel.stl,catalog_fasteners_and_hardware,0.0005661645150078846,2.8649982787048754e-07,5.711460076281225e-07,0.0011258481258300179,-0.1672784613601105,0.029768958614075473,0.0400992938973494,2.8989254502074083e-09,-1.9835192503100982e-13,8.664747465795595e-13,2.8988875603361707e-09,1.0555987376104463e-12,1.5916375087936923e-09,7.203356940451148e-08,7859.731506966328,,True,89113c13c1904d01ede0bcb9
229,m3_low_profile_socket_head_screw__5mm_l__hs_steel_20,assets/m3_low_profile_socket_head_screw__5mm_l__hs_steel.stl,catalog_fasteners_and_hardware,0.0005661645150078846,2.8649982787048754e-07,5.711460076281225e-07,0.0011258481258300179,-0.17107182923207068,0.029749982672598877,0.016400981719018437,2.8989254502074083e-09,-1.9835192503100982e-13,8.664747465795595e-13,2.8988875603361707e-09,1.0555987376104463e-12,1.5916375087936923e-09,7.203356940451148e-08,7859.731506966328,,True,89113c13c1904d01ede0bcb9
230,m3_low_profile_socket_head_screw__5mm_l__hs_steel_21,assets/m3_low_profile_socket_head_screw__5mm_l__hs_steel.stl,catalog_fasteners_and_hardware,0.0005661645150078846,2.8649982787048754e-07,5.711460076281225e-07,0.0011258481258300179,-0.15796526153308676,0.029815546960061206,0.03253211882946937,2.8989254502074083e-09,-1.9835192503100982e-13,8.664747465795595e-13,2.8988875603361707e-09,1.0555987376104463e-12,1.5916375087936923e-09,7.203356940451148e-08,7859.731506966328,,True,89113c13c1904d01ede0bcb9
231,m3_low_profile_socket_head_screw__5mm_l__hs_steel_22,assets/m3_low_profile_socket_head_screw__5mm_l__hs_steel.stl,catalog_fasteners_and_hardware,0.0005661645150078846,2.8649982787048754e-07,5.711460076281225e-07,0.0011258481258300179,-0.17848834512311434,0.029712882297351435,0.03581731287606395,2.8989254502074083e-09,-1.9835192503100982e-13,8.664747465795595e-13,2.8988875603361707e-09,1.0555987376104463e-12,1.5916375087936923e-09,7.203356940451148e-08,7859.731506966328,,True,89113c13c1904d01ede0bcb9
232,m3_low_profile_socket_head_screw__5mm_l__hs_steel_23,assets/m3_low_profile_socket_head_screw__5mm_l__hs_steel.stl,catalog_fasteners_and_hardware,0.0005661645150078846,2.8649982787048754e-07,5.711460076281225e-07,0.0011258481258300179,-0.18038502905909443,0.029703394326613137,0.02396815678689846,2.8989254502074083e-09,-1.9835192503100982e-13,8.664747465795595e-13,2.8988875603361707e-09,1.0555987376104463e-12,1.5916375087936923e-09,7.203356940451148e-08,7859.731506966328,,True,89113c13c1904d01ede0bcb9
233,femur_first_stage,assets/femur_first_stage.stl,custom_robot_structure,0.02893272756943386,5.237436292258961e-18,0.00021415467942420517,0.018697270116379054,-0.18943953179107254,-3.5964884740837704e-05,0.044836446816036234,2.999559672756682e-05,0.0,0.0,1.3134048946438463e-05,-1.6297379220881617e-07,2.1614238937730384e-05,1.0793795474248024e-05,2680.496183058307,,True,881b01051a1ec5c958bf7768
234,pem_m4_self_clinching_nut__300_ss_25,assets/pem_m4_self_clinching_nut__300_ss.stl,catalog_fasteners_and_hardware,0.0008355363884781723,0.0019670757575096427,-1.6173730124900373e-07,5.2308822207170976e-08,-0.2095519143297475,0.017149324803675373,0.04822322308567329,6.9682596864700805e-09,-1.9802899489392358e-13,-5.965832925689283e-14,4.099050647002325e-09,7.713958387517938e-14,4.0983762805777485e-09,1.0630266930926216e-07,7859.975614040126,,True,158ec13e4f19f56723423f84
235,m3_low_profile_socket_head_screw__8mm_l__18_8_ss_13,assets/m3_low_profile_socket_head_screw__8mm_l__18_8_ss.stl,catalog_fasteners_and_hardware,0.0007121385343213328,1.365164413103961e-07,-9.514396309709326e-07,0.0014296486293970238,-0.2140551694993637,0.0245887014506387,0.08953961420870425,7.223101107201562e-09,-1.5177735830262759e-13,3.034937396020729e-13,7.2232380572592355e-09,-9.839310460762436e-13,1.7322118524543106e-09,8.856662721258969e-08,8040.7096525417055,,True,626346dce1edef09e7e90546
236,m3_low_profile_socket_head_screw__8mm_l__18_8_ss_14,assets/m3_low_profile_socket_head_screw__8mm_l__18_8_ss.stl,catalog_fasteners_and_hardware,0.0007121385343213328,1.365164413103961e-07,-9.514396309709326e-07,0.0014296486293970238,-0.23833288574792003,0.024467254615463643,0.05965939090932391,7.223101107201562e-09,-1.5177735830262759e-13,3.034937396020729e-13,7.2232380572592355e-09,-9.839310460762436e-13,1.7322118524543106e-09,8.856662721258969e-08,8040.7096525417055,,True,626346dce1edef09e7e90546
237,m3_low_profile_socket_head_screw__8mm_l__18_8_ss_15,assets/m3_low_profile_socket_head_screw__8mm_l__18_8_ss.stl,catalog_fasteners_and_hardware,0.0007121385343213328,1.365164413103961e-07,-9.514396309709326e-07,0.0014296486293970238,-0.24646252079049488,-0.02549733496185415,0.07770150187118773,7.223101107201562e-09,-1.5177735830262759e-13,3.034937396020729e-13,7.2232380572592355e-09,-9.839310460762436e-13,1.7322118524543106e-09,8.856662721258969e-08,8040.7096525417055,,True,626346dce1edef09e7e90546
238,m3_low_profile_socket_head_screw__8mm_l__18_8_ss_16,assets/m3_low_profile_socket_head_screw__8mm_l__18_8_ss.stl,catalog_fasteners_and_hardware,0.0007121385343213328,1.365164413103961e-07,-9.514396309709326e-07,0.0014296486293970238,-0.22284501073253862,-0.025379190741785008,0.09511770870866,7.223101107201562e-09,-1.5177735830262759e-13,3.034937396020729e-13,7.2232380572592355e-09,-9.839310460762436e-13,1.7322118524543106e-09,8.856662721258969e-08,8040.7096525417055,,True,626346dce1edef09e7e90546
239,m3_low_profile_socket_head_screw__8mm_l__18_8_ss_17,assets/m3_low_profile_socket_head_screw__8mm_l__18_8_ss.stl,catalog_fasteners_and_hardware,0.0007121385343213328,1.365164413103961e-07,-9.514396309709326e-07,0.0014296486293970238,-0.21363080742307156,-0.025333097615928245,0.05790039204363391,7.223101107201562e-09,-1.5177735830262759e-13,3.034937396020729e-13,7.2232380572592355e-09,-9.839310460762436e-13,1.7322118524543106e-09,8.856662721258969e-08,8040.7096525417055,,True,626346dce1edef09e7e90546
240,m3_low_profile_socket_head_screw__8mm_l__18_8_ss_18,assets/m3_low_profile_socket_head_screw__8mm_l__18_8_ss.stl,catalog_fasteners_and_hardware,0.0007121385343213328,1.365164413103961e-07,-9.514396309709326e-07,0.0014296486293970238,-0.24264587281325056,-0.025478242563992108,0.06228558455339972,7.223101107201562e-09,-1.5177735830262759e-13,3.034937396020729e-13,7.2232380572592355e-09,-9.839310460762436e-13,1.7322118524543106e-09,8.856662721258969e-08,8040.7096525417055,,True,626346dce1edef09e7e90546
241,m3_low_profile_socket_head_screw__8mm_l__18_8_ss_19,assets/m3_low_profile_socket_head_screw__8mm_l__18_8_ss.stl,catalog_fasteners_and_hardware,0.0007121385343213328,1.365164413103961e-07,-9.514396309709326e-07,0.0014296486293970238,-0.20542902180256153,-0.025292069007792295,0.07149990315026004,7.223101107201562e-09,-1.5177735830262759e-13,3.034937396020729e-13,7.2232380572592355e-09,-9.839310460762436e-13,1.7322118524543106e-09,8.856662721258969e-08,8040.7096525417055,,True,626346dce1edef09e7e90546
242,m3_low_profile_socket_head_screw__8mm_l__18_8_ss_20,assets/m3_low_profile_socket_head_screw__8mm_l__18_8_ss.stl,catalog_fasteners_and_hardware,0.0007121385343213328,1.365164413103961e-07,-9.514396309709326e-07,0.0014296486293970238,-0.2290465318605178,-0.025410213227861436,0.05408369631278774,7.223101107201562e-09,-1.5177735830262759e-13,3.034937396020729e-13,7.2232380572592355e-09,-9.839310460762436e-13,1.7322118524543106e-09,8.856662721258969e-08,8040.7096525417055,,True,626346dce1edef09e7e90546
243,m3_low_profile_socket_head_screw__8mm_l__18_8_ss_21,assets/m3_low_profile_socket_head_screw__8mm_l__18_8_ss.stl,catalog_fasteners_and_hardware,0.0007121385343213328,1.365164413103961e-07,-9.514396309709326e-07,0.0014296486293970238,-0.21125410290112462,0.024602713504736626,0.06246049255428988,7.223101107201562e-09,-1.5177735830262759e-13,3.034937396020729e-13,7.2232380572592355e-09,-9.839310460762436e-13,1.7322118524543106e-09,8.856662721258969e-08,8040.7096525417055,,True,626346dce1edef09e7e90546
244,m3_low_profile_socket_head_screw__8mm_l__18_8_ss_22,assets/m3_low_profile_socket_head_screw__8mm_l__18_8_ss.stl,catalog_fasteners_and_hardware,0.0007121385343213328,1.365164413103961e-07,-9.514396309709326e-07,0.0014296486293970238,-0.24113395234615911,0.024453242561365718,0.08673851256373828,7.223101107201562e-09,-1.5177735830262759e-13,3.034937396020729e-13,7.2232380572592355e-09,-9.839310460762436e-13,1.7322118524543106e-09,8.856662721258969e-08,8040.7096525417055,,True,626346dce1edef09e7e90546
245,m3_low_profile_socket_head_screw__8mm_l__18_8_ss_23,assets/m3_low_profile_socket_head_screw__8mm_l__18_8_ss.stl,catalog_fasteners_and_hardware,0.0007121385343213328,1.365164413103961e-07,-9.514396309709326e-07,0.0014296486293970238,-0.20924566977980585,-0.025311161405654335,0.08691582046804804,7.223101107201562e-09,-1.5177735830262759e-13,3.034937396020729e-13,7.2232380572592355e-09,-9.839310460762436e-13,1.7322118524543106e-09,8.856662721258969e-08,8040.7096525417055,,True,626346dce1edef09e7e90546
246,motor_bearing_holder,assets/motor_bearing_holder.stl,custom_robot_structure,0.014515050518199327,3.9428425384572737e-19,1.750237419510302e-18,0.0024329825491675784,-0.2261795295419499,0.02149934658358424,0.0746002084866024,2.530704534035661e-06,0.0,0.0,2.5307045340356596e-06,0.0,5.000910128465472e-06,5.3691240476767985e-06,2703.429905755286,,True,881b01051a1ec5c958bf7768
247,bearing_insert,assets/bearing_insert.stl,custom_robot_structure,0.005562323467948138,1.1864652213259286e-18,1.5278124024661033e-18,0.005597969272893216,-0.22620036420869546,0.02566428119597286,0.07460020848660233,3.778434887061974e-07,0.0,0.0,3.778434887061972e-07,0.0,7.226264278991418e-07,2.0575060437367046e-06,2703.429953404277,,True,881b01051a1ec5c958bf7768
248,motor_flange,assets/motor_flange.stl,custom_robot_structure,0.006284657394665203,7.013444274484659e-19,-0.0018970087906854303,1.3865922954187293e-18,-0.22593776664324824,-0.026830040062752702,0.07460020848660344,3.775356040564229e-07,0.0,0.0,7.402510137474455e-07,0.0,3.7753560405642284e-07,2.342046312425591e-06,2683.404406361359,,True,881b01051a1ec5c958bf7768
249,hex_socket_head_countersunk_screw_grade_c_m3x0_5_x_10__1cb4a3dadc02821627dad8d7e6578bbe,assets/hex_socket_head_countersunk_screw_grade_c_m3x0_5_x_10__1cb4a3dadc02821627dad8d7e6578bbe.stl,catalog_fasteners_and_hardware,0.000665400491340697,-2.2257555296884423e-19,-3.1565794121570914e-21,-0.004190843907588401,-0.24531970502947273,0.019921176131393575,0.07261953051865419,7.016813699463784e-09,0.0,0.0,7.016813699463784e-09,0.0,1.2791475269095532e-09,8.585519269790494e-08,7750.264956972535,,True,c6f2bd5eba8853eca1ecbf6f
250,hex_socket_head_countersunk_screw_grade_c_m3x0_5_x_10__1cb4a3dadc02821627dad8d7e6578bbe_2,assets/hex_socket_head_countersunk_screw_grade_c_m3x0_5_x_10__1cb4a3dadc02821627dad8d7e6578bbe.stl,catalog_fasteners_and_hardware,0.000665400491340697,-2.2257555296884423e-19,-3.1565794121570914e-21,-0.004190843907588401,-0.20702452307497868,0.02011274392974742,0.07658088645455066,7.016813699463784e-09,0.0,0.0,7.016813699463784e-09,0.0,1.2791475269095532e-09,8.585519269790494e-08,7750.264956972535,,True,c6f2bd5eba8853eca1ecbf6f
251,hex_socket_head_countersunk_screw_grade_c_m3x0_5_x_10__1cb4a3dadc02821627dad8d7e6578bbe_3,assets/hex_socket_head_countersunk_screw_grade_c_m3x0_5_x_10__1cb4a3dadc02821627dad8d7e6578bbe.stl,catalog_fasteners_and_hardware,0.000665400491340697,-2.2257555296884423e-19,-3.1565794121570914e-21,-0.004190843907588401,-0.2241914608660557,0.020026868049041496,0.055452377936190525,7.016813699463784e-09,0.0,0.0,7.016813699463784e-09,0.0,1.2791475269095532e-09,8.585519269790494e-08,7750.264956972535,,True,c6f2bd5eba8853eca1ecbf6f
252,hex_socket_head_countersunk_screw_grade_c_m3x0_5_x_10__1cb4a3dadc02821627dad8d7e6578bbe_4,assets/hex_socket_head_countersunk_screw_grade_c_m3x0_5_x_10__1cb4a3dadc02821627dad8d7e6578bbe.stl,catalog_fasteners_and_hardware,0.000665400491340697,-2.2257555296884423e-19,-3.1565794121570914e-21,-0.004190843907588401,-0.2281527672383957,0.0200070520120995,0.09374803903701433,7.016813699463784e-09,0.0,0.0,7.016813699463784e-09,0.0,1.2791475269095532e-09,8.585519269790494e-08,7750.264956972535,,True,c6f2bd5eba8853eca1ecbf6f
253,m4_low_profile_socket_head_screw__8mm_l__18_8_ss_18,assets/m4_low_profile_socket_head_screw__8mm_l__18_8_ss.stl,catalog_fasteners_and_hardware,0.0014360273543625498,5.993079289022729e-07,2.427383866312977e-07,0.001566162698562903,-0.18008867636172826,-0.029451874178594697,0.023967400779691138,1.6920964131490878e-08,4.194975610991509e-15,1.993992270223131e-12,1.691956690952173e-08,-8.190885933173142e-12,6.1975505898616726e-09,1.7863835505454422e-07,8038.740358553364,,True,8af10677b2501bd9ce00a5d0
254,m4_low_profile_socket_head_screw__8mm_l__18_8_ss_19,assets/m4_low_profile_socket_head_screw__8mm_l__18_8_ss.stl,catalog_fasteners_and_hardware,0.0014360273543625498,5.993079289022729e-07,2.427383866312977e-07,0.001566162698562903,-0.16698210866274435,-0.029386309891132365,0.04009853789014208,1.6920964131490878e-08,4.194975610991509e-15,1.993992270223131e-12,1.691956690952173e-08,-8.190885933173142e-12,6.1975505898616726e-09,1.7863835505454422e-07,8038.740358553364,,True,8af10677b2501bd9ce00a5d0
255,m4_low_profile_socket_head_screw__8mm_l__18_8_ss_20,assets/m4_low_profile_socket_head_screw__8mm_l__18_8_ss.stl,catalog_fasteners_and_hardware,0.0014360273543625498,5.993079289022729e-07,2.427383866312977e-07,0.001566162698562903,-0.1576689088357206,-0.02933972154514663,0.03253136282226205,1.6920964131490878e-08,4.194975610991509e-15,1.993992270223131e-12,1.691956690952173e-08,-8.190885933173142e-12,6.1975505898616726e-09,1.7863835505454422e-07,8038.740358553364,,True,8af10677b2501bd9ce00a5d0
256,m4_low_profile_socket_head_screw__8mm_l__18_8_ss_21,assets/m4_low_profile_socket_head_screw__8mm_l__18_8_ss.stl,catalog_fasteners_and_hardware,0.0014360273543625498,5.993079289022729e-07,2.427383866312977e-07,0.001566162698562903,-0.15956559277170068,-0.029349209515884926,0.020682206733096585,1.6920964131490878e-08,4.194975610991509e-15,1.993992270223131e-12,1.691956690952173e-08,-8.190885933173142e-12,6.1975505898616726e-09,1.7863835505454422e-07,8038.740358553364,,True,8af10677b2501bd9ce00a5d0
257,m4_low_profile_socket_head_screw__8mm_l__18_8_ss_22,assets/m4_low_profile_socket_head_screw__8mm_l__18_8_ss.stl,catalog_fasteners_and_hardware,0.0014360273543625498,5.993079289022729e-07,2.427383866312977e-07,0.001566162698562903,-0.1707754765347045,-0.029405285832608957,0.016400225711811114,1.6920964131490878e-08,4.194975610991509e-15,1.993992270223131e-12,1.691956690952173e-08,-8.190885933173142e-12,6.1975505898616726e-09,1.7863835505454422e-07,8038.740358553364,,True,8af10677b2501bd9ce00a5d0
258,m3_low_profile_socket_head_screw__8mm_l__18_8_ss_24,assets/m3_low_profile_socket_head_screw__8mm_l__18_8_ss.stl,catalog_fasteners_and_hardware,0.0007121385343213328,1.365164413103961e-07,-9.514396309709326e-07,0.0014296486293970238,-0.18839724043377445,0.024285047256543166,0.028250951439621114,7.223101107201562e-09,-1.5177735830262759e-13,3.034937396020729e-13,7.2232380572592355e-09,-9.839310460762436e-13,1.7322118524543106e-09,8.856662721258969e-08,8040.7096525417055,,True,626346dce1edef09e7e90546
259,m3_low_profile_socket_head_screw__8mm_l__18_8_ss_25,assets/m3_low_profile_socket_head_screw__8mm_l__18_8_ss.stl,catalog_fasteners_and_hardware,0.0007121385343213328,1.365164413103961e-07,-9.514396309709326e-07,0.0014296486293970238,-0.1740973902333453,-0.02470333026512608,0.008159985022515966,7.223101107201562e-09,-1.5177735830262759e-13,3.034937396020729e-13,7.2232380572592355e-09,-9.839310460762436e-13,1.7322118524543106e-09,8.856662721258969e-08,8040.7096525417055,,True,626346dce1edef09e7e90546
260,m3_low_profile_socket_head_screw__8mm_l__18_8_ss_26,assets/m3_low_profile_socket_head_screw__8mm_l__18_8_ss.stl,catalog_fasteners_and_hardware,0.0007121385343213328,1.365164413103961e-07,-9.514396309709326e-07,0.0014296486293970238,-0.16914748128526003,0.02438134224172688,0.047500951439621686,7.223101107201562e-09,-1.5177735830262759e-13,3.034937396020729e-13,7.2232380572592355e-09,-9.839310460762436e-13,1.7322118524543106e-09,8.856662721258969e-08,8040.7096525417055,,True,626346dce1edef09e7e90546
261,m3_low_profile_socket_head_screw__8mm_l__18_8_ss_27,assets/m3_low_profile_socket_head_screw__8mm_l__18_8_ss.stl,catalog_fasteners_and_hardware,0.0007121385343213328,1.365164413103961e-07,-9.514396309709326e-07,0.0014296486293970238,-0.1498977221367448,0.024477637226908665,0.028250951439621908,7.223101107201562e-09,-1.5177735830262759e-13,3.034937396020729e-13,7.2232380572592355e-09,-9.839310460762436e-13,1.7322118524543106e-09,8.856662721258969e-08,8040.7096525417055,,True,626346dce1edef09e7e90546
262,m3_low_profile_socket_head_screw__8mm_l__18_8_ss_28,assets/m3_low_profile_socket_head_screw__8mm_l__18_8_ss.stl,catalog_fasteners_and_hardware,0.0007121385343213328,1.365164413103961e-07,-9.514396309709326e-07,0.0014296486293970238,-0.16370675007196617,-0.02465135213216876,0.04833811209820811,7.223101107201562e-09,-1.5177735830262759e-13,3.034937396020729e-13,7.2232380572592355e-09,-9.839310460762436e-13,1.7322118524543106e-09,8.856662721258969e-08,8040.7096525417055,,True,626346dce1edef09e7e90546
263,m3_low_profile_socket_head_screw__8mm_l__18_8_ss_29,assets/m3_low_profile_socket_head_screw__8mm_l__18_8_ss.stl,catalog_fasteners_and_hardware,0.0007121385343213328,1.365164413103961e-07,-9.514396309709326e-07,0.0014296486293970238,-0.14881325796446127,-0.024576848934974322,0.02305366347623273,7.223101107201562e-09,-1.5177735830262759e-13,3.034937396020729e-13,7.2232380572592355e-09,-9.839310460762436e-13,1.7322118524543106e-09,8.856662721258969e-08,8040.7096525417055,,True,626346dce1edef09e7e90546
264,m3_low_profile_socket_head_screw__8mm_l__18_8_ss_30,assets/m3_low_profile_socket_head_screw__8mm_l__18_8_ss.stl,catalog_fasteners_and_hardware,0.0007121385343213328,1.365164413103961e-07,-9.514396309709326e-07,0.0014296486293970238,-0.1583707808878907,-0.024624659482691158,0.010370243481200421,7.223101107201562e-09,-1.5177735830262759e-13,3.034937396020729e-13,7.2232380572592355e-09,-9.839310460762436e-13,1.7322118524543106e-09,8.856662721258969e-08,8040.7096525417055,,True,626346dce1edef09e7e90546
265,m3_low_profile_socket_head_screw__8mm_l__18_8_ss_31,assets/m3_low_profile_socket_head_screw__8mm_l__18_8_ss.stl,catalog_fasteners_and_hardware,0.0007121385343213328,1.365164413103961e-07,-9.514396309709326e-07,0.0014296486293970238,-0.15102348876891022,-0.024587905392403613,0.03878046959179711,7.223101107201562e-09,-1.5177735830262759e-13,3.034937396020729e-13,7.2232380572592355e-09,-9.839310460762436e-13,1.7322118524543106e-09,8.856662721258969e-08,8040.7096525417055,,True,626346dce1edef09e7e90546
266,m3_low_profile_socket_head_screw__8mm_l__18_8_ss_32,assets/m3_low_profile_socket_head_screw__8mm_l__18_8_ss.stl,catalog_fasteners_and_hardware,0.0007121385343213328,1.365164413103961e-07,-9.514396309709326e-07,0.0014296486293970238,-0.18678065153640125,-0.024766777004891216,0.01771762752892697,7.223101107201562e-09,-1.5177735830262759e-13,3.034937396020729e-13,7.2232380572592355e-09,-9.839310460762436e-13,1.7322118524543106e-09,8.856662721258969e-08,8040.7096525417055,,True,626346dce1edef09e7e90546
267,m3_low_profile_socket_head_screw__8mm_l__18_8_ss_33,assets/m3_low_profile_socket_head_screw__8mm_l__18_8_ss.stl,catalog_fasteners_and_hardware,0.0007121385343213328,1.365164413103961e-07,-9.514396309709326e-07,0.0014296486293970238,-0.18899088234085024,-0.02477783346232051,0.033444433644491345,7.223101107201562e-09,-1.5177735830262759e-13,3.034937396020729e-13,7.2232380572592355e-09,-9.839310460762436e-13,1.7322118524543106e-09,8.856662721258969e-08,8040.7096525417055,,True,626346dce1edef09e7e90546
268,m3_low_profile_socket_head_screw__8mm_l__18_8_ss_34,assets/m3_low_profile_socket_head_screw__8mm_l__18_8_ss.stl,catalog_fasteners_and_hardware,0.0007121385343213328,1.365164413103961e-07,-9.514396309709326e-07,0.0014296486293970238,-0.1691474812852592,0.024381342241724963,0.009000951439621312,7.223101107201562e-09,-1.5177735830262759e-13,3.034937396020729e-13,7.2232380572592355e-09,-9.839310460762436e-13,1.7322118524543106e-09,8.856662721258969e-08,8040.7096525417055,,True,626346dce1edef09e7e90546
269,first_joint_bottom_plate,assets/first_joint_bottom_plate.stl,custom_robot_structure,0.026471250764240534,-0.039525625489529766,0.00012940881758844884,0.008945423423175058,-0.15955130361087458,2.8801050240628116e-05,0.011095423423166793,1.4879271858739318e-05,3.146428161915361e-08,1.9049410492075228e-06,2.129262711779452e-05,-5.998540955844314e-08,2.5612238901067855e-05,9.875326668744377e-06,2680.5443153614974,,True,881b01051a1ec5c958bf7768
270,pem_bsos_m3_6____c8b4713a2b299da432156142d6d3e6d8,assets/pem_bsos_m3_6____c8b4713a2b299da432156142d6d3e6d8.stl,catalog_fasteners_and_hardware,0.0004708484897520461,1.2857871311771532e-18,-7.140615387249737e-20,-0.002704641119787707,-0.19673034233972803,0.01086354571737099,0.004854641119778057,2.2347559044838597e-09,0.0,0.0,2.2347559044838597e-09,0.0,1.3514971868074787e-09,6.076658976780734e-08,7748.476449825232,,True,2822c454ce56982d40f39cf0
271,motor_bearing_holder_2,assets/motor_bearing_holder.stl,custom_robot_structure,0.014515050518199327,3.9428425384572737e-19,1.750237419510302e-18,0.0024329825491675784,-0.1691346284014584,0.021784707967471208,0.028249999999992247,2.530704534035661e-06,0.0,0.0,2.5307045340356596e-06,0.0,5.000910128465472e-06,5.3691240476767985e-06,2703.429905755286,,True,881b01051a1ec5c958bf7768
272,bearing_insert_2,assets/bearing_insert.stl,custom_robot_structure,0.005562323467948138,1.1864652213259286e-18,1.5278124024661033e-18,0.005597969272893216,-0.16915546306820395,0.025949642579859815,0.0282499999999922,3.778434887061974e-07,0.0,0.0,3.778434887061972e-07,0.0,7.226264278991418e-07,2.0575060437367046e-06,2703.429953404277,,True,881b01051a1ec5c958bf7768
273,motor_flange_2,assets/motor_flange.stl,custom_robot_structure,0.006284657394665203,7.013444274484659e-19,-0.0018970087906854303,1.3865922954187293e-18,-0.1688928655027563,-0.02654467867886565,0.02824999999999367,3.775356040564229e-07,0.0,0.0,7.402510137474455e-07,0.0,3.7753560405642284e-07,2.342046312425591e-06,2683.404406361359,,True,881b01051a1ec5c958bf7768
274,hex_socket_head_countersunk_screw_grade_c_m3x0_5_x_10__1cb4a3dadc02821627dad8d7e6578bbe_5,assets/hex_socket_head_countersunk_screw_grade_c_m3x0_5_x_10__1cb4a3dadc02821627dad8d7e6578bbe.stl,catalog_fasteners_and_hardware,0.000665400491340697,-2.2257555296884423e-19,-3.1565794121570914e-21,-0.004190843907588401,-0.1555155776816127,0.020370412251475286,0.014638194462149128,7.016813699463784e-09,0.0,0.0,7.016813699463784e-09,0.0,1.2791475269095532e-09,8.585519269790494e-08,7750.264956972535,,True,c6f2bd5eba8853eca1ecbf6f
275,hex_socket_head_countersunk_screw_grade_c_m3x0_5_x_10__1cb4a3dadc02821627dad8d7e6578bbe_6,assets/hex_socket_head_countersunk_screw_grade_c_m3x0_5_x_10__1cb4a3dadc02821627dad8d7e6578bbe.stl,catalog_fasteners_and_hardware,0.000665400491340697,-2.2257555296884423e-19,-3.1565794121570914e-21,-0.004190843907588401,-0.18273884814185576,0.020234230577439657,0.04186180553783541,7.016813699463784e-09,0.0,0.0,7.016813699463784e-09,0.0,1.2791475269095532e-09,8.585519269790494e-08,7750.264956972535,,True,c6f2bd5eba8853eca1ecbf6f
276,hex_socket_head_countersunk_screw_grade_c_m3x0_5_x_10__1cb4a3dadc02821627dad8d7e6578bbe_7,assets/hex_socket_head_countersunk_screw_grade_c_m3x0_5_x_10__1cb4a3dadc02821627dad8d7e6578bbe.stl,catalog_fasteners_and_hardware,0.000665400491340697,-2.2257555296884423e-19,-3.1565794121570914e-21,-0.004190843907588401,-0.15551557768160965,0.020370412251475636,0.04186180553783254,7.016813699463784e-09,0.0,0.0,7.016813699463784e-09,0.0,1.2791475269095532e-09,8.585519269790494e-08,7750.264956972535,,True,c6f2bd5eba8853eca1ecbf6f
277,hex_socket_head_countersunk_screw_grade_c_m3x0_5_x_10__1cb4a3dadc02821627dad8d7e6578bbe_8,assets/hex_socket_head_countersunk_screw_grade_c_m3x0_5_x_10__1cb4a3dadc02821627dad8d7e6578bbe.stl,catalog_fasteners_and_hardware,0.000665400491340697,-2.2257555296884423e-19,-3.1565794121570914e-21,-0.004190843907588401,-0.1827388481418588,0.020234230577439307,0.014638194462151997,7.016813699463784e-09,0.0,0.0,7.016813699463784e-09,0.0,1.2791475269095532e-09,8.585519269790494e-08,7750.264956972535,,True,c6f2bd5eba8853eca1ecbf6f
278,motor_bearing_holder_3,assets/motor_bearing_holder.stl,custom_robot_structure,0.014515050518199327,3.9428425384572737e-19,1.750237419510302e-18,0.0024329825491675784,-0.12002552531019828,9.711434637431385e-05,0.006317017450824932,2.530704534035661e-06,0.0,0.0,2.5307045340356596e-06,0.0,5.000910128465472e-06,5.3691240476767985e-06,2703.429905755286,,True,881b01051a1ec5c958bf7768
279,bearing_insert_3,assets/bearing_insert.stl,custom_robot_structure,0.005562323467948138,1.1864652213259286e-18,1.5278124024661033e-18,0.005597969272893216,-0.12002552531019818,9.711434637410653e-05,0.0021520307270992516,3.778434887061974e-07,0.0,0.0,3.778434887061972e-07,0.0,7.226264278991418e-07,2.0575060437367046e-06,2703.429953404277,,True,881b01051a1ec5c958bf7768
280,motor_flange_3,assets/motor_flange.stl,custom_robot_structure,0.006284657394665203,7.013444274484659e-19,-0.0018970087906854303,1.3865922954187293e-18,-0.12002552531019968,9.711434637871413e-05,0.05464700879068545,3.775356040564229e-07,0.0,0.0,7.402510137474455e-07,0.0,3.7753560405642284e-07,2.342046312425591e-06,2683.404406361359,,True,881b01051a1ec5c958bf7768
281,hex_socket_head_countersunk_screw_grade_c_m3x0_5_x_10__1cb4a3dadc02821627dad8d7e6578bbe_9,assets/hex_socket_head_countersunk_screw_grade_c_m3x0_5_x_10__1cb4a3dadc02821627dad8d7e6578bbe.stl,catalog_fasteners_and_hardware,0.000665400491340697,-2.2257555296884423e-19,-3.1565794121570914e-21,-0.004190843907588401,-0.1249385078465357,0.01870961290507576,0.0077994225513425865,7.016813699463784e-09,0.0,0.0,7.016813699463784e-09,0.0,1.2791475269095532e-09,8.585519269790494e-08,7750.264956972535,,True,c6f2bd5eba8853eca1ecbf6f
282,hex_socket_head_countersunk_screw_grade_c_m3x0_5_x_10__1cb4a3dadc02821627dad8d7e6578bbe_10,assets/hex_socket_head_countersunk_screw_grade_c_m3x0_5_x_10__1cb4a3dadc02821627dad8d7e6578bbe.stl,catalog_fasteners_and_hardware,0.000665400491340697,-2.2257555296884423e-19,-3.1565794121570914e-21,-0.004190843907588401,-0.11511254277386093,-0.018515384212326978,0.007799422551344647,7.016813699463784e-09,0.0,0.0,7.016813699463784e-09,0.0,1.2791475269095532e-09,8.585519269790494e-08,7750.264956972535,,True,c6f2bd5eba8853eca1ecbf6f
283,hex_socket_head_countersunk_screw_grade_c_m3x0_5_x_10__1cb4a3dadc02821627dad8d7e6578bbe_11,assets/hex_socket_head_countersunk_screw_grade_c_m3x0_5_x_10__1cb4a3dadc02821627dad8d7e6578bbe.stl,catalog_fasteners_and_hardware,0.000665400491340697,-2.2257555296884423e-19,-3.1565794121570914e-21,-0.004190843907588401,-0.1386380238688995,-0.004815868189962782,0.00779942255134347,7.016813699463784e-09,0.0,0.0,7.016813699463784e-09,0.0,1.2791475269095532e-09,8.585519269790494e-08,7750.264956972535,,True,c6f2bd5eba8853eca1ecbf6f
284,hex_socket_head_countersunk_screw_grade_c_m3x0_5_x_10__1cb4a3dadc02821627dad8d7e6578bbe_12,assets/hex_socket_head_countersunk_screw_grade_c_m3x0_5_x_10__1cb4a3dadc02821627dad8d7e6578bbe.stl,catalog_fasteners_and_hardware,0.000665400491340697,-2.2257555296884423e-19,-3.1565794121570914e-21,-0.004190843907588401,-0.10141302675149719,0.005010096882711556,0.0077994225513437505,7.016813699463784e-09,0.0,0.0,7.016813699463784e-09,0.0,1.2791475269095532e-09,8.585519269790494e-08,7750.264956972535,,True,c6f2bd5eba8853eca1ecbf6f
285,m3_low_profile_socket_head_screw__6mm_l__18_8_ss_16,assets/m3_low_profile_socket_head_screw__6mm_l__18_8_ss.stl,catalog_fasteners_and_hardware,0.0006211045207284469,4.496378366916472e-07,-1.2212095659441424e-06,0.0012212185740947546,-0.11992127107856582,-0.020653844979534628,0.05357121857408777,4.105658746996272e-09,1.4206308788657533e-13,6.147111898853524e-13,4.105736470004493e-09,-1.4886537407071392e-12,1.6477516864587332e-09,7.726007294857367e-08,8039.139713754482,,True,c897f71ee271aedb99169257
286,m3_low_profile_socket_head_screw__6mm_l__18_8_ss_17,assets/m3_low_profile_socket_head_screw__6mm_l__18_8_ss.stl,catalog_fasteners_and_hardware,0.0006211045207284469,4.496378366916472e-07,-1.2212095659441424e-06,0.0012212185740947546,-0.1366601089998664,0.009785358468288098,0.0029287814258968895,4.105658746996272e-09,1.4206308788657533e-13,6.147111898853524e-13,4.105736470004493e-09,-1.4886537407071392e-12,1.6477516864587332e-09,7.726007294857367e-08,8039.139713754482,,True,c897f71ee271aedb99169257
287,m3_low_profile_socket_head_screw__6mm_l__18_8_ss_18,assets/m3_low_profile_socket_head_screw__6mm_l__18_8_ss.stl,catalog_fasteners_and_hardware,0.0006211045207284469,4.496378366916472e-07,-1.2212095659441424e-06,0.0012212185740947546,-0.11033806110850179,0.01673336500287822,0.0029287814258970968,4.105658746996272e-09,1.4206308788657533e-13,6.147111898853524e-13,4.105736470004493e-09,-1.4886537407071392e-12,1.6477516864587332e-09,7.726007294857367e-08,8039.139713754482,,True,c897f71ee271aedb99169257
288,m3_low_profile_socket_head_screw__6mm_l__18_8_ss_19,assets/m3_low_profile_socket_head_screw__6mm_l__18_8_ss.stl,catalog_fasteners_and_hardware,0.0006211045207284469,4.496378366916472e-07,-1.2212095659441424e-06,0.0012212185740947546,-0.1052793908213914,-0.014502990113314922,0.05357121857408775,4.105658746996272e-09,1.4206308788657533e-13,6.147111898853524e-13,4.105736470004493e-09,-1.4886537407071392e-12,1.6477516864587332e-09,7.726007294857367e-08,8039.139713754482,,True,c897f71ee271aedb99169257
289,m3_low_profile_socket_head_screw__6mm_l__18_8_ss_20,assets/m3_low_profile_socket_head_screw__6mm_l__18_8_ss.stl,catalog_fasteners_and_hardware,0.0006211045207284469,4.496378366916472e-07,-1.2212095659441424e-06,0.0012212185740947546,-0.13462395508373368,-0.014649783346363243,0.05357121857408775,4.105658746996272e-09,1.4206308788657533e-13,6.147111898853524e-13,4.105736470004493e-09,-1.4886537407071392e-12,1.6477516864587332e-09,7.726007294857367e-08,8039.139713754482,,True,c897f71ee271aedb99169257
290,m3_low_profile_socket_head_screw__6mm_l__18_8_ss_21,assets/m3_low_profile_socket_head_screw__6mm_l__18_8_ss.stl,catalog_fasteners_and_hardware,0.0006211045207284469,4.496378366916472e-07,-1.2212095659441424e-06,0.0012212185740947546,-0.14077480994995353,-7.903089188608984e-06,0.05357121857408777,4.105658746996272e-09,1.4206308788657533e-13,6.147111898853524e-13,4.105736470004493e-09,-1.4886537407071392e-12,1.6477516864587332e-09,7.726007294857367e-08,8039.139713754482,,True,c897f71ee271aedb99169257
291,m3_low_profile_socket_head_screw__6mm_l__18_8_ss_22,assets/m3_low_profile_socket_head_screw__6mm_l__18_8_ss.stl,catalog_fasteners_and_hardware,0.0006211045207284469,4.496378366916472e-07,-1.2212095659441424e-06,0.0012212185740947546,-0.10542618405444013,0.014841574149027563,0.05357121857408777,4.105658746996272e-09,1.4206308788657533e-13,6.147111898853524e-13,4.105736470004493e-09,-1.4886537407071392e-12,1.6477516864587332e-09,7.726007294857367e-08,8039.139713754482,,True,c897f71ee271aedb99169257
292,m3_low_profile_socket_head_screw__6mm_l__18_8_ss_23,assets/m3_low_profile_socket_head_screw__6mm_l__18_8_ss.stl,catalog_fasteners_and_hardware,0.0006211045207284469,4.496378366916472e-07,-1.2212095659441424e-06,0.0012212185740947546,-0.12971210246527595,-0.016536689423076796,0.0029287814258983458,4.105658746996272e-09,1.4206308788657533e-13,6.147111898853524e-13,4.105736470004493e-09,-1.4886537407071392e-12,1.6477516864587332e-09,7.726007294857367e-08,8039.139713754482,,True,c897f71ee271aedb99169257
293,m3_low_profile_socket_head_screw__6mm_l__18_8_ss_24,assets/m3_low_profile_socket_head_screw__6mm_l__18_8_ss.stl,catalog_fasteners_and_hardware,0.0006211045207284469,4.496378366916472e-07,-1.2212095659441424e-06,0.0012212185740947546,-0.12012886805960796,0.02084563578219895,0.05357121857408777,4.105658746996272e-09,1.4206308788657533e-13,6.147111898853524e-13,4.105736470004493e-09,-1.4886537407071392e-12,1.6477516864587332e-09,7.726007294857367e-08,8039.139713754482,,True,c897f71ee271aedb99169257
294,m3_low_profile_socket_head_screw__6mm_l__18_8_ss_25,assets/m3_low_profile_socket_head_screw__6mm_l__18_8_ss.stl,catalog_fasteners_and_hardware,0.0006211045207284469,4.496378366916472e-07,-1.2212095659441424e-06,0.0012212185740947546,-0.10339005457391136,-0.009588682888486681,0.002928781425898539,4.105658746996272e-09,1.4206308788657533e-13,6.147111898853524e-13,4.105736470004493e-09,-1.4886537407071392e-12,1.6477516864587332e-09,7.726007294857367e-08,8039.139713754482,,True,c897f71ee271aedb99169257
295,m3_low_profile_socket_head_screw__6mm_l__18_8_ss_26,assets/m3_low_profile_socket_head_screw__6mm_l__18_8_ss.stl,catalog_fasteners_and_hardware,0.0006211045207284469,4.496378366916472e-07,-1.2212095659441424e-06,0.0012212185740947546,-0.09927532918822024,0.00019969389185292533,0.05357121857408777,4.105658746996272e-09,1.4206308788657533e-13,6.147111898853524e-13,4.105736470004493e-09,-1.4886537407071392e-12,1.6477516864587332e-09,7.726007294857367e-08,8039.139713754482,,True,c897f71ee271aedb99169257
296,m4_through_hole_standoff__8mm_l__hardened_steel_2,assets/m4_through_hole_standoff__8mm_l__hardened_steel.stl,catalog_fasteners_and_hardware,0.0019568427667201755,-0.0034840487615136685,-7.51302491163214e-11,-3.63288894554637e-08,0.04999999992486967,0.15000003632888953,0.003984048761513659,1.517399381429933e-08,5.762421342676423e-16,2.7620379124224445e-13,1.824896480150287e-08,5.346286305580036e-16,1.824921506768973e-08,2.489973378614684e-07,7858.890313955405,,True,12960413464b4da015a5311a
297,m4_through_hole_standoff__8mm_l__hardened_steel_3,assets/m4_through_hole_standoff__8mm_l__hardened_steel.stl,catalog_fasteners_and_hardware,0.0019568427667201755,-0.0034840487615136685,-7.51302491163214e-11,-3.63288894554637e-08,0.04999999992486967,0.10000003632888947,0.003984048761513659,1.517399381429933e-08,5.762421342676423e-16,2.7620379124224445e-13,1.824896480150287e-08,5.346286305580036e-16,1.824921506768973e-08,2.489973378614684e-07,7858.890313955405,,True,12960413464b4da015a5311a
298,m4_through_hole_standoff__8mm_l__hardened_steel_4,assets/m4_through_hole_standoff__8mm_l__hardened_steel.stl,catalog_fasteners_and_hardware,0.0019568427667201755,-0.0034840487615136685,-7.51302491163214e-11,-3.63288894554637e-08,0.04999999992486967,0.05000003632888944,0.003984048761513659,1.517399381429933e-08,5.762421342676423e-16,2.7620379124224445e-13,1.824896480150287e-08,5.346286305580036e-16,1.824921506768973e-08,2.489973378614684e-07,7858.890313955405,,True,12960413464b4da015a5311a
299,m4_through_hole_standoff__8mm_l__hardened_steel_5,assets/m4_through_hole_standoff__8mm_l__hardened_steel.stl,catalog_fasteners_and_hardware,0.0019568427667201755,-0.0034840487615136685,-7.51302491163214e-11,-3.63288894554637e-08,-7.513029096302122e-11,-0.049999963671110634,0.003984048761513659,1.517399381429933e-08,5.762421342676423e-16,2.7620379124224445e-13,1.824896480150287e-08,5.346286305580036e-16,1.824921506768973e-08,2.489973378614684e-07,7858.890313955405,,True,12960413464b4da015a5311a
300,m4_through_hole_standoff__8mm_l__hardened_steel_6,assets/m4_through_hole_standoff__8mm_l__hardened_steel.stl,catalog_fasteners_and_hardware,0.0019568427667201755,-0.0034840487615136685,-7.51302491163214e-11,-3.63288894554637e-08,0.04999999992486967,-0.14999996367111074,0.003984048761513659,1.517399381429933e-08,5.762421342676423e-16,2.7620379124224445e-13,1.824896480150287e-08,5.346286305580036e-16,1.824921506768973e-08,2.489973378614684e-07,7858.890313955405,,True,12960413464b4da015a5311a
301,m4_through_hole_standoff__8mm_l__hardened_steel_7,assets/m4_through_hole_standoff__8mm_l__hardened_steel.stl,catalog_fasteners_and_hardware,0.0019568427667201755,-0.0034840487615136685,-7.51302491163214e-11,-3.63288894554637e-08,-0.050000000075130245,0.10000003632888947,0.003984048761513659,1.517399381429933e-08,5.762421342676423e-16,2.7620379124224445e-13,1.824896480150287e-08,5.346286305580036e-16,1.824921506768973e-08,2.489973378614684e-07,7858.890313955405,,True,12960413464b4da015a5311a
302,m4_through_hole_standoff__8mm_l__hardened_steel_8,assets/m4_through_hole_standoff__8mm_l__hardened_steel.stl,catalog_fasteners_and_hardware,0.0019568427667201755,-0.0034840487615136685,-7.51302491163214e-11,-3.63288894554637e-08,-7.513029096302122e-11,0.10000003632888947,0.003984048761513659,1.517399381429933e-08,5.762421342676423e-16,2.7620379124224445e-13,1.824896480150287e-08,5.346286305580036e-16,1.824921506768973e-08,2.489973378614684e-07,7858.890313955405,,True,12960413464b4da015a5311a
303,m4_through_hole_standoff__8mm_l__hardened_steel_9,assets/m4_through_hole_standoff__8mm_l__hardened_steel.stl,catalog_fasteners_and_hardware,0.0019568427667201755,-0.0034840487615136685,-7.51302491163214e-11,-3.63288894554637e-08,0.04999999992486967,-0.049999963671110634,0.003984048761513659,1.517399381429933e-08,5.762421342676423e-16,2.7620379124224445e-13,1.824896480150287e-08,5.346286305580036e-16,1.824921506768973e-08,2.489973378614684e-07,7858.890313955405,,True,12960413464b4da015a5311a
304,m4_through_hole_standoff__8mm_l__hardened_steel_10,assets/m4_through_hole_standoff__8mm_l__hardened_steel.stl,catalog_fasteners_and_hardware,0.0019568427667201755,-0.0034840487615136685,-7.51302491163214e-11,-3.63288894554637e-08,-7.513029096302122e-11,3.632888942076926e-08,0.003984048761513659,1.517399381429933e-08,5.762421342676423e-16,2.7620379124224445e-13,1.824896480150287e-08,5.346286305580036e-16,1.824921506768973e-08,2.489973378614684e-07,7858.890313955405,,True,12960413464b4da015a5311a
305,m4_through_hole_standoff__8mm_l__hardened_steel_11,assets/m4_through_hole_standoff__8mm_l__hardened_steel.stl,catalog_fasteners_and_hardware,0.0019568427667201755,-0.0034840487615136685,-7.51302491163214e-11,-3.63288894554637e-08,0.04999999992486967,3.632888942076926e-08,0.003984048761513659,1.517399381429933e-08,5.762421342676423e-16,2.7620379124224445e-13,1.824896480150287e-08,5.346286305580036e-16,1.824921506768973e-08,2.489973378614684e-07,7858.890313955405,,True,12960413464b4da015a5311a
306,m4_through_hole_standoff__8mm_l__hardened_steel_12,assets/m4_through_hole_standoff__8mm_l__hardened_steel.stl,catalog_fasteners_and_hardware,0.0019568427667201755,-0.0034840487615136685,-7.51302491163214e-11,-3.63288894554637e-08,-0.050000000075130245,0.15000003632888953,0.003984048761513659,1.517399381429933e-08,5.762421342676423e-16,2.7620379124224445e-13,1.824896480150287e-08,5.346286305580036e-16,1.824921506768973e-08,2.489973378614684e-07,7858.890313955405,,True,12960413464b4da015a5311a
307,m4_through_hole_standoff__8mm_l__hardened_steel_13,assets/m4_through_hole_standoff__8mm_l__hardened_steel.stl,catalog_fasteners_and_hardware,0.0019568427667201755,-0.0034840487615136685,-7.51302491163214e-11,-3.63288894554637e-08,-7.513029096302122e-11,0.15000003632888953,0.003984048761513659,1.517399381429933e-08,5.762421342676423e-16,2.7620379124224445e-13,1.824896480150287e-08,5.346286305580036e-16,1.824921506768973e-08,2.489973378614684e-07,7858.890313955405,,True,12960413464b4da015a5311a
308,m4_through_hole_standoff__8mm_l__hardened_steel_14,assets/m4_through_hole_standoff__8mm_l__hardened_steel.stl,catalog_fasteners_and_hardware,0.0019568427667201755,-0.0034840487615136685,-7.51302491163214e-11,-3.63288894554637e-08,-0.050000000075130245,-0.09999996367111066,0.003984048761513659,1.517399381429933e-08,5.762421342676423e-16,2.7620379124224445e-13,1.824896480150287e-08,5.346286305580036e-16,1.824921506768973e-08,2.489973378614684e-07,7858.890313955405,,True,12960413464b4da015a5311a
309,m4_through_hole_standoff__8mm_l__hardened_steel_15,assets/m4_through_hole_standoff__8mm_l__hardened_steel.stl,catalog_fasteners_and_hardware,0.0019568427667201755,-0.0034840487615136685,-7.51302491163214e-11,-3.63288894554637e-08,-0.050000000075130245,-0.049999963671110634,0.003984048761513659,1.517399381429933e-08,5.762421342676423e-16,2.7620379124224445e-13,1.824896480150287e-08,5.346286305580036e-16,1.824921506768973e-08,2.489973378614684e-07,7858.890313955405,,True,12960413464b4da015a5311a
310,m4_through_hole_standoff__8mm_l__hardened_steel_16,assets/m4_through_hole_standoff__8mm_l__hardened_steel.stl,catalog_fasteners_and_hardware,0.0019568427667201755,-0.0034840487615136685,-7.51302491163214e-11,-3.63288894554637e-08,-0.050000000075130245,3.632888942076926e-08,0.003984048761513659,1.517399381429933e-08,5.762421342676423e-16,2.7620379124224445e-13,1.824896480150287e-08,5.346286305580036e-16,1.824921506768973e-08,2.489973378614684e-07,7858.890313955405,,True,12960413464b4da015a5311a
311,m4_through_hole_standoff__8mm_l__hardened_steel_17,assets/m4_through_hole_standoff__8mm_l__hardened_steel.stl,catalog_fasteners_and_hardware,0.0019568427667201755,-0.0034840487615136685,-7.51302491163214e-11,-3.63288894554637e-08,-7.513029096302122e-11,-0.09999996367111066,0.003984048761513659,1.517399381429933e-08,5.762421342676423e-16,2.7620379124224445e-13,1.824896480150287e-08,5.346286305580036e-16,1.824921506768973e-08,2.489973378614684e-07,7858.890313955405,,True,12960413464b4da015a5311a
312,m4_through_hole_standoff__8mm_l__hardened_steel_18,assets/m4_through_hole_standoff__8mm_l__hardened_steel.stl,catalog_fasteners_and_hardware,0.0019568427667201755,-0.0034840487615136685,-7.51302491163214e-11,-3.63288894554637e-08,-7.513029096302122e-11,0.05000003632888944,0.003984048761513659,1.517399381429933e-08,5.762421342676423e-16,2.7620379124224445e-13,1.824896480150287e-08,5.346286305580036e-16,1.824921506768973e-08,2.489973378614684e-07,7858.890313955405,,True,12960413464b4da015a5311a
313,m4_through_hole_standoff__8mm_l__hardened_steel_19,assets/m4_through_hole_standoff__8mm_l__hardened_steel.stl,catalog_fasteners_and_hardware,0.0019568427667201755,-0.0034840487615136685,-7.51302491163214e-11,-3.63288894554637e-08,-0.050000000075130245,-0.14999996367111074,0.003984048761513659,1.517399381429933e-08,5.762421342676423e-16,2.7620379124224445e-13,1.824896480150287e-08,5.346286305580036e-16,1.824921506768973e-08,2.489973378614684e-07,7858.890313955405,,True,12960413464b4da015a5311a
314,m4_through_hole_standoff__8mm_l__hardened_steel_20,assets/m4_through_hole_standoff__8mm_l__hardened_steel.stl,catalog_fasteners_and_hardware,0.0019568427667201755,-0.0034840487615136685,-7.51302491163214e-11,-3.63288894554637e-08,-0.050000000075130245,0.05000003632888944,0.003984048761513659,1.517399381429933e-08,5.762421342676423e-16,2.7620379124224445e-13,1.824896480150287e-08,5.346286305580036e-16,1.824921506768973e-08,2.489973378614684e-07,7858.890313955405,,True,12960413464b4da015a5311a
315,m4_through_hole_standoff__8mm_l__hardened_steel_21,assets/m4_through_hole_standoff__8mm_l__hardened_steel.stl,catalog_fasteners_and_hardware,0.0019568427667201755,-0.0034840487615136685,-7.51302491163214e-11,-3.63288894554637e-08,0.04999999992486967,-0.09999996367111066,0.003984048761513659,1.517399381429933e-08,5.762421342676423e-16,2.7620379124224445e-13,1.824896480150287e-08,5.346286305580036e-16,1.824921506768973e-08,2.489973378614684e-07,7858.890313955405,,True,12960413464b4da015a5311a
316,m4_low_profile_socket_head_screw__8mm_l__18_8_ss_23,assets/m4_low_profile_socket_head_screw__8mm_l__18_8_ss.stl,catalog_fasteners_and_hardware,0.0014360273543625498,5.993079289022729e-07,2.427383866312977e-07,0.001566162698562903,0.2302780273202507,0.029817932684603705,0.06333016085144066,1.6920964131490878e-08,4.194975610991509e-15,1.993992270223131e-12,1.691956690952173e-08,-8.190885933173142e-12,6.1975505898616726e-09,1.7863835505454422e-07,8038.740358553364,,True,8af10677b2501bd9ce00a5d0
317,m4_low_profile_socket_head_screw__8mm_l__18_8_ss_24,assets/m4_low_profile_socket_head_screw__8mm_l__18_8_ss.stl,catalog_fasteners_and_hardware,0.0014360273543625498,5.993079289022729e-07,2.427383866312977e-07,0.001566162698562903,0.23797611749429734,0.02978334128842021,0.07253549686418642,1.6920964131490878e-08,4.194975610991509e-15,1.993992270223131e-12,1.691956690952173e-08,-8.190885933173142e-12,6.1975505898616726e-09,1.7863835505454422e-07,8038.740358553364,,True,8af10677b2501bd9ce00a5d0
318,m4_low_profile_socket_head_screw__8mm_l__18_8_ss_25,assets/m4_low_profile_socket_head_screw__8mm_l__18_8_ss.stl,catalog_fasteners_and_hardware,0.0014360273543625498,5.993079289022729e-07,2.427383866312977e-07,0.001566162698562903,0.2338531882268629,0.02980186768607253,0.08380497382757529,1.6920964131490878e-08,4.194975610991509e-15,1.993992270223131e-12,1.691956690952173e-08,-8.190885933173142e-12,6.1975505898616726e-09,1.7863835505454422e-07,8038.740358553364,,True,8af10677b2501bd9ce00a5d0
319,m4_low_profile_socket_head_screw__8mm_l__18_8_ss_26,assets/m4_low_profile_socket_head_screw__8mm_l__18_8_ss.stl,catalog_fasteners_and_hardware,0.0014360273543625498,5.993079289022729e-07,2.427383866312977e-07,0.001566162698562903,0.222032168785383,0.02985498547990654,0.08586911477821622,1.6920964131490878e-08,4.194975610991509e-15,1.993992270223131e-12,1.691956690952173e-08,-8.190885933173142e-12,6.1975505898616726e-09,1.7863835505454422e-07,8038.740358553364,,True,8af10677b2501bd9ce00a5d0
320,m4_low_profile_socket_head_screw__8mm_l__18_8_ss_27,assets/m4_low_profile_socket_head_screw__8mm_l__18_8_ss.stl,catalog_fasteners_and_hardware,0.0014360273543625498,5.993079289022729e-07,2.427383866312977e-07,0.001566162698562903,0.21433407861133633,0.029889576876090018,0.0766637787654705,1.6920964131490878e-08,4.194975610991509e-15,1.993992270223131e-12,1.691956690952173e-08,-8.190885933173142e-12,6.1975505898616726e-09,1.7863835505454422e-07,8038.740358553364,,True,8af10677b2501bd9ce00a5d0
321,m3_low_profile_socket_head_screw__5mm_l__hs_steel_24,assets/m3_low_profile_socket_head_screw__5mm_l__hs_steel.stl,catalog_fasteners_and_hardware,0.0005661645150078846,2.8649982787048754e-07,5.711460076281225e-07,0.0011258481258300179,0.21405984636676276,-0.03120181845355849,0.076664603776185,2.8989254502074083e-09,-1.9835192503100982e-13,8.664747465795595e-13,2.8988875603361707e-09,1.0555987376104463e-12,1.5916375087936923e-09,7.203356940451148e-08,7859.731506966328,,True,89113c13c1904d01ede0bcb9
322,m3_low_profile_socket_head_screw__5mm_l__hs_steel_25,assets/m3_low_profile_socket_head_screw__5mm_l__hs_steel.stl,catalog_fasteners_and_hardware,0.0005661645150078846,2.8649982787048754e-07,5.711460076281225e-07,0.0011258481258300179,0.23770188524972397,-0.031308054041228287,0.07253632187490078,2.8989254502074083e-09,-1.9835192503100982e-13,8.664747465795595e-13,2.8988875603361707e-09,1.0555987376104463e-12,1.5916375087936923e-09,7.203356940451148e-08,7859.731506966328,,True,89113c13c1904d01ede0bcb9
323,m3_low_profile_socket_head_screw__5mm_l__hs_steel_26,assets/m3_low_profile_socket_head_screw__5mm_l__hs_steel.stl,catalog_fasteners_and_hardware,0.0005661645150078846,2.8649982787048754e-07,5.711460076281225e-07,0.0011258481258300179,0.2300037950756772,-0.0312734626450448,0.06333098586215508,2.8989254502074083e-09,-1.9835192503100982e-13,8.664747465795595e-13,2.8988875603361707e-09,1.0555987376104463e-12,1.5916375087936923e-09,7.203356940451148e-08,7859.731506966328,,True,89113c13c1904d01ede0bcb9
324,m3_low_profile_socket_head_screw__5mm_l__hs_steel_27,assets/m3_low_profile_socket_head_screw__5mm_l__hs_steel.stl,catalog_fasteners_and_hardware,0.0005661645150078846,2.8649982787048754e-07,5.711460076281225e-07,0.0011258481258300179,0.2217579365408095,-0.03123640984974196,0.08586993978893054,2.8989254502074083e-09,-1.9835192503100982e-13,8.664747465795595e-13,2.8988875603361707e-09,1.0555987376104463e-12,1.5916375087936923e-09,7.203356940451148e-08,7859.731506966328,,True,89113c13c1904d01ede0bcb9
325,m3_low_profile_socket_head_screw__5mm_l__hs_steel_28,assets/m3_low_profile_socket_head_screw__5mm_l__hs_steel.stl,catalog_fasteners_and_hardware,0.0005661645150078846,2.8649982787048754e-07,5.711460076281225e-07,0.0011258481258300179,0.21818277563419655,-0.031220344851209888,0.06539512681279706,2.8989254502074083e-09,-1.9835192503100982e-13,8.664747465795595e-13,2.8988875603361707e-09,1.0555987376104463e-12,1.5916375087936923e-09,7.203356940451148e-08,7859.731506966328,,True,89113c13c1904d01ede0bcb9
326,m3_low_profile_socket_head_screw__6mm_l__18_8_ss_27,assets/m3_low_profile_socket_head_screw__6mm_l__18_8_ss.stl,catalog_fasteners_and_hardware,0.0006211045207284469,4.496378366916472e-07,-1.2212095659441424e-06,0.0012212185740947546,0.21249778111327522,0.01718031598608976,0.05066469428014893,4.105658746996272e-09,1.4206308788657533e-13,6.147111898853524e-13,4.105736470004493e-09,-1.4886537407071392e-12,1.6477516864587332e-09,7.726007294857367e-08,8039.139713754482,,True,c897f71ee271aedb99169257
327,m3_low_profile_socket_head_screw__6mm_l__18_8_ss_28,assets/m3_low_profile_socket_head_screw__6mm_l__18_8_ss.stl,catalog_fasteners_and_hardware,0.0006211045207284469,4.496378366916472e-07,-1.2212095659441424e-06,0.0012212185740947546,0.19988594999252873,0.017236987295079997,0.06618688820190254,4.105658746996272e-09,1.4206308788657533e-13,6.147111898853524e-13,4.105736470004493e-09,-1.4886537407071392e-12,1.6477516864587332e-09,7.726007294857367e-08,8039.139713754482,,True,c897f71ee271aedb99169257
328,m3_low_profile_socket_head_screw__6mm_l__18_8_ss_29,assets/m3_low_profile_socket_head_screw__6mm_l__18_8_ss.stl,catalog_fasteners_and_hardware,0.0006211045207284469,4.496378366916472e-07,-1.2212095659441424e-06,0.0012212185740947546,0.19972867895305424,-0.017762659357710854,0.06618688820190169,4.105658746996272e-09,1.4206308788657533e-13,6.147111898853524e-13,4.105736470004493e-09,-1.4886537407071392e-12,1.6477516864587332e-09,7.726007294857367e-08,8039.139713754482,,True,c897f71ee271aedb99169257
329,m3_low_profile_socket_head_screw__5mm_l__hs_steel_29,assets/m3_low_profile_socket_head_screw__5mm_l__hs_steel.stl,catalog_fasteners_and_hardware,0.0005661645150078846,2.8649982787048754e-07,5.711460076281225e-07,0.0011258481258300179,0.1669435257493677,-0.030022091322899548,0.04009929389734965,2.8989254502074083e-09,-1.9835192503100982e-13,8.664747465795595e-13,2.8988875603361707e-09,1.0555987376104463e-12,1.5916375087936923e-09,7.203356940451148e-08,7859.731506966328,,True,89113c13c1904d01ede0bcb9
330,m3_low_profile_socket_head_screw__5mm_l__hs_steel_30,assets/m3_low_profile_socket_head_screw__5mm_l__hs_steel.stl,catalog_fasteners_and_hardware,0.0005661645150078846,2.8649982787048754e-07,5.711460076281225e-07,0.0011258481258300179,0.1707369027867207,-0.03003913687640631,0.01640098171901925,2.8989254502074083e-09,-1.9835192503100982e-13,8.664747465795595e-13,2.8988875603361707e-09,1.0555987376104463e-12,1.5916375087936923e-09,7.203356940451148e-08,7859.731506966328,,True,89113c13c1904d01ede0bcb9
331,m3_low_profile_socket_head_screw__5mm_l__hs_steel_31,assets/m3_low_profile_socket_head_screw__5mm_l__hs_steel.stl,catalog_fasteners_and_hardware,0.0005661645150078846,2.8649982787048754e-07,5.711460076281225e-07,0.0011258481258300179,0.15763030342015402,-0.029980242324504795,0.03253211882946768,2.8989254502074083e-09,-1.9835192503100982e-13,8.664747465795595e-13,2.8988875603361707e-09,1.0555987376104463e-12,1.5916375087936923e-09,7.203356940451148e-08,7859.731506966328,,True,89113c13c1904d01ede0bcb9
332,m3_low_profile_socket_head_screw__5mm_l__hs_steel_32,assets/m3_low_profile_socket_head_screw__5mm_l__hs_steel.stl,catalog_fasteners_and_hardware,0.0005661645150078846,2.8649982787048754e-07,5.711460076281225e-07,0.0011258481258300179,0.17815343659725785,-0.030072463098047682,0.03581731287606642,2.8989254502074083e-09,-1.9835192503100982e-13,8.664747465795595e-13,2.8988875603361707e-09,1.0555987376104463e-12,1.5916375087936923e-09,7.203356940451148e-08,7859.731506966328,,True,89113c13c1904d01ede0bcb9
333,m3_low_profile_socket_head_screw__5mm_l__hs_steel_33,assets/m3_low_profile_socket_head_screw__5mm_l__hs_steel.stl,catalog_fasteners_and_hardware,0.0005661645150078846,2.8649982787048754e-07,5.711460076281225e-07,0.0011258481258300179,0.18005012511593438,-0.030080985874801063,0.023968156786901205,2.8989254502074083e-09,-1.9835192503100982e-13,8.664747465795595e-13,2.8988875603361707e-09,1.0555987376104463e-12,1.5916375087936923e-09,7.203356940451148e-08,7859.731506966328,,True,89113c13c1904d01ede0bcb9
334,femur_first_stage_2,assets/femur_first_stage.stl,custom_robot_structure,0.02893272756943386,5.237436292258961e-18,0.00021415467942420517,0.018697270116379054,0.18938661531454815,-0.0004289462013409128,0.04483644681604128,2.999559672756682e-05,0.0,0.0,1.3134048946438463e-05,-1.6297379220881617e-07,2.1614238937730384e-05,1.0793795474248024e-05,2680.496183058307,,True,881b01051a1ec5c958bf7768
335,pem_m4_self_clinching_nut__300_ss_26,assets/pem_m4_self_clinching_nut__300_ss.stl,catalog_fasteners_and_hardware,0.0008355363884781723,0.0019670757575096427,-1.6173730124900373e-07,5.2308822207170976e-08,0.20933490492849127,-0.017804442008224633,0.04822322308568233,6.9682596864700805e-09,-1.9802899489392358e-13,-5.965832925689283e-14,4.099050647002325e-09,7.713958387517938e-14,4.0983762805777485e-09,1.0630266930926216e-07,7859.975614040126,,True,158ec13e4f19f56723423f84
336,m3_low_profile_socket_head_screw__8mm_l__18_8_ss_35,assets/m3_low_profile_socket_head_screw__8mm_l__18_8_ss.stl,catalog_fasteners_and_hardware,0.0007121385343213328,1.365164413103961e-07,-9.514396309709326e-07,0.0014296486293970238,0.21376731506571225,-0.025286244758462237,0.08953961420871441,7.223101107201562e-09,-1.5177735830262759e-13,3.034937396020729e-13,7.2232380572592355e-09,-9.839310460762436e-13,1.7322118524543106e-09,8.856662721258969e-08,8040.7096525417055,,True,626346dce1edef09e7e90546
337,m3_low_profile_socket_head_screw__8mm_l__18_8_ss_36,assets/m3_low_profile_socket_head_screw__8mm_l__18_8_ss.stl,catalog_fasteners_and_hardware,0.0007121385343213328,1.365164413103961e-07,-9.514396309709326e-07,0.0014296486293970238,0.23804508997314913,-0.025395337028268447,0.05965939090933869,7.223101107201562e-09,-1.5177735830262759e-13,3.034937396020729e-13,7.2232380572592355e-09,-9.839310460762436e-13,1.7322118524543106e-09,8.856662721258969e-08,8040.7096525417055,,True,626346dce1edef09e7e90546
338,m3_low_profile_socket_head_screw__8mm_l__18_8_ss_37,assets/m3_low_profile_socket_head_screw__8mm_l__18_8_ss.stl,catalog_fasteners_and_hardware,0.0007121385343213328,1.365164413103961e-07,-9.514396309709326e-07,0.0014296486293970238,0.24664880666627362,0.02448980341074116,0.07770150187120477,7.223101107201562e-09,-1.5177735830262759e-13,3.034937396020729e-13,7.2232380572592355e-09,-9.839310460762436e-13,1.7322118524543106e-09,8.856662721258969e-08,8040.7096525417055,,True,626346dce1edef09e7e90546
339,m3_low_profile_socket_head_screw__8mm_l__18_8_ss_38,assets/m3_low_profile_socket_head_screw__8mm_l__18_8_ss.stl,catalog_fasteners_and_hardware,0.0007121385343213328,1.365164413103961e-07,-9.514396309709326e-07,0.0014296486293970238,0.2230312395446039,0.024595929034462546,0.09511770870867245,7.223101107201562e-09,-1.5177735830262759e-13,3.034937396020729e-13,7.2232380572592355e-09,-9.839310460762436e-13,1.7322118524543106e-09,8.856662721258969e-08,8040.7096525417055,,True,626346dce1edef09e7e90546
340,m3_low_profile_socket_head_screw__8mm_l__18_8_ss_39,assets/m3_low_profile_socket_head_screw__8mm_l__18_8_ss.stl,catalog_fasteners_and_hardware,0.0007121385343213328,1.365164413103961e-07,-9.514396309709326e-07,0.0014296486293970238,0.21381701397214453,0.024637333190572593,0.057900392043644174,7.223101107201562e-09,-1.5177735830262759e-13,3.034937396020729e-13,7.2232380572592355e-09,-9.839310460762436e-13,1.7322118524543106e-09,8.856662721258969e-08,8040.7096525417055,,True,626346dce1edef09e7e90546
341,m3_low_profile_socket_head_screw__8mm_l__18_8_ss_40,assets/m3_low_profile_socket_head_screw__8mm_l__18_8_ss.stl,catalog_fasteners_and_hardware,0.0007121385343213328,1.365164413103961e-07,-9.514396309709326e-07,0.0014296486293970238,0.24283214946739595,0.024506953573740553,0.06228558455341585,7.223101107201562e-09,-1.5177735830262759e-13,3.034937396020729e-13,7.2232380572592355e-09,-9.839310460762436e-13,1.7322118524543106e-09,8.856662721258969e-08,8040.7096525417055,,True,626346dce1edef09e7e90546
342,m3_low_profile_socket_head_screw__8mm_l__18_8_ss_41,assets/m3_low_profile_socket_head_screw__8mm_l__18_8_ss.stl,catalog_fasteners_and_hardware,0.0007121385343213328,1.365164413103961e-07,-9.514396309709326e-07,0.0014296486293970238,0.2056152085347961,0.024674188033122036,0.07149990315026877,7.223101107201562e-09,-1.5177735830262759e-13,3.034937396020729e-13,7.2232380572592355e-09,-9.839310460762436e-13,1.7322118524543106e-09,8.856662721258969e-08,8040.7096525417055,,True,626346dce1edef09e7e90546
343,m3_low_profile_socket_head_screw__8mm_l__18_8_ss_42,assets/m3_low_profile_socket_head_screw__8mm_l__18_8_ss.stl,catalog_fasteners_and_hardware,0.0007121385343213328,1.365164413103961e-07,-9.514396309709326e-07,0.0014296486293970238,0.22923277565646577,0.02456806240940065,0.05408369631280106,7.223101107201562e-09,-1.5177735830262759e-13,3.034937396020729e-13,7.2232380572592355e-09,-9.839310460762436e-13,1.7322118524543106e-09,8.856662721258969e-08,8040.7096525417055,,True,626346dce1edef09e7e90546
344,m3_low_profile_socket_head_screw__8mm_l__18_8_ss_43,assets/m3_low_profile_socket_head_screw__8mm_l__18_8_ss.stl,catalog_fasteners_and_hardware,0.0007121385343213328,1.365164413103961e-07,-9.514396309709326e-07,0.0014296486293970238,0.21096624169965045,-0.025273658125107082,0.06246049255429924,7.223101107201562e-09,-1.5177735830262759e-13,3.034937396020729e-13,7.2232380572592355e-09,-9.839310460762436e-13,1.7322118524543106e-09,8.856662721258969e-08,8040.7096525417055,,True,626346dce1edef09e7e90546
345,m3_low_profile_socket_head_screw__8mm_l__18_8_ss_44,assets/m3_low_profile_socket_head_screw__8mm_l__18_8_ss.stl,catalog_fasteners_and_hardware,0.0007121385343213328,1.365164413103961e-07,-9.514396309709326e-07,0.0014296486293970238,0.24084616333921094,-0.0254079236616236,0.08673851256375387,7.223101107201562e-09,-1.5177735830262759e-13,3.034937396020729e-13,7.2232380572592355e-09,-9.839310460762436e-13,1.7322118524543106e-09,8.856662721258969e-08,8040.7096525417055,,True,626346dce1edef09e7e90546
346,m3_low_profile_socket_head_screw__8mm_l__18_8_ss_45,assets/m3_low_profile_socket_head_screw__8mm_l__18_8_ss.stl,catalog_fasteners_and_hardware,0.0007121385343213328,1.365164413103961e-07,-9.514396309709326e-07,0.0014296486293970238,0.20943186573367376,0.024657037870122644,0.08691582046805768,7.223101107201562e-09,-1.5177735830262759e-13,3.034937396020729e-13,7.2232380572592355e-09,-9.839310460762436e-13,1.7322118524543106e-09,8.856662721258969e-08,8040.7096525417055,,True,626346dce1edef09e7e90546
347,motor_bearing_holder_4,assets/motor_bearing_holder.stl,custom_robot_structure,0.014515050518199327,3.9428425384572737e-19,1.750237419510302e-18,0.0024329825491675784,0.22592046403203095,-0.022312158320679832,0.0746002084866149,2.530704534035661e-06,0.0,0.0,2.5307045340356596e-06,0.0,5.000910128465472e-06,5.3691240476767985e-06,2703.429905755286,,True,881b01051a1ec5c958bf7768
348,bearing_insert_4,assets/bearing_insert.stl,custom_robot_structure,0.005562323467948138,1.1864652213259286e-18,1.5278124024661033e-18,0.005597969272893216,0.22590174883798989,-0.02647710299622158,0.07460020848661479,3.778434887061974e-07,0.0,0.0,3.778434887061972e-07,0.0,7.226264278991418e-07,2.0575060437367046e-06,2703.429953404277,,True,881b01051a1ec5c958bf7768
349,motor_flange_4,assets/motor_flange.stl,custom_robot_structure,0.006284657394665203,7.013444274484659e-19,-0.0018970087906854303,1.3865922954187293e-18,0.226137632831337,0.0260173450972431,0.07460020848661807,3.775356040564229e-07,0.0,0.0,7.402510137474455e-07,0.0,3.7753560405642284e-07,2.342046312425591e-06,2683.404406361359,,True,881b01051a1ec5c958bf7768
350,hex_socket_head_countersunk_screw_grade_c_m3x0_5_x_10__1cb4a3dadc02821627dad8d7e6578bbe_13,assets/hex_socket_head_countersunk_screw_grade_c_m3x0_5_x_10__1cb4a3dadc02821627dad8d7e6578bbe.stl,catalog_fasteners_and_hardware,0.000665400491340697,-2.2257555296884423e-19,-3.1565794121570914e-21,-0.004190843907588401,0.24507476239840298,-0.02091580816353412,0.07261953051867061,7.016813699463784e-09,0.0,0.0,7.016813699463784e-09,0.0,1.2791475269095532e-09,8.585519269790494e-08,7750.264956972535,,True,c6f2bd5eba8853eca1ecbf6f
351,hex_socket_head_countersunk_screw_grade_c_m3x0_5_x_10__1cb4a3dadc02821627dad8d7e6578bbe_14,assets/hex_socket_head_countersunk_screw_grade_c_m3x0_5_x_10__1cb4a3dadc02821627dad8d7e6578bbe.stl,catalog_fasteners_and_hardware,0.000665400491340697,-2.2257555296884423e-19,-3.1565794121570914e-21,-0.004190843907588401,0.20677948791657785,-0.020743728208428635,0.0765808864545594,7.016813699463784e-09,0.0,0.0,7.016813699463784e-09,0.0,1.2791475269095532e-09,8.585519269790494e-08,7750.264956972535,,True,c6f2bd5eba8853eca1ecbf6f
352,hex_socket_head_countersunk_screw_grade_c_m3x0_5_x_10__1cb4a3dadc02821627dad8d7e6578bbe_15,assets/hex_socket_head_countersunk_screw_grade_c_m3x0_5_x_10__1cb4a3dadc02821627dad8d7e6578bbe.stl,catalog_fasteners_and_hardware,0.000665400491340697,-2.2257555296884423e-19,-3.1565794121570914e-21,-0.004190843907588401,0.22394646718574707,-0.02082086809218364,0.055452377936202536,7.016813699463784e-09,0.0,0.0,7.016813699463784e-09,0.0,1.2791475269095532e-09,8.585519269790494e-08,7750.264956972535,,True,c6f2bd5eba8853eca1ecbf6f
353,hex_socket_head_countersunk_screw_grade_c_m3x0_5_x_10__1cb4a3dadc02821627dad8d7e6578bbe_16,assets/hex_socket_head_countersunk_screw_grade_c_m3x0_5_x_10__1cb4a3dadc02821627dad8d7e6578bbe.stl,catalog_fasteners_and_hardware,0.000665400491340697,-2.2257555296884423e-19,-3.1565794121570914e-21,-0.004190843907588401,0.22790778312923374,-0.020838668279779114,0.09374803903702747,7.016813699463784e-09,0.0,0.0,7.016813699463784e-09,0.0,1.2791475269095532e-09,8.585519269790494e-08,7750.264956972535,,True,c6f2bd5eba8853eca1ecbf6f
354,m4_low_profile_socket_head_screw__8mm_l__18_8_ss_28,assets/m4_low_profile_socket_head_screw__8mm_l__18_8_ss.stl,catalog_fasteners_and_hardware,0.0014360273543625498,5.993079289022729e-07,2.427383866312977e-07,0.001566162698562903,0.18031550577898922,0.029074429684116984,0.02396740077969439,1.6920964131490878e-08,4.194975610991509e-15,1.993992270223131e-12,1.691956690952173e-08,-8.190885933173142e-12,6.1975505898616726e-09,1.7863835505454422e-07,8038.740358553364,,True,8af10677b2501bd9ce00a5d0
355,m4_low_profile_socket_head_screw__8mm_l__18_8_ss_29,assets/m4_low_profile_socket_head_screw__8mm_l__18_8_ss.stl,catalog_fasteners_and_hardware,0.0014360273543625498,5.993079289022729e-07,2.427383866312977e-07,0.001566162698562903,0.16720890641242253,0.0291333242360185,0.04009853789014283,1.6920964131490878e-08,4.194975610991509e-15,1.993992270223131e-12,1.691956690952173e-08,-8.190885933173142e-12,6.1975505898616726e-09,1.7863835505454422e-07,8038.740358553364,,True,8af10677b2501bd9ce00a5d0
356,m4_low_profile_socket_head_screw__8mm_l__18_8_ss_30,assets/m4_low_profile_socket_head_screw__8mm_l__18_8_ss.stl,catalog_fasteners_and_hardware,0.0014360273543625498,5.993079289022729e-07,2.427383866312977e-07,0.001566162698562903,0.15789568408320886,0.02917517323441325,0.03253136282226086,1.6920964131490878e-08,4.194975610991509e-15,1.993992270223131e-12,1.691956690952173e-08,-8.190885933173142e-12,6.1975505898616726e-09,1.7863835505454422e-07,8038.740358553364,,True,8af10677b2501bd9ce00a5d0
357,m4_low_profile_socket_head_screw__8mm_l__18_8_ss_31,assets/m4_low_profile_socket_head_screw__8mm_l__18_8_ss.stl,catalog_fasteners_and_hardware,0.0014360273543625498,5.993079289022729e-07,2.427383866312977e-07,0.001566162698562903,0.1597923726018854,0.029166650457659878,0.020682206733095676,1.6920964131490878e-08,4.194975610991509e-15,1.993992270223131e-12,1.691956690952173e-08,-8.190885933173142e-12,6.1975505898616726e-09,1.7863835505454422e-07,8038.740358553364,,True,8af10677b2501bd9ce00a5d0
358,m4_low_profile_socket_head_screw__8mm_l__18_8_ss_32,assets/m4_low_profile_socket_head_screw__8mm_l__18_8_ss.stl,catalog_fasteners_and_hardware,0.0014360273543625498,5.993079289022729e-07,2.427383866312977e-07,0.001566162698562903,0.17100228344977556,0.029116278682511737,0.016400225711812426,1.6920964131490878e-08,4.194975610991509e-15,1.993992270223131e-12,1.691956690952173e-08,-8.190885933173142e-12,6.1975505898616726e-09,1.7863835505454422e-07,8038.740358553364,,True,8af10677b2501bd9ce00a5d0
359,m3_low_profile_socket_head_screw__8mm_l__18_8_ss_46,assets/m3_low_profile_socket_head_screw__8mm_l__18_8_ss.stl,catalog_fasteners_and_hardware,0.0007121385343213328,1.365164413103961e-07,-9.514396309709326e-07,0.0014296486293970238,0.1881134261951711,-0.02473896455419996,0.02825095143962071,7.223101107201562e-09,-1.5177735830262759e-13,3.034937396020729e-13,7.2232380572592355e-09,-9.839310460762436e-13,1.7322118524543106e-09,8.856662721258969e-08,8040.7096525417055,,True,626346dce1edef09e7e90546
360,m3_low_profile_socket_head_screw__8mm_l__18_8_ss_47,assets/m3_low_profile_socket_head_screw__8mm_l__18_8_ss.stl,catalog_fasteners_and_hardware,0.0007121385343213328,1.365164413103961e-07,-9.514396309709326e-07,0.0014296486293970238,0.17427939907458073,0.024382991245495093,0.008159985022515274,7.223101107201562e-09,-1.5177735830262759e-13,3.034937396020729e-13,7.2232380572592355e-09,-9.839310460762436e-13,1.7322118524543106e-09,8.856662721258969e-08,8040.7096525417055,,True,626346dce1edef09e7e90546
361,m3_low_profile_socket_head_screw__8mm_l__18_8_ss_48,assets/m3_low_profile_socket_head_screw__8mm_l__18_8_ss.stl,catalog_fasteners_and_hardware,0.0007121385343213328,1.365164413103961e-07,-9.514396309709326e-07,0.0014296486293970238,0.16886362053613688,-0.024652465482488548,0.047500951439621575,7.223101107201562e-09,-1.5177735830262759e-13,3.034937396020729e-13,7.2232380572592355e-09,-9.839310460762436e-13,1.7322118524543106e-09,8.856662721258969e-08,8040.7096525417055,,True,626346dce1edef09e7e90546
362,m3_low_profile_socket_head_screw__8mm_l__18_8_ss_49,assets/m3_low_profile_socket_head_screw__8mm_l__18_8_ss.stl,catalog_fasteners_and_hardware,0.0007121385343213328,1.365164413103961e-07,-9.514396309709326e-07,0.0014296486293970238,0.14961381487710187,-0.02456596641077521,0.028250951439621502,7.223101107201562e-09,-1.5177735830262759e-13,3.034937396020729e-13,7.2232380572592355e-09,-9.839310460762436e-13,1.7322118524543106e-09,8.856662721258969e-08,8040.7096525417055,,True,626346dce1edef09e7e90546
363,m3_low_profile_socket_head_screw__8mm_l__18_8_ss_50,assets/m3_low_profile_socket_head_screw__8mm_l__18_8_ss.stl,catalog_fasteners_and_hardware,0.0007121385343213328,1.365164413103961e-07,-9.514396309709326e-07,0.0014296486293970238,0.16388873380774072,0.024429681737645353,0.04833811209820801,7.223101107201562e-09,-1.5177735830262759e-13,3.034937396020729e-13,7.2232380572592355e-09,-9.839310460762436e-13,1.7322118524543106e-09,8.856662721258969e-08,8040.7096525417055,,True,626346dce1edef09e7e90546
364,m3_low_profile_socket_head_screw__8mm_l__18_8_ss_51,assets/m3_low_profile_socket_head_screw__8mm_l__18_8_ss.stl,catalog_fasteners_and_hardware,0.0007121385343213328,1.365164413103961e-07,-9.514396309709326e-07,0.0014296486293970238,0.14899520571515915,0.024496605860276698,0.023053663476232247,7.223101107201562e-09,-1.5177735830262759e-13,3.034937396020729e-13,7.2232380572592355e-09,-9.839310460762436e-13,1.7322118524543106e-09,8.856662721258969e-08,8040.7096525417055,,True,626346dce1edef09e7e90546
365,m3_low_profile_socket_head_screw__8mm_l__18_8_ss_52,assets/m3_low_profile_socket_head_screw__8mm_l__18_8_ss.stl,catalog_fasteners_and_hardware,0.0007121385343213328,1.365164413103961e-07,-9.514396309709326e-07,0.0014296486293970238,0.15855275173110395,0.02445365899250781,0.01037024348119976,7.223101107201562e-09,-1.5177735830262759e-13,3.034937396020729e-13,7.2232380572592355e-09,-9.839310460762436e-13,1.7322118524543106e-09,8.856662721258969e-08,8040.7096525417055,,True,626346dce1edef09e7e90546
366,m3_low_profile_socket_head_screw__8mm_l__18_8_ss_53,assets/m3_low_profile_socket_head_screw__8mm_l__18_8_ss.stl,catalog_fasteners_and_hardware,0.0007121385343213328,1.365164413103961e-07,-9.514396309709326e-07,0.0014296486293970238,0.15120544185988183,0.024486674156124186,0.03878046959179686,7.223101107201562e-09,-1.5177735830262759e-13,3.034937396020729e-13,7.2232380572592355e-09,-9.839310460762436e-13,1.7322118524543106e-09,8.856662721258969e-08,8040.7096525417055,,True,626346dce1edef09e7e90546
367,m3_low_profile_socket_head_screw__8mm_l__18_8_ss_54,assets/m3_low_profile_socket_head_screw__8mm_l__18_8_ss.stl,catalog_fasteners_and_hardware,0.0007121385343213328,1.365164413103961e-07,-9.514396309709326e-07,0.0014296486293970238,0.18696269102243962,0.024325998827016245,0.017717627528926416,7.223101107201562e-09,-1.5177735830262759e-13,3.034937396020729e-13,7.2232380572592355e-09,-9.839310460762436e-13,1.7322118524543106e-09,8.856662721258969e-08,8040.7096525417055,,True,626346dce1edef09e7e90546
368,m3_low_profile_socket_head_screw__8mm_l__18_8_ss_55,assets/m3_low_profile_socket_head_screw__8mm_l__18_8_ss.stl,catalog_fasteners_and_hardware,0.0007121385343213328,1.365164413103961e-07,-9.514396309709326e-07,0.0014296486293970238,0.18917292716716233,0.02431606712286374,0.033444433644491026,7.223101107201562e-09,-1.5177735830262759e-13,3.034937396020729e-13,7.2232380572592355e-09,-9.839310460762436e-13,1.7322118524543106e-09,8.856662721258969e-08,8040.7096525417055,,True,626346dce1edef09e7e90546
369,m3_low_profile_socket_head_screw__8mm_l__18_8_ss_56,assets/m3_low_profile_socket_head_screw__8mm_l__18_8_ss.stl,catalog_fasteners_and_hardware,0.0007121385343213328,1.365164413103961e-07,-9.514396309709326e-07,0.0014296486293970238,0.16886362053613607,-0.02465246548248663,0.009000951439620632,7.223101107201562e-09,-1.5177735830262759e-13,3.034937396020729e-13,7.2232380572592355e-09,-9.839310460762436e-13,1.7322118524543106e-09,8.856662721258969e-08,8040.7096525417055,,True,626346dce1edef09e7e90546
370,first_joint_bottom_plate_2,assets/first_joint_bottom_plate.stl,custom_robot_structure,0.026471250764240534,-0.039525625489529766,0.00012940881758844884,0.008945423423175058,0.15949911964994223,-0.000209899913508268,0.011095423423166127,1.4879271858739318e-05,3.146428161915361e-08,1.9049410492075228e-06,2.129262711779452e-05,-5.998540955844314e-08,2.5612238901067855e-05,9.875326668744377e-06,2680.5443153614974,,True,881b01051a1ec5c958bf7768
371,pem_bsos_m3_6____c8b4713a2b299da432156142d6d3e6d8_2,assets/pem_bsos_m3_6____c8b4713a2b299da432156142d6d3e6d8.stl,catalog_fasteners_and_hardware,0.0004708484897520461,1.2857871311771532e-18,-7.140615387249737e-20,-0.002704641119787707,0.19657359879969688,-0.011397196663749672,0.004854641119777308,2.2347559044838597e-09,0.0,0.0,2.2347559044838597e-09,0.0,1.3514971868074787e-09,6.076658976780734e-08,7748.476449825232,,True,2822c454ce56982d40f39cf0
372,motor_bearing_holder_5,assets/motor_bearing_holder.stl,custom_robot_structure,0.014515050518199327,3.9428425384572737e-19,1.750237419510302e-18,0.0024329825491675784,0.1688754250618758,-0.022055826230679098,0.028249999999993246,2.530704534035661e-06,0.0,0.0,2.5307045340356596e-06,0.0,5.000910128465472e-06,5.3691240476767985e-06,2703.429905755286,,True,881b01051a1ec5c958bf7768
373,bearing_insert_5,assets/bearing_insert.stl,custom_robot_structure,0.005562323467948138,1.1864652213259286e-18,1.5278124024661033e-18,0.005597969272893216,0.1688567098678347,-0.026220770906220835,0.028249999999993187,3.778434887061974e-07,0.0,0.0,3.778434887061972e-07,0.0,7.226264278991418e-07,2.0575060437367046e-06,2703.429953404277,,True,881b01051a1ec5c958bf7768
374,motor_flange_5,assets/motor_flange.stl,custom_robot_structure,0.006284657394665203,7.013444274484659e-19,-0.0018970087906854303,1.3865922954187293e-18,0.16909259386118505,0.02627367718724415,0.028249999999994002,3.775356040564229e-07,0.0,0.0,7.402510137474455e-07,0.0,3.7753560405642284e-07,2.342046312425591e-06,2683.404406361359,,True,881b01051a1ec5c958bf7768
375,hex_socket_head_countersunk_screw_grade_c_m3x0_5_x_10__1cb4a3dadc02821627dad8d7e6578bbe_17,assets/hex_socket_head_countersunk_screw_grade_c_m3x0_5_x_10__1cb4a3dadc02821627dad8d7e6578bbe.stl,catalog_fasteners_and_hardware,0.000665400491340697,-2.2257555296884423e-19,-3.1565794121570914e-21,-0.004190843907588401,0.15527041806931074,-0.020512272015807125,0.014638194462150407,7.016813699463784e-09,0.0,0.0,7.016813699463784e-09,0.0,1.2791475269095532e-09,8.585519269790494e-08,7750.264956972535,,True,c6f2bd5eba8853eca1ecbf6f
376,hex_socket_head_countersunk_screw_grade_c_m3x0_5_x_10__1cb4a3dadc02821627dad8d7e6578bbe_18,assets/hex_socket_head_countersunk_screw_grade_c_m3x0_5_x_10__1cb4a3dadc02821627dad8d7e6578bbe.stl,catalog_fasteners_and_hardware,0.000665400491340697,-2.2257555296884423e-19,-3.1565794121570914e-21,-0.004190843907588401,0.18249375430535983,-0.020634600176154053,0.041861805537836104,7.016813699463784e-09,0.0,0.0,7.016813699463784e-09,0.0,1.2791475269095532e-09,8.585519269790494e-08,7750.264956972535,,True,c6f2bd5eba8853eca1ecbf6f
377,hex_socket_head_countersunk_screw_grade_c_m3x0_5_x_10__1cb4a3dadc02821627dad8d7e6578bbe_19,assets/hex_socket_head_countersunk_screw_grade_c_m3x0_5_x_10__1cb4a3dadc02821627dad8d7e6578bbe.stl,catalog_fasteners_and_hardware,0.000665400491340697,-2.2257555296884423e-19,-3.1565794121570914e-21,-0.004190843907588401,0.15527041806930705,-0.020512272015807853,0.041861805537832454,7.016813699463784e-09,0.0,0.0,7.016813699463784e-09,0.0,1.2791475269095532e-09,8.585519269790494e-08,7750.264956972535,,True,c6f2bd5eba8853eca1ecbf6f
378,hex_socket_head_countersunk_screw_grade_c_m3x0_5_x_10__1cb4a3dadc02821627dad8d7e6578bbe_20,assets/hex_socket_head_countersunk_screw_grade_c_m3x0_5_x_10__1cb4a3dadc02821627dad8d7e6578bbe.stl,catalog_fasteners_and_hardware,0.000665400491340697,-2.2257555296884423e-19,-3.1565794121570914e-21,-0.004190843907588401,0.1824937543053635,-0.020634600176153324,0.014638194462154055,7.016813699463784e-09,0.0,0.0,7.016813699463784e-09,0.0,1.2791475269095532e-09,8.585519269790494e-08,7750.264956972535,,True,c6f2bd5eba8853eca1ecbf6f
379,motor_bearing_holder_6,assets/motor_bearing_holder.stl,custom_robot_structure,0.014515050518199327,3.9428425384572737e-19,1.750237419510302e-18,0.0024329825491675784,0.11997447468980482,9.711434637979637e-05,0.006317017450824195,2.530704534035661e-06,0.0,0.0,2.5307045340356596e-06,0.0,5.000910128465472e-06,5.3691240476767985e-06,2703.429905755286,,True,881b01051a1ec5c958bf7768
380,bearing_insert_6,assets/bearing_insert.stl,custom_robot_structure,0.005562323467948138,1.1864652213259286e-18,1.5278124024661033e-18,0.005597969272893216,0.11997447468980474,9.711434638000284e-05,0.0021520307270984796,3.778434887061974e-07,0.0,0.0,3.778434887061972e-07,0.0,7.226264278991418e-07,2.0575060437367046e-06,2703.429953404277,,True,881b01051a1ec5c958bf7768
381,motor_flange_6,assets/motor_flange.stl,custom_robot_structure,0.006284657394665203,7.013444274484659e-19,-0.0018970087906854303,1.3865922954187293e-18,0.11997447468980037,9.711434637876964e-05,0.0546470087906856,3.775356040564229e-07,0.0,0.0,7.402510137474455e-07,0.0,3.7753560405642284e-07,2.342046312425591e-06,2683.404406361359,,True,881b01051a1ec5c958bf7768
382,hex_socket_head_countersunk_screw_grade_c_m3x0_5_x_10__1cb4a3dadc02821627dad8d7e6578bbe_21,assets/hex_socket_head_countersunk_screw_grade_c_m3x0_5_x_10__1cb4a3dadc02821627dad8d7e6578bbe.stl,catalog_fasteners_and_hardware,0.000665400491340697,-2.2257555296884423e-19,-3.1565794121570914e-21,-0.004190843907588401,0.12471049723658853,-0.01856119721807837,0.007799422551341829,7.016813699463784e-09,0.0,0.0,7.016813699463784e-09,0.0,1.2791475269095532e-09,8.585519269790494e-08,7750.264956972535,,True,c6f2bd5eba8853eca1ecbf6f
383,hex_socket_head_countersunk_screw_grade_c_m3x0_5_x_10__1cb4a3dadc02821627dad8d7e6578bbe_22,assets/hex_socket_head_countersunk_screw_grade_c_m3x0_5_x_10__1cb4a3dadc02821627dad8d7e6578bbe.stl,catalog_fasteners_and_hardware,0.000665400491340697,-2.2257555296884423e-19,-3.1565794121570914e-21,-0.004190843907588401,0.11523845214302114,0.018755425910837818,0.0077994225513438745,7.016813699463784e-09,0.0,0.0,7.016813699463784e-09,0.0,1.2791475269095532e-09,8.585519269790494e-08,7750.264956972535,,True,c6f2bd5eba8853eca1ecbf6f
384,hex_socket_head_countersunk_screw_grade_c_m3x0_5_x_10__1cb4a3dadc02821627dad8d7e6578bbe_23,assets/hex_socket_head_countersunk_screw_grade_c_m3x0_5_x_10__1cb4a3dadc02821627dad8d7e6578bbe.stl,catalog_fasteners_and_hardware,0.000665400491340697,-2.2257555296884423e-19,-3.1565794121570914e-21,-0.004190843907588401,0.13863278625426245,0.004833136893162917,0.0077994225513427,7.016813699463784e-09,0.0,0.0,7.016813699463784e-09,0.0,1.2791475269095532e-09,8.585519269790494e-08,7750.264956972535,,True,c6f2bd5eba8853eca1ecbf6f
385,hex_socket_head_countersunk_screw_grade_c_m3x0_5_x_10__1cb4a3dadc02821627dad8d7e6578bbe_24,assets/hex_socket_head_countersunk_screw_grade_c_m3x0_5_x_10__1cb4a3dadc02821627dad8d7e6578bbe.stl,catalog_fasteners_and_hardware,0.000665400491340697,-2.2257555296884423e-19,-3.1565794121570914e-21,-0.004190843907588401,0.10131616312534727,-0.0046389082004034705,0.007799422551342991,7.016813699463784e-09,0.0,0.0,7.016813699463784e-09,0.0,1.2791475269095532e-09,8.585519269790494e-08,7750.264956972535,,True,c6f2bd5eba8853eca1ecbf6f
386,m3_low_profile_socket_head_screw__6mm_l__18_8_ss_30,assets/m3_low_profile_socket_head_screw__6mm_l__18_8_ss.stl,catalog_fasteners_and_hardware,0.0006211045207284469,4.496378366916472e-07,-1.2212095659441424e-06,0.0012212185740947546,0.12006726980307621,0.020848128079627763,0.05357121857408772,4.105658746996272e-09,1.4206308788657533e-13,6.147111898853524e-13,4.105736470004493e-09,-1.4886537407071392e-12,1.6477516864587332e-09,7.726007294857367e-08,8039.139713754482,,True,c897f71ee271aedb99169257
387,m3_low_profile_socket_head_screw__6mm_l__18_8_ss_31,assets/m3_low_profile_socket_head_screw__6mm_l__18_8_ss.stl,catalog_fasteners_and_hardware,0.0006211045207284469,4.496378366916472e-07,-1.2212095659441424e-06,0.0012212185740947546,0.13651631186045568,-0.009748649804465158,0.002928781425896104,4.105658746996272e-09,1.4206308788657533e-13,6.147111898853524e-13,4.105736470004493e-09,-1.4886537407071392e-12,1.6477516864587332e-09,7.726007294857367e-08,8039.139713754482,,True,c897f71ee271aedb99169257
388,m3_low_profile_socket_head_screw__6mm_l__18_8_ss_32,assets/m3_low_profile_socket_head_screw__6mm_l__18_8_ss.stl,catalog_fasteners_and_hardware,0.0006211045207284469,4.496378366916472e-07,-1.2212095659441424e-06,0.0012212185740947546,0.11012947459501729,-0.016446397121830648,0.0029287814258963226,4.105658746996272e-09,1.4206308788657533e-13,6.147111898853524e-13,4.105736470004493e-09,-1.4886537407071392e-12,1.6477516864587332e-09,7.726007294857367e-08,8039.139713754482,,True,c897f71ee271aedb99169257
389,m3_low_profile_socket_head_screw__6mm_l__18_8_ss_33,assets/m3_low_profile_socket_head_screw__6mm_l__18_8_ss.stl,catalog_fasteners_and_hardware,0.0006211045207284469,4.496378366916472e-07,-1.2212095659441424e-06,0.0012212185740947546,0.10536764307458425,0.014836585258209928,0.05357121857408772,4.105658746996272e-09,1.4206308788657533e-13,6.147111898853524e-13,4.105736470004493e-09,-1.4886537407071392e-12,1.6477516864587332e-09,7.726007294857367e-08,8039.139713754482,,True,c897f71ee271aedb99169257
390,m3_low_profile_socket_head_screw__6mm_l__18_8_ss_34,assets/m3_low_profile_socket_head_screw__6mm_l__18_8_ss.stl,catalog_fasteners_and_hardware,0.0006211045207284469,4.496378366916472e-07,-1.2212095659441424e-06,0.0012212185740947546,0.134712278238122,0.014704725033417609,0.05357121857408772,4.105658746996272e-09,1.4206308788657533e-13,6.147111898853524e-13,4.105736470004493e-09,-1.4886537407071392e-12,1.6477516864587332e-09,7.726007294857367e-08,8039.139713754482,,True,c897f71ee271aedb99169257
391,m3_low_profile_socket_head_screw__6mm_l__18_8_ss_35,assets/m3_low_profile_socket_head_screw__6mm_l__18_8_ss.stl,catalog_fasteners_and_hardware,0.0006211045207284469,4.496378366916472e-07,-1.2212095659441424e-06,0.0012212185740947546,0.1407238210595402,5.098304925195009e-06,0.05357121857408772,4.105658746996272e-09,1.4206308788657533e-13,6.147111898853524e-13,4.105736470004493e-09,-1.4886537407071392e-12,1.6477516864587332e-09,7.726007294857367e-08,8039.139713754482,,True,c897f71ee271aedb99169257
392,m3_low_profile_socket_head_screw__6mm_l__18_8_ss_36,assets/m3_low_profile_socket_head_screw__6mm_l__18_8_ss.stl,catalog_fasteners_and_hardware,0.0006211045207284469,4.496378366916472e-07,-1.2212095659441424e-06,0.0012212185740947546,0.10523578284979286,-0.01450804990532837,0.05357121857408773,4.105658746996272e-09,1.4206308788657533e-13,6.147111898853524e-13,4.105736470004493e-09,-1.4886537407071392e-12,1.6477516864587332e-09,7.726007294857367e-08,8039.139713754482,,True,c897f71ee271aedb99169257
393,m3_low_profile_socket_head_screw__6mm_l__18_8_ss_37,assets/m3_low_profile_socket_head_screw__6mm_l__18_8_ss.stl,catalog_fasteners_and_hardware,0.0006211045207284469,4.496378366916472e-07,-1.2212095659441424e-06,0.0012212185740947546,0.12981856454308946,0.016638187460973966,0.0029287814258975604,4.105658746996272e-09,1.4206308788657533e-13,6.147111898853524e-13,4.105736470004493e-09,-1.4886537407071392e-12,1.6477516864587332e-09,7.726007294857367e-08,8039.139713754482,,True,c897f71ee271aedb99169257
394,m3_low_profile_socket_head_screw__6mm_l__18_8_ss_38,assets/m3_low_profile_socket_head_screw__6mm_l__18_8_ss.stl,catalog_fasteners_and_hardware,0.0006211045207284469,4.496378366916472e-07,-1.2212095659441424e-06,0.0012212185740947546,0.1198807912848387,-0.020651452951538522,0.05357121857408772,4.105658746996272e-09,1.4206308788657533e-13,6.147111898853524e-13,4.105736470004493e-09,-1.4886537407071392e-12,1.6477516864587332e-09,7.726007294857367e-08,8039.139713754482,,True,c897f71ee271aedb99169257
395,m3_low_profile_socket_head_screw__6mm_l__18_8_ss_39,assets/m3_low_profile_socket_head_screw__6mm_l__18_8_ss.stl,catalog_fasteners_and_hardware,0.0006211045207284469,4.496378366916472e-07,-1.2212095659441424e-06,0.0012212185740947546,0.1034317272776511,0.009940440143608474,0.002928781425897764,4.105658746996272e-09,1.4206308788657533e-13,6.147111898853524e-13,4.105736470004493e-09,-1.4886537407071392e-12,1.6477516864587332e-09,7.726007294857367e-08,8039.139713754482,,True,c897f71ee271aedb99169257
396,m3_low_profile_socket_head_screw__6mm_l__18_8_ss_40,assets/m3_low_profile_socket_head_screw__6mm_l__18_8_ss.stl,catalog_fasteners_and_hardware,0.0006211045207284469,4.496378366916472e-07,-1.2212095659441424e-06,0.0012212185740947546,0.09922424002837467,0.00019157682316405127,0.05357121857408773,4.105658746996272e-09,1.4206308788657533e-13,6.147111898853524e-13,4.105736470004493e-09,-1.4886537407071392e-12,1.6477516864587332e-09,7.726007294857367e-08,8039.139713754482,,True,c897f71ee271aedb99169257
397,m4_low_profile_socket_head_screw__8mm_l__18_8_ss_33,assets/m4_low_profile_socket_head_screw__8mm_l__18_8_ss.stl,catalog_fasteners_and_hardware,0.0014360273543625498,5.993079289022729e-07,2.427383866312977e-07,0.001566162698562903,-0.20336413875577483,0.25217438301273437,0.050390159255301305,1.6920964131490878e-08,4.194975610991509e-15,1.993992270223131e-12,1.691956690952173e-08,-8.190885933173142e-12,6.1975505898616726e-09,1.7863835505454422e-07,8038.740358553364,,True,8af10677b2501bd9ce00a5d0
398,m4_low_profile_socket_head_screw__8mm_l__18_8_ss_34,assets/m4_low_profile_socket_head_screw__8mm_l__18_8_ss.stl,catalog_fasteners_and_hardware,0.0014360273543625498,5.993079289022729e-07,2.427383866312977e-07,0.001566162698562903,-0.19971580756489254,0.2495300812472311,0.061512090189028236,1.6920964131490878e-08,4.194975610991509e-15,1.993992270223131e-12,1.691956690952173e-08,-8.190885933173142e-12,6.1975505898616726e-09,1.7863835505454422e-07,8038.740358553364,,True,8af10677b2501bd9ce00a5d0
399,m4_low_profile_socket_head_screw__8mm_l__18_8_ss_35,assets/m4_low_profile_socket_head_screw__8mm_l__18_8_ss.stl,catalog_fasteners_and_hardware,0.0014360273543625498,5.993079289022729e-07,2.427383866312977e-07,0.001566162698562903,-0.19009282562685714,0.24255536683759668,0.06317087815748687,1.6920964131490878e-08,4.194975610991509e-15,1.993992270223131e-12,1.691956690952173e-08,-8.190885933173142e-12,6.1975505898616726e-09,1.7863835505454422e-07,8038.740358553364,,True,8af10677b2501bd9ce00a5d0
400,m4_low_profile_socket_head_screw__8mm_l__18_8_ss_36,assets/m4_low_profile_socket_head_screw__8mm_l__18_8_ss.stl,catalog_fasteners_and_hardware,0.0014360273543625498,5.993079289022729e-07,2.427383866312977e-07,0.001566162698562903,-0.18411817487970503,0.23822495419346715,0.05370773519221866,1.6920964131490878e-08,4.194975610991509e-15,1.993992270223131e-12,1.691956690952173e-08,-8.190885933173142e-12,6.1975505898616726e-09,1.7863835505454422e-07,8038.740358553364,,True,8af10677b2501bd9ce00a5d0
401,m4_low_profile_socket_head_screw__8mm_l__18_8_ss_37,assets/m4_low_profile_socket_head_screw__8mm_l__18_8_ss.stl,catalog_fasteners_and_hardware,0.0014360273543625498,5.993079289022729e-07,2.427383866312977e-07,0.001566162698562903,-0.18776650607058748,0.24086925595897038,0.042585804258491795,1.6920964131490878e-08,4.194975610991509e-15,1.993992270223131e-12,1.691956690952173e-08,-8.190885933173142e-12,6.1975505898616726e-09,1.7863835505454422e-07,8038.740358553364,,True,8af10677b2501bd9ce00a5d0
402,m3_low_profile_socket_head_screw__5mm_l__hs_steel_34,assets/m3_low_profile_socket_head_screw__5mm_l__hs_steel.stl,catalog_fasteners_and_hardware,0.0005661645150078846,2.8649982787048754e-07,5.711460076281225e-07,0.0011258481258300179,-0.15191355674343487,0.29033439329292526,0.04258644113354835,2.8989254502074083e-09,-1.9835192503100982e-13,8.664747465795595e-13,2.8988875603361707e-09,1.0555987376104463e-12,1.5916375087936923e-09,7.203356940451148e-08,7859.731506966328,,True,89113c13c1904d01ede0bcb9
403,m3_low_profile_socket_head_screw__5mm_l__hs_steel_35,assets/m3_low_profile_socket_head_screw__5mm_l__hs_steel.stl,catalog_fasteners_and_hardware,0.0005661645150078846,2.8649982787048754e-07,5.711460076281225e-07,0.0011258481258300179,-0.16386285823774005,0.298995218581186,0.06151272706408491,2.8989254502074083e-09,-1.9835192503100982e-13,8.664747465795595e-13,2.8988875603361707e-09,1.0555987376104463e-12,1.5916375087936923e-09,7.203356940451148e-08,7859.731506966328,,True,89113c13c1904d01ede0bcb9
404,m3_low_profile_socket_head_screw__5mm_l__hs_steel_36,assets/m3_low_profile_socket_head_screw__5mm_l__hs_steel.stl,catalog_fasteners_and_hardware,0.0005661645150078846,2.8649982787048754e-07,5.711460076281225e-07,0.0011258481258300179,-0.16751118942862228,0.3016395203466892,0.050390796130358,2.8989254502074083e-09,-1.9835192503100982e-13,8.664747465795595e-13,2.8988875603361707e-09,1.0555987376104463e-12,1.5916375087936923e-09,7.203356940451148e-08,7859.731506966328,,True,89113c13c1904d01ede0bcb9
405,m3_low_profile_socket_head_screw__5mm_l__hs_steel_37,assets/m3_low_profile_socket_head_screw__5mm_l__hs_steel.stl,catalog_fasteners_and_hardware,0.0005661645150078846,2.8649982787048754e-07,5.711460076281225e-07,0.0011258481258300179,-0.14826522555255237,0.28769009152742236,0.053708372067275155,2.8989254502074083e-09,-1.9835192503100982e-13,8.664747465795595e-13,2.8988875603361707e-09,1.0555987376104463e-12,1.5916375087936923e-09,7.203356940451148e-08,7859.731506966328,,True,89113c13c1904d01ede0bcb9
406,m3_low_profile_socket_head_screw__5mm_l__hs_steel_38,assets/m3_low_profile_socket_head_screw__5mm_l__hs_steel.stl,catalog_fasteners_and_hardware,0.0005661645150078846,2.8649982787048754e-07,5.711460076281225e-07,0.0011258481258300179,-0.16153653868146964,0.2973091077025591,0.04092765316508967,2.8989254502074083e-09,-1.9835192503100982e-13,8.664747465795595e-13,2.8988875603361707e-09,1.0555987376104463e-12,1.5916375087936923e-09,7.203356940451148e-08,7859.731506966328,,True,89113c13c1904d01ede0bcb9
407,m3_low_profile_socket_head_screw__6mm_l__18_8_ss_41,assets/m3_low_profile_socket_head_screw__6mm_l__18_8_ss.stl,catalog_fasteners_and_hardware,0.0006211045207284469,4.496378366916472e-07,-1.2212095659441424e-06,0.0012212185740947546,-0.16925030919586473,0.243155278449305,0.03428249333061361,4.105658746996272e-09,1.4206308788657533e-13,6.147111898853524e-13,4.105736470004493e-09,-1.4886537407071392e-12,1.6477516864587332e-09,7.726007294857367e-08,8039.139713754482,,True,c897f71ee271aedb99169257
408,m3_low_profile_socket_head_screw__6mm_l__18_8_ss_42,assets/m3_low_profile_socket_head_screw__6mm_l__18_8_ss.stl,catalog_fasteners_and_hardware,0.0006211045207284469,4.496378366916472e-07,-1.2212095659441424e-06,0.0012212185740947546,-0.16400698813156864,0.23935493181902384,0.05320509753052309,4.105658746996272e-09,1.4206308788657533e-13,6.147111898853524e-13,4.105736470004493e-09,-1.4886537407071392e-12,1.6477516864587332e-09,7.726007294857367e-08,8039.139713754482,,True,c897f71ee271aedb99169257
409,m3_low_profile_socket_head_screw__6mm_l__18_8_ss_43,assets/m3_low_profile_socket_head_screw__6mm_l__18_8_ss.stl,catalog_fasteners_and_hardware,0.0006211045207284469,4.496378366916472e-07,-1.2212095659441424e-06,0.0012212185740947546,-0.14346688259313042,0.26769402256784386,0.05320509753052134,4.105658746996272e-09,1.4206308788657533e-13,6.147111898853524e-13,4.105736470004493e-09,-1.4886537407071392e-12,1.6477516864587332e-09,7.726007294857367e-08,8039.139713754482,,True,c897f71ee271aedb99169257
410,m3_low_profile_socket_head_screw__5mm_l__hs_steel_39,assets/m3_low_profile_socket_head_screw__5mm_l__hs_steel.stl,catalog_fasteners_and_hardware,0.0005661645150078846,2.8649982787048754e-07,5.711460076281225e-07,0.0011258481258300179,-0.10402095438654053,0.254426427298526,0.04002510576317598,2.8989254502074083e-09,-1.9835192503100982e-13,8.664747465795595e-13,2.8988875603361707e-09,1.0555987376104463e-12,1.5916375087936923e-09,7.203356940451148e-08,7859.731506966328,,True,89113c13c1904d01ede0bcb9
411,m3_low_profile_socket_head_screw__5mm_l__hs_steel_40,assets/m3_low_profile_socket_head_screw__5mm_l__hs_steel.stl,catalog_fasteners_and_hardware,0.0005661645150078846,2.8649982787048754e-07,5.711460076281225e-07,0.0011258481258300179,-0.10027712666036247,0.2517129098714823,0.016474721963122264,2.8989254502074083e-09,-1.9835192503100982e-13,8.664747465795595e-13,2.8988875603361707e-09,1.0555987376104463e-12,1.5916375087936923e-09,7.203356940451148e-08,7859.731506966328,,True,89113c13c1904d01ede0bcb9
412,m3_low_profile_socket_head_screw__5mm_l__hs_steel_41,assets/m3_low_profile_socket_head_screw__5mm_l__hs_steel.stl,catalog_fasteners_and_hardware,0.0005661645150078846,2.8649982787048754e-07,5.711460076281225e-07,0.0011258481258300179,-0.0948281075701083,0.2477634738014702,0.03613966909457791,2.8989254502074083e-09,-1.9835192503100982e-13,8.664747465795595e-13,2.8988875603361707e-09,1.0555987376104463e-12,1.5916375087936923e-09,7.203356940451148e-08,7859.731506966328,,True,89113c13c1904d01ede0bcb9
413,m3_low_profile_socket_head_screw__5mm_l__hs_steel_42,assets/m3_low_profile_socket_head_screw__5mm_l__hs_steel.stl,catalog_fasteners_and_hardware,0.0005661645150078846,2.8649982787048754e-07,5.711460076281225e-07,0.0011258481258300179,-0.11134188733988375,0.25973262208205994,0.0321353505317472,2.8989254502074083e-09,-1.9835192503100982e-13,8.664747465795595e-13,2.8988875603361707e-09,1.0555987376104463e-12,1.5916375087936923e-09,7.203356940451148e-08,7859.731506966328,,True,89113c13c1904d01ede0bcb9
414,m3_low_profile_socket_head_screw__5mm_l__hs_steel_43,assets/m3_low_profile_socket_head_screw__5mm_l__hs_steel.stl,catalog_fasteners_and_hardware,0.0005661645150078846,2.8649982787048754e-07,5.711460076281225e-07,0.0011258481258300179,-0.1094699734767947,0.2583758633685381,0.020360158631720335,2.8989254502074083e-09,-1.9835192503100982e-13,8.664747465795595e-13,2.8988875603361707e-09,1.0555987376104463e-12,1.5916375087936923e-09,7.203356940451148e-08,7859.731506966328,,True,89113c13c1904d01ede0bcb9
415,femur_first_stage_3,assets/femur_first_stage.stl,custom_robot_structure,0.02893272756943386,5.237436292258961e-18,0.00021415467942420517,0.018697270116379054,-0.1397243207323396,0.24363114947837458,0.036766465931160404,2.999559672756682e-05,0.0,0.0,1.3134048946438463e-05,-1.6297379220881617e-07,2.1614238937730384e-05,1.0793795474248024e-05,2680.496183058307,,True,881b01051a1ec5c958bf7768
416,pem_m4_self_clinching_nut__300_ss_27,assets/pem_m4_self_clinching_nut__300_ss.stl,catalog_fasteners_and_hardware,0.0008355363884781723,0.0019670757575096427,-1.6173730124900373e-07,5.2308822207170976e-08,-0.14574443294225467,0.26934307764212,0.03302917203854144,6.9682596864700805e-09,-1.9802899489392358e-13,-5.965832925689283e-14,4.099050647002325e-09,7.713958387517938e-14,4.0983762805777485e-09,1.0630266930926216e-07,7859.975614040126,,True,158ec13e4f19f56723423f84
417,m3_low_profile_socket_head_screw__8mm_l__18_8_ss_57,assets/m3_low_profile_socket_head_screw__8mm_l__18_8_ss.stl,catalog_fasteners_and_hardware,0.0007121385343213328,1.365164413103961e-07,-9.514396309709326e-07,0.0014296486293970238,-0.15631158458142122,0.2862177818089654,0.07026151648481062,7.223101107201562e-09,-1.5177735830262759e-13,3.034937396020729e-13,7.2232380572592355e-09,-9.839310460762436e-13,1.7322118524543106e-09,8.856662721258969e-08,8040.7096525417055,,True,626346dce1edef09e7e90546
418,m3_low_profile_socket_head_screw__8mm_l__18_8_ss_58,assets/m3_low_profile_socket_head_screw__8mm_l__18_8_ss.stl,catalog_fasteners_and_hardware,0.0007121385343213328,1.365164413103961e-07,-9.514396309709326e-07,0.0014296486293970238,-0.1664049776301912,0.2935334490722566,0.033835503399984874,7.223101107201562e-09,-1.5177735830262759e-13,3.034937396020729e-13,7.2232380572592355e-09,-9.839310460762436e-13,1.7322118524543106e-09,8.856662721258969e-08,8040.7096525417055,,True,626346dce1edef09e7e90546
419,m3_low_profile_socket_head_screw__8mm_l__18_8_ss_59,assets/m3_low_profile_socket_head_screw__8mm_l__18_8_ss.stl,catalog_fasteners_and_hardware,0.0007121385343213328,1.365164413103961e-07,-9.514396309709326e-07,0.0014296486293970238,-0.2071151404241695,0.26138265172106,0.04787394421389094,7.223101107201562e-09,-1.5177735830262759e-13,3.034937396020729e-13,7.2232380572592355e-09,-9.839310460762436e-13,1.7322118524543106e-09,8.856662721258969e-08,8040.7096525417055,,True,626346dce1edef09e7e90546
420,m3_low_profile_socket_head_screw__8mm_l__18_8_ss_60,assets/m3_low_profile_socket_head_screw__8mm_l__18_8_ss.stl,catalog_fasteners_and_hardware,0.0007121385343213328,1.365164413103961e-07,-9.514396309709326e-07,0.0014296486293970238,-0.19403832890279324,0.25190460984822893,0.07237473446015236,7.223101107201562e-09,-1.5177735830262759e-13,3.034937396020729e-13,7.2232380572592355e-09,-9.839310460762436e-13,1.7322118524543106e-09,8.856662721258969e-08,8040.7096525417055,,True,626346dce1edef09e7e90546
421,m3_low_profile_socket_head_screw__8mm_l__18_8_ss_61,assets/m3_low_profile_socket_head_screw__8mm_l__18_8_ss.stl,catalog_fasteners_and_hardware,0.0007121385343213328,1.365164413103961e-07,-9.514396309709326e-07,0.0014296486293970238,-0.17663014626150442,0.23928720049470306,0.04062904994583842,7.223101107201562e-09,-1.5177735830262759e-13,3.034937396020729e-13,7.2232380572592355e-09,-9.839310460762436e-13,1.7322118524543106e-09,8.856662721258969e-08,8040.7096525417055,,True,626346dce1edef09e7e90546
422,m3_low_profile_socket_head_screw__8mm_l__18_8_ss_62,assets/m3_low_profile_socket_head_screw__8mm_l__18_8_ss.stl,catalog_fasteners_and_hardware,0.0007121385343213328,1.365164413103961e-07,-9.514396309709326e-07,0.0014296486293970238,-0.19990443507787978,0.25615634964481643,0.034724451141244575,7.223101107201562e-09,-1.5177735830262759e-13,3.034937396020729e-13,7.2232380572592355e-09,-9.839310460762436e-13,1.7322118524543106e-09,8.856662721258969e-08,8040.7096525417055,,True,626346dce1edef09e7e90546
423,m3_low_profile_socket_head_screw__8mm_l__18_8_ss_63,assets/m3_low_profile_socket_head_screw__8mm_l__18_8_ss.stl,catalog_fasteners_and_hardware,0.0007121385343213328,1.365164413103961e-07,-9.514396309709326e-07,0.0014296486293970238,-0.17420032552546302,0.2375260722072751,0.056224307923719526,7.223101107201562e-09,-1.5177735830262759e-13,3.034937396020729e-13,7.2232380572592355e-09,-9.839310460762436e-13,1.7322118524543106e-09,8.856662721258969e-08,8040.7096525417055,,True,626346dce1edef09e7e90546
424,m3_low_profile_socket_head_screw__8mm_l__18_8_ss_64,assets/m3_low_profile_socket_head_screw__8mm_l__18_8_ss.stl,catalog_fasteners_and_hardware,0.0007121385343213328,1.365164413103961e-07,-9.514396309709326e-07,0.0014296486293970238,-0.18727713704683926,0.24700411408010617,0.03172351767745812,7.223101107201562e-09,-1.5177735830262759e-13,3.034937396020729e-13,7.2232380572592355e-09,-9.839310460762436e-13,1.7322118524543106e-09,8.856662721258969e-08,8040.7096525417055,,True,626346dce1edef09e7e90546
425,m3_low_profile_socket_head_screw__8mm_l__18_8_ss_65,assets/m3_low_profile_socket_head_screw__8mm_l__18_8_ss.stl,catalog_fasteners_and_hardware,0.0007121385343213328,1.365164413103961e-07,-9.514396309709326e-07,0.0014296486293970238,-0.14661142267111282,0.27918712753908403,0.04581562195318834,7.223101107201562e-09,-1.5177735830262759e-13,3.034937396020729e-13,7.2232380572592355e-09,-9.839310460762436e-13,1.7322118524543106e-09,8.856662721258969e-08,8040.7096525417055,,True,626346dce1edef09e7e90546
426,m3_low_profile_socket_head_screw__8mm_l__18_8_ss_66,assets/m3_low_profile_socket_head_screw__8mm_l__18_8_ss.stl,catalog_fasteners_and_hardware,0.0007121385343213328,1.365164413103961e-07,-9.514396309709326e-07,0.0014296486293970238,-0.17610513954049958,0.300564103342138,0.05828139793160715,7.223101107201562e-09,-1.5177735830262759e-13,3.034937396020729e-13,7.2232380572592355e-09,-9.839310460762436e-13,1.7322118524543106e-09,8.856662721258969e-08,8040.7096525417055,,True,626346dce1edef09e7e90546
427,m3_low_profile_socket_head_screw__8mm_l__18_8_ss_67,assets/m3_low_profile_socket_head_screw__8mm_l__18_8_ss.stl,catalog_fasteners_and_hardware,0.0007121385343213328,1.365164413103961e-07,-9.514396309709326e-07,0.0014296486293970238,-0.18141103087175273,0.24275237428351865,0.06937380099636589,7.223101107201562e-09,-1.5177735830262759e-13,3.034937396020729e-13,7.2232380572592355e-09,-9.839310460762436e-13,1.7322118524543106e-09,8.856662721258969e-08,8040.7096525417055,,True,626346dce1edef09e7e90546
428,motor_bearing_holder_7,assets/motor_bearing_holder.stl,custom_robot_structure,0.014515050518199327,3.9428425384572737e-19,1.750237419510302e-18,0.0024329825491675784,-0.16313637764083103,0.28742384227198925,0.0520489471679297,2.530704534035661e-06,0.0,0.0,2.5307045340356596e-06,0.0,5.000910128465472e-06,5.3691240476767985e-06,2703.429905755286,,True,881b01051a1ec5c958bf7768
429,bearing_insert_7,assets/bearing_insert.stl,custom_robot_structure,0.005562323467948138,1.1864652213259286e-18,1.5278124024661033e-18,0.005597969272893216,-0.16069211287308127,0.29079618332145146,0.05204894716792664,3.778434887061974e-07,0.0,0.0,3.778434887061972e-07,0.0,7.226264278991418e-07,2.0575060437367046e-06,2703.429953404277,,True,881b01051a1ec5c958bf7768
430,motor_flange_7,assets/motor_flange.stl,custom_robot_structure,0.006284657394665203,7.013444274484659e-19,-0.0018970087906854303,1.3865922954187293e-18,-0.19149932400633418,0.24829161340141936,0.05204894716793116,3.775356040564229e-07,0.0,0.0,7.402510137474455e-07,0.0,3.7753560405642284e-07,2.342046312425591e-06,2683.404406361359,,True,881b01051a1ec5c958bf7768
431,hex_socket_head_countersunk_screw_grade_c_m3x0_5_x_10__1cb4a3dadc02821627dad8d7e6578bbe_25,assets/hex_socket_head_countersunk_screw_grade_c_m3x0_5_x_10__1cb4a3dadc02821627dad8d7e6578bbe.stl,catalog_fasteners_and_hardware,0.000665400491340697,-2.2257555296884423e-19,-3.1565794121570914e-21,-0.004190843907588401,-0.17800249906805174,0.2963679374368894,0.04357772409954089,7.016813699463784e-09,0.0,0.0,7.016813699463784e-09,0.0,1.2791475269095532e-09,8.585519269790494e-08,7750.264956972535,,True,c6f2bd5eba8853eca1ecbf6f
432,hex_socket_head_countersunk_screw_grade_c_m3x0_5_x_10__1cb4a3dadc02821627dad8d7e6578bbe_26,assets/hex_socket_head_countersunk_screw_grade_c_m3x0_5_x_10__1cb4a3dadc02821627dad8d7e6578bbe.stl,catalog_fasteners_and_hardware,0.000665400491340697,-2.2257555296884423e-19,-3.1565794121570914e-21,-0.004190843907588401,-0.15001018519734585,0.2760791749545115,0.06052017023631879,7.016813699463784e-09,0.0,0.0,7.016813699463784e-09,0.0,1.2791475269095532e-09,8.585519269790494e-08,7750.264956972535,,True,c6f2bd5eba8853eca1ecbf6f
433,hex_socket_head_countersunk_screw_grade_c_m3x0_5_x_10__1cb4a3dadc02821627dad8d7e6578bbe_27,assets/hex_socket_head_countersunk_screw_grade_c_m3x0_5_x_10__1cb4a3dadc02821627dad8d7e6578bbe.stl,catalog_fasteners_and_hardware,0.000665400491340697,-2.2257555296884423e-19,-3.1565794121570914e-21,-0.004190843907588401,-0.15714729186731227,0.28125213288528916,0.0347630893724486,7.016813699463784e-09,0.0,0.0,7.016813699463784e-09,0.0,1.2791475269095532e-09,8.585519269790494e-08,7750.264956972535,,True,c6f2bd5eba8853eca1ecbf6f
434,hex_socket_head_countersunk_screw_grade_c_m3x0_5_x_10__1cb4a3dadc02821627dad8d7e6578bbe_28,assets/hex_socket_head_countersunk_screw_grade_c_m3x0_5_x_10__1cb4a3dadc02821627dad8d7e6578bbe.stl,catalog_fasteners_and_hardware,0.000665400491340697,-2.2257555296884423e-19,-3.1565794121570914e-21,-0.004190843907588401,-0.17086539239808535,0.2911949795061117,0.06933480496341109,7.016813699463784e-09,0.0,0.0,7.016813699463784e-09,0.0,1.2791475269095532e-09,8.585519269790494e-08,7750.264956972535,,True,c6f2bd5eba8853eca1ecbf6f
435,m4_low_profile_socket_head_screw__8mm_l__18_8_ss_38,assets/m4_low_profile_socket_head_screw__8mm_l__18_8_ss.stl,catalog_fasteners_and_hardware,0.0014360273543625498,5.993079289022729e-07,2.427383866312977e-07,0.001566162698562903,-0.14418573786489478,0.21047754064160987,0.020359599149839855,1.6920964131490878e-08,4.194975610991509e-15,1.993992270223131e-12,1.691956690952173e-08,-8.190885933173142e-12,6.1975505898616726e-09,1.7863835505454422e-07,8038.740358553364,,True,8af10677b2501bd9ce00a5d0
436,m4_low_profile_socket_head_screw__8mm_l__18_8_ss_39,assets/m4_low_profile_socket_head_screw__8mm_l__18_8_ss.stl,catalog_fasteners_and_hardware,0.0014360273543625498,5.993079289022729e-07,2.427383866312977e-07,0.001566162698562903,-0.1387367187746406,0.20652810457159776,0.0400245462812955,1.6920964131490878e-08,4.194975610991509e-15,1.993992270223131e-12,1.691956690952173e-08,-8.190885933173142e-12,6.1975505898616726e-09,1.7863835505454422e-07,8038.740358553364,,True,8af10677b2501bd9ce00a5d0
437,m4_low_profile_socket_head_screw__8mm_l__18_8_ss_40,assets/m4_low_profile_socket_head_screw__8mm_l__18_8_ss.stl,catalog_fasteners_and_hardware,0.0014360273543625498,5.993079289022729e-07,2.427383866312977e-07,0.001566162698562903,-0.12954387195820838,0.19986515107454197,0.03613910961269743,1.6920964131490878e-08,4.194975610991509e-15,1.993992270223131e-12,1.691956690952173e-08,-8.190885933173142e-12,6.1975505898616726e-09,1.7863835505454422e-07,8038.740358553364,,True,8af10677b2501bd9ce00a5d0
438,m4_low_profile_socket_head_screw__8mm_l__18_8_ss_41,assets/m4_low_profile_socket_head_screw__8mm_l__18_8_ss.stl,catalog_fasteners_and_hardware,0.0014360273543625498,5.993079289022729e-07,2.427383866312977e-07,0.001566162698562903,-0.12767195809511933,0.19850839236102014,0.024363917712670578,1.6920964131490878e-08,4.194975610991509e-15,1.993992270223131e-12,1.691956690952173e-08,-8.190885933173142e-12,6.1975505898616726e-09,1.7863835505454422e-07,8038.740358553364,,True,8af10677b2501bd9ce00a5d0
439,m4_low_profile_socket_head_screw__8mm_l__18_8_ss_42,assets/m4_low_profile_socket_head_screw__8mm_l__18_8_ss.stl,catalog_fasteners_and_hardware,0.0014360273543625498,5.993079289022729e-07,2.427383866312977e-07,0.001566162698562903,-0.13499289104846252,0.20381458714455408,0.016474162481241783,1.6920964131490878e-08,4.194975610991509e-15,1.993992270223131e-12,1.691956690952173e-08,-8.190885933173142e-12,6.1975505898616726e-09,1.7863835505454422e-07,8038.740358553364,,True,8af10677b2501bd9ce00a5d0
440,m3_low_profile_socket_head_screw__8mm_l__18_8_ss_68,assets/m3_low_profile_socket_head_screw__8mm_l__18_8_ss.stl,catalog_fasteners_and_hardware,0.0007121385343213328,1.365164413103961e-07,-9.514396309709326e-07,0.0014296486293970238,-0.12089116825838463,0.2600116097029898,0.02825095143962081,7.223101107201562e-09,-1.5177735830262759e-13,3.034937396020729e-13,7.2232380572592355e-09,-9.839310460762436e-13,1.7322118524543106e-09,8.856662721258969e-08,8040.7096525417055,,True,626346dce1edef09e7e90546
441,m3_low_profile_socket_head_screw__8mm_l__18_8_ss_69,assets/m3_low_profile_socket_head_screw__8mm_l__18_8_ss.stl,catalog_fasteners_and_hardware,0.0007121385343213328,1.365164413103961e-07,-9.514396309709326e-07,0.0014296486293970238,-0.13830225785257605,0.21204077682400593,0.008159985022515377,7.223101107201562e-09,-1.5177735830262759e-13,3.034937396020729e-13,7.2232380572592355e-09,-9.839310460762436e-13,1.7322118524543106e-09,8.856662721258969e-08,8040.7096525417055,,True,626346dce1edef09e7e90546
442,m3_low_profile_socket_head_screw__8mm_l__18_8_ss_70,assets/m3_low_profile_socket_head_screw__8mm_l__18_8_ss.stl,catalog_fasteners_and_hardware,0.0007121385343213328,1.365164413103961e-07,-9.514396309709326e-07,0.0014296486293970238,-0.10530466834653401,0.24871455165684947,0.047500951439621665,7.223101107201562e-09,-1.5177735830262759e-13,3.034937396020729e-13,7.2232380572592355e-09,-9.839310460762436e-13,1.7322118524543106e-09,8.856662721258969e-08,8040.7096525417055,,True,626346dce1edef09e7e90546
443,m3_low_profile_socket_head_screw__8mm_l__18_8_ss_71,assets/m3_low_profile_socket_head_screw__8mm_l__18_8_ss.stl,catalog_fasteners_and_hardware,0.0007121385343213328,1.365164413103961e-07,-9.514396309709326e-07,0.0014296486293970238,-0.08971816843468387,0.23741749361070713,0.0282509514396216,7.223101107201562e-09,-1.5177735830262759e-13,3.034937396020729e-13,7.2232380572592355e-09,-9.839310460762436e-13,1.7322118524543106e-09,8.856662721258969e-08,8040.7096525417055,,True,626346dce1edef09e7e90546
444,m3_low_profile_socket_head_screw__8mm_l__18_8_ss_72,assets/m3_low_profile_socket_head_screw__8mm_l__18_8_ss.stl,catalog_fasteners_and_hardware,0.0007121385343213328,1.365164413103961e-07,-9.514396309709326e-07,0.0014296486293970238,-0.1298889727454778,0.20594284779881641,0.04833811209820811,7.223101107201562e-09,-1.5177735830262759e-13,3.034937396020729e-13,7.2232380572592355e-09,-9.839310460762436e-13,1.7322118524543106e-09,8.856662721258969e-08,8040.7096525417055,,True,626346dce1edef09e7e90546
445,m3_low_profile_socket_head_screw__8mm_l__18_8_ss_73,assets/m3_low_profile_socket_head_screw__8mm_l__18_8_ss.stl,catalog_fasteners_and_hardware,0.0007121385343213328,1.365164413103961e-07,-9.514396309709326e-07,0.0014296486293970238,-0.11782973545166134,0.1972023413046751,0.02305366347623235,7.223101107201562e-09,-1.5177735830262759e-13,3.034937396020729e-13,7.2232380572592355e-09,-9.839310460762436e-13,1.7322118524543106e-09,8.856662721258969e-08,8040.7096525417055,,True,626346dce1edef09e7e90546
446,m3_low_profile_socket_head_screw__8mm_l__18_8_ss_74,assets/m3_low_profile_socket_head_screw__8mm_l__18_8_ss.stl,catalog_fasteners_and_hardware,0.0007121385343213328,1.365164413103961e-07,-9.514396309709326e-07,0.0014296486293970238,-0.12556844683263158,0.20281134089839878,0.01037024348119986,7.223101107201562e-09,-1.5177735830262759e-13,3.034937396020729e-13,7.2232380572592355e-09,-9.839310460762436e-13,1.7322118524543106e-09,8.856662721258969e-08,8040.7096525417055,,True,626346dce1edef09e7e90546
447,m3_low_profile_socket_head_screw__8mm_l__18_8_ss_75,assets/m3_low_profile_socket_head_screw__8mm_l__18_8_ss.stl,catalog_fasteners_and_hardware,0.0007121385343213328,1.365164413103961e-07,-9.514396309709326e-07,0.0014296486293970238,-0.11961935588134663,0.198499453933493,0.038780469591796964,7.223101107201562e-09,-1.5177735830262759e-13,3.034937396020729e-13,7.2232380572592355e-09,-9.839310460762436e-13,1.7322118524543106e-09,8.856662721258969e-08,8040.7096525417055,,True,626346dce1edef09e7e90546
448,m3_low_profile_socket_head_screw__8mm_l__18_8_ss_76,assets/m3_low_profile_socket_head_screw__8mm_l__18_8_ss.stl,catalog_fasteners_and_hardware,0.0007121385343213328,1.365164413103961e-07,-9.514396309709326e-07,0.0014296486293970238,-0.14857187471670721,0.21948417068932935,0.01771762752892652,7.223101107201562e-09,-1.5177735830262759e-13,3.034937396020729e-13,7.2232380572592355e-09,-9.839310460762436e-13,1.7322118524543106e-09,8.856662721258969e-08,8040.7096525417055,,True,626346dce1edef09e7e90546
449,m3_low_profile_socket_head_screw__8mm_l__18_8_ss_77,assets/m3_low_profile_socket_head_screw__8mm_l__18_8_ss.stl,catalog_fasteners_and_hardware,0.0007121385343213328,1.365164413103961e-07,-9.514396309709326e-07,0.0014296486293970238,-0.15036149514639252,0.22078128331814728,0.03344443364449112,7.223101107201562e-09,-1.5177735830262759e-13,3.034937396020729e-13,7.2232380572592355e-09,-9.839310460762436e-13,1.7322118524543106e-09,8.856662721258969e-08,8040.7096525417055,,True,626346dce1edef09e7e90546
450,m3_low_profile_socket_head_screw__8mm_l__18_8_ss_78,assets/m3_low_profile_socket_head_screw__8mm_l__18_8_ss.stl,catalog_fasteners_and_hardware,0.0007121385343213328,1.365164413103961e-07,-9.514396309709326e-07,0.0014296486293970238,-0.10530466834653449,0.24871455165684744,0.009000951439620729,7.223101107201562e-09,-1.5177735830262759e-13,3.034937396020729e-13,7.2232380572592355e-09,-9.839310460762436e-13,1.7322118524543106e-09,8.856662721258969e-08,8040.7096525417055,,True,626346dce1edef09e7e90546
451,first_joint_bottom_plate_3,assets/first_joint_bottom_plate.stl,custom_robot_structure,0.026471250764240534,-0.039525625489529766,0.00012940881758844884,0.008945423423175058,-0.11195301722107923,0.22339790998217712,0.011095423423166226,1.4879271858739318e-05,3.146428161915361e-08,1.9049410492075228e-06,2.129262711779452e-05,-5.998540955844314e-08,2.5612238901067855e-05,9.875326668744377e-06,2680.5443153614974,,True,881b01051a1ec5c958bf7768
452,pem_bsos_m3_6____c8b4713a2b299da432156142d6d3e6d8_3,assets/pem_bsos_m3_6____c8b4713a2b299da432156142d6d3e6d8.stl,catalog_fasteners_and_hardware,0.0004708484897520461,1.2857871311771532e-18,-7.140615387249737e-20,-0.002704641119787707,-0.13554464328572619,0.2541079700998222,0.004854641119777432,2.2347559044838597e-09,0.0,0.0,2.2347559044838597e-09,0.0,1.3514971868074787e-09,6.076658976780734e-08,7748.476449825232,,True,2822c454ce56982d40f39cf0
453,motor_bearing_holder_8,assets/motor_bearing_holder.stl,custom_robot_structure,0.014515050518199327,3.9428425384572737e-19,1.750237419510302e-18,0.0024329825491675784,-0.10682865874903992,0.2466121416102763,0.028249999999992552,2.530704534035661e-06,0.0,0.0,2.5307045340356596e-06,0.0,5.000910128465472e-06,5.3691240476767985e-06,2703.429905755286,,True,881b01051a1ec5c958bf7768
454,bearing_insert_8,assets/bearing_insert.stl,custom_robot_structure,0.005562323467948138,1.1864652213259286e-18,1.5278124024661033e-18,0.005597969272893216,-0.10438439398128957,0.24998448265973902,0.028249999999988194,3.778434887061974e-07,0.0,0.0,3.778434887061972e-07,0.0,7.226264278991418e-07,2.0575060437367046e-06,2703.429953404277,,True,881b01051a1ec5c958bf7768
455,motor_flange_8,assets/motor_flange.stl,custom_robot_structure,0.006284657394665203,7.013444274484659e-19,-0.0018970087906854303,1.3865922954187293e-18,-0.13519160511454423,0.20747991273970798,0.02824999999999082,3.775356040564229e-07,0.0,0.0,7.402510137474455e-07,0.0,3.7753560405642284e-07,2.342046312425591e-06,2683.404406361359,,True,881b01051a1ec5c958bf7768
456,hex_socket_head_countersunk_screw_grade_c_m3x0_5_x_10__1cb4a3dadc02821627dad8d7e6578bbe_29,assets/hex_socket_head_countersunk_screw_grade_c_m3x0_5_x_10__1cb4a3dadc02821627dad8d7e6578bbe.stl,catalog_fasteners_and_hardware,0.000665400491340697,-2.2257555296884423e-19,-3.1565794121570914e-21,-0.004190843907588401,-0.09667730345827583,0.23742362918210438,0.014638194462149662,7.016813699463784e-09,0.0,0.0,7.016813699463784e-09,0.0,1.2791475269095532e-09,8.585519269790494e-08,7750.264956972535,,True,c6f2bd5eba8853eca1ecbf6f
457,hex_socket_head_countersunk_screw_grade_c_m3x0_5_x_10__1cb4a3dadc02821627dad8d7e6578bbe_30,assets/hex_socket_head_countersunk_screw_grade_c_m3x0_5_x_10__1cb4a3dadc02821627dad8d7e6578bbe.stl,catalog_fasteners_and_hardware,0.000665400491340697,-2.2257555296884423e-19,-3.1565794121570914e-21,-0.004190843907588401,-0.11871994302353953,0.2534000818858703,0.04186180553783547,7.016813699463784e-09,0.0,0.0,7.016813699463784e-09,0.0,1.2791475269095532e-09,8.585519269790494e-08,7750.264956972535,,True,c6f2bd5eba8853eca1ecbf6f
458,hex_socket_head_countersunk_screw_grade_c_m3x0_5_x_10__1cb4a3dadc02821627dad8d7e6578bbe_31,assets/hex_socket_head_countersunk_screw_grade_c_m3x0_5_x_10__1cb4a3dadc02821627dad8d7e6578bbe.stl,catalog_fasteners_and_hardware,0.000665400491340697,-2.2257555296884423e-19,-3.1565794121570914e-21,-0.004190843907588401,-0.09667730345827238,0.2374236291821028,0.04186180553783175,7.016813699463784e-09,0.0,0.0,7.016813699463784e-09,0.0,1.2791475269095532e-09,8.585519269790494e-08,7750.264956972535,,True,c6f2bd5eba8853eca1ecbf6f
459,hex_socket_head_countersunk_screw_grade_c_m3x0_5_x_10__1cb4a3dadc02821627dad8d7e6578bbe_32,assets/hex_socket_head_countersunk_screw_grade_c_m3x0_5_x_10__1cb4a3dadc02821627dad8d7e6578bbe.stl,catalog_fasteners_and_hardware,0.000665400491340697,-2.2257555296884423e-19,-3.1565794121570914e-21,-0.004190843907588401,-0.11871994302354297,0.2534000818858719,0.01463819446215338,7.016813699463784e-09,0.0,0.0,7.016813699463784e-09,0.0,1.2791475269095532e-09,8.585519269790494e-08,7750.264956972535,,True,c6f2bd5eba8853eca1ecbf6f
460,motor_bearing_holder_9,assets/motor_bearing_holder.stl,custom_robot_structure,0.014515050518199327,3.9428425384572737e-19,1.750237419510302e-18,0.0024329825491675784,-0.08002552531020118,0.2000971143463744,0.006317017450824268,2.530704534035661e-06,0.0,0.0,2.5307045340356596e-06,0.0,5.000910128465472e-06,5.3691240476767985e-06,2703.429905755286,,True,881b01051a1ec5c958bf7768
461,bearing_insert_9,assets/bearing_insert.stl,custom_robot_structure,0.005562323467948138,1.1864652213259286e-18,1.5278124024661033e-18,0.005597969272893216,-0.08002552531020123,0.20009711434637417,0.0021520307270985533,3.778434887061974e-07,0.0,0.0,3.778434887061972e-07,0.0,7.226264278991418e-07,2.0575060437367046e-06,2703.429953404277,,True,881b01051a1ec5c958bf7768
462,motor_flange_9,assets/motor_flange.stl,custom_robot_structure,0.006284657394665203,7.013444274484659e-19,-0.0018970087906854303,1.3865922954187293e-18,-0.0800255253101997,0.20009711434637867,0.054647008790685486,3.775356040564229e-07,0.0,0.0,7.402510137474455e-07,0.0,3.7753560405642284e-07,2.342046312425591e-06,2683.404406361359,,True,881b01051a1ec5c958bf7768
463,hex_socket_head_countersunk_screw_grade_c_m3x0_5_x_10__1cb4a3dadc02821627dad8d7e6578bbe_33,assets/hex_socket_head_countersunk_screw_grade_c_m3x0_5_x_10__1cb4a3dadc02821627dad8d7e6578bbe.stl,catalog_fasteners_and_hardware,0.000665400491340697,-2.2257555296884423e-19,-3.1565794121570914e-21,-0.004190843907588401,-0.0729908531307388,0.21801570489718294,0.007799422551341884,7.016813699463784e-09,0.0,0.0,7.016813699463784e-09,0.0,1.2791475269095532e-09,8.585519269790494e-08,7750.264956972535,,True,c6f2bd5eba8853eca1ecbf6f
464,hex_socket_head_countersunk_screw_grade_c_m3x0_5_x_10__1cb4a3dadc02821627dad8d7e6578bbe_34,assets/hex_socket_head_countersunk_screw_grade_c_m3x0_5_x_10__1cb4a3dadc02821627dad8d7e6578bbe.stl,catalog_fasteners_and_hardware,0.000665400491340697,-2.2257555296884423e-19,-3.1565794121570914e-21,-0.004190843907588401,-0.08706019748966354,0.18217852379556598,0.007799422551343975,7.016813699463784e-09,0.0,0.0,7.016813699463784e-09,0.0,1.2791475269095532e-09,8.585519269790494e-08,7750.264956972535,,True,c6f2bd5eba8853eca1ecbf6f
465,hex_socket_head_countersunk_screw_grade_c_m3x0_5_x_10__1cb4a3dadc02821627dad8d7e6578bbe_35,assets/hex_socket_head_countersunk_screw_grade_c_m3x0_5_x_10__1cb4a3dadc02821627dad8d7e6578bbe.stl,catalog_fasteners_and_hardware,0.000665400491340697,-2.2257555296884423e-19,-3.1565794121570914e-21,-0.004190843907588401,-0.0979441158610089,0.20713178652583697,0.0077994225513428,7.016813699463784e-09,0.0,0.0,7.016813699463784e-09,0.0,1.2791475269095532e-09,8.585519269790494e-08,7750.264956972535,,True,c6f2bd5eba8853eca1ecbf6f
466,hex_socket_head_countersunk_screw_grade_c_m3x0_5_x_10__1cb4a3dadc02821627dad8d7e6578bbe_36,assets/hex_socket_head_countersunk_screw_grade_c_m3x0_5_x_10__1cb4a3dadc02821627dad8d7e6578bbe.stl,catalog_fasteners_and_hardware,0.000665400491340697,-2.2257555296884423e-19,-3.1565794121570914e-21,-0.004190843907588401,-0.062106934759393405,0.19306244216691199,0.00779942255134306,7.016813699463784e-09,0.0,0.0,7.016813699463784e-09,0.0,1.2791475269095532e-09,8.585519269790494e-08,7750.264956972535,,True,c6f2bd5eba8853eca1ecbf6f
467,m3_low_profile_socket_head_screw__6mm_l__18_8_ss_44,assets/m3_low_profile_socket_head_screw__6mm_l__18_8_ss.stl,catalog_fasteners_and_hardware,0.0006211045207284469,4.496378366916472e-07,-1.2212095659441424e-06,0.0012212185740947546,-0.09220322620644329,0.18329482930022634,0.053571218574087746,4.105658746996272e-09,1.4206308788657533e-13,6.147111898853524e-13,4.105736470004493e-09,-1.4886537407071392e-12,1.6477516864587332e-09,7.726007294857367e-08,8039.139713754482,,True,c897f71ee271aedb99169257
468,m3_low_profile_socket_head_screw__6mm_l__18_8_ss_45,assets/m3_low_profile_socket_head_screw__6mm_l__18_8_ss.stl,catalog_fasteners_and_hardware,0.0006211045207284469,4.496378366916472e-07,-1.2212095659441424e-06,0.0012212185740947546,-0.08772053705072219,0.21774246056025234,0.002928781425896203,4.105658746996272e-09,1.4206308788657533e-13,6.147111898853524e-13,4.105736470004493e-09,-1.4886537407071392e-12,1.6477516864587332e-09,7.726007294857367e-08,8039.139713754482,,True,c897f71ee271aedb99169257
469,m3_low_profile_socket_head_screw__6mm_l__18_8_ss_46,assets/m3_low_profile_socket_head_screw__6mm_l__18_8_ss.stl,catalog_fasteners_and_hardware,0.0006211045207284469,4.496378366916472e-07,-1.2212095659441424e-06,0.0012212185740947546,-0.06237982327515974,0.2077939317572079,0.0029287814258964068,4.105658746996272e-09,1.4206308788657533e-13,6.147111898853524e-13,4.105736470004493e-09,-1.4886537407071392e-12,1.6477516864587332e-09,7.726007294857367e-08,8039.139713754482,,True,c897f71ee271aedb99169257
470,m3_low_profile_socket_head_screw__6mm_l__18_8_ss_47,assets/m3_low_profile_socket_head_screw__6mm_l__18_8_ss.stl,catalog_fasteners_and_hardware,0.0006211045207284469,4.496378366916472e-07,-1.2212095659441424e-06,0.0012212185740947546,-0.07675643954953648,0.17960505220306522,0.053571218574087774,4.105658746996272e-09,1.4206308788657533e-13,6.147111898853524e-13,4.105736470004493e-09,-1.4886537407071392e-12,1.6477516864587332e-09,7.726007294857367e-08,8039.139713754482,,True,c897f71ee271aedb99169257
471,m3_low_profile_socket_head_screw__6mm_l__18_8_ss_48,assets/m3_low_profile_socket_head_screw__6mm_l__18_8_ss.stl,catalog_fasteners_and_hardware,0.0006211045207284469,4.496378366916472e-07,-1.2212095659441424e-06,0.0012212185740947546,-0.10051668739261449,0.19682642329933692,0.053571218574087774,4.105658746996272e-09,1.4206308788657533e-13,6.147111898853524e-13,4.105736470004493e-09,-1.4886537407071392e-12,1.6477516864587332e-09,7.726007294857367e-08,8039.139713754482,,True,c897f71ee271aedb99169257
472,m3_low_profile_socket_head_screw__6mm_l__18_8_ss_49,assets/m3_low_profile_socket_head_screw__6mm_l__18_8_ss.stl,catalog_fasteners_and_hardware,0.0006211045207284469,4.496378366916472e-07,-1.2212095659441424e-06,0.0012212185740947546,-0.0968269102954534,0.2122732099562443,0.053571218574087746,4.105658746996272e-09,1.4206308788657533e-13,6.147111898853524e-13,4.105736470004493e-09,-1.4886537407071392e-12,1.6477516864587332e-09,7.726007294857367e-08,8039.139713754482,,True,c897f71ee271aedb99169257
473,m3_low_profile_socket_head_screw__6mm_l__18_8_ss_50,assets/m3_low_profile_socket_head_screw__6mm_l__18_8_ss.stl,catalog_fasteners_and_hardware,0.0006211045207284469,4.496378366916472e-07,-1.2212095659441424e-06,0.0012212185740947546,-0.05953506845326527,0.20336530004614428,0.05357121857408774,4.105658746996272e-09,1.4206308788657533e-13,6.147111898853524e-13,4.105736470004493e-09,-1.4886537407071392e-12,1.6477516864587332e-09,7.726007294857367e-08,8039.139713754482,,True,c897f71ee271aedb99169257
474,m3_low_profile_socket_head_screw__6mm_l__18_8_ss_51,assets/m3_low_profile_socket_head_screw__6mm_l__18_8_ss.stl,catalog_fasteners_and_hardware,0.0006211045207284469,4.496378366916472e-07,-1.2212095659441424e-06,0.0012212185740947546,-0.09766906585376647,0.19240174678468885,0.002928781425897662,4.105658746996272e-09,1.4206308788657533e-13,6.147111898853524e-13,4.105736470004493e-09,-1.4886537407071392e-12,1.6477516864587332e-09,7.726007294857367e-08,8039.139713754482,,True,c897f71ee271aedb99169257
475,m3_low_profile_socket_head_screw__6mm_l__18_8_ss_52,assets/m3_low_profile_socket_head_screw__6mm_l__18_8_ss.stl,catalog_fasteners_and_hardware,0.0006211045207284469,4.496378366916472e-07,-1.2212095659441424e-06,0.0012212185740947546,-0.0678485296394365,0.21689689404525483,0.053571218574087774,4.105658746996272e-09,1.4206308788657533e-13,6.147111898853524e-13,4.105736470004493e-09,-1.4886537407071392e-12,1.6477516864587332e-09,7.726007294857367e-08,8039.139713754482,,True,c897f71ee271aedb99169257
476,m3_low_profile_socket_head_screw__6mm_l__18_8_ss_53,assets/m3_low_profile_socket_head_screw__6mm_l__18_8_ss.stl,catalog_fasteners_and_hardware,0.0006211045207284469,4.496378366916472e-07,-1.2212095659441424e-06,0.0012212185740947546,-0.07232835207820404,0.18245321798164438,0.002928781425897839,4.105658746996272e-09,1.4206308788657533e-13,6.147111898853524e-13,4.105736470004493e-09,-1.4886537407071392e-12,1.6477516864587332e-09,7.726007294857367e-08,8039.139713754482,,True,c897f71ee271aedb99169257
477,m3_low_profile_socket_head_screw__6mm_l__18_8_ss_54,assets/m3_low_profile_socket_head_screw__6mm_l__18_8_ss.stl,catalog_fasteners_and_hardware,0.0006211045207284469,4.496378366916472e-07,-1.2212095659441424e-06,0.0012212185740947546,-0.06322484555042637,0.1879185133892369,0.053571218574087746,4.105658746996272e-09,1.4206308788657533e-13,6.147111898853524e-13,4.105736470004493e-09,-1.4886537407071392e-12,1.6477516864587332e-09,7.726007294857367e-08,8039.139713754482,,True,c897f71ee271aedb99169257
478,m4_low_profile_socket_head_screw__8mm_l__18_8_ss_43,assets/m4_low_profile_socket_head_screw__8mm_l__18_8_ss.stl,catalog_fasteners_and_hardware,0.0014360273543625498,5.993079289022729e-07,2.427383866312977e-07,0.001566162698562903,-0.1451066297542787,-0.2995610419611804,0.06675550175961523,1.6920964131490878e-08,4.194975610991509e-15,1.993992270223131e-12,1.691956690952173e-08,-8.190885933173142e-12,6.1975505898616726e-09,1.7863835505454422e-07,8038.740358553364,,True,8af10677b2501bd9ce00a5d0
479,m4_low_profile_socket_head_screw__8mm_l__18_8_ss_44,assets/m4_low_profile_socket_head_screw__8mm_l__18_8_ss.stl,catalog_fasteners_and_hardware,0.0014360273543625498,5.993079289022729e-07,2.427383866312977e-07,0.001566162698562903,-0.14677694858238508,-0.30107281444826145,0.07854212888359688,1.6920964131490878e-08,4.194975610991509e-15,1.993992270223131e-12,1.691956690952173e-08,-8.190885933173142e-12,6.1975505898616726e-09,1.7863835505454422e-07,8038.740358553364,,True,8af10677b2501bd9ce00a5d0
480,m4_low_profile_socket_head_screw__8mm_l__18_8_ss_45,assets/m4_low_profile_socket_head_screw__8mm_l__18_8_ss.stl,catalog_fasteners_and_hardware,0.0014360273543625498,5.993079289022729e-07,2.427383866312977e-07,0.001566162698562903,-0.14004406631967806,-0.29497901607142285,0.08638648467479917,1.6920964131490878e-08,4.194975610991509e-15,1.993992270223131e-12,1.691956690952173e-08,-8.190885933173142e-12,6.1975505898616726e-09,1.7863835505454422e-07,8038.740358553364,,True,8af10677b2501bd9ce00a5d0
481,m4_low_profile_socket_head_screw__8mm_l__18_8_ss_46,assets/m4_low_profile_socket_head_screw__8mm_l__18_8_ss.stl,catalog_fasteners_and_hardware,0.0014360273543625498,5.993079289022729e-07,2.427383866312977e-07,0.001566162698562903,-0.1316408652288652,-0.28737344520750324,0.08244421334201987,1.6920964131490878e-08,4.194975610991509e-15,1.993992270223131e-12,1.691956690952173e-08,-8.190885933173142e-12,6.1975505898616726e-09,1.7863835505454422e-07,8038.740358553364,,True,8af10677b2501bd9ce00a5d0
482,m4_low_profile_socket_head_screw__8mm_l__18_8_ss_47,assets/m4_low_profile_socket_head_screw__8mm_l__18_8_ss.stl,catalog_fasteners_and_hardware,0.0014360273543625498,5.993079289022729e-07,2.427383866312977e-07,0.001566162698562903,-0.1299705464007588,-0.2858616727204221,0.07065758621803828,1.6920964131490878e-08,4.194975610991509e-15,1.993992270223131e-12,1.691956690952173e-08,-8.190885933173142e-12,6.1975505898616726e-09,1.7863835505454422e-07,8038.740358553364,,True,8af10677b2501bd9ce00a5d0
483,m3_low_profile_socket_head_screw__5mm_l__hs_steel_44,assets/m3_low_profile_socket_head_screw__5mm_l__hs_steel.stl,catalog_fasteners_and_hardware,0.0005661645150078846,2.8649982787048754e-07,5.711460076281225e-07,0.0011258481258300179,-0.17096580274204615,-0.2405668303638829,0.07065844435701334,2.8989254502074083e-09,-1.9835192503100982e-13,8.664747465795595e-13,2.8988875603361707e-09,1.0555987376104463e-12,1.5916375087936923e-09,7.203356940451148e-08,7859.731506966328,,True,89113c13c1904d01ede0bcb9
484,m3_low_profile_socket_head_screw__5mm_l__hs_steel_45,assets/m3_low_profile_socket_head_screw__5mm_l__hs_steel.stl,catalog_fasteners_and_hardware,0.0005661645150078846,2.8649982787048754e-07,5.711460076281225e-07,0.0011258481258300179,-0.18777220492367236,-0.2557779720917222,0.07854298702257191,2.8989254502074083e-09,-1.9835192503100982e-13,8.664747465795595e-13,2.8988875603361707e-09,1.0555987376104463e-12,1.5916375087936923e-09,7.203356940451148e-08,7859.731506966328,,True,89113c13c1904d01ede0bcb9
485,m3_low_profile_socket_head_screw__5mm_l__hs_steel_46,assets/m3_low_profile_socket_head_screw__5mm_l__hs_steel.stl,catalog_fasteners_and_hardware,0.0005661645150078846,2.8649982787048754e-07,5.711460076281225e-07,0.0011258481258300179,-0.18610188609556602,-0.2542661996046411,0.0667563598985904,2.8989254502074083e-09,-1.9835192503100982e-13,8.664747465795595e-13,2.8988875603361707e-09,1.0555987376104463e-12,1.5916375087936923e-09,7.203356940451148e-08,7859.731506966328,,True,89113c13c1904d01ede0bcb9
486,m3_low_profile_socket_head_screw__5mm_l__hs_steel_47,assets/m3_low_profile_socket_head_screw__5mm_l__hs_steel.stl,catalog_fasteners_and_hardware,0.0005661645150078846,2.8649982787048754e-07,5.711460076281225e-07,0.0011258481258300179,-0.1726361215701525,-0.24207860285096397,0.08244507148099496,2.8989254502074083e-09,-1.9835192503100982e-13,8.664747465795595e-13,2.8988875603361707e-09,1.0555987376104463e-12,1.5916375087936923e-09,7.203356940451148e-08,7859.731506966328,,True,89113c13c1904d01ede0bcb9
487,m3_low_profile_socket_head_screw__5mm_l__hs_steel_48,assets/m3_low_profile_socket_head_screw__5mm_l__hs_steel.stl,catalog_fasteners_and_hardware,0.0005661645150078846,2.8649982787048754e-07,5.711460076281225e-07,0.0011258481258300179,-0.17769868500475283,-0.2466606287407214,0.0628140885658111,2.8989254502074083e-09,-1.9835192503100982e-13,8.664747465795595e-13,2.8988875603361707e-09,1.0555987376104463e-12,1.5916375087936923e-09,7.203356940451148e-08,7859.731506966328,,True,89113c13c1904d01ede0bcb9
488,m3_low_profile_socket_head_screw__6mm_l__18_8_ss_55,assets/m3_low_profile_socket_head_screw__6mm_l__18_8_ss.stl,catalog_fasteners_and_hardware,0.0006211045207284469,4.496378366916472e-07,-1.2212095659441424e-06,0.0012212185740947546,-0.13682396365598742,-0.2749117878671169,0.050664694280137944,4.105658746996272e-09,1.4206308788657533e-13,6.147111898853524e-13,4.105736470004493e-09,-1.4886537407071392e-12,1.6477516864587332e-09,7.726007294857367e-08,8039.139713754482,,True,c897f71ee271aedb99169257
489,m3_low_profile_socket_head_screw__6mm_l__18_8_ss_56,assets/m3_low_profile_socket_head_screw__6mm_l__18_8_ss.stl,catalog_fasteners_and_hardware,0.0006211045207284469,4.496378366916472e-07,-1.2212095659441424e-06,0.0012212185740947546,-0.12747322605853142,-0.2664486204790219,0.06618688820189438,4.105658746996272e-09,1.4206308788657533e-13,6.147111898853524e-13,4.105736470004493e-09,-1.4886537407071392e-12,1.6477516864587332e-09,7.726007294857367e-08,8039.139713754482,,True,c897f71ee271aedb99169257
490,m3_low_profile_socket_head_screw__6mm_l__18_8_ss_57,assets/m3_low_profile_socket_head_screw__6mm_l__18_8_ss.stl,catalog_fasteners_and_hardware,0.0006211045207284469,4.496378366916472e-07,-1.2212095659441424e-06,0.0012212185740947546,-0.15095973371240926,-0.24049897774112758,0.06618688820189385,4.105658746996272e-09,1.4206308788657533e-13,6.147111898853524e-13,4.105736470004493e-09,-1.4886537407071392e-12,1.6477516864587332e-09,7.726007294857367e-08,8039.139713754482,,True,c897f71ee271aedb99169257
491,m3_low_profile_socket_head_screw__5mm_l__hs_steel_49,assets/m3_low_profile_socket_head_screw__5mm_l__hs_steel.stl,catalog_fasteners_and_hardware,0.0005661645150078846,2.8649982787048754e-07,5.711460076281225e-07,0.0011258481258300179,-0.1350186882446722,-0.20933741468510908,0.0400992938973497,2.8989254502074083e-09,-1.9835192503100982e-13,8.664747465795595e-13,2.8988875603361707e-09,1.0555987376104463e-12,1.5916375087936923e-09,7.203356940451148e-08,7859.731506966328,,True,89113c13c1904d01ede0bcb9
492,m3_low_profile_socket_head_screw__5mm_l__hs_steel_50,assets/m3_low_profile_socket_head_screw__5mm_l__hs_steel.stl,catalog_fasteners_and_hardware,0.0005661645150078846,2.8649982787048754e-07,5.711460076281225e-07,0.0011258481258300179,-0.13783119603555982,-0.2118829597789083,0.01640098171901859,2.8989254502074083e-09,-1.9835192503100982e-13,8.664747465795595e-13,2.8988875603361707e-09,1.0555987376104463e-12,1.5916375087936923e-09,7.203356940451148e-08,7859.731506966328,,True,89113c13c1904d01ede0bcb9
493,m3_low_profile_socket_head_screw__5mm_l__hs_steel_51,assets/m3_low_profile_socket_head_screw__5mm_l__hs_steel.stl,catalog_fasteners_and_hardware,0.0005661645150078846,2.8649982787048754e-07,5.711460076281225e-07,0.0011258481258300179,-0.12811362447133684,-0.203087778233424,0.03253211882946991,2.8989254502074083e-09,-1.9835192503100982e-13,8.664747465795595e-13,2.8988875603361707e-09,1.0555987376104463e-12,1.5916375087936923e-09,7.203356940451148e-08,7859.731506966328,,True,89113c13c1904d01ede0bcb9
494,m3_low_profile_socket_head_screw__5mm_l__hs_steel_52,assets/m3_low_profile_socket_head_screw__5mm_l__hs_steel.stl,catalog_fasteners_and_hardware,0.0005661645150078846,2.8649982787048754e-07,5.711460076281225e-07,0.0011258481258300179,-0.1433300059134514,-0.21685982368369386,0.035817312876063906,2.8989254502074083e-09,-1.9835192503100982e-13,8.664747465795595e-13,2.8988875603361707e-09,1.0555987376104463e-12,1.5916375087936923e-09,7.203356940451148e-08,7859.731506966328,,True,89113c13c1904d01ede0bcb9
495,m3_low_profile_socket_head_screw__5mm_l__hs_steel_53,assets/m3_low_profile_socket_head_screw__5mm_l__hs_steel.stl,catalog_fasteners_and_hardware,0.0005661645150078846,2.8649982787048754e-07,5.711460076281225e-07,0.0011258481258300179,-0.14473625980889523,-0.21813259623059342,0.02396815678689837,2.8989254502074083e-09,-1.9835192503100982e-13,8.664747465795595e-13,2.8988875603361707e-09,1.0555987376104463e-12,1.5916375087936923e-09,7.203356940451148e-08,7859.731506966328,,True,89113c13c1904d01ede0bcb9
496,femur_first_stage_4,assets/femur_first_stage.stl,custom_robot_structure,0.02893272756943386,5.237436292258961e-18,0.00021415467942420517,0.018697270116379054,-0.13163390109629816,-0.2463237597786237,0.04483644681603583,2.999559672756682e-05,0.0,0.0,1.3134048946438463e-05,-1.6297379220881617e-07,2.1614238937730384e-05,1.0793795474248024e-05,2680.496183058307,,True,881b01051a1ec5c958bf7768
497,pem_m4_self_clinching_nut__300_ss_28,assets/pem_m4_self_clinching_nut__300_ss.stl,catalog_fasteners_and_hardware,0.0008355363884781723,0.0019670757575096427,-1.6173730124900373e-07,5.2308822207170976e-08,-0.1580811053386333,-0.24694625541795914,0.04822322308567233,6.9682596864700805e-09,-1.9802899489392358e-13,-5.965832925689283e-14,4.099050647002325e-09,7.713958387517938e-14,4.0983762805777485e-09,1.0630266930926216e-07,7859.975614040126,,True,158ec13e4f19f56723423f84
498,m3_low_profile_socket_head_screw__8mm_l__18_8_ss_79,assets/m3_low_profile_socket_head_screw__8mm_l__18_8_ss.stl,catalog_fasteners_and_hardware,0.0007121385343213328,1.365164413103961e-07,-9.514396309709326e-07,0.0014296486293970238,-0.16639946448246618,-0.24441080019802836,0.0895396142087032,7.223101107201562e-09,-1.5177735830262759e-13,3.034937396020729e-13,7.2232380572592355e-09,-9.839310460762436e-13,1.7322118524543106e-09,8.856662721258969e-08,8040.7096525417055,,True,626346dce1edef09e7e90546
499,m3_low_profile_socket_head_screw__8mm_l__18_8_ss_80,assets/m3_low_profile_socket_head_screw__8mm_l__18_8_ss.stl,catalog_fasteners_and_hardware,0.0007121385343213328,1.365164413103961e-07,-9.514396309709326e-07,0.0014296486293970238,-0.18439963435756895,-0.2607023974201112,0.05965939090932209,7.223101107201562e-09,-1.5177735830262759e-13,3.034937396020729e-13,7.2232380572592355e-09,-9.839310460762436e-13,1.7322118524543106e-09,8.856662721258969e-08,8040.7096525417055,,True,626346dce1edef09e7e90546
500,m3_low_profile_socket_head_screw__8mm_l__18_8_ss_81,assets/m3_low_profile_socket_head_screw__8mm_l__18_8_ss.stl,catalog_fasteners_and_hardware,0.0007121385343213328,1.365164413103961e-07,-9.514396309709326e-07,0.0014296486293970238,-0.1571116465989187,-0.30333943415625225,0.07770150187118562,7.223101107201562e-09,-1.5177735830262759e-13,3.034937396020729e-13,7.2232380572592355e-09,-9.839310460762436e-13,1.7322118524543106e-09,8.856662721258969e-08,8040.7096525417055,,True,626346dce1edef09e7e90546
501,m3_low_profile_socket_head_screw__8mm_l__18_8_ss_82,assets/m3_low_profile_socket_head_screw__8mm_l__18_8_ss.stl,catalog_fasteners_and_hardware,0.0007121385343213328,1.365164413103961e-07,-9.514396309709326e-07,0.0014296486293970238,-0.13960097184196124,-0.28749086927010503,0.09511770870865861,7.223101107201562e-09,-1.5177735830262759e-13,3.034937396020729e-13,7.2232380572592355e-09,-9.839310460762436e-13,1.7322118524543106e-09,8.856662721258969e-08,8040.7096525417055,,True,626346dce1edef09e7e90546
502,m3_low_profile_socket_head_screw__8mm_l__18_8_ss_83,assets/m3_low_profile_socket_head_screw__8mm_l__18_8_ss.stl,catalog_fasteners_and_hardware,0.0007121385343213328,1.365164413103961e-07,-9.514396309709326e-07,0.0014296486293970238,-0.13276930682305535,-0.2813076645772355,0.057900392043632766,7.223101107201562e-09,-1.5177735830262759e-13,3.034937396020729e-13,7.2232380572592355e-09,-9.839310460762436e-13,1.7322118524543106e-09,8.856662721258969e-08,8040.7096525417055,,True,626346dce1edef09e7e90546
503,m3_low_profile_socket_head_screw__8mm_l__18_8_ss_84,assets/m3_low_profile_socket_head_screw__8mm_l__18_8_ss.stl,catalog_fasteners_and_hardware,0.0007121385343213328,1.365164413103961e-07,-9.514396309709326e-07,0.0014296486293970238,-0.15428187829449802,-0.3007782669135367,0.0622855845533977,7.223101107201562e-09,-1.5177735830262759e-13,3.034937396020729e-13,7.2232380572592355e-09,-9.839310460762436e-13,1.7322118524543106e-09,8.856662721258969e-08,8040.7096525417055,,True,626346dce1edef09e7e90546
504,m3_low_profile_socket_head_screw__8mm_l__18_8_ss_85,assets/m3_low_profile_socket_head_screw__8mm_l__18_8_ss.stl,catalog_fasteners_and_hardware,0.0007121385343213328,1.365164413103961e-07,-9.514396309709326e-07,0.0014296486293970238,-0.1266882762624839,-0.2758038442646818,0.07149990315025916,7.223101107201562e-09,-1.5177735830262759e-13,3.034937396020729e-13,7.2232380572592355e-09,-9.839310460762436e-13,1.7322118524543106e-09,8.856662721258969e-08,8040.7096525417055,,True,626346dce1edef09e7e90546
505,m3_low_profile_socket_head_screw__8mm_l__18_8_ss_86,assets/m3_low_profile_socket_head_screw__8mm_l__18_8_ss.stl,catalog_fasteners_and_hardware,0.0007121385343213328,1.365164413103961e-07,-9.514396309709326e-07,0.0014296486293970238,-0.14419895101944138,-0.291652409150829,0.054083696312786124,7.223101107201562e-09,-1.5177735830262759e-13,3.034937396020729e-13,7.2232380572592355e-09,-9.839310460762436e-13,1.7322118524543106e-09,8.856662721258969e-08,8040.7096525417055,,True,626346dce1edef09e7e90546
506,m3_low_profile_socket_head_screw__8mm_l__18_8_ss_87,assets/m3_low_profile_socket_head_screw__8mm_l__18_8_ss.stl,catalog_fasteners_and_hardware,0.0007121385343213328,1.365164413103961e-07,-9.514396309709326e-07,0.0014296486293970238,-0.16432267628362537,-0.24253114033449155,0.06246049255428888,7.223101107201562e-09,-1.5177735830262759e-13,3.034937396020729e-13,7.2232380572592355e-09,-9.839310460762436e-13,1.7322118524543106e-09,8.856662721258969e-08,8040.7096525417055,,True,626346dce1edef09e7e90546
507,m3_low_profile_socket_head_screw__8mm_l__18_8_ss_88,assets/m3_low_profile_socket_head_screw__8mm_l__18_8_ss.stl,catalog_fasteners_and_hardware,0.0007121385343213328,1.365164413103961e-07,-9.514396309709326e-07,0.0014296486293970238,-0.18647642255640975,-0.262582057283648,0.0867385125637364,7.223101107201562e-09,-1.5177735830262759e-13,3.034937396020729e-13,7.2232380572592355e-09,-9.839310460762436e-13,1.7322118524543106e-09,8.856662721258969e-08,8040.7096525417055,,True,626346dce1edef09e7e90546
508,m3_low_profile_socket_head_screw__8mm_l__18_8_ss_89,assets/m3_low_profile_socket_head_screw__8mm_l__18_8_ss.stl,catalog_fasteners_and_hardware,0.0007121385343213328,1.365164413103961e-07,-9.514396309709326e-07,0.0014296486293970238,-0.12951804456690458,-0.27836501150739734,0.08691582046804706,7.223101107201562e-09,-1.5177735830262759e-13,3.034937396020729e-13,7.2232380572592355e-09,-9.839310460762436e-13,1.7322118524543106e-09,8.856662721258969e-08,8040.7096525417055,,True,626346dce1edef09e7e90546
509,motor_bearing_holder_10,assets/motor_bearing_holder.stl,custom_robot_structure,0.014515050518199327,3.9428425384572737e-19,1.750237419510302e-18,0.0024329825491675784,-0.17336766767069964,-0.2548025452037688,0.07460020848660097,2.530704534035661e-06,0.0,0.0,2.5307045340356596e-06,0.0,5.000910128465472e-06,5.3691240476767985e-06,2703.429905755286,,True,881b01051a1ec5c958bf7768
510,bearing_insert_10,assets/bearing_insert.stl,custom_robot_structure,0.005562323467948138,1.1864652213259286e-18,1.5278124024661033e-18,0.005597969272893216,-0.17616255317255913,-0.251714547561233,0.07460020848660089,3.778434887061974e-07,0.0,0.0,3.778434887061972e-07,0.0,7.226264278991418e-07,2.0575060437367046e-06,2703.429953404277,,True,881b01051a1ec5c958bf7768
511,motor_flange_10,assets/motor_flange.stl,custom_robot_structure,0.006284657394665203,7.013444274484659e-19,-0.0018970087906854303,1.3865922954187293e-18,-0.14093616162740516,-0.29063528831218927,0.074600208486602,3.775356040564229e-07,0.0,0.0,7.402510137474455e-07,0.0,3.7753560405642284e-07,2.342046312425591e-06,2683.404406361359,,True,881b01051a1ec5c958bf7768
512,hex_socket_head_countersunk_screw_grade_c_m3x0_5_x_10__1cb4a3dadc02821627dad8d7e6578bbe_37,assets/hex_socket_head_countersunk_screw_grade_c_m3x0_5_x_10__1cb4a3dadc02821627dad8d7e6578bbe.stl,catalog_fasteners_and_hardware,0.000665400491340697,-2.2257555296884423e-19,-3.1565794121570914e-21,-0.004190843907588401,-0.18656946319211234,-0.2687506466760172,0.07261953051865218,7.016813699463784e-09,0.0,0.0,7.016813699463784e-09,0.0,1.2791475269095532e-09,8.585519269790494e-08,7750.264956972535,,True,c6f2bd5eba8853eca1ecbf6f
513,hex_socket_head_countersunk_screw_grade_c_m3x0_5_x_10__1cb4a3dadc02821627dad8d7e6578bbe_38,assets/hex_socket_head_countersunk_screw_grade_c_m3x0_5_x_10__1cb4a3dadc02821627dad8d7e6578bbe.stl,catalog_fasteners_and_hardware,0.000665400491340697,-2.2257555296884423e-19,-3.1565794121570914e-21,-0.004190843907588401,-0.1581763567927453,-0.24305260846016566,0.07658088645454979,7.016813699463784e-09,0.0,0.0,7.016813699463784e-09,0.0,1.2791475269095532e-09,8.585519269790494e-08,7750.264956972535,,True,c6f2bd5eba8853eca1ecbf6f
514,hex_socket_head_countersunk_screw_grade_c_m3x0_5_x_10__1cb4a3dadc02821627dad8d7e6578bbe_39,assets/hex_socket_head_countersunk_screw_grade_c_m3x0_5_x_10__1cb4a3dadc02821627dad8d7e6578bbe.stl,catalog_fasteners_and_hardware,0.000665400491340697,-2.2257555296884423e-19,-3.1565794121570914e-21,-0.004190843907588401,-0.1709043989739403,-0.2545725073322604,0.055452377936189116,7.016813699463784e-09,0.0,0.0,7.016813699463784e-09,0.0,1.2791475269095532e-09,8.585519269790494e-08,7750.264956972535,,True,c6f2bd5eba8853eca1ecbf6f
515,hex_socket_head_countersunk_screw_grade_c_m3x0_5_x_10__1cb4a3dadc02821627dad8d7e6578bbe_40,assets/hex_socket_head_countersunk_screw_grade_c_m3x0_5_x_10__1cb4a3dadc02821627dad8d7e6578bbe.stl,catalog_fasteners_and_hardware,0.000665400491340697,-2.2257555296884423e-19,-3.1565794121570914e-21,-0.004190843907588401,-0.17384142101091735,-0.2572307478039225,0.09374803903701284,7.016813699463784e-09,0.0,0.0,7.016813699463784e-09,0.0,1.2791475269095532e-09,8.585519269790494e-08,7750.264956972535,,True,c6f2bd5eba8853eca1ecbf6f
516,m4_low_profile_socket_head_screw__8mm_l__18_8_ss_48,assets/m4_low_profile_socket_head_screw__8mm_l__18_8_ss.stl,catalog_fasteners_and_hardware,0.0014360273543625498,5.993079289022729e-07,2.427383866312977e-07,0.001566162698562903,-0.10503970627410585,-0.2619916574871233,0.023967400779690916,1.6920964131490878e-08,4.194975610991509e-15,1.993992270223131e-12,1.691956690952173e-08,-8.190885933173142e-12,6.1975505898616726e-09,1.7863835505454422e-07,8038.740358553364,,True,8af10677b2501bd9ce00a5d0
517,m4_low_profile_socket_head_screw__8mm_l__18_8_ss_49,assets/m4_low_profile_socket_head_screw__8mm_l__18_8_ss.stl,catalog_fasteners_and_hardware,0.0014360273543625498,5.993079289022729e-07,2.427383866312977e-07,0.001566162698562903,-0.09532213470988284,-0.253196475941639,0.04009853789014226,1.6920964131490878e-08,4.194975610991509e-15,1.993992270223131e-12,1.691956690952173e-08,-8.190885933173142e-12,6.1975505898616726e-09,1.7863835505454422e-07,8038.740358553364,,True,8af10677b2501bd9ce00a5d0
518,m4_low_profile_socket_head_screw__8mm_l__18_8_ss_50,assets/m4_low_profile_socket_head_screw__8mm_l__18_8_ss.stl,catalog_fasteners_and_hardware,0.0014360273543625498,5.993079289022729e-07,2.427383866312977e-07,0.001566162698562903,-0.08841707093654756,-0.24694683948995388,0.032531362822262454,1.6920964131490878e-08,4.194975610991509e-15,1.993992270223131e-12,1.691956690952173e-08,-8.190885933173142e-12,6.1975505898616726e-09,1.7863835505454422e-07,8038.740358553364,,True,8af10677b2501bd9ce00a5d0
519,m4_low_profile_socket_head_screw__8mm_l__18_8_ss_51,assets/m4_low_profile_socket_head_screw__8mm_l__18_8_ss.stl,catalog_fasteners_and_hardware,0.0014360273543625498,5.993079289022729e-07,2.427383866312977e-07,0.001566162698562903,-0.0898233248319913,-0.24821961203685344,0.02068220673309696,1.6920964131490878e-08,4.194975610991509e-15,1.993992270223131e-12,1.691956690952173e-08,-8.190885933173142e-12,6.1975505898616726e-09,1.7863835505454422e-07,8038.740358553364,,True,8af10677b2501bd9ce00a5d0
520,m4_low_profile_socket_head_screw__8mm_l__18_8_ss_52,assets/m4_low_profile_socket_head_screw__8mm_l__18_8_ss.stl,catalog_fasteners_and_hardware,0.0014360273543625498,5.993079289022729e-07,2.427383866312977e-07,0.001566162698562903,-0.09813464250077046,-0.2557420210354382,0.016400225711811135,1.6920964131490878e-08,4.194975610991509e-15,1.993992270223131e-12,1.691956690952173e-08,-8.190885933173142e-12,6.1975505898616726e-09,1.7863835505454422e-07,8038.740358553364,,True,8af10677b2501bd9ce00a5d0
521,m3_low_profile_socket_head_screw__8mm_l__18_8_ss_90,assets/m3_low_profile_socket_head_screw__8mm_l__18_8_ss.stl,catalog_fasteners_and_hardware,0.0007121385343213328,1.365164413103961e-07,-9.514396309709326e-07,0.0014296486293970238,-0.147087678298475,-0.22751475201544158,0.028250951439621298,7.223101107201562e-09,-1.5177735830262759e-13,3.034937396020729e-13,7.2232380572592355e-09,-9.839310460762436e-13,1.7322118524543106e-09,8.856662721258969e-08,8040.7096525417055,,True,626346dce1edef09e7e90546
522,m3_low_profile_socket_head_screw__8mm_l__18_8_ss_91,assets/m3_low_profile_socket_head_screw__8mm_l__18_8_ss.stl,catalog_fasteners_and_hardware,0.0007121385343213328,1.365164413103961e-07,-9.514396309709326e-07,0.0014296486293970238,-0.10374642697138815,-0.2544569639024148,0.008159985022516272,7.223101107201562e-09,-1.5177735830262759e-13,3.034937396020729e-13,7.2232380572592355e-09,-9.839310460762436e-13,1.7322118524543106e-09,8.856662721258969e-08,8040.7096525417055,,True,626346dce1edef09e7e90546
523,m3_low_profile_socket_head_screw__8mm_l__18_8_ss_92,assets/m3_low_profile_socket_head_screw__8mm_l__18_8_ss.stl,catalog_fasteners_and_hardware,0.0007121385343213328,1.365164413103961e-07,-9.514396309709326e-07,0.0014296486293970238,-0.1328153747926334,-0.2145971728058091,0.04750095143962174,7.223101107201562e-09,-1.5177735830262759e-13,3.034937396020729e-13,7.2232380572592355e-09,-9.839310460762436e-13,1.7322118524543106e-09,8.856662721258969e-08,8040.7096525417055,,True,626346dce1edef09e7e90546
524,m3_low_profile_socket_head_screw__8mm_l__18_8_ss_93,assets/m3_low_profile_socket_head_screw__8mm_l__18_8_ss.stl,catalog_fasteners_and_hardware,0.0007121385343213328,1.365164413103961e-07,-9.514396309709326e-07,0.0014296486293970238,-0.11854307128678991,-0.20167959359617754,0.028250951439622085,7.223101107201562e-09,-1.5177735830262759e-13,3.034937396020729e-13,7.2232380572592355e-09,-9.839310460762436e-13,1.7322118524543106e-09,8.856662721258969e-08,8040.7096525417055,,True,626346dce1edef09e7e90546
525,m3_low_profile_socket_head_screw__8mm_l__18_8_ss_94,assets/m3_low_profile_socket_head_screw__8mm_l__18_8_ss.stl,catalog_fasteners_and_hardware,0.0007121385343213328,1.365164413103961e-07,-9.514396309709326e-07,0.0014296486293970238,-0.09604251915316406,-0.2474843095285141,0.048338112098208146,7.223101107201562e-09,-1.5177735830262759e-13,3.034937396020729e-13,7.2232380572592355e-09,-9.839310460762436e-13,1.7322118524543106e-09,8.856662721258969e-08,8040.7096525417055,,True,626346dce1edef09e7e90546
526,m3_low_profile_socket_head_screw__8mm_l__18_8_ss_95,assets/m3_low_profile_socket_head_screw__8mm_l__18_8_ss.stl,catalog_fasteners_and_hardware,0.0007121385343213328,1.365164413103961e-07,-9.514396309709326e-07,0.0014296486293970238,-0.08500007244096212,-0.23749000972858392,0.023053663476232923,7.223101107201562e-09,-1.5177735830262759e-13,3.034937396020729e-13,7.2232380572592355e-09,-9.839310460762436e-13,1.7322118524543106e-09,8.856662721258969e-08,8040.7096525417055,,True,626346dce1edef09e7e90546
527,m3_low_profile_socket_head_screw__8mm_l__18_8_ss_96,assets/m3_low_profile_socket_head_screw__8mm_l__18_8_ss.stl,catalog_fasteners_and_hardware,0.0007121385343213328,1.365164413103961e-07,-9.514396309709326e-07,0.0014296486293970238,-0.09208628411118701,-0.24390359955372248,0.010370243481200707,7.223101107201562e-09,-1.5177735830262759e-13,3.034937396020729e-13,7.2232380572592355e-09,-9.839310460762436e-13,1.7322118524543106e-09,8.856662721258969e-08,8040.7096525417055,,True,626346dce1edef09e7e90546
528,m3_low_profile_socket_head_screw__8mm_l__18_8_ss_97,assets/m3_low_profile_socket_head_screw__8mm_l__18_8_ss.stl,catalog_fasteners_and_hardware,0.0007121385343213328,1.365164413103961e-07,-9.514396309709326e-07,0.0014296486293970238,-0.08663879865128468,-0.23897318836306722,0.038780469591797206,7.223101107201562e-09,-1.5177735830262759e-13,3.034937396020729e-13,7.2232380572592355e-09,-9.839310460762436e-13,1.7322118524543106e-09,8.856662721258969e-08,8040.7096525417055,,True,626346dce1edef09e7e90546
529,m3_low_profile_socket_head_screw__8mm_l__18_8_ss_98,assets/m3_low_profile_socket_head_screw__8mm_l__18_8_ss.stl,catalog_fasteners_and_hardware,0.0007121385343213328,1.365164413103961e-07,-9.514396309709326e-07,0.0014296486293970238,-0.11315014747326751,-0.2629680850678617,0.017717627528927214,7.223101107201562e-09,-1.5177735830262759e-13,3.034937396020729e-13,7.2232380572592355e-09,-9.839310460762436e-13,1.7322118524543106e-09,8.856662721258969e-08,8040.7096525417055,,True,626346dce1edef09e7e90546
530,m3_low_profile_socket_head_screw__8mm_l__18_8_ss_99,assets/m3_low_profile_socket_head_screw__8mm_l__18_8_ss.stl,catalog_fasteners_and_hardware,0.0007121385343213328,1.365164413103961e-07,-9.514396309709326e-07,0.0014296486293970238,-0.1147888736835901,-0.26445126370234495,0.033444433644491484,7.223101107201562e-09,-1.5177735830262759e-13,3.034937396020729e-13,7.2232380572592355e-09,-9.839310460762436e-13,1.7322118524543106e-09,8.856662721258969e-08,8040.7096525417055,,True,626346dce1edef09e7e90546
531,m3_low_profile_socket_head_screw__8mm_l__18_8_ss_100,assets/m3_low_profile_socket_head_screw__8mm_l__18_8_ss.stl,catalog_fasteners_and_hardware,0.0007121385343213328,1.365164413103961e-07,-9.514396309709326e-07,0.0014296486293970238,-0.1328153747926315,-0.21459717280580998,0.009000951439621627,7.223101107201562e-09,-1.5177735830262759e-13,3.034937396020729e-13,7.2232380572592355e-09,-9.839310460762436e-13,1.7322118524543106e-09,8.856662721258969e-08,8040.7096525417055,,True,626346dce1edef09e7e90546
532,first_joint_bottom_plate_4,assets/first_joint_bottom_plate.stl,custom_robot_structure,0.026471250764240534,-0.039525625489529766,0.00012940881758844884,0.008945423423175058,-0.10941738878533674,-0.22633033688221021,0.011095423423167125,1.4879271858739318e-05,3.146428161915361e-08,1.9049410492075228e-06,2.129262711779452e-05,-5.998540955844314e-08,2.5612238901067855e-05,9.875326668744377e-06,2680.5443153614974,,True,881b01051a1ec5c958bf7768
533,pem_bsos_m3_6____c8b4713a2b299da432156142d6d3e6d8_4,assets/pem_bsos_m3_6____c8b4713a2b299da432156142d6d3e6d8.stl,catalog_fasteners_and_hardware,0.0004708484897520461,1.2857871311771532e-18,-7.140615387249737e-20,-0.002704641119787707,-0.1443373732016362,-0.24307152265768328,0.004854641119778442,2.2347559044838597e-09,0.0,0.0,2.2347559044838597e-09,0.0,1.3514971868074787e-09,6.076658976780734e-08,7748.476449825232,,True,2822c454ce56982d40f39cf0
534,motor_bearing_holder_11,assets/motor_bearing_holder.stl,custom_robot_structure,0.014515050518199327,3.9428425384572737e-19,1.750237419510302e-18,0.0024329825491675784,-0.13107300121505816,-0.21652248033112217,0.028249999999992458,2.530704534035661e-06,0.0,0.0,2.5307045340356596e-06,0.0,5.000910128465472e-06,5.3691240476767985e-06,2703.429905755286,,True,881b01051a1ec5c958bf7768
535,bearing_insert_11,assets/bearing_insert.stl,custom_robot_structure,0.005562323467948138,1.1864652213259286e-18,1.5278124024661033e-18,0.005597969272893216,-0.13386788671691763,-0.2134344826885864,0.02824999999999242,3.778434887061974e-07,0.0,0.0,3.778434887061972e-07,0.0,7.226264278991418e-07,2.0575060437367046e-06,2703.429953404277,,True,881b01051a1ec5c958bf7768
536,motor_flange_11,assets/motor_flange.stl,custom_robot_structure,0.006284657394665203,7.013444274484659e-19,-0.0018970087906854303,1.3865922954187293e-18,-0.0986414951717637,-0.25235522343954253,0.028249999999993527,3.775356040564229e-07,0.0,0.0,7.402510137474455e-07,0.0,3.7753560405642284e-07,2.342046312425591e-06,2683.404406361359,,True,881b01051a1ec5c958bf7768
537,hex_socket_head_countersunk_screw_grade_c_m3x0_5_x_10__1cb4a3dadc02821627dad8d7e6578bbe_41,assets/hex_socket_head_countersunk_screw_grade_c_m3x0_5_x_10__1cb4a3dadc02821627dad8d7e6578bbe.stl,catalog_fasteners_and_hardware,0.000665400491340697,-2.2257555296884423e-19,-3.1565794121570914e-21,-0.004190843907588401,-0.11998620094465476,-0.2084874548398,0.014638194462149435,7.016813699463784e-09,0.0,0.0,7.016813699463784e-09,0.0,1.2791475269095532e-09,8.585519269790494e-08,7750.264956972535,,True,c6f2bd5eba8853eca1ecbf6f
538,hex_socket_head_countersunk_screw_grade_c_m3x0_5_x_10__1cb4a3dadc02821627dad8d7e6578bbe_42,assets/hex_socket_head_countersunk_screw_grade_c_m3x0_5_x_10__1cb4a3dadc02821627dad8d7e6578bbe.stl,catalog_fasteners_and_hardware,0.000665400491340697,-2.2257555296884423e-19,-3.1565794121570914e-21,-0.004190843907588401,-0.14017028612891994,-0.22675567055108964,0.041861805537835535,7.016813699463784e-09,0.0,0.0,7.016813699463784e-09,0.0,1.2791475269095532e-09,8.585519269790494e-08,7750.264956972535,,True,c6f2bd5eba8853eca1ecbf6f
539,hex_socket_head_countersunk_screw_grade_c_m3x0_5_x_10__1cb4a3dadc02821627dad8d7e6578bbe_43,assets/hex_socket_head_countersunk_screw_grade_c_m3x0_5_x_10__1cb4a3dadc02821627dad8d7e6578bbe.stl,catalog_fasteners_and_hardware,0.000665400491340697,-2.2257555296884423e-19,-3.1565794121570914e-21,-0.004190843907588401,-0.11998620094465276,-0.20848745483979766,0.0418618055378326,7.016813699463784e-09,0.0,0.0,7.016813699463784e-09,0.0,1.2791475269095532e-09,8.585519269790494e-08,7750.264956972535,,True,c6f2bd5eba8853eca1ecbf6f
540,hex_socket_head_countersunk_screw_grade_c_m3x0_5_x_10__1cb4a3dadc02821627dad8d7e6578bbe_44,assets/hex_socket_head_countersunk_screw_grade_c_m3x0_5_x_10__1cb4a3dadc02821627dad8d7e6578bbe.stl,catalog_fasteners_and_hardware,0.000665400491340697,-2.2257555296884423e-19,-3.1565794121570914e-21,-0.004190843907588401,-0.14017028612892193,-0.22675567055109197,0.01463819446215237,7.016813699463784e-09,0.0,0.0,7.016813699463784e-09,0.0,1.2791475269095532e-09,8.585519269790494e-08,7750.264956972535,,True,c6f2bd5eba8853eca1ecbf6f
541,motor_bearing_holder_12,assets/motor_bearing_holder.stl,custom_robot_structure,0.014515050518199327,3.9428425384572737e-19,1.750237419510302e-18,0.0024329825491675784,-0.08002552531019577,-0.19990288565362374,0.0063170174508252915,2.530704534035661e-06,0.0,0.0,2.5307045340356596e-06,0.0,5.000910128465472e-06,5.3691240476767985e-06,2703.429905755286,,True,881b01051a1ec5c958bf7768
542,bearing_insert_12,assets/bearing_insert.stl,custom_robot_structure,0.005562323467948138,1.1864652213259286e-18,1.5278124024661033e-18,0.005597969272893216,-0.08002552531019556,-0.19990288565362382,0.002152030727099642,3.778434887061974e-07,0.0,0.0,3.778434887061972e-07,0.0,7.226264278991418e-07,2.0575060437367046e-06,2703.429953404277,,True,881b01051a1ec5c958bf7768
543,motor_flange_12,assets/motor_flange.stl,custom_robot_structure,0.006284657394665203,7.013444274484659e-19,-0.0018970087906854303,1.3865922954187293e-18,-0.08002552531019969,-0.19990288565362124,0.054647008790685445,3.775356040564229e-07,0.0,0.0,7.402510137474455e-07,0.0,3.7753560405642284e-07,2.342046312425591e-06,2683.404406361359,,True,881b01051a1ec5c958bf7768
544,hex_socket_head_countersunk_screw_grade_c_m3x0_5_x_10__1cb4a3dadc02821627dad8d7e6578bbe_45,assets/hex_socket_head_countersunk_screw_grade_c_m3x0_5_x_10__1cb4a3dadc02821627dad8d7e6578bbe.stl,catalog_fasteners_and_hardware,0.000665400491340697,-2.2257555296884423e-19,-3.1565794121570914e-21,-0.004190843907588401,-0.09610514855105774,-0.18931949222656322,0.007799422551342944,7.016813699463784e-09,0.0,0.0,7.016813699463784e-09,0.0,1.2791475269095532e-09,8.585519269790494e-08,7750.264956972535,,True,c6f2bd5eba8853eca1ecbf6f
545,hex_socket_head_countersunk_screw_grade_c_m3x0_5_x_10__1cb4a3dadc02821627dad8d7e6578bbe_46,assets/hex_socket_head_countersunk_screw_grade_c_m3x0_5_x_10__1cb4a3dadc02821627dad8d7e6578bbe.stl,catalog_fasteners_and_hardware,0.000665400491340697,-2.2257555296884423e-19,-3.1565794121570914e-21,-0.004190843907588401,-0.06394590206933398,-0.21048627908068424,0.007799422551344989,7.016813699463784e-09,0.0,0.0,7.016813699463784e-09,0.0,1.2791475269095532e-09,8.585519269790494e-08,7750.264956972535,,True,c6f2bd5eba8853eca1ecbf6f
546,hex_socket_head_countersunk_screw_grade_c_m3x0_5_x_10__1cb4a3dadc02821627dad8d7e6578bbe_47,assets/hex_socket_head_countersunk_screw_grade_c_m3x0_5_x_10__1cb4a3dadc02821627dad8d7e6578bbe.stl,catalog_fasteners_and_hardware,0.000665400491340697,-2.2257555296884423e-19,-3.1565794121570914e-21,-0.004190843907588401,-0.09060891873725634,-0.2159825088944855,0.007799422551343821,7.016813699463784e-09,0.0,0.0,7.016813699463784e-09,0.0,1.2791475269095532e-09,8.585519269790494e-08,7750.264956972535,,True,c6f2bd5eba8853eca1ecbf6f
547,hex_socket_head_countersunk_screw_grade_c_m3x0_5_x_10__1cb4a3dadc02821627dad8d7e6578bbe_48,assets/hex_socket_head_countersunk_screw_grade_c_m3x0_5_x_10__1cb4a3dadc02821627dad8d7e6578bbe.stl,catalog_fasteners_and_hardware,0.000665400491340697,-2.2257555296884423e-19,-3.1565794121570914e-21,-0.004190843907588401,-0.06944213188313536,-0.18382326241276198,0.007799422551344111,7.016813699463784e-09,0.0,0.0,7.016813699463784e-09,0.0,1.2791475269095532e-09,8.585519269790494e-08,7750.264956972535,,True,c6f2bd5eba8853eca1ecbf6f
548,m3_low_profile_socket_head_screw__6mm_l__18_8_ss_58,assets/m3_low_profile_socket_head_screw__6mm_l__18_8_ss.stl,catalog_fasteners_and_hardware,0.0006211045207284469,4.496378366916472e-07,-1.2212095659441424e-06,0.0012212185740947546,-0.06610022863285797,-0.21528792040621564,0.05357121857408784,4.105658746996272e-09,1.4206308788657533e-13,6.147111898853524e-13,4.105736470004493e-09,-1.4886537407071392e-12,1.6477516864587332e-09,7.726007294857367e-08,8039.139713754482,,True,c897f71ee271aedb99169257
549,m3_low_profile_socket_head_screw__6mm_l__18_8_ss_59,assets/m3_low_profile_socket_head_screw__6mm_l__18_8_ss.stl,catalog_fasteners_and_hardware,0.0006211045207284469,4.496378366916472e-07,-1.2212095659441424e-06,0.0012212185740947546,-0.09887961131744741,-0.20378809987236676,0.0029287814258972776,4.105658746996272e-09,1.4206308788657533e-13,6.147111898853524e-13,4.105736470004493e-09,-1.4886537407071392e-12,1.6477516864587332e-09,7.726007294857367e-08,8039.139713754482,,True,c897f71ee271aedb99169257
550,m3_low_profile_socket_head_screw__6mm_l__18_8_ss_60,assets/m3_low_profile_socket_head_screw__6mm_l__18_8_ss.stl,catalog_fasteners_and_hardware,0.0006211045207284469,4.496378366916472e-07,-1.2212095659441424e-06,0.0012212185740947546,-0.08391243279696833,-0.18104807860729064,0.0029287814258974823,4.105658746996272e-09,1.4206308788657533e-13,6.147111898853524e-13,4.105736470004493e-09,-1.4886537407071392e-12,1.6477516864587332e-09,7.726007294857367e-08,8039.139713754482,,True,c897f71ee271aedb99169257
551,m3_low_profile_socket_head_screw__6mm_l__18_8_ss_61,assets/m3_low_profile_socket_head_screw__6mm_l__18_8_ss.stl,catalog_fasteners_and_hardware,0.0006211045207284469,4.496378366916472e-07,-1.2212095659441424e-06,0.0012212185740947546,-0.05930008041511458,-0.20093606835613317,0.05357121857408784,4.105658746996272e-09,1.4206308788657533e-13,6.147111898853524e-13,4.105736470004493e-09,-1.4886537407071392e-12,1.6477516864587332e-09,7.726007294857367e-08,8039.139713754482,,True,c897f71ee271aedb99169257
552,m3_low_profile_socket_head_screw__6mm_l__18_8_ss_62,assets/m3_low_profile_socket_head_screw__6mm_l__18_8_ss.stl,catalog_fasteners_and_hardware,0.0006211045207284469,4.496378366916472e-07,-1.2212095659441424e-06,0.0012212185740947546,-0.08105695145789737,-0.22062778139557507,0.05357121857408784,4.105658746996272e-09,1.4206308788657533e-13,6.147111898853524e-13,4.105736470004493e-09,-1.4886537407071392e-12,1.6477516864587332e-09,7.726007294857367e-08,8039.139713754482,,True,c897f71ee271aedb99169257
553,m3_low_profile_socket_head_screw__6mm_l__18_8_ss_63,assets/m3_low_profile_socket_head_screw__6mm_l__18_8_ss.stl,catalog_fasteners_and_hardware,0.0006211045207284469,4.496378366916472e-07,-1.2212095659441424e-06,0.0012212185740947546,-0.09540880350797995,-0.21382763317783163,0.053571218574087844,4.105658746996272e-09,1.4206308788657533e-13,6.147111898853524e-13,4.105736470004493e-09,-1.4886537407071392e-12,1.6477516864587332e-09,7.726007294857367e-08,8039.139713754482,,True,c897f71ee271aedb99169257
554,m3_low_profile_socket_head_screw__6mm_l__18_8_ss_64,assets/m3_low_profile_socket_head_screw__6mm_l__18_8_ss.stl,catalog_fasteners_and_hardware,0.0006211045207284469,4.496378366916472e-07,-1.2212095659441424e-06,0.0012212185740947546,-0.07899179345455662,-0.1791791973133504,0.053571218574087844,4.105658746996272e-09,1.4206308788657533e-13,6.147111898853524e-13,4.105736470004493e-09,-1.4886537407071392e-12,1.6477516864587332e-09,7.726007294857367e-08,8039.139713754482,,True,c897f71ee271aedb99169257
555,m3_low_profile_socket_head_screw__6mm_l__18_8_ss_65,assets/m3_low_profile_socket_head_screw__6mm_l__18_8_ss.stl,catalog_fasteners_and_hardware,0.0006211045207284469,4.496378366916472e-07,-1.2212095659441424e-06,0.0012212185740947546,-0.07613959005237118,-0.21875527839284586,0.0029287814258987226,4.105658746996272e-09,1.4206308788657533e-13,6.147111898853524e-13,4.105736470004493e-09,-1.4886537407071392e-12,1.6477516864587332e-09,7.726007294857367e-08,8039.139713754482,,True,c897f71ee271aedb99169257
556,m3_low_profile_socket_head_screw__6mm_l__18_8_ss_66,assets/m3_low_profile_socket_head_screw__6mm_l__18_8_ss.stl,catalog_fasteners_and_hardware,0.0006211045207284469,4.496378366916472e-07,-1.2212095659441424e-06,0.0012212185740947546,-0.09394851627959604,-0.18451905830270982,0.05357121857408785,4.105658746996272e-09,1.4206308788657533e-13,6.147111898853524e-13,4.105736470004493e-09,-1.4886537407071392e-12,1.6477516864587332e-09,7.726007294857367e-08,8039.139713754482,,True,c897f71ee271aedb99169257
557,m3_low_profile_socket_head_screw__6mm_l__18_8_ss_67,assets/m3_low_profile_socket_head_screw__6mm_l__18_8_ss.stl,catalog_fasteners_and_hardware,0.0006211045207284469,4.496378366916472e-07,-1.2212095659441424e-06,0.0012212185740947546,-0.0611724115318921,-0.19601525712776974,0.002928781425898929,4.105658746996272e-09,1.4206308788657533e-13,6.147111898853524e-13,4.105736470004493e-09,-1.4886537407071392e-12,1.6477516864587332e-09,7.726007294857367e-08,8039.139713754482,,True,c897f71ee271aedb99169257
558,m3_low_profile_socket_head_screw__6mm_l__18_8_ss_68,assets/m3_low_profile_socket_head_screw__6mm_l__18_8_ss.stl,catalog_fasteners_and_hardware,0.0006211045207284469,4.496378366916472e-07,-1.2212095659441424e-06,0.0012212185740947546,-0.06463994140447403,-0.18597934553109383,0.053571218574087844,4.105658746996272e-09,1.4206308788657533e-13,6.147111898853524e-13,4.105736470004493e-09,-1.4886537407071392e-12,1.6477516864587332e-09,7.726007294857367e-08,8039.139713754482,,True,c897f71ee271aedb99169257
559,m4_low_profile_socket_head_screw__8mm_l__18_8_ss_53,assets/m4_low_profile_socket_head_screw__8mm_l__18_8_ss.stl,catalog_fasteners_and_hardware,0.0014360273543625498,5.993079289022729e-07,2.427383866312977e-07,0.001566162698562903,0.18173598084009987,-0.2607047104609252,0.0662107714313135,1.6920964131490878e-08,4.194975610991509e-15,1.993992270223131e-12,1.691956690952173e-08,-8.190885933173142e-12,6.1975505898616726e-09,1.7863835505454422e-07,8038.740358553364,,True,8af10677b2501bd9ce00a5d0
560,m4_low_profile_socket_head_screw__8mm_l__18_8_ss_54,assets/m4_low_profile_socket_head_screw__8mm_l__18_8_ss.stl,catalog_fasteners_and_hardware,0.0014360273543625498,5.993079289022729e-07,2.427383866312977e-07,0.001566162698562903,0.18381647329708134,-0.26283113681150744,0.07783616871966419,1.6920964131490878e-08,4.194975610991509e-15,1.993992270223131e-12,1.691956690952173e-08,-8.190885933173142e-12,6.1975505898616726e-09,1.7863835505454422e-07,8038.740358553364,,True,8af10677b2501bd9ce00a5d0
561,m4_low_profile_socket_head_screw__8mm_l__18_8_ss_55,assets/m4_low_profile_socket_head_screw__8mm_l__18_8_ss.stl,catalog_fasteners_and_hardware,0.0014360273543625498,5.993079289022729e-07,2.427383866312977e-07,0.001566162698562903,0.17781579705647502,-0.25669797538786604,0.0862252220397344,1.6920964131490878e-08,4.194975610991509e-15,1.993992270223131e-12,1.691956690952173e-08,-8.190885933173142e-12,6.1975505898616726e-09,1.7863835505454422e-07,8038.740358553364,,True,8af10677b2501bd9ce00a5d0
562,m4_low_profile_socket_head_screw__8mm_l__18_8_ss_56,assets/m4_low_profile_socket_head_screw__8mm_l__18_8_ss.stl,catalog_fasteners_and_hardware,0.0014360273543625498,5.993079289022729e-07,2.427383866312977e-07,0.001566162698562903,0.16973462835888758,-0.24843838761364223,0.08298887807145405,1.6920964131490878e-08,4.194975610991509e-15,1.993992270223131e-12,1.691956690952173e-08,-8.190885933173142e-12,6.1975505898616726e-09,1.7863835505454422e-07,8038.740358553364,,True,8af10677b2501bd9ce00a5d0
563,m4_low_profile_socket_head_screw__8mm_l__18_8_ss_57,assets/m4_low_profile_socket_head_screw__8mm_l__18_8_ss.stl,catalog_fasteners_and_hardware,0.0014360273543625498,5.993079289022729e-07,2.427383866312977e-07,0.001566162698562903,0.16765413590190603,-0.24631196126306,0.0713634807831033,1.6920964131490878e-08,4.194975610991509e-15,1.993992270223131e-12,1.691956690952173e-08,-8.190885933173142e-12,6.1975505898616726e-09,1.7863835505454422e-07,8038.740358553364,,True,8af10677b2501bd9ce00a5d0
564,m3_low_profile_socket_head_screw__5mm_l__hs_steel_54,assets/m3_low_profile_socket_head_screw__5mm_l__hs_steel.stl,catalog_fasteners_and_hardware,0.0005661645150078846,2.8649982787048754e-07,5.711460076281225e-07,0.0011258481258300179,0.1239864225090704,-0.2890362470220891,0.071364346808762,2.8989254502074083e-09,-1.9835192503100982e-13,8.664747465795595e-13,2.8988875603361707e-09,1.0555987376104463e-12,1.5916375087936923e-09,7.203356940451148e-08,7859.731506966328,,True,89113c13c1904d01ede0bcb9
565,m3_low_profile_socket_head_screw__5mm_l__hs_steel_55,assets/m3_low_profile_socket_head_screw__5mm_l__hs_steel.stl,catalog_fasteners_and_hardware,0.0005661645150078846,2.8649982787048754e-07,5.711460076281225e-07,0.0011258481258300179,0.1401487599042457,-0.30555542257053636,0.07783703474532294,2.8989254502074083e-09,-1.9835192503100982e-13,8.664747465795595e-13,2.8988875603361707e-09,1.0555987376104463e-12,1.5916375087936923e-09,7.203356940451148e-08,7859.731506966328,,True,89113c13c1904d01ede0bcb9
566,m3_low_profile_socket_head_screw__5mm_l__hs_steel_56,assets/m3_low_profile_socket_head_screw__5mm_l__hs_steel.stl,catalog_fasteners_and_hardware,0.0005661645150078846,2.8649982787048754e-07,5.711460076281225e-07,0.0011258481258300179,0.13806826744726422,-0.3034289962199539,0.06621163745697221,2.8989254502074083e-09,-1.9835192503100982e-13,8.664747465795595e-13,2.8988875603361707e-09,1.0555987376104463e-12,1.5916375087936923e-09,7.203356940451148e-08,7859.731506966328,,True,89113c13c1904d01ede0bcb9
567,m3_low_profile_socket_head_screw__5mm_l__hs_steel_57,assets/m3_low_profile_socket_head_screw__5mm_l__hs_steel.stl,catalog_fasteners_and_hardware,0.0005661645150078846,2.8649982787048754e-07,5.711460076281225e-07,0.0011258481258300179,0.12606691496605196,-0.2911626733726715,0.08298974409711267,2.8989254502074083e-09,-1.9835192503100982e-13,8.664747465795595e-13,2.8988875603361707e-09,1.0555987376104463e-12,1.5916375087936923e-09,7.203356940451148e-08,7859.731506966328,,True,89113c13c1904d01ede0bcb9
568,m3_low_profile_socket_head_screw__5mm_l__hs_steel_58,assets/m3_low_profile_socket_head_screw__5mm_l__hs_steel.stl,catalog_fasteners_and_hardware,0.0005661645150078846,2.8649982787048754e-07,5.711460076281225e-07,0.0011258481258300179,0.12998709874967662,-0.2951694084457304,0.06297529348869167,2.8989254502074083e-09,-1.9835192503100982e-13,8.664747465795595e-13,2.8988875603361707e-09,1.0555987376104463e-12,1.5916375087936923e-09,7.203356940451148e-08,7859.731506966328,,True,89113c13c1904d01ede0bcb9
569,m3_low_profile_socket_head_screw__6mm_l__18_8_ss_69,assets/m3_low_profile_socket_head_screw__6mm_l__18_8_ss.stl,catalog_fasteners_and_hardware,0.0006211045207284469,4.496378366916472e-07,-1.2212095659441424e-06,0.0012212185740947546,0.15713365952402222,-0.25374393138563706,0.05066469428011166,4.105658746996272e-09,1.4206308788657533e-13,6.147111898853524e-13,4.105736470004493e-09,-1.4886537407071392e-12,1.6477516864587332e-09,7.726007294857367e-08,8039.139713754482,,True,c897f71ee271aedb99169257
570,m3_low_profile_socket_head_screw__6mm_l__18_8_ss_70,assets/m3_low_profile_socket_head_screw__6mm_l__18_8_ss.stl,catalog_fasteners_and_hardware,0.0006211045207284469,4.496378366916472e-07,-1.2212095659441424e-06,0.0012212185740947546,0.1483135564968341,-0.24472909481224664,0.06618688820187577,4.105658746996272e-09,1.4206308788657533e-13,6.147111898853524e-13,4.105736470004493e-09,-1.4886537407071392e-12,1.6477516864587332e-09,7.726007294857367e-08,8039.139713754482,,True,c897f71ee271aedb99169257
571,m3_low_profile_socket_head_screw__6mm_l__18_8_ss_71,assets/m3_low_profile_socket_head_screw__6mm_l__18_8_ss.stl,catalog_fasteners_and_hardware,0.0006211045207284469,4.496378366916472e-07,-1.2212095659441424e-06,0.0012212185740947546,0.12329608744885143,-0.2692061502404069,0.0661868882018749,4.105658746996272e-09,1.4206308788657533e-13,6.147111898853524e-13,4.105736470004493e-09,-1.4886537407071392e-12,1.6477516864587332e-09,7.726007294857367e-08,8039.139713754482,,True,c897f71ee271aedb99169257
572,m3_low_profile_socket_head_screw__5mm_l__hs_steel_59,assets/m3_low_profile_socket_head_screw__5mm_l__hs_steel.stl,catalog_fasteners_and_hardware,0.0005661645150078846,2.8649982787048754e-07,5.711460076281225e-07,0.0011258481258300179,0.09153866053749886,-0.25448793775825346,0.04009929389735073,2.8989254502074083e-09,-1.9835192503100982e-13,8.664747465795595e-13,2.8988875603361707e-09,1.0555987376104463e-12,1.5916375087936923e-09,7.203356940451148e-08,7859.731506966328,,True,89113c13c1904d01ede0bcb9
573,m3_low_profile_socket_head_screw__5mm_l__hs_steel_60,assets/m3_low_profile_socket_head_screw__5mm_l__hs_steel.stl,catalog_fasteners_and_hardware,0.0005661645150078846,2.8649982787048754e-07,5.711460076281225e-07,0.0011258481258300179,0.09419156446318243,-0.2571994134928585,0.016400981719017344,2.8989254502074083e-09,-1.9835192503100982e-13,8.664747465795595e-13,2.8988875603361707e-09,1.0555987376104463e-12,1.5916375087936923e-09,7.203356940451148e-08,7859.731506966328,,True,89113c13c1904d01ede0bcb9
574,m3_low_profile_socket_head_screw__5mm_l__hs_steel_61,assets/m3_low_profile_socket_head_screw__5mm_l__hs_steel.stl,catalog_fasteners_and_hardware,0.0005661645150078846,2.8649982787048754e-07,5.711460076281225e-07,0.0011258481258300179,0.08502544452053316,-0.24783092051263306,0.03253211882947668,2.8989254502074083e-09,-1.9835192503100982e-13,8.664747465795595e-13,2.8988875603361707e-09,1.0555987376104463e-12,1.5916375087936923e-09,7.203356940451148e-08,7859.731506966328,,True,89113c13c1904d01ede0bcb9
575,m3_low_profile_socket_head_screw__5mm_l__hs_steel_62,assets/m3_low_profile_socket_head_screw__5mm_l__hs_steel.stl,catalog_fasteners_and_hardware,0.0005661645150078846,2.8649982787048754e-07,5.711460076281225e-07,0.0011258481258300179,0.09937832851730634,-0.2625006928711764,0.03581731287605809,2.8989254502074083e-09,-1.9835192503100982e-13,8.664747465795595e-13,2.8988875603361707e-09,1.0555987376104463e-12,1.5916375087936923e-09,7.203356940451148e-08,7859.731506966328,,True,89113c13c1904d01ede0bcb9
576,m3_low_profile_socket_head_screw__5mm_l__hs_steel_63,assets/m3_low_profile_socket_head_screw__5mm_l__hs_steel.stl,catalog_fasteners_and_hardware,0.0005661645150078846,2.8649982787048754e-07,5.711460076281225e-07,0.0011258481258300179,0.10070478048014812,-0.2638564307384789,0.02396815678689142,2.8989254502074083e-09,-1.9835192503100982e-13,8.664747465795595e-13,2.8988875603361707e-09,1.0555987376104463e-12,1.5916375087936923e-09,7.203356940451148e-08,7859.731506966328,,True,89113c13c1904d01ede0bcb9
577,femur_first_stage_5,assets/femur_first_stage.stl,custom_robot_structure,0.02893272756943386,5.237436292258961e-18,0.00021415467942420517,0.018697270116379054,0.12836555790377363,-0.24966858740884518,0.04483644681602349,2.999559672756682e-05,0.0,0.0,1.3134048946438463e-05,-1.6297379220881617e-07,2.1614238937730384e-05,1.0793795474248024e-05,2680.496183058307,,True,881b01051a1ec5c958bf7768
578,pem_m4_self_clinching_nut__300_ss_29,assets/pem_m4_self_clinching_nut__300_ss.stl,catalog_fasteners_and_hardware,0.0008355363884781723,0.0019670757575096427,-1.6173730124900373e-07,5.2308822207170976e-08,0.13001520016916762,-0.27607163256377154,0.04822322308564759,6.9682596864700805e-09,-1.9802899489392358e-13,-5.965832925689283e-14,4.099050647002325e-09,7.713958387517938e-14,4.0983762805777485e-09,1.0630266930926216e-07,7859.975614040126,,True,158ec13e4f19f56723423f84
579,m3_low_profile_socket_head_screw__8mm_l__18_8_ss_101,assets/m3_low_profile_socket_head_screw__8mm_l__18_8_ss.stl,catalog_fasteners_and_hardware,0.0007121385343213328,1.365164413103961e-07,-9.514396309709326e-07,0.0014296486293970238,0.12780487278829844,-0.2844822261746691,0.08953961420867554,7.223101107201562e-09,-1.5177735830262759e-13,3.034937396020729e-13,7.2232380572592355e-09,-9.839310460762436e-13,1.7322118524543106e-09,8.856662721258969e-08,8040.7096525417055,,True,626346dce1edef09e7e90546
580,m3_low_profile_socket_head_screw__8mm_l__18_8_ss_102,assets/m3_low_profile_socket_head_screw__8mm_l__18_8_ss.stl,catalog_fasteners_and_hardware,0.0007121385343213328,1.365164413103961e-07,-9.514396309709326e-07,0.0014296486293970238,0.14478357111563556,-0.30183578657844573,0.059659390909279644,7.223101107201562e-09,-1.5177735830262759e-13,3.034937396020729e-13,7.2232380572592355e-09,-9.839310460762436e-13,1.7322118524543106e-09,8.856662721258969e-08,8040.7096525417055,,True,626346dce1edef09e7e90546
581,m3_low_profile_socket_head_screw__8mm_l__18_8_ss_103,assets/m3_low_profile_socket_head_screw__8mm_l__18_8_ss.stl,catalog_fasteners_and_hardware,0.0007121385343213328,1.365164413103961e-07,-9.514396309709326e-07,0.0014296486293970238,0.18632812454171108,-0.27291172638311023,0.07770150187113846,7.223101107201562e-09,-1.5177735830262759e-13,3.034937396020729e-13,7.2232380572592355e-09,-9.839310460762436e-13,1.7322118524543106e-09,8.856662721258969e-08,8040.7096525417055,,True,626346dce1edef09e7e90546
582,m3_low_profile_socket_head_screw__8mm_l__18_8_ss_104,assets/m3_low_profile_socket_head_screw__8mm_l__18_8_ss.stl,catalog_fasteners_and_hardware,0.0007121385343213328,1.365164413103961e-07,-9.514396309709326e-07,0.0014296486293970238,0.16981114352044813,-0.25603007725344584,0.09511770870862588,7.223101107201562e-09,-1.5177735830262759e-13,3.034937396020729e-13,7.2232380572592355e-09,-9.839310460762436e-13,1.7322118524543106e-09,8.856662721258969e-08,8040.7096525417055,,True,626346dce1edef09e7e90546
583,m3_low_profile_socket_head_screw__8mm_l__18_8_ss_105,assets/m3_low_profile_socket_head_screw__8mm_l__18_8_ss.stl,catalog_fasteners_and_hardware,0.0007121385343213328,1.365164413103961e-07,-9.514396309709326e-07,0.0014296486293970238,0.16336716103391555,-0.24944382210213656,0.057900392043605746,7.223101107201562e-09,-1.5177735830262759e-13,3.034937396020729e-13,7.2232380572592355e-09,-9.839310460762436e-13,1.7322118524543106e-09,8.856662721258969e-08,8040.7096525417055,,True,626346dce1edef09e7e90546
584,m3_low_profile_socket_head_screw__8mm_l__18_8_ss_106,assets/m3_low_profile_socket_head_screw__8mm_l__18_8_ss.stl,catalog_fasteners_and_hardware,0.0007121385343213328,1.365164413103961e-07,-9.514396309709326e-07,0.0014296486293970238,0.18365893960009458,-0.2701836101741883,0.06228558455335292,7.223101107201562e-09,-1.5177735830262759e-13,3.034937396020729e-13,7.2232380572592355e-09,-9.839310460762436e-13,1.7322118524543106e-09,8.856662721258969e-08,8040.7096525417055,,True,626346dce1edef09e7e90546
585,m3_low_profile_socket_head_screw__8mm_l__18_8_ss_107,assets/m3_low_profile_socket_head_screw__8mm_l__18_8_ss.stl,catalog_fasteners_and_hardware,0.0007121385343213328,1.365164413103961e-07,-9.514396309709326e-07,0.0014296486293970238,0.157631216088749,-0.243581236810871,0.07149990315023712,7.223101107201562e-09,-1.5177735830262759e-13,3.034937396020729e-13,7.2232380572592355e-09,-9.839310460762436e-13,1.7322118524543106e-09,8.856662721258969e-08,8040.7096525417055,,True,626346dce1edef09e7e90546
586,m3_low_profile_socket_head_screw__8mm_l__18_8_ss_108,assets/m3_low_profile_socket_head_screw__8mm_l__18_8_ss.stl,catalog_fasteners_and_hardware,0.0007121385343213328,1.365164413103961e-07,-9.514396309709326e-07,0.0014296486293970238,0.17414819711001198,-0.2604628859405354,0.05408369631274968,7.223101107201562e-09,-1.5177735830262759e-13,3.034937396020729e-13,7.2232380572592355e-09,-9.839310460762436e-13,1.7322118524543106e-09,8.856662721258969e-08,8040.7096525417055,,True,626346dce1edef09e7e90546
587,m3_low_profile_socket_head_screw__8mm_l__18_8_ss_109,assets/m3_low_profile_socket_head_screw__8mm_l__18_8_ss.stl,catalog_fasteners_and_hardware,0.0007121385343213328,1.365164413103961e-07,-9.514396309709326e-07,0.0014296486293970238,0.12584593792475124,-0.282480041211708,0.062460492554262996,7.223101107201562e-09,-1.5177735830262759e-13,3.034937396020729e-13,7.2232380572592355e-09,-9.839310460762436e-13,1.7322118524543106e-09,8.856662721258969e-08,8040.7096525417055,,True,626346dce1edef09e7e90546
588,m3_low_profile_socket_head_screw__8mm_l__18_8_ss_110,assets/m3_low_profile_socket_head_screw__8mm_l__18_8_ss.stl,catalog_fasteners_and_hardware,0.0007121385343213328,1.365164413103961e-07,-9.514396309709326e-07,0.0014296486293970238,0.14674250597918276,-0.30383797154140685,0.08673851256369218,7.223101107201562e-09,-1.5177735830262759e-13,3.034937396020729e-13,7.2232380572592355e-09,-9.839310460762436e-13,1.7322118524543106e-09,8.856662721258969e-08,8040.7096525417055,,True,626346dce1edef09e7e90546
589,m3_low_profile_socket_head_screw__8mm_l__18_8_ss_111,assets/m3_low_profile_socket_head_screw__8mm_l__18_8_ss.stl,catalog_fasteners_and_hardware,0.0007121385343213328,1.365164413103961e-07,-9.514396309709326e-07,0.0014296486293970238,0.1603004010303655,-0.24630935301979293,0.08691582046802265,7.223101107201562e-09,-1.5177735830262759e-13,3.034937396020729e-13,7.2232380572592355e-09,-9.839310460762436e-13,1.7322118524543106e-09,8.856662721258969e-08,8040.7096525417055,,True,626346dce1edef09e7e90546
590,motor_bearing_holder_13,assets/motor_bearing_holder.stl,custom_robot_structure,0.014515050518199327,3.9428425384572737e-19,1.750237419510302e-18,0.0024329825491675784,0.13845952272760914,-0.2910413918691278,0.07460020848656596,2.530704534035661e-06,0.0,0.0,2.5307045340356596e-06,0.0,5.000910128465472e-06,5.3691240476767985e-06,2703.429905755286,,True,881b01051a1ec5c958bf7768
591,bearing_insert_13,assets/bearing_insert.stl,custom_robot_structure,0.005562323467948138,1.1864652213259286e-18,1.5278124024661033e-18,0.005597969272893216,0.1354824534005787,-0.2939541521803902,0.07460020848656586,3.778434887061974e-07,0.0,0.0,3.778434887061972e-07,0.0,7.226264278991418e-07,2.0575060437367046e-06,2703.429953404277,,True,881b01051a1ec5c958bf7768
592,motor_flange_13,assets/motor_flange.stl,custom_robot_structure,0.006284657394665203,7.013444274484659e-19,-0.0018970087906854303,1.3865922954187293e-18,0.17300506736858184,-0.25724208110146823,0.07460020848656748,3.775356040564229e-07,0.0,0.0,7.402510137474455e-07,0.0,3.7753560405642284e-07,2.342046312425591e-06,2683.404406361359,,True,881b01051a1ec5c958bf7768
593,hex_socket_head_countersunk_screw_grade_c_m3x0_5_x_10__1cb4a3dadc02821627dad8d7e6578bbe_49,assets/hex_socket_head_countersunk_screw_grade_c_m3x0_5_x_10__1cb4a3dadc02821627dad8d7e6578bbe.stl,catalog_fasteners_and_hardware,0.000665400491340697,-2.2257555296884423e-19,-3.1565794121570914e-21,-0.004190843907588401,0.1529100522541868,-0.3036912589068001,0.07261953051860547,7.016813699463784e-09,0.0,0.0,7.016813699463784e-09,0.0,1.2791475269095532e-09,8.585519269790494e-08,7750.264956972535,,True,c6f2bd5eba8853eca1ecbf6f
594,hex_socket_head_countersunk_screw_grade_c_m3x0_5_x_10__1cb4a3dadc02821627dad8d7e6578bbe_50,assets/hex_socket_head_countersunk_screw_grade_c_m3x0_5_x_10__1cb4a3dadc02821627dad8d7e6578bbe.stl,catalog_fasteners_and_hardware,0.000665400491340697,-2.2257555296884423e-19,-3.1565794121570914e-21,-0.004190843907588401,0.1261281945563913,-0.2763181012993194,0.07658088645452651,7.016813699463784e-09,0.0,0.0,7.016813699463784e-09,0.0,1.2791475269095532e-09,8.585519269790494e-08,7750.264956972535,,True,c6f2bd5eba8853eca1ecbf6f
595,hex_socket_head_countersunk_screw_grade_c_m3x0_5_x_10__1cb4a3dadc02821627dad8d7e6578bbe_51,assets/hex_socket_head_countersunk_screw_grade_c_m3x0_5_x_10__1cb4a3dadc02821627dad8d7e6578bbe.stl,catalog_fasteners_and_hardware,0.000665400491340697,-2.2257555296884423e-19,-3.1565794121570914e-21,-0.004190843907588401,0.1381339472793721,-0.2885889215385602,0.055452377936155386,7.016813699463784e-09,0.0,0.0,7.016813699463784e-09,0.0,1.2791475269095532e-09,8.585519269790494e-08,7750.264956972535,,True,c6f2bd5eba8853eca1ecbf6f
596,hex_socket_head_countersunk_screw_grade_c_m3x0_5_x_10__1cb4a3dadc02821627dad8d7e6578bbe_52,assets/hex_socket_head_countersunk_screw_grade_c_m3x0_5_x_10__1cb4a3dadc02821627dad8d7e6578bbe.stl,catalog_fasteners_and_hardware,0.000665400491340697,-2.2257555296884423e-19,-3.1565794121570914e-21,-0.004190843907588401,0.14090429953120603,-0.29142043866755935,0.0937480390369766,7.016813699463784e-09,0.0,0.0,7.016813699463784e-09,0.0,1.2791475269095532e-09,8.585519269790494e-08,7750.264956972535,,True,c6f2bd5eba8853eca1ecbf6f
597,m4_low_profile_socket_head_screw__8mm_l__18_8_ss_58,assets/m4_low_profile_socket_head_screw__8mm_l__18_8_ss.stl,catalog_fasteners_and_hardware,0.0014360273543625498,5.993079289022729e-07,2.427383866312977e-07,0.001566162698562903,0.14298829581690822,-0.2224856929204222,0.023967400779684546,1.6920964131490878e-08,4.194975610991509e-15,1.993992270223131e-12,1.691956690952173e-08,-8.190885933173142e-12,6.1975505898616726e-09,1.7863835505454422e-07,8038.740358553364,,True,8af10677b2501bd9ce00a5d0
598,m4_low_profile_socket_head_screw__8mm_l__18_8_ss_59,assets/m4_low_profile_socket_head_screw__8mm_l__18_8_ss.stl,catalog_fasteners_and_hardware,0.0014360273543625498,5.993079289022729e-07,2.427383866312977e-07,0.001566162698562903,0.13382217587425915,-0.21311719994019684,0.04009853789014393,1.6920964131490878e-08,4.194975610991509e-15,1.993992270223131e-12,1.691956690952173e-08,-8.190885933173142e-12,6.1975505898616726e-09,1.7863835505454422e-07,8038.740358553364,,True,8af10677b2501bd9ce00a5d0
599,m4_low_profile_socket_head_screw__8mm_l__18_8_ss_60,assets/m4_low_profile_socket_head_screw__8mm_l__18_8_ss.stl,catalog_fasteners_and_hardware,0.0014360273543625498,5.993079289022729e-07,2.427383866312977e-07,0.001566162698562903,0.1273089598572934,-0.20646018269457642,0.032531362822269864,1.6920964131490878e-08,4.194975610991509e-15,1.993992270223131e-12,1.691956690952173e-08,-8.190885933173142e-12,6.1975505898616726e-09,1.7863835505454422e-07,8038.740358553364,,True,8af10677b2501bd9ce00a5d0
600,m4_low_profile_socket_head_screw__8mm_l__18_8_ss_61,assets/m4_low_profile_socket_head_screw__8mm_l__18_8_ss.stl,catalog_fasteners_and_hardware,0.0014360273543625498,5.993079289022729e-07,2.427383866312977e-07,0.001566162698562903,0.12863541182013513,-0.20781592056187886,0.02068220673310315,1.6920964131490878e-08,4.194975610991509e-15,1.993992270223131e-12,1.691956690952173e-08,-8.190885933173142e-12,6.1975505898616726e-09,1.7863835505454422e-07,8038.740358553364,,True,8af10677b2501bd9ce00a5d0
601,m4_low_profile_socket_head_screw__8mm_l__18_8_ss_62,assets/m4_low_profile_socket_head_screw__8mm_l__18_8_ss.stl,catalog_fasteners_and_hardware,0.0014360273543625498,5.993079289022729e-07,2.427383866312977e-07,0.001566162698562903,0.13647507979994258,-0.2158286756748019,0.01640022571181051,1.6920964131490878e-08,4.194975610991509e-15,1.993992270223131e-12,1.691956690952173e-08,-8.190885933173142e-12,6.1975505898616726e-09,1.7863835505454422e-07,8038.740358553364,,True,8af10677b2501bd9ce00a5d0
602,m3_low_profile_socket_head_screw__8mm_l__18_8_ss_112,assets/m3_low_profile_socket_head_screw__8mm_l__18_8_ss.stl,catalog_fasteners_and_hardware,0.0007121385343213328,1.365164413103961e-07,-9.514396309709326e-07,0.0014296486293970238,0.1101712165785889,-0.2658415261211701,0.0282509514396208,7.223101107201562e-09,-1.5177735830262759e-13,3.034937396020729e-13,7.2232380572592355e-09,-9.839310460762436e-13,1.7322118524543106e-09,8.856662721258969e-08,8040.7096525417055,,True,626346dce1edef09e7e90546
603,m3_low_profile_socket_head_screw__8mm_l__18_8_ss_113,assets/m3_low_profile_socket_head_screw__8mm_l__18_8_ss.stl,catalog_fasteners_and_hardware,0.0007121385343213328,1.365164413103961e-07,-9.514396309709326e-07,0.0014296486293970238,0.13540904121774763,-0.22148615378090775,0.00815998502251584,7.223101107201562e-09,-1.5177735830262759e-13,3.034937396020729e-13,7.2232380572592355e-09,-9.839310460762436e-13,1.7322118524543106e-09,8.856662721258969e-08,8040.7096525417055,,True,626346dce1edef09e7e90546
604,m3_low_profile_socket_head_screw__8mm_l__18_8_ss_114,assets/m3_low_profile_socket_head_screw__8mm_l__18_8_ss.stl,catalog_fasteners_and_hardware,0.0007121385343213328,1.365164413103961e-07,-9.514396309709326e-07,0.0014296486293970238,0.0967088360931011,-0.2520819181447798,0.04750095143962118,7.223101107201562e-09,-1.5177735830262759e-13,3.034937396020729e-13,7.2232380572592355e-09,-9.839310460762436e-13,1.7322118524543106e-09,8.856662721258969e-08,8040.7096525417055,,True,626346dce1edef09e7e90546
605,m3_low_profile_socket_head_screw__8mm_l__18_8_ss_115,assets/m3_low_profile_socket_head_screw__8mm_l__18_8_ss.stl,catalog_fasteners_and_hardware,0.0007121385343213328,1.365164413103961e-07,-9.514396309709326e-07,0.0014296486293970238,0.08324645560761412,-0.23832231016838765,0.028250951439621592,7.223101107201562e-09,-1.5177735830262759e-13,3.034937396020729e-13,7.2232380572592355e-09,-9.839310460762436e-13,1.7322118524543106e-09,8.856662721258969e-08,8040.7096525417055,,True,626346dce1edef09e7e90546
606,m3_low_profile_socket_head_screw__8mm_l__18_8_ss_116,assets/m3_low_profile_socket_head_screw__8mm_l__18_8_ss.stl,catalog_fasteners_and_hardware,0.0007121385343213328,1.365164413103961e-07,-9.514396309709326e-07,0.0014296486293970238,0.128142313864897,-0.21405898889321995,0.04833811209820758,7.223101107201562e-09,-1.5177735830262759e-13,3.034937396020729e-13,7.2232380572592355e-09,-9.839310460762436e-13,1.7322118524543106e-09,8.856662721258969e-08,8040.7096525417055,,True,626346dce1edef09e7e90546
607,m3_low_profile_socket_head_screw__8mm_l__18_8_ss_117,assets/m3_low_profile_socket_head_screw__8mm_l__18_8_ss.stl,catalog_fasteners_and_hardware,0.0007121385343213328,1.365164413103961e-07,-9.514396309709326e-07,0.0014296486293970238,0.11772650263516082,-0.20341321347246244,0.02305366347623244,7.223101107201562e-09,-1.5177735830262759e-13,3.034937396020729e-13,7.2232380572592355e-09,-9.839310460762436e-13,1.7322118524543106e-09,8.856662721258969e-08,8040.7096525417055,,True,626346dce1edef09e7e90546
608,m3_low_profile_socket_head_screw__8mm_l__18_8_ss_118,assets/m3_low_profile_socket_head_screw__8mm_l__18_8_ss.stl,catalog_fasteners_and_hardware,0.0007121385343213328,1.365164413103961e-07,-9.514396309709326e-07,0.0014296486293970238,0.12441058678921689,-0.21024487134605713,0.010370243481200268,7.223101107201562e-09,-1.5177735830262759e-13,3.034937396020729e-13,7.2232380572592355e-09,-9.839310460762436e-13,1.7322118524543106e-09,8.856662721258969e-08,8040.7096525417055,,True,626346dce1edef09e7e90546
609,m3_low_profile_socket_head_screw__8mm_l__18_8_ss_119,assets/m3_low_profile_socket_head_screw__8mm_l__18_8_ss.stl,catalog_fasteners_and_hardware,0.0007121385343213328,1.365164413103961e-07,-9.514396309709326e-07,0.0014296486293970238,0.11927223460098241,-0.20499307268898245,0.038780469591796665,7.223101107201562e-09,-1.5177735830262759e-13,3.034937396020729e-13,7.2232380572592355e-09,-9.839310460762436e-13,1.7322118524543106e-09,8.856662721258969e-08,8040.7096525417055,,True,626346dce1edef09e7e90546
610,m3_low_profile_socket_head_screw__8mm_l__18_8_ss_120,assets/m3_low_profile_socket_head_screw__8mm_l__18_8_ss.stl,catalog_fasteners_and_hardware,0.0007121385343213328,1.365164413103961e-07,-9.514396309709326e-07,0.0014296486293970238,0.14427912048166222,-0.23055206998514524,0.017717627528926746,7.223101107201562e-09,-1.5177735830262759e-13,3.034937396020729e-13,7.2232380572592355e-09,-9.839310460762436e-13,1.7322118524543106e-09,8.856662721258969e-08,8040.7096525417055,,True,626346dce1edef09e7e90546
611,m3_low_profile_socket_head_screw__8mm_l__18_8_ss_121,assets/m3_low_profile_socket_head_screw__8mm_l__18_8_ss.stl,catalog_fasteners_and_hardware,0.0007121385343213328,1.365164413103961e-07,-9.514396309709326e-07,0.0014296486293970238,0.1458248524474838,-0.23213192920166528,0.03344443364449097,7.223101107201562e-09,-1.5177735830262759e-13,3.034937396020729e-13,7.2232380572592355e-09,-9.839310460762436e-13,1.7322118524543106e-09,8.856662721258969e-08,8040.7096525417055,,True,626346dce1edef09e7e90546
612,m3_low_profile_socket_head_screw__8mm_l__18_8_ss_122,assets/m3_low_profile_socket_head_screw__8mm_l__18_8_ss.stl,catalog_fasteners_and_hardware,0.0007121385343213328,1.365164413103961e-07,-9.514396309709326e-07,0.0014296486293970238,0.09670883609310191,-0.25208191814477793,0.009000951439621199,7.223101107201562e-09,-1.5177735830262759e-13,3.034937396020729e-13,7.2232380572592355e-09,-9.839310460762436e-13,1.7322118524543106e-09,8.856662721258969e-08,8040.7096525417055,,True,626346dce1edef09e7e90546
613,first_joint_bottom_plate_5,assets/first_joint_bottom_plate.stl,custom_robot_structure,0.026471250764240534,-0.039525625489529766,0.00012940881758844884,0.008945423423175058,0.10752400168555622,-0.22824570448469605,0.011095423423166686,1.4879271858739318e-05,3.146428161915361e-08,1.9049410492075228e-06,2.129262711779452e-05,-5.998540955844314e-08,2.5612238901067855e-05,9.875326668744377e-06,2680.5443153614974,,True,881b01051a1ec5c958bf7768
614,pem_bsos_m3_6____c8b4713a2b299da432156142d6d3e6d8_5,assets/pem_bsos_m3_6____c8b4713a2b299da432156142d6d3e6d8.stl,catalog_fasteners_and_hardware,0.0004708484897520461,1.2857871311771532e-18,-7.140615387249737e-20,-0.002704641119787707,0.12560937522361754,-0.2624888333836817,0.004854641119778025,2.2347559044838597e-09,0.0,0.0,2.2347559044838597e-09,0.0,1.3514971868074787e-09,6.076658976780734e-08,7748.476449825232,,True,2822c454ce56982d40f39cf0
615,motor_bearing_holder_14,assets/motor_bearing_holder.stl,custom_robot_structure,0.014515050518199327,3.9428425384572737e-19,1.750237419510302e-18,0.0024329825491675784,0.09856498908769568,-0.25026605173683,0.028249999999995307,2.530704534035661e-06,0.0,0.0,2.5307045340356596e-06,0.0,5.000910128465472e-06,5.3691240476767985e-06,2703.429905755286,,True,881b01051a1ec5c958bf7768
616,bearing_insert_14,assets/bearing_insert.stl,custom_robot_structure,0.005562323467948138,1.1864652213259286e-18,1.5278124024661033e-18,0.005597969272893216,0.0955879197606612,-0.25317881204809073,0.028249999999992455,3.778434887061974e-07,0.0,0.0,3.778434887061972e-07,0.0,7.226264278991418e-07,2.0575060437367046e-06,2703.429953404277,,True,881b01051a1ec5c958bf7768
617,motor_flange_14,assets/motor_flange.stl,custom_robot_structure,0.006284657394665203,7.013444274484659e-19,-0.0018970087906854303,1.3865922954187293e-18,0.13311053372866422,-0.21646674096916874,0.028249999999994016,3.775356040564229e-07,0.0,0.0,7.402510137474455e-07,0.0,3.7753560405642284e-07,2.342046312425591e-06,2683.404406361359,,True,881b01051a1ec5c958bf7768
618,hex_socket_head_countersunk_screw_grade_c_m3x0_5_x_10__1cb4a3dadc02821627dad8d7e6578bbe_53,assets/hex_socket_head_countersunk_screw_grade_c_m3x0_5_x_10__1cb4a3dadc02821627dad8d7e6578bbe.stl,catalog_fasteners_and_hardware,0.000665400491340697,-2.2257555296884423e-19,-3.1565794121570914e-21,-0.004190843907588401,0.09010524923317491,-0.23949982786418847,0.014638194462152764,7.016813699463784e-09,0.0,0.0,7.016813699463784e-09,0.0,1.2791475269095532e-09,8.585519269790494e-08,7750.264956972535,,True,c6f2bd5eba8853eca1ecbf6f
619,hex_socket_head_countersunk_screw_grade_c_m3x0_5_x_10__1cb4a3dadc02821627dad8d7e6578bbe_54,assets/hex_socket_head_countersunk_screw_grade_c_m3x0_5_x_10__1cb4a3dadc02821627dad8d7e6578bbe.stl,catalog_fasteners_and_hardware,0.000665400491340697,-2.2257555296884423e-19,-3.1565794121570914e-21,-0.004190843907588401,0.10914393029757638,-0.2589588520773353,0.041861805537837894,7.016813699463784e-09,0.0,0.0,7.016813699463784e-09,0.0,1.2791475269095532e-09,8.585519269790494e-08,7750.264956972535,,True,c6f2bd5eba8853eca1ecbf6f
620,hex_socket_head_countersunk_screw_grade_c_m3x0_5_x_10__1cb4a3dadc02821627dad8d7e6578bbe_55,assets/hex_socket_head_countersunk_screw_grade_c_m3x0_5_x_10__1cb4a3dadc02821627dad8d7e6578bbe.stl,catalog_fasteners_and_hardware,0.000665400491340697,-2.2257555296884423e-19,-3.1565794121570914e-21,-0.004190843907588401,0.09010524923317245,-0.2394998278641866,0.041861805537834876,7.016813699463784e-09,0.0,0.0,7.016813699463784e-09,0.0,1.2791475269095532e-09,8.585519269790494e-08,7750.264956972535,,True,c6f2bd5eba8853eca1ecbf6f
621,hex_socket_head_countersunk_screw_grade_c_m3x0_5_x_10__1cb4a3dadc02821627dad8d7e6578bbe_56,assets/hex_socket_head_countersunk_screw_grade_c_m3x0_5_x_10__1cb4a3dadc02821627dad8d7e6578bbe.stl,catalog_fasteners_and_hardware,0.000665400491340697,-2.2257555296884423e-19,-3.1565794121570914e-21,-0.004190843907588401,0.10914393029757884,-0.25895885207733715,0.014638194462155777,7.016813699463784e-09,0.0,0.0,7.016813699463784e-09,0.0,1.2791475269095532e-09,8.585519269790494e-08,7750.264956972535,,True,c6f2bd5eba8853eca1ecbf6f
622,motor_bearing_holder_15,assets/motor_bearing_holder.stl,custom_robot_structure,0.014515050518199327,3.9428425384572737e-19,1.750237419510302e-18,0.0024329825491675784,0.07997447468980445,-0.19990288565362346,0.006317017450824844,2.530704534035661e-06,0.0,0.0,2.5307045340356596e-06,0.0,5.000910128465472e-06,5.3691240476767985e-06,2703.429905755286,,True,881b01051a1ec5c958bf7768
623,bearing_insert_15,assets/bearing_insert.stl,custom_robot_structure,0.005562323467948138,1.1864652213259286e-18,1.5278124024661033e-18,0.005597969272893216,0.07997447468980455,-0.19990288565362327,0.002152030727099275,3.778434887061974e-07,0.0,0.0,3.778434887061972e-07,0.0,7.226264278991418e-07,2.0575060437367046e-06,2703.429953404277,,True,881b01051a1ec5c958bf7768
624,motor_flange_15,assets/motor_flange.stl,custom_robot_structure,0.006284657394665203,7.013444274484659e-19,-0.0018970087906854303,1.3865922954187293e-18,0.07997447468980041,-0.1999028856536212,0.054647008790685576,3.775356040564229e-07,0.0,0.0,7.402510137474455e-07,0.0,3.7753560405642284e-07,2.342046312425591e-06,2683.404406361359,,True,881b01051a1ec5c958bf7768
625,hex_socket_head_countersunk_screw_grade_c_m3x0_5_x_10__1cb4a3dadc02821627dad8d7e6578bbe_57,assets/hex_socket_head_countersunk_screw_grade_c_m3x0_5_x_10__1cb4a3dadc02821627dad8d7e6578bbe.stl,catalog_fasteners_and_hardware,0.000665400491340697,-2.2257555296884423e-19,-3.1565794121570914e-21,-0.004190843907588401,0.07002385357547213,-0.216381588255437,0.007799422551342491,7.016813699463784e-09,0.0,0.0,7.016813699463784e-09,0.0,1.2791475269095532e-09,8.585519269790494e-08,7750.264956972535,,True,c6f2bd5eba8853eca1ecbf6f
626,hex_socket_head_countersunk_screw_grade_c_m3x0_5_x_10__1cb4a3dadc02821627dad8d7e6578bbe_58,assets/hex_socket_head_countersunk_screw_grade_c_m3x0_5_x_10__1cb4a3dadc02821627dad8d7e6578bbe.stl,catalog_fasteners_and_hardware,0.000665400491340697,-2.2257555296884423e-19,-3.1565794121570914e-21,-0.004190843907588401,0.08992509580413674,-0.18342418305181007,0.007799422551344533,7.016813699463784e-09,0.0,0.0,7.016813699463784e-09,0.0,1.2791475269095532e-09,8.585519269790494e-08,7750.264956972535,,True,c6f2bd5eba8853eca1ecbf6f
627,hex_socket_head_countersunk_screw_grade_c_m3x0_5_x_10__1cb4a3dadc02821627dad8d7e6578bbe_59,assets/hex_socket_head_countersunk_screw_grade_c_m3x0_5_x_10__1cb4a3dadc02821627dad8d7e6578bbe.stl,catalog_fasteners_and_hardware,0.000665400491340697,-2.2257555296884423e-19,-3.1565794121570914e-21,-0.004190843907588401,0.09645317729161784,-0.20985350676795586,0.007799422551343393,7.016813699463784e-09,0.0,0.0,7.016813699463784e-09,0.0,1.2791475269095532e-09,8.585519269790494e-08,7750.264956972535,,True,c6f2bd5eba8853eca1ecbf6f
628,hex_socket_head_countersunk_screw_grade_c_m3x0_5_x_10__1cb4a3dadc02821627dad8d7e6578bbe_60,assets/hex_socket_head_countersunk_screw_grade_c_m3x0_5_x_10__1cb4a3dadc02821627dad8d7e6578bbe.stl,catalog_fasteners_and_hardware,0.000665400491340697,-2.2257555296884423e-19,-3.1565794121570914e-21,-0.004190843907588401,0.06349577208799098,-0.18995226453929123,0.007799422551343714,7.016813699463784e-09,0.0,0.0,7.016813699463784e-09,0.0,1.2791475269095532e-09,8.585519269790494e-08,7750.264956972535,,True,c6f2bd5eba8853eca1ecbf6f
629,m3_low_profile_socket_head_screw__6mm_l__18_8_ss_72,assets/m3_low_profile_socket_head_screw__6mm_l__18_8_ss.stl,catalog_fasteners_and_hardware,0.0006211045207284469,4.496378366916472e-07,-1.2212095659441424e-06,0.0012212185740947546,0.0948068183614574,-0.18539031306650164,0.053571218574087795,4.105658746996272e-09,1.4206308788657533e-13,6.147111898853524e-13,4.105736470004493e-09,-1.4886537407071392e-12,1.6477516864587332e-09,7.726007294857367e-08,8039.139713754482,,True,c897f71ee271aedb99169257
630,m3_low_profile_socket_head_screw__6mm_l__18_8_ss_73,assets/m3_low_profile_socket_head_screw__6mm_l__18_8_ss.stl,catalog_fasteners_and_hardware,0.0006211045207284469,4.496378366916472e-07,-1.2212095659441424e-06,0.0012212185740947546,0.08458933802394739,-0.21859177232730073,0.0029287814258968136,4.105658746996272e-09,1.4206308788657533e-13,6.147111898853524e-13,4.105736470004493e-09,-1.4886537407071392e-12,1.6477516864587332e-09,7.726007294857367e-08,8039.139713754482,,True,c897f71ee271aedb99169257
631,m3_low_profile_socket_head_screw__6mm_l__18_8_ss_74,assets/m3_low_profile_socket_head_screw__6mm_l__18_8_ss.stl,catalog_fasteners_and_hardware,0.0006211045207284469,4.496378366916472e-07,-1.2212095659441424e-06,0.0012212185740947546,0.061284933314150275,-0.20451946899337606,0.002928781425897019,4.105658746996272e-09,1.4206308788657533e-13,6.147111898853524e-13,4.105736470004493e-09,-1.4886537407071392e-12,1.6477516864587332e-09,7.726007294857367e-08,8039.139713754482,,True,c897f71ee271aedb99169257
632,m3_low_profile_socket_head_screw__6mm_l__18_8_ss_75,assets/m3_low_profile_socket_head_screw__6mm_l__18_8_ss.stl,catalog_fasteners_and_hardware,0.0006211045207284469,4.496378366916472e-07,-1.2212095659441424e-06,0.0012212185740947546,0.08020158172032096,-0.17915294697918896,0.053571218574087795,4.105658746996272e-09,1.4206308788657533e-13,6.147111898853524e-13,4.105736470004493e-09,-1.4886537407071392e-12,1.6477516864587332e-09,7.726007294857367e-08,8039.139713754482,,True,c897f71ee271aedb99169257
633,m3_low_profile_socket_head_screw__6mm_l__18_8_ss_76,assets/m3_low_profile_socket_head_screw__6mm_l__18_8_ss.stl,catalog_fasteners_and_hardware,0.0006211045207284469,4.496378366916472e-07,-1.2212095659441424e-06,0.0012212185740947546,0.10072379637415739,-0.20012825879336543,0.053571218574087795,4.105658746996272e-09,1.4206308788657533e-13,6.147111898853524e-13,4.105736470004493e-09,-1.4886537407071392e-12,1.6477516864587332e-09,7.726007294857367e-08,8039.139713754482,,True,c897f71ee271aedb99169257
634,m3_low_profile_socket_head_screw__6mm_l__18_8_ss_77,assets/m3_low_profile_socket_head_screw__6mm_l__18_8_ss.stl,catalog_fasteners_and_hardware,0.0006211045207284469,4.496378366916472e-07,-1.2212095659441424e-06,0.0012212185740947546,0.0944864302868447,-0.2147334954345021,0.053571218574087746,4.105658746996272e-09,1.4206308788657533e-13,6.147111898853524e-13,4.105736470004493e-09,-1.4886537407071392e-12,1.6477516864587332e-09,7.726007294857367e-08,8039.139713754482,,True,c897f71ee271aedb99169257
635,m3_low_profile_socket_head_screw__6mm_l__18_8_ss_78,assets/m3_low_profile_socket_head_screw__6mm_l__18_8_ss.stl,catalog_fasteners_and_hardware,0.0006211045207284469,4.496378366916472e-07,-1.2212095659441424e-06,0.0012212185740947546,0.059226269906144616,-0.19967516163302587,0.05357121857408781,4.105658746996272e-09,1.4206308788657533e-13,6.147111898853524e-13,4.105736470004493e-09,-1.4886537407071392e-12,1.6477516864587332e-09,7.726007294857367e-08,8039.139713754482,,True,c897f71ee271aedb99169257
636,m3_low_profile_socket_head_screw__6mm_l__18_8_ss_79,assets/m3_low_profile_socket_head_screw__6mm_l__18_8_ss.stl,catalog_fasteners_and_hardware,0.0006211045207284469,4.496378366916472e-07,-1.2212095659441424e-06,0.0012212185740947546,0.09866164135787203,-0.19528736761750365,0.0029287814258983106,4.105658746996272e-09,1.4206308788657533e-13,6.147111898853524e-13,4.105736470004493e-09,-1.4886537407071392e-12,1.6477516864587332e-09,7.726007294857367e-08,8039.139713754482,,True,c897f71ee271aedb99169257
637,m3_low_profile_socket_head_screw__6mm_l__18_8_ss_80,assets/m3_low_profile_socket_head_screw__6mm_l__18_8_ss.stl,catalog_fasteners_and_hardware,0.0006211045207284469,4.496378366916472e-07,-1.2212095659441424e-06,0.0012212185740947546,0.06514324791884459,-0.2144131073598896,0.053571218574087816,4.105658746996272e-09,1.4206308788657533e-13,6.147111898853524e-13,4.105736470004493e-09,-1.4886537407071392e-12,1.6477516864587332e-09,7.726007294857367e-08,8039.139713754482,,True,c897f71ee271aedb99169257
638,m3_low_profile_socket_head_screw__6mm_l__18_8_ss_81,assets/m3_low_profile_socket_head_screw__6mm_l__18_8_ss.stl,catalog_fasteners_and_hardware,0.0006211045207284469,4.496378366916472e-07,-1.2212095659441424e-06,0.0012212185740947546,0.07535723664807495,-0.181215064283579,0.00292878142589849,4.105658746996272e-09,1.4206308788657533e-13,6.147111898853524e-13,4.105736470004493e-09,-1.4886537407071392e-12,1.6477516864587332e-09,7.726007294857367e-08,8039.139713754482,,True,c897f71ee271aedb99169257
639,m3_low_profile_socket_head_screw__6mm_l__18_8_ss_82,assets/m3_low_profile_socket_head_screw__6mm_l__18_8_ss.stl,catalog_fasteners_and_hardware,0.0006211045207284469,4.496378366916472e-07,-1.2212095659441424e-06,0.0012212185740947546,0.06546363599345734,-0.18506992499188918,0.05357121857408781,4.105658746996272e-09,1.4206308788657533e-13,6.147111898853524e-13,4.105736470004493e-09,-1.4886537407071392e-12,1.6477516864587332e-09,7.726007294857367e-08,8039.139713754482,,True,c897f71ee271aedb99169257
640,m4_low_profile_socket_head_screw__8mm_l__18_8_ss_63,assets/m4_low_profile_socket_head_screw__8mm_l__18_8_ss.stl,catalog_fasteners_and_hardware,0.0014360273543625498,5.993079289022729e-07,2.427383866312977e-07,0.001566162698562903,0.14753678765677225,0.3093812681071094,0.052717709580100934,1.6920964131490878e-08,4.194975610991509e-15,1.993992270223131e-12,1.691956690952173e-08,-8.190885933173142e-12,6.1975505898616726e-09,1.7863835505454422e-07,8038.740358553364,,True,8af10677b2501bd9ce00a5d0
641,m4_low_profile_socket_head_screw__8mm_l__18_8_ss_64,assets/m4_low_profile_socket_head_screw__8mm_l__18_8_ss.stl,catalog_fasteners_and_hardware,0.0014360273543625498,5.993079289022729e-07,2.427383866312977e-07,0.001566162698562903,0.1485948697495205,0.3104273216502751,0.06462511207896,1.6920964131490878e-08,4.194975610991509e-15,1.993992270223131e-12,1.691956690952173e-08,-8.190885933173142e-12,6.1975505898616726e-09,1.7863835505454422e-07,8038.740358553364,,True,8af10677b2501bd9ce00a5d0
642,m4_low_profile_socket_head_screw__8mm_l__18_8_ss_65,assets/m4_low_profile_socket_head_screw__8mm_l__18_8_ss.stl,catalog_fasteners_and_hardware,0.0014360273543625498,5.993079289022729e-07,2.427383866312977e-07,0.001566162698562903,0.14179058127978886,0.3037003860832946,0.07186734904680157,1.6920964131490878e-08,4.194975610991509e-15,1.993992270223131e-12,1.691956690952173e-08,-8.190885933173142e-12,6.1975505898616726e-09,1.7863835505454422e-07,8038.740358553364,,True,8af10677b2501bd9ce00a5d0
643,m4_low_profile_socket_head_screw__8mm_l__18_8_ss_66,assets/m4_low_profile_socket_head_screw__8mm_l__18_8_ss.stl,catalog_fasteners_and_hardware,0.0014360273543625498,5.993079289022729e-07,2.427383866312977e-07,0.001566162698562903,0.1339282107173101,0.2959273969731473,0.06720218351578405,1.6920964131490878e-08,4.194975610991509e-15,1.993992270223131e-12,1.691956690952173e-08,-8.190885933173142e-12,6.1975505898616726e-09,1.7863835505454422e-07,8038.740358553364,,True,8af10677b2501bd9ce00a5d0
644,m4_low_profile_socket_head_screw__8mm_l__18_8_ss_67,assets/m4_low_profile_socket_head_screw__8mm_l__18_8_ss.stl,catalog_fasteners_and_hardware,0.0014360273543625498,5.993079289022729e-07,2.427383866312977e-07,0.001566162698562903,0.1328701286245618,0.2948813434299815,0.055294781016924956,1.6920964131490878e-08,4.194975610991509e-15,1.993992270223131e-12,1.691956690952173e-08,-8.190885933173142e-12,6.1975505898616726e-09,1.7863835505454422e-07,8038.740358553364,,True,8af10677b2501bd9ce00a5d0
645,m3_low_profile_socket_head_screw__5mm_l__hs_steel_64,assets/m3_low_profile_socket_head_screw__5mm_l__hs_steel.stl,catalog_fasteners_and_hardware,0.0005661645150078846,2.8649982787048754e-07,5.711460076281225e-07,0.0011258481258300179,0.17582090302126108,0.2514363809448383,0.05529562740590105,2.8989254502074083e-09,-1.9835192503100982e-13,8.664747465795595e-13,2.8988875603361707e-09,1.0555987376104463e-12,1.5916375087936923e-09,7.203356940451148e-08,7859.731506966328,,True,89113c13c1904d01ede0bcb9
646,m3_low_profile_socket_head_screw__5mm_l__hs_steel_65,assets/m3_low_profile_socket_head_screw__5mm_l__hs_steel.stl,catalog_fasteners_and_hardware,0.0005661645150078846,2.8649982787048754e-07,5.711460076281225e-07,0.0011258481258300179,0.19154564414622013,0.2669823591651324,0.06462595846793584,2.8989254502074083e-09,-1.9835192503100982e-13,8.664747465795595e-13,2.8988875603361707e-09,1.0555987376104463e-12,1.5916375087936923e-09,7.203356940451148e-08,7859.731506966328,,True,89113c13c1904d01ede0bcb9
647,m3_low_profile_socket_head_screw__5mm_l__hs_steel_66,assets/m3_low_profile_socket_head_screw__5mm_l__hs_steel.stl,catalog_fasteners_and_hardware,0.0005661645150078846,2.8649982787048754e-07,5.711460076281225e-07,0.0011258481258300179,0.19048756205347175,0.2659363056219663,0.052718555969076916,2.8989254502074083e-09,-1.9835192503100982e-13,8.664747465795595e-13,2.8988875603361707e-09,1.0555987376104463e-12,1.5916375087936923e-09,7.203356940451148e-08,7859.731506966328,,True,89113c13c1904d01ede0bcb9
648,m3_low_profile_socket_head_screw__5mm_l__hs_steel_67,assets/m3_low_profile_socket_head_screw__5mm_l__hs_steel.stl,catalog_fasteners_and_hardware,0.0005661645150078846,2.8649982787048754e-07,5.711460076281225e-07,0.0011258481258300179,0.17687898511400954,0.2524824344880045,0.0672030299047598,2.8989254502074083e-09,-1.9835192503100982e-13,8.664747465795595e-13,2.8988875603361707e-09,1.0555987376104463e-12,1.5916375087936923e-09,7.203356940451148e-08,7859.731506966328,,True,89113c13c1904d01ede0bcb9
649,m3_low_profile_socket_head_screw__5mm_l__hs_steel_68,assets/m3_low_profile_socket_head_screw__5mm_l__hs_steel.stl,catalog_fasteners_and_hardware,0.0005661645150078846,2.8649982787048754e-07,5.711460076281225e-07,0.0011258481258300179,0.18262519149099216,0.2581633165118196,0.048053390438059236,2.8989254502074083e-09,-1.9835192503100982e-13,8.664747465795595e-13,2.8988875603361707e-09,1.0555987376104463e-12,1.5916375087936923e-09,7.203356940451148e-08,7859.731506966328,,True,89113c13c1904d01ede0bcb9
650,m3_low_profile_socket_head_screw__6mm_l__18_8_ss_83,assets/m3_low_profile_socket_head_screw__6mm_l__18_8_ss.stl,catalog_fasteners_and_hardware,0.0006211045207284469,4.496378366916472e-07,-1.2212095659441424e-06,0.0012212185740947546,0.13628616128081655,0.2803753823501713,0.03987293862047487,4.105658746996272e-09,1.4206308788657533e-13,6.147111898853524e-13,4.105736470004493e-09,-1.4886537407071392e-12,1.6477516864587332e-09,7.726007294857367e-08,8039.139713754482,,True,c897f71ee271aedb99169257
651,m3_low_profile_socket_head_screw__6mm_l__18_8_ss_84,assets/m3_low_profile_socket_head_screw__6mm_l__18_8_ss.stl,catalog_fasteners_and_hardware,0.0006211045207284469,4.496378366916472e-07,-1.2212095659441424e-06,0.0012212185740947546,0.13015017754246908,0.2743091540543656,0.057915958817379466,4.105658746996272e-09,1.4206308788657533e-13,6.147111898853524e-13,4.105736470004493e-09,-1.4886537407071392e-12,1.6477516864587332e-09,7.726007294857367e-08,8039.139713754482,,True,c897f71ee271aedb99169257
652,m3_low_profile_socket_head_screw__6mm_l__18_8_ss_85,assets/m3_low_profile_socket_head_screw__6mm_l__18_8_ss.stl,catalog_fasteners_and_hardware,0.0006211045207284469,4.496378366916472e-07,-1.2212095659441424e-06,0.0012212185740947546,0.154757033619853,0.24941934421204356,0.057915958817377704,4.105658746996272e-09,1.4206308788657533e-13,6.147111898853524e-13,4.105736470004493e-09,-1.4886537407071392e-12,1.6477516864587332e-09,7.726007294857367e-08,8039.139713754482,,True,c897f71ee271aedb99169257
653,m3_low_profile_socket_head_screw__5mm_l__hs_steel_69,assets/m3_low_profile_socket_head_screw__5mm_l__hs_steel.stl,catalog_fasteners_and_hardware,0.0005661645150078846,2.8649982787048754e-07,5.711460076281225e-07,0.0011258481258300179,0.1365084354514293,0.21393202725746632,0.04021393860639713,2.8989254502074083e-09,-1.9835192503100982e-13,8.664747465795595e-13,2.8988875603361707e-09,1.0555987376104463e-12,1.5916375087936923e-09,7.203356940451148e-08,7859.731506966328,,True,89113c13c1904d01ede0bcb9
654,m3_low_profile_socket_head_screw__5mm_l__hs_steel_70,assets/m3_low_profile_socket_head_screw__5mm_l__hs_steel.stl,catalog_fasteners_and_hardware,0.0005661645150078846,2.8649982787048754e-07,5.711460076281225e-07,0.0011258481258300179,0.13518649666184754,0.21262511660831404,0.016286037269427654,2.8989254502074083e-09,-1.9835192503100982e-13,8.664747465795595e-13,2.8988875603361707e-09,1.0555987376104463e-12,1.5916375087936923e-09,7.203356940451148e-08,7859.731506966328,,True,89113c13c1904d01ede0bcb9
655,m3_low_profile_socket_head_screw__5mm_l__hs_steel_71,assets/m3_low_profile_socket_head_screw__5mm_l__hs_steel.stl,catalog_fasteners_and_hardware,0.0005661645150078846,2.8649982787048754e-07,5.711460076281225e-07,0.0011258481258300179,0.128809795308307,0.20632090723712557,0.03503689389124574,2.8989254502074083e-09,-1.9835192503100982e-13,8.664747465795595e-13,2.8988875603361707e-09,1.0555987376104463e-12,1.5916375087936923e-09,7.203356940451148e-08,7859.731506966328,,True,89113c13c1904d01ede0bcb9
656,m3_low_profile_socket_head_screw__5mm_l__hs_steel_72,assets/m3_low_profile_socket_head_screw__5mm_l__hs_steel.stl,catalog_fasteners_and_hardware,0.0005661645150078846,2.8649982787048754e-07,5.711460076281225e-07,0.0011258481258300179,0.14354610619976071,0.22088969195323094,0.03342703265306378,2.8989254502074083e-09,-1.9835192503100982e-13,8.664747465795595e-13,2.8988875603361707e-09,1.0555987376104463e-12,1.5916375087936923e-09,7.203356940451148e-08,7859.731506966328,,True,89113c13c1904d01ede0bcb9
657,m3_low_profile_socket_head_screw__5mm_l__hs_steel_73,assets/m3_low_profile_socket_head_screw__5mm_l__hs_steel.stl,catalog_fasteners_and_hardware,0.0005661645150078846,2.8649982787048754e-07,5.711460076281225e-07,0.0011258481258300179,0.14288513680496984,0.2202362366286548,0.02146308198457905,2.8989254502074083e-09,-1.9835192503100982e-13,8.664747465795595e-13,2.8988875603361707e-09,1.0555987376104463e-12,1.5916375087936923e-09,7.203356940451148e-08,7859.731506966328,,True,89113c13c1904d01ede0bcb9
658,femur_first_stage_6,assets/femur_first_stage.stl,custom_robot_structure,0.02893272756943386,5.237436292258961e-18,0.00021415467942420517,0.018697270116379054,0.13184537491178552,0.2510771889482172,0.039597534061492426,2.999559672756682e-05,0.0,0.0,1.3134048946438463e-05,-1.6297379220881617e-07,2.1614238937730384e-05,1.0793795474248024e-05,2680.496183058307,,True,881b01051a1ec5c958bf7768
659,pem_m4_self_clinching_nut__300_ss_30,assets/pem_m4_self_clinching_nut__300_ss.stl,catalog_fasteners_and_hardware,0.0008355363884781723,0.0019670757575096427,-1.6173730124900373e-07,5.2308822207170976e-08,0.15840760769411433,0.2530303623176435,0.038202804710079905,6.9682596864700805e-09,-1.9802899489392358e-13,-5.965832925689283e-14,4.099050647002325e-09,7.713958387517938e-14,4.0983762805777485e-09,1.0630266930926216e-07,7859.975614040126,,True,158ec13e4f19f56723423f84
660,m3_low_profile_socket_head_screw__8mm_l__18_8_ss_123,assets/m3_low_profile_socket_head_screw__8mm_l__18_8_ss.stl,catalog_fasteners_and_hardware,0.0007121385343213328,1.365164413103961e-07,-9.514396309709326e-07,0.0014296486293970238,0.17361857231028102,0.25757562220473645,0.07732613503169065,7.223101107201562e-09,-1.5177735830262759e-13,3.034937396020729e-13,7.2232380572592355e-09,-9.839310460762436e-13,1.7322118524543106e-09,8.856662721258969e-08,8040.7096525417055,,True,626346dce1edef09e7e90546
661,m3_low_profile_socket_head_screw__8mm_l__18_8_ss_124,assets/m3_low_profile_socket_head_screw__8mm_l__18_8_ss.stl,catalog_fasteners_and_hardware,0.0007121385343213328,1.365164413103961e-07,-9.514396309709326e-07,0.0014296486293970238,0.18543034100659989,0.2692531116741624,0.04259332115264929,7.223101107201562e-09,-1.5177735830262759e-13,3.034937396020729e-13,7.2232380572592355e-09,-9.839310460762436e-13,1.7322118524543106e-09,8.856662721258969e-08,8040.7096525417055,,True,626346dce1edef09e7e90546
662,m3_low_profile_socket_head_screw__8mm_l__18_8_ss_125,assets/m3_low_profile_socket_head_screw__8mm_l__18_8_ss.stl,catalog_fasteners_and_hardware,0.0007121385343213328,1.365164413103961e-07,-9.514396309709326e-07,0.0014296486293970238,0.15912819062987058,0.31345201002578177,0.0581728980268353,7.223101107201562e-09,-1.5177735830262759e-13,3.034937396020729e-13,7.2232380572592355e-09,-9.839310460762436e-13,1.7322118524543106e-09,8.856662721258969e-08,8040.7096525417055,,True,626346dce1edef09e7e90546
663,m3_low_profile_socket_head_screw__8mm_l__18_8_ss_126,assets/m3_low_profile_socket_head_screw__8mm_l__18_8_ss.stl,catalog_fasteners_and_hardware,0.0007121385343213328,1.365164413103961e-07,-9.514396309709326e-07,0.0014296486293970238,0.14569821754427023,0.3001747123310993,0.08063340088956829,7.223101107201562e-09,-1.5177735830262759e-13,3.034937396020729e-13,7.2232380572592355e-09,-9.839310460762436e-13,1.7322118524543106e-09,8.856662721258969e-08,8040.7096525417055,,True,626346dce1edef09e7e90546
664,m3_low_profile_socket_head_screw__8mm_l__18_8_ss_127,assets/m3_low_profile_socket_head_screw__8mm_l__18_8_ss.stl,catalog_fasteners_and_hardware,0.0007121385343213328,1.365164413103961e-07,-9.514396309709326e-07,0.0014296486293970238,0.133132686016235,0.28775202899985186,0.04660669544783018,7.223101107201562e-09,-1.5177735830262759e-13,3.034937396020729e-13,7.2232380572592355e-09,-9.839310460762436e-13,1.7322118524543106e-09,8.856662721258969e-08,8040.7096525417055,,True,626346dce1edef09e7e90546
665,m3_low_profile_socket_head_screw__8mm_l__18_8_ss_128,assets/m3_low_profile_socket_head_screw__8mm_l__18_8_ss.stl,catalog_fasteners_and_hardware,0.0007121385343213328,1.365164413103961e-07,-9.514396309709326e-07,0.0014296486293970238,0.15392337705253165,0.30830636610891293,0.044078575149992985,7.223101107201562e-09,-1.5177735830262759e-13,3.034937396020729e-13,7.2232380572592355e-09,-9.839310460762436e-13,1.7322118524543106e-09,8.856662721258969e-08,8040.7096525417055,,True,626346dce1edef09e7e90546
666,m3_low_profile_socket_head_screw__8mm_l__18_8_ss_129,assets/m3_low_profile_socket_head_screw__8mm_l__18_8_ss.stl,catalog_fasteners_and_hardware,0.0007121385343213328,1.365164413103961e-07,-9.514396309709326e-07,0.0014296486293970238,0.12972571339523112,0.28438378772055906,0.061748200039347376,7.223101107201562e-09,-1.5177735830262759e-13,3.034937396020729e-13,7.2232380572592355e-09,-9.839310460762436e-13,1.7322118524543106e-09,8.856662721258969e-08,8040.7096525417055,,True,626346dce1edef09e7e90546
667,m3_low_profile_socket_head_screw__8mm_l__18_8_ss_130,assets/m3_low_profile_socket_head_screw__8mm_l__18_8_ss.stl,catalog_fasteners_and_hardware,0.0007121385343213328,1.365164413103961e-07,-9.514396309709326e-07,0.0014296486293970238,0.14315568648083146,0.29766108541524156,0.039287697176614386,7.223101107201562e-09,-1.5177735830262759e-13,3.034937396020729e-13,7.2232380572592355e-09,-9.839310460762436e-13,1.7322118524543106e-09,8.856662721258969e-08,8040.7096525417055,,True,626346dce1edef09e7e90546
668,m3_low_profile_socket_head_screw__8mm_l__18_8_ss_131,assets/m3_low_profile_socket_head_screw__8mm_l__18_8_ss.stl,catalog_fasteners_and_hardware,0.0007121385343213328,1.365164413103961e-07,-9.514396309709326e-07,0.0014296486293970238,0.1671745547621818,0.25120486190681945,0.051654885528281284,7.223101107201562e-09,-1.5177735830262759e-13,3.034937396020729e-13,7.2232380572592355e-09,-9.839310460762436e-13,1.7322118524543106e-09,8.856662721258969e-08,8040.7096525417055,,True,626346dce1edef09e7e90546
669,m3_low_profile_socket_head_screw__8mm_l__18_8_ss_132,assets/m3_low_profile_socket_head_screw__8mm_l__18_8_ss.stl,catalog_fasteners_and_hardware,0.0007121385343213328,1.365164413103961e-07,-9.514396309709326e-07,0.0014296486293970238,0.19187435855469914,0.2756238719720794,0.06826457065605866,7.223101107201562e-09,-1.5177735830262759e-13,3.034937396020729e-13,7.2232380572592355e-09,-9.839310460762436e-13,1.7322118524543106e-09,8.856662721258969e-08,8040.7096525417055,,True,626346dce1edef09e7e90546
670,m3_low_profile_socket_head_screw__8mm_l__18_8_ss_133,assets/m3_low_profile_socket_head_screw__8mm_l__18_8_ss.stl,catalog_fasteners_and_hardware,0.0007121385343213328,1.365164413103961e-07,-9.514396309709326e-07,0.0014296486293970238,0.13493052697257002,0.28952943163742795,0.07584252291618969,7.223101107201562e-09,-1.5177735830262759e-13,3.034937396020729e-13,7.2232380572592355e-09,-9.839310460762436e-13,1.7322118524543106e-09,8.856662721258969e-08,8040.7096525417055,,True,626346dce1edef09e7e90546
671,motor_bearing_holder_16,assets/motor_bearing_holder.stl,custom_robot_structure,0.014515050518199327,3.9428425384572737e-19,1.750237419510302e-18,0.0024329825491675784,0.1773957123076522,0.26556872678720783,0.059960261721074944,2.530704534035661e-06,0.0,0.0,2.5307045340356596e-06,0.0,5.000910128465472e-06,5.3691240476767985e-06,2703.429905755286,,True,881b01051a1ec5c958bf7768
672,bearing_insert_16,assets/bearing_insert.stl,custom_robot_structure,0.005562323467948138,1.1864652213259286e-18,1.5278124024661033e-18,0.005597969272893216,0.18032391884693252,0.2626068488572338,0.05996026172107861,3.778434887061974e-07,0.0,0.0,3.778434887061972e-07,0.0,7.226264278991418e-07,2.0575060437367046e-06,2703.429953404277,,True,881b01051a1ec5c958bf7768
673,motor_flange_16,assets/motor_flange.stl,custom_robot_structure,0.006284657394665203,7.013444274484659e-19,-0.0018970087906854303,1.3865922954187293e-18,0.14341716541847627,0.2999379923337844,0.05996026172108304,3.775356040564229e-07,0.0,0.0,7.402510137474455e-07,0.0,3.7753560405642284e-07,2.342046312425591e-06,2683.404406361359,,True,881b01051a1ec5c958bf7768
674,hex_socket_head_countersunk_screw_grade_c_m3x0_5_x_10__1cb4a3dadc02821627dad8d7e6578bbe_61,assets/hex_socket_head_countersunk_screw_grade_c_m3x0_5_x_10__1cb4a3dadc02821627dad8d7e6578bbe.stl,catalog_fasteners_and_hardware,0.000665400491340697,-2.2257555296884423e-19,-3.1565794121570914e-21,-0.004190843907588401,0.18926229315820542,0.27938496033085025,0.0535527681029072,7.016813699463784e-09,0.0,0.0,7.016813699463784e-09,0.0,1.2791475269095532e-09,8.585519269790494e-08,7750.264956972535,,True,c6f2bd5eba8853eca1ecbf6f
675,hex_socket_head_countersunk_screw_grade_c_m3x0_5_x_10__1cb4a3dadc02821627dad8d7e6578bbe_62,assets/hex_socket_head_countersunk_screw_grade_c_m3x0_5_x_10__1cb4a3dadc02821627dad8d7e6578bbe.stl,catalog_fasteners_and_hardware,0.000665400491340697,-2.2257555296884423e-19,-3.1565794121570914e-21,-0.004190843907588401,0.1634447126595651,0.2538608807327768,0.06636775533924283,7.016813699463784e-09,0.0,0.0,7.016813699463784e-09,0.0,1.2791475269095532e-09,8.585519269790494e-08,7750.264956972535,,True,c6f2bd5eba8853eca1ecbf6f
676,hex_socket_head_countersunk_screw_grade_c_m3x0_5_x_10__1cb4a3dadc02821627dad8d7e6578bbe_63,assets/hex_socket_head_countersunk_screw_grade_c_m3x0_5_x_10__1cb4a3dadc02821627dad8d7e6578bbe.stl,catalog_fasteners_and_hardware,0.000665400491340697,-2.2257555296884423e-19,-3.1565794121570914e-21,-0.004190843907588401,0.1717968944025392,0.2621181127238424,0.041807947115682434,7.016813699463784e-09,0.0,0.0,7.016813699463784e-09,0.0,1.2791475269095532e-09,8.585519269790494e-08,7750.264956972535,,True,c6f2bd5eba8853eca1ecbf6f
677,hex_socket_head_countersunk_screw_grade_c_m3x0_5_x_10__1cb4a3dadc02821627dad8d7e6578bbe_64,assets/hex_socket_head_countersunk_screw_grade_c_m3x0_5_x_10__1cb4a3dadc02821627dad8d7e6578bbe.stl,catalog_fasteners_and_hardware,0.000665400491340697,-2.2257555296884423e-19,-3.1565794121570914e-21,-0.004190843907588401,0.18091011141523133,0.27112772833978466,0.07811257632646759,7.016813699463784e-09,0.0,0.0,7.016813699463784e-09,0.0,1.2791475269095532e-09,8.585519269790494e-08,7750.264956972535,,True,c6f2bd5eba8853eca1ecbf6f
678,m4_low_profile_socket_head_screw__8mm_l__18_8_ss_68,assets/m4_low_profile_socket_head_screw__8mm_l__18_8_ss.stl,catalog_fasteners_and_hardware,0.0014360273543625498,5.993079289022729e-07,2.427383866312977e-07,0.001566162698562903,0.10129489792489933,0.26230386844830467,0.02146244865811262,1.6920964131490878e-08,4.194975610991509e-15,1.993992270223131e-12,1.691956690952173e-08,-8.190885933173142e-12,6.1975505898616726e-09,1.7863835505454422e-07,8038.740358553364,,True,8af10677b2501bd9ce00a5d0
679,m4_low_profile_socket_head_screw__8mm_l__18_8_ss_69,assets/m4_low_profile_socket_head_screw__8mm_l__18_8_ss.stl,catalog_fasteners_and_hardware,0.0014360273543625498,5.993079289022729e-07,2.427383866312977e-07,0.001566162698562903,0.09491819657135878,0.2559996590771162,0.040213305279930694,1.6920964131490878e-08,4.194975610991509e-15,1.993992270223131e-12,1.691956690952173e-08,-8.190885933173142e-12,6.1975505898616726e-09,1.7863835505454422e-07,8038.740358553364,,True,8af10677b2501bd9ce00a5d0
680,m4_low_profile_socket_head_screw__8mm_l__18_8_ss_70,assets/m4_low_profile_socket_head_screw__8mm_l__18_8_ss.stl,catalog_fasteners_and_hardware,0.0014360273543625498,5.993079289022729e-07,2.427383866312977e-07,0.001566162698562903,0.08721955642823649,0.2483885390567755,0.035036260564779306,1.6920964131490878e-08,4.194975610991509e-15,1.993992270223131e-12,1.691956690952173e-08,-8.190885933173142e-12,6.1975505898616726e-09,1.7863835505454422e-07,8038.740358553364,,True,8af10677b2501bd9ce00a5d0
681,m4_low_profile_socket_head_screw__8mm_l__18_8_ss_71,assets/m4_low_profile_socket_head_screw__8mm_l__18_8_ss.stl,catalog_fasteners_and_hardware,0.0014360273543625498,5.993079289022729e-07,2.427383866312977e-07,0.001566162698562903,0.08655858703344561,0.24773508373219935,0.023072309896294576,1.6920964131490878e-08,4.194975610991509e-15,1.993992270223131e-12,1.691956690952173e-08,-8.190885933173142e-12,6.1975505898616726e-09,1.7863835505454422e-07,8038.740358553364,,True,8af10677b2501bd9ce00a5d0
682,m4_low_profile_socket_head_screw__8mm_l__18_8_ss_72,assets/m4_low_profile_socket_head_screw__8mm_l__18_8_ss.stl,catalog_fasteners_and_hardware,0.0014360273543625498,5.993079289022729e-07,2.427383866312977e-07,0.001566162698562903,0.09359625778177703,0.2546927484279639,0.016285403942961223,1.6920964131490878e-08,4.194975610991509e-15,1.993992270223131e-12,1.691956690952173e-08,-8.190885933173142e-12,6.1975505898616726e-09,1.7863835505454422e-07,8038.740358553364,,True,8af10677b2501bd9ce00a5d0
683,m3_low_profile_socket_head_screw__8mm_l__18_8_ss_134,assets/m3_low_profile_socket_head_screw__8mm_l__18_8_ss.stl,catalog_fasteners_and_hardware,0.0007121385343213328,1.365164413103961e-07,-9.514396309709326e-07,0.0014296486293970238,0.1457551506133065,0.23063643657942082,0.02825095143961931,7.223101107201562e-09,-1.5177735830262759e-13,3.034937396020729e-13,7.2232380572592355e-09,-9.839310460762436e-13,1.7322118524543106e-09,8.856662721258969e-08,8040.7096525417055,,True,626346dce1edef09e7e90546
684,m3_low_profile_socket_head_screw__8mm_l__18_8_ss_135,assets/m3_low_profile_socket_head_screw__8mm_l__18_8_ss.stl,catalog_fasteners_and_hardware,0.0007121385343213328,1.365164413103961e-07,-9.514396309709326e-07,0.0014296486293970238,0.10126910033993934,0.2556431992454629,0.00815998502251438,7.223101107201562e-09,-1.5177735830262759e-13,3.034937396020729e-13,7.2232380572592355e-09,-9.839310460762436e-13,1.7322118524543106e-09,8.856662721258969e-08,8040.7096525417055,,True,626346dce1edef09e7e90546
685,m3_low_profile_socket_head_screw__8mm_l__18_8_ss_136,assets/m3_low_profile_socket_head_screw__8mm_l__18_8_ss.stl,catalog_fasteners_and_hardware,0.0007121385343213328,1.365164413103961e-07,-9.514396309709326e-07,0.0014296486293970238,0.13206575520003033,0.21710266573685924,0.047500951439619694,7.223101107201562e-09,-1.5177735830262759e-13,3.034937396020729e-13,7.2232380572592355e-09,-9.839310460762436e-13,1.7322118524543106e-09,8.856662721258969e-08,8040.7096525417055,,True,626346dce1edef09e7e90546
686,m3_low_profile_socket_head_screw__8mm_l__18_8_ss_137,assets/m3_low_profile_socket_head_screw__8mm_l__18_8_ss.stl,catalog_fasteners_and_hardware,0.0007121385343213328,1.365164413103961e-07,-9.514396309709326e-07,0.0014296486293970238,0.11837635978675229,0.2035688948942985,0.028250951439620108,7.223101107201562e-09,-1.5177735830262759e-13,3.034937396020729e-13,7.2232380572592355e-09,-9.839310460762436e-13,1.7322118524543106e-09,8.856662721258969e-08,8040.7096525417055,,True,626346dce1edef09e7e90546
687,m3_low_profile_socket_head_screw__8mm_l__18_8_ss_138,assets/m3_low_profile_socket_head_screw__8mm_l__18_8_ss.stl,catalog_fasteners_and_hardware,0.0007121385343213328,1.365164413103961e-07,-9.514396309709326e-07,0.0014296486293970238,0.09387983480842002,0.24833793678650404,0.04833811209820611,7.223101107201562e-09,-1.5177735830262759e-13,3.034937396020729e-13,7.2232380572592355e-09,-9.839310460762436e-13,1.7322118524543106e-09,8.856662721258969e-08,8040.7096525417055,,True,626346dce1edef09e7e90546
688,m3_low_profile_socket_head_screw__8mm_l__18_8_ss_139,assets/m3_low_profile_socket_head_screw__8mm_l__18_8_ss.stl,catalog_fasteners_and_hardware,0.0007121385343213328,1.365164413103961e-07,-9.514396309709326e-07,0.0014296486293970238,0.0832883826779707,0.23786689101012098,0.023053663476230984,7.223101107201562e-09,-1.5177735830262759e-13,3.034937396020729e-13,7.2232380572592355e-09,-9.839310460762436e-13,1.7322118524543106e-09,8.856662721258969e-08,8040.7096525417055,,True,626346dce1edef09e7e90546
689,m3_low_profile_socket_head_screw__8mm_l__18_8_ss_140,assets/m3_low_profile_socket_head_screw__8mm_l__18_8_ss.stl,catalog_fasteners_and_hardware,0.0007121385343213328,1.365164413103961e-07,-9.514396309709326e-07,0.0014296486293970238,0.09008517995012626,0.24458642054138827,0.010370243481198811,7.223101107201562e-09,-1.5177735830262759e-13,3.034937396020729e-13,7.2232380572592355e-09,-9.839310460762436e-13,1.7322118524543106e-09,8.856662721258969e-08,8040.7096525417055,,True,626346dce1edef09e7e90546
690,m3_low_profile_socket_head_screw__8mm_l__18_8_ss_141,assets/m3_low_profile_socket_head_screw__8mm_l__18_8_ss.stl,catalog_fasteners_and_hardware,0.0007121385343213328,1.365164413103961e-07,-9.514396309709326e-07,0.0014296486293970238,0.08486018018480092,0.2394208199183109,0.03878046959179521,7.223101107201562e-09,-1.5177735830262759e-13,3.034937396020729e-13,7.2232380572592355e-09,-9.839310460762436e-13,1.7322118524543106e-09,8.856662721258969e-08,8040.7096525417055,,True,626346dce1edef09e7e90546
691,m3_low_profile_socket_head_screw__8mm_l__18_8_ss_142,assets/m3_low_profile_socket_head_screw__8mm_l__18_8_ss.stl,catalog_fasteners_and_hardware,0.0007121385343213328,1.365164413103961e-07,-9.514396309709326e-07,0.0014296486293970238,0.11028875496355843,0.264560316113656,0.017717627528925285,7.223101107201562e-09,-1.5177735830262759e-13,3.034937396020729e-13,7.2232380572592355e-09,-9.839310460762436e-13,1.7322118524543106e-09,8.856662721258969e-08,8040.7096525417055,,True,626346dce1edef09e7e90546
692,m3_low_profile_socket_head_screw__8mm_l__18_8_ss_143,assets/m3_low_profile_socket_head_screw__8mm_l__18_8_ss.stl,catalog_fasteners_and_hardware,0.0007121385343213328,1.365164413103961e-07,-9.514396309709326e-07,0.0014296486293970238,0.11186055247038867,0.26611424502184594,0.033444433644489506,7.223101107201562e-09,-1.5177735830262759e-13,3.034937396020729e-13,7.2232380572592355e-09,-9.839310460762436e-13,1.7322118524543106e-09,8.856662721258969e-08,8040.7096525417055,,True,626346dce1edef09e7e90546
693,m3_low_profile_socket_head_screw__8mm_l__18_8_ss_144,assets/m3_low_profile_socket_head_screw__8mm_l__18_8_ss.stl,catalog_fasteners_and_hardware,0.0007121385343213328,1.365164413103961e-07,-9.514396309709326e-07,0.0014296486293970238,0.13206575520002842,0.21710266573686005,0.009000951439619716,7.223101107201562e-09,-1.5177735830262759e-13,3.034937396020729e-13,7.2232380572592355e-09,-9.839310460762436e-13,1.7322118524543106e-09,8.856662721258969e-08,8040.7096525417055,,True,626346dce1edef09e7e90546
694,first_joint_bottom_plate_6,assets/first_joint_bottom_plate.stl,custom_robot_structure,0.026471250764240534,-0.039525625489529766,0.00012940881758844884,0.008945423423175058,0.10817360744645377,0.22779369768717508,0.011095423423165133,1.4879271858739318e-05,3.146428161915361e-08,1.9049410492075228e-06,2.129262711779452e-05,-5.998540955844314e-08,2.5612238901067855e-05,9.875326668744377e-06,2680.5443153614974,,True,881b01051a1ec5c958bf7768
695,pem_bsos_m3_6____c8b4713a2b299da432156142d6d3e6d8_6,assets/pem_bsos_m3_6____c8b4713a2b299da432156142d6d3e6d8.stl,catalog_fasteners_and_hardware,0.0004708484897520461,1.2857871311771532e-18,-7.140615387249737e-20,-0.002704641119787707,0.14232219953771383,0.24605694687751112,0.004854641119776492,2.2347559044838597e-09,0.0,0.0,2.2347559044838597e-09,0.0,1.3514971868074787e-09,6.076658976780734e-08,7748.476449825232,,True,2822c454ce56982d40f39cf0
696,motor_bearing_holder_17,assets/motor_bearing_holder.stl,custom_robot_structure,0.014515050518199327,3.9428425384572737e-19,1.750237419510302e-18,0.0024329825491675784,0.1302402583243458,0.2189493481426133,0.02824999999999077,2.530704534035661e-06,0.0,0.0,2.5307045340356596e-06,0.0,5.000910128465472e-06,5.3691240476767985e-06,2703.429905755286,,True,881b01051a1ec5c958bf7768
697,bearing_insert_17,assets/bearing_insert.stl,custom_robot_structure,0.005562323467948138,1.1864652213259286e-18,1.5278124024661033e-18,0.005597969272893216,0.13316846486362136,0.21598747021263656,0.028249999999986605,3.778434887061974e-07,0.0,0.0,3.778434887061972e-07,0.0,7.226264278991418e-07,2.0575060437367046e-06,2703.429953404277,,True,881b01051a1ec5c958bf7768
698,motor_flange_17,assets/motor_flange.stl,custom_robot_structure,0.006284657394665203,7.013444274484659e-19,-0.0018970087906854303,1.3865922954187293e-18,0.09626171143516692,0.2533186136891891,0.02824999999998923,3.775356040564229e-07,0.0,0.0,7.402510137474455e-07,0.0,3.7753560405642284e-07,2.342046312425591e-06,2683.404406361359,,True,881b01051a1ec5c958bf7768
699,hex_socket_head_countersunk_screw_grade_c_m3x0_5_x_10__1cb4a3dadc02821627dad8d7e6578bbe_65,assets/hex_socket_head_countersunk_screw_grade_c_m3x0_5_x_10__1cb4a3dadc02821627dad8d7e6578bbe.stl,catalog_fasteners_and_hardware,0.000665400491340697,-2.2257555296884423e-19,-3.1565794121570914e-21,-0.004190843907588401,0.1195181845985085,0.21043372074941985,0.014638194462147867,7.016813699463784e-09,0.0,0.0,7.016813699463784e-09,0.0,1.2791475269095532e-09,8.585519269790494e-08,7750.264956972535,,True,c6f2bd5eba8853eca1ecbf6f
700,hex_socket_head_countersunk_screw_grade_c_m3x0_5_x_10__1cb4a3dadc02821627dad8d7e6578bbe_66,assets/hex_socket_head_countersunk_screw_grade_c_m3x0_5_x_10__1cb4a3dadc02821627dad8d7e6578bbe.stl,catalog_fasteners_and_hardware,0.000665400491340697,-2.2257555296884423e-19,-3.1565794121570914e-21,-0.004190843907588401,0.13887791325264917,0.2295733630250179,0.04186180553783382,7.016813699463784e-09,0.0,0.0,7.016813699463784e-09,0.0,1.2791475269095532e-09,8.585519269790494e-08,7750.264956972535,,True,c6f2bd5eba8853eca1ecbf6f
701,hex_socket_head_countersunk_screw_grade_c_m3x0_5_x_10__1cb4a3dadc02821627dad8d7e6578bbe_67,assets/hex_socket_head_countersunk_screw_grade_c_m3x0_5_x_10__1cb4a3dadc02821627dad8d7e6578bbe.stl,catalog_fasteners_and_hardware,0.000665400491340697,-2.2257555296884423e-19,-3.1565794121570914e-21,-0.004190843907588401,0.11951818459850642,0.21043372074941707,0.04186180553783081,7.016813699463784e-09,0.0,0.0,7.016813699463784e-09,0.0,1.2791475269095532e-09,8.585519269790494e-08,7750.264956972535,,True,c6f2bd5eba8853eca1ecbf6f
702,hex_socket_head_countersunk_screw_grade_c_m3x0_5_x_10__1cb4a3dadc02821627dad8d7e6578bbe_68,assets/hex_socket_head_countersunk_screw_grade_c_m3x0_5_x_10__1cb4a3dadc02821627dad8d7e6578bbe.stl,catalog_fasteners_and_hardware,0.000665400491340697,-2.2257555296884423e-19,-3.1565794121570914e-21,-0.004190843907588401,0.13887791325265125,0.22957336302502068,0.014638194462150877,7.016813699463784e-09,0.0,0.0,7.016813699463784e-09,0.0,1.2791475269095532e-09,8.585519269790494e-08,7750.264956972535,,True,c6f2bd5eba8853eca1ecbf6f
703,motor_bearing_holder_18,assets/motor_bearing_holder.stl,custom_robot_structure,0.014515050518199327,3.9428425384572737e-19,1.750237419510302e-18,0.0024329825491675784,0.07997447468980282,0.20009711434638264,0.0063170174508233225,2.530704534035661e-06,0.0,0.0,2.5307045340356596e-06,0.0,5.000910128465472e-06,5.3691240476767985e-06,2703.429905755286,,True,881b01051a1ec5c958bf7768
704,bearing_insert_18,assets/bearing_insert.stl,custom_robot_structure,0.005562323467948138,1.1864652213259286e-18,1.5278124024661033e-18,0.005597969272893216,0.07997447468980261,0.20009711434638272,0.002152030727097654,3.778434887061974e-07,0.0,0.0,3.778434887061972e-07,0.0,7.226264278991418e-07,2.0575060437367046e-06,2703.429953404277,,True,881b01051a1ec5c958bf7768
705,motor_flange_18,assets/motor_flange.stl,custom_robot_structure,0.006284657394665203,7.013444274484659e-19,-0.0018970087906854303,1.3865922954187293e-18,0.0799744746898003,0.2000971143463788,0.05464700879068555,3.775356040564229e-07,0.0,0.0,7.402510137474455e-07,0.0,3.7753560405642284e-07,2.342046312425591e-06,2683.404406361359,,True,881b01051a1ec5c958bf7768
706,hex_socket_head_countersunk_screw_grade_c_m3x0_5_x_10__1cb4a3dadc02821627dad8d7e6578bbe_69,assets/hex_socket_head_countersunk_screw_grade_c_m3x0_5_x_10__1cb4a3dadc02821627dad8d7e6578bbe.stl,catalog_fasteners_and_hardware,0.000665400491340697,-2.2257555296884423e-19,-3.1565794121570914e-21,-0.004190843907588401,0.09650471387552569,0.19023234407724784,0.007799422551341024,7.016813699463784e-09,0.0,0.0,7.016813699463784e-09,0.0,1.2791475269095532e-09,8.585519269790494e-08,7750.264956972535,,True,c6f2bd5eba8853eca1ecbf6f
707,hex_socket_head_countersunk_screw_grade_c_m3x0_5_x_10__1cb4a3dadc02821627dad8d7e6578bbe_70,assets/hex_socket_head_countersunk_screw_grade_c_m3x0_5_x_10__1cb4a3dadc02821627dad8d7e6578bbe.stl,catalog_fasteners_and_hardware,0.000665400491340697,-2.2257555296884423e-19,-3.1565794121570914e-21,-0.004190843907588401,0.0634442355040801,0.20996188461551735,0.007799422551343088,7.016813699463784e-09,0.0,0.0,7.016813699463784e-09,0.0,1.2791475269095532e-09,8.585519269790494e-08,7750.264956972535,,True,c6f2bd5eba8853eca1ecbf6f
708,hex_socket_head_countersunk_screw_grade_c_m3x0_5_x_10__1cb4a3dadc02821627dad8d7e6578bbe_71,assets/hex_socket_head_countersunk_screw_grade_c_m3x0_5_x_10__1cb4a3dadc02821627dad8d7e6578bbe.stl,catalog_fasteners_and_hardware,0.000665400491340697,-2.2257555296884423e-19,-3.1565794121570914e-21,-0.004190843907588401,0.08983924495893765,0.2166273535321054,0.00779942255134191,7.016813699463784e-09,0.0,0.0,7.016813699463784e-09,0.0,1.2791475269095532e-09,8.585519269790494e-08,7750.264956972535,,True,c6f2bd5eba8853eca1ecbf6f
709,hex_socket_head_countersunk_screw_grade_c_m3x0_5_x_10__1cb4a3dadc02821627dad8d7e6578bbe_72,assets/hex_socket_head_countersunk_screw_grade_c_m3x0_5_x_10__1cb4a3dadc02821627dad8d7e6578bbe.stl,catalog_fasteners_and_hardware,0.000665400491340697,-2.2257555296884423e-19,-3.1565794121570914e-21,-0.004190843907588401,0.0701097044206681,0.18356687516065984,0.007799422551342202,7.016813699463784e-09,0.0,0.0,7.016813699463784e-09,0.0,1.2791475269095532e-09,8.585519269790494e-08,7750.264956972535,,True,c6f2bd5eba8853eca1ecbf6f
710,m3_low_profile_socket_head_screw__6mm_l__18_8_ss_86,assets/m3_low_profile_socket_head_screw__6mm_l__18_8_ss.stl,catalog_fasteners_and_hardware,0.0006211045207284469,4.496378366916472e-07,-1.2212095659441424e-06,0.0012212185740947546,0.06538494597168698,0.2148537682243372,0.05357121857408785,4.105658746996272e-09,1.4206308788657533e-13,6.147111898853524e-13,4.105736470004493e-09,-1.4886537407071392e-12,1.6477516864587332e-09,7.726007294857367e-08,8039.139713754482,,True,c897f71ee271aedb99169257
711,m3_low_profile_socket_head_screw__6mm_l__18_8_ss_87,assets/m3_low_profile_socket_head_screw__6mm_l__18_8_ss.stl,catalog_fasteners_and_hardware,0.0006211045207284469,4.496378366916472e-07,-1.2212095659441424e-06,0.0012212185740947546,0.09863910368560906,0.20480912805002144,0.002928781425895313,4.105658746996272e-09,1.4206308788657533e-13,6.147111898853524e-13,4.105736470004493e-09,-1.4886537407071392e-12,1.6477516864587332e-09,7.726007294857367e-08,8039.139713754482,,True,c897f71ee271aedb99169257
712,m3_low_profile_socket_head_screw__6mm_l__18_8_ss_88,assets/m3_low_profile_socket_head_screw__6mm_l__18_8_ss.stl,catalog_fasteners_and_hardware,0.0006211045207284469,4.496378366916472e-07,-1.2212095659441424e-06,0.0012212185740947546,0.08468821178130378,0.1814318396043011,0.0029287814258955195,4.105658746996272e-09,1.4206308788657533e-13,6.147111898853524e-13,4.105736470004493e-09,-1.4886537407071392e-12,1.6477516864587332e-09,7.726007294857367e-08,8039.139713754482,,True,c897f71ee271aedb99169257
713,m3_low_profile_socket_head_screw__6mm_l__18_8_ss_89,assets/m3_low_profile_socket_head_screw__6mm_l__18_8_ss.stl,catalog_fasteners_and_hardware,0.0006211045207284469,4.496378366916472e-07,-1.2212095659441424e-06,0.0012212185740947546,0.05922363540477966,0.20021628465820268,0.05357121857408785,4.105658746996272e-09,1.4206308788657533e-13,6.147111898853524e-13,4.105736470004493e-09,-1.4886537407071392e-12,1.6477516864587332e-09,7.726007294857367e-08,8039.139713754482,,True,c897f71ee271aedb99169257
714,m3_low_profile_socket_head_screw__6mm_l__18_8_ss_90,assets/m3_low_profile_socket_head_screw__6mm_l__18_8_ss.stl,catalog_fasteners_and_hardware,0.0006211045207284469,4.496378366916472e-07,-1.2212095659441424e-06,0.0012212185740947546,0.08009191434366385,0.22084732763060103,0.05357121857408788,4.105658746996272e-09,1.4206308788657533e-13,6.147111898853524e-13,4.105736470004493e-09,-1.4886537407071392e-12,1.6477516864587332e-09,7.726007294857367e-08,8039.139713754482,,True,c897f71ee271aedb99169257
715,m3_low_profile_socket_head_screw__6mm_l__18_8_ss_91,assets/m3_low_profile_socket_head_screw__6mm_l__18_8_ss.stl,catalog_fasteners_and_hardware,0.0006211045207284469,4.496378366916472e-07,-1.2212095659441424e-06,0.0012212185740947546,0.09472939790979835,0.21468601706369375,0.05357121857408787,4.105658746996272e-09,1.4206308788657533e-13,6.147111898853524e-13,4.105736470004493e-09,-1.4886537407071392e-12,1.6477516864587332e-09,7.726007294857367e-08,8039.139713754482,,True,c897f71ee271aedb99169257
716,m3_low_profile_socket_head_screw__6mm_l__18_8_ss_92,assets/m3_low_profile_socket_head_screw__6mm_l__18_8_ss.stl,catalog_fasteners_and_hardware,0.0006211045207284469,4.496378366916472e-07,-1.2212095659441424e-06,0.0012212185740947546,0.07985467837717804,0.17934800571931855,0.05357121857408788,4.105658746996272e-09,1.4206308788657533e-13,6.147111898853524e-13,4.105736470004493e-09,-1.4886537407071392e-12,1.6477516864587332e-09,7.726007294857367e-08,8039.139713754482,,True,c897f71ee271aedb99169257
717,m3_low_profile_socket_head_screw__6mm_l__18_8_ss_93,assets/m3_low_profile_socket_head_screw__6mm_l__18_8_ss.stl,catalog_fasteners_and_hardware,0.0006211045207284469,4.496378366916472e-07,-1.2212095659441424e-06,0.0012212185740947546,0.07526181523988872,0.21876001995432673,0.002928781425896772,4.105658746996272e-09,1.4206308788657533e-13,6.147111898853524e-13,4.105736470004493e-09,-1.4886537407071392e-12,1.6477516864587332e-09,7.726007294857367e-08,8039.139713754482,,True,c897f71ee271aedb99169257
718,m3_low_profile_socket_head_screw__6mm_l__18_8_ss_94,assets/m3_low_profile_socket_head_screw__6mm_l__18_8_ss.stl,catalog_fasteners_and_hardware,0.0006211045207284469,4.496378366916472e-07,-1.2212095659441424e-06,0.0012212185740947546,0.09456164674915489,0.18534156512558242,0.053571218574087844,4.105658746996272e-09,1.4206308788657533e-13,6.147111898853524e-13,4.105736470004493e-09,-1.4886537407071392e-12,1.6477516864587332e-09,7.726007294857367e-08,8039.139713754482,,True,c897f71ee271aedb99169257
719,m3_low_profile_socket_head_screw__6mm_l__18_8_ss_95,assets/m3_low_profile_socket_head_screw__6mm_l__18_8_ss.stl,catalog_fasteners_and_hardware,0.0006211045207284469,4.496378366916472e-07,-1.2212095659441424e-06,0.0012212185740947546,0.061310923335583405,0.19538273150860638,0.0029287814258969775,4.105658746996272e-09,1.4206308788657533e-13,6.147111898853524e-13,4.105736470004493e-09,-1.4886537407071392e-12,1.6477516864587332e-09,7.726007294857367e-08,8039.139713754482,,True,c897f71ee271aedb99169257
720,m3_low_profile_socket_head_screw__6mm_l__18_8_ss_96,assets/m3_low_profile_socket_head_screw__6mm_l__18_8_ss.stl,catalog_fasteners_and_hardware,0.0006211045207284469,4.496378366916472e-07,-1.2212095659441424e-06,0.0012212185740947546,0.06521719481104353,0.18550931628622588,0.05357121857408785,4.105658746996272e-09,1.4206308788657533e-13,6.147111898853524e-13,4.105736470004493e-09,-1.4886537407071392e-12,1.6477516864587332e-09,7.726007294857367e-08,8039.139713754482,,True,c897f71ee271aedb99169257
721,pem_m4_self_clinching_nut__300_ss_31,assets/pem_m4_self_clinching_nut__300_ss.stl,catalog_fasteners_and_hardware,0.0008355363884781723,0.0019670757575096427,-1.6173730124900373e-07,5.2308822207170976e-08,-0.2093768325385041,-0.01785023728453366,0.04822322308567383,6.9682596864700805e-09,-1.9802899489392358e-13,-5.965832925689283e-14,4.099050647002325e-09,7.713958387517938e-14,4.0983762805777485e-09,1.0630266930926216e-07,7859.975614040126,,True,158ec13e4f19f56723423f84
722,pem_m4_self_clinching_nut__300_ss_32,assets/pem_m4_self_clinching_nut__300_ss.stl,catalog_fasteners_and_hardware,0.0008355363884781723,0.0019670757575096427,-1.6173730124900373e-07,5.2308822207170976e-08,-0.19694011368114683,0.017212414068701377,0.06374541700742924,6.9682596864700805e-09,-1.9802899489392358e-13,-5.965832925689283e-14,4.099050647002325e-09,7.713958387517938e-14,4.0983762805777485e-09,1.0630266930926216e-07,7859.975614040126,,True,158ec13e4f19f56723423f84
723,pem_m4_self_clinching_nut__300_ss_33,assets/pem_m4_self_clinching_nut__300_ss.stl,catalog_fasteners_and_hardware,0.0008355363884781723,0.0019670757575096427,-1.6173730124900373e-07,5.2308822207170976e-08,-0.19676503188990335,-0.017787148019507662,0.06374541700742979,6.9682596864700805e-09,-1.9802899489392358e-13,-5.965832925689283e-14,4.099050647002325e-09,7.713958387517938e-14,4.0983762805777485e-09,1.0630266930926216e-07,7859.975614040126,,True,158ec13e4f19f56723423f84
724,1_1_31_eb463_510_fl46blw10_48v_5n_m_de_2__fl46blw10_48v_5n_m_de__êäèë1,assets/1_1_31_eb463_510_fl46blw10_48v_5n_m_de_2__fl46blw10_48v_5n_m_de__êäèë1.stl,vendor_motor_parts,0.003575505293965178,-2.7315060254748863e-17,7.873576435762016e-16,0.0012771643572305625,-0.2259533731561603,-0.02371023466405961,0.07460020848660329,7.574652128083713e-07,0.0,0.0,7.57465212808378e-07,0.0,1.5114087091854951e-06,1.3331368436788824e-06,2682.0242129820117,,True,b7094f2f67d456e424842e30
725,1_2_05_000608_fl46blw10_48v_5n_m_de_2__fl46blw10_48v_5n_m_de__êäèë1,assets/1_2_05_000608_fl46blw10_48v_5n_m_de_2__fl46blw10_48v_5n_m_de__êäèë1.stl,vendor_motor_parts,0.0001251760225275824,-0.0017244299369855568,4.301994363033133e-07,5.908153300215281e-07,-0.23370082901352998,0.014631299143768256,0.09338785078343105,1.4701007066345354e-10,-3.327071645877055e-13,-4.3546180126616626e-13,1.29287724369605e-09,1.2146236496910186e-14,1.2928563051173674e-09,4.669869596117045e-08,2680.5035976093454,,True,b7094f2f67d456e424842e30
726,1_2_05_000555_fl46blw10_48v_5n_m_de_2__fl46blw10_48v_5n_m_de__êäèë1,assets/1_2_05_000555_fl46blw10_48v_5n_m_de_2__fl46blw10_48v_5n_m_de__êäèë1.stl,vendor_motor_parts,5.05564929384142e-05,-0.0005885177475925705,5.704958175487715e-07,1.304831538170157e-07,-0.24610137782973807,-0.02245235942327513,0.06961387633515546,4.248449341343423e-11,-1.044328441854737e-13,-2.989204937804672e-14,1.9784970084350223e-10,-7.395239804311774e-15,1.9784623482054316e-10,1.884688014215633e-08,2682.4860431584343,,True,b7094f2f67d456e424842e30
727,1_2_05_000555_fl46blw10_48v_5n_m_de_2__fl46blw10_48v_5n_m_de__êäèë1_2,assets/1_2_05_000555_fl46blw10_48v_5n_m_de_2__fl46blw10_48v_5n_m_de__êäèë1.stl,vendor_motor_parts,5.05564929384142e-05,-0.0005885177475925705,5.704958175487715e-07,1.304831538170157e-07,-0.20819235945569117,-0.022262723369414233,0.06388391462369558,4.248449341343423e-11,-1.044328441854737e-13,-2.989204937804672e-14,1.9784970084350223e-10,-7.395239804311774e-15,1.9784623482054316e-10,1.884688014215633e-08,2682.4860431584343,,True,b7094f2f67d456e424842e30
728,1_2_05_000608_fl46blw10_48v_5n_m_de_2__fl46blw10_48v_5n_m_de__êäèë1_2,assets/1_2_05_000608_fl46blw10_48v_5n_m_de_2__fl46blw10_48v_5n_m_de__êäèë1.stl,vendor_motor_parts,0.0001251760225275824,-0.0017244299369855568,4.301994363033133e-07,5.908153300215281e-07,-0.20735795466276086,0.014763076724763097,0.08215577014053174,1.4701007066345354e-10,-3.327071645877055e-13,-4.3546180126616626e-13,1.29287724369605e-09,1.2146236496910186e-14,1.2928563051173674e-09,4.669869596117045e-08,2680.5035976093454,,True,b7094f2f67d456e424842e30
729,1_2_05_000438_fl46blw10_48v_5n_m_de_2__fl46blw10_48v_5n_m_de__êäèë1,assets/1_2_05_000438_fl46blw10_48v_5n_m_de_2__fl46blw10_48v_5n_m_de__êäèë1.stl,vendor_motor_parts,3.7452900945165836e-05,-0.00048691546990284665,7.741652882946419e-07,1.9852930949355682e-08,-0.21498162223361197,-0.014878095259684742,0.09286394569326298,3.721241491408982e-11,-6.775570722596493e-14,-1.2732964723639204e-14,7.409641321462231e-11,-2.525162931499824e-15,7.409912479287198e-11,1.3966815926753484e-08,2681.5632955700858,,True,b7094f2f67d456e424842e30
730,1_2_05_000438_fl46blw10_48v_5n_m_de_2__fl46blw10_48v_5n_m_de__êäèë1_2,assets/1_2_05_000438_fl46blw10_48v_5n_m_de_2__fl46blw10_48v_5n_m_de__êäèë1.stl,vendor_motor_parts,3.7452900945165836e-05,-0.00048691546990284665,7.741652882946419e-07,1.9852930949355682e-08,-0.2052937826689288,-0.014829632816069404,0.07972527758234917,3.721241491408982e-11,-6.775570722596493e-14,-1.2732964723639204e-14,7.409641321462231e-11,-2.525162931499824e-15,7.409912479287198e-11,1.3966815926753484e-08,2681.5632955700858,,True,b7094f2f67d456e424842e30
731,1_2_05_000438_fl46blw10_48v_5n_m_de_2__fl46blw10_48v_5n_m_de__êäèë1_3,assets/1_2_05_000438_fl46blw10_48v_5n_m_de_2__fl46blw10_48v_5n_m_de__êäèë1.stl,vendor_motor_parts,3.7452900945165836e-05,-0.00048691546990284665,7.741652882946419e-07,1.9852930949355682e-08,-0.2442607880849897,-0.01502456134376074,0.08561600346996011,3.721241491408982e-11,-6.775570722596493e-14,-1.2732964723639204e-14,7.409641321462231e-11,-2.525162931499824e-15,7.409912479287198e-11,1.3966815926753484e-08,2681.5632955700858,,True,b7094f2f67d456e424842e30
732,1_2_05_000608_fl46blw10_48v_5n_m_de_2__fl46blw10_48v_5n_m_de__êäèë1_3,assets/1_2_05_000608_fl46blw10_48v_5n_m_de_2__fl46blw10_48v_5n_m_de__êäèë1.stl,vendor_motor_parts,0.0001251760225275824,-0.0017244299369855568,4.301994363033133e-07,5.908153300215281e-07,-0.24493276912327105,0.01457511249238517,0.06704464683267262,1.4701007066345354e-10,-3.327071645877055e-13,-4.3546180126616626e-13,1.29287724369605e-09,1.2146236496910186e-14,1.2928563051173674e-09,4.669869596117045e-08,2680.5035976093454,,True,b7094f2f67d456e424842e30
733,1_1_06_eb463_507_fl46blw10_48v_5n_m_de_2__fl46blw10_48v_5n_m_de__çð³ý_à_éì1,assets/1_1_06_eb463_507_fl46blw10_48v_5n_m_de_2__fl46blw10_48v_5n_m_de__çð³ý_à_éì1.stl,vendor_motor_parts,0.021834137619844866,0.0004012204503875667,8.736567573188433e-09,0.00476273533540386,-0.22586880340674495,0.0008049241320620812,0.07494378566060964,7.3622577264053095e-06,5.003486689893402e-14,9.296968633897761e-08,7.177823787656781e-06,-1.8635080240921887e-12,1.0303171059560452e-05,8.136051779312388e-06,2683.628154304859,,True,b7094f2f67d456e424842e30
734,1_2_05_000555_fl46blw10_48v_5n_m_de_2__fl46blw10_48v_5n_m_de__êäèë1_3,assets/1_2_05_000555_fl46blw10_48v_5n_m_de_2__fl46blw10_48v_5n_m_de__êäèë1.stl,vendor_motor_parts,5.05564929384142e-05,-0.0005885177475925705,5.704958175487715e-07,1.304831538170157e-07,-0.230946439327848,-0.022376548366769007,0.09474166875734931,4.248449341343423e-11,-1.044328441854737e-13,-2.989204937804672e-14,1.9784970084350223e-10,-7.395239804311774e-15,1.9784623482054316e-10,1.884688014215633e-08,2682.4860431584343,,True,b7094f2f67d456e424842e30
735,1_2_05_000438_fl46blw10_48v_5n_m_de_2__fl46blw10_48v_5n_m_de__êäèë1_4,assets/1_2_05_000438_fl46blw10_48v_5n_m_de_2__fl46blw10_48v_5n_m_de__êäèë1.stl,vendor_motor_parts,3.7452900945165836e-05,-0.00048691546990284665,7.741652882946419e-07,1.9852930949355682e-08,-0.23112228436200968,-0.014958837299547922,0.09530396424813617,3.721241491408982e-11,-6.775570722596493e-14,-1.2732964723639204e-14,7.409641321462231e-11,-2.525162931499824e-15,7.409912479287198e-11,1.3966815926753484e-08,2681.5632955700858,,True,b7094f2f67d456e424842e30
736,1_2_05_000608_fl46blw10_48v_5n_m_de_2__fl46blw10_48v_5n_m_de__êäèë1_4,assets/1_2_05_000608_fl46blw10_48v_5n_m_de_2__fl46blw10_48v_5n_m_de__êäèë1.stl,vendor_motor_parts,0.0001251760225275824,-0.0017244299369855568,4.301994363033133e-07,5.908153300215281e-07,-0.2185898947725018,0.01470689007338001,0.05581256618977309,1.4701007066345354e-10,-3.327071645877055e-13,-4.3546180126616626e-13,1.29287724369605e-09,1.2146236496910186e-14,1.2928563051173674e-09,4.669869596117045e-08,2680.5035976093454,,True,b7094f2f67d456e424842e30
737,1_2_05_000555_fl46blw10_48v_5n_m_de_2__fl46blw10_48v_5n_m_de__êäèë1_4,assets/1_2_05_000555_fl46blw10_48v_5n_m_de_2__fl46blw10_48v_5n_m_de__êäèë1.stl,vendor_motor_parts,5.05564929384142e-05,-0.0005885177475925705,5.704958175487715e-07,1.304831538170157e-07,-0.23667632934737115,-0.022405211565633715,0.05683217606862111,4.248449341343423e-11,-1.044328441854737e-13,-2.989204937804672e-14,1.9784970084350223e-10,-7.395239804311774e-15,1.9784623482054316e-10,1.884688014215633e-08,2682.4860431584343,,True,b7094f2f67d456e424842e30
738,1_2_05_000438_fl46blw10_48v_5n_m_de_2__fl46blw10_48v_5n_m_de__êäèë1_5,assets/1_2_05_000438_fl46blw10_48v_5n_m_de_2__fl46blw10_48v_5n_m_de__êäèë1.stl,vendor_motor_parts,3.7452900945165836e-05,-0.00048691546990284665,7.741652882946419e-07,1.9852930949355682e-08,-0.24670077611092317,-0.015036767138597393,0.06947513939085663,3.721241491408982e-11,-6.775570722596493e-14,-1.2732964723639204e-14,7.409641321462231e-11,-2.525162931499824e-15,7.409912479287198e-11,1.3966815926753484e-08,2681.5632955700858,,True,b7094f2f67d456e424842e30
739,1_2_05_000555_fl46blw10_48v_5n_m_de_2__fl46blw10_48v_5n_m_de__êäèë1_5,assets/1_2_05_000555_fl46blw10_48v_5n_m_de_2__fl46blw10_48v_5n_m_de__êäèë1.stl,vendor_motor_parts,5.05564929384142e-05,-0.0005885177475925705,5.704958175487715e-07,1.304831538170157e-07,-0.2437279796727466,-0.02244048673756437,0.08531650234951066,4.248449341343423e-11,-1.044328441854737e-13,-2.989204937804672e-14,1.9784970084350223e-10,-7.395239804311774e-15,1.9784623482054316e-10,1.884688014215633e-08,2682.4860431584343,,True,b7094f2f67d456e424842e30
740,1_2_05_000438_fl46blw10_48v_5n_m_de_2__fl46blw10_48v_5n_m_de__êäèë1_6,assets/1_2_05_000438_fl46blw10_48v_5n_m_de_2__fl46blw10_48v_5n_m_de__êäèë1.stl,vendor_motor_parts,3.7452900945165836e-05,-0.00048691546990284665,7.741652882946419e-07,1.9852930949355682e-08,-0.23701293654624012,-0.014988304694982059,0.05633647127994294,3.721241491408982e-11,-6.775570722596493e-14,-1.2732964723639204e-14,7.409641321462231e-11,-2.525162931499824e-15,7.409912479287198e-11,1.3966815926753484e-08,2681.5632955700858,,True,b7094f2f67d456e424842e30
741,1_1_06_eb463_509_fl46blw10_48v_5n_m_de_2__fl46blw10_48v_5n_m_de__êäèë1,assets/1_1_06_eb463_509_fl46blw10_48v_5n_m_de_2__fl46blw10_48v_5n_m_de__êäèë1.stl,vendor_motor_parts,0.006371665639530841,0.00013994576758433452,9.862013103342203e-06,0.0011128094560400818,-0.22602831977008936,0.017954266625387856,0.07464341399839186,1.0044230303899307e-06,2.6524788467401333e-08,1.2797173443951157e-10,1.0140751643727678e-06,-1.0029343708491859e-10,2.0034086306679993e-06,2.375886612947444e-06,2681.8054383607005,,True,b7094f2f67d456e424842e30
742,1_2_05_000438_fl46blw10_48v_5n_m_de_2__fl46blw10_48v_5n_m_de__êäèë1_7,assets/1_2_05_000438_fl46blw10_48v_5n_m_de_2__fl46blw10_48v_5n_m_de__êäèë1.stl,vendor_motor_parts,3.7452900945165836e-05,-0.00048691546990284665,7.741652882946419e-07,1.9852930949355682e-08,-0.22087227441784235,-0.014907562655118882,0.05389645272506979,3.721241491408982e-11,-6.775570722596493e-14,-1.2732964723639204e-14,7.409641321462231e-11,-2.525162931499824e-15,7.409912479287198e-11,1.3966815926753484e-08,2681.5632955700858,,True,b7094f2f67d456e424842e30
743,1_2_05_000555_fl46blw10_48v_5n_m_de_2__fl46blw10_48v_5n_m_de__êäèë1_6,assets/1_2_05_000555_fl46blw10_48v_5n_m_de_2__fl46blw10_48v_5n_m_de__êäèë1.stl,vendor_motor_parts,5.05564929384142e-05,-0.0005885177475925705,5.704958175487715e-07,1.304831538170157e-07,-0.22097389980058985,-0.022326661740209645,0.05445874821585708,4.248449341343423e-11,-1.044328441854737e-13,-2.989204937804672e-14,1.9784970084350223e-10,-7.395239804311774e-15,1.9784623482054316e-10,1.884688014215633e-08,2682.4860431584343,,True,b7094f2f67d456e424842e30
744,1_1_02_eb461_502_fl46blw10_48v_5n_m_de_2__fl46blw10_48v_5n_m_de__êäèë1,assets/1_1_02_eb461_502_fl46blw10_48v_5n_m_de_2__fl46blw10_48v_5n_m_de__êäèë1.stl,vendor_motor_parts,0.010039340782280859,-3.586426461437877e-16,8.806751077780196e-18,0.006147535551138196,-0.22597903328758218,-0.018580670038679744,0.07460020848660266,2.210326047415242e-06,3.16440961795669e-09,0.0,2.1950472758632107e-06,0.0,4.27861811833164e-06,3.74193226570368e-06,2682.9295854164625,,True,b7094f2f67d456e424842e30
745,1_2_05_000438_fl46blw10_48v_5n_m_de_2__fl46blw10_48v_5n_m_de__êäèë1_8,assets/1_2_05_000438_fl46blw10_48v_5n_m_de_2__fl46blw10_48v_5n_m_de__êäèë1.stl,vendor_motor_parts,3.7452900945165836e-05,-0.00048691546990284665,7.741652882946419e-07,1.9852930949355682e-08,-0.2077337706948624,-0.01484183861090606,0.06358441350324583,3.721241491408982e-11,-6.775570722596493e-14,-1.2732964723639204e-14,7.409641321462231e-11,-2.525162931499824e-15,7.409912479287198e-11,1.3966815926753484e-08,2681.5632955700858,,True,b7094f2f67d456e424842e30
746,1_2_05_000555_fl46blw10_48v_5n_m_de_2__fl46blw10_48v_5n_m_de__êäèë1_7,assets/1_2_05_000555_fl46blw10_48v_5n_m_de_2__fl46blw10_48v_5n_m_de__êäèë1.stl,vendor_motor_parts,5.05564929384142e-05,-0.0005885177475925705,5.704958175487715e-07,1.304831538170157e-07,-0.2058189612986998,-0.02225085068370352,0.07958654063805072,4.248449341343423e-11,-1.044328441854737e-13,-2.989204937804672e-14,1.9784970084350223e-10,-7.395239804311774e-15,1.9784623482054316e-10,1.884688014215633e-08,2682.4860431584343,,True,b7094f2f67d456e424842e30
747,1_2_05_000555_fl46blw10_48v_5n_m_de_2__fl46blw10_48v_5n_m_de__êäèë1_8,assets/1_2_05_000555_fl46blw10_48v_5n_m_de_2__fl46blw10_48v_5n_m_de__êäèë1.stl,vendor_motor_parts,5.05564929384142e-05,-0.0005885177475925705,5.704958175487715e-07,1.304831538170157e-07,-0.21524400978106678,-0.02229799854134494,0.09236824090458519,4.248449341343423e-11,-1.044328441854737e-13,-2.989204937804672e-14,1.9784970084350223e-10,-7.395239804311774e-15,1.9784623482054316e-10,1.884688014215633e-08,2682.4860431584343,,True,b7094f2f67d456e424842e30
748,1_2_16_001425_fl46blw10_48v_5n_m_de_2__fl46blw10_48v_5n_m_de__çð³ý_à_éì2,assets/1_2_16_001425_fl46blw10_48v_5n_m_de_2__fl46blw10_48v_5n_m_de__çð³ý_à_éì2.stl,vendor_motor_parts,0.005650791388921487,0.019710827212435496,0.029193947313439654,-0.001370346572845048,-0.22783816636351872,0.014287626970046798,0.07191918485927305,5.861088062380172e-07,1.1851487070701593e-07,-3.477754440213315e-08,5.863219974088678e-07,3.342008144736537e-08,1.1460091017245543e-06,2.10683307039721e-06,2682.125825875763,,True,b7094f2f67d456e424842e30
749,revolve1_1,assets/revolve1_1.stl,separate_bearing_parts,0.0025808941287641892,3.4221896053592956e-18,4.50855964342779e-18,-9.041649675540525e-19,-0.22618236595426297,0.022066356940027305,0.07460020848660238,2.0906988509379785e-07,0.0,0.0,2.0906988509379798e-07,0.0,4.0702141010220996e-07,3.2848585175766894e-07,7856.941524130452,,True,90e95efa79c7cf10f5549d54
750,cirpattern1_7,assets/cirpattern1_7.stl,separate_bearing_parts,0.0001284694723599898,-0.0025726433910913246,-0.01043762453733004,-3.239573485869483e-19,-0.21553556700650614,0.022119616481563326,0.07311517125229337,1.2747383394919987e-10,0.0,0.0,1.2747383394919987e-10,0.0,1.2747383394919982e-10,1.631367558714738e-08,7874.95568817144,,True,90e95efa79c7cf10f5549d54
751,revolve3_1,assets/revolve3_1.stl,separate_bearing_parts,0.0007627277500685167,9.31352628334693e-19,9.116630120069628e-19,0.0019646723832599214,-0.22617253800111817,0.02010170913828744,0.07460020848660241,4.203917689001855e-08,0.0,0.0,4.2039176890018546e-08,0.0,8.39900202997911e-08,9.703949146599542e-08,7859.972662117585,,True,90e95efa79c7cf10f5549d54
752,cirpattern1_8,assets/cirpattern1_8.stl,separate_bearing_parts,0.0001284694723599898,-0.0071285685760886204,-0.008046490542839279,-3.239573485869483e-19,-0.21744521625142477,0.022110063653170527,0.06833739723338517,1.274738339491999e-10,0.0,0.0,1.2747383394919992e-10,0.0,1.2747383394919987e-10,1.631367538754823e-08,7874.955784522164,,True,90e95efa79c7cf10f5549d54
753,cirpattern1_11,assets/cirpattern1_11.stl,separate_bearing_parts,0.00012846947235998983,-0.008847076558356728,0.006106696027360029,-3.239573485869483e-19,-0.23134628945455757,0.022040524931786563,0.06517175544326283,1.2747383394919997e-10,0.0,0.0,1.2747383394919997e-10,0.0,1.2747383394920002e-10,1.6313675549085067e-08,7874.9557065449235,,True,90e95efa79c7cf10f5549d54
754,cirpattern2,assets/cirpattern2.stl,separate_bearing_parts,6.447682549723187e-05,-1.861447870219261e-15,-1.2630904970899047e-16,0.00220448941067994,-0.2261713383555541,0.019861895111401823,0.07460020848660058,4.30832463485691e-09,0.0,0.0,4.308324634857926e-09,0.0,8.615135910928939e-09,8.189763014391634e-09,7872.856074580987,,True,90e95efa79c7cf10f5549d54
755,cirpattern1_9,assets/cirpattern1_9.stl,separate_bearing_parts,0.00012846947235998983,-0.010051424608868239,-0.0038120025357071645,-3.239573485869483e-19,-0.22135644119919531,0.02209049814351961,0.06499435779753159,1.2747383394919987e-10,0.0,0.0,1.274738339491999e-10,0.0,1.2747383394919987e-10,1.6313675512680223e-08,7874.95572411831,,True,90e95efa79c7cf10f5549d54
756,cirpattern1_3,assets/cirpattern1_3.stl,separate_bearing_parts,0.00012846947235998983,0.0106716203965541,0.0012957693127446897,-3.239573485869483e-19,-0.22856925633043626,0.02205441676084741,0.08508186445139419,1.2747383394919987e-10,0.0,0.0,1.2747383394919987e-10,0.0,1.274738339491998e-10,1.6313675419325952e-08,7874.955769182388,,True,90e95efa79c7cf10f5549d54
757,cirpattern1_6,assets/cirpattern1_6.stl,separate_bearing_parts,0.0001284694723599898,0.00257264339109118,-0.010437624537330078,-3.239573485869483e-19,-0.2160649710926821,0.022116968190837277,0.07823314940494301,1.2747383394919997e-10,0.0,0.0,1.2747383394919997e-10,0.0,1.2747383394920002e-10,1.631367558714738e-08,7874.95568817144,,True,90e95efa79c7cf10f5549d54
758,cirpattern1_5,assets/cirpattern1_5.stl,separate_bearing_parts,0.00012846947235998983,0.00712856857608851,-0.00804649054283938,-3.239573485869483e-19,-0.21891214841382062,0.022102725472482355,0.08251886457488504,1.2747383394919992e-10,0.0,0.0,1.2747383394919992e-10,0.0,1.2747383394919995e-10,1.631367538754823e-08,7874.955784522166,,True,90e95efa79c7cf10f5549d54
759,revolve1_2,assets/revolve1_2.stl,separate_bearing_parts,0.0017875603307419146,3.7254812207917504e-19,-2.3248196583897076e-18,-5.732587536556652e-18,-0.22618236595426297,0.02206635694002731,0.07460020848660238,7.518736928316261e-08,0.0,0.0,7.518736928316266e-08,0.0,1.4297889999819628e-07,2.2752139446240923e-07,7856.669193530514,,True,90e95efa79c7cf10f5549d54
760,revolve2,assets/revolve2.stl,separate_bearing_parts,0.00012846947235998983,0.0,0.010749999999999997,-3.239573485869483e-19,-0.23687517649999842,0.022012867230097335,0.0734941155954105,1.2747383394919992e-10,0.0,0.0,1.2747383394919992e-10,0.0,1.2747383394919992e-10,1.6313675712392897e-08,7874.955627712786,,True,90e95efa79c7cf10f5549d54
761,cirpattern1_12,assets/cirpattern1_12.stl,separate_bearing_parts,0.00012846947235998983,-0.00499577409947039,0.009518652275772069,-3.239573485869483e-19,-0.23513635891756818,0.02202156549026999,0.068651552862084,1.2747383394919992e-10,0.0,0.0,1.2747383394919992e-10,0.0,1.2747383394919992e-10,1.6313675368739867e-08,7874.955793601361,,True,90e95efa79c7cf10f5549d54
762,cirpattern1_1,assets/cirpattern1_1.stl,separate_bearing_parts,0.00012846947235998983,0.00499577409947052,0.009518652275771998,-3.239573485869483e-19,-0.23616440004873712,0.022016422817848748,0.07859007088024482,1.2747383394920002e-10,0.0,0.0,1.2747383394920002e-10,0.0,1.2747383394920013e-10,1.6313675368739867e-08,7874.955793601361,,True,90e95efa79c7cf10f5549d54
763,cirpattern1_2,assets/cirpattern1_2.stl,separate_bearing_parts,0.00012846947235998983,0.00884707655835682,0.00610669602735991,-3.239573485869483e-19,-0.23316685988298336,0.022031417711219862,0.08277199677374994,1.2747383394919997e-10,0.0,0.0,1.2747383394919997e-10,0.0,1.274738339492e-10,1.6313675549085063e-08,7874.955706544925,,True,90e95efa79c7cf10f5549d54
764,cirpattern1_4,assets/cirpattern1_4.stl,separate_bearing_parts,0.0001284694723599898,0.0100514246088682,-0.0038120025357073,-3.239573485869483e-19,-0.22342484495785517,0.022080151161630313,0.08499051106515244,1.2747383394919987e-10,0.0,0.0,1.2747383394919987e-10,0.0,1.2747383394919982e-10,1.6313675512680226e-08,7874.955724118307,,True,90e95efa79c7cf10f5549d54
765,revolve3_2,assets/revolve3_2.stl,separate_bearing_parts,0.000762727750068509,7.536556395297857e-19,9.116630120069715e-19,-0.0019646723832599236,-0.22619219390740777,0.02403100474176717,0.07460020848660236,4.203917689001809e-08,0.0,0.0,4.2039176890018076e-08,0.0,8.39900202997902e-08,9.703949146599543e-08,7859.972662117504,,True,90e95efa79c7cf10f5549d54
766,mirror1,assets/mirror1.stl,separate_bearing_parts,6.447682549775924e-05,9.81138511381865e-17,2.629052823473247e-16,-0.002204489410681317,-0.2261933935529718,0.024270818768654164,0.07460020848660243,4.3083246348836545e-09,0.0,0.0,4.308324634883543e-09,0.0,8.61513591098127e-09,8.18976494689939e-09,7872.854216917409,,True,90e95efa79c7cf10f5549d54
767,cirpattern1_10,assets/cirpattern1_10.stl,separate_bearing_parts,0.00012846947235998983,-0.01067162039655406,0.00129576931274484,-3.239573485869483e-19,-0.2263732273496539,0.022065402175081645,0.06385190299149404,1.2747383394919995e-10,0.0,0.0,1.2747383394919997e-10,0.0,1.2747383394919997e-10,1.631367541932595e-08,7874.95576918239,,True,90e95efa79c7cf10f5549d54
768,pem_bsos_m3_6____c8b4713a2b299da432156142d6d3e6d8_7,assets/pem_bsos_m3_6____c8b4713a2b299da432156142d6d3e6d8.stl,catalog_fasteners_and_hardware,0.0004708484897520461,1.2857871311771532e-18,-7.140615387249737e-20,-0.002704641119787707,-0.19661879022702256,-0.011436175270259353,0.004854641119779167,2.2347559044838597e-09,0.0,0.0,2.2347559044838597e-09,0.0,1.3514971868074787e-09,6.076658976780734e-08,7748.476449825232,,True,2822c454ce56982d40f39cf0
769,1_1_31_eb463_510_fl46blw10_48v_5n_m_de_2__fl46blw10_48v_5n_m_de__êäèë1_2,assets/1_1_31_eb463_510_fl46blw10_48v_5n_m_de_2__fl46blw10_48v_5n_m_de__êäèë1.stl,vendor_motor_parts,0.003575505293965178,-2.7315060254748863e-17,7.873576435762016e-16,0.0012771643572305625,-0.16890847201567044,-0.023424873280172565,0.02824999999999055,7.574652128083713e-07,0.0,0.0,7.57465212808378e-07,0.0,1.5114087091854951e-06,1.3331368436788824e-06,2682.0242129820117,,True,b7094f2f67d456e424842e30
770,1_2_05_000608_fl46blw10_48v_5n_m_de_2__fl46blw10_48v_5n_m_de__êäèë1_5,assets/1_2_05_000608_fl46blw10_48v_5n_m_de_2__fl46blw10_48v_5n_m_de__êäèë1.stl,vendor_motor_parts,0.0001251760225275824,-0.0017244299369855568,4.301994363033133e-07,5.908153300215281e-07,-0.17891708779990495,0.01490534930240845,0.010538607143240534,1.4701007066345354e-10,-3.327071645877055e-13,-4.3546180126616626e-13,1.29287724369605e-09,1.2146236496910186e-14,1.2928563051173674e-09,4.669869596117045e-08,2680.5035976093454,,True,b7094f2f67d456e424842e30
771,1_2_05_000555_fl46blw10_48v_5n_m_de_2__fl46blw10_48v_5n_m_de__êäèë1_9,assets/1_2_05_000555_fl46blw10_48v_5n_m_de_2__fl46blw10_48v_5n_m_de__êäèë1.stl,vendor_motor_parts,5.05564929384142e-05,-0.0005885177475925705,5.704958175487715e-07,1.304831538170157e-07,-0.15234437202754136,-0.021983349426062806,0.015762388085204648,4.248449341343423e-11,-1.044328441854737e-13,-2.989204937804672e-14,1.9784970084350223e-10,-7.395239804311774e-15,1.9784623482054316e-10,1.884688014215633e-08,2682.4860431584343,,True,b7094f2f67d456e424842e30
772,1_2_05_000555_fl46blw10_48v_5n_m_de_2__fl46blw10_48v_5n_m_de__êäèë1_10,assets/1_2_05_000555_fl46blw10_48v_5n_m_de_2__fl46blw10_48v_5n_m_de__êäèë1.stl,vendor_motor_parts,5.05564929384142e-05,-0.0005885177475925705,5.704958175487715e-07,1.304831538170157e-07,-0.17180269704987194,-0.022080687741063625,0.04879761488495919,4.248449341343423e-11,-1.044328441854737e-13,-2.989204937804672e-14,1.9784970084350223e-10,-7.395239804311774e-15,1.9784623482054316e-10,1.884688014215633e-08,2682.4860431584343,,True,b7094f2f67d456e424842e30
773,1_2_05_000608_fl46blw10_48v_5n_m_de_2__fl46blw10_48v_5n_m_de__êäèë1_6,assets/1_2_05_000608_fl46blw10_48v_5n_m_de_2__fl46blw10_48v_5n_m_de__êäèë1.stl,vendor_motor_parts,0.0001251760225275824,-0.0017244299369855568,4.301994363033133e-07,5.908153300215281e-07,-0.1868116320084784,0.014865857638554116,0.03806674987224256,1.4701007066345354e-10,-3.327071645877055e-13,-4.3546180126616626e-13,1.29287724369605e-09,1.2146236496910186e-14,1.2928563051173674e-09,4.669869596117045e-08,2680.5035976093454,,True,b7094f2f67d456e424842e30
774,1_2_05_000438_fl46blw10_48v_5n_m_de_2__fl46blw10_48v_5n_m_de__êäèë1_9,assets/1_2_05_000438_fl46blw10_48v_5n_m_de_2__fl46blw10_48v_5n_m_de__êäèë1.stl,vendor_motor_parts,3.7452900945165836e-05,-0.00048691546990284665,7.741652882946419e-07,1.9852930949355682e-08,-0.19007331494807062,-0.014753493956236504,0.02528239056031113,3.721241491408982e-11,-6.775570722596493e-14,-1.2732964723639204e-14,7.409641321462231e-11,-2.525162931499824e-15,7.409912479287198e-11,1.3966815926753484e-08,2681.5632955700858,,True,b7094f2f67d456e424842e30
775,1_2_05_000438_fl46blw10_48v_5n_m_de_2__fl46blw10_48v_5n_m_de__êäèë1_10,assets/1_2_05_000438_fl46blw10_48v_5n_m_de_2__fl46blw10_48v_5n_m_de__êäèë1.stl,vendor_motor_parts,3.7452900945165836e-05,-0.00048691546990284665,7.741652882946419e-07,1.9852930949355682e-08,-0.18598552631786636,-0.014733045204511755,0.04108652766841988,3.721241491408982e-11,-6.775570722596493e-14,-1.2732964723639204e-14,7.409641321462231e-11,-2.525162931499824e-15,7.409912479287198e-11,1.3966815926753484e-08,2681.5632955700858,,True,b7094f2f67d456e424842e30
776,1_2_05_000438_fl46blw10_48v_5n_m_de_2__fl46blw10_48v_5n_m_de__êäèë1_11,assets/1_2_05_000438_fl46blw10_48v_5n_m_de_2__fl46blw10_48v_5n_m_de__êäèë1.stl,vendor_motor_parts,3.7452900945165836e-05,-0.00048691546990284665,7.741652882946419e-07,1.9852930949355682e-08,-0.1659848059397901,-0.014632993611264565,0.007128799037843616,3.721241491408982e-11,-6.775570722596493e-14,-1.2732964723639204e-14,7.409641321462231e-11,-2.525162931499824e-15,7.409912479287198e-11,1.3966815926753484e-08,2681.5632955700858,,True,b7094f2f67d456e424842e30
777,1_2_05_000608_fl46blw10_48v_5n_m_de_2__fl46blw10_48v_5n_m_de__êäèë1_7,assets/1_2_05_000608_fl46blw10_48v_5n_m_de_2__fl46blw10_48v_5n_m_de__êäèë1.stl,vendor_motor_parts,0.0001251760225275824,-0.0017244299369855568,4.301994363033133e-07,5.908153300215281e-07,-0.15138928949656863,0.015043054346367943,0.018433250127736635,1.4701007066345354e-10,-3.327071645877055e-13,-4.3546180126616626e-13,1.29287724369605e-09,1.2146236496910186e-14,1.2928563051173674e-09,4.669869596117045e-08,2680.5035976093454,,True,b7094f2f67d456e424842e30
778,1_1_06_eb463_507_fl46blw10_48v_5n_m_de_2__fl46blw10_48v_5n_m_de__çð³ý_à_éì1_2,assets/1_1_06_eb463_507_fl46blw10_48v_5n_m_de_2__fl46blw10_48v_5n_m_de__çð³ý_à_éì1.stl,vendor_motor_parts,0.021834137619844866,0.0004012204503875667,8.736567573188433e-09,0.00476273533540386,-0.16942841106191125,0.0010872615214630446,0.02819415225419708,7.3622577264053095e-06,5.003486689893402e-14,9.296968633897761e-08,7.177823787656781e-06,-1.8635080240921887e-12,1.0303171059560452e-05,8.136051779312388e-06,2683.628154304859,,True,b7094f2f67d456e424842e30
779,1_2_05_000555_fl46blw10_48v_5n_m_de_2__fl46blw10_48v_5n_m_de__êäèë1_11,assets/1_2_05_000555_fl46blw10_48v_5n_m_de_2__fl46blw10_48v_5n_m_de__êäèë1.stl,vendor_motor_parts,5.05564929384142e-05,-0.0005885177475925705,5.704958175487715e-07,1.304831538170157e-07,-0.18140272409644537,-0.022128710911385484,0.011678896270038444,4.248449341343423e-11,-1.044328441854737e-13,-2.989204937804672e-14,1.9784970084350223e-10,-7.395239804311774e-15,1.9784623482054316e-10,1.884688014215633e-08,2682.4860431584343,,True,b7094f2f67d456e424842e30
780,1_2_05_000438_fl46blw10_48v_5n_m_de_2__fl46blw10_48v_5n_m_de__êäèë1_12,assets/1_2_05_000438_fl46blw10_48v_5n_m_de_2__fl46blw10_48v_5n_m_de__êäèë1.stl,vendor_motor_parts,3.7452900945165836e-05,-0.00048691546990284665,7.741652882946419e-07,1.9852930949355682e-08,-0.18178874531024156,-0.01471205122937652,0.011216638814140511,3.721241491408982e-11,-6.775570722596493e-14,-1.2732964723639204e-14,7.409641321462231e-11,-2.525162931499824e-15,7.409912479287198e-11,1.3966815926753484e-08,2681.5632955700858,,True,b7094f2f67d456e424842e30
781,1_2_05_000608_fl46blw10_48v_5n_m_de_2__fl46blw10_48v_5n_m_de__êäèë1_8,assets/1_2_05_000608_fl46blw10_48v_5n_m_de_2__fl46blw10_48v_5n_m_de__êäèë1.stl,vendor_motor_parts,0.0001251760225275824,-0.0017244299369855568,4.301994363033133e-07,5.908153300215281e-07,-0.1592838337051425,0.015003562682513606,0.04596139285673806,1.4701007066345354e-10,-3.327071645877055e-13,-4.3546180126616626e-13,1.29287724369605e-09,1.2146236496910186e-14,1.2928563051173674e-09,4.669869596117045e-08,2680.5035976093454,,True,b7094f2f67d456e424842e30
782,1_2_05_000555_fl46blw10_48v_5n_m_de_2__fl46blw10_48v_5n_m_de__êäèë1_12,assets/1_2_05_000555_fl46blw10_48v_5n_m_de_2__fl46blw10_48v_5n_m_de__êäèë1.stl,vendor_motor_parts,5.05564929384142e-05,-0.0005885177475925705,5.704958175487715e-07,1.304831538170157e-07,-0.14836791062570096,-0.021963457577607506,0.03113746475341519,4.248449341343423e-11,-1.044328441854737e-13,-2.989204937804672e-14,1.9784970084350223e-10,-7.395239804311774e-15,1.9784623482054316e-10,1.884688014215633e-08,2682.4860431584343,,True,b7094f2f67d456e424842e30
783,1_2_05_000438_fl46blw10_48v_5n_m_de_2__fl46blw10_48v_5n_m_de__êäèë1_13,assets/1_2_05_000438_fl46blw10_48v_5n_m_de_2__fl46blw10_48v_5n_m_de__êäèë1.stl,vendor_motor_parts,3.7452900945165836e-05,-0.00048691546990284665,7.741652882946419e-07,1.9852930949355682e-08,-0.15191923018100612,-0.014562631982381512,0.015413472331561822,3.721241491408982e-11,-6.775570722596493e-14,-1.2732964723639204e-14,7.409641321462231e-11,-2.525162931499824e-15,7.409912479287198e-11,1.3966815926753484e-08,2681.5632955700858,,True,b7094f2f67d456e424842e30
784,1_2_05_000555_fl46blw10_48v_5n_m_de_2__fl46blw10_48v_5n_m_de__êäèë1_13,assets/1_2_05_000555_fl46blw10_48v_5n_m_de_2__fl46blw10_48v_5n_m_de__êäèë1.stl,vendor_motor_parts,5.05564929384142e-05,-0.0005885177475925705,5.704958175487715e-07,1.304831538170157e-07,-0.16602783979758826,-0.02205179959814091,0.007702385115023593,4.248449341343423e-11,-1.044328441854737e-13,-2.989204937804672e-14,1.9784970084350223e-10,-7.395239804311774e-15,1.9784623482054316e-10,1.884688014215633e-08,2682.4860431584343,,True,b7094f2f67d456e424842e30
785,1_2_05_000438_fl46blw10_48v_5n_m_de_2__fl46blw10_48v_5n_m_de__êäèë1_14,assets/1_2_05_000438_fl46blw10_48v_5n_m_de_2__fl46blw10_48v_5n_m_de__êäèë1.stl,vendor_motor_parts,3.7452900945165836e-05,-0.00048691546990284665,7.741652882946419e-07,1.9852930949355682e-08,-0.14783144155080247,-0.014542183230656527,0.031217609439670498,3.721241491408982e-11,-6.775570722596493e-14,-1.2732964723639204e-14,7.409641321462231e-11,-2.525162931499824e-15,7.409912479287198e-11,1.3966815926753484e-08,2681.5632955700858,,True,b7094f2f67d456e424842e30
786,1_1_06_eb463_509_fl46blw10_48v_5n_m_de_2__fl46blw10_48v_5n_m_de__êäèë1_2,assets/1_1_06_eb463_509_fl46blw10_48v_5n_m_de_2__fl46blw10_48v_5n_m_de__êäèë1.stl,vendor_motor_parts,0.006371665639530841,0.00013994576758433452,9.862013103342203e-06,0.0011128094560400818,-0.16923459044977363,0.01823837154749182,0.028326345311483,1.0044230303899307e-06,2.6524788467401333e-08,1.2797173443951157e-10,1.0140751643727678e-06,-1.0029343708491859e-10,2.0034086306679993e-06,2.375886612947444e-06,2681.8054383607005,,True,b7094f2f67d456e424842e30
787,1_2_05_000438_fl46blw10_48v_5n_m_de_2__fl46blw10_48v_5n_m_de__êäèë1_15,assets/1_2_05_000438_fl46blw10_48v_5n_m_de_2__fl46blw10_48v_5n_m_de__êäèë1.stl,vendor_motor_parts,3.7452900945165836e-05,-0.00048691546990284665,7.741652882946419e-07,1.9852930949355682e-08,-0.1561160111886312,-0.014583625957516659,0.045283361185841635,3.721241491408982e-11,-6.775570722596493e-14,-1.2732964723639204e-14,7.409641321462231e-11,-2.525162931499824e-15,7.409912479287198e-11,1.3966815926753484e-08,2681.5632955700858,,True,b7094f2f67d456e424842e30
788,1_2_05_000555_fl46blw10_48v_5n_m_de_2__fl46blw10_48v_5n_m_de__êäèë1_14,assets/1_2_05_000555_fl46blw10_48v_5n_m_de_2__fl46blw10_48v_5n_m_de__êäèë1.stl,vendor_motor_parts,5.05564929384142e-05,-0.0005885177475925705,5.704958175487715e-07,1.304831538170157e-07,-0.15642781275101503,-0.02200377642781938,0.04482110372994384,4.248449341343423e-11,-1.044328441854737e-13,-2.989204937804672e-14,1.9784970084350223e-10,-7.395239804311774e-15,1.9784623482054316e-10,1.884688014215633e-08,2682.4860431584343,,True,b7094f2f67d456e424842e30
789,1_1_02_eb461_502_fl46blw10_48v_5n_m_de_2__fl46blw10_48v_5n_m_de__êäèë1_2,assets/1_1_02_eb461_502_fl46blw10_48v_5n_m_de_2__fl46blw10_48v_5n_m_de__êäèë1.stl,vendor_motor_parts,0.010039340782280859,-3.586426461437877e-16,8.806751077780196e-18,0.006147535551138196,-0.1689341321470925,-0.018295308654792924,0.028249999999991157,2.210326047415242e-06,3.16440961795669e-09,0.0,2.1950472758632107e-06,0.0,4.27861811833164e-06,3.74193226570368e-06,2682.9295854164625,,True,b7094f2f67d456e424842e30
790,1_2_05_000438_fl46blw10_48v_5n_m_de_2__fl46blw10_48v_5n_m_de__êäèë1_16,assets/1_2_05_000438_fl46blw10_48v_5n_m_de_2__fl46blw10_48v_5n_m_de__êäèë1.stl,vendor_motor_parts,3.7452900945165836e-05,-0.00048691546990284665,7.741652882946419e-07,1.9852930949355682e-08,-0.1719199505590827,-0.01466268357562869,0.04937120096213803,3.721241491408982e-11,-6.775570722596493e-14,-1.2732964723639204e-14,7.409641321462231e-11,-2.525162931499824e-15,7.409912479287198e-11,1.3966815926753484e-08,2681.5632955700858,,True,b7094f2f67d456e424842e30
791,1_2_05_000555_fl46blw10_48v_5n_m_de_2__fl46blw10_48v_5n_m_de__êäèë1_15,assets/1_2_05_000555_fl46blw10_48v_5n_m_de_2__fl46blw10_48v_5n_m_de__êäèë1.stl,vendor_motor_parts,5.05564929384142e-05,-0.0005885177475925705,5.704958175487715e-07,1.304831538170157e-07,-0.185486164819919,-0.022149137913141784,0.0407376119147778,4.248449341343423e-11,-1.044328441854737e-13,-2.989204937804672e-14,1.9784970084350223e-10,-7.395239804311774e-15,1.9784623482054316e-10,1.884688014215633e-08,2682.4860431584343,,True,b7094f2f67d456e424842e30
792,1_2_05_000555_fl46blw10_48v_5n_m_de_2__fl46blw10_48v_5n_m_de__êäèë1_16,assets/1_2_05_000555_fl46blw10_48v_5n_m_de_2__fl46blw10_48v_5n_m_de__êäèë1.stl,vendor_motor_parts,5.05564929384142e-05,-0.0005885177475925705,5.704958175487715e-07,1.304831538170157e-07,-0.1894626262217596,-0.022169029761597334,0.025362535246567328,4.248449341343423e-11,-1.044328441854737e-13,-2.989204937804672e-14,1.9784970084350223e-10,-7.395239804311774e-15,1.9784623482054316e-10,1.884688014215633e-08,2682.4860431584343,,True,b7094f2f67d456e424842e30
793,1_2_16_001425_fl46blw10_48v_5n_m_de_2__fl46blw10_48v_5n_m_de__çð³ý_à_éì2_2,assets/1_2_16_001425_fl46blw10_48v_5n_m_de_2__fl46blw10_48v_5n_m_de__çð³ý_à_éì2.stl,vendor_motor_parts,0.005650791388921487,0.019710827212435496,0.029193947313439654,-0.001370346572845048,-0.16594919692724913,0.014597220318665116,0.028625381408377684,5.861088062380172e-07,1.1851487070701593e-07,-3.477754440213315e-08,5.863219974088678e-07,3.342008144736537e-08,1.1460091017245543e-06,2.10683307039721e-06,2682.125825875763,,True,b7094f2f67d456e424842e30
794,revolve1_1_2,assets/revolve1_1.stl,separate_bearing_parts,0.0025808941287641892,3.4221896053592956e-18,4.50855964342779e-18,-9.041649675540525e-19,-0.1691374648137715,0.02235171832391427,0.028249999999992236,2.0906988509379785e-07,0.0,0.0,2.0906988509379798e-07,0.0,4.0702141010220996e-07,3.2848585175766894e-07,7856.941524130452,,True,90e95efa79c7cf10f5549d54
795,cirpattern1_7_2,assets/cirpattern1_7.stl,separate_bearing_parts,0.0001284694723599898,-0.0025726433910913246,-0.01043762453733004,-3.239573485869483e-19,-0.1746987767334792,0.022323898420050593,0.03744964867723357,1.2747383394919987e-10,0.0,0.0,1.2747383394919987e-10,0.0,1.2747383394919982e-10,1.631367558714738e-08,7874.95568817144,,True,90e95efa79c7cf10f5549d54
796,revolve3_1_2,assets/revolve3_1.stl,separate_bearing_parts,0.0007627277500685167,9.31352628334693e-19,9.116630120069628e-19,0.0019646723832599214,-0.1691276368606267,0.020387070522174415,0.028249999999992274,4.203917689001855e-08,0.0,0.0,4.2039176890018546e-08,0.0,8.39900202997911e-08,9.703949146599542e-08,7859.972662117585,,True,90e95efa79c7cf10f5549d54
797,cirpattern1_8_2,assets/cirpattern1_8.stl,separate_bearing_parts,0.0001284694723599898,-0.0071285685760886204,-0.008046490542839279,-3.239573485869483e-19,-0.1697865255400626,0.02234847146287372,0.03898038720789314,1.274738339491999e-10,0.0,0.0,1.2747383394919992e-10,0.0,1.2747383394919987e-10,1.631367538754823e-08,7874.955784522164,,True,90e95efa79c7cf10f5549d54
798,cirpattern1_11_2,assets/cirpattern1_11.stl,separate_bearing_parts,0.00012846947235998983,-0.008847076558356728,0.006106696027360029,-3.239573485869483e-19,-0.1585636831124215,0.022404612604014974,0.0301877416564905,1.2747383394919997e-10,0.0,0.0,1.2747383394919997e-10,0.0,1.2747383394920002e-10,1.6313675549085067e-08,7874.9557065449235,,True,90e95efa79c7cf10f5549d54
799,cirpattern2_2,assets/cirpattern2.stl,separate_bearing_parts,6.447682549723187e-05,-1.861447870219261e-15,-1.2630904970899047e-16,0.00220448941067994,-0.16912643721506174,0.020147256495288802,0.028249999999993683,4.30832463485691e-09,0.0,0.0,4.308324634857926e-09,0.0,8.615135910928939e-09,8.189763014391634e-09,7872.856074580987,,True,90e95efa79c7cf10f5549d54
800,cirpattern1_9_2,assets/cirpattern1_9.stl,separate_bearing_parts,0.00012846947235998983,-0.010051424608868239,-0.0038120025357071645,-3.239573485869483e-19,-0.16472558235628243,0.022373788322432323,0.03805292334440684,1.2747383394919987e-10,0.0,0.0,1.274738339491999e-10,0.0,1.2747383394919987e-10,1.6313675512680223e-08,7874.95572411831,,True,90e95efa79c7cf10f5549d54
801,cirpattern1_3_2,assets/cirpattern1_3.stl,separate_bearing_parts,0.00012846947235998983,0.0106716203965541,0.0012957693127446897,-3.239573485869483e-19,-0.17576710974492898,0.022318554191547792,0.01978777758344555,1.2747383394919987e-10,0.0,0.0,1.2747383394919987e-10,0.0,1.274738339491998e-10,1.6313675419325952e-08,7874.955769182388,,True,90e95efa79c7cf10f5549d54
802,cirpattern1_6_2,assets/cirpattern1_6.stl,separate_bearing_parts,0.0001284694723599898,0.00257264339109118,-0.010437624537330078,-3.239573485869483e-19,-0.1783369983871648,0.02230569858193645,0.033811381502403176,1.2747383394919997e-10,0.0,0.0,1.2747383394919997e-10,0.0,1.2747383394920002e-10,1.631367558714738e-08,7874.95568817144,,True,90e95efa79c7cf10f5549d54
803,cirpattern1_5_2,assets/cirpattern1_5.stl,separate_bearing_parts,0.00012846947235998983,0.00712856857608851,-0.00804649054283938,-3.239573485869483e-19,-0.179867717765584,0.02229804131211141,0.02889906884728303,1.2747383394919992e-10,0.0,0.0,1.2747383394919992e-10,0.0,1.2747383394919995e-10,1.631367538754823e-08,7874.955784522166,,True,90e95efa79c7cf10f5549d54
804,revolve1_2_2,assets/revolve1_2.stl,separate_bearing_parts,0.0017875603307419146,3.7254812207917504e-19,-2.3248196583897076e-18,-5.732587536556652e-18,-0.1691374648137715,0.022351718323914277,0.028249999999992243,7.518736928316261e-08,0.0,0.0,7.518736928316266e-08,0.0,1.4297889999819628e-07,2.2752139446240923e-07,7856.669193530514,,True,90e95efa79c7cf10f5549d54
805,revolve2_2,assets/revolve2.stl,separate_bearing_parts,0.00012846947235998983,0.0,0.010749999999999997,-3.239573485869483e-19,-0.1615361620229247,0.022389743077054085,0.02064860210223594,1.2747383394919992e-10,0.0,0.0,1.2747383394919992e-10,0.0,1.2747383394919992e-10,1.6313675712392897e-08,7874.955627712786,,True,90e95efa79c7cf10f5549d54
806,cirpattern1_12_2,assets/cirpattern1_12.stl,separate_bearing_parts,0.00012846947235998983,-0.00499577409947039,0.009518652275772069,-3.239573485869483e-19,-0.1588743439101734,0.022403058554601302,0.025051842171047542,1.2747383394919992e-10,0.0,0.0,1.2747383394919992e-10,0.0,1.2747383394919992e-10,1.6313675368739867e-08,7874.955793601361,,True,90e95efa79c7cf10f5549d54
807,cirpattern1_1_2,assets/cirpattern1_1.stl,separate_bearing_parts,0.00012846947235998983,0.00499577409947052,0.009518652275771998,-3.239573485869483e-19,-0.16593934699942994,0.02236771658681049,0.01798675068502489,1.2747383394920002e-10,0.0,0.0,1.2747383394920002e-10,0.0,1.2747383394920013e-10,1.6313675368739867e-08,7874.955793601361,,True,90e95efa79c7cf10f5549d54
808,cirpattern1_2_2,assets/cirpattern1_2.stl,separate_bearing_parts,0.00012846947235998983,0.00884707655835682,0.00610669602735991,-3.239573485869483e-19,-0.17107518222570306,0.022342025087337333,0.017676086000310506,1.2747383394919997e-10,0.0,0.0,1.2747383394919997e-10,0.0,1.274738339492e-10,1.6313675549085063e-08,7874.955706544925,,True,90e95efa79c7cf10f5549d54
809,cirpattern1_4_2,assets/cirpattern1_4.stl,separate_bearing_parts,0.0001284694723599898,0.0100514246088682,-0.0038120025357073,-3.239573485869483e-19,-0.17894026550630923,0.022302680798812292,0.023838062341376125,1.2747383394919987e-10,0.0,0.0,1.2747383394919987e-10,0.0,1.2747383394919982e-10,1.6313675512680226e-08,7874.955724118307,,True,90e95efa79c7cf10f5549d54
810,revolve3_2_2,assets/revolve3_2.stl,separate_bearing_parts,0.000762727750068509,7.536556395297857e-19,9.116630120069715e-19,-0.0019646723832599236,-0.1691472927669163,0.02431636612565413,0.028249999999992212,4.203917689001809e-08,0.0,0.0,4.2039176890018076e-08,0.0,8.39900202997902e-08,9.703949146599543e-08,7859.972662117504,,True,90e95efa79c7cf10f5549d54
811,mirror1_2,assets/mirror1.stl,separate_bearing_parts,6.447682549775924e-05,9.81138511381865e-17,2.629052823473247e-16,-0.002204489410681317,-0.16914849241247995,0.024556180152541122,0.02824999999999195,4.3083246348836545e-09,0.0,0.0,4.308324634883543e-09,0.0,8.61513591098127e-09,8.18976494689939e-09,7872.854216917409,,True,90e95efa79c7cf10f5549d54
812,cirpattern1_10_2,assets/cirpattern1_10.stl,separate_bearing_parts,0.00012846947235998983,-0.01067162039655406,0.00129576931274484,-3.239573485869483e-19,-0.1606753482745656,0.02239404921130275,0.034879727880748175,1.2747383394919995e-10,0.0,0.0,1.2747383394919997e-10,0.0,1.2747383394919997e-10,1.631367541932595e-08,7874.95576918239,,True,90e95efa79c7cf10f5549d54
813,1_1_31_eb463_510_fl46blw10_48v_5n_m_de_2__fl46blw10_48v_5n_m_de__êäèë1_3,assets/1_1_31_eb463_510_fl46blw10_48v_5n_m_de_2__fl46blw10_48v_5n_m_de__êäèë1.stl,vendor_motor_parts,0.003575505293965178,-2.7315060254748863e-17,7.873576435762016e-16,0.0012771643572305625,-0.1200255253101995,9.711434637946044e-05,0.05152716435722356,7.574652128083713e-07,0.0,0.0,7.57465212808378e-07,0.0,1.5114087091854951e-06,1.3331368436788824e-06,2682.0242129820117,,True,b7094f2f67d456e424842e30
814,1_2_05_000608_fl46blw10_48v_5n_m_de_2__fl46blw10_48v_5n_m_de__êäèë1_9,assets/1_2_05_000608_fl46blw10_48v_5n_m_de_2__fl46blw10_48v_5n_m_de__êäèë1.stl,vendor_motor_parts,0.0001251760225275824,-0.0017244299369855568,4.301994363033133e-07,5.908153300215281e-07,-0.1026295497198597,0.010462539964279234,0.013147354885415012,1.4701007066345354e-10,-3.327071645877055e-13,-4.3546180126616626e-13,1.29287724369605e-09,1.2146236496910186e-14,1.2928563051173674e-09,4.669869596117045e-08,2680.5035976093454,,True,b7094f2f67d456e424842e30
815,1_2_05_000555_fl46blw10_48v_5n_m_de_2__fl46blw10_48v_5n_m_de__êäèë1_17,assets/1_2_05_000555_fl46blw10_48v_5n_m_de_2__fl46blw10_48v_5n_m_de__êäèë1.stl,vendor_motor_parts,5.05564929384142e-05,-0.0005885177475925705,5.704958175487715e-07,1.304831538170157e-07,-0.12806152565589124,0.019227316347577024,0.050168517747585524,4.248449341343423e-11,-1.044328441854737e-13,-2.989204937804672e-14,1.9784970084350223e-10,-7.395239804311774e-15,1.9784623482054316e-10,1.884688014215633e-08,2682.4860431584343,,True,b7094f2f67d456e424842e30
816,1_2_05_000555_fl46blw10_48v_5n_m_de_2__fl46blw10_48v_5n_m_de__êäèë1_18,assets/1_2_05_000555_fl46blw10_48v_5n_m_de_2__fl46blw10_48v_5n_m_de__êäèë1.stl,vendor_motor_parts,5.05564929384142e-05,-0.0005885177475925705,5.704958175487715e-07,1.304831538170157e-07,-0.12787031053265943,-0.01911229155219428,0.05016851774758555,4.248449341343423e-11,-1.044328441854737e-13,-2.989204937804672e-14,1.9784970084350223e-10,-7.395239804311774e-15,1.9784623482054316e-10,1.884688014215633e-08,2682.4860431584343,,True,b7094f2f67d456e424842e30
817,1_2_05_000608_fl46blw10_48v_5n_m_de_2__fl46blw10_48v_5n_m_de__êäèë1_10,assets/1_2_05_000608_fl46blw10_48v_5n_m_de_2__fl46blw10_48v_5n_m_de__êäèë1.stl,vendor_motor_parts,0.0001251760225275824,-0.0017244299369855568,4.301994363033133e-07,5.908153300215281e-07,-0.1096600996922987,-0.017298861243961246,0.013147354885414984,1.4701007066345354e-10,-3.327071645877055e-13,-4.3546180126616626e-13,1.29287724369605e-09,1.2146236496910186e-14,1.2928563051173674e-09,4.669869596117045e-08,2680.5035976093454,,True,b7094f2f67d456e424842e30
818,1_2_05_000438_fl46blw10_48v_5n_m_de_2__fl46blw10_48v_5n_m_de__êäèë1_17,assets/1_2_05_000438_fl46blw10_48v_5n_m_de_2__fl46blw10_48v_5n_m_de__êäèë1.stl,vendor_motor_parts,3.7452900945165836e-05,-0.00048691546990284665,7.741652882946419e-07,1.9852930949355682e-08,-0.1002801202824898,-0.007967054312633691,0.04275001985292387,3.721241491408982e-11,-6.775570722596493e-14,-1.2732964723639204e-14,7.409641321462231e-11,-2.525162931499824e-15,7.409912479287198e-11,1.3966815926753484e-08,2681.5632955700858,,True,b7094f2f67d456e424842e30
819,1_2_05_000438_fl46blw10_48v_5n_m_de_2__fl46blw10_48v_5n_m_de__êäèë1_18,assets/1_2_05_000438_fl46blw10_48v_5n_m_de_2__fl46blw10_48v_5n_m_de__êäèë1.stl,vendor_motor_parts,3.7452900945165836e-05,-0.00048691546990284665,7.741652882946419e-07,1.9852930949355682e-08,-0.11176564386124949,-0.01956722378941167,0.04275001985292387,3.721241491408982e-11,-6.775570722596493e-14,-1.2732964723639204e-14,7.409641321462231e-11,-2.525162931499824e-15,7.409912479287198e-11,1.3966815926753484e-08,2681.5632955700858,,True,b7094f2f67d456e424842e30
820,1_2_05_000438_fl46blw10_48v_5n_m_de_2__fl46blw10_48v_5n_m_de__êäèë1_19,assets/1_2_05_000438_fl46blw10_48v_5n_m_de_2__fl46blw10_48v_5n_m_de__êäèë1.stl,vendor_motor_parts,3.7452900945165836e-05,-0.00048691546990284665,7.741652882946419e-07,1.9852930949355682e-08,-0.11196135665118742,0.01984251937408843,0.04275001985292387,3.721241491408982e-11,-6.775570722596493e-14,-1.2732964723639204e-14,7.409641321462231e-11,-2.525162931499824e-15,7.409912479287198e-11,1.3966815926753484e-08,2681.5632955700858,,True,b7094f2f67d456e424842e30
821,1_2_05_000608_fl46blw10_48v_5n_m_de_2__fl46blw10_48v_5n_m_de__êäèë1_11,assets/1_2_05_000608_fl46blw10_48v_5n_m_de_2__fl46blw10_48v_5n_m_de__êäèë1.stl,vendor_motor_parts,0.0001251760225275824,-0.0017244299369855568,4.301994363033133e-07,5.908153300215281e-07,-0.13039095092810016,0.017493089936718678,0.013147354885414983,1.4701007066345354e-10,-3.327071645877055e-13,-4.3546180126616626e-13,1.29287724369605e-09,1.2146236496910186e-14,1.2928563051173674e-09,4.669869596117045e-08,2680.5035976093454,,True,b7094f2f67d456e424842e30
822,1_1_06_eb463_507_fl46blw10_48v_5n_m_de_2__fl46blw10_48v_5n_m_de__çð³ý_à_éì1_3,assets/1_1_06_eb463_507_fl46blw10_48v_5n_m_de_2__fl46blw10_48v_5n_m_de__çð³ý_à_éì1.stl,vendor_motor_parts,0.021834137619844866,0.0004012204503875667,8.736567573188433e-09,0.00476273533540386,-0.11965407922209048,-5.456180044097432e-05,0.02701273533539654,7.3622577264053095e-06,5.003486689893402e-14,9.296968633897761e-08,7.177823787656781e-06,-1.8635080240921887e-12,1.0303171059560452e-05,8.136051779312388e-06,2683.628154304859,,True,b7094f2f67d456e424842e30
823,1_2_05_000555_fl46blw10_48v_5n_m_de_2__fl46blw10_48v_5n_m_de__êäèë1_19,assets/1_2_05_000555_fl46blw10_48v_5n_m_de_2__fl46blw10_48v_5n_m_de__êäèë1.stl,vendor_motor_parts,5.05564929384142e-05,-0.0005885177475925705,5.704958175487715e-07,1.304831538170157e-07,-0.10089532330900139,0.008133114692070242,0.05016851774758555,4.248449341343423e-11,-1.044328441854737e-13,-2.989204937804672e-14,1.9784970084350223e-10,-7.395239804311774e-15,1.9784623482054316e-10,1.884688014215633e-08,2682.4860431584343,,True,b7094f2f67d456e424842e30
824,1_2_05_000438_fl46blw10_48v_5n_m_de_2__fl46blw10_48v_5n_m_de__êäèë1_20,assets/1_2_05_000438_fl46blw10_48v_5n_m_de_2__fl46blw10_48v_5n_m_de__êäèë1.stl,vendor_motor_parts,3.7452900945165836e-05,-0.00048691546990284665,7.741652882946419e-07,1.9852930949355682e-08,-0.10036118717440941,0.00835699579532833,0.04275001985292387,3.721241491408982e-11,-6.775570722596493e-14,-1.2732964723639204e-14,7.409641321462231e-11,-2.525162931499824e-15,7.409912479287198e-11,1.3966815926753484e-08,2681.5632955700858,,True,b7094f2f67d456e424842e30
825,1_2_05_000608_fl46blw10_48v_5n_m_de_2__fl46blw10_48v_5n_m_de__êäèë1_12,assets/1_2_05_000608_fl46blw10_48v_5n_m_de_2__fl46blw10_48v_5n_m_de__êäèë1.stl,vendor_motor_parts,0.0001251760225275824,-0.0017244299369855568,4.301994363033133e-07,5.908153300215281e-07,-0.13742150090053917,-0.010268311271521866,0.013147354885415009,1.4701007066345354e-10,-3.327071645877055e-13,-4.3546180126616626e-13,1.29287724369605e-09,1.2146236496910186e-14,1.2928563051173674e-09,4.669869596117045e-08,2680.5035976093454,,True,b7094f2f67d456e424842e30
826,1_2_05_000555_fl46blw10_48v_5n_m_de_2__fl46blw10_48v_5n_m_de__êäèë1_20,assets/1_2_05_000555_fl46blw10_48v_5n_m_de_2__fl46blw10_48v_5n_m_de__êäèë1.stl,vendor_motor_parts,5.05564929384142e-05,-0.0005885177475925705,5.704958175487715e-07,1.304831538170157e-07,-0.1392349312087723,0.007941899568838982,0.05016851774758555,4.248449341343423e-11,-1.044328441854737e-13,-2.989204937804672e-14,1.9784970084350223e-10,-7.395239804311774e-15,1.9784623482054316e-10,1.884688014215633e-08,2682.4860431584343,,True,b7094f2f67d456e424842e30
827,1_2_05_000438_fl46blw10_48v_5n_m_de_2__fl46blw10_48v_5n_m_de__êäèë1_21,assets/1_2_05_000438_fl46blw10_48v_5n_m_de_2__fl46blw10_48v_5n_m_de__êäèë1.stl,vendor_motor_parts,3.7452900945165836e-05,-0.00048691546990284665,7.741652882946419e-07,1.9852930949355682e-08,-0.12828540675914937,0.01976145248216903,0.04275001985292384,3.721241491408982e-11,-6.775570722596493e-14,-1.2732964723639204e-14,7.409641321462231e-11,-2.525162931499824e-15,7.409912479287198e-11,1.3966815926753484e-08,2681.5632955700858,,True,b7094f2f67d456e424842e30
828,1_2_05_000555_fl46blw10_48v_5n_m_de_2__fl46blw10_48v_5n_m_de__êäèë1_21,assets/1_2_05_000555_fl46blw10_48v_5n_m_de_2__fl46blw10_48v_5n_m_de__êäèë1.stl,vendor_motor_parts,5.05564929384142e-05,-0.0005885177475925705,5.704958175487715e-07,1.304831538170157e-07,-0.11218074008773944,0.019306520244951643,0.050168517747585524,4.248449341343423e-11,-1.044328441854737e-13,-2.989204937804672e-14,1.9784970084350223e-10,-7.395239804311774e-15,1.9784623482054316e-10,1.884688014215633e-08,2682.4860431584343,,True,b7094f2f67d456e424842e30
829,1_2_05_000438_fl46blw10_48v_5n_m_de_2__fl46blw10_48v_5n_m_de__êäèë1_22,assets/1_2_05_000438_fl46blw10_48v_5n_m_de_2__fl46blw10_48v_5n_m_de__êäèë1.stl,vendor_motor_parts,3.7452900945165836e-05,-0.00048691546990284665,7.741652882946419e-07,1.9852930949355682e-08,-0.13977093033790913,0.008161283005391137,0.04275001985292387,3.721241491408982e-11,-6.775570722596493e-14,-1.2732964723639204e-14,7.409641321462231e-11,-2.525162931499824e-15,7.409912479287198e-11,1.3966815926753484e-08,2681.5632955700858,,True,b7094f2f67d456e424842e30
830,1_1_06_eb463_509_fl46blw10_48v_5n_m_de_2__fl46blw10_48v_5n_m_de__êäèë1_3,assets/1_1_06_eb463_509_fl46blw10_48v_5n_m_de_2__fl46blw10_48v_5n_m_de__êäèë1.stl,vendor_motor_parts,0.006371665639530841,0.00013994576758433452,9.862013103342203e-06,0.0011128094560400818,-0.11996223196719416,-2.8089606827208242e-05,0.009862809456032637,1.0044230303899307e-06,2.6524788467401333e-08,1.2797173443951157e-10,1.0140751643727678e-06,-1.0029343708491859e-10,2.0034086306679993e-06,2.375886612947444e-06,2681.8054383607005,,True,b7094f2f67d456e424842e30
831,1_2_05_000438_fl46blw10_48v_5n_m_de_2__fl46blw10_48v_5n_m_de__êäèë1_23,assets/1_2_05_000438_fl46blw10_48v_5n_m_de_2__fl46blw10_48v_5n_m_de__êäèë1.stl,vendor_motor_parts,3.7452900945165836e-05,-0.00048691546990284665,7.741652882946419e-07,1.9852930949355682e-08,-0.13968986344598958,-0.00816276710257102,0.04275001985292387,3.721241491408982e-11,-6.775570722596493e-14,-1.2732964723639204e-14,7.409641321462231e-11,-2.525162931499824e-15,7.409912479287198e-11,1.3966815926753484e-08,2681.5632955700858,,True,b7094f2f67d456e424842e30
832,1_2_05_000555_fl46blw10_48v_5n_m_de_2__fl46blw10_48v_5n_m_de__êäèë1_22,assets/1_2_05_000555_fl46blw10_48v_5n_m_de_2__fl46blw10_48v_5n_m_de__êäèë1.stl,vendor_motor_parts,5.05564929384142e-05,-0.0005885177475925705,5.704958175487715e-07,1.304831538170157e-07,-0.13915572731139766,-0.007938885999312825,0.05016851774758555,4.248449341343423e-11,-1.044328441854737e-13,-2.989204937804672e-14,1.9784970084350223e-10,-7.395239804311774e-15,1.9784623482054316e-10,1.884688014215633e-08,2682.4860431584343,,True,b7094f2f67d456e424842e30
833,1_1_02_eb461_502_fl46blw10_48v_5n_m_de_2__fl46blw10_48v_5n_m_de__êäèë1_3,assets/1_1_02_eb461_502_fl46blw10_48v_5n_m_de_2__fl46blw10_48v_5n_m_de__êäèë1.stl,vendor_motor_parts,0.010039340782280859,-3.586426461437877e-16,8.806751077780196e-18,0.006147535551138196,-0.1200255253101998,9.711434637869736e-05,0.04639753555113115,2.210326047415242e-06,3.16440961795669e-09,0.0,2.1950472758632107e-06,0.0,4.27861811833164e-06,3.74193226570368e-06,2682.9295854164625,,True,b7094f2f67d456e424842e30
834,1_2_05_000438_fl46blw10_48v_5n_m_de_2__fl46blw10_48v_5n_m_de__êäèë1_24,assets/1_2_05_000438_fl46blw10_48v_5n_m_de_2__fl46blw10_48v_5n_m_de__êäèë1.stl,vendor_motor_parts,3.7452900945165836e-05,-0.00048691546990284665,7.741652882946419e-07,1.9852930949355682e-08,-0.1280896939692114,-0.019648290681331115,0.04275001985292387,3.721241491408982e-11,-6.775570722596493e-14,-1.2732964723639204e-14,7.409641321462231e-11,-2.525162931499824e-15,7.409912479287198e-11,1.3966815926753484e-08,2681.5632955700858,,True,b7094f2f67d456e424842e30
835,1_2_05_000555_fl46blw10_48v_5n_m_de_2__fl46blw10_48v_5n_m_de__êäèë1_23,assets/1_2_05_000555_fl46blw10_48v_5n_m_de_2__fl46blw10_48v_5n_m_de__êäèë1.stl,vendor_motor_parts,5.05564929384142e-05,-0.0005885177475925705,5.704958175487715e-07,1.304831538170157e-07,-0.11198952496450763,-0.019033087654819657,0.05016851774758555,4.248449341343423e-11,-1.044328441854737e-13,-2.989204937804672e-14,1.9784970084350223e-10,-7.395239804311774e-15,1.9784623482054316e-10,1.884688014215633e-08,2682.4860431584343,,True,b7094f2f67d456e424842e30
836,1_2_05_000555_fl46blw10_48v_5n_m_de_2__fl46blw10_48v_5n_m_de__êäèë1_24,assets/1_2_05_000555_fl46blw10_48v_5n_m_de_2__fl46blw10_48v_5n_m_de__êäèë1.stl,vendor_motor_parts,5.05564929384142e-05,-0.0005885177475925705,5.704958175487715e-07,1.304831538170157e-07,-0.1008161194116266,-0.007747670876081641,0.05016851774758558,4.248449341343423e-11,-1.044328441854737e-13,-2.989204937804672e-14,1.9784970084350223e-10,-7.395239804311774e-15,1.9784623482054316e-10,1.884688014215633e-08,2682.4860431584343,,True,b7094f2f67d456e424842e30
837,1_2_16_001425_fl46blw10_48v_5n_m_de_2__fl46blw10_48v_5n_m_de__çð³ý_à_éì2_3,assets/1_2_16_001425_fl46blw10_48v_5n_m_de_2__fl46blw10_48v_5n_m_de__çð³ý_à_éì2.stl,vendor_motor_parts,0.005650791388921487,0.019710827212435496,0.029193947313439654,-0.001370346572845048,-0.12293603461188544,0.0013575914955725327,0.013520349772853685,5.861088062380172e-07,1.1851487070701593e-07,-3.477754440213315e-08,5.863219974088678e-07,3.342008144736537e-08,1.1460091017245543e-06,2.10683307039721e-06,2682.125825875763,,True,b7094f2f67d456e424842e30
838,revolve1_1_3,assets/revolve1_1.stl,separate_bearing_parts,0.0025808941287641892,3.4221896053592956e-18,4.50855964342779e-18,-9.041649675540525e-19,-0.12002552531019828,9.71143463742917e-05,0.005749999999992505,2.0906988509379785e-07,0.0,0.0,2.0906988509379798e-07,0.0,4.0702141010220996e-07,3.2848585175766894e-07,7856.941524130452,,True,90e95efa79c7cf10f5549d54
839,cirpattern1_7_3,assets/cirpattern1_7.stl,separate_bearing_parts,0.0001284694723599898,-0.0025726433910913246,-0.01043762453733004,-3.239573485869483e-19,-0.11984908137960036,-0.010651437534663447,0.0057499999999930445,1.2747383394919987e-10,0.0,0.0,1.2747383394919987e-10,0.0,1.2747383394919982e-10,1.631367558714738e-08,7874.95568817144,,True,90e95efa79c7cf10f5549d54
840,revolve3_1_3,assets/revolve3_1.stl,separate_bearing_parts,0.0007627277500685167,9.31352628334693e-19,9.116630120069628e-19,0.0019646723832599214,-0.12002552531019832,9.711434637438537e-05,0.007714672383252448,4.203917689001855e-08,0.0,0.0,4.2039176890018546e-08,0.0,8.39900202997911e-08,9.703949146599542e-08,7859.972662117585,,True,90e95efa79c7cf10f5549d54
841,cirpattern1_8_3,assets/cirpattern1_8.stl,separate_bearing_parts,0.0001284694723599898,-0.0071285685760886204,-0.008046490542839279,-3.239573485869483e-19,-0.12486439309369327,-0.009502253266851978,0.0057499999999928815,1.274738339491999e-10,0.0,0.0,1.2747383394919992e-10,0.0,1.2747383394919987e-10,1.631367538754823e-08,7874.955784522164,,True,90e95efa79c7cf10f5549d54
842,cirpattern1_11_3,assets/cirpattern1_11.stl,separate_bearing_parts,0.00012846947235998983,-0.008847076558356728,0.006106696027360029,-3.239573485869483e-19,-0.13013816378439433,0.003743625430988386,0.005749999999992111,1.2747383394919997e-10,0.0,0.0,1.2747383394919997e-10,0.0,1.2747383394920002e-10,1.6313675549085067e-08,7874.9557065449235,,True,90e95efa79c7cf10f5549d54
843,cirpattern2_3,assets/cirpattern2.stl,separate_bearing_parts,6.447682549723187e-05,-1.861447870219261e-15,-1.2630904970899047e-16,0.00220448941067994,-0.1200255253102001,9.711434637379899e-05,0.007954489410672469,4.30832463485691e-09,0.0,0.0,4.308324634857926e-09,0.0,8.615135910928939e-09,8.189763014391634e-09,7872.856074580987,,True,90e95efa79c7cf10f5549d54
844,cirpattern1_9_3,assets/cirpattern1_9.stl,separate_bearing_parts,0.00012846947235998983,-0.010051424608868239,-0.0038120025357071645,-3.239573485869483e-19,-0.12877117851326583,-0.006153969563770902,0.0057499999999926325,1.2747383394919987e-10,0.0,0.0,1.274738339491999e-10,0.0,1.2747383394919987e-10,1.6313675512680223e-08,7874.95572411831,,True,90e95efa79c7cf10f5549d54
845,cirpattern1_3_3,assets/cirpattern1_3.stl,separate_bearing_parts,0.00012846947235998983,0.0106716203965541,0.0012957693127446897,-3.239573485869483e-19,-0.11003802259616022,0.004073581313052718,0.005749999999992517,1.2747383394919987e-10,0.0,0.0,1.2747383394919987e-10,0.0,1.274738339491998e-10,1.6313675419325952e-08,7874.955769182388,,True,90e95efa79c7cf10f5549d54
846,cirpattern1_6_3,assets/cirpattern1_6.stl,separate_bearing_parts,0.0001284694723599898,0.00257264339109118,-0.010437624537330078,-3.239573485869483e-19,-0.11487419084362757,-0.009338258100621452,0.0057499999999930836,1.2747383394919997e-10,0.0,0.0,1.2747383394919997e-10,0.0,1.2747383394920002e-10,1.631367558714738e-08,7874.95568817144,,True,90e95efa79c7cf10f5549d54
847,cirpattern1_5_3,assets/cirpattern1_5.stl,separate_bearing_parts,0.00012846947235998983,0.00712856857608851,-0.00804649054283938,-3.239573485869483e-19,-0.11107940895363601,-0.005863548547537268,0.005749999999992991,1.2747383394919992e-10,0.0,0.0,1.2747383394919992e-10,0.0,1.2747383394919995e-10,1.631367538754823e-08,7874.955784522166,,True,90e95efa79c7cf10f5549d54
848,revolve1_2_3,assets/revolve1_2.stl,separate_bearing_parts,0.0017875603307419146,3.7254812207917504e-19,-2.3248196583897076e-18,-5.732587536556652e-18,-0.12002552531019828,9.711434637428431e-05,0.0057499999999925,7.518736928316261e-08,0.0,0.0,7.518736928316266e-08,0.0,1.4297889999819628e-07,2.2752139446240923e-07,7856.669193530514,,True,90e95efa79c7cf10f5549d54
849,revolve2_3,assets/revolve2.stl,separate_bearing_parts,0.00012846947235998983,0.0,0.010749999999999997,-3.239573485869483e-19,-0.12276913893438669,0.010491107047986739,0.005749999999991931,1.2747383394919992e-10,0.0,0.0,1.2747383394919992e-10,0.0,1.2747383394919992e-10,1.6313675712392897e-08,7874.955627712786,,True,90e95efa79c7cf10f5549d54
850,cirpattern1_12_3,assets/cirpattern1_12.stl,separate_bearing_parts,0.00012846947235998983,-0.00499577409947039,0.009518652275772069,-3.239573485869483e-19,-0.12728520378429312,0.00802551698831733,0.005749999999991959,1.2747383394919992e-10,0.0,0.0,1.2747383394919992e-10,0.0,1.2747383394919992e-10,1.6313675368739867e-08,7874.955793601361,,True,90e95efa79c7cf10f5549d54
851,cirpattern1_1_3,assets/cirpattern1_1.stl,separate_bearing_parts,0.00012846947235998983,0.00499577409947052,0.009518652275771998,-3.239573485869483e-19,-0.11762454526730708,0.010575558640907796,0.005749999999992034,1.2747383394920002e-10,0.0,0.0,1.2747383394920002e-10,0.0,1.2747383394920013e-10,1.6313675368739867e-08,7874.955793601361,,True,90e95efa79c7cf10f5549d54
852,cirpattern1_2_3,assets/cirpattern1_2.stl,separate_bearing_parts,0.00012846947235998983,0.00884707655835682,0.00610669602735991,-3.239573485869483e-19,-0.11302998719310763,0.00825952492489422,0.0057499999999922466,1.2747383394919997e-10,0.0,0.0,1.2747383394919997e-10,0.0,1.274738339492e-10,1.6313675549085063e-08,7874.955706544925,,True,90e95efa79c7cf10f5549d54
853,cirpattern1_4_3,assets/cirpattern1_4.stl,separate_bearing_parts,0.0001284694723599898,0.0100514246088682,-0.0038120025357073,-3.239573485869483e-19,-0.10933407450854339,-0.0010233229592329339,0.005749999999992786,1.2747383394919987e-10,0.0,0.0,1.2747383394919987e-10,0.0,1.2747383394919982e-10,1.6313675512680226e-08,7874.955724118307,,True,90e95efa79c7cf10f5549d54
854,revolve3_2_3,assets/revolve3_2.stl,separate_bearing_parts,0.000762727750068509,7.536556395297857e-19,9.116630120069715e-19,-0.0019646723832599236,-0.12002552531019824,9.711434637418974e-05,0.003785327616732562,4.203917689001809e-08,0.0,0.0,4.2039176890018076e-08,0.0,8.39900202997902e-08,9.703949146599543e-08,7859.972662117504,,True,90e95efa79c7cf10f5549d54
855,mirror1_3,assets/mirror1.stl,separate_bearing_parts,6.447682549775924e-05,9.81138511381865e-17,2.629052823473247e-16,-0.002204489410681317,-0.12002552531019821,9.711434637445598e-05,0.003545510589311166,4.3083246348836545e-09,0.0,0.0,4.308324634883543e-09,0.0,8.61513591098127e-09,8.18976494689939e-09,7872.854216917409,,True,90e95efa79c7cf10f5549d54
856,cirpattern1_10_3,assets/cirpattern1_10.stl,separate_bearing_parts,0.00012846947235998983,-0.01067162039655406,0.00129576931274484,-3.239573485869483e-19,-0.1306744401805622,-0.00137363787060321,0.005749999999992355,1.2747383394919995e-10,0.0,0.0,1.2747383394919997e-10,0.0,1.2747383394919997e-10,1.631367541932595e-08,7874.95576918239,,True,90e95efa79c7cf10f5549d54
857,pem_m4_self_clinching_nut__300_ss_34,assets/pem_m4_self_clinching_nut__300_ss.stl,catalog_fasteners_and_hardware,0.0008355363884781723,0.0019670757575096427,-1.6173730124900373e-07,5.2308822207170976e-08,0.20949217596796582,0.01719520464456623,0.048223223085683144,6.9682596864700805e-09,-1.9802899489392358e-13,-5.965832925689283e-14,4.099050647002325e-09,7.713958387517938e-14,4.0983762805777485e-09,1.0630266930926216e-07,7859.975614040126,,True,158ec13e4f19f56723423f84
858,pem_m4_self_clinching_nut__300_ss_35,assets/pem_m4_self_clinching_nut__300_ss.stl,catalog_fasteners_and_hardware,0.0008355363884781723,0.0019670757575096427,-1.6173730124900373e-07,5.2308822207170976e-08,0.19672307380774487,-0.017747770699234392,0.06374541700743584,6.9682596864700805e-09,-1.9802899489392358e-13,-5.965832925689283e-14,4.099050647002325e-09,7.713958387517938e-14,4.0983762805777485e-09,1.0630266930926216e-07,7859.975614040126,,True,158ec13e4f19f56723423f84
859,pem_m4_self_clinching_nut__300_ss_36,assets/pem_m4_self_clinching_nut__300_ss.stl,catalog_fasteners_and_hardware,0.0008355363884781723,0.0019670757575096427,-1.6173730124900373e-07,5.2308822207170976e-08,0.19688034484721936,0.017251875953556466,0.06374541700743667,6.9682596864700805e-09,-1.9802899489392358e-13,-5.965832925689283e-14,4.099050647002325e-09,7.713958387517938e-14,4.0983762805777485e-09,1.0630266930926216e-07,7859.975614040126,,True,158ec13e4f19f56723423f84
860,1_1_31_eb463_510_fl46blw10_48v_5n_m_de_2__fl46blw10_48v_5n_m_de__êäèë1_4,assets/1_1_31_eb463_510_fl46blw10_48v_5n_m_de_2__fl46blw10_48v_5n_m_de__êäèë1.stl,vendor_motor_parts,0.003575505293965178,-2.7315060254748863e-17,7.873576435762016e-16,0.0012771643572305625,0.22612361394056626,0.02289753216059736,0.07460020848662134,7.574652128083713e-07,0.0,0.0,7.57465212808378e-07,0.0,1.5114087091854951e-06,1.3331368436788824e-06,2682.0242129820117,,True,b7094f2f67d456e424842e30
861,1_2_05_000608_fl46blw10_48v_5n_m_de_2__fl46blw10_48v_5n_m_de__êäèë1_13,assets/1_2_05_000608_fl46blw10_48v_5n_m_de_2__fl46blw10_48v_5n_m_de__êäèë1.stl,vendor_motor_parts,0.0001251760225275824,-0.0017244299369855568,4.301994363033133e-07,5.908153300215281e-07,0.23350664124400458,-0.015515840443684925,0.09338785078345045,1.4701007066345354e-10,-3.327071645877055e-13,-4.3546180126616626e-13,1.29287724369605e-09,1.2146236496910186e-14,1.2928563051173674e-09,4.669869596117045e-08,2680.5035976093454,,True,b7094f2f67d456e424842e30
862,1_2_05_000555_fl46blw10_48v_5n_m_de_2__fl46blw10_48v_5n_m_de__êäèë1_25,assets/1_2_05_000555_fl46blw10_48v_5n_m_de_2__fl46blw10_48v_5n_m_de__êäèë1.stl,vendor_motor_parts,5.05564929384142e-05,-0.0005885177475925705,5.704958175487715e-07,1.304831538170157e-07,0.24625876584864514,0.021448394456122694,0.06961387633517759,4.248449341343423e-11,-1.044328441854737e-13,-2.989204937804672e-14,1.9784970084350223e-10,-7.395239804311774e-15,1.9784623482054316e-10,1.884688014215633e-08,2682.4860431584343,,True,b7094f2f67d456e424842e30
863,1_2_05_000555_fl46blw10_48v_5n_m_de_2__fl46blw10_48v_5n_m_de__êäèë1_26,assets/1_2_05_000555_fl46blw10_48v_5n_m_de_2__fl46blw10_48v_5n_m_de__êäèë1.stl,vendor_motor_parts,5.05564929384142e-05,-0.0005885177475925705,5.704958175487715e-07,1.304831538170157e-07,0.20834965588030258,0.02161873917958155,0.06388391462370992,4.248449341343423e-11,-1.044328441854737e-13,-2.989204937804672e-14,1.9784970084350223e-10,-7.395239804311774e-15,1.9784623482054316e-10,1.884688014215633e-08,2682.4860431584343,,True,b7094f2f67d456e424842e30
864,1_2_05_000608_fl46blw10_48v_5n_m_de_2__fl46blw10_48v_5n_m_de__êäèë1_14,assets/1_2_05_000608_fl46blw10_48v_5n_m_de_2__fl46blw10_48v_5n_m_de__êäèë1.stl,vendor_motor_parts,0.0001251760225275824,-0.0017244299369855568,4.301994363033133e-07,5.908153300215281e-07,0.2071637032446086,-0.015397468356016075,0.0821557701405457,1.4701007066345354e-10,-3.327071645877055e-13,-4.3546180126616626e-13,1.29287724369605e-09,1.2146236496910186e-14,1.2928563051173674e-09,4.669869596117045e-08,2680.5035976093454,,True,b7094f2f67d456e424842e30
865,1_2_05_000438_fl46blw10_48v_5n_m_de_2__fl46blw10_48v_5n_m_de__êäèë1_25,assets/1_2_05_000438_fl46blw10_48v_5n_m_de_2__fl46blw10_48v_5n_m_de__êäèë1.stl,vendor_motor_parts,3.7452900945165836e-05,-0.00048691546990284665,7.741652882946419e-07,1.9852930949355682e-08,0.21506849043607934,0.01416997528221559,0.09286394569327884,3.721241491408982e-11,-6.775570722596493e-14,-1.2732964723639204e-14,7.409641321462231e-11,-2.525162931499824e-15,7.409912479287198e-11,1.3966815926753484e-08,2681.5632955700858,,True,b7094f2f67d456e424842e30
866,1_2_05_000438_fl46blw10_48v_5n_m_de_2__fl46blw10_48v_5n_m_de__êäèë1_26,assets/1_2_05_000438_fl46blw10_48v_5n_m_de_2__fl46blw10_48v_5n_m_de__êäèë1.stl,vendor_motor_parts,3.7452900945165836e-05,-0.00048691546990284665,7.741652882946419e-07,1.9852930949355682e-08,0.20538062746401745,0.014213507729700951,0.07972527758236293,3.721241491408982e-11,-6.775570722596493e-14,-1.2732964723639204e-14,7.409641321462231e-11,-2.525162931499824e-15,7.409912479287198e-11,1.3966815926753484e-08,2681.5632955700858,,True,b7094f2f67d456e424842e30
867,1_2_05_000438_fl46blw10_48v_5n_m_de_2__fl46blw10_48v_5n_m_de__êäèë1_27,assets/1_2_05_000438_fl46blw10_48v_5n_m_de_2__fl46blw10_48v_5n_m_de__êäèë1.stl,vendor_motor_parts,3.7452900945165836e-05,-0.00048691546990284665,7.741652882946419e-07,1.9852930949355682e-08,0.24434772703064112,0.014038408926135936,0.08561600346998187,3.721241491408982e-11,-6.775570722596493e-14,-1.2732964723639204e-14,7.409641321462231e-11,-2.525162931499824e-15,7.409912479287198e-11,1.3966815926753484e-08,2681.5632955700858,,True,b7094f2f67d456e424842e30
868,1_2_05_000608_fl46blw10_48v_5n_m_de_2__fl46blw10_48v_5n_m_de__êäèë1_15,assets/1_2_05_000608_fl46blw10_48v_5n_m_de_2__fl46blw10_48v_5n_m_de__êäèë1.stl,vendor_motor_parts,0.0001251760225275824,-0.0017244299369855568,4.301994363033133e-07,5.908153300215281e-07,0.2447386084919282,-0.015566311329344638,0.06704464683269404,1.4701007066345354e-10,-3.327071645877055e-13,-4.3546180126616626e-13,1.29287724369605e-09,1.2146236496910186e-14,1.2928563051173674e-09,4.669869596117045e-08,2680.5035976093454,,True,b7094f2f67d456e424842e30
869,1_1_06_eb463_507_fl46blw10_48v_5n_m_de_2__fl46blw10_48v_5n_m_de__çð³ý_à_éì1_4,assets/1_1_06_eb463_507_fl46blw10_48v_5n_m_de_2__fl46blw10_48v_5n_m_de__çð³ý_à_éì1.stl,vendor_motor_parts,0.021834137619844866,0.0004012204503875667,8.736567573188433e-09,0.00476273533540386,0.22580625969398607,-0.0016157183199851863,0.07494378566062743,7.3622577264053095e-06,5.003486689893402e-14,9.296968633897761e-08,7.177823787656781e-06,-1.8635080240921887e-12,1.0303171059560452e-05,8.136051779312388e-06,2683.628154304859,,True,b7094f2f67d456e424842e30
870,1_2_05_000555_fl46blw10_48v_5n_m_de_2__fl46blw10_48v_5n_m_de__êäèë1_27,assets/1_2_05_000555_fl46blw10_48v_5n_m_de_2__fl46blw10_48v_5n_m_de__êäèë1.stl,vendor_motor_parts,5.05564929384142e-05,-0.0005885177475925705,5.704958175487715e-07,1.304831538170157e-07,0.2311037907299765,0.021516493391911494,0.09474166875736849,4.248449341343423e-11,-1.044328441854737e-13,-2.989204937804672e-14,1.9784970084350223e-10,-7.395239804311774e-15,1.9784623482054316e-10,1.884688014215633e-08,2682.4860431584343,,True,b7094f2f67d456e424842e30
871,1_2_05_000438_fl46blw10_48v_5n_m_de_2__fl46blw10_48v_5n_m_de__êäèë1_28,assets/1_2_05_000438_fl46blw10_48v_5n_m_de_2__fl46blw10_48v_5n_m_de__êäèë1.stl,vendor_motor_parts,3.7452900945165836e-05,-0.00048691546990284665,7.741652882946419e-07,1.9852930949355682e-08,0.23120919156291708,0.014097446983023666,0.09530396424815528,3.721241491408982e-11,-6.775570722596493e-14,-1.2732964723639204e-14,7.409641321462231e-11,-2.525162931499824e-15,7.409912479287198e-11,1.3966815926753484e-08,2681.5632955700858,,True,b7094f2f67d456e424842e30
872,1_2_05_000608_fl46blw10_48v_5n_m_de_2__fl46blw10_48v_5n_m_de__êäèë1_16,assets/1_2_05_000608_fl46blw10_48v_5n_m_de_2__fl46blw10_48v_5n_m_de__êäèë1.stl,vendor_motor_parts,0.0001251760225275824,-0.0017244299369855568,4.301994363033133e-07,5.908153300215281e-07,0.21839567049253208,-0.015447939241675791,0.05581256618978905,1.4701007066345354e-10,-3.327071645877055e-13,-4.3546180126616626e-13,1.29287724369605e-09,1.2146236496910186e-14,1.2928563051173674e-09,4.669869596117045e-08,2680.5035976093454,,True,b7094f2f67d456e424842e30
873,1_2_05_000555_fl46blw10_48v_5n_m_de_2__fl46blw10_48v_5n_m_de__êäèë1_28,assets/1_2_05_000555_fl46blw10_48v_5n_m_de_2__fl46blw10_48v_5n_m_de__êäèë1.stl,vendor_motor_parts,5.05564929384142e-05,-0.0005885177475925705,5.704958175487715e-07,1.304831538170157e-07,0.236833694593845,0.021490746048071163,0.056832176068641126,4.248449341343423e-11,-1.044328441854737e-13,-2.989204937804672e-14,1.9784970084350223e-10,-7.395239804311774e-15,1.9784623482054316e-10,1.884688014215633e-08,2682.4860431584343,,True,b7094f2f67d456e424842e30
874,1_2_05_000438_fl46blw10_48v_5n_m_de_2__fl46blw10_48v_5n_m_de__êäèë1_29,assets/1_2_05_000438_fl46blw10_48v_5n_m_de_2__fl46blw10_48v_5n_m_de__êäèë1.stl,vendor_motor_parts,3.7452900945165836e-05,-0.00048691546990284665,7.741652882946419e-07,1.9852930949355682e-08,0.24678772095198218,0.01402744480458109,0.06947513939087874,3.721241491408982e-11,-6.775570722596493e-14,-1.2732964723639204e-14,7.409641321462231e-11,-2.525162931499824e-15,7.409912479287198e-11,1.3966815926753484e-08,2681.5632955700858,,True,b7094f2f67d456e424842e30
875,1_2_05_000555_fl46blw10_48v_5n_m_de_2__fl46blw10_48v_5n_m_de__êäèë1_29,assets/1_2_05_000555_fl46blw10_48v_5n_m_de_2__fl46blw10_48v_5n_m_de__êäèë1.stl,vendor_motor_parts,5.05564929384142e-05,-0.0005885177475925705,5.704958175487715e-07,1.304831538170157e-07,0.24388536195713806,0.02145905935513643,0.08531650234953238,4.248449341343423e-11,-1.044328441854737e-13,-2.989204937804672e-14,1.9784970084350223e-10,-7.395239804311774e-15,1.9784623482054316e-10,1.884688014215633e-08,2682.4860431584343,,True,b7094f2f67d456e424842e30
876,1_2_05_000438_fl46blw10_48v_5n_m_de_2__fl46blw10_48v_5n_m_de__êäèë1_30,assets/1_2_05_000438_fl46blw10_48v_5n_m_de_2__fl46blw10_48v_5n_m_de__êäèë1.stl,vendor_motor_parts,3.7452900945165836e-05,-0.00048691546990284665,7.741652882946419e-07,1.9852930949355682e-08,0.23709985797992034,0.014070977252066455,0.056336471279962955,3.721241491408982e-11,-6.775570722596493e-14,-1.2732964723639204e-14,7.409641321462231e-11,-2.525162931499824e-15,7.409912479287198e-11,1.3966815926753484e-08,2681.5632955700858,,True,b7094f2f67d456e424842e30
877,1_1_06_eb463_509_fl46blw10_48v_5n_m_de_2__fl46blw10_48v_5n_m_de__êäèë1_4,assets/1_1_06_eb463_509_fl46blw10_48v_5n_m_de_2__fl46blw10_48v_5n_m_de__êäèë1.stl,vendor_motor_parts,0.006371665639530841,0.00013994576758433452,9.862013103342203e-06,0.0011128094560400818,0.2258029240522485,-0.018765802351763842,0.0746434139984095,1.0044230303899307e-06,2.6524788467401333e-08,1.2797173443951157e-10,1.0140751643727678e-06,-1.0029343708491859e-10,2.0034086306679993e-06,2.375886612947444e-06,2681.8054383607005,,True,b7094f2f67d456e424842e30
878,1_2_05_000438_fl46blw10_48v_5n_m_de_2__fl46blw10_48v_5n_m_de__êäèë1_31,assets/1_2_05_000438_fl46blw10_48v_5n_m_de_2__fl46blw10_48v_5n_m_de__êäèë1.stl,vendor_motor_parts,3.7452900945165836e-05,-0.00048691546990284665,7.741652882946419e-07,1.9852930949355682e-08,0.22095915685308254,0.014143505551258378,0.053896452725086516,3.721241491408982e-11,-6.775570722596493e-14,-1.2732964723639204e-14,7.409641321462231e-11,-2.525162931499824e-15,7.409912479287198e-11,1.3966815926753484e-08,2681.5632955700858,,True,b7094f2f67d456e424842e30
879,1_2_05_000555_fl46blw10_48v_5n_m_de_2__fl46blw10_48v_5n_m_de__êäèë1_30,assets/1_2_05_000555_fl46blw10_48v_5n_m_de_2__fl46blw10_48v_5n_m_de__êäèë1.stl,vendor_motor_parts,5.05564929384142e-05,-0.0005885177475925705,5.704958175487715e-07,1.304831538170157e-07,0.22113122710746416,0.021561305142806544,0.054458748215873896,4.248449341343423e-11,-1.044328441854737e-13,-2.989204937804672e-14,1.9784970084350223e-10,-7.395239804311774e-15,1.9784623482054316e-10,1.884688014215633e-08,2682.4860431584343,,True,b7094f2f67d456e424842e30
880,1_1_02_eb461_502_fl46blw10_48v_5n_m_de_2__fl46blw10_48v_5n_m_de__êäèë1_4,assets/1_1_02_eb461_502_fl46blw10_48v_5n_m_de_2__fl46blw10_48v_5n_m_de__êäèë1.stl,vendor_motor_parts,0.010039340782280859,-3.586426461437877e-16,8.806751077780196e-18,0.006147535551138196,0.22610056416758142,0.017767955141362785,0.07460020848662066,2.210326047415242e-06,3.16440961795669e-09,0.0,2.1950472758632107e-06,0.0,4.27861811833164e-06,3.74193226570368e-06,2682.9295854164625,,True,b7094f2f67d456e424842e30
881,1_2_05_000438_fl46blw10_48v_5n_m_de_2__fl46blw10_48v_5n_m_de__êäèë1_32,assets/1_2_05_000438_fl46blw10_48v_5n_m_de_2__fl46blw10_48v_5n_m_de__êäèë1.stl,vendor_motor_parts,3.7452900945165836e-05,-0.00048691546990284665,7.741652882946419e-07,1.9852930949355682e-08,0.20782062138535856,0.01420254360814611,0.06358441350325997,3.721241491408982e-11,-6.775570722596493e-14,-1.2732964723639204e-14,7.409641321462231e-11,-2.525162931499824e-15,7.409912479287198e-11,1.3966815926753484e-08,2681.5632955700858,,True,b7094f2f67d456e424842e30
882,1_2_05_000555_fl46blw10_48v_5n_m_de_2__fl46blw10_48v_5n_m_de__êäèë1_31,assets/1_2_05_000555_fl46blw10_48v_5n_m_de_2__fl46blw10_48v_5n_m_de__êäèë1.stl,vendor_motor_parts,5.05564929384142e-05,-0.0005885177475925705,5.704958175487715e-07,1.304831538170157e-07,0.2059762519887956,0.021629404078595333,0.07958654063806471,4.248449341343423e-11,-1.044328441854737e-13,-2.989204937804672e-14,1.9784970084350223e-10,-7.395239804311774e-15,1.9784623482054316e-10,1.884688014215633e-08,2682.4860431584343,,True,b7094f2f67d456e424842e30
883,1_2_05_000555_fl46blw10_48v_5n_m_de_2__fl46blw10_48v_5n_m_de__êäèë1_32,assets/1_2_05_000555_fl46blw10_48v_5n_m_de_2__fl46blw10_48v_5n_m_de__êäèë1.stl,vendor_motor_parts,5.05564929384142e-05,-0.0005885177475925705,5.704958175487715e-07,1.304831538170157e-07,0.21540132324359576,0.02158705248664687,0.09236824090460122,4.248449341343423e-11,-1.044328441854737e-13,-2.989204937804672e-14,1.9784970084350223e-10,-7.395239804311774e-15,1.9784623482054316e-10,1.884688014215633e-08,2682.4860431584343,,True,b7094f2f67d456e424842e30
884,1_2_16_001425_fl46blw10_48v_5n_m_de_2__fl46blw10_48v_5n_m_de__çð³ý_à_éì2_4,assets/1_2_16_001425_fl46blw10_48v_5n_m_de_2__fl46blw10_48v_5n_m_de__çð³ý_à_éì2.stl,vendor_motor_parts,0.005650791388921487,0.019710827212435496,0.029193947313439654,-0.001370346572845048,0.22764750631641645,-0.015116513746489134,0.07191918485929108,5.861088062380172e-07,1.1851487070701593e-07,-3.477754440213315e-08,5.863219974088678e-07,3.342008144736537e-08,1.1460091017245543e-06,2.10683307039721e-06,2682.125825875763,,True,b7094f2f67d456e424842e30
885,revolve1_1_4,assets/revolve1_1.stl,separate_bearing_parts,0.0025808941287641892,3.4221896053592956e-18,4.50855964342779e-18,-9.041649675540525e-19,0.22591791616277687,-0.022879170047111288,0.07460020848661489,2.0906988509379785e-07,0.0,0.0,2.0906988509379798e-07,0.0,4.0702141010220996e-07,3.2848585175766894e-07,7856.941524130452,,True,90e95efa79c7cf10f5549d54
886,cirpattern1_7_4,assets/cirpattern1_7.stl,separate_bearing_parts,0.0001284694723599898,-0.0025726433910913246,-0.01043762453733004,-3.239573485869483e-19,0.21527109149063853,-0.022831328501740654,0.07311517125230371,1.2747383394919987e-10,0.0,0.0,1.2747383394919987e-10,0.0,1.2747383394919982e-10,1.631367558714738e-08,7874.95568817144,,True,90e95efa79c7cf10f5549d54
887,revolve3_1_4,assets/revolve3_1.stl,separate_bearing_parts,0.0007627277500685167,9.31352628334693e-19,9.116630120069628e-19,0.0019646723832599214,0.22592674433614665,-0.020914517498465752,0.07460020848661493,4.203917689001855e-08,0.0,0.0,4.2039176890018546e-08,0.0,8.39900202997911e-08,9.703949146599542e-08,7859.972662117585,,True,90e95efa79c7cf10f5549d54
888,cirpattern1_8_4,assets/cirpattern1_8.stl,separate_bearing_parts,0.0001284694723599898,-0.0071285685760886204,-0.008046490542839279,-3.239573485869483e-19,0.2171807453495784,-0.02283990953829804,0.06833739723339585,1.274738339491999e-10,0.0,0.0,1.2747383394919992e-10,0.0,1.2747383394919987e-10,1.631367538754823e-08,7874.955784522164,,True,90e95efa79c7cf10f5549d54
889,cirpattern1_11_4,assets/cirpattern1_11.stl,separate_bearing_parts,0.00012846947235998983,-0.008847076558356728,0.006106696027360029,-3.239573485869483e-19,0.23108185213994464,-0.02290237421219754,0.06517175544327627,1.2747383394919997e-10,0.0,0.0,1.2747383394919997e-10,0.0,1.2747383394920002e-10,1.6313675549085067e-08,7874.9557065449235,,True,90e95efa79c7cf10f5549d54
890,cirpattern2_4,assets/cirpattern2.stl,separate_bearing_parts,6.447682549723187e-05,-1.861447870219261e-15,-1.2630904970899047e-16,0.00220448941067994,0.22592782194395164,-0.0206747028921508,0.0746002084866131,4.30832463485691e-09,0.0,0.0,4.308324634857926e-09,0.0,8.615135910928939e-09,8.189763014391634e-09,7872.856074580987,,True,90e95efa79c7cf10f5549d54
891,cirpattern1_9_4,assets/cirpattern1_9.stl,separate_bearing_parts,0.00012846947235998983,-0.010051424608868239,-0.0038120025357071645,-3.239573485869483e-19,0.22109197974749933,-0.022857484684284116,0.06499435779754303,1.2747383394919987e-10,0.0,0.0,1.274738339491999e-10,0.0,1.2747383394919987e-10,1.6313675512680223e-08,7874.95572411831,,True,90e95efa79c7cf10f5549d54
892,cirpattern1_3_4,assets/cirpattern1_3.stl,separate_bearing_parts,0.00012846947235998983,0.0106716203965541,0.0012957693127446897,-3.239573485869483e-19,0.22830481230605978,-0.022889895573609223,0.08508186445140728,1.2747383394919987e-10,0.0,0.0,1.2747383394919987e-10,0.0,1.274738339491998e-10,1.6313675419325952e-08,7874.955769182388,,True,90e95efa79c7cf10f5549d54
893,cirpattern1_6_4,assets/cirpattern1_6.stl,separate_bearing_parts,0.0001284694723599898,0.00257264339109118,-0.010437624537330078,-3.239573485869483e-19,0.21580049685593902,-0.022833707386674562,0.07823314940495352,1.2747383394919997e-10,0.0,0.0,1.2747383394919997e-10,0.0,1.2747383394920002e-10,1.631367558714738e-08,7874.95568817144,,True,90e95efa79c7cf10f5549d54
894,cirpattern1_5_4,assets/cirpattern1_5.stl,separate_bearing_parts,0.00012846947235998983,0.00712856857608851,-0.00804649054283938,-3.239573485869483e-19,0.21864768105631585,-0.02284650121923007,0.08251886457489614,1.2747383394919992e-10,0.0,0.0,1.2747383394919992e-10,0.0,1.2747383394919995e-10,1.631367538754823e-08,7874.955784522166,,True,90e95efa79c7cf10f5549d54
895,revolve1_2_4,assets/revolve1_2.stl,separate_bearing_parts,0.0017875603307419146,3.7254812207917504e-19,-2.3248196583897076e-18,-5.732587536556652e-18,0.22591791616277687,-0.022879170047111295,0.07460020848661489,7.518736928316261e-08,0.0,0.0,7.518736928316266e-08,0.0,1.4297889999819628e-07,2.2752139446240923e-07,7856.669193530514,,True,90e95efa79c7cf10f5549d54
896,revolve2_4,assets/revolve2.stl,separate_bearing_parts,0.00012846947235998983,0.0,0.010749999999999997,-3.239573485869483e-19,0.2366107525440658,-0.022927218346264117,0.07349411559542515,1.2747383394919992e-10,0.0,0.0,1.2747383394919992e-10,0.0,1.2747383394919992e-10,1.6313675712392897e-08,7874.955627712786,,True,90e95efa79c7cf10f5549d54
897,cirpattern1_12_4,assets/cirpattern1_12.stl,separate_bearing_parts,0.00012846947235998983,-0.00499577409947039,0.009518652275772069,-3.239573485869483e-19,0.23487193076037308,-0.022919404944257378,0.06865155286209826,1.2747383394919992e-10,0.0,0.0,1.2747383394919992e-10,0.0,1.2747383394919992e-10,1.6313675368739867e-08,7874.955793601361,,True,90e95efa79c7cf10f5549d54
898,cirpattern1_1_4,assets/cirpattern1_1.stl,separate_bearing_parts,0.00012846947235998983,0.00499577409947052,0.009518652275771998,-3.239573485869483e-19,0.23589997437545301,-0.022924024461979723,0.07859007088025938,1.2747383394920002e-10,0.0,0.0,1.2747383394920002e-10,0.0,1.2747383394920013e-10,1.6313675368739867e-08,7874.955793601361,,True,90e95efa79c7cf10f5549d54
899,cirpattern1_2_4,assets/cirpattern1_2.stl,separate_bearing_parts,0.00012846947235998983,0.00884707655835682,0.00610669602735991,-3.239573485869483e-19,0.23290242696715835,-0.02291055497180327,0.08277199677376391,1.2747383394919997e-10,0.0,0.0,1.2747383394919997e-10,0.0,1.274738339492e-10,1.6313675549085063e-08,7874.955706544925,,True,90e95efa79c7cf10f5549d54
900,cirpattern1_4_4,assets/cirpattern1_4.stl,separate_bearing_parts,0.0001284694723599898,0.0100514246088682,-0.0038120025357073,-3.239573485869483e-19,0.2231603885037519,-0.02286677908655111,0.08499051106516448,1.2747383394919987e-10,0.0,0.0,1.2747383394919987e-10,0.0,1.2747383394919982e-10,1.6313675512680226e-08,7874.955724118307,,True,90e95efa79c7cf10f5549d54
901,revolve3_2_4,assets/revolve3_2.stl,separate_bearing_parts,0.000762727750068509,7.536556395297857e-19,9.116630120069715e-19,-0.0019646723832599236,0.2259090879894071,-0.024843822595756824,0.07460020848661485,4.203917689001809e-08,0.0,0.0,4.2039176890018076e-08,0.0,8.39900202997902e-08,9.703949146599543e-08,7859.972662117504,,True,90e95efa79c7cf10f5549d54
902,mirror1_4,assets/mirror1.stl,separate_bearing_parts,6.447682549775924e-05,9.81138511381865e-17,2.629052823473247e-16,-0.002204489410681317,0.22590801038160205,-0.025083637202073152,0.0746002084866149,4.3083246348836545e-09,0.0,0.0,4.308324634883543e-09,0.0,8.61513591098127e-09,8.18976494689939e-09,7872.854216917409,,True,90e95efa79c7cf10f5549d54
903,cirpattern1_10_4,assets/cirpattern1_10.stl,separate_bearing_parts,0.00012846947235998983,-0.01067162039655406,0.00129576931274484,-3.239573485869483e-19,0.2261087780193219,-0.022880027685556945,0.06385190299150649,1.2747383394919995e-10,0.0,0.0,1.2747383394919997e-10,0.0,1.2747383394919997e-10,1.631367541932595e-08,7874.95576918239,,True,90e95efa79c7cf10f5549d54
904,pem_bsos_m3_6____c8b4713a2b299da432156142d6d3e6d8_8,assets/pem_bsos_m3_6____c8b4713a2b299da432156142d6d3e6d8.stl,catalog_fasteners_and_hardware,0.0004708484897520461,1.2857871311771532e-18,-7.140615387249737e-20,-0.002704641119787707,0.19667380291913422,0.01090257820359987,0.004854641119778417,2.2347559044838597e-09,0.0,0.0,2.2347559044838597e-09,0.0,1.3514971868074787e-09,6.076658976780734e-08,7748.476449825232,,True,2822c454ce56982d40f39cf0
905,1_1_31_eb463_510_fl46blw10_48v_5n_m_de_2__fl46blw10_48v_5n_m_de__êäèë1_5,assets/1_1_31_eb463_510_fl46blw10_48v_5n_m_de_2__fl46blw10_48v_5n_m_de__êäèë1.stl,vendor_motor_parts,0.003575505293965178,-2.7315060254748863e-17,7.873576435762016e-16,0.0012771643572305625,0.16907857497041073,0.02315386425059729,0.028249999999990772,7.574652128083713e-07,0.0,0.0,7.57465212808378e-07,0.0,1.5114087091854951e-06,1.3331368436788824e-06,2682.0242129820117,,True,b7094f2f67d456e424842e30
906,1_2_05_000608_fl46blw10_48v_5n_m_de_2__fl46blw10_48v_5n_m_de__êäèë1_17,assets/1_2_05_000608_fl46blw10_48v_5n_m_de_2__fl46blw10_48v_5n_m_de__êäèë1.stl,vendor_motor_parts,0.0001251760225275824,-0.0017244299369855568,4.301994363033133e-07,5.908153300215281e-07,0.1787227676640439,-0.01526966890858433,0.010538607143241023,1.4701007066345354e-10,-3.327071645877055e-13,-4.3546180126616626e-13,1.29287724369605e-09,1.2146236496910186e-14,1.2928563051173674e-09,4.669869596117045e-08,2680.5035976093454,,True,b7094f2f67d456e424842e30
907,1_2_05_000555_fl46blw10_48v_5n_m_de_2__fl46blw10_48v_5n_m_de__êäèë1_33,assets/1_2_05_000555_fl46blw10_48v_5n_m_de_2__fl46blw10_48v_5n_m_de__êäèë1.stl,vendor_motor_parts,5.05564929384142e-05,-0.0005885177475925705,5.704958175487715e-07,1.304831538170157e-07,0.1525015335144218,0.02186969292046974,0.015762388085204998,4.248449341343423e-11,-1.044328441854737e-13,-2.989204937804672e-14,1.9784970084350223e-10,-7.395239804311774e-15,1.9784623482054316e-10,1.884688014215633e-08,2682.4860431584343,,True,b7094f2f67d456e424842e30
908,1_2_05_000555_fl46blw10_48v_5n_m_de_2__fl46blw10_48v_5n_m_de__êäèë1_34,assets/1_2_05_000555_fl46blw10_48v_5n_m_de_2__fl46blw10_48v_5n_m_de__êäèë1.stl,vendor_motor_parts,5.05564929384142e-05,-0.0005885177475925705,5.704958175487715e-07,1.304831538170157e-07,0.17195990555120075,0.021782256654980754,0.04879761488495968,4.248449341343423e-11,-1.044328441854737e-13,-2.989204937804672e-14,1.9784970084350223e-10,-7.395239804311774e-15,1.9784623482054316e-10,1.884688014215633e-08,2682.4860431584343,,True,b7094f2f67d456e424842e30
909,1_2_05_000608_fl46blw10_48v_5n_m_de_2__fl46blw10_48v_5n_m_de__êäèë1_18,assets/1_2_05_000608_fl46blw10_48v_5n_m_de_2__fl46blw10_48v_5n_m_de__êäèë1.stl,vendor_motor_parts,0.0001251760225275824,-0.0017244299369855568,4.301994363033133e-07,5.908153300215281e-07,0.18661733094710836,-0.015305143157398086,0.03806674987224334,1.4701007066345354e-10,-3.327071645877055e-13,-4.3546180126616626e-13,1.29287724369605e-09,1.2146236496910186e-14,1.2928563051173674e-09,4.669869596117045e-08,2680.5035976093454,,True,b7094f2f67d456e424842e30
910,1_2_05_000438_fl46blw10_48v_5n_m_de_2__fl46blw10_48v_5n_m_de__êäèë1_33,assets/1_2_05_000438_fl46blw10_48v_5n_m_de_2__fl46blw10_48v_5n_m_de__êäèë1.stl,vendor_motor_parts,3.7452900945165836e-05,-0.00048691546990284665,7.741652882946419e-07,1.9852930949355682e-08,0.19016012296806492,0.014281901121990329,0.025282390560311244,3.721241491408982e-11,-6.775570722596493e-14,-1.2732964723639204e-14,7.409641321462231e-11,-2.525162931499824e-15,7.409912479287198e-11,1.3966815926753484e-08,2681.5632955700858,,True,b7094f2f67d456e424842e30
911,1_2_05_000438_fl46blw10_48v_5n_m_de_2__fl46blw10_48v_5n_m_de__êäèë1_34,assets/1_2_05_000438_fl46blw10_48v_5n_m_de_2__fl46blw10_48v_5n_m_de__êäèë1.stl,vendor_motor_parts,3.7452900945165836e-05,-0.00048691546990284665,7.741652882946419e-07,1.9852930949355682e-08,0.18607232446110483,0.014300269659442238,0.0410865276684202,3.721241491408982e-11,-6.775570722596493e-14,-1.2732964723639204e-14,7.409641321462231e-11,-2.525162931499824e-15,7.409912479287198e-11,1.3966815926753484e-08,2681.5632955700858,,True,b7094f2f67d456e424842e30
912,1_2_05_000438_fl46blw10_48v_5n_m_de_2__fl46blw10_48v_5n_m_de__êäèë1_35,assets/1_2_05_000438_fl46blw10_48v_5n_m_de_2__fl46blw10_48v_5n_m_de__êäèë1.stl,vendor_motor_parts,3.7452900945165836e-05,-0.00048691546990284665,7.741652882946419e-07,1.9852930949355682e-08,0.1660715557580653,0.014390143186322948,0.007128799037843834,3.721241491408982e-11,-6.775570722596493e-14,-1.2732964723639204e-14,7.409641321462231e-11,-2.525162931499824e-15,7.409912479287198e-11,1.3966815926753484e-08,2681.5632955700858,,True,b7094f2f67d456e424842e30
913,1_2_05_000608_fl46blw10_48v_5n_m_de_2__fl46blw10_48v_5n_m_de__êäèë1_19,assets/1_2_05_000608_fl46blw10_48v_5n_m_de_2__fl46blw10_48v_5n_m_de__êäèë1.stl,vendor_motor_parts,0.0001251760225275824,-0.0017244299369855568,4.301994363033133e-07,5.908153300215281e-07,0.15119490284911172,-0.015145972347961126,0.018433250127737586,1.4701007066345354e-10,-3.327071645877055e-13,-4.3546180126616626e-13,1.29287724369605e-09,1.2146236496910186e-14,1.2928563051173674e-09,4.669869596117045e-08,2680.5035976093454,,True,b7094f2f67d456e424842e30
914,1_1_06_eb463_507_fl46blw10_48v_5n_m_de_2__fl46blw10_48v_5n_m_de__çð³ý_à_éì1_5,assets/1_1_06_eb463_507_fl46blw10_48v_5n_m_de_2__fl46blw10_48v_5n_m_de__çð³ý_à_éì1.stl,vendor_motor_parts,0.021834137619844866,0.0004012204503875667,8.736567573188433e-09,0.00476273533540386,0.16936573098007707,-0.0013621025990189278,0.028194152254197823,7.3622577264053095e-06,5.003486689893402e-14,9.296968633897761e-08,7.177823787656781e-06,-1.8635080240921887e-12,1.0303171059560452e-05,8.136051779312388e-06,2683.628154304859,,True,b7094f2f67d456e424842e30
915,1_2_05_000555_fl46blw10_48v_5n_m_de_2__fl46blw10_48v_5n_m_de__êäèë1_35,assets/1_2_05_000555_fl46blw10_48v_5n_m_de_2__fl46blw10_48v_5n_m_de__êäèë1.stl,vendor_motor_parts,5.05564929384142e-05,-0.0005885177475925705,5.704958175487715e-07,1.304831538170157e-07,0.18155995579298617,0.021739118794319414,0.011678896270038427,4.248449341343423e-11,-1.044328441854737e-13,-2.989204937804672e-14,1.9784970084350223e-10,-7.395239804311774e-15,1.9784623482054316e-10,1.884688014215633e-08,2682.4860431584343,,True,b7094f2f67d456e424842e30
916,1_2_05_000438_fl46blw10_48v_5n_m_de_2__fl46blw10_48v_5n_m_de__êäèë1_36,assets/1_2_05_000438_fl46blw10_48v_5n_m_de_2__fl46blw10_48v_5n_m_de__êäèë1.stl,vendor_motor_parts,3.7452900945165836e-05,-0.00048691546990284665,7.741652882946419e-07,1.9852930949355682e-08,0.18187553331338066,0.014319127955722568,0.011216638814140558,3.721241491408982e-11,-6.775570722596493e-14,-1.2732964723639204e-14,7.409641321462231e-11,-2.525162931499824e-15,7.409912479287198e-11,1.3966815926753484e-08,2681.5632955700858,,True,b7094f2f67d456e424842e30
917,1_2_05_000608_fl46blw10_48v_5n_m_de_2__fl46blw10_48v_5n_m_de__êäèë1_20,assets/1_2_05_000608_fl46blw10_48v_5n_m_de_2__fl46blw10_48v_5n_m_de__êäèë1.stl,vendor_motor_parts,0.0001251760225275824,-0.0017244299369855568,4.301994363033133e-07,5.908153300215281e-07,0.15908946613217662,-0.015181446596774978,0.04596139285673923,1.4701007066345354e-10,-3.327071645877055e-13,-4.3546180126616626e-13,1.29287724369605e-09,1.2146236496910186e-14,1.2928563051173674e-09,4.669869596117045e-08,2680.5035976093454,,True,b7094f2f67d456e424842e30
918,1_2_05_000555_fl46blw10_48v_5n_m_de_2__fl46blw10_48v_5n_m_de__êäèë1_36,assets/1_2_05_000555_fl46blw10_48v_5n_m_de_2__fl46blw10_48v_5n_m_de__êäèë1.stl,vendor_motor_parts,5.05564929384142e-05,-0.0005885177475925705,5.704958175487715e-07,1.304831538170157e-07,0.14852506250480993,0.02188756120740761,0.03113746475341575,4.248449341343423e-11,-1.044328441854737e-13,-2.989204937804672e-14,1.9784970084350223e-10,-7.395239804311774e-15,1.9784623482054316e-10,1.884688014215633e-08,2682.4860431584343,,True,b7094f2f67d456e424842e30
919,1_2_05_000438_fl46blw10_48v_5n_m_de_2__fl46blw10_48v_5n_m_de__êäèë1_37,assets/1_2_05_000438_fl46blw10_48v_5n_m_de_2__fl46blw10_48v_5n_m_de__êäèë1.stl,vendor_motor_parts,3.7452900945165836e-05,-0.00048691546990284665,7.741652882946419e-07,1.9852930949355682e-08,0.1520059460145844,0.01445334705484051,0.015413472331562279,3.721241491408982e-11,-6.775570722596493e-14,-1.2732964723639204e-14,7.409641321462231e-11,-2.525162931499824e-15,7.409912479287198e-11,1.3966815926753484e-08,2681.5632955700858,,True,b7094f2f67d456e424842e30
920,1_2_05_000555_fl46blw10_48v_5n_m_de_2__fl46blw10_48v_5n_m_de__êäèë1_37,assets/1_2_05_000555_fl46blw10_48v_5n_m_de_2__fl46blw10_48v_5n_m_de__êäèë1.stl,vendor_motor_parts,5.05564929384142e-05,-0.0005885177475925705,5.704958175487715e-07,1.304831538170157e-07,0.16618503434593127,0.021808206059737184,0.007702385115023685,4.248449341343423e-11,-1.044328441854737e-13,-2.989204937804672e-14,1.9784970084350223e-10,-7.395239804311774e-15,1.9784623482054316e-10,1.884688014215633e-08,2682.4860431584343,,True,b7094f2f67d456e424842e30
921,1_2_05_000438_fl46blw10_48v_5n_m_de_2__fl46blw10_48v_5n_m_de__êäèë1_38,assets/1_2_05_000438_fl46blw10_48v_5n_m_de_2__fl46blw10_48v_5n_m_de__êäèë1.stl,vendor_motor_parts,3.7452900945165836e-05,-0.00048691546990284665,7.741652882946419e-07,1.9852930949355682e-08,0.1479181475076247,0.014471715592292154,0.031217609439671168,3.721241491408982e-11,-6.775570722596493e-14,-1.2732964723639204e-14,7.409641321462231e-11,-2.525162931499824e-15,7.409912479287198e-11,1.3966815926753484e-08,2681.5632955700858,,True,b7094f2f67d456e424842e30
922,1_1_06_eb463_509_fl46blw10_48v_5n_m_de_2__fl46blw10_48v_5n_m_de__êäèë1_5,assets/1_1_06_eb463_509_fl46blw10_48v_5n_m_de_2__fl46blw10_48v_5n_m_de__êäèë1.stl,vendor_motor_parts,0.006371665639530841,0.00013994576758433452,9.862013103342203e-06,0.0011128094560400818,0.1690090575091383,-0.01851059890597728,0.028326345311483953,1.0044230303899307e-06,2.6524788467401333e-08,1.2797173443951157e-10,1.0140751643727678e-06,-1.0029343708491859e-10,2.0034086306679993e-06,2.375886612947444e-06,2681.8054383607005,,True,b7094f2f67d456e424842e30
923,1_2_05_000438_fl46blw10_48v_5n_m_de_2__fl46blw10_48v_5n_m_de__êäèë1_39,assets/1_2_05_000438_fl46blw10_48v_5n_m_de_2__fl46blw10_48v_5n_m_de__êäèë1.stl,vendor_motor_parts,3.7452900945165836e-05,-0.00048691546990284665,7.741652882946419e-07,1.9852930949355682e-08,0.15620273716230854,0.014434488758560052,0.04528336118584232,3.721241491408982e-11,-6.775570722596493e-14,-1.2732964723639204e-14,7.409641321462231e-11,-2.525162931499824e-15,7.409912479287198e-11,1.3966815926753484e-08,2681.5632955700858,,True,b7094f2f67d456e424842e30
924,1_2_05_000555_fl46blw10_48v_5n_m_de_2__fl46blw10_48v_5n_m_de__êäèë1_38,assets/1_2_05_000555_fl46blw10_48v_5n_m_de_2__fl46blw10_48v_5n_m_de__êäèë1.stl,vendor_motor_parts,5.05564929384142e-05,-0.0005885177475925705,5.704958175487715e-07,1.304831538170157e-07,0.15658498410414634,0.021851343920398773,0.04482110372994449,4.248449341343423e-11,-1.044328441854737e-13,-2.989204937804672e-14,1.9784970084350223e-10,-7.395239804311774e-15,1.9784623482054316e-10,1.884688014215633e-08,2682.4860431584343,,True,b7094f2f67d456e424842e30
925,1_1_02_eb461_502_fl46blw10_48v_5n_m_de_2__fl46blw10_48v_5n_m_de__êäèë1_5,assets/1_1_02_eb461_502_fl46blw10_48v_5n_m_de_2__fl46blw10_48v_5n_m_de__êäèë1.stl,vendor_motor_parts,0.010039340782280859,-3.586426461437877e-16,8.806751077780196e-18,0.006147535551138196,0.1690555251974262,0.018024287231362943,0.028249999999991622,2.210326047415242e-06,3.16440961795669e-09,0.0,2.1950472758632107e-06,0.0,4.27861811833164e-06,3.74193226570368e-06,2682.9295854164625,,True,b7094f2f67d456e424842e30
926,1_2_05_000438_fl46blw10_48v_5n_m_de_2__fl46blw10_48v_5n_m_de__êäèë1_40,assets/1_2_05_000438_fl46blw10_48v_5n_m_de_2__fl46blw10_48v_5n_m_de__êäèë1.stl,vendor_motor_parts,3.7452900945165836e-05,-0.00048691546990284665,7.741652882946419e-07,1.9852930949355682e-08,0.17200671471762383,0.014363473527959775,0.04937120096213858,3.721241491408982e-11,-6.775570722596493e-14,-1.2732964723639204e-14,7.409641321462231e-11,-2.525162931499824e-15,7.409912479287198e-11,1.3966815926753484e-08,2681.5632955700858,,True,b7094f2f67d456e424842e30
927,1_2_05_000555_fl46blw10_48v_5n_m_de_2__fl46blw10_48v_5n_m_de__êäèë1_39,assets/1_2_05_000555_fl46blw10_48v_5n_m_de_2__fl46blw10_48v_5n_m_de__êäèë1.stl,vendor_motor_parts,5.05564929384142e-05,-0.0005885177475925705,5.704958175487715e-07,1.304831538170157e-07,0.18564340638271054,0.021720769794248133,0.040737611914778,4.248449341343423e-11,-1.044328441854737e-13,-2.989204937804672e-14,1.9784970084350223e-10,-7.395239804311774e-15,1.9784623482054316e-10,1.884688014215633e-08,2682.4860431584343,,True,b7094f2f67d456e424842e30
928,1_2_05_000555_fl46blw10_48v_5n_m_de_2__fl46blw10_48v_5n_m_de__êäèë1_40,assets/1_2_05_000555_fl46blw10_48v_5n_m_de_2__fl46blw10_48v_5n_m_de__êäèë1.stl,vendor_motor_parts,5.05564929384142e-05,-0.0005885177475925705,5.704958175487715e-07,1.304831538170157e-07,0.1896198773923225,0.02170290150731051,0.025362535246567296,4.248449341343423e-11,-1.044328441854737e-13,-2.989204937804672e-14,1.9784970084350223e-10,-7.395239804311774e-15,1.9784623482054316e-10,1.884688014215633e-08,2682.4860431584343,,True,b7094f2f67d456e424842e30
929,1_2_16_001425_fl46blw10_48v_5n_m_de_2__fl46blw10_48v_5n_m_de__çð³ý_à_éì2_5,assets/1_2_16_001425_fl46blw10_48v_5n_m_de_2__fl46blw10_48v_5n_m_de__çð³ý_à_éì2.stl,vendor_motor_parts,0.005650791388921487,0.019710827212435496,0.029193947313439654,-0.001370346572845048,0.1657583873464316,-0.014838414765398336,0.028625381408376567,5.861088062380172e-07,1.1851487070701593e-07,-3.477754440213315e-08,5.863219974088678e-07,3.342008144736537e-08,1.1460091017245543e-06,2.10683307039721e-06,2682.125825875763,,True,b7094f2f67d456e424842e30
930,revolve1_1_5,assets/revolve1_1.stl,separate_bearing_parts,0.0025808941287641892,3.4221896053592956e-18,4.50855964342779e-18,-9.041649675540525e-19,0.1688728771926217,-0.02262283795711057,0.028249999999993256,2.0906988509379785e-07,0.0,0.0,2.0906988509379798e-07,0.0,4.0702141010220996e-07,3.2848585175766894e-07,7856.941524130452,,True,90e95efa79c7cf10f5549d54
931,cirpattern1_7_5,assets/cirpattern1_7.stl,separate_bearing_parts,0.0001284694723599898,-0.0025726433910913246,-0.01043762453733004,-3.239573485869483e-19,0.17443420254935463,-0.022647827792819018,0.037449648677234874,1.2747383394919987e-10,0.0,0.0,1.2747383394919987e-10,0.0,1.2747383394919982e-10,1.631367558714738e-08,7874.95568817144,,True,90e95efa79c7cf10f5549d54
932,revolve3_1_5,assets/revolve3_1.stl,separate_bearing_parts,0.0007627277500685167,9.31352628334693e-19,9.116630120069628e-19,0.0019646723832599214,0.16888170536599148,-0.020658185408465073,0.02824999999999329,4.203917689001855e-08,0.0,0.0,4.2039176890018546e-08,0.0,8.39900202997911e-08,9.703949146599542e-08,7859.972662117585,,True,90e95efa79c7cf10f5549d54
933,cirpattern1_8_5,assets/cirpattern1_8.stl,separate_bearing_parts,0.0001284694723599898,-0.0071285685760886204,-0.008046490542839279,-3.239573485869483e-19,0.16952193948714764,-0.022625754520890738,0.03898038720789429,1.274738339491999e-10,0.0,0.0,1.2747383394919992e-10,0.0,1.2747383394919987e-10,1.631367538754823e-08,7874.955784522164,,True,90e95efa79c7cf10f5549d54
934,cirpattern1_11_5,assets/cirpattern1_11.stl,separate_bearing_parts,0.00012846947235998983,-0.008847076558356728,0.006106696027360029,-3.239573485869483e-19,0.1582990699433114,-0.022575324515795307,0.03018774165649118,1.2747383394919997e-10,0.0,0.0,1.2747383394919997e-10,0.0,1.2747383394920002e-10,1.6313675549085067e-08,7874.9557065449235,,True,90e95efa79c7cf10f5549d54
935,cirpattern2_5,assets/cirpattern2.stl,separate_bearing_parts,6.447682549723187e-05,-1.861447870219261e-15,-1.2630904970899047e-16,0.00220448941067994,0.16888278297379558,-0.02041837080215012,0.028249999999994703,4.30832463485691e-09,0.0,0.0,4.308324634857926e-09,0.0,8.615135910928939e-09,8.189763014391634e-09,7872.856074580987,,True,90e95efa79c7cf10f5549d54
936,cirpattern1_9_5,assets/cirpattern1_9.stl,separate_bearing_parts,0.00012846947235998983,-0.010051424608868239,-0.0038120025357071645,-3.239573485869483e-19,0.16446098407531334,-0.022603013099348826,0.03805292334440781,1.2747383394919987e-10,0.0,0.0,1.274738339491999e-10,0.0,1.2747383394919987e-10,1.6313675512680223e-08,7874.95572411831,,True,90e95efa79c7cf10f5549d54
937,cirpattern1_3_5,assets/cirpattern1_3.stl,separate_bearing_parts,0.00012846947235998983,0.0106716203965541,0.0012957693127446897,-3.239573485869483e-19,0.17550253814206984,-0.022652628362688623,0.019787777583446704,1.2747383394919987e-10,0.0,0.0,1.2747383394919987e-10,0.0,1.274738339491998e-10,1.6313675419325952e-08,7874.955769182388,,True,90e95efa79c7cf10f5549d54
938,cirpattern1_6_5,assets/cirpattern1_6.stl,separate_bearing_parts,0.0001284694723599898,0.00257264339109118,-0.010437624537330078,-3.239573485869483e-19,0.1780724329935701,-0.02266417619454666,0.033811381502404564,1.2747383394919997e-10,0.0,0.0,1.2747383394919997e-10,0.0,1.2747383394920002e-10,1.631367558714738e-08,7874.95568817144,,True,90e95efa79c7cf10f5549d54
939,cirpattern1_5_5,assets/cirpattern1_5.stl,separate_bearing_parts,0.00012846947235998983,0.00712856857608851,-0.00804649054283938,-3.239573485869483e-19,0.17960315607045413,-0.02267105450425746,0.02889906884728442,1.2747383394919992e-10,0.0,0.0,1.2747383394919992e-10,0.0,1.2747383394919995e-10,1.631367538754823e-08,7874.955784522166,,True,90e95efa79c7cf10f5549d54
940,revolve1_2_5,assets/revolve1_2.stl,separate_bearing_parts,0.0017875603307419146,3.7254812207917504e-19,-2.3248196583897076e-18,-5.732587536556652e-18,0.1688728771926217,-0.022622837957110578,0.028249999999993263,7.518736928316261e-08,0.0,0.0,7.518736928316266e-08,0.0,1.4297889999819628e-07,2.2752139446240923e-07,7856.669193530514,,True,90e95efa79c7cf10f5549d54
941,revolve2_5,assets/revolve2.stl,separate_bearing_parts,0.00012846947235998983,0.0,0.010749999999999997,-3.239573485869483e-19,0.16127155603580295,-0.02258868139285816,0.020648602102236624,1.2747383394919992e-10,0.0,0.0,1.2747383394919992e-10,0.0,1.2747383394919992e-10,1.6313675712392897e-08,7874.955627712786,,True,90e95efa79c7cf10f5549d54
942,cirpattern1_12_5,assets/cirpattern1_12.stl,separate_bearing_parts,0.00012846947235998983,-0.00499577409947039,0.009518652275772069,-3.239573485869483e-19,0.15860973149167004,-0.02257672047459221,0.02505184217104818,1.2747383394919992e-10,0.0,0.0,1.2747383394919992e-10,0.0,1.2747383394919992e-10,1.6313675368739867e-08,7874.955793601361,,True,90e95efa79c7cf10f5549d54
943,cirpattern1_1_5,assets/cirpattern1_1.stl,separate_bearing_parts,0.00012846947235998983,0.00499577409947052,0.009518652275771998,-3.239573485869483e-19,0.16567475165111262,-0.02260846716836311,0.01798675068502569,1.2747383394920002e-10,0.0,0.0,1.2747383394920002e-10,0.0,1.2747383394920013e-10,1.6313675368739867e-08,7874.955793601361,,True,90e95efa79c7cf10f5549d54
944,cirpattern1_2_5,assets/cirpattern1_2.stl,separate_bearing_parts,0.00012846947235998983,0.00884707655835682,0.00610669602735991,-3.239573485869483e-19,0.17081059928639117,-0.022631545118383327,0.01767608600031148,1.2747383394919997e-10,0.0,0.0,1.2747383394919997e-10,0.0,1.274738339492e-10,1.6313675549085063e-08,7874.955706544925,,True,90e95efa79c7cf10f5549d54
945,cirpattern1_4_5,assets/cirpattern1_4.stl,separate_bearing_parts,0.0001284694723599898,0.0100514246088682,-0.0038120025357073,-3.239573485869483e-19,0.1786757015703055,-0.022666886984089297,0.02383806234137743,1.2747383394919987e-10,0.0,0.0,1.2747383394919987e-10,0.0,1.2747383394919982e-10,1.6313675512680226e-08,7874.955724118307,,True,90e95efa79c7cf10f5549d54
946,revolve3_2_5,assets/revolve3_2.stl,separate_bearing_parts,0.000762727750068509,7.536556395297857e-19,9.116630120069715e-19,-0.0019646723832599236,0.16886404901925192,-0.024587490505756072,0.028249999999993232,4.203917689001809e-08,0.0,0.0,4.2039176890018076e-08,0.0,8.39900202997902e-08,9.703949146599543e-08,7859.972662117504,,True,90e95efa79c7cf10f5549d54
947,mirror1_5,assets/mirror1.stl,separate_bearing_parts,6.447682549775924e-05,9.81138511381865e-17,2.629052823473247e-16,-0.002204489410681317,0.16886297141144646,-0.024827305112072394,0.028249999999992975,4.3083246348836545e-09,0.0,0.0,4.308324634883543e-09,0.0,8.61513591098127e-09,8.18976494689939e-09,7872.854216917409,,True,90e95efa79c7cf10f5549d54
948,cirpattern1_10_5,assets/cirpattern1_10.stl,separate_bearing_parts,0.00012846947235998983,-0.01067162039655406,0.00129576931274484,-3.239573485869483e-19,0.16041074020757856,-0.022584813313804693,0.03487972788074898,1.2747383394919995e-10,0.0,0.0,1.2747383394919997e-10,0.0,1.2747383394919997e-10,1.631367541932595e-08,7874.95576918239,,True,90e95efa79c7cf10f5549d54
949,1_1_31_eb463_510_fl46blw10_48v_5n_m_de_2__fl46blw10_48v_5n_m_de__êäèë1_6,assets/1_1_31_eb463_510_fl46blw10_48v_5n_m_de_2__fl46blw10_48v_5n_m_de__êäèë1.stl,vendor_motor_parts,0.003575505293965178,-2.7315060254748863e-17,7.873576435762016e-16,0.0012771643572305625,0.11997447468980056,9.71143463779217e-05,0.05152716435722349,7.574652128083713e-07,0.0,0.0,7.57465212808378e-07,0.0,1.5114087091854951e-06,1.3331368436788824e-06,2682.0242129820117,,True,b7094f2f67d456e424842e30
950,1_2_05_000608_fl46blw10_48v_5n_m_de_2__fl46blw10_48v_5n_m_de__êäèë1_21,assets/1_2_05_000608_fl46blw10_48v_5n_m_de_2__fl46blw10_48v_5n_m_de__êäèë1.stl,vendor_motor_parts,0.0001251760225275824,-0.0017244299369855568,4.301994363033133e-07,5.908153300215281e-07,0.1024808565459441,-0.010102657181301168,0.013147354885414374,1.4701007066345354e-10,-3.327071645877055e-13,-4.3546180126616626e-13,1.29287724369605e-09,1.2146236496910186e-14,1.2928563051173674e-09,4.669869596117045e-08,2680.5035976093454,,True,b7094f2f67d456e424842e30
951,1_2_05_000555_fl46blw10_48v_5n_m_de_2__fl46blw10_48v_5n_m_de__êäèë1_41,assets/1_2_05_000555_fl46blw10_48v_5n_m_de_2__fl46blw10_48v_5n_m_de__êäèë1.stl,vendor_motor_parts,5.05564929384142e-05,-0.0005885177475925705,5.704958175487715e-07,1.304831538170157e-07,0.12782845829388056,-0.01910853252399442,0.050168517747585434,4.248449341343423e-11,-1.044328441854737e-13,-2.989204937804672e-14,1.9784970084350223e-10,-7.395239804311774e-15,1.9784623482054316e-10,1.884688014215633e-08,2682.4860431584343,,True,b7094f2f67d456e424842e30
952,1_2_05_000555_fl46blw10_48v_5n_m_de_2__fl46blw10_48v_5n_m_de__êäèë1_42,assets/1_2_05_000555_fl46blw10_48v_5n_m_de_2__fl46blw10_48v_5n_m_de__êäèë1.stl,vendor_motor_parts,5.05564929384142e-05,-0.0005885177475925705,5.704958175487715e-07,1.304831538170157e-07,0.1280013127631425,0.019231162551267583,0.05016851774758546,4.248449341343423e-11,-1.044328441854737e-13,-2.989204937804672e-14,1.9784970084350223e-10,-7.395239804311774e-15,1.9784623482054316e-10,1.884688014215633e-08,2682.4860431584343,,True,b7094f2f67d456e424842e30
953,1_2_05_000608_fl46blw10_48v_5n_m_de_2__fl46blw10_48v_5n_m_de__êäèë1_22,assets/1_2_05_000608_fl46blw10_48v_5n_m_de_2__fl46blw10_48v_5n_m_de__êäèë1.stl,vendor_motor_parts,0.0001251760225275824,-0.0017244299369855568,4.301994363033133e-07,5.908153300215281e-07,0.10977470316212029,0.017590732490235586,0.013147354885414344,1.4701007066345354e-10,-3.327071645877055e-13,-4.3546180126616626e-13,1.29287724369605e-09,1.2146236496910186e-14,1.2928563051173674e-09,4.669869596117045e-08,2680.5035976093454,,True,b7094f2f67d456e424842e30
954,1_2_05_000438_fl46blw10_48v_5n_m_de_2__fl46blw10_48v_5n_m_de__êäèë1_41,assets/1_2_05_000438_fl46blw10_48v_5n_m_de_2__fl46blw10_48v_5n_m_de__êäèë1.stl,vendor_motor_parts,3.7452900945165836e-05,-0.00048691546990284665,7.741652882946419e-07,1.9852930949355682e-08,0.10030653471809349,0.008348415646091557,0.042750019852923676,3.721241491408982e-11,-6.775570722596493e-14,-1.2732964723639204e-14,7.409641321462231e-11,-2.525162931499824e-15,7.409912479287198e-11,1.3966815926753484e-08,2681.5632955700858,,True,b7094f2f67d456e424842e30
955,1_2_05_000438_fl46blw10_48v_5n_m_de_2__fl46blw10_48v_5n_m_de__êäèë1_42,assets/1_2_05_000438_fl46blw10_48v_5n_m_de_2__fl46blw10_48v_5n_m_de__êäèë1.stl,vendor_motor_parts,3.7452900945165836e-05,-0.00048691546990284665,7.741652882946419e-07,1.9852930949355682e-08,0.11190169206647545,0.01983899917498527,0.042750019852923676,3.721241491408982e-11,-6.775570722596493e-14,-1.2732964723639204e-14,7.409641321462231e-11,-2.525162931499824e-15,7.409912479287198e-11,1.3966815926753484e-08,2681.5632955700858,,True,b7094f2f67d456e424842e30
956,1_2_05_000438_fl46blw10_48v_5n_m_de_2__fl46blw10_48v_5n_m_de__êäèë1_43,assets/1_2_05_000438_fl46blw10_48v_5n_m_de_2__fl46blw10_48v_5n_m_de__êäèë1.stl,vendor_motor_parts,3.7452900945165836e-05,-0.00048691546990284665,7.741652882946419e-07,1.9852930949355682e-08,0.11172317339008844,-0.01957082562532848,0.042750019852923676,3.721241491408982e-11,-6.775570722596493e-14,-1.2732964723639204e-14,7.409641321462231e-11,-2.525162931499824e-15,7.409912479287198e-11,1.3966815926753484e-08,2681.5632955700858,,True,b7094f2f67d456e424842e30
957,1_2_05_000608_fl46blw10_48v_5n_m_de_2__fl46blw10_48v_5n_m_de__êäèë1_23,assets/1_2_05_000608_fl46blw10_48v_5n_m_de_2__fl46blw10_48v_5n_m_de__êäèë1.stl,vendor_motor_parts,0.0001251760225275824,-0.0017244299369855568,4.301994363033133e-07,5.908153300215281e-07,0.13017424621748058,-0.017396503797478244,0.01314735488541435,1.4701007066345354e-10,-3.327071645877055e-13,-4.3546180126616626e-13,1.29287724369605e-09,1.2146236496910186e-14,1.2928563051173674e-09,4.669869596117045e-08,2680.5035976093454,,True,b7094f2f67d456e424842e30
958,1_1_06_eb463_507_fl46blw10_48v_5n_m_de_2__fl46blw10_48v_5n_m_de__çð³ý_à_éì1_6,assets/1_1_06_eb463_507_fl46blw10_48v_5n_m_de_2__fl46blw10_48v_5n_m_de__çð³ý_à_éì1.stl,vendor_motor_parts,0.021834137619844866,0.0004012204503875667,8.736567573188433e-09,0.00476273533540386,0.11960448561779692,0.0002523107911944323,0.027012735335396117,7.3622577264053095e-06,5.003486689893402e-14,9.296968633897761e-08,7.177823787656781e-06,-1.8635080240921887e-12,1.0303171059560452e-05,8.136051779312388e-06,2683.628154304859,,True,b7094f2f67d456e424842e30
959,1_2_05_000555_fl46blw10_48v_5n_m_de_2__fl46blw10_48v_5n_m_de__êäèë1_43,assets/1_2_05_000555_fl46blw10_48v_5n_m_de_2__fl46blw10_48v_5n_m_de__êäèë1.stl,vendor_motor_parts,5.05564929384142e-05,-0.0005885177475925705,5.704958175487715e-07,1.304831538170157e-07,0.10076882781942795,-0.007756869257700994,0.05016851774758546,4.248449341343423e-11,-1.044328441854737e-13,-2.989204937804672e-14,1.9784970084350223e-10,-7.395239804311774e-15,1.9784623482054316e-10,1.884688014215633e-08,2682.4860431584343,,True,b7094f2f67d456e424842e30
960,1_2_05_000438_fl46blw10_48v_5n_m_de_2__fl46blw10_48v_5n_m_de__êäèë1_44,assets/1_2_05_000438_fl46blw10_48v_5n_m_de_2__fl46blw10_48v_5n_m_de__êäèë1.stl,vendor_motor_parts,3.7452900945165836e-05,-0.00048691546990284665,7.741652882946419e-07,1.9852930949355682e-08,0.10023258986119457,-0.00797566827694585,0.042750019852923676,3.721241491408982e-11,-6.775570722596493e-14,-1.2732964723639204e-14,7.409641321462231e-11,-2.525162931499824e-15,7.409912479287198e-11,1.3966815926753484e-08,2681.5632955700858,,True,b7094f2f67d456e424842e30
961,1_2_05_000608_fl46blw10_48v_5n_m_de_2__fl46blw10_48v_5n_m_de__êäèë1_24,assets/1_2_05_000608_fl46blw10_48v_5n_m_de_2__fl46blw10_48v_5n_m_de__êäèë1.stl,vendor_motor_parts,0.0001251760225275824,-0.0017244299369855568,4.301994363033133e-07,5.908153300215281e-07,0.1374680928336567,0.010296885874058508,0.013147354885414375,1.4701007066345354e-10,-3.327071645877055e-13,-4.3546180126616626e-13,1.29287724369605e-09,1.2146236496910186e-14,1.2928563051173674e-09,4.669869596117045e-08,2680.5035976093454,,True,b7094f2f67d456e424842e30
962,1_2_05_000555_fl46blw10_48v_5n_m_de_2__fl46blw10_48v_5n_m_de__êäèë1_44,assets/1_2_05_000555_fl46blw10_48v_5n_m_de_2__fl46blw10_48v_5n_m_de__êäèë1.stl,vendor_motor_parts,5.05564929384142e-05,-0.0005885177475925705,5.704958175487715e-07,1.304831538170157e-07,0.13910852289468922,-0.007929723726964091,0.050168517747585455,4.248449341343423e-11,-1.044328441854737e-13,-2.989204937804672e-14,1.9784970084350223e-10,-7.395239804311774e-15,1.9784623482054316e-10,1.884688014215633e-08,2682.4860431584343,,True,b7094f2f67d456e424842e30
963,1_2_05_000438_fl46blw10_48v_5n_m_de_2__fl46blw10_48v_5n_m_de__êäèë1_45,assets/1_2_05_000438_fl46blw10_48v_5n_m_de_2__fl46blw10_48v_5n_m_de__êäèë1.stl,vendor_motor_parts,3.7452900945165836e-05,-0.00048691546990284665,7.741652882946419e-07,1.9852930949355682e-08,0.12804725731312558,-0.019644770482227857,0.04275001985292365,3.721241491408982e-11,-6.775570722596493e-14,-1.2732964723639204e-14,7.409641321462231e-11,-2.525162931499824e-15,7.409912479287198e-11,1.3966815926753484e-08,2681.5632955700858,,True,b7094f2f67d456e424842e30
964,1_2_05_000555_fl46blw10_48v_5n_m_de_2__fl46blw10_48v_5n_m_de__êäèë1_45,assets/1_2_05_000555_fl46blw10_48v_5n_m_de_2__fl46blw10_48v_5n_m_de__êäèë1.stl,vendor_motor_parts,5.05564929384142e-05,-0.0005885177475925705,5.704958175487715e-07,1.304831538170157e-07,0.11194763661645846,-0.019036933858510244,0.050168517747585434,4.248449341343423e-11,-1.044328441854737e-13,-2.989204937804672e-14,1.9784970084350223e-10,-7.395239804311774e-15,1.9784623482054316e-10,1.884688014215633e-08,2682.4860431584343,,True,b7094f2f67d456e424842e30
965,1_2_05_000438_fl46blw10_48v_5n_m_de_2__fl46blw10_48v_5n_m_de__êäèë1_46,assets/1_2_05_000438_fl46blw10_48v_5n_m_de_2__fl46blw10_48v_5n_m_de__êäèë1.stl,vendor_motor_parts,3.7452900945165836e-05,-0.00048691546990284665,7.741652882946419e-07,1.9852930949355682e-08,0.13964241466150748,-0.008154186953334286,0.04275001985292367,3.721241491408982e-11,-6.775570722596493e-14,-1.2732964723639204e-14,7.409641321462231e-11,-2.525162931499824e-15,7.409912479287198e-11,1.3966815926753484e-08,2681.5632955700858,,True,b7094f2f67d456e424842e30
966,1_1_06_eb463_509_fl46blw10_48v_5n_m_de_2__fl46blw10_48v_5n_m_de__êäèë1_6,assets/1_1_06_eb463_509_fl46blw10_48v_5n_m_de_2__fl46blw10_48v_5n_m_de__êäèë1.stl,vendor_motor_parts,0.006371665639530841,0.00013994576758433452,9.862013103342203e-06,0.0011128094560400818,0.11991237309811088,0.00022291366862163209,0.00986280945603195,1.0044230303899307e-06,2.6524788467401333e-08,1.2797173443951157e-10,1.0140751643727678e-06,-1.0029343708491859e-10,2.0034086306679993e-06,2.375886612947444e-06,2681.8054383607005,,True,b7094f2f67d456e424842e30
967,1_2_05_000438_fl46blw10_48v_5n_m_de_2__fl46blw10_48v_5n_m_de__êäèë1_47,assets/1_2_05_000438_fl46blw10_48v_5n_m_de_2__fl46blw10_48v_5n_m_de__êäèë1.stl,vendor_motor_parts,3.7452900945165836e-05,-0.00048691546990284665,7.741652882946419e-07,1.9852930949355682e-08,0.13971635951840647,0.008169896969703308,0.04275001985292367,3.721241491408982e-11,-6.775570722596493e-14,-1.2732964723639204e-14,7.409641321462231e-11,-2.525162931499824e-15,7.409912479287198e-11,1.3966815926753484e-08,2681.5632955700858,,True,b7094f2f67d456e424842e30
968,1_2_05_000555_fl46blw10_48v_5n_m_de_2__fl46blw10_48v_5n_m_de__êäèë1_46,assets/1_2_05_000555_fl46blw10_48v_5n_m_de_2__fl46blw10_48v_5n_m_de__êäèë1.stl,vendor_motor_parts,5.05564929384142e-05,-0.0005885177475925705,5.704958175487715e-07,1.304831538170157e-07,0.13918012156017298,0.00795109795045829,0.050168517747585455,4.248449341343423e-11,-1.044328441854737e-13,-2.989204937804672e-14,1.9784970084350223e-10,-7.395239804311774e-15,1.9784623482054316e-10,1.884688014215633e-08,2682.4860431584343,,True,b7094f2f67d456e424842e30
969,1_1_02_eb461_502_fl46blw10_48v_5n_m_de_2__fl46blw10_48v_5n_m_de__êäèë1_6,assets/1_1_02_eb461_502_fl46blw10_48v_5n_m_de_2__fl46blw10_48v_5n_m_de__êäèë1.stl,vendor_motor_parts,0.010039340782280859,-3.586426461437877e-16,8.806751077780196e-18,0.006147535551138196,0.11997447468980085,9.711434637867491e-05,0.046397535551131006,2.210326047415242e-06,3.16440961795669e-09,0.0,2.1950472758632107e-06,0.0,4.27861811833164e-06,3.74193226570368e-06,2682.9295854164625,,True,b7094f2f67d456e424842e30
970,1_2_05_000438_fl46blw10_48v_5n_m_de_2__fl46blw10_48v_5n_m_de__êäèë1_48,assets/1_2_05_000438_fl46blw10_48v_5n_m_de_2__fl46blw10_48v_5n_m_de__êäèë1.stl,vendor_motor_parts,3.7452900945165836e-05,-0.00048691546990284665,7.741652882946419e-07,1.9852930949355682e-08,0.12822577598951254,0.01976505431808597,0.042750019852923676,3.721241491408982e-11,-6.775570722596493e-14,-1.2732964723639204e-14,7.409641321462231e-11,-2.525162931499824e-15,7.409912479287198e-11,1.3966815926753484e-08,2681.5632955700858,,True,b7094f2f67d456e424842e30
971,1_2_05_000555_fl46blw10_48v_5n_m_de_2__fl46blw10_48v_5n_m_de__êäèë1_47,assets/1_2_05_000555_fl46blw10_48v_5n_m_de_2__fl46blw10_48v_5n_m_de__êäèë1.stl,vendor_motor_parts,5.05564929384142e-05,-0.0005885177475925705,5.704958175487715e-07,1.304831538170157e-07,0.11212049108572036,0.019302761216751754,0.05016851774758546,4.248449341343423e-11,-1.044328441854737e-13,-2.989204937804672e-14,1.9784970084350223e-10,-7.395239804311774e-15,1.9784623482054316e-10,1.884688014215633e-08,2682.4860431584343,,True,b7094f2f67d456e424842e30
972,1_2_05_000555_fl46blw10_48v_5n_m_de_2__fl46blw10_48v_5n_m_de__êäèë1_48,assets/1_2_05_000555_fl46blw10_48v_5n_m_de_2__fl46blw10_48v_5n_m_de__êäèë1.stl,vendor_motor_parts,5.05564929384142e-05,-0.0005885177475925705,5.704958175487715e-07,1.304831538170157e-07,0.10084042648491177,0.008123952419721516,0.05016851774758549,4.248449341343423e-11,-1.044328441854737e-13,-2.989204937804672e-14,1.9784970084350223e-10,-7.395239804311774e-15,1.9784623482054316e-10,1.884688014215633e-08,2682.4860431584343,,True,b7094f2f67d456e424842e30
973,1_2_16_001425_fl46blw10_48v_5n_m_de_2__fl46blw10_48v_5n_m_de__çð³ý_à_éì2_6,assets/1_2_16_001425_fl46blw10_48v_5n_m_de_2__fl46blw10_48v_5n_m_de__çð³ý_à_éì2.stl,vendor_motor_parts,0.005650791388921487,0.019710827212435496,0.029193947313439654,-0.001370346572845048,0.12287288367268809,-0.0011909432636520202,0.013520349772853052,5.861088062380172e-07,1.1851487070701593e-07,-3.477754440213315e-08,5.863219974088678e-07,3.342008144736537e-08,1.1460091017245543e-06,2.10683307039721e-06,2682.125825875763,,True,b7094f2f67d456e424842e30
974,revolve1_1_6,assets/revolve1_1.stl,separate_bearing_parts,0.0025808941287641892,3.4221896053592956e-18,4.50855964342779e-18,-9.041649675540525e-19,0.11997447468980481,9.711434637981863e-05,0.005749999999991758,2.0906988509379785e-07,0.0,0.0,2.0906988509379798e-07,0.0,4.0702141010220996e-07,3.2848585175766894e-07,7856.941524130452,,True,90e95efa79c7cf10f5549d54
975,cirpattern1_7_6,assets/cirpattern1_7.stl,separate_bearing_parts,0.0001284694723599898,-0.0025726433910913246,-0.01043762453733004,-3.239573485869483e-19,0.11990010361404205,0.010846857084841016,0.005749999999992298,1.2747383394919987e-10,0.0,0.0,1.2747383394919987e-10,0.0,1.2747383394919982e-10,1.631367558714738e-08,7874.95568817144,,True,90e95efa79c7cf10f5549d54
976,revolve3_1_6,assets/revolve3_1.stl,separate_bearing_parts,0.0007627277500685167,9.31352628334693e-19,9.116630120069628e-19,0.0019646723832599214,0.11997447468980485,9.711434637972456e-05,0.0077146723832517295,4.203917689001855e-08,0.0,0.0,4.2039176890018546e-08,0.0,8.39900202997911e-08,9.703949146599542e-08,7859.972662117585,,True,90e95efa79c7cf10f5549d54
977,cirpattern1_8_6,assets/cirpattern1_8.stl,separate_bearing_parts,0.0001284694723599898,-0.0071285685760886204,-0.008046490542839279,-3.239573485869483e-19,0.12490427691670843,0.009650100790608742,0.0057499999999921355,1.274738339491999e-10,0.0,0.0,1.2747383394919992e-10,0.0,1.2747383394919987e-10,1.631367538754823e-08,7874.955784522164,,True,90e95efa79c7cf10f5549d54
978,cirpattern1_11_6,assets/cirpattern1_11.stl,separate_bearing_parts,0.00012846947235998983,-0.008847076558356728,0.006106696027360029,-3.239573485869483e-19,0.1300520311018755,-0.003645258799304718,0.005749999999991366,1.2747383394919997e-10,0.0,0.0,1.2747383394919997e-10,0.0,1.2747383394920002e-10,1.6313675549085067e-08,7874.9557065449235,,True,90e95efa79c7cf10f5549d54
979,cirpattern2_6,assets/cirpattern2.stl,separate_bearing_parts,6.447682549723187e-05,-1.861447870219261e-15,-1.2630904970899047e-16,0.00220448941067994,0.11997447468980663,9.711434638029408e-05,0.007954489410671754,4.30832463485691e-09,0.0,0.0,4.308324634857926e-09,0.0,8.615135910928939e-09,8.189763014391634e-09,7872.856074580987,,True,90e95efa79c7cf10f5549d54
980,cirpattern1_9_6,assets/cirpattern1_9.stl,separate_bearing_parts,0.00012846947235998983,-0.010051424608868239,-0.0038120025357071645,-3.239573485869483e-19,0.1287790919397484,0.006264870427970471,0.0057499999999918875,1.2747383394919987e-10,0.0,0.0,1.274738339491999e-10,0.0,1.2747383394919987e-10,1.6313675512680223e-08,7874.95572411831,,True,90e95efa79c7cf10f5549d54
981,cirpattern1_3_6,assets/cirpattern1_3.stl,separate_bearing_parts,0.00012846947235998983,0.0106716203965541,0.0012957693127446897,-3.239573485869483e-19,0.10994966297157428,-0.003784335126952424,0.0057499999999917695,1.2747383394919987e-10,0.0,0.0,1.2747383394919987e-10,0.0,1.274738339491998e-10,1.6313675419325952e-08,7874.955769182388,,True,90e95efa79c7cf10f5549d54
982,cirpattern1_6_6,assets/cirpattern1_6.stl,separate_bearing_parts,0.0001284694723599898,0.00257264339109118,-0.010437624537330078,-3.239573485869483e-19,0.11491296782856429,0.0095809768661355,0.005749999999992336,1.2747383394919997e-10,0.0,0.0,1.2747383394919997e-10,0.0,1.2747383394920002e-10,1.631367558714738e-08,7874.95568817144,,True,90e95efa79c7cf10f5549d54
983,cirpattern1_5_6,assets/cirpattern1_5.stl,separate_bearing_parts,0.00012846947235998983,0.00712856857608851,-0.00804649054283938,-3.239573485869483e-19,0.11108536226722661,0.006142458037087218,0.005749999999992242,1.2747383394919992e-10,0.0,0.0,1.2747383394919992e-10,0.0,1.2747383394919995e-10,1.631367538754823e-08,7874.955784522166,,True,90e95efa79c7cf10f5549d54
984,revolve1_2_6,assets/revolve1_2.stl,separate_bearing_parts,0.0017875603307419146,3.7254812207917504e-19,-2.3248196583897076e-18,-5.732587536556652e-18,0.11997447468980481,9.711434637982602e-05,0.005749999999991753,7.518736928316261e-08,0.0,0.0,7.518736928316266e-08,0.0,1.4297889999819628e-07,2.2752139446240923e-07,7856.669193530514,,True,90e95efa79c7cf10f5549d54
985,revolve2_6,assets/revolve2.stl,separate_bearing_parts,0.00012846947235998983,0.0,0.010749999999999997,-3.239573485869483e-19,0.12261926650164506,-0.010322462241564303,0.005749999999991184,1.2747383394919992e-10,0.0,0.0,1.2747383394919992e-10,0.0,1.2747383394919992e-10,1.6313675712392897e-08,7874.955627712786,,True,90e95efa79c7cf10f5549d54
986,cirpattern1_12_6,assets/cirpattern1_12.stl,separate_bearing_parts,0.00012846947235998983,-0.00499577409947039,0.009518652275772069,-3.239573485869483e-19,0.12715854021949918,-0.007899866487976855,0.005749999999991213,1.2747383394919992e-10,0.0,0.0,1.2747383394919992e-10,0.0,1.2747383394919992e-10,1.6313675368739867e-08,7874.955793601361,,True,90e95efa79c7cf10f5549d54
987,cirpattern1_1_6,assets/cirpattern1_1.stl,separate_bearing_parts,0.00012846947235998983,0.00499577409947052,0.009518652275771998,-3.239573485869483e-19,0.11747410285289477,-0.010358058568364067,0.005749999999991287,1.2747383394920002e-10,0.0,0.0,1.2747383394920002e-10,0.0,1.2747383394920013e-10,1.6313675368739867e-08,7874.955793601361,,True,90e95efa79c7cf10f5549d54
988,cirpattern1_2_6,assets/cirpattern1_2.stl,separate_bearing_parts,0.00012846947235998983,0.00884707655835682,0.00610669602735991,-3.239573485869483e-19,0.1129017442592334,-0.00799850077888847,0.005749999999991499,1.2747383394919997e-10,0.0,0.0,1.2747383394919997e-10,0.0,1.274738339492e-10,1.6313675549085063e-08,7874.955706544925,,True,90e95efa79c7cf10f5549d54
989,cirpattern1_4_6,assets/cirpattern1_4.stl,separate_bearing_parts,0.0001284694723599898,0.0100514246088682,-0.0038120025357073,-3.239573485869483e-19,0.109294145236484,0.0013190238227870892,0.005749999999992038,1.2747383394919987e-10,0.0,0.0,1.2747383394919987e-10,0.0,1.2747383394919982e-10,1.6313675512680226e-08,7874.955724118307,,True,90e95efa79c7cf10f5549d54
990,revolve3_2_6,assets/revolve3_2.stl,separate_bearing_parts,0.000762727750068509,7.536556395297857e-19,9.116630120069715e-19,-0.0019646723832599236,0.11997447468980477,9.711434637992095e-05,0.0037853276167317865,4.203917689001809e-08,0.0,0.0,4.2039176890018076e-08,0.0,8.39900202997902e-08,9.703949146599543e-08,7859.972662117504,,True,90e95efa79c7cf10f5549d54
991,mirror1_6,assets/mirror1.stl,separate_bearing_parts,6.447682549775924e-05,9.81138511381865e-17,2.629052823473247e-16,-0.002204489410681317,0.11997447468980474,9.711434637965505e-05,0.0035455105893103874,4.3083246348836545e-09,0.0,0.0,4.308324634883543e-09,0.0,8.61513591098127e-09,8.18976494689939e-09,7872.854216917409,,True,90e95efa79c7cf10f5549d54
992,cirpattern1_10_6,assets/cirpattern1_10.stl,separate_bearing_parts,0.00012846947235998983,-0.01067162039655406,0.00129576931274484,-3.239573485869483e-19,0.1306368752579667,0.001466681476558237,0.005749999999991609,1.2747383394919995e-10,0.0,0.0,1.2747383394919997e-10,0.0,1.2747383394919997e-10,1.631367541932595e-08,7874.95576918239,,True,90e95efa79c7cf10f5549d54
993,pem_m4_self_clinching_nut__300_ss_37,assets/pem_m4_self_clinching_nut__300_ss.stl,catalog_fasteners_and_hardware,0.0008355363884781723,0.0019670757575096427,-1.6173730124900373e-07,5.2308822207170976e-08,-0.16628453848069288,0.24100398689330005,0.03302917203854307,6.9682596864700805e-09,-1.9802899489392358e-13,-5.965832925689283e-14,4.099050647002325e-09,7.713958387517938e-14,4.0983762805777485e-09,1.0630266930926216e-07,7859.975614040126,,True,158ec13e4f19f56723423f84
994,pem_m4_self_clinching_nut__300_ss_38,assets/pem_m4_self_clinching_nut__300_ss.stl,catalog_fasteners_and_hardware,0.0008355363884781723,0.0019670757575096427,-1.6173730124900373e-07,5.2308822207170976e-08,-0.14050111187795855,0.26554273101183884,0.05195177623845072,6.9682596864700805e-09,-1.9802899489392358e-13,-5.965832925689283e-14,4.099050647002325e-09,7.713958387517938e-14,4.0983762805777485e-09,1.0630266930926216e-07,7859.975614040126,,True,158ec13e4f19f56723423f84
995,pem_m4_self_clinching_nut__300_ss_39,assets/pem_m4_self_clinching_nut__300_ss.stl,catalog_fasteners_and_hardware,0.0008355363884781723,0.0019670757575096427,-1.6173730124900373e-07,5.2308822207170976e-08,-0.1610412174163969,0.23720364026301874,0.0519517762384525,6.9682596864700805e-09,-1.9802899489392358e-13,-5.965832925689283e-14,4.099050647002325e-09,7.713958387517938e-14,4.0983762805777485e-09,1.0630266930926216e-07,7859.975614040126,,True,158ec13e4f19f56723423f84
996,1_1_31_eb463_510_fl46blw10_48v_5n_m_de_2__fl46blw10_48v_5n_m_de__êäèë1_7,assets/1_1_31_eb463_510_fl46blw10_48v_5n_m_de_2__fl46blw10_48v_5n_m_de__êäèë1.stl,vendor_motor_parts,0.003575505293965178,-2.7315060254748863e-17,7.873576435762016e-16,0.0012771643572305625,-0.18966841160842557,0.2508177149591934,0.05204894716793091,7.574652128083713e-07,0.0,0.0,7.57465212808378e-07,0.0,1.5114087091854951e-06,1.3331368436788824e-06,2682.0242129820117,,True,b7094f2f67d456e424842e30
997,1_2_05_000608_fl46blw10_48v_5n_m_de_2__fl46blw10_48v_5n_m_de__êäèë1_25,assets/1_2_05_000608_fl46blw10_48v_5n_m_de_2__fl46blw10_48v_5n_m_de__êäèë1.stl,vendor_motor_parts,0.0001251760225275824,-0.0017244299369855568,4.301994363033133e-07,5.908153300215281e-07,-0.17813938876560514,0.28986222755044,0.0670715787241541,1.4701007066345354e-10,-3.327071645877055e-13,-4.3546180126616626e-13,1.29287724369605e-09,1.2146236496910186e-14,1.2928563051173674e-09,4.669869596117045e-08,2680.5035976093454,,True,b7094f2f67d456e424842e30
998,1_2_05_000555_fl46blw10_48v_5n_m_de_2__fl46blw10_48v_5n_m_de__êäèë1_49,assets/1_2_05_000555_fl46blw10_48v_5n_m_de_2__fl46blw10_48v_5n_m_de__êäèë1.stl,vendor_motor_parts,5.05564929384142e-05,-0.0005885177475925705,5.704958175487715e-07,1.304831538170157e-07,-0.20278184885935793,0.26200029026663535,0.040413844085804125,4.248449341343423e-11,-1.044328441854737e-13,-2.989204937804672e-14,1.9784970084350223e-10,-7.395239804311774e-15,1.9784623482054316e-10,1.884688014215633e-08,2682.4860431584343,,True,b7094f2f67d456e424842e30
999,1_2_05_000555_fl46blw10_48v_5n_m_de_2__fl46blw10_48v_5n_m_de__êäèë1_50,assets/1_2_05_000555_fl46blw10_48v_5n_m_de_2__fl46blw10_48v_5n_m_de__êäèë1.stl,vendor_motor_parts,5.05564929384142e-05,-0.0005885177475925705,5.704958175487715e-07,1.304831538170157e-07,-0.17237315779919427,0.2399601433474029,0.04812782677425706,4.248449341343423e-11,-1.044328441854737e-13,-2.989204937804672e-14,1.9784970084350223e-10,-7.395239804311774e-15,1.9784623482054316e-10,1.884688014215633e-08,2682.4860431584343,,True,b7094f2f67d456e424842e30
1000,1_2_05_000608_fl46blw10_48v_5n_m_de_2__fl46blw10_48v_5n_m_de__êäèë1_26,assets/1_2_05_000608_fl46blw10_48v_5n_m_de_2__fl46blw10_48v_5n_m_de__êäèë1.stl,vendor_motor_parts,0.0001251760225275824,-0.0017244299369855568,4.301994363033133e-07,5.908153300215281e-07,-0.15498118143545156,0.27307721398531115,0.06562770101744668,1.4701007066345354e-10,-3.327071645877055e-13,-4.3546180126616626e-13,1.29287724369605e-09,1.2146236496910186e-14,1.2928563051173674e-09,4.669869596117045e-08,2680.5035976093454,,True,b7094f2f67d456e424842e30
1001,1_2_05_000438_fl46blw10_48v_5n_m_de_2__fl46blw10_48v_5n_m_de__êäèë1_49,assets/1_2_05_000438_fl46blw10_48v_5n_m_de_2__fl46blw10_48v_5n_m_de__êäèë1.stl,vendor_motor_parts,3.7452900945165836e-05,-0.00048691546990284665,7.741652882946419e-07,1.9852930949355682e-08,-0.18125359154949228,0.25555882563010396,0.07299322501417435,3.721241491408982e-11,-6.775570722596493e-14,-1.2732964723639204e-14,7.409641321462231e-11,-2.525162931499824e-15,7.409912479287198e-11,1.3966815926753484e-08,2681.5632955700858,,True,b7094f2f67d456e424842e30
1002,1_2_05_000438_fl46blw10_48v_5n_m_de_2__fl46blw10_48v_5n_m_de__êäèë1_50,assets/1_2_05_000438_fl46blw10_48v_5n_m_de_2__fl46blw10_48v_5n_m_de__êäèë1.stl,vendor_motor_parts,3.7452900945165836e-05,-0.00048691546990284665,7.741652882946419e-07,1.9852930949355682e-08,-0.1702182000780965,0.24756040015168893,0.06400843182192348,3.721241491408982e-11,-6.775570722596493e-14,-1.2732964723639204e-14,7.409641321462231e-11,-2.525162931499824e-15,7.409912479287198e-11,1.3966815926753484e-08,2681.5632955700858,,True,b7094f2f67d456e424842e30
1003,1_2_05_000438_fl46blw10_48v_5n_m_de_2__fl46blw10_48v_5n_m_de__êäèë1_51,assets/1_2_05_000438_fl46blw10_48v_5n_m_de_2__fl46blw10_48v_5n_m_de__êäèë1.stl,vendor_motor_parts,3.7452900945165836e-05,-0.00048691546990284665,7.741652882946419e-07,1.9852930949355682e-08,-0.20147579206867552,0.2702158284452236,0.05607995961750618,3.721241491408982e-11,-6.775570722596493e-14,-1.2732964723639204e-14,7.409641321462231e-11,-2.525162931499824e-15,7.409912479287198e-11,1.3966815926753484e-08,2681.5632955700858,,True,b7094f2f67d456e424842e30
1004,1_2_05_000608_fl46blw10_48v_5n_m_de_2__fl46blw10_48v_5n_m_de__êäèë1_27,assets/1_2_05_000608_fl46blw10_48v_5n_m_de_2__fl46blw10_48v_5n_m_de__êäèë1.stl,vendor_motor_parts,0.0001251760225275824,-0.0017244299369855568,4.301994363033133e-07,5.908153300215281e-07,-0.17930847966162433,0.29070958184987705,0.03847019331840948,1.4701007066345354e-10,-3.327071645877055e-13,-4.3546180126616626e-13,1.29287724369605e-09,1.2146236496910186e-14,1.2928563051173674e-09,4.669869596117045e-08,2680.5035976093454,,True,b7094f2f67d456e424842e30
1005,1_1_06_eb463_507_fl46blw10_48v_5n_m_de_2__fl46blw10_48v_5n_m_de__çð³ý_à_éì1_7,assets/1_1_06_eb463_507_fl46blw10_48v_5n_m_de_2__fl46blw10_48v_5n_m_de__çð³ý_à_éì1.stl,vendor_motor_parts,0.021834137619844866,0.0004012204503875667,8.736567573188433e-09,0.00476273533540386,-0.17522049083128735,0.27062227408090517,0.052442941239284876,7.3622577264053095e-06,5.003486689893402e-14,9.296968633897761e-08,7.177823787656781e-06,-1.8635080240921887e-12,1.0303171059560452e-05,8.136051779312388e-06,2683.628154304859,,True,b7094f2f67d456e424842e30
1006,1_2_05_000555_fl46blw10_48v_5n_m_de_2__fl46blw10_48v_5n_m_de__êäèë1_51,assets/1_2_05_000555_fl46blw10_48v_5n_m_de_2__fl46blw10_48v_5n_m_de__êäèë1.stl,vendor_motor_parts,5.05564929384142e-05,-0.0005885177475925705,5.704958175487715e-07,1.304831538170157e-07,-0.1982918829617055,0.25874597366843954,0.0692293518904891,4.248449341343423e-11,-1.044328441854737e-13,-2.989204937804672e-14,1.9784970084350223e-10,-7.395239804311774e-15,1.9784623482054316e-10,1.884688014215633e-08,2682.4860431584343,,True,b7094f2f67d456e424842e30
1007,1_2_05_000438_fl46blw10_48v_5n_m_de_2__fl46blw10_48v_5n_m_de__êäèë1_52,assets/1_2_05_000438_fl46blw10_48v_5n_m_de_2__fl46blw10_48v_5n_m_de__êäèë1.stl,vendor_motor_parts,3.7452900945165836e-05,-0.00048691546990284665,7.741652882946419e-07,1.9852930949355682e-08,-0.1942009100791152,0.2649430112906572,0.06970914429820897,3.721241491408982e-11,-6.775570722596493e-14,-1.2732964723639204e-14,7.409641321462231e-11,-2.525162931499824e-15,7.409912479287198e-11,1.3966815926753484e-08,2681.5632955700858,,True,b7094f2f67d456e424842e30
1008,1_2_05_000608_fl46blw10_48v_5n_m_de_2__fl46blw10_48v_5n_m_de__êäèë1_28,assets/1_2_05_000608_fl46blw10_48v_5n_m_de_2__fl46blw10_48v_5n_m_de__êäèë1.stl,vendor_motor_parts,0.0001251760225275824,-0.0017244299369855568,4.301994363033133e-07,5.908153300215281e-07,-0.15615027233147047,0.2739245682847476,0.03702631561170205,1.4701007066345354e-10,-3.327071645877055e-13,-4.3546180126616626e-13,1.29287724369605e-09,1.2146236496910186e-14,1.2928563051173674e-09,4.669869596117045e-08,2680.5035976093454,,True,b7094f2f67d456e424842e30
1009,1_2_05_000555_fl46blw10_48v_5n_m_de_2__fl46blw10_48v_5n_m_de__êäèë1_52,assets/1_2_05_000555_fl46blw10_48v_5n_m_de_2__fl46blw10_48v_5n_m_de__êäèë1.stl,vendor_motor_parts,5.05564929384142e-05,-0.0005885177475925705,5.704958175487715e-07,1.304831538170157e-07,-0.19204596137762578,0.2542189445672227,0.031673306195903514,4.248449341343423e-11,-1.044328441854737e-13,-2.989204937804672e-14,1.9784970084350223e-10,-7.395239804311774e-15,1.9784623482054316e-10,1.884688014215633e-08,2682.4860431584343,,True,b7094f2f67d456e424842e30
1010,1_2_05_000438_fl46blw10_48v_5n_m_de_2__fl46blw10_48v_5n_m_de__êäèë1_53,assets/1_2_05_000438_fl46blw10_48v_5n_m_de_2__fl46blw10_48v_5n_m_de__êäèë1.stl,vendor_motor_parts,3.7452900945165836e-05,-0.00048691546990284665,7.741652882946419e-07,1.9852930949355682e-08,-0.1988167103133573,0.26828853231657485,0.04008946251393714,3.721241491408982e-11,-6.775570722596493e-14,-1.2732964723639204e-14,7.409641321462231e-11,-2.525162931499824e-15,7.409912479287198e-11,1.3966815926753484e-08,2681.5632955700858,,True,b7094f2f67d456e424842e30
1011,1_2_05_000555_fl46blw10_48v_5n_m_de_2__fl46blw10_48v_5n_m_de__êäèë1_53,assets/1_2_05_000555_fl46blw10_48v_5n_m_de_2__fl46blw10_48v_5n_m_de__êäèë1.stl,vendor_motor_parts,5.05564929384142e-05,-0.0005885177475925705,5.704958175487715e-07,1.304831538170157e-07,-0.20536899428900351,0.2638754471176179,0.05597006756160507,4.248449341343423e-11,-1.044328441854737e-13,-2.989204937804672e-14,1.9784970084350223e-10,-7.395239804311774e-15,1.9784623482054316e-10,1.884688014215633e-08,2682.4860431584343,,True,b7094f2f67d456e424842e30
1012,1_2_05_000438_fl46blw10_48v_5n_m_de_2__fl46blw10_48v_5n_m_de__êäèë1_54,assets/1_2_05_000438_fl46blw10_48v_5n_m_de_2__fl46blw10_48v_5n_m_de__êäèë1.stl,vendor_motor_parts,3.7452900945165836e-05,-0.00048691546990284665,7.741652882946419e-07,1.9852930949355682e-08,-0.18778131884196148,0.26029010683816023,0.031104669321686665,3.721241491408982e-11,-6.775570722596493e-14,-1.2732964723639204e-14,7.409641321462231e-11,-2.525162931499824e-15,7.409912479287198e-11,1.3966815926753484e-08,2681.5632955700858,,True,b7094f2f67d456e424842e30
1013,1_1_06_eb463_509_fl46blw10_48v_5n_m_de_2__fl46blw10_48v_5n_m_de__êäèë1_7,assets/1_1_06_eb463_509_fl46blw10_48v_5n_m_de_2__fl46blw10_48v_5n_m_de__êäèë1.stl,vendor_motor_parts,0.006371665639530841,0.00013994576758433452,9.862013103342203e-06,0.0011128094560400818,-0.16512791865638193,0.2844881003218989,0.05213558784670806,1.0044230303899307e-06,2.6524788467401333e-08,1.2797173443951157e-10,1.0140751643727678e-06,-1.0029343708491859e-10,2.0034086306679993e-06,2.375886612947444e-06,2681.8054383607005,,True,b7094f2f67d456e424842e30
1014,1_2_05_000438_fl46blw10_48v_5n_m_de_2__fl46blw10_48v_5n_m_de__êäèë1_55,assets/1_2_05_000438_fl46blw10_48v_5n_m_de_2__fl46blw10_48v_5n_m_de__êäèë1.stl,vendor_motor_parts,3.7452900945165836e-05,-0.00048691546990284665,7.741652882946419e-07,1.9852930949355682e-08,-0.17483400031233873,0.2509059211776068,0.034388750037652106,3.721241491408982e-11,-6.775570722596493e-14,-1.2732964723639204e-14,7.409641321462231e-11,-2.525162931499824e-15,7.409912479287198e-11,1.3966815926753484e-08,2681.5632955700858,,True,b7094f2f67d456e424842e30
1015,1_2_05_000555_fl46blw10_48v_5n_m_de_2__fl46blw10_48v_5n_m_de__êäèë1_54,assets/1_2_05_000555_fl46blw10_48v_5n_m_de_2__fl46blw10_48v_5n_m_de__êäèë1.stl,vendor_motor_parts,5.05564929384142e-05,-0.0005885177475925705,5.704958175487715e-07,1.304831538170157e-07,-0.17945026912649265,0.24508961679658123,0.034868542445373144,4.248449341343423e-11,-1.044328441854737e-13,-2.989204937804672e-14,1.9784970084350223e-10,-7.395239804311774e-15,1.9784623482054316e-10,1.884688014215633e-08,2682.4860431584343,,True,b7094f2f67d456e424842e30
1016,1_1_02_eb461_502_fl46blw10_48v_5n_m_de_2__fl46blw10_48v_5n_m_de__êäèë1_7,assets/1_1_02_eb461_502_fl46blw10_48v_5n_m_de_2__fl46blw10_48v_5n_m_de__êäèë1.stl,vendor_motor_parts,0.010039340782280859,-3.586426461437877e-16,8.806751077780196e-18,0.006147535551138196,-0.1866580368355637,0.2549711154232967,0.0520489471679304,2.210326047415242e-06,3.16440961795669e-09,0.0,2.1950472758632107e-06,0.0,4.27861811833164e-06,3.74193226570368e-06,2682.9295854164625,,True,b7094f2f67d456e424842e30
1017,1_2_05_000438_fl46blw10_48v_5n_m_de_2__fl46blw10_48v_5n_m_de__êäèë1_56,assets/1_2_05_000438_fl46blw10_48v_5n_m_de_2__fl46blw10_48v_5n_m_de__êäèë1.stl,vendor_motor_parts,3.7452900945165836e-05,-0.00048691546990284665,7.741652882946419e-07,1.9852930949355682e-08,-0.1675591183227783,0.24563310402304034,0.048017934718354825,3.721241491408982e-11,-6.775570722596493e-14,-1.2732964723639204e-14,7.409641321462231e-11,-2.525162931499824e-15,7.409912479287198e-11,1.3966815926753484e-08,2681.5632955700858,,True,b7094f2f67d456e424842e30
1018,1_2_05_000555_fl46blw10_48v_5n_m_de_2__fl46blw10_48v_5n_m_de__êäèë1_55,assets/1_2_05_000555_fl46blw10_48v_5n_m_de_2__fl46blw10_48v_5n_m_de__êäèë1.stl,vendor_motor_parts,5.05564929384142e-05,-0.0005885177475925705,5.704958175487715e-07,1.304831538170157e-07,-0.17496030322884024,0.24183530019838528,0.06368405025005795,4.248449341343423e-11,-1.044328441854737e-13,-2.989204937804672e-14,1.9784970084350223e-10,-7.395239804311774e-15,1.9784623482054316e-10,1.884688014215633e-08,2682.4860431584343,,True,b7094f2f67d456e424842e30
1019,1_2_05_000555_fl46blw10_48v_5n_m_de_2__fl46blw10_48v_5n_m_de__êäèë1_56,assets/1_2_05_000555_fl46blw10_48v_5n_m_de_2__fl46blw10_48v_5n_m_de__êäèë1.stl,vendor_motor_parts,5.05564929384142e-05,-0.0005885177475925705,5.704958175487715e-07,1.304831538170157e-07,-0.1856961907105722,0.24961664589779828,0.0724245881399586,4.248449341343423e-11,-1.044328441854737e-13,-2.989204937804672e-14,1.9784970084350223e-10,-7.395239804311774e-15,1.9784623482054316e-10,1.884688014215633e-08,2682.4860431584343,,True,b7094f2f67d456e424842e30
1020,1_2_16_001425_fl46blw10_48v_5n_m_de_2__fl46blw10_48v_5n_m_de__çð³ý_à_éì2_7,assets/1_2_16_001425_fl46blw10_48v_5n_m_de_2__fl46blw10_48v_5n_m_de__çð³ý_à_éì2.stl,vendor_motor_parts,0.005650791388921487,0.019710827212435496,0.029193947313439654,-0.001370346572845048,-0.16790183330729777,0.28198140693381674,0.04894762592349221,5.861088062380172e-07,1.1851487070701593e-07,-3.477754440213315e-08,5.863219974088678e-07,3.342008144736537e-08,1.1460091017245543e-06,2.10683307039721e-06,2682.125825875763,,True,b7094f2f67d456e424842e30
1021,revolve1_1_7,assets/revolve1_1.stl,separate_bearing_parts,0.0025808941287641892,3.4221896053592956e-18,4.50855964342779e-18,-9.041649675540525e-19,-0.16280361768991006,0.2878829496718551,0.05204894716792967,2.0906988509379785e-07,0.0,0.0,2.0906988509379798e-07,0.0,4.0702141010220996e-07,3.2848585175766894e-07,7856.941524130452,,True,90e95efa79c7cf10f5549d54
1022,cirpattern1_7_7,assets/cirpattern1_7.stl,separate_bearing_parts,0.0001284694723599898,-0.0025726433910913246,-0.01043762453733004,-3.239573485869483e-19,-0.15429803216309587,0.28171812152209347,0.054332017190938706,1.2747383394919987e-10,0.0,0.0,1.2747383394919987e-10,0.0,1.2747383394919982e-10,1.631367558714738e-08,7874.95568817144,,True,90e95efa79c7cf10f5549d54
1023,revolve3_1_7,assets/revolve3_1.stl,separate_bearing_parts,0.0007627277500685167,9.31352628334693e-19,9.116630120069628e-19,0.0019646723832599214,-0.16395660563564188,0.2862921774158293,0.052048947167929766,4.203917689001855e-08,0.0,0.0,4.2039176890018546e-08,0.0,8.39900202997911e-08,9.703949146599542e-08,7859.972662117585,,True,90e95efa79c7cf10f5549d54
1024,cirpattern1_8_7,assets/cirpattern1_8.stl,separate_bearing_parts,0.0001284694723599898,-0.0071285685760886204,-0.008046490542839279,-3.239573485869483e-19,-0.1544132200483485,0.28180160942722055,0.049188697485564425,1.274738339491999e-10,0.0,0.0,1.2747383394919992e-10,0.0,1.2747383394919987e-10,1.631367538754823e-08,7874.955784522164,,True,90e95efa79c7cf10f5549d54
1025,cirpattern1_11_7,assets/cirpattern1_11.stl,separate_bearing_parts,0.00012846947235998983,-0.008847076558356728,0.006106696027360029,-3.239573485869483e-19,-0.16409129213873788,0.2888162530481869,0.04141723332106716,1.2747383394919997e-10,0.0,0.0,1.2747383394919997e-10,0.0,1.2747383394920002e-10,1.6313675549085067e-08,7874.9557065449235,,True,90e95efa79c7cf10f5549d54
1026,cirpattern2_7,assets/cirpattern2.stl,separate_bearing_parts,6.447682549723187e-05,-1.861447870219261e-15,-1.2630904970899047e-16,0.00220448941067994,-0.16409734469430173,0.2860980003728811,0.05204894716792816,4.30832463485691e-09,0.0,0.0,4.308324634857926e-09,0.0,8.615135910928939e-09,8.189763014391634e-09,7872.856074580987,,True,90e95efa79c7cf10f5549d54
1027,cirpattern1_9_7,assets/cirpattern1_9.stl,separate_bearing_parts,0.00012846947235998983,-0.010051424608868239,-0.0038120025357071645,-3.239573485869483e-19,-0.15645054691802995,0.28327825909429866,0.04470062651267468,1.2747383394919987e-10,0.0,0.0,1.274738339491999e-10,0.0,1.2747383394919987e-10,1.6313675512680223e-08,7874.95572411831,,True,90e95efa79c7cf10f5549d54
1028,cirpattern1_3_7,assets/cirpattern1_3.stl,separate_bearing_parts,0.00012846947235998983,0.0106716203965541,0.0012957693127446897,-3.239573485869483e-19,-0.16754818763101545,0.29132180267488916,0.06106148543955354,1.2747383394919987e-10,0.0,0.0,1.2747383394919987e-10,0.0,1.274738339491998e-10,1.6313675419325952e-08,7874.955769182388,,True,90e95efa79c7cf10f5549d54
1029,cirpattern1_6_7,assets/cirpattern1_6.stl,separate_bearing_parts,0.0001284694723599898,0.00257264339109118,-0.010437624537330078,-3.239573485869483e-19,-0.1561313714186189,0.28304692145184374,0.05895231306801804,1.2747383394919997e-10,0.0,0.0,1.2747383394919997e-10,0.0,1.2747383394920002e-10,1.631367558714738e-08,7874.95568817144,,True,90e95efa79c7cf10f5549d54
1030,cirpattern1_5_7,assets/cirpattern1_5.stl,separate_bearing_parts,0.00012846947235998983,0.00712856857608851,-0.00804649054283938,-3.239573485869483e-19,-0.15949324188561043,0.2854835971663407,0.06199113101196491,1.2747383394919992e-10,0.0,0.0,1.2747383394919992e-10,0.0,1.2747383394919995e-10,1.631367538754823e-08,7874.955784522166,,True,90e95efa79c7cf10f5549d54
1031,revolve1_2_7,assets/revolve1_2.stl,separate_bearing_parts,0.0017875603307419146,3.7254812207917504e-19,-2.3248196583897076e-18,-5.732587536556652e-18,-0.16280361768991006,0.2878829496718551,0.05204894716792967,7.518736928316261e-08,0.0,0.0,7.518736928316266e-08,0.0,1.4297889999819628e-07,2.2752139446240923e-07,7856.669193530514,,True,90e95efa79c7cf10f5549d54
1032,revolve2_7,assets/revolve2.stl,separate_bearing_parts,0.00012846947235998983,0.0,0.010749999999999997,-3.239573485869483e-19,-0.17061965338108123,0.29354799374161006,0.047318264155712414,1.2747383394919992e-10,0.0,0.0,1.2747383394919992e-10,0.0,1.2747383394919992e-10,1.6313675712392897e-08,7874.955627712786,,True,90e95efa79c7cf10f5549d54
1033,cirpattern1_12_7,assets/cirpattern1_12.stl,separate_bearing_parts,0.00012846947235998983,-0.00499577409947039,0.009518652275772069,-3.239573485869483e-19,-0.16794430784066214,0.2916089096602233,0.04337409691336923,1.2747383394919992e-10,0.0,0.0,1.2747383394919992e-10,0.0,1.2747383394919992e-10,1.6313675368739867e-08,7874.955793601361,,True,90e95efa79c7cf10f5549d54
1034,cirpattern1_1_7,assets/cirpattern1_1.stl,separate_bearing_parts,0.00012846947235998983,0.00499577409947052,0.009518652275771998,-3.239573485869483e-19,-0.17150443933809423,0.29418928449779796,0.05234617386524411,1.2747383394920002e-10,0.0,0.0,1.2747383394920002e-10,0.0,1.2747383394920013e-10,1.6313675368739867e-08,7874.955793601361,,True,90e95efa79c7cf10f5549d54
1035,cirpattern1_2_7,assets/cirpattern1_2.stl,separate_bearing_parts,0.00012846947235998983,0.00884707655835682,0.00610669602735991,-3.239573485869483e-19,-0.170395971911776,0.29338586994493576,0.05730599252039107,1.2747383394919997e-10,0.0,0.0,1.2747383394919997e-10,0.0,1.274738339492e-10,1.6313675549085063e-08,7874.955706544925,,True,90e95efa79c7cf10f5549d54
1036,cirpattern1_4_7,assets/cirpattern1_4.stl,separate_bearing_parts,0.0001284694723599898,0.0100514246088682,-0.0038120025357073,-3.239573485869483e-19,-0.16361347955501382,0.2884699356245188,0.06275231445354729,1.2747383394919987e-10,0.0,0.0,1.2747383394919987e-10,0.0,1.2747383394919982e-10,1.6313675512680226e-08,7874.955724118307,,True,90e95efa79c7cf10f5549d54
1037,revolve3_2_7,assets/revolve3_2.stl,separate_bearing_parts,0.000762727750068509,7.536556395297857e-19,9.116630120069715e-19,-0.0019646723832599236,-0.16165062974417824,0.28947372192788096,0.05204894716792957,4.203917689001809e-08,0.0,0.0,4.2039176890018076e-08,0.0,8.39900202997902e-08,9.703949146599543e-08,7859.972662117504,,True,90e95efa79c7cf10f5549d54
1038,mirror1_7,assets/mirror1.stl,separate_bearing_parts,6.447682549775924e-05,9.81138511381865e-17,2.629052823473247e-16,-0.002204489410681317,-0.16150989068551702,0.2896678989708299,0.05204894716792953,4.3083246348836545e-09,0.0,0.0,4.308324634883543e-09,0.0,8.61513591098127e-09,8.18976494689939e-09,7872.854216917409,,True,90e95efa79c7cf10f5549d54
1039,cirpattern1_10_7,assets/cirpattern1_10.stl,separate_bearing_parts,0.00012846947235998983,-0.01067162039655406,0.00129576931274484,-3.239573485869483e-19,-0.15994328573874653,0.2858097878801579,0.04189596724503996,1.2747383394919995e-10,0.0,0.0,1.2747383394919997e-10,0.0,1.2747383394919997e-10,1.631367541932595e-08,7874.95576918239,,True,90e95efa79c7cf10f5549d54
1040,pem_bsos_m3_6____c8b4713a2b299da432156142d6d3e6d8_9,assets/pem_bsos_m3_6____c8b4713a2b299da432156142d6d3e6d8.stl,catalog_fasteners_and_hardware,0.0004708484897520461,1.2857871311771532e-18,-7.140615387249737e-20,-0.002704641119787707,-0.1486316248145025,0.23605192085128832,0.0048546411197785445,2.2347559044838597e-09,0.0,0.0,2.2347559044838597e-09,0.0,1.3514971868074787e-09,6.076658976780734e-08,7748.476449825232,,True,2822c454ce56982d40f39cf0
1041,1_1_31_eb463_510_fl46blw10_48v_5n_m_de_2__fl46blw10_48v_5n_m_de__êäèë1_8,assets/1_1_31_eb463_510_fl46blw10_48v_5n_m_de_2__fl46blw10_48v_5n_m_de__êäèë1.stl,vendor_motor_parts,0.003575505293965178,-2.7315060254748863e-17,7.873576435762016e-16,0.0012771643572305625,-0.13336069271663478,0.21000601429748136,0.02824999999999096,7.574652128083713e-07,0.0,0.0,7.57465212808378e-07,0.0,1.5114087091854951e-06,1.3331368436788824e-06,2682.0242129820117,,True,b7094f2f67d456e424842e30
1042,1_2_05_000608_fl46blw10_48v_5n_m_de_2__fl46blw10_48v_5n_m_de__êäèë1_29,assets/1_2_05_000608_fl46blw10_48v_5n_m_de_2__fl46blw10_48v_5n_m_de__êäèë1.stl,vendor_motor_parts,0.0001251760225275824,-0.0017244299369855568,4.301994363033133e-07,5.908153300215281e-07,-0.11878561924212529,0.2468427566393242,0.010538607143241258,1.4701007066345354e-10,-3.327071645877055e-13,-4.3546180126616626e-13,1.29287724369605e-09,1.2146236496910186e-14,1.2928563051173674e-09,4.669869596117045e-08,2680.5035976093454,,True,b7094f2f67d456e424842e30
1043,1_2_05_000555_fl46blw10_48v_5n_m_de_2__fl46blw10_48v_5n_m_de__êäèë1_57,assets/1_2_05_000555_fl46blw10_48v_5n_m_de_2__fl46blw10_48v_5n_m_de__êäèë1.stl,vendor_motor_parts,5.05564929384142e-05,-0.0005885177475925705,5.704958175487715e-07,1.304831538170157e-07,-0.1191459282262746,0.2013811740136097,0.015762388085205165,4.248449341343423e-11,-1.044328441854737e-13,-2.989204937804672e-14,1.9784970084350223e-10,-7.395239804311774e-15,1.9784623482054316e-10,1.884688014215633e-08,2682.4860431584343,,True,b7094f2f67d456e424842e30
1044,1_2_05_000555_fl46blw10_48v_5n_m_de_2__fl46blw10_48v_5n_m_de__êäèë1_58,assets/1_2_05_000555_fl46blw10_48v_5n_m_de_2__fl46blw10_48v_5n_m_de__êäèë1.stl,vendor_motor_parts,5.05564929384142e-05,-0.0005885177475925705,5.704958175487715e-07,1.304831538170157e-07,-0.13490130360034575,0.21280063259290902,0.04879761488495981,4.248449341343423e-11,-1.044328441854737e-13,-2.989204937804672e-14,1.9784970084350223e-10,-7.395239804311774e-15,1.9784623482054316e-10,1.884688014215633e-08,2682.4860431584343,,True,b7094f2f67d456e424842e30
1045,1_2_05_000608_fl46blw10_48v_5n_m_de_2__fl46blw10_48v_5n_m_de__êäèë1_30,assets/1_2_05_000608_fl46blw10_48v_5n_m_de_2__fl46blw10_48v_5n_m_de__êäèë1.stl,vendor_motor_parts,0.0001251760225275824,-0.0017244299369855568,4.301994363033133e-07,5.908153300215281e-07,-0.1251778193554717,0.2514758080704624,0.03806674987224353,1.4701007066345354e-10,-3.327071645877055e-13,-4.3546180126616626e-13,1.29287724369605e-09,1.2146236496910186e-14,1.2928563051173674e-09,4.669869596117045e-08,2680.5035976093454,,True,b7094f2f67d456e424842e30
1046,1_2_05_000438_fl46blw10_48v_5n_m_de_2__fl46blw10_48v_5n_m_de__êäèë1_57,assets/1_2_05_000438_fl46blw10_48v_5n_m_de_2__fl46blw10_48v_5n_m_de__êäèë1.stl,vendor_motor_parts,3.7452900945165836e-05,-0.00048691546990284665,7.741652882946419e-07,1.9852930949355682e-08,-0.1453113257550896,0.2295079569113071,0.0252823905603115,3.721241491408982e-11,-6.775570722596493e-14,-1.2732964723639204e-14,7.409641321462231e-11,-2.525162931499824e-15,7.409912479287198e-11,1.3966815926753484e-08,2681.5632955700858,,True,b7094f2f67d456e424842e30
1047,1_2_05_000438_fl46blw10_48v_5n_m_de_2__fl46blw10_48v_5n_m_de__êäèë1_58,assets/1_2_05_000438_fl46blw10_48v_5n_m_de_2__fl46blw10_48v_5n_m_de__êäèë1.stl,vendor_motor_parts,3.7452900945165836e-05,-0.00048691546990284665,7.741652882946419e-07,1.9852930949355682e-08,-0.14200144968688638,0.22710896661332566,0.041086527668420435,3.721241491408982e-11,-6.775570722596493e-14,-1.2732964723639204e-14,7.409641321462231e-11,-2.525162931499824e-15,7.409912479287198e-11,1.3966815926753484e-08,2681.5632955700858,,True,b7094f2f67d456e424842e30
1048,1_2_05_000438_fl46blw10_48v_5n_m_de_2__fl46blw10_48v_5n_m_de__êäèë1_59,assets/1_2_05_000438_fl46blw10_48v_5n_m_de_2__fl46blw10_48v_5n_m_de__êäèë1.stl,vendor_motor_parts,3.7452900945165836e-05,-0.00048691546990284665,7.741652882946419e-07,1.9852930949355682e-08,-0.12580689764056185,0.21537119382705128,0.007128799037844045,3.721241491408982e-11,-6.775570722596493e-14,-1.2732964723639204e-14,7.409641321462231e-11,-2.525162931499824e-15,7.409912479287198e-11,1.3966815926753484e-08,2681.5632955700858,,True,b7094f2f67d456e424842e30
1049,1_2_05_000608_fl46blw10_48v_5n_m_de_2__fl46blw10_48v_5n_m_de__êäèë1_31,assets/1_2_05_000608_fl46blw10_48v_5n_m_de_2__fl46blw10_48v_5n_m_de__êäèë1.stl,vendor_motor_parts,0.0001251760225275824,-0.0017244299369855568,4.301994363033133e-07,5.908153300215281e-07,-0.09649640395802093,0.2306875864412995,0.01843325012773773,1.4701007066345354e-10,-3.327071645877055e-13,-4.3546180126616626e-13,1.29287724369605e-09,1.2146236496910186e-14,1.2928563051173674e-09,4.669869596117045e-08,2680.5035976093454,,True,b7094f2f67d456e424842e30
1050,1_1_06_eb463_507_fl46blw10_48v_5n_m_de_2__fl46blw10_48v_5n_m_de__çð³ý_à_éì1_8,assets/1_1_06_eb463_507_fl46blw10_48v_5n_m_de_2__fl46blw10_48v_5n_m_de__çð³ý_à_éì1.stl,vendor_motor_parts,0.021834137619844866,0.0004012204503875667,8.736567573188433e-09,0.00476273533540386,-0.11929585199513026,0.23008822893193054,0.028194152254197986,7.3622577264053095e-06,5.003486689893402e-14,9.296968633897761e-08,7.177823787656781e-06,-1.8635080240921887e-12,1.0303171059560452e-05,8.136051779312388e-06,2683.628154304859,,True,b7094f2f67d456e424842e30
1051,1_2_05_000555_fl46blw10_48v_5n_m_de_2__fl46blw10_48v_5n_m_de__êäèë1_59,assets/1_2_05_000555_fl46blw10_48v_5n_m_de_2__fl46blw10_48v_5n_m_de__êäèë1.stl,vendor_motor_parts,5.05564929384142e-05,-0.0005885177475925705,5.704958175487715e-07,1.304831538170157e-07,-0.14267443050342898,0.2184345764751633,0.011678896270038612,4.248449341343423e-11,-1.044328441854737e-13,-2.989204937804672e-14,1.9784970084350223e-10,-7.395239804311774e-15,1.9784623482054316e-10,1.884688014215633e-08,2682.4860431584343,,True,b7094f2f67d456e424842e30
1052,1_2_05_000438_fl46blw10_48v_5n_m_de_2__fl46blw10_48v_5n_m_de__êäèë1_60,assets/1_2_05_000438_fl46blw10_48v_5n_m_de_2__fl46blw10_48v_5n_m_de__êäèë1.stl,vendor_motor_parts,3.7452900945165836e-05,-0.00048691546990284665,7.741652882946419e-07,1.9852930949355682e-08,-0.13860332266094666,0.22464601223117953,0.011216638814140822,3.721241491408982e-11,-6.775570722596493e-14,-1.2732964723639204e-14,7.409641321462231e-11,-2.525162931499824e-15,7.409912479287198e-11,1.3966815926753484e-08,2681.5632955700858,,True,b7094f2f67d456e424842e30
1053,1_2_05_000608_fl46blw10_48v_5n_m_de_2__fl46blw10_48v_5n_m_de__êäèë1_32,assets/1_2_05_000608_fl46blw10_48v_5n_m_de_2__fl46blw10_48v_5n_m_de__êäèë1.stl,vendor_motor_parts,0.0001251760225275824,-0.0017244299369855568,4.301994363033133e-07,5.908153300215281e-07,-0.10288860407136775,0.23532063787243793,0.04596139285673935,1.4701007066345354e-10,-3.327071645877055e-13,-4.3546180126616626e-13,1.29287724369605e-09,1.2146236496910186e-14,1.2928563051173674e-09,4.669869596117045e-08,2680.5035976093454,,True,b7094f2f67d456e424842e30
1054,1_2_05_000555_fl46blw10_48v_5n_m_de_2__fl46blw10_48v_5n_m_de__êäèë1_60,assets/1_2_05_000555_fl46blw10_48v_5n_m_de_2__fl46blw10_48v_5n_m_de__êäèë1.stl,vendor_motor_parts,5.05564929384142e-05,-0.0005885177475925705,5.704958175487715e-07,1.304831538170157e-07,-0.1159261936409693,0.19904751804793014,0.03113746475341586,4.248449341343423e-11,-1.044328441854737e-13,-2.989204937804672e-14,1.9784970084350223e-10,-7.395239804311774e-15,1.9784623482054316e-10,1.884688014215633e-08,2682.4860431584343,,True,b7094f2f67d456e424842e30
1055,1_2_05_000438_fl46blw10_48v_5n_m_de_2__fl46blw10_48v_5n_m_de__êäèë1_61,assets/1_2_05_000438_fl46blw10_48v_5n_m_de_2__fl46blw10_48v_5n_m_de__êäèë1.stl,vendor_motor_parts,3.7452900945165836e-05,-0.00048691546990284665,7.741652882946419e-07,1.9852930949355682e-08,-0.11441802292098725,0.2071165645315141,0.015413472331562433,3.721241491408982e-11,-6.775570722596493e-14,-1.2732964723639204e-14,7.409641321462231e-11,-2.525162931499824e-15,7.409912479287198e-11,1.3966815926753484e-08,2681.5632955700858,,True,b7094f2f67d456e424842e30
1056,1_2_05_000555_fl46blw10_48v_5n_m_de_2__fl46blw10_48v_5n_m_de__êäèë1_61,assets/1_2_05_000555_fl46blw10_48v_5n_m_de_2__fl46blw10_48v_5n_m_de__êäèë1.stl,vendor_motor_parts,5.05564929384142e-05,-0.0005885177475925705,5.704958175487715e-07,1.304831538170157e-07,-0.13022541070427246,0.20941155654868868,0.007702385115023825,4.248449341343423e-11,-1.044328441854737e-13,-2.989204937804672e-14,1.9784970084350223e-10,-7.395239804311774e-15,1.9784623482054316e-10,1.884688014215633e-08,2682.4860431584343,,True,b7094f2f67d456e424842e30
1057,1_2_05_000438_fl46blw10_48v_5n_m_de_2__fl46blw10_48v_5n_m_de__êäèë1_62,assets/1_2_05_000438_fl46blw10_48v_5n_m_de_2__fl46blw10_48v_5n_m_de__êäèë1.stl,vendor_motor_parts,3.7452900945165836e-05,-0.00048691546990284665,7.741652882946419e-07,1.9852930949355682e-08,-0.11110814685278421,0.20471757423353323,0.031217609439671272,3.721241491408982e-11,-6.775570722596493e-14,-1.2732964723639204e-14,7.409641321462231e-11,-2.525162931499824e-15,7.409912479287198e-11,1.3966815926753484e-08,2681.5632955700858,,True,b7094f2f67d456e424842e30
1058,1_1_06_eb463_509_fl46blw10_48v_5n_m_de_2__fl46blw10_48v_5n_m_de__êäèë1_8,assets/1_1_06_eb463_509_fl46blw10_48v_5n_m_de_2__fl46blw10_48v_5n_m_de__êäèë1.stl,vendor_motor_parts,0.006371665639530841,0.00013994576758433452,9.862013103342203e-06,0.0011128094560400818,-0.10900484374118168,0.24381022917503642,0.02832634531148414,1.0044230303899307e-06,2.6524788467401333e-08,1.2797173443951157e-10,1.0140751643727678e-06,-1.0029343708491859e-10,2.0034086306679993e-06,2.375886612947444e-06,2681.8054383607005,,True,b7094f2f67d456e424842e30
1059,1_2_05_000438_fl46blw10_48v_5n_m_de_2__fl46blw10_48v_5n_m_de__êäèë1_63,assets/1_2_05_000438_fl46blw10_48v_5n_m_de_2__fl46blw10_48v_5n_m_de__êäèë1.stl,vendor_motor_parts,3.7452900945165836e-05,-0.00048691546990284665,7.741652882946419e-07,1.9852930949355682e-08,-0.11781614994692688,0.2095795189136603,0.045283361185842495,3.721241491408982e-11,-6.775570722596493e-14,-1.2732964723639204e-14,7.409641321462231e-11,-2.525162931499824e-15,7.409912479287198e-11,1.3966815926753484e-08,2681.5632955700858,,True,b7094f2f67d456e424842e30
1060,1_2_05_000555_fl46blw10_48v_5n_m_de_2__fl46blw10_48v_5n_m_de__êäèë1_62,assets/1_2_05_000555_fl46blw10_48v_5n_m_de_2__fl46blw10_48v_5n_m_de__êäèë1.stl,vendor_motor_parts,5.05564929384142e-05,-0.0005885177475925705,5.704958175487715e-07,1.304831538170157e-07,-0.12245228380118969,0.20377761266643454,0.04482110372994462,4.248449341343423e-11,-1.044328441854737e-13,-2.989204937804672e-14,1.9784970084350223e-10,-7.395239804311774e-15,1.9784623482054316e-10,1.884688014215633e-08,2682.4860431584343,,True,b7094f2f67d456e424842e30
1061,1_1_02_eb461_502_fl46blw10_48v_5n_m_de_2__fl46blw10_48v_5n_m_de__êäèë1_8,assets/1_1_02_eb461_502_fl46blw10_48v_5n_m_de_2__fl46blw10_48v_5n_m_de__êäèë1.stl,vendor_motor_parts,0.010039340782280859,-3.586426461437877e-16,8.806751077780196e-18,0.006147535551138196,-0.1303503179437733,0.2141594147615844,0.028249999999991733,2.210326047415242e-06,3.16440961795669e-09,0.0,2.1950472758632107e-06,0.0,4.27861811833164e-06,3.74193226570368e-06,2682.9295854164625,,True,b7094f2f67d456e424842e30
1062,1_2_05_000438_fl46blw10_48v_5n_m_de_2__fl46blw10_48v_5n_m_de__êäèë1_64,assets/1_2_05_000438_fl46blw10_48v_5n_m_de_2__fl46blw10_48v_5n_m_de__êäèë1.stl,vendor_motor_parts,3.7452900945165836e-05,-0.00048691546990284665,7.741652882946419e-07,1.9852930949355682e-08,-0.13061257496731188,0.21885433731778858,0.04937120096213877,3.721241491408982e-11,-6.775570722596493e-14,-1.2732964723639204e-14,7.409641321462231e-11,-2.525162931499824e-15,7.409912479287198e-11,1.3966815926753484e-08,2681.5632955700858,,True,b7094f2f67d456e424842e30
1063,1_2_05_000555_fl46blw10_48v_5n_m_de_2__fl46blw10_48v_5n_m_de__êäèë1_63,assets/1_2_05_000555_fl46blw10_48v_5n_m_de_2__fl46blw10_48v_5n_m_de__êäèë1.stl,vendor_motor_parts,5.05564929384142e-05,-0.0005885177475925705,5.704958175487715e-07,1.304831538170157e-07,-0.145980786078344,0.2208310151279883,0.04073761191477823,4.248449341343423e-11,-1.044328441854737e-13,-2.989204937804672e-14,1.9784970084350223e-10,-7.395239804311774e-15,1.9784623482054316e-10,1.884688014215633e-08,2682.4860431584343,,True,b7094f2f67d456e424842e30
1064,1_2_05_000555_fl46blw10_48v_5n_m_de_2__fl46blw10_48v_5n_m_de__êäèë1_64,assets/1_2_05_000555_fl46blw10_48v_5n_m_de_2__fl46blw10_48v_5n_m_de__êäèë1.stl,vendor_motor_parts,5.05564929384142e-05,-0.0005885177475925705,5.704958175487715e-07,1.304831538170157e-07,-0.14920052066364936,0.2231646710936677,0.025362535246567532,4.248449341343423e-11,-1.044328441854737e-13,-2.989204937804672e-14,1.9784970084350223e-10,-7.395239804311774e-15,1.9784623482054316e-10,1.884688014215633e-08,2682.4860431584343,,True,b7094f2f67d456e424842e30
1065,1_2_16_001425_fl46blw10_48v_5n_m_de_2__fl46blw10_48v_5n_m_de__çð³ý_à_éì2_8,assets/1_2_16_001425_fl46blw10_48v_5n_m_de_2__fl46blw10_48v_5n_m_de__çð³ý_à_éì2.stl,vendor_motor_parts,0.005650791388921487,0.019710827212435496,0.029193947313439654,-0.001370346572845048,-0.10850594487144533,0.2389314083352425,0.02862538140837679,5.861088062380172e-07,1.1851487070701593e-07,-3.477754440213315e-08,5.863219974088678e-07,3.342008144736537e-08,1.1460091017245543e-06,2.10683307039721e-06,2682.125825875763,,True,b7094f2f67d456e424842e30
1066,revolve1_1_8,assets/revolve1_1.stl,separate_bearing_parts,0.0025808941287641892,3.4221896053592956e-18,4.50855964342779e-18,-9.041649675540525e-19,-0.10649589879811892,0.24707124901014216,0.02824999999999256,2.0906988509379785e-07,0.0,0.0,2.0906988509379798e-07,0.0,4.0702141010220996e-07,3.2848585175766894e-07,7856.941524130452,,True,90e95efa79c7cf10f5549d54
1067,cirpattern1_7_8,assets/cirpattern1_7.stl,separate_bearing_parts,0.0001284694723599898,-0.0025726433910913246,-0.01043762453733004,-3.239573485869483e-19,-0.11099888437199211,0.2503350022386843,0.037449648677234194,1.2747383394919987e-10,0.0,0.0,1.2747383394919987e-10,0.0,1.2747383394919982e-10,1.631367558714738e-08,7874.95568817144,,True,90e95efa79c7cf10f5549d54
1068,revolve3_1_8,assets/revolve3_1.stl,separate_bearing_parts,0.0007627277500685167,9.31352628334693e-19,9.116630120069628e-19,0.0019646723832599214,-0.10764888674385069,0.2454804767541163,0.028249999999992594,4.203917689001855e-08,0.0,0.0,4.2039176890018546e-08,0.0,8.39900202997911e-08,9.703949146599542e-08,7859.972662117585,,True,90e95efa79c7cf10f5549d54
1069,cirpattern1_8_8,assets/cirpattern1_8.stl,separate_bearing_parts,0.0001284694723599898,-0.0071285685760886204,-0.008046490542839279,-3.239573485869483e-19,-0.10702144225427665,0.24745216165657088,0.038980387207893596,1.274738339491999e-10,0.0,0.0,1.2747383394919992e-10,0.0,1.2747383394919987e-10,1.631367538754823e-08,7874.955784522164,,True,90e95efa79c7cf10f5549d54
1070,cirpattern1_11_8,assets/cirpattern1_11.stl,separate_bearing_parts,0.00012846947235998983,-0.008847076558356728,0.006106696027360029,-3.239573485869483e-19,-0.09793432427219836,0.24086584016706167,0.030187741656490463,1.2747383394919997e-10,0.0,0.0,1.2747383394919997e-10,0.0,1.2747383394920002e-10,1.6313675549085067e-08,7874.9557065449235,,True,90e95efa79c7cf10f5549d54
1071,cirpattern2_8,assets/cirpattern2.stl,separate_bearing_parts,6.447682549723187e-05,-1.861447870219261e-15,-1.2630904970899047e-16,0.00220448941067994,-0.10778962580251031,0.24528629971116792,0.028249999999994006,4.30832463485691e-09,0.0,0.0,4.308324634857926e-09,0.0,8.615135910928939e-09,8.189763014391634e-09,7872.856074580987,,True,90e95efa79c7cf10f5549d54
1072,cirpattern1_9_8,assets/cirpattern1_9.stl,separate_bearing_parts,0.00012846947235998983,-0.010051424608868239,-0.0038120025357071645,-3.239573485869483e-19,-0.10292360446424068,0.24448205857765565,0.0380529233444071,1.2747383394919987e-10,0.0,0.0,1.274738339491999e-10,0.0,1.2747383394919987e-10,1.6313675512680223e-08,7874.95572411831,,True,90e95efa79c7cf10f5549d54
1073,cirpattern1_3_8,assets/cirpattern1_3.stl,separate_bearing_parts,0.00012846947235998983,0.0106716203965541,0.0012957693127446897,-3.239573485869483e-19,-0.11186391194248452,0.2509619721633388,0.01978777758344602,1.2747383394919987e-10,0.0,0.0,1.2747383394919987e-10,0.0,1.274738339491998e-10,1.6313675419325952e-08,7874.955769182388,,True,90e95efa79c7cf10f5549d54
1074,cirpattern1_6_8,assets/cirpattern1_6.stl,separate_bearing_parts,0.0001284694723599898,0.00257264339109118,-0.010437624537330078,-3.239573485869483e-19,-0.11394474676159218,0.25247015628862896,0.03381138150240389,1.2747383394919997e-10,0.0,0.0,1.2747383394919997e-10,0.0,1.2747383394920002e-10,1.631367558714738e-08,7874.95568817144,,True,90e95efa79c7cf10f5549d54
1075,cirpattern1_5_8,assets/cirpattern1_5.stl,separate_bearing_parts,0.00012846947235998983,0.00712856857608851,-0.00804649054283938,-3.239573485869483e-19,-0.11518416785110981,0.25336848574495824,0.028899068847283747,1.2747383394919992e-10,0.0,0.0,1.2747383394919992e-10,0.0,1.2747383394919995e-10,1.631367538754823e-08,7874.955784522166,,True,90e95efa79c7cf10f5549d54
1076,revolve1_2_8,assets/revolve1_2.stl,separate_bearing_parts,0.0017875603307419146,3.7254812207917504e-19,-2.3248196583897076e-18,-5.732587536556652e-18,-0.10649589879811892,0.24707124901014216,0.028249999999992566,7.518736928316261e-08,0.0,0.0,7.518736928316266e-08,0.0,1.4297889999819628e-07,2.2752139446240923e-07,7856.669193530514,,True,90e95efa79c7cf10f5549d54
1077,revolve2_8,assets/revolve2.stl,separate_bearing_parts,0.00012846947235998983,0.0,0.010749999999999997,-3.239573485869483e-19,-0.10034113580262316,0.24261029143701304,0.020648602102235906,1.2747383394919992e-10,0.0,0.0,1.2747383394919992e-10,0.0,1.2747383394919992e-10,1.6313675712392897e-08,7874.955627712786,,True,90e95efa79c7cf10f5549d54
1078,cirpattern1_12_8,assets/cirpattern1_12.stl,separate_bearing_parts,0.00012846947235998983,-0.00499577409947039,0.009518652275772069,-3.239573485869483e-19,-0.09818586583484452,0.24104815689309383,0.02505184217104746,1.2747383394919992e-10,0.0,0.0,1.2747383394919992e-10,0.0,1.2747383394919992e-10,1.6313675368739867e-08,7874.955793601361,,True,90e95efa79c7cf10f5549d54
1079,cirpattern1_1_8,assets/cirpattern1_1.stl,separate_bearing_parts,0.00012846947235998983,0.00499577409947052,0.009518652275771998,-3.239573485869483e-19,-0.10390638779973513,0.2451943776005695,0.017986750685024984,1.2747383394920002e-10,0.0,0.0,1.2747383394920002e-10,0.0,1.2747383394920013e-10,1.6313675368739867e-08,7874.955793601361,,True,90e95efa79c7cf10f5549d54
1080,cirpattern1_2_8,assets/cirpattern1_2.stl,separate_bearing_parts,0.00012846947235998983,0.00884707655835682,0.00610669602735991,-3.239573485869483e-19,-0.1080648655595863,0.2482084323853066,0.017676086000310783,1.2747383394919997e-10,0.0,0.0,1.2747383394919997e-10,0.0,1.274738339492e-10,1.6313675549085063e-08,7874.955706544925,,True,90e95efa79c7cf10f5549d54
1081,cirpattern1_4_8,assets/cirpattern1_4.stl,separate_bearing_parts,0.0001284694723599898,0.0100514246088682,-0.0038120025357073,-3.239573485869483e-19,-0.11443321120557982,0.25282419415527063,0.023838062341376753,1.2747383394919987e-10,0.0,0.0,1.2747383394919987e-10,0.0,1.2747383394919982e-10,1.6313675512680226e-08,7874.955724118307,,True,90e95efa79c7cf10f5549d54
1082,revolve3_2_8,assets/revolve3_2.stl,separate_bearing_parts,0.000762727750068509,7.536556395297857e-19,9.116630120069715e-19,-0.0019646723832599236,-0.10534291085238716,0.24866202126616802,0.028249999999992535,4.203917689001809e-08,0.0,0.0,4.2039176890018076e-08,0.0,8.39900202997902e-08,9.703949146599543e-08,7859.972662117504,,True,90e95efa79c7cf10f5549d54
1083,mirror1_8,assets/mirror1.stl,separate_bearing_parts,6.447682549775924e-05,9.81138511381865e-17,2.629052823473247e-16,-0.002204489410681317,-0.10520217179372564,0.24885619830911673,0.028249999999992278,4.3083246348836545e-09,0.0,0.0,4.308324634883543e-09,0.0,8.61513591098127e-09,8.18976494689939e-09,7872.854216917409,,True,90e95efa79c7cf10f5549d54
1084,cirpattern1_10_8,assets/cirpattern1_10.stl,separate_bearing_parts,0.00012846947235998983,-0.01067162039655406,0.00129576931274484,-3.239573485869483e-19,-0.09964413625528257,0.24210510782369582,0.034879727880748265,1.2747383394919995e-10,0.0,0.0,1.2747383394919997e-10,0.0,1.2747383394919997e-10,1.631367541932595e-08,7874.95576918239,,True,90e95efa79c7cf10f5549d54
1085,1_1_31_eb463_510_fl46blw10_48v_5n_m_de_2__fl46blw10_48v_5n_m_de__êäèë1_9,assets/1_1_31_eb463_510_fl46blw10_48v_5n_m_de_2__fl46blw10_48v_5n_m_de__êäèë1.stl,vendor_motor_parts,0.003575505293965178,-2.7315060254748863e-17,7.873576435762016e-16,0.0012771643572305625,-0.08002552531019913,0.2000971143463793,0.051527164357223536,7.574652128083713e-07,0.0,0.0,7.57465212808378e-07,0.0,1.5114087091854951e-06,1.3331368436788824e-06,2682.0242129820117,,True,b7094f2f67d456e424842e30
1086,1_2_05_000608_fl46blw10_48v_5n_m_de_2__fl46blw10_48v_5n_m_de__êäèë1_33,assets/1_2_05_000608_fl46blw10_48v_5n_m_de_2__fl46blw10_48v_5n_m_de__êäèë1.stl,vendor_motor_parts,0.0001251760225275824,-0.0017244299369855568,4.301994363033133e-07,5.908153300215281e-07,-0.059866489757239384,0.19818000700603353,0.013147354885414466,1.4701007066345354e-10,-3.327071645877055e-13,-4.3546180126616626e-13,1.29287724369605e-09,1.2146236496910186e-14,1.2928563051173674e-09,4.669869596117045e-08,2680.5035976093454,,True,b7094f2f67d456e424842e30
1087,1_2_05_000555_fl46blw10_48v_5n_m_de_2__fl46blw10_48v_5n_m_de__êäèë1_65,assets/1_2_05_000555_fl46blw10_48v_5n_m_de_2__fl46blw10_48v_5n_m_de__êäèë1.stl,vendor_motor_parts,5.05564929384142e-05,-0.0005885177475925705,5.704958175487715e-07,1.304831538170157e-07,-0.07520441174453799,0.22027875932763863,0.050168517747585455,4.248449341343423e-11,-1.044328441854737e-13,-2.989204937804672e-14,1.9784970084350223e-10,-7.395239804311774e-15,1.9784623482054316e-10,1.884688014215633e-08,2682.4860431584343,,True,b7094f2f67d456e424842e30
1088,1_2_05_000555_fl46blw10_48v_5n_m_de_2__fl46blw10_48v_5n_m_de__êäèë1_66,assets/1_2_05_000555_fl46blw10_48v_5n_m_de_2__fl46blw10_48v_5n_m_de__êäèë1.stl,vendor_motor_parts,5.05564929384142e-05,-0.0005885177475925705,5.704958175487715e-07,1.304831538170157e-07,-0.0977051454270982,0.18923557841977937,0.05016851774758552,4.248449341343423e-11,-1.044328441854737e-13,-2.989204937804672e-14,1.9784970084350223e-10,-7.395239804311774e-15,1.9784623482054316e-10,1.884688014215633e-08,2682.4860431584343,,True,b7094f2f67d456e424842e30
1089,1_2_05_000608_fl46blw10_48v_5n_m_de_2__fl46blw10_48v_5n_m_de__êäèë1_34,assets/1_2_05_000608_fl46blw10_48v_5n_m_de_2__fl46blw10_48v_5n_m_de__êäèë1.stl,vendor_motor_parts,0.0001251760225275824,-0.0017244299369855568,4.301994363033133e-07,5.908153300215281e-07,-0.08194263265054474,0.17993807879341775,0.013147354885414414,1.4701007066345354e-10,-3.327071645877055e-13,-4.3546180126616626e-13,1.29287724369605e-09,1.2146236496910186e-14,1.2928563051173674e-09,4.669869596117045e-08,2680.5035976093454,,True,b7094f2f67d456e424842e30
1090,1_2_05_000438_fl46blw10_48v_5n_m_de_2__fl46blw10_48v_5n_m_de__êäèë1_65,assets/1_2_05_000438_fl46blw10_48v_5n_m_de_2__fl46blw10_48v_5n_m_de__êäèë1.stl,vendor_motor_parts,3.7452900945165836e-05,-0.00048691546990284665,7.741652882946419e-07,1.9852930949355682e-08,-0.06886121046743798,0.18192378471306725,0.042750019852923746,3.721241491408982e-11,-6.775570722596493e-14,-1.2732964723639204e-14,7.409641321462231e-11,-2.525162931499824e-15,7.409912479287198e-11,1.3966815926753484e-08,2681.5632955700858,,True,b7094f2f67d456e424842e30
1091,1_2_05_000438_fl46blw10_48v_5n_m_de_2__fl46blw10_48v_5n_m_de__êäèë1_66,assets/1_2_05_000438_fl46blw10_48v_5n_m_de_2__fl46blw10_48v_5n_m_de__êäèë1.stl,vendor_motor_parts,3.7452900945165836e-05,-0.00048691546990284665,7.741652882946419e-07,1.9852930949355682e-08,-0.08498164719803428,0.17935226699330464,0.042750019852923746,3.721241491408982e-11,-6.775570722596493e-14,-1.2732964723639204e-14,7.409641321462231e-11,-2.525162931499824e-15,7.409912479287198e-11,1.3966815926753484e-08,2681.5632955700858,,True,b7094f2f67d456e424842e30
1092,1_2_05_000438_fl46blw10_48v_5n_m_de_2__fl46blw10_48v_5n_m_de__êäèë1_67,assets/1_2_05_000438_fl46blw10_48v_5n_m_de_2__fl46blw10_48v_5n_m_de__êäèë1.stl,vendor_motor_parts,3.7452900945165836e-05,-0.00048691546990284665,7.741652882946419e-07,1.9852930949355682e-08,-0.061852195676888676,0.21126142918914087,0.04275001985292374,3.721241491408982e-11,-6.775570722596493e-14,-1.2732964723639204e-14,7.409641321462231e-11,-2.525162931499824e-15,7.409912479287198e-11,1.3966815926753484e-08,2681.5632955700858,,True,b7094f2f67d456e424842e30
1093,1_2_05_000608_fl46blw10_48v_5n_m_de_2__fl46blw10_48v_5n_m_de__êäèë1_35,assets/1_2_05_000608_fl46blw10_48v_5n_m_de_2__fl46blw10_48v_5n_m_de__êäèë1.stl,vendor_motor_parts,0.0001251760225275824,-0.0017244299369855568,4.301994363033133e-07,5.908153300215281e-07,-0.07810841796985435,0.2202561498993396,0.013147354885414408,1.4701007066345354e-10,-3.327071645877055e-13,-4.3546180126616626e-13,1.29287724369605e-09,1.2146236496910186e-14,1.2928563051173674e-09,4.669869596117045e-08,2680.5035976093454,,True,b7094f2f67d456e424842e30
1094,1_1_06_eb463_507_fl46blw10_48v_5n_m_de_2__fl46blw10_48v_5n_m_de__çð³ý_à_éì1_9,assets/1_1_06_eb463_507_fl46blw10_48v_5n_m_de_2__fl46blw10_48v_5n_m_de__çð³ý_à_éì1.stl,vendor_motor_parts,0.021834137619844866,0.0004012204503875667,8.736567573188433e-09,0.00476273533540386,-0.07981548987570705,0.19975526208860772,0.027012735335396176,7.3622577264053095e-06,5.003486689893402e-14,9.296968633897761e-08,7.177823787656781e-06,-1.8635080240921887e-12,1.0303171059560452e-05,8.136051779312388e-06,2683.628154304859,,True,b7094f2f67d456e424842e30
1095,1_2_05_000555_fl46blw10_48v_5n_m_de_2__fl46blw10_48v_5n_m_de__êäèë1_67,assets/1_2_05_000555_fl46blw10_48v_5n_m_de_2__fl46blw10_48v_5n_m_de__êäèë1.stl,vendor_motor_parts,5.05564929384142e-05,-0.0005885177475925705,5.704958175487715e-07,1.304831538170157e-07,-0.05984388032894038,0.19527600078071708,0.05016851774758551,4.248449341343423e-11,-1.044328441854737e-13,-2.989204937804672e-14,1.9784970084350223e-10,-7.395239804311774e-15,1.9784623482054316e-10,1.884688014215633e-08,2682.4860431584343,,True,b7094f2f67d456e424842e30
1096,1_2_05_000438_fl46blw10_48v_5n_m_de_2__fl46blw10_48v_5n_m_de__êäèë1_68,assets/1_2_05_000438_fl46blw10_48v_5n_m_de_2__fl46blw10_48v_5n_m_de__êäèë1.stl,vendor_motor_parts,3.7452900945165836e-05,-0.00048691546990284665,7.741652882946419e-07,1.9852930949355682e-08,-0.0592806779571264,0.19514099245854388,0.04275001985292374,3.721241491408982e-11,-6.775570722596493e-14,-1.2732964723639204e-14,7.409641321462231e-11,-2.525162931499824e-15,7.409912479287198e-11,1.3966815926753484e-08,2681.5632955700858,,True,b7094f2f67d456e424842e30
1097,1_2_05_000608_fl46blw10_48v_5n_m_de_2__fl46blw10_48v_5n_m_de__êäèë1_36,assets/1_2_05_000608_fl46blw10_48v_5n_m_de_2__fl46blw10_48v_5n_m_de__êäèë1.stl,vendor_motor_parts,0.0001251760225275824,-0.0017244299369855568,4.301994363033133e-07,5.908153300215281e-07,-0.10018456086315966,0.20201422168672376,0.013147354885414467,1.4701007066345354e-10,-3.327071645877055e-13,-4.3546180126616626e-13,1.29287724369605e-09,1.2146236496910186e-14,1.2928563051173674e-09,4.669869596117045e-08,2680.5035976093454,,True,b7094f2f67d456e424842e30
1098,1_2_05_000555_fl46blw10_48v_5n_m_de_2__fl46blw10_48v_5n_m_de__êäèë1_68,assets/1_2_05_000555_fl46blw10_48v_5n_m_de_2__fl46blw10_48v_5n_m_de__êäèë1.stl,vendor_motor_parts,5.05564929384142e-05,-0.0005885177475925705,5.704958175487715e-07,1.304831538170157e-07,-0.09088706123679827,0.21777673446327783,0.05016851774758552,4.248449341343423e-11,-1.044328441854737e-13,-2.989204937804672e-14,1.9784970084350223e-10,-7.395239804311774e-15,1.9784623482054316e-10,1.884688014215633e-08,2682.4860431584343,,True,b7094f2f67d456e424842e30
1099,1_2_05_000438_fl46blw10_48v_5n_m_de_2__fl46blw10_48v_5n_m_de__êäèë1_69,assets/1_2_05_000438_fl46blw10_48v_5n_m_de_2__fl46blw10_48v_5n_m_de__êäèë1.stl,vendor_motor_parts,3.7452900945165836e-05,-0.00048691546990284665,7.741652882946419e-07,1.9852930949355682e-08,-0.07506940342236487,0.22084196169945267,0.04275001985292374,3.721241491408982e-11,-6.775570722596493e-14,-1.2732964723639204e-14,7.409641321462231e-11,-2.525162931499824e-15,7.409912479287198e-11,1.3966815926753484e-08,2681.5632955700858,,True,b7094f2f67d456e424842e30
1100,1_2_05_000555_fl46blw10_48v_5n_m_de_2__fl46blw10_48v_5n_m_de__êäèë1_69,assets/1_2_05_000555_fl46blw10_48v_5n_m_de_2__fl46blw10_48v_5n_m_de__êäèë1.stl,vendor_motor_parts,5.05564929384142e-05,-0.0005885177475925705,5.704958175487715e-07,1.304831538170157e-07,-0.062345905193300896,0.21095865027297794,0.050168517747585455,4.248449341343423e-11,-1.044328441854737e-13,-2.989204937804672e-14,1.9784970084350223e-10,-7.395239804311774e-15,1.9784623482054316e-10,1.884688014215633e-08,2682.4860431584343,,True,b7094f2f67d456e424842e30
1101,1_2_05_000438_fl46blw10_48v_5n_m_de_2__fl46blw10_48v_5n_m_de__êäèë1_70,assets/1_2_05_000438_fl46blw10_48v_5n_m_de_2__fl46blw10_48v_5n_m_de__êäèë1.stl,vendor_motor_parts,3.7452900945165836e-05,-0.00048691546990284665,7.741652882946419e-07,1.9852930949355682e-08,-0.0911898401529612,0.21827044397969017,0.042750019852923746,3.721241491408982e-11,-6.775570722596493e-14,-1.2732964723639204e-14,7.409641321462231e-11,-2.525162931499824e-15,7.409912479287198e-11,1.3966815926753484e-08,2681.5632955700858,,True,b7094f2f67d456e424842e30
1102,1_1_06_eb463_509_fl46blw10_48v_5n_m_de_2__fl46blw10_48v_5n_m_de__êäèë1_9,assets/1_1_06_eb463_509_fl46blw10_48v_5n_m_de_2__fl46blw10_48v_5n_m_de__êäèë1.stl,vendor_motor_parts,0.006371665639530841,0.00013994576758433452,9.862013103342203e-06,0.0011128094560400818,-0.08004844729041154,0.19995870675991628,0.00986280945603205,1.0044230303899307e-06,2.6524788467401333e-08,1.2797173443951157e-10,1.0140751643727678e-06,-1.0029343708491859e-10,2.0034086306679993e-06,2.375886612947444e-06,2681.8054383607005,,True,b7094f2f67d456e424842e30
1103,1_2_05_000438_fl46blw10_48v_5n_m_de_2__fl46blw10_48v_5n_m_de__êäèë1_71,assets/1_2_05_000438_fl46blw10_48v_5n_m_de_2__fl46blw10_48v_5n_m_de__êäèë1.stl,vendor_motor_parts,3.7452900945165836e-05,-0.00048691546990284665,7.741652882946419e-07,1.9852930949355682e-08,-0.10077037266327274,0.20505323623421345,0.042750019852923746,3.721241491408982e-11,-6.775570722596493e-14,-1.2732964723639204e-14,7.409641321462231e-11,-2.525162931499824e-15,7.409912479287198e-11,1.3966815926753484e-08,2681.5632955700858,,True,b7094f2f67d456e424842e30
1104,1_2_05_000555_fl46blw10_48v_5n_m_de_2__fl46blw10_48v_5n_m_de__êäèë1_70,assets/1_2_05_000555_fl46blw10_48v_5n_m_de_2__fl46blw10_48v_5n_m_de__êäèë1.stl,vendor_motor_parts,5.05564929384142e-05,-0.0005885177475925705,5.704958175487715e-07,1.304831538170157e-07,-0.10020717029145874,0.2049182279120404,0.05016851774758552,4.248449341343423e-11,-1.044328441854737e-13,-2.989204937804672e-14,1.9784970084350223e-10,-7.395239804311774e-15,1.9784623482054316e-10,1.884688014215633e-08,2682.4860431584343,,True,b7094f2f67d456e424842e30
1105,1_1_02_eb461_502_fl46blw10_48v_5n_m_de_2__fl46blw10_48v_5n_m_de__êäèë1_9,assets/1_1_02_eb461_502_fl46blw10_48v_5n_m_de_2__fl46blw10_48v_5n_m_de__êäèë1.stl,vendor_motor_parts,0.010039340782280859,-3.586426461437877e-16,8.806751077780196e-18,0.006147535551138196,-0.08002552531019987,0.20009711434637886,0.04639753555113108,2.210326047415242e-06,3.16440961795669e-09,0.0,2.1950472758632107e-06,0.0,4.27861811833164e-06,3.74193226570368e-06,2682.9295854164625,,True,b7094f2f67d456e424842e30
1106,1_2_05_000438_fl46blw10_48v_5n_m_de_2__fl46blw10_48v_5n_m_de__êäèë1_72,assets/1_2_05_000438_fl46blw10_48v_5n_m_de_2__fl46blw10_48v_5n_m_de__êäèë1.stl,vendor_motor_parts,3.7452900945165836e-05,-0.00048691546990284665,7.741652882946419e-07,1.9852930949355682e-08,-0.09819885494351042,0.18893279950361638,0.042750019852923746,3.721241491408982e-11,-6.775570722596493e-14,-1.2732964723639204e-14,7.409641321462231e-11,-2.525162931499824e-15,7.409912479287198e-11,1.3966815926753484e-08,2681.5632955700858,,True,b7094f2f67d456e424842e30
1107,1_2_05_000555_fl46blw10_48v_5n_m_de_2__fl46blw10_48v_5n_m_de__êäèë1_71,assets/1_2_05_000555_fl46blw10_48v_5n_m_de_2__fl46blw10_48v_5n_m_de__êäèë1.stl,vendor_motor_parts,5.05564929384142e-05,-0.0005885177475925705,5.704958175487715e-07,1.304831538170157e-07,-0.08484663887586114,0.17991546936511868,0.05016851774758552,4.248449341343423e-11,-1.044328441854737e-13,-2.989204937804672e-14,1.9784970084350223e-10,-7.395239804311774e-15,1.9784623482054316e-10,1.884688014215633e-08,2682.4860431584343,,True,b7094f2f67d456e424842e30
1108,1_2_05_000555_fl46blw10_48v_5n_m_de_2__fl46blw10_48v_5n_m_de__êäèë1_72,assets/1_2_05_000555_fl46blw10_48v_5n_m_de_2__fl46blw10_48v_5n_m_de__êäèë1.stl,vendor_motor_parts,5.05564929384142e-05,-0.0005885177475925705,5.704958175487715e-07,1.304831538170157e-07,-0.06916398938360085,0.18241749422947948,0.05016851774758552,4.248449341343423e-11,-1.044328441854737e-13,-2.989204937804672e-14,1.9784970084350223e-10,-7.395239804311774e-15,1.9784623482054316e-10,1.884688014215633e-08,2682.4860431584343,,True,b7094f2f67d456e424842e30
1109,1_2_16_001425_fl46blw10_48v_5n_m_de_2__fl46blw10_48v_5n_m_de__çð³ý_à_éì2_9,assets/1_2_16_001425_fl46blw10_48v_5n_m_de_2__fl46blw10_48v_5n_m_de__çð³ý_à_éì2.stl,vendor_motor_parts,0.005650791388921487,0.019710827212435496,0.029193947313439654,-0.001370346572845048,-0.0816287369558622,0.20283382395063929,0.013520349772853131,5.861088062380172e-07,1.1851487070701593e-07,-3.477754440213315e-08,5.863219974088678e-07,3.342008144736537e-08,1.1460091017245543e-06,2.10683307039721e-06,2682.125825875763,,True,b7094f2f67d456e424842e30
1110,revolve1_1_9,assets/revolve1_1.stl,separate_bearing_parts,0.0025808941287641892,3.4221896053592956e-18,4.50855964342779e-18,-9.041649675540525e-19,-0.08002552531020118,0.20009711434637437,0.005749999999991831,2.0906988509379785e-07,0.0,0.0,2.0906988509379798e-07,0.0,4.0702141010220996e-07,3.2848585175766894e-07,7856.941524130452,,True,90e95efa79c7cf10f5549d54
1111,cirpattern1_7_9,assets/cirpattern1_7.stl,separate_bearing_parts,0.0001284694723599898,-0.0025726433910913246,-0.01043762453733004,-3.239573485869483e-19,-0.08623453364841607,0.19132153941045227,0.0057499999999923715,1.2747383394919987e-10,0.0,0.0,1.2747383394919987e-10,0.0,1.2747383394919982e-10,1.631367558714738e-08,7874.95568817144,,True,90e95efa79c7cf10f5549d54
1112,revolve3_1_9,assets/revolve3_1.stl,separate_bearing_parts,0.0007627277500685167,9.31352628334693e-19,9.116630120069628e-19,0.0019646723832599214,-0.08002552531020116,0.20009711434637448,0.007714672383251802,4.203917689001855e-08,0.0,0.0,4.2039176890018546e-08,0.0,8.39900202997911e-08,9.703949146599542e-08,7859.972662117585,,True,90e95efa79c7cf10f5549d54
1113,cirpattern1_8_9,assets/cirpattern1_8.stl,separate_bearing_parts,0.0001284694723599898,-0.0071285685760886204,-0.008046490542839279,-3.239573485869483e-19,-0.08960154217733392,0.19521219869097237,0.005749999999992209,1.274738339491999e-10,0.0,0.0,1.2747383394919992e-10,0.0,1.2747383394919987e-10,1.631367538754823e-08,7874.955784522164,,True,90e95efa79c7cf10f5549d54
1114,cirpattern1_11_9,assets/cirpattern1_11.stl,separate_bearing_parts,0.00012846947235998983,-0.008847076558356728,0.006106696027360029,-3.239573485869483e-19,-0.08602908571377213,0.2090144997524606,0.005749999999991438,1.2747383394919997e-10,0.0,0.0,1.2747383394919997e-10,0.0,1.2747383394920002e-10,1.6313675549085067e-08,7874.9557065449235,,True,90e95efa79c7cf10f5549d54
1115,cirpattern2_9,assets/cirpattern2.stl,separate_bearing_parts,6.447682549723187e-05,-1.861447870219261e-15,-1.2630904970899047e-16,0.00220448941067994,-0.08002552531020293,0.20009711434637503,0.007954489410671827,4.30832463485691e-09,0.0,0.0,4.308324634857926e-09,0.0,8.615135910928939e-09,8.189763014391634e-09,7872.856074580987,,True,90e95efa79c7cf10f5549d54
1116,cirpattern1_9_9,assets/cirpattern1_9.stl,separate_bearing_parts,0.00012846947235998983,-0.010051424608868239,-0.0038120025357071645,-3.239573485869483e-19,-0.0907748006455052,0.2002219332785297,0.00574999999999196,1.2747383394919987e-10,0.0,0.0,1.274738339491999e-10,0.0,1.2747383394919987e-10,1.6313675512680223e-08,7874.95572411831,,True,90e95efa79c7cf10f5549d54
1117,cirpattern1_3_9,assets/cirpattern1_3.stl,separate_bearing_parts,0.00012846947235998983,0.0106716203965541,0.0012957693127446897,-3.239573485869483e-19,-0.06961847550579248,0.19740345245806012,0.005749999999991842,1.2747383394919987e-10,0.0,0.0,1.2747383394919987e-10,0.0,1.274738339491998e-10,1.6313675419325952e-08,7874.955769182388,,True,90e95efa79c7cf10f5549d54
1118,cirpattern1_6_9,assets/cirpattern1_6.stl,separate_bearing_parts,0.0001284694723599898,0.00257264339109118,-0.010437624537330078,-3.239573485869483e-19,-0.08144511613587523,0.18944125859060934,0.0057499999999924105,1.2747383394919997e-10,0.0,0.0,1.2747383394919997e-10,0.0,1.2747383394920002e-10,1.631367558714738e-08,7874.95568817144,,True,90e95efa79c7cf10f5549d54
1119,cirpattern1_5_9,assets/cirpattern1_5.stl,separate_bearing_parts,0.00012846947235998983,0.00712856857608851,-0.00804649054283938,-3.239573485869483e-19,-0.0763304874730965,0.19000210590742933,0.005749999999992316,1.2747383394919992e-10,0.0,0.0,1.2747383394919992e-10,0.0,1.2747383394919995e-10,1.631367538754823e-08,7874.955784522166,,True,90e95efa79c7cf10f5549d54
1120,revolve1_2_9,assets/revolve1_2.stl,separate_bearing_parts,0.0017875603307419146,3.7254812207917504e-19,-2.3248196583897076e-18,-5.732587536556652e-18,-0.08002552531020118,0.20009711434637437,0.005749999999991826,7.518736928316261e-08,0.0,0.0,7.518736928316266e-08,0.0,1.4297889999819628e-07,2.2752139446240923e-07,7856.669193530514,,True,90e95efa79c7cf10f5549d54
1121,revolve2_9,assets/revolve2.stl,separate_bearing_parts,0.00012846947235998983,0.0,0.010749999999999997,-3.239573485869483e-19,-0.07609707201517674,0.21010359997864403,0.005749999999991255,1.2747383394919992e-10,0.0,0.0,1.2747383394919992e-10,0.0,1.2747383394919992e-10,1.6313675712392897e-08,7874.955627712786,,True,90e95efa79c7cf10f5549d54
1122,cirpattern1_12_9,assets/cirpattern1_12.stl,separate_bearing_parts,0.00012846947235998983,-0.00499577409947039,0.009518652275772069,-3.239573485869483e-19,-0.08119729841266302,0.2107830606215694,0.005749999999991284,1.2747383394919992e-10,0.0,0.0,1.2747383394919992e-10,0.0,1.2747383394919992e-10,1.6313675368739867e-08,7874.955793601361,,True,90e95efa79c7cf10f5549d54
1123,cirpattern1_1_9,assets/cirpattern1_1.stl,separate_bearing_parts,0.00012846947235998983,0.00499577409947052,0.009518652275771998,-3.239573485869483e-19,-0.07189680692458601,0.2071317740685902,0.005749999999991359,1.2747383394920002e-10,0.0,0.0,1.2747383394920002e-10,0.0,1.2747383394920013e-10,1.6313675368739867e-08,7874.955793601361,,True,90e95efa79c7cf10f5549d54
1124,cirpattern1_2_9,assets/cirpattern1_2.stl,separate_bearing_parts,0.00012846947235998983,0.00884707655835682,0.00610669602735991,-3.239573485869483e-19,-0.06955873325446366,0.2025483923930166,0.005749999999991571,1.2747383394919997e-10,0.0,0.0,1.2747383394919997e-10,0.0,1.274738339492e-10,1.6313675549085063e-08,7874.955706544925,,True,90e95efa79c7cf10f5549d54
1125,cirpattern1_4_9,assets/cirpattern1_4.stl,separate_bearing_parts,0.0001284694723599898,0.0100514246088682,-0.0038120025357073,-3.239573485869483e-19,-0.07206234744876523,0.19287559799957163,0.005749999999992111,1.2747383394919987e-10,0.0,0.0,1.2747383394919987e-10,0.0,1.2747383394919982e-10,1.6313675512680226e-08,7874.955724118307,,True,90e95efa79c7cf10f5549d54
1126,revolve3_2_9,assets/revolve3_2.stl,separate_bearing_parts,0.000762727750068509,7.536556395297857e-19,9.116630120069715e-19,-0.0019646723832599236,-0.08002552531020121,0.20009711434637426,0.0037853276167318594,4.203917689001809e-08,0.0,0.0,4.2039176890018076e-08,0.0,8.39900202997902e-08,9.703949146599543e-08,7859.972662117504,,True,90e95efa79c7cf10f5549d54
1127,mirror1_9,assets/mirror1.stl,separate_bearing_parts,6.447682549775924e-05,9.81138511381865e-17,2.629052823473247e-16,-0.002204489410681317,-0.08002552531020102,0.20009711434637445,0.0035455105893104602,4.3083246348836545e-09,0.0,0.0,4.308324634883543e-09,0.0,8.61513591098127e-09,8.18976494689939e-09,7872.854216917409,,True,90e95efa79c7cf10f5549d54
1128,cirpattern1_10_9,assets/cirpattern1_10.stl,separate_bearing_parts,0.00012846947235998983,-0.01067162039655406,0.00129576931274484,-3.239573485869483e-19,-0.08948552967716916,0.20520307335296142,0.005749999999991682,1.2747383394919995e-10,0.0,0.0,1.2747383394919997e-10,0.0,1.2747383394919997e-10,1.631367541932595e-08,7874.95576918239,,True,90e95efa79c7cf10f5549d54
1129,pem_m4_self_clinching_nut__300_ss_40,assets/pem_m4_self_clinching_nut__300_ss.stl,catalog_fasteners_and_hardware,0.0008355363884781723,0.0019670757575096427,-1.6173730124900373e-07,5.2308822207170976e-08,-0.13459459768475543,-0.2728958981558534,0.04822322308567283,6.9682596864700805e-09,-1.9802899489392358e-13,-5.965832925689283e-14,4.099050647002325e-09,7.713958387517938e-14,4.0983762805777485e-09,1.0630266930926216e-07,7859.975614040126,,True,158ec13e4f19f56723423f84
1130,pem_m4_self_clinching_nut__300_ss_41,assets/pem_m4_self_clinching_nut__300_ss.stl,catalog_fasteners_and_hardware,0.0008355363884781723,0.0019670757575096427,-1.6173730124900373e-07,5.2308822207170976e-08,-0.14873036774117726,-0.23848308802986415,0.06374541700742865,6.9682596864700805e-09,-1.9802899489392358e-13,-5.965832925689283e-14,4.099050647002325e-09,7.713958387517938e-14,4.0983762805777485e-09,1.0630266930926216e-07,7859.975614040126,,True,158ec13e4f19f56723423f84
1131,pem_m4_self_clinching_nut__300_ss_42,assets/pem_m4_self_clinching_nut__300_ss.stl,catalog_fasteners_and_hardware,0.0008355363884781723,0.0019670757575096427,-1.6173730124900373e-07,5.2308822207170976e-08,-0.12524386008729946,-0.2644327307677585,0.06374541700742915,6.9682596864700805e-09,-1.9802899489392358e-13,-5.965832925689283e-14,4.099050647002325e-09,7.713958387517938e-14,4.0983762805777485e-09,1.0630266930926216e-07,7859.975614040126,,True,158ec13e4f19f56723423f84
1132,1_1_31_eb463_510_fl46blw10_48v_5n_m_de_2__fl46blw10_48v_5n_m_de__êäèë1_10,assets/1_1_31_eb463_510_fl46blw10_48v_5n_m_de_2__fl46blw10_48v_5n_m_de__êäèë1.stl,vendor_motor_parts,0.003575505293965178,-2.7315060254748863e-17,7.873576435762016e-16,0.0012771643572305625,-0.14302971163212896,-0.2883221783565925,0.0746002084866018,7.574652128083713e-07,0.0,0.0,7.57465212808378e-07,0.0,1.5114087091854951e-06,1.3331368436788824e-06,2682.0242129820117,,True,b7094f2f67d456e424842e30
1133,1_2_05_000608_fl46blw10_48v_5n_m_de_2__fl46blw10_48v_5n_m_de__êäèë1_37,assets/1_2_05_000608_fl46blw10_48v_5n_m_de_2__fl46blw10_48v_5n_m_de__êäèë1.stl,vendor_motor_parts,0.0001251760225275824,-0.0017244299369855568,4.301994363033133e-07,5.908153300215281e-07,-0.1743860491897759,-0.2649367901415216,0.0933878507834294,1.4701007066345354e-10,-3.327071645877055e-13,-4.3546180126616626e-13,1.29287724369605e-09,1.2146236496910186e-14,1.2928563051173674e-09,4.669869596117045e-08,2680.5035976093454,,True,b7094f2f67d456e424842e30
1134,1_2_05_000555_fl46blw10_48v_5n_m_de_2__fl46blw10_48v_5n_m_de__êäèë1_73,assets/1_2_05_000555_fl46blw10_48v_5n_m_de_2__fl46blw10_48v_5n_m_de__êäèë1.stl,vendor_motor_parts,5.05564929384142e-05,-0.0005885177475925705,5.704958175487715e-07,1.304831538170157e-07,-0.15887467055331386,-0.3008306402617925,0.0696138763351534,4.248449341343423e-11,-1.044328441854737e-13,-2.989204937804672e-14,1.9784970084350223e-10,-7.395239804311774e-15,1.9784623482054316e-10,1.884688014215633e-08,2682.4860431584343,,True,b7094f2f67d456e424842e30
1135,1_2_05_000555_fl46blw10_48v_5n_m_de_2__fl46blw10_48v_5n_m_de__êäèë1_74,assets/1_2_05_000555_fl46blw10_48v_5n_m_de_2__fl46blw10_48v_5n_m_de__êäèë1.stl,vendor_motor_parts,5.05564929384142e-05,-0.0005885177475925705,5.704958175487715e-07,1.304831538170157e-07,-0.13076787650624908,-0.27539173768497877,0.06388391462369468,4.248449341343423e-11,-1.044328441854737e-13,-2.989204937804672e-14,1.9784970084350223e-10,-7.395239804311774e-15,1.9784623482054316e-10,1.884688014215633e-08,2682.4860431584343,,True,b7094f2f67d456e424842e30
1136,1_2_05_000608_fl46blw10_48v_5n_m_de_2__fl46blw10_48v_5n_m_de__êäèë1_38,assets/1_2_05_000608_fl46blw10_48v_5n_m_de_2__fl46blw10_48v_5n_m_de__êäèë1.stl,vendor_motor_parts,0.0001251760225275824,-0.0017244299369855568,4.301994363033133e-07,5.908153300215281e-07,-0.15485471401567164,-0.2472593655353164,0.08215577014053092,1.4701007066345354e-10,-3.327071645877055e-13,-4.3546180126616626e-13,1.29287724369605e-09,1.2146236496910186e-14,1.2928563051173674e-09,4.669869596117045e-08,2680.5035976093454,,True,b7094f2f67d456e424842e30
1137,1_2_05_000438_fl46blw10_48v_5n_m_de_2__fl46blw10_48v_5n_m_de__êäèë1_73,assets/1_2_05_000438_fl46blw10_48v_5n_m_de_2__fl46blw10_48v_5n_m_de__êäèë1.stl,vendor_motor_parts,3.7452900945165836e-05,-0.00048691546990284665,7.741652882946419e-07,1.9852930949355682e-08,-0.14075224098319883,-0.2744225692898599,0.09286394569326191,3.721241491408982e-11,-6.775570722596493e-14,-1.2732964723639204e-14,7.409641321462231e-11,-2.525162931499824e-15,7.409912479287198e-11,1.3966815926753484e-08,2681.5632955700858,,True,b7094f2f67d456e424842e30
1138,1_2_05_000438_fl46blw10_48v_5n_m_de_2__fl46blw10_48v_5n_m_de__êäèë1_74,assets/1_2_05_000438_fl46blw10_48v_5n_m_de_2__fl46blw10_48v_5n_m_de__êäèë1.stl,vendor_motor_parts,3.7452900945165836e-05,-0.00048691546990284665,7.741652882946419e-07,1.9852930949355682e-08,-0.13356940895312994,-0.26792153029079957,0.07972527758234833,3.721241491408982e-11,-6.775570722596493e-14,-1.2732964723639204e-14,7.409641321462231e-11,-2.525162931499824e-15,7.409912479287198e-11,1.3966815926753484e-08,2681.5632955700858,,True,b7094f2f67d456e424842e30
1139,1_2_05_000438_fl46blw10_48v_5n_m_de_2__fl46blw10_48v_5n_m_de__êäèë1_75,assets/1_2_05_000438_fl46blw10_48v_5n_m_de_2__fl46blw10_48v_5n_m_de__êäèë1.stl,vendor_motor_parts,3.7452900945165836e-05,-0.00048691546990284665,7.741652882946419e-07,1.9852930949355682e-08,-0.16246062383644383,-0.2940703966293696,0.08561600346995811,3.721241491408982e-11,-6.775570722596493e-14,-1.2732964723639204e-14,7.409641321462231e-11,-2.525162931499824e-15,7.409912479287198e-11,1.3966815926753484e-08,2681.5632955700858,,True,b7094f2f67d456e424842e30
1140,1_2_05_000608_fl46blw10_48v_5n_m_de_2__fl46blw10_48v_5n_m_de__êäèë1_39,assets/1_2_05_000608_fl46blw10_48v_5n_m_de_2__fl46blw10_48v_5n_m_de__êäèë1.stl,vendor_motor_parts,0.0001251760225275824,-0.0017244299369855568,4.301994363033133e-07,5.908153300215281e-07,-0.1827137200436733,-0.2724740000840488,0.06704464683267067,1.4701007066345354e-10,-3.327071645877055e-13,-4.3546180126616626e-13,1.29287724369605e-09,1.2146236496910186e-14,1.2928563051173674e-09,4.669869596117045e-08,2680.5035976093454,,True,b7094f2f67d456e424842e30
1141,1_1_06_eb463_507_fl46blw10_48v_5n_m_de_2__fl46blw10_48v_5n_m_de__çð³ý_à_éì1_10,assets/1_1_06_eb463_507_fl46blw10_48v_5n_m_de_2__fl46blw10_48v_5n_m_de__çð³ý_à_éì1.stl,vendor_motor_parts,0.021834137619844866,0.0004012204503875667,8.736567573188433e-09,0.00476273533540386,-0.15932632628432108,-0.270007689182184,0.07494378566060818,7.3622577264053095e-06,5.003486689893402e-14,9.296968633897761e-08,7.177823787656781e-06,-1.8635080240921887e-12,1.0303171059560452e-05,8.136051779312388e-06,2683.628154304859,,True,b7094f2f67d456e424842e30
1142,1_2_05_000555_fl46blw10_48v_5n_m_de_2__fl46blw10_48v_5n_m_de__êäèë1_75,assets/1_2_05_000555_fl46blw10_48v_5n_m_de_2__fl46blw10_48v_5n_m_de__êäèë1.stl,vendor_motor_parts,5.05564929384142e-05,-0.0005885177475925705,5.704958175487715e-07,1.304831538170157e-07,-0.1476383802578066,-0.2906608964740947,0.09474166875734769,4.248449341343423e-11,-1.044328441854737e-13,-2.989204937804672e-14,1.9784970084350223e-10,-7.395239804311774e-15,1.9784623482054316e-10,1.884688014215633e-08,2682.4860431584343,,True,b7094f2f67d456e424842e30
1143,1_2_05_000438_fl46blw10_48v_5n_m_de_2__fl46blw10_48v_5n_m_de__êäèë1_76,assets/1_2_05_000438_fl46blw10_48v_5n_m_de_2__fl46blw10_48v_5n_m_de__êäèë1.stl,vendor_motor_parts,3.7452900945165836e-05,-0.00048691546990284665,7.741652882946419e-07,1.9852930949355682e-08,-0.1527193740213025,-0.2852537843679766,0.09530396424813455,3.721241491408982e-11,-6.775570722596493e-14,-1.2732964723639204e-14,7.409641321462231e-11,-2.525162931499824e-15,7.409912479287198e-11,1.3966815926753484e-08,2681.5632955700858,,True,b7094f2f67d456e424842e30
1144,1_2_05_000608_fl46blw10_48v_5n_m_de_2__fl46blw10_48v_5n_m_de__êäèë1_40,assets/1_2_05_000608_fl46blw10_48v_5n_m_de_2__fl46blw10_48v_5n_m_de__êäèë1.stl,vendor_motor_parts,0.0001251760225275824,-0.0017244299369855568,4.301994363033133e-07,5.908153300215281e-07,-0.1631823848695689,-0.25479657547784346,0.05581256618977186,1.4701007066345354e-10,-3.327071645877055e-13,-4.3546180126616626e-13,1.29287724369605e-09,1.2146236496910186e-14,1.2928563051173674e-09,4.669869596117045e-08,2680.5035976093454,,True,b7094f2f67d456e424842e30
1145,1_2_05_000555_fl46blw10_48v_5n_m_de_2__fl46blw10_48v_5n_m_de__êäèë1_76,assets/1_2_05_000555_fl46blw10_48v_5n_m_de_2__fl46blw10_48v_5n_m_de__êäèë1.stl,vendor_motor_parts,5.05564929384142e-05,-0.0005885177475925705,5.704958175487715e-07,1.304831538170157e-07,-0.15188667909535336,-0.294505947605313,0.05683217606861929,4.248449341343423e-11,-1.044328441854737e-13,-2.989204937804672e-14,1.9784970084350223e-10,-7.395239804311774e-15,1.9784623482054316e-10,1.884688014215633e-08,2682.4860431584343,,True,b7094f2f67d456e424842e30
1146,1_2_05_000438_fl46blw10_48v_5n_m_de_2__fl46blw10_48v_5n_m_de__êäèë1_77,assets/1_2_05_000438_fl46blw10_48v_5n_m_de_2__fl46blw10_48v_5n_m_de__êäèë1.stl,vendor_motor_parts,3.7452900945165836e-05,-0.00048691546990284665,7.741652882946419e-07,1.9852930949355682e-08,-0.1642696984013801,-0.2957077541855022,0.06947513939085452,3.721241491408982e-11,-6.775570722596493e-14,-1.2732964723639204e-14,7.409641321462231e-11,-2.525162931499824e-15,7.409912479287198e-11,1.3966815926753484e-08,2681.5632955700858,,True,b7094f2f67d456e424842e30
1147,1_2_05_000555_fl46blw10_48v_5n_m_de_2__fl46blw10_48v_5n_m_de__êäèë1_77,assets/1_2_05_000555_fl46blw10_48v_5n_m_de_2__fl46blw10_48v_5n_m_de__êäèë1.stl,vendor_motor_parts,5.05564929384142e-05,-0.0005885177475925705,5.704958175487715e-07,1.304831538170157e-07,-0.1571149675577891,-0.2992379679352248,0.0853165023495087,4.248449341343423e-11,-1.044328441854737e-13,-2.989204937804672e-14,1.9784970084350223e-10,-7.395239804311774e-15,1.9784623482054316e-10,1.884688014215633e-08,2682.4860431584343,,True,b7094f2f67d456e424842e30
1148,1_2_05_000438_fl46blw10_48v_5n_m_de_2__fl46blw10_48v_5n_m_de__êäèë1_78,assets/1_2_05_000438_fl46blw10_48v_5n_m_de_2__fl46blw10_48v_5n_m_de__êäèë1.stl,vendor_motor_parts,3.7452900945165836e-05,-0.00048691546990284665,7.741652882946419e-07,1.9852930949355682e-08,-0.15708686637131117,-0.2892067151864418,0.056336471279941076,3.721241491408982e-11,-6.775570722596493e-14,-1.2732964723639204e-14,7.409641321462231e-11,-2.525162931499824e-15,7.409912479287198e-11,1.3966815926753484e-08,2681.5632955700858,,True,b7094f2f67d456e424842e30
1149,1_1_06_eb463_509_fl46blw10_48v_5n_m_de_2__fl46blw10_48v_5n_m_de__êäèë1_10,assets/1_1_06_eb463_509_fl46blw10_48v_5n_m_de_2__fl46blw10_48v_5n_m_de__êäèë1.stl,vendor_motor_parts,0.006371665639530841,0.00013994576758433452,9.862013103342203e-06,0.0011128094560400818,-0.1708893282774873,-0.25734189357631704,0.07464341399839042,1.0044230303899307e-06,2.6524788467401333e-08,1.2797173443951157e-10,1.0140751643727678e-06,-1.0029343708491859e-10,2.0034086306679993e-06,2.375886612947444e-06,2681.8054383607005,,True,b7094f2f67d456e424842e30
1150,1_2_05_000438_fl46blw10_48v_5n_m_de_2__fl46blw10_48v_5n_m_de__êäèë1_79,assets/1_2_05_000438_fl46blw10_48v_5n_m_de_2__fl46blw10_48v_5n_m_de__êäèë1.stl,vendor_motor_parts,3.7452900945165836e-05,-0.00048691546990284665,7.741652882946419e-07,1.9852930949355682e-08,-0.1451197333332075,-0.2783755001083251,0.053896452725068475,3.721241491408982e-11,-6.775570722596493e-14,-1.2732964723639204e-14,7.409641321462231e-11,-2.525162931499824e-15,7.409912479287198e-11,1.3966815926753484e-08,2681.5632955700858,,True,b7094f2f67d456e424842e30
1151,1_2_05_000555_fl46blw10_48v_5n_m_de_2__fl46blw10_48v_5n_m_de__êäèë1_78,assets/1_2_05_000555_fl46blw10_48v_5n_m_de_2__fl46blw10_48v_5n_m_de__êäèë1.stl,vendor_motor_parts,5.05564929384142e-05,-0.0005885177475925705,5.704958175487715e-07,1.304831538170157e-07,-0.1402444638062315,-0.28396880914610884,0.054458748215855786,4.248449341343423e-11,-1.044328441854737e-13,-2.989204937804672e-14,1.9784970084350223e-10,-7.395239804311774e-15,1.9784623482054316e-10,1.884688014215633e-08,2682.4860431584343,,True,b7094f2f67d456e424842e30
1152,1_1_02_eb461_502_fl46blw10_48v_5n_m_de_2__fl46blw10_48v_5n_m_de__êäèë1_10,assets/1_1_02_eb461_502_fl46blw10_48v_5n_m_de_2__fl46blw10_48v_5n_m_de__êäèë1.stl,vendor_motor_parts,0.010039340782280859,-3.586426461437877e-16,8.806751077780196e-18,0.006147535551138196,-0.14647191352400968,-0.2845189773595605,0.07460020848660122,2.210326047415242e-06,3.16440961795669e-09,0.0,2.1950472758632107e-06,0.0,4.27861811833164e-06,3.74193226570368e-06,2682.9295854164625,,True,b7094f2f67d456e424842e30
1153,1_2_05_000438_fl46blw10_48v_5n_m_de_2__fl46blw10_48v_5n_m_de__êäèë1_80,assets/1_2_05_000438_fl46blw10_48v_5n_m_de_2__fl46blw10_48v_5n_m_de__êäèë1.stl,vendor_motor_parts,3.7452900945165836e-05,-0.00048691546990284665,7.741652882946419e-07,1.9852930949355682e-08,-0.13537848351806617,-0.26955888784693227,0.06358441350324491,3.721241491408982e-11,-6.775570722596493e-14,-1.2732964723639204e-14,7.409641321462231e-11,-2.525162931499824e-15,7.409912479287198e-11,1.3966815926753484e-08,2681.5632955700858,,True,b7094f2f67d456e424842e30
1154,1_2_05_000555_fl46blw10_48v_5n_m_de_2__fl46blw10_48v_5n_m_de__êäèë1_79,assets/1_2_05_000555_fl46blw10_48v_5n_m_de_2__fl46blw10_48v_5n_m_de__êäèë1.stl,vendor_motor_parts,5.05564929384142e-05,-0.0005885177475925705,5.704958175487715e-07,1.304831538170157e-07,-0.12900817351072424,-0.2737990653584109,0.07958654063804987,4.248449341343423e-11,-1.044328441854737e-13,-2.989204937804672e-14,1.9784970084350223e-10,-7.395239804311774e-15,1.9784623482054316e-10,1.884688014215633e-08,2682.4860431584343,,True,b7094f2f67d456e424842e30
1155,1_2_05_000555_fl46blw10_48v_5n_m_de_2__fl46blw10_48v_5n_m_de__êäèë1_80,assets/1_2_05_000555_fl46blw10_48v_5n_m_de_2__fl46blw10_48v_5n_m_de__êäèë1.stl,vendor_motor_parts,5.05564929384142e-05,-0.0005885177475925705,5.704958175487715e-07,1.304831538170157e-07,-0.13599616496868483,-0.28012375801489037,0.09236824090458412,4.248449341343423e-11,-1.044328441854737e-13,-2.989204937804672e-14,1.9784970084350223e-10,-7.395239804311774e-15,1.9784623482054316e-10,1.884688014215633e-08,2682.4860431584343,,True,b7094f2f67d456e424842e30
1156,1_2_16_001425_fl46blw10_48v_5n_m_de_2__fl46blw10_48v_5n_m_de__çð³ý_à_éì2_10,assets/1_2_16_001425_fl46blw10_48v_5n_m_de_2__fl46blw10_48v_5n_m_de__çð³ý_à_éì2.stl,vendor_motor_parts,0.005650791388921487,0.019710827212435496,0.029193947313439654,-0.001370346572845048,-0.169790396807407,-0.26128043907915627,0.07191918485927158,5.861088062380172e-07,1.1851487070701593e-07,-3.477754440213315e-08,5.863219974088678e-07,3.342008144736537e-08,1.1460091017245543e-06,2.10683307039721e-06,2682.125825875763,,True,b7094f2f67d456e424842e30
1157,revolve1_1_10,assets/revolve1_1.stl,separate_bearing_parts,0.0025808941287641892,3.4221896053592956e-18,4.50855964342779e-18,-9.041649675540525e-19,-0.17374816080495273,-0.2543821480530473,0.07460020848660094,2.0906988509379785e-07,0.0,0.0,2.0906988509379798e-07,0.0,4.0702141010220996e-07,3.2848585175766894e-07,7856.941524130452,,True,90e95efa79c7cf10f5549d54
1158,cirpattern1_7_10,assets/cirpattern1_7.stl,separate_bearing_parts,0.0001284694723599898,-0.0025726433910913246,-0.01043762453733004,-3.239573485869483e-19,-0.16585432978214812,-0.24723759794851816,0.07311517125229225,1.2747383394919987e-10,0.0,0.0,1.2747383394919987e-10,0.0,1.2747383394919982e-10,1.631367558714738e-08,7874.95568817144,,True,90e95efa79c7cf10f5549d54
1159,revolve3_1_10,assets/revolve3_1.stl,separate_bearing_parts,0.0007627277500685167,9.31352628334693e-19,9.116630120069628e-19,0.0019646723832599214,-0.1724297810059014,-0.2558387922371217,0.07460020848660097,4.203917689001855e-08,0.0,0.0,4.2039176890018546e-08,0.0,8.39900202997911e-08,9.703949146599542e-08,7859.972662117585,,True,90e95efa79c7cf10f5549d54
1160,cirpattern1_8_10,assets/cirpattern1_8.stl,separate_bearing_parts,0.0001284694723599898,-0.0071285685760886204,-0.008046490542839279,-3.239573485869483e-19,-0.16727019651600694,-0.24851907088506417,0.06833739723338397,1.274738339491999e-10,0.0,0.0,1.2747383394919992e-10,0.0,1.2747383394919987e-10,1.631367538754823e-08,7874.955784522164,,True,90e95efa79c7cf10f5549d54
1161,cirpattern1_11_10,assets/cirpattern1_11.stl,separate_bearing_parts,0.00012846947235998983,-0.008847076558356728,0.006106696027360029,-3.239573485869483e-19,-0.1775768364215426,-0.2578474065185115,0.06517175544326122,1.2747383394919997e-10,0.0,0.0,1.2747383394919997e-10,0.0,1.2747383394920002e-10,1.6313675549085067e-08,7874.9557065449235,,True,90e95efa79c7cf10f5549d54
1162,cirpattern2_10,assets/cirpattern2.stl,separate_bearing_parts,6.447682549723187e-05,-1.861447870219261e-15,-1.2630904970899047e-16,0.00220448941067994,-0.172268853450186,-0.2560165969852361,0.07460020848659914,4.30832463485691e-09,0.0,0.0,4.308324634857926e-09,0.0,8.615135910928939e-09,8.189763014391634e-09,7872.856074580987,,True,90e95efa79c7cf10f5549d54
1163,cirpattern1_9_10,assets/cirpattern1_9.stl,separate_bearing_parts,0.00012846947235998983,-0.010051424608868239,-0.0038120025357071645,-3.239573485869483e-19,-0.1701700868005306,-0.2511437041430556,0.06499435779753027,1.2747383394919987e-10,0.0,0.0,1.274738339491999e-10,0.0,1.2747383394919987e-10,1.6313675512680223e-08,7874.95572411831,,True,90e95efa79c7cf10f5549d54
1164,cirpattern1_3_10,assets/cirpattern1_3.stl,separate_bearing_parts,0.00012846947235998983,0.0106716203965541,0.0012957693127446897,-3.239573485869483e-19,-0.17551786730471192,-0.2559838743531558,0.0850818644513927,1.2747383394919987e-10,0.0,0.0,1.2747383394919987e-10,0.0,1.274738339491998e-10,1.6313675419325952e-08,7874.955769182388,,True,90e95efa79c7cf10f5549d54
1165,cirpattern1_6_10,assets/cirpattern1_6.stl,separate_bearing_parts,0.0001284694723599898,0.00257264339109118,-0.010437624537330078,-3.239573485869483e-19,-0.16624684460463737,-0.24759285533975725,0.07823314940494187,1.2747383394919997e-10,0.0,0.0,1.2747383394919997e-10,0.0,1.2747383394920002e-10,1.631367558714738e-08,7874.95568817144,,True,90e95efa79c7cf10f5549d54
1166,cirpattern1_5_10,assets/cirpattern1_5.stl,separate_bearing_parts,0.00012846947235998983,0.00712856857608851,-0.00804649054283938,-3.239573485869483e-19,-0.16835782056795878,-0.24950345787176423,0.08251886457488382,1.2747383394919992e-10,0.0,0.0,1.2747383394919992e-10,0.0,1.2747383394919995e-10,1.631367538754823e-08,7874.955784522166,,True,90e95efa79c7cf10f5549d54
1167,revolve1_2_10,assets/revolve1_2.stl,separate_bearing_parts,0.0017875603307419146,3.7254812207917504e-19,-2.3248196583897076e-18,-5.732587536556652e-18,-0.17374816080495273,-0.2543821480530473,0.07460020848660094,7.518736928316261e-08,0.0,0.0,7.518736928316266e-08,0.0,1.4297889999819628e-07,2.2752139446240923e-07,7856.669193530514,,True,90e95efa79c7cf10f5549d54
1168,revolve2_10,assets/revolve2.stl,separate_bearing_parts,0.00012846947235998983,0.0,0.010749999999999997,-3.239573485869483e-19,-0.18167610609828255,-0.2615575743081228,0.07349411559540873,1.2747383394919992e-10,0.0,0.0,1.2747383394919992e-10,0.0,1.2747383394919992e-10,1.6313675712392897e-08,7874.955627712786,,True,90e95efa79c7cf10f5549d54
1169,cirpattern1_12_10,assets/cirpattern1_12.stl,separate_bearing_parts,0.00012846947235998983,-0.00499577409947039,0.009518652275772069,-3.239573485869483e-19,-0.1803868986808663,-0.2603907382101305,0.0686515528620823,1.2747383394919992e-10,0.0,0.0,1.2747383394919992e-10,0.0,1.2747383394919992e-10,1.6313675368739867e-08,7874.955793601361,,True,90e95efa79c7cf10f5549d54
1170,cirpattern1_1_10,assets/cirpattern1_1.stl,separate_bearing_parts,0.00012846947235998983,0.00499577409947052,0.009518652275771998,-3.239573485869483e-19,-0.18114911679109502,-0.2610806067243379,0.07859007088024308,1.2747383394920002e-10,0.0,0.0,1.2747383394920002e-10,0.0,1.2747383394920013e-10,1.6313675368739867e-08,7874.955793601361,,True,90e95efa79c7cf10f5549d54
1171,cirpattern1_2_10,assets/cirpattern1_2.stl,separate_bearing_parts,0.00012846947235998983,0.00884707655835682,0.00610669602735991,-3.239573485869483e-19,-0.17892665765867066,-0.2590691029841383,0.0827719967737483,1.2747383394919997e-10,0.0,0.0,1.2747383394919997e-10,0.0,1.274738339492e-10,1.6313675549085063e-08,7874.955706544925,,True,90e95efa79c7cf10f5549d54
1172,cirpattern1_4_10,assets/cirpattern1_4.stl,separate_bearing_parts,0.0001284694723599898,0.0100514246088682,-0.0038120025357073,-3.239573485869483e-19,-0.17170365851893363,-0.2525317095297129,0.0849905110651511,1.2747383394919987e-10,0.0,0.0,1.2747383394919987e-10,0.0,1.2747383394919982e-10,1.6313675512680226e-08,7874.955724118307,,True,90e95efa79c7cf10f5549d54
1173,revolve3_2_10,assets/revolve3_2.stl,separate_bearing_parts,0.000762727750068509,7.536556395297857e-19,9.116630120069715e-19,-0.0019646723832599236,-0.17506654060400406,-0.25292550386897295,0.07460020848660091,4.203917689001809e-08,0.0,0.0,4.2039176890018076e-08,0.0,8.39900202997902e-08,9.703949146599543e-08,7859.972662117504,,True,90e95efa79c7cf10f5549d54
1174,mirror1_10,assets/mirror1.stl,separate_bearing_parts,6.447682549775924e-05,9.81138511381865e-17,2.629052823473247e-16,-0.002204489410681317,-0.17522746815972035,-0.2527476991208575,0.07460020848660098,4.3083246348836545e-09,0.0,0.0,4.308324634883543e-09,0.0,8.61513591098127e-09,8.18976494689939e-09,7872.854216917409,,True,90e95efa79c7cf10f5549d54
1175,cirpattern1_10_10,assets/cirpattern1_10.stl,separate_bearing_parts,0.00012846947235998983,-0.01067162039655406,0.00129576931274484,-3.239573485869483e-19,-0.1738896707190012,-0.25451022587334626,0.06385190299149258,1.2747383394919995e-10,0.0,0.0,1.2747383394919997e-10,0.0,1.2747383394919997e-10,1.631367541932595e-08,7874.95576918239,,True,90e95efa79c7cf10f5549d54
1176,pem_bsos_m3_6____c8b4713a2b299da432156142d6d3e6d8_10,assets/pem_bsos_m3_6____c8b4713a2b299da432156142d6d3e6d8.stl,catalog_fasteners_and_hardware,0.0004708484897520461,1.2857871311771532e-18,-7.140615387249737e-20,-0.002704641119787707,-0.1293731126107376,-0.25960515217354246,0.0048546411197795455,2.2347559044838597e-09,0.0,0.0,2.2347559044838597e-09,0.0,1.3514971868074787e-09,6.076658976780734e-08,7748.476449825232,,True,2822c454ce56982d40f39cf0
1177,1_1_31_eb463_510_fl46blw10_48v_5n_m_de_2__fl46blw10_48v_5n_m_de__êäèë1_11,assets/1_1_31_eb463_510_fl46blw10_48v_5n_m_de_2__fl46blw10_48v_5n_m_de__êäèë1.stl,vendor_motor_parts,0.003575505293965178,-2.7315060254748863e-17,7.873576435762016e-16,0.0012771643572305625,-0.10073504517648887,-0.25004211348394706,0.028249999999990654,7.574652128083713e-07,0.0,0.0,7.57465212808378e-07,0.0,1.5114087091854951e-06,1.3331368436788824e-06,2682.0242129820117,,True,b7094f2f67d456e424842e30
1178,1_2_05_000608_fl46blw10_48v_5n_m_de_2__fl46blw10_48v_5n_m_de__êäèë1_41,assets/1_2_05_000608_fl46blw10_48v_5n_m_de_2__fl46blw10_48v_5n_m_de__êäèë1.stl,vendor_motor_parts,0.0001251760225275824,-0.0017244299369855568,4.301994363033133e-07,5.908153300215281e-07,-0.13376786920352268,-0.22817407996591818,0.010538607143240827,1.4701007066345354e-10,-3.327071645877055e-13,-4.3546180126616626e-13,1.29287724369605e-09,1.2146236496910186e-14,1.2928563051173674e-09,4.669869596117045e-08,2680.5035976093454,,True,b7094f2f67d456e424842e30
1179,1_2_05_000555_fl46blw10_48v_5n_m_de_2__fl46blw10_48v_5n_m_de__êäèë1_81,assets/1_2_05_000555_fl46blw10_48v_5n_m_de_2__fl46blw10_48v_5n_m_de__êäèë1.stl,vendor_motor_parts,5.05564929384142e-05,-0.0005885177475925705,5.704958175487715e-07,1.304831538170157e-07,-0.08936063496024063,-0.23791486352069455,0.015762388085204932,4.248449341343423e-11,-1.044328441854737e-13,-2.989204937804672e-14,1.9784970084350223e-10,-7.395239804311774e-15,1.9784623482054316e-10,1.884688014215633e-08,2682.4860431584343,,True,b7094f2f67d456e424842e30
1180,1_2_05_000555_fl46blw10_48v_5n_m_de_2__fl46blw10_48v_5n_m_de__êäèë1_82,assets/1_2_05_000555_fl46blw10_48v_5n_m_de_2__fl46blw10_48v_5n_m_de__êäèë1.stl,vendor_motor_parts,5.05564929384142e-05,-0.0005885177475925705,5.704958175487715e-07,1.304831538170157e-07,-0.10378757496979785,-0.2509724011669301,0.04879761488495915,4.248449341343423e-11,-1.044328441854737e-13,-2.989204937804672e-14,1.9784970084350223e-10,-7.395239804311774e-15,1.9784623482054316e-10,1.884688014215633e-08,2682.4860431584343,,True,b7094f2f67d456e424842e30
1181,1_2_05_000608_fl46blw10_48v_5n_m_de_2__fl46blw10_48v_5n_m_de__êäèë1_42,assets/1_2_05_000608_fl46blw10_48v_5n_m_de_2__fl46blw10_48v_5n_m_de__êäèë1.stl,vendor_motor_parts,0.0001251760225275824,-0.0017244299369855568,4.301994363033133e-07,5.908153300215281e-07,-0.13962110248897708,-0.2334717254767734,0.03806674987224252,1.4701007066345354e-10,-3.327071645877055e-13,-4.3546180126616626e-13,1.29287724369605e-09,1.2146236496910186e-14,1.2928563051173674e-09,4.669869596117045e-08,2680.5035976093454,,True,b7094f2f67d456e424842e30
1182,1_2_05_000438_fl46blw10_48v_5n_m_de_2__fl46blw10_48v_5n_m_de__êäèë1_81,assets/1_2_05_000438_fl46blw10_48v_5n_m_de_2__fl46blw10_48v_5n_m_de__êäèë1.stl,vendor_motor_parts,3.7452900945165836e-05,-0.00048691546990284665,7.741652882946419e-07,1.9852930949355682e-08,-0.12228453348341502,-0.25770781302426377,0.02528239056031131,3.721241491408982e-11,-6.775570722596493e-14,-1.2732964723639204e-14,7.409641321462231e-11,-2.525162931499824e-15,7.409912479287198e-11,1.3966815926753484e-08,2681.5632955700858,,True,b7094f2f67d456e424842e30
1183,1_2_05_000438_fl46blw10_48v_5n_m_de_2__fl46blw10_48v_5n_m_de__êäèë1_82,assets/1_2_05_000438_fl46blw10_48v_5n_m_de_2__fl46blw10_48v_5n_m_de__êäèë1.stl,vendor_motor_parts,3.7452900945165836e-05,-0.00048691546990284665,7.741652882946419e-07,1.9852930949355682e-08,-0.1192537340044252,-0.2549646964472973,0.041086527668419866,3.721241491408982e-11,-6.775570722596493e-14,-1.2732964723639204e-14,7.409641321462231e-11,-2.525162931499824e-15,7.409912479287198e-11,1.3966815926753484e-08,2681.5632955700858,,True,b7094f2f67d456e424842e30
1184,1_2_05_000438_fl46blw10_48v_5n_m_de_2__fl46blw10_48v_5n_m_de__êäèë1_83,assets/1_2_05_000438_fl46blw10_48v_5n_m_de_2__fl46blw10_48v_5n_m_de__êäèë1.stl,vendor_motor_parts,3.7452900945165836e-05,-0.00048691546990284665,7.741652882946419e-07,1.9852930949355682e-08,-0.10442464708603456,-0.2415431835992564,0.007128799037843972,3.721241491408982e-11,-6.775570722596493e-14,-1.2732964723639204e-14,7.409641321462231e-11,-2.525162931499824e-15,7.409912479287198e-11,1.3966815926753484e-08,2681.5632955700858,,True,b7094f2f67d456e424842e30
1185,1_2_05_000608_fl46blw10_48v_5n_m_de_2__fl46blw10_48v_5n_m_de__êäèë1_43,assets/1_2_05_000608_fl46blw10_48v_5n_m_de_2__fl46blw10_48v_5n_m_de__êäèë1.stl,vendor_motor_parts,0.0001251760225275824,-0.0017244299369855568,4.301994363033133e-07,5.908153300215281e-07,-0.11335799865908346,-0.2097015103972977,0.018433250127736826,1.4701007066345354e-10,-3.327071645877055e-13,-4.3546180126616626e-13,1.29287724369605e-09,1.2146236496910186e-14,1.2928563051173674e-09,4.669869596117045e-08,2680.5035976093454,,True,b7094f2f67d456e424842e30
1186,1_1_06_eb463_507_fl46blw10_48v_5n_m_de_2__fl46blw10_48v_5n_m_de__çð³ý_à_éì1_11,assets/1_1_06_eb463_507_fl46blw10_48v_5n_m_de_2__fl46blw10_48v_5n_m_de__çð³ý_à_éì1.stl,vendor_motor_parts,0.021834137619844866,0.0004012204503875667,8.736567573188433e-09,0.00476273533540386,-0.1174798593587109,-0.23213328082661808,0.02819415225419717,7.3622577264053095e-06,5.003486689893402e-14,9.296968633897761e-08,7.177823787656781e-06,-1.8635080240921887e-12,1.0303171059560452e-05,8.136051779312388e-06,2683.628154304859,,True,b7094f2f67d456e424842e30
1187,1_2_05_000555_fl46blw10_48v_5n_m_de_2__fl46blw10_48v_5n_m_de__êäèë1_83,assets/1_2_05_000555_fl46blw10_48v_5n_m_de_2__fl46blw10_48v_5n_m_de__êäèë1.stl,vendor_motor_parts,5.05564929384142e-05,-0.0005885177475925705,5.704958175487715e-07,1.304831538170157e-07,-0.11090530037175633,-0.25741451344646554,0.011678896270038696,4.248449341343423e-11,-1.044328441854737e-13,-2.989204937804672e-14,1.9784970084350223e-10,-7.395239804311774e-15,1.9784623482054316e-10,1.884688014215633e-08,2682.4860431584343,,True,b7094f2f67d456e424842e30
1188,1_2_05_000438_fl46blw10_48v_5n_m_de_2__fl46blw10_48v_5n_m_de__êäèë1_84,assets/1_2_05_000438_fl46blw10_48v_5n_m_de_2__fl46blw10_48v_5n_m_de__êäèë1.stl,vendor_motor_parts,3.7452900945165836e-05,-0.00048691546990284665,7.741652882946419e-07,1.9852930949355682e-08,-0.11614212456420958,-0.2521484403750419,0.011216638814140752,3.721241491408982e-11,-6.775570722596493e-14,-1.2732964723639204e-14,7.409641321462231e-11,-2.525162931499824e-15,7.409912479287198e-11,1.3966815926753484e-08,2681.5632955700858,,True,b7094f2f67d456e424842e30
1189,1_2_05_000608_fl46blw10_48v_5n_m_de_2__fl46blw10_48v_5n_m_de__êäèë1_44,assets/1_2_05_000608_fl46blw10_48v_5n_m_de_2__fl46blw10_48v_5n_m_de__êäèë1.stl,vendor_motor_parts,0.0001251760225275824,-0.0017244299369855568,4.301994363033133e-07,5.908153300215281e-07,-0.11921123194453813,-0.21499915590815324,0.04596139285673803,1.4701007066345354e-10,-3.327071645877055e-13,-4.3546180126616626e-13,1.29287724369605e-09,1.2146236496910186e-14,1.2928563051173674e-09,4.669869596117045e-08,2680.5035976093454,,True,b7094f2f67d456e424842e30
1190,1_2_05_000555_fl46blw10_48v_5n_m_de_2__fl46blw10_48v_5n_m_de__êäèë1_84,assets/1_2_05_000555_fl46blw10_48v_5n_m_de_2__fl46blw10_48v_5n_m_de__êäèë1.stl,vendor_motor_parts,5.05564929384142e-05,-0.0005885177475925705,5.704958175487715e-07,1.304831538170157e-07,-0.08641237656550091,-0.2352464532441799,0.031137464753415275,4.248449341343423e-11,-1.044328441854737e-13,-2.989204937804672e-14,1.9784970084350223e-10,-7.395239804311774e-15,1.9784623482054316e-10,1.884688014215633e-08,2682.4860431584343,,True,b7094f2f67d456e424842e30
1191,1_2_05_000438_fl46blw10_48v_5n_m_de_2__fl46blw10_48v_5n_m_de__êäèë1_85,assets/1_2_05_000438_fl46blw10_48v_5n_m_de_2__fl46blw10_48v_5n_m_de__êäèë1.stl,vendor_motor_parts,3.7452900945165836e-05,-0.00048691546990284665,7.741652882946419e-07,1.9852930949355682e-08,-0.09399604043880434,-0.23210445828371404,0.015413472331562018,3.721241491408982e-11,-6.775570722596493e-14,-1.2732964723639204e-14,7.409641321462231e-11,-2.525162931499824e-15,7.409912479287198e-11,1.3966815926753484e-08,2681.5632955700858,,True,b7094f2f67d456e424842e30
1192,1_2_05_000555_fl46blw10_48v_5n_m_de_2__fl46blw10_48v_5n_m_de__êäèë1_85,assets/1_2_05_000555_fl46blw10_48v_5n_m_de_2__fl46blw10_48v_5n_m_de__êäèë1.stl,vendor_motor_parts,5.05564929384142e-05,-0.0005885177475925705,5.704958175487715e-07,1.304831538170157e-07,-0.09950593618296168,-0.24709717470798379,0.007702385115023833,4.248449341343423e-11,-1.044328441854737e-13,-2.989204937804672e-14,1.9784970084350223e-10,-7.395239804311774e-15,1.9784623482054316e-10,1.884688014215633e-08,2682.4860431584343,,True,b7094f2f67d456e424842e30
1193,1_2_05_000438_fl46blw10_48v_5n_m_de_2__fl46blw10_48v_5n_m_de__êäèë1_86,assets/1_2_05_000438_fl46blw10_48v_5n_m_de_2__fl46blw10_48v_5n_m_de__êäèë1.stl,vendor_motor_parts,3.7452900945165836e-05,-0.00048691546990284665,7.741652882946419e-07,1.9852930949355682e-08,-0.0909652409598153,-0.2293613417067478,0.03121760943967059,3.721241491408982e-11,-6.775570722596493e-14,-1.2732964723639204e-14,7.409641321462231e-11,-2.525162931499824e-15,7.409912479287198e-11,1.3966815926753484e-08,2681.5632955700858,,True,b7094f2f67d456e424842e30
1194,1_1_06_eb463_509_fl46blw10_48v_5n_m_de_2__fl46blw10_48v_5n_m_de__êäèë1_11,assets/1_1_06_eb463_509_fl46blw10_48v_5n_m_de_2__fl46blw10_48v_5n_m_de__êäèë1.stl,vendor_motor_parts,0.006371665639530841,0.00013994576758433452,9.862013103342203e-06,0.0011128094560400818,-0.12878088755184103,-0.21923037792329003,0.028326345311483127,1.0044230303899307e-06,2.6524788467401333e-08,1.2797173443951157e-10,1.0140751643727678e-06,-1.0029343708491859e-10,2.0034086306679993e-06,2.375886612947444e-06,2681.8054383607005,,True,b7094f2f67d456e424842e30
1195,1_2_05_000438_fl46blw10_48v_5n_m_de_2__fl46blw10_48v_5n_m_de__êäèë1_87,assets/1_2_05_000438_fl46blw10_48v_5n_m_de_2__fl46blw10_48v_5n_m_de__êäèë1.stl,vendor_motor_parts,3.7452900945165836e-05,-0.00048691546990284665,7.741652882946419e-07,1.9852930949355682e-08,-0.09710764987902026,-0.23492071435596948,0.04528336118584159,3.721241491408982e-11,-6.775570722596493e-14,-1.2732964723639204e-14,7.409641321462231e-11,-2.525162931499824e-15,7.409912479287198e-11,1.3966815926753484e-08,2681.5632955700858,,True,b7094f2f67d456e424842e30
1196,1_2_05_000555_fl46blw10_48v_5n_m_de_2__fl46blw10_48v_5n_m_de__êäèë1_86,assets/1_2_05_000555_fl46blw10_48v_5n_m_de_2__fl46blw10_48v_5n_m_de__êäèë1.stl,vendor_motor_parts,5.05564929384142e-05,-0.0005885177475925705,5.704958175487715e-07,1.304831538170157e-07,-0.09238821078100343,-0.24065506242844872,0.04482110372994384,4.248449341343423e-11,-1.044328441854737e-13,-2.989204937804672e-14,1.9784970084350223e-10,-7.395239804311774e-15,1.9784623482054316e-10,1.884688014215633e-08,2682.4860431584343,,True,b7094f2f67d456e424842e30
1197,1_1_02_eb461_502_fl46blw10_48v_5n_m_de_2__fl46blw10_48v_5n_m_de__êäèë1_11,assets/1_1_02_eb461_502_fl46blw10_48v_5n_m_de_2__fl46blw10_48v_5n_m_de__êäèë1.stl,vendor_motor_parts,0.010039340782280859,-3.586426461437877e-16,8.806751077780196e-18,0.006147535551138196,-0.1041772470683698,-0.2462389124869154,0.028249999999991303,2.210326047415242e-06,3.16440961795669e-09,0.0,2.1950472758632107e-06,0.0,4.27861811833164e-06,3.74193226570368e-06,2682.9295854164625,,True,b7094f2f67d456e424842e30
1198,1_2_05_000438_fl46blw10_48v_5n_m_de_2__fl46blw10_48v_5n_m_de__êäèë1_88,assets/1_2_05_000438_fl46blw10_48v_5n_m_de_2__fl46blw10_48v_5n_m_de__êäèë1.stl,vendor_motor_parts,3.7452900945165836e-05,-0.00048691546990284665,7.741652882946419e-07,1.9852930949355682e-08,-0.1088251273571954,-0.24552597113175506,0.04937120096213794,3.721241491408982e-11,-6.775570722596493e-14,-1.2732964723639204e-14,7.409641321462231e-11,-2.525162931499824e-15,7.409912479287198e-11,1.3966815926753484e-08,2681.5632955700858,,True,b7094f2f67d456e424842e30
1199,1_2_05_000555_fl46blw10_48v_5n_m_de_2__fl46blw10_48v_5n_m_de__êäèë1_87,assets/1_2_05_000555_fl46blw10_48v_5n_m_de_2__fl46blw10_48v_5n_m_de__êäèë1.stl,vendor_motor_parts,5.05564929384142e-05,-0.0005885177475925705,5.704958175487715e-07,1.304831538170157e-07,-0.11393287619251923,-0.2601547123542195,0.04073761191477773,4.248449341343423e-11,-1.044328441854737e-13,-2.989204937804672e-14,1.9784970084350223e-10,-7.395239804311774e-15,1.9784623482054316e-10,1.884688014215633e-08,2682.4860431584343,,True,b7094f2f67d456e424842e30
1200,1_2_05_000555_fl46blw10_48v_5n_m_de_2__fl46blw10_48v_5n_m_de__êäèë1_88,assets/1_2_05_000555_fl46blw10_48v_5n_m_de_2__fl46blw10_48v_5n_m_de__êäèë1.stl,vendor_motor_parts,5.05564929384142e-05,-0.0005885177475925705,5.704958175487715e-07,1.304831538170157e-07,-0.11688113458725884,-0.2628231226307344,0.02536253524656746,4.248449341343423e-11,-1.044328441854737e-13,-2.989204937804672e-14,1.9784970084350223e-10,-7.395239804311774e-15,1.9784623482054316e-10,1.884688014215633e-08,2682.4860431584343,,True,b7094f2f67d456e424842e30
1201,1_2_16_001425_fl46blw10_48v_5n_m_de_2__fl46blw10_48v_5n_m_de__çð³ý_à_éì2_11,assets/1_2_16_001425_fl46blw10_48v_5n_m_de_2__fl46blw10_48v_5n_m_de__çð³ý_à_éì2.stl,vendor_motor_parts,0.005650791388921487,0.019710827212435496,0.029193947313439654,-0.001370346572845048,-0.12390420422476434,-0.21974975504681937,0.028625381408377795,5.861088062380172e-07,1.1851487070701593e-07,-3.477754440213315e-08,5.863219974088678e-07,3.342008144736537e-08,1.1460091017245543e-06,2.10683307039721e-06,2682.125825875763,,True,b7094f2f67d456e424842e30
1202,revolve1_1_11,assets/revolve1_1.stl,separate_bearing_parts,0.0025808941287641892,3.4221896053592956e-18,4.50855964342779e-18,-9.041649675540525e-19,-0.13145349434931122,-0.21610208318040067,0.02824999999999244,2.0906988509379785e-07,0.0,0.0,2.0906988509379798e-07,0.0,4.0702141010220996e-07,3.2848585175766894e-07,7856.941524130452,,True,90e95efa79c7cf10f5549d54
1203,cirpattern1_7_11,assets/cirpattern1_7.stl,separate_bearing_parts,0.0001284694723599898,-0.0025726433910913246,-0.01043762453733004,-3.239573485869483e-19,-0.1355768047240724,-0.2198340097296136,0.0374496486772337,1.2747383394919987e-10,0.0,0.0,1.2747383394919987e-10,0.0,1.2747383394919982e-10,1.631367558714738e-08,7874.95568817144,,True,90e95efa79c7cf10f5549d54
1204,revolve3_1_11,assets/revolve3_1.stl,separate_bearing_parts,0.0007627277500685167,9.31352628334693e-19,9.116630120069628e-19,0.0019646723832599214,-0.13013511455025992,-0.217558727364475,0.028249999999992476,4.203917689001855e-08,0.0,0.0,4.2039176890018546e-08,0.0,8.39900202997911e-08,9.703949146599542e-08,7859.972662117585,,True,90e95efa79c7cf10f5549d54
1205,cirpattern1_8_11,assets/cirpattern1_8.stl,separate_bearing_parts,0.0001284694723599898,-0.0071285685760886204,-0.008046490542839279,-3.239573485869483e-19,-0.1319347259121521,-0.21653763633610712,0.03898038720789324,1.274738339491999e-10,0.0,0.0,1.2747383394919992e-10,0.0,1.2747383394919987e-10,1.631367538754823e-08,7874.955784522164,,True,90e95efa79c7cf10f5549d54
1206,cirpattern1_11_11,assets/cirpattern1_11.stl,separate_bearing_parts,0.00012846947235998983,-0.008847076558356728,0.006106696027360029,-3.239573485869483e-19,-0.12361380033122651,-0.20900653140654418,0.030187741656490668,1.2747383394919997e-10,0.0,0.0,1.2747383394919997e-10,0.0,1.2747383394920002e-10,1.6313675549085067e-08,7874.9557065449235,,True,90e95efa79c7cf10f5549d54
1207,cirpattern2_11,assets/cirpattern2.stl,separate_bearing_parts,6.447682549723187e-05,-1.861447870219261e-15,-1.2630904970899047e-16,0.00220448941067994,-0.12997418699454386,-0.21773653211258887,0.028249999999993888,4.30832463485691e-09,0.0,0.0,4.308324634857926e-09,0.0,8.615135910928939e-09,8.189763014391634e-09,7872.856074580987,,True,90e95efa79c7cf10f5549d54
1208,cirpattern1_9_11,assets/cirpattern1_9.stl,separate_bearing_parts,0.00012846947235998983,-0.010051424608868239,-0.0038120025357071645,-3.239573485869483e-19,-0.128182402748654,-0.21314148296361282,0.03805292334440694,1.2747383394919987e-10,0.0,0.0,1.274738339491999e-10,0.0,1.2747383394919987e-10,1.6313675512680223e-08,7874.95572411831,,True,90e95efa79c7cf10f5549d54
1209,cirpattern1_3_11,assets/cirpattern1_3.stl,separate_bearing_parts,0.00012846947235998983,0.0106716203965541,0.0012957693127446897,-3.239573485869483e-19,-0.1363688963480289,-0.22055091616938777,0.019787777583445847,1.2747383394919987e-10,0.0,0.0,1.2747383394919987e-10,0.0,1.274738339491998e-10,1.6313675419325952e-08,7874.955769182388,,True,90e95efa79c7cf10f5549d54
1210,cirpattern1_6_11,assets/cirpattern1_6.stl,separate_bearing_parts,0.0001284694723599898,0.00257264339109118,-0.010437624537330078,-3.239573485869483e-19,-0.1382742828204117,-0.22227544372528577,0.03381138150240334,1.2747383394919997e-10,0.0,0.0,1.2747383394919997e-10,0.0,1.2747383394920002e-10,1.631367558714738e-08,7874.95568817144,,True,90e95efa79c7cf10f5549d54
1211,cirpattern1_5_11,assets/cirpattern1_5.stl,separate_bearing_parts,0.00012846947235998983,0.00712856857608851,-0.00804649054283938,-3.239573485869483e-19,-0.13940920047743377,-0.22330263521718433,0.028899068847283247,1.2747383394919992e-10,0.0,0.0,1.2747383394919992e-10,0.0,1.2747383394919995e-10,1.631367538754823e-08,7874.955784522166,,True,90e95efa79c7cf10f5549d54
1212,revolve1_2_11,assets/revolve1_2.stl,separate_bearing_parts,0.0017875603307419146,3.7254812207917504e-19,-2.3248196583897076e-18,-5.732587536556652e-18,-0.13145349434931122,-0.21610208318040067,0.028249999999992448,7.518736928316261e-08,0.0,0.0,7.518736928316266e-08,0.0,1.4297889999819628e-07,2.2752139446240923e-07,7856.669193530514,,True,90e95efa79c7cf10f5549d54
1213,revolve2_11,assets/revolve2.stl,separate_bearing_parts,0.00012846947235998983,0.0,0.010749999999999997,-3.239573485869483e-19,-0.1258176783563023,-0.21100121775452127,0.0206486021022362,1.2747383394919992e-10,0.0,0.0,1.2747383394919992e-10,0.0,1.2747383394919992e-10,1.6313675712392897e-08,7874.955627712786,,True,90e95efa79c7cf10f5549d54
1214,cirpattern1_12_11,assets/cirpattern1_12.stl,separate_bearing_parts,0.00012846947235998983,-0.00499577409947039,0.009518652275772069,-3.239573485869483e-19,-0.12384413283350217,-0.209215000792126,0.025051842171047754,1.2747383394919992e-10,0.0,0.0,1.2747383394919992e-10,0.0,1.2747383394919992e-10,1.6313675368739867e-08,7874.955793601361,,True,90e95efa79c7cf10f5549d54
1215,cirpattern1_1_11,assets/cirpattern1_1.stl,separate_bearing_parts,0.00012846947235998983,0.00499577409947052,0.009518652275771998,-3.239573485869483e-19,-0.12908232140415538,-0.2139559815138933,0.017986750685025185,1.2747383394920002e-10,0.0,0.0,1.2747383394920002e-10,0.0,1.2747383394920013e-10,1.6313675368739867e-08,7874.955793601361,,True,90e95efa79c7cf10f5549d54
1216,cirpattern1_2_11,assets/cirpattern1_2.stl,separate_bearing_parts,0.00012846947235998983,0.00884707655835682,0.00610669602735991,-3.239573485869483e-19,-0.13289017159801192,-0.2174023913017334,0.01767608600031081,1.2747383394919997e-10,0.0,0.0,1.2747383394919997e-10,0.0,1.274738339492e-10,1.6313675549085063e-08,7874.955706544925,,True,90e95efa79c7cf10f5549d54
1217,cirpattern1_4_11,assets/cirpattern1_4.stl,separate_bearing_parts,0.0001284694723599898,0.0100514246088682,-0.0038120025357073,-3.239573485869483e-19,-0.13872156173715527,-0.22268026701351473,0.02383806234137639,1.2747383394919987e-10,0.0,0.0,1.2747383394919987e-10,0.0,1.2747383394919982e-10,1.6313675512680226e-08,7874.955724118307,,True,90e95efa79c7cf10f5549d54
1218,revolve3_2_11,assets/revolve3_2.stl,separate_bearing_parts,0.000762727750068509,7.536556395297857e-19,9.116630120069715e-19,-0.0019646723832599236,-0.13277187414836253,-0.21464543899632632,0.028249999999992417,4.203917689001809e-08,0.0,0.0,4.2039176890018076e-08,0.0,8.39900202997902e-08,9.703949146599543e-08,7859.972662117504,,True,90e95efa79c7cf10f5549d54
1219,mirror1_11,assets/mirror1.stl,separate_bearing_parts,6.447682549775924e-05,9.81138511381865e-17,2.629052823473247e-16,-0.002204489410681317,-0.13293280170407853,-0.21446763424821055,0.02824999999999216,4.3083246348836545e-09,0.0,0.0,4.308324634883543e-09,0.0,8.61513591098127e-09,8.18976494689939e-09,7872.854216917409,,True,90e95efa79c7cf10f5549d54
1220,cirpattern1_10_11,assets/cirpattern1_10.stl,separate_bearing_parts,0.00012846947235998983,-0.01067162039655406,0.00129576931274484,-3.239573485869483e-19,-0.12517944724993924,-0.21042356742168425,0.03487972788074831,1.2747383394919995e-10,0.0,0.0,1.2747383394919997e-10,0.0,1.2747383394919997e-10,1.631367541932595e-08,7874.95576918239,,True,90e95efa79c7cf10f5549d54
1221,1_1_31_eb463_510_fl46blw10_48v_5n_m_de_2__fl46blw10_48v_5n_m_de__êäèë1_12,assets/1_1_31_eb463_510_fl46blw10_48v_5n_m_de_2__fl46blw10_48v_5n_m_de__êäèë1.stl,vendor_motor_parts,0.003575505293965178,-2.7315060254748863e-17,7.873576435762016e-16,0.0012771643572305625,-0.08002552531020013,-0.19990288565362072,0.05152716435722362,7.574652128083713e-07,0.0,0.0,7.57465212808378e-07,0.0,1.5114087091854951e-06,1.3331368436788824e-06,2682.0242129820117,,True,b7094f2f67d456e424842e30
1222,1_2_05_000608_fl46blw10_48v_5n_m_de_2__fl46blw10_48v_5n_m_de__êäèë1_45,assets/1_2_05_000608_fl46blw10_48v_5n_m_de_2__fl46blw10_48v_5n_m_de__êäèë1.stl,vendor_motor_parts,0.0001251760225275824,-0.0017244299369855568,4.301994363033133e-07,5.908153300215281e-07,-0.07398671291502196,-0.1805742861224659,0.013147354885415328,1.4701007066345354e-10,-3.327071645877055e-13,-4.3546180126616626e-13,1.29287724369605e-09,1.2146236496910186e-14,1.2928563051173674e-09,4.669869596117045e-08,2680.5035976093454,,True,b7094f2f67d456e424842e30
1223,1_2_05_000555_fl46blw10_48v_5n_m_de_2__fl46blw10_48v_5n_m_de__êäèë1_89,assets/1_2_05_000555_fl46blw10_48v_5n_m_de_2__fl46blw10_48v_5n_m_de__êäèë1.stl,vendor_motor_parts,5.05564929384142e-05,-0.0005885177475925705,5.704958175487715e-07,1.304831538170157e-07,-0.09877654252269943,-0.19101799490251234,0.050168517747585614,4.248449341343423e-11,-1.044328441854737e-13,-2.989204937804672e-14,1.9784970084350223e-10,-7.395239804311774e-15,1.9784623482054316e-10,1.884688014215633e-08,2682.4860431584343,,True,b7094f2f67d456e424842e30
1224,1_2_05_000555_fl46blw10_48v_5n_m_de_2__fl46blw10_48v_5n_m_de__êäèë1_90,assets/1_2_05_000555_fl46blw10_48v_5n_m_de_2__fl46blw10_48v_5n_m_de__êäèë1.stl,vendor_motor_parts,5.05564929384142e-05,-0.0005885177475925705,5.704958175487715e-07,1.304831538170157e-07,-0.07304912038530569,-0.21944442357893748,0.05016851774758562,4.248449341343423e-11,-1.044328441854737e-13,-2.989204937804672e-14,1.9784970084350223e-10,-7.395239804311774e-15,1.9784623482054316e-10,1.884688014215633e-08,2682.4860431584343,,True,b7094f2f67d456e424842e30
1225,1_2_05_000608_fl46blw10_48v_5n_m_de_2__fl46blw10_48v_5n_m_de__êäèë1_46,assets/1_2_05_000608_fl46blw10_48v_5n_m_de_2__fl46blw10_48v_5n_m_de__êäèë1.stl,vendor_motor_parts,0.0001251760225275824,-0.0017244299369855568,4.301994363033133e-07,5.908153300215281e-07,-0.060696925779044286,-0.20594169804879894,0.013147354885415305,1.4701007066345354e-10,-3.327071645877055e-13,-4.3546180126616626e-13,1.29287724369605e-09,1.2146236496910186e-14,1.2928563051173674e-09,4.669869596117045e-08,2680.5035976093454,,True,b7094f2f67d456e424842e30
1226,1_2_05_000438_fl46blw10_48v_5n_m_de_2__fl46blw10_48v_5n_m_de__êäèë1_89,assets/1_2_05_000438_fl46blw10_48v_5n_m_de_2__fl46blw10_48v_5n_m_de__êäèë1.stl,vendor_motor_parts,3.7452900945165836e-05,-0.00048691546990284665,7.741652882946419e-07,1.9852930949355682e-08,-0.05993839328713467,-0.19273218394756378,0.04275001985292397,3.721241491408982e-11,-6.775570722596493e-14,-1.2732964723639204e-14,7.409641321462231e-11,-2.525162931499824e-15,7.409912479287198e-11,1.3966815926753484e-08,2681.5632955700858,,True,b7094f2f67d456e424842e30
1227,1_2_05_000438_fl46blw10_48v_5n_m_de_2__fl46blw10_48v_5n_m_de__êäèë1_90,assets/1_2_05_000438_fl46blw10_48v_5n_m_de_2__fl46blw10_48v_5n_m_de__êäèë1.stl,vendor_motor_parts,3.7452900945165836e-05,-0.00048691546990284665,7.741652882946419e-07,1.9852930949355682e-08,-0.06075132623987946,-0.20903618111950162,0.04275001985292396,3.721241491408982e-11,-6.775570722596493e-14,-1.2732964723639204e-14,7.409641321462231e-11,-2.525162931499824e-15,7.409912479287198e-11,1.3966815926753484e-08,2681.5632955700858,,True,b7094f2f67d456e424842e30
1228,1_2_05_000438_fl46blw10_48v_5n_m_de_2__fl46blw10_48v_5n_m_de__êäèë1_91,assets/1_2_05_000438_fl46blw10_48v_5n_m_de_2__fl46blw10_48v_5n_m_de__êäèë1.stl,vendor_motor_parts,3.7452900945165836e-05,-0.00048691546990284665,7.741652882946419e-07,1.9852930949355682e-08,-0.08719622701625733,-0.1798157536305564,0.04275001985292397,3.721241491408982e-11,-6.775570722596493e-14,-1.2732964723639204e-14,7.409641321462231e-11,-2.525162931499824e-15,7.409912479287198e-11,1.3966815926753484e-08,2681.5632955700858,,True,b7094f2f67d456e424842e30
1229,1_2_05_000608_fl46blw10_48v_5n_m_de_2__fl46blw10_48v_5n_m_de__êäèë1_47,assets/1_2_05_000608_fl46blw10_48v_5n_m_de_2__fl46blw10_48v_5n_m_de__êäèë1.stl,vendor_motor_parts,0.0001251760225275824,-0.0017244299369855568,4.301994363033133e-07,5.908153300215281e-07,-0.09935412484135507,-0.19386407325844365,0.013147354885415317,1.4701007066345354e-10,-3.327071645877055e-13,-4.3546180126616626e-13,1.29287724369605e-09,1.2146236496910186e-14,1.2928563051173674e-09,4.669869596117045e-08,2680.5035976093454,,True,b7094f2f67d456e424842e30
1230,1_1_06_eb463_507_fl46blw10_48v_5n_m_de_2__fl46blw10_48v_5n_m_de__çð³ý_à_éì1_12,assets/1_1_06_eb463_507_fl46blw10_48v_5n_m_de_2__fl46blw10_48v_5n_m_de__çð³ý_à_éì1.stl,vendor_motor_parts,0.021834137619844866,0.0004012204503875667,8.736567573188433e-09,0.00476273533540386,-0.07964766752642265,-0.19976797329271734,0.027012735335396762,7.3622577264053095e-06,5.003486689893402e-14,9.296968633897761e-08,7.177823787656781e-06,-1.8635080240921887e-12,1.0303171059560452e-05,8.136051779312388e-06,2683.628154304859,,True,b7094f2f67d456e424842e30
1231,1_2_05_000555_fl46blw10_48v_5n_m_de_2__fl46blw10_48v_5n_m_de__êäèë1_91,assets/1_2_05_000555_fl46blw10_48v_5n_m_de_2__fl46blw10_48v_5n_m_de__êäèë1.stl,vendor_motor_parts,5.05564929384142e-05,-0.0005885177475925705,5.704958175487715e-07,1.304831538170157e-07,-0.07114063455909057,-0.18115186844112158,0.050168517747585614,4.248449341343423e-11,-1.044328441854737e-13,-2.989204937804672e-14,1.9784970084350223e-10,-7.395239804311774e-15,1.9784623482054316e-10,1.884688014215633e-08,2682.4860431584343,,True,b7094f2f67d456e424842e30
1232,1_2_05_000438_fl46blw10_48v_5n_m_de_2__fl46blw10_48v_5n_m_de__êäèë1_92,assets/1_2_05_000438_fl46blw10_48v_5n_m_de_2__fl46blw10_48v_5n_m_de__êäèë1.stl,vendor_motor_parts,3.7452900945165836e-05,-0.00048691546990284665,7.741652882946419e-07,1.9852930949355682e-08,-0.07089222984431921,-0.18062868658330133,0.042750019852923954,3.721241491408982e-11,-6.775570722596493e-14,-1.2732964723639204e-14,7.409641321462231e-11,-2.525162931499824e-15,7.409912479287198e-11,1.3966815926753484e-08,2681.5632955700858,,True,b7094f2f67d456e424842e30
1233,1_2_05_000608_fl46blw10_48v_5n_m_de_2__fl46blw10_48v_5n_m_de__êäèë1_48,assets/1_2_05_000608_fl46blw10_48v_5n_m_de_2__fl46blw10_48v_5n_m_de__êäèë1.stl,vendor_motor_parts,0.0001251760225275824,-0.0017244299369855568,4.301994363033133e-07,5.908153300215281e-07,-0.08606433770537719,-0.21923148518477645,0.013147354885415323,1.4701007066345354e-10,-3.327071645877055e-13,-4.3546180126616626e-13,1.29287724369605e-09,1.2146236496910186e-14,1.2928563051173674e-09,4.669869596117045e-08,2680.5035976093454,,True,b7094f2f67d456e424842e30
1234,1_2_05_000555_fl46blw10_48v_5n_m_de_2__fl46blw10_48v_5n_m_de__êäèë1_92,assets/1_2_05_000555_fl46blw10_48v_5n_m_de_2__fl46blw10_48v_5n_m_de__êäèë1.stl,vendor_motor_parts,5.05564929384142e-05,-0.0005885177475925705,5.704958175487715e-07,1.304831538170157e-07,-0.0995670632355158,-0.2068792905785151,0.05016851774758563,4.248449341343423e-11,-1.044328441854737e-13,-2.989204937804672e-14,1.9784970084350223e-10,-7.395239804311774e-15,1.9784623482054316e-10,1.884688014215633e-08,2682.4860431584343,,True,b7094f2f67d456e424842e30
1235,1_2_05_000438_fl46blw10_48v_5n_m_de_2__fl46blw10_48v_5n_m_de__êäèë1_93,assets/1_2_05_000438_fl46blw10_48v_5n_m_de_2__fl46blw10_48v_5n_m_de__êäèë1.stl,vendor_motor_parts,3.7452900945165836e-05,-0.00048691546990284665,7.741652882946419e-07,1.9852930949355682e-08,-0.09929972438051975,-0.1907695901877408,0.04275001985292395,3.721241491408982e-11,-6.775570722596493e-14,-1.2732964723639204e-14,7.409641321462231e-11,-2.525162931499824e-15,7.409912479287198e-11,1.3966815926753484e-08,2681.5632955700858,,True,b7094f2f67d456e424842e30
1236,1_2_05_000555_fl46blw10_48v_5n_m_de_2__fl46blw10_48v_5n_m_de__êäèë1_93,assets/1_2_05_000555_fl46blw10_48v_5n_m_de_2__fl46blw10_48v_5n_m_de__êäèë1.stl,vendor_motor_parts,5.05564929384142e-05,-0.0005885177475925705,5.704958175487715e-07,1.304831538170157e-07,-0.0870019302350935,-0.18036134772830503,0.05016851774758561,4.248449341343423e-11,-1.044328441854737e-13,-2.989204937804672e-14,1.9784970084350223e-10,-7.395239804311774e-15,1.9784623482054316e-10,1.884688014215633e-08,2682.4860431584343,,True,b7094f2f67d456e424842e30
1237,1_2_05_000438_fl46blw10_48v_5n_m_de_2__fl46blw10_48v_5n_m_de__êäèë1_94,assets/1_2_05_000438_fl46blw10_48v_5n_m_de_2__fl46blw10_48v_5n_m_de__êäèë1.stl,vendor_motor_parts,3.7452900945165836e-05,-0.00048691546990284665,7.741652882946419e-07,1.9852930949355682e-08,-0.1001126573332646,-0.20707358735967885,0.04275001985292397,3.721241491408982e-11,-6.775570722596493e-14,-1.2732964723639204e-14,7.409641321462231e-11,-2.525162931499824e-15,7.409912479287198e-11,1.3966815926753484e-08,2681.5632955700858,,True,b7094f2f67d456e424842e30
1238,1_1_06_eb463_509_fl46blw10_48v_5n_m_de_2__fl46blw10_48v_5n_m_de__êäèë1_12,assets/1_1_06_eb463_509_fl46blw10_48v_5n_m_de_2__fl46blw10_48v_5n_m_de__êäèë1.stl,vendor_motor_parts,0.006371665639530841,0.00013994576758433452,9.862013103342203e-06,0.0011128094560400818,-0.07989483475328665,-0.19995389600062033,0.009862809456032944,1.0044230303899307e-06,2.6524788467401333e-08,1.2797173443951157e-10,1.0140751643727678e-06,-1.0029343708491859e-10,2.0034086306679993e-06,2.375886612947444e-06,2681.8054383607005,,True,b7094f2f67d456e424842e30
1239,1_2_05_000438_fl46blw10_48v_5n_m_de_2__fl46blw10_48v_5n_m_de__êäèë1_95,assets/1_2_05_000438_fl46blw10_48v_5n_m_de_2__fl46blw10_48v_5n_m_de__êäèë1.stl,vendor_motor_parts,3.7452900945165836e-05,-0.00048691546990284665,7.741652882946419e-07,1.9852930949355682e-08,-0.08915882077607998,-0.21917708472394126,0.04275001985292396,3.721241491408982e-11,-6.775570722596493e-14,-1.2732964723639204e-14,7.409641321462231e-11,-2.525162931499824e-15,7.409912479287198e-11,1.3966815926753484e-08,2681.5632955700858,,True,b7094f2f67d456e424842e30
1240,1_2_05_000555_fl46blw10_48v_5n_m_de_2__fl46blw10_48v_5n_m_de__êäèë1_94,assets/1_2_05_000555_fl46blw10_48v_5n_m_de_2__fl46blw10_48v_5n_m_de__êäèë1.stl,vendor_motor_parts,5.05564929384142e-05,-0.0005885177475925705,5.704958175487715e-07,1.304831538170157e-07,-0.0889104160613087,-0.218653902866121,0.05016851774758562,4.248449341343423e-11,-1.044328441854737e-13,-2.989204937804672e-14,1.9784970084350223e-10,-7.395239804311774e-15,1.9784623482054316e-10,1.884688014215633e-08,2682.4860431584343,,True,b7094f2f67d456e424842e30
1241,1_1_02_eb461_502_fl46blw10_48v_5n_m_de_2__fl46blw10_48v_5n_m_de__êäèë1_12,assets/1_1_02_eb461_502_fl46blw10_48v_5n_m_de_2__fl46blw10_48v_5n_m_de__êäèë1.stl,vendor_motor_parts,0.010039340782280859,-3.586426461437877e-16,8.806751077780196e-18,0.006147535551138196,-0.08002552531019985,-0.1999028856536215,0.046397535551131214,2.210326047415242e-06,3.16440961795669e-09,0.0,2.1950472758632107e-06,0.0,4.27861811833164e-06,3.74193226570368e-06,2682.9295854164625,,True,b7094f2f67d456e424842e30
1242,1_2_05_000438_fl46blw10_48v_5n_m_de_2__fl46blw10_48v_5n_m_de__êäèë1_96,assets/1_2_05_000438_fl46blw10_48v_5n_m_de_2__fl46blw10_48v_5n_m_de__êäèë1.stl,vendor_motor_parts,3.7452900945165836e-05,-0.00048691546990284665,7.741652882946419e-07,1.9852930949355682e-08,-0.07285482360414185,-0.2199900176766862,0.04275001985292397,3.721241491408982e-11,-6.775570722596493e-14,-1.2732964723639204e-14,7.409641321462231e-11,-2.525162931499824e-15,7.409912479287198e-11,1.3966815926753484e-08,2681.5632955700858,,True,b7094f2f67d456e424842e30
1243,1_2_05_000555_fl46blw10_48v_5n_m_de_2__fl46blw10_48v_5n_m_de__êäèë1_95,assets/1_2_05_000555_fl46blw10_48v_5n_m_de_2__fl46blw10_48v_5n_m_de__êäèë1.stl,vendor_motor_parts,5.05564929384142e-05,-0.0005885177475925705,5.704958175487715e-07,1.304831538170157e-07,-0.06127450809769978,-0.2087877764047304,0.050168517747585614,4.248449341343423e-11,-1.044328441854737e-13,-2.989204937804672e-14,1.9784970084350223e-10,-7.395239804311774e-15,1.9784623482054316e-10,1.884688014215633e-08,2682.4860431584343,,True,b7094f2f67d456e424842e30
1244,1_2_05_000555_fl46blw10_48v_5n_m_de_2__fl46blw10_48v_5n_m_de__êäèë1_96,assets/1_2_05_000555_fl46blw10_48v_5n_m_de_2__fl46blw10_48v_5n_m_de__êäèë1.stl,vendor_motor_parts,5.05564929384142e-05,-0.0005885177475925705,5.704958175487715e-07,1.304831538170157e-07,-0.060483987384883406,-0.19292648072872748,0.05016851774758563,4.248449341343423e-11,-1.044328441854737e-13,-2.989204937804672e-14,1.9784970084350223e-10,-7.395239804311774e-15,1.9784623482054316e-10,1.884688014215633e-08,2682.4860431584343,,True,b7094f2f67d456e424842e30
1245,1_2_16_001425_fl46blw10_48v_5n_m_de_2__fl46blw10_48v_5n_m_de__çð³ý_à_éì2_12,assets/1_2_16_001425_fl46blw10_48v_5n_m_de_2__fl46blw10_48v_5n_m_de__çð³ý_à_éì2.stl,vendor_motor_parts,0.005650791388921487,0.019710827212435496,0.029193947313439654,-0.001370346572845048,-0.08303432229725656,-0.20090638340126094,0.013520349772853966,5.861088062380172e-07,1.1851487070701593e-07,-3.477754440213315e-08,5.863219974088678e-07,3.342008144736537e-08,1.1460091017245543e-06,2.10683307039721e-06,2682.125825875763,,True,b7094f2f67d456e424842e30
1246,revolve1_1_12,assets/revolve1_1.stl,separate_bearing_parts,0.0025808941287641892,3.4221896053592956e-18,4.50855964342779e-18,-9.041649675540525e-19,-0.08002552531019574,-0.19990288565362374,0.005749999999992869,2.0906988509379785e-07,0.0,0.0,2.0906988509379798e-07,0.0,4.0702141010220996e-07,3.2848585175766894e-07,7856.941524130452,,True,90e95efa79c7cf10f5549d54
1247,cirpattern1_7_12,assets/cirpattern1_7.stl,separate_bearing_parts,0.0001284694723599898,-0.0025726433910913246,-0.01043762453733004,-3.239573485869483e-19,-0.07272132931360376,-0.20779029466060273,0.0057499999999934045,1.2747383394919987e-10,0.0,0.0,1.2747383394919987e-10,0.0,1.2747383394919982e-10,1.631367558714738e-08,7874.95568817144,,True,90e95efa79c7cf10f5549d54
1248,revolve3_1_12,assets/revolve3_1.stl,separate_bearing_parts,0.0007627277500685167,9.31352628334693e-19,9.116630120069628e-19,0.0019646723832599214,-0.08002552531019584,-0.19990288565362369,0.007714672383252798,4.203917689001855e-08,0.0,0.0,4.2039176890018546e-08,0.0,8.39900202997911e-08,9.703949146599542e-08,7859.972662117585,,True,90e95efa79c7cf10f5549d54
1249,cirpattern1_8_12,assets/cirpattern1_8.stl,separate_bearing_parts,0.0001284694723599898,-0.0071285685760886204,-0.008046490542839279,-3.239573485869483e-19,-0.0772234426853912,-0.2102812686184103,0.005749999999993243,1.274738339491999e-10,0.0,0.0,1.2747383394919992e-10,0.0,1.2747383394919987e-10,1.631367538754823e-08,7874.955784522164,,True,90e95efa79c7cf10f5549d54
1250,cirpattern1_11_12,assets/cirpattern1_11.stl,separate_bearing_parts,0.00012846947235998983,-0.008847076558356728,0.006106696027360029,-3.239573485869483e-19,-0.08999048444073242,-0.20393551377021688,0.005749999999992479,1.2747383394919997e-10,0.0,0.0,1.2747383394919997e-10,0.0,1.2747383394920002e-10,1.6313675549085067e-08,7874.9557065449235,,True,90e95efa79c7cf10f5549d54
1251,cirpattern2_12,assets/cirpattern2.stl,separate_bearing_parts,6.447682549723187e-05,-1.861447870219261e-15,-1.2630904970899047e-16,0.00220448941067994,-0.08002552531019677,-0.19990288565362532,0.007954489410672817,4.30832463485691e-09,0.0,0.0,4.308324634857926e-09,0.0,8.615135910928939e-09,8.189763014391634e-09,7872.856074580987,,True,90e95efa79c7cf10f5549d54
1252,cirpattern1_9_12,assets/cirpattern1_9.stl,separate_bearing_parts,0.00012846947235998983,-0.010051424608868239,-0.0038120025357071645,-3.239573485869483e-19,-0.08236747941776504,-0.21039468011205847,0.005749999999992997,1.2747383394919987e-10,0.0,0.0,1.274738339491999e-10,0.0,1.2747383394919987e-10,1.6313675512680223e-08,7874.95572411831,,True,90e95efa79c7cf10f5549d54
1253,cirpattern1_3_12,assets/cirpattern1_3.stl,separate_bearing_parts,0.00012846947235998983,0.0106716203965541,0.0012957693127446897,-3.239573485869483e-19,-0.07524077337227521,-0.19027642997707442,0.0057499999999928815,1.2747383394919987e-10,0.0,0.0,1.2747383394919987e-10,0.0,1.274738339491998e-10,1.6313675419325952e-08,7874.955769182388,,True,90e95efa79c7cf10f5549d54
1254,cirpattern1_6_12,assets/cirpattern1_6.stl,separate_bearing_parts,0.0001284694723599898,0.00257264339109118,-0.010437624537330078,-3.239573485869483e-19,-0.06989251921953143,-0.20349241035287907,0.0057499999999934435,1.2747383394919997e-10,0.0,0.0,1.2747383394919997e-10,0.0,1.2747383394920002e-10,1.631367558714738e-08,7874.95568817144,,True,90e95efa79c7cf10f5549d54
1255,cirpattern1_5_12,assets/cirpattern1_5.stl,separate_bearing_parts,0.00012846947235998983,0.00712856857608851,-0.00804649054283938,-3.239573485869483e-19,-0.06938505870486897,-0.19837220919501808,0.005749999999993351,1.2747383394919992e-10,0.0,0.0,1.2747383394919992e-10,0.0,1.2747383394919995e-10,1.631367538754823e-08,7874.955784522166,,True,90e95efa79c7cf10f5549d54
1256,revolve1_2_12,assets/revolve1_2.stl,separate_bearing_parts,0.0017875603307419146,3.7254812207917504e-19,-2.3248196583897076e-18,-5.732587536556652e-18,-0.08002552531019574,-0.19990288565362374,0.005749999999992864,7.518736928316261e-08,0.0,0.0,7.518736928316266e-08,0.0,1.4297889999819628e-07,2.2752139446240923e-07,7856.669193530514,,True,90e95efa79c7cf10f5549d54
1257,revolve2_12,assets/revolve2.stl,separate_bearing_parts,0.00012846947235998983,0.0,0.010749999999999997,-3.239573485869483e-19,-0.08900505517197575,-0.19399267893461594,0.005749999999992299,1.2747383394919992e-10,0.0,0.0,1.2747383394919992e-10,0.0,1.2747383394919992e-10,1.6313675712392897e-08,7874.955627712786,,True,90e95efa79c7cf10f5549d54
1258,cirpattern1_12_12,assets/cirpattern1_12.stl,separate_bearing_parts,0.00012846947235998983,-0.00499577409947039,0.009518652275772069,-3.239573485869483e-19,-0.09072311414773349,-0.19884265310225016,0.005749999999992326,1.2747383394919992e-10,0.0,0.0,1.2747383394919992e-10,0.0,1.2747383394919992e-10,1.6313675368739867e-08,7874.955793601361,,True,90e95efa79c7cf10f5549d54
1259,cirpattern1_1_12,assets/cirpattern1_1.stl,separate_bearing_parts,0.00012846947235998983,0.00499577409947052,0.009518652275771998,-3.239573485869483e-19,-0.08522989411995008,-0.19049666190059406,0.005749999999992402,1.2747383394920002e-10,0.0,0.0,1.2747383394920002e-10,0.0,1.2747383394920013e-10,1.6313675368739867e-08,7874.955793601361,,True,90e95efa79c7cf10f5549d54
1260,cirpattern1_2_12,assets/cirpattern1_2.stl,separate_bearing_parts,0.00012846947235998983,0.00884707655835682,0.00610669602735991,-3.239573485869483e-19,-0.08026247489305292,-0.1891554973711066,0.005749999999992613,1.2747383394919997e-10,0.0,0.0,1.2747383394919997e-10,0.0,1.274738339492e-10,1.6313675549085063e-08,7874.955706544925,,True,90e95efa79c7cf10f5549d54
1261,cirpattern1_4_12,assets/cirpattern1_4.stl,separate_bearing_parts,0.0001284694723599898,0.0100514246088682,-0.0038120025357073,-3.239573485869483e-19,-0.07131520085796336,-0.1936026675671726,0.005749999999993149,1.2747383394919987e-10,0.0,0.0,1.2747383394919987e-10,0.0,1.2747383394919982e-10,1.6313675512680226e-08,7874.955724118307,,True,90e95efa79c7cf10f5549d54
1262,revolve3_2_12,assets/revolve3_2.stl,separate_bearing_parts,0.000762727750068509,7.536556395297857e-19,9.116630120069715e-19,-0.0019646723832599236,-0.08002552531019565,-0.1999028856536238,0.0037853276167329397,4.203917689001809e-08,0.0,0.0,4.2039176890018076e-08,0.0,8.39900202997902e-08,9.703949146599543e-08,7859.972662117504,,True,90e95efa79c7cf10f5549d54
1263,mirror1_12,assets/mirror1.stl,separate_bearing_parts,6.447682549775924e-05,9.81138511381865e-17,2.629052823473247e-16,-0.002204489410681317,-0.0800255253101958,-0.19990288565362357,0.0035455105893115453,4.3083246348836545e-09,0.0,0.0,4.308324634883543e-09,0.0,8.61513591098127e-09,8.18976494689939e-09,7872.854216917409,,True,90e95efa79c7cf10f5549d54
1264,cirpattern1_10_12,assets/cirpattern1_10.stl,separate_bearing_parts,0.00012846947235998983,-0.01067162039655406,0.00129576931274484,-3.239573485869483e-19,-0.08697500268770134,-0.20810454793510919,0.00574999999999272,1.2747383394919995e-10,0.0,0.0,1.2747383394919997e-10,0.0,1.2747383394919997e-10,1.631367541932595e-08,7874.95576918239,,True,90e95efa79c7cf10f5549d54
1265,pem_m4_self_clinching_nut__300_ss_43,assets/pem_m4_self_clinching_nut__300_ss.stl,catalog_fasteners_and_hardware,0.0008355363884781723,0.0019670757575096427,-1.6173730124900373e-07,5.2308822207170976e-08,0.15503266921715037,-0.2515945771356113,0.04822322308564845,6.9682596864700805e-09,-1.9802899489392358e-13,-5.965832925689283e-14,4.099050647002325e-09,7.713958387517938e-14,4.0983762805777485e-09,1.0630266930926216e-07,7859.975614040126,,True,158ec13e4f19f56723423f84
1266,pem_m4_self_clinching_nut__300_ss_44,assets/pem_m4_self_clinching_nut__300_ss.stl,catalog_fasteners_and_hardware,0.0008355363884781723,0.0019670757575096427,-1.6173730124900373e-07,5.2308822207170976e-08,0.12119509714197953,-0.2670567959903811,0.06374541700741165,6.9682596864700805e-09,-1.9802899489392358e-13,-5.965832925689283e-14,4.099050647002325e-09,7.713958387517938e-14,4.0983762805777485e-09,1.0630266930926216e-07,7859.975614040126,,True,158ec13e4f19f56723423f84
1267,pem_m4_self_clinching_nut__300_ss_45,assets/pem_m4_self_clinching_nut__300_ss.stl,catalog_fasteners_and_hardware,0.0008355363884781723,0.0019670757575096427,-1.6173730124900373e-07,5.2308822207170976e-08,0.1462125661899623,-0.2425797405622208,0.06374541700741243,6.9682596864700805e-09,-1.9802899489392358e-13,-5.965832925689283e-14,4.099050647002325e-09,7.713958387517938e-14,4.0983762805777485e-09,1.0630266930926216e-07,7859.975614040126,,True,158ec13e4f19f56723423f84
1268,1_1_31_eb463_510_fl46blw10_48v_5n_m_de_2__fl46blw10_48v_5n_m_de__êäèë1_13,assets/1_1_31_eb463_510_fl46blw10_48v_5n_m_de_2__fl46blw10_48v_5n_m_de__êäèë1.stl,vendor_motor_parts,0.003575505293965178,-2.7315060254748863e-17,7.873576435762016e-16,0.0012771643572305625,0.17077504989576756,-0.25942392696217936,0.07460020848657238,7.574652128083713e-07,0.0,0.0,7.57465212808378e-07,0.0,1.5114087091854951e-06,1.3331368436788824e-06,2682.0242129820117,,True,b7094f2f67d456e424842e30
1269,1_2_05_000608_fl46blw10_48v_5n_m_de_2__fl46blw10_48v_5n_m_de__êäèë1_49,assets/1_2_05_000608_fl46blw10_48v_5n_m_de_2__fl46blw10_48v_5n_m_de__êäèë1.stl,vendor_motor_parts,0.0001251760225275824,-0.0017244299369855568,4.301994363033133e-07,5.908153300215281e-07,0.1486256843490817,-0.29166523420735996,0.0933878507833949,1.4701007066345354e-10,-3.327071645877055e-13,-4.3546180126616626e-13,1.29287724369605e-09,1.2146236496910186e-14,1.2928563051173674e-09,4.669869596117045e-08,2680.5035976093454,,True,b7094f2f67d456e424842e30
1270,1_2_05_000555_fl46blw10_48v_5n_m_de_2__fl46blw10_48v_5n_m_de__êäèë1_97,assets/1_2_05_000555_fl46blw10_48v_5n_m_de_2__fl46blw10_48v_5n_m_de__êäèë1.stl,vendor_motor_parts,5.05564929384142e-05,-0.0005885177475925705,5.704958175487715e-07,1.304831538170157e-07,0.1838897281799762,-0.27477089917006,0.06961387633511165,4.248449341343423e-11,-1.044328441854737e-13,-2.989204937804672e-14,1.9784970084350223e-10,-7.395239804311774e-15,1.9784623482054316e-10,1.884688014215633e-08,2682.4860431584343,,True,b7094f2f67d456e424842e30
1271,1_2_05_000555_fl46blw10_48v_5n_m_de_2__fl46blw10_48v_5n_m_de__êäèë1_98,assets/1_2_05_000555_fl46blw10_48v_5n_m_de_2__fl46blw10_48v_5n_m_de__êäèë1.stl,vendor_motor_parts,5.05564929384142e-05,-0.0005885177475925705,5.704958175487715e-07,1.304831538170157e-07,0.15737793521438861,-0.24767376888534495,0.06388391462367603,4.248449341343423e-11,-1.044328441854737e-13,-2.989204937804672e-14,1.9784970084350223e-10,-7.395239804311774e-15,1.9784623482054316e-10,1.884688014215633e-08,2682.4860431584343,,True,b7094f2f67d456e424842e30
1272,1_2_05_000608_fl46blw10_48v_5n_m_de_2__fl46blw10_48v_5n_m_de__êäèë1_50,assets/1_2_05_000608_fl46blw10_48v_5n_m_de_2__fl46blw10_48v_5n_m_de__êäèë1.stl,vendor_motor_parts,0.0001251760225275824,-0.0017244299369855568,4.301994363033133e-07,5.908153300215281e-07,0.13020271111313186,-0.27283551165127573,0.0821557701405125,1.4701007066345354e-10,-3.327071645877055e-13,-4.3546180126616626e-13,1.29287724369605e-09,1.2146236496910186e-14,1.2928563051173674e-09,4.669869596117045e-08,2680.5035976093454,,True,b7094f2f67d456e424842e30
1273,1_2_05_000438_fl46blw10_48v_5n_m_de_2__fl46blw10_48v_5n_m_de__êäèë1_97,assets/1_2_05_000438_fl46blw10_48v_5n_m_de_2__fl46blw10_48v_5n_m_de__êäèë1.stl,vendor_motor_parts,3.7452900945165836e-05,-0.00048691546990284665,7.741652882946419e-07,1.9852930949355682e-08,0.1567974451712354,-0.25768825103354986,0.09286394569323901,3.721241491408982e-11,-6.775570722596493e-14,-1.2732964723639204e-14,7.409641321462231e-11,-2.525162931499824e-15,7.409912479287198e-11,1.3966815926753484e-08,2681.5632955700858,,True,b7094f2f67d456e424842e30
1274,1_2_05_000438_fl46blw10_48v_5n_m_de_2__fl46blw10_48v_5n_m_de__êäèë1_98,assets/1_2_05_000438_fl46blw10_48v_5n_m_de_2__fl46blw10_48v_5n_m_de__êäèë1.stl,vendor_motor_parts,3.7452900945165836e-05,-0.00048691546990284665,7.741652882946419e-07,1.9852930949355682e-08,0.15002222365827914,-0.250763443636227,0.07972527758233137,3.721241491408982e-11,-6.775570722596493e-14,-1.2732964723639204e-14,7.409641321462231e-11,-2.525162931499824e-15,7.409912479287198e-11,1.3966815926753484e-08,2681.5632955700858,,True,b7094f2f67d456e424842e30
1275,1_2_05_000438_fl46blw10_48v_5n_m_de_2__fl46blw10_48v_5n_m_de__êäèë1_99,assets/1_2_05_000438_fl46blw10_48v_5n_m_de_2__fl46blw10_48v_5n_m_de__êäèë1.stl,vendor_motor_parts,3.7452900945165836e-05,-0.00048691546990284665,7.741652882946419e-07,1.9852930949355682e-08,0.1772739232376806,-0.27861681647077857,0.08561600346991735,3.721241491408982e-11,-6.775570722596493e-14,-1.2732964723639204e-14,7.409641321462231e-11,-2.525162931499824e-15,7.409912479287198e-11,1.3966815926753484e-08,2681.5632955700858,,True,b7094f2f67d456e424842e30
1276,1_2_05_000608_fl46blw10_48v_5n_m_de_2__fl46blw10_48v_5n_m_de__êäèë1_51,assets/1_2_05_000608_fl46blw10_48v_5n_m_de_2__fl46blw10_48v_5n_m_de__êäèë1.stl,vendor_motor_parts,0.0001251760225275824,-0.0017244299369855568,4.301994363033133e-07,5.908153300215281e-07,0.1564807775053515,-0.2996937550595806,0.06704464683262934,1.4701007066345354e-10,-3.327071645877055e-13,-4.3546180126616626e-13,1.29287724369605e-09,1.2146236496910186e-14,1.2928563051173674e-09,4.669869596117045e-08,2680.5035976093454,,True,b7094f2f67d456e424842e30
1277,1_1_06_eb463_507_fl46blw10_48v_5n_m_de_2__fl46blw10_48v_5n_m_de__çð³ý_à_éì1_13,assets/1_1_06_eb463_507_fl46blw10_48v_5n_m_de_2__fl46blw10_48v_5n_m_de__çð³ý_à_éì1.stl,vendor_motor_parts,0.021834137619844866,0.0004012204503875667,8.736567573188433e-09,0.00476273533540386,0.15310760250709401,-0.2764198519328899,0.07494378566057858,7.3622577264053095e-06,5.003486689893402e-14,9.296968633897761e-08,7.177823787656781e-06,-1.8635080240921887e-12,1.0303171059560452e-05,8.136051779312388e-06,2683.628154304859,,True,b7094f2f67d456e424842e30
1278,1_2_05_000555_fl46blw10_48v_5n_m_de_2__fl46blw10_48v_5n_m_de__êäèë1_99,assets/1_2_05_000555_fl46blw10_48v_5n_m_de_2__fl46blw10_48v_5n_m_de__êäèë1.stl,vendor_motor_parts,5.05564929384142e-05,-0.0005885177475925705,5.704958175487715e-07,1.304831538170157e-07,0.17329107358007367,-0.26393824349456524,0.09474166875731506,4.248449341343423e-11,-1.044328441854737e-13,-2.989204937804672e-14,1.9784970084350223e-10,-7.395239804311774e-15,1.9784623482054316e-10,1.884688014215633e-08,2682.4860431584343,,True,b7094f2f67d456e424842e30
1279,1_2_05_000438_fl46blw10_48v_5n_m_de_2__fl46blw10_48v_5n_m_de__êäèë1_100,assets/1_2_05_000438_fl46blw10_48v_5n_m_de_2__fl46blw10_48v_5n_m_de__êäèë1.stl,vendor_motor_parts,3.7452900945165836e-05,-0.00048691546990284665,7.741652882946419e-07,1.9852930949355682e-08,0.1680854687347403,-0.26922549581945515,0.09530396424810177,3.721241491408982e-11,-6.775570722596493e-14,-1.2732964723639204e-14,7.409641321462231e-11,-2.525162931499824e-15,7.409912479287198e-11,1.3966815926753484e-08,2681.5632955700858,,True,b7094f2f67d456e424842e30
1280,1_2_05_000608_fl46blw10_48v_5n_m_de_2__fl46blw10_48v_5n_m_de__êäèë1_52,assets/1_2_05_000608_fl46blw10_48v_5n_m_de_2__fl46blw10_48v_5n_m_de__êäèë1.stl,vendor_motor_parts,0.0001251760225275824,-0.0017244299369855568,4.301994363033133e-07,5.908153300215281e-07,0.1380578042694016,-0.28086403250349634,0.05581256618974668,1.4701007066345354e-10,-3.327071645877055e-13,-4.3546180126616626e-13,1.29287724369605e-09,1.2146236496910186e-14,1.2928563051173674e-09,4.669869596117045e-08,2680.5035976093454,,True,b7094f2f67d456e424842e30
1281,1_2_05_000555_fl46blw10_48v_5n_m_de_2__fl46blw10_48v_5n_m_de__êäèë1_100,assets/1_2_05_000555_fl46blw10_48v_5n_m_de_2__fl46blw10_48v_5n_m_de__êäèë1.stl,vendor_motor_parts,5.05564929384142e-05,-0.0005885177475925705,5.704958175487715e-07,1.304831538170157e-07,0.1772982904489906,-0.2680339332020489,0.056832176068583255,4.248449341343423e-11,-1.044328441854737e-13,-2.989204937804672e-14,1.9784970084350223e-10,-7.395239804311774e-15,1.9784623482054316e-10,1.884688014215633e-08,2682.4860431584343,,True,b7094f2f67d456e424842e30
1282,1_2_05_000438_fl46blw10_48v_5n_m_de_2__fl46blw10_48v_5n_m_de__êäèë1_101,assets/1_2_05_000438_fl46blw10_48v_5n_m_de_2__fl46blw10_48v_5n_m_de__êäèë1.stl,vendor_motor_parts,3.7452900945165836e-05,-0.00048691546990284665,7.741652882946419e-07,1.9852930949355682e-08,0.17898033664948457,-0.280360904718572,0.06947513939081228,3.721241491408982e-11,-6.775570722596493e-14,-1.2732964723639204e-14,7.409641321462231e-11,-2.525162931499824e-15,7.409912479287198e-11,1.3966815926753484e-08,2681.5632955700858,,True,b7094f2f67d456e424842e30
1283,1_2_05_000555_fl46blw10_48v_5n_m_de_2__fl46blw10_48v_5n_m_de__êäèë1_101,assets/1_2_05_000555_fl46blw10_48v_5n_m_de_2__fl46blw10_48v_5n_m_de__êäèë1.stl,vendor_motor_parts,5.05564929384142e-05,-0.0005885177475925705,5.704958175487715e-07,1.304831538170157e-07,0.18222988460550144,-0.2730744089459493,0.0853165023494683,4.248449341343423e-11,-1.044328441854737e-13,-2.989204937804672e-14,1.9784970084350223e-10,-7.395239804311774e-15,1.9784623482054316e-10,1.884688014215633e-08,2682.4860431584343,,True,b7094f2f67d456e424842e30
1284,1_2_05_000438_fl46blw10_48v_5n_m_de_2__fl46blw10_48v_5n_m_de__êäèë1_102,assets/1_2_05_000438_fl46blw10_48v_5n_m_de_2__fl46blw10_48v_5n_m_de__êäèë1.stl,vendor_motor_parts,3.7452900945165836e-05,-0.00048691546990284665,7.741652882946419e-07,1.9852930949355682e-08,0.1722051151365284,-0.2734360973212492,0.056336471279904855,3.721241491408982e-11,-6.775570722596493e-14,-1.2732964723639204e-14,7.409641321462231e-11,-2.525162931499824e-15,7.409912479287198e-11,1.3966815926753484e-08,2681.5632955700858,,True,b7094f2f67d456e424842e30
1285,1_1_06_eb463_509_fl46blw10_48v_5n_m_de_2__fl46blw10_48v_5n_m_de__êäèë1_13,assets/1_1_06_eb463_509_fl46blw10_48v_5n_m_de_2__fl46blw10_48v_5n_m_de__êäèë1.stl,vendor_motor_parts,0.006371665639530841,0.00013994576758433452,9.862013103342203e-06,0.0011128094560400818,0.14090065662630802,-0.2884662566117607,0.07464341399836066,1.0044230303899307e-06,2.6524788467401333e-08,1.2797173443951157e-10,1.0140751643727678e-06,-1.0029343708491859e-10,2.0034086306679993e-06,2.375886612947444e-06,2681.8054383607005,,True,b7094f2f67d456e424842e30
1286,1_2_05_000438_fl46blw10_48v_5n_m_de_2__fl46blw10_48v_5n_m_de__êäèë1_103,assets/1_2_05_000438_fl46blw10_48v_5n_m_de_2__fl46blw10_48v_5n_m_de__êäèë1.stl,vendor_motor_parts,3.7452900945165836e-05,-0.00048691546990284665,7.741652882946419e-07,1.9852930949355682e-08,0.1609170915730235,-0.26189885253534384,0.053896452725042086,3.721241491408982e-11,-6.775570722596493e-14,-1.2732964723639204e-14,7.409641321462231e-11,-2.525162931499824e-15,7.409912479287198e-11,1.3966815926753484e-08,2681.5632955700858,,True,b7094f2f67d456e424842e30
1287,1_2_05_000555_fl46blw10_48v_5n_m_de_2__fl46blw10_48v_5n_m_de__êäèë1_102,assets/1_2_05_000555_fl46blw10_48v_5n_m_de_2__fl46blw10_48v_5n_m_de__êäèë1.stl,vendor_motor_parts,5.05564929384142e-05,-0.0005885177475925705,5.704958175487715e-07,1.304831538170157e-07,0.16631674623981638,-0.256809934336729,0.05445874821582933,4.248449341343423e-11,-1.044328441854737e-13,-2.989204937804672e-14,1.9784970084350223e-10,-7.395239804311774e-15,1.9784623482054316e-10,1.884688014215633e-08,2682.4860431584343,,True,b7094f2f67d456e424842e30
1288,1_1_02_eb461_502_fl46blw10_48v_5n_m_de_2__fl46blw10_48v_5n_m_de__êäèë1_13,assets/1_1_02_eb461_502_fl46blw10_48v_5n_m_de_2__fl46blw10_48v_5n_m_de__êäèë1.stl,vendor_motor_parts,0.010039340782280859,-3.586426461437877e-16,8.806751077780196e-18,0.006147535551138196,0.167108469041937,-0.2630113043511108,0.0746002084865717,2.210326047415242e-06,3.16440961795669e-09,0.0,2.1950472758632107e-06,0.0,4.27861811833164e-06,3.74193226570368e-06,2682.9295854164625,,True,b7094f2f67d456e424842e30
1289,1_2_05_000438_fl46blw10_48v_5n_m_de_2__fl46blw10_48v_5n_m_de__êäèë1_104,assets/1_2_05_000438_fl46blw10_48v_5n_m_de_2__fl46blw10_48v_5n_m_de__êäèë1.stl,vendor_motor_parts,3.7452900945165836e-05,-0.00048691546990284665,7.741652882946419e-07,1.9852930949355682e-08,0.15172863707008316,-0.2525075318840205,0.06358441350322652,3.721241491408982e-11,-6.775570722596493e-14,-1.2732964723639204e-14,7.409641321462231e-11,-2.525162931499824e-15,7.409912479287198e-11,1.3966815926753484e-08,2681.5632955700858,,True,b7094f2f67d456e424842e30
1290,1_2_05_000555_fl46blw10_48v_5n_m_de_2__fl46blw10_48v_5n_m_de__êäèë1_103,assets/1_2_05_000555_fl46blw10_48v_5n_m_de_2__fl46blw10_48v_5n_m_de__êäèë1.stl,vendor_motor_parts,5.05564929384142e-05,-0.0005885177475925705,5.704958175487715e-07,1.304831538170157e-07,0.15571809163991396,-0.24597727866123426,0.07958654063803262,4.248449341343423e-11,-1.044328441854737e-13,-2.989204937804672e-14,1.9784970084350223e-10,-7.395239804311774e-15,1.9784623482054316e-10,1.884688014215633e-08,2682.4860431584343,,True,b7094f2f67d456e424842e30
1291,1_2_05_000555_fl46blw10_48v_5n_m_de_2__fl46blw10_48v_5n_m_de__êäèë1_104,assets/1_2_05_000555_fl46blw10_48v_5n_m_de_2__fl46blw10_48v_5n_m_de__êäèë1.stl,vendor_motor_parts,5.05564929384142e-05,-0.0005885177475925705,5.704958175487715e-07,1.304831538170157e-07,0.1623095293708996,-0.2527142446292454,0.09236824090456108,4.248449341343423e-11,-1.044328441854737e-13,-2.989204937804672e-14,1.9784970084350223e-10,-7.395239804311774e-15,1.9784623482054316e-10,1.884688014215633e-08,2682.4860431584343,,True,b7094f2f67d456e424842e30
1292,1_2_16_001425_fl46blw10_48v_5n_m_de_2__fl46blw10_48v_5n_m_de__çð³ý_à_éì2_13,assets/1_2_16_001425_fl46blw10_48v_5n_m_de_2__fl46blw10_48v_5n_m_de__çð³ý_à_éì2.stl,vendor_motor_parts,0.005650791388921487,0.019710827212435496,0.029193947313439654,-0.001370346572845048,0.14479352848993873,-0.2872151212444989,0.07191918485924068,5.861088062380172e-07,1.1851487070701593e-07,-3.477754440213315e-08,5.863219974088678e-07,3.342008144736537e-08,1.1460091017245543e-06,2.10683307039721e-06,2682.125825875763,,True,b7094f2f67d456e424842e30
1293,revolve1_1_13,assets/revolve1_1.stl,separate_bearing_parts,0.0025808941287641892,3.4221896053592956e-18,4.50855964342779e-18,-9.041649675540525e-19,0.13805422725544153,-0.29143793237120663,0.07460020848656594,2.0906988509379785e-07,0.0,0.0,2.0906988509379798e-07,0.0,4.0702141010220996e-07,3.2848585175766894e-07,7856.941524130452,,True,90e95efa79c7cf10f5549d54
1294,cirpattern1_7_13,assets/cirpattern1_7.stl,separate_bearing_parts,0.0001284694723599898,-0.0025726433910913246,-0.01043762453733004,-3.239573485869483e-19,0.1306083544379488,-0.2838276667780449,0.07311517125226377,1.2747383394919987e-10,0.0,0.0,1.2747383394919987e-10,0.0,1.2747383394919982e-10,1.631367558714738e-08,7874.95568817144,,True,90e95efa79c7cf10f5549d54
1295,revolve3_1_13,assets/revolve3_1.stl,separate_bearing_parts,0.0007627277500685167,9.31352628334693e-19,9.116630120069628e-19,0.0019646723832599214,0.13945854527080243,-0.2900639496619715,0.07460020848656598,4.203917689001855e-08,0.0,0.0,4.2039176890018546e-08,0.0,8.39900202997911e-08,9.703949146599542e-08,7859.972662117585,,True,90e95efa79c7cf10f5549d54
1296,cirpattern1_8_13,assets/cirpattern1_8.stl,separate_bearing_parts,0.0001284694723599898,-0.0071285685760886204,-0.008046490542839279,-3.239573485869483e-19,0.13194387373097138,-0.2851926721674486,0.06833739723335434,1.274738339491999e-10,0.0,0.0,1.2747383394919992e-10,0.0,1.2747383394919987e-10,1.631367538754823e-08,7874.955784522164,,True,90e95efa79c7cf10f5549d54
1297,cirpattern1_11_13,assets/cirpattern1_11.stl,separate_bearing_parts,0.00012846947235998983,-0.008847076558356728,0.006106696027360029,-3.239573485869483e-19,0.14166563363317816,-0.29512907273487804,0.06517175544322308,1.2747383394919997e-10,0.0,0.0,1.2747383394919997e-10,0.0,1.2747383394920002e-10,1.6313675549085067e-08,7874.9557065449235,,True,90e95efa79c7cf10f5549d54
1298,cirpattern2_13,assets/cirpattern2.stl,separate_bearing_parts,6.447682549723187e-05,-1.861447870219261e-15,-1.2630904970899047e-16,0.00220448941067994,0.1396299628439639,-0.2898962349570348,0.07460020848656415,4.30832463485691e-09,0.0,0.0,4.308324634857926e-09,0.0,8.615135910928939e-09,8.189763014391634e-09,7872.856074580987,,True,90e95efa79c7cf10f5549d54
1299,cirpattern1_9_13,assets/cirpattern1_9.stl,separate_bearing_parts,0.00012846947235998983,-0.010051424608868239,-0.0038120025357071645,-3.239573485869483e-19,0.13467920137870742,-0.28798839140598886,0.06499435779749825,1.2747383394919987e-10,0.0,0.0,1.274738339491999e-10,0.0,1.2747383394919987e-10,1.6313675512680223e-08,7874.95572411831,,True,90e95efa79c7cf10f5549d54
1300,cirpattern1_3_13,assets/cirpattern1_3.stl,separate_bearing_parts,0.00012846947235998983,0.0106716203965541,0.0012957693127446897,-3.239573485869483e-19,0.13972350665646516,-0.2931440667495889,0.08508186445135621,1.2747383394919987e-10,0.0,0.0,1.2747383394919987e-10,0.0,1.274738339491998e-10,1.6313675419325952e-08,7874.955769182388,,True,90e95efa79c7cf10f5549d54
1301,cirpattern1_6_13,assets/cirpattern1_6.stl,separate_bearing_parts,0.0001284694723599898,0.00257264339109118,-0.010437624537330078,-3.239573485869483e-19,0.13097859487491892,-0.28420608152239196,0.07823314940491306,1.2747383394919997e-10,0.0,0.0,1.2747383394919997e-10,0.0,1.2747383394920002e-10,1.631367558714738e-08,7874.95568817144,,True,90e95efa79c7cf10f5549d54
1302,cirpattern1_5_13,assets/cirpattern1_5.stl,separate_bearing_parts,0.00012846947235998983,0.00712856857608851,-0.00804649054283938,-3.239573485869483e-19,0.13296977741965285,-0.2862412261429519,0.08251886457485325,1.2747383394919992e-10,0.0,0.0,1.2747383394919992e-10,0.0,1.2747383394919995e-10,1.631367538754823e-08,7874.955784522166,,True,90e95efa79c7cf10f5549d54
1303,revolve1_2_13,assets/revolve1_2.stl,separate_bearing_parts,0.0017875603307419146,3.7254812207917504e-19,-2.3248196583897076e-18,-5.732587536556652e-18,0.13805422725544153,-0.29143793237120663,0.07460020848656594,7.518736928316261e-08,0.0,0.0,7.518736928316266e-08,0.0,1.4297889999819628e-07,2.2752139446240923e-07,7856.669193530514,,True,90e95efa79c7cf10f5549d54
1304,revolve2_13,assets/revolve2.stl,separate_bearing_parts,0.00012846947235998983,0.0,0.010749999999999997,-3.239573485869483e-19,0.14553227843080008,-0.2990810867681007,0.0734941155953672,1.2747383394919992e-10,0.0,0.0,1.2747383394919992e-10,0.0,1.2747383394919992e-10,1.6313675712392897e-08,7874.955627712786,,True,90e95efa79c7cf10f5549d54
1305,cirpattern1_12_13,assets/cirpattern1_12.stl,separate_bearing_parts,0.00012846947235998983,-0.00499577409947039,0.009518652275772069,-3.239573485869483e-19,0.14431623080604947,-0.29783819078731716,0.06865155286204183,1.2747383394919992e-10,0.0,0.0,1.2747383394919992e-10,0.0,1.2747383394919992e-10,1.6313675368739867e-08,7874.955793601361,,True,90e95efa79c7cf10f5549d54
1306,cirpattern1_1_13,assets/cirpattern1_1.stl,separate_bearing_parts,0.00012846947235998983,0.00499577409947052,0.009518652275771998,-3.239573485869483e-19,0.14503519465156225,-0.29857302818655146,0.07859007088020196,1.2747383394920002e-10,0.0,0.0,1.2747383394920002e-10,0.0,1.2747383394920013e-10,1.6313675368739867e-08,7874.955793601361,,True,90e95efa79c7cf10f5549d54
1307,cirpattern1_2_13,assets/cirpattern1_2.stl,separate_bearing_parts,0.00012846947235998983,0.00884707655835682,0.00610669602735991,-3.239573485869483e-19,0.14293885537165035,-0.2964304051409327,0.082771996773709,1.2747383394919997e-10,0.0,0.0,1.2747383394919997e-10,0.0,1.274738339492e-10,1.6313675549085063e-08,7874.955706544925,,True,90e95efa79c7cf10f5549d54
1308,cirpattern1_4_13,assets/cirpattern1_4.stl,separate_bearing_parts,0.0001284694723599898,0.0100514246088682,-0.0038120025357073,-3.239573485869483e-19,0.13612574614750303,-0.28946687353330586,0.08499051106511775,1.2747383394919987e-10,0.0,0.0,1.2747383394919987e-10,0.0,1.2747383394919982e-10,1.6313675512680226e-08,7874.955724118307,,True,90e95efa79c7cf10f5549d54
1309,revolve3_2_13,assets/revolve3_2.stl,separate_bearing_parts,0.000762727750068509,7.536556395297857e-19,9.116630120069715e-19,-0.0019646723832599236,0.13664990924008064,-0.29281191508044174,0.0746002084865659,4.203917689001809e-08,0.0,0.0,4.2039176890018076e-08,0.0,8.39900202997902e-08,9.703949146599543e-08,7859.972662117504,,True,90e95efa79c7cf10f5549d54
1310,mirror1_13,assets/mirror1.stl,separate_bearing_parts,6.447682549775924e-05,9.81138511381865e-17,2.629052823473247e-16,-0.002204489410681317,0.13647849166691814,-0.2929796297853794,0.07460020848656596,4.3083246348836545e-09,0.0,0.0,4.308324634883543e-09,0.0,8.61513591098127e-09,8.18976494689939e-09,7872.854216917409,,True,90e95efa79c7cf10f5549d54
1311,cirpattern1_10_13,assets/cirpattern1_10.stl,separate_bearing_parts,0.00012846947235998983,-0.01067162039655406,0.00129576931274484,-3.239573485869483e-19,0.13818770678133224,-0.2915743589081854,0.06385190299145749,1.2747383394919995e-10,0.0,0.0,1.2747383394919997e-10,0.0,1.2747383394919997e-10,1.631367541932595e-08,7874.95576918239,,True,90e95efa79c7cf10f5549d54
1312,pem_bsos_m3_6____c8b4713a2b299da432156142d6d3e6d8_11,assets/pem_bsos_m3_6____c8b4713a2b299da432156142d6d3e6d8.stl,catalog_fasteners_and_hardware,0.0004708484897520461,1.2857871311771532e-18,-7.140615387249737e-20,-0.002704641119787707,0.14154907693133342,-0.24689345235373966,0.004854641119779126,2.2347559044838597e-09,0.0,0.0,2.2347559044838597e-09,0.0,1.3514971868074787e-09,6.076658976780734e-08,7748.476449825232,,True,2822c454ce56982d40f39cf0
1313,1_1_31_eb463_510_fl46blw10_48v_5n_m_de_2__fl46blw10_48v_5n_m_de__êäèë1_14,assets/1_1_31_eb463_510_fl46blw10_48v_5n_m_de_2__fl46blw10_48v_5n_m_de__êäèë1.stl,vendor_motor_parts,0.003575505293965178,-2.7315060254748863e-17,7.873576435762016e-16,0.0012771643572305625,0.13088051625585062,-0.21864858682987928,0.028249999999989988,7.574652128083713e-07,0.0,0.0,7.57465212808378e-07,0.0,1.5114087091854951e-06,1.3331368436788824e-06,2682.0242129820117,,True,b7094f2f67d456e424842e30
1314,1_2_05_000608_fl46blw10_48v_5n_m_de_2__fl46blw10_48v_5n_m_de__êäèë1_53,assets/1_2_05_000608_fl46blw10_48v_5n_m_de_2__fl46blw10_48v_5n_m_de__êäèë1.stl,vendor_motor_parts,0.0001251760225275824,-0.0017244299369855568,4.301994363033133e-07,5.908153300215281e-07,0.11031250011925253,-0.25250615711115143,0.010538607143240111,1.4701007066345354e-10,-3.327071645877055e-13,-4.3546180126616626e-13,1.29287724369605e-09,1.2146236496910186e-14,1.2928563051173674e-09,4.669869596117045e-08,2680.5035976093454,,True,b7094f2f67d456e424842e30
1315,1_2_05_000555_fl46blw10_48v_5n_m_de_2__fl46blw10_48v_5n_m_de__êäèë1_105,assets/1_2_05_000555_fl46blw10_48v_5n_m_de_2__fl46blw10_48v_5n_m_de__êäèë1.stl,vendor_motor_parts,5.05564929384142e-05,-0.0005885177475925705,5.704958175487715e-07,1.304831538170157e-07,0.11832046699849229,-0.20775397522177522,0.015762388085204197,4.248449341343423e-11,-1.044328441854737e-13,-2.989204937804672e-14,1.9784970084350223e-10,-7.395239804311774e-15,1.9784623482054316e-10,1.884688014215633e-08,2682.4860431584343,,True,b7094f2f67d456e424842e30
1316,1_2_05_000555_fl46blw10_48v_5n_m_de_2__fl46blw10_48v_5n_m_de__êäèë1_106,assets/1_2_05_000555_fl46blw10_48v_5n_m_de_2__fl46blw10_48v_5n_m_de__êäèë1.stl,vendor_motor_parts,5.05564929384142e-05,-0.0005885177475925705,5.704958175487715e-07,1.304831538170157e-07,0.13192870869335396,-0.22166266478608856,0.04879761488495876,4.248449341343423e-11,-1.044328441854737e-13,-2.989204937804672e-14,1.9784970084350223e-10,-7.395239804311774e-15,1.9784623482054316e-10,1.884688014215633e-08,2682.4860431584343,,True,b7094f2f67d456e424842e30
1317,1_2_05_000608_fl46blw10_48v_5n_m_de_2__fl46blw10_48v_5n_m_de__êäèë1_54,assets/1_2_05_000608_fl46blw10_48v_5n_m_de_2__fl46blw10_48v_5n_m_de__êäèë1.stl,vendor_motor_parts,0.0001251760225275824,-0.0017244299369855568,4.301994363033133e-07,5.908153300215281e-07,0.1158335748025947,-0.25814912815428065,0.038066749872242116,1.4701007066345354e-10,-3.327071645877055e-13,-4.3546180126616626e-13,1.29287724369605e-09,1.2146236496910186e-14,1.2928563051173674e-09,4.669869596117045e-08,2680.5035976093454,,True,b7094f2f67d456e424842e30
1318,1_2_05_000438_fl46blw10_48v_5n_m_de_2__fl46blw10_48v_5n_m_de__êäèë1_105,assets/1_2_05_000438_fl46blw10_48v_5n_m_de_2__fl46blw10_48v_5n_m_de__êäèë1.stl,vendor_motor_parts,3.7452900945165836e-05,-0.00048691546990284665,7.741652882946419e-07,1.9852930949355682e-08,0.13937774098995914,-0.23988394808300695,0.02528239056031085,3.721241491408982e-11,-6.775570722596493e-14,-1.2732964723639204e-14,7.409641321462231e-11,-2.525162931499824e-15,7.409912479287198e-11,1.3966815926753484e-08,2681.5632955700858,,True,b7094f2f67d456e424842e30
1319,1_2_05_000438_fl46blw10_48v_5n_m_de_2__fl46blw10_48v_5n_m_de__êäèë1_106,assets/1_2_05_000438_fl46blw10_48v_5n_m_de_2__fl46blw10_48v_5n_m_de__êäèë1.stl,vendor_motor_parts,3.7452900945165836e-05,-0.00048691546990284665,7.741652882946419e-07,1.9852930949355682e-08,0.1365189329675053,-0.23696202222367532,0.04108652766841944,3.721241491408982e-11,-6.775570722596493e-14,-1.2732964723639204e-14,7.409641321462231e-11,-2.525162931499824e-15,7.409912479287198e-11,1.3966815926753484e-08,2681.5632955700858,,True,b7094f2f67d456e424842e30
1320,1_2_05_000438_fl46blw10_48v_5n_m_de_2__fl46blw10_48v_5n_m_de__êäèë1_107,assets/1_2_05_000438_fl46blw10_48v_5n_m_de_2__fl46blw10_48v_5n_m_de__êäèë1.stl,vendor_motor_parts,3.7452900945165836e-05,-0.00048691546990284665,7.741652882946419e-07,1.9852930949355682e-08,0.12253136534984677,-0.22266563183642205,0.007128799037843135,3.721241491408982e-11,-6.775570722596493e-14,-1.2732964723639204e-14,7.409641321462231e-11,-2.525162931499824e-15,7.409912479287198e-11,1.3966815926753484e-08,2681.5632955700858,,True,b7094f2f67d456e424842e30
1321,1_2_05_000608_fl46blw10_48v_5n_m_de_2__fl46blw10_48v_5n_m_de__êäèë1_55,assets/1_2_05_000608_fl46blw10_48v_5n_m_de_2__fl46blw10_48v_5n_m_de__êäèë1.stl,vendor_motor_parts,0.0001251760225275824,-0.0017244299369855568,4.301994363033133e-07,5.908153300215281e-07,0.09106084653605066,-0.2328294582919722,0.018433250127736174,1.4701007066345354e-10,-3.327071645877055e-13,-4.3546180126616626e-13,1.29287724369605e-09,1.2146236496910186e-14,1.2928563051173674e-09,4.669869596117045e-08,2680.5035976093454,,True,b7094f2f67d456e424842e30
1322,1_1_06_eb463_507_fl46blw10_48v_5n_m_de_2__fl46blw10_48v_5n_m_de__çð³ý_à_éì1_14,assets/1_1_06_eb463_507_fl46blw10_48v_5n_m_de_2__fl46blw10_48v_5n_m_de__çð³ý_à_éì1.stl,vendor_motor_parts,0.021834137619844866,0.0004012204503875667,8.736567573188433e-09,0.00476273533540386,0.1136358340223748,-0.2360766109236143,0.0281941522541966,7.3622577264053095e-06,5.003486689893402e-14,9.296968633897761e-08,7.177823787656781e-06,-1.8635080240921887e-12,1.0303171059560452e-05,8.136051779312388e-06,2683.628154304859,,True,b7094f2f67d456e424842e30
1323,1_2_05_000555_fl46blw10_48v_5n_m_de_2__fl46blw10_48v_5n_m_de__êäèë1_107,assets/1_2_05_000555_fl46blw10_48v_5n_m_de_2__fl46blw10_48v_5n_m_de__êäèë1.stl,vendor_motor_parts,5.05564929384142e-05,-0.0005885177475925705,5.704958175487715e-07,1.304831538170157e-07,0.13864251824156026,-0.2285247043422449,0.011678896270037962,4.248449341343423e-11,-1.044328441854737e-13,-2.989204937804672e-14,1.9784970084350223e-10,-7.395239804311774e-15,1.9784623482054316e-10,1.884688014215633e-08,2682.4860431584343,,True,b7094f2f67d456e424842e30
1324,1_2_05_000438_fl46blw10_48v_5n_m_de_2__fl46blw10_48v_5n_m_de__êäèë1_108,assets/1_2_05_000438_fl46blw10_48v_5n_m_de_2__fl46blw10_48v_5n_m_de__êäèë1.stl,vendor_motor_parts,3.7452900945165836e-05,-0.00048691546990284665,7.741652882946419e-07,1.9852930949355682e-08,0.13358390077811544,-0.23396218929162757,0.011216638814140074,3.721241491408982e-11,-6.775570722596493e-14,-1.2732964723639204e-14,7.409641321462231e-11,-2.525162931499824e-15,7.409912479287198e-11,1.3966815926753484e-08,2681.5632955700858,,True,b7094f2f67d456e424842e30
1325,1_2_05_000608_fl46blw10_48v_5n_m_de_2__fl46blw10_48v_5n_m_de__êäèë1_56,assets/1_2_05_000608_fl46blw10_48v_5n_m_de_2__fl46blw10_48v_5n_m_de__êäèë1.stl,vendor_motor_parts,0.0001251760225275824,-0.0017244299369855568,4.301994363033133e-07,5.908153300215281e-07,0.09658192121939299,-0.23847242933510135,0.045961392856737615,1.4701007066345354e-10,-3.327071645877055e-13,-4.3546180126616626e-13,1.29287724369605e-09,1.2146236496910186e-14,1.2928563051173674e-09,4.669869596117045e-08,2680.5035976093454,,True,b7094f2f67d456e424842e30
1326,1_2_05_000555_fl46blw10_48v_5n_m_de_2__fl46blw10_48v_5n_m_de__êäèë1_108,assets/1_2_05_000555_fl46blw10_48v_5n_m_de_2__fl46blw10_48v_5n_m_de__êäèë1.stl,vendor_motor_parts,5.05564929384142e-05,-0.0005885177475925705,5.704958175487715e-07,1.304831538170157e-07,0.11553951602843399,-0.20491162537207408,0.031137464753414636,4.248449341343423e-11,-1.044328441854737e-13,-2.989204937804672e-14,1.9784970084350223e-10,-7.395239804311774e-15,1.9784623482054316e-10,1.884688014215633e-08,2682.4860431584343,,True,b7094f2f67d456e424842e30
1327,1_2_05_000438_fl46blw10_48v_5n_m_de_2__fl46blw10_48v_5n_m_de__êäèë1_109,assets/1_2_05_000438_fl46blw10_48v_5n_m_de_2__fl46blw10_48v_5n_m_de__êäèë1.stl,vendor_motor_parts,3.7452900945165836e-05,-0.00048691546990284665,7.741652882946419e-07,1.9852930949355682e-08,0.11269456006042501,-0.21261164586652317,0.01541347233156129,3.721241491408982e-11,-6.775570722596493e-14,-1.2732964723639204e-14,7.409641321462231e-11,-2.525162931499824e-15,7.409912479287198e-11,1.3966815926753484e-08,2681.5632955700858,,True,b7094f2f67d456e424842e30
1328,1_2_05_000555_fl46blw10_48v_5n_m_de_2__fl46blw10_48v_5n_m_de__êäèë1_109,assets/1_2_05_000555_fl46blw10_48v_5n_m_de_2__fl46blw10_48v_5n_m_de__êäèë1.stl,vendor_motor_parts,5.05564929384142e-05,-0.0005885177475925705,5.704958175487715e-07,1.304831538170157e-07,0.12789004384670416,-0.21753483278060617,0.0077023851150230145,4.248449341343423e-11,-1.044328441854737e-13,-2.989204937804672e-14,1.9784970084350223e-10,-7.395239804311774e-15,1.9784623482054316e-10,1.884688014215633e-08,2682.4860431584343,,True,b7094f2f67d456e424842e30
1329,1_2_05_000438_fl46blw10_48v_5n_m_de_2__fl46blw10_48v_5n_m_de__êäèë1_110,assets/1_2_05_000438_fl46blw10_48v_5n_m_de_2__fl46blw10_48v_5n_m_de__êäèë1.stl,vendor_motor_parts,3.7452900945165836e-05,-0.00048691546990284665,7.741652882946419e-07,1.9852930949355682e-08,0.10983575203797227,-0.20968972000719233,0.03121760943967013,3.721241491408982e-11,-6.775570722596493e-14,-1.2732964723639204e-14,7.409641321462231e-11,-2.525162931499824e-15,7.409912479287198e-11,1.3966815926753484e-08,2681.5632955700858,,True,b7094f2f67d456e424842e30
1330,1_1_06_eb463_509_fl46blw10_48v_5n_m_de_2__fl46blw10_48v_5n_m_de__êäèë1_14,assets/1_1_06_eb463_509_fl46blw10_48v_5n_m_de_2__fl46blw10_48v_5n_m_de__êäèë1.stl,vendor_motor_parts,0.006371665639530841,0.00013994576758433452,9.862013103342203e-06,0.0011128094560400818,0.1011817808003045,-0.2478704525325429,0.028326345311482475,1.0044230303899307e-06,2.6524788467401333e-08,1.2797173443951157e-10,1.0140751643727678e-06,-1.0029343708491859e-10,2.0034086306679993e-06,2.375886612947444e-06,2681.8054383607005,,True,b7094f2f67d456e424842e30
1331,1_2_05_000438_fl46blw10_48v_5n_m_de_2__fl46blw10_48v_5n_m_de__êäèë1_111,assets/1_2_05_000438_fl46blw10_48v_5n_m_de_2__fl46blw10_48v_5n_m_de__êäèë1.stl,vendor_motor_parts,3.7452900945165836e-05,-0.00048691546990284665,7.741652882946419e-07,1.9852930949355682e-08,0.11562959224981528,-0.21561147879857134,0.04528336118584126,3.721241491408982e-11,-6.775570722596493e-14,-1.2732964723639204e-14,7.409641321462231e-11,-2.525162931499824e-15,7.409912479287198e-11,1.3966815926753484e-08,2681.5632955700858,,True,b7094f2f67d456e424842e30
1332,1_2_05_000555_fl46blw10_48v_5n_m_de_2__fl46blw10_48v_5n_m_de__êäèë1_110,assets/1_2_05_000555_fl46blw10_48v_5n_m_de_2__fl46blw10_48v_5n_m_de__êäèë1.stl,vendor_motor_parts,5.05564929384142e-05,-0.0005885177475925705,5.704958175487715e-07,1.304831538170157e-07,0.1211762342984977,-0.2106727932244514,0.04482110372994354,4.248449341343423e-11,-1.044328441854737e-13,-2.989204937804672e-14,1.9784970084350223e-10,-7.395239804311774e-15,1.9784623482054316e-10,1.884688014215633e-08,2682.4860431584343,,True,b7094f2f67d456e424842e30
1333,1_1_02_eb461_502_fl46blw10_48v_5n_m_de_2__fl46blw10_48v_5n_m_de__êäèë1_14,assets/1_1_02_eb461_502_fl46blw10_48v_5n_m_de_2__fl46blw10_48v_5n_m_de__êäèë1.stl,vendor_motor_parts,0.010039340782280859,-3.586426461437877e-16,8.806751077780196e-18,0.006147535551138196,0.12721393540202042,-0.22223596421881028,0.028249999999990595,2.210326047415242e-06,3.16440961795669e-09,0.0,2.1950472758632107e-06,0.0,4.27861811833164e-06,3.74193226570368e-06,2682.9295854164625,,True,b7094f2f67d456e424842e30
1334,1_2_05_000438_fl46blw10_48v_5n_m_de_2__fl46blw10_48v_5n_m_de__êäèë1_112,assets/1_2_05_000438_fl46blw10_48v_5n_m_de_2__fl46blw10_48v_5n_m_de__êäèë1.stl,vendor_motor_parts,3.7452900945165836e-05,-0.00048691546990284665,7.741652882946419e-07,1.9852930949355682e-08,0.12668212767808332,-0.22690803625377706,0.04937120096213749,3.721241491408982e-11,-6.775570722596493e-14,-1.2732964723639204e-14,7.409641321462231e-11,-2.525162931499824e-15,7.409912479287198e-11,1.3966815926753484e-08,2681.5632955700858,,True,b7094f2f67d456e424842e30
1335,1_2_05_000555_fl46blw10_48v_5n_m_de_2__fl46blw10_48v_5n_m_de__êäèë1_111,assets/1_2_05_000555_fl46blw10_48v_5n_m_de_2__fl46blw10_48v_5n_m_de__êäèë1.stl,vendor_motor_parts,5.05564929384142e-05,-0.0005885177475925705,5.704958175487715e-07,1.304831538170157e-07,0.1414982855415662,-0.23144352234491997,0.04073761191477744,4.248449341343423e-11,-1.044328441854737e-13,-2.989204937804672e-14,1.9784970084350223e-10,-7.395239804311774e-15,1.9784623482054316e-10,1.884688014215633e-08,2682.4860431584343,,True,b7094f2f67d456e424842e30
1336,1_2_05_000555_fl46blw10_48v_5n_m_de_2__fl46blw10_48v_5n_m_de__êäèë1_112,assets/1_2_05_000555_fl46blw10_48v_5n_m_de_2__fl46blw10_48v_5n_m_de__êäèë1.stl,vendor_motor_parts,5.05564929384142e-05,-0.0005885177475925705,5.704958175487715e-07,1.304831538170157e-07,0.14427923651162425,-0.2342858721946214,0.025362535246566946,4.248449341343423e-11,-1.044328441854737e-13,-2.989204937804672e-14,1.9784970084350223e-10,-7.395239804311774e-15,1.9784623482054316e-10,1.884688014215633e-08,2682.4860431584343,,True,b7094f2f67d456e424842e30
1337,1_2_16_001425_fl46blw10_48v_5n_m_de_2__fl46blw10_48v_5n_m_de__çð³ý_à_éì2_14,assets/1_2_16_001425_fl46blw10_48v_5n_m_de_2__fl46blw10_48v_5n_m_de__çð³ý_à_éì2.stl,vendor_motor_parts,0.005650791388921487,0.019710827212435496,0.029193947313439654,-0.001370346572845048,0.10151128023019987,-0.24297727125706012,0.028625381408376824,5.861088062380172e-07,1.1851487070701593e-07,-3.477754440213315e-08,5.863219974088678e-07,3.342008144736537e-08,1.1460091017245543e-06,2.10683307039721e-06,2682.125825875763,,True,b7094f2f67d456e424842e30
1338,revolve1_1_14,assets/revolve1_1.stl,separate_bearing_parts,0.0025808941287641892,3.4221896053592956e-18,4.50855964342779e-18,-9.041649675540525e-19,0.09815969361552805,-0.25066259223890885,0.02824999999999529,2.0906988509379785e-07,0.0,0.0,2.0906988509379798e-07,0.0,4.0702141010220996e-07,3.2848585175766894e-07,7856.941524130452,,True,90e95efa79c7cf10f5549d54
1339,cirpattern1_7_14,assets/cirpattern1_7.stl,separate_bearing_parts,0.0001284694723599898,-0.0025726433910913246,-0.01043762453733004,-3.239573485869483e-19,0.10204901485243091,-0.25463778337035275,0.037449648677236644,1.2747383394919987e-10,0.0,0.0,1.2747383394919987e-10,0.0,1.2747383394919982e-10,1.631367558714738e-08,7874.95568817144,,True,90e95efa79c7cf10f5549d54
1340,revolve3_1_14,assets/revolve3_1.stl,separate_bearing_parts,0.0007627277500685167,9.31352628334693e-19,9.116630120069628e-19,0.0019646723832599214,0.09956401163088897,-0.24928860952967374,0.028249999999995324,4.203917689001855e-08,0.0,0.0,4.2039176890018546e-08,0.0,8.39900202997911e-08,9.703949146599542e-08,7859.972662117585,,True,90e95efa79c7cf10f5549d54
1341,cirpattern1_8_14,assets/cirpattern1_8.stl,separate_bearing_parts,0.0001284694723599898,-0.0071285685760886204,-0.008046490542839279,-3.239573485869483e-19,0.09861361630557842,-0.2511265368045388,0.03898038720789618,1.274738339491999e-10,0.0,0.0,1.2747383394919992e-10,0.0,1.2747383394919987e-10,1.631367538754823e-08,7874.955784522164,,True,90e95efa79c7cf10f5549d54
1342,cirpattern1_11_14,assets/cirpattern1_11.stl,separate_bearing_parts,0.00012846947235998983,-0.008847076558356728,0.006106696027360029,-3.239573485869483e-19,0.09076488564230463,-0.24310451891882093,0.030187741656493496,1.2747383394919997e-10,0.0,0.0,1.2747383394919997e-10,0.0,1.2747383394920002e-10,1.6313675549085067e-08,7874.9557065449235,,True,90e95efa79c7cf10f5549d54
1343,cirpattern2_14,assets/cirpattern2.stl,separate_bearing_parts,6.447682549723187e-05,-1.861447870219261e-15,-1.2630904970899047e-16,0.00220448941067994,0.09973542920404982,-0.2491208948247364,0.028249999999996736,4.30832463485691e-09,0.0,0.0,4.308324634857926e-09,0.0,8.615135910928939e-09,8.189763014391634e-09,7872.856074580987,,True,90e95efa79c7cf10f5549d54
1344,cirpattern1_9_14,assets/cirpattern1_9.stl,separate_bearing_parts,0.00012846947235998983,-0.010051424608868239,-0.0038120025357071645,-3.239573485869483e-19,0.09507422954079682,-0.2475090061298771,0.03805292334440985,1.2747383394919987e-10,0.0,0.0,1.274738339491999e-10,0.0,1.2747383394919987e-10,1.6313675512680223e-08,7874.95572411831,,True,90e95efa79c7cf10f5549d54
1345,cirpattern1_3_14,assets/cirpattern1_3.stl,separate_bearing_parts,0.00012846947235998983,0.0106716203965541,0.0012957693127446897,-3.239573485869483e-19,0.1027961569529833,-0.2554014211547204,0.01978777758344865,1.2747383394919987e-10,0.0,0.0,1.2747383394919987e-10,0.0,1.274738339491998e-10,1.6313675419325952e-08,7874.955769182388,,True,90e95efa79c7cf10f5549d54
1346,cirpattern1_6_14,assets/cirpattern1_6.stl,separate_bearing_parts,0.0001284694723599898,0.00257264339109118,-0.010437624537330078,-3.239573485869483e-19,0.10459341677531096,-0.2572383615541993,0.03381138150240627,1.2747383394919997e-10,0.0,0.0,1.2747383394919997e-10,0.0,1.2747383394920002e-10,1.631367558714738e-08,7874.95568817144,,True,90e95efa79c7cf10f5549d54
1347,cirpattern1_5_14,assets/cirpattern1_5.stl,separate_bearing_parts,0.00012846947235998983,0.00712856857608851,-0.00804649054283938,-3.239573485869483e-19,0.10566393025705395,-0.25833251023452386,0.028899068847286137,1.2747383394919992e-10,0.0,0.0,1.2747383394919992e-10,0.0,1.2747383394919995e-10,1.631367538754823e-08,7874.955784522166,,True,90e95efa79c7cf10f5549d54
1348,revolve1_2_14,assets/revolve1_2.stl,separate_bearing_parts,0.0017875603307419146,3.7254812207917504e-19,-2.3248196583897076e-18,-5.732587536556652e-18,0.09815969361552805,-0.25066259223890885,0.028249999999995296,7.518736928316261e-08,0.0,0.0,7.518736928316266e-08,0.0,1.4297889999819628e-07,2.2752139446240923e-07,7856.669193530514,,True,90e95efa79c7cf10f5549d54
1349,revolve2_14,assets/revolve2.stl,separate_bearing_parts,0.00012846947235998983,0.0,0.010749999999999997,-3.239573485869483e-19,0.09284369825338985,-0.24522922833523805,0.020648602102238962,1.2747383394919992e-10,0.0,0.0,1.2747383394919992e-10,0.0,1.2747383394919992e-10,1.6313675712392897e-08,7874.955627712786,,True,90e95efa79c7cf10f5549d54
1350,cirpattern1_12_14,assets/cirpattern1_12.stl,separate_bearing_parts,0.00012846947235998983,-0.00499577409947039,0.009518652275772069,-3.239573485869483e-19,0.09098214726251483,-0.2433265773226544,0.025051842171050543,1.2747383394919992e-10,0.0,0.0,1.2747383394919992e-10,0.0,1.2747383394919992e-10,1.6313675368739867e-08,7874.955793601361,,True,90e95efa79c7cf10f5549d54
1351,cirpattern1_1_14,assets/cirpattern1_1.stl,separate_bearing_parts,0.00012846947235998983,0.00499577409947052,0.009518652275771998,-3.239573485869483e-19,0.09592307971704174,-0.24837659753901942,0.01798675068502794,1.2747383394920002e-10,0.0,0.0,1.2747383394920002e-10,0.0,1.2747383394920013e-10,1.6313675368739867e-08,7874.955793601361,,True,90e95efa79c7cf10f5549d54
1352,cirpattern1_2_14,assets/cirpattern1_2.stl,separate_bearing_parts,0.00012846947235998983,0.00884707655835682,0.00610669602735991,-3.239573485869483e-19,0.0995148424707174,-0.2520476605793229,0.017676086000313583,1.2747383394919997e-10,0.0,0.0,1.2747383394919997e-10,0.0,1.274738339492e-10,1.6313675549085063e-08,7874.955706544925,,True,90e95efa79c7cf10f5549d54
1353,cirpattern1_4_14,assets/cirpattern1_4.stl,separate_bearing_parts,0.0001284694723599898,0.0100514246088682,-0.0038120025357073,-3.239573485869483e-19,0.10501531356007857,-0.2576695731345849,0.023838062341379238,1.2747383394919987e-10,0.0,0.0,1.2747383394919987e-10,0.0,1.2747383394919982e-10,1.6313675512680226e-08,7874.955724118307,,True,90e95efa79c7cf10f5549d54
1354,revolve3_2_14,assets/revolve3_2.stl,separate_bearing_parts,0.000762727750068509,7.536556395297857e-19,9.116630120069715e-19,-0.0019646723832599236,0.09675537560016713,-0.25203657494814397,0.028249999999995265,4.203917689001809e-08,0.0,0.0,4.2039176890018076e-08,0.0,8.39900202997902e-08,9.703949146599543e-08,7859.972662117504,,True,90e95efa79c7cf10f5549d54
1355,mirror1_14,assets/mirror1.stl,separate_bearing_parts,6.447682549775924e-05,9.81138511381865e-17,2.629052823473247e-16,-0.002204489410681317,0.09658395802700437,-0.25220428965308134,0.02824999999999501,4.3083246348836545e-09,0.0,0.0,4.308324634883543e-09,0.0,8.61513591098127e-09,8.18976494689939e-09,7872.854216917409,,True,90e95efa79c7cf10f5549d54
1356,cirpattern1_10_14,assets/cirpattern1_10.stl,separate_bearing_parts,0.00012846947235998983,-0.01067162039655406,0.00129576931274484,-3.239573485869483e-19,0.09224168541166312,-0.2446139240279621,0.03487972788075118,1.2747383394919995e-10,0.0,0.0,1.2747383394919997e-10,0.0,1.2747383394919997e-10,1.631367541932595e-08,7874.95576918239,,True,90e95efa79c7cf10f5549d54
1357,1_1_31_eb463_510_fl46blw10_48v_5n_m_de_2__fl46blw10_48v_5n_m_de__êäèë1_15,assets/1_1_31_eb463_510_fl46blw10_48v_5n_m_de_2__fl46blw10_48v_5n_m_de__êäèë1.stl,vendor_motor_parts,0.003575505293965178,-2.7315060254748863e-17,7.873576435762016e-16,0.0012771643572305625,0.07997447468980001,-0.19990288565362185,0.05152716435722359,7.574652128083713e-07,0.0,0.0,7.57465212808378e-07,0.0,1.5114087091854951e-06,1.3331368436788824e-06,2682.0242129820117,,True,b7094f2f67d456e424842e30
1358,1_2_05_000608_fl46blw10_48v_5n_m_de_2__fl46blw10_48v_5n_m_de__êäèë1_57,assets/1_2_05_000608_fl46blw10_48v_5n_m_de_2__fl46blw10_48v_5n_m_de__êäèë1.stl,vendor_motor_parts,0.0001251760225275824,-0.0017244299369855568,4.301994363033133e-07,5.908153300215281e-07,0.060425830797433494,-0.19461965397695022,0.01314735488541497,1.4701007066345354e-10,-3.327071645877055e-13,-4.3546180126616626e-13,1.29287724369605e-09,1.2146236496910186e-14,1.2928563051173674e-09,4.669869596117045e-08,2680.5035976093454,,True,b7094f2f67d456e424842e30
1359,1_2_05_000555_fl46blw10_48v_5n_m_de_2__fl46blw10_48v_5n_m_de__êäèë1_113,assets/1_2_05_000555_fl46blw10_48v_5n_m_de_2__fl46blw10_48v_5n_m_de__êäèë1.stl,vendor_motor_parts,5.05564929384142e-05,-0.0005885177475925705,5.704958175487715e-07,1.304831538170157e-07,0.07182487169870966,-0.21898496890598762,0.050168517747585545,4.248449341343423e-11,-1.044328441854737e-13,-2.989204937804672e-14,1.9784970084350223e-10,-7.395239804311774e-15,1.9784623482054316e-10,1.884688014215633e-08,2682.4860431584343,,True,b7094f2f67d456e424842e30
1360,1_2_05_000555_fl46blw10_48v_5n_m_de_2__fl46blw10_48v_5n_m_de__êäèë1_114,assets/1_2_05_000555_fl46blw10_48v_5n_m_de_2__fl46blw10_48v_5n_m_de__êäèë1.stl,vendor_motor_parts,5.05564929384142e-05,-0.0005885177475925705,5.704958175487715e-07,1.304831538170157e-07,0.09923018469569456,-0.1921724547256846,0.05016851774758553,4.248449341343423e-11,-1.044328441854737e-13,-2.989204937804672e-14,1.9784970084350223e-10,-7.395239804311774e-15,1.9784623482054316e-10,1.884688014215633e-08,2682.4860431584343,,True,b7094f2f67d456e424842e30
1361,1_2_05_000608_fl46blw10_48v_5n_m_de_2__fl46blw10_48v_5n_m_de__êäèë1_58,assets/1_2_05_000608_fl46blw10_48v_5n_m_de_2__fl46blw10_48v_5n_m_de__êäèë1.stl,vendor_motor_parts,0.0001251760225275824,-0.0017244299369855568,4.301994363033133e-07,5.908153300215281e-07,0.08525770636647177,-0.18035424176125422,0.013147354885414944,1.4701007066345354e-10,-3.327071645877055e-13,-4.3546180126616626e-13,1.29287724369605e-09,1.2146236496910186e-14,1.2928563051173674e-09,4.669869596117045e-08,2680.5035976093454,,True,b7094f2f67d456e424842e30
1362,1_2_05_000438_fl46blw10_48v_5n_m_de_2__fl46blw10_48v_5n_m_de__êäèë1_113,assets/1_2_05_000438_fl46blw10_48v_5n_m_de_2__fl46blw10_48v_5n_m_de__êäèë1.stl,vendor_motor_parts,3.7452900945165836e-05,-0.00048691546990284665,7.741652882946419e-07,1.9852930949355682e-08,0.07202869442805238,-0.18010954303794985,0.04275001985292389,3.721241491408982e-11,-6.775570722596493e-14,-1.2732964723639204e-14,7.409641321462231e-11,-2.525162931499824e-15,7.409912479287198e-11,1.3966815926753484e-08,2681.5632955700858,,True,b7094f2f67d456e424842e30
1363,1_2_05_000438_fl46blw10_48v_5n_m_de_2__fl46blw10_48v_5n_m_de__êäèë1_114,assets/1_2_05_000438_fl46blw10_48v_5n_m_de_2__fl46blw10_48v_5n_m_de__êäèë1.stl,vendor_motor_parts,3.7452900945165836e-05,-0.00048691546990284665,7.741652882946419e-07,1.9852930949355682e-08,0.0883519663707908,-0.18028836376282895,0.04275001985292384,3.721241491408982e-11,-6.775570722596493e-14,-1.2732964723639204e-14,7.409641321462231e-11,-2.525162931499824e-15,7.409912479287198e-11,1.3966815926753484e-08,2681.5632955700858,,True,b7094f2f67d456e424842e30
1364,1_2_05_000438_fl46blw10_48v_5n_m_de_2__fl46blw10_48v_5n_m_de__êäèë1_115,assets/1_2_05_000438_fl46blw10_48v_5n_m_de_2__fl46blw10_48v_5n_m_de__êäèë1.stl,vendor_motor_parts,3.7452900945165836e-05,-0.00048691546990284665,7.741652882946419e-07,1.9852930949355682e-08,0.06018113207412918,-0.20784866591536977,0.042750019852923864,3.721241491408982e-11,-6.775570722596493e-14,-1.2732964723639204e-14,7.409641321462231e-11,-2.525162931499824e-15,7.409912479287198e-11,1.3966815926753484e-08,2681.5632955700858,,True,b7094f2f67d456e424842e30
1365,1_2_05_000608_fl46blw10_48v_5n_m_de_2__fl46blw10_48v_5n_m_de__êäèë1_59,assets/1_2_05_000608_fl46blw10_48v_5n_m_de_2__fl46blw10_48v_5n_m_de__êäèë1.stl,vendor_motor_parts,0.0001251760225275824,-0.0017244299369855568,4.301994363033133e-07,5.908153300215281e-07,0.07469124301312915,-0.2194515295459885,0.01314735488541497,1.4701007066345354e-10,-3.327071645877055e-13,-4.3546180126616626e-13,1.29287724369605e-09,1.2146236496910186e-14,1.2928563051173674e-09,4.669869596117045e-08,2680.5035976093454,,True,b7094f2f67d456e424842e30
1366,1_1_06_eb463_507_fl46blw10_48v_5n_m_de_2__fl46blw10_48v_5n_m_de__çð³ý_à_éì1_15,assets/1_1_06_eb463_507_fl46blw10_48v_5n_m_de_2__fl46blw10_48v_5n_m_de__çð³ý_à_éì1.stl,vendor_motor_parts,0.021834137619844866,0.0004012204503875667,8.736567573188433e-09,0.00476273533540386,0.0798249823933589,-0.1995305552852787,0.027012735335396512,7.3622577264053095e-06,5.003486689893402e-14,9.296968633897761e-08,7.177823787656781e-06,-1.8635080240921887e-12,1.0303171059560452e-05,8.136051779312388e-06,2683.628154304859,,True,b7094f2f67d456e424842e30
1367,1_2_05_000555_fl46blw10_48v_5n_m_de_2__fl46blw10_48v_5n_m_de__êäèë1_115,assets/1_2_05_000555_fl46blw10_48v_5n_m_de_2__fl46blw10_48v_5n_m_de__êäèë1.stl,vendor_motor_parts,5.05564929384142e-05,-0.0005885177475925705,5.704958175487715e-07,1.304831538170157e-07,0.06089239143743436,-0.19175328266253056,0.05016851774758551,4.248449341343423e-11,-1.044328441854737e-13,-2.989204937804672e-14,1.9784970084350223e-10,-7.395239804311774e-15,1.9784623482054316e-10,1.884688014215633e-08,2682.4860431584343,,True,b7094f2f67d456e424842e30
1368,1_2_05_000438_fl46blw10_48v_5n_m_de_2__fl46blw10_48v_5n_m_de__êäèë1_116,assets/1_2_05_000438_fl46blw10_48v_5n_m_de_2__fl46blw10_48v_5n_m_de__êäèë1.stl,vendor_motor_parts,3.7452900945165836e-05,-0.00048691546990284665,7.741652882946419e-07,1.9852930949355682e-08,0.06035995279900861,-0.19152539397263102,0.04275001985292379,3.721241491408982e-11,-6.775570722596493e-14,-1.2732964723639204e-14,7.409641321462231e-11,-2.525162931499824e-15,7.409912479287198e-11,1.3966815926753484e-08,2681.5632955700858,,True,b7094f2f67d456e424842e30
1369,1_2_05_000608_fl46blw10_48v_5n_m_de_2__fl46blw10_48v_5n_m_de__êäèë1_60,assets/1_2_05_000608_fl46blw10_48v_5n_m_de_2__fl46blw10_48v_5n_m_de__êäèë1.stl,vendor_motor_parts,0.0001251760225275824,-0.0017244299369855568,4.301994363033133e-07,5.908153300215281e-07,0.0995231185821674,-0.20518611733029246,0.013147354885414957,1.4701007066345354e-10,-3.327071645877055e-13,-4.3546180126616626e-13,1.29287724369605e-09,1.2146236496910186e-14,1.2928563051173674e-09,4.669869596117045e-08,2680.5035976093454,,True,b7094f2f67d456e424842e30
1370,1_2_05_000555_fl46blw10_48v_5n_m_de_2__fl46blw10_48v_5n_m_de__êäèë1_116,assets/1_2_05_000555_fl46blw10_48v_5n_m_de_2__fl46blw10_48v_5n_m_de__êäèë1.stl,vendor_motor_parts,5.05564929384142e-05,-0.0005885177475925705,5.704958175487715e-07,1.304831538170157e-07,0.08770490561773697,-0.21915859565951593,0.05016851774758553,4.248449341343423e-11,-1.044328441854737e-13,-2.989204937804672e-14,1.9784970084350223e-10,-7.395239804311774e-15,1.9784623482054316e-10,1.884688014215633e-08,2682.4860431584343,,True,b7094f2f67d456e424842e30
1371,1_2_05_000438_fl46blw10_48v_5n_m_de_2__fl46blw10_48v_5n_m_de__êäèë1_117,assets/1_2_05_000438_fl46blw10_48v_5n_m_de_2__fl46blw10_48v_5n_m_de__êäèë1.stl,vendor_motor_parts,3.7452900945165836e-05,-0.00048691546990284665,7.741652882946419e-07,1.9852930949355682e-08,0.07159698300881034,-0.219517407544414,0.04275001985292381,3.721241491408982e-11,-6.775570722596493e-14,-1.2732964723639204e-14,7.409641321462231e-11,-2.525162931499824e-15,7.409912479287198e-11,1.3966815926753484e-08,2681.5632955700858,,True,b7094f2f67d456e424842e30
1372,1_2_05_000555_fl46blw10_48v_5n_m_de_2__fl46blw10_48v_5n_m_de__êäèë1_117,assets/1_2_05_000555_fl46blw10_48v_5n_m_de_2__fl46blw10_48v_5n_m_de__êäèë1.stl,vendor_motor_parts,5.05564929384142e-05,-0.0005885177475925705,5.704958175487715e-07,1.304831538170157e-07,0.060718764683906384,-0.2076333165815578,0.050168517747585566,4.248449341343423e-11,-1.044328441854737e-13,-2.989204937804672e-14,1.9784970084350223e-10,-7.395239804311774e-15,1.9784623482054316e-10,1.884688014215633e-08,2682.4860431584343,,True,b7094f2f67d456e424842e30
1373,1_2_05_000438_fl46blw10_48v_5n_m_de_2__fl46blw10_48v_5n_m_de__êäèë1_118,assets/1_2_05_000438_fl46blw10_48v_5n_m_de_2__fl46blw10_48v_5n_m_de__êäèë1.stl,vendor_motor_parts,3.7452900945165836e-05,-0.00048691546990284665,7.741652882946419e-07,1.9852930949355682e-08,0.08792025495154857,-0.21969622826929297,0.04275001985292383,3.721241491408982e-11,-6.775570722596493e-14,-1.2732964723639204e-14,7.409641321462231e-11,-2.525162931499824e-15,7.409912479287198e-11,1.3966815926753484e-08,2681.5632955700858,,True,b7094f2f67d456e424842e30
1374,1_1_06_eb463_509_fl46blw10_48v_5n_m_de_2__fl46blw10_48v_5n_m_de__êäèë1_15,assets/1_1_06_eb463_509_fl46blw10_48v_5n_m_de_2__fl46blw10_48v_5n_m_de__êäèë1.stl,vendor_motor_parts,0.006371665639530841,0.00013994576758433452,9.862013103342203e-06,0.0011128094560400818,0.08002036848211645,-0.1997703117610403,0.009862809456032538,1.0044230303899307e-06,2.6524788467401333e-08,1.2797173443951157e-10,1.0140751643727678e-06,-1.0029343708491859e-10,2.0034086306679993e-06,2.375886612947444e-06,2681.8054383607005,,True,b7094f2f67d456e424842e30
1375,1_2_05_000438_fl46blw10_48v_5n_m_de_2__fl46blw10_48v_5n_m_de__êäèë1_119,assets/1_2_05_000438_fl46blw10_48v_5n_m_de_2__fl46blw10_48v_5n_m_de__êäèë1.stl,vendor_motor_parts,3.7452900945165836e-05,-0.00048691546990284665,7.741652882946419e-07,1.9852930949355682e-08,0.09958899658059253,-0.20828037733461185,0.04275001985292382,3.721241491408982e-11,-6.775570722596493e-14,-1.2732964723639204e-14,7.409641321462231e-11,-2.525162931499824e-15,7.409912479287198e-11,1.3966815926753484e-08,2681.5632955700858,,True,b7094f2f67d456e424842e30
1376,1_2_05_000555_fl46blw10_48v_5n_m_de_2__fl46blw10_48v_5n_m_de__êäèë1_118,assets/1_2_05_000555_fl46blw10_48v_5n_m_de_2__fl46blw10_48v_5n_m_de__êäèë1.stl,vendor_motor_parts,5.05564929384142e-05,-0.0005885177475925705,5.704958175487715e-07,1.304831538170157e-07,0.09905655794216692,-0.2080524886447121,0.050168517747585545,4.248449341343423e-11,-1.044328441854737e-13,-2.989204937804672e-14,1.9784970084350223e-10,-7.395239804311774e-15,1.9784623482054316e-10,1.884688014215633e-08,2682.4860431584343,,True,b7094f2f67d456e424842e30
1377,1_1_02_eb461_502_fl46blw10_48v_5n_m_de_2__fl46blw10_48v_5n_m_de__êäèë1_15,assets/1_1_02_eb461_502_fl46blw10_48v_5n_m_de_2__fl46blw10_48v_5n_m_de__êäèë1.stl,vendor_motor_parts,0.010039340782280859,-3.586426461437877e-16,8.806751077780196e-18,0.006147535551138196,0.07997447468980069,-0.19990288565362163,0.046397535551131124,2.210326047415242e-06,3.16440961795669e-09,0.0,2.1950472758632107e-06,0.0,4.27861811833164e-06,3.74193226570368e-06,2682.9295854164625,,True,b7094f2f67d456e424842e30
1378,1_2_05_000438_fl46blw10_48v_5n_m_de_2__fl46blw10_48v_5n_m_de__êäèë1_120,assets/1_2_05_000438_fl46blw10_48v_5n_m_de_2__fl46blw10_48v_5n_m_de__êäèë1.stl,vendor_motor_parts,3.7452900945165836e-05,-0.00048691546990284665,7.741652882946419e-07,1.9852930949355682e-08,0.09976781730547188,-0.19195710539187286,0.04275001985292383,3.721241491408982e-11,-6.775570722596493e-14,-1.2732964723639204e-14,7.409641321462231e-11,-2.525162931499824e-15,7.409912479287198e-11,1.3966815926753484e-08,2681.5632955700858,,True,b7094f2f67d456e424842e30
1379,1_2_05_000555_fl46blw10_48v_5n_m_de_2__fl46blw10_48v_5n_m_de__êäèë1_119,assets/1_2_05_000555_fl46blw10_48v_5n_m_de_2__fl46blw10_48v_5n_m_de__êäèë1.stl,vendor_motor_parts,5.05564929384142e-05,-0.0005885177475925705,5.704958175487715e-07,1.304831538170157e-07,0.08812407768089092,-0.18082080240125498,0.050168517747585566,4.248449341343423e-11,-1.044328441854737e-13,-2.989204937804672e-14,1.9784970084350223e-10,-7.395239804311774e-15,1.9784623482054316e-10,1.884688014215633e-08,2682.4860431584343,,True,b7094f2f67d456e424842e30
1380,1_2_05_000555_fl46blw10_48v_5n_m_de_2__fl46blw10_48v_5n_m_de__êäèë1_120,assets/1_2_05_000555_fl46blw10_48v_5n_m_de_2__fl46blw10_48v_5n_m_de__êäèë1.stl,vendor_motor_parts,5.05564929384142e-05,-0.0005885177475925705,5.704958175487715e-07,1.304831538170157e-07,0.07224404376186415,-0.18064717564772706,0.05016851774758561,4.248449341343423e-11,-1.044328441854737e-13,-2.989204937804672e-14,1.9784970084350223e-10,-7.395239804311774e-15,1.9784623482054316e-10,1.884688014215633e-08,2682.4860431584343,,True,b7094f2f67d456e424842e30
1381,1_2_16_001425_fl46blw10_48v_5n_m_de_2__fl46blw10_48v_5n_m_de__çð³ý_à_éì2_15,assets/1_2_16_001425_fl46blw10_48v_5n_m_de_2__fl46blw10_48v_5n_m_de__çð³ý_à_éì2.stl,vendor_motor_parts,0.005650791388921487,0.019710827212435496,0.029193947313439654,-0.001370346572845048,0.08109412265123217,-0.20287041922231047,0.013520349772853591,5.861088062380172e-07,1.1851487070701593e-07,-3.477754440213315e-08,5.863219974088678e-07,3.342008144736537e-08,1.1460091017245543e-06,2.10683307039721e-06,2682.125825875763,,True,b7094f2f67d456e424842e30
1382,revolve1_1_15,assets/revolve1_1.stl,separate_bearing_parts,0.0025808941287641892,3.4221896053592956e-18,4.50855964342779e-18,-9.041649675540525e-19,0.07997447468980443,-0.1999028856536234,0.005749999999992447,2.0906988509379785e-07,0.0,0.0,2.0906988509379798e-07,0.0,4.0702141010220996e-07,3.2848585175766894e-07,7856.941524130452,,True,90e95efa79c7cf10f5549d54
1383,cirpattern1_7_15,assets/cirpattern1_7.stl,separate_bearing_parts,0.0001284694723599898,-0.0025726433910913246,-0.01043762453733004,-3.239573485869483e-19,0.0875721200117236,-0.1922977370316488,0.00574999999999298,1.2747383394919987e-10,0.0,0.0,1.2747383394919987e-10,0.0,1.2747383394919982e-10,1.631367558714738e-08,7874.95568817144,,True,90e95efa79c7cf10f5549d54
1384,revolve3_1_15,assets/revolve3_1.stl,separate_bearing_parts,0.0007627277500685167,9.31352628334693e-19,9.116630120069628e-19,0.0019646723832599214,0.07997447468980438,-0.19990288565362352,0.00771467238325237,4.203917689001855e-08,0.0,0.0,4.2039176890018546e-08,0.0,8.39900202997911e-08,9.703949146599542e-08,7859.972662117585,,True,90e95efa79c7cf10f5549d54
1385,cirpattern1_8_15,assets/cirpattern1_8.stl,separate_bearing_parts,0.0001284694723599898,-0.0071285685760886204,-0.008046490542839279,-3.239573485869483e-19,0.09023614431234203,-0.19669966281437357,0.005749999999992819,1.274738339491999e-10,0.0,0.0,1.2747383394919992e-10,0.0,1.2747383394919987e-10,1.631367538754823e-08,7874.955784522164,,True,90e95efa79c7cf10f5549d54
1386,cirpattern1_11_15,assets/cirpattern1_11.stl,separate_bearing_parts,0.00012846947235998983,-0.008847076558356728,0.006106696027360029,-3.239573485869483e-19,0.08439125001821886,-0.20970363030381772,0.005749999999992057,1.2747383394919997e-10,0.0,0.0,1.2747383394919997e-10,0.0,1.2747383394920002e-10,1.6313675549085067e-08,7874.9557065449235,,True,90e95efa79c7cf10f5549d54
1387,cirpattern2_15,assets/cirpattern2.stl,separate_bearing_parts,6.447682549723187e-05,-1.861447870219261e-15,-1.2630904970899047e-16,0.00220448941067994,0.07997447468980604,-0.19990288565362438,0.007954489410672389,4.30832463485691e-09,0.0,0.0,4.308324634857926e-09,0.0,8.615135910928939e-09,8.189763014391634e-09,7872.856074580987,,True,90e95efa79c7cf10f5549d54
1388,cirpattern1_9_15,assets/cirpattern1_9.stl,separate_bearing_parts,0.00012846947235998983,-0.010051424608868239,-0.0038120025357071645,-3.239573485869483e-19,0.09054934376896208,-0.2018354083465505,0.005749999999992573,1.2747383394919987e-10,0.0,0.0,1.274738339491999e-10,0.0,1.2747383394919987e-10,1.6313675512680223e-08,7874.95572411831,,True,90e95efa79c7cf10f5549d54
1389,cirpattern1_3_15,assets/cirpattern1_3.stl,separate_bearing_parts,0.00012846947235998983,0.0106716203965541,0.0012957693127446897,-3.239573485869483e-19,0.07016937503905311,-0.19549578673950316,0.00574999999999246,1.2747383394919987e-10,0.0,0.0,1.2747383394919987e-10,0.0,1.274738339491998e-10,1.6313675419325952e-08,7874.955769182388,,True,90e95efa79c7cf10f5549d54
1390,cirpattern1_6_15,assets/cirpattern1_6.stl,separate_bearing_parts,0.0001284694723599898,0.00257264339109118,-0.010437624537330078,-3.239573485869483e-19,0.08316756672940533,-0.189638059146242,0.00574999999999302,1.2747383394919997e-10,0.0,0.0,1.2747383394919997e-10,0.0,1.2747383394920002e-10,1.631367558714738e-08,7874.95568817144,,True,90e95efa79c7cf10f5549d54
1391,cirpattern1_5_15,assets/cirpattern1_5.stl,separate_bearing_parts,0.00012846947235998983,0.00712856857608851,-0.00804649054283938,-3.239573485869483e-19,0.07803151454174508,-0.1893299293091067,0.005749999999992928,1.2747383394919992e-10,0.0,0.0,1.2747383394919992e-10,0.0,1.2747383394919995e-10,1.631367538754823e-08,7874.955784522166,,True,90e95efa79c7cf10f5549d54
1392,revolve1_2_15,assets/revolve1_2.stl,separate_bearing_parts,0.0017875603307419146,3.7254812207917504e-19,-2.3248196583897076e-18,-5.732587536556652e-18,0.07997447468980443,-0.1999028856536234,0.005749999999992442,7.518736928316261e-08,0.0,0.0,7.518736928316266e-08,0.0,1.4297889999819628e-07,2.2752139446240923e-07,7856.669193530514,,True,90e95efa79c7cf10f5549d54
1393,revolve2_15,assets/revolve2.stl,separate_bearing_parts,0.00012846947235998983,0.0,0.010749999999999997,-3.239573485869483e-19,0.07441763432725522,-0.20910527801567508,0.005749999999991878,1.2747383394919992e-10,0.0,0.0,1.2747383394919992e-10,0.0,1.2747383394919992e-10,1.6313675712392897e-08,7874.955627712786,,True,90e95efa79c7cf10f5549d54
1394,cirpattern1_12_15,assets/cirpattern1_12.stl,separate_bearing_parts,0.00012846947235998983,-0.00499577409947039,0.009518652275772069,-3.239573485869483e-19,0.07933070187607612,-0.21063359190085185,0.005749999999991906,1.2747383394919992e-10,0.0,0.0,1.2747383394919992e-10,0.0,1.2747383394919992e-10,1.6313675368739867e-08,7874.955793601361,,True,90e95efa79c7cf10f5549d54
1395,cirpattern1_1_15,assets/cirpattern1_1.stl,separate_bearing_parts,0.00012846947235998983,0.00499577409947052,0.009518652275771998,-3.239573485869483e-19,0.07077757193830826,-0.2054688069412024,0.005749999999991981,1.2747383394920002e-10,0.0,0.0,1.2747383394920002e-10,0.0,1.2747383394920013e-10,1.6313675368739867e-08,7874.955793601361,,True,90e95efa79c7cf10f5549d54
1396,cirpattern1_2_15,assets/cirpattern1_2.stl,separate_bearing_parts,0.00012846947235998983,0.00884707655835682,0.00610669602735991,-3.239573485869483e-19,0.0692444091350359,-0.20055725037636832,0.005749999999992191,1.2747383394919997e-10,0.0,0.0,1.2747383394919997e-10,0.0,1.274738339492e-10,1.6313675549085063e-08,7874.955706544925,,True,90e95efa79c7cf10f5549d54
1397,cirpattern1_4_15,assets/cirpattern1_4.stl,separate_bearing_parts,0.0001284694723599898,0.0100514246088682,-0.0038120025357073,-3.239573485869483e-19,0.07334057110879712,-0.19144393635256352,0.005749999999992726,1.2747383394919987e-10,0.0,0.0,1.2747383394919987e-10,0.0,1.2747383394919982e-10,1.6313675512680226e-08,7874.955724118307,,True,90e95efa79c7cf10f5549d54
1398,revolve3_2_15,assets/revolve3_2.stl,separate_bearing_parts,0.000762727750068509,7.536556395297857e-19,9.116630120069715e-19,-0.0019646723832599236,0.07997447468980447,-0.1999028856536233,0.0037853276167325238,4.203917689001809e-08,0.0,0.0,4.2039176890018076e-08,0.0,8.39900202997902e-08,9.703949146599543e-08,7859.972662117504,,True,90e95efa79c7cf10f5549d54
1399,mirror1_15,assets/mirror1.stl,separate_bearing_parts,6.447682549775924e-05,9.81138511381865e-17,2.629052823473247e-16,-0.002204489410681317,0.07997447468980426,-0.19990288565362346,0.0035455105893111303,4.3083246348836545e-09,0.0,0.0,4.308324634883543e-09,0.0,8.61513591098127e-09,8.18976494689939e-09,7872.854216917409,,True,90e95efa79c7cf10f5549d54
1400,cirpattern1_10_15,assets/cirpattern1_10.stl,separate_bearing_parts,0.00012846947235998983,-0.01067162039655406,0.00129576931274484,-3.239573485869483e-19,0.08843996816053472,-0.206528436219201,0.005749999999992298,1.2747383394919995e-10,0.0,0.0,1.2747383394919997e-10,0.0,1.2747383394919997e-10,1.631367541932595e-08,7874.95576918239,,True,90e95efa79c7cf10f5549d54
1401,pem_m4_self_clinching_nut__300_ss_46,assets/pem_m4_self_clinching_nut__300_ss.stl,catalog_fasteners_and_hardware,0.0008355363884781723,0.0019670757575096427,-1.6173730124900373e-07,5.2308822207170976e-08,0.1338007516167304,0.2779201721599656,0.03820280471008166,6.9682596864700805e-09,-1.9802899489392358e-13,-5.965832925689283e-14,4.099050647002325e-09,7.713958387517938e-14,4.0983762805777485e-09,1.0630266930926216e-07,7859.975614040126,,True,158ec13e4f19f56723423f84
1402,pem_m4_self_clinching_nut__300_ss_47,assets/pem_m4_self_clinching_nut__300_ss.stl,catalog_fasteners_and_hardware,0.0008355363884781723,0.0019670757575096427,-1.6173730124900373e-07,5.2308822207170976e-08,0.15227162395576688,0.24696413402183803,0.056245824906984265,6.9682596864700805e-09,-1.9802899489392358e-13,-5.965832925689283e-14,4.099050647002325e-09,7.713958387517938e-14,4.0983762805777485e-09,1.0630266930926216e-07,7859.975614040126,,True,158ec13e4f19f56723423f84
1403,pem_m4_self_clinching_nut__300_ss_48,assets/pem_m4_self_clinching_nut__300_ss.stl,catalog_fasteners_and_hardware,0.0008355363884781723,0.0019670757575096427,-1.6173730124900373e-07,5.2308822207170976e-08,0.12766476787838288,0.2718539438641601,0.05624582490698598,6.9682596864700805e-09,-1.9802899489392358e-13,-5.965832925689283e-14,4.099050647002325e-09,7.713958387517938e-14,4.0983762805777485e-09,1.0630266930926216e-07,7859.975614040126,,True,158ec13e4f19f56723423f84
1404,1_1_31_eb463_510_fl46blw10_48v_5n_m_de_2__fl46blw10_48v_5n_m_de__êäèë1_16,assets/1_1_31_eb463_510_fl46blw10_48v_5n_m_de_2__fl46blw10_48v_5n_m_de__êäèë1.stl,vendor_motor_parts,0.003575505293965178,-2.7315060254748863e-17,7.873576435762016e-16,0.0012771643572305625,0.1456105815029919,0.29771935419988516,0.05996026172108261,7.574652128083713e-07,0.0,0.0,7.57465212808378e-07,0.0,1.5114087091854951e-06,1.3331368436788824e-06,2682.0242129820117,,True,b7094f2f67d456e424842e30
1405,1_2_05_000608_fl46blw10_48v_5n_m_de_2__fl46blw10_48v_5n_m_de__êäèë1_61,assets/1_2_05_000608_fl46blw10_48v_5n_m_de_2__fl46blw10_48v_5n_m_de__êäèë1.stl,vendor_motor_parts,0.0001251760225275824,-0.0017244299369855568,4.301994363033133e-07,5.908153300215281e-07,0.1809446553304802,0.27868213112689116,0.07645750859730217,1.4701007066345354e-10,-3.327071645877055e-13,-4.3546180126616626e-13,1.29287724369605e-09,1.2146236496910186e-14,1.2928563051173674e-09,4.669869596117045e-08,2680.5035976093454,,True,b7094f2f67d456e424842e30
1406,1_2_05_000555_fl46blw10_48v_5n_m_de_2__fl46blw10_48v_5n_m_de__êäèë1_121,assets/1_2_05_000555_fl46blw10_48v_5n_m_de_2__fl46blw10_48v_5n_m_de__êäèë1.stl,vendor_motor_parts,5.05564929384142e-05,-0.0005885177475925705,5.704958175487715e-07,1.304831538170157e-07,0.1596612524685644,0.30969976742088984,0.05039803419588548,4.248449341343423e-11,-1.044328441854737e-13,-2.989204937804672e-14,1.9784970084350223e-10,-7.395239804311774e-15,1.9784623482054316e-10,1.884688014215633e-08,2682.4860431584343,,True,b7094f2f67d456e424842e30
1407,1_2_05_000555_fl46blw10_48v_5n_m_de_2__fl46blw10_48v_5n_m_de__êäèë1_122,assets/1_2_05_000555_fl46blw10_48v_5n_m_de_2__fl46blw10_48v_5n_m_de__êäèë1.stl,vendor_motor_parts,5.05564929384142e-05,-0.0005885177475925705,5.704958175487715e-07,1.304831538170157e-07,0.13249751921449654,0.282844838478411,0.053700530876850526,4.248449341343423e-11,-1.044328441854737e-13,-2.989204937804672e-14,1.9784970084350223e-10,-7.395239804311774e-15,1.9784623482054316e-10,1.884688014215633e-08,2682.4860431584343,,True,b7094f2f67d456e424842e30
1408,1_2_05_000608_fl46blw10_48v_5n_m_de_2__fl46blw10_48v_5n_m_de__êäèë1_62,assets/1_2_05_000608_fl46blw10_48v_5n_m_de_2__fl46blw10_48v_5n_m_de__êäèë1.stl,vendor_motor_parts,0.0001251760225275824,-0.0017244299369855568,4.301994363033133e-07,5.908153300215281e-07,0.16086181322525656,0.2588275959400529,0.07170346658537967,1.4701007066345354e-10,-3.327071645877055e-13,-4.3546180126616626e-13,1.29287724369605e-09,1.2146236496910186e-14,1.2928563051173674e-09,4.669869596117045e-08,2680.5035976093454,,True,b7094f2f67d456e424842e30
1409,1_2_05_000438_fl46blw10_48v_5n_m_de_2__fl46blw10_48v_5n_m_de__êäèë1_121,assets/1_2_05_000438_fl46blw10_48v_5n_m_de_2__fl46blw10_48v_5n_m_de__êäèë1.stl,vendor_motor_parts,3.7452900945165836e-05,-0.00048691546990284665,7.741652882946419e-07,1.9852930949355682e-08,0.1472052920299066,0.286953532888786,0.08029506172874198,3.721241491408982e-11,-6.775570722596493e-14,-1.2732964723639204e-14,7.409641321462231e-11,-2.525162931499824e-15,7.409912479287198e-11,1.3966815926753484e-08,2681.5632955700858,,True,b7094f2f67d456e424842e30
1410,1_2_05_000438_fl46blw10_48v_5n_m_de_2__fl46blw10_48v_5n_m_de__êäèë1_122,assets/1_2_05_000438_fl46blw10_48v_5n_m_de_2__fl46blw10_48v_5n_m_de__êäèë1.stl,vendor_motor_parts,3.7452900945165836e-05,-0.00048691546990284665,7.741652882946419e-07,1.9852930949355682e-08,0.13832024091887027,0.2781694893257969,0.06978898590539055,3.721241491408982e-11,-6.775570722596493e-14,-1.2732964723639204e-14,7.409641321462231e-11,-2.525162931499824e-15,7.409912479287198e-11,1.3966815926753484e-08,2681.5632955700858,,True,b7094f2f67d456e424842e30
1411,1_2_05_000438_fl46blw10_48v_5n_m_de_2__fl46blw10_48v_5n_m_de__êäèë1_123,assets/1_2_05_000438_fl46blw10_48v_5n_m_de_2__fl46blw10_48v_5n_m_de__êäèë1.stl,vendor_motor_parts,3.7452900945165836e-05,-0.00048691546990284665,7.741652882946419e-07,1.9852930949355682e-08,0.1662422168447054,0.3057740410421781,0.06639514668647016,3.721241491408982e-11,-6.775570722596493e-14,-1.2732964723639204e-14,7.409641321462231e-11,-2.525162931499824e-15,7.409912479287198e-11,1.3966815926753484e-08,2681.5632955700858,,True,b7094f2f67d456e424842e30
1412,1_2_05_000608_fl46blw10_48v_5n_m_de_2__fl46blw10_48v_5n_m_de__êäèë1_63,assets/1_2_05_000608_fl46blw10_48v_5n_m_de_2__fl46blw10_48v_5n_m_de__êäèë1.stl,vendor_motor_parts,0.0001251760225275824,-0.0017244299369855568,4.301994363033133e-07,5.908153300215281e-07,0.18432543252073985,0.28202447477184167,0.04821705685678011,1.4701007066345354e-10,-3.327071645877055e-13,-4.3546180126616626e-13,1.29287724369605e-09,1.2146236496910186e-14,1.2928563051173674e-09,4.669869596117045e-08,2680.5035976093454,,True,b7094f2f67d456e424842e30
1413,1_1_06_eb463_507_fl46blw10_48v_5n_m_de_2__fl46blw10_48v_5n_m_de__çð³ý_à_éì1_16,assets/1_1_06_eb463_507_fl46blw10_48v_5n_m_de_2__fl46blw10_48v_5n_m_de__çð³ý_à_éì1.stl,vendor_motor_parts,0.021834137619844866,0.0004012204503875667,8.736567573188433e-09,0.00476273533540386,0.1627594586413051,0.2802011382354006,0.06034279333128296,7.3622577264053095e-06,5.003486689893402e-14,9.296968633897761e-08,7.177823787656781e-06,-1.8635080240921887e-12,1.0303171059560452e-05,8.136051779312388e-06,2683.628154304859,,True,b7094f2f67d456e424842e30
1414,1_2_05_000555_fl46blw10_48v_5n_m_de_2__fl46blw10_48v_5n_m_de__êäèë1_123,assets/1_2_05_000555_fl46blw10_48v_5n_m_de_2__fl46blw10_48v_5n_m_de__êäèë1.stl,vendor_motor_parts,5.05564929384142e-05,-0.0005885177475925705,5.704958175487715e-07,1.304831538170157e-07,0.15336583997026504,0.30347592279231045,0.07837508550299736,4.248449341343423e-11,-1.044328441854737e-13,-2.989204937804672e-14,1.9784970084350223e-10,-7.395239804311774e-15,1.9784623482054316e-10,1.884688014215633e-08,2682.4860431584343,,True,b7094f2f67d456e424842e30
1415,1_2_05_000438_fl46blw10_48v_5n_m_de_2__fl46blw10_48v_5n_m_de__êäèë1_124,assets/1_2_05_000438_fl46blw10_48v_5n_m_de_2__fl46blw10_48v_5n_m_de__êäèë1.stl,vendor_motor_parts,3.7452900945165836e-05,-0.00048691546990284665,7.741652882946419e-07,1.9852930949355682e-08,0.15877095314664266,0.2983877125929408,0.07888928749575388,3.721241491408982e-11,-6.775570722596493e-14,-1.2732964723639204e-14,7.409641321462231e-11,-2.525162931499824e-15,7.409912479287198e-11,1.3966815926753484e-08,2681.5632955700858,,True,b7094f2f67d456e424842e30
1416,1_2_05_000608_fl46blw10_48v_5n_m_de_2__fl46blw10_48v_5n_m_de__êäèë1_64,assets/1_2_05_000608_fl46blw10_48v_5n_m_de_2__fl46blw10_48v_5n_m_de__êäèë1.stl,vendor_motor_parts,0.0001251760225275824,-0.0017244299369855568,4.301994363033133e-07,5.908153300215281e-07,0.16424259041551637,0.2621699395850032,0.043463014844857595,1.4701007066345354e-10,-3.327071645877055e-13,-4.3546180126616626e-13,1.29287724369605e-09,1.2146236496910186e-14,1.2928563051173674e-09,4.669869596117045e-08,2680.5035976093454,,True,b7094f2f67d456e424842e30
1417,1_2_05_000555_fl46blw10_48v_5n_m_de_2__fl46blw10_48v_5n_m_de__êäèë1_124,assets/1_2_05_000555_fl46blw10_48v_5n_m_de_2__fl46blw10_48v_5n_m_de__êäèë1.stl,vendor_motor_parts,5.05564929384142e-05,-0.0005885177475925705,5.704958175487715e-07,1.304831538170157e-07,0.1510173109875738,0.3011540924916105,0.04017749902421876,4.248449341343423e-11,-1.044328441854737e-13,-2.989204937804672e-14,1.9784970084350223e-10,-7.395239804311774e-15,1.9784623482054316e-10,1.884688014215633e-08,2682.4860431584343,,True,b7094f2f67d456e424842e30
1418,1_2_05_000438_fl46blw10_48v_5n_m_de_2__fl46blw10_48v_5n_m_de__êäèë1_125,assets/1_2_05_000438_fl46blw10_48v_5n_m_de_2__fl46blw10_48v_5n_m_de__êäèë1.stl,vendor_motor_parts,3.7452900945165836e-05,-0.00048691546990284665,7.741652882946419e-07,1.9852930949355682e-08,0.16524251817783855,0.30478570720708115,0.05013153753677355,3.721241491408982e-11,-6.775570722596493e-14,-1.2732964723639204e-14,7.409641321462231e-11,-2.525162931499824e-15,7.409912479287198e-11,1.3966815926753484e-08,2681.5632955700858,,True,b7094f2f67d456e424842e30
1419,1_2_05_000555_fl46blw10_48v_5n_m_de_2__fl46blw10_48v_5n_m_de__êäèë1_125,assets/1_2_05_000555_fl46blw10_48v_5n_m_de_2__fl46blw10_48v_5n_m_de__êäèë1.stl,vendor_motor_parts,5.05564929384142e-05,-0.0005885177475925705,5.704958175487715e-07,1.304831538170157e-07,0.16063404502482226,0.31066150102096907,0.06621999256531476,4.248449341343423e-11,-1.044328441854737e-13,-2.989204937804672e-14,1.9784970084350223e-10,-7.395239804311774e-15,1.9784623482054316e-10,1.884688014215633e-08,2682.4860431584343,,True,b7094f2f67d456e424842e30
1420,1_2_05_000438_fl46blw10_48v_5n_m_de_2__fl46blw10_48v_5n_m_de__êäèë1_126,assets/1_2_05_000438_fl46blw10_48v_5n_m_de_2__fl46blw10_48v_5n_m_de__êäèë1.stl,vendor_motor_parts,3.7452900945165836e-05,-0.00048691546990284665,7.741652882946419e-07,1.9852930949355682e-08,0.15635746706680223,0.29600166364409214,0.03962546171342221,3.721241491408982e-11,-6.775570722596493e-14,-1.2732964723639204e-14,7.409641321462231e-11,-2.525162931499824e-15,7.409912479287198e-11,1.3966815926753484e-08,2681.5632955700858,,True,b7094f2f67d456e424842e30
1421,1_1_06_eb463_509_fl46blw10_48v_5n_m_de_2__fl46blw10_48v_5n_m_de__êäèë1_16,assets/1_1_06_eb463_509_fl46blw10_48v_5n_m_de_2__fl46blw10_48v_5n_m_de__êäèë1.stl,vendor_motor_parts,0.006371665639530841,0.00013994576758433452,9.862013103342203e-06,0.0011128094560400818,0.17481774240223294,0.26800614941647344,0.06003350866271137,1.0044230303899307e-06,2.6524788467401333e-08,1.2797173443951157e-10,1.0140751643727678e-06,-1.0029343708491859e-10,2.0034086306679993e-06,2.375886612947444e-06,2681.8054383607005,,True,b7094f2f67d456e424842e30
1422,1_2_05_000438_fl46blw10_48v_5n_m_de_2__fl46blw10_48v_5n_m_de__êäèë1_127,assets/1_2_05_000438_fl46blw10_48v_5n_m_de_2__fl46blw10_48v_5n_m_de__êäèë1.stl,vendor_motor_parts,3.7452900945165836e-05,-0.00048691546990284665,7.741652882946419e-07,1.9852930949355682e-08,0.14479180595006608,0.2845674839399375,0.04103123594641033,3.721241491408982e-11,-6.775570722596493e-14,-1.2732964723639204e-14,7.409641321462231e-11,-2.525162931499824e-15,7.409912479287198e-11,1.3966815926753484e-08,2681.5632955700858,,True,b7094f2f67d456e424842e30
1423,1_2_05_000555_fl46blw10_48v_5n_m_de_2__fl46blw10_48v_5n_m_de__êäèë1_126,assets/1_2_05_000555_fl46blw10_48v_5n_m_de_2__fl46blw10_48v_5n_m_de__êäèë1.stl,vendor_motor_parts,5.05564929384142e-05,-0.0005885177475925705,5.704958175487715e-07,1.304831538170157e-07,0.1397657242690538,0.2900304167070701,0.04154543793916791,4.248449341343423e-11,-1.044328441854737e-13,-2.989204937804672e-14,1.9784970084350223e-10,-7.395239804311774e-15,1.9784623482054316e-10,1.884688014215633e-08,2682.4860431584343,,True,b7094f2f67d456e424842e30
1424,1_1_02_eb461_502_fl46blw10_48v_5n_m_de_2__fl46blw10_48v_5n_m_de__êäèë1_16,assets/1_1_02_eb461_502_fl46blw10_48v_5n_m_de_2__fl46blw10_48v_5n_m_de__êäèë1.stl,vendor_motor_parts,0.010039340782280859,-3.586426461437877e-16,8.806751077780196e-18,0.006147535551138196,0.14921698258190336,0.2940714831843038,0.05996026172108196,2.210326047415242e-06,3.16440961795669e-09,0.0,2.1950472758632107e-06,0.0,4.27861811833164e-06,3.74193226570368e-06,2682.9295854164625,,True,b7094f2f67d456e424842e30
1425,1_2_05_000438_fl46blw10_48v_5n_m_de_2__fl46blw10_48v_5n_m_de__êäèë1_128,assets/1_2_05_000438_fl46blw10_48v_5n_m_de_2__fl46blw10_48v_5n_m_de__êäèë1.stl,vendor_motor_parts,3.7452900945165836e-05,-0.00048691546990284665,7.741652882946419e-07,1.9852930949355682e-08,0.13732054225200346,0.2771811554906999,0.05352537675569426,3.721241491408982e-11,-6.775570722596493e-14,-1.2732964723639204e-14,7.409641321462231e-11,-2.525162931499824e-15,7.409912479287198e-11,1.3966815926753484e-08,2681.5632955700858,,True,b7094f2f67d456e424842e30
1426,1_2_05_000555_fl46blw10_48v_5n_m_de_2__fl46blw10_48v_5n_m_de__êäèë1_127,assets/1_2_05_000555_fl46blw10_48v_5n_m_de_2__fl46blw10_48v_5n_m_de__êäèë1.stl,vendor_motor_parts,5.05564929384142e-05,-0.0005885177475925705,5.704958175487715e-07,1.304831538170157e-07,0.13347031177075433,0.2838065720784907,0.06952248924627973,4.248449341343423e-11,-1.044328441854737e-13,-2.989204937804672e-14,1.9784970084350223e-10,-7.395239804311774e-15,1.9784623482054316e-10,1.884688014215633e-08,2682.4860431584343,,True,b7094f2f67d456e424842e30
1427,1_2_05_000555_fl46blw10_48v_5n_m_de_2__fl46blw10_48v_5n_m_de__êäèë1_128,assets/1_2_05_000555_fl46blw10_48v_5n_m_de_2__fl46blw10_48v_5n_m_de__êäèë1.stl,vendor_motor_parts,5.05564929384142e-05,-0.0005885177475925705,5.704958175487715e-07,1.304831538170157e-07,0.14211425325174526,0.29235224700776974,0.07974302441794652,4.248449341343423e-11,-1.044328441854737e-13,-2.989204937804672e-14,1.9784970084350223e-10,-7.395239804311774e-15,1.9784623482054316e-10,1.884688014215633e-08,2682.4860431584343,,True,b7094f2f67d456e424842e30
1428,1_2_16_001425_fl46blw10_48v_5n_m_de_2__fl46blw10_48v_5n_m_de__çð³ý_à_éì2_16,assets/1_2_16_001425_fl46blw10_48v_5n_m_de_2__fl46blw10_48v_5n_m_de__çð³ý_à_éì2.stl,vendor_motor_parts,0.005650791388921487,0.019710827212435496,0.029193947313439654,-0.001370346572845048,0.17305680531732692,0.27140845687545373,0.056957046409755886,5.861088062380172e-07,1.1851487070701593e-07,-3.477754440213315e-08,5.863219974088678e-07,3.342008144736537e-08,1.1460091017245543e-06,2.10683307039721e-06,2682.125825875763,,True,b7094f2f67d456e424842e30
1429,revolve1_1_16,assets/revolve1_1.stl,separate_bearing_parts,0.0025808941287641892,3.4221896053592956e-18,4.50855964342779e-18,-9.041649675540525e-19,0.17779435564496643,0.2651654994578222,0.05996026172107491,2.0906988509379785e-07,0.0,0.0,2.0906988509379798e-07,0.0,4.0702141010220996e-07,3.2848585175766894e-07,7856.941524130452,,True,90e95efa79c7cf10f5549d54
1430,cirpattern1_7_16,assets/cirpattern1_7.stl,separate_bearing_parts,0.0001284694723599898,-0.0025726433910913246,-0.01043762453733004,-3.239573485869483e-19,0.1701860629377875,0.2576436997805171,0.06100855161246194,1.2747383394919987e-10,0.0,0.0,1.2747383394919987e-10,0.0,1.2747383394919982e-10,1.631367558714738e-08,7874.95568817144,,True,90e95efa79c7cf10f5549d54
1431,revolve3_1_16,assets/revolve3_1.stl,separate_bearing_parts,0.0007627277500685167,9.31352628334693e-19,9.116630120069628e-19,0.0019646723832599214,0.17641308677142106,0.26656265151558795,0.059960261721075006,4.203917689001855e-08,0.0,0.0,4.2039176890018546e-08,0.0,8.39900202997911e-08,9.703949146599542e-08,7859.972662117585,,True,90e95efa79c7cf10f5549d54
1432,cirpattern1_8_16,assets/cirpattern1_8.stl,separate_bearing_parts,0.0001284694723599898,-0.0071285685760886204,-0.008046490542839279,-3.239573485869483e-19,0.1707111060411987,0.2581627740587827,0.05591651197160029,1.274738339491999e-10,0.0,0.0,1.2747383394919992e-10,0.0,1.2747383394919987e-10,1.631367538754823e-08,7874.955784522164,,True,90e95efa79c7cf10f5549d54
1433,cirpattern1_11_16,assets/cirpattern1_11.stl,separate_bearing_parts,0.00012846947235998983,-0.008847076558356728,0.006106696027360029,-3.239573485869483e-19,0.1797952592206259,0.26714365624660064,0.049585013261402855,1.2747383394919997e-10,0.0,0.0,1.2747383394919997e-10,0.0,1.2747383394920002e-10,1.6313675549085067e-08,7874.9557065449235,,True,90e95efa79c7cf10f5549d54
1434,cirpattern2_16,assets/cirpattern2.stl,separate_bearing_parts,6.447682549723187e-05,-1.861447870219261e-15,-1.2630904970899047e-16,0.00220448941067994,0.17624448268345966,0.2667331943787141,0.059960261721073306,4.30832463485691e-09,0.0,0.0,4.308324634857926e-09,0.0,8.615135910928939e-09,8.189763014391634e-09,7872.856074580987,,True,90e95efa79c7cf10f5549d54
1435,cirpattern1_9_16,assets/cirpattern1_9.stl,separate_bearing_parts,0.00012846947235998983,-0.010051424608868239,-0.0038120025357071645,-3.239573485869483e-19,0.17285883626642168,0.2602860883339787,0.05175084666587597,1.2747383394919987e-10,0.0,0.0,1.274738339491999e-10,0.0,1.2747383394919987e-10,1.6313675512680223e-08,7874.95572411831,,True,90e95efa79c7cf10f5549d54
1436,cirpattern1_3_16,assets/cirpattern1_3.stl,separate_bearing_parts,0.00012846947235998983,0.0106716203965541,0.0012957693127446897,-3.239573485869483e-19,0.1811893276213385,0.26852187651889853,0.06959205274370071,1.2747383394919987e-10,0.0,0.0,1.2747383394919987e-10,0.0,1.274738339491998e-10,1.6313675419325952e-08,7874.955769182388,,True,90e95efa79c7cf10f5549d54
1437,cirpattern1_6_16,assets/cirpattern1_6.stl,separate_bearing_parts,0.0001284694723599898,0.00257264339109118,-0.010437624537330078,-3.239573485869483e-19,0.17140398800372428,0.25884777916080937,0.06586044067246952,1.2747383394919997e-10,0.0,0.0,1.2747383394919997e-10,0.0,1.2747383394920002e-10,1.631367558714738e-08,7874.95568817144,,True,90e95efa79c7cf10f5549d54
1438,cirpattern1_5_16,assets/cirpattern1_5.stl,separate_bearing_parts,0.00012846947235998983,0.00712856857608851,-0.00804649054283938,-3.239573485869483e-19,0.17408586928399103,0.26149917212436413,0.06936066983957707,1.2747383394919992e-10,0.0,0.0,1.2747383394919992e-10,0.0,1.2747383394919995e-10,1.631367538754823e-08,7874.955784522166,,True,90e95efa79c7cf10f5549d54
1439,revolve1_2_16,assets/revolve1_2.stl,separate_bearing_parts,0.0017875603307419146,3.7254812207917504e-19,-2.3248196583897076e-18,-5.732587536556652e-18,0.17779435564496643,0.2651654994578222,0.05996026172107491,7.518736928316261e-08,0.0,0.0,7.518736928316266e-08,0.0,1.4297889999819628e-07,2.2752139446240923e-07,7856.669193530514,,True,90e95efa79c7cf10f5549d54
1440,revolve2_16,assets/revolve2.stl,separate_bearing_parts,0.00012846947235998983,0.0,0.010749999999999997,-3.239573485869483e-19,0.18500316058939204,0.2722923528520895,0.05638205099924091,1.2747383394919992e-10,0.0,0.0,1.2747383394919992e-10,0.0,1.2747383394919992e-10,1.6313675712392897e-08,7874.955627712786,,True,90e95efa79c7cf10f5549d54
1441,cirpattern1_12_16,assets/cirpattern1_12.stl,separate_bearing_parts,0.00012846947235998983,-0.00499577409947039,0.009518652275772069,-3.239573485869483e-19,0.1829949010437574,0.27030692371789705,0.05208101149449684,1.2747383394919992e-10,0.0,0.0,1.2747383394919992e-10,0.0,1.2747383394919992e-10,1.6313675368739867e-08,7874.955793601361,,True,90e95efa79c7cf10f5549d54
1442,cirpattern1_1_16,assets/cirpattern1_1.stl,separate_bearing_parts,0.00012846947235998983,0.00499577409947052,0.009518652275771998,-3.239573485869483e-19,0.18535996979777614,0.27264510576154943,0.0615028154582434,1.2747383394920002e-10,0.0,0.0,1.2747383394920002e-10,0.0,1.2747383394920013e-10,1.6313675368739867e-08,7874.955793601361,,True,90e95efa79c7cf10f5549d54
1443,cirpattern1_2_16,assets/cirpattern1_2.stl,separate_bearing_parts,0.00012846947235998983,0.00884707655835682,0.00610669602735991,-3.239573485869483e-19,0.18398358797928593,0.27128437100585295,0.06627019944584835,1.2747383394919997e-10,0.0,0.0,1.2747383394919997e-10,0.0,1.274738339492e-10,1.6313675549085063e-08,7874.955706544925,,True,90e95efa79c7cf10f5549d54
1444,cirpattern1_4_16,assets/cirpattern1_4.stl,separate_bearing_parts,0.0001284694723599898,0.0100514246088682,-0.0038120025357073,-3.239573485869483e-19,0.17761732009745176,0.26499047649597995,0.07070737879393446,1.2747383394919987e-10,0.0,0.0,1.2747383394919987e-10,0.0,1.2747383394919982e-10,1.6313675512680226e-08,7874.955724118307,,True,90e95efa79c7cf10f5549d54
1445,revolve3_2_16,assets/revolve3_2.stl,separate_bearing_parts,0.000762727750068509,7.536556395297857e-19,9.116630120069715e-19,-0.0019646723832599236,0.1791756245185118,0.26376834740005645,0.05996026172107481,4.203917689001809e-08,0.0,0.0,4.2039176890018076e-08,0.0,8.39900202997902e-08,9.703949146599543e-08,7859.972662117504,,True,90e95efa79c7cf10f5549d54
1446,mirror1_16,assets/mirror1.stl,separate_bearing_parts,6.447682549775924e-05,9.81138511381865e-17,2.629052823473247e-16,-0.002204489410681317,0.17934422860647384,0.26359780453692894,0.059960261721074805,4.3083246348836545e-09,0.0,0.0,4.308324634883543e-09,0.0,8.61513591098127e-09,8.18976494689939e-09,7872.854216917409,,True,90e95efa79c7cf10f5549d54
1447,cirpattern1_10_16,assets/cirpattern1_10.stl,separate_bearing_parts,0.00012846947235998983,-0.01067162039655406,0.00129576931274484,-3.239573485869483e-19,0.17613723450181287,0.26352721689436864,0.04946585941512137,1.2747383394919995e-10,0.0,0.0,1.2747383394919997e-10,0.0,1.2747383394919997e-10,1.631367541932595e-08,7874.95576918239,,True,90e95efa79c7cf10f5549d54
1448,pem_bsos_m3_6____c8b4713a2b299da432156142d6d3e6d8_12,assets/pem_bsos_m3_6____c8b4713a2b299da432156142d6d3e6d8.stl,catalog_fasteners_and_hardware,0.0004708484897520461,1.2857871311771532e-18,-7.140615387249737e-20,-0.002704641119787707,0.12664411695126537,0.2619153114341906,0.004854641119777604,2.2347559044838597e-09,0.0,0.0,2.2347559044838597e-09,0.0,1.3514971868074787e-09,6.076658976780734e-08,7748.476449825232,,True,2822c454ce56982d40f39cf0
1449,1_1_31_eb463_510_fl46blw10_48v_5n_m_de_2__fl46blw10_48v_5n_m_de__êäèë1_17,assets/1_1_31_eb463_510_fl46blw10_48v_5n_m_de_2__fl46blw10_48v_5n_m_de__êäèë1.stl,vendor_motor_parts,0.003575505293965178,-2.7315060254748863e-17,7.873576435762016e-16,0.0012771643572305625,0.09845512751968231,0.2510999755552891,0.028249999999988378,7.574652128083713e-07,0.0,0.0,7.57465212808378e-07,0.0,1.5114087091854951e-06,1.3331368436788824e-06,2682.0242129820117,,True,b7094f2f67d456e424842e30
1450,1_2_05_000608_fl46blw10_48v_5n_m_de_2__fl46blw10_48v_5n_m_de__êäèë1_65,assets/1_2_05_000608_fl46blw10_48v_5n_m_de_2__fl46blw10_48v_5n_m_de__êäèë1.stl,vendor_motor_parts,0.0001251760225275824,-0.0017244299369855568,4.301994363033133e-07,5.908153300215281e-07,0.1324192271065454,0.2307083524614705,0.010538607143237885,1.4701007066345354e-10,-3.327071645877055e-13,-4.3546180126616626e-13,1.29287724369605e-09,1.2146236496910186e-14,1.2928563051173674e-09,4.669869596117045e-08,2680.5035976093454,,True,b7094f2f67d456e424842e30
1451,1_2_05_000555_fl46blw10_48v_5n_m_de_2__fl46blw10_48v_5n_m_de__êäèë1_129,assets/1_2_05_000555_fl46blw10_48v_5n_m_de_2__fl46blw10_48v_5n_m_de__êäèë1.stl,vendor_motor_parts,5.05564929384142e-05,-0.0005885177475925705,5.704958175487715e-07,1.304831538170157e-07,0.08762599611589678,0.23848342640434222,0.015762388085202528,4.248449341343423e-11,-1.044328441854737e-13,-2.989204937804672e-14,1.9784970084350223e-10,-7.395239804311774e-15,1.9784623482054316e-10,1.884688014215633e-08,2682.4860431584343,,True,b7094f2f67d456e424842e30
1452,1_2_05_000555_fl46blw10_48v_5n_m_de_2__fl46blw10_48v_5n_m_de__êäèë1_130,assets/1_2_05_000555_fl46blw10_48v_5n_m_de_2__fl46blw10_48v_5n_m_de__êäèë1.stl,vendor_motor_parts,5.05564929384142e-05,-0.0005885177475925705,5.704958175487715e-07,1.304831538170157e-07,0.10146371238318293,0.2521638319512666,0.0487976148849578,4.248449341343423e-11,-1.044328441854737e-13,-2.989204937804672e-14,1.9784970084350223e-10,-7.395239804311774e-15,1.9784623482054316e-10,1.884688014215633e-08,2682.4860431584343,,True,b7094f2f67d456e424842e30
1453,1_2_05_000608_fl46blw10_48v_5n_m_de_2__fl46blw10_48v_5n_m_de__êäèë1_66,assets/1_2_05_000608_fl46blw10_48v_5n_m_de_2__fl46blw10_48v_5n_m_de__êäèë1.stl,vendor_motor_parts,0.0001251760225275824,-0.0017244299369855568,4.301994363033133e-07,5.908153300215281e-07,0.13803340318246277,0.2362587051386646,0.03806674987224077,1.4701007066345354e-10,-3.327071645877055e-13,-4.3546180126616626e-13,1.29287724369605e-09,1.2146236496910186e-14,1.2928563051173674e-09,4.669869596117045e-08,2680.5035976093454,,True,b7094f2f67d456e424842e30
1454,1_2_05_000438_fl46blw10_48v_5n_m_de_2__fl46blw10_48v_5n_m_de__êäèë1_129,assets/1_2_05_000438_fl46blw10_48v_5n_m_de_2__fl46blw10_48v_5n_m_de__êäèë1.stl,vendor_motor_parts,3.7452900945165836e-05,-0.00048691546990284665,7.741652882946419e-07,1.9852930949355682e-08,0.11964600201045313,0.25970754397204565,0.025282390560308322,3.721241491408982e-11,-6.775570722596493e-14,-1.2732964723639204e-14,7.409641321462231e-11,-2.525162931499824e-15,7.409912479287198e-11,1.3966815926753484e-08,2681.5632955700858,,True,b7094f2f67d456e424842e30
1455,1_2_05_000438_fl46blw10_48v_5n_m_de_2__fl46blw10_48v_5n_m_de__êäèë1_130,assets/1_2_05_000438_fl46blw10_48v_5n_m_de_2__fl46blw10_48v_5n_m_de__êäèë1.stl,vendor_motor_parts,3.7452900945165836e-05,-0.00048691546990284665,7.741652882946419e-07,1.9852930949355682e-08,0.1167389861619419,0.25683357582796723,0.04108652766841777,3.721241491408982e-11,-6.775570722596493e-14,-1.2732964723639204e-14,7.409641321462231e-11,-2.525162931499824e-15,7.409912479287198e-11,1.3966815926753484e-08,2681.5632955700858,,True,b7094f2f67d456e424842e30
1456,1_2_05_000438_fl46blw10_48v_5n_m_de_2__fl46blw10_48v_5n_m_de__êäèë1_131,assets/1_2_05_000438_fl46blw10_48v_5n_m_de_2__fl46blw10_48v_5n_m_de__êäèë1.stl,vendor_motor_parts,3.7452900945165836e-05,-0.00048691546990284665,7.741652882946419e-07,1.9852930949355682e-08,0.10251554743247636,0.24277183281109838,0.007128799037840854,3.721241491408982e-11,-6.775570722596493e-14,-1.2732964723639204e-14,7.409641321462231e-11,-2.525162931499824e-15,7.409912479287198e-11,1.3966815926753484e-08,2681.5632955700858,,True,b7094f2f67d456e424842e30
1457,1_2_05_000608_fl46blw10_48v_5n_m_de_2__fl46blw10_48v_5n_m_de__êäèë1_67,assets/1_2_05_000608_fl46blw10_48v_5n_m_de_2__fl46blw10_48v_5n_m_de__êäèë1.stl,vendor_motor_parts,0.0001251760225275824,-0.0017244299369855568,4.301994363033133e-07,5.908153300215281e-07,0.11284293459691384,0.21135460828403457,0.018433250127735272,1.4701007066345354e-10,-3.327071645877055e-13,-4.3546180126616626e-13,1.29287724369605e-09,1.2146236496910186e-14,1.2928563051173674e-09,4.669869596117045e-08,2680.5035976093454,,True,b7094f2f67d456e424842e30
1458,1_1_06_eb463_507_fl46blw10_48v_5n_m_de_2__fl46blw10_48v_5n_m_de__çð³ý_à_éì1_17,assets/1_1_06_eb463_507_fl46blw10_48v_5n_m_de_2__fl46blw10_48v_5n_m_de__çð³ý_à_éì1.stl,vendor_motor_parts,0.021834137619844866,0.0004012204503875667,8.736567573188433e-09,0.00476273533540386,0.11597261641164962,0.23394618087116156,0.028194152254195342,7.3622577264053095e-06,5.003486689893402e-14,9.296968633897761e-08,7.177823787656781e-06,-1.8635080240921887e-12,1.0303171059560452e-05,8.136051779312388e-06,2683.628154304859,,True,b7094f2f67d456e424842e30
1459,1_2_05_000555_fl46blw10_48v_5n_m_de_2__fl46blw10_48v_5n_m_de__êäèë1_131,assets/1_2_05_000555_fl46blw10_48v_5n_m_de_2__fl46blw10_48v_5n_m_de__êäèë1.stl,vendor_motor_parts,5.05564929384142e-05,-0.0005885177475925705,5.704958175487715e-07,1.304831538170157e-07,0.10829073630617128,0.2589132445090205,0.01167889627003517,4.248449341343423e-11,-1.044328441854737e-13,-2.989204937804672e-14,1.9784970084350223e-10,-7.395239804311774e-15,1.9784623482054316e-10,1.884688014215633e-08,2682.4860431584343,,True,b7094f2f67d456e424842e30
1460,1_2_05_000438_fl46blw10_48v_5n_m_de_2__fl46blw10_48v_5n_m_de__êäèë1_132,assets/1_2_05_000438_fl46blw10_48v_5n_m_de_2__fl46blw10_48v_5n_m_de__êäèë1.stl,vendor_motor_parts,3.7452900945165836e-05,-0.00048691546990284665,7.741652882946419e-07,1.9852930949355682e-08,0.11375446078512697,0.25388297930385473,0.011216638814137361,3.721241491408982e-11,-6.775570722596493e-14,-1.2732964723639204e-14,7.409641321462231e-11,-2.525162931499824e-15,7.409912479287198e-11,1.3966815926753484e-08,2681.5632955700858,,True,b7094f2f67d456e424842e30
1461,1_2_05_000608_fl46blw10_48v_5n_m_de_2__fl46blw10_48v_5n_m_de__êäèë1_68,assets/1_2_05_000608_fl46blw10_48v_5n_m_de_2__fl46blw10_48v_5n_m_de__êäèë1.stl,vendor_motor_parts,0.0001251760225275824,-0.0017244299369855568,4.301994363033133e-07,5.908153300215281e-07,0.11845711067283136,0.21690496096122913,0.045961392856737476,1.4701007066345354e-10,-3.327071645877055e-13,-4.3546180126616626e-13,1.29287724369605e-09,1.2146236496910186e-14,1.2928563051173674e-09,4.669869596117045e-08,2680.5035976093454,,True,b7094f2f67d456e424842e30
1462,1_2_05_000555_fl46blw10_48v_5n_m_de_2__fl46blw10_48v_5n_m_de__êäèë1_132,assets/1_2_05_000555_fl46blw10_48v_5n_m_de_2__fl46blw10_48v_5n_m_de__êäèë1.stl,vendor_motor_parts,5.05564929384142e-05,-0.0005885177475925705,5.704958175487715e-07,1.304831538170157e-07,0.08479815021634834,0.23568772818486847,0.031137464753413793,4.248449341343423e-11,-1.044328441854737e-13,-2.989204937804672e-14,1.9784970084350223e-10,-7.395239804311774e-15,1.9784623482054316e-10,1.884688014215633e-08,2682.4860431584343,,True,b7094f2f67d456e424842e30
1463,1_2_05_000438_fl46blw10_48v_5n_m_de_2__fl46blw10_48v_5n_m_de__êäèë1_133,assets/1_2_05_000438_fl46blw10_48v_5n_m_de_2__fl46blw10_48v_5n_m_de__êäèë1.stl,vendor_motor_parts,3.7452900945165836e-05,-0.00048691546990284665,7.741652882946419e-07,1.9852930949355682e-08,0.09251286496814841,0.2328828634157197,0.015413472331559852,3.721241491408982e-11,-6.775570722596493e-14,-1.2732964723639204e-14,7.409641321462231e-11,-2.525162931499824e-15,7.409912479287198e-11,1.3966815926753484e-08,2681.5632955700858,,True,b7094f2f67d456e424842e30
1464,1_2_05_000555_fl46blw10_48v_5n_m_de_2__fl46blw10_48v_5n_m_de__êäèë1_133,assets/1_2_05_000555_fl46blw10_48v_5n_m_de_2__fl46blw10_48v_5n_m_de__êäèë1.stl,vendor_motor_parts,5.05564929384142e-05,-0.0005885177475925705,5.704958175487715e-07,1.304831538170157e-07,0.09735694388951835,0.24810375025892295,0.007702385115020702,4.248449341343423e-11,-1.044328441854737e-13,-2.989204937804672e-14,1.9784970084350223e-10,-7.395239804311774e-15,1.9784623482054316e-10,1.884688014215633e-08,2682.4860431584343,,True,b7094f2f67d456e424842e30
1465,1_2_05_000438_fl46blw10_48v_5n_m_de_2__fl46blw10_48v_5n_m_de__êäèë1_134,assets/1_2_05_000438_fl46blw10_48v_5n_m_de_2__fl46blw10_48v_5n_m_de__êäèë1.stl,vendor_motor_parts,3.7452900945165836e-05,-0.00048691546990284665,7.741652882946419e-07,1.9852930949355682e-08,0.08960584911963755,0.23000889527164153,0.031217609439669232,3.721241491408982e-11,-6.775570722596493e-14,-1.2732964723639204e-14,7.409641321462231e-11,-2.525162931499824e-15,7.409912479287198e-11,1.3966815926753484e-08,2681.5632955700858,,True,b7094f2f67d456e424842e30
1466,1_1_06_eb463_509_fl46blw10_48v_5n_m_de_2__fl46blw10_48v_5n_m_de__êäèë1_17,assets/1_1_06_eb463_509_fl46blw10_48v_5n_m_de_2__fl46blw10_48v_5n_m_de__êäèë1.stl,vendor_motor_parts,0.006371665639530841,0.00013994576758433452,9.862013103342203e-06,0.0011128094560400818,0.12783107992889683,0.22155364341651698,0.02832634531148153,1.0044230303899307e-06,2.6524788467401333e-08,1.2797173443951157e-10,1.0140751643727678e-06,-1.0029343708491859e-10,2.0034086306679993e-06,2.375886612947444e-06,2681.8054383607005,,True,b7094f2f67d456e424842e30
1467,1_2_05_000438_fl46blw10_48v_5n_m_de_2__fl46blw10_48v_5n_m_de__êäèë1_135,assets/1_2_05_000438_fl46blw10_48v_5n_m_de_2__fl46blw10_48v_5n_m_de__êäèë1.stl,vendor_motor_parts,3.7452900945165836e-05,-0.00048691546990284665,7.741652882946419e-07,1.9852930949355682e-08,0.09549739034496355,0.23583345993983224,0.045283361185840795,3.721241491408982e-11,-6.775570722596493e-14,-1.2732964723639204e-14,7.409641321462231e-11,-2.525162931499824e-15,7.409912479287198e-11,1.3966815926753484e-08,2681.5632955700858,,True,b7094f2f67d456e424842e30
1468,1_2_05_000555_fl46blw10_48v_5n_m_de_2__fl46blw10_48v_5n_m_de__êäèë1_134,assets/1_2_05_000555_fl46blw10_48v_5n_m_de_2__fl46blw10_48v_5n_m_de__êäèë1.stl,vendor_motor_parts,5.05564929384142e-05,-0.0005885177475925705,5.704958175487715e-07,1.304831538170157e-07,0.09052991996653,0.2413543377011696,0.04482110372994283,4.248449341343423e-11,-1.044328441854737e-13,-2.989204937804672e-14,1.9784970084350223e-10,-7.395239804311774e-15,1.9784623482054316e-10,1.884688014215633e-08,2682.4860431584343,,True,b7094f2f67d456e424842e30
1469,1_1_02_eb461_502_fl46blw10_48v_5n_m_de_2__fl46blw10_48v_5n_m_de__êäèë1_17,assets/1_1_02_eb461_502_fl46blw10_48v_5n_m_de_2__fl46blw10_48v_5n_m_de__êäèë1.stl,vendor_motor_parts,0.010039340782280859,-3.586426461437877e-16,8.806751077780196e-18,0.006147535551138196,0.10206152859859409,0.24745210453970798,0.028249999999989128,2.210326047415242e-06,3.16440961795669e-09,0.0,2.1950472758632107e-06,0.0,4.27861811833164e-06,3.74193226570368e-06,2682.9295854164625,,True,b7094f2f67d456e424842e30
1470,1_2_05_000438_fl46blw10_48v_5n_m_de_2__fl46blw10_48v_5n_m_de__êäèë1_136,assets/1_2_05_000438_fl46blw10_48v_5n_m_de_2__fl46blw10_48v_5n_m_de__êäèë1.stl,vendor_motor_parts,3.7452900945165836e-05,-0.00048691546990284665,7.741652882946419e-07,1.9852930949355682e-08,0.10673630369761425,0.2469446064325887,0.04937120096213673,3.721241491408982e-11,-6.775570722596493e-14,-1.2732964723639204e-14,7.409641321462231e-11,-2.525162931499824e-15,7.409912479287198e-11,1.3966815926753484e-08,2681.5632955700858,,True,b7094f2f67d456e424842e30
1471,1_2_05_000555_fl46blw10_48v_5n_m_de_2__fl46blw10_48v_5n_m_de__êäèë1_135,assets/1_2_05_000555_fl46blw10_48v_5n_m_de_2__fl46blw10_48v_5n_m_de__êäèë1.stl,vendor_motor_parts,5.05564929384142e-05,-0.0005885177475925705,5.704958175487715e-07,1.304831538170157e-07,0.11119466015680467,0.2617841558058476,0.04073761191477558,4.248449341343423e-11,-1.044328441854737e-13,-2.989204937804672e-14,1.9784970084350223e-10,-7.395239804311774e-15,1.9784623482054316e-10,1.884688014215633e-08,2682.4860431584343,,True,b7094f2f67d456e424842e30
1472,1_2_05_000555_fl46blw10_48v_5n_m_de_2__fl46blw10_48v_5n_m_de__êäèë1_136,assets/1_2_05_000555_fl46blw10_48v_5n_m_de_2__fl46blw10_48v_5n_m_de__êäèë1.stl,vendor_motor_parts,5.05564929384142e-05,-0.0005885177475925705,5.704958175487715e-07,1.304831538170157e-07,0.11402250605635293,0.2645798540253216,0.02536253524656437,4.248449341343423e-11,-1.044328441854737e-13,-2.989204937804672e-14,1.9784970084350223e-10,-7.395239804311774e-15,1.9784623482054316e-10,1.884688014215633e-08,2682.4860431584343,,True,b7094f2f67d456e424842e30
1473,1_2_16_001425_fl46blw10_48v_5n_m_de_2__fl46blw10_48v_5n_m_de__çð³ý_à_éì2_17,assets/1_2_16_001425_fl46blw10_48v_5n_m_de_2__fl46blw10_48v_5n_m_de__çð³ý_à_éì2.stl,vendor_motor_parts,0.005650791388921487,0.019710827212435496,0.029193947313439654,-0.001370346572845048,0.12293625091494308,0.22185768583656518,0.02862538140837427,5.861088062380172e-07,1.1851487070701593e-07,-3.477754440213315e-08,5.863219974088678e-07,3.342008144736537e-08,1.1460091017245543e-06,2.10683307039721e-06,2682.125825875763,,True,b7094f2f67d456e424842e30
1474,revolve1_1_17,assets/revolve1_1.stl,separate_bearing_parts,0.0025808941287641892,3.4221896053592956e-18,4.50855964342779e-18,-9.041649675540525e-19,0.1306389016616601,0.21854612081322763,0.028249999999990776,2.0906988509379785e-07,0.0,0.0,2.0906988509379798e-07,0.0,4.0702141010220996e-07,3.2848585175766894e-07,7856.941524130452,,True,90e95efa79c7cf10f5549d54
1475,cirpattern1_7_17,assets/cirpattern1_7.stl,separate_bearing_parts,0.0001284694723599898,-0.0025726433910913246,-0.01043762453733004,-3.239573485869483e-19,0.13459380817753255,0.22245606693383338,0.03744964867723256,1.2747383394919987e-10,0.0,0.0,1.2747383394919987e-10,0.0,1.2747383394919982e-10,1.631367558714738e-08,7874.95568817144,,True,90e95efa79c7cf10f5549d54
1476,revolve3_1_17,assets/revolve3_1.stl,separate_bearing_parts,0.0007627277500685167,9.31352628334693e-19,9.116630120069628e-19,0.0019646723832599214,0.12925763278811464,0.21994327287099336,0.02824999999999081,4.203917689001855e-08,0.0,0.0,4.2039176890018546e-08,0.0,8.39900202997911e-08,9.703949146599542e-08,7859.972662117585,,True,90e95efa79c7cf10f5549d54
1477,cirpattern1_8_17,assets/cirpattern1_8.stl,separate_bearing_parts,0.0001284694723599898,-0.0071285685760886204,-0.008046490542839279,-3.239573485869483e-19,0.13110047880976206,0.21900245063349988,0.038980387207892125,1.274738339491999e-10,0.0,0.0,1.2747383394919992e-10,0.0,1.2747383394919987e-10,1.631367538754823e-08,7874.955784522164,,True,90e95efa79c7cf10f5549d54
1478,cirpattern1_11_17,assets/cirpattern1_11.stl,separate_bearing_parts,0.00012846947235998983,-0.008847076558356728,0.006106696027360029,-3.239573485869483e-19,0.12311939569762796,0.21111209852851806,0.030187741656488992,1.2747383394919997e-10,0.0,0.0,1.2747383394919997e-10,0.0,1.2747383394920002e-10,1.6313675549085067e-08,7874.9557065449235,,True,90e95efa79c7cf10f5549d54
1479,cirpattern2_17,assets/cirpattern2.stl,separate_bearing_parts,6.447682549723187e-05,-1.861447870219261e-15,-1.2630904970899047e-16,0.00220448941067994,0.1290890287001529,0.22011381573411923,0.028249999999992222,4.30832463485691e-09,0.0,0.0,4.308324634857926e-09,0.0,8.615135910928939e-09,8.189763014391634e-09,7872.856074580987,,True,90e95efa79c7cf10f5549d54
1480,cirpattern1_9_17,assets/cirpattern1_9.stl,separate_bearing_parts,0.00012846947235998983,-0.010051424608868239,-0.0038120025357071645,-3.239573485869483e-19,0.12750140767996906,0.21544429467071252,0.03805292334440573,1.2747383394919987e-10,0.0,0.0,1.274738339491999e-10,0.0,1.2747383394919987e-10,1.6313675512680223e-08,7874.95572411831,,True,90e95efa79c7cf10f5549d54
1481,cirpattern1_3_17,assets/cirpattern1_3.stl,separate_bearing_parts,0.00012846947235998983,0.0106716203965541,0.0012957693127446897,-3.239573485869483e-19,0.1353535492690427,0.2232071710930576,0.01978777758344382,1.2747383394919987e-10,0.0,0.0,1.2747383394919987e-10,0.0,1.274738339491998e-10,1.6313675419325952e-08,7874.955769182388,,True,90e95efa79c7cf10f5549d54
1482,cirpattern1_6_17,assets/cirpattern1_6.stl,separate_bearing_parts,0.0001284694723599898,0.00257264339109118,-0.010437624537330078,-3.239573485869483e-19,0.13718111612430695,0.22501396169789487,0.03381138150240205,1.2747383394919997e-10,0.0,0.0,1.2747383394919997e-10,0.0,1.2747383394920002e-10,1.631367558714738e-08,7874.95568817144,,True,90e95efa79c7cf10f5549d54
1483,cirpattern1_5_17,assets/cirpattern1_5.stl,separate_bearing_parts,0.00012846947235998983,0.00712856857608851,-0.00804649054283938,-3.239573485869483e-19,0.1382696815799201,0.22609015206121147,0.028899068847281727,1.2747383394919992e-10,0.0,0.0,1.2747383394919992e-10,0.0,1.2747383394919995e-10,1.631367538754823e-08,7874.955784522166,,True,90e95efa79c7cf10f5549d54
1484,revolve1_2_17,assets/revolve1_2.stl,separate_bearing_parts,0.0017875603307419146,3.7254812207917504e-19,-2.3248196583897076e-18,-5.732587536556652e-18,0.1306389016616601,0.21854612081322763,0.028249999999990782,7.518736928316261e-08,0.0,0.0,7.518736928316266e-08,0.0,1.4297889999819628e-07,2.2752139446240923e-07,7856.669193530514,,True,90e95efa79c7cf10f5549d54
1485,revolve2_17,assets/revolve2.stl,separate_bearing_parts,0.00012846947235998983,0.0,0.010749999999999997,-3.239573485869483e-19,0.12523326314134842,0.21320193498302809,0.02064860210223407,1.2747383394919992e-10,0.0,0.0,1.2747383394919992e-10,0.0,1.2747383394919992e-10,1.6313675712392897e-08,7874.955627712786,,True,90e95efa79c7cf10f5549d54
1486,cirpattern1_12_17,assets/cirpattern1_12.stl,separate_bearing_parts,0.00012846947235998983,-0.00499577409947039,0.009518652275772069,-3.239573485869483e-19,0.12334032098126507,0.21133051227666452,0.02505184217104582,1.2747383394919992e-10,0.0,0.0,1.2747383394919992e-10,0.0,1.2747383394919992e-10,1.6313675368739867e-08,7874.955793601361,,True,90e95efa79c7cf10f5549d54
1487,cirpattern1_1_17,assets/cirpattern1_1.stl,separate_bearing_parts,0.00012846947235998983,0.00499577409947052,0.009518652275771998,-3.239573485869483e-19,0.128364571941429,0.21629764625866935,0.017986750685022965,1.2747383394920002e-10,0.0,0.0,1.2747383394920002e-10,0.0,1.2747383394920013e-10,1.6313675368739867e-08,7874.955793601361,,True,90e95efa79c7cf10f5549d54
1488,cirpattern1_2_17,assets/cirpattern1_2.stl,separate_bearing_parts,0.00012846947235998983,0.00884707655835682,0.00610669602735991,-3.239573485869483e-19,0.13201690227177015,0.2199084559577041,0.017676086000308632,1.2747383394919997e-10,0.0,0.0,1.2747383394919997e-10,0.0,1.274738339492e-10,1.6313675549085063e-08,7874.955706544925,,True,90e95efa79c7cf10f5549d54
1489,cirpattern1_4_17,assets/cirpattern1_4.stl,separate_bearing_parts,0.0001284694723599898,0.0100514246088682,-0.0038120025357073,-3.239573485869483e-19,0.13761012731712688,0.22543809578104718,0.023838062341374602,1.2747383394919987e-10,0.0,0.0,1.2747383394919987e-10,0.0,1.2747383394919982e-10,1.6313675512680226e-08,7874.955724118307,,True,90e95efa79c7cf10f5549d54
1490,revolve3_2_17,assets/revolve3_2.stl,separate_bearing_parts,0.000762727750068509,7.536556395297857e-19,9.116630120069715e-19,-0.0019646723832599236,0.13202017053520554,0.2171489687554619,0.02824999999999075,4.203917689001809e-08,0.0,0.0,4.2039176890018076e-08,0.0,8.39900202997902e-08,9.703949146599543e-08,7859.972662117504,,True,90e95efa79c7cf10f5549d54
1491,mirror1_17,assets/mirror1.stl,separate_bearing_parts,6.447682549775924e-05,9.81138511381865e-17,2.629052823473247e-16,-0.002204489410681317,0.1321887746231673,0.21697842589233413,0.028249999999990495,4.3083246348836545e-09,0.0,0.0,4.308324634883543e-09,0.0,8.61513591098127e-09,8.18976494689939e-09,7872.854216917409,,True,90e95efa79c7cf10f5549d54
1492,cirpattern1_10_17,assets/cirpattern1_10.stl,separate_bearing_parts,0.00012846947235998983,-0.01067162039655406,0.00129576931274484,-3.239573485869483e-19,0.12462109861048012,0.21259672969611806,0.034879727880746884,1.2747383394919995e-10,0.0,0.0,1.2747383394919997e-10,0.0,1.2747383394919997e-10,1.631367541932595e-08,7874.95576918239,,True,90e95efa79c7cf10f5549d54
1493,1_1_31_eb463_510_fl46blw10_48v_5n_m_de_2__fl46blw10_48v_5n_m_de__êäèë1_18,assets/1_1_31_eb463_510_fl46blw10_48v_5n_m_de_2__fl46blw10_48v_5n_m_de__êäèë1.stl,vendor_motor_parts,0.003575505293965178,-2.7315060254748863e-17,7.873576435762016e-16,0.0012771643572305625,0.079974474689801,0.20009711434637814,0.05152716435722369,7.574652128083713e-07,0.0,0.0,7.57465212808378e-07,0.0,1.5114087091854951e-06,1.3331368436788824e-06,2682.0242129820117,,True,b7094f2f67d456e424842e30
1494,1_2_05_000608_fl46blw10_48v_5n_m_de_2__fl46blw10_48v_5n_m_de__êäèë1_69,assets/1_2_05_000608_fl46blw10_48v_5n_m_de_2__fl46blw10_48v_5n_m_de__êäèë1.stl,vendor_motor_parts,0.0001251760225275824,-0.0017244299369855568,4.301994363033133e-07,5.908153300215281e-07,0.07479299943489552,0.18052125346715478,0.013147354885413682,1.4701007066345354e-10,-3.327071645877055e-13,-4.3546180126616626e-13,1.29287724369605e-09,1.2146236496910186e-14,1.2928563051173674e-09,4.669869596117045e-08,2680.5035976093454,,True,b7094f2f67d456e424842e30
1495,1_2_05_000555_fl46blw10_48v_5n_m_de_2__fl46blw10_48v_5n_m_de__êäèë1_137,assets/1_2_05_000555_fl46blw10_48v_5n_m_de_2__fl46blw10_48v_5n_m_de__êäèë1.stl,vendor_motor_parts,5.05564929384142e-05,-0.0005885177475925705,5.704958175487715e-07,1.304831538170157e-07,0.09909869106367881,0.19204687967602665,0.05016851774758561,4.248449341343423e-11,-1.044328441854737e-13,-2.989204937804672e-14,1.9784970084350223e-10,-7.395239804311774e-15,1.9784623482054316e-10,1.884688014215633e-08,2682.4860431584343,,True,b7094f2f67d456e424842e30
1496,1_2_05_000555_fl46blw10_48v_5n_m_de_2__fl46blw10_48v_5n_m_de__êäèë1_138,assets/1_2_05_000555_fl46blw10_48v_5n_m_de_2__fl46blw10_48v_5n_m_de__êäèë1.stl,vendor_motor_parts,5.05564929384142e-05,-0.0005885177475925705,5.704958175487715e-07,1.304831538170157e-07,0.0721439871325005,0.21931235295477564,0.05016851774758567,4.248449341343423e-11,-1.044328441854737e-13,-2.989204937804672e-14,1.9784970084350223e-10,-7.395239804311774e-15,1.9784623482054316e-10,1.884688014215633e-08,2682.4860431584343,,True,b7094f2f67d456e424842e30
1497,1_2_05_000608_fl46blw10_48v_5n_m_de_2__fl46blw10_48v_5n_m_de__êäèë1_70,assets/1_2_05_000608_fl46blw10_48v_5n_m_de_2__fl46blw10_48v_5n_m_de__êäèë1.stl,vendor_motor_parts,0.0001251760225275824,-0.0017244299369855568,4.301994363033133e-07,5.908153300215281e-07,0.060398613810575215,0.20527858960128387,0.013147354885413628,1.4701007066345354e-10,-3.327071645877055e-13,-4.3546180126616626e-13,1.29287724369605e-09,1.2146236496910186e-14,1.2928563051173674e-09,4.669869596117045e-08,2680.5035976093454,,True,b7094f2f67d456e424842e30
1498,1_2_05_000438_fl46blw10_48v_5n_m_de_2__fl46blw10_48v_5n_m_de__êäèë1_137,assets/1_2_05_000438_fl46blw10_48v_5n_m_de_2__fl46blw10_48v_5n_m_de__êäèë1.stl,vendor_motor_parts,3.7452900945165836e-05,-0.00048691546990284665,7.741652882946419e-07,1.9852930949355682e-08,0.06022273091408097,0.19204848379903372,0.04275001985292371,3.721241491408982e-11,-6.775570722596493e-14,-1.2732964723639204e-14,7.409641321462231e-11,-2.525162931499824e-15,7.409912479287198e-11,1.3966815926753484e-08,2681.5632955700858,,True,b7094f2f67d456e424842e30
1499,1_2_05_000438_fl46blw10_48v_5n_m_de_2__fl46blw10_48v_5n_m_de__êäèë1_138,assets/1_2_05_000438_fl46blw10_48v_5n_m_de_2__fl46blw10_48v_5n_m_de__êäèë1.stl,vendor_motor_parts,3.7452900945165836e-05,-0.00048691546990284665,7.741652882946419e-07,1.9852930949355682e-08,0.06031664148643413,0.20837246507115645,0.04275001985292371,3.721241491408982e-11,-6.775570722596493e-14,-1.2732964723639204e-14,7.409641321462231e-11,-2.525162931499824e-15,7.409912479287198e-11,1.3966815926753484e-08,2681.5632955700858,,True,b7094f2f67d456e424842e30
1500,1_2_05_000438_fl46blw10_48v_5n_m_de_2__fl46blw10_48v_5n_m_de__êäèë1_139,assets/1_2_05_000438_fl46blw10_48v_5n_m_de_2__fl46blw10_48v_5n_m_de__êäèë1.stl,vendor_motor_parts,3.7452900945165836e-05,-0.00048691546990284665,7.741652882946419e-07,1.9852930949355682e-08,0.08802310523714661,0.18034537057066005,0.04275001985292371,3.721241491408982e-11,-6.775570722596493e-14,-1.2732964723639204e-14,7.409641321462231e-11,-2.525162931499824e-15,7.409912479287198e-11,1.3966815926753484e-08,2681.5632955700858,,True,b7094f2f67d456e424842e30
1501,1_2_05_000608_fl46blw10_48v_5n_m_de_2__fl46blw10_48v_5n_m_de__êäèë1_71,assets/1_2_05_000608_fl46blw10_48v_5n_m_de_2__fl46blw10_48v_5n_m_de__êäèë1.stl,vendor_motor_parts,0.0001251760225275824,-0.0017244299369855568,4.301994363033133e-07,5.908153300215281e-07,0.09955033556902582,0.19491563909147344,0.013147354885413624,1.4701007066345354e-10,-3.327071645877055e-13,-4.3546180126616626e-13,1.29287724369605e-09,1.2146236496910186e-14,1.2928563051173674e-09,4.669869596117045e-08,2680.5035976093454,,True,b7094f2f67d456e424842e30
1502,1_1_06_eb463_507_fl46blw10_48v_5n_m_de_2__fl46blw10_48v_5n_m_de__çð³ý_à_éì1_18,assets/1_1_06_eb463_507_fl46blw10_48v_5n_m_de_2__fl46blw10_48v_5n_m_de__çð³ý_à_éì1.stl,vendor_motor_parts,0.021834137619844866,0.0004012204503875667,8.736567573188433e-09,0.00476273533540386,0.0796029269632105,0.19994568734498397,0.027012735335395416,7.3622577264053095e-06,5.003486689893402e-14,9.296968633897761e-08,7.177823787656781e-06,-1.8635080240921887e-12,1.0303171059560452e-05,8.136051779312388e-06,2683.628154304859,,True,b7094f2f67d456e424842e30
1503,1_2_05_000555_fl46blw10_48v_5n_m_de_2__fl46blw10_48v_5n_m_de__êäèë1_139,assets/1_2_05_000555_fl46blw10_48v_5n_m_de_2__fl46blw10_48v_5n_m_de__êäèë1.stl,vendor_motor_parts,5.05564929384142e-05,-0.0005885177475925705,5.704958175487715e-07,1.304831538170157e-07,0.0719242400194486,0.1809728979725019,0.05016851774758567,4.248449341343423e-11,-1.044328441854737e-13,-2.989204937804672e-14,1.9784970084350223e-10,-7.395239804311774e-15,1.9784623482054316e-10,1.884688014215633e-08,2682.4860431584343,,True,b7094f2f67d456e424842e30
1504,1_2_05_000438_fl46blw10_48v_5n_m_de_2__fl46blw10_48v_5n_m_de__êäèë1_140,assets/1_2_05_000438_fl46blw10_48v_5n_m_de_2__fl46blw10_48v_5n_m_de__êäèë1.stl,vendor_motor_parts,3.7452900945165836e-05,-0.00048691546990284665,7.741652882946419e-07,1.9852930949355682e-08,0.07169912396502272,0.18043928114301402,0.04275001985292371,3.721241491408982e-11,-6.775570722596493e-14,-1.2732964723639204e-14,7.409641321462231e-11,-2.525162931499824e-15,7.409912479287198e-11,1.3966815926753484e-08,2681.5632955700858,,True,b7094f2f67d456e424842e30
1505,1_2_05_000608_fl46blw10_48v_5n_m_de_2__fl46blw10_48v_5n_m_de__êäèë1_72,assets/1_2_05_000608_fl46blw10_48v_5n_m_de_2__fl46blw10_48v_5n_m_de__êäèë1.stl,vendor_motor_parts,0.0001251760225275824,-0.0017244299369855568,4.301994363033133e-07,5.908153300215281e-07,0.08515594994470531,0.21967297522560225,0.013147354885413682,1.4701007066345354e-10,-3.327071645877055e-13,-4.3546180126616626e-13,1.29287724369605e-09,1.2146236496910186e-14,1.2928563051173674e-09,4.669869596117045e-08,2680.5035976093454,,True,b7094f2f67d456e424842e30
1506,1_2_05_000555_fl46blw10_48v_5n_m_de_2__fl46blw10_48v_5n_m_de__êäèë1_140,assets/1_2_05_000555_fl46blw10_48v_5n_m_de_2__fl46blw10_48v_5n_m_de__êäèë1.stl,vendor_motor_parts,5.05564929384142e-05,-0.0005885177475925705,5.704958175487715e-07,1.304831538170157e-07,0.09918971329819858,0.20792760190367712,0.05016851774758566,4.248449341343423e-11,-1.044328441854737e-13,-2.989204937804672e-14,1.9784970084350223e-10,-7.395239804311774e-15,1.9784623482054316e-10,1.884688014215633e-08,2682.4860431584343,,True,b7094f2f67d456e424842e30
1507,1_2_05_000438_fl46blw10_48v_5n_m_de_2__fl46blw10_48v_5n_m_de__êäèë1_141,assets/1_2_05_000438_fl46blw10_48v_5n_m_de_2__fl46blw10_48v_5n_m_de__êäèë1.stl,vendor_motor_parts,3.7452900945165836e-05,-0.00048691546990284665,7.741652882946419e-07,1.9852930949355682e-08,0.09963230789316675,0.19182176362160078,0.042750019852923704,3.721241491408982e-11,-6.775570722596493e-14,-1.2732964723639204e-14,7.409641321462231e-11,-2.525162931499824e-15,7.409912479287198e-11,1.3966815926753484e-08,2681.5632955700858,,True,b7094f2f67d456e424842e30
1508,1_2_05_000555_fl46blw10_48v_5n_m_de_2__fl46blw10_48v_5n_m_de__êäèë1_141,assets/1_2_05_000555_fl46blw10_48v_5n_m_de_2__fl46blw10_48v_5n_m_de__êäèë1.stl,vendor_motor_parts,5.05564929384142e-05,-0.0005885177475925705,5.704958175487715e-07,1.304831538170157e-07,0.08780496224710033,0.1808818757379814,0.050168517747585614,4.248449341343423e-11,-1.044328441854737e-13,-2.989204937804672e-14,1.9784970084350223e-10,-7.395239804311774e-15,1.9784623482054316e-10,1.884688014215633e-08,2682.4860431584343,,True,b7094f2f67d456e424842e30
1509,1_2_05_000438_fl46blw10_48v_5n_m_de_2__fl46blw10_48v_5n_m_de__êäèë1_142,assets/1_2_05_000438_fl46blw10_48v_5n_m_de_2__fl46blw10_48v_5n_m_de__êäèë1.stl,vendor_motor_parts,3.7452900945165836e-05,-0.00048691546990284665,7.741652882946419e-07,1.9852930949355682e-08,0.09972621846551999,0.20814574489372342,0.042750019852923704,3.721241491408982e-11,-6.775570722596493e-14,-1.2732964723639204e-14,7.409641321462231e-11,-2.525162931499824e-15,7.409912479287198e-11,1.3966815926753484e-08,2681.5632955700858,,True,b7094f2f67d456e424842e30
1510,1_1_06_eb463_509_fl46blw10_48v_5n_m_de_2__fl46blw10_48v_5n_m_de__êäèë1_18,assets/1_1_06_eb463_509_fl46blw10_48v_5n_m_de_2__fl46blw10_48v_5n_m_de__êäèë1.stl,vendor_motor_parts,0.006371665639530841,0.00013994576758433452,9.862013103342203e-06,0.0011128094560400818,0.07984166386791673,0.20014231791656667,0.009862809456031017,1.0044230303899307e-06,2.6524788467401333e-08,1.2797173443951157e-10,1.0140751643727678e-06,-1.0029343708491859e-10,2.0034086306679993e-06,2.375886612947444e-06,2681.8054383607005,,True,b7094f2f67d456e424842e30
1511,1_2_05_000438_fl46blw10_48v_5n_m_de_2__fl46blw10_48v_5n_m_de__êäèë1_143,assets/1_2_05_000438_fl46blw10_48v_5n_m_de_2__fl46blw10_48v_5n_m_de__êäèë1.stl,vendor_motor_parts,3.7452900945165836e-05,-0.00048691546990284665,7.741652882946419e-07,1.9852930949355682e-08,0.08824982541457817,0.21975494754974317,0.04275001985292371,3.721241491408982e-11,-6.775570722596493e-14,-1.2732964723639204e-14,7.409641321462231e-11,-2.525162931499824e-15,7.409912479287198e-11,1.3966815926753484e-08,2681.5632955700858,,True,b7094f2f67d456e424842e30
1512,1_2_05_000555_fl46blw10_48v_5n_m_de_2__fl46blw10_48v_5n_m_de__êäèë1_142,assets/1_2_05_000555_fl46blw10_48v_5n_m_de_2__fl46blw10_48v_5n_m_de__êäèë1.stl,vendor_motor_parts,5.05564929384142e-05,-0.0005885177475925705,5.704958175487715e-07,1.304831538170157e-07,0.08802470936015228,0.2192213307202554,0.05016851774758567,4.248449341343423e-11,-1.044328441854737e-13,-2.989204937804672e-14,1.9784970084350223e-10,-7.395239804311774e-15,1.9784623482054316e-10,1.884688014215633e-08,2682.4860431584343,,True,b7094f2f67d456e424842e30
1513,1_1_02_eb461_502_fl46blw10_48v_5n_m_de_2__fl46blw10_48v_5n_m_de__êäèë1_18,assets/1_1_02_eb461_502_fl46blw10_48v_5n_m_de_2__fl46blw10_48v_5n_m_de__êäèë1.stl,vendor_motor_parts,0.010039340782280859,-3.586426461437877e-16,8.806751077780196e-18,0.006147535551138196,0.07997447468980069,0.20009711434637892,0.046397535551130825,2.210326047415242e-06,3.16440961795669e-09,0.0,2.1950472758632107e-06,0.0,4.27861811833164e-06,3.74193226570368e-06,2682.9295854164625,,True,b7094f2f67d456e424842e30
1514,1_2_05_000438_fl46blw10_48v_5n_m_de_2__fl46blw10_48v_5n_m_de__êäèë1_144,assets/1_2_05_000438_fl46blw10_48v_5n_m_de_2__fl46blw10_48v_5n_m_de__êäèë1.stl,vendor_motor_parts,3.7452900945165836e-05,-0.00048691546990284665,7.741652882946419e-07,1.9852930949355682e-08,0.07192584414245422,0.2198488581220971,0.04275001985292371,3.721241491408982e-11,-6.775570722596493e-14,-1.2732964723639204e-14,7.409641321462231e-11,-2.525162931499824e-15,7.409912479287198e-11,1.3966815926753484e-08,2681.5632955700858,,True,b7094f2f67d456e424842e30
1515,1_2_05_000555_fl46blw10_48v_5n_m_de_2__fl46blw10_48v_5n_m_de__êäèë1_143,assets/1_2_05_000555_fl46blw10_48v_5n_m_de_2__fl46blw10_48v_5n_m_de__êäèë1.stl,vendor_motor_parts,5.05564929384142e-05,-0.0005885177475925705,5.704958175487715e-07,1.304831538170157e-07,0.06085025831592211,0.20814734901673063,0.05016851774758567,4.248449341343423e-11,-1.044328441854737e-13,-2.989204937804672e-14,1.9784970084350223e-10,-7.395239804311774e-15,1.9784623482054316e-10,1.884688014215633e-08,2682.4860431584343,,True,b7094f2f67d456e424842e30
1516,1_2_05_000555_fl46blw10_48v_5n_m_de_2__fl46blw10_48v_5n_m_de__êäèë1_144,assets/1_2_05_000555_fl46blw10_48v_5n_m_de_2__fl46blw10_48v_5n_m_de__êäèë1.stl,vendor_motor_parts,5.05564929384142e-05,-0.0005885177475925705,5.704958175487715e-07,1.304831538170157e-07,0.06075923608140233,0.19226662678907996,0.05016851774758567,4.248449341343423e-11,-1.044328441854737e-13,-2.989204937804672e-14,1.9784970084350223e-10,-7.395239804311774e-15,1.9784623482054316e-10,1.884688014215633e-08,2682.4860431584343,,True,b7094f2f67d456e424842e30
1517,1_2_16_001425_fl46blw10_48v_5n_m_de_2__fl46blw10_48v_5n_m_de__çð³ý_à_éì2_18,assets/1_2_16_001425_fl46blw10_48v_5n_m_de_2__fl46blw10_48v_5n_m_de__çð³ý_à_éì2.stl,vendor_motor_parts,0.005650791388921487,0.019710827212435496,0.029193947313439654,-0.001370346572845048,0.08293614410977493,0.20123218319258965,0.01352034977285219,5.861088062380172e-07,1.1851487070701593e-07,-3.477754440213315e-08,5.863219974088678e-07,3.342008144736537e-08,1.1460091017245543e-06,2.10683307039721e-06,2682.125825875763,,True,b7094f2f67d456e424842e30
1518,revolve1_1_18,assets/revolve1_1.stl,separate_bearing_parts,0.0025808941287641892,3.4221896053592956e-18,4.50855964342779e-18,-9.041649675540525e-19,0.07997447468980279,0.20009711434638264,0.005749999999990901,2.0906988509379785e-07,0.0,0.0,2.0906988509379798e-07,0.0,4.0702141010220996e-07,3.2848585175766894e-07,7856.941524130452,,True,90e95efa79c7cf10f5549d54
1519,cirpattern1_7_18,assets/cirpattern1_7.stl,separate_bearing_parts,0.0001284694723599898,-0.0025726433910913246,-0.01043762453733004,-3.239573485869483e-19,0.07232990876277365,0.2076550976612166,0.005749999999991442,1.2747383394919987e-10,0.0,0.0,1.2747383394919987e-10,0.0,1.2747383394919982e-10,1.631367558714738e-08,7874.95568817144,,True,90e95efa79c7cf10f5549d54
1520,revolve3_1_18,assets/revolve3_1.stl,separate_bearing_parts,0.0007627277500685167,9.31352628334693e-19,9.116630120069628e-19,0.0019646723832599214,0.07997447468980289,0.20009711434638258,0.007714672383250824,4.203917689001855e-08,0.0,0.0,4.2039176890018546e-08,0.0,8.39900202997911e-08,9.703949146599542e-08,7859.972662117585,,True,90e95efa79c7cf10f5549d54
1521,cirpattern1_8_18,assets/cirpattern1_8.stl,separate_bearing_parts,0.0001284694723599898,-0.0071285685760886204,-0.008046490542839279,-3.239573485869483e-19,0.07671791770653513,0.21034198314079547,0.005749999999991279,1.274738339491999e-10,0.0,0.0,1.2747383394919992e-10,0.0,1.2747383394919987e-10,1.631367538754823e-08,7874.955784522164,,True,90e95efa79c7cf10f5549d54
1522,cirpattern1_11_18,assets/cirpattern1_11.stl,separate_bearing_parts,0.00012846947235998983,-0.008847076558356728,0.006106696027360029,-3.239573485869483e-19,0.08975211228816128,0.20456480983680828,0.0057499999999905075,1.2747383394919997e-10,0.0,0.0,1.2747383394919997e-10,0.0,1.2747383394920002e-10,1.6313675549085067e-08,7874.9557065449235,,True,90e95efa79c7cf10f5549d54
1523,cirpattern2_18,assets/cirpattern2.stl,separate_bearing_parts,6.447682549723187e-05,-1.861447870219261e-15,-1.2630904970899047e-16,0.00220448941067994,0.07997447468980375,0.20009711434638425,0.007954489410670843,4.30832463485691e-09,0.0,0.0,4.308324634857926e-09,0.0,8.615135910928939e-09,8.189763014391634e-09,7872.856074580987,,True,90e95efa79c7cf10f5549d54
1524,cirpattern1_9_18,assets/cirpattern1_9.stl,separate_bearing_parts,0.00012846947235998983,-0.010051424608868239,-0.0038120025357071645,-3.239573485869483e-19,0.08185196460939717,0.21068189264362744,0.00574999999999103,1.2747383394919987e-10,0.0,0.0,1.274738339491999e-10,0.0,1.2747383394919987e-10,1.6313675512680223e-08,7874.95572411831,,True,90e95efa79c7cf10f5549d54
1525,cirpattern1_3_18,assets/cirpattern1_3.stl,separate_bearing_parts,0.00012846947235998983,0.0106716203965541,0.0012957693127446897,-3.239573485869483e-19,0.07561843796553111,0.1902692232167048,0.005749999999990913,1.2747383394919987e-10,0.0,0.0,1.2747383394919987e-10,0.0,1.274738339491998e-10,1.6313675419325952e-08,7874.955769182388,,True,90e95efa79c7cf10f5549d54
1526,cirpattern1_6_18,assets/cirpattern1_6.stl,separate_bearing_parts,0.0001284694723599898,0.00257264339109118,-0.010437624537330078,-3.239573485869483e-19,0.0696931777458881,0.20323676928778206,0.005749999999991481,1.2747383394919997e-10,0.0,0.0,1.2747383394919997e-10,0.0,1.2747383394920002e-10,1.631367558714738e-08,7874.95568817144,,True,90e95efa79c7cf10f5549d54
1527,cirpattern1_5_18,assets/cirpattern1_5.stl,separate_bearing_parts,0.00012846947235998983,0.00712856857608851,-0.00804649054283938,-3.239573485869483e-19,0.06941176795579355,0.1980991838042167,0.005749999999991387,1.2747383394919992e-10,0.0,0.0,1.2747383394919992e-10,0.0,1.2747383394919995e-10,1.631367538754823e-08,7874.955784522166,,True,90e95efa79c7cf10f5549d54
1528,revolve1_2_18,assets/revolve1_2.stl,separate_bearing_parts,0.0017875603307419146,3.7254812207917504e-19,-2.3248196583897076e-18,-5.732587536556652e-18,0.07997447468980279,0.20009711434638264,0.005749999999990896,7.518736928316261e-08,0.0,0.0,7.518736928316266e-08,0.0,1.4297889999819628e-07,2.2752139446240923e-07,7856.669193530514,,True,90e95efa79c7cf10f5549d54
1529,revolve2_18,assets/revolve2.stl,separate_bearing_parts,0.00012846947235998983,0.0,0.010749999999999997,-3.239573485869483e-19,0.08920564722208954,0.19458821666361906,0.005749999999990326,1.2747383394919992e-10,0.0,0.0,1.2747383394919992e-10,0.0,1.2747383394919992e-10,1.6313675712392897e-08,7874.955627712786,,True,90e95efa79c7cf10f5549d54
1530,cirpattern1_12_18,assets/cirpattern1_12.stl,separate_bearing_parts,0.00012846947235998983,-0.00499577409947039,0.009518652275772069,-3.239573485869483e-19,0.09070838443795894,0.1995091674793601,0.005749999999990354,1.2747383394919992e-10,0.0,0.0,1.2747383394919992e-10,0.0,1.2747383394919992e-10,1.6313675368739867e-08,7874.955793601361,,True,90e95efa79c7cf10f5549d54
1531,cirpattern1_1_18,assets/cirpattern1_1.stl,separate_bearing_parts,0.00012846947235998983,0.00499577409947052,0.009518652275771998,-3.239573485869483e-19,0.08558815962676203,0.190929287917585,0.005749999999990429,1.2747383394920002e-10,0.0,0.0,1.2747383394920002e-10,0.0,1.2747383394920013e-10,1.6313675368739867e-08,7874.955793601361,,True,90e95efa79c7cf10f5549d54
1532,cirpattern1_2_18,assets/cirpattern1_2.stl,separate_bearing_parts,0.00012846947235998983,0.00884707655835682,0.00610669602735991,-3.239573485869483e-19,0.08068464446461447,0.18937059772210302,0.005749999999990642,1.2747383394919997e-10,0.0,0.0,1.2747383394919997e-10,0.0,1.274738339492e-10,1.6313675549085063e-08,7874.955706544925,,True,90e95efa79c7cf10f5549d54
1533,cirpattern1_4_18,assets/cirpattern1_4.stl,separate_bearing_parts,0.0001284694723599898,0.0100514246088682,-0.0038120025357073,-3.239573485869483e-19,0.07155014698404506,0.19341930013018838,0.005749999999991182,1.2747383394919987e-10,0.0,0.0,1.2747383394919987e-10,0.0,1.2747383394919982e-10,1.6313675512680226e-08,7874.955724118307,,True,90e95efa79c7cf10f5549d54
1534,revolve3_2_18,assets/revolve3_2.stl,separate_bearing_parts,0.000762727750068509,7.536556395297857e-19,9.116630120069715e-19,-0.0019646723832599236,0.07997447468980269,0.20009711434638267,0.0037853276167309786,4.203917689001809e-08,0.0,0.0,4.2039176890018076e-08,0.0,8.39900202997902e-08,9.703949146599543e-08,7859.972662117504,,True,90e95efa79c7cf10f5549d54
1535,mirror1_18,assets/mirror1.stl,separate_bearing_parts,6.447682549775924e-05,9.81138511381865e-17,2.629052823473247e-16,-0.002204489410681317,0.07997447468980286,0.20009711434638247,0.003545510589309585,4.3083246348836545e-09,0.0,0.0,4.308324634883543e-09,0.0,8.61513591098127e-09,8.18976494689939e-09,7872.854216917409,,True,90e95efa79c7cf10f5549d54
1536,cirpattern1_10_18,assets/cirpattern1_10.stl,separate_bearing_parts,0.00012846947235998983,-0.01067162039655406,0.00129576931274484,-3.239573485869483e-19,0.08655590119788646,0.20859695699896727,0.005749999999990751,1.2747383394919995e-10,0.0,0.0,1.2747383394919997e-10,0.0,1.2747383394919997e-10,1.631367541932595e-08,7874.95576918239,,True,90e95efa79c7cf10f5549d54
1537,1_2_05_020051_fl46blw10_48v_5n_m_de_2__fl46blw10_48v_5n_m_de__none,assets/1_2_05_020051_fl46blw10_48v_5n_m_de_2__fl46blw10_48v_5n_m_de__none.stl,vendor_motor_parts,0.0,0.0,0.0,0.0,-0.2165711820569216,0.010714290085399184,0.09044210847302978,0.0,0.0,0.0,0.0,0.0,0.0,3.0041987157988345e-08,0.0,,True,b7094f2f67d456e424842e30
1538,1_2_05_020051_fl46blw10_48v_5n_m_de_2__fl46blw10_48v_5n_m_de__none_2,assets/1_2_05_020051_fl46blw10_48v_5n_m_de_2__fl46blw10_48v_5n_m_de__none__2.stl,vendor_motor_parts,0.0,0.0,0.0,0.0,-0.2165711820569216,0.010714290085399184,0.09044210847302978,0.0,0.0,0.0,0.0,0.0,0.0,8.032273716545796e-09,,,True,b7094f2f67d456e424842e30
1539,1_2_05_020051_fl46blw10_48v_5n_m_de_2__fl46blw10_48v_5n_m_de__none_3,assets/1_2_05_020051_fl46blw10_48v_5n_m_de_2__fl46blw10_48v_5n_m_de__none.stl,vendor_motor_parts,0.0,0.0,0.0,0.0,-0.20797129480896934,0.010757310156909058,0.071040374001864,0.0,0.0,0.0,0.0,0.0,0.0,3.0041987157988345e-08,0.0,,True,b7094f2f67d456e424842e30
1540,1_2_05_020051_fl46blw10_48v_5n_m_de_2__fl46blw10_48v_5n_m_de__none_4,assets/1_2_05_020051_fl46blw10_48v_5n_m_de_2__fl46blw10_48v_5n_m_de__none__2.stl,vendor_motor_parts,0.0,0.0,0.0,0.0,-0.20797129480896934,0.010757310156909058,0.071040374001864,0.0,0.0,0.0,0.0,0.0,0.0,8.032273716545796e-09,,,True,b7094f2f67d456e424842e30
1541,1_2_05_020051_fl46blw10_48v_5n_m_de_2__fl46blw10_48v_5n_m_de__none_5,assets/1_2_05_020051_fl46blw10_48v_5n_m_de_2__fl46blw10_48v_5n_m_de__none.stl,vendor_motor_parts,0.0,0.0,0.0,0.0,-0.24427938378639713,0.01057568259143193,0.07816004297134035,0.0,0.0,0.0,0.0,0.0,0.0,3.0041987157988345e-08,0.0,,True,b7094f2f67d456e424842e30
1542,1_2_05_020051_fl46blw10_48v_5n_m_de_2__fl46blw10_48v_5n_m_de__none_6,assets/1_2_05_020051_fl46blw10_48v_5n_m_de_2__fl46blw10_48v_5n_m_de__none__2.stl,vendor_motor_parts,0.0,0.0,0.0,0.0,-0.24427938378639713,0.01057568259143193,0.07816004297134035,0.0,0.0,0.0,0.0,0.0,0.0,8.032273716545796e-09,,,True,b7094f2f67d456e424842e30
1543,1_2_05_020051_fl46blw10_48v_5n_m_de_2__fl46blw10_48v_5n_m_de__none_7,assets/1_2_05_020051_fl46blw10_48v_5n_m_de_2__fl46blw10_48v_5n_m_de__none.stl,vendor_motor_parts,0.0,0.0,0.0,0.0,-0.18740016821388833,0.010860215149920612,0.025675297632225754,0.0,0.0,0.0,0.0,0.0,0.0,3.0041987157988345e-08,0.0,,True,b7094f2f67d456e424842e30
1544,1_2_05_020051_fl46blw10_48v_5n_m_de_2__fl46blw10_48v_5n_m_de__none_8,assets/1_2_05_020051_fl46blw10_48v_5n_m_de_2__fl46blw10_48v_5n_m_de__none__2.stl,vendor_motor_parts,0.0,0.0,0.0,0.0,-0.18740016821388833,0.010860215149920612,0.025675297632225754,0.0,0.0,0.0,0.0,0.0,0.0,8.032273716545796e-09,,,True,b7094f2f67d456e424842e30
1545,1_2_05_020051_fl46blw10_48v_5n_m_de_2__fl46blw10_48v_5n_m_de__none_9,assets/1_2_05_020051_fl46blw10_48v_5n_m_de_2__fl46blw10_48v_5n_m_de__none.stl,vendor_motor_parts,0.0,0.0,0.0,0.0,-0.17776555340125155,0.010908411342064554,0.04458453046789239,0.0,0.0,0.0,0.0,0.0,0.0,3.0041987157988345e-08,0.0,,True,b7094f2f67d456e424842e30
1546,1_2_05_020051_fl46blw10_48v_5n_m_de_2__fl46blw10_48v_5n_m_de__none_10,assets/1_2_05_020051_fl46blw10_48v_5n_m_de_2__fl46blw10_48v_5n_m_de__none__2.stl,vendor_motor_parts,0.0,0.0,0.0,0.0,-0.17776555340125155,0.010908411342064554,0.04458453046789239,0.0,0.0,0.0,0.0,0.0,0.0,8.032273716545796e-09,,,True,b7094f2f67d456e424842e30
1547,1_2_05_020051_fl46blw10_48v_5n_m_de_2__fl46blw10_48v_5n_m_de__none_11,assets/1_2_05_020051_fl46blw10_48v_5n_m_de_2__fl46blw10_48v_5n_m_de__none.stl,vendor_motor_parts,0.0,0.0,0.0,0.0,-0.16039532291313088,0.010995304174050083,0.01191546953208698,0.0,0.0,0.0,0.0,0.0,0.0,3.0041987157988345e-08,0.0,,True,b7094f2f67d456e424842e30
1548,1_2_05_020051_fl46blw10_48v_5n_m_de_2__fl46blw10_48v_5n_m_de__none_12,assets/1_2_05_020051_fl46blw10_48v_5n_m_de_2__fl46blw10_48v_5n_m_de__none__2.stl,vendor_motor_parts,0.0,0.0,0.0,0.0,-0.16039532291313088,0.010995304174050083,0.01191546953208698,0.0,0.0,0.0,0.0,0.0,0.0,8.032273716545796e-09,,,True,b7094f2f67d456e424842e30
1549,1_2_05_020051_fl46blw10_48v_5n_m_de_2__fl46blw10_48v_5n_m_de__none_13,assets/1_2_05_020051_fl46blw10_48v_5n_m_de_2__fl46blw10_48v_5n_m_de__none.stl,vendor_motor_parts,0.0,0.0,0.0,0.0,-0.10289855304511353,-0.006896941775142158,0.01715000320001561,0.0,0.0,0.0,0.0,0.0,0.0,3.0041987157988345e-08,0.0,,True,b7094f2f67d456e424842e30
1550,1_2_05_020051_fl46blw10_48v_5n_m_de_2__fl46blw10_48v_5n_m_de__none_14,assets/1_2_05_020051_fl46blw10_48v_5n_m_de_2__fl46blw10_48v_5n_m_de__none__2.stl,vendor_motor_parts,0.0,0.0,0.0,0.0,-0.10289855304511353,-0.006896941775142158,0.01715000320001561,0.0,0.0,0.0,0.0,0.0,0.0,8.032273716545796e-09,,,True,b7094f2f67d456e424842e30
1551,1_2_05_020051_fl46blw10_48v_5n_m_de_2__fl46blw10_48v_5n_m_de__none_15,assets/1_2_05_020051_fl46blw10_48v_5n_m_de_2__fl46blw10_48v_5n_m_de__none.stl,vendor_motor_parts,0.0,0.0,0.0,0.0,-0.12074001872811671,-0.018389083184639624,0.017150003200015633,0.0,0.0,0.0,0.0,0.0,0.0,3.0041987157988345e-08,0.0,,True,b7094f2f67d456e424842e30
1552,1_2_05_020051_fl46blw10_48v_5n_m_de_2__fl46blw10_48v_5n_m_de__none_16,assets/1_2_05_020051_fl46blw10_48v_5n_m_de_2__fl46blw10_48v_5n_m_de__none__2.stl,vendor_motor_parts,0.0,0.0,0.0,0.0,-0.12074001872811671,-0.018389083184639624,0.017150003200015633,0.0,0.0,0.0,0.0,0.0,0.0,8.032273716545796e-09,,,True,b7094f2f67d456e424842e30
1553,1_2_05_020051_fl46blw10_48v_5n_m_de_2__fl46blw10_48v_5n_m_de__none_17,assets/1_2_05_020051_fl46blw10_48v_5n_m_de_2__fl46blw10_48v_5n_m_de__none.stl,vendor_motor_parts,0.0,0.0,0.0,0.0,-0.1193110318922822,0.018583311877396837,0.017150003200015605,0.0,0.0,0.0,0.0,0.0,0.0,3.0041987157988345e-08,0.0,,True,b7094f2f67d456e424842e30
1554,1_2_05_020051_fl46blw10_48v_5n_m_de_2__fl46blw10_48v_5n_m_de__none_18,assets/1_2_05_020051_fl46blw10_48v_5n_m_de_2__fl46blw10_48v_5n_m_de__none__2.stl,vendor_motor_parts,0.0,0.0,0.0,0.0,-0.1193110318922822,0.018583311877396837,0.017150003200015605,0.0,0.0,0.0,0.0,0.0,0.0,8.032273716545796e-09,,,True,b7094f2f67d456e424842e30
1555,1_2_05_020051_fl46blw10_48v_5n_m_de_2__fl46blw10_48v_5n_m_de__none_19,assets/1_2_05_020051_fl46blw10_48v_5n_m_de_2__fl46blw10_48v_5n_m_de__none.stl,vendor_motor_parts,0.0,0.0,0.0,0.0,0.21641496127629387,-0.01143635019333094,0.09044210847304573,0.0,0.0,0.0,0.0,0.0,0.0,3.0041987157988345e-08,0.0,,True,b7094f2f67d456e424842e30
1556,1_2_05_020051_fl46blw10_48v_5n_m_de_2__fl46blw10_48v_5n_m_de__none_20,assets/1_2_05_020051_fl46blw10_48v_5n_m_de_2__fl46blw10_48v_5n_m_de__none__2.stl,vendor_motor_parts,0.0,0.0,0.0,0.0,0.21641496127629387,-0.01143635019333094,0.09044210847304573,0.0,0.0,0.0,0.0,0.0,0.0,8.032273716545796e-09,,,True,b7094f2f67d456e424842e30
1557,1_2_05_020051_fl46blw10_48v_5n_m_de_2__fl46blw10_48v_5n_m_de__none_21,assets/1_2_05_020051_fl46blw10_48v_5n_m_de_2__fl46blw10_48v_5n_m_de__none.stl,vendor_motor_parts,0.0,0.0,0.0,0.0,0.20781505324963223,-0.011397706475347462,0.07104037400187804,0.0,0.0,0.0,0.0,0.0,0.0,3.0041987157988345e-08,0.0,,True,b7094f2f67d456e424842e30
1558,1_2_05_020051_fl46blw10_48v_5n_m_de_2__fl46blw10_48v_5n_m_de__none_22,assets/1_2_05_020051_fl46blw10_48v_5n_m_de_2__fl46blw10_48v_5n_m_de__none__2.stl,vendor_motor_parts,0.0,0.0,0.0,0.0,0.20781505324963223,-0.011397706475347462,0.07104037400187804,0.0,0.0,0.0,0.0,0.0,0.0,8.032273716545796e-09,,,True,b7094f2f67d456e424842e30
1559,1_2_05_020051_fl46blw10_48v_5n_m_de_2__fl46blw10_48v_5n_m_de__none_23,assets/1_2_05_020051_fl46blw10_48v_5n_m_de_2__fl46blw10_48v_5n_m_de__none.stl,vendor_motor_parts,0.0,0.0,0.0,0.0,0.24412322995325209,-0.011560857399361345,0.07816004297136181,0.0,0.0,0.0,0.0,0.0,0.0,3.0041987157988345e-08,0.0,,True,b7094f2f67d456e424842e30
1560,1_2_05_020051_fl46blw10_48v_5n_m_de_2__fl46blw10_48v_5n_m_de__none_24,assets/1_2_05_020051_fl46blw10_48v_5n_m_de_2__fl46blw10_48v_5n_m_de__none__2.stl,vendor_motor_parts,0.0,0.0,0.0,0.0,0.24412322995325209,-0.011560857399361345,0.07816004297136181,0.0,0.0,0.0,0.0,0.0,0.0,8.032273716545796e-09,,,True,b7094f2f67d456e424842e30
1561,1_2_05_020051_fl46blw10_48v_5n_m_de_2__fl46blw10_48v_5n_m_de__none_25,assets/1_2_05_020051_fl46blw10_48v_5n_m_de_2__fl46blw10_48v_5n_m_de__none.stl,vendor_motor_parts,0.0,0.0,0.0,0.0,0.18724387695140088,-0.011305269819862636,0.02567529763222623,0.0,0.0,0.0,0.0,0.0,0.0,3.0041987157988345e-08,0.0,,True,b7094f2f67d456e424842e30
1562,1_2_05_020051_fl46blw10_48v_5n_m_de_2__fl46blw10_48v_5n_m_de__none_26,assets/1_2_05_020051_fl46blw10_48v_5n_m_de_2__fl46blw10_48v_5n_m_de__none__2.stl,vendor_motor_parts,0.0,0.0,0.0,0.0,0.18724387695140088,-0.011305269819862636,0.02567529763222623,0.0,0.0,0.0,0.0,0.0,0.0,8.032273716545796e-09,,,True,b7094f2f67d456e424842e30
1563,1_2_05_020051_fl46blw10_48v_5n_m_de_2__fl46blw10_48v_5n_m_de__none_27,assets/1_2_05_020051_fl46blw10_48v_5n_m_de_2__fl46blw10_48v_5n_m_de__none.stl,vendor_motor_parts,0.0,0.0,0.0,0.0,0.1776092388599823,-0.011261976538572588,0.04458453046789321,0.0,0.0,0.0,0.0,0.0,0.0,3.0041987157988345e-08,0.0,,True,b7094f2f67d456e424842e30
1564,1_2_05_020051_fl46blw10_48v_5n_m_de_2__fl46blw10_48v_5n_m_de__none_28,assets/1_2_05_020051_fl46blw10_48v_5n_m_de_2__fl46blw10_48v_5n_m_de__none__2.stl,vendor_motor_parts,0.0,0.0,0.0,0.0,0.1776092388599823,-0.011261976538572588,0.04458453046789321,0.0,0.0,0.0,0.0,0.0,0.0,8.032273716545796e-09,,,True,b7094f2f67d456e424842e30
1565,1_2_05_020051_fl46blw10_48v_5n_m_de_2__fl46blw10_48v_5n_m_de__none_29,assets/1_2_05_020051_fl46blw10_48v_5n_m_de_2__fl46blw10_48v_5n_m_de__none.stl,vendor_motor_parts,0.0,0.0,0.0,0.0,0.16023896640258614,-0.011183923156134748,0.011915469532087716,0.0,0.0,0.0,0.0,0.0,0.0,3.0041987157988345e-08,0.0,,True,b7094f2f67d456e424842e30
1566,1_2_05_020051_fl46blw10_48v_5n_m_de_2__fl46blw10_48v_5n_m_de__none_30,assets/1_2_05_020051_fl46blw10_48v_5n_m_de_2__fl46blw10_48v_5n_m_de__none__2.stl,vendor_motor_parts,0.0,0.0,0.0,0.0,0.16023896640258614,-0.011183923156134748,0.011915469532087716,0.0,0.0,0.0,0.0,0.0,0.0,8.032273716545796e-09,,,True,b7094f2f67d456e424842e30
1567,1_2_05_020051_fl46blw10_48v_5n_m_de_2__fl46blw10_48v_5n_m_de__none_31,assets/1_2_05_020051_fl46blw10_48v_5n_m_de_2__fl46blw10_48v_5n_m_de__none.stl,vendor_motor_parts,0.0,0.0,0.0,0.0,0.10291468797325155,0.0072534875329778176,0.017150003200015033,0.0,0.0,0.0,0.0,0.0,0.0,3.0041987157988345e-08,0.0,,True,b7094f2f67d456e424842e30
1568,1_2_05_020051_fl46blw10_48v_5n_m_de_2__fl46blw10_48v_5n_m_de__none_32,assets/1_2_05_020051_fl46blw10_48v_5n_m_de_2__fl46blw10_48v_5n_m_de__none__2.stl,vendor_motor_parts,0.0,0.0,0.0,0.0,0.10291468797325155,0.0072534875329778176,0.017150003200015033,0.0,0.0,0.0,0.0,0.0,0.0,8.032273716545796e-09,,,True,b7094f2f67d456e424842e30
1569,1_2_05_020051_fl46blw10_48v_5n_m_de_2__fl46blw10_48v_5n_m_de__none_33,assets/1_2_05_020051_fl46blw10_48v_5n_m_de_2__fl46blw10_48v_5n_m_de__none.stl,vendor_motor_parts,0.0,0.0,0.0,0.0,0.12086447506693912,0.01857569381907572,0.017150003200015064,0.0,0.0,0.0,0.0,0.0,0.0,3.0041987157988345e-08,0.0,,True,b7094f2f67d456e424842e30
1570,1_2_05_020051_fl46blw10_48v_5n_m_de_2__fl46blw10_48v_5n_m_de__none_34,assets/1_2_05_020051_fl46blw10_48v_5n_m_de_2__fl46blw10_48v_5n_m_de__none__2.stl,vendor_motor_parts,0.0,0.0,0.0,0.0,0.12086447506693912,0.01857569381907572,0.017150003200015064,0.0,0.0,0.0,0.0,0.0,0.0,8.032273716545796e-09,,,True,b7094f2f67d456e424842e30
1571,1_2_05_020051_fl46blw10_48v_5n_m_de_2__fl46blw10_48v_5n_m_de__none_35,assets/1_2_05_020051_fl46blw10_48v_5n_m_de_2__fl46blw10_48v_5n_m_de__none.stl,vendor_motor_parts,0.0,0.0,0.0,0.0,0.11908447431266186,-0.018381465126318136,0.017150003200015036,0.0,0.0,0.0,0.0,0.0,0.0,3.0041987157988345e-08,0.0,,True,b7094f2f67d456e424842e30
1572,1_2_05_020051_fl46blw10_48v_5n_m_de_2__fl46blw10_48v_5n_m_de__none_36,assets/1_2_05_020051_fl46blw10_48v_5n_m_de_2__fl46blw10_48v_5n_m_de__none__2.stl,vendor_motor_parts,0.0,0.0,0.0,0.0,0.11908447431266186,-0.018381465126318136,0.017150003200015036,0.0,0.0,0.0,0.0,0.0,0.0,8.032273716545796e-09,,,True,b7094f2f67d456e424842e30
1573,1_2_05_020051_fl46blw10_48v_5n_m_de_2__fl46blw10_48v_5n_m_de__none_37,assets/1_2_05_020051_fl46blw10_48v_5n_m_de_2__fl46blw10_48v_5n_m_de__none.stl,vendor_motor_parts,0.0,0.0,0.0,0.0,-0.16666335765990178,0.27660098411763173,0.07021566766332454,0.0,0.0,0.0,0.0,0.0,0.0,3.0041987157988345e-08,0.0,,True,b7094f2f67d456e424842e30
1574,1_2_05_020051_fl46blw10_48v_5n_m_de_2__fl46blw10_48v_5n_m_de__none_38,assets/1_2_05_020051_fl46blw10_48v_5n_m_de_2__fl46blw10_48v_5n_m_de__none__2.stl,vendor_motor_parts,0.0,0.0,0.0,0.0,-0.16666335765990178,0.27660098411763173,0.07021566766332454,0.0,0.0,0.0,0.0,0.0,0.0,8.032273716545796e-09,,,True,b7094f2f67d456e424842e30
1575,1_2_05_020051_fl46blw10_48v_5n_m_de_2__fl46blw10_48v_5n_m_de__none_39,assets/1_2_05_020051_fl46blw10_48v_5n_m_de_2__fl46blw10_48v_5n_m_de__none.stl,vendor_motor_parts,0.0,0.0,0.0,0.0,-0.15470345146351286,0.267932472566536,0.05497740125418998,0.0,0.0,0.0,0.0,0.0,0.0,3.0041987157988345e-08,0.0,,True,b7094f2f67d456e424842e30
1576,1_2_05_020051_fl46blw10_48v_5n_m_de_2__fl46blw10_48v_5n_m_de__none_40,assets/1_2_05_020051_fl46blw10_48v_5n_m_de_2__fl46blw10_48v_5n_m_de__none__2.stl,vendor_motor_parts,0.0,0.0,0.0,0.0,-0.15470345146351286,0.267932472566536,0.05497740125418998,0.0,0.0,0.0,0.0,0.0,0.0,8.032273716545796e-09,,,True,b7094f2f67d456e424842e30
1577,1_2_05_020051_fl46blw10_48v_5n_m_de_2__fl46blw10_48v_5n_m_de__none_41,assets/1_2_05_020051_fl46blw10_48v_5n_m_de_2__fl46blw10_48v_5n_m_de__none.stl,vendor_motor_parts,0.0,0.0,0.0,0.0,-0.18428419928014253,0.28937252819304743,0.04912049308166671,0.0,0.0,0.0,0.0,0.0,0.0,3.0041987157988345e-08,0.0,,True,b7094f2f67d456e424842e30
1578,1_2_05_020051_fl46blw10_48v_5n_m_de_2__fl46blw10_48v_5n_m_de__none_42,assets/1_2_05_020051_fl46blw10_48v_5n_m_de_2__fl46blw10_48v_5n_m_de__none__2.stl,vendor_motor_parts,0.0,0.0,0.0,0.0,-0.18428419928014253,0.28937252819304743,0.04912049308166671,0.0,0.0,0.0,0.0,0.0,0.0,8.032273716545796e-09,,,True,b7094f2f67d456e424842e30
1579,1_2_05_020051_fl46blw10_48v_5n_m_de_2__fl46blw10_48v_5n_m_de__none_43,assets/1_2_05_020051_fl46blw10_48v_5n_m_de_2__fl46blw10_48v_5n_m_de__none.stl,vendor_motor_parts,0.0,0.0,0.0,0.0,-0.12801956328907255,0.24859205391525674,0.025675297632226507,0.0,0.0,0.0,0.0,0.0,0.0,3.0041987157988345e-08,0.0,,True,b7094f2f67d456e424842e30
1580,1_2_05_020051_fl46blw10_48v_5n_m_de_2__fl46blw10_48v_5n_m_de__none_44,assets/1_2_05_020051_fl46blw10_48v_5n_m_de_2__fl46blw10_48v_5n_m_de__none__2.stl,vendor_motor_parts,0.0,0.0,0.0,0.0,-0.12801956328907255,0.24859205391525674,0.025675297632226507,0.0,0.0,0.0,0.0,0.0,0.0,8.032273716545796e-09,,,True,b7094f2f67d456e424842e30
1581,1_2_05_020051_fl46blw10_48v_5n_m_de_2__fl46blw10_48v_5n_m_de__none_45,assets/1_2_05_020051_fl46blw10_48v_5n_m_de_2__fl46blw10_48v_5n_m_de__none.stl,vendor_motor_parts,0.0,0.0,0.0,0.0,-0.12021843072583874,0.2429378115971676,0.044584530467893416,0.0,0.0,0.0,0.0,0.0,0.0,3.0041987157988345e-08,0.0,,True,b7094f2f67d456e424842e30
1582,1_2_05_020051_fl46blw10_48v_5n_m_de_2__fl46blw10_48v_5n_m_de__none_46,assets/1_2_05_020051_fl46blw10_48v_5n_m_de_2__fl46blw10_48v_5n_m_de__none__2.stl,vendor_motor_parts,0.0,0.0,0.0,0.0,-0.12021843072583874,0.2429378115971676,0.044584530467893416,0.0,0.0,0.0,0.0,0.0,0.0,8.032273716545796e-09,,,True,b7094f2f67d456e424842e30
1583,1_2_05_020051_fl46blw10_48v_5n_m_de_2__fl46blw10_48v_5n_m_de__none_47,assets/1_2_05_020051_fl46blw10_48v_5n_m_de_2__fl46blw10_48v_5n_m_de__none.stl,vendor_motor_parts,0.0,0.0,0.0,0.0,-0.106153782234234,0.23274378783898997,0.011915469532087858,0.0,0.0,0.0,0.0,0.0,0.0,3.0041987157988345e-08,0.0,,True,b7094f2f67d456e424842e30
1584,1_2_05_020051_fl46blw10_48v_5n_m_de_2__fl46blw10_48v_5n_m_de__none_48,assets/1_2_05_020051_fl46blw10_48v_5n_m_de_2__fl46blw10_48v_5n_m_de__none__2.stl,vendor_motor_parts,0.0,0.0,0.0,0.0,-0.106153782234234,0.23274378783898997,0.011915469532087858,0.0,0.0,0.0,0.0,0.0,0.0,8.032273716545796e-09,,,True,b7094f2f67d456e424842e30
1585,1_2_05_020051_fl46blw10_48v_5n_m_de_2__fl46blw10_48v_5n_m_de__none_49,assets/1_2_05_020051_fl46blw10_48v_5n_m_de_2__fl46blw10_48v_5n_m_de__none.stl,vendor_motor_parts,0.0,0.0,0.0,0.0,-0.07034127860310763,0.18433433014699982,0.01715000320001509,0.0,0.0,0.0,0.0,0.0,0.0,3.0041987157988345e-08,0.0,,True,b7094f2f67d456e424842e30
1586,1_2_05_020051_fl46blw10_48v_5n_m_de_2__fl46blw10_48v_5n_m_de__none_50,assets/1_2_05_020051_fl46blw10_48v_5n_m_de_2__fl46blw10_48v_5n_m_de__none__2.stl,vendor_motor_parts,0.0,0.0,0.0,0.0,-0.07034127860310763,0.18433433014699982,0.01715000320001509,0.0,0.0,0.0,0.0,0.0,0.0,8.032273716545796e-09,,,True,b7094f2f67d456e424842e30
1587,1_2_05_020051_fl46blw10_48v_5n_m_de_2__fl46blw10_48v_5n_m_de__none_51,assets/1_2_05_020051_fl46blw10_48v_5n_m_de_2__fl46blw10_48v_5n_m_de__none.stl,vendor_motor_parts,0.0,0.0,0.0,0.0,-0.09152548985863748,0.18560570946676988,0.017150003200015144,0.0,0.0,0.0,0.0,0.0,0.0,3.0041987157988345e-08,0.0,,True,b7094f2f67d456e424842e30
1588,1_2_05_020051_fl46blw10_48v_5n_m_de_2__fl46blw10_48v_5n_m_de__none_52,assets/1_2_05_020051_fl46blw10_48v_5n_m_de_2__fl46blw10_48v_5n_m_de__none__2.stl,vendor_motor_parts,0.0,0.0,0.0,0.0,-0.09152548985863748,0.18560570946676988,0.017150003200015144,0.0,0.0,0.0,0.0,0.0,0.0,8.032273716545796e-09,,,True,b7094f2f67d456e424842e30
1589,1_2_05_020051_fl46blw10_48v_5n_m_de_2__fl46blw10_48v_5n_m_de__none_53,assets/1_2_05_020051_fl46blw10_48v_5n_m_de_2__fl46blw10_48v_5n_m_de__none.stl,vendor_motor_parts,0.0,0.0,0.0,0.0,-0.0685255607617617,0.2145885192259873,0.017150003200015085,0.0,0.0,0.0,0.0,0.0,0.0,3.0041987157988345e-08,0.0,,True,b7094f2f67d456e424842e30
1590,1_2_05_020051_fl46blw10_48v_5n_m_de_2__fl46blw10_48v_5n_m_de__none_54,assets/1_2_05_020051_fl46blw10_48v_5n_m_de_2__fl46blw10_48v_5n_m_de__none__2.stl,vendor_motor_parts,0.0,0.0,0.0,0.0,-0.0685255607617617,0.2145885192259873,0.017150003200015085,0.0,0.0,0.0,0.0,0.0,0.0,8.032273716545796e-09,,,True,b7094f2f67d456e424842e30
1591,1_2_05_020051_fl46blw10_48v_5n_m_de_2__fl46blw10_48v_5n_m_de__none_55,assets/1_2_05_020051_fl46blw10_48v_5n_m_de_2__fl46blw10_48v_5n_m_de__none.stl,vendor_motor_parts,0.0,0.0,0.0,0.0,-0.1590145513331319,-0.25642298849568945,0.09044210847302869,0.0,0.0,0.0,0.0,0.0,0.0,3.0041987157988345e-08,0.0,,True,b7094f2f67d456e424842e30
1592,1_2_05_020051_fl46blw10_48v_5n_m_de_2__fl46blw10_48v_5n_m_de__none_56,assets/1_2_05_020051_fl46blw10_48v_5n_m_de_2__fl46blw10_48v_5n_m_de__none__2.stl,vendor_motor_parts,0.0,0.0,0.0,0.0,-0.1590145513331319,-0.25642298849568945,0.09044210847302869,0.0,0.0,0.0,0.0,0.0,0.0,8.032273716545796e-09,,,True,b7094f2f67d456e424842e30
1593,1_2_05_020051_fl46blw10_48v_5n_m_de_2__fl46blw10_48v_5n_m_de__none_57,assets/1_2_05_020051_fl46blw10_48v_5n_m_de_2__fl46blw10_48v_5n_m_de__none.stl,vendor_motor_parts,0.0,0.0,0.0,0.0,-0.15263835722224225,-0.2506520215000889,0.07104037400186314,0.0,0.0,0.0,0.0,0.0,0.0,3.0041987157988345e-08,0.0,,True,b7094f2f67d456e424842e30
1594,1_2_05_020051_fl46blw10_48v_5n_m_de_2__fl46blw10_48v_5n_m_de__none_58,assets/1_2_05_020051_fl46blw10_48v_5n_m_de_2__fl46blw10_48v_5n_m_de__none__2.stl,vendor_motor_parts,0.0,0.0,0.0,0.0,-0.15263835722224225,-0.2506520215000889,0.07104037400186314,0.0,0.0,0.0,0.0,0.0,0.0,8.032273716545796e-09,,,True,b7094f2f67d456e424842e30
1595,1_2_05_020051_fl46blw10_48v_5n_m_de_2__fl46blw10_48v_5n_m_de__none_59,assets/1_2_05_020051_fl46blw10_48v_5n_m_de_2__fl46blw10_48v_5n_m_de__none.stl,vendor_motor_parts,0.0,0.0,0.0,0.0,-0.1795581779641511,-0.2750166180489515,0.07816004297133841,0.0,0.0,0.0,0.0,0.0,0.0,3.0041987157988345e-08,0.0,,True,b7094f2f67d456e424842e30
1596,1_2_05_020051_fl46blw10_48v_5n_m_de_2__fl46blw10_48v_5n_m_de__none_60,assets/1_2_05_020051_fl46blw10_48v_5n_m_de_2__fl46blw10_48v_5n_m_de__none__2.stl,vendor_motor_parts,0.0,0.0,0.0,0.0,-0.1795581779641511,-0.2750166180489515,0.07816004297133841,0.0,0.0,0.0,0.0,0.0,0.0,8.032273716545796e-09,,,True,b7094f2f67d456e424842e30
1597,1_2_05_020051_fl46blw10_48v_5n_m_de_2__fl46blw10_48v_5n_m_de__none_61,assets/1_2_05_020051_fl46blw10_48v_5n_m_de_2__fl46blw10_48v_5n_m_de__none.stl,vendor_motor_parts,0.0,0.0,0.0,0.0,-0.13738635536824634,-0.23684773672056533,0.02567529763222584,0.0,0.0,0.0,0.0,0.0,0.0,3.0041987157988345e-08,0.0,,True,b7094f2f67d456e424842e30
1598,1_2_05_020051_fl46blw10_48v_5n_m_de_2__fl46blw10_48v_5n_m_de__none_62,assets/1_2_05_020051_fl46blw10_48v_5n_m_de_2__fl46blw10_48v_5n_m_de__none__2.stl,vendor_motor_parts,0.0,0.0,0.0,0.0,-0.13738635536824634,-0.23684773672056533,0.02567529763222584,0.0,0.0,0.0,0.0,0.0,0.0,8.032273716545796e-09,,,True,b7094f2f67d456e424842e30
1599,1_2_05_020051_fl46blw10_48v_5n_m_de_2__fl46blw10_48v_5n_m_de__none_63,assets/1_2_05_020051_fl46blw10_48v_5n_m_de_2__fl46blw10_48v_5n_m_de__none.stl,vendor_motor_parts,0.0,0.0,0.0,0.0,-0.13024298564050435,-0.23038241426970515,0.04458453046789232,0.0,0.0,0.0,0.0,0.0,0.0,3.0041987157988345e-08,0.0,,True,b7094f2f67d456e424842e30
1600,1_2_05_020051_fl46blw10_48v_5n_m_de_2__fl46blw10_48v_5n_m_de__none_64,assets/1_2_05_020051_fl46blw10_48v_5n_m_de_2__fl46blw10_48v_5n_m_de__none__2.stl,vendor_motor_parts,0.0,0.0,0.0,0.0,-0.13024298564050435,-0.23038241426970515,0.04458453046789232,0.0,0.0,0.0,0.0,0.0,0.0,8.032273716545796e-09,,,True,b7094f2f67d456e424842e30
1601,1_2_05_020051_fl46blw10_48v_5n_m_de_2__fl46blw10_48v_5n_m_de__none_65,assets/1_2_05_020051_fl46blw10_48v_5n_m_de_2__fl46blw10_48v_5n_m_de__none.stl,vendor_motor_parts,0.0,0.0,0.0,0.0,-0.11736421663460525,-0.21872609553404154,0.011915469532087261,0.0,0.0,0.0,0.0,0.0,0.0,3.0041987157988345e-08,0.0,,True,b7094f2f67d456e424842e30
1602,1_2_05_020051_fl46blw10_48v_5n_m_de_2__fl46blw10_48v_5n_m_de__none_66,assets/1_2_05_020051_fl46blw10_48v_5n_m_de_2__fl46blw10_48v_5n_m_de__none__2.stl,vendor_motor_parts,0.0,0.0,0.0,0.0,-0.11736421663460525,-0.21872609553404154,0.011915469532087261,0.0,0.0,0.0,0.0,0.0,0.0,8.032273716545796e-09,,,True,b7094f2f67d456e424842e30
1603,1_2_05_020051_fl46blw10_48v_5n_m_de_2__fl46blw10_48v_5n_m_de__none_67,assets/1_2_05_020051_fl46blw10_48v_5n_m_de_2__fl46blw10_48v_5n_m_de__none.stl,vendor_motor_parts,0.0,0.0,0.0,0.0,-0.06260262640881896,-0.193682548534761,0.017150003200015876,0.0,0.0,0.0,0.0,0.0,0.0,3.0041987157988345e-08,0.0,,True,b7094f2f67d456e424842e30
1604,1_2_05_020051_fl46blw10_48v_5n_m_de_2__fl46blw10_48v_5n_m_de__none_68,assets/1_2_05_020051_fl46blw10_48v_5n_m_de_2__fl46blw10_48v_5n_m_de__none__2.stl,vendor_motor_parts,0.0,0.0,0.0,0.0,-0.06260262640881896,-0.193682548534761,0.017150003200015876,0.0,0.0,0.0,0.0,0.0,0.0,8.032273716545796e-09,,,True,b7094f2f67d456e424842e30
1605,1_2_05_020051_fl46blw10_48v_5n_m_de_2__fl46blw10_48v_5n_m_de__none_69,assets/1_2_05_020051_fl46blw10_48v_5n_m_de_2__fl46blw10_48v_5n_m_de__none.stl,vendor_motor_parts,0.0,0.0,0.0,0.0,-0.06822133804140679,-0.21414757459102332,0.017150003200015883,0.0,0.0,0.0,0.0,0.0,0.0,3.0041987157988345e-08,0.0,,True,b7094f2f67d456e424842e30
1606,1_2_05_020051_fl46blw10_48v_5n_m_de_2__fl46blw10_48v_5n_m_de__none_70,assets/1_2_05_020051_fl46blw10_48v_5n_m_de_2__fl46blw10_48v_5n_m_de__none__2.stl,vendor_motor_parts,0.0,0.0,0.0,0.0,-0.06822133804140679,-0.21414757459102332,0.017150003200015883,0.0,0.0,0.0,0.0,0.0,0.0,8.032273716545796e-09,,,True,b7094f2f67d456e424842e30
1607,1_2_05_020051_fl46blw10_48v_5n_m_de_2__fl46blw10_48v_5n_m_de__none_71,assets/1_2_05_020051_fl46blw10_48v_5n_m_de_2__fl46blw10_48v_5n_m_de__none.stl,vendor_motor_parts,0.0,0.0,0.0,0.0,-0.09182971257899229,-0.18565819671621947,0.017150003200015883,0.0,0.0,0.0,0.0,0.0,0.0,3.0041987157988345e-08,0.0,,True,b7094f2f67d456e424842e30
1608,1_2_05_020051_fl46blw10_48v_5n_m_de_2__fl46blw10_48v_5n_m_de__none_72,assets/1_2_05_020051_fl46blw10_48v_5n_m_de_2__fl46blw10_48v_5n_m_de__none__2.stl,vendor_motor_parts,0.0,0.0,0.0,0.0,-0.09182971257899229,-0.18565819671621947,0.017150003200015883,0.0,0.0,0.0,0.0,0.0,0.0,8.032273716545796e-09,,,True,b7094f2f67d456e424842e30
1609,1_2_05_020051_fl46blw10_48v_5n_m_de_2__fl46blw10_48v_5n_m_de__none_73,assets/1_2_05_020051_fl46blw10_48v_5n_m_de_2__fl46blw10_48v_5n_m_de__none.stl,vendor_motor_parts,0.0,0.0,0.0,0.0,0.13952104625097628,-0.27663615140354336,0.09044210847300461,0.0,0.0,0.0,0.0,0.0,0.0,3.0041987157988345e-08,0.0,,True,b7094f2f67d456e424842e30
1610,1_2_05_020051_fl46blw10_48v_5n_m_de_2__fl46blw10_48v_5n_m_de__none_74,assets/1_2_05_020051_fl46blw10_48v_5n_m_de_2__fl46blw10_48v_5n_m_de__none__2.stl,vendor_motor_parts,0.0,0.0,0.0,0.0,0.13952104625097628,-0.27663615140354336,0.09044210847300461,0.0,0.0,0.0,0.0,0.0,0.0,8.032273716545796e-09,,,True,b7094f2f67d456e424842e30
1611,1_2_05_020051_fl46blw10_48v_5n_m_de_2__fl46blw10_48v_5n_m_de__none_75,assets/1_2_05_020051_fl46blw10_48v_5n_m_de_2__fl46blw10_48v_5n_m_de__none.stl,vendor_motor_parts,0.0,0.0,0.0,0.0,0.1335066876623221,-0.27048900554783606,0.07104037400184442,0.0,0.0,0.0,0.0,0.0,0.0,3.0041987157988345e-08,0.0,,True,b7094f2f67d456e424842e30
1612,1_2_05_020051_fl46blw10_48v_5n_m_de_2__fl46blw10_48v_5n_m_de__none_76,assets/1_2_05_020051_fl46blw10_48v_5n_m_de_2__fl46blw10_48v_5n_m_de__none__2.stl,vendor_motor_parts,0.0,0.0,0.0,0.0,0.1335066876623221,-0.27048900554783606,0.07104037400184442,0.0,0.0,0.0,0.0,0.0,0.0,8.032273716545796e-09,,,True,b7094f2f67d456e424842e30
1613,1_2_05_020051_fl46blw10_48v_5n_m_de_2__fl46blw10_48v_5n_m_de__none_77,assets/1_2_05_020051_fl46blw10_48v_5n_m_de_2__fl46blw10_48v_5n_m_de__none.stl,vendor_motor_parts,0.0,0.0,0.0,0.0,0.1588988655459027,-0.2964418014683966,0.07816004297129751,0.0,0.0,0.0,0.0,0.0,0.0,3.0041987157988345e-08,0.0,,True,b7094f2f67d456e424842e30
1614,1_2_05_020051_fl46blw10_48v_5n_m_de_2__fl46blw10_48v_5n_m_de__none_78,assets/1_2_05_020051_fl46blw10_48v_5n_m_de_2__fl46blw10_48v_5n_m_de__none__2.stl,vendor_motor_parts,0.0,0.0,0.0,0.0,0.1588988655459027,-0.2964418014683966,0.07816004297129751,0.0,0.0,0.0,0.0,0.0,0.0,8.032273716545796e-09,,,True,b7094f2f67d456e424842e30
1615,1_2_05_020051_fl46blw10_48v_5n_m_de_2__fl46blw10_48v_5n_m_de__none_79,assets/1_2_05_020051_fl46blw10_48v_5n_m_de_2__fl46blw10_48v_5n_m_de__none.stl,vendor_motor_parts,0.0,0.0,0.0,0.0,0.11912020463664444,-0.2557848923484102,0.02567529763222516,0.0,0.0,0.0,0.0,0.0,0.0,3.0041987157988345e-08,0.0,,True,b7094f2f67d456e424842e30
1616,1_2_05_020051_fl46blw10_48v_5n_m_de_2__fl46blw10_48v_5n_m_de__none_80,assets/1_2_05_020051_fl46blw10_48v_5n_m_de_2__fl46blw10_48v_5n_m_de__none__2.stl,vendor_motor_parts,0.0,0.0,0.0,0.0,0.11912020463664444,-0.2557848923484102,0.02567529763222516,0.0,0.0,0.0,0.0,0.0,0.0,8.032273716545796e-09,,,True,b7094f2f67d456e424842e30
1617,1_2_05_020051_fl46blw10_48v_5n_m_de_2__fl46blw10_48v_5n_m_de__none_81,assets/1_2_05_020051_fl46blw10_48v_5n_m_de_2__fl46blw10_48v_5n_m_de__none.stl,vendor_motor_parts,0.0,0.0,0.0,0.0,0.11238220602387475,-0.24889812967244032,0.04458453046789196,0.0,0.0,0.0,0.0,0.0,0.0,3.0041987157988345e-08,0.0,,True,b7094f2f67d456e424842e30
1618,1_2_05_020051_fl46blw10_48v_5n_m_de_2__fl46blw10_48v_5n_m_de__none_82,assets/1_2_05_020051_fl46blw10_48v_5n_m_de_2__fl46blw10_48v_5n_m_de__none__2.stl,vendor_motor_parts,0.0,0.0,0.0,0.0,0.11238220602387475,-0.24889812967244032,0.04458453046789196,0.0,0.0,0.0,0.0,0.0,0.0,8.032273716545796e-09,,,True,b7094f2f67d456e424842e30
1619,1_2_05_020051_fl46blw10_48v_5n_m_de_2__fl46blw10_48v_5n_m_de__none_83,assets/1_2_05_020051_fl46blw10_48v_5n_m_de_2__fl46blw10_48v_5n_m_de__none.stl,vendor_motor_parts,0.0,0.0,0.0,0.0,0.10023427990451184,-0.23648199707918882,0.011915469532086428,0.0,0.0,0.0,0.0,0.0,0.0,3.0041987157988345e-08,0.0,,True,b7094f2f67d456e424842e30
1620,1_2_05_020051_fl46blw10_48v_5n_m_de_2__fl46blw10_48v_5n_m_de__none_84,assets/1_2_05_020051_fl46blw10_48v_5n_m_de_2__fl46blw10_48v_5n_m_de__none__2.stl,vendor_motor_parts,0.0,0.0,0.0,0.0,0.10023427990451184,-0.23648199707918882,0.011915469532086428,0.0,0.0,0.0,0.0,0.0,0.0,8.032273716545796e-09,,,True,b7094f2f67d456e424842e30
1621,1_2_05_020051_fl46blw10_48v_5n_m_de_2__fl46blw10_48v_5n_m_de__none_85,assets/1_2_05_020051_fl46blw10_48v_5n_m_de_2__fl46blw10_48v_5n_m_de__none.stl,vendor_motor_parts,0.0,0.0,0.0,0.0,0.07308186118596285,-0.18273483745102284,0.017150003200015557,0.0,0.0,0.0,0.0,0.0,0.0,3.0041987157988345e-08,0.0,,True,b7094f2f67d456e424842e30
1622,1_2_05_020051_fl46blw10_48v_5n_m_de_2__fl46blw10_48v_5n_m_de__none_86,assets/1_2_05_020051_fl46blw10_48v_5n_m_de_2__fl46blw10_48v_5n_m_de__none__2.stl,vendor_motor_parts,0.0,0.0,0.0,0.0,0.07308186118596285,-0.18273483745102284,0.017150003200015557,0.0,0.0,0.0,0.0,0.0,0.0,8.032273716545796e-09,,,True,b7094f2f67d456e424842e30
1623,1_2_05_020051_fl46blw10_48v_5n_m_de_2__fl46blw10_48v_5n_m_de__none_87,assets/1_2_05_020051_fl46blw10_48v_5n_m_de_2__fl46blw10_48v_5n_m_de__none.stl,vendor_motor_parts,0.0,0.0,0.0,0.0,0.09374975024061012,-0.18755412929926052,0.017150003200015564,0.0,0.0,0.0,0.0,0.0,0.0,3.0041987157988345e-08,0.0,,True,b7094f2f67d456e424842e30
1624,1_2_05_020051_fl46blw10_48v_5n_m_de_2__fl46blw10_48v_5n_m_de__none_88,assets/1_2_05_020051_fl46blw10_48v_5n_m_de_2__fl46blw10_48v_5n_m_de__none__2.stl,vendor_motor_parts,0.0,0.0,0.0,0.0,0.09374975024061012,-0.18755412929926052,0.017150003200015564,0.0,0.0,0.0,0.0,0.0,0.0,8.032273716545796e-09,,,True,b7094f2f67d456e424842e30
1625,1_2_05_020051_fl46blw10_48v_5n_m_de_2__fl46blw10_48v_5n_m_de__none_89,assets/1_2_05_020051_fl46blw10_48v_5n_m_de_2__fl46blw10_48v_5n_m_de__none.stl,vendor_motor_parts,0.0,0.0,0.0,0.0,0.06619919913899085,-0.21225164200798238,0.017150003200015567,0.0,0.0,0.0,0.0,0.0,0.0,3.0041987157988345e-08,0.0,,True,b7094f2f67d456e424842e30
1626,1_2_05_020051_fl46blw10_48v_5n_m_de_2__fl46blw10_48v_5n_m_de__none_90,assets/1_2_05_020051_fl46blw10_48v_5n_m_de_2__fl46blw10_48v_5n_m_de__none__2.stl,vendor_motor_parts,0.0,0.0,0.0,0.0,0.06619919913899085,-0.21225164200798238,0.017150003200015567,0.0,0.0,0.0,0.0,0.0,0.0,8.032273716545796e-09,,,True,b7094f2f67d456e424842e30
1627,1_2_05_020051_fl46blw10_48v_5n_m_de_2__fl46blw10_48v_5n_m_de__none_91,assets/1_2_05_020051_fl46blw10_48v_5n_m_de_2__fl46blw10_48v_5n_m_de__none.stl,vendor_motor_parts,0.0,0.0,0.0,0.0,0.16581080915242843,0.2693488463303721,0.07759841058556134,0.0,0.0,0.0,0.0,0.0,0.0,3.0041987157988345e-08,0.0,,True,b7094f2f67d456e424842e30
1628,1_2_05_020051_fl46blw10_48v_5n_m_de_2__fl46blw10_48v_5n_m_de__none_92,assets/1_2_05_020051_fl46blw10_48v_5n_m_de_2__fl46blw10_48v_5n_m_de__none__2.stl,vendor_motor_parts,0.0,0.0,0.0,0.0,0.16581080915242843,0.2693488463303721,0.07759841058556134,0.0,0.0,0.0,0.0,0.0,0.0,8.032273716545796e-09,,,True,b7094f2f67d456e424842e30
1629,1_2_05_020051_fl46blw10_48v_5n_m_de_2__fl46blw10_48v_5n_m_de__none_93,assets/1_2_05_020051_fl46blw10_48v_5n_m_de_2__fl46blw10_48v_5n_m_de__none.stl,vendor_motor_parts,0.0,0.0,0.0,0.0,0.15663545654507666,0.2602778014932024,0.06074859569083628,0.0,0.0,0.0,0.0,0.0,0.0,3.0041987157988345e-08,0.0,,True,b7094f2f67d456e424842e30
1630,1_2_05_020051_fl46blw10_48v_5n_m_de_2__fl46blw10_48v_5n_m_de__none_94,assets/1_2_05_020051_fl46blw10_48v_5n_m_de_2__fl46blw10_48v_5n_m_de__none__2.stl,vendor_motor_parts,0.0,0.0,0.0,0.0,0.15663545654507666,0.2602778014932024,0.06074859569083628,0.0,0.0,0.0,0.0,0.0,0.0,8.032273716545796e-09,,,True,b7094f2f67d456e424842e30
1631,1_2_05_020051_fl46blw10_48v_5n_m_de_2__fl46blw10_48v_5n_m_de__none_95,assets/1_2_05_020051_fl46blw10_48v_5n_m_de_2__fl46blw10_48v_5n_m_de__none.stl,vendor_motor_parts,0.0,0.0,0.0,0.0,0.18292364114344764,0.28626713524246855,0.05917192775132378,0.0,0.0,0.0,0.0,0.0,0.0,3.0041987157988345e-08,0.0,,True,b7094f2f67d456e424842e30
1632,1_2_05_020051_fl46blw10_48v_5n_m_de_2__fl46blw10_48v_5n_m_de__none_96,assets/1_2_05_020051_fl46blw10_48v_5n_m_de_2__fl46blw10_48v_5n_m_de__none__2.stl,vendor_motor_parts,0.0,0.0,0.0,0.0,0.18292364114344764,0.28626713524246855,0.05917192775132378,0.0,0.0,0.0,0.0,0.0,0.0,8.032273716545796e-09,,,True,b7094f2f67d456e424842e30
1633,1_2_05_020051_fl46blw10_48v_5n_m_de_2__fl46blw10_48v_5n_m_de__none_97,assets/1_2_05_020051_fl46blw10_48v_5n_m_de_2__fl46blw10_48v_5n_m_de__none.stl,vendor_motor_parts,0.0,0.0,0.0,0.0,0.1356521035064504,0.23953299261303923,0.025675297632223315,0.0,0.0,0.0,0.0,0.0,0.0,3.0041987157988345e-08,0.0,,True,b7094f2f67d456e424842e30
1634,1_2_05_020051_fl46blw10_48v_5n_m_de_2__fl46blw10_48v_5n_m_de__none_98,assets/1_2_05_020051_fl46blw10_48v_5n_m_de_2__fl46blw10_48v_5n_m_de__none__2.stl,vendor_motor_parts,0.0,0.0,0.0,0.0,0.1356521035064504,0.23953299261303923,0.025675297632223315,0.0,0.0,0.0,0.0,0.0,0.0,8.032273716545796e-09,,,True,b7094f2f67d456e424842e30
1635,1_2_05_020051_fl46blw10_48v_5n_m_de_2__fl46blw10_48v_5n_m_de__none_99,assets/1_2_05_020051_fl46blw10_48v_5n_m_de_2__fl46blw10_48v_5n_m_de__none.stl,vendor_motor_parts,0.0,0.0,0.0,0.0,0.12880048262084776,0.23275926271727376,0.0445845304678911,0.0,0.0,0.0,0.0,0.0,0.0,3.0041987157988345e-08,0.0,,True,b7094f2f67d456e424842e30
1636,1_2_05_020051_fl46blw10_48v_5n_m_de_2__fl46blw10_48v_5n_m_de__none_100,assets/1_2_05_020051_fl46blw10_48v_5n_m_de_2__fl46blw10_48v_5n_m_de__none__2.stl,vendor_motor_parts,0.0,0.0,0.0,0.0,0.12880048262084776,0.23275926271727376,0.0445845304678911,0.0,0.0,0.0,0.0,0.0,0.0,8.032273716545796e-09,,,True,b7094f2f67d456e424842e30
1637,1_2_05_020051_fl46blw10_48v_5n_m_de_2__fl46blw10_48v_5n_m_de__none_101,assets/1_2_05_020051_fl46blw10_48v_5n_m_de_2__fl46blw10_48v_5n_m_de__none.stl,vendor_motor_parts,0.0,0.0,0.0,0.0,0.11644770710105665,0.22054691672920262,0.011915469532084874,0.0,0.0,0.0,0.0,0.0,0.0,3.0041987157988345e-08,0.0,,True,b7094f2f67d456e424842e30
1638,1_2_05_020051_fl46blw10_48v_5n_m_de_2__fl46blw10_48v_5n_m_de__none_102,assets/1_2_05_020051_fl46blw10_48v_5n_m_de_2__fl46blw10_48v_5n_m_de__none__2.stl,vendor_motor_parts,0.0,0.0,0.0,0.0,0.11644770710105665,0.22054691672920262,0.011915469532084874,0.0,0.0,0.0,0.0,0.0,0.0,8.032273716545796e-09,,,True,b7094f2f67d456e424842e30
1639,1_2_05_020051_fl46blw10_48v_5n_m_de_2__fl46blw10_48v_5n_m_de__none_103,assets/1_2_05_020051_fl46blw10_48v_5n_m_de_2__fl46blw10_48v_5n_m_de__none.stl,vendor_motor_parts,0.0,0.0,0.0,0.0,0.06284251161953558,0.19311529213730563,0.017150003200014308,0.0,0.0,0.0,0.0,0.0,0.0,3.0041987157988345e-08,0.0,,True,b7094f2f67d456e424842e30
1640,1_2_05_020051_fl46blw10_48v_5n_m_de_2__fl46blw10_48v_5n_m_de__none_104,assets/1_2_05_020051_fl46blw10_48v_5n_m_de_2__fl46blw10_48v_5n_m_de__none__2.stl,vendor_motor_parts,0.0,0.0,0.0,0.0,0.06284251161953558,0.19311529213730563,0.017150003200014308,0.0,0.0,0.0,0.0,0.0,0.0,8.032273716545796e-09,,,True,b7094f2f67d456e424842e30
1641,1_2_05_020051_fl46blw10_48v_5n_m_de_2__fl46blw10_48v_5n_m_de__none_105,assets/1_2_05_020051_fl46blw10_48v_5n_m_de_2__fl46blw10_48v_5n_m_de__none.stl,vendor_motor_parts,0.0,0.0,0.0,0.0,0.06755423141555197,0.2138079697904632,0.017150003200014363,0.0,0.0,0.0,0.0,0.0,0.0,3.0041987157988345e-08,0.0,,True,b7094f2f67d456e424842e30
1642,1_2_05_020051_fl46blw10_48v_5n_m_de_2__fl46blw10_48v_5n_m_de__none_106,assets/1_2_05_020051_fl46blw10_48v_5n_m_de_2__fl46blw10_48v_5n_m_de__none__2.stl,vendor_motor_parts,0.0,0.0,0.0,0.0,0.06755423141555197,0.2138079697904632,0.017150003200014363,0.0,0.0,0.0,0.0,0.0,0.0,8.032273716545796e-09,,,True,b7094f2f67d456e424842e30
1643,1_2_05_020051_fl46blw10_48v_5n_m_de_2__fl46blw10_48v_5n_m_de__none_107,assets/1_2_05_020051_fl46blw10_48v_5n_m_de_2__fl46blw10_48v_5n_m_de__none.stl,vendor_motor_parts,0.0,0.0,0.0,0.0,0.09239471796404888,0.18638625890229413,0.017150003200014304,0.0,0.0,0.0,0.0,0.0,0.0,3.0041987157988345e-08,0.0,,True,b7094f2f67d456e424842e30
1644,1_2_05_020051_fl46blw10_48v_5n_m_de_2__fl46blw10_48v_5n_m_de__none_108,assets/1_2_05_020051_fl46blw10_48v_5n_m_de_2__fl46blw10_48v_5n_m_de__none__2.stl,vendor_motor_parts,0.0,0.0,0.0,0.0,0.09239471796404888,0.18638625890229413,0.017150003200014304,0.0,0.0,0.0,0.0,0.0,0.0,8.032273716545796e-09,,,True,b7094f2f67d456e424842e30
1645,0001755652_1_1_30_gr_2202_asm_1_asm_1_1_30_gr_2202_asm_fl46blw10_48v_5n_m_de_2__fl46blw10_48v_5n_m_de__êäèë1,assets/0001755652_1_1_30_gr_2202_asm_1_asm_1_1_30_gr_2202_asm_fl46blw10_48v_5n_m_de_2__fl46blw10_48v_5n_m_de__êäèë1.stl,vendor_motor_parts,0.0004702300207584738,-1.064757865289245e-15,1.6343805492322466e-18,0.005999968063025165,-0.2349398660494806,-0.020978021523922016,0.07772117329172107,8.109602521714773e-09,-2.088150367705993e-15,0.0,8.109649971575289e-09,0.0,9.382512000814249e-10,1.7523535994255907e-07,2683.4197214113174,,True,b7094f2f67d456e424842e30
1646,0001755652_1_1_30_gr_2202_asm_1_asm_1_1_30_gr_2202_asm_fl46blw10_48v_5n_m_de_2__fl46blw10_48v_5n_m_de__êäèë1_2,assets/0001755652_1_1_30_gr_2202_asm_1_asm_1_1_30_gr_2202_asm_fl46blw10_48v_5n_m_de_2__fl46blw10_48v_5n_m_de__êäèë1.stl,vendor_motor_parts,0.0004702300207584738,-1.064757865289245e-15,1.6343805492322466e-18,0.005999968063025165,-0.2187781639491244,-0.020897174233714455,0.08081032348796785,8.109602521714773e-09,-2.088150367705993e-15,0.0,8.109649971575289e-09,0.0,9.382512000814249e-10,1.7523535994255907e-07,2683.4197214113174,,True,b7094f2f67d456e424842e30
1647,0001755652_1_1_30_gr_2202_asm_1_asm_1_1_30_gr_2202_asm_fl46blw10_48v_5n_m_de_2__fl46blw10_48v_5n_m_de__êäèë1_3,assets/0001755652_1_1_30_gr_2202_asm_1_asm_1_1_30_gr_2202_asm_fl46blw10_48v_5n_m_de_2__fl46blw10_48v_5n_m_de__êäèë1.stl,vendor_motor_parts,0.0004702300207584738,-1.064757865289245e-15,1.6343805492322466e-18,0.005999968063025165,-0.17231222339582472,-0.020664733036783647,0.037124602349314355,8.109602521714773e-09,-2.088150367705993e-15,0.0,8.109649971575289e-09,0.0,9.382512000814249e-10,1.7523535994255907e-07,2683.4197214113174,,True,b7094f2f67d456e424842e30
1648,0001755652_1_1_30_gr_2202_asm_1_asm_1_1_30_gr_2202_asm_fl46blw10_48v_5n_m_de_2__fl46blw10_48v_5n_m_de__êäèë1_4,assets/0001755652_1_1_30_gr_2202_asm_1_asm_1_1_30_gr_2202_asm_fl46blw10_48v_5n_m_de_2__fl46blw10_48v_5n_m_de__êäèë1.stl,vendor_motor_parts,0.0004702300207584738,-1.064757865289245e-15,1.6343805492322466e-18,0.005999968063025165,-0.15954189963134818,-0.020600850775805746,0.026748439763505254,8.109602521714773e-09,-2.088150367705993e-15,0.0,8.109649971575289e-09,0.0,9.382512000814249e-10,1.7523535994255907e-07,2683.4197214113174,,True,b7094f2f67d456e424842e30
1649,0001755652_1_1_30_gr_2202_asm_1_asm_1_1_30_gr_2202_asm_fl46blw10_48v_5n_m_de_2__fl46blw10_48v_5n_m_de__êäèë1_5,assets/0001755652_1_1_30_gr_2202_asm_1_asm_1_1_30_gr_2202_asm_fl46blw10_48v_5n_m_de_2__fl46blw10_48v_5n_m_de__êäèë1.stl,vendor_motor_parts,0.0004702300207584738,-1.064757865289245e-15,1.6343805492322466e-18,0.005999968063025165,-0.12477552531019868,-0.008130126989574191,0.04875003193696677,8.109602521714773e-09,-2.088150367705993e-15,0.0,8.109649971575289e-09,0.0,9.382512000814249e-10,1.7523535994255907e-07,2683.4197214113174,,True,b7094f2f67d456e424842e30
1650,0001755652_1_1_30_gr_2202_asm_1_asm_1_1_30_gr_2202_asm_fl46blw10_48v_5n_m_de_2__fl46blw10_48v_5n_m_de__êäèë1_6,assets/0001755652_1_1_30_gr_2202_asm_1_asm_1_1_30_gr_2202_asm_fl46blw10_48v_5n_m_de_2__fl46blw10_48v_5n_m_de__êäèë1.stl,vendor_motor_parts,0.0004702300207584738,-1.064757865289245e-15,1.6343805492322466e-18,0.005999968063025165,-0.12477552531019674,0.008324355682329223,0.04875003193696677,8.109602521714773e-09,-2.088150367705993e-15,0.0,8.109649971575289e-09,0.0,9.382512000814249e-10,1.7523535994255907e-07,2683.4197214113174,,True,b7094f2f67d456e424842e30
1651,0001755652_1_1_30_gr_2202_asm_1_asm_1_1_30_gr_2202_asm_fl46blw10_48v_5n_m_de_2__fl46blw10_48v_5n_m_de__êäèë1_7,assets/0001755652_1_1_30_gr_2202_asm_1_asm_1_1_30_gr_2202_asm_fl46blw10_48v_5n_m_de_2__fl46blw10_48v_5n_m_de__êäèë1.stl,vendor_motor_parts,0.0004702300207584738,-1.064757865289245e-15,1.6343805492322466e-18,0.005999968063025165,0.23546944206976017,0.020078376190461884,0.07296609690069224,8.109602521714773e-09,-2.088150367705993e-15,0.0,8.109649971575289e-09,0.0,9.382512000814249e-10,1.7523535994255907e-07,2683.4197214113174,,True,b7094f2f67d456e424842e30
1652,0001755652_1_1_30_gr_2202_asm_1_asm_1_1_30_gr_2202_asm_fl46blw10_48v_5n_m_de_2__fl46blw10_48v_5n_m_de__êäèë1_8,assets/0001755652_1_1_30_gr_2202_asm_1_asm_1_1_30_gr_2202_asm_fl46blw10_48v_5n_m_de_2__fl46blw10_48v_5n_m_de__êäèë1.stl,vendor_motor_parts,0.0004702300207584738,-1.064757865289245e-15,1.6343805492322466e-18,0.005999968063025165,0.2228471493418691,0.020135094508721908,0.08352187774929712,8.109602521714773e-09,-2.088150367705993e-15,0.0,8.109649971575289e-09,0.0,9.382512000814249e-10,1.7523535994255907e-07,2683.4197214113174,,True,b7094f2f67d456e424842e30
1653,0001755652_1_1_30_gr_2202_asm_1_asm_1_1_30_gr_2202_asm_fl46blw10_48v_5n_m_de_2__fl46blw10_48v_5n_m_de__êäèë1_9,assets/0001755652_1_1_30_gr_2202_asm_1_asm_1_1_30_gr_2202_asm_fl46blw10_48v_5n_m_de_2__fl46blw10_48v_5n_m_de__êäèë1.stl,vendor_motor_parts,0.0004702300207584738,-1.064757865289245e-15,1.6343805492322466e-18,0.005999968063025165,0.17245596346041123,0.020361527485679074,0.037124602349315666,8.109602521714773e-09,-2.088150367705993e-15,0.0,8.109649971575289e-09,0.0,9.382512000814249e-10,1.7523535994255907e-07,2683.4197214113174,,True,b7094f2f67d456e424842e30
1654,0001755652_1_1_30_gr_2202_asm_1_asm_1_1_30_gr_2202_asm_fl46blw10_48v_5n_m_de_2__fl46blw10_48v_5n_m_de__êäèë1_10,assets/0001755652_1_1_30_gr_2202_asm_1_asm_1_1_30_gr_2202_asm_fl46blw10_48v_5n_m_de_2__fl46blw10_48v_5n_m_de__êäèë1.stl,vendor_motor_parts,0.0004702300207584738,-1.064757865289245e-15,1.6343805492322466e-18,0.005999968063025165,0.159685608840777,0.02041891112058913,0.026748439763503634,8.109602521714773e-09,-2.088150367705993e-15,0.0,8.109649971575289e-09,0.0,9.382512000814249e-10,1.7523535994255907e-07,2683.4197214113174,,True,b7094f2f67d456e424842e30
1655,0001755652_1_1_30_gr_2202_asm_1_asm_1_1_30_gr_2202_asm_fl46blw10_48v_5n_m_de_2__fl46blw10_48v_5n_m_de__êäèë1_11,assets/0001755652_1_1_30_gr_2202_asm_1_asm_1_1_30_gr_2202_asm_fl46blw10_48v_5n_m_de_2__fl46blw10_48v_5n_m_de__êäèë1.stl,vendor_motor_parts,0.0004702300207584738,-1.064757865289245e-15,1.6343805492322466e-18,0.005999968063025165,0.11522447468980139,-0.008130126989574247,0.04875003193696684,8.109602521714773e-09,-2.088150367705993e-15,0.0,8.109649971575289e-09,0.0,9.382512000814249e-10,1.7523535994255907e-07,2683.4197214113174,,True,b7094f2f67d456e424842e30
1656,0001755652_1_1_30_gr_2202_asm_1_asm_1_1_30_gr_2202_asm_fl46blw10_48v_5n_m_de_2__fl46blw10_48v_5n_m_de__êäèë1_12,assets/0001755652_1_1_30_gr_2202_asm_1_asm_1_1_30_gr_2202_asm_fl46blw10_48v_5n_m_de_2__fl46blw10_48v_5n_m_de__êäèë1.stl,vendor_motor_parts,0.0004702300207584738,-1.064757865289245e-15,1.6343805492322466e-18,0.005999968063025165,0.11522447468980333,0.00832435568232939,0.04875003193696684,8.109602521714773e-09,-2.088150367705993e-15,0.0,8.109649971575289e-09,0.0,9.382512000814249e-10,1.7523535994255907e-07,2683.4197214113174,,True,b7094f2f67d456e424842e30
1657,0001755652_1_1_30_gr_2202_asm_1_asm_1_1_30_gr_2202_asm_fl46blw10_48v_5n_m_de_2__fl46blw10_48v_5n_m_de__êäèë1_13,assets/0001755652_1_1_30_gr_2202_asm_1_asm_1_1_30_gr_2202_asm_fl46blw10_48v_5n_m_de_2__fl46blw10_48v_5n_m_de__êäèë1.stl,vendor_motor_parts,0.0004702300207584738,-1.064757865289245e-15,1.6343805492322466e-18,0.005999968063025165,-0.19276855507831323,0.2564945699504381,0.059540602015434145,8.109602521714773e-09,-2.088150367705993e-15,0.0,8.109649971575289e-09,0.0,9.382512000814249e-10,1.7523535994255907e-07,2683.4197214113174,,True,b7094f2f67d456e424842e30
1658,0001755652_1_1_30_gr_2202_asm_1_asm_1_1_30_gr_2202_asm_fl46blw10_48v_5n_m_de_2__fl46blw10_48v_5n_m_de__êäèë1_14,assets/0001755652_1_1_30_gr_2202_asm_1_asm_1_1_30_gr_2202_asm_fl46blw10_48v_5n_m_de_2__fl46blw10_48v_5n_m_de__êäèë1.stl,vendor_motor_parts,0.0004702300207584738,-1.064757865289245e-15,1.6343805492322466e-18,0.005999968063025165,-0.18042042920254073,0.24754467769954375,0.05336215430962519,8.109602521714773e-09,-2.088150367705993e-15,0.0,8.109649971575289e-09,0.0,9.382512000814249e-10,1.7523535994255907e-07,2683.4197214113174,,True,b7094f2f67d456e424842e30
1659,0001755652_1_1_30_gr_2202_asm_1_asm_1_1_30_gr_2202_asm_fl46blw10_48v_5n_m_de_2__fl46blw10_48v_5n_m_de__êäèë1_15,assets/0001755652_1_1_30_gr_2202_asm_1_asm_1_1_30_gr_2202_asm_fl46blw10_48v_5n_m_de_2__fl46blw10_48v_5n_m_de__êäèë1.stl,vendor_motor_parts,0.0004702300207584738,-1.064757865289245e-15,1.6343805492322466e-18,0.005999968063025165,-0.13678826303585925,0.21592018748997463,0.0354079872614783,8.109602521714773e-09,-2.088150367705993e-15,0.0,8.109649971575289e-09,0.0,9.382512000814249e-10,1.7523535994255907e-07,2683.4197214113174,,True,b7094f2f67d456e424842e30
1660,0001755652_1_1_30_gr_2202_asm_1_asm_1_1_30_gr_2202_asm_fl46blw10_48v_5n_m_de_2__fl46blw10_48v_5n_m_de__êäèë1_16,assets/0001755652_1_1_30_gr_2202_asm_1_asm_1_1_30_gr_2202_asm_fl46blw10_48v_5n_m_de_2__fl46blw10_48v_5n_m_de__êäèë1.stl,vendor_motor_parts,0.0004702300207584738,-1.064757865289245e-15,1.6343805492322466e-18,0.005999968063025165,-0.12418296814865606,0.2067838997515582,0.030080249733457184,8.109602521714773e-09,-2.088150367705993e-15,0.0,8.109649971575289e-09,0.0,9.382512000814249e-10,1.7523535994255907e-07,2683.4197214113174,,True,b7094f2f67d456e424842e30
1661,0001755652_1_1_30_gr_2202_asm_1_asm_1_1_30_gr_2202_asm_fl46blw10_48v_5n_m_de_2__fl46blw10_48v_5n_m_de__êäèë1_17,assets/0001755652_1_1_30_gr_2202_asm_1_asm_1_1_30_gr_2202_asm_fl46blw10_48v_5n_m_de_2__fl46blw10_48v_5n_m_de__êäèë1.stl,vendor_motor_parts,0.0004702300207584738,-1.064757865289245e-15,1.6343805492322466e-18,0.005999968063025165,-0.08477552531019866,0.19186987301042568,0.048750031936966726,8.109602521714773e-09,-2.088150367705993e-15,0.0,8.109649971575289e-09,0.0,9.382512000814249e-10,1.7523535994255907e-07,2683.4197214113174,,True,b7094f2f67d456e424842e30
1662,0001755652_1_1_30_gr_2202_asm_1_asm_1_1_30_gr_2202_asm_fl46blw10_48v_5n_m_de_2__fl46blw10_48v_5n_m_de__êäèë1_18,assets/0001755652_1_1_30_gr_2202_asm_1_asm_1_1_30_gr_2202_asm_fl46blw10_48v_5n_m_de_2__fl46blw10_48v_5n_m_de__êäèë1.stl,vendor_motor_parts,0.0004702300207584738,-1.064757865289245e-15,1.6343805492322466e-18,0.005999968063025165,-0.08477552531019672,0.2083243556823293,0.048750031936966726,8.109602521714773e-09,-2.088150367705993e-15,0.0,8.109649971575289e-09,0.0,9.382512000814249e-10,1.7523535994255907e-07,2683.4197214113174,,True,b7094f2f67d456e424842e30
1663,0001755652_1_1_30_gr_2202_asm_1_asm_1_1_30_gr_2202_asm_fl46blw10_48v_5n_m_de_2__fl46blw10_48v_5n_m_de__êäèë1_19,assets/0001755652_1_1_30_gr_2202_asm_1_asm_1_1_30_gr_2202_asm_fl46blw10_48v_5n_m_de_2__fl46blw10_48v_5n_m_de__êäèë1.stl,vendor_motor_parts,0.0004702300207584738,-1.064757865289245e-15,1.6343805492322466e-18,0.005999968063025165,-0.15154582131028752,-0.29228423831505085,0.07772117329171814,8.109602521714773e-09,-2.088150367705993e-15,0.0,8.109649971575289e-09,0.0,9.382512000814249e-10,1.7523535994255907e-07,2683.4197214113174,,True,b7094f2f67d456e424842e30
1664,0001755652_1_1_30_gr_2202_asm_1_asm_1_1_30_gr_2202_asm_fl46blw10_48v_5n_m_de_2__fl46blw10_48v_5n_m_de__êäèë1_20,assets/0001755652_1_1_30_gr_2202_asm_1_asm_1_1_30_gr_2202_asm_fl46blw10_48v_5n_m_de_2__fl46blw10_48v_5n_m_de__êäèë1.stl,vendor_motor_parts,0.0004702300207584738,-1.064757865289245e-15,1.6343805492322466e-18,0.005999968063025165,-0.13956308865541836,-0.28143890433278423,0.08081032348796753,8.109602521714773e-09,-2.088150367705993e-15,0.0,8.109649971575289e-09,0.0,9.382512000814249e-10,1.7523535994255907e-07,2683.4197214113174,,True,b7094f2f67d456e424842e30
1665,0001755652_1_1_30_gr_2202_asm_1_asm_1_1_30_gr_2202_asm_fl46blw10_48v_5n_m_de_2__fl46blw10_48v_5n_m_de__êäèë1_21,assets/0001755652_1_1_30_gr_2202_asm_1_asm_1_1_30_gr_2202_asm_fl46blw10_48v_5n_m_de_2__fl46blw10_48v_5n_m_de__êäèë1.stl,vendor_motor_parts,0.0004702300207584738,-1.064757865289245e-15,1.6343805492322466e-18,0.005999968063025165,-0.10511195598697143,-0.2502578665329605,0.03712460234931423,8.109602521714773e-09,-2.088150367705993e-15,0.0,8.109649971575289e-09,0.0,9.382512000814249e-10,1.7523535994255907e-07,2683.4197214113174,,True,b7094f2f67d456e424842e30
1666,0001755652_1_1_30_gr_2202_asm_1_asm_1_1_30_gr_2202_asm_fl46blw10_48v_5n_m_de_2__fl46blw10_48v_5n_m_de__êäèë1_22,assets/0001755652_1_1_30_gr_2202_asm_1_asm_1_1_30_gr_2202_asm_fl46blw10_48v_5n_m_de_2__fl46blw10_48v_5n_m_de__êäèë1.stl,vendor_motor_parts,0.0004702300207584738,-1.064757865289245e-15,1.6343805492322466e-18,0.005999968063025165,-0.09564368496974449,-0.24168832197463241,0.026748439763505667,8.109602521714773e-09,-2.088150367705993e-15,0.0,8.109649971575289e-09,0.0,9.382512000814249e-10,1.7523535994255907e-07,2683.4197214113174,,True,b7094f2f67d456e424842e30
1667,0001755652_1_1_30_gr_2202_asm_1_asm_1_1_30_gr_2202_asm_fl46blw10_48v_5n_m_de_2__fl46blw10_48v_5n_m_de__êäèë1_23,assets/0001755652_1_1_30_gr_2202_asm_1_asm_1_1_30_gr_2202_asm_fl46blw10_48v_5n_m_de_2__fl46blw10_48v_5n_m_de__êäèë1.stl,vendor_motor_parts,0.0004702300207584738,-1.064757865289245e-15,1.6343805492322466e-18,0.005999968063025165,-0.0847755253101987,-0.2081301269895741,0.0487500319369668,8.109602521714773e-09,-2.088150367705993e-15,0.0,8.109649971575289e-09,0.0,9.382512000814249e-10,1.7523535994255907e-07,2683.4197214113174,,True,b7094f2f67d456e424842e30
1668,0001755652_1_1_30_gr_2202_asm_1_asm_1_1_30_gr_2202_asm_fl46blw10_48v_5n_m_de_2__fl46blw10_48v_5n_m_de__êäèë1_24,assets/0001755652_1_1_30_gr_2202_asm_1_asm_1_1_30_gr_2202_asm_fl46blw10_48v_5n_m_de_2__fl46blw10_48v_5n_m_de__êäèë1.stl,vendor_motor_parts,0.0004702300207584738,-1.064757865289245e-15,1.6343805492322466e-18,0.005999968063025165,-0.08477552531019676,-0.19167564431767078,0.0487500319369668,8.109602521714773e-09,-2.088150367705993e-15,0.0,8.109649971575289e-09,0.0,9.382512000814249e-10,1.7523535994255907e-07,2683.4197214113174,,True,b7094f2f67d456e424842e30
1669,0001755652_1_1_30_gr_2202_asm_1_asm_1_1_30_gr_2202_asm_fl46blw10_48v_5n_m_de_2__fl46blw10_48v_5n_m_de__êäèë1_25,assets/0001755652_1_1_30_gr_2202_asm_1_asm_1_1_30_gr_2202_asm_fl46blw10_48v_5n_m_de_2__fl46blw10_48v_5n_m_de__êäèë1.stl,vendor_motor_parts,0.0004702300207584738,-1.064757865289245e-15,1.6343805492322466e-18,0.005999968063025165,0.17518758965661313,-0.26790493940293003,0.07716231412812163,8.109602521714773e-09,-2.088150367705993e-15,0.0,8.109649971575289e-09,0.0,9.382512000814249e-10,1.7523535994255907e-07,2683.4197214113174,,True,b7094f2f67d456e424842e30
1670,0001755652_1_1_30_gr_2202_asm_1_asm_1_1_30_gr_2202_asm_fl46blw10_48v_5n_m_de_2__fl46blw10_48v_5n_m_de__êäèë1_26,assets/0001755652_1_1_30_gr_2202_asm_1_asm_1_1_30_gr_2202_asm_fl46blw10_48v_5n_m_de_2__fl46blw10_48v_5n_m_de__êäèë1.stl,vendor_motor_parts,0.0004702300207584738,-1.064757865289245e-15,1.6343805492322466e-18,0.005999968063025165,0.16403946241387662,-0.25651067962128754,0.08124154236495298,8.109602521714773e-09,-2.088150367705993e-15,0.0,8.109649971575289e-09,0.0,9.382512000814249e-10,1.7523535994255907e-07,2683.4197214113174,,True,b7094f2f67d456e424842e30
1671,0001755652_1_1_30_gr_2202_asm_1_asm_1_1_30_gr_2202_asm_fl46blw10_48v_5n_m_de_2__fl46blw10_48v_5n_m_de__êäèë1_27,assets/0001755652_1_1_30_gr_2202_asm_1_asm_1_1_30_gr_2202_asm_fl46blw10_48v_5n_m_de_2__fl46blw10_48v_5n_m_de__êäèë1.stl,vendor_motor_parts,0.0004702300207584738,-1.064757865289245e-15,1.6343805492322466e-18,0.005999968063025165,0.13126617299921137,-0.223013809217967,0.037124602349312905,8.109602521714773e-09,-2.088150367705993e-15,0.0,8.109649971575289e-09,0.0,9.382512000814249e-10,1.7523535994255907e-07,2683.4197214113174,,True,b7094f2f67d456e424842e30
1672,0001755652_1_1_30_gr_2202_asm_1_asm_1_1_30_gr_2202_asm_fl46blw10_48v_5n_m_de_2__fl46blw10_48v_5n_m_de__êäèë1_28,assets/0001755652_1_1_30_gr_2202_asm_1_asm_1_1_30_gr_2202_asm_fl46blw10_48v_5n_m_de_2__fl46blw10_48v_5n_m_de__êäèë1.stl,vendor_motor_parts,0.0004702300207584738,-1.064757865289245e-15,1.6343805492322466e-18,0.005999968063025165,0.12233520632508535,-0.21388566130841494,0.026748439763512644,8.109602521714773e-09,-2.088150367705993e-15,0.0,8.109649971575289e-09,0.0,9.382512000814249e-10,1.7523535994255907e-07,2683.4197214113174,,True,b7094f2f67d456e424842e30
1673,0001755652_1_1_30_gr_2202_asm_1_asm_1_1_30_gr_2202_asm_fl46blw10_48v_5n_m_de_2__fl46blw10_48v_5n_m_de__êäèë1_29,assets/0001755652_1_1_30_gr_2202_asm_1_asm_1_1_30_gr_2202_asm_fl46blw10_48v_5n_m_de_2__fl46blw10_48v_5n_m_de__êäèë1.stl,vendor_motor_parts,0.0004702300207584738,-1.064757865289245e-15,1.6343805492322466e-18,0.005999968063025165,0.07522447468980141,-0.20813012698957403,0.04875003193696689,8.109602521714773e-09,-2.088150367705993e-15,0.0,8.109649971575289e-09,0.0,9.382512000814249e-10,1.7523535994255907e-07,2683.4197214113174,,True,b7094f2f67d456e424842e30
1674,0001755652_1_1_30_gr_2202_asm_1_asm_1_1_30_gr_2202_asm_fl46blw10_48v_5n_m_de_2__fl46blw10_48v_5n_m_de__êäèë1_30,assets/0001755652_1_1_30_gr_2202_asm_1_asm_1_1_30_gr_2202_asm_fl46blw10_48v_5n_m_de_2__fl46blw10_48v_5n_m_de__êäèë1.stl,vendor_motor_parts,0.0004702300207584738,-1.064757865289245e-15,1.6343805492322466e-18,0.005999968063025165,0.07522447468980335,-0.19167564431767062,0.04875003193696689,8.109602521714773e-09,-2.088150367705993e-15,0.0,8.109649971575289e-09,0.0,9.382512000814249e-10,1.7523535994255907e-07,2683.4197214113174,,True,b7094f2f67d456e424842e30
1675,0001755652_1_1_30_gr_2202_asm_1_asm_1_1_30_gr_2202_asm_fl46blw10_48v_5n_m_de_2__fl46blw10_48v_5n_m_de__êäèë1_31,assets/0001755652_1_1_30_gr_2202_asm_1_asm_1_1_30_gr_2202_asm_fl46blw10_48v_5n_m_de_2__fl46blw10_48v_5n_m_de__êäèë1.stl,vendor_motor_parts,0.0004702300207584738,-1.064757865289245e-15,1.6343805492322466e-18,0.005999968063025165,0.15378742956323344,0.3018980477831192,0.06365351776647038,8.109602521714773e-09,-2.088150367705993e-15,0.0,8.109649971575289e-09,0.0,9.382512000814249e-10,1.7523535994255907e-07,2683.4197214113174,,True,b7094f2f67d456e424842e30
1676,0001755652_1_1_30_gr_2202_asm_1_asm_1_1_30_gr_2202_asm_fl46blw10_48v_5n_m_de_2__fl46blw10_48v_5n_m_de__êäèë1_32,assets/0001755652_1_1_30_gr_2202_asm_1_asm_1_1_30_gr_2202_asm_fl46blw10_48v_5n_m_de_2__fl46blw10_48v_5n_m_de__êäèë1.stl,vendor_motor_parts,0.0004702300207584738,-1.064757865289245e-15,1.6343805492322466e-18,0.005999968063025165,0.14217632449606726,0.2904189407470598,0.0656936993206207,8.109602521714773e-09,-2.088150367705993e-15,0.0,8.109649971575289e-09,0.0,9.382512000814249e-10,1.7523535994255907e-07,2683.4197214113174,,True,b7094f2f67d456e424842e30
1677,0001755652_1_1_30_gr_2202_asm_1_asm_1_1_30_gr_2202_asm_fl46blw10_48v_5n_m_de_2__fl46blw10_48v_5n_m_de__êäèë1_33,assets/0001755652_1_1_30_gr_2202_asm_1_asm_1_1_30_gr_2202_asm_fl46blw10_48v_5n_m_de_2__fl46blw10_48v_5n_m_de__êäèë1.stl,vendor_motor_parts,0.0004702300207584738,-1.064757865289245e-15,1.6343805492322466e-18,0.005999968063025165,0.10422851694811464,0.2529025336430906,0.03608461698663363,8.109602521714773e-09,-2.088150367705993e-15,0.0,8.109649971575289e-09,0.0,9.382512000814249e-10,1.7523535994255907e-07,2683.4197214113174,,True,b7094f2f67d456e424842e30
1678,0001755652_1_1_30_gr_2202_asm_1_asm_1_1_30_gr_2202_asm_fl46blw10_48v_5n_m_de_2__fl46blw10_48v_5n_m_de__êäèë1_34,assets/0001755652_1_1_30_gr_2202_asm_1_asm_1_1_30_gr_2202_asm_fl46blw10_48v_5n_m_de_2__fl46blw10_48v_5n_m_de__êäèë1.stl,vendor_motor_parts,0.0004702300207584738,-1.064757865289245e-15,1.6343805492322466e-18,0.005999968063025165,0.09367208854542942,0.24246611343571778,0.028985817606871665,8.109602521714773e-09,-2.088150367705993e-15,0.0,8.109649971575289e-09,0.0,9.382512000814249e-10,1.7523535994255907e-07,2683.4197214113174,,True,b7094f2f67d456e424842e30
1679,0001755652_1_1_30_gr_2202_asm_1_asm_1_1_30_gr_2202_asm_fl46blw10_48v_5n_m_de_2__fl46blw10_48v_5n_m_de__êäèë1_35,assets/0001755652_1_1_30_gr_2202_asm_1_asm_1_1_30_gr_2202_asm_fl46blw10_48v_5n_m_de_2__fl46blw10_48v_5n_m_de__êäèë1.stl,vendor_motor_parts,0.0004702300207584738,-1.064757865289245e-15,1.6343805492322466e-18,0.005999968063025165,0.07522447468980147,0.19186987301042568,0.04875003193696705,8.109602521714773e-09,-2.088150367705993e-15,0.0,8.109649971575289e-09,0.0,9.382512000814249e-10,1.7523535994255907e-07,2683.4197214113174,,True,b7094f2f67d456e424842e30
1680,0001755652_1_1_30_gr_2202_asm_1_asm_1_1_30_gr_2202_asm_fl46blw10_48v_5n_m_de_2__fl46blw10_48v_5n_m_de__êäèë1_36,assets/0001755652_1_1_30_gr_2202_asm_1_asm_1_1_30_gr_2202_asm_fl46blw10_48v_5n_m_de_2__fl46blw10_48v_5n_m_de__êäèë1.stl,vendor_motor_parts,0.0004702300207584738,-1.064757865289245e-15,1.6343805492322466e-18,0.005999968063025165,0.07522447468980344,0.20832435568232976,0.04875003193696705,8.109602521714773e-09,-2.088150367705993e-15,0.0,8.109649971575289e-09,0.0,9.382512000814249e-10,1.7523535994255907e-07,2683.4197214113174,,True,b7094f2f67d456e424842e30
1681,6706__300001_1_1_00mini_000_asm_1_asm_1_asm_00mini__20250103_a0001_asm_1_as_asm_1_1_30_gr_2202_asm_1_asm_1_1_30_gr_2202_asm_fl46blw10_48v_5n_m_de_2__fl46blw10_48v_5n_m_de__êäèë1,assets/6706__300001_1_1_00mini_000_asm_1_asm_1_asm_00mini__20250103_a0001_asm_1_as_asm_1_1_30_gr_2202_asm_1_asm_1_1_30_gr_2202_asm_fl46blw10_48v_5n_m_de_2__fl46blw10_48v_5n_m_de__êäèë1.stl,vendor_motor_parts,0.0033628358449929595,-7.386599269508797e-19,2.1441759866375313e-34,0.0019999999973584477,-0.22596476429941859,-0.021433098800808906,0.07460020848660358,4.8085873826835e-07,0.0,0.0,4.808587382683499e-07,0.0,9.548291472641524e-07,1.253160593551956e-06,2683.4835553369453,,True,b7094f2f67d456e424842e30
1682,1_21_121000022__610001_1_1_00mini_000_asm_1_asm_1_asm_00mini__20250103_a0001_asm_1_as_asm_1_1_30_gr_2202_asm_1_asm_1_1_30_gr_2202_asm_fl46blw10_48v_5n_m_de_2__fl46blw10_48v_5n_m_de__êäèë1,assets/1_21_121000022__610001_1_1_00mini_000_asm_1_asm_1_asm_00mini__20250103_a0001_asm_1_as_asm_1_1_30_gr_2202_asm_1_asm_1_1_30_gr_2202_asm_fl46blw10_48v_5n_m_de_2__fl46blw10_48v_5n_m_de__êäèë1.stl,vendor_motor_parts,0.0006467748269288475,3.049812386088017e-08,3.0245277239223328e-09,-4.075474861994296e-09,-0.22596226146067358,-0.021933123032434547,0.07460020364370773,1.167258606484335e-08,1.3118803608365399e-14,-6.22496351427824e-15,6.628521615113708e-09,6.455047128556753e-15,6.6285044742358545e-09,2.4094814615956946e-07,2684.2905298823785,,True,b7094f2f67d456e424842e30
1683,0001755652_00mini_000_asm_1_asm_1_asm_00mini__20250103_a0001_asm_1_as_asm_1_1_30_gr_2202_asm_1_asm_1_1_30_gr_2202_asm_fl46blw10_48v_5n_m_de_2__fl46blw10_48v_5n_m_de__êäèë1,assets/0001755652_00mini_000_asm_1_asm_1_asm_00mini__20250103_a0001_asm_1_as_asm_1_1_30_gr_2202_asm_1_asm_1_1_30_gr_2202_asm_fl46blw10_48v_5n_m_de_2__fl46blw10_48v_5n_m_de__êäèë1.stl,vendor_motor_parts,0.0004702300207584738,-1.064757865289245e-15,1.6343805492322466e-18,0.005999968063025165,-0.22418376592575215,-0.020924215214239962,0.0652691286801188,8.109602521714773e-09,-2.088150367705993e-15,0.0,8.109649971575289e-09,0.0,9.382512000814249e-10,1.7523535994255907e-07,2683.4197214113174,,True,b7094f2f67d456e424842e30
1684,0001755650_00mini_000_asm_1_asm_1_asm_00mini__20250103_a0001_asm_1_as_asm_1_1_30_gr_2202_asm_1_asm_1_1_30_gr_2202_asm_fl46blw10_48v_5n_m_de_2__fl46blw10_48v_5n_m_de__êäèë1,assets/0001755650_00mini_000_asm_1_asm_1_asm_00mini__20250103_a0001_asm_1_as_asm_1_1_30_gr_2202_asm_1_asm_1_1_30_gr_2202_asm_fl46blw10_48v_5n_m_de_2__fl46blw10_48v_5n_m_de__êäèë1.stl,vendor_motor_parts,0.008098780354377517,-5.181528022315288e-15,-1.0544368847359799e-14,0.0016722349496824842,-0.22596112377348312,-0.022160854742859358,0.07460020848660216,5.607196936744017e-07,0.0,0.0,5.607196936729478e-07,0.0,1.0701528156314213e-06,3.018151053539383e-06,2683.358192056055,,True,b7094f2f67d456e424842e30
1685,6706__300001_1_1_00mini_000_asm_1_asm_1_asm_00mini__20250103_a0001_asm_1_as_asm_1_1_30_gr_2202_asm_1_asm_1_1_30_gr_2202_asm_fl46blw10_48v_5n_m_de_2__fl46blw10_48v_5n_m_de__êäèë1_2,assets/6706__300001_1_1_00mini_000_asm_1_asm_1_asm_00mini__20250103_a0001_asm_1_as_asm_1_1_30_gr_2202_asm_1_asm_1_1_30_gr_2202_asm_fl46blw10_48v_5n_m_de_2__fl46blw10_48v_5n_m_de__êäèë1.stl,vendor_motor_parts,0.0033628358449929595,-7.386599269508797e-19,2.1441759866375313e-34,0.0019999999973584477,-0.16891986315892696,-0.021147737416921983,0.028249999999993527,4.8085873826835e-07,0.0,0.0,4.808587382683499e-07,0.0,9.548291472641524e-07,1.253160593551956e-06,2683.4835553369453,,True,b7094f2f67d456e424842e30
1686,1_21_121000022__610001_1_1_00mini_000_asm_1_asm_1_asm_00mini__20250103_a0001_asm_1_as_asm_1_1_30_gr_2202_asm_1_asm_1_1_30_gr_2202_asm_fl46blw10_48v_5n_m_de_2__fl46blw10_48v_5n_m_de__êäèë1_2,assets/1_21_121000022__610001_1_1_00mini_000_asm_1_asm_1_asm_00mini__20250103_a0001_asm_1_as_asm_1_1_30_gr_2202_asm_1_asm_1_1_30_gr_2202_asm_fl46blw10_48v_5n_m_de_2__fl46blw10_48v_5n_m_de__êäèë1.stl,vendor_motor_parts,0.0006467748269288475,3.049812386088017e-08,3.0245277239223328e-09,-4.075474861994296e-09,-0.16891736456583112,-0.02164776166978602,0.028249995720315772,1.167258606484335e-08,1.3118803608365399e-14,-6.22496351427824e-15,6.628521615113708e-09,6.455047128556753e-15,6.6285044742358545e-09,2.4094814615956946e-07,2684.2905298823785,,True,b7094f2f67d456e424842e30
1687,0001755652_00mini_000_asm_1_asm_1_asm_00mini__20250103_a0001_asm_1_as_asm_1_1_30_gr_2202_asm_1_asm_1_1_30_gr_2202_asm_fl46blw10_48v_5n_m_de_2__fl46blw10_48v_5n_m_de__êäèë1_2,assets/0001755652_00mini_000_asm_1_asm_1_asm_00mini__20250103_a0001_asm_1_as_asm_1_1_30_gr_2202_asm_1_asm_1_1_30_gr_2202_asm_fl46blw10_48v_5n_m_de_2__fl46blw10_48v_5n_m_de__êäèë1.stl,vendor_motor_parts,0.0004702300207584738,-1.064757865289245e-15,1.6343805492322466e-18,0.005999968063025165,-0.17491296947571122,-0.020677743007625735,0.0208769578871599,8.109602521714773e-09,-2.088150367705993e-15,0.0,8.109649971575289e-09,0.0,9.382512000814249e-10,1.7523535994255907e-07,2683.4197214113174,,True,b7094f2f67d456e424842e30
1688,0001755650_00mini_000_asm_1_asm_1_asm_00mini__20250103_a0001_asm_1_as_asm_1_1_30_gr_2202_asm_1_asm_1_1_30_gr_2202_asm_fl46blw10_48v_5n_m_de_2__fl46blw10_48v_5n_m_de__êäèë1_2,assets/0001755650_00mini_000_asm_1_asm_1_asm_00mini__20250103_a0001_asm_1_as_asm_1_1_30_gr_2202_asm_1_asm_1_1_30_gr_2202_asm_fl46blw10_48v_5n_m_de_2__fl46blw10_48v_5n_m_de__êäèë1.stl,vendor_motor_parts,0.008098780354377517,-5.181528022315288e-15,-1.0544368847359799e-14,0.0016722349496824842,-0.16891622263298844,-0.021875493358972316,0.028250000000001562,5.607196936744017e-07,0.0,0.0,5.607196936729478e-07,0.0,1.0701528156314213e-06,3.018151053539383e-06,2683.358192056055,,True,b7094f2f67d456e424842e30
1689,6706__300001_1_1_00mini_000_asm_1_asm_1_asm_00mini__20250103_a0001_asm_1_as_asm_1_1_30_gr_2202_asm_1_asm_1_1_30_gr_2202_asm_fl46blw10_48v_5n_m_de_2__fl46blw10_48v_5n_m_de__êäèë1_3,assets/6706__300001_1_1_00mini_000_asm_1_asm_1_asm_00mini__20250103_a0001_asm_1_as_asm_1_1_30_gr_2202_asm_1_asm_1_1_30_gr_2202_asm_fl46blw10_48v_5n_m_de_2__fl46blw10_48v_5n_m_de__êäèë1.stl,vendor_motor_parts,0.0033628358449929595,-7.386599269508797e-19,2.1441759866375313e-34,0.0019999999973584477,-0.1200255253101996,9.711434637854585e-05,0.04925000000263353,4.8085873826835e-07,0.0,0.0,4.808587382683499e-07,0.0,9.548291472641524e-07,1.253160593551956e-06,2683.4835553369453,,True,b7094f2f67d456e424842e30
1690,1_21_121000022__610001_1_1_00mini_000_asm_1_asm_1_asm_00mini__20250103_a0001_asm_1_as_asm_1_1_30_gr_2202_asm_1_asm_1_1_30_gr_2202_asm_fl46blw10_48v_5n_m_de_2__fl46blw10_48v_5n_m_de__êäèë1_3,assets/1_21_121000022__610001_1_1_00mini_000_asm_1_asm_1_asm_00mini__20250103_a0001_asm_1_as_asm_1_1_30_gr_2202_asm_1_asm_1_1_30_gr_2202_asm_fl46blw10_48v_5n_m_de_2__fl46blw10_48v_5n_m_de__êäèë1.stl,vendor_motor_parts,0.0006467748269288475,3.049812386088017e-08,3.0245277239223328e-09,-4.075474861994296e-09,-0.12002552026847091,9.711492795901409e-05,0.04975003049811583,1.167258606484335e-08,1.3118803608365399e-14,-6.22496351427824e-15,6.628521615113708e-09,6.455047128556753e-15,6.6285044742358545e-09,2.4094814615956946e-07,2684.2905298823785,,True,b7094f2f67d456e424842e30
1691,0001755652_00mini_000_asm_1_asm_1_asm_00mini__20250103_a0001_asm_1_as_asm_1_1_30_gr_2202_asm_1_asm_1_1_30_gr_2202_asm_fl46blw10_48v_5n_m_de_2__fl46blw10_48v_5n_m_de__êäèë1_3,assets/0001755652_00mini_000_asm_1_asm_1_asm_00mini__20250103_a0001_asm_1_as_asm_1_1_30_gr_2202_asm_1_asm_1_1_30_gr_2202_asm_fl46blw10_48v_5n_m_de_2__fl46blw10_48v_5n_m_de__êäèë1.stl,vendor_motor_parts,0.0004702300207584738,-1.064757865289245e-15,1.6343805492322466e-18,0.005999968063025165,-0.11052552531020056,9.711434637906996e-05,0.048750031936966795,8.109602521714773e-09,-2.088150367705993e-15,0.0,8.109649971575289e-09,0.0,9.382512000814249e-10,1.7523535994255907e-07,2683.4197214113174,,True,b7094f2f67d456e424842e30
1692,0001755650_00mini_000_asm_1_asm_1_asm_00mini__20250103_a0001_asm_1_as_asm_1_1_30_gr_2202_asm_1_asm_1_1_30_gr_2202_asm_fl46blw10_48v_5n_m_de_2__fl46blw10_48v_5n_m_de__êäèë1_3,assets/0001755650_00mini_000_asm_1_asm_1_asm_00mini__20250103_a0001_asm_1_as_asm_1_1_30_gr_2202_asm_1_asm_1_1_30_gr_2202_asm_fl46blw10_48v_5n_m_de_2__fl46blw10_48v_5n_m_de__êäèë1.stl,vendor_motor_parts,0.008098780354377517,-5.181528022315288e-15,-1.0544368847359799e-14,0.0016722349496824842,-0.12002552531020039,9.711434636687926e-05,0.04997776505030951,5.607196936744017e-07,0.0,0.0,5.607196936729478e-07,0.0,1.0701528156314213e-06,3.018151053539383e-06,2683.358192056055,,True,b7094f2f67d456e424842e30
1693,6706__300001_1_1_00mini_000_asm_1_asm_1_asm_00mini__20250103_a0001_asm_1_as_asm_1_1_30_gr_2202_asm_1_asm_1_1_30_gr_2202_asm_fl46blw10_48v_5n_m_de_2__fl46blw10_48v_5n_m_de__êäèë1_4,assets/6706__300001_1_1_00mini_000_asm_1_asm_1_asm_00mini__20250103_a0001_asm_1_as_asm_1_1_30_gr_2202_asm_1_asm_1_1_30_gr_2202_asm_fl46blw10_48v_5n_m_de_2__fl46blw10_48v_5n_m_de__êäèë1.stl,vendor_motor_parts,0.0033628358449929595,-7.386599269508797e-19,2.1441759866375313e-34,0.0019999999973584477,0.22611338159756122,0.02062039079541954,0.07460020848661815,4.8085873826835e-07,0.0,0.0,4.808587382683499e-07,0.0,9.548291472641524e-07,1.253160593551956e-06,2683.4835553369453,,True,b7094f2f67d456e424842e30
1694,1_21_121000022__610001_1_1_00mini_000_asm_1_asm_1_asm_00mini__20250103_a0001_asm_1_as_asm_1_1_30_gr_2202_asm_1_asm_1_1_30_gr_2202_asm_fl46blw10_48v_5n_m_de_2__fl46blw10_48v_5n_m_de__êäèë1_4,assets/1_21_121000022__610001_1_1_00mini_000_asm_1_asm_1_asm_00mini__20250103_a0001_asm_1_as_asm_1_1_30_gr_2202_asm_1_asm_1_1_30_gr_2202_asm_fl46blw10_48v_5n_m_de_2__fl46blw10_48v_5n_m_de__êäèë1.stl,vendor_motor_parts,0.0006467748269288475,3.049812386088017e-08,3.0245277239223328e-09,-4.075474861994296e-09,0.2261156247832875,0.021120416259314777,0.07460020499214298,1.167258606484335e-08,1.3118803608365399e-14,-6.22496351427824e-15,6.628521615113708e-09,6.455047128556753e-15,6.6285044742358545e-09,2.4094814615956946e-07,2684.2905298823785,,True,b7094f2f67d456e424842e30
1695,0001755652_00mini_000_asm_1_asm_1_asm_00mini__20250103_a0001_asm_1_as_asm_1_1_30_gr_2202_asm_1_asm_1_1_30_gr_2202_asm_fl46blw10_48v_5n_m_de_2__fl46blw10_48v_5n_m_de__êäèë1_4,assets/0001755652_00mini_000_asm_1_asm_1_asm_00mini__20250103_a0001_asm_1_as_asm_1_1_30_gr_2202_asm_1_asm_1_1_30_gr_2202_asm_fl46blw10_48v_5n_m_de_2__fl46blw10_48v_5n_m_de__êäèë1.stl,vendor_motor_parts,0.0004702300207584738,-1.064757865289245e-15,1.6343805492322466e-18,0.005999968063025165,0.2200168136241345,0.02014781263255967,0.0673126508098619,8.109602521714773e-09,-2.088150367705993e-15,0.0,8.109649971575289e-09,0.0,9.382512000814249e-10,1.7523535994255907e-07,2683.4197214113174,,True,b7094f2f67d456e424842e30
1696,0001755650_00mini_000_asm_1_asm_1_asm_00mini__20250103_a0001_asm_1_as_asm_1_1_30_gr_2202_asm_1_asm_1_1_30_gr_2202_asm_fl46blw10_48v_5n_m_de_2__fl46blw10_48v_5n_m_de__êäèë1_4,assets/0001755650_00mini_000_asm_1_asm_1_asm_00mini__20250103_a0001_asm_1_as_asm_1_1_30_gr_2202_asm_1_asm_1_1_30_gr_2202_asm_fl46blw10_48v_5n_m_de_2__fl46blw10_48v_5n_m_de__êäèë1.stl,vendor_motor_parts,0.008098780354377517,-5.181528022315288e-15,-1.0544368847359799e-14,0.0016722349496824842,0.2261166517794434,0.021348148495845532,0.0746002084866113,5.607196936744017e-07,0.0,0.0,5.607196936729478e-07,0.0,1.0701528156314213e-06,3.018151053539383e-06,2683.358192056055,,True,b7094f2f67d456e424842e30
1697,6706__300001_1_1_00mini_000_asm_1_asm_1_asm_00mini__20250103_a0001_asm_1_as_asm_1_1_30_gr_2202_asm_1_asm_1_1_30_gr_2202_asm_fl46blw10_48v_5n_m_de_2__fl46blw10_48v_5n_m_de__êäèë1_5,assets/6706__300001_1_1_00mini_000_asm_1_asm_1_asm_00mini__20250103_a0001_asm_1_as_asm_1_1_30_gr_2202_asm_1_asm_1_1_30_gr_2202_asm_fl46blw10_48v_5n_m_de_2__fl46blw10_48v_5n_m_de__êäèë1.stl,vendor_motor_parts,0.0033628358449929595,-7.386599269508797e-19,2.1441759866375313e-34,0.0019999999973584477,0.16906834262740913,0.020876722885420758,0.02824999999999386,4.8085873826835e-07,0.0,0.0,4.808587382683499e-07,0.0,9.548291472641524e-07,1.253160593551956e-06,2683.4835553369453,,True,b7094f2f67d456e424842e30
1698,1_21_121000022__610001_1_1_00mini_000_asm_1_asm_1_asm_00mini__20250103_a0001_asm_1_as_asm_1_1_30_gr_2202_asm_1_asm_1_1_30_gr_2202_asm_fl46blw10_48v_5n_m_de_2__fl46blw10_48v_5n_m_de__êäèë1_5,assets/1_21_121000022__610001_1_1_00mini_000_asm_1_asm_1_asm_00mini__20250103_a0001_asm_1_as_asm_1_1_30_gr_2202_asm_1_asm_1_1_30_gr_2202_asm_fl46blw10_48v_5n_m_de_2__fl46blw10_48v_5n_m_de__êäèë1.stl,vendor_motor_parts,0.0006467748269288475,3.049812386088017e-08,3.0245277239223328e-09,-4.075474861994296e-09,0.16907059222148035,0.021376748320520073,0.02824999572031619,1.167258606484335e-08,1.3118803608365399e-14,-6.22496351427824e-15,6.628521615113708e-09,6.455047128556753e-15,6.6285044742358545e-09,2.4094814615956946e-07,2684.2905298823785,,True,b7094f2f67d456e424842e30
1699,0001755652_00mini_000_asm_1_asm_1_asm_00mini__20250103_a0001_asm_1_as_asm_1_1_30_gr_2202_asm_1_asm_1_1_30_gr_2202_asm_fl46blw10_48v_5n_m_de_2__fl46blw10_48v_5n_m_de__êäèë1_5,assets/0001755652_00mini_000_asm_1_asm_1_asm_00mini__20250103_a0001_asm_1_as_asm_1_1_30_gr_2202_asm_1_asm_1_1_30_gr_2202_asm_fl46blw10_48v_5n_m_de_2__fl46blw10_48v_5n_m_de__êäèë1.stl,vendor_motor_parts,0.0004702300207584738,-1.064757865289245e-15,1.6343805492322466e-18,0.005999968063025165,0.17505671582412263,0.020349840995478524,0.020876957887161623,8.109602521714773e-09,-2.088150367705993e-15,0.0,8.109649971575289e-09,0.0,9.382512000814249e-10,1.7523535994255907e-07,2683.4197214113174,,True,b7094f2f67d456e424842e30
1700,0001755650_00mini_000_asm_1_asm_1_asm_00mini__20250103_a0001_asm_1_as_asm_1_1_30_gr_2202_asm_1_asm_1_1_30_gr_2202_asm_fl46blw10_48v_5n_m_de_2__fl46blw10_48v_5n_m_de__êäèë1_5,assets/0001755650_00mini_000_asm_1_asm_1_asm_00mini__20250103_a0001_asm_1_as_asm_1_1_30_gr_2202_asm_1_asm_1_1_30_gr_2202_asm_fl46blw10_48v_5n_m_de_2__fl46blw10_48v_5n_m_de__êäèë1.stl,vendor_motor_parts,0.008098780354377517,-5.181528022315288e-15,-1.0544368847359799e-14,0.0016722349496824842,0.1690716128092904,0.021604480585846665,0.028250000000001992,5.607196936744017e-07,0.0,0.0,5.607196936729478e-07,0.0,1.0701528156314213e-06,3.018151053539383e-06,2683.358192056055,,True,b7094f2f67d456e424842e30
1701,6706__300001_1_1_00mini_000_asm_1_asm_1_asm_00mini__20250103_a0001_asm_1_as_asm_1_1_30_gr_2202_asm_1_asm_1_1_30_gr_2202_asm_fl46blw10_48v_5n_m_de_2__fl46blw10_48v_5n_m_de__êäèë1_6,assets/6706__300001_1_1_00mini_000_asm_1_asm_1_asm_00mini__20250103_a0001_asm_1_as_asm_1_1_30_gr_2202_asm_1_asm_1_1_30_gr_2202_asm_fl46blw10_48v_5n_m_de_2__fl46blw10_48v_5n_m_de__êäèë1.stl,vendor_motor_parts,0.0033628358449929595,-7.386599269508797e-19,2.1441759866375313e-34,0.0019999999973584477,0.11997447468980045,9.711434637860136e-05,0.0492500000026336,4.8085873826835e-07,0.0,0.0,4.808587382683499e-07,0.0,9.548291472641524e-07,1.253160593551956e-06,2683.4835553369453,,True,b7094f2f67d456e424842e30
1702,1_21_121000022__610001_1_1_00mini_000_asm_1_asm_1_asm_00mini__20250103_a0001_asm_1_as_asm_1_1_30_gr_2202_asm_1_asm_1_1_30_gr_2202_asm_fl46blw10_48v_5n_m_de_2__fl46blw10_48v_5n_m_de__êäèë1_6,assets/1_21_121000022__610001_1_1_00mini_000_asm_1_asm_1_asm_00mini__20250103_a0001_asm_1_as_asm_1_1_30_gr_2202_asm_1_asm_1_1_30_gr_2202_asm_fl46blw10_48v_5n_m_de_2__fl46blw10_48v_5n_m_de__êäèë1.stl,vendor_motor_parts,0.0006467748269288475,3.049812386088017e-08,3.0245277239223328e-09,-4.075474861994296e-09,0.11997447973152914,9.71149279590696e-05,0.04975003049811591,1.167258606484335e-08,1.3118803608365399e-14,-6.22496351427824e-15,6.628521615113708e-09,6.455047128556753e-15,6.6285044742358545e-09,2.4094814615956946e-07,2684.2905298823785,,True,b7094f2f67d456e424842e30
1703,0001755652_00mini_000_asm_1_asm_1_asm_00mini__20250103_a0001_asm_1_as_asm_1_1_30_gr_2202_asm_1_asm_1_1_30_gr_2202_asm_fl46blw10_48v_5n_m_de_2__fl46blw10_48v_5n_m_de__êäèë1_6,assets/0001755652_00mini_000_asm_1_asm_1_asm_00mini__20250103_a0001_asm_1_as_asm_1_1_30_gr_2202_asm_1_asm_1_1_30_gr_2202_asm_fl46blw10_48v_5n_m_de_2__fl46blw10_48v_5n_m_de__êäèë1.stl,vendor_motor_parts,0.0004702300207584738,-1.064757865289245e-15,1.6343805492322466e-18,0.005999968063025165,0.12947447468979942,9.711434637912547e-05,0.048750031936966864,8.109602521714773e-09,-2.088150367705993e-15,0.0,8.109649971575289e-09,0.0,9.382512000814249e-10,1.7523535994255907e-07,2683.4197214113174,,True,b7094f2f67d456e424842e30
1704,0001755650_00mini_000_asm_1_asm_1_asm_00mini__20250103_a0001_asm_1_as_asm_1_1_30_gr_2202_asm_1_asm_1_1_30_gr_2202_asm_fl46blw10_48v_5n_m_de_2__fl46blw10_48v_5n_m_de__êäèë1_6,assets/0001755650_00mini_000_asm_1_asm_1_asm_00mini__20250103_a0001_asm_1_as_asm_1_1_30_gr_2202_asm_1_asm_1_1_30_gr_2202_asm_fl46blw10_48v_5n_m_de_2__fl46blw10_48v_5n_m_de__êäèë1.stl,vendor_motor_parts,0.008098780354377517,-5.181528022315288e-15,-1.0544368847359799e-14,0.0016722349496824842,0.11997447468979966,9.711434636693477e-05,0.04997776505030959,5.607196936744017e-07,0.0,0.0,5.607196936729478e-07,0.0,1.0701528156314213e-06,3.018151053539383e-06,2683.358192056055,,True,b7094f2f67d456e424842e30
1705,6706__300001_1_1_00mini_000_asm_1_asm_1_asm_00mini__20250103_a0001_asm_1_as_asm_1_1_30_gr_2202_asm_1_asm_1_1_30_gr_2202_asm_fl46blw10_48v_5n_m_de_2__fl46blw10_48v_5n_m_de__êäèë1_7,assets/6706__300001_1_1_00mini_000_asm_1_asm_1_asm_00mini__20250103_a0001_asm_1_as_asm_1_1_30_gr_2202_asm_1_asm_1_1_30_gr_2202_asm_fl46blw10_48v_5n_m_de_2__fl46blw10_48v_5n_m_de__êäèë1.stl,vendor_motor_parts,0.0033628358449929595,-7.386599269508797e-19,2.1441759866375313e-34,0.0019999999973584477,-0.1883320345749493,0.2526615083104704,0.052048947167930674,4.8085873826835e-07,0.0,0.0,4.808587382683499e-07,0.0,9.548291472641524e-07,1.253160593551956e-06,2683.4835553369453,,True,b7094f2f67d456e424842e30
1706,1_21_121000022__610001_1_1_00mini_000_asm_1_asm_1_asm_00mini__20250103_a0001_asm_1_as_asm_1_1_30_gr_2202_asm_1_asm_1_1_30_gr_2202_asm_fl46blw10_48v_5n_m_de_2__fl46blw10_48v_5n_m_de__êäèë1_7,assets/1_21_121000022__610001_1_1_00mini_000_asm_1_asm_1_asm_00mini__20250103_a0001_asm_1_as_asm_1_1_30_gr_2202_asm_1_asm_1_1_30_gr_2202_asm_fl46blw10_48v_5n_m_de_2__fl46blw10_48v_5n_m_de__êäèë1.stl,vendor_motor_parts,0.0006467748269288475,3.049812386088017e-08,3.0245277239223328e-09,-4.075474861994296e-09,-0.18862548364703607,0.2522566402597359,0.05204894227674176,1.167258606484335e-08,1.3118803608365399e-14,-6.22496351427824e-15,6.628521615113708e-09,6.455047128556753e-15,6.6285044742358545e-09,2.4094814615956946e-07,2684.2905298823785,,True,b7094f2f67d456e424842e30
1707,0001755652_00mini_000_asm_1_asm_1_asm_00mini__20250103_a0001_asm_1_as_asm_1_1_30_gr_2202_asm_1_asm_1_1_30_gr_2202_asm_fl46blw10_48v_5n_m_de_2__fl46blw10_48v_5n_m_de__êäèë1_7,assets/0001755652_00mini_000_asm_1_asm_1_asm_00mini__20250103_a0001_asm_1_as_asm_1_1_30_gr_2202_asm_1_asm_1_1_30_gr_2202_asm_fl46blw10_48v_5n_m_de_2__fl46blw10_48v_5n_m_de__êäèë1.stl,vendor_motor_parts,0.0004702300207584738,-1.064757865289245e-15,1.6343805492322466e-18,0.005999968063025165,-0.1909268854295981,0.2551597321715252,0.043244085178730865,8.109602521714773e-09,-2.088150367705993e-15,0.0,8.109649971575289e-09,0.0,9.382512000814249e-10,1.7523535994255907e-07,2683.4197214113174,,True,b7094f2f67d456e424842e30
1708,0001755650_00mini_000_asm_1_asm_1_asm_00mini__20250103_a0001_asm_1_as_asm_1_1_30_gr_2202_asm_1_asm_1_1_30_gr_2202_asm_fl46blw10_48v_5n_m_de_2__fl46blw10_48v_5n_m_de__êäèë1_7,assets/0001755650_00mini_000_asm_1_asm_1_asm_00mini__20250103_a0001_asm_1_as_asm_1_1_30_gr_2202_asm_1_asm_1_1_30_gr_2202_asm_fl46blw10_48v_5n_m_de_2__fl46blw10_48v_5n_m_de__êäèë1.stl,vendor_motor_parts,0.008098780354377517,-5.181528022315288e-15,-1.0544368847359799e-14,0.0016722349496824842,-0.1887591308859994,0.2520722454610505,0.05204894716793603,5.607196936744017e-07,0.0,0.0,5.607196936729478e-07,0.0,1.0701528156314213e-06,3.018151053539383e-06,2683.358192056055,,True,b7094f2f67d456e424842e30
1709,6706__300001_1_1_00mini_000_asm_1_asm_1_asm_00mini__20250103_a0001_asm_1_as_asm_1_1_30_gr_2202_asm_1_asm_1_1_30_gr_2202_asm_fl46blw10_48v_5n_m_de_2__fl46blw10_48v_5n_m_de__êäèë1_8,assets/6706__300001_1_1_00mini_000_asm_1_asm_1_asm_00mini__20250103_a0001_asm_1_as_asm_1_1_30_gr_2202_asm_1_asm_1_1_30_gr_2202_asm_fl46blw10_48v_5n_m_de_2__fl46blw10_48v_5n_m_de__êäèë1.stl,vendor_motor_parts,0.0033628358449929595,-7.386599269508797e-19,2.1441759866375313e-34,0.0019999999973584477,-0.13202431568315928,0.21184980764875905,0.028249999999990782,4.8085873826835e-07,0.0,0.0,4.808587382683499e-07,0.0,9.548291472641524e-07,1.253160593551956e-06,2683.4835553369453,,True,b7094f2f67d456e424842e30
1710,1_21_121000022__610001_1_1_00mini_000_asm_1_asm_1_asm_00mini__20250103_a0001_asm_1_as_asm_1_1_30_gr_2202_asm_1_asm_1_1_30_gr_2202_asm_fl46blw10_48v_5n_m_de_2__fl46blw10_48v_5n_m_de__êäèë1_8,assets/1_21_121000022__610001_1_1_00mini_000_asm_1_asm_1_asm_00mini__20250103_a0001_asm_1_as_asm_1_1_30_gr_2202_asm_1_asm_1_1_30_gr_2202_asm_fl46blw10_48v_5n_m_de_2__fl46blw10_48v_5n_m_de__êäèë1.stl,vendor_motor_parts,0.0006467748269288475,3.049812386088017e-08,3.0245277239223328e-09,-4.075474861994296e-09,-0.13231776453510194,0.21144493943846437,0.0282499950415513,1.167258606484335e-08,1.3118803608365399e-14,-6.22496351427824e-15,6.628521615113708e-09,6.455047128556753e-15,6.6285044742358545e-09,2.4094814615956946e-07,2684.2905298823785,,True,b7094f2f67d456e424842e30
1711,0001755652_00mini_000_asm_1_asm_1_asm_00mini__20250103_a0001_asm_1_as_asm_1_1_30_gr_2202_asm_1_asm_1_1_30_gr_2202_asm_fl46blw10_48v_5n_m_de_2__fl46blw10_48v_5n_m_de__êäèë1_8,assets/0001755652_00mini_000_asm_1_asm_1_asm_00mini__20250103_a0001_asm_1_as_asm_1_1_30_gr_2202_asm_1_asm_1_1_30_gr_2202_asm_fl46blw10_48v_5n_m_de_2__fl46blw10_48v_5n_m_de__êäèë1.stl,vendor_motor_parts,0.0004702300207584738,-1.064757865289245e-15,1.6343805492322466e-18,0.005999968063025165,-0.13422148185056684,0.21405979059483998,0.01926176300503457,8.109602521714773e-09,-2.088150367705993e-15,0.0,8.109649971575289e-09,0.0,9.382512000814249e-10,1.7523535994255907e-07,2683.4197214113174,,True,b7094f2f67d456e424842e30
1712,0001755650_00mini_000_asm_1_asm_1_asm_00mini__20250103_a0001_asm_1_as_asm_1_1_30_gr_2202_asm_1_asm_1_1_30_gr_2202_asm_fl46blw10_48v_5n_m_de_2__fl46blw10_48v_5n_m_de__êäèë1_8,assets/0001755650_00mini_000_asm_1_asm_1_asm_00mini__20250103_a0001_asm_1_as_asm_1_1_30_gr_2202_asm_1_asm_1_1_30_gr_2202_asm_fl46blw10_48v_5n_m_de_2__fl46blw10_48v_5n_m_de__êäèë1.stl,vendor_motor_parts,0.008098780354377517,-5.181528022315288e-15,-1.0544368847359799e-14,0.0016722349496824842,-0.13245141199420968,0.21126054479933923,0.028249999999995234,5.607196936744017e-07,0.0,0.0,5.607196936729478e-07,0.0,1.0701528156314213e-06,3.018151053539383e-06,2683.358192056055,,True,b7094f2f67d456e424842e30
1713,6706__300001_1_1_00mini_000_asm_1_asm_1_asm_00mini__20250103_a0001_asm_1_as_asm_1_1_30_gr_2202_asm_1_asm_1_1_30_gr_2202_asm_fl46blw10_48v_5n_m_de_2__fl46blw10_48v_5n_m_de__êäèë1_9,assets/6706__300001_1_1_00mini_000_asm_1_asm_1_asm_00mini__20250103_a0001_asm_1_as_asm_1_1_30_gr_2202_asm_1_asm_1_1_30_gr_2202_asm_fl46blw10_48v_5n_m_de_2__fl46blw10_48v_5n_m_de__êäèë1.stl,vendor_motor_parts,0.0033628358449929595,-7.386599269508797e-19,2.1441759866375313e-34,0.0019999999973584477,-0.08002552531019959,0.2000971143463785,0.0492500000026335,4.8085873826835e-07,0.0,0.0,4.808587382683499e-07,0.0,9.548291472641524e-07,1.253160593551956e-06,2683.4835553369453,,True,b7094f2f67d456e424842e30
1714,1_21_121000022__610001_1_1_00mini_000_asm_1_asm_1_asm_00mini__20250103_a0001_asm_1_as_asm_1_1_30_gr_2202_asm_1_asm_1_1_30_gr_2202_asm_fl46blw10_48v_5n_m_de_2__fl46blw10_48v_5n_m_de__êäèë1_9,assets/1_21_121000022__610001_1_1_00mini_000_asm_1_asm_1_asm_00mini__20250103_a0001_asm_1_as_asm_1_1_30_gr_2202_asm_1_asm_1_1_30_gr_2202_asm_fl46blw10_48v_5n_m_de_2__fl46blw10_48v_5n_m_de__êäèë1.stl,vendor_motor_parts,0.0006467748269288475,3.049812386088017e-08,3.0245277239223328e-09,-4.075474861994296e-09,-0.0800255202684709,0.20009711492795898,0.04975003049811583,1.167258606484335e-08,1.3118803608365399e-14,-6.22496351427824e-15,6.628521615113708e-09,6.455047128556753e-15,6.6285044742358545e-09,2.4094814615956946e-07,2684.2905298823785,,True,b7094f2f67d456e424842e30
1715,0001755652_00mini_000_asm_1_asm_1_asm_00mini__20250103_a0001_asm_1_as_asm_1_1_30_gr_2202_asm_1_asm_1_1_30_gr_2202_asm_fl46blw10_48v_5n_m_de_2__fl46blw10_48v_5n_m_de__êäèë1_9,assets/0001755652_00mini_000_asm_1_asm_1_asm_00mini__20250103_a0001_asm_1_as_asm_1_1_30_gr_2202_asm_1_asm_1_1_30_gr_2202_asm_fl46blw10_48v_5n_m_de_2__fl46blw10_48v_5n_m_de__êäèë1.stl,vendor_motor_parts,0.0004702300207584738,-1.064757865289245e-15,1.6343805492322466e-18,0.005999968063025165,-0.07052552531020062,0.20009711434637903,0.04875003193696675,8.109602521714773e-09,-2.088150367705993e-15,0.0,8.109649971575289e-09,0.0,9.382512000814249e-10,1.7523535994255907e-07,2683.4197214113174,,True,b7094f2f67d456e424842e30
1716,0001755650_00mini_000_asm_1_asm_1_asm_00mini__20250103_a0001_asm_1_as_asm_1_1_30_gr_2202_asm_1_asm_1_1_30_gr_2202_asm_fl46blw10_48v_5n_m_de_2__fl46blw10_48v_5n_m_de__êäèë1_9,assets/0001755650_00mini_000_asm_1_asm_1_asm_00mini__20250103_a0001_asm_1_as_asm_1_1_30_gr_2202_asm_1_asm_1_1_30_gr_2202_asm_fl46blw10_48v_5n_m_de_2__fl46blw10_48v_5n_m_de__êäèë1.stl,vendor_motor_parts,0.008098780354377517,-5.181528022315288e-15,-1.0544368847359799e-14,0.0016722349496824842,-0.08002552531020038,0.20009711434636684,0.04997776505030948,5.607196936744017e-07,0.0,0.0,5.607196936729478e-07,0.0,1.0701528156314213e-06,3.018151053539383e-06,2683.358192056055,,True,b7094f2f67d456e424842e30
1717,6706__300001_1_1_00mini_000_asm_1_asm_1_asm_00mini__20250103_a0001_asm_1_as_asm_1_1_30_gr_2202_asm_1_asm_1_1_30_gr_2202_asm_fl46blw10_48v_5n_m_de_2__fl46blw10_48v_5n_m_de__êäèë1_10,assets/6706__300001_1_1_00mini_000_asm_1_asm_1_asm_00mini__20250103_a0001_asm_1_as_asm_1_1_30_gr_2202_asm_1_asm_1_1_30_gr_2202_asm_fl46blw10_48v_5n_m_de_2__fl46blw10_48v_5n_m_de__êäèë1.stl,vendor_motor_parts,0.0033628358449929595,-7.386599269508797e-19,2.1441759866375313e-34,0.0019999999973584477,-0.14455778700479432,-0.28663384688638277,0.07460020848660218,4.8085873826835e-07,0.0,0.0,4.808587382683499e-07,0.0,9.548291472641524e-07,1.253160593551956e-06,2683.4835553369453,,True,b7094f2f67d456e424842e30
1718,1_21_121000022__610001_1_1_00mini_000_asm_1_asm_1_asm_00mini__20250103_a0001_asm_1_as_asm_1_1_30_gr_2202_asm_1_asm_1_1_30_gr_2202_asm_fl46blw10_48v_5n_m_de_2__fl46blw10_48v_5n_m_de__êäèë1_10,assets/1_21_121000022__610001_1_1_00mini_000_asm_1_asm_1_asm_00mini__20250103_a0001_asm_1_as_asm_1_1_30_gr_2202_asm_1_asm_1_1_30_gr_2202_asm_fl46blw10_48v_5n_m_de_2__fl46blw10_48v_5n_m_de__êäèë1.stl,vendor_motor_parts,0.0006467748269288475,3.049812386088017e-08,3.0245277239223328e-09,-4.075474861994296e-09,-0.14422224387779778,-0.28700457765977494,0.07460020364370631,1.167258606484335e-08,1.3118803608365399e-14,-6.22496351427824e-15,6.628521615113708e-09,6.455047128556753e-15,6.6285044742358545e-09,2.4094814615956946e-07,2684.2905298823785,,True,b7094f2f67d456e424842e30
1719,0001755652_00mini_000_asm_1_asm_1_asm_00mini__20250103_a0001_asm_1_as_asm_1_1_30_gr_2202_asm_1_asm_1_1_30_gr_2202_asm_fl46blw10_48v_5n_m_de_2__fl46blw10_48v_5n_m_de__êäèë1_10,assets/0001755652_00mini_000_asm_1_asm_1_asm_00mini__20250103_a0001_asm_1_as_asm_1_1_30_gr_2202_asm_1_asm_1_1_30_gr_2202_asm_fl46blw10_48v_5n_m_de_2__fl46blw10_48v_5n_m_de__êäèë1.stl,vendor_motor_parts,0.0004702300207584738,-1.064757865289245e-15,1.6343805492322466e-18,0.005999968063025165,-0.1435709513744758,-0.2850663414955081,0.06526912868011775,8.109602521714773e-09,-2.088150367705993e-15,0.0,8.109649971575289e-09,0.0,9.382512000814249e-10,1.7523535994255907e-07,2683.4197214113174,,True,b7094f2f67d456e424842e30
1720,0001755650_00mini_000_asm_1_asm_1_asm_00mini__20250103_a0001_asm_1_as_asm_1_1_30_gr_2202_asm_1_asm_1_1_30_gr_2202_asm_fl46blw10_48v_5n_m_de_2__fl46blw10_48v_5n_m_de__êäèë1_10,assets/0001755650_00mini_000_asm_1_asm_1_asm_00mini__20250103_a0001_asm_1_as_asm_1_1_30_gr_2202_asm_1_asm_1_1_30_gr_2202_asm_fl46blw10_48v_5n_m_de_2__fl46blw10_48v_5n_m_de__êäèë1.stl,vendor_motor_parts,0.008098780354377517,-5.181528022315288e-15,-1.0544368847359799e-14,0.0016722349496824842,-0.1440694253087326,-0.28717342525737116,0.07460020848660072,5.607196936744017e-07,0.0,0.0,5.607196936729478e-07,0.0,1.0701528156314213e-06,3.018151053539383e-06,2683.358192056055,,True,b7094f2f67d456e424842e30
1721,6706__300001_1_1_00mini_000_asm_1_asm_1_asm_00mini__20250103_a0001_asm_1_as_asm_1_1_30_gr_2202_asm_1_asm_1_1_30_gr_2202_asm_fl46blw10_48v_5n_m_de_2__fl46blw10_48v_5n_m_de__êäèë1_11,assets/6706__300001_1_1_00mini_000_asm_1_asm_1_asm_00mini__20250103_a0001_asm_1_as_asm_1_1_30_gr_2202_asm_1_asm_1_1_30_gr_2202_asm_fl46blw10_48v_5n_m_de_2__fl46blw10_48v_5n_m_de__êäèë1.stl,vendor_motor_parts,0.0033628358449929595,-7.386599269508797e-19,2.1441759866375313e-34,0.0019999999973584477,-0.102263120549153,-0.2483537820137365,0.028249999999993447,4.8085873826835e-07,0.0,0.0,4.808587382683499e-07,0.0,9.548291472641524e-07,1.253160593551956e-06,2683.4835553369453,,True,b7094f2f67d456e424842e30
1722,1_21_121000022__610001_1_1_00mini_000_asm_1_asm_1_asm_00mini__20250103_a0001_asm_1_as_asm_1_1_30_gr_2202_asm_1_asm_1_1_30_gr_2202_asm_fl46blw10_48v_5n_m_de_2__fl46blw10_48v_5n_m_de__êäèë1_11,assets/1_21_121000022__610001_1_1_00mini_000_asm_1_asm_1_asm_00mini__20250103_a0001_asm_1_as_asm_1_1_30_gr_2202_asm_1_asm_1_1_30_gr_2202_asm_fl46blw10_48v_5n_m_de_2__fl46blw10_48v_5n_m_de__êäèë1.stl,vendor_motor_parts,0.0006467748269288475,3.049812386088017e-08,3.0245277239223328e-09,-4.075474861994296e-09,-0.10192758056999804,-0.2487245156361777,0.02824999572031569,1.167258606484335e-08,1.3118803608365399e-14,-6.22496351427824e-15,6.628521615113708e-09,6.455047128556753e-15,6.6285044742358545e-09,2.4094814615956946e-07,2684.2905298823785,,True,b7094f2f67d456e424842e30
1723,0001755652_00mini_000_asm_1_asm_1_asm_00mini__20250103_a0001_asm_1_as_asm_1_1_30_gr_2202_asm_1_asm_1_1_30_gr_2202_asm_fl46blw10_48v_5n_m_de_2__fl46blw10_48v_5n_m_de__êäèë1_11,assets/0001755652_00mini_000_asm_1_asm_1_asm_00mini__20250103_a0001_asm_1_as_asm_1_1_30_gr_2202_asm_1_asm_1_1_30_gr_2202_asm_fl46blw10_48v_5n_m_de_2__fl46blw10_48v_5n_m_de__êäèë1.stl,vendor_motor_parts,0.0004702300207584738,-1.064757865289245e-15,1.6343805492322466e-18,0.005999968063025165,-0.10704022101654312,-0.252003101017812,0.020876957887159604,8.109602521714773e-09,-2.088150367705993e-15,0.0,8.109649971575289e-09,0.0,9.382512000814249e-10,1.7523535994255907e-07,2683.4197214113174,,True,b7094f2f67d456e424842e30
1724,0001755650_00mini_000_asm_1_asm_1_asm_00mini__20250103_a0001_asm_1_as_asm_1_1_30_gr_2202_asm_1_asm_1_1_30_gr_2202_asm_fl46blw10_48v_5n_m_de_2__fl46blw10_48v_5n_m_de__êäèë1_11,assets/0001755650_00mini_000_asm_1_asm_1_asm_00mini__20250103_a0001_asm_1_as_asm_1_1_30_gr_2202_asm_1_asm_1_1_30_gr_2202_asm_fl46blw10_48v_5n_m_de_2__fl46blw10_48v_5n_m_de__êäèë1.stl,vendor_motor_parts,0.008098780354377517,-5.181528022315288e-15,-1.0544368847359799e-14,0.0016722349496824842,-0.10177475885308905,-0.24889336038472268,0.028250000000001455,5.607196936744017e-07,0.0,0.0,5.607196936729478e-07,0.0,1.0701528156314213e-06,3.018151053539383e-06,2683.358192056055,,True,b7094f2f67d456e424842e30
1725,6706__300001_1_1_00mini_000_asm_1_asm_1_asm_00mini__20250103_a0001_asm_1_as_asm_1_1_30_gr_2202_asm_1_asm_1_1_30_gr_2202_asm_fl46blw10_48v_5n_m_de_2__fl46blw10_48v_5n_m_de__êäèë1_12,assets/6706__300001_1_1_00mini_000_asm_1_asm_1_asm_00mini__20250103_a0001_asm_1_as_asm_1_1_30_gr_2202_asm_1_asm_1_1_30_gr_2202_asm_fl46blw10_48v_5n_m_de_2__fl46blw10_48v_5n_m_de__êäèë1.stl,vendor_motor_parts,0.0033628358449929595,-7.386599269508797e-19,2.1441759866375313e-34,0.0019999999973584477,-0.0800255253101996,-0.19990288565362138,0.04925000000263355,4.8085873826835e-07,0.0,0.0,4.808587382683499e-07,0.0,9.548291472641524e-07,1.253160593551956e-06,2683.4835553369453,,True,b7094f2f67d456e424842e30
1726,1_21_121000022__610001_1_1_00mini_000_asm_1_asm_1_asm_00mini__20250103_a0001_asm_1_as_asm_1_1_30_gr_2202_asm_1_asm_1_1_30_gr_2202_asm_fl46blw10_48v_5n_m_de_2__fl46blw10_48v_5n_m_de__êäèë1_12,assets/1_21_121000022__610001_1_1_00mini_000_asm_1_asm_1_asm_00mini__20250103_a0001_asm_1_as_asm_1_1_30_gr_2202_asm_1_asm_1_1_30_gr_2202_asm_fl46blw10_48v_5n_m_de_2__fl46blw10_48v_5n_m_de__êäèë1.stl,vendor_motor_parts,0.0006467748269288475,3.049812386088017e-08,3.0245277239223328e-09,-4.075474861994296e-09,-0.08002552026847091,-0.19990288507204093,0.049750030498115855,1.167258606484335e-08,1.3118803608365399e-14,-6.22496351427824e-15,6.628521615113708e-09,6.455047128556753e-15,6.6285044742358545e-09,2.4094814615956946e-07,2684.2905298823785,,True,b7094f2f67d456e424842e30
1727,0001755652_00mini_000_asm_1_asm_1_asm_00mini__20250103_a0001_asm_1_as_asm_1_1_30_gr_2202_asm_1_asm_1_1_30_gr_2202_asm_fl46blw10_48v_5n_m_de_2__fl46blw10_48v_5n_m_de__êäèë1_12,assets/0001755652_00mini_000_asm_1_asm_1_asm_00mini__20250103_a0001_asm_1_as_asm_1_1_30_gr_2202_asm_1_asm_1_1_30_gr_2202_asm_fl46blw10_48v_5n_m_de_2__fl46blw10_48v_5n_m_de__êäèë1.stl,vendor_motor_parts,0.0004702300207584738,-1.064757865289245e-15,1.6343805492322466e-18,0.005999968063025165,-0.07052552531020052,-0.19990288565362088,0.04875003193696681,8.109602521714773e-09,-2.088150367705993e-15,0.0,8.109649971575289e-09,0.0,9.382512000814249e-10,1.7523535994255907e-07,2683.4197214113174,,True,b7094f2f67d456e424842e30
1728,0001755650_00mini_000_asm_1_asm_1_asm_00mini__20250103_a0001_asm_1_as_asm_1_1_30_gr_2202_asm_1_asm_1_1_30_gr_2202_asm_fl46blw10_48v_5n_m_de_2__fl46blw10_48v_5n_m_de__êäèë1_12,assets/0001755650_00mini_000_asm_1_asm_1_asm_00mini__20250103_a0001_asm_1_as_asm_1_1_30_gr_2202_asm_1_asm_1_1_30_gr_2202_asm_fl46blw10_48v_5n_m_de_2__fl46blw10_48v_5n_m_de__êäèë1.stl,vendor_motor_parts,0.008098780354377517,-5.181528022315288e-15,-1.0544368847359799e-14,0.0016722349496824842,-0.0800255253102004,-0.19990288565363307,0.04997776505030953,5.607196936744017e-07,0.0,0.0,5.607196936729478e-07,0.0,1.0701528156314213e-06,3.018151053539383e-06,2683.358192056055,,True,b7094f2f67d456e424842e30
1729,6706__300001_1_1_00mini_000_asm_1_asm_1_asm_00mini__20250103_a0001_asm_1_as_asm_1_1_30_gr_2202_asm_1_asm_1_1_30_gr_2202_asm_fl46blw10_48v_5n_m_de_2__fl46blw10_48v_5n_m_de__êäèë1_13,assets/6706__300001_1_1_00mini_000_asm_1_asm_1_asm_00mini__20250103_a0001_asm_1_as_asm_1_1_30_gr_2202_asm_1_asm_1_1_30_gr_2202_asm_fl46blw10_48v_5n_m_de_2__fl46blw10_48v_5n_m_de__êäèë1.stl,vendor_motor_parts,0.0033628358449929595,-7.386599269508797e-19,2.1441759866375313e-34,0.0019999999973584477,0.1691473673598168,-0.2610164491943659,0.07460020848656718,4.8085873826835e-07,0.0,0.0,4.808587382683499e-07,0.0,9.548291472641524e-07,1.253160593551956e-06,2683.4835553369453,,True,b7094f2f67d456e424842e30
1730,1_21_121000022__610001_1_1_00mini_000_asm_1_asm_1_asm_00mini__20250103_a0001_asm_1_as_asm_1_1_30_gr_2202_asm_1_asm_1_1_30_gr_2202_asm_fl46blw10_48v_5n_m_de_2__fl46blw10_48v_5n_m_de__êäèë1_13,assets/1_21_121000022__610001_1_1_00mini_000_asm_1_asm_1_asm_00mini__20250103_a0001_asm_1_as_asm_1_1_30_gr_2202_asm_1_asm_1_1_30_gr_2202_asm_fl46blw10_48v_5n_m_de_2__fl46blw10_48v_5n_m_de__êäèë1.stl,vendor_motor_parts,0.0006467748269288475,3.049812386088017e-08,3.0245277239223328e-09,-4.075474861994296e-09,0.16950478030436114,-0.26066675435098435,0.07460020374640522,1.167258606484335e-08,1.3118803608365399e-14,-6.22496351427824e-15,6.628521615113708e-09,6.455047128556753e-15,6.6285044742358545e-09,2.4094814615956946e-07,2684.2905298823785,,True,b7094f2f67d456e424842e30
1731,0001755652_00mini_000_asm_1_asm_1_asm_00mini__20250103_a0001_asm_1_as_asm_1_1_30_gr_2202_asm_1_asm_1_1_30_gr_2202_asm_fl46blw10_48v_5n_m_de_2__fl46blw10_48v_5n_m_de__êäèë1_13,assets/0001755652_00mini_000_asm_1_asm_1_asm_00mini__20250103_a0001_asm_1_as_asm_1_1_30_gr_2202_asm_1_asm_1_1_30_gr_2202_asm_fl46blw10_48v_5n_m_de_2__fl46blw10_48v_5n_m_de__êäèë1.stl,vendor_motor_parts,0.0004702300207584738,-1.064757865289245e-15,1.6343805492322466e-18,0.005999968063025165,0.16714294124257895,-0.2596826782207916,0.06539676896662391,8.109602521714773e-09,-2.088150367705993e-15,0.0,8.109649971575289e-09,0.0,9.382512000814249e-10,1.7523535994255907e-07,2683.4197214113174,,True,b7094f2f67d456e424842e30
1732,0001755650_00mini_000_asm_1_asm_1_asm_00mini__20250103_a0001_asm_1_as_asm_1_1_30_gr_2202_asm_1_asm_1_1_30_gr_2202_asm_fl46blw10_48v_5n_m_de_2__fl46blw10_48v_5n_m_de__êäèë1_13,assets/0001755650_00mini_000_asm_1_asm_1_asm_00mini__20250103_a0001_asm_1_as_asm_1_1_30_gr_2202_asm_1_asm_1_1_30_gr_2202_asm_fl46blw10_48v_5n_m_de_2__fl46blw10_48v_5n_m_de__êäèë1.stl,vendor_motor_parts,0.008098780354377517,-5.181528022315288e-15,-1.0544368847359799e-14,0.0016722349496824842,0.16966756277566583,-0.26050749075407004,0.07460020848656514,5.607196936744017e-07,0.0,0.0,5.607196936729478e-07,0.0,1.0701528156314213e-06,3.018151053539383e-06,2683.358192056055,,True,b7094f2f67d456e424842e30
1733,6706__300001_1_1_00mini_000_asm_1_asm_1_asm_00mini__20250103_a0001_asm_1_as_asm_1_1_30_gr_2202_asm_1_asm_1_1_30_gr_2202_asm_fl46blw10_48v_5n_m_de_2__fl46blw10_48v_5n_m_de__êäèë1_14,assets/6706__300001_1_1_00mini_000_asm_1_asm_1_asm_00mini__20250103_a0001_asm_1_as_asm_1_1_30_gr_2202_asm_1_asm_1_1_30_gr_2202_asm_fl46blw10_48v_5n_m_de_2__fl46blw10_48v_5n_m_de__êäèë1.stl,vendor_motor_parts,0.0033628358449929595,-7.386599269508797e-19,2.1441759866375313e-34,0.0019999999973584477,0.12925283371989874,-0.2202411090620657,0.028249999999994318,4.8085873826835e-07,0.0,0.0,4.808587382683499e-07,0.0,9.548291472641524e-07,1.253160593551956e-06,2683.4835553369453,,True,b7094f2f67d456e424842e30
1734,1_21_121000022__610001_1_1_00mini_000_asm_1_asm_1_asm_00mini__20250103_a0001_asm_1_as_asm_1_1_30_gr_2202_asm_1_asm_1_1_30_gr_2202_asm_fl46blw10_48v_5n_m_de_2__fl46blw10_48v_5n_m_de__êäèë1_14,assets/1_21_121000022__610001_1_1_00mini_000_asm_1_asm_1_asm_00mini__20250103_a0001_asm_1_as_asm_1_1_30_gr_2202_asm_1_asm_1_1_30_gr_2202_asm_fl46blw10_48v_5n_m_de_2__fl46blw10_48v_5n_m_de__êäèë1.stl,vendor_motor_parts,0.0006467748269288475,3.049812386088017e-08,3.0245277239223328e-09,-4.075474861994296e-09,0.12961024984034278,-0.21989141746470295,0.02824999572031662,1.167258606484335e-08,1.3118803608365399e-14,-6.22496351427824e-15,6.628521615113708e-09,6.455047128556753e-15,6.6285044742358545e-09,2.4094814615956946e-07,2684.2905298823785,,True,b7094f2f67d456e424842e30
1735,0001755652_00mini_000_asm_1_asm_1_asm_00mini__20250103_a0001_asm_1_as_asm_1_1_30_gr_2202_asm_1_asm_1_1_30_gr_2202_asm_fl46blw10_48v_5n_m_de_2__fl46blw10_48v_5n_m_de__êäèë1_14,assets/0001755652_00mini_000_asm_1_asm_1_asm_00mini__20250103_a0001_asm_1_as_asm_1_1_30_gr_2202_asm_1_asm_1_1_30_gr_2202_asm_fl46blw10_48v_5n_m_de_2__fl46blw10_48v_5n_m_de__êäèë1.stl,vendor_motor_parts,0.0004702300207584738,-1.064757865289245e-15,1.6343805492322466e-18,0.005999968063025165,0.1330850130690183,-0.22487280632172932,0.020876957887156673,8.109602521714773e-09,-2.088150367705993e-15,0.0,8.109649971575289e-09,0.0,9.382512000814249e-10,1.7523535994255907e-07,2683.4197214113174,,True,b7094f2f67d456e424842e30
1736,0001755650_00mini_000_asm_1_asm_1_asm_00mini__20250103_a0001_asm_1_as_asm_1_1_30_gr_2202_asm_1_asm_1_1_30_gr_2202_asm_fl46blw10_48v_5n_m_de_2__fl46blw10_48v_5n_m_de__êäèë1_14,assets/0001755650_00mini_000_asm_1_asm_1_asm_00mini__20250103_a0001_asm_1_as_asm_1_1_30_gr_2202_asm_1_asm_1_1_30_gr_2202_asm_fl46blw10_48v_5n_m_de_2__fl46blw10_48v_5n_m_de__êäèë1.stl,vendor_motor_parts,0.008098780354377517,-5.181528022315288e-15,-1.0544368847359799e-14,0.0016722349496824842,0.12977302913574598,-0.2197321506217682,0.028250000000002048,5.607196936744017e-07,0.0,0.0,5.607196936729478e-07,0.0,1.0701528156314213e-06,3.018151053539383e-06,2683.358192056055,,True,b7094f2f67d456e424842e30
1737,6706__300001_1_1_00mini_000_asm_1_asm_1_asm_00mini__20250103_a0001_asm_1_as_asm_1_1_30_gr_2202_asm_1_asm_1_1_30_gr_2202_asm_fl46blw10_48v_5n_m_de_2__fl46blw10_48v_5n_m_de__êäèë1_15,assets/6706__300001_1_1_00mini_000_asm_1_asm_1_asm_00mini__20250103_a0001_asm_1_as_asm_1_1_30_gr_2202_asm_1_asm_1_1_30_gr_2202_asm_fl46blw10_48v_5n_m_de_2__fl46blw10_48v_5n_m_de__êäèë1.stl,vendor_motor_parts,0.0033628358449929595,-7.386599269508797e-19,2.1441759866375313e-34,0.0019999999973584477,0.0799744746898005,-0.1999028856536213,0.04925000000263364,4.8085873826835e-07,0.0,0.0,4.808587382683499e-07,0.0,9.548291472641524e-07,1.253160593551956e-06,2683.4835553369453,,True,b7094f2f67d456e424842e30
1738,1_21_121000022__610001_1_1_00mini_000_asm_1_asm_1_asm_00mini__20250103_a0001_asm_1_as_asm_1_1_30_gr_2202_asm_1_asm_1_1_30_gr_2202_asm_fl46blw10_48v_5n_m_de_2__fl46blw10_48v_5n_m_de__êäèë1_15,assets/1_21_121000022__610001_1_1_00mini_000_asm_1_asm_1_asm_00mini__20250103_a0001_asm_1_as_asm_1_1_30_gr_2202_asm_1_asm_1_1_30_gr_2202_asm_fl46blw10_48v_5n_m_de_2__fl46blw10_48v_5n_m_de__êäèë1.stl,vendor_motor_parts,0.0006467748269288475,3.049812386088017e-08,3.0245277239223328e-09,-4.075474861994296e-09,0.07997447973152919,-0.19990288507204088,0.04975003049811595,1.167258606484335e-08,1.3118803608365399e-14,-6.22496351427824e-15,6.628521615113708e-09,6.455047128556753e-15,6.6285044742358545e-09,2.4094814615956946e-07,2684.2905298823785,,True,b7094f2f67d456e424842e30
1739,0001755652_00mini_000_asm_1_asm_1_asm_00mini__20250103_a0001_asm_1_as_asm_1_1_30_gr_2202_asm_1_asm_1_1_30_gr_2202_asm_fl46blw10_48v_5n_m_de_2__fl46blw10_48v_5n_m_de__êäèë1_15,assets/0001755652_00mini_000_asm_1_asm_1_asm_00mini__20250103_a0001_asm_1_as_asm_1_1_30_gr_2202_asm_1_asm_1_1_30_gr_2202_asm_fl46blw10_48v_5n_m_de_2__fl46blw10_48v_5n_m_de__êäèë1.stl,vendor_motor_parts,0.0004702300207584738,-1.064757865289245e-15,1.6343805492322466e-18,0.005999968063025165,0.08947447468979955,-0.19990288565362083,0.04875003193696689,8.109602521714773e-09,-2.088150367705993e-15,0.0,8.109649971575289e-09,0.0,9.382512000814249e-10,1.7523535994255907e-07,2683.4197214113174,,True,b7094f2f67d456e424842e30
1740,0001755650_00mini_000_asm_1_asm_1_asm_00mini__20250103_a0001_asm_1_as_asm_1_1_30_gr_2202_asm_1_asm_1_1_30_gr_2202_asm_fl46blw10_48v_5n_m_de_2__fl46blw10_48v_5n_m_de__êäèë1_15,assets/0001755650_00mini_000_asm_1_asm_1_asm_00mini__20250103_a0001_asm_1_as_asm_1_1_30_gr_2202_asm_1_asm_1_1_30_gr_2202_asm_fl46blw10_48v_5n_m_de_2__fl46blw10_48v_5n_m_de__êäèë1.stl,vendor_motor_parts,0.008098780354377517,-5.181528022315288e-15,-1.0544368847359799e-14,0.0016722349496824842,0.07997447468979971,-0.199902885653633,0.04997776505030962,5.607196936744017e-07,0.0,0.0,5.607196936729478e-07,0.0,1.0701528156314213e-06,3.018151053539383e-06,2683.358192056055,,True,b7094f2f67d456e424842e30
1741,6706__300001_1_1_00mini_000_asm_1_asm_1_asm_00mini__20250103_a0001_asm_1_as_asm_1_1_30_gr_2202_asm_1_asm_1_1_30_gr_2202_asm_fl46blw10_48v_5n_m_de_2__fl46blw10_48v_5n_m_de__êäèë1_16,assets/6706__300001_1_1_00mini_000_asm_1_asm_1_asm_00mini__20250103_a0001_asm_1_as_asm_1_1_30_gr_2202_asm_1_asm_1_1_30_gr_2202_asm_fl46blw10_48v_5n_m_de_2__fl46blw10_48v_5n_m_de__êäèë1.stl,vendor_motor_parts,0.0033628358449929595,-7.386599269508797e-19,2.1441759866375313e-34,0.0019999999973584477,0.14721154880407555,0.2960999774065858,0.05996026172108264,4.8085873826835e-07,0.0,0.0,4.808587382683499e-07,0.0,9.548291472641524e-07,1.253160593551956e-06,2683.4835553369453,,True,b7094f2f67d456e424842e30
1742,1_21_121000022__610001_1_1_00mini_000_asm_1_asm_1_asm_00mini__20250103_a0001_asm_1_as_asm_1_1_30_gr_2202_asm_1_asm_1_1_30_gr_2202_asm_fl46blw10_48v_5n_m_de_2__fl46blw10_48v_5n_m_de__êäèë1_16,assets/1_21_121000022__610001_1_1_00mini_000_asm_1_asm_1_asm_00mini__20250103_a0001_asm_1_as_asm_1_1_30_gr_2202_asm_1_asm_1_1_30_gr_2202_asm_fl46blw10_48v_5n_m_de_2__fl46blw10_48v_5n_m_de__êäèë1.stl,vendor_motor_parts,0.0006467748269288475,3.049812386088017e-08,3.0245277239223328e-09,-4.075474861994296e-09,0.14685999999380384,0.29645556695987785,0.05996025679036807,1.167258606484335e-08,1.3118803608365399e-14,-6.22496351427824e-15,6.628521615113708e-09,6.455047128556753e-15,6.6285044742358545e-09,2.4094814615956946e-07,2684.2905298823785,,True,b7094f2f67d456e424842e30
1743,0001755652_00mini_000_asm_1_asm_1_asm_00mini__20250103_a0001_asm_1_as_asm_1_1_30_gr_2202_asm_1_asm_1_1_30_gr_2202_asm_fl46blw10_48v_5n_m_de_2__fl46blw10_48v_5n_m_de__êäèë1_16,assets/0001755652_00mini_000_asm_1_asm_1_asm_00mini__20250103_a0001_asm_1_as_asm_1_1_30_gr_2202_asm_1_asm_1_1_30_gr_2202_asm_fl46blw10_48v_5n_m_de_2__fl46blw10_48v_5n_m_de__êäèë1.stl,vendor_motor_parts,0.0004702300207584738,-1.064757865289245e-15,1.6343805492322466e-18,0.005999968063025165,0.14672540454451077,0.2949163056825786,0.05053356807615361,8.109602521714773e-09,-2.088150367705993e-15,0.0,8.109649971575289e-09,0.0,9.382512000814249e-10,1.7523535994255907e-07,2683.4197214113174,,True,b7094f2f67d456e424842e30
1744,0001755650_00mini_000_asm_1_asm_1_asm_00mini__20250103_a0001_asm_1_as_asm_1_1_30_gr_2202_asm_1_asm_1_1_30_gr_2202_asm_fl46blw10_48v_5n_m_de_2__fl46blw10_48v_5n_m_de__êäèë1_16,assets/0001755650_00mini_000_asm_1_asm_1_asm_00mini__20250103_a0001_asm_1_as_asm_1_1_30_gr_2202_asm_1_asm_1_1_30_gr_2202_asm_fl46blw10_48v_5n_m_de_2__fl46blw10_48v_5n_m_de__êäèë1.stl,vendor_motor_parts,0.008098780354377517,-5.181528022315288e-15,-1.0544368847359799e-14,0.0016722349496824842,0.14669989138161776,0.2966175183679239,0.05996026172108192,5.607196936744017e-07,0.0,0.0,5.607196936729478e-07,0.0,1.0701528156314213e-06,3.018151053539383e-06,2683.358192056055,,True,b7094f2f67d456e424842e30
1745,6706__300001_1_1_00mini_000_asm_1_asm_1_asm_00mini__20250103_a0001_asm_1_as_asm_1_1_30_gr_2202_asm_1_asm_1_1_30_gr_2202_asm_fl46blw10_48v_5n_m_de_2__fl46blw10_48v_5n_m_de__êäèë1_17,assets/6706__300001_1_1_00mini_000_asm_1_asm_1_asm_00mini__20250103_a0001_asm_1_as_asm_1_1_30_gr_2202_asm_1_asm_1_1_30_gr_2202_asm_fl46blw10_48v_5n_m_de_2__fl46blw10_48v_5n_m_de__êäèë1.stl,vendor_motor_parts,0.0033628358449929595,-7.386599269508797e-19,2.1441759866375313e-34,0.0019999999973584477,0.10005609482076644,0.2494805987619905,0.02824999999998915,4.8085873826835e-07,0.0,0.0,4.808587382683499e-07,0.0,9.548291472641524e-07,1.253160593551956e-06,2683.4835553369453,,True,b7094f2f67d456e424842e30
1746,1_21_121000022__610001_1_1_00mini_000_asm_1_asm_1_asm_00mini__20250103_a0001_asm_1_as_asm_1_1_30_gr_2202_asm_1_asm_1_1_30_gr_2202_asm_fl46blw10_48v_5n_m_de_2__fl46blw10_48v_5n_m_de__êäèë1_17,assets/1_21_121000022__610001_1_1_00mini_000_asm_1_asm_1_asm_00mini__20250103_a0001_asm_1_as_asm_1_1_30_gr_2202_asm_1_asm_1_1_30_gr_2202_asm_fl46blw10_48v_5n_m_de_2__fl46blw10_48v_5n_m_de__êäèë1.stl,vendor_motor_parts,0.0006467748269288475,3.049812386088017e-08,3.0245277239223328e-09,-4.075474861994296e-09,0.09970454803911744,0.24983619032084284,0.028249995200682824,1.167258606484335e-08,1.3118803608365399e-14,-6.22496351427824e-15,6.628521615113708e-09,6.455047128556753e-15,6.6285044742358545e-09,2.4094814615956946e-07,2684.2905298823785,,True,b7094f2f67d456e424842e30
1747,0001755652_00mini_000_asm_1_asm_1_asm_00mini__20250103_a0001_asm_1_as_asm_1_1_30_gr_2202_asm_1_asm_1_1_30_gr_2202_asm_fl46blw10_48v_5n_m_de_2__fl46blw10_48v_5n_m_de__êäèë1_17,assets/0001755652_00mini_000_asm_1_asm_1_asm_00mini__20250103_a0001_asm_1_as_asm_1_1_30_gr_2202_asm_1_asm_1_1_30_gr_2202_asm_fl46blw10_48v_5n_m_de_2__fl46blw10_48v_5n_m_de__êäèë1.stl,vendor_motor_parts,0.0004702300207584738,-1.064757865289245e-15,1.6343805492322466e-18,0.005999968063025165,0.10332219116034183,0.25200651120016365,0.01967956540645996,8.109602521714773e-09,-2.088150367705993e-15,0.0,8.109649971575289e-09,0.0,9.382512000814249e-10,1.7523535994255907e-07,2683.4197214113174,,True,b7094f2f67d456e424842e30
1748,0001755650_00mini_000_asm_1_asm_1_asm_00mini__20250103_a0001_asm_1_as_asm_1_1_30_gr_2202_asm_1_asm_1_1_30_gr_2202_asm_fl46blw10_48v_5n_m_de_2__fl46blw10_48v_5n_m_de__êäèë1_17,assets/0001755650_00mini_000_asm_1_asm_1_asm_00mini__20250103_a0001_asm_1_as_asm_1_1_30_gr_2202_asm_1_asm_1_1_30_gr_2202_asm_fl46blw10_48v_5n_m_de_2__fl46blw10_48v_5n_m_de__êäèë1.stl,vendor_motor_parts,0.008098780354377517,-5.181528022315288e-15,-1.0544368847359799e-14,0.0016722349496824842,0.099544437398308,0.24999813972332732,0.028249999999994734,5.607196936744017e-07,0.0,0.0,5.607196936729478e-07,0.0,1.0701528156314213e-06,3.018151053539383e-06,2683.358192056055,,True,b7094f2f67d456e424842e30
1749,6706__300001_1_1_00mini_000_asm_1_asm_1_asm_00mini__20250103_a0001_asm_1_as_asm_1_1_30_gr_2202_asm_1_asm_1_1_30_gr_2202_asm_fl46blw10_48v_5n_m_de_2__fl46blw10_48v_5n_m_de__êäèë1_18,assets/6706__300001_1_1_00mini_000_asm_1_asm_1_asm_00mini__20250103_a0001_asm_1_as_asm_1_1_30_gr_2202_asm_1_asm_1_1_30_gr_2202_asm_fl46blw10_48v_5n_m_de_2__fl46blw10_48v_5n_m_de__êäèë1.stl,vendor_motor_parts,0.0033628358449929595,-7.386599269508797e-19,2.1441759866375313e-34,0.0019999999973584477,0.07997447468980044,0.20009711434637875,0.04925000000263363,4.8085873826835e-07,0.0,0.0,4.808587382683499e-07,0.0,9.548291472641524e-07,1.253160593551956e-06,2683.4835553369453,,True,b7094f2f67d456e424842e30
1750,1_21_121000022__610001_1_1_00mini_000_asm_1_asm_1_asm_00mini__20250103_a0001_asm_1_as_asm_1_1_30_gr_2202_asm_1_asm_1_1_30_gr_2202_asm_fl46blw10_48v_5n_m_de_2__fl46blw10_48v_5n_m_de__êäèë1_18,assets/1_21_121000022__610001_1_1_00mini_000_asm_1_asm_1_asm_00mini__20250103_a0001_asm_1_as_asm_1_1_30_gr_2202_asm_1_asm_1_1_30_gr_2202_asm_fl46blw10_48v_5n_m_de_2__fl46blw10_48v_5n_m_de__êäèë1.stl,vendor_motor_parts,0.0006467748269288475,3.049812386088017e-08,3.0245277239223328e-09,-4.075474861994296e-09,0.07997447973152913,0.20009711492795917,0.04975003049811587,1.167258606484335e-08,1.3118803608365399e-14,-6.22496351427824e-15,6.628521615113708e-09,6.455047128556753e-15,6.6285044742358545e-09,2.4094814615956946e-07,2684.2905298823785,,True,b7094f2f67d456e424842e30
1751,0001755652_00mini_000_asm_1_asm_1_asm_00mini__20250103_a0001_asm_1_as_asm_1_1_30_gr_2202_asm_1_asm_1_1_30_gr_2202_asm_fl46blw10_48v_5n_m_de_2__fl46blw10_48v_5n_m_de__êäèë1_18,assets/0001755652_00mini_000_asm_1_asm_1_asm_00mini__20250103_a0001_asm_1_as_asm_1_1_30_gr_2202_asm_1_asm_1_1_30_gr_2202_asm_fl46blw10_48v_5n_m_de_2__fl46blw10_48v_5n_m_de__êäèë1.stl,vendor_motor_parts,0.0004702300207584738,-1.064757865289245e-15,1.6343805492322466e-18,0.005999968063025165,0.0894744746897993,0.2000971143463792,0.04875003193696708,8.109602521714773e-09,-2.088150367705993e-15,0.0,8.109649971575289e-09,0.0,9.382512000814249e-10,1.7523535994255907e-07,2683.4197214113174,,True,b7094f2f67d456e424842e30
1752,0001755650_00mini_000_asm_1_asm_1_asm_00mini__20250103_a0001_asm_1_as_asm_1_1_30_gr_2202_asm_1_asm_1_1_30_gr_2202_asm_fl46blw10_48v_5n_m_de_2__fl46blw10_48v_5n_m_de__êäèë1_18,assets/0001755650_00mini_000_asm_1_asm_1_asm_00mini__20250103_a0001_asm_1_as_asm_1_1_30_gr_2202_asm_1_asm_1_1_30_gr_2202_asm_fl46blw10_48v_5n_m_de_2__fl46blw10_48v_5n_m_de__êäèë1.stl,vendor_motor_parts,0.008098780354377517,-5.181528022315288e-15,-1.0544368847359799e-14,0.0016722349496824842,0.07997447468979965,0.20009711434636704,0.04997776505030962,5.607196936744017e-07,0.0,0.0,5.607196936729478e-07,0.0,1.0701528156314213e-06,3.018151053539383e-06,2683.358192056055,,True,b7094f2f67d456e424842e30
