time="2026-09-09T23:24:48-05:00" level=warning msg="No services to build"
time="2026-09-09T23:24:48-05:00" level=warning msg="No services to build"
 Container hexapod-velocity-recording-f7970c6fbd394a49a2dbe802536cd733 Creating 
 Container hexapod-velocity-recording-f7970c6fbd394a49a2dbe802536cd733 Created 
The '--headless' CLI argument is deprecated. Omit '--viz' for default headless. If config visualizers are enabled and you want to force headless, use '--viz none'.
Loading user config located at: '/isaac-sim/kit/data/Kit/IsaacLab/3.0/user.config.json'
2026-09-10T04:24:50Z [Info] [carb] Logging to file: /isaac-sim/kit/logs/Kit/IsaacLab/3.0/kit_20260910_042450.log
2026-09-10T04:24:50Z [0ms] [Info] [omni.kit.app.plugin] App Name: 'IsaacLab', App Version: '3.0.0', Kit Version: '110.1.2+production.326809.f9bf0dda.gl', Kernel Version: '210.1.11+release.13746.80f6dc72.gl'
2026-09-10T04:24:50Z [0ms] [Info] [omni.kit.app.plugin] Cmd: /workspace/isaaclab/_isaac_sim/exts/isaacsim.simulation_app/isaacsim/simulation_app/simulation_app.py /workspace/isaaclab/apps/isaaclab.python.headless.rendering.kit --/app/tokens/exe-path=/workspace/isaaclab/_isaac_sim/kit --/persistent/app/viewport/displayOptions=3094 --/rtx/materialDb/syncLoads=True --/rtx/hydra/materialSyncLoads=True --/omni/kit/plugin/syncUsdLoads=True --/app/renderer/resolution/width=1280 --/app/renderer/resolution/height=720 --/app/window/width=1440 --/app/window/height=900 --/renderer/multiGpu/enabled=True --/app/fastShutdown=True --/app/installSignalHandlers=0 --ext-folder /workspace/isaaclab/_isaac_sim/exts --ext-folder /workspace/isaaclab/_isaac_sim/apps --/renderer/activeGpu=0 --/physics/cudaDevice=0 --/plugins/carb.tasking.plugin/threadCount=20 --/plugins/omni.tbb.globalcontrol/maxThreadCount=20 --portable --no-window --/app/window/hideUi=True --source-root /workspace/hexapod --package /pilot/inputs/study --checkpoint /pilot/train/policy/final.pt --checkpoint-sha256 88f8e60a7b1536229f51524cdc646f06d53e4f33cabb74aa89ebde73d06f7247 --checkpoint-label scratch_50_update_final --admission /probe/flat/admission.json --calibration /probe/probe/calibration.json --runner-smoke /probe/probe/runner_smoke.json --pilot-state /pilot/train/state.json --probe-campaign /probe/campaign.json --study-tree-receipt /probe/inputs/study_after_flat.sha256.json --pilot-inputs-receipt /pilot/inputs_before.sha256.json --output /outputs/recording --headless --enable_cameras --device cuda:0 --info "--kit_args=--/exts/omni.kit.telemetry/skipDeferredStartup=true --/app/extensions/excluded/4=omni.kit.telemetry" --/exts/omni.kit.telemetry/skipDeferredStartup=true --/app/extensions/excluded/4=omni.kit.telemetry
2026-09-10T04:24:50Z [0ms] [Info] [omni.kit.app.plugin] Applied configs: [/isaac-sim/kit/kernel/config/kit-core.json, /workspace/isaaclab/apps/isaaclab.python.headless.rendering.kit, /isaac-sim/kit/data/Kit/IsaacLab/3.0/user.config.json]
2026-09-10T04:24:50Z [0ms] [Info] [omni.kit.app.plugin] Non-existent configs: [/isaac-sim/kit/omni_configs/privacy.toml, /workspace/isaaclab/apps/isaaclab.python.headless.rendering.gen.kit, /root/Documents/Kit/shared/user.toml, /workspace/isaaclab/apps/deps/user.toml, /workspace/isaaclab/apps/deps/isaaclab.python.headless.rendering/user.toml, /workspace/isaaclab/deps/user.toml, /workspace/isaaclab/deps/isaaclab.python.headless.rendering/user.toml, /workspace/deps/user.toml, /workspace/deps/isaaclab.python.headless.rendering/user.toml, /deps/user.toml, /deps/isaaclab.python.headless.rendering/user.toml, /deps/user.toml, /deps/isaaclab.python.headless.rendering/user.toml, /usr/share/NVIDIA Corporation/kit/kit.config.toml, /usr/share/NVIDIA Corporation/kit/isaaclab.python.headless.rendering/kit.config.toml]
2026-09-10T04:24:50Z [0ms] [Info] [omni.kit.app.plugin] Portable Root: '/isaac-sim/kit'
2026-09-10T04:24:50Z [0ms] [Info] [omni.kit.app.plugin] Tokens:
{
    "exe-filename": "python3.12",
    "local-config-path": "/outputs",
    "custom-config-path": "/outputs",
    "cli-config-path": "/outputs",
    "omni_config": "/isaac-sim/kit/omni_configs",
    "omni_data": "/isaac-sim/kit/data",
    "omni_logs": "/isaac-sim/kit/logs",
    "omni_cache": "/isaac-sim/kit/cache",
    "omni_global_config": "/root/.nvidia-omniverse/config",
    "omni_global_data": "/root/.local/share/ov/data",
    "omni_global_logs": "/root/.nvidia-omniverse/logs",
    "omni_global_cache": "/root/.cache/ov",
    "temp": "/tmp/carb.GArj8H",
    "kit": "/isaac-sim/kit",
    "drive": "/",
    "app": "/workspace/isaaclab/apps",
    "resources": "/isaac-sim/kit/resources",
    "fonts": "/isaac-sim/kit/resources/fonts",
    "glyphs": "/isaac-sim/kit/resources/glyphs",
    "icons": "/isaac-sim/kit/resources/icons",
    "sounds": "/isaac-sim/kit/resources/sounds",
    "models": "/isaac-sim/kit/resources/models",
    "materials": "/isaac-sim/kit/resources/materials",
    "config": "release",
    "platform": "linux-aarch64",
    "bindings_ext": ".so",
    "exe_ext": "",
    "shell_ext": ".sh",
    "lib_ext": ".so",
    "lib_prefix": "lib",
    "session_id": "15623024255887212633",
    "omni_documents": "/root/Documents",
    "shared_documents": "/root/Documents/Kit/shared",
    "omni_program_data": "/usr/share",
    "shared_program_data": "/usr/share/NVIDIA Corporation/kit",
    "app_program_data": "/usr/share/NVIDIA Corporation/kit/isaaclab.python.headless.rendering",
    "kit_version": "110.1.2+production.326809.f9bf0dda.gl",
    "usd_version": "25.11",
    "python_version": "3.12",
    "python": "/isaac-sim/kit/python/bin/python3",
    "kit_version_short": "110.1",
    "kit_version_major": "110",
    "kit_version_minor": "1",
    "kit_version_patch": "2",
    "kit_git_hash": "f9bf0dda",
    "app_version": "3.0.0",
    "app_version_short": "3.0",
    "app_name": "IsaacLab",
    "app_filename": "isaaclab.python.headless.rendering",
    "data": "/isaac-sim/kit/data/Kit/IsaacLab/3.0",
    "logs": "/isaac-sim/kit/logs/Kit/IsaacLab/3.0",
    "cache": "/isaac-sim/kit/cache/Kit/110.1/f9bf0dda",
    "appcache": "/isaac-sim/kit/cache/Kit/110.1/f9bf0dda",
    "cache_postfix": "Kit/110.1/f9bf0dda",
    "app_documents": "/root/Documents/Kit/apps/IsaacLab",
    "documents": "/root/Documents/Kit/apps/IsaacLab",
    "start_timestamp": "20260910_042450",
    "log_file": "/isaac-sim/kit/logs/Kit/IsaacLab/3.0/kit_20260910_042450.log",
    "exe-path": "/workspace/isaaclab/_isaac_sim/kit"
}
2026-09-10T04:24:50Z [0ms] [Info] [omni.ext.plugin] Extension path: '/workspace/isaaclab/_isaac_sim/isaacsim/extsPhysics' doesn't exist.
2026-09-10T04:24:50Z [0ms] [Info] [omni.ext.plugin] Creating a new dir for extension path: '/workspace/isaaclab/_isaac_sim/isaacsim/extsPhysics'
2026-09-10T04:24:50Z [1ms] [Info] [omni.ext.plugin] Extension path: '/workspace/isaaclab/_isaac_sim/isaacsim/extscache' doesn't exist.
2026-09-10T04:24:50Z [1ms] [Info] [omni.ext.plugin] Creating a new dir for extension path: '/workspace/isaaclab/_isaac_sim/isaacsim/extscache'
2026-09-10T04:24:50Z [1ms] [Info] [omni.ext.plugin] Extension path: '/workspace/isaaclab/_isaac_sim/isaacsim/exts' doesn't exist.
2026-09-10T04:24:50Z [1ms] [Info] [omni.ext.plugin] Creating a new dir for extension path: '/workspace/isaaclab/_isaac_sim/isaacsim/exts'
2026-09-10T04:24:50Z [1ms] [Info] [omni.ext.plugin] Extension path: '/workspace/isaaclab/_isaac_sim/extsPhysics' doesn't exist.
2026-09-10T04:24:50Z [1ms] [Info] [omni.ext.plugin] Creating a new dir for extension path: '/workspace/isaaclab/_isaac_sim/extsPhysics'
2026-09-10T04:24:50Z [1ms] [Info] [omni.ext.plugin] Extension path: '/workspace/isaaclab/_isaac_sim/kit/exts' doesn't exist.
2026-09-10T04:24:50Z [1ms] [Info] [omni.ext.plugin] Creating a new dir for extension path: '/workspace/isaaclab/_isaac_sim/kit/exts'
2026-09-10T04:24:50Z [1ms] [Info] [omni.ext.plugin] Extension path: '/isaac-sim/kit/exts' doesn't exist.
2026-09-10T04:24:50Z [1ms] [Info] [omni.ext.plugin] Creating a new dir for extension path: '/isaac-sim/kit/exts'
2026-09-10T04:24:50Z [1ms] [Info] [omni.ext.plugin] [ext manager] preferLocalVersions: 1
2026-09-10T04:24:50Z [1ms] [Info] [omni.ext.plugin] Extension system targets:
  kitHash: f9bf0dda
  config: release
  python: cp312
  usd: u7f41+stock+25.11+cxx11
  platform: linux-aarch64
  kit: 110.1.2
2026-09-10T04:24:50Z [1ms] [Info] [omni.ext.plugin] Searching for extensions in: '/workspace/isaaclab/apps/isaaclab.python.headless.rendering.kit' (path type: 1, dev: 0)
2026-09-10T04:24:50Z [1ms] [Info] [omni.ext.plugin] Searching for extensions in: '/isaac-sim/kit/data/Kit/IsaacLab/3.0/exts/3' (path type: 4, dev: 0)
2026-09-10T04:24:50Z [1ms] [Info] [omni.ext.plugin] Searching for extensions in: '/isaac-sim/apps' (path type: 0, dev: 0)
2026-09-10T04:24:50Z [1ms] [Info] [omni.ext.plugin] Searching for extensions in: '/isaac-sim/exts' (path type: 0, dev: 0)
2026-09-10T04:24:50Z [2ms] [Info] [omni.ext.plugin] Searching for extensions in: '/workspace/isaaclab/source' (path type: 0, dev: 0)
2026-09-10T04:24:50Z [2ms] [Info] [omni.ext.plugin] Searching for extensions in: '/workspace/isaaclab/apps' (path type: 0, dev: 0)
2026-09-10T04:24:50Z [2ms] [Info] [omni.ext.plugin] Searching for extensions in: '' (path type: 0, dev: 0)
2026-09-10T04:24:50Z [2ms] [Info] [omni.ext.plugin] Searching for extensions in: '/isaac-sim/extscache' (path type: 0, dev: 0)
2026-09-10T04:24:50Z [2ms] [Warning] [omni.ext.plugin] [ext: jobs] Extensions config 'extension.toml' doesn't exist '/outputs/jobs' or '/outputs/jobs/config'
2026-09-10T04:24:50Z [2ms] [Info] [carb] Initializing plugin: carb.variant.plugin (interfaces: [carb::variant::IVariant v0.1]) (impl: carb.variant.plugin)
2026-09-10T04:24:50Z [2ms] [Warning] [omni.ext.plugin] [ext: recording] Extensions config 'extension.toml' doesn't exist '/outputs/recording' or '/outputs/recording/config'
2026-09-10T04:24:50Z [2ms] [Warning] [omni.ext.plugin] [ext: isaaclab_visualizers] Extensions config 'extension.toml' doesn't exist '/workspace/isaaclab/source/isaaclab_visualizers' or '/workspace/isaaclab/source/isaaclab_visualizers/config'
2026-09-10T04:24:50Z [3ms] [Warning] [omni.ext.plugin] [ext: logs] Extensions config 'extension.toml' doesn't exist '/outputs/logs' or '/outputs/logs/config'
2026-09-10T04:24:50Z [5ms] [Info] [omni.ext.plugin] Searching for extensions in: '/isaac-sim/kit/extscore' (path type: 0, dev: 0)
2026-09-10T04:24:50Z [6ms] [Info] [omni.ext.plugin] Searching for extensions in: '/root/Documents/Kit/shared/exts' (path type: 0, dev: 0)
2026-09-10T04:24:50Z [6ms] [Info] [omni.ext.plugin] Searching for extensions in: '/root/Documents/Kit/apps/IsaacLab/exts' (path type: 0, dev: 0)
2026-09-10T04:24:50Z [6ms] [Info] [omni.ext.plugin] Searching for extensions in: '/isaac-sim/kit/apps' (path type: 0, dev: 0)
2026-09-10T04:24:50Z [9ms] [Info] [omni.ext.plugin] Registered 638 extension(s), 0 unsuitable:
  [ext: isaacsim.exp.action_and_event_data_generation.base-0.4.0] registered (path: /isaac-sim/apps/isaacsim.exp.action_and_event_data_generation.base.kit)
  [ext: isaacsim.exp.action_and_event_data_generation.full-0.4.0] registered (path: /isaac-sim/apps/isaacsim.exp.action_and_event_data_generation.full.kit)
  [ext: isaacsim.exp.base-6.0.1] registered (path: /isaac-sim/apps/isaacsim.exp.base.kit)
  [ext: isaacsim.exp.base.python-6.0.1] registered (path: /isaac-sim/apps/isaacsim.exp.base.python.kit)
  [ext: isaacsim.exp.base.xr.vr-6.0.1] registered (path: /isaac-sim/apps/isaacsim.exp.base.xr.vr.kit)
  [ext: isaacsim.exp.base.zero_delay-6.0.1] registered (path: /isaac-sim/apps/isaacsim.exp.base.zero_delay.kit)
  [ext: isaacsim.exp.compatibility_check-6.0.1] registered (path: /isaac-sim/apps/isaacsim.exp.compatibility_check.kit)
  [ext: isaacsim.exp.full.fabric-6.0.1] registered (path: /isaac-sim/apps/isaacsim.exp.full.fabric.kit)
  [ext: isaacsim.exp.full-6.0.1] registered (path: /isaac-sim/apps/isaacsim.exp.full.kit)
  [ext: isaacsim.exp.full.newton-6.0.1] registered (path: /isaac-sim/apps/isaacsim.exp.full.newton.kit)
  [ext: isaacsim.exp.full.streaming-6.0.1] registered (path: /isaac-sim/apps/isaacsim.exp.full.streaming.kit)
  [ext: isaacsim.exp.uidoc-6.0.1] registered (path: /isaac-sim/apps/isaacsim.exp.uidoc.kit)
  [ext: isaacsim.app.about-2.3.1] registered (path: /isaac-sim/exts/isaacsim.app.about)
  [ext: isaacsim.app.setup-1.12.0] registered (path: /isaac-sim/exts/isaacsim.app.setup)
  [ext: isaacsim.asset.exporter.urdf-2.0.5] registered (path: /isaac-sim/exts/isaacsim.asset.exporter.urdf)
  [ext: isaacsim.asset.exporter.urdf.ui-1.0.2] registered (path: /isaac-sim/exts/isaacsim.asset.exporter.urdf.ui)
  [ext: isaacsim.asset.gen.conveyor-1.2.3] registered (path: /isaac-sim/exts/isaacsim.asset.gen.conveyor)
  [ext: isaacsim.asset.gen.conveyor.ui-2.3.1] registered (path: /isaac-sim/exts/isaacsim.asset.gen.conveyor.ui)
  [ext: isaacsim.asset.gen.omap-2.3.2] registered (path: /isaac-sim/exts/isaacsim.asset.gen.omap)
  [ext: isaacsim.asset.gen.omap.ui-2.6.1] registered (path: /isaac-sim/exts/isaacsim.asset.gen.omap.ui)
  [ext: isaacsim.asset.importer.heightmap-2.3.4] registered (path: /isaac-sim/exts/isaacsim.asset.importer.heightmap)
  [ext: isaacsim.asset.importer.mjcf-3.10.1] registered (path: /isaac-sim/exts/isaacsim.asset.importer.mjcf)
  [ext: isaacsim.asset.importer.mjcf.ui-1.4.4] registered (path: /isaac-sim/exts/isaacsim.asset.importer.mjcf.ui)
  [ext: isaacsim.asset.importer.urdf-3.11.2] registered (path: /isaac-sim/exts/isaacsim.asset.importer.urdf)
  [ext: isaacsim.asset.importer.urdf.ui-1.4.3] registered (path: /isaac-sim/exts/isaacsim.asset.importer.urdf.ui)
  [ext: isaacsim.asset.importer.utils-1.8.1] registered (path: /isaac-sim/exts/isaacsim.asset.importer.utils)
  [ext: isaacsim.asset.transformer-1.2.5] registered (path: /isaac-sim/exts/isaacsim.asset.transformer)
  [ext: isaacsim.asset.transformer.rules-1.7.10] registered (path: /isaac-sim/exts/isaacsim.asset.transformer.rules)
  [ext: isaacsim.asset.transformer.ui-1.1.2] registered (path: /isaac-sim/exts/isaacsim.asset.transformer.ui)
  [ext: isaacsim.asset.validation-1.3.6] registered (path: /isaac-sim/exts/isaacsim.asset.validation)
  [ext: isaacsim.benchmark.services-4.2.3] registered (path: /isaac-sim/exts/isaacsim.benchmark.services)
  [ext: isaacsim.code_editor.jupyter-1.2.1] registered (path: /isaac-sim/exts/isaacsim.code_editor.jupyter)
  [ext: isaacsim.code_editor.python_server-1.3.1] registered (path: /isaac-sim/exts/isaacsim.code_editor.python_server)
  [ext: isaacsim.code_editor.vscode-1.2.3] registered (path: /isaac-sim/exts/isaacsim.code_editor.vscode)
  [ext: isaacsim.core.cloner-1.7.3] registered (path: /isaac-sim/exts/isaacsim.core.cloner)
  [ext: isaacsim.core.deprecation_manager-0.4.2] registered (path: /isaac-sim/exts/isaacsim.core.deprecation_manager)
  [ext: isaacsim.core.experimental.actuators-0.1.2] registered (path: /isaac-sim/exts/isaacsim.core.experimental.actuators)
  [ext: isaacsim.core.experimental.materials-0.7.1] registered (path: /isaac-sim/exts/isaacsim.core.experimental.materials)
  [ext: isaacsim.core.experimental.objects-0.8.1] registered (path: /isaac-sim/exts/isaacsim.core.experimental.objects)
  [ext: isaacsim.core.experimental.primdata-0.3.2] registered (path: /isaac-sim/exts/isaacsim.core.experimental.primdata)
  [ext: isaacsim.core.experimental.prims-1.8.9] registered (path: /isaac-sim/exts/isaacsim.core.experimental.prims)
  [ext: isaacsim.core.experimental.utils-0.17.2] registered (path: /isaac-sim/exts/isaacsim.core.experimental.utils)
  [ext: isaacsim.core.includes-2.9.1] registered (path: /isaac-sim/exts/isaacsim.core.includes)
  [ext: isaacsim.core.nodes-5.10.5] registered (path: /isaac-sim/exts/isaacsim.core.nodes)
  [ext: isaacsim.core.rendering_manager-0.4.3] registered (path: /isaac-sim/exts/isaacsim.core.rendering_manager)
  [ext: isaacsim.core.simulation_manager-1.15.6] registered (path: /isaac-sim/exts/isaacsim.core.simulation_manager)
  [ext: isaacsim.core.telemetry-2.0.1] registered (path: /isaac-sim/exts/isaacsim.core.telemetry)
  [ext: isaacsim.core.throttling-2.3.5] registered (path: /isaac-sim/exts/isaacsim.core.throttling)
  [ext: isaacsim.core.version-2.1.1] registered (path: /isaac-sim/exts/isaacsim.core.version)
  [ext: isaacsim.examples.base-1.3.2] registered (path: /isaac-sim/exts/isaacsim.examples.base)
  [ext: isaacsim.examples.browser-0.3.2] registered (path: /isaac-sim/exts/isaacsim.examples.browser)
  [ext: isaacsim.examples.interactive-4.16.1] registered (path: /isaac-sim/exts/isaacsim.examples.interactive)
  [ext: isaacsim.examples.ipc-1.0.2] registered (path: /isaac-sim/exts/isaacsim.examples.ipc)
  [ext: isaacsim.examples.ui-1.2.3] registered (path: /isaac-sim/exts/isaacsim.examples.ui)
  [ext: isaacsim.gui.components-1.8.5] registered (path: /isaac-sim/exts/isaacsim.gui.components)
  [ext: isaacsim.gui.content_browser-0.4.3] registered (path: /isaac-sim/exts/isaacsim.gui.content_browser)
  [ext: isaacsim.gui.menu-2.10.5] registered (path: /isaac-sim/exts/isaacsim.gui.menu)
  [ext: isaacsim.gui.property-1.6.4] registered (path: /isaac-sim/exts/isaacsim.gui.property)
  [ext: isaacsim.gui.sensors.icon-2.2.1] registered (path: /isaac-sim/exts/isaacsim.gui.sensors.icon)
  [ext: isaacsim.hsb.bridge-1.0.2] registered (path: /isaac-sim/exts/isaacsim.hsb.bridge)
  [ext: isaacsim.hsb.core-1.0.1] registered (path: /isaac-sim/exts/isaacsim.hsb.core)
  [ext: isaacsim.hsb.nodes-1.0.3] registered (path: /isaac-sim/exts/isaacsim.hsb.nodes)
  [ext: isaacsim.physics.newton-0.8.1] registered (path: /isaac-sim/exts/isaacsim.physics.newton)
  [ext: isaacsim.physics.newton.tensors-0.1.9] registered (path: /isaac-sim/exts/isaacsim.physics.newton.tensors)
  [ext: isaacsim.physics.newton.ui-1.3.1] registered (path: /isaac-sim/exts/isaacsim.physics.newton.ui)
  [ext: isaacsim.pip.newton-0.6.1] registered (path: /isaac-sim/exts/isaacsim.pip.newton)
  [ext: isaacsim.replicator.behavior-1.5.4] registered (path: /isaac-sim/exts/isaacsim.replicator.behavior)
  [ext: isaacsim.replicator.behavior.ui-1.2.1] registered (path: /isaac-sim/exts/isaacsim.replicator.behavior.ui)
  [ext: isaacsim.replicator.episode_recorder-0.1.4] registered (path: /isaac-sim/exts/isaacsim.replicator.episode_recorder)
  [ext: isaacsim.replicator.episode_recorder.ui-0.1.3] registered (path: /isaac-sim/exts/isaacsim.replicator.episode_recorder.ui)
  [ext: isaacsim.replicator.examples-1.11.6] registered (path: /isaac-sim/exts/isaacsim.replicator.examples)
  [ext: isaacsim.replicator.experimental.domain_randomization-1.2.5] registered (path: /isaac-sim/exts/isaacsim.replicator.experimental.domain_randomization)
  [ext: isaacsim.replicator.experimental.mobility_gen-0.2.10] registered (path: /isaac-sim/exts/isaacsim.replicator.experimental.mobility_gen)
  [ext: isaacsim.replicator.grasping-1.1.5] registered (path: /isaac-sim/exts/isaacsim.replicator.grasping)
  [ext: isaacsim.replicator.grasping.ui-1.1.3] registered (path: /isaac-sim/exts/isaacsim.replicator.grasping.ui)
  [ext: isaacsim.replicator.mobility_gen.examples-0.3.4] registered (path: /isaac-sim/exts/isaacsim.replicator.mobility_gen.examples)
  [ext: isaacsim.replicator.mobility_gen.ui-0.4.8] registered (path: /isaac-sim/exts/isaacsim.replicator.mobility_gen.ui)
  [ext: isaacsim.replicator.nurec_utils-0.1.2] registered (path: /isaac-sim/exts/isaacsim.replicator.nurec_utils)
  [ext: isaacsim.replicator.synthetic_recorder-2.4.5] registered (path: /isaac-sim/exts/isaacsim.replicator.synthetic_recorder)
  [ext: isaacsim.replicator.writers-1.5.4] registered (path: /isaac-sim/exts/isaacsim.replicator.writers)
  [ext: isaacsim.robot.experimental.manipulators.examples-0.2.1] registered (path: /isaac-sim/exts/isaacsim.robot.experimental.manipulators.examples)
  [ext: isaacsim.robot.experimental.wheeled_robots-0.2.11] registered (path: /isaac-sim/exts/isaacsim.robot.experimental.wheeled_robots)
  [ext: isaacsim.robot.policy.examples-5.2.12] registered (path: /isaac-sim/exts/isaacsim.robot.policy.examples)
  [ext: isaacsim.robot.poser-1.1.3] registered (path: /isaac-sim/exts/isaacsim.robot.poser)
  [ext: isaacsim.robot.poser.ui-1.1.1] registered (path: /isaac-sim/exts/isaacsim.robot.poser.ui)
  [ext: isaacsim.robot.schema-6.3.7] registered (path: /isaac-sim/exts/isaacsim.robot.schema)
  [ext: isaacsim.robot.schema.ui-0.3.5] registered (path: /isaac-sim/exts/isaacsim.robot.schema.ui)
  [ext: isaacsim.robot.surface_gripper-3.6.2] registered (path: /isaac-sim/exts/isaacsim.robot.surface_gripper)
  [ext: isaacsim.robot.surface_gripper.ui-3.1.4] registered (path: /isaac-sim/exts/isaacsim.robot.surface_gripper.ui)
  [ext: isaacsim.robot.wheeled_robots.nodes-0.1.5] registered (path: /isaac-sim/exts/isaacsim.robot.wheeled_robots.nodes)
  [ext: isaacsim.robot.wheeled_robots.ui-2.3.3] registered (path: /isaac-sim/exts/isaacsim.robot.wheeled_robots.ui)
  [ext: isaacsim.robot_motion.cumotion-1.3.1] registered (path: /isaac-sim/exts/isaacsim.robot_motion.cumotion)
  [ext: isaacsim.robot_motion.cumotion.examples-0.4.1] registered (path: /isaac-sim/exts/isaacsim.robot_motion.cumotion.examples)
  [ext: isaacsim.robot_motion.experimental.motion_generation-6.1.3] registered (path: /isaac-sim/exts/isaacsim.robot_motion.experimental.motion_generation)
  [ext: isaacsim.robot_motion.schema-0.2.1] registered (path: /isaac-sim/exts/isaacsim.robot_motion.schema)
  [ext: isaacsim.robot_setup.assembler-3.3.3] registered (path: /isaac-sim/exts/isaacsim.robot_setup.assembler)
  [ext: isaacsim.robot_setup.collision_detector-0.2.1] registered (path: /isaac-sim/exts/isaacsim.robot_setup.collision_detector)
  [ext: isaacsim.robot_setup.gain_tuner-3.5.3] registered (path: /isaac-sim/exts/isaacsim.robot_setup.gain_tuner)
  [ext: isaacsim.robot_setup.grasp_editor-2.3.3] registered (path: /isaac-sim/exts/isaacsim.robot_setup.grasp_editor)
  [ext: isaacsim.robot_setup.xrdf_editor-3.6.2] registered (path: /isaac-sim/exts/isaacsim.robot_setup.xrdf_editor)
  [ext: isaacsim.ros2.bridge-5.1.2] registered (path: /isaac-sim/exts/isaacsim.ros2.bridge)
  [ext: isaacsim.ros2.core-1.9.4] registered (path: /isaac-sim/exts/isaacsim.ros2.core)
  [ext: isaacsim.ros2.examples-1.2.4] registered (path: /isaac-sim/exts/isaacsim.ros2.examples)
  [ext: isaacsim.ros2.nodes-1.18.13] registered (path: /isaac-sim/exts/isaacsim.ros2.nodes)
  [ext: isaacsim.ros2.sim_control-1.6.6] registered (path: /isaac-sim/exts/isaacsim.ros2.sim_control)
  [ext: isaacsim.ros2.tf_viewer-2.3.3] registered (path: /isaac-sim/exts/isaacsim.ros2.tf_viewer)
  [ext: isaacsim.ros2.ui-1.6.5] registered (path: /isaac-sim/exts/isaacsim.ros2.ui)
  [ext: isaacsim.ros2.urdf-2.3.7] registered (path: /isaac-sim/exts/isaacsim.ros2.urdf)
  [ext: isaacsim.sensors.camera.ui-0.7.2] registered (path: /isaac-sim/exts/isaacsim.sensors.camera.ui)
  [ext: isaacsim.sensors.experimental.physics-3.0.2] registered (path: /isaac-sim/exts/isaacsim.sensors.experimental.physics)
  [ext: isaacsim.sensors.experimental.rtx-1.4.6] registered (path: /isaac-sim/exts/isaacsim.sensors.experimental.rtx)
  [ext: isaacsim.sensors.physics.examples-1.2.4] registered (path: /isaac-sim/exts/isaacsim.sensors.physics.examples)
  [ext: isaacsim.sensors.physics.nodes-1.5.3] registered (path: /isaac-sim/exts/isaacsim.sensors.physics.nodes)
  [ext: isaacsim.sensors.physics.ui-1.2.2] registered (path: /isaac-sim/exts/isaacsim.sensors.physics.ui)
  [ext: isaacsim.sensors.rtx.nodes-0.1.2] registered (path: /isaac-sim/exts/isaacsim.sensors.rtx.nodes)
  [ext: isaacsim.sensors.rtx.ui-1.5.1] registered (path: /isaac-sim/exts/isaacsim.sensors.rtx.ui)
  [ext: isaacsim.simulation_app-2.18.4] registered (path: /isaac-sim/exts/isaacsim.simulation_app)
  [ext: isaacsim.storage.native-1.9.3] registered (path: /isaac-sim/exts/isaacsim.storage.native)
  [ext: isaacsim.streaming.rtsp-0.1.4] registered (path: /isaac-sim/exts/isaacsim.streaming.rtsp)
  [ext: isaacsim.test.collection-2.6.8] registered (path: /isaac-sim/exts/isaacsim.test.collection)
  [ext: isaacsim.test.docstring-1.3.2] registered (path: /isaac-sim/exts/isaacsim.test.docstring)
  [ext: isaacsim.test.utils-0.14.7] registered (path: /isaac-sim/exts/isaacsim.test.utils)
  [ext: isaacsim.ucx.bridge-1.2.2] registered (path: /isaac-sim/exts/isaacsim.ucx.bridge)
  [ext: isaacsim.ucx.core-1.4.4] registered (path: /isaac-sim/exts/isaacsim.ucx.core)
  [ext: isaacsim.ucx.nodes-1.6.7] registered (path: /isaac-sim/exts/isaacsim.ucx.nodes)
  [ext: isaacsim.util.camera_inspector-1.2.2] registered (path: /isaac-sim/exts/isaacsim.util.camera_inspector)
  [ext: isaacsim.util.physics-1.2.2] registered (path: /isaac-sim/exts/isaacsim.util.physics)
  [ext: omni.isaac.core_archive-5.3.1] registered (path: /isaac-sim/exts/omni.isaac.core_archive)
  [ext: omni.kit.loop-isaac-1.6.0] registered (path: /isaac-sim/exts/omni.kit.loop-isaac)
  [ext: omni.pip.cloud-1.5.4] registered (path: /isaac-sim/exts/omni.pip.cloud)
  [ext: omni.pip.compute-1.9.2] registered (path: /isaac-sim/exts/omni.pip.compute)
  [ext: omni.usd.schema.mujoco-1.1.1] registered (path: /isaac-sim/exts/omni.usd.schema.mujoco)
  [ext: omni.usd.schema.newton-1.2.1] registered (path: /isaac-sim/exts/omni.usd.schema.newton)
  [ext: isaaclab-6.1.14] registered (path: /workspace/isaaclab/source/isaaclab)
  [ext: isaaclab_assets-0.3.4] registered (path: /workspace/isaaclab/source/isaaclab_assets)
  [ext: isaaclab_contrib-0.4.4] registered (path: /workspace/isaaclab/source/isaaclab_contrib)
  [ext: isaaclab_experimental-0.0.7] registered (path: /workspace/isaaclab/source/isaaclab_experimental)
  [ext: isaaclab_mimic-1.3.3] registered (path: /workspace/isaaclab/source/isaaclab_mimic)
  [ext: isaaclab_newton-0.13.6] registered (path: /workspace/isaaclab/source/isaaclab_newton)
  [ext: isaaclab_ov-0.4.2] registered (path: /workspace/isaaclab/source/isaaclab_ov)
  [ext: isaaclab_ovphysx-3.0.2] registered (path: /workspace/isaaclab/source/isaaclab_ovphysx)
  [ext: isaaclab_physx-1.1.3] registered (path: /workspace/isaaclab/source/isaaclab_physx)
  [ext: isaaclab_ppisp-0.2.0] registered (path: /workspace/isaaclab/source/isaaclab_ppisp)
  [ext: isaaclab_rl-0.5.5] registered (path: /workspace/isaaclab/source/isaaclab_rl)
  [ext: isaaclab_tasks-1.10.9] registered (path: /workspace/isaaclab/source/isaaclab_tasks)
  [ext: isaaclab_tasks_experimental-0.0.1] registered (path: /workspace/isaaclab/source/isaaclab_tasks_experimental)
  [ext: isaaclab_teleop-0.5.2] registered (path: /workspace/isaaclab/source/isaaclab_teleop)
  [ext: isaaclab.python.headless-3.0.0] registered (path: /workspace/isaaclab/apps/isaaclab.python.headless.kit)
  [ext: isaaclab.python-3.0.0] registered (path: /workspace/isaaclab/apps/isaaclab.python.kit)
  [ext: isaaclab.python.rendering-3.0.0] registered (path: /workspace/isaaclab/apps/isaaclab.python.rendering.kit)
  [ext: isaaclab.python.xr.openxr.headless-3.0.0] registered (path: /workspace/isaaclab/apps/isaaclab.python.xr.openxr.headless.kit)
  [ext: isaaclab.python.xr.openxr-3.0.0] registered (path: /workspace/isaaclab/apps/isaaclab.python.xr.openxr.kit)
  [ext: rendering_modes-0.0.0] registered (path: /workspace/isaaclab/apps/rendering_modes)
  [ext: carb.audio-0.1.0] registered (path: /isaac-sim/extscache/carb.audio-0.1.0+f9bf0dda.la64.r.cp312)
  [ext: carb.windowing.plugins-1.0.1] registered (path: /isaac-sim/extscache/carb.windowing.plugins-1.0.1+f9bf0dda.la64.r)
  [ext: isaacsim.action_and_event_data_generation.setup-0.6.0] registered (path: /isaac-sim/extscache/isaacsim.action_and_event_data_generation.setup-0.6.0)
  [ext: isaacsim.anim.robot.bt_nodes-0.1.1] registered (path: /isaac-sim/extscache/isaacsim.anim.robot.bt_nodes-0.1.1+110.1.2)
  [ext: isaacsim.anim.robot.core-1.4.2] registered (path: /isaac-sim/extscache/isaacsim.anim.robot.core-1.4.2+110.1.2.la64)
  [ext: isaacsim.anim.robot.schema-0.1.1] registered (path: /isaac-sim/extscache/isaacsim.anim.robot.schema-0.1.1+110.1.2)
  [ext: isaacsim.app.compatibility_check-1.1.4] registered (path: /isaac-sim/extscache/isaacsim.app.compatibility_check-1.1.4+110.1.2.la64.r.cp312)
  [ext: isaacsim.replicator.agent.core-1.6.8] registered (path: /isaac-sim/extscache/isaacsim.replicator.agent.core-1.6.8+110.1.2)
  [ext: isaacsim.replicator.agent.schema-0.1.1] registered (path: /isaac-sim/extscache/isaacsim.replicator.agent.schema-0.1.1+110.1.2)
  [ext: isaacsim.replicator.agent.ui-1.0.36] registered (path: /isaac-sim/extscache/isaacsim.replicator.agent.ui-1.0.36+110.1.2)
  [ext: isaacsim.replicator.caption.core-0.7.10] registered (path: /isaac-sim/extscache/isaacsim.replicator.caption.core-0.7.10+110.1.2.la64)
  [ext: isaacsim.replicator.incident.core-0.11.8] registered (path: /isaac-sim/extscache/isaacsim.replicator.incident.core-0.11.8+110.1.2.la64)
  [ext: isaacsim.replicator.incident.ui-0.6.4] registered (path: /isaac-sim/extscache/isaacsim.replicator.incident.ui-0.6.4+110.1.2.la64)
  [ext: isaacsim.replicator.object.core-0.11.12] registered (path: /isaac-sim/extscache/isaacsim.replicator.object.core-0.11.12+110.1.2.la64)
  [ext: isaacsim.replicator.object.ui-0.11.5] registered (path: /isaac-sim/extscache/isaacsim.replicator.object.ui-0.11.5+110.1.2.la64)
  [ext: isaacsim.sensors.rtx.calibration-0.3.10] registered (path: /isaac-sim/extscache/isaacsim.sensors.rtx.calibration-0.3.10+110.1.2)
  [ext: isaacsim.sensors.rtx.placement-0.16.10] registered (path: /isaac-sim/extscache/isaacsim.sensors.rtx.placement-0.16.10+110.1.2)
  [ext: isaacsim.util.debug_draw-3.2.3] registered (path: /isaac-sim/extscache/isaacsim.util.debug_draw-3.2.3+110.1.2.la64.r.cp312)
  [ext: omni.activity.core-1.0.3] registered (path: /isaac-sim/extscache/omni.activity.core-1.0.3+f9bf0dda.la64.r.cp312)
  [ext: omni.activity.profiler-1.0.4] registered (path: /isaac-sim/extscache/omni.activity.profiler-1.0.4+f9bf0dda.la64.r.cp312)
  [ext: omni.activity.pump-1.0.1] registered (path: /isaac-sim/extscache/omni.activity.pump-1.0.1+f9bf0dda.la64.r.cp312)
  [ext: omni.activity.ui-1.3.0] registered (path: /isaac-sim/extscache/omni.activity.ui-1.3.0+f9bf0dda.la64.r.cp312)
  [ext: omni.activity.usd_resolver-1.0.4] registered (path: /isaac-sim/extscache/omni.activity.usd_resolver-1.0.4+f9bf0dda.la64.r.cp312)
  [ext: omni.ai.behavior_tree_gen.bridge-1.0.4] registered (path: /isaac-sim/extscache/omni.ai.behavior_tree_gen.bridge-1.0.4+110.1.2.la64.cp312)
  [ext: omni.ai.behavior_tree_gen.core-1.0.2] registered (path: /isaac-sim/extscache/omni.ai.behavior_tree_gen.core-1.0.2+110.1.2.la64.cp312)
  [ext: omni.ai.langchain.agent.chat_iro-2.2.11] registered (path: /isaac-sim/extscache/omni.ai.langchain.agent.chat_iro-2.2.11+la64)
  [ext: omni.ai.langchain.core-2.3.1] registered (path: /isaac-sim/extscache/omni.ai.langchain.core-2.3.1+109.0.0.la64.cp312)
  [ext: omni.ai.langchain.widget.core-3.0.0] registered (path: /isaac-sim/extscache/omni.ai.langchain.widget.core-3.0.0+109.1.0.cp312)
  [ext: omni.anim.asset-110.1.0] registered (path: /isaac-sim/extscache/omni.anim.asset-110.1.0+110.1.1.la64.r.cp312.u7f4)
  [ext: omni.anim.behavior.bundle-110.1.0] registered (path: /isaac-sim/extscache/omni.anim.behavior.bundle-110.1.0+110.1.1)
  [ext: omni.anim.behavior.core-110.1.4] registered (path: /isaac-sim/extscache/omni.anim.behavior.core-110.1.4+110.1.1.la64.r.cp312.u7f4)
  [ext: omni.anim.behavior.schema-110.1.0] registered (path: /isaac-sim/extscache/omni.anim.behavior.schema-110.1.0+110.1.1.la64.r.cp312.u7f4)
  [ext: omni.anim.behavior.tree-110.1.3] registered (path: /isaac-sim/extscache/omni.anim.behavior.tree-110.1.3+la64.r.cp312)
  [ext: omni.anim.behavior.ui-110.1.4] registered (path: /isaac-sim/extscache/omni.anim.behavior.ui-110.1.4+110.1.1)
  [ext: omni.anim.curve.bundle-1.4.0] registered (path: /isaac-sim/extscache/omni.anim.curve.bundle-1.4.0+110.0.0.u7f4)
  [ext: omni.anim.curve.core-1.6.0] registered (path: /isaac-sim/extscache/omni.anim.curve.core-1.6.0+110.0.0.la64.r.cp312.u7f4)
  [ext: omni.anim.curve.ui-1.7.0] registered (path: /isaac-sim/extscache/omni.anim.curve.ui-1.7.0+110.0.0.u7f4)
  [ext: omni.anim.curve_editor-110.0.0] registered (path: /isaac-sim/extscache/omni.anim.curve_editor-110.0.0+110.0.0.u7f4)
  [ext: omni.anim.graph.bundle-110.1.1] registered (path: /isaac-sim/extscache/omni.anim.graph.bundle-110.1.1+110.1.1)
  [ext: omni.anim.graph.core-110.1.2] registered (path: /isaac-sim/extscache/omni.anim.graph.core-110.1.2+110.1.1.la64.r.cp312.u7f4)
  [ext: omni.anim.graph.schema-110.1.1] registered (path: /isaac-sim/extscache/omni.anim.graph.schema-110.1.1+110.1.1.la64.r.cp312.u7f4)
  [ext: omni.anim.graph.ui-110.1.2] registered (path: /isaac-sim/extscache/omni.anim.graph.ui-110.1.2+110.1.1)
  [ext: omni.anim.navigation.bundle-110.1.0] registered (path: /isaac-sim/extscache/omni.anim.navigation.bundle-110.1.0+110.1.1)
  [ext: omni.anim.navigation.core-110.1.4] registered (path: /isaac-sim/extscache/omni.anim.navigation.core-110.1.4+110.1.1.la64.r.cp312.u7f4)
  [ext: omni.anim.navigation.schema-110.1.0] registered (path: /isaac-sim/extscache/omni.anim.navigation.schema-110.1.0+110.1.1.la64.r.cp312.u7f4)
  [ext: omni.anim.navigation.ui-110.1.1] registered (path: /isaac-sim/extscache/omni.anim.navigation.ui-110.1.1+110.1.1)
  [ext: omni.anim.retarget.bundle-110.1.0] registered (path: /isaac-sim/extscache/omni.anim.retarget.bundle-110.1.0+110.1.1)
  [ext: omni.anim.retarget.core-110.1.0] registered (path: /isaac-sim/extscache/omni.anim.retarget.core-110.1.0+110.1.1.la64.r.cp312.u7f4)
  [ext: omni.anim.retarget.preview-110.1.0] registered (path: /isaac-sim/extscache/omni.anim.retarget.preview-110.1.0+110.1.1)
  [ext: omni.anim.retarget.ui-110.1.0] registered (path: /isaac-sim/extscache/omni.anim.retarget.ui-110.1.0+110.1.1)
  [ext: omni.anim.shared.core-110.0.0] registered (path: /isaac-sim/extscache/omni.anim.shared.core-110.0.0+110.0.0.la64.r.cp312.u7f4)
  [ext: omni.anim.skelJoint-110.1.0] registered (path: /isaac-sim/extscache/omni.anim.skelJoint-110.1.0+110.1.1.la64.r.cp312.u7f4)
  [ext: omni.anim.timeline-110.0.0] registered (path: /isaac-sim/extscache/omni.anim.timeline-110.0.0+110.0.0.la64.r.cp312.u7f4)
  [ext: omni.anim.widget.timeline-0.4.0] registered (path: /isaac-sim/extscache/omni.anim.widget.timeline-0.4.0+110.0.0.u7f4)
  [ext: omni.anim.window.timeline-110.0.1] registered (path: /isaac-sim/extscache/omni.anim.window.timeline-110.0.1+110.0.0.u7f4)
  [ext: omni.appwindow-1.2.2] registered (path: /isaac-sim/extscache/omni.appwindow-1.2.2+f9bf0dda.la64.r.cp312)
  [ext: omni.asset_validator.core-1.19.3] registered (path: /isaac-sim/extscache/omni.asset_validator.core-1.19.3)
  [ext: omni.asset_validator.ui-1.19.3] registered (path: /isaac-sim/extscache/omni.asset_validator.ui-1.19.3)
  [ext: omni.assets.plugins-0.0.0] registered (path: /isaac-sim/extscache/omni.assets.plugins-0.0.0+f9bf0dda.la64.r)
  [ext: omni.behavior.scripting.bundle-110.1.0] registered (path: /isaac-sim/extscache/omni.behavior.scripting.bundle-110.1.0+110.1.1)
  [ext: omni.behavior.scripting.core-110.1.0] registered (path: /isaac-sim/extscache/omni.behavior.scripting.core-110.1.0+110.1.1)
  [ext: omni.behavior.scripting.ui-110.1.0] registered (path: /isaac-sim/extscache/omni.behavior.scripting.ui-110.1.0+110.1.1)
  [ext: omni.behavior.tree.bundle-110.1.0] registered (path: /isaac-sim/extscache/omni.behavior.tree.bundle-110.1.0+110.1.1.u7f4)
  [ext: omni.behavior.tree.core-110.1.9] registered (path: /isaac-sim/extscache/omni.behavior.tree.core-110.1.9+110.1.1.la64.r.cp312.u7f4)
  [ext: omni.behavior.tree.schema-110.1.0] registered (path: /isaac-sim/extscache/omni.behavior.tree.schema-110.1.0+110.1.1.u7f4)
  [ext: omni.behavior.tree.ui-110.1.12] registered (path: /isaac-sim/extscache/omni.behavior.tree.ui-110.1.12+110.1.1)
  [ext: omni.blobkey-1.1.2] registered (path: /isaac-sim/extscache/omni.blobkey-1.1.2+f9bf0dda.la64.r)
  [ext: omni.client-1.3.0] registered (path: /isaac-sim/extscache/omni.client-1.3.0+f9bf0dda.la64.r)
  [ext: omni.convexdecomposition-110.1.13] registered (path: /isaac-sim/extscache/omni.convexdecomposition-110.1.13+110.1.2.la64.r.cp312.u7f4)
  [ext: omni.cubric-0.1.0] registered (path: /isaac-sim/extscache/omni.cubric-0.1.0+f9bf0dda.la64.r)
  [ext: omni.cuopt.examples-1.4.2] registered (path: /isaac-sim/extscache/omni.cuopt.examples-1.4.2+110.1.2)
  [ext: omni.cuopt.service-1.3.3] registered (path: /isaac-sim/extscache/omni.cuopt.service-1.3.3+110.1.2)
  [ext: omni.cuopt.visualization-1.4.2] registered (path: /isaac-sim/extscache/omni.cuopt.visualization-1.4.2+110.1.2)
  [ext: omni.curve.creator-110.0.0] registered (path: /isaac-sim/extscache/omni.curve.creator-110.0.0+110.0.0.la64.r.cp312.u7f4)
  [ext: omni.curve.manipulator-110.0.0] registered (path: /isaac-sim/extscache/omni.curve.manipulator-110.0.0+110.0.0.la64.r.cp312.u7f4)
  [ext: omni.datastore-0.0.0] registered (path: /isaac-sim/extscache/omni.datastore-0.0.0+f9bf0dda.la64.r)
  [ext: omni.debugdraw-0.1.4] registered (path: /isaac-sim/extscache/omni.debugdraw-0.1.4+f9bf0dda.la64.r.cp312)
  [ext: omni.fabric.commands-2.0.0] registered (path: /isaac-sim/extscache/omni.fabric.commands-2.0.0+f9bf0dda.la64.r.cp312)
  [ext: omni.flowusd-110.0.3] registered (path: /isaac-sim/extscache/omni.flowusd-110.0.3+110.0.0.la64.r.cp312.u7f4)
  [ext: omni.genproc.core-110.0.0] registered (path: /isaac-sim/extscache/omni.genproc.core-110.0.0+110.0.0.la64.r.cp312.u7f4)
  [ext: omni.gpu_foundation-0.0.0] registered (path: /isaac-sim/extscache/omni.gpu_foundation-0.0.0+f9bf0dda.la64.r.cp312)
  [ext: omni.gpu_foundation.shadercache.vulkan-1.0.0] registered (path: /isaac-sim/extscache/omni.gpu_foundation.shadercache.vulkan-1.0.0+f9bf0dda.la64.r)
  [ext: omni.gpucompute.plugins-0.0.0] registered (path: /isaac-sim/extscache/omni.gpucompute.plugins-0.0.0+f9bf0dda.la64.r)
  [ext: omni.graph-1.142.5] registered (path: /isaac-sim/extscache/omni.graph-1.142.5+f9bf0dda.la64.r.cp312)
  [ext: omni.graph.action-2.10.2] registered (path: /isaac-sim/extscache/omni.graph.action-2.10.2+110.0.0)
  [ext: omni.graph.action_core-1.1.9] registered (path: /isaac-sim/extscache/omni.graph.action_core-1.1.9+f9bf0dda.la64.r.cp312)
  [ext: omni.graph.action_nodes-2.11.0] registered (path: /isaac-sim/extscache/omni.graph.action_nodes-2.11.0+110.0.0.la64.r.cp312.u7f4)
  [ext: omni.graph.action_nodes_core-2.11.0] registered (path: /isaac-sim/extscache/omni.graph.action_nodes_core-2.11.0+110.0.0.la64.r.cp312.u7f4)
  [ext: omni.graph.bundle.action-3.10.2] registered (path: /isaac-sim/extscache/omni.graph.bundle.action-3.10.2+110.0.0)
  [ext: omni.graph.core-3.1.2] registered (path: /isaac-sim/extscache/omni.graph.core-3.1.2+f9bf0dda.la64.r)
  [ext: omni.graph.examples.cpp-2.11.0] registered (path: /isaac-sim/extscache/omni.graph.examples.cpp-2.11.0+110.0.0.la64.r.cp312.u7f4)
  [ext: omni.graph.exec-0.9.6] registered (path: /isaac-sim/extscache/omni.graph.exec-0.9.6+f9bf0dda.la64.r)
  [ext: omni.graph.image.core-0.6.1] registered (path: /isaac-sim/extscache/omni.graph.image.core-0.6.1+f9bf0dda.la64.r)
  [ext: omni.graph.image.nodes-1.3.1] registered (path: /isaac-sim/extscache/omni.graph.image.nodes-1.3.1+f9bf0dda.la64.r)
  [ext: omni.graph.nodes-2.12.0] registered (path: /isaac-sim/extscache/omni.graph.nodes-2.12.0+110.0.0.la64.r.cp312.u7f4)
  [ext: omni.graph.nodes_core-2.11.0] registered (path: /isaac-sim/extscache/omni.graph.nodes_core-2.11.0+110.0.0.la64.r.cp312.u7f4)
  [ext: omni.graph.scriptnode-2.10.2] registered (path: /isaac-sim/extscache/omni.graph.scriptnode-2.10.2+110.0.0)
  [ext: omni.graph.telemetry-3.11.1] registered (path: /isaac-sim/extscache/omni.graph.telemetry-3.11.1+110.0.0.la64.r.cp312.u7f4)
  [ext: omni.graph.tools-1.81.0] registered (path: /isaac-sim/extscache/omni.graph.tools-1.81.0+f9bf0dda)
  [ext: omni.graph.ui-2.10.3] registered (path: /isaac-sim/extscache/omni.graph.ui-2.10.3+110.0.0.la64.r.cp312)
  [ext: omni.graph.ui_nodes-2.11.1] registered (path: /isaac-sim/extscache/omni.graph.ui_nodes-2.11.1+110.0.0.la64.r.cp312.u7f4)
  [ext: omni.graph.visualization.nodes-2.1.4] registered (path: /isaac-sim/extscache/omni.graph.visualization.nodes-2.1.4)
  [ext: omni.graph.window.action-2.10.2] registered (path: /isaac-sim/extscache/omni.graph.window.action-2.10.2+110.0.0)
  [ext: omni.graph.window.core-3.10.4] registered (path: /isaac-sim/extscache/omni.graph.window.core-3.10.4+110.0.0)
  [ext: omni.graph.window.generic-2.10.2] registered (path: /isaac-sim/extscache/omni.graph.window.generic-2.10.2+110.0.0)
  [ext: omni.grpc.lib-1.0.0] registered (path: /isaac-sim/extscache/omni.grpc.lib-1.0.0+f9bf0dda.la64.r)
  [ext: omni.hsscclient-1.1.4] registered (path: /isaac-sim/extscache/omni.hsscclient-1.1.4+f9bf0dda.la64.r.cp312)
  [ext: omni.hydra.engine.stats-1.0.5] registered (path: /isaac-sim/extscache/omni.hydra.engine.stats-1.0.5+f9bf0dda.la64.r.cp312)
  [ext: omni.hydra.rtx-1.0.4] registered (path: /isaac-sim/extscache/omni.hydra.rtx-1.0.4+f9bf0dda.la64.r)
  [ext: omni.hydra.rtx.shadercache.vulkan-1.0.0] registered (path: /isaac-sim/extscache/omni.hydra.rtx.shadercache.vulkan-1.0.0+f9bf0dda.la64.r)
  [ext: omni.hydra.scene_api-0.1.3] registered (path: /isaac-sim/extscache/omni.hydra.scene_api-0.1.3+f9bf0dda.la64.r.cp312)
  [ext: omni.hydra.scene_delegate-0.3.5] registered (path: /isaac-sim/extscache/omni.hydra.scene_delegate-0.3.5+f9bf0dda.la64.r)
  [ext: omni.hydra.usdrt_delegate-7.5.2] registered (path: /isaac-sim/extscache/omni.hydra.usdrt_delegate-7.5.2+f9bf0dda.la64.r.cp312)
  [ext: omni.importer.onshape-2.0.3] registered (path: /isaac-sim/extscache/omni.importer.onshape-2.0.3+109.0.0)
  [ext: omni.index-1.0.1] registered (path: /isaac-sim/extscache/omni.index-1.0.1+f9bf0dda.la64.r)
  [ext: omni.index.libs-387500.4413.0] registered (path: /isaac-sim/extscache/omni.index.libs-387500.4413.0+f9bf0dda.la64.r)
  [ext: omni.inspect-1.0.2] registered (path: /isaac-sim/extscache/omni.inspect-1.0.2+f9bf0dda.la64.r.cp312)
  [ext: omni.iray.libs-0.0.1] registered (path: /isaac-sim/extscache/omni.iray.libs-0.0.1+f9bf0dda.la64.r)
  [ext: omni.kit.actions.core-1.0.0] registered (path: /isaac-sim/extscache/omni.kit.actions.core-1.0.0+f9bf0dda.la64.r.cp312)
  [ext: omni.kit.actions.window-1.1.3] registered (path: /isaac-sim/extscache/omni.kit.actions.window-1.1.3+f9bf0dda)
  [ext: omni.kit.asset_converter-6.0.1] registered (path: /isaac-sim/extscache/omni.kit.asset_converter-6.0.1+110.1.1.la64.r.cp312.u7f4)
  [ext: omni.kit.audiodeviceenum-1.0.2] registered (path: /isaac-sim/extscache/omni.kit.audiodeviceenum-1.0.2+f9bf0dda.la64.r.cp312)
  [ext: omni.kit.browser.asset-1.3.16] registered (path: /isaac-sim/extscache/omni.kit.browser.asset-1.3.16)
  [ext: omni.kit.browser.core-2.3.18] registered (path: /isaac-sim/extscache/omni.kit.browser.core-2.3.18)
  [ext: omni.kit.browser.folder.core-2.0.2] registered (path: /isaac-sim/extscache/omni.kit.browser.folder.core-2.0.2)
  [ext: omni.kit.browser.material-1.6.5] registered (path: /isaac-sim/extscache/omni.kit.browser.material-1.6.5)
  [ext: omni.kit.browser.sample-1.4.9] registered (path: /isaac-sim/extscache/omni.kit.browser.sample-1.4.9)
  [ext: omni.kit.capture.viewport-2.10.0] registered (path: /isaac-sim/extscache/omni.kit.capture.viewport-2.10.0+f9bf0dda)
  [ext: omni.kit.clipboard-1.1.1] registered (path: /isaac-sim/extscache/omni.kit.clipboard-1.1.1+f9bf0dda.la64.r.cp312)
  [ext: omni.kit.collaboration.channel_manager-1.1.1] registered (path: /isaac-sim/extscache/omni.kit.collaboration.channel_manager-1.1.1+f9bf0dda)
  [ext: omni.kit.collaboration.presence_layer-1.2.1] registered (path: /isaac-sim/extscache/omni.kit.collaboration.presence_layer-1.2.1+f9bf0dda)
  [ext: omni.kit.collaboration.telemetry-1.1.0] registered (path: /isaac-sim/extscache/omni.kit.collaboration.telemetry-1.1.0+f9bf0dda.la64.r.cp312)
  [ext: omni.kit.commands-1.5.0] registered (path: /isaac-sim/extscache/omni.kit.commands-1.5.0+f9bf0dda.la64.r.cp312)
  [ext: omni.kit.context_menu-1.9.0] registered (path: /isaac-sim/extscache/omni.kit.context_menu-1.9.0+f9bf0dda)
  [ext: omni.kit.converter.cad-209.4.0] registered (path: /isaac-sim/extscache/omni.kit.converter.cad-209.4.0+110.1.2.la64.r.cp312.u7f4)
  [ext: omni.kit.converter.common-510.1.3] registered (path: /isaac-sim/extscache/omni.kit.converter.common-510.1.3+110.1.2.la64.r.cp312.u7f4)
  [ext: omni.kit.converter.dgn-510.1.5] registered (path: /isaac-sim/extscache/omni.kit.converter.dgn-510.1.5+110.1.2.la64.r.cp312.u7f4)
  [ext: omni.kit.converter.dgn_core-512.3.3] registered (path: /isaac-sim/extscache/omni.kit.converter.dgn_core-512.3.3+110.1.2.la64.r.cp312.u7f4)
  [ext: omni.kit.converter.gsplat-0.1.14] registered (path: /isaac-sim/extscache/omni.kit.converter.gsplat-0.1.14+110.1.0.la64.r.cp312.u7f4)
  [ext: omni.kit.converter.hoops-510.3.0] registered (path: /isaac-sim/extscache/omni.kit.converter.hoops-510.3.0+110.1.2.la64.r.cp312.u7f4)
  [ext: omni.kit.converter.hoops_core-511.3.2] registered (path: /isaac-sim/extscache/omni.kit.converter.hoops_core-511.3.2+110.1.2.la64.r.cp312.u7f4)
  [ext: omni.kit.converter.jt-509.1.2] registered (path: /isaac-sim/extscache/omni.kit.converter.jt-509.1.2+110.1.2.la64.r.cp312.u7f4)
  [ext: omni.kit.converter.jt_core-510.1.1] registered (path: /isaac-sim/extscache/omni.kit.converter.jt_core-510.1.1+110.1.2.la64.r.cp312.u7f4)
  [ext: omni.kit.core.collection-0.2.4] registered (path: /isaac-sim/extscache/omni.kit.core.collection-0.2.4)
  [ext: omni.kit.data2ui.core-1.1.4] registered (path: /isaac-sim/extscache/omni.kit.data2ui.core-1.1.4+107.0)
  [ext: omni.kit.data2ui.usd-1.1.4] registered (path: /isaac-sim/extscache/omni.kit.data2ui.usd-1.1.4+107.0)
  [ext: omni.kit.debug.python-1.0.1] registered (path: /isaac-sim/extscache/omni.kit.debug.python-1.0.1+f9bf0dda.la64.r.cp312)
  [ext: omni.kit.debug.vscode-0.1.7] registered (path: /isaac-sim/extscache/omni.kit.debug.vscode-0.1.7+f9bf0dda)
  [ext: omni.kit.environment.core-1.4.2] registered (path: /isaac-sim/extscache/omni.kit.environment.core-1.4.2+107.3)
  [ext: omni.kit.exec.core-0.13.5] registered (path: /isaac-sim/extscache/omni.kit.exec.core-0.13.5+f9bf0dda.la64.r.cp312)
  [ext: omni.kit.gfn-108.0.0] registered (path: /isaac-sim/extscache/omni.kit.gfn-108.0.0+110.1.2.la64.r.cp312)
  [ext: omni.kit.graph.delegate.default-1.2.5] registered (path: /isaac-sim/extscache/omni.kit.graph.delegate.default-1.2.5)
  [ext: omni.kit.graph.delegate.modern-1.10.15] registered (path: /isaac-sim/extscache/omni.kit.graph.delegate.modern-1.10.15)
  [ext: omni.kit.graph.editor.core-1.5.8] registered (path: /isaac-sim/extscache/omni.kit.graph.editor.core-1.5.8)
  [ext: omni.kit.graph.usd.commands-1.3.6] registered (path: /isaac-sim/extscache/omni.kit.graph.usd.commands-1.3.6)
  [ext: omni.kit.graph.widget.variables-2.1.1] registered (path: /isaac-sim/extscache/omni.kit.graph.widget.variables-2.1.1)
  [ext: omni.kit.helper.file_utils-0.1.10] registered (path: /isaac-sim/extscache/omni.kit.helper.file_utils-0.1.10+f9bf0dda)
  [ext: omni.kit.hotkeys.core-1.3.12] registered (path: /isaac-sim/extscache/omni.kit.hotkeys.core-1.3.12+f9bf0dda)
  [ext: omni.kit.hotkeys.window-1.4.10] registered (path: /isaac-sim/extscache/omni.kit.hotkeys.window-1.4.10+f9bf0dda)
  [ext: omni.kit.hydra_texture-1.6.0] registered (path: /isaac-sim/extscache/omni.kit.hydra_texture-1.6.0+f9bf0dda.la64.r.cp312)
  [ext: omni.kit.livestream.app-10.1.1] registered (path: /isaac-sim/extscache/omni.kit.livestream.app-10.1.1+110.0.0.la64.r.cp312)
  [ext: omni.kit.livestream.core-10.2.1] registered (path: /isaac-sim/extscache/omni.kit.livestream.core-10.2.1+110.0.0.la64.r.cp312)
  [ext: omni.kit.livestream.messaging-1.3.0] registered (path: /isaac-sim/extscache/omni.kit.livestream.messaging-1.3.0+109.0.0)
  [ext: omni.kit.livestream.rtsp-10.2.3] registered (path: /isaac-sim/extscache/omni.kit.livestream.rtsp-10.2.3+110.0.0.la64.r.cp312)
  [ext: omni.kit.livestream.webrtc-10.3.2] registered (path: /isaac-sim/extscache/omni.kit.livestream.webrtc-10.3.2+110.0.0.la64.r.cp312)
  [ext: omni.kit.mainwindow-1.0.3] registered (path: /isaac-sim/extscache/omni.kit.mainwindow-1.0.3+f9bf0dda)
  [ext: omni.kit.manipulator.camera-110.0.0] registered (path: /isaac-sim/extscache/omni.kit.manipulator.camera-110.0.0+f9bf0dda)
  [ext: omni.kit.manipulator.prim-108.0.0] registered (path: /isaac-sim/extscache/omni.kit.manipulator.prim-108.0.0+f9bf0dda)
  [ext: omni.kit.manipulator.prim.core-108.0.2] registered (path: /isaac-sim/extscache/omni.kit.manipulator.prim.core-108.0.2+f9bf0dda)
  [ext: omni.kit.manipulator.prim.fabric-108.0.1] registered (path: /isaac-sim/extscache/omni.kit.manipulator.prim.fabric-108.0.1+f9bf0dda)
  [ext: omni.kit.manipulator.prim.usd-107.0.3] registered (path: /isaac-sim/extscache/omni.kit.manipulator.prim.usd-107.0.3+f9bf0dda)
  [ext: omni.kit.manipulator.selection-109.0.1] registered (path: /isaac-sim/extscache/omni.kit.manipulator.selection-109.0.1+f9bf0dda)
  [ext: omni.kit.manipulator.selector-1.1.4] registered (path: /isaac-sim/extscache/omni.kit.manipulator.selector-1.1.4+f9bf0dda)
  [ext: omni.kit.manipulator.tool.snap-1.5.14] registered (path: /isaac-sim/extscache/omni.kit.manipulator.tool.snap-1.5.14+f9bf0dda)
  [ext: omni.kit.manipulator.transform-107.0.0] registered (path: /isaac-sim/extscache/omni.kit.manipulator.transform-107.0.0+f9bf0dda)
  [ext: omni.kit.manipulator.viewport-107.0.1] registered (path: /isaac-sim/extscache/omni.kit.manipulator.viewport-107.0.1+f9bf0dda)
  [ext: omni.kit.material.library-3.1.2] registered (path: /isaac-sim/extscache/omni.kit.material.library-3.1.2+f9bf0dda)
  [ext: omni.kit.menu.common-2.0.2] registered (path: /isaac-sim/extscache/omni.kit.menu.common-2.0.2+f9bf0dda)
  [ext: omni.kit.menu.core-1.2.0] registered (path: /isaac-sim/extscache/omni.kit.menu.core-1.2.0+f9bf0dda)
  [ext: omni.kit.menu.create-2.0.2] registered (path: /isaac-sim/extscache/omni.kit.menu.create-2.0.2+f9bf0dda)
  [ext: omni.kit.menu.stage-1.2.7] registered (path: /isaac-sim/extscache/omni.kit.menu.stage-1.2.7)
  [ext: omni.kit.menu.utils-2.2.4] registered (path: /isaac-sim/extscache/omni.kit.menu.utils-2.2.4+f9bf0dda)
  [ext: omni.kit.mesh.raycast-110.0.0] registered (path: /isaac-sim/extscache/omni.kit.mesh.raycast-110.0.0+110.0.0.la64.r.cp312.u7f4)
  [ext: omni.kit.ngsearch-0.3.3] registered (path: /isaac-sim/extscache/omni.kit.ngsearch-0.3.3)
  [ext: omni.kit.notification_manager-1.0.11] registered (path: /isaac-sim/extscache/omni.kit.notification_manager-1.0.11+f9bf0dda)
  [ext: omni.kit.numpy.common-0.1.3] registered (path: /isaac-sim/extscache/omni.kit.numpy.common-0.1.3+f9bf0dda.la64.r.cp312)
  [ext: omni.kit.pip_archive-0.0.0] registered (path: /isaac-sim/extscache/omni.kit.pip_archive-0.0.0+f9bf0dda.la64.cp312)
  [ext: omni.kit.pipapi-0.0.0] registered (path: /isaac-sim/extscache/omni.kit.pipapi-0.0.0+f9bf0dda)
  [ext: omni.kit.playlist.core-1.3.7] registered (path: /isaac-sim/extscache/omni.kit.playlist.core-1.3.7)
  [ext: omni.kit.pointclouds-1.6.14] registered (path: /isaac-sim/extscache/omni.kit.pointclouds-1.6.14+110.0.cp312)
  [ext: omni.kit.preferences.animation-1.5.0] registered (path: /isaac-sim/extscache/omni.kit.preferences.animation-1.5.0+110.0.0.u7f4)
  [ext: omni.kit.prim.icon-1.1.1] registered (path: /isaac-sim/extscache/omni.kit.prim.icon-1.1.1+107.3)
  [ext: omni.kit.primitive.mesh-1.1.0] registered (path: /isaac-sim/extscache/omni.kit.primitive.mesh-1.1.0+f9bf0dda)
  [ext: omni.kit.profiler.tracy-1.2.0] registered (path: /isaac-sim/extscache/omni.kit.profiler.tracy-1.2.0+la64)
  [ext: omni.kit.profiler.window-2.5.0] registered (path: /isaac-sim/extscache/omni.kit.profiler.window-2.5.0+f9bf0dda)
  [ext: omni.kit.property.adapter.core-1.1.1] registered (path: /isaac-sim/extscache/omni.kit.property.adapter.core-1.1.1+f9bf0dda)
  [ext: omni.kit.property.adapter.fabric-1.0.6] registered (path: /isaac-sim/extscache/omni.kit.property.adapter.fabric-1.0.6+f9bf0dda)
  [ext: omni.kit.property.adapter.usd-1.0.5] registered (path: /isaac-sim/extscache/omni.kit.property.adapter.usd-1.0.5+f9bf0dda)
  [ext: omni.kit.property.audio-1.0.16] registered (path: /isaac-sim/extscache/omni.kit.property.audio-1.0.16+f9bf0dda)
  [ext: omni.kit.property.bundle-1.5.1] registered (path: /isaac-sim/extscache/omni.kit.property.bundle-1.5.1+f9bf0dda)
  [ext: omni.kit.property.camera-1.0.14] registered (path: /isaac-sim/extscache/omni.kit.property.camera-1.0.14+f9bf0dda)
  [ext: omni.kit.property.collection-0.2.4] registered (path: /isaac-sim/extscache/omni.kit.property.collection-0.2.4)
  [ext: omni.kit.property.environment-1.2.3] registered (path: /isaac-sim/extscache/omni.kit.property.environment-1.2.3)
  [ext: omni.kit.property.geometry-2.1.2] registered (path: /isaac-sim/extscache/omni.kit.property.geometry-2.1.2+f9bf0dda)
  [ext: omni.kit.property.layer-1.2.6] registered (path: /isaac-sim/extscache/omni.kit.property.layer-1.2.6+f9bf0dda)
  [ext: omni.kit.property.light-1.0.14] registered (path: /isaac-sim/extscache/omni.kit.property.light-1.0.14+f9bf0dda)
  [ext: omni.kit.property.material-1.14.6] registered (path: /isaac-sim/extscache/omni.kit.property.material-1.14.6+f9bf0dda)
  [ext: omni.kit.property.physics-110.1.13] registered (path: /isaac-sim/extscache/omni.kit.property.physics-110.1.13+110.1.2.cp312.u7f4)
  [ext: omni.kit.property.render-1.2.2] registered (path: /isaac-sim/extscache/omni.kit.property.render-1.2.2+f9bf0dda)
  [ext: omni.kit.property.skel-1.1.4] registered (path: /isaac-sim/extscache/omni.kit.property.skel-1.1.4+f9bf0dda)
  [ext: omni.kit.property.transform-1.6.9] registered (path: /isaac-sim/extscache/omni.kit.property.transform-1.6.9+f9bf0dda)
  [ext: omni.kit.property.usd-4.9.4] registered (path: /isaac-sim/extscache/omni.kit.property.usd-4.9.4+f9bf0dda)
  [ext: omni.kit.quicklayout-1.0.12] registered (path: /isaac-sim/extscache/omni.kit.quicklayout-1.0.12+f9bf0dda)
  [ext: omni.kit.raycast.query-1.2.0] registered (path: /isaac-sim/extscache/omni.kit.raycast.query-1.2.0+f9bf0dda.la64.r.cp312)
  [ext: omni.kit.renderer.capture-2.0.1] registered (path: /isaac-sim/extscache/omni.kit.renderer.capture-2.0.1+f9bf0dda.la64.r.cp312)
  [ext: omni.kit.renderer.core-1.2.2] registered (path: /isaac-sim/extscache/omni.kit.renderer.core-1.2.2+f9bf0dda.la64.r.cp312)
  [ext: omni.kit.renderer.imgui-2.0.6] registered (path: /isaac-sim/extscache/omni.kit.renderer.imgui-2.0.6+f9bf0dda.la64.r.cp312)
  [ext: omni.kit.renderer.init-1.0.1] registered (path: /isaac-sim/extscache/omni.kit.renderer.init-1.0.1+f9bf0dda.la64.r)
  [ext: omni.kit.search.files-1.0.4] registered (path: /isaac-sim/extscache/omni.kit.search.files-1.0.4)
  [ext: omni.kit.search.service-0.1.12] registered (path: /isaac-sim/extscache/omni.kit.search.service-0.1.12)
  [ext: omni.kit.search_core-1.0.8] registered (path: /isaac-sim/extscache/omni.kit.search_core-1.0.8+f9bf0dda)
  [ext: omni.kit.selection-0.1.6] registered (path: /isaac-sim/extscache/omni.kit.selection-0.1.6+f9bf0dda)
  [ext: omni.kit.sequencer.core-110.0.0] registered (path: /isaac-sim/extscache/omni.kit.sequencer.core-110.0.0+110.1.1.u7f4)
  [ext: omni.kit.sequencer.usd-110.0.0] registered (path: /isaac-sim/extscache/omni.kit.sequencer.usd-110.0.0+110.1.1.u7f4)
  [ext: omni.kit.stage.copypaste-1.2.4] registered (path: /isaac-sim/extscache/omni.kit.stage.copypaste-1.2.4+f9bf0dda)
  [ext: omni.kit.stage.mdl_converter-1.0.8] registered (path: /isaac-sim/extscache/omni.kit.stage.mdl_converter-1.0.8+f9bf0dda)
  [ext: omni.kit.stage_column.payload-2.0.5] registered (path: /isaac-sim/extscache/omni.kit.stage_column.payload-2.0.5+110.1.1)
  [ext: omni.kit.stage_column.variant-1.0.20] registered (path: /isaac-sim/extscache/omni.kit.stage_column.variant-1.0.20+110.1.1)
  [ext: omni.kit.stage_template.core-1.1.22] registered (path: /isaac-sim/extscache/omni.kit.stage_template.core-1.1.22+f9bf0dda)
  [ext: omni.kit.stage_templates-2.0.2] registered (path: /isaac-sim/extscache/omni.kit.stage_templates-2.0.2+f9bf0dda)
  [ext: omni.kit.stagerecorder.bundle-110.0.2] registered (path: /isaac-sim/extscache/omni.kit.stagerecorder.bundle-110.0.2+110.0.0)
  [ext: omni.kit.stagerecorder.core-110.0.14] registered (path: /isaac-sim/extscache/omni.kit.stagerecorder.core-110.0.14+110.0.0.la64.r.cp312.u7f4)
  [ext: omni.kit.stagerecorder.ui-110.0.2] registered (path: /isaac-sim/extscache/omni.kit.stagerecorder.ui-110.0.2+110.0.0)
  [ext: omni.kit.telemetry-0.5.2] registered (path: /isaac-sim/extscache/omni.kit.telemetry-0.5.2+f9bf0dda.la64.r.cp312)
  [ext: omni.kit.test-2.0.7] registered (path: /isaac-sim/extscache/omni.kit.test-2.0.7+f9bf0dda.la64.r.cp312)
  [ext: omni.kit.test_suite.helpers-1.1.3] registered (path: /isaac-sim/extscache/omni.kit.test_suite.helpers-1.1.3+f9bf0dda)
  [ext: omni.kit.thumbnails.mdl-1.0.28] registered (path: /isaac-sim/extscache/omni.kit.thumbnails.mdl-1.0.28+110.1.1)
  [ext: omni.kit.thumbnails.usd-1.0.12] registered (path: /isaac-sim/extscache/omni.kit.thumbnails.usd-1.0.12)
  [ext: omni.kit.timeline.minibar-1.2.13] registered (path: /isaac-sim/extscache/omni.kit.timeline.minibar-1.2.13)
  [ext: omni.kit.tool.asset_exporter-5.0.1] registered (path: /isaac-sim/extscache/omni.kit.tool.asset_exporter-5.0.1+110.1.1)
  [ext: omni.kit.tool.asset_importer-6.0.1] registered (path: /isaac-sim/extscache/omni.kit.tool.asset_importer-6.0.1+110.1.1)
  [ext: omni.kit.tool.collect-2.2.19] registered (path: /isaac-sim/extscache/omni.kit.tool.collect-2.2.19+f9bf0dda)
  [ext: omni.kit.tool.measure-200.0.12] registered (path: /isaac-sim/extscache/omni.kit.tool.measure-200.0.12+109.0)
  [ext: omni.kit.tool.remove_unused.controller-0.2.0] registered (path: /isaac-sim/extscache/omni.kit.tool.remove_unused.controller-0.2.0)
  [ext: omni.kit.tool.remove_unused.core-0.1.4] registered (path: /isaac-sim/extscache/omni.kit.tool.remove_unused.core-0.1.4)
  [ext: omni.kit.ui.actions-1.0.5] registered (path: /isaac-sim/extscache/omni.kit.ui.actions-1.0.5+f9bf0dda)
  [ext: omni.kit.ui_test-1.4.4] registered (path: /isaac-sim/extscache/omni.kit.ui_test-1.4.4+f9bf0dda)
  [ext: omni.kit.uiapp-0.0.0] registered (path: /isaac-sim/extscache/omni.kit.uiapp-0.0.0+f9bf0dda)
  [ext: omni.kit.usd.collect-3.0.6] registered (path: /isaac-sim/extscache/omni.kit.usd.collect-3.0.6+f9bf0dda)
  [ext: omni.kit.usd.layers-2.6.1] registered (path: /isaac-sim/extscache/omni.kit.usd.layers-2.6.1+f9bf0dda.la64.r.cp312)
  [ext: omni.kit.usd.mdl-1.1.9] registered (path: /isaac-sim/extscache/omni.kit.usd.mdl-1.1.9+f9bf0dda.la64.r.cp312)
  [ext: omni.kit.usd_undo-0.1.8] registered (path: /isaac-sim/extscache/omni.kit.usd_undo-0.1.8+f9bf0dda)
  [ext: omni.kit.usda_edit-1.1.19] registered (path: /isaac-sim/extscache/omni.kit.usda_edit-1.1.19+f9bf0dda)
  [ext: omni.kit.usdz_export-1.1.0] registered (path: /isaac-sim/extscache/omni.kit.usdz_export-1.1.0+f9bf0dda)
  [ext: omni.kit.variant.editor-107.5.8] registered (path: /isaac-sim/extscache/omni.kit.variant.editor-107.5.8+110.0)
  [ext: omni.kit.variant.presenter-107.1.6] registered (path: /isaac-sim/extscache/omni.kit.variant.presenter-107.1.6+107.3)
  [ext: omni.kit.viewport.actions-110.0.0] registered (path: /isaac-sim/extscache/omni.kit.viewport.actions-110.0.0+f9bf0dda)
  [ext: omni.kit.viewport.bundle-107.0.0] registered (path: /isaac-sim/extscache/omni.kit.viewport.bundle-107.0.0+f9bf0dda)
  [ext: omni.kit.viewport.legacy_gizmos-1.0.24] registered (path: /isaac-sim/extscache/omni.kit.viewport.legacy_gizmos-1.0.24+f9bf0dda.la64.r.cp312)
  [ext: omni.kit.viewport.manipulator.transform-107.0.4] registered (path: /isaac-sim/extscache/omni.kit.viewport.manipulator.transform-107.0.4+f9bf0dda)
  [ext: omni.kit.viewport.menubar.camera-107.0.10] registered (path: /isaac-sim/extscache/omni.kit.viewport.menubar.camera-107.0.10+f9bf0dda)
  [ext: omni.kit.viewport.menubar.core-107.2.2] registered (path: /isaac-sim/extscache/omni.kit.viewport.menubar.core-107.2.2+f9bf0dda)
  [ext: omni.kit.viewport.menubar.display-107.1.3] registered (path: /isaac-sim/extscache/omni.kit.viewport.menubar.display-107.1.3+f9bf0dda)
  [ext: omni.kit.viewport.menubar.lighting-107.3.2] registered (path: /isaac-sim/extscache/omni.kit.viewport.menubar.lighting-107.3.2+107.3.0)
  [ext: omni.kit.viewport.menubar.render-110.0.0] registered (path: /isaac-sim/extscache/omni.kit.viewport.menubar.render-110.0.0+f9bf0dda)
  [ext: omni.kit.viewport.menubar.settings-110.0.1] registered (path: /isaac-sim/extscache/omni.kit.viewport.menubar.settings-110.0.1+f9bf0dda)
  [ext: omni.kit.viewport.menubar.waypoint-104.2.16] registered (path: /isaac-sim/extscache/omni.kit.viewport.menubar.waypoint-104.2.16)
  [ext: omni.kit.viewport.registry-104.0.6] registered (path: /isaac-sim/extscache/omni.kit.viewport.registry-104.0.6+f9bf0dda)
  [ext: omni.kit.viewport.rtx-107.0.0] registered (path: /isaac-sim/extscache/omni.kit.viewport.rtx-107.0.0+f9bf0dda)
  [ext: omni.kit.viewport.scene_camera_model-1.0.7] registered (path: /isaac-sim/extscache/omni.kit.viewport.scene_camera_model-1.0.7+f9bf0dda.la64.r.cp312)
  [ext: omni.kit.viewport.utility-2.0.1] registered (path: /isaac-sim/extscache/omni.kit.viewport.utility-2.0.1+f9bf0dda)
  [ext: omni.kit.viewport.window-109.0.2] registered (path: /isaac-sim/extscache/omni.kit.viewport.window-109.0.2+f9bf0dda)
  [ext: omni.kit.viewport_widgets_manager-1.0.9] registered (path: /isaac-sim/extscache/omni.kit.viewport_widgets_manager-1.0.9+f9bf0dda)
  [ext: omni.kit.waypoint.core-1.6.9] registered (path: /isaac-sim/extscache/omni.kit.waypoint.core-1.6.9+107.3)
  [ext: omni.kit.waypoint.playlist-1.1.1] registered (path: /isaac-sim/extscache/omni.kit.waypoint.playlist-1.1.1+107.3)
  [ext: omni.kit.widget.browser_bar-2.0.10] registered (path: /isaac-sim/extscache/omni.kit.widget.browser_bar-2.0.10+f9bf0dda)
  [ext: omni.kit.widget.cache_indicator-3.0.12] registered (path: /isaac-sim/extscache/omni.kit.widget.cache_indicator-3.0.12+f9bf0dda)
  [ext: omni.kit.widget.calendar-1.0.9] registered (path: /isaac-sim/extscache/omni.kit.widget.calendar-1.0.9)
  [ext: omni.kit.widget.collection-0.3.3] registered (path: /isaac-sim/extscache/omni.kit.widget.collection-0.3.3+106.5.0)
  [ext: omni.kit.widget.context_menu-1.4.0] registered (path: /isaac-sim/extscache/omni.kit.widget.context_menu-1.4.0+f9bf0dda)
  [ext: omni.kit.widget.extended_searchfield-1.0.31] registered (path: /isaac-sim/extscache/omni.kit.widget.extended_searchfield-1.0.31)
  [ext: omni.kit.widget.filebrowser-2.13.4] registered (path: /isaac-sim/extscache/omni.kit.widget.filebrowser-2.13.4+f9bf0dda)
  [ext: omni.kit.widget.filter-1.1.5] registered (path: /isaac-sim/extscache/omni.kit.widget.filter-1.1.5+f9bf0dda)
  [ext: omni.kit.widget.graph-2.1.0] registered (path: /isaac-sim/extscache/omni.kit.widget.graph-2.1.0+f9bf0dda)
  [ext: omni.kit.widget.highlight_label-1.0.3] registered (path: /isaac-sim/extscache/omni.kit.widget.highlight_label-1.0.3+f9bf0dda)
  [ext: omni.kit.widget.imageview-1.0.5] registered (path: /isaac-sim/extscache/omni.kit.widget.imageview-1.0.5+f9bf0dda)
  [ext: omni.kit.widget.layers-1.9.2] registered (path: /isaac-sim/extscache/omni.kit.widget.layers-1.9.2+f9bf0dda)
  [ext: omni.kit.widget.live-2.1.12] registered (path: /isaac-sim/extscache/omni.kit.widget.live-2.1.12+f9bf0dda)
  [ext: omni.kit.widget.live_session_management-1.2.28] registered (path: /isaac-sim/extscache/omni.kit.widget.live_session_management-1.2.28+f9bf0dda)
  [ext: omni.kit.widget.live_session_management.ui-1.0.4] registered (path: /isaac-sim/extscache/omni.kit.widget.live_session_management.ui-1.0.4+f9bf0dda)
  [ext: omni.kit.widget.material_preview-1.1.3] registered (path: /isaac-sim/extscache/omni.kit.widget.material_preview-1.1.3+107.3)
  [ext: omni.kit.widget.nucleus_connector-2.3.1] registered (path: /isaac-sim/extscache/omni.kit.widget.nucleus_connector-2.3.1+f9bf0dda)
  [ext: omni.kit.widget.nucleus_info-2.0.2] registered (path: /isaac-sim/extscache/omni.kit.widget.nucleus_info-2.0.2+f9bf0dda)
  [ext: omni.kit.widget.options_button-1.0.3] registered (path: /isaac-sim/extscache/omni.kit.widget.options_button-1.0.3+f9bf0dda)
  [ext: omni.kit.widget.options_menu-1.1.6] registered (path: /isaac-sim/extscache/omni.kit.widget.options_menu-1.1.6+f9bf0dda)
  [ext: omni.kit.widget.path_field-2.0.13] registered (path: /isaac-sim/extscache/omni.kit.widget.path_field-2.0.13+f9bf0dda)
  [ext: omni.kit.widget.prompt-1.0.7] registered (path: /isaac-sim/extscache/omni.kit.widget.prompt-1.0.7+f9bf0dda)
  [ext: omni.kit.widget.search_delegate-1.0.9] registered (path: /isaac-sim/extscache/omni.kit.widget.search_delegate-1.0.9+f9bf0dda)
  [ext: omni.kit.widget.searchable_combobox-1.0.7] registered (path: /isaac-sim/extscache/omni.kit.widget.searchable_combobox-1.0.7+f9bf0dda)
  [ext: omni.kit.widget.searchfield-1.1.8] registered (path: /isaac-sim/extscache/omni.kit.widget.searchfield-1.1.8+f9bf0dda)
  [ext: omni.kit.widget.settings-2.0.0] registered (path: /isaac-sim/extscache/omni.kit.widget.settings-2.0.0+f9bf0dda)
  [ext: omni.kit.widget.sliderbar-1.1.0] registered (path: /isaac-sim/extscache/omni.kit.widget.sliderbar-1.1.0+107.3)
  [ext: omni.kit.widget.stage-4.4.0] registered (path: /isaac-sim/extscache/omni.kit.widget.stage-4.4.0+f9bf0dda)
  [ext: omni.kit.widget.stage_icons-1.0.8] registered (path: /isaac-sim/extscache/omni.kit.widget.stage_icons-1.0.8+f9bf0dda)
  [ext: omni.kit.widget.text_editor-1.1.1] registered (path: /isaac-sim/extscache/omni.kit.widget.text_editor-1.1.1+f9bf0dda.la64.r.cp312)
  [ext: omni.kit.widget.timeline-107.0.2] registered (path: /isaac-sim/extscache/omni.kit.widget.timeline-107.0.2+110.1.1)
  [ext: omni.kit.widget.toolbar-2.1.0] registered (path: /isaac-sim/extscache/omni.kit.widget.toolbar-2.1.0+f9bf0dda)
  [ext: omni.kit.widget.versioning-1.4.11] registered (path: /isaac-sim/extscache/omni.kit.widget.versioning-1.4.11+f9bf0dda)
  [ext: omni.kit.widget.viewport-109.2.0] registered (path: /isaac-sim/extscache/omni.kit.widget.viewport-109.2.0+f9bf0dda)
  [ext: omni.kit.widget.zoombar-1.0.7] registered (path: /isaac-sim/extscache/omni.kit.widget.zoombar-1.0.7)
  [ext: omni.kit.widgets.custom-1.1.2] registered (path: /isaac-sim/extscache/omni.kit.widgets.custom-1.1.2+107.3)
  [ext: omni.kit.window.collection-0.3.5] registered (path: /isaac-sim/extscache/omni.kit.window.collection-0.3.5+106.5.0)
  [ext: omni.kit.window.commands-0.2.9] registered (path: /isaac-sim/extscache/omni.kit.window.commands-0.2.9+f9bf0dda)
  [ext: omni.kit.window.console-1.1.9] registered (path: /isaac-sim/extscache/omni.kit.window.console-1.1.9+f9bf0dda.la64.r.cp312)
  [ext: omni.kit.window.content_browser-3.1.8] registered (path: /isaac-sim/extscache/omni.kit.window.content_browser-3.1.8+f9bf0dda)
  [ext: omni.kit.window.content_browser_registry-0.0.6] registered (path: /isaac-sim/extscache/omni.kit.window.content_browser_registry-0.0.6+f9bf0dda)
  [ext: omni.kit.window.cursor-1.1.6] registered (path: /isaac-sim/extscache/omni.kit.window.cursor-1.1.6+f9bf0dda)
  [ext: omni.kit.window.drop_support-1.0.8] registered (path: /isaac-sim/extscache/omni.kit.window.drop_support-1.0.8+f9bf0dda)
  [ext: omni.kit.window.extensions-1.5.10] registered (path: /isaac-sim/extscache/omni.kit.window.extensions-1.5.10+f9bf0dda)
  [ext: omni.kit.window.file-2.0.10] registered (path: /isaac-sim/extscache/omni.kit.window.file-2.0.10+f9bf0dda)
  [ext: omni.kit.window.file_exporter-1.0.36] registered (path: /isaac-sim/extscache/omni.kit.window.file_exporter-1.0.36+f9bf0dda)
  [ext: omni.kit.window.file_importer-1.1.21] registered (path: /isaac-sim/extscache/omni.kit.window.file_importer-1.1.21+f9bf0dda)
  [ext: omni.kit.window.filepicker-2.15.5] registered (path: /isaac-sim/extscache/omni.kit.window.filepicker-2.15.5+f9bf0dda)
  [ext: omni.kit.window.material-1.8.0] registered (path: /isaac-sim/extscache/omni.kit.window.material-1.8.0+107.3)
  [ext: omni.kit.window.material_graph-2.2.0] registered (path: /isaac-sim/extscache/omni.kit.window.material_graph-2.2.0+la64.r.cp312)
  [ext: omni.kit.window.movie_capture-3.0.1] registered (path: /isaac-sim/extscache/omni.kit.window.movie_capture-3.0.1+109.0)
  [ext: omni.kit.window.popup_dialog-2.0.25] registered (path: /isaac-sim/extscache/omni.kit.window.popup_dialog-2.0.25+f9bf0dda)
  [ext: omni.kit.window.preferences-1.8.3] registered (path: /isaac-sim/extscache/omni.kit.window.preferences-1.8.3+f9bf0dda)
  [ext: omni.kit.window.property-1.15.1] registered (path: /isaac-sim/extscache/omni.kit.window.property-1.15.1+f9bf0dda)
  [ext: omni.kit.window.quicksearch-2.4.4] registered (path: /isaac-sim/extscache/omni.kit.window.quicksearch-2.4.4)
  [ext: omni.kit.window.script_editor-2.0.7] registered (path: /isaac-sim/extscache/omni.kit.window.script_editor-2.0.7+f9bf0dda)
  [ext: omni.kit.window.section-107.1.4] registered (path: /isaac-sim/extscache/omni.kit.window.section-107.1.4+109.0.0)
  [ext: omni.kit.window.stage-2.6.1] registered (path: /isaac-sim/extscache/omni.kit.window.stage-2.6.1+f9bf0dda)
  [ext: omni.kit.window.stats-0.1.8] registered (path: /isaac-sim/extscache/omni.kit.window.stats-0.1.8+f9bf0dda)
  [ext: omni.kit.window.status_bar-0.1.11] registered (path: /isaac-sim/extscache/omni.kit.window.status_bar-0.1.11+f9bf0dda.la64.r.cp312)
  [ext: omni.kit.window.tests-0.3.10] registered (path: /isaac-sim/extscache/omni.kit.window.tests-0.3.10+f9bf0dda)
  [ext: omni.kit.window.title-1.1.8] registered (path: /isaac-sim/extscache/omni.kit.window.title-1.1.8+f9bf0dda)
  [ext: omni.kit.window.toolbar-3.0.3] registered (path: /isaac-sim/extscache/omni.kit.window.toolbar-3.0.3+f9bf0dda)
  [ext: omni.kit.window.usd_paths-1.0.9] registered (path: /isaac-sim/extscache/omni.kit.window.usd_paths-1.0.9+f9bf0dda)
  [ext: omni.kit.window.usddebug-1.1.4] registered (path: /isaac-sim/extscache/omni.kit.window.usddebug-1.1.4)
  [ext: omni.materialx.libs-1.0.9] registered (path: /isaac-sim/extscache/omni.materialx.libs-1.0.9+f9bf0dda.la64.r.cp312)
  [ext: omni.mdl-57.0.3] registered (path: /isaac-sim/extscache/omni.mdl-57.0.3+f9bf0dda.la64.r.cp312)
  [ext: omni.mdl.neuraylib-0.2.20] registered (path: /isaac-sim/extscache/omni.mdl.neuraylib-0.2.20+f9bf0dda.la64.r.cp312)
  [ext: omni.mdl.usd_converter-1.0.38] registered (path: /isaac-sim/extscache/omni.mdl.usd_converter-1.0.38+f9bf0dda)
  [ext: omni.metrics.core-0.0.3] registered (path: /isaac-sim/extscache/omni.metrics.core-0.0.3+f9bf0dda.la64.r)
  [ext: omni.metropolis.agent_registry-0.1.2] registered (path: /isaac-sim/extscache/omni.metropolis.agent_registry-0.1.2+110.1.2.la64.cp312)
  [ext: omni.metropolis.pipeline-0.0.9] registered (path: /isaac-sim/extscache/omni.metropolis.pipeline-0.0.9+110.1.2.la64.cp312)
  [ext: omni.metropolis.schema-0.0.3] registered (path: /isaac-sim/extscache/omni.metropolis.schema-0.0.3+110.1.2)
  [ext: omni.metropolis.utils-1.1.2] registered (path: /isaac-sim/extscache/omni.metropolis.utils-1.1.2+110.1.2.la64.cp312)
  [ext: omni.no_code_ui.bundle-1.1.4] registered (path: /isaac-sim/extscache/omni.no_code_ui.bundle-1.1.4+107.0)
  [ext: omni.ocio-0.1.1] registered (path: /isaac-sim/extscache/omni.ocio-0.1.1+f9bf0dda.la64.r.cp312)
  [ext: omni.physics-110.1.13] registered (path: /isaac-sim/extscache/omni.physics-110.1.13+110.1.2.la64.r.cp312.u7f4)
  [ext: omni.physics.isaacsimready-110.1.13] registered (path: /isaac-sim/extscache/omni.physics.isaacsimready-110.1.13+110.1.2.cp312.u7f4)
  [ext: omni.physics.physx-110.1.13] registered (path: /isaac-sim/extscache/omni.physics.physx-110.1.13+110.1.2.la64.r.cp312.u7f4)
  [ext: omni.physics.physx.ui-110.1.13] registered (path: /isaac-sim/extscache/omni.physics.physx.ui-110.1.13+110.1.2.cp312.u7f4)
  [ext: omni.physics.stageupdate-110.1.13] registered (path: /isaac-sim/extscache/omni.physics.stageupdate-110.1.13+110.1.2.la64.r.cp312.u7f4)
  [ext: omni.physics.tensors-110.1.13] registered (path: /isaac-sim/extscache/omni.physics.tensors-110.1.13+110.1.2.la64.r.cp312.u7f4)
  [ext: omni.physics.ui-110.1.13] registered (path: /isaac-sim/extscache/omni.physics.ui-110.1.13+110.1.2.cp312.u7f4)
  [ext: omni.physx-110.1.13] registered (path: /isaac-sim/extscache/omni.physx-110.1.13+110.1.2.la64.r.cp312.u7f4)
  [ext: omni.physx.asset_validator-110.1.13] registered (path: /isaac-sim/extscache/omni.physx.asset_validator-110.1.13+110.1.2.la64.r.cp312.u7f4)
  [ext: omni.physx.bundle-110.1.13] registered (path: /isaac-sim/extscache/omni.physx.bundle-110.1.13+110.1.2.cp312.u7f4)
  [ext: omni.physx.camera-110.1.13] registered (path: /isaac-sim/extscache/omni.physx.camera-110.1.13+110.1.2.la64.r.cp312.u7f4)
  [ext: omni.physx.cct-110.1.13] registered (path: /isaac-sim/extscache/omni.physx.cct-110.1.13+110.1.2.la64.r.cp312.u7f4)
  [ext: omni.physx.commands-110.1.13] registered (path: /isaac-sim/extscache/omni.physx.commands-110.1.13+110.1.2.cp312.u7f4)
  [ext: omni.physx.cooking-110.1.13] registered (path: /isaac-sim/extscache/omni.physx.cooking-110.1.13+110.1.2.la64.r.cp312.u7f4)
  [ext: omni.physx.demos-110.1.13] registered (path: /isaac-sim/extscache/omni.physx.demos-110.1.13+110.1.2.cp312.u7f4)
  [ext: omni.physx.fabric-110.1.13] registered (path: /isaac-sim/extscache/omni.physx.fabric-110.1.13+110.1.2.la64.r.cp312.u7f4)
  [ext: omni.physx.foundation-110.1.13] registered (path: /isaac-sim/extscache/omni.physx.foundation-110.1.13+110.1.2.la64.r.cp312.u7f4)
  [ext: omni.physx.gpu-110.1.13] registered (path: /isaac-sim/extscache/omni.physx.gpu-110.1.13+110.1.2.la64.r.cp312.u7f4)
  [ext: omni.physx.graph-110.1.13] registered (path: /isaac-sim/extscache/omni.physx.graph-110.1.13+110.1.2.la64.r.cp312.u7f4)
  [ext: omni.physx.pvd-110.1.13] registered (path: /isaac-sim/extscache/omni.physx.pvd-110.1.13+110.1.2.la64.r.cp312.u7f4)
  [ext: omni.physx.supportui-110.1.13] registered (path: /isaac-sim/extscache/omni.physx.supportui-110.1.13+110.1.2.la64.r.cp312.u7f4)
  [ext: omni.physx.tensors-110.1.13] registered (path: /isaac-sim/extscache/omni.physx.tensors-110.1.13+110.1.2.la64.r.cp312.u7f4)
  [ext: omni.physx.tests-110.1.13] registered (path: /isaac-sim/extscache/omni.physx.tests-110.1.13+110.1.2.cp312.u7f4)
  [ext: omni.physx.tests.visual-110.1.13] registered (path: /isaac-sim/extscache/omni.physx.tests.visual-110.1.13+110.1.2.cp312.u7f4)
  [ext: omni.physx.ui-110.1.13] registered (path: /isaac-sim/extscache/omni.physx.ui-110.1.13+110.1.2.la64.r.cp312.u7f4)
  [ext: omni.physx.vehicle-110.1.13] registered (path: /isaac-sim/extscache/omni.physx.vehicle-110.1.13+110.1.2.la64.r.cp312.u7f4)
  [ext: omni.protobuf.lib-1.0.0] registered (path: /isaac-sim/extscache/omni.protobuf.lib-1.0.0+f9bf0dda.la64.r)
  [ext: omni.ramp-110.0.0] registered (path: /isaac-sim/extscache/omni.ramp-110.0.0+110.0.0.la64.r.cp312.u7f4)
  [ext: omni.replicator.core-1.13.27] registered (path: /isaac-sim/extscache/omni.replicator.core-1.13.27+110.1.1.la64.r.cp312)
  [ext: omni.replicator.nv-1.1.1] registered (path: /isaac-sim/extscache/omni.replicator.nv-1.1.1+110.1.0.la64.r.cp312)
  [ext: omni.replicator.replicator_yaml-2.0.12] registered (path: /isaac-sim/extscache/omni.replicator.replicator_yaml-2.0.12+110.1.1.la64)
  [ext: omni.resourcemonitor-107.1.1] registered (path: /isaac-sim/extscache/omni.resourcemonitor-107.1.1+f9bf0dda.la64.r.cp312)
  [ext: omni.rtx.settings.core-0.7.1] registered (path: /isaac-sim/extscache/omni.rtx.settings.core-0.7.1+f9bf0dda)
  [ext: omni.rtx.shadercache.vulkan-1.0.0] registered (path: /isaac-sim/extscache/omni.rtx.shadercache.vulkan-1.0.0+f9bf0dda.la64.r)
  [ext: omni.rtx.spg-0.2.1] registered (path: /isaac-sim/extscache/omni.rtx.spg-0.2.1+f9bf0dda.la64.r)
  [ext: omni.rtx.window.settings-0.8.0] registered (path: /isaac-sim/extscache/omni.rtx.window.settings-0.8.0+f9bf0dda.la64.r.cp312)
  [ext: omni.scene.optimizer.analysis-110.1.0] registered (path: /isaac-sim/extscache/omni.scene.optimizer.analysis-110.1.0+110.1.0)
  [ext: omni.scene.optimizer.bundle-110.1.0] registered (path: /isaac-sim/extscache/omni.scene.optimizer.bundle-110.1.0+110.1.0)
  [ext: omni.scene.optimizer.core-110.1.0] registered (path: /isaac-sim/extscache/omni.scene.optimizer.core-110.1.0+110.1.0.la64.r.cp312.u7f4)
  [ext: omni.scene.optimizer.ui-110.1.0] registered (path: /isaac-sim/extscache/omni.scene.optimizer.ui-110.1.0+110.1.0)
  [ext: omni.scene.optimizer.validators-110.1.0] registered (path: /isaac-sim/extscache/omni.scene.optimizer.validators-110.1.0+110.1.0)
  [ext: omni.scene.visualization.bundle-105.1.0] registered (path: /isaac-sim/extscache/omni.scene.visualization.bundle-105.1.0+110.0.0)
  [ext: omni.scene.visualization.core-110.0.0] registered (path: /isaac-sim/extscache/omni.scene.visualization.core-110.0.0+110.0.0.la64.r.cp312.u7f4)
  [ext: omni.scene.visualization.ui-107.0.1] registered (path: /isaac-sim/extscache/omni.scene.visualization.ui-107.0.1+110.0.0)
  [ext: omni.sensors.net-1.0.1] registered (path: /isaac-sim/extscache/omni.sensors.net-1.0.1+f9bf0dda.la64.r.cp312)
  [ext: omni.sensors.nv.acoustic-3.0.0] registered (path: /isaac-sim/extscache/omni.sensors.nv.acoustic-3.0.0+f9bf0dda.la64.r.cp312)
  [ext: omni.sensors.nv.camera-1.0.0] registered (path: /isaac-sim/extscache/omni.sensors.nv.camera-1.0.0+f9bf0dda.la64.r.cp312)
  [ext: omni.sensors.nv.common-3.0.0] registered (path: /isaac-sim/extscache/omni.sensors.nv.common-3.0.0+f9bf0dda.la64.r.cp312)
  [ext: omni.sensors.nv.ids-2.0.1] registered (path: /isaac-sim/extscache/omni.sensors.nv.ids-2.0.1+f9bf0dda.la64.r.cp312)
  [ext: omni.sensors.nv.lidar-3.0.0] registered (path: /isaac-sim/extscache/omni.sensors.nv.lidar-3.0.0+f9bf0dda.la64.r.cp312)
  [ext: omni.sensors.nv.materials-2.0.0] registered (path: /isaac-sim/extscache/omni.sensors.nv.materials-2.0.0+f9bf0dda.la64.r.cp312)
  [ext: omni.sensors.nv.radar-3.0.0] registered (path: /isaac-sim/extscache/omni.sensors.nv.radar-3.0.0+f9bf0dda.la64.r.cp312)
  [ext: omni.services.client-0.5.6] registered (path: /isaac-sim/extscache/omni.services.client-0.5.6)
  [ext: omni.services.convert.asset-510.0.2] registered (path: /isaac-sim/extscache/omni.services.convert.asset-510.0.2+110.1.2.la64.r.cp312.u7f4)
  [ext: omni.services.convert.cad-508.0.4] registered (path: /isaac-sim/extscache/omni.services.convert.cad-508.0.4+110.1.2.la64.r.cp312.u7f4)
  [ext: omni.services.core-1.11.0] registered (path: /isaac-sim/extscache/omni.services.core-1.11.0)
  [ext: omni.services.facilities.base-1.0.5] registered (path: /isaac-sim/extscache/omni.services.facilities.base-1.0.5)
  [ext: omni.services.facilities.monitoring.metrics-0.3.1] registered (path: /isaac-sim/extscache/omni.services.facilities.monitoring.metrics-0.3.1)
  [ext: omni.services.facilities.monitoring.progress-0.2.4] registered (path: /isaac-sim/extscache/omni.services.facilities.monitoring.progress-0.2.4)
  [ext: omni.services.pip_archive-0.18.7] registered (path: /isaac-sim/extscache/omni.services.pip_archive-0.18.7+110.1.1.la64.cp312)
  [ext: omni.services.starfleet.auth-0.1.6] registered (path: /isaac-sim/extscache/omni.services.starfleet.auth-0.1.6)
  [ext: omni.services.transport.client.base-1.2.5] registered (path: /isaac-sim/extscache/omni.services.transport.client.base-1.2.5)
  [ext: omni.services.transport.client.http_async-1.4.2] registered (path: /isaac-sim/extscache/omni.services.transport.client.http_async-1.4.2)
  [ext: omni.services.transport.server.base-1.1.2] registered (path: /isaac-sim/extscache/omni.services.transport.server.base-1.1.2)
  [ext: omni.services.transport.server.http-1.3.2] registered (path: /isaac-sim/extscache/omni.services.transport.server.http-1.3.2)
  [ext: omni.services.transport.server.zeroconf-1.0.10] registered (path: /isaac-sim/extscache/omni.services.transport.server.zeroconf-1.0.10)
  [ext: omni.services.usd-1.1.1] registered (path: /isaac-sim/extscache/omni.services.usd-1.1.1)
  [ext: omni.simready.content.browser-0.3.7] registered (path: /isaac-sim/extscache/omni.simready.content.browser-0.3.7+110.1.1)
  [ext: omni.simready.explorer-1.1.4] registered (path: /isaac-sim/extscache/omni.simready.explorer-1.1.4)
  [ext: omni.stats-1.0.1] registered (path: /isaac-sim/extscache/omni.stats-1.0.1+f9bf0dda.la64.r.cp312)
  [ext: omni.syntheticdata-0.6.15] registered (path: /isaac-sim/extscache/omni.syntheticdata-0.6.15+f9bf0dda.la64.r.cp312)
  [ext: omni.timeline-1.1.0] registered (path: /isaac-sim/extscache/omni.timeline-1.1.0+f9bf0dda.la64.r.cp312)
  [ext: omni.timeline.live_session-1.1.2] registered (path: /isaac-sim/extscache/omni.timeline.live_session-1.1.2+f9bf0dda)
  [ext: omni.ui-3.2.0] registered (path: /isaac-sim/extscache/omni.ui-3.2.0+f9bf0dda.la64.r.cp312)
  [ext: omni.ui.scene-2.0.3] registered (path: /isaac-sim/extscache/omni.ui.scene-2.0.3+f9bf0dda.la64.r.cp312)
  [ext: omni.ui_query-1.1.10] registered (path: /isaac-sim/extscache/omni.ui_query-1.1.10+f9bf0dda)
  [ext: omni.uiaudio-1.0.0] registered (path: /isaac-sim/extscache/omni.uiaudio-1.0.0+f9bf0dda.la64.r.cp312)
  [ext: omni.ujitso.client-0.0.0] registered (path: /isaac-sim/extscache/omni.ujitso.client-0.0.0+f9bf0dda.la64.r)
  [ext: omni.ujitso.default-1.0.0] registered (path: /isaac-sim/extscache/omni.ujitso.default-1.0.0+f9bf0dda.la64.r.cp312)
  [ext: omni.usd-1.16.0] registered (path: /isaac-sim/extscache/omni.usd-1.16.0+f9bf0dda.la64.r.cp312)
  [ext: omni.usd.config-1.0.7] registered (path: /isaac-sim/extscache/omni.usd.config-1.0.7+f9bf0dda)
  [ext: omni.usd.core-1.8.3] registered (path: /isaac-sim/extscache/omni.usd.core-1.8.3+f9bf0dda.la64.r)
  [ext: omni.usd.fileformat.e57-1.7.4] registered (path: /isaac-sim/extscache/omni.usd.fileformat.e57-1.7.4+la64.r.cp312.u7f4)
  [ext: omni.usd.fileformat.pts-110.0.2] registered (path: /isaac-sim/extscache/omni.usd.fileformat.pts-110.0.2+la64.r.cp312.u7f4)
  [ext: omni.usd.libs-1.0.3] registered (path: /isaac-sim/extscache/omni.usd.libs-1.0.3+f9bf0dda.la64.r.cp312)
  [ext: omni.usd.metrics.assembler-110.1.2] registered (path: /isaac-sim/extscache/omni.usd.metrics.assembler-110.1.2+110.1.0.la64.r.cp312.u7f4)
  [ext: omni.usd.metrics.assembler.physics-110.1.13] registered (path: /isaac-sim/extscache/omni.usd.metrics.assembler.physics-110.1.13+110.1.2.cp312.u7f4)
  [ext: omni.usd.metrics.assembler.ui-110.1.1] registered (path: /isaac-sim/extscache/omni.usd.metrics.assembler.ui-110.1.1+110.1.0.cp312.u7f4)
  [ext: omni.usd.metrics.assembler.usdgeom-0.1.0] registered (path: /isaac-sim/extscache/omni.usd.metrics.assembler.usdgeom-0.1.0+110.1.0.cp312.u7f4)
  [ext: omni.usd.schema.anim-0.0.1] registered (path: /isaac-sim/extscache/omni.usd.schema.anim-0.0.1+f9bf0dda.la64.r.cp312)
  [ext: omni.usd.schema.audio-0.0.1] registered (path: /isaac-sim/extscache/omni.usd.schema.audio-0.0.1+f9bf0dda.la64.r.cp312)
  [ext: omni.usd.schema.flow-110.0.0] registered (path: /isaac-sim/extscache/omni.usd.schema.flow-110.0.0+110.0.0.u7f4)
  [ext: omni.usd.schema.geospatial-0.0.1] registered (path: /isaac-sim/extscache/omni.usd.schema.geospatial-0.0.1+f9bf0dda.la64.r.cp312)
  [ext: omni.usd.schema.metrics.assembler-110.1.0] registered (path: /isaac-sim/extscache/omni.usd.schema.metrics.assembler-110.1.0+110.1.0.la64.r.cp312.u7f4)
  [ext: omni.usd.schema.omni_lens_distortion-1.0.0] registered (path: /isaac-sim/extscache/omni.usd.schema.omni_lens_distortion-1.0.0+f9bf0dda)
  [ext: omni.usd.schema.omni_projectors-1.0.0] registered (path: /isaac-sim/extscache/omni.usd.schema.omni_projectors-1.0.0+f9bf0dda)
  [ext: omni.usd.schema.omni_sensors-0.0.0] registered (path: /isaac-sim/extscache/omni.usd.schema.omni_sensors-0.0.0+f9bf0dda.la64.r.cp312)
  [ext: omni.usd.schema.omnigraph-1.0.1] registered (path: /isaac-sim/extscache/omni.usd.schema.omnigraph-1.0.1+f9bf0dda.la64.r.cp312)
  [ext: omni.usd.schema.omniscripting-1.0.1] registered (path: /isaac-sim/extscache/omni.usd.schema.omniscripting-1.0.1+f9bf0dda.la64.r.cp312)
  [ext: omni.usd.schema.physical_lighting-0.1.0] registered (path: /isaac-sim/extscache/omni.usd.schema.physical_lighting-0.1.0+f9bf0dda.la64.r.cp312)
  [ext: omni.usd.schema.physx-110.1.13] registered (path: /isaac-sim/extscache/omni.usd.schema.physx-110.1.13+110.1.2.la64.r.cp312.u7f4)
  [ext: omni.usd.schema.playback-1.0.0] registered (path: /isaac-sim/extscache/omni.usd.schema.playback-1.0.0+f9bf0dda.la64.r.cp312)
  [ext: omni.usd.schema.render_settings.rtx-1.0.2] registered (path: /isaac-sim/extscache/omni.usd.schema.render_settings.rtx-1.0.2+f9bf0dda)
  [ext: omni.usd.schema.scene.visualization-2.0.2] registered (path: /isaac-sim/extscache/omni.usd.schema.scene.visualization-2.0.2+110.0.0)
  [ext: omni.usd.schema.semantics-0.0.0] registered (path: /isaac-sim/extscache/omni.usd.schema.semantics-0.0.0+f9bf0dda.la64.r.cp312)
  [ext: omni.usd.schema.sequence-3.2.0] registered (path: /isaac-sim/extscache/omni.usd.schema.sequence-3.2.0+110.1.1.la64.r.cp312.u7f4)
  [ext: omni.usd.schema.usd_particle_field-1.0.0] registered (path: /isaac-sim/extscache/omni.usd.schema.usd_particle_field-1.0.0+f9bf0dda)
  [ext: omni.usd_resolver-1.0.0] registered (path: /isaac-sim/extscache/omni.usd_resolver-1.0.0+f9bf0dda.la64.r.cp312)
  [ext: omni.usdex.libs-2.2.2] registered (path: /isaac-sim/extscache/omni.usdex.libs-2.2.2+110.0.0.la64.r.cp312.u7f4)
  [ext: omni.usdphysics-110.1.13] registered (path: /isaac-sim/extscache/omni.usdphysics-110.1.13+110.1.2.la64.r.cp312.u7f4)
  [ext: omni.usdphysics.ui-110.1.13] registered (path: /isaac-sim/extscache/omni.usdphysics.ui-110.1.13+110.1.2.la64.r.cp312.u7f4)
  [ext: omni.vdb_timesample_editor-0.2.3] registered (path: /isaac-sim/extscache/omni.vdb_timesample_editor-0.2.3)
  [ext: omni.videoencoding-0.2.1] registered (path: /isaac-sim/extscache/omni.videoencoding-0.2.1+f9bf0dda.la64.r.cp312)
  [ext: omni.volume-0.5.2] registered (path: /isaac-sim/extscache/omni.volume-0.5.2+f9bf0dda.la64.r.cp312)
  [ext: omni.warehouse.creator.api-1.1.2] registered (path: /isaac-sim/extscache/omni.warehouse.creator.api-1.1.2)
  [ext: omni.warehouse.creator.ui-1.3.0] registered (path: /isaac-sim/extscache/omni.warehouse.creator.ui-1.3.0)
  [ext: omni.warehouse_creator-1.0.0] registered (path: /isaac-sim/extscache/omni.warehouse_creator-1.0.0)
  [ext: omni.warp.core-1.13.0] registered (path: /isaac-sim/extscache/omni.warp.core-1.13.0+la64)
  [ext: semantics.schema.editor-2.0.2] registered (path: /isaac-sim/extscache/semantics.schema.editor-2.0.2)
  [ext: semantics.schema.property-2.0.2] registered (path: /isaac-sim/extscache/semantics.schema.property-2.0.2)
  [ext: usdrt.scenegraph-7.6.3] registered (path: /isaac-sim/extscache/usdrt.scenegraph-7.6.3+f9bf0dda.la64.r.cp312)
  [ext: omni.client.lib-1.1.1] registered (path: /isaac-sim/kit/extscore/omni.client.lib)
  [ext: omni.kit.async_engine-0.0.3] registered (path: /isaac-sim/kit/extscore/omni.kit.async_engine)
  [ext: omni.kit.registry.nucleus-0.0.0] registered (path: /isaac-sim/kit/extscore/omni.kit.registry.nucleus)
  [ext: omni.app.dev-1.0.0] registered (path: /isaac-sim/kit/apps/omni.app.dev.kit)
  [ext: omni.app.dev.nvcf-1.0.0] registered (path: /isaac-sim/kit/apps/omni.app.dev.nvcf.kit)
  [ext: omni.app.dev.xr.avp-1.0.0] registered (path: /isaac-sim/kit/apps/omni.app.dev.xr.avp.kit)
  [ext: omni.app.dev.xr.ipad-1.0.0] registered (path: /isaac-sim/kit/apps/omni.app.dev.xr.ipad.kit)
  [ext: omni.app.editor.base-1.0.0] registered (path: /isaac-sim/kit/apps/omni.app.editor.base.kit)
  [ext: omni.app.empty-0.1.0] registered (path: /isaac-sim/kit/apps/omni.app.empty.kit)
  [ext: omni.app.full-1.0.1] registered (path: /isaac-sim/kit/apps/omni.app.full.kit)
  [ext: omni.app.hydra-1.0.0] registered (path: /isaac-sim/kit/apps/omni.app.hydra.kit)
  [ext: omni.app.mini-0.1.1] registered (path: /isaac-sim/kit/apps/omni.app.mini.kit)
  [ext: omni.app.viewport-1.0.0] registered (path: /isaac-sim/kit/apps/omni.app.viewport.kit)
2026-09-10T04:24:50Z [9ms] [Info] [carb] Initializing plugin: carb.scripting-python.plugin (interfaces: [carb::scripting::IScripting v1.0]) (impl: carb.scripting-python.plugin)
2026-09-10T04:24:50Z [10ms] [Info] [omni.kit.app._impl] python GC: gc.disable()
2026-09-10T04:24:50Z [11ms] [Info] [omni.ext.plugin] [ext manager] preferLocalVersions: 1
2026-09-10T04:24:50Z [11ms] [Info] [omni.ext.plugin] Processing exts enabling request: 'isaaclab.python.headless.rendering-3.0.0'
2026-09-10T04:24:50Z [12ms] [Info] [omni.ext.plugin] Solver result: succeeded. nodes: 131. time: 0.68871 (ms) iterations: 193 backtracks: 0 cycles: 0 unitprops: 192
Extensions dependency solver solution:
[ext: isaaclab.python.headless.rendering-3.0.0] deps:
 -> 'isaaclab.python.headless' = { version='^' } selected: [isaaclab.python.headless-3.0.0]
 -> 'isaacsim.core.rendering_manager' = { version='^' } selected: [isaacsim.core.rendering_manager-0.4.3]
 -> 'omni.replicator.core' = { version='^' } selected: [omni.replicator.core-1.13.27]
 -> 'omni.kit.material.library' = { version='^' } selected: [omni.kit.material.library-3.1.2]
 -> 'omni.kit.viewport.rtx' = { version='^' } selected: [omni.kit.viewport.rtx-107.0.0]
 -> 'omni.kit.hydra_texture' = { version='^' } selected: [omni.kit.hydra_texture-1.6.0]
[ext: omni.replicator.core-1.13.27] deps:
 -> 'omni.physx' = { version='^' } selected: [omni.physx-110.1.13]
 -> 'omni.kit.usd.mdl' = { version='^' } selected: [omni.kit.usd.mdl-1.1.9]
 -> 'omni.replicator.nv' = { version='^' } selected: [omni.replicator.nv-1.1.1]
 -> 'omni.graph' = { version='^' } selected: [omni.graph-1.142.5]
 -> 'omni.graph.core' = { version='^' } selected: [omni.graph.core-3.1.2]
 -> 'omni.syntheticdata' = { version='^' } selected: [omni.syntheticdata-0.6.15]
 -> 'omni.graph.nodes' = { version='^' } selected: [omni.graph.nodes-2.12.0]
 -> 'omni.graph.action' = { version='^' } selected: [omni.graph.action-2.10.2]
 -> 'omni.inspect' = { version='^' } selected: [omni.inspect-1.0.2]
 -> 'omni.kit.primitive.mesh' = { version='^' } selected: [omni.kit.primitive.mesh-1.1.0]
 -> 'omni.timeline' = { version='^' } selected: [omni.timeline-1.1.0]
 -> 'omni.graph.scriptnode' = { version='^' } selected: [omni.graph.scriptnode-2.10.2]
 -> 'omni.pip.compute' = { version='^' } selected: [omni.pip.compute-1.9.2]
 -> 'omni.pip.cloud' = { version='^' } selected: [omni.pip.cloud-1.5.4]
 -> 'omni.physics.physx' = { version='^' } selected: [omni.physics.physx-110.1.13]
 -> 'omni.physics.stageupdate' = { version='^' } selected: [omni.physics.stageupdate-110.1.13]
 -> 'omni.usd.schema.anim' = { version='^' } selected: [omni.usd.schema.anim-0.0.1]
 -> 'omni.usd.schema.omni_sensors' = { version='^' } selected: [omni.usd.schema.omni_sensors-0.0.0]
 -> 'omni.videoencoding' = { version='^' } selected: [omni.videoencoding-0.2.1]
[ext: omni.videoencoding-0.2.1] deps:
 -> 'omni.assets.plugins' = { version='^' } selected: [omni.assets.plugins-0.0.0]
[ext: omni.replicator.nv-1.1.1] deps:
 -> 'omni.hydra.rtx' = { version='^' } selected: [omni.hydra.rtx-1.0.4]
 -> 'omni.graph' = { version='^' } selected: [omni.graph-1.142.5]
 -> 'omni.graph.core' = { version='^' } selected: [omni.graph.core-3.1.2]
 -> 'omni.syntheticdata' = { version='^' } selected: [omni.syntheticdata-0.6.15]
 -> 'omni.graph.nodes' = { version='^' } selected: [omni.graph.nodes-2.12.0]
 -> 'omni.graph.action' = { version='^' } selected: [omni.graph.action-2.10.2]
 -> 'omni.usd.schema.physx' = { version='^' } selected: [omni.usd.schema.physx-110.1.13]
 -> 'omni.hydra.usdrt_delegate' = { version='^' } selected: [omni.hydra.usdrt_delegate-7.5.2]
 -> 'omni.hydra.engine.stats' = { version='^' } selected: [omni.hydra.engine.stats-1.0.5]
[ext: omni.syntheticdata-0.6.15] deps:
 -> 'omni.kit.viewport.utility' = { version='^' } selected: [omni.kit.viewport.utility-2.0.1]
 -> 'omni.graph' = { version='^' } selected: [omni.graph-1.142.5]
 -> 'omni.usd' = { version='^' } selected: [omni.usd-1.16.0]
 -> 'omni.kit.commands' = { version='^' } selected: [omni.kit.commands-1.5.0]
 -> 'omni.ui' = { version='^' } selected: [omni.ui-3.2.0]
 -> 'omni.graph.action_core' = { version='^' } selected: [omni.graph.action_core-1.1.9]
 -> 'omni.graph.image.core' = { version='^' } selected: [omni.graph.image.core-0.6.1]
 -> 'omni.graph.image.nodes' = { version='^' } selected: [omni.graph.image.nodes-1.3.1]
 -> 'omni.usd.schema.semantics' = { version='^' } selected: [omni.usd.schema.semantics-0.0.0]
 -> 'omni.kit.async_engine' = { version='^' } selected: [omni.kit.async_engine-0.0.3]
[ext: omni.kit.viewport.rtx-107.0.0] deps:
 -> 'omni.hydra.rtx' = { version='^' } selected: [omni.hydra.rtx-1.0.4]
[ext: omni.graph.scriptnode-2.10.2] deps:
 -> 'omni.graph' = { version='^1.139.0' } selected: [omni.graph-1.142.5]
 -> 'omni.graph.core' = { version='^3.0.0' } selected: [omni.graph.core-3.1.2]
 -> 'omni.graph.tools' = { version='^1.77.0' } selected: [omni.graph.tools-1.81.0]
[ext: omni.graph.nodes-2.12.0] deps:
 -> 'usdrt.scenegraph' = { version='^' } selected: [usdrt.scenegraph-7.6.3]
 -> 'omni.graph' = { version='^1.139.0' optional=true  } selected: [omni.graph-1.142.5]
 -> 'omni.graph.core' = { version='^3.0.0' } selected: [omni.graph.core-3.1.2]
 -> 'omni.usd' = { version='^' } selected: [omni.usd-1.16.0]
 -> 'omni.kit.commands' = { version='^' } selected: [omni.kit.commands-1.5.0]
 -> 'omni.hydra.scene_delegate' = { version='^' } selected: [omni.hydra.scene_delegate-0.3.5]
 -> 'omni.graph.tools' = { version='^1.77.0' optional=true  } selected: [omni.graph.tools-1.81.0]
 -> 'omni.graph.image.nodes' = { version='^' } selected: [omni.graph.image.nodes-1.3.1]
 -> 'carb.audio' = { version='^' } selected: [carb.audio-0.1.0]
 -> 'omni.graph.nodes_core' = { version='^' } selected: [omni.graph.nodes_core-2.11.0]
[ext: omni.graph.nodes_core-2.11.0] deps:
 -> 'omni.graph' = { version='^' optional=true  } selected: [omni.graph-1.142.5]
 -> 'omni.graph.core' = { version='^' } selected: [omni.graph.core-3.1.2]
 -> 'omni.kit.exec.core' = { version='^' } selected: [omni.kit.exec.core-0.13.5]
[ext: omni.graph.image.nodes-1.3.1] deps:
 -> 'omni.graph.core' = { version='^' } selected: [omni.graph.core-3.1.2]
 -> 'omni.graph.tools' = { version='^' } selected: [omni.graph.tools-1.81.0]
 -> 'omni.graph.image.core' = { version='^' } selected: [omni.graph.image.core-0.6.1]
[ext: omni.graph.image.core-0.6.1] deps:
 -> 'omni.graph.core' = { version='^' } selected: [omni.graph.core-3.1.2]
 -> 'omni.gpucompute.plugins' = { version='^' } selected: [omni.gpucompute.plugins-0.0.0]
 -> 'omni.kit.exec.core' = { version='^' } selected: [omni.kit.exec.core-0.13.5]
 -> 'omni.graph.exec' = { version='^' } selected: [omni.graph.exec-0.9.6]
[ext: omni.graph.action-2.10.2] deps:
 -> 'omni.graph.action_nodes' = { version='^' } selected: [omni.graph.action_nodes-2.11.0]
[ext: omni.graph.action_nodes-2.11.0] deps:
 -> 'omni.graph' = { version='^1.139.0' } selected: [omni.graph-1.142.5]
 -> 'omni.graph.core' = { version='^3.0.0' } selected: [omni.graph.core-3.1.2]
 -> 'omni.timeline' = { version='^' } selected: [omni.timeline-1.1.0]
 -> 'omni.usd' = { version='^' } selected: [omni.usd-1.16.0]
 -> 'omni.kit.commands' = { version='^' } selected: [omni.kit.commands-1.5.0]
 -> 'omni.graph.tools' = { version='^1.77.0' } selected: [omni.graph.tools-1.81.0]
 -> 'omni.graph.action_core' = { version='^1.1.0' } selected: [omni.graph.action_core-1.1.9]
 -> 'omni.graph.action_nodes_core' = { version='^' } selected: [omni.graph.action_nodes_core-2.11.0]
[ext: omni.graph.action_nodes_core-2.11.0] deps:
 -> 'omni.graph' = { version='^' optional=true  } selected: [omni.graph-1.142.5]
 -> 'omni.graph.core' = { version='^' } selected: [omni.graph.core-3.1.2]
 -> 'omni.kit.exec.core' = { version='^' } selected: [omni.kit.exec.core-0.13.5]
 -> 'omni.graph.action_core' = { version='^1.1.0' } selected: [omni.graph.action_core-1.1.9]
[ext: omni.graph.action_core-1.1.9] deps:
 -> 'omni.graph.core' = { version='^' } selected: [omni.graph.core-3.1.2]
[ext: omni.graph-1.142.5] deps:
 -> 'usdrt.scenegraph' = { version='^' } selected: [usdrt.scenegraph-7.6.3]
 -> 'omni.graph.core' = { version='^' } selected: [omni.graph.core-3.1.2]
 -> 'omni.usd' = { version='^' } selected: [omni.usd-1.16.0]
 -> 'omni.kit.commands' = { version='^' } selected: [omni.kit.commands-1.5.0]
 -> 'omni.client' = { version='^' } selected: [omni.client-1.3.0]
 -> 'omni.graph.tools' = { version='^' } selected: [omni.graph.tools-1.81.0]
 -> 'omni.kit.usd_undo' = { version='^' } selected: [omni.kit.usd_undo-0.1.8]
[ext: omni.graph.tools-1.81.0] deps:
 -> 'omni.inspect' = { version='^' } selected: [omni.inspect-1.0.2]
 -> 'omni.usd.libs' = { version='^' } selected: [omni.usd.libs-1.0.3]
 -> 'omni.kit.test' = { version='^' } selected: [omni.kit.test-2.0.7]
[ext: isaacsim.core.rendering_manager-0.4.3] deps:
 -> 'isaacsim.core.deprecation_manager' = { version='^' } selected: [isaacsim.core.deprecation_manager-0.4.2]
 -> 'isaacsim.core.experimental.utils' = { version='^' } selected: [isaacsim.core.experimental.utils-0.17.2]
 -> 'omni.hydra.rtx' = { version='^' } selected: [omni.hydra.rtx-1.0.4]
 -> 'omni.kit.viewport.utility' = { version='^' } selected: [omni.kit.viewport.utility-2.0.1]
 -> 'omni.kit.viewport.window' = { version='^' } selected: [omni.kit.viewport.window-109.0.2]
[ext: isaaclab.python.headless-3.0.0] deps:
 -> 'omni.physx' = { version='^' } selected: [omni.physx-110.1.13]
 -> 'omni.physx.tensors' = { version='^' } selected: [omni.physx.tensors-110.1.13]
 -> 'omni.physx.fabric' = { version='^' } selected: [omni.physx.fabric-110.1.13]
 -> 'usdrt.scenegraph' = { version='^' } selected: [usdrt.scenegraph-7.6.3]
 -> 'omni.kit.loop' = { version='^' } selected: [omni.kit.loop-isaac-1.6.0]
 -> 'omni.kit.usd.mdl' = { version='^' } selected: [omni.kit.usd.mdl-1.1.9]
 -> 'omni.usd.metrics.assembler.ui' = { version='^' } selected: [omni.usd.metrics.assembler.ui-110.1.1]
 -> 'isaacsim.simulation_app' = { version='^' } selected: [isaacsim.simulation_app-2.18.4]
 -> 'isaacsim.core.simulation_manager' = { version='^' } selected: [isaacsim.core.simulation_manager-1.15.6]
 -> 'isaacsim.core.version' = { version='^' } selected: [isaacsim.core.version-2.1.1]
 -> 'isaaclab' = { version='^' } selected: [isaaclab-6.1.14]
 -> 'isaaclab_physx' = { version='^' } selected: [isaaclab_physx-1.1.3]
 -> 'isaaclab_newton' = { version='^' } selected: [isaaclab_newton-0.13.6]
 -> 'isaaclab_assets' = { version='^' } selected: [isaaclab_assets-0.3.4]
 -> 'isaaclab_tasks' = { version='^' } selected: [isaaclab_tasks-1.10.9]
 -> 'isaaclab_mimic' = { version='^' } selected: [isaaclab_mimic-1.3.3]
 -> 'isaaclab_rl' = { version='^' } selected: [isaaclab_rl-0.5.5]
[ext: isaaclab_rl-0.5.5] deps:
 -> 'isaaclab' = { version='^' } selected: [isaaclab-6.1.14]
 -> 'isaaclab_assets' = { version='^' } selected: [isaaclab_assets-0.3.4]
 -> 'isaaclab_tasks' = { version='^' } selected: [isaaclab_tasks-1.10.9]
[ext: isaaclab_physx-1.1.3] deps:
 -> 'isaaclab' = { version='^' } selected: [isaaclab-6.1.14]
[ext: isaaclab_newton-0.13.6] deps:
 -> 'isaaclab' = { version='^' } selected: [isaaclab-6.1.14]
[ext: isaaclab_mimic-1.3.3] deps:
 -> 'isaaclab' = { version='^' } selected: [isaaclab-6.1.14]
 -> 'isaaclab_assets' = { version='^' } selected: [isaaclab_assets-0.3.4]
 -> 'isaaclab_tasks' = { version='^' } selected: [isaaclab_tasks-1.10.9]
[ext: isaaclab_tasks-1.10.9] deps:
 -> 'isaaclab' = { version='^' } selected: [isaaclab-6.1.14]
 -> 'isaaclab_assets' = { version='^' } selected: [isaaclab_assets-0.3.4]
[ext: isaaclab_assets-0.3.4] deps:
 -> 'isaaclab' = { version='^' } selected: [isaaclab-6.1.14]
 -> 'isaaclab_contrib' = { version='^' } selected: [isaaclab_contrib-0.4.4]
[ext: omni.usd.metrics.assembler.ui-110.1.1] deps:
 -> 'omni.kit.viewport.utility' = { version='^' optional=true  } selected: [omni.kit.viewport.utility-2.0.1]
 -> 'omni.kit.viewport.window' = { version='^' optional=true  } selected: [omni.kit.viewport.window-109.0.2]
 -> 'omni.usd' = { version='^' } selected: [omni.usd-1.16.0]
 -> 'omni.kit.usd.layers' = { version='^' } selected: [omni.kit.usd.layers-2.6.1]
 -> 'omni.ui' = { version='^' optional=true  } selected: [omni.ui-3.2.0]
 -> 'omni.usd.metrics.assembler' = { version='^' } selected: [omni.usd.metrics.assembler-110.1.2]
 -> 'omni.kit.viewport.registry' = { version='^' optional=true  } selected: [omni.kit.viewport.registry-104.0.6]
[ext: omni.physx.fabric-110.1.13] deps:
 -> 'omni.physx' = { version='=110.1.13' } selected: [omni.physx-110.1.13]
 -> 'usdrt.scenegraph' = { version='^' } selected: [usdrt.scenegraph-7.6.3]
 -> 'omni.graph.core' = { version='^' optional=true  } selected: [omni.graph.core-3.1.2]
 -> 'omni.ui' = { version='^' optional=true  } selected: [omni.ui-3.2.0]
[ext: omni.kit.viewport.utility-2.0.1] deps:
 -> 'omni.kit.viewport.window' = { version='^' optional=true  } selected: [omni.kit.viewport.window-109.0.2]
 -> 'omni.usd.libs' = { version='^' } selected: [omni.usd.libs-1.0.3]
[ext: omni.kit.viewport.window-109.0.2] deps:
 -> 'omni.kit.material.library' = { version='^' optional=true  } selected: [omni.kit.material.library-3.1.2]
 -> 'omni.timeline' = { version='^' } selected: [omni.timeline-1.1.0]
 -> 'omni.usd' = { version='^' } selected: [omni.usd-1.16.0]
 -> 'omni.kit.usd.layers' = { version='^' optional=true  } selected: [omni.kit.usd.layers-2.6.1]
 -> 'omni.kit.actions.core' = { version='^' } selected: [omni.kit.actions.core-1.0.0]
 -> 'omni.ui' = { version='^' } selected: [omni.ui-3.2.0]
 -> 'omni.kit.viewport.registry' = { version='^' } selected: [omni.kit.viewport.registry-104.0.6]
 -> 'omni.ui.scene' = { version='^' } selected: [omni.ui.scene-2.0.3]
 -> 'omni.kit.widget.viewport' = { version='^' } selected: [omni.kit.widget.viewport-109.2.0]
 -> 'omni.hydra.engine.stats' = { version='^' optional=true  } selected: [omni.hydra.engine.stats-1.0.5]
[ext: omni.ui.scene-2.0.3] deps:
 -> 'omni.ui' = { version='^' } selected: [omni.ui-3.2.0]
[ext: omni.kit.widget.viewport-109.2.0] deps:
 -> 'omni.kit.hydra_texture' = { version='^' } selected: [omni.kit.hydra_texture-1.6.0]
 -> 'omni.kit.commands' = { version='^' optional=true  } selected: [omni.kit.commands-1.5.0]
 -> 'omni.ui' = { version='^' } selected: [omni.ui-3.2.0]
 -> 'omni.activity.core' = { version='^' optional=true  } selected: [omni.activity.core-1.0.3]
[ext: omni.kit.viewport.registry-104.0.6] deps:
 -> 'omni.ui' = { version='^' } selected: [omni.ui-3.2.0]
[ext: omni.kit.material.library-3.1.2] deps:
 -> 'omni.usd' = { version='^' } selected: [omni.usd-1.16.0]
 -> 'omni.kit.commands' = { version='^' } selected: [omni.kit.commands-1.5.0]
 -> 'omni.kit.usd.layers' = { version='^' } selected: [omni.kit.usd.layers-2.6.1]
 -> 'omni.mdl.neuraylib' = { version='^' } selected: [omni.mdl.neuraylib-0.2.20]
 -> 'omni.mdl' = { version='^' } selected: [omni.mdl-57.0.3]
 -> 'omni.materialx.libs' = { version='^' } selected: [omni.materialx.libs-1.0.9]
 -> 'omni.kit.actions.core' = { version='^' } selected: [omni.kit.actions.core-1.0.0]
 -> 'omni.client' = { version='^' } selected: [omni.client-1.3.0]
 -> 'omni.ui' = { version='^' } selected: [omni.ui-3.2.0]
[ext: omni.kit.hydra_texture-1.6.0] deps:
 -> 'omni.hydra.rtx' = { version='^' optional=true  } selected: [omni.hydra.rtx-1.0.4]
 -> 'omni.usd' = { version='^' } selected: [omni.usd-1.16.0]
 -> 'omni.gpu_foundation' = { version='^' } selected: [omni.gpu_foundation-0.0.0]
 -> 'omni.kit.renderer.core' = { version='^' optional=true  } selected: [omni.kit.renderer.core-1.2.2]
[ext: omni.hydra.rtx-1.0.4] deps:
 -> 'omni.kit.usd.mdl' = { version='^' } selected: [omni.kit.usd.mdl-1.1.9]
 -> 'omni.mdl.neuraylib' = { version='^' } selected: [omni.mdl.neuraylib-0.2.20]
 -> 'omni.client' = { version='^' } selected: [omni.client-1.3.0]
 -> 'omni.gpu_foundation' = { version='^' } selected: [omni.gpu_foundation-0.0.0]
 -> 'omni.usd.core' = { version='^' } selected: [omni.usd.core-1.8.3]
 -> 'omni.hydra.usdrt_delegate' = { version='^' } selected: [omni.hydra.usdrt_delegate-7.5.2]
 -> 'omni.usd.schema.physical_lighting' = { version='^' } selected: [omni.usd.schema.physical_lighting-0.1.0]
 -> 'omni.usd.schema.usd_particle_field' = { version='^' } selected: [omni.usd.schema.usd_particle_field-1.0.0]
 -> 'omni.volume' = { version='^' } selected: [omni.volume-0.5.2]
 -> 'omni.index' = { version='^' } selected: [omni.index-1.0.1]
 -> 'omni.ujitso.client' = { version='^' } selected: [omni.ujitso.client-0.0.0]
 -> 'omni.hydra.scene_delegate' = { version='^' } selected: [omni.hydra.scene_delegate-0.3.5]
 -> 'omni.usd.schema.render_settings.rtx' = { version='^' } selected: [omni.usd.schema.render_settings.rtx-1.0.2]
 -> 'omni.usd.schema.omni_projectors' = { version='^' } selected: [omni.usd.schema.omni_projectors-1.0.0]
 -> 'omni.protobuf.lib' = { version='^' } selected: [omni.protobuf.lib-1.0.0]
 -> 'omni.usd.schema.playback' = { version='^' } selected: [omni.usd.schema.playback-1.0.0]
 -> 'omni.hydra.rtx.shadercache.vulkan' = { version='^' } selected: [omni.hydra.rtx.shadercache.vulkan-1.0.0]
[ext: omni.volume-0.5.2] deps:
 -> 'omni.client' = { version='^' } selected: [omni.client-1.3.0]
 -> 'omni.assets.plugins' = { version='^' } selected: [omni.assets.plugins-0.0.0]
[ext: omni.usd.schema.playback-1.0.0] deps:
 -> 'omni.usd.libs' = { version='^' } selected: [omni.usd.libs-1.0.3]
[ext: omni.ujitso.client-0.0.0] deps:
 -> 'omni.ujitso.default' = { version='^' } selected: [omni.ujitso.default-1.0.0]
 -> 'omni.hsscclient' = { version='^' } selected: [omni.hsscclient-1.1.4]
[ext: omni.index-1.0.1] deps:
 -> 'omni.client' = { version='^' } selected: [omni.client-1.3.0]
 -> 'omni.usd.libs' = { version='^' } selected: [omni.usd.libs-1.0.3]
 -> 'omni.index.libs' = { version='^' } selected: [omni.index.libs-387500.4413.0]
[ext: omni.index.libs-387500.4413.0] no deps
[ext: omni.hydra.rtx.shadercache.vulkan-1.0.0] no deps
[ext: omni.hydra.engine.stats-1.0.5] deps:
 -> 'omni.usd' = { version='^' } selected: [omni.usd-1.16.0]
 -> 'omni.gpu_foundation' = { version='^' } selected: [omni.gpu_foundation-0.0.0]
[ext: isaacsim.simulation_app-2.18.4] deps:
 -> 'omni.usd' = { version='^' } selected: [omni.usd-1.16.0]
[ext: isaacsim.core.version-2.1.1] deps:
 -> 'isaacsim.core.deprecation_manager' = { version='^' } selected: [isaacsim.core.deprecation_manager-0.4.2]
[ext: isaacsim.core.simulation_manager-1.15.6] deps:
 -> 'omni.physx.tensors' = { version='^' } selected: [omni.physx.tensors-110.1.13]
 -> 'isaacsim.core.experimental.utils' = { version='^' } selected: [isaacsim.core.experimental.utils-0.17.2]
 -> 'omni.physics.physx' = { version='^' } selected: [omni.physics.physx-110.1.13]
 -> 'omni.physics.stageupdate' = { version='^' } selected: [omni.physics.stageupdate-110.1.13]
 -> 'omni.usd.schema.newton' = { version='^' } selected: [omni.usd.schema.newton-1.2.1]
 -> 'omni.physics' = { version='^' } selected: [omni.physics-110.1.13]
 -> 'omni.usd.schema.mujoco' = { version='^' } selected: [omni.usd.schema.mujoco-1.1.1]
 -> 'omni.usdex.libs' = { version='^' } selected: [omni.usdex.libs-2.2.2]
[ext: omni.usdex.libs-2.2.2] deps:
 -> 'omni.usd.libs' = { version='^' } selected: [omni.usd.libs-1.0.3]
[ext: omni.physx.tensors-110.1.13] deps:
 -> 'omni.physx' = { version='=110.1.13' } selected: [omni.physx-110.1.13]
 -> 'omni.physics.tensors' = { version='=110.1.13' } selected: [omni.physics.tensors-110.1.13]
[ext: omni.physics.tensors-110.1.13] deps:
 -> 'omni.usd.libs' = { version='^' } selected: [omni.usd.libs-1.0.3]
 -> 'omni.usd.schema.physx' = { version='=110.1.13' } selected: [omni.usd.schema.physx-110.1.13]
[ext: omni.physics.stageupdate-110.1.13] deps:
 -> 'omni.usd' = { version='^' } selected: [omni.usd-1.16.0]
 -> 'omni.kit.usd.layers' = { version='^' optional=true  } selected: [omni.kit.usd.layers-2.6.1]
 -> 'omni.ui' = { version='^' optional=true  } selected: [omni.ui-3.2.0]
 -> 'omni.physics' = { version='=110.1.13' } selected: [omni.physics-110.1.13]
[ext: omni.physics.physx-110.1.13] deps:
 -> 'omni.physx' = { version='=110.1.13' } selected: [omni.physx-110.1.13]
 -> 'omni.physics' = { version='=110.1.13' } selected: [omni.physics-110.1.13]
[ext: omni.physx-110.1.13] deps:
 -> 'usdrt.scenegraph' = { version='^' } selected: [usdrt.scenegraph-7.6.3]
 -> 'omni.usd.libs' = { version='^' } selected: [omni.usd.libs-1.0.3]
 -> 'omni.usd.schema.physx' = { version='=110.1.13' } selected: [omni.usd.schema.physx-110.1.13]
 -> 'omni.usdphysics' = { version='=110.1.13' } selected: [omni.usdphysics-110.1.13]
 -> 'omni.gpucompute.plugins' = { version='^' } selected: [omni.gpucompute.plugins-0.0.0]
 -> 'omni.physx.cooking' = { version='=110.1.13' } selected: [omni.physx.cooking-110.1.13]
 -> 'omni.physx.foundation' = { version='=110.1.13' } selected: [omni.physx.foundation-110.1.13]
 -> 'omni.usd.schema.newton' = { version='^' } selected: [omni.usd.schema.newton-1.2.1]
[ext: omni.physx.cooking-110.1.13] deps:
 -> 'omni.usd.libs' = { version='^' } selected: [omni.usd.libs-1.0.3]
 -> 'omni.usd.schema.physx' = { version='=110.1.13' } selected: [omni.usd.schema.physx-110.1.13]
 -> 'omni.usdphysics' = { version='=110.1.13' } selected: [omni.usdphysics-110.1.13]
 -> 'omni.physx.foundation' = { version='=110.1.13' } selected: [omni.physx.foundation-110.1.13]
 -> 'omni.ujitso.default' = { version='^' } selected: [omni.ujitso.default-1.0.0]
 -> 'omni.convexdecomposition' = { version='=110.1.13' } selected: [omni.convexdecomposition-110.1.13]
[ext: omni.usdphysics-110.1.13] deps:
 -> 'omni.usd.libs' = { version='^' } selected: [omni.usd.libs-1.0.3]
 -> 'omni.usd.schema.physx' = { version='=110.1.13' } selected: [omni.usd.schema.physx-110.1.13]
[ext: omni.physx.foundation-110.1.13] deps:
 -> 'omni.gpu_foundation' = { version='^' } selected: [omni.gpu_foundation-0.0.0]
 -> 'omni.physx.gpu' = { version='=110.1.13' } selected: [omni.physx.gpu-110.1.13]
[ext: omni.physx.gpu-110.1.13] no deps
[ext: omni.physics-110.1.13] no deps
[ext: omni.convexdecomposition-110.1.13] deps:
 -> 'omni.kit.commands' = { version='^' optional=true  } selected: [omni.kit.commands-1.5.0]
 -> 'omni.usd.libs' = { version='^' } selected: [omni.usd.libs-1.0.3]
 -> 'omni.usd.schema.physx' = { version='=110.1.13' } selected: [omni.usd.schema.physx-110.1.13]
 -> 'omni.assets.plugins' = { version='^' } selected: [omni.assets.plugins-0.0.0]
[ext: isaacsim.core.experimental.utils-0.17.2] deps:
 -> 'isaacsim.core.deprecation_manager' = { version='^' } selected: [isaacsim.core.deprecation_manager-0.4.2]
 -> 'omni.usd' = { version='^' } selected: [omni.usd-1.16.0]
 -> 'omni.usd.metrics.assembler' = { version='^' } selected: [omni.usd.metrics.assembler-110.1.2]
 -> 'omni.hydra.usdrt_delegate' = { version='^' } selected: [omni.hydra.usdrt_delegate-7.5.2]
 -> 'omni.kit.stage_templates' = { version='^' } selected: [omni.kit.stage_templates-2.0.2]
[ext: omni.usd.metrics.assembler-110.1.2] deps:
 -> 'omni.usd.libs' = { version='^' } selected: [omni.usd.libs-1.0.3]
 -> 'omni.usd.schema.metrics.assembler' = { version='^' } selected: [omni.usd.schema.metrics.assembler-110.1.0]
[ext: omni.kit.stage_templates-2.0.2] deps:
 -> 'omni.kit.primitive.mesh' = { version='^' } selected: [omni.kit.primitive.mesh-1.1.0]
 -> 'omni.usd' = { version='^' } selected: [omni.usd-1.16.0]
 -> 'omni.kit.commands' = { version='^' } selected: [omni.kit.commands-1.5.0]
 -> 'omni.kit.actions.core' = { version='^' } selected: [omni.kit.actions.core-1.0.0]
 -> 'omni.kit.stage_template.core' = { version='^' } selected: [omni.kit.stage_template.core-1.1.22]
[ext: omni.kit.stage_template.core-1.1.22] deps:
 -> 'omni.usd' = { version='^' } selected: [omni.usd-1.16.0]
[ext: omni.kit.primitive.mesh-1.1.0] deps:
 -> 'omni.usd' = { version='^' } selected: [omni.usd-1.16.0]
 -> 'omni.kit.commands' = { version='^' } selected: [omni.kit.commands-1.5.0]
 -> 'omni.kit.usd.layers' = { version='^' } selected: [omni.kit.usd.layers-2.6.1]
 -> 'omni.kit.actions.core' = { version='^' } selected: [omni.kit.actions.core-1.0.0]
 -> 'omni.ui' = { version='^' optional=true  } selected: [omni.ui-3.2.0]
[ext: omni.ui-3.2.0] deps:
 -> 'omni.appwindow' = { version='^' } selected: [omni.appwindow-1.2.2]
 -> 'omni.kit.renderer.imgui' = { version='^' } selected: [omni.kit.renderer.imgui-2.0.6]
[ext: omni.kit.usd.layers-2.6.1] deps:
 -> 'omni.usd' = { version='^' } selected: [omni.usd-1.16.0]
 -> 'omni.kit.commands' = { version='^' } selected: [omni.kit.commands-1.5.0]
 -> 'omni.client' = { version='^' } selected: [omni.client-1.3.0]
 -> 'omni.usd.libs' = { version='^' } selected: [omni.usd.libs-1.0.3]
[ext: omni.kit.renderer.imgui-2.0.6] deps:
 -> 'omni.kit.renderer.core' = { version='^' } selected: [omni.kit.renderer.core-1.2.2]
 -> 'omni.appwindow' = { version='^' } selected: [omni.appwindow-1.2.2]
 -> 'omni.kit.renderer.capture' = { version='^' } selected: [omni.kit.renderer.capture-2.0.1]
[ext: omni.kit.renderer.capture-2.0.1] deps:
 -> 'omni.kit.renderer.core' = { version='^' } selected: [omni.kit.renderer.core-1.2.2]
[ext: isaacsim.core.deprecation_manager-0.4.2] deps:
 -> 'omni.graph.core' = { version='^' optional=true  } selected: [omni.graph.core-3.1.2]
 -> 'omni.usd' = { version='^' } selected: [omni.usd-1.16.0]
[ext: omni.graph.core-3.1.2] deps:
 -> 'usdrt.scenegraph' = { version='^' } selected: [usdrt.scenegraph-7.6.3]
 -> 'omni.inspect' = { version='^' } selected: [omni.inspect-1.0.2]
 -> 'omni.usd' = { version='^' } selected: [omni.usd-1.16.0]
 -> 'omni.kit.renderer.core' = { version='^' } selected: [omni.kit.renderer.core-1.2.2]
 -> 'omni.gpucompute.plugins' = { version='^' } selected: [omni.gpucompute.plugins-0.0.0]
 -> 'omni.kit.exec.core' = { version='^' } selected: [omni.kit.exec.core-0.13.5]
 -> 'omni.usd.schema.omnigraph' = { version='^' } selected: [omni.usd.schema.omnigraph-1.0.1]
[ext: omni.usd-1.16.0] deps:
 -> 'omni.timeline' = { version='^' } selected: [omni.timeline-1.1.0]
 -> 'omni.kit.commands' = { version='^' } selected: [omni.kit.commands-1.5.0]
 -> 'omni.client' = { version='^' } selected: [omni.client-1.3.0]
 -> 'omni.usd.core' = { version='^' } selected: [omni.usd.core-1.8.3]
 -> 'omni.hydra.usdrt_delegate' = { version='^' optional=true  } selected: [omni.hydra.usdrt_delegate-7.5.2]
 -> 'omni.hydra.scene_delegate' = { version='^' optional=true  } selected: [omni.hydra.scene_delegate-0.3.5]
 -> 'omni.kit.usd_undo' = { version='^' } selected: [omni.kit.usd_undo-0.1.8]
 -> 'omni.kit.exec.core' = { version='^' } selected: [omni.kit.exec.core-0.13.5]
 -> 'omni.kit.async_engine' = { version='^' } selected: [omni.kit.async_engine-0.0.3]
 -> 'carb.audio' = { version='^' } selected: [carb.audio-0.1.0]
 -> 'omni.assets.plugins' = { version='^' } selected: [omni.assets.plugins-0.0.0]
 -> 'omni.kit.audiodeviceenum' = { version='^' } selected: [omni.kit.audiodeviceenum-1.0.2]
[ext: omni.timeline-1.1.0] no deps
[ext: omni.kit.usd_undo-0.1.8] deps:
 -> 'omni.usd.libs' = { version='^' } selected: [omni.usd.libs-1.0.3]
[ext: omni.kit.renderer.core-1.2.2] deps:
 -> 'omni.client' = { version='^' } selected: [omni.client-1.3.0]
 -> 'omni.appwindow' = { version='^' } selected: [omni.appwindow-1.2.2]
 -> 'omni.kit.renderer.init' = { version='^' } selected: [omni.kit.renderer.init-1.0.1]
[ext: omni.kit.exec.core-0.13.5] deps:
 -> 'omni.usd.libs' = { version='^' } selected: [omni.usd.libs-1.0.3]
 -> 'omni.graph.exec' = { version='^' } selected: [omni.graph.exec-0.9.6]
[ext: omni.kit.commands-1.5.0] deps:
 -> 'omni.kit.actions.core' = { version='^' } selected: [omni.kit.actions.core-1.0.0]
[ext: omni.kit.audiodeviceenum-1.0.2] deps:
 -> 'carb.audio' = { version='^' } selected: [carb.audio-0.1.0]
[ext: omni.kit.actions.core-1.0.0] no deps
[ext: omni.inspect-1.0.2] no deps
[ext: omni.hydra.usdrt_delegate-7.5.2] deps:
 -> 'usdrt.scenegraph' = { version='^' } selected: [usdrt.scenegraph-7.6.3]
 -> 'omni.usd.schema.anim' = { version='^' } selected: [omni.usd.schema.anim-0.0.1]
 -> 'omni.client' = { version='^' } selected: [omni.client-1.3.0]
 -> 'omni.gpu_foundation' = { version='^' } selected: [omni.gpu_foundation-0.0.0]
 -> 'omni.gpucompute.plugins' = { version='^' } selected: [omni.gpucompute.plugins-0.0.0]
 -> 'omni.usd.core' = { version='^' } selected: [omni.usd.core-1.8.3]
 -> 'omni.usd.schema.semantics' = { version='^' optional=true  } selected: [omni.usd.schema.semantics-0.0.0]
 -> 'omni.usd.schema.audio' = { version='^' optional=true  } selected: [omni.usd.schema.audio-0.0.1]
 -> 'omni.activity.core' = { version='^' } selected: [omni.activity.core-1.0.3]
[ext: usdrt.scenegraph-7.6.3] deps:
 -> 'omni.gpucompute.plugins' = { version='^' } selected: [omni.gpucompute.plugins-0.0.0]
 -> 'omni.usd.core' = { version='^' } selected: [omni.usd.core-1.8.3]
 -> 'omni.cubric' = { version='^' } selected: [omni.cubric-0.1.0]
[ext: omni.hydra.scene_delegate-0.3.5] deps:
 -> 'omni.usd.schema.anim' = { version='^' optional=true  } selected: [omni.usd.schema.anim-0.0.1]
 -> 'omni.client' = { version='^' } selected: [omni.client-1.3.0]
 -> 'omni.gpu_foundation' = { version='^' } selected: [omni.gpu_foundation-0.0.0]
 -> 'omni.usd.libs' = { version='^' } selected: [omni.usd.libs-1.0.3]
 -> 'omni.gpucompute.plugins' = { version='^' } selected: [omni.gpucompute.plugins-0.0.0]
 -> 'omni.usd.core' = { version='^' } selected: [omni.usd.core-1.8.3]
 -> 'omni.usd.schema.semantics' = { version='^' optional=true  } selected: [omni.usd.schema.semantics-0.0.0]
 -> 'omni.usd.schema.audio' = { version='^' optional=true  } selected: [omni.usd.schema.audio-0.0.1]
 -> 'omni.usd.schema.geospatial' = { version='^' } selected: [omni.usd.schema.geospatial-0.0.1]
[ext: omni.graph.exec-0.9.6] no deps
[ext: omni.cubric-0.1.0] no deps
[ext: omni.appwindow-1.2.2] deps:
 -> 'omni.kit.loop' = { version='^' } selected: [omni.kit.loop-isaac-1.6.0]
 -> 'carb.windowing.plugins' = { version='^' } selected: [carb.windowing.plugins-1.0.1]
[ext: omni.activity.core-1.0.3] no deps
[ext: isaaclab_contrib-0.4.4] deps:
 -> 'isaaclab' = { version='^' } selected: [isaaclab-6.1.14]
[ext: isaaclab-6.1.14] no deps
[ext: carb.audio-0.1.0] deps:
 -> 'omni.assets.plugins' = { version='^' } selected: [omni.assets.plugins-0.0.0]
[ext: omni.usd.schema.usd_particle_field-1.0.0] deps:
 -> 'omni.usd.libs' = { version='^' } selected: [omni.usd.libs-1.0.3]
 -> 'omni.usd.core' = { version='^' optional=true  } selected: [omni.usd.core-1.8.3]
[ext: omni.usd.schema.semantics-0.0.0] deps:
 -> 'omni.usd.libs' = { version='^' } selected: [omni.usd.libs-1.0.3]
[ext: omni.usd.schema.render_settings.rtx-1.0.2] deps:
 -> 'omni.usd.libs' = { version='^' } selected: [omni.usd.libs-1.0.3]
 -> 'omni.usd.core' = { version='^' optional=true  } selected: [omni.usd.core-1.8.3]
[ext: omni.usd.schema.physx-110.1.13] deps:
 -> 'omni.usd.libs' = { version='^' } selected: [omni.usd.libs-1.0.3]
[ext: omni.usd.schema.physical_lighting-0.1.0] deps:
 -> 'omni.usd.libs' = { version='^' } selected: [omni.usd.libs-1.0.3]
 -> 'omni.usd.core' = { version='^' optional=true  } selected: [omni.usd.core-1.8.3]
[ext: omni.usd.schema.omnigraph-1.0.1] deps:
 -> 'omni.usd.libs' = { version='^' } selected: [omni.usd.libs-1.0.3]
[ext: omni.usd.schema.omni_sensors-0.0.0] deps:
 -> 'omni.usd.libs' = { version='^' } selected: [omni.usd.libs-1.0.3]
 -> 'omni.usd.core' = { version='^' optional=true  } selected: [omni.usd.core-1.8.3]
[ext: omni.usd.schema.omni_projectors-1.0.0] deps:
 -> 'omni.usd.libs' = { version='^' } selected: [omni.usd.libs-1.0.3]
 -> 'omni.usd.core' = { version='^' optional=true  } selected: [omni.usd.core-1.8.3]
[ext: omni.usd.core-1.8.3] deps:
 -> 'omni.client' = { version='^' } selected: [omni.client-1.3.0]
 -> 'omni.usd.libs' = { version='^' } selected: [omni.usd.libs-1.0.3]
 -> 'omni.usd.schema.audio' = { version='^' } selected: [omni.usd.schema.audio-0.0.1]
 -> 'omni.usd_resolver' = { version='^' } selected: [omni.usd_resolver-1.0.0]
[ext: omni.usd_resolver-1.0.0] deps:
 -> 'omni.client' = { version='^' } selected: [omni.client-1.3.0]
 -> 'omni.usd.libs' = { version='^' } selected: [omni.usd.libs-1.0.3]
[ext: omni.usd.schema.newton-1.2.1] deps:
 -> 'omni.usd.libs' = { version='^' } selected: [omni.usd.libs-1.0.3]
[ext: omni.usd.schema.mujoco-1.1.1] deps:
 -> 'omni.usd.libs' = { version='^' } selected: [omni.usd.libs-1.0.3]
[ext: omni.usd.schema.geospatial-0.0.1] deps:
 -> 'omni.usd.libs' = { version='^' } selected: [omni.usd.libs-1.0.3]
[ext: omni.usd.schema.audio-0.0.1] deps:
 -> 'omni.usd.libs' = { version='^' } selected: [omni.usd.libs-1.0.3]
[ext: omni.usd.schema.anim-0.0.1] deps:
 -> 'omni.usd.libs' = { version='^' } selected: [omni.usd.libs-1.0.3]
[ext: omni.pip.cloud-1.5.4] no deps
[ext: omni.usd.schema.metrics.assembler-110.1.0] deps:
 -> 'omni.usd.libs' = { version='^' } selected: [omni.usd.libs-1.0.3]
[ext: omni.pip.compute-1.9.2] no deps
[ext: omni.kit.usd.mdl-1.1.9] deps:
 -> 'omni.mdl.neuraylib' = { version='^' } selected: [omni.mdl.neuraylib-0.2.20]
 -> 'omni.usd.libs' = { version='^' } selected: [omni.usd.libs-1.0.3]
[ext: omni.mdl.neuraylib-0.2.20] deps:
 -> 'omni.mdl' = { version='^' } selected: [omni.mdl-57.0.3]
 -> 'omni.iray.libs' = { version='^' } selected: [omni.iray.libs-0.0.1]
[ext: omni.mdl-57.0.3] deps:
 -> 'omni.client' = { version='^' } selected: [omni.client-1.3.0]
[ext: omni.iray.libs-0.0.1] no deps
[ext: omni.usd.libs-1.0.3] deps:
 -> 'omni.gpucompute.plugins' = { version='^' optional=true  } selected: [omni.gpucompute.plugins-0.0.0]
 -> 'omni.usd.config' = { version='^' } selected: [omni.usd.config-1.0.7]
[ext: omni.usd.config-1.0.7] deps:
 -> 'omni.materialx.libs' = { version='^' optional=true  } selected: [omni.materialx.libs-1.0.9]
 -> 'omni.client' = { version='^' } selected: [omni.client-1.3.0]
[ext: omni.gpucompute.plugins-0.0.0] deps:
 -> 'omni.gpu_foundation' = { version='^' } selected: [omni.gpu_foundation-0.0.0]
[ext: omni.materialx.libs-1.0.9] no deps
[ext: omni.kit.test-2.0.7] deps:
 -> 'omni.kit.loop' = { version='^' } selected: [omni.kit.loop-isaac-1.6.0]
 -> 'omni.kit.async_engine' = { version='^' } selected: [omni.kit.async_engine-0.0.3]
[ext: omni.kit.loop-isaac-1.6.0] no deps
[ext: omni.kit.renderer.init-1.0.1] deps:
 -> 'omni.gpu_foundation' = { version='^' } selected: [omni.gpu_foundation-0.0.0]
 -> 'omni.assets.plugins' = { version='^' } selected: [omni.assets.plugins-0.0.0]
 -> 'carb.windowing.plugins' = { version='^' } selected: [carb.windowing.plugins-1.0.1]
[ext: carb.windowing.plugins-1.0.1] no deps
[ext: omni.gpu_foundation-0.0.0] deps:
 -> 'omni.client' = { version='^' optional=true  } selected: [omni.client-1.3.0]
 -> 'omni.assets.plugins' = { version='^' } selected: [omni.assets.plugins-0.0.0]
 -> 'omni.stats' = { version='^' } selected: [omni.stats-1.0.1]
 -> 'omni.ujitso.default' = { version='^' optional=true  } selected: [omni.ujitso.default-1.0.0]
 -> 'omni.gpu_foundation.shadercache.vulkan' = { version='^' } selected: [omni.gpu_foundation.shadercache.vulkan-1.0.0]
 -> 'omni.hsscclient' = { version='^' } selected: [omni.hsscclient-1.1.4]
[ext: omni.ujitso.default-1.0.0] deps:
 -> 'omni.client' = { version='^' } selected: [omni.client-1.3.0]
 -> 'omni.stats' = { version='^' } selected: [omni.stats-1.0.1]
 -> 'omni.hsscclient' = { version='^' } selected: [omni.hsscclient-1.1.4]
 -> 'omni.datastore' = { version='^' } selected: [omni.datastore-0.0.0]
 -> 'omni.blobkey' = { version='^' } selected: [omni.blobkey-1.1.2]
[ext: omni.stats-1.0.1] no deps
[ext: omni.hsscclient-1.1.4] deps:
 -> 'omni.blobkey' = { version='^' } selected: [omni.blobkey-1.1.2]
[ext: omni.gpu_foundation.shadercache.vulkan-1.0.0] no deps
[ext: omni.datastore-0.0.0] deps:
 -> 'omni.blobkey' = { version='^' } selected: [omni.blobkey-1.1.2]
 -> 'omni.metrics.core' = { version='^' } selected: [omni.metrics.core-0.0.3]
 -> 'omni.grpc.lib' = { version='^' } selected: [omni.grpc.lib-1.0.0]
[ext: omni.metrics.core-0.0.3] no deps
[ext: omni.grpc.lib-1.0.0] deps:
 -> 'omni.protobuf.lib' = { version='^' } selected: [omni.protobuf.lib-1.0.0]
[ext: omni.protobuf.lib-1.0.0] no deps
[ext: omni.client-1.3.0] deps:
 -> 'omni.client.lib' = { version='^' } selected: [omni.client.lib-1.1.1]
[ext: omni.client.lib-1.1.1] deps:
 -> 'omni.kit.async_engine' = { version='^' } selected: [omni.kit.async_engine-0.0.3]
[ext: omni.kit.async_engine-0.0.3] no deps
[ext: omni.blobkey-1.1.2] no deps
[ext: omni.assets.plugins-0.0.0] no deps
  Synced registries:
     (none)

2026-09-10T04:24:50Z [16ms] [Info] [omni.ext.plugin] About to startup: [ext: omni.assets.plugins-0.0.0] (order: 0) Triggered by: omni.videoencoding-0.2.1, omni.usd-1.16.0, omni.gpu_foundation-0.0.0, omni.volume-0.5.2, carb.audio-0.1.0, omni.kit.renderer.init-1.0.1, omni.convexdecomposition-110.1.13 (path: /isaac-sim/extscache/omni.assets.plugins-0.0.0+f9bf0dda.la64.r)
2026-09-10T04:24:50Z [16ms] [Info] [omni.kit.app.plugin] [0.046s] [ext: omni.assets.plugins-0.0.0] startup
2026-09-10T04:24:50Z [17ms] [Info] [carb] Registered plugin: carb.assets.plugin (interfaces: [carb::assets::IAssets v2.0],[carb::assets::IAssetsBlob v1.0]) (impl: carb.assets.plugin)
2026-09-10T04:24:50Z [17ms] [Info] [carb] Registered plugin: carb.datasource-file.plugin (interfaces: [carb::datasource::IDataSource v1.1]) (impl: carb.datasource-file.plugin)
2026-09-10T04:24:50Z [18ms] [Info] [carb] Registered plugin: carb.imaging.plugin (interfaces: [carb::imaging::IImaging v2.6]) (impl: carb.imaging.plugin)
2026-09-10T04:24:50Z [19ms] [Info] [carb] Registered plugin: carb.progress.plugin (interfaces: [carb::progress::IProgress v1.0]) (impl: carb.progress.plugin)
2026-09-10T04:24:50Z [19ms] [Info] [omni.ext.plugin] [ext: omni.assets.plugins-0.0.0] started, startup time: 2 (ms)
2026-09-10T04:24:50Z [19ms] [Info] [omni.ext.plugin] About to startup: [ext: omni.blobkey-1.1.2] (order: 0) Triggered by: omni.ujitso.default-1.0.0, omni.hsscclient-1.1.4, omni.datastore-0.0.0 (path: /isaac-sim/extscache/omni.blobkey-1.1.2+f9bf0dda.la64.r)
2026-09-10T04:24:50Z [19ms] [Info] [omni.kit.app.plugin] [0.049s] [ext: omni.blobkey-1.1.2] startup
2026-09-10T04:24:50Z [19ms] [Info] [carb] Registered plugin: omni.blobkey.plugin (interfaces: [omni::blobkey::IBlobKey v1.1]) (impl: omni.blobkey.plugin)
2026-09-10T04:24:50Z [19ms] [Info] [omni.ext.plugin] [ext: omni.blobkey-1.1.2] started, startup time: 0 (ms)
2026-09-10T04:24:50Z [19ms] [Info] [omni.ext.plugin] About to startup: [ext: omni.kit.async_engine-0.0.3] (order: 0) Triggered by: omni.syntheticdata-0.6.15, omni.usd-1.16.0, omni.client.lib-1.1.1, omni.kit.test-2.0.7 (path: /isaac-sim/kit/extscore/omni.kit.async_engine)
2026-09-10T04:24:50Z [19ms] [Info] [omni.kit.app.plugin] [0.049s] [ext: omni.kit.async_engine-0.0.3] startup
2026-09-10T04:24:50Z [143ms] [Info] [omni.ext._impl.utils] -> func:_refresh_cache took: 0.1233s
2026-09-10T04:24:50Z [144ms] [Info] [omni.ext._impl._internal] Searching for classes derived from 'omni.ext.IExt' in 'omni.kit.async_engine' ('/isaac-sim/kit/extscore/omni.kit.async_engine')
2026-09-10T04:24:50Z [144ms] [Info] [omni.ext._impl._internal] Found class `_AsyncEngineDriver` derived from `omni.ext.IExt` in module: 'omni.kit.async_engine' in '/isaac-sim/kit/extscore/omni.kit.async_engine'. Calling `on_startup`.
2026-09-10T04:24:50Z [145ms] [Info] [omni.kit.async_engine.async_engine] policy: <asyncio.unix_events._UnixDefaultEventLoopPolicy object at 0xf77a442c5ca0> from /exts/omni.kit.async_engine/event_loop_policy_unix = "os_default"
2026-09-10T04:24:50Z [145ms] [Info] [omni.kit.async_engine.async_engine] loop:   <_UnixSelectorEventLoop running=False closed=False debug=False> from /exts/omni.kit.async_engine/event_loop_unix = "os_default"
2026-09-10T04:24:50Z [145ms] [Info] [omni.ext.plugin] [ext: omni.kit.async_engine-0.0.3] started, startup time: 125 (ms)
2026-09-10T04:24:50Z [145ms] [Info] [omni.ext.plugin] About to startup: [ext: omni.client.lib-1.1.1] (order: 0) Triggered by: omni.client-1.3.0 (path: /isaac-sim/kit/extscore/omni.client.lib)
2026-09-10T04:24:50Z [145ms] [Info] [omni.kit.app.plugin] [0.175s] [ext: omni.client.lib-1.1.1] startup
2026-09-10T04:24:50Z [164ms] [Info] [omni.ext.plugin] Loaded the dynamic library from /isaac-sim/kit/extscore/omni.client.lib/bin/libomniclient.so
2026-09-10T04:24:50Z [174ms] [Info] [omni.ext._impl._internal] Searching for classes derived from 'omni.ext.IExt' in 'omni.client' ('/isaac-sim/kit/extscore/omni.client.lib')
2026-09-10T04:24:50Z [174ms] [Info] [omni.ext.plugin] [ext: omni.client.lib-1.1.1] started, startup time: 29 (ms)
2026-09-10T04:24:50Z [174ms] [Info] [omni.ext.plugin] About to startup: [ext: omni.client-1.3.0] (order: 0) Triggered by: omni.kit.material.library-3.1.2, omni.hydra.rtx-1.0.4, omni.graph-1.142.5, omni.usd-1.16.0, omni.kit.usd.layers-2.6.1, omni.mdl-57.0.3, omni.kit.renderer.core-1.2.2, omni.usd.core-1.8.3, omni.hydra.usdrt_delegate-7.5.2, omni.volume-0.5.2, omni.index-1.0.1, omni.hydra.scene_delegate-0.3.5, omni.ujitso.default-1.0.0, omni.usd.config-1.0.7, omni.usd_resolver-1.0.0 (path: /isaac-sim/extscache/omni.client-1.3.0+f9bf0dda.la64.r)
2026-09-10T04:24:50Z [174ms] [Info] [omni.kit.app.plugin] [0.204s] [ext: omni.client-1.3.0] startup
2026-09-10T04:24:50Z [175ms] [Info] [carb] Registered plugin: omni.client.liveprocess.plugin (interfaces: [omni::ext::IExt v0.1]) (impl: omni.client.liveprocess.plugin)
2026-09-10T04:24:50Z [175ms] [Info] [carb] Registered plugin: carb.omniclient.plugin (interfaces: [carb::omniclient::IOmniClient v2.71]) (impl: carb.omniclient.plugin)
2026-09-10T04:24:50Z [175ms] [Info] [carb] Registered plugin: carb.datasource-omniclient.plugin (interfaces: [carb::datasource::IDataSource v1.1]) (impl: carb.datasource-omniclient.plugin)
2026-09-10T04:24:50Z [176ms] [Info] [carb] Initializing plugin: omni.client.liveprocess.plugin (interfaces: [omni::ext::IExt v0.1]) (impl: omni.client.liveprocess.plugin)
2026-09-10T04:24:50Z [176ms] [Info] [omni.ext.plugin] [ext: omni.client-1.3.0] Starting ext::IExt in '/isaac-sim/extscache/omni.client-1.3.0+f9bf0dda.la64.r/bin/libomni.client.liveprocess.plugin.so'
2026-09-10T04:24:50Z [176ms] [Info] [carb] Initializing plugin: carb.omniclient.plugin (interfaces: [carb::omniclient::IOmniClient v2.71]) (impl: carb.omniclient.plugin)
2026-09-10T04:24:50Z [176ms] [Info] [carb.omniclient.plugin]  Main: core: Initializing Version 2.71.2-release.7083+gl.9dc344f0
2026-09-10T04:24:50Z [176ms] [Info] [carb.omniclient.plugin]  Main: core: Client ID: 0V3W19KF
2026-09-10T04:24:50Z [230ms] [Warning] [carb.omniclient.plugin]  63: OmniHub: ThreadId(02) Hub encountered error. Trying to reconnect to Hub. retry_reason="Hub failed to launch: Io(\"child exited with exit status: 1 without writing file \\\"/tmp/hub-ubuntu-48B6A355.config.json\\\"\")"
2026-09-10T04:24:50Z [302ms] [Warning] [carb.omniclient.plugin]  63: OmniHub: ThreadId(02) Hub encountered error. Trying to reconnect to Hub. retry_reason="Hub failed to launch: Io(\"child exited with exit status: 1 without writing file \\\"/tmp/hub-ubuntu-48B6A355.config.json\\\"\")"
2026-09-10T04:24:50Z [384ms] [Warning] [carb.omniclient.plugin]  63: OmniHub: ThreadId(02) Hub encountered error. Trying to reconnect to Hub. retry_reason="Hub failed to launch: Io(\"child exited with exit status: 1 without writing file \\\"/tmp/hub-ubuntu-48B6A355.config.json\\\"\")"
2026-09-10T04:24:50Z [475ms] [Warning] [carb.omniclient.plugin]  63: OmniHub: ThreadId(02) Hub encountered error. Trying to reconnect to Hub. retry_reason="Hub failed to launch: Io(\"child exited with exit status: 1 without writing file \\\"/tmp/hub-ubuntu-48B6A355.config.json\\\"\")"
2026-09-10T04:24:50Z [579ms] [Warning] [carb.omniclient.plugin]  63: OmniHub: ThreadId(02) Hub encountered error. Trying to reconnect to Hub. retry_reason="Hub failed to launch: Io(\"child exited with exit status: 1 without writing file \\\"/tmp/hub-ubuntu-48B6A355.config.json\\\"\")"
2026-09-10T04:24:50Z [692ms] [Warning] [carb.omniclient.plugin]  63: OmniHub: ThreadId(02) Hub encountered error. Trying to reconnect to Hub. retry_reason="Hub failed to launch: Io(\"child exited with exit status: 1 without writing file \\\"/tmp/hub-ubuntu-48B6A355.config.json\\\"\")"
2026-09-10T04:24:51Z [815ms] [Warning] [carb.omniclient.plugin]  63: OmniHub: ThreadId(02) Hub encountered error. Trying to reconnect to Hub. retry_reason="Hub failed to launch: Io(\"child exited with exit status: 1 without writing file \\\"/tmp/hub-ubuntu-48B6A355.config.json\\\"\")"
2026-09-10T04:24:51Z [947ms] [Warning] [carb.omniclient.plugin]  63: OmniHub: ThreadId(02) Hub encountered error. Trying to reconnect to Hub. retry_reason="Hub failed to launch: Io(\"child exited with exit status: 1 without writing file \\\"/tmp/hub-ubuntu-48B6A355.config.json\\\"\")"
2026-09-10T04:24:51Z [1,090ms] [Warning] [carb.omniclient.plugin]  63: OmniHub: ThreadId(02) Hub encountered error. Trying to reconnect to Hub. retry_reason="Hub failed to launch: Io(\"child exited with exit status: 1 without writing file \\\"/tmp/hub-ubuntu-48B6A355.config.json\\\"\")"
2026-09-10T04:24:51Z [1,243ms] [Warning] [carb.omniclient.plugin]  63: OmniHub: ThreadId(02) Hub encountered error. Trying to reconnect to Hub. retry_reason="Hub failed to launch: Io(\"child exited with exit status: 1 without writing file \\\"/tmp/hub-ubuntu-48B6A355.config.json\\\"\")"
2026-09-10T04:24:51Z [1,406ms] [Warning] [carb.omniclient.plugin]  63: OmniHub: ThreadId(02) Hub encountered error. Trying to reconnect to Hub. retry_reason="Hub failed to launch: Io(\"child exited with exit status: 1 without writing file \\\"/tmp/hub-ubuntu-48B6A355.config.json\\\"\")"
2026-09-10T04:24:51Z [1,578ms] [Warning] [carb.omniclient.plugin]  63: OmniHub: ThreadId(02) Hub encountered error. Trying to reconnect to Hub. retry_reason="Hub failed to launch: Io(\"child exited with exit status: 1 without writing file \\\"/tmp/hub-ubuntu-48B6A355.config.json\\\"\")"
2026-09-10T04:24:51Z [1,762ms] [Warning] [carb.omniclient.plugin]  63: OmniHub: ThreadId(02) Hub encountered error. Trying to reconnect to Hub. retry_reason="Hub failed to launch: Io(\"child exited with exit status: 1 without writing file \\\"/tmp/hub-ubuntu-48B6A355.config.json\\\"\")"
2026-09-10T04:24:52Z [1,957ms] [Warning] [carb.omniclient.plugin]  63: OmniHub: ThreadId(02) Hub encountered error. Trying to reconnect to Hub. retry_reason="Hub failed to launch: Io(\"child exited with exit status: 1 without writing file \\\"/tmp/hub-ubuntu-48B6A355.config.json\\\"\")"
2026-09-10T04:24:52Z [2,159ms] [Warning] [carb.omniclient.plugin]  63: OmniHub: ThreadId(02) Hub encountered error. Trying to reconnect to Hub. retry_reason="Hub failed to launch: Io(\"child exited with exit status: 1 without writing file \\\"/tmp/hub-ubuntu-48B6A355.config.json\\\"\")"
2026-09-10T04:24:52Z [2,373ms] [Warning] [carb.omniclient.plugin]  63: OmniHub: ThreadId(02) Hub encountered error. Trying to reconnect to Hub. retry_reason="Hub failed to launch: Io(\"child exited with exit status: 1 without writing file \\\"/tmp/hub-ubuntu-48B6A355.config.json\\\"\")"
2026-09-10T04:24:52Z [2,596ms] [Warning] [carb.omniclient.plugin]  63: OmniHub: ThreadId(02) Hub encountered error. Trying to reconnect to Hub. retry_reason="Hub failed to launch: Io(\"child exited with exit status: 1 without writing file \\\"/tmp/hub-ubuntu-48B6A355.config.json\\\"\")"
2026-09-10T04:24:53Z [2,830ms] [Warning] [carb.omniclient.plugin]  63: OmniHub: ThreadId(02) Hub encountered error. Trying to reconnect to Hub. retry_reason="Hub failed to launch: Io(\"child exited with exit status: 1 without writing file \\\"/tmp/hub-ubuntu-48B6A355.config.json\\\"\")"
2026-09-10T04:24:53Z [3,073ms] [Warning] [carb.omniclient.plugin]  63: OmniHub: ThreadId(02) Hub encountered error. Trying to reconnect to Hub. retry_reason="Hub failed to launch: Io(\"child exited with exit status: 1 without writing file \\\"/tmp/hub-ubuntu-48B6A355.config.json\\\"\")"
2026-09-10T04:24:53Z [3,327ms] [Warning] [carb.omniclient.plugin]  63: OmniHub: ThreadId(02) Hub encountered error. Trying to reconnect to Hub. retry_reason="Hub failed to launch: Io(\"child exited with exit status: 1 without writing file \\\"/tmp/hub-ubuntu-48B6A355.config.json\\\"\")"
2026-09-10T04:24:53Z [3,589ms] [Warning] [carb.omniclient.plugin]  63: OmniHub: ThreadId(02) Hub encountered error. Trying to reconnect to Hub. retry_reason="Hub failed to launch: Io(\"child exited with exit status: 1 without writing file \\\"/tmp/hub-ubuntu-48B6A355.config.json\\\"\")"
2026-09-10T04:24:54Z [3,863ms] [Warning] [carb.omniclient.plugin]  63: OmniHub: ThreadId(02) Hub encountered error. Trying to reconnect to Hub. retry_reason="Hub failed to launch: Io(\"child exited with exit status: 1 without writing file \\\"/tmp/hub-ubuntu-48B6A355.config.json\\\"\")"
2026-09-10T04:24:54Z [4,146ms] [Warning] [carb.omniclient.plugin]  63: OmniHub: ThreadId(02) Hub encountered error. Trying to reconnect to Hub. retry_reason="Hub failed to launch: Io(\"child exited with exit status: 1 without writing file \\\"/tmp/hub-ubuntu-48B6A355.config.json\\\"\")"
2026-09-10T04:24:54Z [4,438ms] [Warning] [carb.omniclient.plugin]  63: OmniHub: ThreadId(02) Hub encountered error. Trying to reconnect to Hub. retry_reason="Hub failed to launch: Io(\"child exited with exit status: 1 without writing file \\\"/tmp/hub-ubuntu-48B6A355.config.json\\\"\")"
2026-09-10T04:24:54Z [4,741ms] [Warning] [carb.omniclient.plugin]  63: OmniHub: ThreadId(02) Hub encountered error. Trying to reconnect to Hub. retry_reason="Hub failed to launch: Io(\"child exited with exit status: 1 without writing file \\\"/tmp/hub-ubuntu-48B6A355.config.json\\\"\")"
2026-09-10T04:24:55Z [5,055ms] [Warning] [carb.omniclient.plugin]  63: OmniHub: ThreadId(02) Hub encountered error. Trying to reconnect to Hub. retry_reason="Hub failed to launch: Io(\"child exited with exit status: 1 without writing file \\\"/tmp/hub-ubuntu-48B6A355.config.json\\\"\")"
2026-09-10T04:24:55Z [5,378ms] [Warning] [carb.omniclient.plugin]  63: OmniHub: ThreadId(02) Hub encountered error. Trying to reconnect to Hub. retry_reason="Hub failed to launch: Io(\"child exited with exit status: 1 without writing file \\\"/tmp/hub-ubuntu-48B6A355.config.json\\\"\")"
2026-09-10T04:24:55Z [5,710ms] [Warning] [carb.omniclient.plugin]  63: OmniHub: ThreadId(02) Hub encountered error. Trying to reconnect to Hub. retry_reason="Hub failed to launch: Io(\"child exited with exit status: 1 without writing file \\\"/tmp/hub-ubuntu-48B6A355.config.json\\\"\")"
2026-09-10T04:24:56Z [6,053ms] [Warning] [carb.omniclient.plugin]  63: OmniHub: ThreadId(02) Hub encountered error. Trying to reconnect to Hub. retry_reason="Hub failed to launch: Io(\"child exited with exit status: 1 without writing file \\\"/tmp/hub-ubuntu-48B6A355.config.json\\\"\")"
2026-09-10T04:24:56Z [6,405ms] [Warning] [carb.omniclient.plugin]  63: OmniHub: ThreadId(02) Hub encountered error. Trying to reconnect to Hub. retry_reason="Hub failed to launch: Io(\"child exited with exit status: 1 without writing file \\\"/tmp/hub-ubuntu-48B6A355.config.json\\\"\")"
2026-09-10T04:24:56Z [6,768ms] [Warning] [carb.omniclient.plugin]  63: OmniHub: ThreadId(02) Hub encountered error. Trying to reconnect to Hub. retry_reason="Hub failed to launch: Io(\"child exited with exit status: 1 without writing file \\\"/tmp/hub-ubuntu-48B6A355.config.json\\\"\")"
2026-09-10T04:24:57Z [7,141ms] [Warning] [carb.omniclient.plugin]  63: OmniHub: ThreadId(02) Hub encountered error. Trying to reconnect to Hub. retry_reason="Hub failed to launch: Io(\"child exited with exit status: 1 without writing file \\\"/tmp/hub-ubuntu-48B6A355.config.json\\\"\")"
2026-09-10T04:24:57Z [7,524ms] [Warning] [carb.omniclient.plugin]  63: OmniHub: ThreadId(02) Hub encountered error. Trying to reconnect to Hub. retry_reason="Hub failed to launch: Io(\"child exited with exit status: 1 without writing file \\\"/tmp/hub-ubuntu-48B6A355.config.json\\\"\")"
2026-09-10T04:24:58Z [7,917ms] [Warning] [carb.omniclient.plugin]  63: OmniHub: ThreadId(02) Hub encountered error. Trying to reconnect to Hub. retry_reason="Hub failed to launch: Io(\"child exited with exit status: 1 without writing file \\\"/tmp/hub-ubuntu-48B6A355.config.json\\\"\")"
2026-09-10T04:24:58Z [8,321ms] [Warning] [carb.omniclient.plugin]  63: OmniHub: ThreadId(02) Hub encountered error. Trying to reconnect to Hub. retry_reason="Hub failed to launch: Io(\"child exited with exit status: 1 without writing file \\\"/tmp/hub-ubuntu-48B6A355.config.json\\\"\")"
2026-09-10T04:24:58Z [8,735ms] [Warning] [carb.omniclient.plugin]  63: OmniHub: ThreadId(02) Hub encountered error. Trying to reconnect to Hub. retry_reason="Hub failed to launch: Io(\"child exited with exit status: 1 without writing file \\\"/tmp/hub-ubuntu-48B6A355.config.json\\\"\")"
2026-09-10T04:24:59Z [9,158ms] [Warning] [carb.omniclient.plugin]  63: OmniHub: ThreadId(02) Hub encountered error. Trying to reconnect to Hub. retry_reason="Hub failed to launch: Io(\"child exited with exit status: 1 without writing file \\\"/tmp/hub-ubuntu-48B6A355.config.json\\\"\")"
2026-09-10T04:24:59Z [9,592ms] [Warning] [carb.omniclient.plugin]  63: OmniHub: ThreadId(02) Hub encountered error. Trying to reconnect to Hub. retry_reason="Hub failed to launch: Io(\"child exited with exit status: 1 without writing file \\\"/tmp/hub-ubuntu-48B6A355.config.json\\\"\")"
2026-09-10T04:25:00Z [10,035ms] [Warning] [carb.omniclient.plugin]  63: OmniHub: ThreadId(02) Hub encountered error. Trying to reconnect to Hub. retry_reason="Hub failed to launch: Io(\"child exited with exit status: 1 without writing file \\\"/tmp/hub-ubuntu-48B6A355.config.json\\\"\")"
2026-09-10T04:25:00Z [10,486ms] [Info] [carb.omniclient.plugin]  Main: core: Not using Hub: Client has been shutdown. Reason: Hub failed to launch: Io("child exited with exit status: 1 without writing file \"/tmp/hub-ubuntu-48B6A355.config.json\"")
WARNING: All log messages before absl::InitializeLog() is called are written to STDERR
E0000 00:00:1789014300.731491      11 descriptor_database.cc:633] File already exists in database: grpc/health/v1/health.proto
W0000 00:00:1789014300.731515      11 message.cc:301] Protobuf GeneratedMessageFactory: File is already registered: grpc/health/v1/health.proto
2026-09-10T04:25:00Z [10,487ms] [Info] [omni.ext.plugin] [ext: omni.client-1.3.0] started, startup time: 10312 (ms)
2026-09-10T04:25:00Z [10,487ms] [Info] [omni.ext.plugin] About to startup: [ext: omni.protobuf.lib-1.0.0] (order: 0) Triggered by: omni.hydra.rtx-1.0.4, omni.grpc.lib-1.0.0 (path: /isaac-sim/extscache/omni.protobuf.lib-1.0.0+f9bf0dda.la64.r)
2026-09-10T04:25:00Z [10,487ms] [Info] [omni.kit.app.plugin] [10.516s] [ext: omni.protobuf.lib-1.0.0] startup
2026-09-10T04:25:00Z [10,496ms] [Info] [carb] Registered plugin: omni.usd.hydra.protoserializerregistry.plugin (interfaces: [omni::usd::hydra::IProtoSerializerRegistry v0.1]) (impl: omni.usd.hydra.protoserializerregistry.plugin)
2026-09-10T04:25:00Z [10,496ms] [Info] [omni.ext.plugin] [ext: omni.protobuf.lib-1.0.0] started, startup time: 9 (ms)
2026-09-10T04:25:00Z [10,497ms] [Info] [omni.ext.plugin] About to startup: [ext: omni.grpc.lib-1.0.0] (order: 0) Triggered by: omni.datastore-0.0.0 (path: /isaac-sim/extscache/omni.grpc.lib-1.0.0+f9bf0dda.la64.r)
2026-09-10T04:25:00Z [10,497ms] [Info] [omni.kit.app.plugin] [10.526s] [ext: omni.grpc.lib-1.0.0] startup
2026-09-10T04:25:00Z [10,508ms] [Info] [carb] Registered plugin: omni.grpc.lib.plugin (interfaces: [omni::ext::IExt v0.1]) (impl: omni.grpc.lib.plugin)
2026-09-10T04:25:00Z [10,508ms] [Info] [carb] Initializing plugin: omni.grpc.lib.plugin (interfaces: [omni::ext::IExt v0.1]) (impl: omni.grpc.lib.plugin)
2026-09-10T04:25:00Z [10,508ms] [Info] [omni.ext.plugin] [ext: omni.grpc.lib-1.0.0] Starting ext::IExt in '/isaac-sim/extscache/omni.grpc.lib-1.0.0+f9bf0dda.la64.r/bin/libomni.grpc.lib.so'
2026-09-10T04:25:00Z [10,508ms] [Info] [omni.ext.plugin] [ext: omni.grpc.lib-1.0.0] started, startup time: 11 (ms)
2026-09-10T04:25:00Z [10,508ms] [Info] [omni.ext.plugin] About to startup: [ext: omni.metrics.core-0.0.3] (order: 0) Triggered by: omni.datastore-0.0.0 (path: /isaac-sim/extscache/omni.metrics.core-0.0.3+f9bf0dda.la64.r)
2026-09-10T04:25:00Z [10,508ms] [Info] [omni.kit.app.plugin] [10.538s] [ext: omni.metrics.core-0.0.3] startup
2026-09-10T04:25:00Z [10,509ms] [Info] [carb] Registered plugin: carb.metrics.plugin (interfaces: [carb::metrics::IMetrics v1.0]) (impl: carb.metrics.plugin)
2026-09-10T04:25:00Z [10,509ms] [Info] [omni.ext.plugin] [ext: omni.metrics.core-0.0.3] started, startup time: 0 (ms)
2026-09-10T04:25:00Z [10,509ms] [Info] [omni.ext.plugin] About to startup: [ext: omni.datastore-0.0.0] (order: 0) Triggered by: omni.ujitso.default-1.0.0 (path: /isaac-sim/extscache/omni.datastore-0.0.0+f9bf0dda.la64.r)
2026-09-10T04:25:00Z [10,509ms] [Info] [omni.kit.app.plugin] [10.538s] [ext: omni.datastore-0.0.0] startup
2026-09-10T04:25:00Z [10,509ms] [Info] [carb] Registered plugin: omni.datastore.ext.plugin (interfaces: [carb::datastore::IGRPCDataStore v0.3],[carb::datastore::IGRPCDataStoreServer v0.1],[omni::ext::IExt v0.1]) (impl: omni.datastore.ext.plugin)
2026-09-10T04:25:00Z [10,510ms] [Info] [carb] Registered plugin: carb.datastore.plugin (interfaces: [carb::datastore::ICombinedDataStore v0.1],[carb::datastore::IFailureInjectionDataStoreFactory v0.1],[carb::datastore::ILocalDataStore v0.2],[carb::datastore::INucleusDataStore v0.1],[carb::datastore::IOmniHubDataStore v0.2],[carb::datastore::IProfileDataStore v0.2],[carb::datastore::IWriteBackDataStore v0.3]) (impl: carb.datastore.plugin)
2026-09-10T04:25:00Z [10,510ms] [Info] [carb] Initializing plugin: omni.datastore.ext.plugin (interfaces: [carb::datastore::IGRPCDataStore v0.3],[carb::datastore::IGRPCDataStoreServer v0.1],[omni::ext::IExt v0.1]) (impl: omni.datastore.ext.plugin)
2026-09-10T04:25:00Z [10,510ms] [Info] [omni.ext.plugin] [ext: omni.datastore-0.0.0] Starting ext::IExt in '/isaac-sim/extscache/omni.datastore-0.0.0+f9bf0dda.la64.r/bin/libomni.datastore.ext.plugin.so'
2026-09-10T04:25:00Z [10,510ms] [Info] [omni.ext.plugin] [ext: omni.datastore-0.0.0] started, startup time: 1 (ms)
2026-09-10T04:25:00Z [10,510ms] [Info] [omni.ext.plugin] About to startup: [ext: omni.gpu_foundation.shadercache.vulkan-1.0.0] (order: 0) Triggered by: omni.gpu_foundation-0.0.0 (path: /isaac-sim/extscache/omni.gpu_foundation.shadercache.vulkan-1.0.0+f9bf0dda.la64.r)
2026-09-10T04:25:00Z [10,510ms] [Info] [omni.kit.app.plugin] [10.540s] [ext: omni.gpu_foundation.shadercache.vulkan-1.0.0] startup
2026-09-10T04:25:00Z [10,513ms] [Info] [omni.ext._impl._internal] Searching for classes derived from 'omni.ext.IExt' in 'omni.gpu_foundation.shadercache.vulkan' ('/isaac-sim/extscache/omni.gpu_foundation.shadercache.vulkan-1.0.0+f9bf0dda.la64.r')
2026-09-10T04:25:00Z [10,513ms] [Info] [omni.ext._impl._internal] Found class `_ShaderCacheExt` derived from `omni.ext.IExt` in module: 'omni.gpu_foundation.shadercache.vulkan' in '/isaac-sim/extscache/omni.gpu_foundation.shadercache.vulkan-1.0.0+f9bf0dda.la64.r'. Calling `on_startup`.
2026-09-10T04:25:00Z [10,513ms] [Info] [omni.gpu_foundation_factory.impl.foundation_extension] appShaderCachePathList: /isaac-sim/extscache/omni.gpu_foundation.shadercache.vulkan-1.0.0+f9bf0dda.la64.r/cache/shadercache
2026-09-10T04:25:00Z [10,513ms] [Info] [omni.gpu_foundation_factory.impl.foundation_extension] appShaderCachePath: /isaac-sim/extscache/omni.gpu_foundation.shadercache.vulkan-1.0.0+f9bf0dda.la64.r/cache/shadercache
2026-09-10T04:25:00Z [10,513ms] [Info] [omni.gpu_foundation_factory.impl.foundation_extension] shaderCachePath: /isaac-sim/kit/cache/shadercache
2026-09-10T04:25:00Z [10,513ms] [Info] [omni.gpu_foundation_factory.impl.foundation_extension] driverAppShaderCachePath: /isaac-sim/extscache/omni.gpu_foundation.shadercache.vulkan-1.0.0+f9bf0dda.la64.r/cache/nv_shadercache
2026-09-10T04:25:00Z [10,513ms] [Info] [omni.gpu_foundation_factory.impl.foundation_extension] driverShaderCachePath: /isaac-sim/kit/cache/nv_shadercache
2026-09-10T04:25:00Z [10,513ms] [Info] [omni.ext.plugin] [ext: omni.gpu_foundation.shadercache.vulkan-1.0.0] started, startup time: 3 (ms)
2026-09-10T04:25:00Z [10,513ms] [Info] [omni.ext.plugin] About to startup: [ext: omni.hsscclient-1.1.4] (order: 0) Triggered by: omni.gpu_foundation-0.0.0, omni.ujitso.client-0.0.0, omni.ujitso.default-1.0.0 (path: /isaac-sim/extscache/omni.hsscclient-1.1.4+f9bf0dda.la64.r.cp312)
2026-09-10T04:25:00Z [10,513ms] [Info] [omni.kit.app.plugin] [10.543s] [ext: omni.hsscclient-1.1.4] startup
2026-09-10T04:25:00Z [10,514ms] [Info] [carb] Registered plugin: carb.hsscclient.plugin (interfaces: [carb::HsscClient::IClient v1.1],[carb::HsscClient::IDataStore v1.1],[carb::HsscClient::IServiceDiscovery v1.1]) (impl: carb.hsscclient.plugin)
2026-09-10T04:25:00Z [10,514ms] [Info] [omni.ext._impl._internal] Searching for classes derived from 'omni.ext.IExt' in 'omni.hsscclient' ('/isaac-sim/extscache/omni.hsscclient-1.1.4+f9bf0dda.la64.r.cp312')
2026-09-10T04:25:00Z [10,514ms] [Info] [omni.ext.plugin] [ext: omni.hsscclient-1.1.4] started, startup time: 0 (ms)
2026-09-10T04:25:00Z [10,514ms] [Info] [omni.ext.plugin] About to startup: [ext: omni.stats-1.0.1] (order: 0) Triggered by: omni.gpu_foundation-0.0.0, omni.ujitso.default-1.0.0 (path: /isaac-sim/extscache/omni.stats-1.0.1+f9bf0dda.la64.r.cp312)
2026-09-10T04:25:00Z [10,514ms] [Info] [omni.kit.app.plugin] [10.544s] [ext: omni.stats-1.0.1] startup
2026-09-10T04:25:00Z [10,515ms] [Info] [carb] Registered plugin: carb.stats.plugin (interfaces: [carb::stats::IStats v2.2]) (impl: carb.stats.plugin)
2026-09-10T04:25:00Z [10,515ms] [Info] [omni.ext._impl._internal] Searching for classes derived from 'omni.ext.IExt' in 'omni.stats' ('/isaac-sim/extscache/omni.stats-1.0.1+f9bf0dda.la64.r.cp312')
2026-09-10T04:25:00Z [10,515ms] [Info] [omni.ext.plugin] [ext: omni.stats-1.0.1] started, startup time: 1 (ms)
2026-09-10T04:25:00Z [10,515ms] [Info] [omni.ext.plugin] About to startup: [ext: omni.ujitso.default-1.0.0] (order: 0) Triggered by: omni.physx.cooking-110.1.13, omni.ujitso.client-0.0.0 (path: /isaac-sim/extscache/omni.ujitso.default-1.0.0+f9bf0dda.la64.r.cp312)
2026-09-10T04:25:00Z [10,515ms] [Info] [omni.kit.app.plugin] [10.545s] [ext: omni.ujitso.default-1.0.0] startup
2026-09-10T04:25:00Z [10,516ms] [Info] [carb] Registered plugin: carb.ujitsoagent.plugin (interfaces: [carb::ujitso::IAgent v0.5],[carb::ujitso::IFactory v0.2],[carb::ujitso::IRegistry v0.2],[carb::ujitso::IService v0.10]) (impl: carb.ujitsoagent.plugin)
2026-09-10T04:25:00Z [10,516ms] [Info] [carb] Registered plugin: carb.ujitsodefault.plugin (interfaces: [carb::ujitso::IDefault v0.1]) (impl: carb.ujitsodefault.plugin)
2026-09-10T04:25:00Z [10,517ms] [Info] [carb] Registered plugin: omni.ujitso.default.ext.plugin (interfaces: [omni::ext::IExt v0.1]) (impl: omni.ujitso.default.ext.plugin)
2026-09-10T04:25:00Z [10,517ms] [Info] [carb] Initializing plugin: omni.ujitso.default.ext.plugin (interfaces: [omni::ext::IExt v0.1]) (impl: omni.ujitso.default.ext.plugin)
2026-09-10T04:25:00Z [10,517ms] [Info] [omni.ext.plugin] [ext: omni.ujitso.default-1.0.0] Starting ext::IExt in '/isaac-sim/extscache/omni.ujitso.default-1.0.0+f9bf0dda.la64.r.cp312/bin/libomni.ujitso.default.ext.plugin.so'
2026-09-10T04:25:00Z [10,517ms] [Info] [carb] Initializing plugin: carb.ujitsodefault.plugin (interfaces: [carb::ujitso::IDefault v0.1]) (impl: carb.ujitsodefault.plugin)
2026-09-10T04:25:00Z [10,517ms] [Info] [carb] Initializing plugin: carb.hsscclient.plugin (interfaces: [carb::HsscClient::IClient v1.1],[carb::HsscClient::IDataStore v1.1],[carb::HsscClient::IServiceDiscovery v1.1]) (impl: carb.hsscclient.plugin)
2026-09-10T04:25:00Z [10,517ms] [Info] [carb.ujitsodefault.plugin] createHsscDataStoreFromConfig: hssc service skipping discovery because uri empty
2026-09-10T04:25:00Z [10,517ms] [Info] [carb] Initializing plugin: carb.datastore.plugin (interfaces: [carb::datastore::ICombinedDataStore v0.1],[carb::datastore::IFailureInjectionDataStoreFactory v0.1],[carb::datastore::ILocalDataStore v0.2],[carb::datastore::INucleusDataStore v0.1],[carb::datastore::IOmniHubDataStore v0.2],[carb::datastore::IProfileDataStore v0.2],[carb::datastore::IWriteBackDataStore v0.3]) (impl: carb.datastore.plugin)
2026-09-10T04:25:00Z [10,517ms] [Info] [carb] Initializing plugin: omni.blobkey.plugin (interfaces: [omni::blobkey::IBlobKey v1.1]) (impl: omni.blobkey.plugin)
2026-09-10T04:25:00Z [10,517ms] [Info] [omni.datastore] Locked base cache layer '/isaac-sim/kit/cache/DerivedDataCache'
2026-09-10T04:25:00Z [10,517ms] [Info] [omni.datastore] Found existing cache sub folder. Merging /isaac-sim/kit/cache/DerivedDataCache/1
2026-09-10T04:25:00Z [10,517ms] [Info] [omni.datastore] Found existing cache sub folder. Merging /isaac-sim/kit/cache/DerivedDataCache/2
2026-09-10T04:25:00Z [10,517ms] [Info] [omni.datastore] Found existing cache sub folder. Merging /isaac-sim/kit/cache/DerivedDataCache/3
2026-09-10T04:25:00Z [10,517ms] [Info] [omni.datastore] Found existing cache sub folder. Merging /isaac-sim/kit/cache/DerivedDataCache/4
2026-09-10T04:25:00Z [10,519ms] [Info] [carb.ujitsodefault.plugin] DataStoreConfigurator[UJITSOCache]: created local datastore on: '/isaac-sim/kit/cache/DerivedDataCache'
2026-09-10T04:25:00Z [10,519ms] [Info] [carb] Initializing plugin: carb.ujitsoagent.plugin (interfaces: [carb::ujitso::IAgent v0.5],[carb::ujitso::IFactory v0.2],[carb::ujitso::IRegistry v0.2],[carb::ujitso::IService v0.10]) (impl: carb.ujitsoagent.plugin)
2026-09-10T04:25:00Z [10,519ms] [Info] [carb.ujitsoagent.plugin] UJITSO: ProcessorRegistry(): globalProcessorVersion:0, addKitGitHashToVersion:0, resolvedGitHash:''
2026-09-10T04:25:00Z [10,519ms] [Info] [carb] Initializing plugin: carb.stats.plugin (interfaces: [carb::stats::IStats v2.2]) (impl: carb.stats.plugin)
2026-09-10T04:25:00Z [10,519ms] [Info] [carb] Initializing plugin: carb.datasource-omniclient.plugin (interfaces: [carb::datasource::IDataSource v1.1]) (impl: carb.datasource-omniclient.plugin)
2026-09-10T04:25:00Z [10,520ms] [Info] [omni.ext._impl._internal] Searching for classes derived from 'omni.ext.IExt' in 'omni.ujitso.default' ('/isaac-sim/extscache/omni.ujitso.default-1.0.0+f9bf0dda.la64.r.cp312')
2026-09-10T04:25:00Z [10,520ms] [Info] [omni.ext.plugin] [ext: omni.ujitso.default-1.0.0] started, startup time: 4 (ms)
2026-09-10T04:25:00Z [10,520ms] [Info] [omni.ext.plugin] About to startup: [ext: omni.gpu_foundation-0.0.0] (order: -100000) Triggered by: omni.kit.hydra_texture-1.6.0, omni.hydra.rtx-1.0.4, omni.gpucompute.plugins-0.0.0, omni.physx.foundation-110.1.13, omni.hydra.usdrt_delegate-7.5.2, omni.hydra.scene_delegate-0.3.5, omni.hydra.engine.stats-1.0.5, omni.kit.renderer.init-1.0.1 (path: /isaac-sim/extscache/omni.gpu_foundation-0.0.0+f9bf0dda.la64.r.cp312)
2026-09-10T04:25:00Z [10,520ms] [Info] [omni.kit.app.plugin] [10.550s] [ext: omni.gpu_foundation-0.0.0] startup
2026-09-10T04:25:00Z [10,521ms] [Info] [omni.ext.plugin] Loaded the dynamic library from /isaac-sim/extscache/omni.gpu_foundation-0.0.0+f9bf0dda.la64.r.cp312/bin/deps/libvulkan.so
2026-09-10T04:25:00Z [10,523ms] [Info] [carb] Registered plugin: carb.graphics-vulkan.plugin (interfaces: [carb::graphics::Graphics v3.9],[carb::ngx::Ngx v0.11]) (impl: carb.graphics-vulkan.plugin)
2026-09-10T04:25:00Z [10,524ms] [Info] [carb] Registered plugin: carb.graphics_optional.plugin (interfaces: [carb::graphics::IOptionalFeatures v2.1]) (impl: carb.graphics_optional.plugin)
2026-09-10T04:25:00Z [10,525ms] [Info] [carb] Registered plugin: carb.shadercompiler-slang.plugin (interfaces: [carb::shadercompiler::ShaderCompiler v0.6]) (impl: carb.shadercompiler-slang.plugin)
2026-09-10T04:25:00Z [10,527ms] [Info] [carb] Registered plugin: gpu.foundation.plugin (interfaces: [carb::graphicsmux::GraphicsMux v2.7],[gpu::foundation::IGpuFoundationFactory v1.0],[gpu::foundation::ISystemInfo v0.9],[gpu::realm::Realm v0.1],[gpu::unstable::IMemoryBudgetManagerFactory v0.1],[gpu::vblank::IVBlank v0.1],[rtx::psodb::PsoDb v0.7],[rtx::rendergraph::RenderGraphBuilder v0.17],[rtx::resourcemanager::IResourceManagerContextPrivate v1.0],[rtx::resourcemanager::ResourceManager v2.3],[rtx::shaderdb::ShaderDb v1.13]) (impl: gpu.foundation.plugin)
2026-09-10T04:25:00Z [10,528ms] [Info] [carb] Registered plugin: omni.perfmonitor.plugin (interfaces: [omni::perfmonitor::IPerfMonitor v2.0]) (impl: omni.perfmonitor.plugin)
2026-09-10T04:25:00Z [10,529ms] [Info] [carb] Registered plugin: carb.blockcompression.plugin (interfaces: [carb::blockcompression::BlockCompression v0.2]) (impl: carb.blockcompression.plugin)
2026-09-10T04:25:00Z [10,530ms] [Info] [carb] Registered plugin: carb.cudainterop.plugin (interfaces: [carb::cudainterop::CudaInterop v0.20]) (impl: carb.cudainterop.plugin)
2026-09-10T04:25:00Z [10,532ms] [Info] [carb] Registered plugin: carb.glinterop.plugin (interfaces: [carb::glinterop::GLInterop v0.8]) (impl: carb.glinterop.plugin)
2026-09-10T04:25:00Z [10,532ms] [Info] [carb] Registered plugin: carb.failureinjector (interfaces: [carb::IFailureInjector v1.0]) (impl: carb.failureinjector)
2026-09-10T04:25:00Z [10,533ms] [Info] [carb] Registered plugin: carb.memorytracking (interfaces: [carb::memorytracking2::IGpuMemoryTracker v3.1],[carb::memorytracking::IGpuMemoryTracker v0.0],[carb::memorytracking::IMemoryScopeTracker v1.0],[carb::tasking::IFiberEvents v1.0]) (impl: carb.memorytracking)
2026-09-10T04:25:00Z [10,533ms] [Info] [carb] Registered plugin: omni.gpu_foundation.ext.plugin (interfaces: [omni::ext::IExt v0.1]) (impl: omni.gpu_foundation.ext.plugin)
2026-09-10T04:25:00Z [10,533ms] [Info] [carb] Registered plugin: omni.gpu_foundation_factory.plugin (interfaces: [omni::gpufoundation::IGpuFoundationFactory v0.1]) (impl: omni.gpu_foundation_factory.plugin)
2026-09-10T04:25:00Z [10,534ms] [Info] [carb] Registered plugin: carb.imguiregistry.plugin (interfaces: [carb::imgui::ImGuiCallbackRegistry v1.0]) (impl: carb.imguiregistry.plugin)
2026-09-10T04:25:00Z [10,534ms] [Info] [carb] Registered plugin: omni.streamingstatus.plugin (interfaces: [omni::IStreamingStatusManager v1.2]) (impl: omni.streamingstatus.plugin)
2026-09-10T04:25:00Z [10,535ms] [Info] [carb] Registered plugin: carb.ujitso.processor.texture.plugin (interfaces: [carb::ujitso::processor::ITextureProcessorLoader v0.1]) (impl: carb.ujitso.processor.texture.plugin)
2026-09-10T04:25:00Z [10,535ms] [Info] [carb] Initializing plugin: omni.gpu_foundation.ext.plugin (interfaces: [omni::ext::IExt v0.1]) (impl: omni.gpu_foundation.ext.plugin)
2026-09-10T04:25:00Z [10,535ms] [Info] [omni.ext.plugin] [ext: omni.gpu_foundation-0.0.0] Starting ext::IExt in '/isaac-sim/extscache/omni.gpu_foundation-0.0.0+f9bf0dda.la64.r.cp312/bin/libomni.gpu_foundation.ext.plugin.so'
2026-09-10T04:25:00Z [10,535ms] [Info] [carb] Initializing plugin: omni.gpu_foundation_factory.plugin (interfaces: [omni::gpufoundation::IGpuFoundationFactory v0.1]) (impl: omni.gpu_foundation_factory.plugin)
2026-09-10T04:25:00Z [10,535ms] [Info] [omni.gpu_foundation_factory.plugin] [Graphics API] Vulkan

2026-09-10T04:25:00Z [10,535ms] [Info] [carb] Initializing plugin: carb.graphics-vulkan.plugin (interfaces: [carb::graphics::Graphics v3.9],[carb::ngx::Ngx v0.11]) (impl: carb.graphics-vulkan.plugin)
2026-09-10T04:25:00Z [10,535ms] [Info] [omni.rtx] Environment variable overridden: VK_SDK_PATH = 
2026-09-10T04:25:00Z [10,535ms] [Info] [omni.rtx] Environment variable overridden: VULKAN_SDK = 
2026-09-10T04:25:00Z [10,535ms] [Info] [omni.rtx] Environment variable overridden: VK_LAYER_PATH = 
2026-09-10T04:25:00Z [10,535ms] [Info] [omni.rtx] Environment variable overridden: VK_INSTANCE_LAYERS = 
2026-09-10T04:25:00Z [10,535ms] [Info] [omni.rtx] Environment variable overridden: VULKAN_HEADERS_INSTALL_DIR = 
2026-09-10T04:25:00Z [10,535ms] [Info] [carb] Initializing plugin: carb.profiler.gpu.plugin (interfaces: [carb::profiler::IGpuProfiler v0.8]) (impl: carb.profiler.gpu.plugin)
2026-09-10T04:25:00Z [10,535ms] [Info] [carb] Initializing plugin: carb.progress.plugin (interfaces: [carb::progress::IProgress v1.0]) (impl: carb.progress.plugin)
2026-09-10T04:25:00Z [10,535ms] [Info] [omni.ext._impl._internal] Searching for classes derived from 'omni.ext.IExt' in 'omni.gpu_foundation_factory' ('/isaac-sim/extscache/omni.gpu_foundation-0.0.0+f9bf0dda.la64.r.cp312')
2026-09-10T04:25:00Z [10,535ms] [Info] [omni.ext._impl._internal] Found class `GpuFoundationConfig` derived from `omni.ext.IExt` in module: 'omni.gpu_foundation_factory' in '/isaac-sim/extscache/omni.gpu_foundation-0.0.0+f9bf0dda.la64.r.cp312'. Calling `on_startup`.
2026-09-10T04:25:00Z [10,535ms] [Info] [omni.ext.plugin] [ext: omni.gpu_foundation-0.0.0] started, startup time: 14 (ms)
2026-09-10T04:25:00Z [10,535ms] [Info] [omni.ext.plugin] About to startup: [ext: carb.windowing.plugins-1.0.1] (order: 0) Triggered by: omni.appwindow-1.2.2, omni.kit.renderer.init-1.0.1 (path: /isaac-sim/extscache/carb.windowing.plugins-1.0.1+f9bf0dda.la64.r)
2026-09-10T04:25:00Z [10,535ms] [Info] [omni.kit.app.plugin] [10.565s] [ext: carb.windowing.plugins-1.0.1] startup
2026-09-10T04:25:00Z [10,536ms] [Info] [carb] Registered plugin: carb.windowing-glfw.plugin (interfaces: [carb::windowing::IGLContext v1.0],[carb::windowing::IWindowing v1.5]) (impl: carb.windowing-glfw.plugin)
2026-09-10T04:25:00Z [10,536ms] [Info] [carb] Registered plugin: carb.input.plugin (interfaces: [carb::input::IInput v1.2]) (impl: carb.input.plugin)
2026-09-10T04:25:00Z [10,536ms] [Info] [carb] Registered plugin: carb.windowing.ext.plugin (interfaces: [omni::ext::IExt v0.1]) (impl: carb.windowing.ext.plugin)
2026-09-10T04:25:00Z [10,536ms] [Info] [carb] Initializing plugin: carb.windowing.ext.plugin (interfaces: [omni::ext::IExt v0.1]) (impl: carb.windowing.ext.plugin)
2026-09-10T04:25:00Z [10,536ms] [Info] [omni.ext.plugin] [ext: carb.windowing.plugins-1.0.1] Starting ext::IExt in '/isaac-sim/extscache/carb.windowing.plugins-1.0.1+f9bf0dda.la64.r/bin/libcarb.windowing.ext.plugin.so'
2026-09-10T04:25:00Z [10,537ms] [Info] [omni.ext.plugin] [ext: carb.windowing.plugins-1.0.1] started, startup time: 1 (ms)
2026-09-10T04:25:00Z [10,537ms] [Info] [omni.ext.plugin] About to startup: [ext: omni.kit.renderer.init-1.0.1] (order: -100000) Triggered by: omni.kit.renderer.core-1.2.2 (path: /isaac-sim/extscache/omni.kit.renderer.init-1.0.1+f9bf0dda.la64.r)
2026-09-10T04:25:00Z [10,537ms] [Info] [omni.kit.app.plugin] [10.566s] [ext: omni.kit.renderer.init-1.0.1] startup
2026-09-10T04:25:00Z [10,537ms] [Info] [carb] Registered plugin: omni.kit.renderer.init.plugin (interfaces: [omni::ext::IExt v0.1],[omni::kit::renderer::IRendererInit v0.1]) (impl: omni.kit.renderer.init.plugin)
2026-09-10T04:25:00Z [10,537ms] [Info] [carb] Initializing plugin: omni.kit.renderer.init.plugin (interfaces: [omni::ext::IExt v0.1],[omni::kit::renderer::IRendererInit v0.1]) (impl: omni.kit.renderer.init.plugin)
2026-09-10T04:25:00Z [10,537ms] [Info] [omni.ext.plugin] [ext: omni.kit.renderer.init-1.0.1] Starting ext::IExt in '/isaac-sim/extscache/omni.kit.renderer.init-1.0.1+f9bf0dda.la64.r/bin/libomni.kit.renderer.init.plugin.so'
2026-09-10T04:25:00Z [10,537ms] [Info] [carb] Initializing plugin: gpu.foundation.plugin (interfaces: [carb::graphicsmux::GraphicsMux v2.7],[gpu::foundation::IGpuFoundationFactory v1.0],[gpu::foundation::ISystemInfo v0.9],[gpu::realm::Realm v0.1],[gpu::unstable::IMemoryBudgetManagerFactory v0.1],[gpu::vblank::IVBlank v0.1],[rtx::psodb::PsoDb v0.7],[rtx::rendergraph::RenderGraphBuilder v0.17],[rtx::resourcemanager::IResourceManagerContextPrivate v1.0],[rtx::resourcemanager::ResourceManager v2.3],[rtx::shaderdb::ShaderDb v1.13]) (impl: gpu.foundation.plugin)
2026-09-10T04:25:00Z [10,537ms] [Info] [carb] Initializing plugin: omni.perfmonitor.plugin (interfaces: [omni::perfmonitor::IPerfMonitor v2.0]) (impl: omni.perfmonitor.plugin)
2026-09-10T04:25:00Z [10,539ms] [Info] [omni.perfmonitor.plugin] Performance Monitor Activity Started.
2026-09-10T04:25:00Z [10,573ms] [Warning] [omni.platforminfo.plugin] failed to open the default display.  Can't verify X Server version.
2026-09-10T04:25:00Z [10,574ms] [Info] [carb] Initializing plugin: carb.launcher.plugin (interfaces: [carb::launcher::ILauncher v1.4]) (impl: carb.launcher.plugin)
2026-09-10T04:25:00Z [10,574ms] [Info] [carb] Initializing plugin: carb.cudainterop.plugin (interfaces: [carb::cudainterop::CudaInterop v0.20]) (impl: carb.cudainterop.plugin)
2026-09-10T04:25:00Z [10,597ms] [Info] [carb] Initializing plugin: carb.memorytracking (interfaces: [carb::memorytracking2::IGpuMemoryTracker v3.1],[carb::memorytracking::IGpuMemoryTracker v0.0],[carb::memorytracking::IMemoryScopeTracker v1.0],[carb::tasking::IFiberEvents v1.0]) (impl: carb.memorytracking)
2026-09-10T04:25:00Z [10,604ms] [Info] [omni.rtx] Setting DataStoreKey::MaxBlobSize[0] = 5242880 bytes
2026-09-10T04:25:00Z [10,604ms] [Info] [omni.rtx] Setting DataStoreKey::MaxBlobSize[1] = 47185920 bytes
2026-09-10T04:25:00Z [10,604ms] [Info] [omni.rtx] Disabling shader cache redirection handler
2026-09-10T04:25:00Z [10,604ms] [Info] [omni.rtx] The driver cache redirection shared library was disabled successfully
2026-09-10T04:25:00Z [10,604ms] [Info] [omni.rtx] [ShaderCache]: Limiting to 32-bit driver cache size: 4000 MB
2026-09-10T04:25:00Z [10,604ms] [Info] [omni.rtx] Disabling Vulkan image compression
2026-09-10T04:25:00Z [10,604ms] [Info] [omni.rtx] [ShaderCache]: driver app shader cache path = '/isaac-sim/extscache/omni.gpu_foundation.shadercache.vulkan-1.0.0+f9bf0dda.la64.r/cache/nv_shadercache'; driver shader cache path = '/isaac-sim/kit/cache/nv_shadercache'
2026-09-10T04:25:00Z [10,604ms] [Info] [omni.rtx] [ShaderCache]: Driver shaderCache directory: /isaac-sim/kit/cache/nv_shadercache
2026-09-10T04:25:00Z [10,604ms] [Info] [omni.rtx] [ShaderCache]: Driver shadercache folder: /isaac-sim/kit/cache/nv_shadercache, file count: 6, size: 437.75 MB, process_0: 0.00 MB.
2026-09-10T04:25:00Z [10,604ms] [Info] [carb] Initializing plugin: carb.glinterop.plugin (interfaces: [carb::glinterop::GLInterop v0.8]) (impl: carb.glinterop.plugin)
2026-09-10T04:25:00Z [10,605ms] [Info] [omni.rtx] loadVulkanGlobalFunctions. Loading libvulkan from /isaac-sim/extscache/omni.gpu_foundation-0.0.0+f9bf0dda.la64.r.cp312/bin/deps/libvulkan.so.1
2026-09-10T04:25:00Z [10,608ms] [Info] [carb.launcher.plugin] launched '/usr/bin/nvidia-smi -q': parent=11, child=165, handle=0xf77a20001070
2026-09-10T04:25:01Z [10,782ms] [Info] [omni.rtx] 
==============NVSMI LOG==============

Timestamp                                              : Thu Sep 10 04:25:00 2026
Driver Version                                         : 580.173.02
CUDA Version                                           : 13.0

Attached GPUs                                          : 1
GPU 0000000F:01:00.0
    Product Name                                       : NVIDIA GB10
    Product Brand                                      : NVIDIA RTX
    Product Architecture                               : Blackwell
    Display Mode                                       : Requested functionality has been deprecated
    Display Attached                                   : No
    Display Active                                     : Disabled
    Persistence Mode                                   : Enabled
    Addressing Mode                                    : ATS
    MIG Mode
        Current                                        : N/A
        Pending                                        : N/A
    Accounting Mode                                    : Disabled
    Accounting Mode Buffer Size                        : 4000
    Driver Model
        Current                                        : N/A
        Pending                                        : N/A
    Serial Number                                      : N/A
    GPU UUID                                           : GPU-2166d556-6038-69d5-d9f7-8a380d52da4b
    GPU PDI                                            : 0xd727cff3677d48fc
    Minor Number                                       : 0
    VBIOS Version                                      : 9A.0B.2D.00.00
    MultiGPU Board                                     : No
    Board ID                                           : 0xf0100
    Board Part Number                                  : N/A
    GPU Part Number                                    : 2E12-275-A1
    FRU Part Number                                    : N/A
    Platform Info
        Chassis Serial Number                          : 
        Slot Number                                    : 0
        Tray Index                                     : 0
        Host ID                                        : 1
        Peer Type                                      : Direct Connected
        Module Id                                      : 1
        GPU Fabric GUID                                : 0x0000000000000000
    Inforom Version
        Image Version                                  : N/A
        OEM Object                                     : N/A
        ECC Object                                     : N/A
        Power Management Object                        : N/A
    Inforom BBX Object Flush
        Latest Timestamp                               : N/A
        Latest Duration                                : N/A
    GPU Operation Mode
        Current                                        : N/A
        Pending                                        : N/A
    GPU C2C Mode                                       : Enabled
    GPU Virtualization Mode
        Virtualization Mode                            : None
        Host VGPU Mode                                 : N/A
        vGPU Heterogeneous Mode                        : N/A
    GPU Recovery Action                                : None
    GSP Firmware Version                               : 580.173.02
    IBMNPU
        Relaxed Ordering Mode                          : N/A
    PCI
        Bus                                            : 0x01
        Device                                         : 0x00
        Domain                                         : 0x000F
        Base Classcode                                 : 0x3
        Sub Classcode                                  : 0x0
        Device Id                                      : 0x2E1210DE
        Bus Id                                         : 0000000F:01:00.0
        Sub System Id                                  : 0x000010DE
        GPU Link Info
            PCIe Generation
                Max                                    : 1
                Current                                : 1
                Device Current                         : 1
                Device Max                             : 5
                Host Max                               : 5
            Link Width
                Max                                    : 16x
                Current                                : 1x
        Bridge Chip
            Type                                       : N/A
            Firmware                                   : N/A
        Replays Since Reset                            : 0
        Replay Number Rollovers                        : 0
        Tx Throughput                                  : N/A
        Rx Throughput                                  : N/A
        Atomic Caps Outbound                           : FETCHADD_32 FETCHADD_64 SWAP_32 SWAP_64 CAS_32 CAS_64 
        Atomic Caps Inbound                            : N/A
    Fan Speed                                          : N/A
    Performance State                                  : P8
    Clocks Event Reasons
        Idle                                           : Not Active
        Applications Clocks Setting                    : Not Active
        SW Power Cap                                   : Not Active
        HW Slowdown                                    : Not Active
            HW Thermal Slowdown                        : Not Active
            HW Power Brake Slowdown                    : Not Active
        Sync Boost                                     : Not Active
        SW Thermal Slowdown                            : Not Active
        Display Clock Setting                          : Not Active
    Clocks Event Reasons Counters
        SW Power Capping                               : 319246303091 us
        Sync Boost                                     : 0 us
        SW Thermal Slowdown                            : 0 us
        HW Thermal Slowdown                            : 0 us
        HW Power Braking                               : 0 us
    Sparse Operation Mode                              : N/A
    FB Memory Usage
        Total                                          : N/A
        Reserved                                       : N/A
        Used                                           : N/A
        Free                                           : N/A
    BAR1 Memory Usage
        Total                                          : N/A
        Used                                           : N/A
        Free                                           : N/A
    Conf Compute Protected Memory Usage
        Total                                          : 0 MiB
        Used                                           : 0 MiB
        Free                                           : 0 MiB
    Compute Mode                                       : Default
    Utilization
        GPU                                            : 0 %
        Memory                                         : 0 %
        Encoder                                        : 0 %
        Decoder                                        : 0 %
        JPEG                                           : 0 %
        OFA                                            : 0 %
    Encoder Stats
        Active Sessions                                : 0
        Average FPS                                    : 0
        Average Latency                                : 0
    FBC Stats
        Active Sessions                                : 0
        Average FPS                                    : 0
        Average Latency                                : 0
    DRAM Encryption Mode
        Current                                        : N/A
        Pending                                        : N/A
    ECC Mode
        Current                                        : N/A
        Pending                                        : N/A
    ECC Errors
        Volatile
            SRAM Correctable                           : N/A
            SRAM Uncorrectable Parity                  : N/A
            SRAM Uncorrectable SEC-DED                 : N/A
            DRAM Correctable                           : N/A
            DRAM Uncorrectable                         : N/A
        Aggregate
            SRAM Correctable                           : N/A
            SRAM Uncorrectable Parity                  : N/A
            SRAM Uncorrectable SEC-DED                 : N/A
            DRAM Correctable                           : N/A
            DRAM Uncorrectable                         : N/A
            SRAM Threshold Exceeded                    : N/A
        Aggregate Uncorrectable SRAM Sources
            SRAM L2                                    : N/A
            SRAM SM                                    : N/A
            SRAM Microcontroller                       : N/A
            SRAM PCIE                                  : N/A
            SRAM Other                                 : N/A
        Channel Repair Pending                         : N/A
        TPC Repair Pending                             : N/A
        Unrepairable Memory                            : N/A
    Retired Pages
        Single Bit ECC                                 : N/A
        Double Bit ECC                                 : N/A
        Pending Page Blacklist                         : N/A
    Remapped Rows                                      : N/A
    Temperature
        GPU Current Temp                               : 61 C
        GPU T.Limit Temp                               : 34 C
        GPU Shutdown T.Limit Temp                      : N/A
        GPU Slowdown T.Limit Temp                      : N/A
        GPU Max Operating T.Limit Temp                 : 0 C
        GPU Target Temperature                         : N/A
        Memory Current Temp                            : N/A
        Memory Max Operating T.Limit Temp              : N/A
    GPU Power Readings
        Average Power Draw                             : 5.79 W
        Instantaneous Power Draw                       : 5.71 W
        Current Power Limit                            : N/A
        Requested Power Limit                          : N/A
        Default Power Limit                            : N/A
        Min Power Limit                                : N/A
        Max Power Limit                                : N/A
    GPU Memory Power Readings 
        Average Power Draw                             : N/A
        Instantaneous Power Draw                       : N/A
    Module Power Readings
        Average Power Draw                             : N/A
        Instantaneous Power Draw                       : N/A
        Current Power Limit                            : N/A
        Requested Power Limit                          : N/A
        Default Power Limit                            : N/A
        Min Power Limit                                : N/A
        Max Power Limit                                : N/A
    Power Smoothing                                    : N/A
    Workload Power Profiles
        Requested Profiles                             : N/A
        Enforced Profiles                              : N/A
    Clocks
        Graphics                                       : 208 MHz
        SM                                             : 208 MHz
        Memory                                         : N/A
        Video                                          : 598 MHz
    Applications Clocks
        Graphics                                       : 2418 MHz
        Memory                                         : N/A
    Default Applications Clocks
        Graphics                                       : 2418 MHz
        Memory                                         : N/A
    Deferred Clocks
        Memory                                         : N/A
    Max Clocks
        Graphics                                       : 3003 MHz
        SM                                             : 3003 MHz
        Memory                                         : N/A
        Video                                          : 3003 MHz
    Max Customer Boost Clocks
        Graphics                                       : N/A
    Clock Policy
        Auto Boost                                     : N/A
        Auto Boost Default                             : N/A
    Fabric
        State                                          : N/A
        Status                                         : N/A
        CliqueId                                       : N/A
        ClusterUUID                                    : N/A
        Health
            Summary                                    : N/A
            Bandwidth                                  : N/A
            Route Recovery in progress                 : N/A
            Route Unhealthy                            : N/A
            Access Timeout Recovery                    : N/A
            Incorrect Configuration                    : N/A
            Partition Assigned                         : N/A
    Processes                                          : None
    Capabilities
        EGM                                            : disabled


2026-09-10T04:25:01Z [10,841ms] [Info] [omni.rtx] Instance extension VK_KHR_get_physical_device_properties2 required by NGX.
2026-09-10T04:25:01Z [10,869ms] [Info] [omni.rtx] carb::graphics::enumeratePhysicalDeviceGroups failed or no physical device group is found. Falling back to carb::graphics::enumeratePhysicalDevices.
2026-09-10T04:25:01Z [10,869ms] [Info] [omni.rtx] Skipping createScoringSurface for no-window request.
2026-09-10T04:25:01Z [11,138ms] [Info] [omni.rtx] NVIDIA Aftermath Status: auto-enabled
2026-09-10T04:25:01Z [11,138ms] [Info] [omni.rtx] The expected number of used file descriptors (2450) exceeds the current system limit (1024). Attempting to set the system limit to 2450.
2026-09-10T04:25:01Z [11,138ms] [Info] [carb] Initializing plugin: carb.failureinjector (interfaces: [carb::IFailureInjector v1.0]) (impl: carb.failureinjector)
2026-09-10T04:25:01Z [11,139ms] [Info] [omni.rtx] Active GPU: NVIDIA GB10
2026-09-10T04:25:01Z [11,139ms] [Info] [omni.rtx] Enabled NVIDIA Aftermath Version: 2025.5
2026-09-10T04:25:01Z [11,140ms] [Info] [omni.rtx] Device extension VK_NVX_binary_import required by NGX.
2026-09-10T04:25:01Z [11,140ms] [Info] [omni.rtx] Device extension VK_NVX_image_view_handle required by NGX.
2026-09-10T04:25:01Z [11,140ms] [Info] [omni.rtx] Device extension VK_NVX_image_view_handle required by NGX.
2026-09-10T04:25:01Z [11,140ms] [Info] [omni.rtx] Device extension VK_NVX_image_view_handle required by NGX.
2026-09-10T04:25:01Z [11,650ms] [Info] [omni.rtx] 
|---------------------------------------------------------------------------------------------|
| Driver Version: 580.173.02    | Graphics API: Vulkan
|=============================================================================================|
| GPU | Name                             | Active | LDA | GPU Memory | Vendor-ID | LUID       |
|     |                                  |        |     |            | Device-ID | UUID       |
|     |                                  |        |     |            | Bus-ID    |            |
|---------------------------------------------------------------------------------------------|
| 0   | NVIDIA GB10                      | Yes: 0 |     | 93457   MB | 10de      | 0          |
|     |                                  |        |     |            | 2e12      | 2166d556.. |
|     |                                  |        |     |            | 1         |            |
|=============================================================================================|
| OS: 24.04.3 LTS (Noble Numbat) ubuntu, Version: 24.04.3, Kernel: 6.17.0-1031-nvidia
| Processor: Cortex-A725
| Cores: 20 | Logical Cores: 20
|---------------------------------------------------------------------------------------------|
| Total Memory (MB): 124609 | Free Memory: 119891
| Total Page/Swap (MB): 16383 | Free Page/Swap: 0
|---------------------------------------------------------------------------------------------|

2026-09-10T04:25:01Z [11,651ms] [Info] [omni.rtx] CPU performance profile: performance
2026-09-10T04:25:01Z [11,662ms] [Info] [omni.rtx] ECC is disabled on physical device 0
2026-09-10T04:25:01Z [11,663ms] [Info] [omni.rtx]  
2026-09-10T04:25:01Z [11,663ms] [Info] [omni.rtx] vGPU License Report:
2026-09-10T04:25:01Z [11,663ms] [Info] [omni.rtx]  
2026-09-10T04:25:01Z [11,663ms] [Info] [omni.rtx]    Physical device 0
2026-09-10T04:25:01Z [11,663ms] [Info] [omni.rtx]    GPU virtualization mode: Bare metal
2026-09-10T04:25:01Z [11,663ms] [Info] [omni.rtx]    Grid License Supported: False
2026-09-10T04:25:01Z [11,663ms] [Info] [omni.rtx]    Number of licenseable features: 0
2026-09-10T04:25:01Z [11,663ms] [Info] [omni.rtx]  
2026-09-10T04:25:01Z [11,663ms] [Info] [carb] Initializing plugin: omni.streamingstatus.plugin (interfaces: [omni::IStreamingStatusManager v1.2]) (impl: omni.streamingstatus.plugin)
2026-09-10T04:25:01Z [11,663ms] [Info] [carb] Initializing plugin: carb.assets.plugin (interfaces: [carb::assets::IAssets v2.0],[carb::assets::IAssetsBlob v1.0]) (impl: carb.assets.plugin)
2026-09-10T04:25:01Z [11,663ms] [Info] [carb] Initializing plugin: carb.datasource-file.plugin (interfaces: [carb::datasource::IDataSource v1.1]) (impl: carb.datasource-file.plugin)
2026-09-10T04:25:01Z [11,664ms] [Info] [carb] Initializing plugin: carb.imaging.plugin (interfaces: [carb::imaging::IImaging v2.6]) (impl: carb.imaging.plugin)
2026-09-10T04:25:01Z [11,769ms] [Info] [carb] Initializing plugin: carb.shadercompiler-slang.plugin (interfaces: [carb::shadercompiler::ShaderCompiler v0.6]) (impl: carb.shadercompiler-slang.plugin)
2026-09-10T04:25:01Z [11,769ms] [Info] [omni.rtx] Max allowing 15 shader compiler sessions based on 124.9 GB of free system memory.
2026-09-10T04:25:01Z [11,769ms] [Info] [carb] Plugin gpu.foundation.plugin is already a dependency of carb.shadercompiler-slang.plugin; not changing unload order
2026-09-10T04:25:01Z [11,769ms] [Info] [omni.rtx] Max ShaderDB concurrency allowed: 15.
2026-09-10T04:25:01Z [11,770ms] [Info] [omni.rtx] Device 0:
2026-09-10T04:25:01Z [11,770ms] [Info] [omni.rtx]  - CUDA device index: 0
2026-09-10T04:25:01Z [11,771ms] [Info] [omni.rtx] BAR1 memory is not supported.
2026-09-10T04:25:01Z [11,771ms] [Info] [omni.rtx] Realm Process 0 of 1 started.
2026-09-10T04:25:01Z [11,771ms] [Info] [omni.rtx] Skipped optional host to device PCIe bandwidth check.
2026-09-10T04:25:01Z [11,771ms] [Info] [carb] Initializing plugin: carb.ujitso.processor.texture.plugin (interfaces: [carb::ujitso::processor::ITextureProcessorLoader v0.1]) (impl: carb.ujitso.processor.texture.plugin)
2026-09-10T04:25:01Z [11,771ms] [Info] [carb] Plugin gpu.foundation.plugin is already a dependency of carb.ujitso.processor.texture.plugin; not changing unload order
2026-09-10T04:25:01Z [11,771ms] [Info] [omni.gpu_foundation_factory.plugin] No discrete GPU found, IOMMU cannot be disabled. Skipping IOMMU check.
2026-09-10T04:25:01Z [11,771ms] [Info] [omni.ext.plugin] [ext: omni.kit.renderer.init-1.0.1] started, startup time: 1234 (ms)
2026-09-10T04:25:01Z [11,771ms] [Info] [omni.ext.plugin] About to startup: [ext: omni.kit.loop-isaac-1.6.0] (order: 0) Triggered by: isaaclab.python.headless-3.0.0, omni.appwindow-1.2.2, omni.kit.test-2.0.7 (path: /isaac-sim/exts/omni.kit.loop-isaac)
2026-09-10T04:25:01Z [11,771ms] [Info] [omni.kit.app.plugin] [11.801s] [ext: omni.kit.loop-isaac-1.6.0] startup
2026-09-10T04:25:02Z [11,781ms] [Info] [carb] Registered plugin: omni.kit.loop-isaac.plugin (interfaces: [omni::ext::IExt v0.1],[omni::kit::IRunLoopRunnerImpl v1.3]) (impl: omni.kit.loop-isaac.plugin)
2026-09-10T04:25:02Z [11,781ms] [Info] [carb] Initializing plugin: omni.kit.loop-isaac.plugin (interfaces: [omni::ext::IExt v0.1],[omni::kit::IRunLoopRunnerImpl v1.3]) (impl: omni.kit.loop-isaac.plugin)
2026-09-10T04:25:02Z [11,781ms] [Info] [omni.ext.plugin] [ext: omni.kit.loop-isaac-1.6.0] Starting ext::IExt in '/isaac-sim/exts/omni.kit.loop-isaac/bin/libomni.kit.loop-isaac.plugin.so'
2026-09-10T04:25:02Z [11,781ms] [Info] [carb] Plugin omni.kit.loop-isaac.plugin is already a dependency of omni.kit.app.plugin; not changing unload order
2026-09-10T04:25:02Z [11,784ms] [Info] [omni.ext._impl._internal] Searching for classes derived from 'omni.ext.IExt' in 'omni.kit.loop' ('/isaac-sim/exts/omni.kit.loop-isaac')
2026-09-10T04:25:02Z [11,784ms] [Info] [omni.ext._impl._internal] Searching for classes derived from 'omni.ext.IExt' in 'omni.kit.loop.tests' ('/isaac-sim/exts/omni.kit.loop-isaac')
2026-09-10T04:25:02Z [11,784ms] [Info] [omni.ext.plugin] [ext: omni.kit.loop-isaac-1.6.0] started, startup time: 13 (ms)
2026-09-10T04:25:02Z [11,784ms] [Info] [omni.ext.plugin] About to startup: [ext: omni.kit.test-2.0.7] (order: -1000) Triggered by: omni.graph.tools-1.81.0 (path: /isaac-sim/extscache/omni.kit.test-2.0.7+f9bf0dda.la64.r.cp312)
2026-09-10T04:25:02Z [11,784ms] [Info] [omni.kit.app.plugin] [11.814s] [ext: omni.kit.test-2.0.7] startup
2026-09-10T04:25:02Z [11,785ms] [Info] [carb] Registered plugin: omni.kit.test.plugin (interfaces: [omni::ext::IExt v0.1]) (impl: omni.kit.test.plugin)
2026-09-10T04:25:02Z [11,785ms] [Info] [carb] Initializing plugin: omni.kit.test.plugin (interfaces: [omni::ext::IExt v0.1]) (impl: omni.kit.test.plugin)
2026-09-10T04:25:02Z [11,785ms] [Info] [omni.ext.plugin] [ext: omni.kit.test-2.0.7] Starting ext::IExt in '/isaac-sim/extscache/omni.kit.test-2.0.7+f9bf0dda.la64.r.cp312/bin/libomni.kit.test.plugin.so'
2026-09-10T04:25:02Z [11,880ms] [Info] [omni.ext._impl._internal] Searching for classes derived from 'omni.ext.IExt' in 'omni.kit.test' ('/isaac-sim/extscache/omni.kit.test-2.0.7+f9bf0dda.la64.r.cp312')
2026-09-10T04:25:02Z [11,880ms] [Info] [omni.ext._impl._internal] Found class `_TestAutoRunner` derived from `omni.ext.IExt` in module: 'omni.kit.test' in '/isaac-sim/extscache/omni.kit.test-2.0.7+f9bf0dda.la64.r.cp312'. Calling `on_startup`.
2026-09-10T04:25:02Z [11,881ms] [Info] [omni.ext.plugin] [ext: omni.kit.test-2.0.7] started, startup time: 96 (ms)
2026-09-10T04:25:02Z [11,881ms] [Info] [omni.ext.plugin] About to startup: [ext: omni.materialx.libs-1.0.9] (order: -1000) Triggered by: omni.kit.material.library-3.1.2,  (path: /isaac-sim/extscache/omni.materialx.libs-1.0.9+f9bf0dda.la64.r.cp312)
2026-09-10T04:25:02Z [11,881ms] [Info] [omni.kit.app.plugin] [11.910s] [ext: omni.materialx.libs-1.0.9] startup
2026-09-10T04:25:02Z [11,882ms] [Info] [omni.ext.plugin] Loaded the dynamic library from /isaac-sim/extscache/omni.materialx.libs-1.0.9+f9bf0dda.la64.r.cp312/bin/libMaterialXCore.so
2026-09-10T04:25:02Z [11,883ms] [Info] [omni.ext.plugin] Loaded the dynamic library from /isaac-sim/extscache/omni.materialx.libs-1.0.9+f9bf0dda.la64.r.cp312/bin/libMaterialXFormat.so
2026-09-10T04:25:02Z [11,883ms] [Info] [omni.ext._impl._internal] Searching for classes derived from 'omni.ext.IExt' in 'omni.materialx.libs' ('/isaac-sim/extscache/omni.materialx.libs-1.0.9+f9bf0dda.la64.r.cp312')
2026-09-10T04:25:02Z [11,890ms] [Info] [omni.ext._impl._internal] Searching for classes derived from 'omni.ext.IExt' in 'MaterialX' ('/isaac-sim/extscache/omni.materialx.libs-1.0.9+f9bf0dda.la64.r.cp312')
2026-09-10T04:25:02Z [11,890ms] [Info] [omni.ext.plugin] [ext: omni.materialx.libs-1.0.9] started, startup time: 9 (ms)
2026-09-10T04:25:02Z [11,890ms] [Info] [omni.ext.plugin] About to startup: [ext: omni.gpucompute.plugins-0.0.0] (order: 0) Triggered by: omni.physx-110.1.13, usdrt.scenegraph-7.6.3, omni.graph.core-3.1.2, omni.hydra.usdrt_delegate-7.5.2, omni.hydra.scene_delegate-0.3.5, omni.graph.image.core-0.6.1 (path: /isaac-sim/extscache/omni.gpucompute.plugins-0.0.0+f9bf0dda.la64.r)
2026-09-10T04:25:02Z [11,890ms] [Info] [omni.kit.app.plugin] [11.920s] [ext: omni.gpucompute.plugins-0.0.0] startup
2026-09-10T04:25:02Z [11,891ms] [Info] [carb] Registered plugin: omni.gpucompute-cuda.plugin (interfaces: [omni::gpucompute::GpuCompute v0.3]) (impl: omni.gpucompute-cuda.plugin)
2026-09-10T04:25:02Z [11,891ms] [Info] [carb] Registered plugin: omni.gpucompute-d3dvk.plugin (interfaces: [omni::gpucompute::ComputeCompiler v0.1],[omni::gpucompute::GpuCompute v0.3]) (impl: omni.gpucompute-d3dvk.plugin)
2026-09-10T04:25:02Z [11,891ms] [Info] [omni.ext.plugin] [ext: omni.gpucompute.plugins-0.0.0] started, startup time: 1 (ms)
2026-09-10T04:25:02Z [11,891ms] [Info] [omni.ext.plugin] About to startup: [ext: omni.usd.config-1.0.7] (order: 0) Triggered by: omni.usd.libs-1.0.3 (path: /isaac-sim/extscache/omni.usd.config-1.0.7+f9bf0dda)
2026-09-10T04:25:02Z [11,891ms] [Info] [omni.kit.app.plugin] [11.921s] [ext: omni.usd.config-1.0.7] startup
2026-09-10T04:25:02Z [11,892ms] [Info] [omni.ext._impl._internal] Searching for classes derived from 'omni.ext.IExt' in 'omni.usd_config' ('/isaac-sim/extscache/omni.usd.config-1.0.7+f9bf0dda')
2026-09-10T04:25:02Z [11,892ms] [Info] [omni.ext._impl._internal] Found class `Extension` derived from `omni.ext.IExt` in module: 'omni.usd_config' in '/isaac-sim/extscache/omni.usd.config-1.0.7+f9bf0dda'. Calling `on_startup`.
2026-09-10T04:25:02Z [11,895ms] [Info] [omni.ext.plugin] [ext: omni.usd.config-1.0.7] started, startup time: 3 (ms)
2026-09-10T04:25:02Z [11,895ms] [Info] [omni.ext.plugin] About to startup: [ext: omni.usd.libs-1.0.3] (order: -1000) Triggered by: omni.physx-110.1.13, omni.kit.usd.mdl-1.1.9, omni.kit.viewport.utility-2.0.1, omni.usd.schema.anim-0.0.1, omni.usd.schema.omni_sensors-0.0.0, omni.kit.usd.layers-2.6.1, omni.usd.schema.physx-110.1.13, omni.usdphysics-110.1.13, omni.physx.cooking-110.1.13, omni.usd.schema.newton-1.2.1, omni.physics.tensors-110.1.13, omni.usd.core-1.8.3, omni.usd.metrics.assembler-110.1.2, omni.usd.schema.mujoco-1.1.1, omni.usdex.libs-2.2.2, omni.usd.schema.physical_lighting-0.1.0, omni.usd.schema.usd_particle_field-1.0.0, omni.index-1.0.1, omni.hydra.scene_delegate-0.3.5, omni.usd.schema.render_settings.rtx-1.0.2, omni.usd.schema.omni_projectors-1.0.0, omni.usd.schema.playback-1.0.0, omni.graph.tools-1.81.0, omni.kit.usd_undo-0.1.8, omni.kit.exec.core-0.13.5, omni.usd.schema.omnigraph-1.0.1, omni.usd.schema.semantics-0.0.0, omni.usd.schema.audio-0.0.1, omni.convexdecomposition-110.1.13, omni.usd_resolver-1.0.0, omni.usd.schema.metrics.assembler-110.1.0, omni.usd.schema.geospatial-0.0.1 (path: /isaac-sim/extscache/omni.usd.libs-1.0.3+f9bf0dda.la64.r.cp312)
2026-09-10T04:25:02Z [11,895ms] [Info] [omni.kit.app.plugin] [11.925s] [ext: omni.usd.libs-1.0.3] startup
2026-09-10T04:25:02Z [11,896ms] [Info] [omni.ext.plugin] Loaded the dynamic library from /isaac-sim/extscache/omni.usd.libs-1.0.3+f9bf0dda.la64.r.cp312/bin/libusd_arch.so
2026-09-10T04:25:02Z [11,896ms] [Info] [omni.ext.plugin] Loaded the dynamic library from /isaac-sim/extscache/omni.usd.libs-1.0.3+f9bf0dda.la64.r.cp312/bin/libusd_python.so
2026-09-10T04:25:02Z [11,897ms] [Info] [omni.ext.plugin] Loaded the dynamic library from /isaac-sim/extscache/omni.usd.libs-1.0.3+f9bf0dda.la64.r.cp312/bin/libtbb.so
2026-09-10T04:25:02Z [11,898ms] [Info] [omni.ext.plugin] Loaded the dynamic library from /isaac-sim/extscache/omni.usd.libs-1.0.3+f9bf0dda.la64.r.cp312/bin/libusd_tf.so
2026-09-10T04:25:02Z [11,899ms] [Info] [omni.ext.plugin] Loaded the dynamic library from /isaac-sim/extscache/omni.usd.libs-1.0.3+f9bf0dda.la64.r.cp312/bin/libusd_work.so
2026-09-10T04:25:02Z [11,900ms] [Info] [omni.ext.plugin] Loaded the dynamic library from /isaac-sim/extscache/omni.usd.libs-1.0.3+f9bf0dda.la64.r.cp312/bin/libusd_gf.so
2026-09-10T04:25:02Z [11,900ms] [Info] [omni.ext.plugin] Loaded the dynamic library from /isaac-sim/extscache/omni.usd.libs-1.0.3+f9bf0dda.la64.r.cp312/bin/libusd_js.so
2026-09-10T04:25:02Z [11,901ms] [Info] [omni.ext.plugin] Loaded the dynamic library from /isaac-sim/extscache/omni.usd.libs-1.0.3+f9bf0dda.la64.r.cp312/bin/libusd_trace.so
2026-09-10T04:25:02Z [11,902ms] [Info] [omni.ext.plugin] Loaded the dynamic library from /isaac-sim/extscache/omni.usd.libs-1.0.3+f9bf0dda.la64.r.cp312/bin/libusd_vdf.so
2026-09-10T04:25:02Z [11,902ms] [Info] [omni.ext.plugin] Loaded the dynamic library from /isaac-sim/extscache/omni.usd.libs-1.0.3+f9bf0dda.la64.r.cp312/bin/libusd_ef.so
2026-09-10T04:25:02Z [11,903ms] [Info] [omni.ext.plugin] Loaded the dynamic library from /isaac-sim/extscache/omni.usd.libs-1.0.3+f9bf0dda.la64.r.cp312/bin/libMaterialXRenderHw.so
2026-09-10T04:25:02Z [11,903ms] [Info] [omni.ext.plugin] Loaded the dynamic library from /isaac-sim/extscache/omni.usd.libs-1.0.3+f9bf0dda.la64.r.cp312/bin/libMaterialXCore.so
2026-09-10T04:25:02Z [11,903ms] [Info] [omni.ext.plugin] Loaded the dynamic library from /isaac-sim/extscache/omni.usd.libs-1.0.3+f9bf0dda.la64.r.cp312/bin/libMaterialXFormat.so
2026-09-10T04:25:02Z [11,904ms] [Info] [omni.ext.plugin] Loaded the dynamic library from /isaac-sim/extscache/omni.usd.libs-1.0.3+f9bf0dda.la64.r.cp312/bin/libMaterialXGenShader.so
2026-09-10T04:25:02Z [11,905ms] [Info] [omni.ext.plugin] Loaded the dynamic library from /isaac-sim/extscache/omni.usd.libs-1.0.3+f9bf0dda.la64.r.cp312/bin/libMaterialXGenGlsl.so
2026-09-10T04:25:02Z [11,905ms] [Info] [omni.ext.plugin] Loaded the dynamic library from /isaac-sim/extscache/omni.usd.libs-1.0.3+f9bf0dda.la64.r.cp312/bin/libMaterialXRender.so
2026-09-10T04:25:02Z [11,906ms] [Info] [omni.ext.plugin] Loaded the dynamic library from /isaac-sim/extscache/omni.usd.libs-1.0.3+f9bf0dda.la64.r.cp312/bin/libMaterialXRenderGlsl.so
2026-09-10T04:25:02Z [11,908ms] [Info] [omni.ext.plugin] Loaded the dynamic library from /isaac-sim/extscache/omni.usd.libs-1.0.3+f9bf0dda.la64.r.cp312/bin/libusd_vt.so
2026-09-10T04:25:02Z [11,908ms] [Info] [omni.ext.plugin] Loaded the dynamic library from /isaac-sim/extscache/omni.usd.libs-1.0.3+f9bf0dda.la64.r.cp312/bin/libosdCPU.so
2026-09-10T04:25:02Z [11,909ms] [Info] [omni.ext.plugin] Loaded the dynamic library from /isaac-sim/extscache/omni.usd.libs-1.0.3+f9bf0dda.la64.r.cp312/bin/libusd_pxOsd.so
2026-09-10T04:25:02Z [11,909ms] [Info] [omni.ext.plugin] Loaded the dynamic library from /isaac-sim/extscache/omni.usd.libs-1.0.3+f9bf0dda.la64.r.cp312/bin/libusd_geomUtil.so
2026-09-10T04:25:02Z [11,910ms] [Info] [omni.ext.plugin] Loaded the dynamic library from /isaac-sim/extscache/omni.usd.libs-1.0.3+f9bf0dda.la64.r.cp312/bin/libusd_cameraUtil.so
2026-09-10T04:25:02Z [11,910ms] [Info] [omni.ext.plugin] Loaded the dynamic library from /isaac-sim/extscache/omni.usd.libs-1.0.3+f9bf0dda.la64.r.cp312/bin/libusd_plug.so
2026-09-10T04:25:02Z [11,911ms] [Info] [omni.ext.plugin] Loaded the dynamic library from /isaac-sim/extscache/omni.usd.libs-1.0.3+f9bf0dda.la64.r.cp312/bin/libusd_hf.so
2026-09-10T04:25:02Z [11,912ms] [Info] [omni.ext.plugin] Loaded the dynamic library from /isaac-sim/extscache/omni.usd.libs-1.0.3+f9bf0dda.la64.r.cp312/bin/libusd_ts.so
2026-09-10T04:25:02Z [11,912ms] [Info] [omni.ext.plugin] Loaded the dynamic library from /isaac-sim/extscache/omni.usd.libs-1.0.3+f9bf0dda.la64.r.cp312/bin/libusd_ar.so
2026-09-10T04:25:02Z [11,917ms] [Info] [omni.ext.plugin] Loaded the dynamic library from /isaac-sim/extscache/omni.usd.libs-1.0.3+f9bf0dda.la64.r.cp312/bin/libusd_sdf.so
2026-09-10T04:25:02Z [11,918ms] [Info] [omni.ext.plugin] Loaded the dynamic library from /isaac-sim/extscache/omni.usd.libs-1.0.3+f9bf0dda.la64.r.cp312/bin/libusd_sdr.so
2026-09-10T04:25:02Z [11,922ms] [Info] [omni.ext.plugin] Loaded the dynamic library from /isaac-sim/extscache/omni.usd.libs-1.0.3+f9bf0dda.la64.r.cp312/bin/libusd_hd.so
2026-09-10T04:25:02Z [11,923ms] [Info] [omni.ext.plugin] Loaded the dynamic library from /isaac-sim/extscache/omni.usd.libs-1.0.3+f9bf0dda.la64.r.cp312/bin/libusd_hdar.so
2026-09-10T04:25:02Z [11,923ms] [Info] [omni.ext.plugin] Loaded the dynamic library from /isaac-sim/extscache/omni.usd.libs-1.0.3+f9bf0dda.la64.r.cp312/bin/libusd_hio.so
2026-09-10T04:25:02Z [11,924ms] [Info] [omni.ext.plugin] Loaded the dynamic library from /isaac-sim/extscache/omni.usd.libs-1.0.3+f9bf0dda.la64.r.cp312/bin/libusd_kind.so
2026-09-10T04:25:02Z [11,925ms] [Info] [omni.ext.plugin] Loaded the dynamic library from /isaac-sim/extscache/omni.usd.libs-1.0.3+f9bf0dda.la64.r.cp312/bin/libusd_pcp.so
2026-09-10T04:25:02Z [11,928ms] [Info] [omni.ext.plugin] Loaded the dynamic library from /isaac-sim/extscache/omni.usd.libs-1.0.3+f9bf0dda.la64.r.cp312/bin/libusd_usd.so
2026-09-10T04:25:02Z [11,929ms] [Info] [omni.ext.plugin] Loaded the dynamic library from /isaac-sim/extscache/omni.usd.libs-1.0.3+f9bf0dda.la64.r.cp312/bin/libusd_usdGeom.so
2026-09-10T04:25:02Z [11,930ms] [Info] [omni.ext.plugin] Loaded the dynamic library from /isaac-sim/extscache/omni.usd.libs-1.0.3+f9bf0dda.la64.r.cp312/bin/libusd_usdShade.so
2026-09-10T04:25:02Z [11,931ms] [Info] [omni.ext.plugin] Loaded the dynamic library from /isaac-sim/extscache/omni.usd.libs-1.0.3+f9bf0dda.la64.r.cp312/bin/libusd_usdLux.so
2026-09-10T04:25:02Z [11,932ms] [Info] [omni.ext.plugin] Loaded the dynamic library from /isaac-sim/extscache/omni.usd.libs-1.0.3+f9bf0dda.la64.r.cp312/bin/libusd_usdRender.so
2026-09-10T04:25:02Z [11,932ms] [Info] [omni.ext.plugin] Loaded the dynamic library from /isaac-sim/extscache/omni.usd.libs-1.0.3+f9bf0dda.la64.r.cp312/bin/libusd_usdVol.so
2026-09-10T04:25:02Z [11,938ms] [Info] [omni.ext.plugin] Loaded the dynamic library from /isaac-sim/extscache/omni.usd.libs-1.0.3+f9bf0dda.la64.r.cp312/bin/libusd_usdImaging.so
2026-09-10T04:25:02Z [11,939ms] [Info] [omni.ext.plugin] Loaded the dynamic library from /isaac-sim/extscache/omni.usd.libs-1.0.3+f9bf0dda.la64.r.cp312/bin/libusd_usdSkel.so
2026-09-10T04:25:02Z [11,941ms] [Info] [omni.ext.plugin] Loaded the dynamic library from /isaac-sim/extscache/omni.usd.libs-1.0.3+f9bf0dda.la64.r.cp312/bin/libusd_usdSkelImaging.so
2026-09-10T04:25:02Z [11,943ms] [Info] [omni.ext.plugin] Loaded the dynamic library from /isaac-sim/extscache/omni.usd.libs-1.0.3+f9bf0dda.la64.r.cp312/bin/libusd_hdsi.so
2026-09-10T04:25:02Z [11,944ms] [Info] [omni.ext.plugin] Loaded the dynamic library from /isaac-sim/extscache/omni.usd.libs-1.0.3+f9bf0dda.la64.r.cp312/bin/libusd_usdUtils.so
2026-09-10T04:25:02Z [11,945ms] [Info] [omni.ext.plugin] Loaded the dynamic library from /isaac-sim/extscache/omni.usd.libs-1.0.3+f9bf0dda.la64.r.cp312/bin/libusd_usdUI.so
2026-09-10T04:25:02Z [11,946ms] [Info] [omni.ext.plugin] Loaded the dynamic library from /isaac-sim/extscache/omni.usd.libs-1.0.3+f9bf0dda.la64.r.cp312/bin/libusd_usdMtlx.so
2026-09-10T04:25:02Z [11,947ms] [Info] [omni.ext.plugin] Loaded the dynamic library from /isaac-sim/extscache/omni.usd.libs-1.0.3+f9bf0dda.la64.r.cp312/bin/libusd_hdMtlx.so
2026-09-10T04:25:02Z [11,949ms] [Info] [omni.ext.plugin] Loaded the dynamic library from /isaac-sim/extscache/omni.usd.libs-1.0.3+f9bf0dda.la64.r.cp312/bin/libusd_usdBakeMtlx.so
2026-09-10T04:25:02Z [11,949ms] [Info] [omni.ext.plugin] Loaded the dynamic library from /isaac-sim/extscache/omni.usd.libs-1.0.3+f9bf0dda.la64.r.cp312/bin/libImath.so
2026-09-10T04:25:02Z [11,949ms] [Info] [omni.ext.plugin] Loaded the dynamic library from /isaac-sim/extscache/omni.usd.libs-1.0.3+f9bf0dda.la64.r.cp312/bin/libusd_usdValidation.so
2026-09-10T04:25:02Z [11,950ms] [Info] [omni.ext.plugin] Loaded the dynamic library from /isaac-sim/extscache/omni.usd.libs-1.0.3+f9bf0dda.la64.r.cp312/bin/libusd_usdUtilsValidators.so
2026-09-10T04:25:02Z [11,951ms] [Info] [omni.ext.plugin] Loaded the dynamic library from /isaac-sim/extscache/omni.usd.libs-1.0.3+f9bf0dda.la64.r.cp312/bin/libusd_esf.so
2026-09-10T04:25:02Z [11,951ms] [Info] [omni.ext.plugin] Loaded the dynamic library from /isaac-sim/extscache/omni.usd.libs-1.0.3+f9bf0dda.la64.r.cp312/bin/libusd_esfUsd.so
2026-09-10T04:25:02Z [11,951ms] [Info] [omni.ext.plugin] Loaded the dynamic library from /isaac-sim/extscache/omni.usd.libs-1.0.3+f9bf0dda.la64.r.cp312/bin/libusd_hgi.so
2026-09-10T04:25:02Z [11,952ms] [Info] [omni.ext.plugin] Loaded the dynamic library from /isaac-sim/extscache/omni.usd.libs-1.0.3+f9bf0dda.la64.r.cp312/bin/libusd_garch.so
2026-09-10T04:25:02Z [11,953ms] [Info] [omni.ext.plugin] Loaded the dynamic library from /isaac-sim/extscache/omni.usd.libs-1.0.3+f9bf0dda.la64.r.cp312/bin/libusd_usdPhysics.so
2026-09-10T04:25:02Z [11,954ms] [Info] [omni.ext.plugin] Loaded the dynamic library from /isaac-sim/extscache/omni.usd.libs-1.0.3+f9bf0dda.la64.r.cp312/bin/libusd_usdPhysicsValidators.so
2026-09-10T04:25:02Z [11,955ms] [Info] [omni.ext.plugin] Loaded the dynamic library from /isaac-sim/extscache/omni.usd.libs-1.0.3+f9bf0dda.la64.r.cp312/bin/libusd_glf.so
2026-09-10T04:25:02Z [11,956ms] [Info] [omni.ext.plugin] Loaded the dynamic library from /isaac-sim/extscache/omni.usd.libs-1.0.3+f9bf0dda.la64.r.cp312/bin/libusd_hgiGL.so
2026-09-10T04:25:02Z [11,956ms] [Info] [omni.ext.plugin] Loaded the dynamic library from /isaac-sim/extscache/omni.usd.libs-1.0.3+f9bf0dda.la64.r.cp312/bin/libusd_hgiInterop.so
2026-09-10T04:25:02Z [11,957ms] [Info] [omni.ext.plugin] Loaded the dynamic library from /isaac-sim/extscache/omni.usd.libs-1.0.3+f9bf0dda.la64.r.cp312/bin/libosdGPU.so
2026-09-10T04:25:02Z [11,958ms] [Info] [omni.ext.plugin] Loaded the dynamic library from /isaac-sim/extscache/omni.usd.libs-1.0.3+f9bf0dda.la64.r.cp312/bin/libMaterialXGenMsl.so
2026-09-10T04:25:02Z [11,961ms] [Info] [omni.ext.plugin] Loaded the dynamic library from /isaac-sim/extscache/omni.usd.libs-1.0.3+f9bf0dda.la64.r.cp312/bin/libusd_hdSt.so
2026-09-10T04:25:02Z [11,962ms] [Info] [omni.ext.plugin] Loaded the dynamic library from /isaac-sim/extscache/omni.usd.libs-1.0.3+f9bf0dda.la64.r.cp312/bin/libdraco.so
2026-09-10T04:25:02Z [11,963ms] [Info] [omni.ext.plugin] Loaded the dynamic library from /isaac-sim/extscache/omni.usd.libs-1.0.3+f9bf0dda.la64.r.cp312/bin/libusd_usdShadeValidators.so
2026-09-10T04:25:02Z [11,965ms] [Info] [omni.ext.plugin] Loaded the dynamic library from /isaac-sim/extscache/omni.usd.libs-1.0.3+f9bf0dda.la64.r.cp312/bin/libusd_exec.so
2026-09-10T04:25:02Z [11,965ms] [Info] [omni.ext.plugin] Loaded the dynamic library from /isaac-sim/extscache/omni.usd.libs-1.0.3+f9bf0dda.la64.r.cp312/bin/libusd_execUsd.so
2026-09-10T04:25:02Z [11,966ms] [Info] [omni.ext.plugin] Loaded the dynamic library from /isaac-sim/extscache/omni.usd.libs-1.0.3+f9bf0dda.la64.r.cp312/bin/libusd_usdProc.so
2026-09-10T04:25:02Z [11,967ms] [Info] [omni.ext.plugin] Loaded the dynamic library from /isaac-sim/extscache/omni.usd.libs-1.0.3+f9bf0dda.la64.r.cp312/bin/libusd_usdProcImaging.so
2026-09-10T04:25:02Z [11,967ms] [Info] [omni.ext.plugin] Loaded the dynamic library from /isaac-sim/extscache/omni.usd.libs-1.0.3+f9bf0dda.la64.r.cp312/bin/libtbbmalloc.so
2026-09-10T04:25:02Z [11,967ms] [Info] [omni.ext.plugin] Loaded the dynamic library from /isaac-sim/extscache/omni.usd.libs-1.0.3+f9bf0dda.la64.r.cp312/bin/libtbbmalloc_proxy.so
2026-09-10T04:25:02Z [11,968ms] [Info] [omni.ext.plugin] Loaded the dynamic library from /isaac-sim/extscache/omni.usd.libs-1.0.3+f9bf0dda.la64.r.cp312/bin/libMaterialXRenderOsl.so
2026-09-10T04:25:02Z [11,970ms] [Info] [omni.ext.plugin] Loaded the dynamic library from /isaac-sim/extscache/omni.usd.libs-1.0.3+f9bf0dda.la64.r.cp312/bin/libusd_hdx.so
2026-09-10T04:25:02Z [11,970ms] [Info] [omni.ext.plugin] Loaded the dynamic library from /isaac-sim/extscache/omni.usd.libs-1.0.3+f9bf0dda.la64.r.cp312/bin/libImath-3_1.so
2026-09-10T04:25:02Z [11,971ms] [Info] [omni.ext.plugin] Loaded the dynamic library from /isaac-sim/extscache/omni.usd.libs-1.0.3+f9bf0dda.la64.r.cp312/bin/libAlembic.so
2026-09-10T04:25:02Z [11,971ms] [Info] [omni.ext.plugin] Loaded the dynamic library from /isaac-sim/extscache/omni.usd.libs-1.0.3+f9bf0dda.la64.r.cp312/bin/libMaterialXGenMdl.so
2026-09-10T04:25:02Z [11,972ms] [Info] [omni.ext.plugin] Loaded the dynamic library from /isaac-sim/extscache/omni.usd.libs-1.0.3+f9bf0dda.la64.r.cp312/bin/libusd_usdVolImaging.so
2026-09-10T04:25:02Z [11,973ms] [Info] [omni.ext.plugin] Loaded the dynamic library from /isaac-sim/extscache/omni.usd.libs-1.0.3+f9bf0dda.la64.r.cp312/bin/libusd_hdGp.so
2026-09-10T04:25:02Z [11,973ms] [Info] [omni.ext.plugin] Loaded the dynamic library from /isaac-sim/extscache/omni.usd.libs-1.0.3+f9bf0dda.la64.r.cp312/bin/libMaterialXGenOsl.so
2026-09-10T04:25:02Z [11,974ms] [Info] [omni.ext.plugin] Loaded the dynamic library from /isaac-sim/extscache/omni.usd.libs-1.0.3+f9bf0dda.la64.r.cp312/bin/libusd_usdSkelValidators.so
2026-09-10T04:25:02Z [11,975ms] [Info] [omni.ext.plugin] Loaded the dynamic library from /isaac-sim/extscache/omni.usd.libs-1.0.3+f9bf0dda.la64.r.cp312/bin/libusd_usdImagingGL.so
2026-09-10T04:25:02Z [11,977ms] [Info] [omni.ext.plugin] Loaded the dynamic library from /isaac-sim/extscache/omni.usd.libs-1.0.3+f9bf0dda.la64.r.cp312/bin/libusd_usdAppUtils.so
2026-09-10T04:25:02Z [11,977ms] [Info] [omni.ext.plugin] Loaded the dynamic library from /isaac-sim/extscache/omni.usd.libs-1.0.3+f9bf0dda.la64.r.cp312/bin/libusd_usdGeomValidators.so
2026-09-10T04:25:02Z [11,978ms] [Info] [omni.ext.plugin] Loaded the dynamic library from /isaac-sim/extscache/omni.usd.libs-1.0.3+f9bf0dda.la64.r.cp312/bin/libusd_usdSemantics.so
2026-09-10T04:25:02Z [11,978ms] [Info] [omni.ext.plugin] Loaded the dynamic library from /isaac-sim/extscache/omni.usd.libs-1.0.3+f9bf0dda.la64.r.cp312/bin/libusd_boost.so
2026-09-10T04:25:02Z [11,980ms] [Info] [omni.ext.plugin] Loaded the dynamic library from /isaac-sim/extscache/omni.usd.libs-1.0.3+f9bf0dda.la64.r.cp312/bin/libusd_usdRiPxrImaging.so
2026-09-10T04:25:02Z [11,980ms] [Info] [omni.ext.plugin] Loaded the dynamic library from /isaac-sim/extscache/omni.usd.libs-1.0.3+f9bf0dda.la64.r.cp312/bin/libusd_usdHydra.so
2026-09-10T04:25:02Z [11,981ms] [Info] [omni.ext.plugin] Loaded the dynamic library from /isaac-sim/extscache/omni.usd.libs-1.0.3+f9bf0dda.la64.r.cp312/bin/libusd_usdMedia.so
2026-09-10T04:25:02Z [11,981ms] [Info] [omni.ext.plugin] Loaded the dynamic library from /isaac-sim/extscache/omni.usd.libs-1.0.3+f9bf0dda.la64.r.cp312/bin/libz.so
2026-09-10T04:25:02Z [11,982ms] [Info] [omni.ext.plugin] Loaded the dynamic library from /isaac-sim/extscache/omni.usd.libs-1.0.3+f9bf0dda.la64.r.cp312/bin/libusd_execGeom.so
2026-09-10T04:25:02Z [11,983ms] [Info] [omni.ext.plugin] Loaded the dynamic library from /isaac-sim/extscache/omni.usd.libs-1.0.3+f9bf0dda.la64.r.cp312/bin/libusd_usdRi.so
2026-09-10T04:25:02Z [11,983ms] [Info] [omni.ext.plugin] Loaded the dynamic library from /isaac-sim/extscache/omni.usd.libs-1.0.3+f9bf0dda.la64.r.cp312/bin/libusd_pegtl.so
2026-09-10T04:25:02Z [11,984ms] [Info] [omni.ext.plugin] Loaded the dynamic library from /isaac-sim/extscache/omni.usd.libs-1.0.3+f9bf0dda.la64.r.cp312/bin/usd/usdAbc.so
2026-09-10T04:25:02Z [11,985ms] [Info] [omni.ext.plugin] Loaded the dynamic library from /isaac-sim/extscache/omni.usd.libs-1.0.3+f9bf0dda.la64.r.cp312/bin/usd/usdDraco.so
2026-09-10T04:25:02Z [11,986ms] [Info] [carb] Registered plugin: omni.usd-abi.plugin (interfaces: [omni::usd::IPathAbi v1.0],[omni::usd::IRenderProductPrimFactory v1.7],[omni::usd::IRenderSettings v0.2],[omni::usd::IRenderSettingsLegacy v0.2],[omni::usd::IResolverPathAbi v0.2],[omni::usd::ITokenAbi v1.0]) (impl: omni.usd-abi.plugin)
2026-09-10T04:25:02Z [11,986ms] [Info] [omni.ext.plugin] [ext: omni.usd.libs-1.0.3] started, startup time: 91 (ms)
2026-09-10T04:25:02Z [11,986ms] [Info] [omni.ext.plugin] About to startup: [ext: omni.iray.libs-0.0.1] (order: 0) Triggered by: omni.mdl.neuraylib-0.2.20 (path: /isaac-sim/extscache/omni.iray.libs-0.0.1+f9bf0dda.la64.r)
2026-09-10T04:25:02Z [11,986ms] [Info] [omni.kit.app.plugin] [12.016s] [ext: omni.iray.libs-0.0.1] startup
2026-09-10T04:25:02Z [11,991ms] [Info] [omni.ext.plugin] Loaded the dynamic library from /isaac-sim/extscache/omni.iray.libs-0.0.1+f9bf0dda.la64.r/bin/iray/libiray.so
2026-09-10T04:25:02Z [11,996ms] [Info] [omni.ext.plugin] Loaded the dynamic library from /isaac-sim/extscache/omni.iray.libs-0.0.1+f9bf0dda.la64.r/bin/iray/libneuray.so
2026-09-10T04:25:02Z [11,997ms] [Info] [omni.ext.plugin] Loaded the dynamic library from /isaac-sim/extscache/omni.iray.libs-0.0.1+f9bf0dda.la64.r/bin/mdl-distiller/mdl_distiller.so
2026-09-10T04:25:02Z [11,997ms] [Info] [omni.ext.plugin] Loaded the dynamic library from /isaac-sim/extscache/omni.iray.libs-0.0.1+f9bf0dda.la64.r/bin/mdl-distiller/mdl_lod_distiller.so
2026-09-10T04:25:02Z [11,997ms] [Info] [omni.ext.plugin] [ext: omni.iray.libs-0.0.1] started, startup time: 10 (ms)
2026-09-10T04:25:02Z [11,997ms] [Info] [omni.ext.plugin] About to startup: [ext: omni.mdl-57.0.3] (order: 0) Triggered by: omni.kit.material.library-3.1.2, omni.mdl.neuraylib-0.2.20 (path: /isaac-sim/extscache/omni.mdl-57.0.3+f9bf0dda.la64.r.cp312)
2026-09-10T04:25:02Z [11,997ms] [Info] [omni.kit.app.plugin] [12.027s] [ext: omni.mdl-57.0.3] startup
2026-09-10T04:25:02Z [12,098ms] [Info] [omni.ext._impl._internal] Searching for classes derived from 'omni.ext.IExt' in 'omni.mdl.pymdlsdk' ('/isaac-sim/extscache/omni.mdl-57.0.3+f9bf0dda.la64.r.cp312')
2026-09-10T04:25:02Z [12,099ms] [Info] [omni.ext._impl._internal] Searching for classes derived from 'omni.ext.IExt' in 'omni.mdl.extensions' ('/isaac-sim/extscache/omni.mdl-57.0.3+f9bf0dda.la64.r.cp312')
2026-09-10T04:25:02Z [12,102ms] [Info] [omni.ext._impl._internal] Searching for classes derived from 'omni.ext.IExt' in 'omni.mdl.pymdl' ('/isaac-sim/extscache/omni.mdl-57.0.3+f9bf0dda.la64.r.cp312')
2026-09-10T04:25:02Z [12,102ms] [Info] [omni.ext.plugin] [ext: omni.mdl-57.0.3] started, startup time: 104 (ms)
2026-09-10T04:25:02Z [12,102ms] [Info] [omni.ext.plugin] About to startup: [ext: omni.mdl.neuraylib-0.2.20] (order: 0) Triggered by: omni.kit.material.library-3.1.2, omni.kit.usd.mdl-1.1.9, omni.hydra.rtx-1.0.4 (path: /isaac-sim/extscache/omni.mdl.neuraylib-0.2.20+f9bf0dda.la64.r.cp312)
2026-09-10T04:25:02Z [12,102ms] [Info] [omni.kit.app.plugin] [12.132s] [ext: omni.mdl.neuraylib-0.2.20] startup
2026-09-10T04:25:02Z [12,103ms] [Info] [carb] Registered plugin: rtx.neuraylib.plugin (interfaces: [rtx::neuray::NeurayLib v1.5]) (impl: rtx.neuraylib.plugin)
2026-09-10T04:25:02Z [12,106ms] [Info] [omni.ext._impl._internal] Searching for classes derived from 'omni.ext.IExt' in 'omni.mdl.neuraylib' ('/isaac-sim/extscache/omni.mdl.neuraylib-0.2.20+f9bf0dda.la64.r.cp312')
2026-09-10T04:25:02Z [12,106ms] [Info] [omni.ext.plugin] [ext: omni.mdl.neuraylib-0.2.20] started, startup time: 4 (ms)
2026-09-10T04:25:02Z [12,106ms] [Info] [omni.ext.plugin] About to startup: [ext: omni.kit.usd.mdl-1.1.9] (order: -1000) Triggered by: isaaclab.python.headless-3.0.0, omni.replicator.core-1.13.27, omni.hydra.rtx-1.0.4 (path: /isaac-sim/extscache/omni.kit.usd.mdl-1.1.9+f9bf0dda.la64.r.cp312)
2026-09-10T04:25:02Z [12,106ms] [Info] [omni.kit.app.plugin] [12.136s] [ext: omni.kit.usd.mdl-1.1.9] startup
2026-09-10T04:25:02Z [12,108ms] [Info] [carb] Registered plugin: rtx.usdmdl.plugin (interfaces: [rtx::usdmdl::IUsdMdl v1.0]) (impl: rtx.usdmdl.plugin)
2026-09-10T04:25:02Z [12,199ms] [Info] [omni.ext._impl._internal] Searching for classes derived from 'omni.ext.IExt' in 'omni.UsdMdl' ('/isaac-sim/extscache/omni.kit.usd.mdl-1.1.9+f9bf0dda.la64.r.cp312')
2026-09-10T04:25:02Z [12,199ms] [Info] [omni.ext._impl._internal] Searching for classes derived from 'omni.ext.IExt' in 'omni.kit.usd.mdl' ('/isaac-sim/extscache/omni.kit.usd.mdl-1.1.9+f9bf0dda.la64.r.cp312')
2026-09-10T04:25:02Z [12,199ms] [Info] [omni.ext._impl._internal] Found class `Ext` derived from `omni.ext.IExt` in module: 'omni.kit.usd.mdl' in '/isaac-sim/extscache/omni.kit.usd.mdl-1.1.9+f9bf0dda.la64.r.cp312'. Calling `on_startup`.
2026-09-10T04:25:02Z [12,199ms] [Info] [carb] Initializing plugin: rtx.usdmdl.plugin (interfaces: [rtx::usdmdl::IUsdMdl v1.0]) (impl: rtx.usdmdl.plugin)
2026-09-10T04:25:02Z [12,202ms] [Info] [omni.ext.plugin] [ext: omni.kit.usd.mdl-1.1.9] started, startup time: 95 (ms)
2026-09-10T04:25:02Z [12,202ms] [Info] [omni.ext.plugin] About to startup: [ext: omni.pip.compute-1.9.2] (order: -1000) Triggered by: omni.replicator.core-1.13.27 (path: /isaac-sim/exts/omni.pip.compute)
2026-09-10T04:25:02Z [12,202ms] [Info] [omni.kit.app.plugin] [12.231s] [ext: omni.pip.compute-1.9.2] startup
2026-09-10T04:25:02Z [12,202ms] [Info] [omni.ext._impl._internal] Searching for classes derived from 'omni.ext.IExt' in 'omni.pip.compute' ('/isaac-sim/exts/omni.pip.compute')
2026-09-10T04:25:02Z [12,202ms] [Info] [omni.ext.plugin] [ext: omni.pip.compute-1.9.2] started, startup time: 0 (ms)
2026-09-10T04:25:02Z [12,202ms] [Info] [omni.ext.plugin] About to startup: [ext: omni.usd.schema.metrics.assembler-110.1.0] (order: -150) Triggered by: omni.usd.metrics.assembler-110.1.2 (path: /isaac-sim/extscache/omni.usd.schema.metrics.assembler-110.1.0+110.1.0.la64.r.cp312.u7f4)
2026-09-10T04:25:02Z [12,202ms] [Info] [omni.kit.app.plugin] [12.232s] [ext: omni.usd.schema.metrics.assembler-110.1.0] startup
2026-09-10T04:25:02Z [12,203ms] [Info] [omni.ext.plugin] Loaded the dynamic library from /isaac-sim/extscache/omni.usd.schema.metrics.assembler-110.1.0+110.1.0.la64.r.cp312.u7f4/bin/libmetricsAssembler.so
2026-09-10T04:25:02Z [12,203ms] [Info] [omni.ext._impl._internal] Searching for classes derived from 'omni.ext.IExt' in 'omni.MetricsAssembler' ('/isaac-sim/extscache/omni.usd.schema.metrics.assembler-110.1.0+110.1.0.la64.r.cp312.u7f4')
2026-09-10T04:25:02Z [12,205ms] [Info] [omni.ext._impl._internal] Searching for classes derived from 'omni.ext.IExt' in 'usd.schema.metricsassembler' ('/isaac-sim/extscache/omni.usd.schema.metrics.assembler-110.1.0+110.1.0.la64.r.cp312.u7f4')
2026-09-10T04:25:02Z [12,205ms] [Info] [omni.ext.plugin] [ext: omni.usd.schema.metrics.assembler-110.1.0] started, startup time: 2 (ms)
2026-09-10T04:25:02Z [12,205ms] [Info] [omni.ext.plugin] About to startup: [ext: omni.pip.cloud-1.5.4] (order: -100) Triggered by: omni.replicator.core-1.13.27 (path: /isaac-sim/exts/omni.pip.cloud)
2026-09-10T04:25:02Z [12,205ms] [Info] [omni.kit.app.plugin] [12.234s] [ext: omni.pip.cloud-1.5.4] startup
2026-09-10T04:25:02Z [12,205ms] [Info] [omni.ext._impl._internal] Searching for classes derived from 'omni.ext.IExt' in 'omni.pip.cloud' ('/isaac-sim/exts/omni.pip.cloud')
2026-09-10T04:25:02Z [12,205ms] [Info] [omni.ext._impl._internal] Found class `Extension` derived from `omni.ext.IExt` in module: 'omni.pip.cloud' in '/isaac-sim/exts/omni.pip.cloud'. Calling `on_startup`.
2026-09-10T04:25:02Z [12,215ms] [Info] [omni.ext.plugin] [ext: omni.pip.cloud-1.5.4] started, startup time: 10 (ms)
2026-09-10T04:25:02Z [12,215ms] [Info] [omni.ext.plugin] About to startup: [ext: omni.usd.schema.anim-0.0.1] (order: -100) Triggered by: omni.replicator.core-1.13.27, omni.hydra.usdrt_delegate-7.5.2,  (path: /isaac-sim/extscache/omni.usd.schema.anim-0.0.1+f9bf0dda.la64.r.cp312)
2026-09-10T04:25:02Z [12,215ms] [Info] [omni.kit.app.plugin] [12.245s] [ext: omni.usd.schema.anim-0.0.1] startup
2026-09-10T04:25:02Z [12,216ms] [Info] [omni.ext.plugin] Loaded the dynamic library from /isaac-sim/extscache/omni.usd.schema.anim-0.0.1+f9bf0dda.la64.r.cp312/lib/libanimationSchema.so
2026-09-10T04:25:02Z [12,217ms] [Info] [omni.ext.plugin] Loaded the dynamic library from /isaac-sim/extscache/omni.usd.schema.anim-0.0.1+f9bf0dda.la64.r.cp312/lib/libanimationSchemaTools.so
2026-09-10T04:25:02Z [12,217ms] [Info] [omni.ext.plugin] Loaded the dynamic library from /isaac-sim/extscache/omni.usd.schema.anim-0.0.1+f9bf0dda.la64.r.cp312/lib/libomniSkelSchema.so
2026-09-10T04:25:02Z [12,218ms] [Info] [omni.ext.plugin] Loaded the dynamic library from /isaac-sim/extscache/omni.usd.schema.anim-0.0.1+f9bf0dda.la64.r.cp312/lib/libretargetingSchema.so
2026-09-10T04:25:02Z [12,218ms] [Info] [omni.ext.plugin] Loaded the dynamic library from /isaac-sim/extscache/omni.usd.schema.anim-0.0.1+f9bf0dda.la64.r.cp312/lib/libretargetingSchemaTools.so
2026-09-10T04:25:02Z [12,219ms] [Info] [omni.ext._impl._internal] Searching for classes derived from 'omni.ext.IExt' in 'pxr' ('/isaac-sim/extscache/omni.usd.schema.anim-0.0.1+f9bf0dda.la64.r.cp312')
2026-09-10T04:25:02Z [12,224ms] [Info] [omni.ext._impl._internal] Searching for classes derived from 'omni.ext.IExt' in 'AnimationSchema' ('/isaac-sim/extscache/omni.usd.schema.anim-0.0.1+f9bf0dda.la64.r.cp312')
2026-09-10T04:25:02Z [12,225ms] [Info] [omni.ext._impl._internal] Searching for classes derived from 'omni.ext.IExt' in 'AnimationSchemaTools' ('/isaac-sim/extscache/omni.usd.schema.anim-0.0.1+f9bf0dda.la64.r.cp312')
2026-09-10T04:25:02Z [12,228ms] [Info] [omni.ext._impl._internal] Searching for classes derived from 'omni.ext.IExt' in 'OmniSkelSchema' ('/isaac-sim/extscache/omni.usd.schema.anim-0.0.1+f9bf0dda.la64.r.cp312')
2026-09-10T04:25:02Z [12,229ms] [Info] [omni.ext._impl._internal] Searching for classes derived from 'omni.ext.IExt' in 'RetargetingSchema' ('/isaac-sim/extscache/omni.usd.schema.anim-0.0.1+f9bf0dda.la64.r.cp312')
2026-09-10T04:25:02Z [12,231ms] [Info] [omni.ext._impl._internal] Searching for classes derived from 'omni.ext.IExt' in 'RetargetingSchemaTools' ('/isaac-sim/extscache/omni.usd.schema.anim-0.0.1+f9bf0dda.la64.r.cp312')
2026-09-10T04:25:02Z [12,231ms] [Info] [omni.ext._impl._internal] Searching for classes derived from 'omni.ext.IExt' in 'usd.schema.anim' ('/isaac-sim/extscache/omni.usd.schema.anim-0.0.1+f9bf0dda.la64.r.cp312')
2026-09-10T04:25:02Z [12,231ms] [Info] [omni.ext.plugin] [ext: omni.usd.schema.anim-0.0.1] started, startup time: 15 (ms)
2026-09-10T04:25:02Z [12,231ms] [Info] [omni.ext.plugin] About to startup: [ext: omni.usd.schema.audio-0.0.1] (order: -100) Triggered by: omni.usd.core-1.8.3,  (path: /isaac-sim/extscache/omni.usd.schema.audio-0.0.1+f9bf0dda.la64.r.cp312)
2026-09-10T04:25:02Z [12,231ms] [Info] [omni.kit.app.plugin] [12.261s] [ext: omni.usd.schema.audio-0.0.1] startup
2026-09-10T04:25:02Z [12,232ms] [Info] [omni.ext.plugin] Loaded the dynamic library from /isaac-sim/extscache/omni.usd.schema.audio-0.0.1+f9bf0dda.la64.r.cp312/lib/libomniAudioSchema.so
2026-09-10T04:25:02Z [12,232ms] [Info] [omni.ext._impl._internal] Searching for classes derived from 'omni.ext.IExt' in 'pxr' ('/isaac-sim/extscache/omni.usd.schema.audio-0.0.1+f9bf0dda.la64.r.cp312')
2026-09-10T04:25:02Z [12,233ms] [Info] [omni.ext._impl._internal] Searching for classes derived from 'omni.ext.IExt' in 'OmniAudioSchema' ('/isaac-sim/extscache/omni.usd.schema.audio-0.0.1+f9bf0dda.la64.r.cp312')
2026-09-10T04:25:02Z [12,234ms] [Info] [omni.ext._impl._internal] Searching for classes derived from 'omni.ext.IExt' in 'usd.schema.audio' ('/isaac-sim/extscache/omni.usd.schema.audio-0.0.1+f9bf0dda.la64.r.cp312')
2026-09-10T04:25:02Z [12,234ms] [Info] [omni.ext.plugin] [ext: omni.usd.schema.audio-0.0.1] started, startup time: 2 (ms)
2026-09-10T04:25:02Z [12,234ms] [Info] [omni.ext.plugin] About to startup: [ext: omni.usd.schema.geospatial-0.0.1] (order: -100) Triggered by: omni.hydra.scene_delegate-0.3.5 (path: /isaac-sim/extscache/omni.usd.schema.geospatial-0.0.1+f9bf0dda.la64.r.cp312)
2026-09-10T04:25:02Z [12,234ms] [Info] [omni.kit.app.plugin] [12.263s] [ext: omni.usd.schema.geospatial-0.0.1] startup
2026-09-10T04:25:02Z [12,234ms] [Info] [omni.ext.plugin] Loaded the dynamic library from /isaac-sim/extscache/omni.usd.schema.geospatial-0.0.1+f9bf0dda.la64.r.cp312/lib/libomniGeospatial.so
2026-09-10T04:25:02Z [12,236ms] [Info] [omni.ext._impl._internal] Searching for classes derived from 'omni.ext.IExt' in 'OmniGeospatial' ('/isaac-sim/extscache/omni.usd.schema.geospatial-0.0.1+f9bf0dda.la64.r.cp312')
2026-09-10T04:25:02Z [12,236ms] [Info] [omni.ext._impl._internal] Searching for classes derived from 'omni.ext.IExt' in 'usd.schema.geospatial' ('/isaac-sim/extscache/omni.usd.schema.geospatial-0.0.1+f9bf0dda.la64.r.cp312')
2026-09-10T04:25:02Z [12,236ms] [Info] [omni.ext.plugin] [ext: omni.usd.schema.geospatial-0.0.1] started, startup time: 2 (ms)
2026-09-10T04:25:02Z [12,236ms] [Info] [omni.ext.plugin] About to startup: [ext: omni.usd.schema.mujoco-1.1.1] (order: -100) Triggered by: isaacsim.core.simulation_manager-1.15.6 (path: /isaac-sim/exts/omni.usd.schema.mujoco)
2026-09-10T04:25:02Z [12,236ms] [Info] [omni.kit.app.plugin] [12.265s] [ext: omni.usd.schema.mujoco-1.1.1] startup
2026-09-10T04:25:02Z [12,236ms] [Info] [omni.ext._impl._internal] Searching for classes derived from 'omni.ext.IExt' in 'usd.schema.mujoco' ('/isaac-sim/exts/omni.usd.schema.mujoco')
2026-09-10T04:25:02Z [12,236ms] [Info] [omni.ext.plugin] [ext: omni.usd.schema.mujoco-1.1.1] started, startup time: 0 (ms)
2026-09-10T04:25:02Z [12,236ms] [Info] [omni.ext.plugin] About to startup: [ext: omni.usd.schema.newton-1.2.1] (order: -100) Triggered by: omni.physx-110.1.13, isaacsim.core.simulation_manager-1.15.6 (path: /isaac-sim/exts/omni.usd.schema.newton)
2026-09-10T04:25:02Z [12,236ms] [Info] [omni.kit.app.plugin] [12.266s] [ext: omni.usd.schema.newton-1.2.1] startup
2026-09-10T04:25:02Z [12,237ms] [Info] [omni.ext._impl._internal] Searching for classes derived from 'omni.ext.IExt' in 'usd.schema.newton' ('/isaac-sim/exts/omni.usd.schema.newton')
2026-09-10T04:25:02Z [12,237ms] [Info] [omni.ext.plugin] [ext: omni.usd.schema.newton-1.2.1] started, startup time: 0 (ms)
2026-09-10T04:25:02Z [12,237ms] [Info] [omni.ext.plugin] About to startup: [ext: omni.usd_resolver-1.0.0] (order: 0) Triggered by: omni.usd.core-1.8.3 (path: /isaac-sim/extscache/omni.usd_resolver-1.0.0+f9bf0dda.la64.r.cp312)
2026-09-10T04:25:02Z [12,237ms] [Info] [omni.kit.app.plugin] [12.266s] [ext: omni.usd_resolver-1.0.0] startup
2026-09-10T04:25:02Z [12,237ms] [Info] [carb] Registered plugin: omni.ext-usdresolver.plugin (interfaces: [omni::ext::IExt v0.1]) (impl: omni.ext-usdresolver.plugin)
2026-09-10T04:25:02Z [12,238ms] [Info] [carb] Registered plugin: carb.usdresolver.plugin (interfaces: [carb::usdresolver::IUsdResolver v1.1]) (impl: carb.usdresolver.plugin)
2026-09-10T04:25:02Z [12,238ms] [Info] [carb] Registered plugin: omni.spectree.delegate.plugin (interfaces: [omni::spectree::IChangeListDelegateFactory v0.1]) (impl: omni.spectree.delegate.plugin)
2026-09-10T04:25:02Z [12,239ms] [Info] [carb] Initializing plugin: omni.ext-usdresolver.plugin (interfaces: [omni::ext::IExt v0.1]) (impl: omni.ext-usdresolver.plugin)
2026-09-10T04:25:02Z [12,239ms] [Info] [omni.ext.plugin] [ext: omni.usd_resolver-1.0.0] Starting ext::IExt in '/isaac-sim/extscache/omni.usd_resolver-1.0.0+f9bf0dda.la64.r.cp312/bin/libomni.ext-usd_resolver.plugin.so'
2026-09-10T04:25:02Z [12,239ms] [Info] [carb] Initializing plugin: carb.usdresolver.plugin (interfaces: [carb::usdresolver::IUsdResolver v1.1]) (impl: carb.usdresolver.plugin)
2026-09-10T04:25:02Z [12,240ms] [Info] [omni.ext._impl._internal] Searching for classes derived from 'omni.ext.IExt' in 'omni.usd_resolver' ('/isaac-sim/extscache/omni.usd_resolver-1.0.0+f9bf0dda.la64.r.cp312')
2026-09-10T04:25:02Z [12,240ms] [Info] [omni.ext._impl._internal] Searching for classes derived from 'omni.ext.IExt' in 'omni.spectree' ('/isaac-sim/extscache/omni.usd_resolver-1.0.0+f9bf0dda.la64.r.cp312')
2026-09-10T04:25:02Z [12,240ms] [Info] [omni.ext.plugin] [ext: omni.usd_resolver-1.0.0] started, startup time: 3 (ms)
2026-09-10T04:25:02Z [12,240ms] [Info] [omni.ext.plugin] About to startup: [ext: omni.usd.core-1.8.3] (order: 0) Triggered by: usdrt.scenegraph-7.6.3, omni.hydra.rtx-1.0.4, omni.usd-1.16.0, omni.hydra.usdrt_delegate-7.5.2, omni.hydra.scene_delegate-0.3.5,  (path: /isaac-sim/extscache/omni.usd.core-1.8.3+f9bf0dda.la64.r)
2026-09-10T04:25:02Z [12,240ms] [Info] [omni.kit.app.plugin] [12.270s] [ext: omni.usd.core-1.8.3] startup
2026-09-10T04:25:02Z [12,240ms] [Info] [carb] Registered plugin: omni.tbb.globalcontrol.plugin (interfaces: [omni::tbb::IGlobalControl v1.0]) (impl: omni.tbb.globalcontrol.plugin)
2026-09-10T04:25:02Z [12,241ms] [Info] [carb] Registered plugin: omni.fabric.plugin (interfaces: [omni::fabric::IChangeTrackerConfig v0.5],[omni::fabric::IConnectivity v1.9],[omni::fabric::IDiagnostics v1.0],[omni::fabric::IFabric v0.13],[omni::fabric::IFabricContextManager v1.0],[omni::fabric::IFabricInspector v0.2],[omni::fabric::IFabricRingBuffer v1.2],[omni::fabric::IFabricSampleStorage v0.4],[omni::fabric::IFabricUsd v1.0],[omni::fabric::IFineGrainedChangeTracker v0.2],[omni::fabric::IPath v1.0],[omni::fabric::IPlatform v0.2],[omni::fabric::IPopulator v1.0],[omni::fabric::IPrimBucketList v0.5],[omni::fabric::ISerializer v0.3],[omni::fabric::ISimStageWithHistory v0.2],[omni::fabric::IStageAtTimeInterval v1.0],[omni::fabric::IStageAtTimeIntervalLegacy v1.0],[omni::fabric::IStageReaderWriter v0.16],[omni::fabric::IStageReaderWriterLegacy v1.0],[omni::fabric::IStageReaderWriterUsd v1.2],[omni::fabric::IStats v1.0],[omni::fabric::IToken v1.0],[omni::fabric::batch::iBatch v0.4]) (impl: omni.fabric.plugin)
2026-09-10T04:25:02Z [12,243ms] [Info] [carb] Registered plugin: omni.usd (interfaces: [omni::ext::IExt v0.1]) (impl: omni.usd)
2026-09-10T04:25:02Z [12,243ms] [Info] [carb] Initializing plugin: omni.usd (interfaces: [omni::ext::IExt v0.1]) (impl: omni.usd)
2026-09-10T04:25:02Z [12,243ms] [Info] [omni.ext.plugin] [ext: omni.usd.core-1.8.3] Starting ext::IExt in '/isaac-sim/extscache/omni.usd.core-1.8.3+f9bf0dda.la64.r/bin/libomni.usd.so'
2026-09-10T04:25:02Z [12,243ms] [Info] [omni.ext.plugin] [ext: omni.usd.core-1.8.3] started, startup time: 2 (ms)
2026-09-10T04:25:02Z [12,243ms] [Info] [omni.ext.plugin] About to startup: [ext: omni.usd.schema.omni_projectors-1.0.0] (order: -100) Triggered by: omni.hydra.rtx-1.0.4 (path: /isaac-sim/extscache/omni.usd.schema.omni_projectors-1.0.0+f9bf0dda)
2026-09-10T04:25:02Z [12,243ms] [Info] [omni.kit.app.plugin] [12.273s] [ext: omni.usd.schema.omni_projectors-1.0.0] startup
2026-09-10T04:25:02Z [12,243ms] [Info] [omni.ext._impl._internal] Searching for classes derived from 'omni.ext.IExt' in 'usd.schema.omni_projectors' ('/isaac-sim/extscache/omni.usd.schema.omni_projectors-1.0.0+f9bf0dda')
2026-09-10T04:25:02Z [12,243ms] [Info] [omni.ext.plugin] [ext: omni.usd.schema.omni_projectors-1.0.0] started, startup time: 0 (ms)
2026-09-10T04:25:02Z [12,243ms] [Info] [omni.ext.plugin] About to startup: [ext: omni.usd.schema.omni_sensors-0.0.0] (order: -100) Triggered by: omni.replicator.core-1.13.27 (path: /isaac-sim/extscache/omni.usd.schema.omni_sensors-0.0.0+f9bf0dda.la64.r.cp312)
2026-09-10T04:25:02Z [12,243ms] [Info] [omni.kit.app.plugin] [12.273s] [ext: omni.usd.schema.omni_sensors-0.0.0] startup
2026-09-10T04:25:02Z [12,244ms] [Info] [omni.ext.plugin] Loaded the dynamic library from /isaac-sim/extscache/omni.usd.schema.omni_sensors-0.0.0+f9bf0dda.la64.r.cp312/bin/libomniSensorsSchema.so
2026-09-10T04:25:02Z [12,245ms] [Info] [omni.ext._impl._internal] Searching for classes derived from 'omni.ext.IExt' in 'usd.schema.omni_sensors' ('/isaac-sim/extscache/omni.usd.schema.omni_sensors-0.0.0+f9bf0dda.la64.r.cp312')
2026-09-10T04:25:02Z [12,249ms] [Info] [omni.ext._impl._internal] Searching for classes derived from 'omni.ext.IExt' in 'omni.sensors.schema' ('/isaac-sim/extscache/omni.usd.schema.omni_sensors-0.0.0+f9bf0dda.la64.r.cp312')
2026-09-10T04:25:02Z [12,249ms] [Info] [omni.ext.plugin] [ext: omni.usd.schema.omni_sensors-0.0.0] started, startup time: 5 (ms)
2026-09-10T04:25:02Z [12,249ms] [Info] [omni.ext.plugin] About to startup: [ext: omni.usd.schema.omnigraph-1.0.1] (order: -100) Triggered by: omni.graph.core-3.1.2 (path: /isaac-sim/extscache/omni.usd.schema.omnigraph-1.0.1+f9bf0dda.la64.r.cp312)
2026-09-10T04:25:02Z [12,249ms] [Info] [omni.kit.app.plugin] [12.279s] [ext: omni.usd.schema.omnigraph-1.0.1] startup
2026-09-10T04:25:02Z [12,250ms] [Info] [omni.ext.plugin] Loaded the dynamic library from /isaac-sim/extscache/omni.usd.schema.omnigraph-1.0.1+f9bf0dda.la64.r.cp312/lib/libomniGraphSchema.so
2026-09-10T04:25:02Z [12,250ms] [Info] [omni.ext.plugin] Loaded the dynamic library from /isaac-sim/extscache/omni.usd.schema.omnigraph-1.0.1+f9bf0dda.la64.r.cp312/lib/libomniGraphSchemaTools.so
2026-09-10T04:25:02Z [12,251ms] [Info] [omni.ext._impl._internal] Searching for classes derived from 'omni.ext.IExt' in 'pxr' ('/isaac-sim/extscache/omni.usd.schema.omnigraph-1.0.1+f9bf0dda.la64.r.cp312')
2026-09-10T04:25:02Z [12,253ms] [Info] [omni.ext._impl._internal] Searching for classes derived from 'omni.ext.IExt' in 'OmniGraphSchema' ('/isaac-sim/extscache/omni.usd.schema.omnigraph-1.0.1+f9bf0dda.la64.r.cp312')
2026-09-10T04:25:02Z [12,254ms] [Info] [omni.ext._impl._internal] Searching for classes derived from 'omni.ext.IExt' in 'OmniGraphSchemaTools' ('/isaac-sim/extscache/omni.usd.schema.omnigraph-1.0.1+f9bf0dda.la64.r.cp312')
2026-09-10T04:25:02Z [12,254ms] [Info] [omni.ext._impl._internal] Searching for classes derived from 'omni.ext.IExt' in 'usd.schema.omnigraph' ('/isaac-sim/extscache/omni.usd.schema.omnigraph-1.0.1+f9bf0dda.la64.r.cp312')
2026-09-10T04:25:02Z [12,254ms] [Info] [omni.ext.plugin] [ext: omni.usd.schema.omnigraph-1.0.1] started, startup time: 4 (ms)
2026-09-10T04:25:02Z [12,254ms] [Info] [omni.ext.plugin] About to startup: [ext: omni.usd.schema.physical_lighting-0.1.0] (order: -100) Triggered by: omni.hydra.rtx-1.0.4 (path: /isaac-sim/extscache/omni.usd.schema.physical_lighting-0.1.0+f9bf0dda.la64.r.cp312)
2026-09-10T04:25:02Z [12,254ms] [Info] [omni.kit.app.plugin] [12.284s] [ext: omni.usd.schema.physical_lighting-0.1.0] startup
2026-09-10T04:25:02Z [12,255ms] [Info] [omni.ext.plugin] Loaded the dynamic library from /isaac-sim/extscache/omni.usd.schema.physical_lighting-0.1.0+f9bf0dda.la64.r.cp312/bin/libphysicalLightingSchema.so
2026-09-10T04:25:02Z [12,257ms] [Info] [omni.ext._impl._internal] Searching for classes derived from 'omni.ext.IExt' in 'usd.schema.physical_lighting' ('/isaac-sim/extscache/omni.usd.schema.physical_lighting-0.1.0+f9bf0dda.la64.r.cp312')
2026-09-10T04:25:02Z [12,257ms] [Info] [omni.ext._impl._internal] Searching for classes derived from 'omni.ext.IExt' in 'physical_lighting.schema' ('/isaac-sim/extscache/omni.usd.schema.physical_lighting-0.1.0+f9bf0dda.la64.r.cp312')
2026-09-10T04:25:02Z [12,257ms] [Info] [omni.ext.plugin] [ext: omni.usd.schema.physical_lighting-0.1.0] started, startup time: 2 (ms)
2026-09-10T04:25:02Z [12,257ms] [Info] [omni.ext.plugin] About to startup: [ext: omni.usd.schema.physx-110.1.13] (order: -100) Triggered by: omni.physx-110.1.13, omni.replicator.nv-1.1.1, omni.usdphysics-110.1.13, omni.physx.cooking-110.1.13, omni.physics.tensors-110.1.13, omni.convexdecomposition-110.1.13 (path: /isaac-sim/extscache/omni.usd.schema.physx-110.1.13+110.1.2.la64.r.cp312.u7f4)
2026-09-10T04:25:02Z [12,257ms] [Info] [omni.kit.app.plugin] [12.287s] [ext: omni.usd.schema.physx-110.1.13] startup
2026-09-10T04:25:02Z [12,258ms] [Info] [omni.ext.plugin] Loaded the dynamic library from /isaac-sim/extscache/omni.usd.schema.physx-110.1.13+110.1.2.la64.r.cp312.u7f4/bin/libphysxSchema.so
2026-09-10T04:25:02Z [12,259ms] [Info] [omni.ext.plugin] Loaded the dynamic library from /isaac-sim/extscache/omni.usd.schema.physx-110.1.13+110.1.2.la64.r.cp312.u7f4/bin/libphysicsSchemaTools.so
2026-09-10T04:25:02Z [12,277ms] [Info] [omni.ext._impl._internal] Searching for classes derived from 'omni.ext.IExt' in 'pxr.PhysxSchema' ('/isaac-sim/extscache/omni.usd.schema.physx-110.1.13+110.1.2.la64.r.cp312.u7f4')
2026-09-10T04:25:02Z [12,279ms] [Info] [omni.ext._impl._internal] Searching for classes derived from 'omni.ext.IExt' in 'usd.schema.physx' ('/isaac-sim/extscache/omni.usd.schema.physx-110.1.13+110.1.2.la64.r.cp312.u7f4')
2026-09-10T04:25:02Z [12,279ms] [Info] [omni.ext._impl._internal] Found class `PhysxSchemaExtension` derived from `omni.ext.IExt` in module: 'usd.schema.physx' in '/isaac-sim/extscache/omni.usd.schema.physx-110.1.13+110.1.2.la64.r.cp312.u7f4'. Calling `on_startup`.
2026-09-10T04:25:02Z [12,280ms] [Info] [carb] `get_update_event_stream` is deprecated. Use Events 2.0. Callstack:   File "/workspace/isaaclab/_isaac_sim/kit/kernel/py/omni/ext/_impl/_internal.py", line 251, in startup
    self._startup_ext(obj, ext_module.name, ext_module.path)
  File "/workspace/isaaclab/_isaac_sim/kit/kernel/py/omni/ext/_impl/_internal.py", line 187, in _startup_ext
    instance.on_startup(self._ext_id)
  File "/isaac-sim/extscache/omni.usd.schema.physx-110.1.13+110.1.2.la64.r.cp312.u7f4/usd/schema/physx/__init__.py", line 37, in on_startup
    .get_update_event_stream()
  File "/workspace/isaaclab/_isaac_sim/kit/kernel/py/carb/__init__.py", line 108, in wrapped
    obj.__name__, message, "".join(traceback.format_stack(limit=4))[:-1]
2026-09-10T04:25:02Z [12,282ms] [Info] [omni.ext._impl._internal] Searching for classes derived from 'omni.ext.IExt' in 'pxr.PhysicsSchemaTools' ('/isaac-sim/extscache/omni.usd.schema.physx-110.1.13+110.1.2.la64.r.cp312.u7f4')
2026-09-10T04:25:02Z [12,282ms] [Info] [omni.ext.plugin] [ext: omni.usd.schema.physx-110.1.13] started, startup time: 24 (ms)
2026-09-10T04:25:02Z [12,282ms] [Info] [omni.ext.plugin] About to startup: [ext: omni.usd.schema.render_settings.rtx-1.0.2] (order: -100) Triggered by: omni.hydra.rtx-1.0.4 (path: /isaac-sim/extscache/omni.usd.schema.render_settings.rtx-1.0.2+f9bf0dda)
2026-09-10T04:25:02Z [12,282ms] [Info] [omni.kit.app.plugin] [12.311s] [ext: omni.usd.schema.render_settings.rtx-1.0.2] startup
2026-09-10T04:25:02Z [12,285ms] [Info] [omni.ext._impl._internal] Searching for classes derived from 'omni.ext.IExt' in 'usd.schema.render_settings.rtx' ('/isaac-sim/extscache/omni.usd.schema.render_settings.rtx-1.0.2+f9bf0dda')
2026-09-10T04:25:02Z [12,285ms] [Info] [omni.ext.plugin] [ext: omni.usd.schema.render_settings.rtx-1.0.2] started, startup time: 3 (ms)
2026-09-10T04:25:02Z [12,285ms] [Info] [omni.ext.plugin] About to startup: [ext: omni.usd.schema.semantics-0.0.0] (order: -100) Triggered by: omni.syntheticdata-0.6.15,  (path: /isaac-sim/extscache/omni.usd.schema.semantics-0.0.0+f9bf0dda.la64.r.cp312)
2026-09-10T04:25:02Z [12,285ms] [Info] [omni.kit.app.plugin] [12.315s] [ext: omni.usd.schema.semantics-0.0.0] startup
2026-09-10T04:25:02Z [12,286ms] [Info] [omni.ext.plugin] Loaded the dynamic library from /isaac-sim/extscache/omni.usd.schema.semantics-0.0.0+f9bf0dda.la64.r.cp312/lib/libsemantics.so
2026-09-10T04:25:02Z [12,286ms] [Info] [omni.ext._impl._internal] Searching for classes derived from 'omni.ext.IExt' in 'pxr' ('/isaac-sim/extscache/omni.usd.schema.semantics-0.0.0+f9bf0dda.la64.r.cp312')
2026-09-10T04:25:02Z [12,287ms] [Info] [omni.ext._impl._internal] Searching for classes derived from 'omni.ext.IExt' in 'Semantics' ('/isaac-sim/extscache/omni.usd.schema.semantics-0.0.0+f9bf0dda.la64.r.cp312')
2026-09-10T04:25:02Z [12,287ms] [Info] [omni.ext._impl._internal] Searching for classes derived from 'omni.ext.IExt' in 'usd.schema.semantics' ('/isaac-sim/extscache/omni.usd.schema.semantics-0.0.0+f9bf0dda.la64.r.cp312')
2026-09-10T04:25:02Z [12,287ms] [Info] [omni.ext.plugin] [ext: omni.usd.schema.semantics-0.0.0] started, startup time: 2 (ms)
2026-09-10T04:25:02Z [12,287ms] [Info] [omni.ext.plugin] About to startup: [ext: omni.usd.schema.usd_particle_field-1.0.0] (order: -100) Triggered by: omni.hydra.rtx-1.0.4 (path: /isaac-sim/extscache/omni.usd.schema.usd_particle_field-1.0.0+f9bf0dda)
2026-09-10T04:25:02Z [12,287ms] [Info] [omni.kit.app.plugin] [12.317s] [ext: omni.usd.schema.usd_particle_field-1.0.0] startup
2026-09-10T04:25:02Z [12,287ms] [Info] [omni.ext._impl._internal] Searching for classes derived from 'omni.ext.IExt' in 'usd.schema.usd_particle_field' ('/isaac-sim/extscache/omni.usd.schema.usd_particle_field-1.0.0+f9bf0dda')
2026-09-10T04:25:02Z [12,287ms] [Info] [omni.ext.plugin] [ext: omni.usd.schema.usd_particle_field-1.0.0] started, startup time: 0 (ms)
2026-09-10T04:25:02Z [12,287ms] [Info] [omni.ext.plugin] About to startup: [ext: carb.audio-0.1.0] (order: 0) Triggered by: omni.graph.nodes-2.12.0, omni.usd-1.16.0, omni.kit.audiodeviceenum-1.0.2 (path: /isaac-sim/extscache/carb.audio-0.1.0+f9bf0dda.la64.r.cp312)
2026-09-10T04:25:02Z [12,287ms] [Info] [omni.kit.app.plugin] [12.317s] [ext: carb.audio-0.1.0] startup
2026-09-10T04:25:02Z [12,291ms] [Info] [carb] Registered plugin: carb.audio-forge.plugin (interfaces: [carb::audio::IAudioCapture v1.0],[carb::audio::IAudioData v1.0],[carb::audio::IAudioDevice v1.1],[carb::audio::IAudioGroup v1.0],[carb::audio::IAudioPlayback v1.1],[carb::audio::IAudioUtils v1.0],[omni::audio::IAudioCapture v0.0]) (impl: carb.audio-forge.plugin)
2026-09-10T04:25:02Z [12,291ms] [Info] [omni.ext.plugin] [ext: carb.audio-0.1.0] started, startup time: 3 (ms)
2026-09-10T04:25:02Z [12,291ms] [Info] [omni.ext.plugin] About to startup: [ext: isaaclab-6.1.14] (order: 1000) Triggered by: isaaclab.python.headless-3.0.0, isaaclab_physx-1.1.3, isaaclab_newton-0.13.6, isaaclab_assets-0.3.4, isaaclab_tasks-1.10.9, isaaclab_mimic-1.3.3, isaaclab_rl-0.5.5, isaaclab_contrib-0.4.4 (path: /workspace/isaaclab/source/isaaclab)
2026-09-10T04:25:02Z [12,291ms] [Info] [omni.kit.app.plugin] [12.320s] [ext: isaaclab-6.1.14] startup
2026-09-10T04:25:02Z [12,291ms] [Info] [omni.ext._impl._internal] Searching for classes derived from 'omni.ext.IExt' in 'isaaclab' ('/workspace/isaaclab/source/isaaclab')
2026-09-10T04:25:02Z [12,291ms] [Info] [omni.ext.plugin] [ext: isaaclab-6.1.14] started, startup time: 0 (ms)
2026-09-10T04:25:02Z [12,291ms] [Info] [omni.ext.plugin] About to startup: [ext: isaaclab_contrib-0.4.4] (order: 0) Triggered by: isaaclab_assets-0.3.4 (path: /workspace/isaaclab/source/isaaclab_contrib)
2026-09-10T04:25:02Z [12,291ms] [Info] [omni.kit.app.plugin] [12.321s] [ext: isaaclab_contrib-0.4.4] startup
2026-09-10T04:25:02Z [12,292ms] [Info] [omni.ext._impl._internal] Searching for classes derived from 'omni.ext.IExt' in 'isaaclab_contrib' ('/workspace/isaaclab/source/isaaclab_contrib')
2026-09-10T04:25:02Z [12,292ms] [Info] [omni.ext.plugin] [ext: isaaclab_contrib-0.4.4] started, startup time: 0 (ms)
2026-09-10T04:25:02Z [12,292ms] [Info] [omni.ext.plugin] About to startup: [ext: omni.activity.core-1.0.3] (order: 0) Triggered by: omni.hydra.usdrt_delegate-7.5.2,  (path: /isaac-sim/extscache/omni.activity.core-1.0.3+f9bf0dda.la64.r.cp312)
2026-09-10T04:25:02Z [12,292ms] [Info] [omni.kit.app.plugin] [12.321s] [ext: omni.activity.core-1.0.3] startup
2026-09-10T04:25:02Z [12,294ms] [Info] [omni.ext._impl._internal] Searching for classes derived from 'omni.ext.IExt' in 'omni.activity.core' ('/isaac-sim/extscache/omni.activity.core-1.0.3+f9bf0dda.la64.r.cp312')
2026-09-10T04:25:02Z [12,294ms] [Info] [omni.ext.plugin] [ext: omni.activity.core-1.0.3] started, startup time: 2 (ms)
2026-09-10T04:25:02Z [12,294ms] [Info] [omni.ext.plugin] About to startup: [ext: omni.appwindow-1.2.2] (order: 0) Triggered by: omni.ui-3.2.0, omni.kit.renderer.core-1.2.2, omni.kit.renderer.imgui-2.0.6 (path: /isaac-sim/extscache/omni.appwindow-1.2.2+f9bf0dda.la64.r.cp312)
2026-09-10T04:25:02Z [12,294ms] [Info] [omni.kit.app.plugin] [12.324s] [ext: omni.appwindow-1.2.2] startup
2026-09-10T04:25:02Z [12,295ms] [Info] [carb] Registered plugin: omni.appwindow.plugin (interfaces: [omni::ext::IExt v0.1],[omni::kit::IAppWindowFactory v2.4]) (impl: omni.appwindow.plugin)
2026-09-10T04:25:02Z [12,295ms] [Info] [carb] Initializing plugin: omni.appwindow.plugin (interfaces: [omni::ext::IExt v0.1],[omni::kit::IAppWindowFactory v2.4]) (impl: omni.appwindow.plugin)
2026-09-10T04:25:02Z [12,295ms] [Info] [omni.ext.plugin] [ext: omni.appwindow-1.2.2] Starting ext::IExt in '/isaac-sim/extscache/omni.appwindow-1.2.2+f9bf0dda.la64.r.cp312/bin/libomni.appwindow.plugin.so'
2026-09-10T04:25:02Z [12,295ms] [Info] [carb] Initializing plugin: carb.input.plugin (interfaces: [carb::input::IInput v1.2]) (impl: carb.input.plugin)
2026-09-10T04:25:02Z [12,295ms] [Info] [carb] Plugin omni.appwindow.plugin is already a dependency of omni.kit.app.plugin; not changing unload order
2026-09-10T04:25:02Z [12,295ms] [Info] [omni.appwindow.plugin] Created window: width=1440,height=900.
2026-09-10T04:25:02Z [12,296ms] [Info] [omni.ext._impl._internal] Searching for classes derived from 'omni.ext.IExt' in 'omni.appwindow' ('/isaac-sim/extscache/omni.appwindow-1.2.2+f9bf0dda.la64.r.cp312')
2026-09-10T04:25:02Z [12,296ms] [Info] [omni.ext.plugin] [ext: omni.appwindow-1.2.2] started, startup time: 2 (ms)
2026-09-10T04:25:02Z [12,296ms] [Info] [omni.ext.plugin] About to startup: [ext: omni.cubric-0.1.0] (order: 0) Triggered by: usdrt.scenegraph-7.6.3 (path: /isaac-sim/extscache/omni.cubric-0.1.0+f9bf0dda.la64.r)
2026-09-10T04:25:02Z [12,296ms] [Info] [omni.kit.app.plugin] [12.326s] [ext: omni.cubric-0.1.0] startup
2026-09-10T04:25:02Z [12,297ms] [Info] [carb] Registered plugin: omni.cubric.plugin (interfaces: [omni::cubric::IAdapter v0.2]) (impl: omni.cubric.plugin)
2026-09-10T04:25:02Z [12,297ms] [Info] [omni.ext.plugin] [ext: omni.cubric-0.1.0] started, startup time: 0 (ms)
2026-09-10T04:25:02Z [12,297ms] [Info] [omni.ext.plugin] About to startup: [ext: omni.graph.exec-0.9.6] (order: 0) Triggered by: omni.kit.exec.core-0.13.5, omni.graph.image.core-0.6.1 (path: /isaac-sim/extscache/omni.graph.exec-0.9.6+f9bf0dda.la64.r)
2026-09-10T04:25:02Z [12,297ms] [Info] [omni.kit.app.plugin] [12.327s] [ext: omni.graph.exec-0.9.6] startup
2026-09-10T04:25:02Z [12,297ms] [Info] [omni.graph.exec.unstable.passRegistry] IPassRegistry::registerPass: registered PassStronglyConnectedComponents as pass id 1
2026-09-10T04:25:02Z [12,297ms] [Info] [omni.ext.plugin] [ext: omni.graph.exec-0.9.6] started, startup time: 0 (ms)
2026-09-10T04:25:02Z [12,297ms] [Info] [omni.ext.plugin] About to startup: [ext: omni.hydra.scene_delegate-0.3.5] (order: 0) Triggered by: omni.hydra.rtx-1.0.4, omni.graph.nodes-2.12.0,  (path: /isaac-sim/extscache/omni.hydra.scene_delegate-0.3.5+f9bf0dda.la64.r)
2026-09-10T04:25:02Z [12,297ms] [Info] [omni.kit.app.plugin] [12.327s] [ext: omni.hydra.scene_delegate-0.3.5] startup
2026-09-10T04:25:02Z [12,299ms] [Info] [carb] Registered plugin: omni.fabric.endframe.plugin (interfaces: [omni::ext::IExt v0.1]) (impl: omni.fabric.endframe.plugin)
2026-09-10T04:25:02Z [12,300ms] [Info] [carb] Registered plugin: omni.hydra.scene_delegate.plugin (interfaces: [omni::hydra::IDebug v0.1],[omni::hydra::IOmniHydra v2.0],[omni::hydra::ISceneDelegateFactory v0.1]) (impl: omni.hydra.scene_delegate.plugin)
2026-09-10T04:25:02Z [12,300ms] [Info] [carb] Initializing plugin: omni.fabric.endframe.plugin (interfaces: [omni::ext::IExt v0.1]) (impl: omni.fabric.endframe.plugin)
2026-09-10T04:25:02Z [12,300ms] [Info] [omni.ext.plugin] [ext: omni.hydra.scene_delegate-0.3.5] Starting ext::IExt in '/isaac-sim/extscache/omni.hydra.scene_delegate-0.3.5+f9bf0dda.la64.r/bin/libomni.fabric.endframe.plugin.so'
2026-09-10T04:25:02Z [12,300ms] [Info] [omni.ext.plugin] [ext: omni.hydra.scene_delegate-0.3.5] started, startup time: 2 (ms)
2026-09-10T04:25:02Z [12,300ms] [Info] [omni.ext.plugin] About to startup: [ext: usdrt.scenegraph-7.6.3] (order: 0) Triggered by: isaaclab.python.headless-3.0.0, omni.physx-110.1.13, omni.physx.fabric-110.1.13, omni.graph-1.142.5, omni.graph.core-3.1.2, omni.graph.nodes-2.12.0, omni.hydra.usdrt_delegate-7.5.2 (path: /isaac-sim/extscache/usdrt.scenegraph-7.6.3+f9bf0dda.la64.r.cp312)
2026-09-10T04:25:02Z [12,300ms] [Info] [omni.kit.app.plugin] [12.330s] [ext: usdrt.scenegraph-7.6.3] startup
2026-09-10T04:25:02Z [12,303ms] [Info] [omni.ext._impl._internal] Searching for classes derived from 'omni.ext.IExt' in 'usdrt.helpers' ('/isaac-sim/extscache/usdrt.scenegraph-7.6.3+f9bf0dda.la64.r.cp312')
2026-09-10T04:25:02Z [12,308ms] [Info] [omni.ext._impl._internal] Searching for classes derived from 'omni.ext.IExt' in 'usdrt.Gf' ('/isaac-sim/extscache/usdrt.scenegraph-7.6.3+f9bf0dda.la64.r.cp312')
2026-09-10T04:25:02Z [12,310ms] [Info] [omni.ext._impl._internal] Searching for classes derived from 'omni.ext.IExt' in 'usdrt.Vt' ('/isaac-sim/extscache/usdrt.scenegraph-7.6.3+f9bf0dda.la64.r.cp312')
2026-09-10T04:25:02Z [12,311ms] [Info] [omni.ext._impl._internal] Searching for classes derived from 'omni.ext.IExt' in 'usdrt.Sdf' ('/isaac-sim/extscache/usdrt.scenegraph-7.6.3+f9bf0dda.la64.r.cp312')
2026-09-10T04:25:02Z [12,313ms] [Info] [omni.ext._impl._internal] Searching for classes derived from 'omni.ext.IExt' in 'usdrt.Usd' ('/isaac-sim/extscache/usdrt.scenegraph-7.6.3+f9bf0dda.la64.r.cp312')
2026-09-10T04:25:02Z [12,315ms] [Info] [omni.ext._impl._internal] Searching for classes derived from 'omni.ext.IExt' in 'usdrt.UsdGeom' ('/isaac-sim/extscache/usdrt.scenegraph-7.6.3+f9bf0dda.la64.r.cp312')
2026-09-10T04:25:02Z [12,316ms] [Info] [omni.ext._impl._internal] Searching for classes derived from 'omni.ext.IExt' in 'usdrt.Rt' ('/isaac-sim/extscache/usdrt.scenegraph-7.6.3+f9bf0dda.la64.r.cp312')
2026-09-10T04:25:02Z [12,317ms] [Info] [omni.ext._impl._internal] Searching for classes derived from 'omni.ext.IExt' in 'usdrt.UsdPhysics' ('/isaac-sim/extscache/usdrt.scenegraph-7.6.3+f9bf0dda.la64.r.cp312')
2026-09-10T04:25:02Z [12,318ms] [Info] [omni.ext._impl._internal] Searching for classes derived from 'omni.ext.IExt' in 'usdrt.UsdLux' ('/isaac-sim/extscache/usdrt.scenegraph-7.6.3+f9bf0dda.la64.r.cp312')
2026-09-10T04:25:02Z [12,319ms] [Info] [omni.ext._impl._internal] Searching for classes derived from 'omni.ext.IExt' in 'usdrt.UsdMedia' ('/isaac-sim/extscache/usdrt.scenegraph-7.6.3+f9bf0dda.la64.r.cp312')
2026-09-10T04:25:02Z [12,320ms] [Info] [omni.ext._impl._internal] Searching for classes derived from 'omni.ext.IExt' in 'usdrt.UsdRender' ('/isaac-sim/extscache/usdrt.scenegraph-7.6.3+f9bf0dda.la64.r.cp312')
2026-09-10T04:25:02Z [12,321ms] [Info] [omni.ext._impl._internal] Searching for classes derived from 'omni.ext.IExt' in 'usdrt.UsdShade' ('/isaac-sim/extscache/usdrt.scenegraph-7.6.3+f9bf0dda.la64.r.cp312')
2026-09-10T04:25:02Z [12,322ms] [Info] [omni.ext._impl._internal] Searching for classes derived from 'omni.ext.IExt' in 'usdrt.UsdSkel' ('/isaac-sim/extscache/usdrt.scenegraph-7.6.3+f9bf0dda.la64.r.cp312')
2026-09-10T04:25:02Z [12,323ms] [Info] [omni.ext._impl._internal] Searching for classes derived from 'omni.ext.IExt' in 'usdrt.UsdUI' ('/isaac-sim/extscache/usdrt.scenegraph-7.6.3+f9bf0dda.la64.r.cp312')
2026-09-10T04:25:02Z [12,323ms] [Info] [omni.ext._impl._internal] Searching for classes derived from 'omni.ext.IExt' in 'usdrt.UsdVol' ('/isaac-sim/extscache/usdrt.scenegraph-7.6.3+f9bf0dda.la64.r.cp312')
2026-09-10T04:25:02Z [12,324ms] [Info] [omni.ext._impl._internal] Searching for classes derived from 'omni.ext.IExt' in 'usdrt.xformcache' ('/isaac-sim/extscache/usdrt.scenegraph-7.6.3+f9bf0dda.la64.r.cp312')
2026-09-10T04:25:02Z [12,324ms] [Info] [omni.ext._impl._internal] Searching for classes derived from 'omni.ext.IExt' in 'usdrt.internal' ('/isaac-sim/extscache/usdrt.scenegraph-7.6.3+f9bf0dda.la64.r.cp312')
2026-09-10T04:25:02Z [12,324ms] [Info] [omni.ext.plugin] [ext: usdrt.scenegraph-7.6.3] started, startup time: 24 (ms)
2026-09-10T04:25:02Z [12,324ms] [Info] [omni.ext.plugin] About to startup: [ext: omni.hydra.usdrt_delegate-7.5.2] (order: 0) Triggered by: isaacsim.core.experimental.utils-0.17.2, omni.hydra.rtx-1.0.4, omni.replicator.nv-1.1.1,  (path: /isaac-sim/extscache/omni.hydra.usdrt_delegate-7.5.2+f9bf0dda.la64.r.cp312)
2026-09-10T04:25:02Z [12,324ms] [Info] [omni.kit.app.plugin] [12.354s] [ext: omni.hydra.usdrt_delegate-7.5.2] startup
2026-09-10T04:25:02Z [12,327ms] [Info] [carb] Initializing plugin: omni.fabric.plugin (interfaces: [omni::fabric::IChangeTrackerConfig v0.5],[omni::fabric::IConnectivity v1.9],[omni::fabric::IDiagnostics v1.0],[omni::fabric::IFabric v0.13],[omni::fabric::IFabricContextManager v1.0],[omni::fabric::IFabricInspector v0.2],[omni::fabric::IFabricRingBuffer v1.2],[omni::fabric::IFabricSampleStorage v0.4],[omni::fabric::IFabricUsd v1.0],[omni::fabric::IFineGrainedChangeTracker v0.2],[omni::fabric::IPath v1.0],[omni::fabric::IPlatform v0.2],[omni::fabric::IPopulator v1.0],[omni::fabric::IPrimBucketList v0.5],[omni::fabric::ISerializer v0.3],[omni::fabric::ISimStageWithHistory v0.2],[omni::fabric::IStageAtTimeInterval v1.0],[omni::fabric::IStageAtTimeIntervalLegacy v1.0],[omni::fabric::IStageReaderWriter v0.16],[omni::fabric::IStageReaderWriterLegacy v1.0],[omni::fabric::IStageReaderWriterUsd v1.2],[omni::fabric::IStats v1.0],[omni::fabric::IToken v1.0],[omni::fabric::batch::iBatch v0.4]) (impl: omni.fabric.plugin)
2026-09-10T04:25:02Z [12,327ms] [Info] [carb] Initializing plugin: omni.tbb.globalcontrol.plugin (interfaces: [omni::tbb::IGlobalControl v1.0]) (impl: omni.tbb.globalcontrol.plugin)
2026-09-10T04:25:02Z [12,327ms] [Info] [omni.tbb.globalcontrol.plugin] TBB Global Control Plugin loaded, max_allowed_parallelism=16
2026-09-10T04:25:02Z [12,328ms] [Info] [carb] Registered plugin: omni.hydra.usdrt_delegate.plugin (interfaces: [omni::hydra::usdrt::ISceneDelegateFactory v0.1]) (impl: omni.hydra.usdrt_delegate.plugin)
2026-09-10T04:25:02Z [12,329ms] [Info] [omni.ext._impl._internal] Searching for classes derived from 'omni.ext.IExt' in 'usdrt.population' ('/isaac-sim/extscache/omni.hydra.usdrt_delegate-7.5.2+f9bf0dda.la64.r.cp312')
2026-09-10T04:25:02Z [12,329ms] [Info] [omni.ext._impl._internal] Searching for classes derived from 'omni.ext.IExt' in 'usdrt.hierarchy' ('/isaac-sim/extscache/omni.hydra.usdrt_delegate-7.5.2+f9bf0dda.la64.r.cp312')
2026-09-10T04:25:02Z [12,329ms] [Info] [omni.ext.plugin] [ext: omni.hydra.usdrt_delegate-7.5.2] started, startup time: 5 (ms)
2026-09-10T04:25:02Z [12,329ms] [Info] [omni.ext.plugin] About to startup: [ext: omni.inspect-1.0.2] (order: 0) Triggered by: omni.replicator.core-1.13.27, omni.graph.core-3.1.2, omni.graph.tools-1.81.0 (path: /isaac-sim/extscache/omni.inspect-1.0.2+f9bf0dda.la64.r.cp312)
2026-09-10T04:25:02Z [12,329ms] [Info] [omni.kit.app.plugin] [12.359s] [ext: omni.inspect-1.0.2] startup
2026-09-10T04:25:02Z [12,330ms] [Info] [omni.inspect.plugin] Feature flag: /feature/ognDeprecatedNodes, initializing to 2
2026-09-10T04:25:02Z [12,330ms] [Info] [omni.inspect.plugin] Feature flag: /feature/bundleSupport, initializing to 1
2026-09-10T04:25:02Z [12,330ms] [Info] [omni.inspect.plugin] Successfully subscribed to feature flag change events.
2026-09-10T04:25:02Z [12,330ms] [Info] [omni.ext.plugin] [ext: omni.inspect-1.0.2] Starting ext::IExtensionHooks in '/isaac-sim/extscache/omni.inspect-1.0.2+f9bf0dda.la64.r.cp312/bin/libomni.inspect.plugin.so'
2026-09-10T04:25:02Z [12,331ms] [Info] [omni.ext._impl._internal] Searching for classes derived from 'omni.ext.IExt' in 'omni.inspect' ('/isaac-sim/extscache/omni.inspect-1.0.2+f9bf0dda.la64.r.cp312')
2026-09-10T04:25:02Z [12,331ms] [Info] [omni.ext.plugin] [ext: omni.inspect-1.0.2] started, startup time: 2 (ms)
2026-09-10T04:25:02Z [12,331ms] [Info] [omni.ext.plugin] About to startup: [ext: omni.kit.actions.core-1.0.0] (order: 0) Triggered by: omni.kit.material.library-3.1.2, omni.kit.viewport.window-109.0.2, omni.kit.primitive.mesh-1.1.0, omni.kit.commands-1.5.0, omni.kit.stage_templates-2.0.2 (path: /isaac-sim/extscache/omni.kit.actions.core-1.0.0+f9bf0dda.la64.r.cp312)
2026-09-10T04:25:02Z [12,331ms] [Info] [omni.kit.app.plugin] [12.361s] [ext: omni.kit.actions.core-1.0.0] startup
2026-09-10T04:25:02Z [12,332ms] [Info] [carb] Registered plugin: omni.kit.actions.core.plugin (interfaces: [omni::ext::IExt v0.1],[omni::kit::actions::core::IActionRegistry v1.0]) (impl: omni.kit.actions.core.plugin)
2026-09-10T04:25:02Z [12,332ms] [Info] [carb] Registered plugin: omni.kit.actions.core_tests.plugin (interfaces: [omni::kit::actions::core_tests::IActionTests v1.0]) (impl: omni.kit.actions.core_tests.plugin)
2026-09-10T04:25:02Z [12,332ms] [Info] [carb] Initializing plugin: omni.kit.actions.core.plugin (interfaces: [omni::ext::IExt v0.1],[omni::kit::actions::core::IActionRegistry v1.0]) (impl: omni.kit.actions.core.plugin)
2026-09-10T04:25:02Z [12,332ms] [Info] [omni.ext.plugin] [ext: omni.kit.actions.core-1.0.0] Starting ext::IExt in '/isaac-sim/extscache/omni.kit.actions.core-1.0.0+f9bf0dda.la64.r.cp312/bin/libomni.kit.actions.core.plugin.so'
2026-09-10T04:25:02Z [12,333ms] [Info] [omni.ext._impl._internal] Searching for classes derived from 'omni.ext.IExt' in 'omni.kit.actions.core' ('/isaac-sim/extscache/omni.kit.actions.core-1.0.0+f9bf0dda.la64.r.cp312')
2026-09-10T04:25:02Z [12,333ms] [Info] [omni.ext._impl._internal] Found class `ActionsExtension` derived from `omni.ext.IExt` in module: 'omni.kit.actions.core' in '/isaac-sim/extscache/omni.kit.actions.core-1.0.0+f9bf0dda.la64.r.cp312'. Calling `on_startup`.
2026-09-10T04:25:02Z [12,334ms] [Info] [omni.ext.plugin] [ext: omni.kit.actions.core-1.0.0] started, startup time: 2 (ms)
2026-09-10T04:25:02Z [12,334ms] [Info] [omni.ext.plugin] About to startup: [ext: omni.kit.audiodeviceenum-1.0.2] (order: 0) Triggered by: omni.usd-1.16.0 (path: /isaac-sim/extscache/omni.kit.audiodeviceenum-1.0.2+f9bf0dda.la64.r.cp312)
2026-09-10T04:25:02Z [12,334ms] [Info] [omni.kit.app.plugin] [12.364s] [ext: omni.kit.audiodeviceenum-1.0.2] startup
2026-09-10T04:25:02Z [12,334ms] [Info] [carb] Registered plugin: omni.audiodeviceenum.plugin (interfaces: [omni::audio::IAudioDeviceEnum v0.1]) (impl: omni.audiodeviceenum.plugin)
2026-09-10T04:25:02Z [12,336ms] [Info] [omni.ext._impl._internal] Searching for classes derived from 'omni.ext.IExt' in 'omni.kit.audiodeviceenum' ('/isaac-sim/extscache/omni.kit.audiodeviceenum-1.0.2+f9bf0dda.la64.r.cp312')
2026-09-10T04:25:02Z [12,336ms] [Info] [omni.ext._impl._internal] Found class `_AudioExtension` derived from `omni.ext.IExt` in module: 'omni.kit.audiodeviceenum' in '/isaac-sim/extscache/omni.kit.audiodeviceenum-1.0.2+f9bf0dda.la64.r.cp312'. Calling `on_startup`.
2026-09-10T04:25:02Z [12,336ms] [Info] [omni.ext.plugin] [ext: omni.kit.audiodeviceenum-1.0.2] started, startup time: 1 (ms)
2026-09-10T04:25:02Z [12,336ms] [Info] [omni.ext.plugin] About to startup: [ext: omni.kit.commands-1.5.0] (order: 0) Triggered by: omni.kit.material.library-3.1.2, omni.graph-1.142.5, omni.syntheticdata-0.6.15, omni.graph.nodes-2.12.0, omni.kit.primitive.mesh-1.1.0, omni.usd-1.16.0, omni.kit.usd.layers-2.6.1, omni.kit.stage_templates-2.0.2, omni.graph.action_nodes-2.11.0,  (path: /isaac-sim/extscache/omni.kit.commands-1.5.0+f9bf0dda.la64.r.cp312)
2026-09-10T04:25:02Z [12,336ms] [Info] [omni.kit.app.plugin] [12.365s] [ext: omni.kit.commands-1.5.0] startup
2026-09-10T04:25:02Z [12,336ms] [Info] [carb] Registered plugin: omni.kit.command_tests.plugin (interfaces: [omni::kit::command_tests::ICommandTests v1.0]) (impl: omni.kit.command_tests.plugin)
2026-09-10T04:25:02Z [12,336ms] [Info] [carb] Registered plugin: omni.kit.commands.plugin (interfaces: [omni::kit::commands::ICommandBridge v1.0]) (impl: omni.kit.commands.plugin)
2026-09-10T04:25:02Z [12,342ms] [Info] [omni.ext._impl._internal] Searching for classes derived from 'omni.ext.IExt' in 'omni.kit.undo' ('/isaac-sim/extscache/omni.kit.commands-1.5.0+f9bf0dda.la64.r.cp312')
2026-09-10T04:25:02Z [12,342ms] [Info] [omni.ext._impl._internal] Searching for classes derived from 'omni.ext.IExt' in 'omni.kit.commands' ('/isaac-sim/extscache/omni.kit.commands-1.5.0+f9bf0dda.la64.r.cp312')
2026-09-10T04:25:02Z [12,342ms] [Info] [omni.ext._impl._internal] Found class `CommandExt` derived from `omni.ext.IExt` in module: 'omni.kit.commands' in '/isaac-sim/extscache/omni.kit.commands-1.5.0+f9bf0dda.la64.r.cp312'. Calling `on_startup`.
2026-09-10T04:25:02Z [12,342ms] [Info] [carb] Initializing plugin: omni.kit.commands.plugin (interfaces: [omni::kit::commands::ICommandBridge v1.0]) (impl: omni.kit.commands.plugin)
2026-09-10T04:25:02Z [12,342ms] [Info] [omni.ext._impl._internal] Searching for classes derived from 'omni.ext.IExt' in 'omni.kit.commands.builtin' ('/isaac-sim/extscache/omni.kit.commands-1.5.0+f9bf0dda.la64.r.cp312')
2026-09-10T04:25:02Z [12,343ms] [Info] [omni.ext.plugin] [ext: omni.kit.commands-1.5.0] started, startup time: 6 (ms)
2026-09-10T04:25:02Z [12,343ms] [Info] [omni.ext.plugin] About to startup: [ext: omni.kit.exec.core-0.13.5] (order: 0) Triggered by: omni.graph.core-3.1.2, omni.usd-1.16.0, omni.graph.image.core-0.6.1, omni.graph.nodes_core-2.11.0, omni.graph.action_nodes_core-2.11.0 (path: /isaac-sim/extscache/omni.kit.exec.core-0.13.5+f9bf0dda.la64.r.cp312)
2026-09-10T04:25:02Z [12,343ms] [Info] [omni.kit.app.plugin] [12.372s] [ext: omni.kit.exec.core-0.13.5] startup
2026-09-10T04:25:02Z [12,344ms] [Info] [omni.ext._impl._internal] Searching for classes derived from 'omni.ext.IExt' in 'omni.kit.exec.core.unstable' ('/isaac-sim/extscache/omni.kit.exec.core-0.13.5+f9bf0dda.la64.r.cp312')
2026-09-10T04:25:02Z [12,344ms] [Info] [omni.ext._impl._internal] Found class `_PublicExtension` derived from `omni.ext.IExt` in module: 'omni.kit.exec.core.unstable' in '/isaac-sim/extscache/omni.kit.exec.core-0.13.5+f9bf0dda.la64.r.cp312'. Calling `on_startup`.
2026-09-10T04:25:02Z [12,344ms] [Info] [omni.ext.plugin] [ext: omni.kit.exec.core-0.13.5] started, startup time: 1 (ms)
2026-09-10T04:25:02Z [12,344ms] [Info] [omni.ext.plugin] About to startup: [ext: omni.kit.renderer.core-1.2.2] (order: 0) Triggered by: omni.graph.core-3.1.2, omni.kit.renderer.imgui-2.0.6, omni.kit.renderer.capture-2.0.1 (path: /isaac-sim/extscache/omni.kit.renderer.core-1.2.2+f9bf0dda.la64.r.cp312)
2026-09-10T04:25:02Z [12,344ms] [Info] [omni.kit.app.plugin] [12.374s] [ext: omni.kit.renderer.core-1.2.2] startup
2026-09-10T04:25:02Z [12,345ms] [Info] [carb] Registered plugin: omni.kit.renderer_test.plugin (interfaces: [omni::kit::renderer::IRendererTest v0.1]) (impl: omni.kit.renderer_test.plugin)
2026-09-10T04:25:02Z [12,345ms] [Info] [carb] Registered plugin: omni.kit.renderer.plugin (interfaces: [omni::kit::renderer::IGpuFoundation v1.1],[omni::kit::renderer::IRenderer v1.9]) (impl: omni.kit.renderer.plugin)
2026-09-10T04:25:02Z [12,346ms] [Info] [carb] Registered plugin: omni.kit.renderer.ext.plugin (interfaces: [omni::ext::IExt v0.1]) (impl: omni.kit.renderer.ext.plugin)
2026-09-10T04:25:02Z [12,346ms] [Info] [carb] Initializing plugin: omni.kit.renderer.ext.plugin (interfaces: [omni::ext::IExt v0.1]) (impl: omni.kit.renderer.ext.plugin)
2026-09-10T04:25:02Z [12,346ms] [Info] [omni.ext.plugin] [ext: omni.kit.renderer.core-1.2.2] Starting ext::IExt in '/isaac-sim/extscache/omni.kit.renderer.core-1.2.2+f9bf0dda.la64.r.cp312/bin/libomni.kit.renderer.ext.plugin.so'
2026-09-10T04:25:02Z [12,346ms] [Info] [carb] Initializing plugin: omni.kit.renderer.plugin (interfaces: [omni::kit::renderer::IGpuFoundation v1.1],[omni::kit::renderer::IRenderer v1.9]) (impl: omni.kit.renderer.plugin)
2026-09-10T04:25:02Z [12,346ms] [Info] [omni.kit.renderer.plugin] Added dataSource connection for prefix '/'
2026-09-10T04:25:02Z [12,354ms] [Info] [carb] Initializing plugin: carb.blockcompression.plugin (interfaces: [carb::blockcompression::BlockCompression v0.2]) (impl: carb.blockcompression.plugin)
2026-09-10T04:25:02Z [12,371ms] [Info] [omni.kit.renderer.plugin] Attaching default app window "Omniverse Kit 3.0.0"
2026-09-10T04:25:02Z [12,371ms] [Info] [carb] Initializing plugin: carb.windowing-glfw.plugin (interfaces: [carb::windowing::IGLContext v1.0],[carb::windowing::IWindowing v1.5]) (impl: carb.windowing-glfw.plugin)
2026-09-10T04:25:02Z [12,371ms] [Warning] [carb.windowing-glfw.plugin] GLFW initialization failed.
2026-09-10T04:25:02Z [12,371ms] [Warning] [carb] Failed to startup plugin carb.windowing-glfw.plugin (interfaces: [carb::windowing::IGLContext v1.0],[carb::windowing::IWindowing v1.5]) (impl: carb.windowing-glfw.plugin)
2026-09-10T04:25:02Z [12,371ms] [Info] [carb] Unloading plugin carb.windowing-glfw.plugin
2026-09-10T04:25:02Z [12,376ms] [Info] [omni.rtx] Setting mgpu copy backend to 'copyQueue'
2026-09-10T04:25:02Z [12,387ms] [Info] [carb] Plugin omni.kit.renderer.plugin is already a dependency of omni.kit.app.plugin; not changing unload order
2026-09-10T04:25:02Z [12,390ms] [Info] [omni.ext._impl._internal] Searching for classes derived from 'omni.ext.IExt' in 'omni.kit.renderer.bind' ('/isaac-sim/extscache/omni.kit.renderer.core-1.2.2+f9bf0dda.la64.r.cp312')
2026-09-10T04:25:02Z [12,390ms] [Info] [omni.ext.plugin] [ext: omni.kit.renderer.core-1.2.2] started, startup time: 45 (ms)
2026-09-10T04:25:02Z [12,390ms] [Info] [omni.ext.plugin] About to startup: [ext: omni.kit.usd_undo-0.1.8] (order: 0) Triggered by: omni.graph-1.142.5, omni.usd-1.16.0 (path: /isaac-sim/extscache/omni.kit.usd_undo-0.1.8+f9bf0dda)
2026-09-10T04:25:02Z [12,390ms] [Info] [omni.kit.app.plugin] [12.420s] [ext: omni.kit.usd_undo-0.1.8] startup
2026-09-10T04:25:02Z [12,391ms] [Info] [omni.ext._impl._internal] Searching for classes derived from 'omni.ext.IExt' in 'omni.kit.usd_undo' ('/isaac-sim/extscache/omni.kit.usd_undo-0.1.8+f9bf0dda')
2026-09-10T04:25:02Z [12,391ms] [Info] [omni.ext.plugin] [ext: omni.kit.usd_undo-0.1.8] started, startup time: 0 (ms)
2026-09-10T04:25:02Z [12,391ms] [Info] [omni.ext.plugin] About to startup: [ext: omni.timeline-1.1.0] (order: 0) Triggered by: omni.replicator.core-1.13.27, omni.kit.viewport.window-109.0.2, omni.usd-1.16.0, omni.graph.action_nodes-2.11.0 (path: /isaac-sim/extscache/omni.timeline-1.1.0+f9bf0dda.la64.r.cp312)
2026-09-10T04:25:02Z [12,391ms] [Info] [omni.kit.app.plugin] [12.421s] [ext: omni.timeline-1.1.0] startup
2026-09-10T04:25:02Z [12,392ms] [Info] [carb] Registered plugin: omni.timeline.plugin (interfaces: [omni::ext::IExt v0.1],[omni::timeline::ITimeline v1.1]) (impl: omni.timeline.plugin)
2026-09-10T04:25:02Z [12,392ms] [Info] [carb] Initializing plugin: omni.timeline.plugin (interfaces: [omni::ext::IExt v0.1],[omni::timeline::ITimeline v1.1]) (impl: omni.timeline.plugin)
2026-09-10T04:25:02Z [12,392ms] [Info] [omni.ext.plugin] [ext: omni.timeline-1.1.0] Starting ext::IExt in '/isaac-sim/extscache/omni.timeline-1.1.0+f9bf0dda.la64.r.cp312/bin/libomni.timeline.plugin.so'
2026-09-10T04:25:02Z [12,393ms] [Info] [omni.ext._impl._internal] Searching for classes derived from 'omni.ext.IExt' in 'omni.timeline' ('/isaac-sim/extscache/omni.timeline-1.1.0+f9bf0dda.la64.r.cp312')
2026-09-10T04:25:02Z [12,393ms] [Info] [omni.ext.plugin] [ext: omni.timeline-1.1.0] started, startup time: 2 (ms)
2026-09-10T04:25:02Z [12,393ms] [Info] [omni.ext.plugin] About to startup: [ext: omni.usd-1.16.0] (order: 0) Triggered by: omni.kit.material.library-3.1.2, omni.kit.hydra_texture-1.6.0, omni.usd.metrics.assembler.ui-110.1.1, isaacsim.simulation_app-2.18.4, isaacsim.core.deprecation_manager-0.4.2, isaacsim.core.experimental.utils-0.17.2, omni.kit.viewport.window-109.0.2, omni.graph-1.142.5, omni.graph.core-3.1.2, omni.syntheticdata-0.6.15, omni.graph.nodes-2.12.0, omni.kit.primitive.mesh-1.1.0, omni.physics.stageupdate-110.1.13, omni.kit.usd.layers-2.6.1, omni.kit.stage_templates-2.0.2, omni.hydra.engine.stats-1.0.5, omni.graph.action_nodes-2.11.0, omni.kit.stage_template.core-1.1.22 (path: /isaac-sim/extscache/omni.usd-1.16.0+f9bf0dda.la64.r.cp312)
2026-09-10T04:25:02Z [12,393ms] [Info] [omni.kit.app.plugin] [12.423s] [ext: omni.usd-1.16.0] startup
2026-09-10T04:25:02Z [12,394ms] [Info] [carb] Registered plugin: omni.stageupdate.plugin (interfaces: [omni::kit::IStageUpdate v1.0]) (impl: omni.stageupdate.plugin)
2026-09-10T04:25:02Z [12,395ms] [Info] [carb] Registered plugin: omni.usd.cppcommands (interfaces: [omni::ext::IExt v0.1]) (impl: omni.usd.cppcommands)
2026-09-10T04:25:02Z [12,395ms] [Info] [carb] Initializing plugin: omni.usd.cppcommands (interfaces: [omni::ext::IExt v0.1]) (impl: omni.usd.cppcommands)
2026-09-10T04:25:02Z [12,395ms] [Info] [omni.ext.plugin] [ext: omni.usd-1.16.0] Starting ext::IExt in '/isaac-sim/extscache/omni.usd-1.16.0+f9bf0dda.la64.r.cp312/bin/libomni.usd.cppcommands.plugin.so'
2026-09-10T04:25:02Z [12,425ms] [Info] [omni.ext._impl._internal] Searching for classes derived from 'omni.ext.IExt' in 'omni.usd' ('/isaac-sim/extscache/omni.usd-1.16.0+f9bf0dda.la64.r.cp312')
2026-09-10T04:25:02Z [12,425ms] [Info] [omni.ext._impl._internal] Found class `UsdExtension` derived from `omni.ext.IExt` in module: 'omni.usd' in '/isaac-sim/extscache/omni.usd-1.16.0+f9bf0dda.la64.r.cp312'. Calling `on_startup`.
2026-09-10T04:25:02Z [12,425ms] [Info] [carb] Initializing plugin: omni.stageupdate.plugin (interfaces: [omni::kit::IStageUpdate v1.0]) (impl: omni.stageupdate.plugin)
2026-09-10T04:25:02Z [12,426ms] [Info] [omni.graph.exec.unstable.passRegistry] IPassRegistry::registerPass: registered PopulatePass as pass id 2
2026-09-10T04:25:02Z [12,426ms] [Info] [carb] Plugin omni.usd is already a dependency of omni.kit.app.plugin; not changing unload order
2026-09-10T04:25:02Z [12,431ms] [Info] [omni.ext._impl._internal] Searching for classes derived from 'omni.ext.IExt' in 'omni.usd.audio' ('/isaac-sim/extscache/omni.usd-1.16.0+f9bf0dda.la64.r.cp312')
2026-09-10T04:25:02Z [12,458ms] [Info] [omni.ext._impl._internal] Searching for classes derived from 'omni.ext.IExt' in 'omni.usd.commands' ('/isaac-sim/extscache/omni.usd-1.16.0+f9bf0dda.la64.r.cp312')
2026-09-10T04:25:02Z [12,459ms] [Info] [omni.ext._impl._internal] Searching for classes derived from 'omni.ext.IExt' in 'omni.usd.editor' ('/isaac-sim/extscache/omni.usd-1.16.0+f9bf0dda.la64.r.cp312')
2026-09-10T04:25:02Z [12,461ms] [Info] [omni.ext._impl._internal] Searching for classes derived from 'omni.ext.IExt' in 'omni.stageupdate' ('/isaac-sim/extscache/omni.usd-1.16.0+f9bf0dda.la64.r.cp312')
2026-09-10T04:25:02Z [12,461ms] [Info] [omni.ext._impl._internal] Searching for classes derived from 'omni.ext.IExt' in 'usd.schema.kit' ('/isaac-sim/extscache/omni.usd-1.16.0+f9bf0dda.la64.r.cp312')
2026-09-10T04:25:02Z [12,461ms] [Info] [omni.ext.plugin] [ext: omni.usd-1.16.0] started, startup time: 67 (ms)
2026-09-10T04:25:02Z [12,461ms] [Info] [omni.ext.plugin] About to startup: [ext: omni.graph.core-3.1.2] (order: 0) Triggered by: omni.replicator.core-1.13.27, omni.replicator.nv-1.1.1, omni.graph-1.142.5, omni.graph.nodes-2.12.0, omni.graph.scriptnode-2.10.2, omni.graph.action_core-1.1.9, omni.graph.image.core-0.6.1, omni.graph.image.nodes-1.3.1, omni.graph.nodes_core-2.11.0, omni.graph.action_nodes-2.11.0, omni.graph.action_nodes_core-2.11.0 (path: /isaac-sim/extscache/omni.graph.core-3.1.2+f9bf0dda.la64.r)
2026-09-10T04:25:02Z [12,461ms] [Info] [omni.kit.app.plugin] [12.491s] [ext: omni.graph.core-3.1.2] startup
2026-09-10T04:25:02Z [12,463ms] [Info] [carb] Registered plugin: omni.graph.core.plugin (interfaces: [omni::graph::core::ComputeGraph v2.12],[omni::graph::core::IAttribute v1.15],[omni::graph::core::IAttributeData v1.6],[omni::graph::core::IAttributeType v1.4],[omni::graph::core::IBundle v1.7],[omni::graph::core::IDataModel v1.1],[omni::graph::core::IDataStealingPrototype v1.1],[omni::graph::core::IDirtyID v1.0],[omni::graph::core::IGraph v3.16],[omni::graph::core::IGraphContext v3.9],[omni::graph::core::IGraphRegistry v1.5],[omni::graph::core::IInternal v1.4],[omni::graph::core::INode v4.10],[omni::graph::core::IScheduleNode v2.0],[omni::graph::core::unstable::IAttributeTemplate v0.2],[omni::graph::core::unstable::ICompoundNodeType v0.2]) (impl: omni.graph.core.plugin)
2026-09-10T04:25:02Z [12,463ms] [Info] [omni.ext.plugin] [ext: omni.graph.core-3.1.2] started, startup time: 2 (ms)
2026-09-10T04:25:02Z [12,463ms] [Info] [carb] Initializing plugin: omni.graph.core.plugin (interfaces: [omni::graph::core::ComputeGraph v2.12],[omni::graph::core::IAttribute v1.15],[omni::graph::core::IAttributeData v1.6],[omni::graph::core::IAttributeType v1.4],[omni::graph::core::IBundle v1.7],[omni::graph::core::IDataModel v1.1],[omni::graph::core::IDataStealingPrototype v1.1],[omni::graph::core::IDirtyID v1.0],[omni::graph::core::IGraph v3.16],[omni::graph::core::IGraphContext v3.9],[omni::graph::core::IGraphRegistry v1.5],[omni::graph::core::IInternal v1.4],[omni::graph::core::INode v4.10],[omni::graph::core::IScheduleNode v2.0],[omni::graph::core::unstable::IAttributeTemplate v0.2],[omni::graph::core::unstable::ICompoundNodeType v0.2]) (impl: omni.graph.core.plugin)
2026-09-10T04:25:02Z [12,463ms] [Info] [omni.graph.exec.unstable.passRegistry] IPassRegistry::registerPass: registered PopulateOmniGraphPass as pass id 3
2026-09-10T04:25:02Z [12,463ms] [Info] [omni.graph.exec.unstable.passRegistry] IPassRegistry::registerPass: registered PopulateOnDemandPass as pass id 4
2026-09-10T04:25:02Z [12,463ms] [Info] [omni.graph.exec.unstable.passRegistry] IPassRegistry::registerPass: registered PopulatePreSimulationPass as pass id 5
2026-09-10T04:25:02Z [12,463ms] [Info] [omni.graph.exec.unstable.passRegistry] IPassRegistry::registerPass: registered PopulatePostSimulationPass as pass id 6
2026-09-10T04:25:02Z [12,463ms] [Info] [omni.graph.exec.unstable.passRegistry] IPassRegistry::registerPass: registered PopulateSimulationPass as pass id 7
2026-09-10T04:25:02Z [12,463ms] [Info] [omni.graph.exec.unstable.passRegistry] IPassRegistry::registerPass: registered PopulatePushGraphPass as pass id 8
2026-09-10T04:25:02Z [12,463ms] [Info] [omni.graph.exec.unstable.passRegistry] IPassRegistry::registerPass: registered PopulateLazyGraphPass as pass id 9
2026-09-10T04:25:02Z [12,464ms] [Info] [omni.ext.plugin] About to startup: [ext: isaacsim.core.deprecation_manager-0.4.2] (order: 0) Triggered by: isaacsim.core.rendering_manager-0.4.3, isaacsim.core.version-2.1.1, isaacsim.core.experimental.utils-0.17.2 (path: /isaac-sim/exts/isaacsim.core.deprecation_manager)
2026-09-10T04:25:02Z [12,464ms] [Info] [omni.kit.app.plugin] [12.494s] [ext: isaacsim.core.deprecation_manager-0.4.2] startup
2026-09-10T04:25:02Z [12,465ms] [Info] [omni.ext._impl._internal] Searching for classes derived from 'omni.ext.IExt' in 'isaacsim.core.deprecation_manager' ('/isaac-sim/exts/isaacsim.core.deprecation_manager')
2026-09-10T04:25:02Z [12,465ms] [Info] [omni.ext._impl._internal] Found class `Extension` derived from `omni.ext.IExt` in module: 'isaacsim.core.deprecation_manager' in '/isaac-sim/exts/isaacsim.core.deprecation_manager'. Calling `on_startup`.
2026-09-10T04:25:02Z [12,466ms] [Info] [omni.ext.plugin] [ext: isaacsim.core.deprecation_manager-0.4.2] started, startup time: 1 (ms)
2026-09-10T04:25:02Z [12,466ms] [Info] [omni.ext.plugin] About to startup: [ext: omni.kit.renderer.capture-2.0.1] (order: 0) Triggered by: omni.kit.renderer.imgui-2.0.6 (path: /isaac-sim/extscache/omni.kit.renderer.capture-2.0.1+f9bf0dda.la64.r.cp312)
2026-09-10T04:25:02Z [12,466ms] [Info] [omni.kit.app.plugin] [12.495s] [ext: omni.kit.renderer.capture-2.0.1] startup
2026-09-10T04:25:02Z [12,466ms] [Info] [carb] Registered plugin: omni.renderercapture.plugin (interfaces: [omni::renderercapture::IRendererCapture v1.5]) (impl: omni.renderercapture.plugin)
2026-09-10T04:25:02Z [12,467ms] [Info] [carb] Registered plugin: omni.kit.renderer_capture_test.plugin (interfaces: [omni::kit::renderercapture::IRendererCaptureTest v1.0]) (impl: omni.kit.renderer_capture_test.plugin)
2026-09-10T04:25:02Z [12,468ms] [Info] [omni.ext._impl._internal] Searching for classes derived from 'omni.ext.IExt' in 'omni.kit.renderer.capture' ('/isaac-sim/extscache/omni.kit.renderer.capture-2.0.1+f9bf0dda.la64.r.cp312')
2026-09-10T04:25:02Z [12,468ms] [Info] [omni.ext._impl._internal] Found class `Extension` derived from `omni.ext.IExt` in module: 'omni.kit.renderer.capture' in '/isaac-sim/extscache/omni.kit.renderer.capture-2.0.1+f9bf0dda.la64.r.cp312'. Calling `on_startup`.
2026-09-10T04:25:02Z [12,468ms] [Info] [carb] Initializing plugin: omni.renderercapture.plugin (interfaces: [omni::renderercapture::IRendererCapture v1.5]) (impl: omni.renderercapture.plugin)
2026-09-10T04:25:02Z [12,468ms] [Info] [omni.ext.plugin] [ext: omni.kit.renderer.capture-2.0.1] started, startup time: 2 (ms)
2026-09-10T04:25:02Z [12,468ms] [Info] [omni.ext.plugin] About to startup: [ext: omni.kit.renderer.imgui-2.0.6] (order: 0) Triggered by: omni.ui-3.2.0 (path: /isaac-sim/extscache/omni.kit.renderer.imgui-2.0.6+f9bf0dda.la64.r.cp312)
2026-09-10T04:25:02Z [12,468ms] [Info] [omni.kit.app.plugin] [12.498s] [ext: omni.kit.renderer.imgui-2.0.6] startup
2026-09-10T04:25:02Z [12,469ms] [Info] [omni.ext.plugin] Loaded the dynamic library from /isaac-sim/extscache/omni.kit.renderer.imgui-2.0.6+f9bf0dda.la64.r.cp312/bin/deps/libimgui.so
2026-09-10T04:25:02Z [12,469ms] [Info] [carb] Registered plugin: carb.imgui.plugin (interfaces: [carb::imgui::ImGui v1.0],[carb::imgui::NetImGui v1.0]) (impl: carb.imgui.plugin)
2026-09-10T04:25:02Z [12,469ms] [Info] [carb] Registered plugin: carb.imguizmo.plugin (interfaces: [carb::imguizmo::ImGuizmo v1.0]) (impl: carb.imguizmo.plugin)
2026-09-10T04:25:02Z [12,470ms] [Info] [carb] Registered plugin: omni.ui.windowmanager.plugin (interfaces: [omni::ui::windowmanager::IWindowCallbackManager v0.3]) (impl: omni.ui.windowmanager.plugin)
2026-09-10T04:25:02Z [12,470ms] [Info] [carb] Registered plugin: omni.ui.glyphmanager.plugin (interfaces: [omni::ui::IGlyphManager v1.0]) (impl: omni.ui.glyphmanager.plugin)
2026-09-10T04:25:02Z [12,471ms] [Info] [carb] Registered plugin: carb.svg.plugin (interfaces: [carb::svg::Svg v0.1]) (impl: carb.svg.plugin)
2026-09-10T04:25:02Z [12,471ms] [Info] [carb] Registered plugin: omni.kit.imgui_renderer_test.plugin (interfaces: [omni::kit::renderer::IImGuiRendererTest v0.2]) (impl: omni.kit.imgui_renderer_test.plugin)
2026-09-10T04:25:02Z [12,472ms] [Info] [carb] Registered plugin: omni.kit.imgui_renderer.plugin (interfaces: [omni::kit::renderer::IImGuiRenderer v1.3]) (impl: omni.kit.imgui_renderer.plugin)
2026-09-10T04:25:02Z [12,473ms] [Info] [carb] Registered plugin: omni.kit.imgui_renderer.ext.plugin (interfaces: [omni::ext::IExt v0.1]) (impl: omni.kit.imgui_renderer.ext.plugin)
2026-09-10T04:25:02Z [12,473ms] [Info] [carb] Initializing plugin: omni.kit.imgui_renderer.ext.plugin (interfaces: [omni::ext::IExt v0.1]) (impl: omni.kit.imgui_renderer.ext.plugin)
2026-09-10T04:25:02Z [12,473ms] [Info] [omni.ext.plugin] [ext: omni.kit.renderer.imgui-2.0.6] Starting ext::IExt in '/isaac-sim/extscache/omni.kit.renderer.imgui-2.0.6+f9bf0dda.la64.r.cp312/bin/libomni.kit.imgui_renderer.ext.plugin.so'
2026-09-10T04:25:02Z [12,473ms] [Info] [carb] Initializing plugin: omni.kit.imgui_renderer.plugin (interfaces: [omni::kit::renderer::IImGuiRenderer v1.3]) (impl: omni.kit.imgui_renderer.plugin)
2026-09-10T04:25:02Z [12,473ms] [Info] [carb] Initializing plugin: carb.windowing-glfw.plugin (interfaces: [carb::windowing::IGLContext v1.0],[carb::windowing::IWindowing v1.5]) (impl: carb.windowing-glfw.plugin)
2026-09-10T04:25:02Z [12,473ms] [Warning] [carb.windowing-glfw.plugin] GLFW initialization failed.
2026-09-10T04:25:02Z [12,473ms] [Warning] [carb] Failed to startup plugin carb.windowing-glfw.plugin (interfaces: [carb::windowing::IGLContext v1.0],[carb::windowing::IWindowing v1.5]) (impl: carb.windowing-glfw.plugin)
2026-09-10T04:25:02Z [12,474ms] [Info] [carb] Unloading plugin carb.windowing-glfw.plugin
2026-09-10T04:25:02Z [12,474ms] [Info] [carb] Initializing plugin: omni.ui.windowmanager.plugin (interfaces: [omni::ui::windowmanager::IWindowCallbackManager v0.3]) (impl: omni.ui.windowmanager.plugin)
2026-09-10T04:25:02Z [12,474ms] [Info] [carb] Plugin omni.kit.imgui_renderer.plugin is already a dependency of omni.ui.windowmanager.plugin; not changing unload order
2026-09-10T04:25:02Z [12,474ms] [Info] [carb] Initializing plugin: carb.imgui.plugin (interfaces: [carb::imgui::ImGui v1.0],[carb::imgui::NetImGui v1.0]) (impl: carb.imgui.plugin)
2026-09-10T04:25:02Z [12,474ms] [Info] [carb] Initializing plugin: carb.imguizmo.plugin (interfaces: [carb::imguizmo::ImGuizmo v1.0]) (impl: carb.imguizmo.plugin)
2026-09-10T04:25:02Z [12,474ms] [Info] [carb] Initializing plugin: carb.windowing-glfw.plugin (interfaces: [carb::windowing::IGLContext v1.0],[carb::windowing::IWindowing v1.5]) (impl: carb.windowing-glfw.plugin)
2026-09-10T04:25:02Z [12,475ms] [Warning] [carb.windowing-glfw.plugin] GLFW initialization failed.
2026-09-10T04:25:02Z [12,475ms] [Warning] [carb] Failed to startup plugin carb.windowing-glfw.plugin (interfaces: [carb::windowing::IGLContext v1.0],[carb::windowing::IWindowing v1.5]) (impl: carb.windowing-glfw.plugin)
2026-09-10T04:25:02Z [12,475ms] [Info] [carb] Unloading plugin carb.windowing-glfw.plugin
2026-09-10T04:25:02Z [12,475ms] [Info] [carb] Initializing plugin: omni.ui.glyphmanager.plugin (interfaces: [omni::ui::IGlyphManager v1.0]) (impl: omni.ui.glyphmanager.plugin)
2026-09-10T04:25:02Z [12,475ms] [Info] [carb] Plugin omni.kit.imgui_renderer.plugin is already a dependency of omni.kit.app.plugin; not changing unload order
2026-09-10T04:25:02Z [12,480ms] [Info] [carb] Initializing plugin: carb.svg.plugin (interfaces: [carb::svg::Svg v0.1]) (impl: carb.svg.plugin)
2026-09-10T04:25:02Z [12,480ms] [Info] [omni.ui.glyphmanager.plugin] Loading font file /isaac-sim/kit/resources/fonts/roboto_medium.ttf
2026-09-10T04:25:02Z [12,480ms] [Info] [omni.ui.glyphmanager.plugin] Attempting to register glyph from file: /isaac-sim/kit/resources/glyphs/sync.svg
2026-09-10T04:25:02Z [12,481ms] [Info] [omni.ui.glyphmanager.plugin] Attempting to register glyph from file: /isaac-sim/kit/resources/glyphs/menu_duplicate.svg
2026-09-10T04:25:02Z [12,481ms] [Info] [omni.ui.glyphmanager.plugin] Attempting to register glyph from file: /isaac-sim/kit/resources/glyphs/timeline_prev.svg
2026-09-10T04:25:02Z [12,481ms] [Info] [omni.ui.glyphmanager.plugin] Attempting to register glyph from file: /isaac-sim/kit/resources/glyphs/scroll.svg
2026-09-10T04:25:02Z [12,481ms] [Info] [omni.ui.glyphmanager.plugin] Attempting to register glyph from file: /isaac-sim/kit/resources/glyphs/menu_add.svg
2026-09-10T04:25:02Z [12,481ms] [Info] [omni.ui.glyphmanager.plugin] Attempting to register glyph from file: /isaac-sim/kit/resources/glyphs/timeline_rewind.svg
2026-09-10T04:25:02Z [12,481ms] [Info] [omni.ui.glyphmanager.plugin] Attempting to register glyph from file: /isaac-sim/kit/resources/glyphs/label.svg
2026-09-10T04:25:02Z [12,481ms] [Info] [omni.ui.glyphmanager.plugin] Attempting to register glyph from file: /isaac-sim/kit/resources/glyphs/graph_node_dark.svg
2026-09-10T04:25:02Z [12,481ms] [Info] [omni.ui.glyphmanager.plugin] Attempting to register glyph from file: /isaac-sim/kit/resources/glyphs/layer_save.svg
2026-09-10T04:25:02Z [12,481ms] [Info] [omni.ui.glyphmanager.plugin] Attempting to register glyph from file: /isaac-sim/kit/resources/glyphs/menu_insert_sublayer.svg
2026-09-10T04:25:02Z [12,481ms] [Info] [omni.ui.glyphmanager.plugin] Attempting to register glyph from file: /isaac-sim/kit/resources/glyphs/omniverse_logo.svg
2026-09-10T04:25:02Z [12,481ms] [Info] [omni.ui.glyphmanager.plugin] Attempting to register glyph from file: /isaac-sim/kit/resources/glyphs/timeline_forward.svg
2026-09-10T04:25:02Z [12,481ms] [Info] [omni.ui.glyphmanager.plugin] Attempting to register glyph from file: /isaac-sim/kit/resources/glyphs/edit_deactivate.svg
2026-09-10T04:25:02Z [12,481ms] [Info] [omni.ui.glyphmanager.plugin] Attempting to register glyph from file: /isaac-sim/kit/resources/glyphs/menu_link.svg
2026-09-10T04:25:02Z [12,481ms] [Info] [omni.ui.glyphmanager.plugin] Attempting to register glyph from file: /isaac-sim/kit/resources/glyphs/question.svg
2026-09-10T04:25:02Z [12,481ms] [Info] [omni.ui.glyphmanager.plugin] Attempting to register glyph from file: /isaac-sim/kit/resources/glyphs/menu_flow.svg
2026-09-10T04:25:02Z [12,481ms] [Info] [omni.ui.glyphmanager.plugin] Attempting to register glyph from file: /isaac-sim/kit/resources/glyphs/menu_deactivate.svg
2026-09-10T04:25:02Z [12,481ms] [Info] [omni.ui.glyphmanager.plugin] Attempting to register glyph from file: /isaac-sim/kit/resources/glyphs/hstack.svg
2026-09-10T04:25:02Z [12,481ms] [Info] [omni.ui.glyphmanager.plugin] Attempting to register glyph from file: /isaac-sim/kit/resources/glyphs/spacer.svg
2026-09-10T04:25:02Z [12,481ms] [Info] [omni.ui.glyphmanager.plugin] Attempting to register glyph from file: /isaac-sim/kit/resources/glyphs/AOV_dark.svg
2026-09-10T04:25:02Z [12,481ms] [Info] [omni.ui.glyphmanager.plugin] Attempting to register glyph from file: /isaac-sim/kit/resources/glyphs/lightning.svg
2026-09-10T04:25:02Z [12,481ms] [Info] [omni.ui.glyphmanager.plugin] Attempting to register glyph from file: /isaac-sim/kit/resources/glyphs/database.svg
2026-09-10T04:25:02Z [12,481ms] [Info] [omni.ui.glyphmanager.plugin] Attempting to register glyph from file: /isaac-sim/kit/resources/glyphs/toolbar_move_global.svg
2026-09-10T04:25:02Z [12,481ms] [Info] [omni.ui.glyphmanager.plugin] Attempting to register glyph from file: /isaac-sim/kit/resources/glyphs/Error_Log.svg
2026-09-10T04:25:02Z [12,482ms] [Info] [omni.ui.glyphmanager.plugin] Attempting to register glyph from file: /isaac-sim/kit/resources/glyphs/data2ui.svg
2026-09-10T04:25:02Z [12,482ms] [Info] [omni.ui.glyphmanager.plugin] Attempting to register glyph from file: /isaac-sim/kit/resources/glyphs/timeline_loop.svg
2026-09-10T04:25:02Z [12,482ms] [Info] [omni.ui.glyphmanager.plugin] Attempting to register glyph from file: /isaac-sim/kit/resources/glyphs/text.svg
2026-09-10T04:25:02Z [12,482ms] [Info] [omni.ui.glyphmanager.plugin] Attempting to register glyph from file: /isaac-sim/kit/resources/glyphs/light.svg
2026-09-10T04:25:02Z [12,482ms] [Info] [omni.ui.glyphmanager.plugin] Attempting to register glyph from file: /isaac-sim/kit/resources/glyphs/link.svg
2026-09-10T04:25:02Z [12,482ms] [Info] [omni.ui.glyphmanager.plugin] Attempting to register glyph from file: /isaac-sim/kit/resources/glyphs/toolbar_snap.svg
2026-09-10T04:25:02Z [12,482ms] [Info] [omni.ui.glyphmanager.plugin] Attempting to register glyph from file: /isaac-sim/kit/resources/glyphs/menu_search.svg
2026-09-10T04:25:02Z [12,482ms] [Info] [omni.ui.glyphmanager.plugin] Attempting to register glyph from file: /isaac-sim/kit/resources/glyphs/desktop.svg
2026-09-10T04:25:02Z [12,482ms] [Info] [omni.ui.glyphmanager.plugin] Attempting to register glyph from file: /isaac-sim/kit/resources/glyphs/toolbar_rotate_local.svg
2026-09-10T04:25:02Z [12,482ms] [Info] [omni.ui.glyphmanager.plugin] Attempting to register glyph from file: /isaac-sim/kit/resources/glyphs/toolbar_scale.svg
2026-09-10T04:25:02Z [12,482ms] [Info] [omni.ui.glyphmanager.plugin] Attempting to register glyph from file: /isaac-sim/kit/resources/glyphs/audio_play.svg
2026-09-10T04:25:02Z [12,482ms] [Info] [omni.ui.glyphmanager.plugin] Attempting to register glyph from file: /isaac-sim/kit/resources/glyphs/line.svg
2026-09-10T04:25:02Z [12,482ms] [Info] [omni.ui.glyphmanager.plugin] Attempting to register glyph from file: /isaac-sim/kit/resources/glyphs/menu_plus.svg
2026-09-10T04:25:02Z [12,482ms] [Info] [omni.ui.glyphmanager.plugin] Attempting to register glyph from file: /isaac-sim/kit/resources/glyphs/menu_rename.svg
2026-09-10T04:25:02Z [12,482ms] [Info] [omni.ui.glyphmanager.plugin] Attempting to register glyph from file: /isaac-sim/kit/resources/glyphs/menu_scope.svg
2026-09-10T04:25:02Z [12,482ms] [Info] [omni.ui.glyphmanager.plugin] Attempting to register glyph from file: /isaac-sim/kit/resources/glyphs/toolbar_play.svg
2026-09-10T04:25:02Z [12,482ms] [Info] [omni.ui.glyphmanager.plugin] Attempting to register glyph from file: /isaac-sim/kit/resources/glyphs/menu_delete.svg
2026-09-10T04:25:02Z [12,482ms] [Info] [omni.ui.glyphmanager.plugin] Attempting to register glyph from file: /isaac-sim/kit/resources/glyphs/list.svg
2026-09-10T04:25:02Z [12,482ms] [Info] [omni.ui.glyphmanager.plugin] Attempting to register glyph from file: /isaac-sim/kit/resources/glyphs/menu_camera.svg
2026-09-10T04:25:02Z [12,482ms] [Info] [omni.ui.glyphmanager.plugin] Attempting to register glyph from file: /isaac-sim/kit/resources/glyphs/offset_dark.svg
2026-09-10T04:25:02Z [12,482ms] [Info] [omni.ui.glyphmanager.plugin] Attempting to register glyph from file: /isaac-sim/kit/resources/glyphs/frame.svg
2026-09-10T04:25:02Z [12,482ms] [Info] [omni.ui.glyphmanager.plugin] Attempting to register glyph from file: /isaac-sim/kit/resources/glyphs/layers.svg
2026-09-10T04:25:02Z [12,483ms] [Info] [omni.ui.glyphmanager.plugin] Attempting to register glyph from file: /isaac-sim/kit/resources/glyphs/animation_graph.svg
2026-09-10T04:25:02Z [12,483ms] [Info] [omni.ui.glyphmanager.plugin] Attempting to register glyph from file: /isaac-sim/kit/resources/glyphs/menu_light.svg
2026-09-10T04:25:02Z [12,483ms] [Info] [omni.ui.glyphmanager.plugin] Attempting to register glyph from file: /isaac-sim/kit/resources/glyphs/user.svg
2026-09-10T04:25:02Z [12,483ms] [Info] [omni.ui.glyphmanager.plugin] Attempting to register glyph from file: /isaac-sim/kit/resources/glyphs/style.svg
2026-09-10T04:25:02Z [12,483ms] [Info] [omni.ui.glyphmanager.plugin] Attempting to register glyph from file: /isaac-sim/kit/resources/glyphs/toolbar_rotate_global.svg
2026-09-10T04:25:02Z [12,483ms] [Info] [omni.ui.glyphmanager.plugin] Attempting to register glyph from file: /isaac-sim/kit/resources/glyphs/exclamation.svg
2026-09-10T04:25:02Z [12,483ms] [Info] [omni.ui.glyphmanager.plugin] Attempting to register glyph from file: /isaac-sim/kit/resources/glyphs/filter.svg
2026-09-10T04:25:02Z [12,483ms] [Info] [omni.ui.glyphmanager.plugin] Attempting to register glyph from file: /isaac-sim/kit/resources/glyphs/menu_flatten_layers.svg
2026-09-10T04:25:02Z [12,483ms] [Info] [omni.ui.glyphmanager.plugin] Attempting to register glyph from file: /isaac-sim/kit/resources/glyphs/my_computer.svg
2026-09-10T04:25:02Z [12,483ms] [Info] [omni.ui.glyphmanager.plugin] Attempting to register glyph from file: /isaac-sim/kit/resources/glyphs/timeline_time.svg
2026-09-10T04:25:02Z [12,483ms] [Info] [omni.ui.glyphmanager.plugin] Attempting to register glyph from file: /isaac-sim/kit/resources/glyphs/lazy_graph.svg
2026-09-10T04:25:02Z [12,483ms] [Info] [omni.ui.glyphmanager.plugin] Attempting to register glyph from file: /isaac-sim/kit/resources/glyphs/timeline_next.svg
2026-09-10T04:25:02Z [12,483ms] [Info] [omni.ui.glyphmanager.plugin] Attempting to register glyph from file: /isaac-sim/kit/resources/glyphs/menu_material.svg
2026-09-10T04:25:02Z [12,483ms] [Info] [omni.ui.glyphmanager.plugin] Attempting to register glyph from file: /isaac-sim/kit/resources/glyphs/menu_minus.svg
2026-09-10T04:25:02Z [12,483ms] [Info] [omni.ui.glyphmanager.plugin] Attempting to register glyph from file: /isaac-sim/kit/resources/glyphs/paste.svg
2026-09-10T04:25:02Z [12,483ms] [Info] [omni.ui.glyphmanager.plugin] Attempting to register glyph from file: /isaac-sim/kit/resources/glyphs/pencil.svg
2026-09-10T04:25:02Z [12,483ms] [Info] [omni.ui.glyphmanager.plugin] Attempting to register glyph from file: /isaac-sim/kit/resources/glyphs/menu_sequence.svg
2026-09-10T04:25:02Z [12,483ms] [Info] [omni.ui.glyphmanager.plugin] Attempting to register glyph from file: /isaac-sim/kit/resources/glyphs/eye.svg
2026-09-10T04:25:02Z [12,483ms] [Info] [omni.ui.glyphmanager.plugin] Attempting to register glyph from file: /isaac-sim/kit/resources/glyphs/menu_animation.svg
2026-09-10T04:25:02Z [12,483ms] [Info] [omni.ui.glyphmanager.plugin] Attempting to register glyph from file: /isaac-sim/kit/resources/glyphs/menu_particles.svg
2026-09-10T04:25:02Z [12,483ms] [Info] [omni.ui.glyphmanager.plugin] Attempting to register glyph from file: /isaac-sim/kit/resources/glyphs/flow_dark.svg
2026-09-10T04:25:02Z [12,483ms] [Info] [omni.ui.glyphmanager.plugin] Attempting to register glyph from file: /isaac-sim/kit/resources/glyphs/toolbar_select_models.svg
2026-09-10T04:25:02Z [12,483ms] [Info] [omni.ui.glyphmanager.plugin] Attempting to register glyph from file: /isaac-sim/kit/resources/glyphs/times_circle.svg
2026-09-10T04:25:02Z [12,483ms] [Info] [omni.ui.glyphmanager.plugin] Attempting to register glyph from file: /isaac-sim/kit/resources/glyphs/layer_delta.svg
2026-09-10T04:25:02Z [12,483ms] [Info] [omni.ui.glyphmanager.plugin] Attempting to register glyph from file: /isaac-sim/kit/resources/glyphs/folder_open.svg
2026-09-10T04:25:02Z [12,484ms] [Info] [omni.ui.glyphmanager.plugin] Attempting to register glyph from file: /isaac-sim/kit/resources/glyphs/menu_lock.svg
2026-09-10T04:25:02Z [12,484ms] [Info] [omni.ui.glyphmanager.plugin] Attempting to register glyph from file: /isaac-sim/kit/resources/glyphs/hdd.svg
2026-09-10T04:25:02Z [12,484ms] [Info] [omni.ui.glyphmanager.plugin] Attempting to register glyph from file: /isaac-sim/kit/resources/glyphs/none.svg
2026-09-10T04:25:02Z [12,484ms] [Info] [omni.ui.glyphmanager.plugin] Attempting to register glyph from file: /isaac-sim/kit/resources/glyphs/restore.svg
2026-09-10T04:25:02Z [12,484ms] [Info] [omni.ui.glyphmanager.plugin] Attempting to register glyph from file: /isaac-sim/kit/resources/glyphs/info.svg
2026-09-10T04:25:02Z [12,484ms] [Info] [omni.ui.glyphmanager.plugin] Attempting to register glyph from file: /isaac-sim/kit/resources/glyphs/plug.svg
2026-09-10T04:25:02Z [12,484ms] [Info] [omni.ui.glyphmanager.plugin] Attempting to register glyph from file: /isaac-sim/kit/resources/glyphs/timeline_pause.svg
2026-09-10T04:25:02Z [12,484ms] [Info] [omni.ui.glyphmanager.plugin] Attempting to register glyph from file: /isaac-sim/kit/resources/glyphs/toolbar_select_model.svg
2026-09-10T04:25:02Z [12,484ms] [Info] [omni.ui.glyphmanager.plugin] Attempting to register glyph from file: /isaac-sim/kit/resources/glyphs/menu_context.svg
2026-09-10T04:25:02Z [12,484ms] [Info] [omni.ui.glyphmanager.plugin] Attempting to register glyph from file: /isaac-sim/kit/resources/glyphs/menu_save.svg
2026-09-10T04:25:02Z [12,484ms] [Info] [omni.ui.glyphmanager.plugin] Attempting to register glyph from file: /isaac-sim/kit/resources/glyphs/menu_save_as.svg
2026-09-10T04:25:02Z [12,484ms] [Info] [omni.ui.glyphmanager.plugin] Attempting to register glyph from file: /isaac-sim/kit/resources/glyphs/bookmark.svg
2026-09-10T04:25:02Z [12,484ms] [Info] [omni.ui.glyphmanager.plugin] Attempting to register glyph from file: /isaac-sim/kit/resources/glyphs/materials.svg
2026-09-10T04:25:02Z [12,484ms] [Info] [omni.ui.glyphmanager.plugin] Attempting to register glyph from file: /isaac-sim/kit/resources/glyphs/cog.svg
2026-09-10T04:25:02Z [12,484ms] [Info] [omni.ui.glyphmanager.plugin] Attempting to register glyph from file: /isaac-sim/kit/resources/glyphs/Open_Log.svg
2026-09-10T04:25:02Z [12,484ms] [Info] [omni.ui.glyphmanager.plugin] Attempting to register glyph from file: /isaac-sim/kit/resources/glyphs/trash.svg
2026-09-10T04:25:02Z [12,484ms] [Info] [omni.ui.glyphmanager.plugin] Attempting to register glyph from file: /isaac-sim/kit/resources/glyphs/stylecontainer.svg
2026-09-10T04:25:02Z [12,484ms] [Info] [omni.ui.glyphmanager.plugin] Attempting to register glyph from file: /isaac-sim/kit/resources/glyphs/geometry.svg
2026-09-10T04:25:02Z [12,484ms] [Info] [omni.ui.glyphmanager.plugin] Attempting to register glyph from file: /isaac-sim/kit/resources/glyphs/circle.svg
2026-09-10T04:25:02Z [12,484ms] [Info] [omni.ui.glyphmanager.plugin] Attempting to register glyph from file: /isaac-sim/kit/resources/glyphs/menu_curve.svg
2026-09-10T04:25:02Z [12,484ms] [Info] [omni.ui.glyphmanager.plugin] Attempting to register glyph from file: /isaac-sim/kit/resources/glyphs/mixed_checkbox.svg
2026-09-10T04:25:02Z [12,484ms] [Info] [omni.ui.glyphmanager.plugin] Attempting to register glyph from file: /isaac-sim/kit/resources/glyphs/angle_left.svg
2026-09-10T04:25:02Z [12,484ms] [Info] [omni.ui.glyphmanager.plugin] Attempting to register glyph from file: /isaac-sim/kit/resources/glyphs/transform_y.svg
2026-09-10T04:25:02Z [12,484ms] [Info] [omni.ui.glyphmanager.plugin] Attempting to register glyph from file: /isaac-sim/kit/resources/glyphs/cloud_upload.svg
2026-09-10T04:25:02Z [12,484ms] [Info] [omni.ui.glyphmanager.plugin] Attempting to register glyph from file: /isaac-sim/kit/resources/glyphs/menu_refresh.svg
2026-09-10T04:25:02Z [12,484ms] [Info] [omni.ui.glyphmanager.plugin] Attempting to register glyph from file: /isaac-sim/kit/resources/glyphs/Clear_Log.svg
2026-09-10T04:25:02Z [12,484ms] [Info] [omni.ui.glyphmanager.plugin] Attempting to register glyph from file: /isaac-sim/kit/resources/glyphs/thumbnail.svg
2026-09-10T04:25:02Z [12,484ms] [Info] [omni.ui.glyphmanager.plugin] Attempting to register glyph from file: /isaac-sim/kit/resources/glyphs/book.svg
2026-09-10T04:25:02Z [12,484ms] [Info] [omni.ui.glyphmanager.plugin] Attempting to register glyph from file: /isaac-sim/kit/resources/glyphs/plus.svg
2026-09-10T04:25:02Z [12,484ms] [Info] [omni.ui.glyphmanager.plugin] Attempting to register glyph from file: /isaac-sim/kit/resources/glyphs/zstack.svg
2026-09-10T04:25:02Z [12,484ms] [Info] [omni.ui.glyphmanager.plugin] Attempting to register glyph from file: /isaac-sim/kit/resources/glyphs/error.svg
2026-09-10T04:25:02Z [12,485ms] [Info] [omni.ui.glyphmanager.plugin] Attempting to register glyph from file: /isaac-sim/kit/resources/glyphs/cloud.svg
2026-09-10T04:25:02Z [12,485ms] [Info] [omni.ui.glyphmanager.plugin] Attempting to register glyph from file: /isaac-sim/kit/resources/glyphs/lock_open.svg
2026-09-10T04:25:02Z [12,485ms] [Info] [omni.ui.glyphmanager.plugin] Attempting to register glyph from file: /isaac-sim/kit/resources/glyphs/menu_physics.svg
2026-09-10T04:25:02Z [12,485ms] [Info] [omni.ui.glyphmanager.plugin] Attempting to register glyph from file: /isaac-sim/kit/resources/glyphs/check_square.svg
2026-09-10T04:25:02Z [12,485ms] [Info] [omni.ui.glyphmanager.plugin] Attempting to register glyph from file: /isaac-sim/kit/resources/glyphs/Open_Folder.svg
2026-09-10T04:25:02Z [12,485ms] [Info] [omni.ui.glyphmanager.plugin] Attempting to register glyph from file: /isaac-sim/kit/resources/glyphs/hdd_plus_content.svg
2026-09-10T04:25:02Z [12,485ms] [Info] [omni.ui.glyphmanager.plugin] Attempting to register glyph from file: /isaac-sim/kit/resources/glyphs/arrow_down.svg
2026-09-10T04:25:02Z [12,485ms] [Info] [omni.ui.glyphmanager.plugin] Attempting to register glyph from file: /isaac-sim/kit/resources/glyphs/docs.svg
2026-09-10T04:25:02Z [12,485ms] [Info] [omni.ui.glyphmanager.plugin] Attempting to register glyph from file: /isaac-sim/kit/resources/glyphs/menu_navigation.svg
2026-09-10T04:25:02Z [12,485ms] [Info] [omni.ui.glyphmanager.plugin] Attempting to register glyph from file: /isaac-sim/kit/resources/glyphs/arrow_up.svg
2026-09-10T04:25:02Z [12,485ms] [Info] [omni.ui.glyphmanager.plugin] Attempting to register glyph from file: /isaac-sim/kit/resources/glyphs/menu_character_system.svg
2026-09-10T04:25:02Z [12,485ms] [Info] [omni.ui.glyphmanager.plugin] Attempting to register glyph from file: /isaac-sim/kit/resources/glyphs/audio_record.svg
2026-09-10T04:25:02Z [12,485ms] [Info] [omni.ui.glyphmanager.plugin] Attempting to register glyph from file: /isaac-sim/kit/resources/glyphs/menu_graph.svg
2026-09-10T04:25:02Z [12,485ms] [Info] [omni.ui.glyphmanager.plugin] Attempting to register glyph from file: /isaac-sim/kit/resources/glyphs/toolbar_stop.svg
2026-09-10T04:25:02Z [12,485ms] [Info] [omni.ui.glyphmanager.plugin] Attempting to register glyph from file: /isaac-sim/kit/resources/glyphs/toolbar_move_local.svg
2026-09-10T04:25:02Z [12,485ms] [Info] [omni.ui.glyphmanager.plugin] Attempting to register glyph from file: /isaac-sim/kit/resources/glyphs/menu_activate.svg
2026-09-10T04:25:02Z [12,485ms] [Info] [omni.ui.glyphmanager.plugin] Attempting to register glyph from file: /isaac-sim/kit/resources/glyphs/menu_audio.svg
2026-09-10T04:25:02Z [12,485ms] [Info] [omni.ui.glyphmanager.plugin] Attempting to register glyph from file: /isaac-sim/kit/resources/glyphs/menu_create_sublayer.svg
2026-09-10T04:25:02Z [12,485ms] [Info] [omni.ui.glyphmanager.plugin] Attempting to register glyph from file: /isaac-sim/kit/resources/glyphs/menu_xform.svg
2026-09-10T04:25:02Z [12,485ms] [Info] [omni.ui.glyphmanager.plugin] Attempting to register glyph from file: /isaac-sim/kit/resources/glyphs/angle_right.svg
2026-09-10T04:25:02Z [12,485ms] [Info] [omni.ui.glyphmanager.plugin] Attempting to register glyph from file: /isaac-sim/kit/resources/glyphs/spinner.svg
2026-09-10T04:25:02Z [12,485ms] [Info] [omni.ui.glyphmanager.plugin] Attempting to register glyph from file: /isaac-sim/kit/resources/glyphs/save.svg
2026-09-10T04:25:02Z [12,485ms] [Info] [omni.ui.glyphmanager.plugin] Attempting to register glyph from file: /isaac-sim/kit/resources/glyphs/file.svg
2026-09-10T04:25:02Z [12,485ms] [Info] [omni.ui.glyphmanager.plugin] Attempting to register glyph from file: /isaac-sim/kit/resources/glyphs/unlink.svg
2026-09-10T04:25:02Z [12,486ms] [Info] [omni.ui.glyphmanager.plugin] Attempting to register glyph from file: /isaac-sim/kit/resources/glyphs/rectangle.svg
2026-09-10T04:25:02Z [12,486ms] [Info] [omni.ui.glyphmanager.plugin] Attempting to register glyph from file: /isaac-sim/kit/resources/glyphs/Info_Log.svg
2026-09-10T04:25:02Z [12,486ms] [Info] [omni.ui.glyphmanager.plugin] Attempting to register glyph from file: /isaac-sim/kit/resources/glyphs/group_selected.svg
2026-09-10T04:25:02Z [12,486ms] [Info] [omni.ui.glyphmanager.plugin] Attempting to register glyph from file: /isaac-sim/kit/resources/glyphs/scrollingframe.svg
2026-09-10T04:25:02Z [12,486ms] [Info] [omni.ui.glyphmanager.plugin] Attempting to register glyph from file: /isaac-sim/kit/resources/glyphs/external_link.svg
2026-09-10T04:25:02Z [12,486ms] [Info] [omni.ui.glyphmanager.plugin] Attempting to register glyph from file: /isaac-sim/kit/resources/glyphs/offset_active_dark.svg
2026-09-10T04:25:02Z [12,486ms] [Info] [omni.ui.glyphmanager.plugin] Attempting to register glyph from file: /isaac-sim/kit/resources/glyphs/copy.svg
2026-09-10T04:25:02Z [12,486ms] [Info] [omni.ui.glyphmanager.plugin] Attempting to register glyph from file: /isaac-sim/kit/resources/glyphs/push_graph.svg
2026-09-10T04:25:02Z [12,486ms] [Info] [omni.ui.glyphmanager.plugin] Attempting to register glyph from file: /isaac-sim/kit/resources/glyphs/share.svg
2026-09-10T04:25:02Z [12,486ms] [Info] [omni.ui.glyphmanager.plugin] Attempting to register glyph from file: /isaac-sim/kit/resources/glyphs/square.svg
2026-09-10T04:25:02Z [12,486ms] [Info] [omni.ui.glyphmanager.plugin] Attempting to register glyph from file: /isaac-sim/kit/resources/glyphs/shading.svg
2026-09-10T04:25:02Z [12,486ms] [Info] [omni.ui.glyphmanager.plugin] Attempting to register glyph from file: /isaac-sim/kit/resources/glyphs/menu_paste.svg
2026-09-10T04:25:02Z [12,486ms] [Info] [omni.ui.glyphmanager.plugin] Attempting to register glyph from file: /isaac-sim/kit/resources/glyphs/vstack.svg
2026-09-10T04:25:02Z [12,486ms] [Info] [omni.ui.glyphmanager.plugin] Attempting to register glyph from file: /isaac-sim/kit/resources/glyphs/cube.svg
2026-09-10T04:25:02Z [12,486ms] [Info] [omni.ui.glyphmanager.plugin] Attempting to register glyph from file: /isaac-sim/kit/resources/glyphs/timeline_play.svg
2026-09-10T04:25:02Z [12,486ms] [Info] [omni.ui.glyphmanager.plugin] Attempting to register glyph from file: /isaac-sim/kit/resources/glyphs/toolbar_pause.svg
2026-09-10T04:25:02Z [12,486ms] [Info] [omni.ui.glyphmanager.plugin] Attempting to register glyph from file: /isaac-sim/kit/resources/glyphs/lock.svg
2026-09-10T04:25:02Z [12,486ms] [Info] [omni.ui.glyphmanager.plugin] Attempting to register glyph from file: /isaac-sim/kit/resources/glyphs/physics_dark.svg
2026-09-10T04:25:02Z [12,486ms] [Info] [omni.ui.glyphmanager.plugin] Attempting to register glyph from file: /isaac-sim/kit/resources/glyphs/menu_create.svg
2026-09-10T04:25:02Z [12,486ms] [Info] [omni.ui.glyphmanager.plugin] Attempting to register glyph from file: /isaac-sim/kit/resources/glyphs/show.svg
2026-09-10T04:25:02Z [12,486ms] [Info] [omni.ui.glyphmanager.plugin] Attempting to register glyph from file: /isaac-sim/kit/resources/glyphs/eye_slash.svg
2026-09-10T04:25:02Z [12,486ms] [Info] [omni.ui.glyphmanager.plugin] Attempting to register glyph from file: /isaac-sim/kit/resources/glyphs/transform_x.svg
2026-09-10T04:25:02Z [12,486ms] [Info] [omni.ui.glyphmanager.plugin] Attempting to register glyph from file: /isaac-sim/kit/resources/glyphs/image.svg
2026-09-10T04:25:02Z [12,486ms] [Info] [omni.ui.glyphmanager.plugin] Attempting to register glyph from file: /isaac-sim/kit/resources/glyphs/cross_check.svg
2026-09-10T04:25:02Z [12,486ms] [Info] [omni.ui.glyphmanager.plugin] Attempting to register glyph from file: /isaac-sim/kit/resources/glyphs/asterisk.svg
2026-09-10T04:25:02Z [12,486ms] [Info] [omni.ui.glyphmanager.plugin] Attempting to register glyph from file: /isaac-sim/kit/resources/glyphs/layers_switch_local.svg
2026-09-10T04:25:02Z [12,486ms] [Info] [omni.ui.glyphmanager.plugin] Attempting to register glyph from file: /isaac-sim/kit/resources/glyphs/placer.svg
2026-09-10T04:25:02Z [12,486ms] [Info] [omni.ui.glyphmanager.plugin] Attempting to register glyph from file: /isaac-sim/kit/resources/glyphs/settings.svg
2026-09-10T04:25:02Z [12,486ms] [Info] [omni.ui.glyphmanager.plugin] Attempting to register glyph from file: /isaac-sim/kit/resources/glyphs/hdd_content.svg
2026-09-10T04:25:02Z [12,487ms] [Info] [omni.ui.glyphmanager.plugin] Attempting to register glyph from file: /isaac-sim/kit/resources/glyphs/layers_switch_global.svg
2026-09-10T04:25:02Z [12,487ms] [Info] [omni.ui.glyphmanager.plugin] Attempting to register glyph from file: /isaac-sim/kit/resources/glyphs/link_tint.svg
2026-09-10T04:25:02Z [12,487ms] [Info] [omni.ui.glyphmanager.plugin] Attempting to register glyph from file: /isaac-sim/kit/resources/glyphs/action_graph.svg
2026-09-10T04:25:02Z [12,486ms] [Info] [omni.ui.glyphmanager.plugin] Attempting to register glyph from file: /isaac-sim/kit/resources/glyphs/menu_prim.svg
2026-09-10T04:25:02Z [12,487ms] [Info] [omni.ui.glyphmanager.plugin] Attempting to register glyph from file: /isaac-sim/kit/resources/glyphs/button.svg
2026-09-10T04:25:02Z [12,487ms] [Info] [omni.ui.glyphmanager.plugin] Attempting to register glyph from file: /isaac-sim/kit/resources/glyphs/audio.svg
2026-09-10T04:25:02Z [12,487ms] [Info] [omni.ui.glyphmanager.plugin] Attempting to register glyph from file: /isaac-sim/kit/resources/glyphs/folder.svg
2026-09-10T04:25:02Z [12,487ms] [Info] [omni.ui.glyphmanager.plugin] Attempting to register glyph from file: /isaac-sim/kit/resources/glyphs/camera.svg
2026-09-10T04:25:02Z [12,487ms] [Info] [omni.ui.glyphmanager.plugin] Attempting to register glyph from file: /isaac-sim/kit/resources/glyphs/toolbar_select_prims.svg
2026-09-10T04:25:02Z [12,487ms] [Info] [omni.ui.glyphmanager.plugin] Attempting to register glyph from file: /isaac-sim/kit/resources/glyphs/transform_z.svg
2026-09-10T04:25:02Z [12,487ms] [Info] [omni.ui.glyphmanager.plugin] Attempting to register glyph from file: /isaac-sim/kit/resources/glyphs/Warning_Log.svg
2026-09-10T04:25:02Z [12,487ms] [Info] [omni.ui.glyphmanager.plugin] Attempting to register glyph from file: /isaac-sim/kit/resources/glyphs/check_solid.svg
2026-09-10T04:25:02Z [12,487ms] [Info] [omni.ui.glyphmanager.plugin] Attempting to register glyph from file: /isaac-sim/kit/resources/glyphs/curve_dark.svg
2026-09-10T04:25:02Z [12,487ms] [Info] [omni.ui.glyphmanager.plugin] Attempting to register glyph from file: /isaac-sim/kit/resources/glyphs/sequence.svg
2026-09-10T04:25:02Z [12,487ms] [Info] [omni.ui.glyphmanager.plugin] Attempting to register glyph from file: /isaac-sim/kit/resources/glyphs/triangle.svg
2026-09-10T04:25:02Z [12,487ms] [Info] [omni.ui.glyphmanager.plugin] Attempting to register glyph from file: /isaac-sim/kit/resources/glyphs/timeline_stop.svg
2026-09-10T04:25:02Z [12,487ms] [Info] [omni.ui.glyphmanager.plugin] Attempting to register glyph from file: /isaac-sim/kit/resources/glyphs/toolbar_select_prim.svg
2026-09-10T04:25:02Z [12,487ms] [Info] [omni.ui.glyphmanager.plugin] Attempting to register glyph from file: /isaac-sim/kit/resources/glyphs/menu_merge_down.svg
2026-09-10T04:25:02Z [12,487ms] [Info] [omni.ui.glyphmanager.plugin] Attempting to register glyph from file: /isaac-sim/kit/resources/glyphs/menu_remove_layer.svg
2026-09-10T04:25:02Z [12,487ms] [Info] [omni.ui.glyphmanager.plugin] Attempting to register glyph from file: /isaac-sim/kit/resources/glyphs/square_regular.svg
2026-09-10T04:25:02Z [12,487ms] [Info] [omni.ui.glyphmanager.plugin] Attempting to register glyph from file: /isaac-sim/kit/resources/glyphs/link_tint_off.svg
2026-09-10T04:25:02Z [12,487ms] [Info] [omni.ui.glyphmanager.plugin] Attempting to register glyph from file: /isaac-sim/kit/resources/glyphs/upload.svg
2026-09-10T04:25:02Z [12,487ms] [Info] [omni.ui.glyphmanager.plugin] Attempting to register glyph from file: /isaac-sim/kit/resources/glyphs/cloud_download.svg
2026-09-10T04:25:02Z [12,487ms] [Info] [omni.ui.glyphmanager.plugin] Attempting to register glyph from file: /isaac-sim/kit/resources/glyphs/gamepad.svg
2026-09-10T04:25:02Z [12,499ms] [Info] [omni.kit.imgui_renderer.plugin] Creating font texture 1024 x 2672
2026-09-10T04:25:02Z [12,506ms] [Info] [omni.ext._impl._internal] Searching for classes derived from 'omni.ext.IExt' in 'omni.kit.imgui_renderer' ('/isaac-sim/extscache/omni.kit.renderer.imgui-2.0.6+f9bf0dda.la64.r.cp312')
2026-09-10T04:25:02Z [12,507ms] [Info] [omni.ext._impl._internal] Searching for classes derived from 'omni.ext.IExt' in 'omni.kit.imgui' ('/isaac-sim/extscache/omni.kit.renderer.imgui-2.0.6+f9bf0dda.la64.r.cp312')
2026-09-10T04:25:02Z [12,508ms] [Info] [omni.ext.plugin] [ext: omni.kit.renderer.imgui-2.0.6] started, startup time: 39 (ms)
2026-09-10T04:25:02Z [12,508ms] [Info] [omni.ext.plugin] About to startup: [ext: omni.kit.usd.layers-2.6.1] (order: 0) Triggered by: omni.kit.material.library-3.1.2, omni.usd.metrics.assembler.ui-110.1.1, omni.kit.primitive.mesh-1.1.0,  (path: /isaac-sim/extscache/omni.kit.usd.layers-2.6.1+f9bf0dda.la64.r.cp312)
2026-09-10T04:25:02Z [12,508ms] [Info] [omni.kit.app.plugin] [12.537s] [ext: omni.kit.usd.layers-2.6.1] startup
2026-09-10T04:25:02Z [12,509ms] [Info] [carb] Registered plugin: omni.kit.usd.layers.plugin (interfaces: [omni::kit::usd::layers::ILayers v1.1],[omni::kit::usd::layers::ILayersState v1.1],[omni::kit::usd::layers::IWorkflowAutoAuthoring v1.0],[omni::kit::usd::layers::IWorkflowLiveSyncing v2.2],[omni::kit::usd::layers::IWorkflowSpecsLinking v1.0],[omni::kit::usd::layers::IWorkflowSpecsLocking v1.0]) (impl: omni.kit.usd.layers.plugin)
2026-09-10T04:25:02Z [12,528ms] [Info] [omni.ext._impl._internal] Searching for classes derived from 'omni.ext.IExt' in 'omni.kit.usd.layers' ('/isaac-sim/extscache/omni.kit.usd.layers-2.6.1+f9bf0dda.la64.r.cp312')
2026-09-10T04:25:02Z [12,528ms] [Info] [omni.ext.plugin] [ext: omni.kit.usd.layers-2.6.1] started, startup time: 20 (ms)
2026-09-10T04:25:02Z [12,528ms] [Info] [omni.ext.plugin] About to startup: [ext: omni.ui-3.2.0] (order: 0) Triggered by: omni.kit.material.library-3.1.2, omni.kit.viewport.window-109.0.2, omni.syntheticdata-0.6.15, omni.kit.viewport.registry-104.0.6, omni.ui.scene-2.0.3, omni.kit.widget.viewport-109.2.0 (path: /isaac-sim/extscache/omni.ui-3.2.0+f9bf0dda.la64.r.cp312)
2026-09-10T04:25:02Z [12,528ms] [Info] [omni.kit.app.plugin] [12.558s] [ext: omni.ui-3.2.0] startup
2026-09-10T04:25:02Z [12,530ms] [Info] [carb] Registered plugin: omni.ui (interfaces: [omni::ext::IExt v0.1]) (impl: omni.ui)
2026-09-10T04:25:02Z [12,530ms] [Info] [carb] Initializing plugin: omni.ui (interfaces: [omni::ext::IExt v0.1]) (impl: omni.ui)
2026-09-10T04:25:02Z [12,530ms] [Info] [omni.ext.plugin] [ext: omni.ui-3.2.0] Starting ext::IExt in '/isaac-sim/extscache/omni.ui-3.2.0+f9bf0dda.la64.r.cp312/bin/libomni.ui.so'
2026-09-10T04:25:02Z [12,540ms] [Info] [omni.ext._impl._internal] Searching for classes derived from 'omni.ext.IExt' in 'omni.ui' ('/isaac-sim/extscache/omni.ui-3.2.0+f9bf0dda.la64.r.cp312')
2026-09-10T04:25:02Z [12,541ms] [Info] [omni.ext._impl._internal] Found class `InternalSessionNotificationExtension` derived from `omni.ext.IExt` in module: 'omni.ui' in '/isaac-sim/extscache/omni.ui-3.2.0+f9bf0dda.la64.r.cp312'. Calling `on_startup`.
2026-09-10T04:25:02Z [12,541ms] [Info] [omni.ext._impl._internal] Found class `UIPreferencesExtension` derived from `omni.ext.IExt` in module: 'omni.ui' in '/isaac-sim/extscache/omni.ui-3.2.0+f9bf0dda.la64.r.cp312'. Calling `on_startup`.
2026-09-10T04:25:02Z [12,541ms] [Info] [omni.ext.plugin] [ext: omni.ui-3.2.0] started, startup time: 12 (ms)
2026-09-10T04:25:02Z [12,541ms] [Info] [omni.ext.plugin] About to startup: [ext: omni.kit.primitive.mesh-1.1.0] (order: 0) Triggered by: omni.replicator.core-1.13.27, omni.kit.stage_templates-2.0.2 (path: /isaac-sim/extscache/omni.kit.primitive.mesh-1.1.0+f9bf0dda)
2026-09-10T04:25:02Z [12,541ms] [Info] [omni.kit.app.plugin] [12.571s] [ext: omni.kit.primitive.mesh-1.1.0] startup
2026-09-10T04:25:02Z [12,549ms] [Info] [omni.ext._impl._internal] Searching for classes derived from 'omni.ext.IExt' in 'omni.kit.primitive.mesh' ('/isaac-sim/extscache/omni.kit.primitive.mesh-1.1.0+f9bf0dda')
2026-09-10T04:25:02Z [12,549ms] [Info] [omni.ext._impl._internal] Found class `PrimitiveMeshExtension` derived from `omni.ext.IExt` in module: 'omni.kit.primitive.mesh' in '/isaac-sim/extscache/omni.kit.primitive.mesh-1.1.0+f9bf0dda'. Calling `on_startup`.
2026-09-10T04:25:02Z [12,550ms] [Info] [omni.ext.plugin] [ext: omni.kit.primitive.mesh-1.1.0] started, startup time: 8 (ms)
2026-09-10T04:25:02Z [12,550ms] [Info] [omni.ext.plugin] About to startup: [ext: omni.kit.stage_template.core-1.1.22] (order: 0) Triggered by: omni.kit.stage_templates-2.0.2 (path: /isaac-sim/extscache/omni.kit.stage_template.core-1.1.22+f9bf0dda)
2026-09-10T04:25:02Z [12,550ms] [Info] [omni.kit.app.plugin] [12.579s] [ext: omni.kit.stage_template.core-1.1.22] startup
2026-09-10T04:25:02Z [12,551ms] [Info] [omni.ext._impl._internal] Searching for classes derived from 'omni.ext.IExt' in 'omni.kit.stage_template.core' ('/isaac-sim/extscache/omni.kit.stage_template.core-1.1.22+f9bf0dda')
2026-09-10T04:25:02Z [12,551ms] [Info] [omni.ext._impl._internal] Found class `CoreStageExtension` derived from `omni.ext.IExt` in module: 'omni.kit.stage_template.core' in '/isaac-sim/extscache/omni.kit.stage_template.core-1.1.22+f9bf0dda'. Calling `on_startup`.
2026-09-10T04:25:02Z [12,551ms] [Info] [omni.ext.plugin] [ext: omni.kit.stage_template.core-1.1.22] started, startup time: 1 (ms)
2026-09-10T04:25:02Z [12,551ms] [Info] [omni.ext.plugin] About to startup: [ext: omni.kit.stage_templates-2.0.2] (order: 0) Triggered by: isaacsim.core.experimental.utils-0.17.2 (path: /isaac-sim/extscache/omni.kit.stage_templates-2.0.2+f9bf0dda)
2026-09-10T04:25:02Z [12,551ms] [Info] [omni.kit.app.plugin] [12.580s] [ext: omni.kit.stage_templates-2.0.2] startup
2026-09-10T04:25:02Z [12,552ms] [Info] [omni.ext._impl._internal] Searching for classes derived from 'omni.ext.IExt' in 'omni.kit.stage_templates' ('/isaac-sim/extscache/omni.kit.stage_templates-2.0.2+f9bf0dda')
2026-09-10T04:25:02Z [12,552ms] [Info] [omni.ext._impl._internal] Found class `NewStageExtension` derived from `omni.ext.IExt` in module: 'omni.kit.stage_templates' in '/isaac-sim/extscache/omni.kit.stage_templates-2.0.2+f9bf0dda'. Calling `on_startup`.
2026-09-10T04:25:02Z [12,554ms] [Info] [omni.ext.plugin] [ext: omni.kit.stage_templates-2.0.2] started, startup time: 3 (ms)
2026-09-10T04:25:02Z [12,554ms] [Info] [omni.ext.plugin] About to startup: [ext: omni.usd.metrics.assembler-110.1.2] (order: 0) Triggered by: omni.usd.metrics.assembler.ui-110.1.1, isaacsim.core.experimental.utils-0.17.2 (path: /isaac-sim/extscache/omni.usd.metrics.assembler-110.1.2+110.1.0.la64.r.cp312.u7f4)
2026-09-10T04:25:02Z [12,554ms] [Info] [omni.kit.app.plugin] [12.584s] [ext: omni.usd.metrics.assembler-110.1.2] startup
2026-09-10T04:25:02Z [12,555ms] [Info] [carb] Registered plugin: omni.usd.metrics.assembler.plugin (interfaces: [omni::usd::IMetricsAssembler v1.0]) (impl: omni.usd.metrics.assembler.plugin)
2026-09-10T04:25:02Z [12,557ms] [Info] [omni.ext._impl._internal] Searching for classes derived from 'omni.ext.IExt' in 'omni.metrics.assembler.core' ('/isaac-sim/extscache/omni.usd.metrics.assembler-110.1.2+110.1.0.la64.r.cp312.u7f4')
2026-09-10T04:25:02Z [12,557ms] [Info] [omni.ext._impl._internal] Found class `OmniUsdMetricsAssembler` derived from `omni.ext.IExt` in module: 'omni.metrics.assembler.core' in '/isaac-sim/extscache/omni.usd.metrics.assembler-110.1.2+110.1.0.la64.r.cp312.u7f4'. Calling `on_startup`.
2026-09-10T04:25:02Z [12,557ms] [Info] [carb] Initializing plugin: omni.usd.metrics.assembler.plugin (interfaces: [omni::usd::IMetricsAssembler v1.0]) (impl: omni.usd.metrics.assembler.plugin)
2026-09-10T04:25:02Z [12,557ms] [Info] [omni.ext.plugin] [ext: omni.usd.metrics.assembler-110.1.2] started, startup time: 3 (ms)
2026-09-10T04:25:02Z [12,557ms] [Info] [omni.ext.plugin] About to startup: [ext: isaacsim.core.experimental.utils-0.17.2] (order: 0) Triggered by: isaacsim.core.rendering_manager-0.4.3, isaacsim.core.simulation_manager-1.15.6 (path: /isaac-sim/exts/isaacsim.core.experimental.utils)
2026-09-10T04:25:02Z [12,557ms] [Info] [omni.kit.app.plugin] [12.587s] [ext: isaacsim.core.experimental.utils-0.17.2] startup
2026-09-10T04:25:02Z [12,557ms] [Info] [omni.ext._impl._internal] Searching for classes derived from 'omni.ext.IExt' in 'isaacsim.core.experimental.utils' ('/isaac-sim/exts/isaacsim.core.experimental.utils')
2026-09-10T04:25:02Z [12,558ms] [Info] [omni.ext._impl._internal] Searching for classes derived from 'omni.ext.IExt' in 'isaacsim.core.experimental.utils.tests' ('/isaac-sim/exts/isaacsim.core.experimental.utils')
2026-09-10T04:25:02Z [12,558ms] [Info] [omni.ext.plugin] [ext: isaacsim.core.experimental.utils-0.17.2] started, startup time: 0 (ms)
2026-09-10T04:25:02Z [12,558ms] [Info] [omni.ext.plugin] About to startup: [ext: omni.convexdecomposition-110.1.13] (order: 0) Triggered by: omni.physx.cooking-110.1.13 (path: /isaac-sim/extscache/omni.convexdecomposition-110.1.13+110.1.2.la64.r.cp312.u7f4)
2026-09-10T04:25:02Z [12,558ms] [Info] [omni.kit.app.plugin] [12.587s] [ext: omni.convexdecomposition-110.1.13] startup
2026-09-10T04:25:02Z [12,558ms] [Info] [carb] Registered plugin: omni.convexdecomposition.plugin (interfaces: [omni::convexdecomposition::ConvexDecomposition v2.0]) (impl: omni.convexdecomposition.plugin)
2026-09-10T04:25:02Z [12,559ms] [Info] [omni.ext._impl._internal] Searching for classes derived from 'omni.ext.IExt' in 'omni.convexdecomposition' ('/isaac-sim/extscache/omni.convexdecomposition-110.1.13+110.1.2.la64.r.cp312.u7f4')
2026-09-10T04:25:02Z [12,559ms] [Info] [omni.ext._impl._internal] Found class `ConvexDecompositionExtension` derived from `omni.ext.IExt` in module: 'omni.convexdecomposition' in '/isaac-sim/extscache/omni.convexdecomposition-110.1.13+110.1.2.la64.r.cp312.u7f4'. Calling `on_startup`.
2026-09-10T04:25:02Z [12,560ms] [Info] [carb] Initializing plugin: omni.convexdecomposition.plugin (interfaces: [omni::convexdecomposition::ConvexDecomposition v2.0]) (impl: omni.convexdecomposition.plugin)
2026-09-10T04:25:02Z [12,560ms] [Info] [omni.ext.plugin] [ext: omni.convexdecomposition-110.1.13] started, startup time: 2 (ms)
2026-09-10T04:25:02Z [12,560ms] [Info] [omni.ext.plugin] About to startup: [ext: omni.physics-110.1.13] (order: 0) Triggered by: isaacsim.core.simulation_manager-1.15.6, omni.physics.physx-110.1.13, omni.physics.stageupdate-110.1.13 (path: /isaac-sim/extscache/omni.physics-110.1.13+110.1.2.la64.r.cp312.u7f4)
2026-09-10T04:25:02Z [12,560ms] [Info] [omni.kit.app.plugin] [12.589s] [ext: omni.physics-110.1.13] startup
2026-09-10T04:25:02Z [12,560ms] [Info] [carb] Registered plugin: omni.physics.plugin (interfaces: [omni::physics::IPhysics v0.2],[omni::physics::IPhysicsBenchmarks v0.1],[omni::physics::IPhysicsInteraction v0.1],[omni::physics::IPhysicsSceneQuery v0.1],[omni::physics::IPhysicsSimulation v0.4],[omni::physics::IPhysicsStageUpdate v0.1]) (impl: omni.physics.plugin)
2026-09-10T04:25:02Z [12,562ms] [Info] [omni.ext._impl._internal] Searching for classes derived from 'omni.ext.IExt' in 'omni.physics.core' ('/isaac-sim/extscache/omni.physics-110.1.13+110.1.2.la64.r.cp312.u7f4')
2026-09-10T04:25:02Z [12,562ms] [Info] [omni.ext._impl._internal] Found class `PhysicsExtension` derived from `omni.ext.IExt` in module: 'omni.physics.core' in '/isaac-sim/extscache/omni.physics-110.1.13+110.1.2.la64.r.cp312.u7f4'. Calling `on_startup`.
2026-09-10T04:25:02Z [12,562ms] [Info] [omni.ext.plugin] [ext: omni.physics-110.1.13] started, startup time: 2 (ms)
2026-09-10T04:25:02Z [12,562ms] [Info] [omni.ext.plugin] About to startup: [ext: omni.physx.gpu-110.1.13] (order: 0) Triggered by: omni.physx.foundation-110.1.13 (path: /isaac-sim/extscache/omni.physx.gpu-110.1.13+110.1.2.la64.r.cp312.u7f4)
2026-09-10T04:25:02Z [12,562ms] [Info] [omni.kit.app.plugin] [12.592s] [ext: omni.physx.gpu-110.1.13] startup
2026-09-10T04:25:02Z [12,563ms] [Info] [carb] Registered plugin: omni.physx.gpu.plugin (interfaces: [omni::physx::IPhysxGpu v1.0]) (impl: omni.physx.gpu.plugin)
2026-09-10T04:25:02Z [12,563ms] [Info] [omni.ext.plugin] [ext: omni.physx.gpu-110.1.13] started, startup time: 0 (ms)
2026-09-10T04:25:02Z [12,563ms] [Info] [omni.ext.plugin] About to startup: [ext: omni.physx.foundation-110.1.13] (order: 0) Triggered by: omni.physx-110.1.13, omni.physx.cooking-110.1.13 (path: /isaac-sim/extscache/omni.physx.foundation-110.1.13+110.1.2.la64.r.cp312.u7f4)
2026-09-10T04:25:02Z [12,563ms] [Info] [omni.kit.app.plugin] [12.593s] [ext: omni.physx.foundation-110.1.13] startup
2026-09-10T04:25:02Z [12,563ms] [Info] [carb] Registered plugin: omni.physx.foundation.plugin (interfaces: [omni::physx::IOptionalCuda v0.1],[omni::physx::IPhysxFoundation v0.3]) (impl: omni.physx.foundation.plugin)
2026-09-10T04:25:02Z [12,564ms] [Info] [omni.ext._impl._internal] Searching for classes derived from 'omni.ext.IExt' in 'omni.physxfoundation' ('/isaac-sim/extscache/omni.physx.foundation-110.1.13+110.1.2.la64.r.cp312.u7f4')
2026-09-10T04:25:02Z [12,564ms] [Info] [omni.ext._impl._internal] Found class `PhysxFoundationExtension` derived from `omni.ext.IExt` in module: 'omni.physxfoundation' in '/isaac-sim/extscache/omni.physx.foundation-110.1.13+110.1.2.la64.r.cp312.u7f4'. Calling `on_startup`.
2026-09-10T04:25:02Z [12,564ms] [Info] [carb] Initializing plugin: omni.physx.foundation.plugin (interfaces: [omni::physx::IOptionalCuda v0.1],[omni::physx::IPhysxFoundation v0.3]) (impl: omni.physx.foundation.plugin)
2026-09-10T04:25:02Z [12,564ms] [Info] [omni.physx.foundation.plugin] IOptionalCuda: CUDA already initialized by another component (1 device(s) visible pre-init); skipping cuInit.
2026-09-10T04:25:02Z [12,564ms] [Info] [omni.physx.foundation.plugin] IOptionalCuda: CUDA available (1 device, 124610 MiB device memory).
2026-09-10T04:25:02Z [12,564ms] [Info] [omni.physx.foundation.plugin] PhysXFoundation: 1 CUDA device(s) available, selecting device 0 (active context).
2026-09-10T04:25:02Z [12,564ms] [Info] [omni.physx.foundation.plugin] PhysXFoundation: CUDA device 0 found via Driver API.
2026-09-10T04:25:02Z [12,564ms] [Info] [omni.physx.foundation.plugin] PhysXFoundation: cudaDeviceCheck result: GPU available (cached for process lifetime).
2026-09-10T04:25:02Z [12,564ms] [Info] [carb] Initializing plugin: omni.physx.gpu.plugin (interfaces: [omni::physx::IPhysxGpu v1.0]) (impl: omni.physx.gpu.plugin)
2026-09-10T04:25:02Z [12,565ms] [Info] [omni.ext.plugin] [ext: omni.physx.foundation-110.1.13] started, startup time: 1 (ms)
2026-09-10T04:25:02Z [12,565ms] [Info] [omni.ext.plugin] About to startup: [ext: omni.usdphysics-110.1.13] (order: 0) Triggered by: omni.physx-110.1.13, omni.physx.cooking-110.1.13 (path: /isaac-sim/extscache/omni.usdphysics-110.1.13+110.1.2.la64.r.cp312.u7f4)
2026-09-10T04:25:02Z [12,565ms] [Info] [omni.kit.app.plugin] [12.595s] [ext: omni.usdphysics-110.1.13] startup
2026-09-10T04:25:02Z [12,566ms] [Info] [carb] Registered plugin: omni.physicsschema.plugin (interfaces: [omni::physics::schema::IUsdPhysics v1.1],[omni::physics::usdparser::IUsdPhysicsParse v1.0]) (impl: omni.physicsschema.plugin)
2026-09-10T04:25:02Z [12,566ms] [Info] [omni.ext._impl._internal] Searching for classes derived from 'omni.ext.IExt' in 'omni.usdphysics' ('/isaac-sim/extscache/omni.usdphysics-110.1.13+110.1.2.la64.r.cp312.u7f4')
2026-09-10T04:25:02Z [12,566ms] [Info] [omni.ext._impl._internal] Found class `PhysicsSchemaExtension` derived from `omni.ext.IExt` in module: 'omni.usdphysics' in '/isaac-sim/extscache/omni.usdphysics-110.1.13+110.1.2.la64.r.cp312.u7f4'. Calling `on_startup`.
2026-09-10T04:25:02Z [12,566ms] [Info] [omni.ext._impl._internal] Searching for classes derived from 'omni.ext.IExt' in 'omni.usdphysics.scripts' ('/isaac-sim/extscache/omni.usdphysics-110.1.13+110.1.2.la64.r.cp312.u7f4')
2026-09-10T04:25:02Z [12,566ms] [Info] [omni.ext.plugin] [ext: omni.usdphysics-110.1.13] started, startup time: 1 (ms)
2026-09-10T04:25:02Z [12,566ms] [Info] [omni.ext.plugin] About to startup: [ext: omni.physx.cooking-110.1.13] (order: 0) Triggered by: omni.physx-110.1.13 (path: /isaac-sim/extscache/omni.physx.cooking-110.1.13+110.1.2.la64.r.cp312.u7f4)
2026-09-10T04:25:02Z [12,566ms] [Info] [omni.kit.app.plugin] [12.596s] [ext: omni.physx.cooking-110.1.13] startup
2026-09-10T04:25:02Z [12,567ms] [Info] [carb] Registered plugin: omni.physx.cooking.plugin (interfaces: [omni::physx::IPhysxCookingService v2.1],[omni::physx::IPhysxCookingServicePrivate v15.0]) (impl: omni.physx.cooking.plugin)
2026-09-10T04:25:02Z [12,568ms] [Info] [omni.ext._impl._internal] Searching for classes derived from 'omni.ext.IExt' in 'omni.physxcooking' ('/isaac-sim/extscache/omni.physx.cooking-110.1.13+110.1.2.la64.r.cp312.u7f4')
2026-09-10T04:25:02Z [12,568ms] [Info] [omni.ext._impl._internal] Found class `PhysxExtension` derived from `omni.ext.IExt` in module: 'omni.physxcooking' in '/isaac-sim/extscache/omni.physx.cooking-110.1.13+110.1.2.la64.r.cp312.u7f4'. Calling `on_startup`.
2026-09-10T04:25:02Z [12,568ms] [Info] [carb] Initializing plugin: omni.physx.cooking.plugin (interfaces: [omni::physx::IPhysxCookingService v2.1],[omni::physx::IPhysxCookingServicePrivate v15.0]) (impl: omni.physx.cooking.plugin)
2026-09-10T04:25:02Z [12,568ms] [Info] [omni.ext.plugin] [ext: omni.physx.cooking-110.1.13] started, startup time: 2 (ms)
2026-09-10T04:25:02Z [12,568ms] [Info] [omni.ext.plugin] About to startup: [ext: omni.physx-110.1.13] (order: 0) Triggered by: isaaclab.python.headless-3.0.0, omni.replicator.core-1.13.27, omni.physx.tensors-110.1.13, omni.physx.fabric-110.1.13, omni.physics.physx-110.1.13 (path: /isaac-sim/extscache/omni.physx-110.1.13+110.1.2.la64.r.cp312.u7f4)
2026-09-10T04:25:02Z [12,568ms] [Info] [omni.kit.app.plugin] [12.598s] [ext: omni.physx-110.1.13] startup
2026-09-10T04:25:02Z [12,569ms] [Info] [omni.ext.plugin] Loaded the dynamic library from /isaac-sim/extscache/omni.physx-110.1.13+110.1.2.la64.r.cp312.u7f4/bin/libPVDRuntime_64.so
2026-09-10T04:25:02Z [12,570ms] [Info] [carb] Registered plugin: omni.physx.plugin (interfaces: [omni::physx::IPhysx v5.0],[omni::physx::IPhysxAttachmentPrivate v1.0],[omni::physx::IPhysxBenchmarks v1.0],[omni::physx::IPhysxCooking v4.0],[omni::physx::IPhysxCookingPrivate v2.0],[omni::physx::IPhysxCustomGeometry v1.0],[omni::physx::IPhysxCustomJoint v1.0],[omni::physx::IPhysxJoint v1.0],[omni::physx::IPhysxParticlesPrivate v0.1],[omni::physx::IPhysxPrivate v2.0],[omni::physx::IPhysxPropertyQuery v1.0],[omni::physx::IPhysxReplicator v2.0],[omni::physx::IPhysxSceneQuery v1.0],[omni::physx::IPhysxSimulation v5.0],[omni::physx::IPhysxStageUpdate v0.1],[omni::physx::IPhysxStatistics v3.0],[omni::physx::IPhysxUnitTests v3.0],[omni::physx::IPhysxVisualization v2.1],[omni::physx::usdparser::IPhysxUsdLoad v1.1]) (impl: omni.physx.plugin)
2026-09-10T04:25:02Z [12,583ms] [Info] [omni.ext._impl._internal] Searching for classes derived from 'omni.ext.IExt' in 'omni.physx' ('/isaac-sim/extscache/omni.physx-110.1.13+110.1.2.la64.r.cp312.u7f4')
2026-09-10T04:25:02Z [12,583ms] [Info] [omni.ext._impl._internal] Found class `PhysxExtension` derived from `omni.ext.IExt` in module: 'omni.physx' in '/isaac-sim/extscache/omni.physx-110.1.13+110.1.2.la64.r.cp312.u7f4'. Calling `on_startup`.
2026-09-10T04:25:02Z [12,583ms] [Info] [carb] Initializing plugin: omni.physx.plugin (interfaces: [omni::physx::IPhysx v5.0],[omni::physx::IPhysxAttachmentPrivate v1.0],[omni::physx::IPhysxBenchmarks v1.0],[omni::physx::IPhysxCooking v4.0],[omni::physx::IPhysxCookingPrivate v2.0],[omni::physx::IPhysxCustomGeometry v1.0],[omni::physx::IPhysxCustomJoint v1.0],[omni::physx::IPhysxJoint v1.0],[omni::physx::IPhysxParticlesPrivate v0.1],[omni::physx::IPhysxPrivate v2.0],[omni::physx::IPhysxPropertyQuery v1.0],[omni::physx::IPhysxReplicator v2.0],[omni::physx::IPhysxSceneQuery v1.0],[omni::physx::IPhysxSimulation v5.0],[omni::physx::IPhysxStageUpdate v0.1],[omni::physx::IPhysxStatistics v3.0],[omni::physx::IPhysxUnitTests v3.0],[omni::physx::IPhysxVisualization v2.1],[omni::physx::usdparser::IPhysxUsdLoad v1.1]) (impl: omni.physx.plugin)
2026-09-10T04:25:02Z [12,584ms] [Info] [carb] Initializing plugin: omni.physicsschema.plugin (interfaces: [omni::physics::schema::IUsdPhysics v1.1],[omni::physics::usdparser::IUsdPhysicsParse v1.0]) (impl: omni.physicsschema.plugin)
2026-09-10T04:25:02Z [12,584ms] [Info] [omni.physx.plugin] 
omni.physx handle on CUDA lib is 0xb04f65c68b50

2026-09-10T04:25:02Z [12,585ms] [Info] [omni.ext.plugin] [ext: omni.physx-110.1.13] started, startup time: 16 (ms)
2026-09-10T04:25:02Z [12,585ms] [Info] [omni.ext.plugin] About to startup: [ext: omni.physics.physx-110.1.13] (order: 0) Triggered by: omni.replicator.core-1.13.27, isaacsim.core.simulation_manager-1.15.6 (path: /isaac-sim/extscache/omni.physics.physx-110.1.13+110.1.2.la64.r.cp312.u7f4)
2026-09-10T04:25:02Z [12,585ms] [Info] [omni.kit.app.plugin] [12.614s] [ext: omni.physics.physx-110.1.13] startup
2026-09-10T04:25:02Z [12,586ms] [Info] [carb] Registered plugin: omni.physics.physx.plugin (interfaces: [omni::ext::IExt v0.1]) (impl: omni.physics.physx.plugin)
2026-09-10T04:25:02Z [12,586ms] [Info] [carb] Initializing plugin: omni.physics.physx.plugin (interfaces: [omni::ext::IExt v0.1]) (impl: omni.physics.physx.plugin)
2026-09-10T04:25:02Z [12,586ms] [Info] [omni.ext.plugin] [ext: omni.physics.physx-110.1.13] Starting ext::IExt in '/isaac-sim/extscache/omni.physics.physx-110.1.13+110.1.2.la64.r.cp312.u7f4/bin/libomni.physics.physx.plugin.so'
2026-09-10T04:25:02Z [12,586ms] [Info] [carb] Initializing plugin: omni.physics.plugin (interfaces: [omni::physics::IPhysics v0.2],[omni::physics::IPhysicsBenchmarks v0.1],[omni::physics::IPhysicsInteraction v0.1],[omni::physics::IPhysicsSceneQuery v0.1],[omni::physics::IPhysicsSimulation v0.4],[omni::physics::IPhysicsStageUpdate v0.1]) (impl: omni.physics.plugin)
2026-09-10T04:25:02Z [12,586ms] [Info] [omni.ext._impl._internal] Searching for classes derived from 'omni.ext.IExt' in 'omni.physics.physx' ('/isaac-sim/extscache/omni.physics.physx-110.1.13+110.1.2.la64.r.cp312.u7f4')
2026-09-10T04:25:02Z [12,586ms] [Info] [omni.ext.plugin] [ext: omni.physics.physx-110.1.13] started, startup time: 1 (ms)
2026-09-10T04:25:02Z [12,586ms] [Info] [omni.ext.plugin] About to startup: [ext: omni.physics.stageupdate-110.1.13] (order: 0) Triggered by: omni.replicator.core-1.13.27, isaacsim.core.simulation_manager-1.15.6 (path: /isaac-sim/extscache/omni.physics.stageupdate-110.1.13+110.1.2.la64.r.cp312.u7f4)
2026-09-10T04:25:02Z [12,586ms] [Info] [omni.kit.app.plugin] [12.616s] [ext: omni.physics.stageupdate-110.1.13] startup
2026-09-10T04:25:02Z [12,587ms] [Info] [carb] Registered plugin: omni.physics.stageupdate.plugin (interfaces: [omni::ext::IExt v0.1],[omni::physx::IPhysicsStageUpdateNode v0.1]) (impl: omni.physics.stageupdate.plugin)
2026-09-10T04:25:02Z [12,587ms] [Info] [carb] Initializing plugin: omni.physics.stageupdate.plugin (interfaces: [omni::ext::IExt v0.1],[omni::physx::IPhysicsStageUpdateNode v0.1]) (impl: omni.physics.stageupdate.plugin)
2026-09-10T04:25:02Z [12,587ms] [Info] [omni.ext.plugin] [ext: omni.physics.stageupdate-110.1.13] Starting ext::IExt in '/isaac-sim/extscache/omni.physics.stageupdate-110.1.13+110.1.2.la64.r.cp312.u7f4/bin/libomni.physics.stageupdate.plugin.so'
2026-09-10T04:25:02Z [12,589ms] [Info] [omni.ext._impl._internal] Searching for classes derived from 'omni.ext.IExt' in 'omni.physics.stageupdate' ('/isaac-sim/extscache/omni.physics.stageupdate-110.1.13+110.1.2.la64.r.cp312.u7f4')
2026-09-10T04:25:02Z [12,589ms] [Info] [omni.ext._impl._internal] Found class `OmniPhysXStageUpdateExtension` derived from `omni.ext.IExt` in module: 'omni.physics.stageupdate' in '/isaac-sim/extscache/omni.physics.stageupdate-110.1.13+110.1.2.la64.r.cp312.u7f4'. Calling `on_startup`.
2026-09-10T04:25:02Z [12,589ms] [Info] [omni.ext.plugin] [ext: omni.physics.stageupdate-110.1.13] started, startup time: 2 (ms)
2026-09-10T04:25:02Z [12,589ms] [Info] [omni.ext.plugin] About to startup: [ext: omni.physics.tensors-110.1.13] (order: 0) Triggered by: omni.physx.tensors-110.1.13 (path: /isaac-sim/extscache/omni.physics.tensors-110.1.13+110.1.2.la64.r.cp312.u7f4)
2026-09-10T04:25:02Z [12,589ms] [Info] [omni.kit.app.plugin] [12.618s] [ext: omni.physics.tensors-110.1.13] startup
2026-09-10T04:25:02Z [12,589ms] [Info] [carb] Registered plugin: omni.physics.tensors.plugin (interfaces: [omni::physics::tensors::BackendRegistry v0.1],[omni::physics::tensors::TensorApi v0.1]) (impl: omni.physics.tensors.plugin)
2026-09-10T04:25:02Z [12,600ms] [Info] [omni.ext._impl._internal] Searching for classes derived from 'omni.ext.IExt' in 'omni.physics.tensors' ('/isaac-sim/extscache/omni.physics.tensors-110.1.13+110.1.2.la64.r.cp312.u7f4')
2026-09-10T04:25:02Z [12,600ms] [Info] [omni.ext._impl._internal] Found class `Extension` derived from `omni.ext.IExt` in module: 'omni.physics.tensors' in '/isaac-sim/extscache/omni.physics.tensors-110.1.13+110.1.2.la64.r.cp312.u7f4'. Calling `on_startup`.
2026-09-10T04:25:02Z [12,600ms] [Info] [omni.ext.plugin] [ext: omni.physics.tensors-110.1.13] started, startup time: 11 (ms)
2026-09-10T04:25:02Z [12,600ms] [Info] [omni.ext.plugin] About to startup: [ext: omni.physx.tensors-110.1.13] (order: 0) Triggered by: isaaclab.python.headless-3.0.0, isaacsim.core.simulation_manager-1.15.6 (path: /isaac-sim/extscache/omni.physx.tensors-110.1.13+110.1.2.la64.r.cp312.u7f4)
2026-09-10T04:25:02Z [12,600ms] [Info] [omni.kit.app.plugin] [12.630s] [ext: omni.physx.tensors-110.1.13] startup
2026-09-10T04:25:02Z [12,602ms] [Info] [carb] Registered plugin: omni.physx.tensors.plugin (interfaces: [omni::ext::IExt v0.1]) (impl: omni.physx.tensors.plugin)
2026-09-10T04:25:02Z [12,602ms] [Info] [carb] Initializing plugin: omni.physx.tensors.plugin (interfaces: [omni::ext::IExt v0.1]) (impl: omni.physx.tensors.plugin)
2026-09-10T04:25:02Z [12,606ms] [Info] [omni.physx.tensors.plugin] omni.physx.tensors tensorsInit() starting...
2026-09-10T04:25:02Z [12,606ms] [Info] [carb] Initializing plugin: omni.physics.tensors.plugin (interfaces: [omni::physics::tensors::BackendRegistry v0.1],[omni::physics::tensors::TensorApi v0.1]) (impl: omni.physics.tensors.plugin)
2026-09-10T04:25:02Z [12,606ms] [Info] [omni.physx.tensors.plugin] Registered simulation backend 'physx'

2026-09-10T04:25:02Z [12,607ms] [Info] [omni.ext.plugin] [ext: omni.physx.tensors-110.1.13] Starting ext::IExt in '/isaac-sim/extscache/omni.physx.tensors-110.1.13+110.1.2.la64.r.cp312.u7f4/bin/libomni.physx.tensors.plugin.so'
2026-09-10T04:25:02Z [12,607ms] [Info] [omni.ext.plugin] [ext: omni.physx.tensors-110.1.13] started, startup time: 6 (ms)
2026-09-10T04:25:02Z [12,607ms] [Info] [omni.ext.plugin] About to startup: [ext: omni.usdex.libs-2.2.2] (order: 0) Triggered by: isaacsim.core.simulation_manager-1.15.6 (path: /isaac-sim/extscache/omni.usdex.libs-2.2.2+110.0.0.la64.r.cp312.u7f4)
2026-09-10T04:25:02Z [12,607ms] [Info] [omni.kit.app.plugin] [12.636s] [ext: omni.usdex.libs-2.2.2] startup
2026-09-10T04:25:02Z [12,608ms] [Info] [omni.ext.plugin] Loaded the dynamic library from /isaac-sim/extscache/omni.usdex.libs-2.2.2+110.0.0.la64.r.cp312.u7f4/bin/libusdex_core.so
2026-09-10T04:25:02Z [12,609ms] [Info] [omni.ext.plugin] Loaded the dynamic library from /isaac-sim/extscache/omni.usdex.libs-2.2.2+110.0.0.la64.r.cp312.u7f4/bin/libusdex_rtx.so
2026-09-10T04:25:02Z [12,609ms] [Info] [omni.ext._impl._internal] Searching for classes derived from 'omni.ext.IExt' in 'omni.usdex.libs' ('/isaac-sim/extscache/omni.usdex.libs-2.2.2+110.0.0.la64.r.cp312.u7f4/python')
2026-09-10T04:25:02Z [12,613ms] [Info] [omni.ext._impl._internal] Searching for classes derived from 'omni.ext.IExt' in 'usdex.core' ('/isaac-sim/extscache/omni.usdex.libs-2.2.2+110.0.0.la64.r.cp312.u7f4/python')
2026-09-10T04:25:02Z [12,614ms] [Info] [omni.ext._impl._internal] Searching for classes derived from 'omni.ext.IExt' in 'usdex.rtx' ('/isaac-sim/extscache/omni.usdex.libs-2.2.2+110.0.0.la64.r.cp312.u7f4/python')
2026-09-10T04:25:02Z [12,615ms] [Info] [omni.ext.plugin] [ext: omni.usdex.libs-2.2.2] started, startup time: 7 (ms)
2026-09-10T04:25:02Z [12,615ms] [Info] [omni.ext.plugin] About to startup: [ext: isaacsim.core.simulation_manager-1.15.6] (order: 0) Triggered by: isaaclab.python.headless-3.0.0 (path: /isaac-sim/exts/isaacsim.core.simulation_manager)
2026-09-10T04:25:02Z [12,615ms] [Info] [omni.kit.app.plugin] [12.644s] [ext: isaacsim.core.simulation_manager-1.15.6] startup
2026-09-10T04:25:02Z [12,616ms] [Info] [carb] Registered plugin: isaacsim.core.simulation_manager.plugin (interfaces: [isaacsim::core::simulation_manager::ISimulationManager v2.0],[omni::ext::IExt v0.1]) (impl: isaacsim.core.simulation_manager.plugin)
2026-09-10T04:25:02Z [12,616ms] [Info] [carb] Initializing plugin: isaacsim.core.simulation_manager.plugin (interfaces: [isaacsim::core::simulation_manager::ISimulationManager v2.0],[omni::ext::IExt v0.1]) (impl: isaacsim.core.simulation_manager.plugin)
2026-09-10T04:25:02Z [12,616ms] [Info] [omni.ext.plugin] [ext: isaacsim.core.simulation_manager-1.15.6] Starting ext::IExt in '/isaac-sim/exts/isaacsim.core.simulation_manager/bin/libisaacsim.core.simulation_manager.plugin.so'
2026-09-10T04:25:02Z [12,773ms] [Info] [omni.ext._impl._internal] Searching for classes derived from 'omni.ext.IExt' in 'isaacsim.core.simulation_manager' ('/isaac-sim/exts/isaacsim.core.simulation_manager')
2026-09-10T04:25:02Z [12,773ms] [Info] [omni.ext._impl._internal] Found class `Extension` derived from `omni.ext.IExt` in module: 'isaacsim.core.simulation_manager' in '/isaac-sim/exts/isaacsim.core.simulation_manager'. Calling `on_startup`.
2026-09-10T04:25:02Z [12,774ms] [Info] [isaacsim.core.simulation_manager.plugin] USD stage is not available; stage-opened subscription is deferred
2026-09-10T04:25:02Z [12,774ms] [Info] [isaacsim.core.simulation_manager.plugin] USD stage is not available; stage-opened subscription is deferred
2026-09-10T04:25:02Z [12,774ms] [Info] [isaacsim.core.simulation_manager.impl.simulation_manager] Initialized physics engine: physx
2026-09-10T04:25:02Z [12,774ms] [Info] [omni.ext._impl._internal] Searching for classes derived from 'omni.ext.IExt' in 'isaacsim.core.simulation_manager.tests' ('/isaac-sim/exts/isaacsim.core.simulation_manager')
2026-09-10T04:25:02Z [12,774ms] [Info] [omni.ext.plugin] [ext: isaacsim.core.simulation_manager-1.15.6] started, startup time: 159 (ms)
2026-09-10T04:25:02Z [12,774ms] [Info] [omni.ext.plugin] About to startup: [ext: isaacsim.core.version-2.1.1] (order: 0) Triggered by: isaaclab.python.headless-3.0.0 (path: /isaac-sim/exts/isaacsim.core.version)
2026-09-10T04:25:02Z [12,774ms] [Info] [omni.kit.app.plugin] [12.804s] [ext: isaacsim.core.version-2.1.1] startup
2026-09-10T04:25:02Z [12,775ms] [Info] [omni.ext._impl._internal] Searching for classes derived from 'omni.ext.IExt' in 'isaacsim.core.version' ('/isaac-sim/exts/isaacsim.core.version')
2026-09-10T04:25:02Z [12,775ms] [Info] [omni.ext._impl._internal] Searching for classes derived from 'omni.ext.IExt' in 'isaacsim.core.version.tests' ('/isaac-sim/exts/isaacsim.core.version')
2026-09-10T04:25:02Z [12,775ms] [Info] [omni.ext.plugin] [ext: isaacsim.core.version-2.1.1] started, startup time: 0 (ms)
2026-09-10T04:25:02Z [12,775ms] [Info] [omni.ext.plugin] About to startup: [ext: isaacsim.simulation_app-2.18.4] (order: 0) Triggered by: isaaclab.python.headless-3.0.0 (path: /isaac-sim/exts/isaacsim.simulation_app)
2026-09-10T04:25:02Z [12,775ms] [Info] [omni.kit.app.plugin] [12.804s] [ext: isaacsim.simulation_app-2.18.4] startup
2026-09-10T04:25:02Z [12,775ms] [Info] [omni.ext._impl._internal] Searching for classes derived from 'omni.ext.IExt' in 'isaacsim.simulation_app' ('/isaac-sim/exts/isaacsim.simulation_app')
2026-09-10T04:25:02Z [12,775ms] [Info] [omni.ext.plugin] [ext: isaacsim.simulation_app-2.18.4] started, startup time: 0 (ms)
2026-09-10T04:25:02Z [12,775ms] [Info] [omni.ext.plugin] About to startup: [ext: omni.hydra.engine.stats-1.0.5] (order: 0) Triggered by: omni.replicator.nv-1.1.1 (path: /isaac-sim/extscache/omni.hydra.engine.stats-1.0.5+f9bf0dda.la64.r.cp312)
2026-09-10T04:25:02Z [12,775ms] [Info] [omni.kit.app.plugin] [12.804s] [ext: omni.hydra.engine.stats-1.0.5] startup
2026-09-10T04:25:03Z [12,786ms] [Info] [omni.ext._impl._internal] Searching for classes derived from 'omni.ext.IExt' in 'omni.hydra.engine.stats' ('/isaac-sim/extscache/omni.hydra.engine.stats-1.0.5+f9bf0dda.la64.r.cp312')
2026-09-10T04:25:03Z [12,786ms] [Info] [omni.ext.plugin] [ext: omni.hydra.engine.stats-1.0.5] started, startup time: 11 (ms)
2026-09-10T04:25:03Z [12,786ms] [Info] [omni.ext.plugin] About to startup: [ext: omni.hydra.rtx.shadercache.vulkan-1.0.0] (order: 0) Triggered by: omni.hydra.rtx-1.0.4 (path: /isaac-sim/extscache/omni.hydra.rtx.shadercache.vulkan-1.0.0+f9bf0dda.la64.r)
2026-09-10T04:25:03Z [12,786ms] [Info] [omni.kit.app.plugin] [12.816s] [ext: omni.hydra.rtx.shadercache.vulkan-1.0.0] startup
2026-09-10T04:25:03Z [12,786ms] [Info] [omni.ext._impl._internal] Searching for classes derived from 'omni.ext.IExt' in 'omni.hydra.rtx.shadercache.vulkan' ('/isaac-sim/extscache/omni.hydra.rtx.shadercache.vulkan-1.0.0+f9bf0dda.la64.r')
2026-09-10T04:25:03Z [12,786ms] [Info] [omni.ext._impl._internal] Found class `ShaderCacheExt` derived from `omni.ext.IExt` in module: 'omni.hydra.rtx.shadercache.vulkan' in '/isaac-sim/extscache/omni.hydra.rtx.shadercache.vulkan-1.0.0+f9bf0dda.la64.r'. Calling `on_startup`.
2026-09-10T04:25:03Z [12,787ms] [Info] [omni.gpu_foundation_factory.impl.foundation_extension] appShaderCachePathList: /isaac-sim/extscache/omni.gpu_foundation.shadercache.vulkan-1.0.0+f9bf0dda.la64.r/cache/shadercache, /isaac-sim/extscache/omni.hydra.rtx.shadercache.vulkan-1.0.0+f9bf0dda.la64.r/cache/shadercache
2026-09-10T04:25:03Z [12,787ms] [Info] [omni.ext.plugin] [ext: omni.hydra.rtx.shadercache.vulkan-1.0.0] started, startup time: 0 (ms)
2026-09-10T04:25:03Z [12,787ms] [Info] [omni.ext.plugin] About to startup: [ext: omni.index.libs-387500.4413.0] (order: 0) Triggered by: omni.index-1.0.1 (path: /isaac-sim/extscache/omni.index.libs-387500.4413.0+f9bf0dda.la64.r)
2026-09-10T04:25:03Z [12,787ms] [Info] [omni.kit.app.plugin] [12.816s] [ext: omni.index.libs-387500.4413.0] startup
2026-09-10T04:25:03Z [12,787ms] [Info] [omni.ext.plugin] [ext: omni.index.libs-387500.4413.0] started, startup time: 0 (ms)
2026-09-10T04:25:03Z [12,787ms] [Info] [omni.ext.plugin] About to startup: [ext: omni.index-1.0.1] (order: 0) Triggered by: omni.hydra.rtx-1.0.4 (path: /isaac-sim/extscache/omni.index-1.0.1+f9bf0dda.la64.r)
2026-09-10T04:25:03Z [12,787ms] [Info] [omni.kit.app.plugin] [12.816s] [ext: omni.index-1.0.1] startup
2026-09-10T04:25:03Z [12,788ms] [Info] [carb] Registered plugin: rtx.indexlib.plugin (interfaces: [rtx::index::IndexInstance v0.1]) (impl: rtx.indexlib.plugin)
2026-09-10T04:25:03Z [12,788ms] [Info] [omni.ext.plugin] [ext: omni.index-1.0.1] started, startup time: 0 (ms)
2026-09-10T04:25:03Z [12,788ms] [Info] [omni.ext.plugin] About to startup: [ext: omni.ujitso.client-0.0.0] (order: 0) Triggered by: omni.hydra.rtx-1.0.4 (path: /isaac-sim/extscache/omni.ujitso.client-0.0.0+f9bf0dda.la64.r)
2026-09-10T04:25:03Z [12,788ms] [Info] [omni.kit.app.plugin] [12.817s] [ext: omni.ujitso.client-0.0.0] startup
2026-09-10T04:25:03Z [12,788ms] [Info] [carb] Registered plugin: omni.ujitso.client.ext.plugin (interfaces: [omni::ext::IExt v0.1]) (impl: omni.ujitso.client.ext.plugin)
2026-09-10T04:25:03Z [12,788ms] [Info] [carb] Initializing plugin: omni.ujitso.client.ext.plugin (interfaces: [omni::ext::IExt v0.1]) (impl: omni.ujitso.client.ext.plugin)
2026-09-10T04:25:03Z [12,788ms] [Info] [omni.ext.plugin] [ext: omni.ujitso.client-0.0.0] Starting ext::IExt in '/isaac-sim/extscache/omni.ujitso.client-0.0.0+f9bf0dda.la64.r/bin/libomni.ujitso.client.ext.plugin.so'
2026-09-10T04:25:03Z [12,788ms] [Info] [omni.ext.plugin] [ext: omni.ujitso.client-0.0.0] started, startup time: 0 (ms)
2026-09-10T04:25:03Z [12,788ms] [Info] [omni.ext.plugin] About to startup: [ext: omni.usd.schema.playback-1.0.0] (order: 0) Triggered by: omni.hydra.rtx-1.0.4 (path: /isaac-sim/extscache/omni.usd.schema.playback-1.0.0+f9bf0dda.la64.r.cp312)
2026-09-10T04:25:03Z [12,788ms] [Info] [omni.kit.app.plugin] [12.818s] [ext: omni.usd.schema.playback-1.0.0] startup
2026-09-10T04:25:03Z [12,789ms] [Info] [omni.ext.plugin] Loaded the dynamic library from /isaac-sim/extscache/omni.usd.schema.playback-1.0.0+f9bf0dda.la64.r.cp312/bin/deps/libOmniPlayback.so
2026-09-10T04:25:03Z [12,789ms] [Info] [omni.ext._impl._internal] Searching for classes derived from 'omni.ext.IExt' in 'usd.schema.playback' ('/isaac-sim/extscache/omni.usd.schema.playback-1.0.0+f9bf0dda.la64.r.cp312')
2026-09-10T04:25:03Z [12,791ms] [Info] [omni.ext._impl._internal] Searching for classes derived from 'omni.ext.IExt' in 'omni.Playback' ('/isaac-sim/extscache/omni.usd.schema.playback-1.0.0+f9bf0dda.la64.r.cp312')
2026-09-10T04:25:03Z [12,791ms] [Info] [omni.ext.plugin] [ext: omni.usd.schema.playback-1.0.0] started, startup time: 2 (ms)
2026-09-10T04:25:03Z [12,791ms] [Info] [omni.ext.plugin] About to startup: [ext: omni.volume-0.5.2] (order: 0) Triggered by: omni.hydra.rtx-1.0.4 (path: /isaac-sim/extscache/omni.volume-0.5.2+f9bf0dda.la64.r.cp312)
2026-09-10T04:25:03Z [12,791ms] [Info] [omni.kit.app.plugin] [12.821s] [ext: omni.volume-0.5.2] startup
2026-09-10T04:25:03Z [12,791ms] [Info] [omni.ext.plugin] Loaded the dynamic library from /isaac-sim/extscache/omni.volume-0.5.2+f9bf0dda.la64.r.cp312/bin/libtbb.so
2026-09-10T04:25:03Z [12,793ms] [Info] [omni.ext.plugin] Loaded the dynamic library from /isaac-sim/extscache/omni.volume-0.5.2+f9bf0dda.la64.r.cp312/bin/libopenvdb.so
2026-09-10T04:25:03Z [12,794ms] [Info] [carb] Registered plugin: carb.volume.plugin (interfaces: [carb::volume::IVolume v0.1]) (impl: carb.volume.plugin)
2026-09-10T04:25:03Z [12,795ms] [Info] [carb] Registered plugin: omni.volume.plugin (interfaces: [omni::ext::IExt v0.1]) (impl: omni.volume.plugin)
2026-09-10T04:25:03Z [12,795ms] [Info] [carb] Initializing plugin: omni.volume.plugin (interfaces: [omni::ext::IExt v0.1]) (impl: omni.volume.plugin)
2026-09-10T04:25:03Z [12,795ms] [Info] [omni.ext.plugin] [ext: omni.volume-0.5.2] Starting ext::IExt in '/isaac-sim/extscache/omni.volume-0.5.2+f9bf0dda.la64.r.cp312/bin/libomni.volume.plugin.so'
2026-09-10T04:25:03Z [12,795ms] [Info] [carb] Initializing plugin: carb.volume.plugin (interfaces: [carb::volume::IVolume v0.1]) (impl: carb.volume.plugin)
2026-09-10T04:25:03Z [12,796ms] [Info] [omni.ext._impl._internal] Searching for classes derived from 'omni.ext.IExt' in 'omni.volume' ('/isaac-sim/extscache/omni.volume-0.5.2+f9bf0dda.la64.r.cp312')
2026-09-10T04:25:03Z [12,796ms] [Info] [omni.ext.plugin] [ext: omni.volume-0.5.2] started, startup time: 5 (ms)
2026-09-10T04:25:03Z [12,796ms] [Info] [omni.ext.plugin] About to startup: [ext: omni.hydra.rtx-1.0.4] (order: 0) Triggered by: isaacsim.core.rendering_manager-0.4.3, omni.kit.viewport.rtx-107.0.0, omni.replicator.nv-1.1.1 (path: /isaac-sim/extscache/omni.hydra.rtx-1.0.4+f9bf0dda.la64.r)
2026-09-10T04:25:03Z [12,796ms] [Info] [omni.kit.app.plugin] [12.826s] [ext: omni.hydra.rtx-1.0.4] startup
2026-09-10T04:25:03Z [12,812ms] [Info] [omni.ext.plugin] Loaded the dynamic library from /isaac-sim/extscache/omni.hydra.rtx-1.0.4+f9bf0dda.la64.r/bin/deps/librtx.hydra.so
2026-09-10T04:25:03Z [12,813ms] [Warning] [omni.log] Source: omni.hydra was already registered.
2026-09-10T04:25:03Z [12,813ms] [Info] [omni.ext.plugin] Loaded the dynamic library from /isaac-sim/extscache/omni.hydra.rtx-1.0.4+f9bf0dda.la64.r/bin/deps/liblegacy.hydra.so
2026-09-10T04:25:03Z [12,814ms] [Info] [omni.ext.plugin] Loaded the dynamic library from /isaac-sim/extscache/omni.hydra.rtx-1.0.4+f9bf0dda.la64.r/bin/deps/libnvrtc-builtins.so
2026-09-10T04:25:03Z [12,814ms] [Info] [omni.ext.plugin] Loaded the dynamic library from /isaac-sim/extscache/omni.hydra.rtx-1.0.4+f9bf0dda.la64.r/bin/deps/libnvflow_rtx.so
2026-09-10T04:25:03Z [12,816ms] [Info] [omni.ext.plugin] Loaded the dynamic library from /isaac-sim/extscache/omni.hydra.rtx-1.0.4+f9bf0dda.la64.r/bin/deps/libnvflowext_rtx.so
2026-09-10T04:25:03Z [12,817ms] [Info] [carb] Registered plugin: carb.scenerenderer-rtx.plugin (interfaces: [carb::renderer::SceneRenderer v10.0],[carb::renderer::SceneRendererRTX v0.2]) (impl: carb.scenerenderer-rtx.plugin)
2026-09-10T04:25:03Z [12,818ms] [Info] [carb] Registered plugin: rtx.reshade.plugin (interfaces: [rtx::reshade::Reshade v1.0]) (impl: rtx.reshade.plugin)
2026-09-10T04:25:03Z [12,818ms] [Info] [carb] Registered plugin: rtx.memutil.MemUtility (interfaces: [rtx::memutil::IMemUtil v1.0],[rtx::memutil::IMemUtilExtended v1.0]) (impl: rtx.memutil.MemUtility)
2026-09-10T04:25:03Z [12,819ms] [Info] [carb] Registered plugin: rtx.rtxsensor.memutil_legacy.plugin (interfaces: [rtx::rtxsensor::MemUtil_v10 v1.0]) (impl: rtx.rtxsensor.memutil_legacy.plugin)
2026-09-10T04:25:03Z [12,820ms] [Info] [carb] Registered plugin: rtx.rtxsensor.plugin (interfaces: [rtx::rtxsensor::RtxSensor v3.1]) (impl: rtx.rtxsensor.plugin)
2026-09-10T04:25:03Z [12,820ms] [Info] [carb] Registered plugin: rtx.rtxsensormodel_20.example.plugin (interfaces: [rtx::rtxsensor::RtxSensorModel v2.0]) (impl: rtx.rtxsensormodel_20.example.plugin)
2026-09-10T04:25:03Z [12,821ms] [Info] [carb] Registered plugin: rtx.rtxsensormodel_30.example.plugin (interfaces: [rtx::rtxsensor::RtxSensorModel v3.0]) (impl: rtx.rtxsensormodel_30.example.plugin)
2026-09-10T04:25:03Z [12,821ms] [Info] [carb] Registered plugin: rtx.rtxsensor.example.plugin (interfaces: [rtx::rtxsensor::RtxSensorModel v1.0]) (impl: rtx.rtxsensor.example.plugin)
2026-09-10T04:25:03Z [12,822ms] [Info] [carb] Registered plugin: rtx.rtxsensor.example_legacy.plugin (interfaces: [rtx::rtxsensor::RtxSensorModel v0.5]) (impl: rtx.rtxsensor.example_legacy.plugin)
2026-09-10T04:25:03Z [12,822ms] [Info] [carb] Registered plugin: rtx.cameraisp.plugin (interfaces: [rtx::cameraisp::CameraIsp v1.0]) (impl: rtx.cameraisp.plugin)
2026-09-10T04:25:03Z [12,823ms] [Info] [carb] Registered plugin: rtx.multigpumanager.plugin (interfaces: [rtx::multigpumanager::MultiGpuManager v0.9]) (impl: rtx.multigpumanager.plugin)
2026-09-10T04:25:03Z [12,824ms] [Info] [carb] Registered plugin: rtx.scenedb.plugin (interfaces: [rtx::scenedb::FabricSceneDb v0.2],[rtx::scenedb::SceneDb v6.1]) (impl: rtx.scenedb.plugin)
2026-09-10T04:25:03Z [12,824ms] [Info] [carb] Registered plugin: rtx.mdltranslator.plugin (interfaces: [rtx::mdltranslator::MdlTranslator v17.0]) (impl: rtx.mdltranslator.plugin)
2026-09-10T04:25:03Z [12,825ms] [Info] [carb] Registered plugin: rtx.materialdb.plugin (interfaces: [rtx::materialdb::MaterialDb v1.11]) (impl: rtx.materialdb.plugin)
2026-09-10T04:25:03Z [12,826ms] [Info] [carb] Registered plugin: rtx.raytracing.plugin (interfaces: [rtx::raytracing::AmbientOcclusion v2.0],[rtx::raytracing::AovConverter v3.0],[rtx::raytracing::Caustics v2.0],[rtx::raytracing::Compositing v1.0],[rtx::raytracing::CopyDepth v2.0],[rtx::raytracing::DebugView v3.0],[rtx::raytracing::DirectLightingLtc v2.0],[rtx::raytracing::DirectLightingSampled v2.0],[rtx::raytracing::GBuffer v6.0],[rtx::raytracing::GlobalVolumetricEffects v1.0],[rtx::raytracing::Hair v2.0],[rtx::raytracing::IndirectDiffuse v3.0],[rtx::raytracing::MaterialBaking v0.2],[rtx::raytracing::PathTracing v3.0],[rtx::raytracing::Picking v2.0],[rtx::raytracing::RTXRaycastQueryManager v1.0],[rtx::raytracing::RadianceCache v1.0],[rtx::raytracing::RaycastQueryManager v1.0],[rtx::raytracing::Reflections v3.0],[rtx::raytracing::SamplerFeedback v2.0],[rtx::raytracing::Selection v1.0],[rtx::raytracing::Shadows v3.0],[rtx::raytracing::SpatialHashGrid v1.0],[rtx::raytracing::Subsurface v2.0],[rtx::raytracing::SyntheticAttributeData v1.0],[rtx::raytracing::SyntheticImageData v2.0],[rtx::raytracing::Translucency v6.0]) (impl: rtx.raytracing.plugin)
2026-09-10T04:25:03Z [12,827ms] [Info] [carb] Registered plugin: rtx.denoising.plugin (interfaces: [denoising::RtDenoising v1.0],[rtx::denoising::Caustics v0.1],[rtx::denoising::DirectLighting v0.1],[rtx::denoising::GIReprojection v0.1],[rtx::denoising::IndirectDiffuse v0.1]) (impl: rtx.denoising.plugin)
2026-09-10T04:25:03Z [12,828ms] [Info] [carb] Registered plugin: rtx.optixdenoising.plugin (interfaces: [rtx::optixdenoising::OptixDenoising75 v1.0]) (impl: rtx.optixdenoising.plugin)
2026-09-10T04:25:03Z [12,828ms] [Info] [carb] Registered plugin: rtx.optixdenoising73.plugin (interfaces: [rtx::optixdenoising::OptixDenoising73 v1.0]) (impl: rtx.optixdenoising73.plugin)
2026-09-10T04:25:03Z [12,829ms] [Info] [carb] Registered plugin: rtx.postprocessing.plugin (interfaces: [rtx::postprocessing::AlphaZeroMask v4.0],[rtx::postprocessing::ChromaticAberration v3.0],[rtx::postprocessing::DLSS v3.0],[rtx::postprocessing::DepthSensor v2.0],[rtx::postprocessing::Downsample v1.0],[rtx::postprocessing::Downsample2x v1.0],[rtx::postprocessing::Fullscreen v1.0],[rtx::postprocessing::Fxaa v2.0],[rtx::postprocessing::Histogram v2.0],[rtx::postprocessing::LensFlare v2.0],[rtx::postprocessing::MotionBlur v3.0],[rtx::postprocessing::NuRecVolumeCompositing v2.0],[rtx::postprocessing::Outline v1.0],[rtx::postprocessing::Postprocessing v6.0],[rtx::postprocessing::RegisterCompositing v0.0],[rtx::postprocessing::RegisteredCompositing v5.0],[rtx::postprocessing::TemporalAA v3.2],[rtx::postprocessing::TileCompositing v0.1],[rtx::postprocessing::Tonemapping v2.0],[rtx::postprocessing::TvNoise v3.0],[rtx::postprocessing::ViewCombiner v0.1]) (impl: rtx.postprocessing.plugin)
2026-09-10T04:25:03Z [12,830ms] [Info] [carb] Registered plugin: rtx.syntheticdata.plugin (interfaces: [rtx::syntheticdataannotation::SyntheticDataAnnotation v1.1]) (impl: rtx.syntheticdata.plugin)
2026-09-10T04:25:03Z [12,830ms] [Info] [carb] Initializing plugin: omni.usd.hydra.protoserializerregistry.plugin (interfaces: [omni::usd::hydra::IProtoSerializerRegistry v0.1]) (impl: omni.usd.hydra.protoserializerregistry.plugin)
2026-09-10T04:25:03Z [12,830ms] [Info] [carb] Registered plugin: rtx.syntheticdataproto.plugin (interfaces: [omni::usd::hydra::IProtoSerializer v0.1]) (impl: rtx.syntheticdataproto.plugin)
2026-09-10T04:25:03Z [12,831ms] [Info] [carb] Registered plugin: rtx.rasterizing.plugin (interfaces: [rtx::rasterizing::Primitive v1.0],[rtx::rasterizing::Selection v1.0]) (impl: rtx.rasterizing.plugin)
2026-09-10T04:25:03Z [12,833ms] [Info] [carb] Registered plugin: carb.ocio.plugin (interfaces: [carb::ocio::OpenColorIo v0.1]) (impl: carb.ocio.plugin)
2026-09-10T04:25:03Z [12,834ms] [Info] [carb] Registered plugin: rtx.materialx.plugin (interfaces: [rtx::materialx::IMaterialX v1.0]) (impl: rtx.materialx.plugin)
2026-09-10T04:25:03Z [12,835ms] [Info] [carb] Registered plugin: rtx.flow.plugin (interfaces: [rtx::flow::FlowRayMarch v2.0],[rtx::flow::FlowRayMarchIsosurface v1.0],[rtx::flow::FlowSelfShadow v1.0],[rtx::raytracing::Flow v2.0]) (impl: rtx.flow.plugin)
2026-09-10T04:25:03Z [12,835ms] [Info] [carb] Registered plugin: omni.usd.hydra.renderproduct.plugin (interfaces: [omni::usd::hydra::IRenderProductManager v0.2]) (impl: omni.usd.hydra.renderproduct.plugin)
2026-09-10T04:25:03Z [12,837ms] [Info] [carb] Registered plugin: omni.hydra.rtx (interfaces: [omni::ext::IExt v0.1]) (impl: omni.hydra.rtx)
2026-09-10T04:25:03Z [12,837ms] [Info] [carb] Registered plugin: carb.omnimesh.plugin (interfaces: [carb::omnimesh::IDecimate v0.1]) (impl: carb.omnimesh.plugin)
2026-09-10T04:25:03Z [12,839ms] [Info] [carb] Registered plugin: carb.ujitso.processor.geometry.plugin (interfaces: [carb::ujitso::processor::IGeometryProcessorLoader v0.1]) (impl: carb.ujitso.processor.geometry.plugin)
2026-09-10T04:25:03Z [12,839ms] [Info] [carb] Initializing plugin: omni.hydra.rtx (interfaces: [omni::ext::IExt v0.1]) (impl: omni.hydra.rtx)
2026-09-10T04:25:03Z [12,839ms] [Info] [omni.ext.plugin] [ext: omni.hydra.rtx-1.0.4] Starting ext::IExt in '/isaac-sim/extscache/omni.hydra.rtx-1.0.4+f9bf0dda.la64.r/bin/libomni.hydra.rtx.plugin.so'
2026-09-10T04:25:03Z [12,839ms] [Info] [omni.usd] UsdManager::registerHydraEngineFactory - name: 'rtx'
2026-09-10T04:25:03Z [12,839ms] [Info] [omni.usd] UsdManager::registerHydraEngineFactory - added with name: 'rtx'
2026-09-10T04:25:03Z [12,839ms] [Info] [carb] Initializing plugin: carb.ujitso.processor.geometry.plugin (interfaces: [carb::ujitso::processor::IGeometryProcessorLoader v0.1]) (impl: carb.ujitso.processor.geometry.plugin)
2026-09-10T04:25:03Z [12,839ms] [Info] [carb.ujitsoagent.plugin] Registering container factory for type: 0x4a1a5bf06fa7b500
2026-09-10T04:25:03Z [12,839ms] [Info] [carb.ujitsoagent.plugin] Registering container factory for type: 0x4453955f8192ba8
2026-09-10T04:25:03Z [12,839ms] [Info] [carb.ujitsoagent.plugin] Registering container factory for type: 0xa4b964d1e198d9ce
2026-09-10T04:25:03Z [12,839ms] [Info] [omni.ext.plugin] [ext: omni.hydra.rtx-1.0.4] started, startup time: 43 (ms)
2026-09-10T04:25:03Z [12,839ms] [Info] [omni.ext.plugin] About to startup: [ext: omni.kit.hydra_texture-1.6.0] (order: 0) Triggered by: isaaclab.python.headless.rendering-3.0.0, omni.kit.widget.viewport-109.2.0 (path: /isaac-sim/extscache/omni.kit.hydra_texture-1.6.0+f9bf0dda.la64.r.cp312)
2026-09-10T04:25:03Z [12,839ms] [Info] [omni.kit.app.plugin] [12.869s] [ext: omni.kit.hydra_texture-1.6.0] startup
2026-09-10T04:25:03Z [12,841ms] [Info] [carb] Registered plugin: omni.hydratexture.plugin (interfaces: [omni::hydratexture::IHydraTextureFactory v1.3]) (impl: omni.hydratexture.plugin)
2026-09-10T04:25:03Z [12,843ms] [Info] [omni.ext._impl._internal] Searching for classes derived from 'omni.ext.IExt' in 'omni.kit.hydra_texture' ('/isaac-sim/extscache/omni.kit.hydra_texture-1.6.0+f9bf0dda.la64.r.cp312')
2026-09-10T04:25:03Z [12,843ms] [Info] [omni.ext._impl._internal] Found class `Extension` derived from `omni.ext.IExt` in module: 'omni.kit.hydra_texture' in '/isaac-sim/extscache/omni.kit.hydra_texture-1.6.0+f9bf0dda.la64.r.cp312'. Calling `on_startup`.
2026-09-10T04:25:03Z [12,843ms] [Info] [carb] Initializing plugin: omni.hydratexture.plugin (interfaces: [omni::hydratexture::IHydraTextureFactory v1.3]) (impl: omni.hydratexture.plugin)
2026-09-10T04:25:03Z [12,843ms] [Info] [omni.ext.plugin] [ext: omni.kit.hydra_texture-1.6.0] started, startup time: 3 (ms)
2026-09-10T04:25:03Z [12,843ms] [Info] [omni.ext.plugin] About to startup: [ext: omni.kit.material.library-3.1.2] (order: 0) Triggered by: isaaclab.python.headless.rendering-3.0.0,  (path: /isaac-sim/extscache/omni.kit.material.library-3.1.2+f9bf0dda)
2026-09-10T04:25:03Z [12,843ms] [Info] [omni.kit.app.plugin] [12.873s] [ext: omni.kit.material.library-3.1.2] startup
2026-09-10T04:25:03Z [12,865ms] [Info] [omni.ext._impl._internal] Searching for classes derived from 'omni.ext.IExt' in 'omni.kit.material.library' ('/isaac-sim/extscache/omni.kit.material.library-3.1.2+f9bf0dda')
2026-09-10T04:25:03Z [12,865ms] [Info] [omni.ext._impl._internal] Found class `MaterialLibraryExtension` derived from `omni.ext.IExt` in module: 'omni.kit.material.library' in '/isaac-sim/extscache/omni.kit.material.library-3.1.2+f9bf0dda'. Calling `on_startup`.
2026-09-10T04:25:03Z [12,866ms] [Info] [omni.ext.plugin] [ext: omni.kit.material.library-3.1.2] started, startup time: 22 (ms)
2026-09-10T04:25:03Z [12,866ms] [Info] [omni.ext.plugin] About to startup: [ext: omni.kit.viewport.registry-104.0.6] (order: 0) Triggered by: omni.kit.viewport.window-109.0.2 (path: /isaac-sim/extscache/omni.kit.viewport.registry-104.0.6+f9bf0dda)
2026-09-10T04:25:03Z [12,866ms] [Info] [omni.kit.app.plugin] [12.895s] [ext: omni.kit.viewport.registry-104.0.6] startup
2026-09-10T04:25:03Z [12,866ms] [Info] [omni.ext._impl._internal] Searching for classes derived from 'omni.ext.IExt' in 'omni.kit.viewport.registry' ('/isaac-sim/extscache/omni.kit.viewport.registry-104.0.6+f9bf0dda')
2026-09-10T04:25:03Z [12,866ms] [Info] [omni.ext.plugin] [ext: omni.kit.viewport.registry-104.0.6] started, startup time: 0 (ms)
2026-09-10T04:25:03Z [12,866ms] [Info] [omni.ext.plugin] About to startup: [ext: omni.kit.widget.viewport-109.2.0] (order: 0) Triggered by: omni.kit.viewport.window-109.0.2 (path: /isaac-sim/extscache/omni.kit.widget.viewport-109.2.0+f9bf0dda)
2026-09-10T04:25:03Z [12,866ms] [Info] [omni.kit.app.plugin] [12.896s] [ext: omni.kit.widget.viewport-109.2.0] startup
2026-09-10T04:25:03Z [12,880ms] [Info] [omni.ext._impl._internal] Searching for classes derived from 'omni.ext.IExt' in 'omni.kit.widget.viewport' ('/isaac-sim/extscache/omni.kit.widget.viewport-109.2.0+f9bf0dda')
2026-09-10T04:25:03Z [12,880ms] [Info] [omni.ext._impl._internal] Found class `ViewportWidgetExtension` derived from `omni.ext.IExt` in module: 'omni.kit.widget.viewport' in '/isaac-sim/extscache/omni.kit.widget.viewport-109.2.0+f9bf0dda'. Calling `on_startup`.
2026-09-10T04:25:03Z [12,880ms] [Info] [omni.ext.plugin] [ext: omni.kit.widget.viewport-109.2.0] started, startup time: 13 (ms)
2026-09-10T04:25:03Z [12,880ms] [Info] [omni.ext.plugin] About to startup: [ext: omni.ui.scene-2.0.3] (order: 0) Triggered by: omni.kit.viewport.window-109.0.2 (path: /isaac-sim/extscache/omni.ui.scene-2.0.3+f9bf0dda.la64.r.cp312)
2026-09-10T04:25:03Z [12,880ms] [Info] [omni.kit.app.plugin] [12.910s] [ext: omni.ui.scene-2.0.3] startup
2026-09-10T04:25:03Z [12,881ms] [Info] [omni.ext.plugin] Loaded the dynamic library from /isaac-sim/extscache/omni.ui.scene-2.0.3+f9bf0dda.la64.r.cp312/bin/libomni.ui.scene.so
2026-09-10T04:25:03Z [12,885ms] [Info] [omni.ext._impl._internal] Searching for classes derived from 'omni.ext.IExt' in 'omni.ui.scene' ('/isaac-sim/extscache/omni.ui.scene-2.0.3+f9bf0dda.la64.r.cp312')
2026-09-10T04:25:03Z [12,885ms] [Info] [omni.ext._impl._internal] Searching for classes derived from 'omni.ext.IExt' in 'omni.ui_scene' ('/isaac-sim/extscache/omni.ui.scene-2.0.3+f9bf0dda.la64.r.cp312')
2026-09-10T04:25:03Z [12,885ms] [Info] [omni.ext.plugin] [ext: omni.ui.scene-2.0.3] started, startup time: 5 (ms)
2026-09-10T04:25:03Z [12,885ms] [Info] [omni.ext.plugin] About to startup: [ext: omni.kit.viewport.window-109.0.2] (order: 0) Triggered by: isaacsim.core.rendering_manager-0.4.3,  (path: /isaac-sim/extscache/omni.kit.viewport.window-109.0.2+f9bf0dda)
2026-09-10T04:25:03Z [12,885ms] [Info] [omni.kit.app.plugin] [12.915s] [ext: omni.kit.viewport.window-109.0.2] startup
2026-09-10T04:25:03Z [12,895ms] [Info] [omni.ext._impl._internal] Searching for classes derived from 'omni.ext.IExt' in 'omni.kit.viewport.window' ('/isaac-sim/extscache/omni.kit.viewport.window-109.0.2+f9bf0dda')
2026-09-10T04:25:03Z [12,895ms] [Info] [omni.ext._impl._internal] Found class `ViewportWindowExtension` derived from `omni.ext.IExt` in module: 'omni.kit.viewport.window' in '/isaac-sim/extscache/omni.kit.viewport.window-109.0.2+f9bf0dda'. Calling `on_startup`.
2026-09-10T04:25:03Z [12,895ms] [Info] [omni.kit.viewport.window.menu_entry] Creating Viewport menu-entry: 'Viewport 1' to show 'Viewport' with visibility: True as default: True
2026-09-10T04:25:03Z [12,895ms] [Info] [carb] Plugin omni.ui is already a dependency of omni.ui.windowmanager.plugin; not changing unload order
2026-09-10T04:25:03Z [12,898ms] [Info] [omni.kit.viewport.window.window] Enable omni.kit.window.drop_support for external drop support
2026-09-10T04:25:03Z [12,898ms] [Info] [omni.kit.viewport.window.menu_entry] Creating Viewport menu-entry: 'Viewport 2' to show 'Viewport 2' with visibility: False as default: False
2026-09-10T04:25:03Z [12,899ms] [Info] [omni.kit.viewport.window.extension] omni.kit.manipulator.camera is not loaded, adding extension enabled hooks
2026-09-10T04:25:03Z [12,899ms] [Info] [omni.kit.viewport.window.extension] omni.kit.manipulator.selection is not loaded, adding extension enabled hooks
2026-09-10T04:25:03Z [12,902ms] [Info] [omni.kit.viewport.window.extension] omni.kit.viewport.legacy_gizmos is not loaded, adding extension enabled hooks
2026-09-10T04:25:03Z [12,902ms] [Info] [omni.kit.viewport.window.extension] Adding embedded ui.scenes fallbacks for "omni.kit.viewport.legacy_gizmos"
2026-09-10T04:25:03Z [12,916ms] [Info] [omni.ext.plugin] [ext: omni.kit.viewport.window-109.0.2] started, startup time: 30 (ms)
2026-09-10T04:25:03Z [12,916ms] [Info] [omni.ext.plugin] About to startup: [ext: omni.kit.viewport.utility-2.0.1] (order: 0) Triggered by: isaacsim.core.rendering_manager-0.4.3, omni.syntheticdata-0.6.15 (path: /isaac-sim/extscache/omni.kit.viewport.utility-2.0.1+f9bf0dda)
2026-09-10T04:25:03Z [12,916ms] [Info] [omni.kit.app.plugin] [12.946s] [ext: omni.kit.viewport.utility-2.0.1] startup
2026-09-10T04:25:03Z [12,919ms] [Info] [omni.ext._impl._internal] Searching for classes derived from 'omni.ext.IExt' in 'omni.kit.viewport.utility' ('/isaac-sim/extscache/omni.kit.viewport.utility-2.0.1+f9bf0dda')
2026-09-10T04:25:03Z [12,919ms] [Info] [omni.ext.plugin] [ext: omni.kit.viewport.utility-2.0.1] started, startup time: 2 (ms)
2026-09-10T04:25:03Z [12,919ms] [Info] [omni.ext.plugin] About to startup: [ext: omni.physx.fabric-110.1.13] (order: 0) Triggered by: isaaclab.python.headless-3.0.0 (path: /isaac-sim/extscache/omni.physx.fabric-110.1.13+110.1.2.la64.r.cp312.u7f4)
2026-09-10T04:25:03Z [12,919ms] [Info] [omni.kit.app.plugin] [12.948s] [ext: omni.physx.fabric-110.1.13] startup
2026-09-10T04:25:03Z [12,920ms] [Info] [carb] Registered plugin: omni.physx.fabric.plugin (interfaces: [omni::physx::IPhysxFabric v2.0]) (impl: omni.physx.fabric.plugin)
2026-09-10T04:25:03Z [12,922ms] [Info] [omni.ext._impl._internal] Searching for classes derived from 'omni.ext.IExt' in 'omni.physxfabric' ('/isaac-sim/extscache/omni.physx.fabric-110.1.13+110.1.2.la64.r.cp312.u7f4')
2026-09-10T04:25:03Z [12,922ms] [Info] [omni.ext._impl._internal] Found class `PhysxFabricExtension` derived from `omni.ext.IExt` in module: 'omni.physxfabric' in '/isaac-sim/extscache/omni.physx.fabric-110.1.13+110.1.2.la64.r.cp312.u7f4'. Calling `on_startup`.
2026-09-10T04:25:03Z [12,922ms] [Info] [carb] Initializing plugin: omni.physx.fabric.plugin (interfaces: [omni::physx::IPhysxFabric v2.0]) (impl: omni.physx.fabric.plugin)
2026-09-10T04:25:03Z [12,923ms] [Info] [omni.ext.plugin] [ext: omni.physx.fabric-110.1.13] started, startup time: 3 (ms)
2026-09-10T04:25:03Z [12,923ms] [Info] [omni.ext.plugin] About to startup: [ext: omni.usd.metrics.assembler.ui-110.1.1] (order: 0) Triggered by: isaaclab.python.headless-3.0.0 (path: /isaac-sim/extscache/omni.usd.metrics.assembler.ui-110.1.1+110.1.0.cp312.u7f4)
2026-09-10T04:25:03Z [12,923ms] [Info] [omni.kit.app.plugin] [12.952s] [ext: omni.usd.metrics.assembler.ui-110.1.1] startup
2026-09-10T04:25:03Z [12,927ms] [Info] [omni.ext._impl._internal] Searching for classes derived from 'omni.ext.IExt' in 'omni.metrics.assembler.ui' ('/isaac-sim/extscache/omni.usd.metrics.assembler.ui-110.1.1+110.1.0.cp312.u7f4')
2026-09-10T04:25:03Z [12,927ms] [Info] [omni.ext._impl._internal] Found class `MetricsAssemblerUI` derived from `omni.ext.IExt` in module: 'omni.metrics.assembler.ui' in '/isaac-sim/extscache/omni.usd.metrics.assembler.ui-110.1.1+110.1.0.cp312.u7f4'. Calling `on_startup`.
2026-09-10T04:25:03Z [12,928ms] [Info] [omni.ext.plugin] [ext: omni.usd.metrics.assembler.ui-110.1.1] started, startup time: 4 (ms)
2026-09-10T04:25:03Z [12,928ms] [Info] [omni.ext.plugin] About to startup: [ext: isaaclab_assets-0.3.4] (order: 1000) Triggered by: isaaclab.python.headless-3.0.0, isaaclab_tasks-1.10.9, isaaclab_mimic-1.3.3, isaaclab_rl-0.5.5 (path: /workspace/isaaclab/source/isaaclab_assets)
2026-09-10T04:25:03Z [12,928ms] [Info] [omni.kit.app.plugin] [12.957s] [ext: isaaclab_assets-0.3.4] startup
2026-09-10T04:25:03Z [12,929ms] [Info] [omni.ext._impl._internal] Searching for classes derived from 'omni.ext.IExt' in 'isaaclab_assets' ('/workspace/isaaclab/source/isaaclab_assets')
2026-09-10T04:25:03Z [13,089ms] [Info] [omni.ext.plugin] [ext: isaaclab_assets-0.3.4] started, startup time: 161 (ms)
2026-09-10T04:25:03Z [13,090ms] [Info] [omni.ext.plugin] About to startup: [ext: isaaclab_tasks-1.10.9] (order: 1000) Triggered by: isaaclab.python.headless-3.0.0, isaaclab_mimic-1.3.3, isaaclab_rl-0.5.5 (path: /workspace/isaaclab/source/isaaclab_tasks)
2026-09-10T04:25:03Z [13,090ms] [Info] [omni.kit.app.plugin] [13.119s] [ext: isaaclab_tasks-1.10.9] startup
2026-09-10T04:25:03Z [13,129ms] [Info] [omni.ext._impl._internal] Searching for classes derived from 'omni.ext.IExt' in 'isaaclab_tasks' ('/workspace/isaaclab/source/isaaclab_tasks')
2026-09-10T04:25:03Z [13,130ms] [Info] [omni.ext.plugin] [ext: isaaclab_tasks-1.10.9] started, startup time: 39 (ms)
2026-09-10T04:25:03Z [13,130ms] [Info] [omni.ext.plugin] About to startup: [ext: isaaclab_mimic-1.3.3] (order: 1000) Triggered by: isaaclab.python.headless-3.0.0 (path: /workspace/isaaclab/source/isaaclab_mimic)
2026-09-10T04:25:03Z [13,130ms] [Info] [omni.kit.app.plugin] [13.159s] [ext: isaaclab_mimic-1.3.3] startup
2026-09-10T04:25:03Z [13,130ms] [Info] [omni.ext._impl._internal] Searching for classes derived from 'omni.ext.IExt' in 'isaaclab_mimic' ('/workspace/isaaclab/source/isaaclab_mimic')
2026-09-10T04:25:03Z [13,130ms] [Info] [omni.ext.plugin] [ext: isaaclab_mimic-1.3.3] started, startup time: 0 (ms)
2026-09-10T04:25:03Z [13,130ms] [Info] [omni.ext.plugin] About to startup: [ext: isaaclab_newton-0.13.6] (order: 1000) Triggered by: isaaclab.python.headless-3.0.0 (path: /workspace/isaaclab/source/isaaclab_newton)
2026-09-10T04:25:03Z [13,130ms] [Info] [omni.kit.app.plugin] [13.159s] [ext: isaaclab_newton-0.13.6] startup
2026-09-10T04:25:03Z [13,130ms] [Info] [omni.ext._impl._internal] Searching for classes derived from 'omni.ext.IExt' in 'isaaclab_newton' ('/workspace/isaaclab/source/isaaclab_newton')
2026-09-10T04:25:03Z [13,130ms] [Info] [omni.ext.plugin] [ext: isaaclab_newton-0.13.6] started, startup time: 0 (ms)
2026-09-10T04:25:03Z [13,130ms] [Info] [omni.ext.plugin] About to startup: [ext: isaaclab_physx-1.1.3] (order: 1000) Triggered by: isaaclab.python.headless-3.0.0 (path: /workspace/isaaclab/source/isaaclab_physx)
2026-09-10T04:25:03Z [13,130ms] [Info] [omni.kit.app.plugin] [13.160s] [ext: isaaclab_physx-1.1.3] startup
2026-09-10T04:25:03Z [13,130ms] [Info] [omni.ext._impl._internal] Searching for classes derived from 'omni.ext.IExt' in 'isaaclab_physx' ('/workspace/isaaclab/source/isaaclab_physx')
2026-09-10T04:25:03Z [13,130ms] [Info] [omni.ext.plugin] [ext: isaaclab_physx-1.1.3] started, startup time: 0 (ms)
2026-09-10T04:25:03Z [13,130ms] [Info] [omni.ext.plugin] About to startup: [ext: isaaclab_rl-0.5.5] (order: 1000) Triggered by: isaaclab.python.headless-3.0.0 (path: /workspace/isaaclab/source/isaaclab_rl)
2026-09-10T04:25:03Z [13,130ms] [Info] [omni.kit.app.plugin] [13.160s] [ext: isaaclab_rl-0.5.5] startup
2026-09-10T04:25:03Z [13,130ms] [Info] [omni.ext._impl._internal] Searching for classes derived from 'omni.ext.IExt' in 'isaaclab_rl' ('/workspace/isaaclab/source/isaaclab_rl')
2026-09-10T04:25:03Z [13,130ms] [Info] [omni.ext.plugin] [ext: isaaclab_rl-0.5.5] started, startup time: 0 (ms)
2026-09-10T04:25:03Z [13,130ms] [Info] [omni.ext.plugin] About to startup: [ext: isaaclab.python.headless-3.0.0] (order: 0) Triggered by: isaaclab.python.headless.rendering-3.0.0 (path: /workspace/isaaclab/apps/isaaclab.python.headless.kit)
2026-09-10T04:25:03Z [13,130ms] [Info] [omni.kit.app.plugin] [13.160s] [ext: isaaclab.python.headless-3.0.0] startup
2026-09-10T04:25:03Z [13,130ms] [Info] [omni.ext.plugin] [ext: isaaclab.python.headless-3.0.0] started, startup time: 0 (ms)
2026-09-10T04:25:03Z [13,130ms] [Info] [omni.ext.plugin] About to startup: [ext: isaacsim.core.rendering_manager-0.4.3] (order: 0) Triggered by: isaaclab.python.headless.rendering-3.0.0 (path: /isaac-sim/exts/isaacsim.core.rendering_manager)
2026-09-10T04:25:03Z [13,130ms] [Info] [omni.kit.app.plugin] [13.160s] [ext: isaacsim.core.rendering_manager-0.4.3] startup
2026-09-10T04:25:03Z [13,149ms] [Info] [omni.ext._impl._internal] Searching for classes derived from 'omni.ext.IExt' in 'isaacsim.core.rendering_manager' ('/isaac-sim/exts/isaacsim.core.rendering_manager')
2026-09-10T04:25:03Z [13,149ms] [Info] [omni.ext._impl._internal] Found class `Extension` derived from `omni.ext.IExt` in module: 'isaacsim.core.rendering_manager' in '/isaac-sim/exts/isaacsim.core.rendering_manager'. Calling `on_startup`.
2026-09-10T04:25:03Z [13,149ms] [Info] [omni.ext._impl._internal] Searching for classes derived from 'omni.ext.IExt' in 'isaacsim.core.rendering_manager.tests' ('/isaac-sim/exts/isaacsim.core.rendering_manager')
2026-09-10T04:25:03Z [13,149ms] [Info] [omni.ext.plugin] [ext: isaacsim.core.rendering_manager-0.4.3] started, startup time: 18 (ms)
2026-09-10T04:25:03Z [13,149ms] [Info] [omni.ext.plugin] About to startup: [ext: omni.graph.tools-1.81.0] (order: 0) Triggered by: omni.graph-1.142.5, omni.graph.scriptnode-2.10.2, omni.graph.image.nodes-1.3.1, omni.graph.action_nodes-2.11.0 (path: /isaac-sim/extscache/omni.graph.tools-1.81.0+f9bf0dda)
2026-09-10T04:25:03Z [13,149ms] [Info] [omni.kit.app.plugin] [13.179s] [ext: omni.graph.tools-1.81.0] startup
2026-09-10T04:25:03Z [13,226ms] [Info] [omni.ext._impl._internal] Searching for classes derived from 'omni.ext.IExt' in 'omni.graph.tools' ('/isaac-sim/extscache/omni.graph.tools-1.81.0+f9bf0dda')
2026-09-10T04:25:03Z [13,226ms] [Info] [omni.ext._impl._internal] Found class `_PublicExtension` derived from `omni.ext.IExt` in module: 'omni.graph.tools' in '/isaac-sim/extscache/omni.graph.tools-1.81.0+f9bf0dda'. Calling `on_startup`.
2026-09-10T04:25:03Z [13,226ms] [Info] [omni.ext.plugin] [ext: omni.graph.tools-1.81.0] started, startup time: 77 (ms)
2026-09-10T04:25:03Z [13,226ms] [Info] [omni.ext.plugin] About to startup: [ext: omni.graph-1.142.5] (order: 0) Triggered by: omni.replicator.core-1.13.27, omni.replicator.nv-1.1.1, omni.syntheticdata-0.6.15, omni.graph.scriptnode-2.10.2, omni.graph.action_nodes-2.11.0,  (path: /isaac-sim/extscache/omni.graph-1.142.5+f9bf0dda.la64.r.cp312)
2026-09-10T04:25:03Z [13,226ms] [Info] [omni.kit.app.plugin] [13.256s] [ext: omni.graph-1.142.5] startup
2026-09-10T04:25:03Z [13,298ms] [Info] [omni.ext._impl._internal] Searching for classes derived from 'omni.ext.IExt' in 'omni.graph.core' ('/isaac-sim/extscache/omni.graph-1.142.5+f9bf0dda.la64.r.cp312')
2026-09-10T04:25:03Z [13,298ms] [Info] [omni.ext._impl._internal] Found class `_PublicExtension` derived from `omni.ext.IExt` in module: 'omni.graph.core' in '/isaac-sim/extscache/omni.graph-1.142.5+f9bf0dda.la64.r.cp312'. Calling `on_startup`.
2026-09-10T04:25:03Z [13,299ms] [Info] [omni.ext.plugin] [ext: omni.graph-1.142.5] started, startup time: 72 (ms)
2026-09-10T04:25:03Z [13,299ms] [Info] [omni.ext.plugin] About to startup: [ext: omni.graph.action_core-1.1.9] (order: 0) Triggered by: omni.syntheticdata-0.6.15, omni.graph.action_nodes-2.11.0, omni.graph.action_nodes_core-2.11.0 (path: /isaac-sim/extscache/omni.graph.action_core-1.1.9+f9bf0dda.la64.r.cp312)
2026-09-10T04:25:03Z [13,299ms] [Info] [omni.kit.app.plugin] [13.329s] [ext: omni.graph.action_core-1.1.9] startup
2026-09-10T04:25:03Z [13,300ms] [Info] [omni.graph.exec.unstable.passRegistry] IPassRegistry::registerPass: registered ActionGraphPass as pass id 10
2026-09-10T04:25:03Z [13,300ms] [Info] [omni.graph.exec.unstable.passRegistry] IPassRegistry::registerPass: registered DependencyFoldPass as pass id 11
2026-09-10T04:25:03Z [13,301ms] [Info] [omni.ext._impl._internal] Searching for classes derived from 'omni.ext.IExt' in 'omni.graph.action_core' ('/isaac-sim/extscache/omni.graph.action_core-1.1.9+f9bf0dda.la64.r.cp312')
2026-09-10T04:25:03Z [13,301ms] [Info] [omni.ext._impl._internal] Found class `_PublicExtension` derived from `omni.ext.IExt` in module: 'omni.graph.action_core' in '/isaac-sim/extscache/omni.graph.action_core-1.1.9+f9bf0dda.la64.r.cp312'. Calling `on_startup`.
2026-09-10T04:25:03Z [13,301ms] [Info] [omni.ext.plugin] [ext: omni.graph.action_core-1.1.9] started, startup time: 2 (ms)
2026-09-10T04:25:03Z [13,301ms] [Info] [omni.graph.core._impl.registration] Registering Python nodes in omni.graph.action_core onto module omni.graph.action_core from /isaac-sim/extscache/omni.graph.action_core-1.1.9+f9bf0dda.la64.r.cp312 in thread <_MainThread(MainThread, started 272108525510272)>
2026-09-10T04:25:03Z [13,301ms] [Info] [omni.ext.plugin] [ext manager] preferLocalVersions: 1
2026-09-10T04:25:03Z [13,303ms] [Info] [omni.ext.plugin] About to startup: [ext: omni.graph.action_nodes_core-2.11.0] (order: 0) Triggered by: omni.graph.action_nodes-2.11.0 (path: /isaac-sim/extscache/omni.graph.action_nodes_core-2.11.0+110.0.0.la64.r.cp312.u7f4)
2026-09-10T04:25:03Z [13,303ms] [Info] [omni.kit.app.plugin] [13.333s] [ext: omni.graph.action_nodes_core-2.11.0] startup
2026-09-10T04:25:03Z [13,304ms] [Info] [carb] Registered plugin: omni.graph.action_nodes_core.plugin (interfaces: [omni::ext::IExt v0.1]) (impl: omni.graph.action_nodes_core.plugin)
2026-09-10T04:25:03Z [13,304ms] [Info] [carb] Initializing plugin: omni.graph.action_nodes_core.plugin (interfaces: [omni::ext::IExt v0.1]) (impl: omni.graph.action_nodes_core.plugin)
2026-09-10T04:25:03Z [13,304ms] [Info] [omni.ext.plugin] [ext: omni.graph.action_nodes_core-2.11.0] Starting ext::IExt in '/isaac-sim/extscache/omni.graph.action_nodes_core-2.11.0+110.0.0.la64.r.cp312.u7f4/bin/libomni.graph.action_nodes_core.plugin.so'
2026-09-10T04:25:03Z [13,307ms] [Info] [omni.ext._impl._internal] Searching for classes derived from 'omni.ext.IExt' in 'omni.graph.action_nodes_core' ('/isaac-sim/extscache/omni.graph.action_nodes_core-2.11.0+110.0.0.la64.r.cp312.u7f4')
2026-09-10T04:25:03Z [13,307ms] [Info] [omni.ext._impl._internal] Found class `_PublicExtension` derived from `omni.ext.IExt` in module: 'omni.graph.action_nodes_core' in '/isaac-sim/extscache/omni.graph.action_nodes_core-2.11.0+110.0.0.la64.r.cp312.u7f4'. Calling `on_startup`.
2026-09-10T04:25:03Z [13,307ms] [Info] [omni.ext.plugin] [ext: omni.graph.action_nodes_core-2.11.0] started, startup time: 3 (ms)
2026-09-10T04:25:03Z [13,307ms] [Info] [omni.graph.core._impl.registration] Registering Python nodes in omni.graph.action_nodes_core onto module omni.graph.action_nodes_core from /isaac-sim/extscache/omni.graph.action_nodes_core-2.11.0+110.0.0.la64.r.cp312.u7f4 in thread <_MainThread(MainThread, started 272108525510272)>
2026-09-10T04:25:03Z [13,307ms] [Info] [omni.ext.plugin] [ext manager] preferLocalVersions: 1
2026-09-10T04:25:03Z [13,308ms] [Info] [omni.ext.plugin] About to startup: [ext: omni.graph.action_nodes-2.11.0] (order: 0) Triggered by: omni.graph.action-2.10.2 (path: /isaac-sim/extscache/omni.graph.action_nodes-2.11.0+110.0.0.la64.r.cp312.u7f4)
2026-09-10T04:25:03Z [13,308ms] [Info] [omni.kit.app.plugin] [13.338s] [ext: omni.graph.action_nodes-2.11.0] startup
2026-09-10T04:25:03Z [13,310ms] [Info] [omni.ext._impl._internal] Searching for classes derived from 'omni.ext.IExt' in 'omni.graph.action_nodes' ('/isaac-sim/extscache/omni.graph.action_nodes-2.11.0+110.0.0.la64.r.cp312.u7f4')
2026-09-10T04:25:03Z [13,310ms] [Info] [omni.ext._impl._internal] Found class `_PublicExtension` derived from `omni.ext.IExt` in module: 'omni.graph.action_nodes' in '/isaac-sim/extscache/omni.graph.action_nodes-2.11.0+110.0.0.la64.r.cp312.u7f4'. Calling `on_startup`.
2026-09-10T04:25:03Z [13,310ms] [Info] [omni.ext.plugin] [ext: omni.graph.action_nodes-2.11.0] started, startup time: 1 (ms)
2026-09-10T04:25:03Z [13,310ms] [Info] [omni.graph.core._impl.registration] Registering Python nodes in omni.graph.action_nodes onto module omni.graph.action_nodes from /isaac-sim/extscache/omni.graph.action_nodes-2.11.0+110.0.0.la64.r.cp312.u7f4 in thread <_MainThread(MainThread, started 272108525510272)>
2026-09-10T04:25:03Z [13,310ms] [Info] [omni.ext.plugin] [ext manager] preferLocalVersions: 1
2026-09-10T04:25:03Z [13,359ms] [Info] [omni.graph.core.plugin] Creating unregistered node type omni.graph.action.OnStageEvent (version 4)
2026-09-10T04:25:03Z [13,359ms] [Info] [omni.graph.core.plugin] Creating unregistered node type omni.graph.action.SendCustomEvent (version 2)
2026-09-10T04:25:03Z [13,359ms] [Info] [omni.graph.core.plugin] Creating unregistered node type omni.graph.action.ExitApplication (version 1)
2026-09-10T04:25:03Z [13,359ms] [Info] [omni.graph.core.plugin] Creating unregistered node type omni.graph.action.OnCustomEvent (version 3)
2026-09-10T04:25:03Z [13,359ms] [Info] [omni.graph.core.plugin] Creating unregistered node type omni.graph.action.Countdown (version 2)
2026-09-10T04:25:03Z [13,359ms] [Info] [omni.ext.plugin] About to startup: [ext: omni.graph.action-2.10.2] (order: 0) Triggered by: omni.replicator.core-1.13.27, omni.replicator.nv-1.1.1 (path: /isaac-sim/extscache/omni.graph.action-2.10.2+110.0.0)
2026-09-10T04:25:03Z [13,359ms] [Info] [omni.kit.app.plugin] [13.389s] [ext: omni.graph.action-2.10.2] startup
2026-09-10T04:25:03Z [13,359ms] [Info] [omni.ext._impl._internal] Searching for classes derived from 'omni.ext.IExt' in 'omni.graph.action' ('/isaac-sim/extscache/omni.graph.action-2.10.2+110.0.0')
2026-09-10T04:25:03Z [13,359ms] [Info] [omni.ext.plugin] [ext: omni.graph.action-2.10.2] started, startup time: 0 (ms)
2026-09-10T04:25:03Z [13,359ms] [Info] [omni.graph.core._impl.registration] Registering Python nodes in omni.graph.action onto module omni.graph.action from /isaac-sim/extscache/omni.graph.action-2.10.2+110.0.0 in thread <_MainThread(MainThread, started 272108525510272)>
2026-09-10T04:25:03Z [13,359ms] [Info] [omni.ext.plugin] [ext manager] preferLocalVersions: 1
2026-09-10T04:25:03Z [13,360ms] [Info] [omni.ext.plugin] About to startup: [ext: omni.graph.image.core-0.6.1] (order: 0) Triggered by: omni.syntheticdata-0.6.15, omni.graph.image.nodes-1.3.1 (path: /isaac-sim/extscache/omni.graph.image.core-0.6.1+f9bf0dda.la64.r)
2026-09-10T04:25:03Z [13,360ms] [Info] [omni.kit.app.plugin] [13.390s] [ext: omni.graph.image.core-0.6.1] startup
2026-09-10T04:25:03Z [13,361ms] [Info] [omni.graph.exec.unstable.passRegistry] IPassRegistry::registerPass: registered PopulateRenderingPass as pass id 12
2026-09-10T04:25:03Z [13,361ms] [Info] [omni.graph.exec.unstable.passRegistry] IPassRegistry::registerPass: registered PopulatePreRenderingPass as pass id 13
2026-09-10T04:25:03Z [13,361ms] [Info] [omni.graph.exec.unstable.passRegistry] IPassRegistry::registerPass: registered PopulatePostRenderingPass as pass id 14
2026-09-10T04:25:03Z [13,361ms] [Info] [omni.graph.exec.unstable.passRegistry] IPassRegistry::registerPass: registered PopulatePreRenderingDefPass as pass id 15
2026-09-10T04:25:03Z [13,361ms] [Info] [omni.graph.exec.unstable.passRegistry] IPassRegistry::registerPass: registered PopulatePostRenderingDefPass as pass id 16
2026-09-10T04:25:03Z [13,361ms] [Info] [omni.ext.plugin] [ext: omni.graph.image.core-0.6.1] started, startup time: 1 (ms)
2026-09-10T04:25:03Z [13,361ms] [Info] [omni.ext.plugin] About to startup: [ext: omni.graph.image.nodes-1.3.1] (order: 0) Triggered by: omni.syntheticdata-0.6.15, omni.graph.nodes-2.12.0 (path: /isaac-sim/extscache/omni.graph.image.nodes-1.3.1+f9bf0dda.la64.r)
2026-09-10T04:25:03Z [13,361ms] [Info] [omni.kit.app.plugin] [13.391s] [ext: omni.graph.image.nodes-1.3.1] startup
2026-09-10T04:25:03Z [13,362ms] [Info] [omni.ext.plugin] [ext: omni.graph.image.nodes-1.3.1] started, startup time: 0 (ms)
2026-09-10T04:25:03Z [13,362ms] [Info] [omni.ext.plugin] About to startup: [ext: omni.graph.nodes_core-2.11.0] (order: 0) Triggered by: omni.graph.nodes-2.12.0 (path: /isaac-sim/extscache/omni.graph.nodes_core-2.11.0+110.0.0.la64.r.cp312.u7f4)
2026-09-10T04:25:03Z [13,362ms] [Info] [omni.kit.app.plugin] [13.392s] [ext: omni.graph.nodes_core-2.11.0] startup
2026-09-10T04:25:03Z [13,363ms] [Info] [carb] Registered plugin: omni.graph.nodes_core.plugin (interfaces: [omni::ext::IExt v0.1]) (impl: omni.graph.nodes_core.plugin)
2026-09-10T04:25:03Z [13,364ms] [Info] [carb] Initializing plugin: omni.graph.nodes_core.plugin (interfaces: [omni::ext::IExt v0.1]) (impl: omni.graph.nodes_core.plugin)
2026-09-10T04:25:03Z [13,364ms] [Info] [omni.ext.plugin] [ext: omni.graph.nodes_core-2.11.0] Starting ext::IExt in '/isaac-sim/extscache/omni.graph.nodes_core-2.11.0+110.0.0.la64.r.cp312.u7f4/bin/libomni.graph.nodes_core.plugin.so'
2026-09-10T04:25:03Z [13,366ms] [Info] [omni.ext._impl._internal] Searching for classes derived from 'omni.ext.IExt' in 'omni.graph.nodes_core' ('/isaac-sim/extscache/omni.graph.nodes_core-2.11.0+110.0.0.la64.r.cp312.u7f4')
2026-09-10T04:25:03Z [13,366ms] [Info] [omni.ext._impl._internal] Found class `_PublicExtension` derived from `omni.ext.IExt` in module: 'omni.graph.nodes_core' in '/isaac-sim/extscache/omni.graph.nodes_core-2.11.0+110.0.0.la64.r.cp312.u7f4'. Calling `on_startup`.
2026-09-10T04:25:03Z [13,366ms] [Info] [omni.ext.plugin] [ext: omni.graph.nodes_core-2.11.0] started, startup time: 3 (ms)
2026-09-10T04:25:03Z [13,366ms] [Info] [omni.graph.core._impl.registration] Registering Python nodes in omni.graph.nodes_core onto module omni.graph.nodes_core from /isaac-sim/extscache/omni.graph.nodes_core-2.11.0+110.0.0.la64.r.cp312.u7f4 in thread <_MainThread(MainThread, started 272108525510272)>
2026-09-10T04:25:03Z [13,366ms] [Info] [omni.ext.plugin] [ext manager] preferLocalVersions: 1
2026-09-10T04:25:03Z [13,367ms] [Info] [omni.ext.plugin] About to startup: [ext: omni.graph.nodes-2.12.0] (order: 0) Triggered by: omni.replicator.core-1.13.27, omni.replicator.nv-1.1.1 (path: /isaac-sim/extscache/omni.graph.nodes-2.12.0+110.0.0.la64.r.cp312.u7f4)
2026-09-10T04:25:03Z [13,367ms] [Info] [omni.kit.app.plugin] [13.397s] [ext: omni.graph.nodes-2.12.0] startup
2026-09-10T04:25:03Z [13,369ms] [Info] [carb] Registered plugin: omni.graph.nodes.plugin (interfaces: [omni::graph::nodes v1.0]) (impl: omni.graph.nodes.plugin)
2026-09-10T04:25:03Z [13,370ms] [Info] [omni.ext._impl._internal] Searching for classes derived from 'omni.ext.IExt' in 'omni.graph.nodes' ('/isaac-sim/extscache/omni.graph.nodes-2.12.0+110.0.0.la64.r.cp312.u7f4')
2026-09-10T04:25:03Z [13,370ms] [Info] [omni.ext._impl._internal] Found class `_PublicExtension` derived from `omni.ext.IExt` in module: 'omni.graph.nodes' in '/isaac-sim/extscache/omni.graph.nodes-2.12.0+110.0.0.la64.r.cp312.u7f4'. Calling `on_startup`.
2026-09-10T04:25:03Z [13,370ms] [Info] [carb] Initializing plugin: omni.graph.nodes.plugin (interfaces: [omni::graph::nodes v1.0]) (impl: omni.graph.nodes.plugin)
2026-09-10T04:25:03Z [13,371ms] [Info] [omni.ext.plugin] [ext: omni.graph.nodes-2.12.0] started, startup time: 4 (ms)
2026-09-10T04:25:03Z [13,371ms] [Info] [omni.graph.core._impl.registration] Registering Python nodes in omni.graph.nodes onto module omni.graph.nodes from /isaac-sim/extscache/omni.graph.nodes-2.12.0+110.0.0.la64.r.cp312.u7f4 in thread <_MainThread(MainThread, started 272108525510272)>
2026-09-10T04:25:03Z [13,371ms] [Info] [omni.ext.plugin] [ext manager] preferLocalVersions: 1
2026-09-10T04:25:03Z [13,372ms] [Info] [omni.ext.plugin] About to startup: [ext: omni.graph.scriptnode-2.10.2] (order: 0) Triggered by: omni.replicator.core-1.13.27 (path: /isaac-sim/extscache/omni.graph.scriptnode-2.10.2+110.0.0)
2026-09-10T04:25:03Z [13,372ms] [Info] [omni.kit.app.plugin] [13.402s] [ext: omni.graph.scriptnode-2.10.2] startup
2026-09-10T04:25:03Z [13,373ms] [Info] [omni.ext._impl._internal] Searching for classes derived from 'omni.ext.IExt' in 'omni.graph.scriptnode' ('/isaac-sim/extscache/omni.graph.scriptnode-2.10.2+110.0.0')
2026-09-10T04:25:03Z [13,373ms] [Info] [omni.ext._impl._internal] Found class `_PublicExtension` derived from `omni.ext.IExt` in module: 'omni.graph.scriptnode' in '/isaac-sim/extscache/omni.graph.scriptnode-2.10.2+110.0.0'. Calling `on_startup`.
2026-09-10T04:25:03Z [13,373ms] [Info] [omni.ext.plugin] [ext: omni.graph.scriptnode-2.10.2] started, startup time: 1 (ms)
2026-09-10T04:25:03Z [13,373ms] [Info] [omni.graph.core._impl.registration] Registering Python nodes in omni.graph.scriptnode onto module omni.graph.scriptnode from /isaac-sim/extscache/omni.graph.scriptnode-2.10.2+110.0.0 in thread <_MainThread(MainThread, started 272108525510272)>
2026-09-10T04:25:03Z [13,373ms] [Info] [omni.ext.plugin] [ext manager] preferLocalVersions: 1
2026-09-10T04:25:03Z [13,386ms] [Info] [omni.graph.core.plugin] Creating unregistered node type omni.graph.scriptnode.ScriptNode (version 2)
2026-09-10T04:25:03Z [13,386ms] [Info] [omni.ext.plugin] About to startup: [ext: omni.kit.viewport.rtx-107.0.0] (order: 0) Triggered by: isaaclab.python.headless.rendering-3.0.0 (path: /isaac-sim/extscache/omni.kit.viewport.rtx-107.0.0+f9bf0dda)
2026-09-10T04:25:03Z [13,386ms] [Info] [omni.kit.app.plugin] [13.415s] [ext: omni.kit.viewport.rtx-107.0.0] startup
2026-09-10T04:25:03Z [13,386ms] [Info] [omni.ext.plugin] [ext: omni.kit.viewport.rtx-107.0.0] started, startup time: 0 (ms)
2026-09-10T04:25:03Z [13,386ms] [Info] [omni.ext.plugin] About to startup: [ext: omni.syntheticdata-0.6.15] (order: 0) Triggered by: omni.replicator.core-1.13.27, omni.replicator.nv-1.1.1 (path: /isaac-sim/extscache/omni.syntheticdata-0.6.15+f9bf0dda.la64.r.cp312)
2026-09-10T04:25:03Z [13,386ms] [Info] [omni.kit.app.plugin] [13.415s] [ext: omni.syntheticdata-0.6.15] startup
2026-09-10T04:25:03Z [13,388ms] [Info] [carb] Registered plugin: omni.syntheticdata.plugin (interfaces: [omni::ext::IExt v0.1],[omni::syntheticdata::SyntheticData v0.9]) (impl: omni.syntheticdata.plugin)
2026-09-10T04:25:03Z [13,388ms] [Info] [carb] Initializing plugin: omni.syntheticdata.plugin (interfaces: [omni::ext::IExt v0.1],[omni::syntheticdata::SyntheticData v0.9]) (impl: omni.syntheticdata.plugin)
2026-09-10T04:25:03Z [13,388ms] [Info] [omni.ext.plugin] [ext: omni.syntheticdata-0.6.15] Starting ext::IExt in '/isaac-sim/extscache/omni.syntheticdata-0.6.15+f9bf0dda.la64.r.cp312/bin/libomni.syntheticdata.plugin.so'
2026-09-10T04:25:03Z [13,417ms] [Info] [omni.ext._impl._internal] Searching for classes derived from 'omni.ext.IExt' in 'omni.syntheticdata' ('/isaac-sim/extscache/omni.syntheticdata-0.6.15+f9bf0dda.la64.r.cp312')
2026-09-10T04:25:03Z [13,417ms] [Info] [omni.ext._impl._internal] Found class `Extension` derived from `omni.ext.IExt` in module: 'omni.syntheticdata' in '/isaac-sim/extscache/omni.syntheticdata-0.6.15+f9bf0dda.la64.r.cp312'. Calling `on_startup`.
2026-09-10T04:25:03Z [13,417ms] [Info] [omni.syntheticdata.scripts.extension] [omni.syntheticdata] SyntheticData startup
2026-09-10T04:25:03Z [13,420ms] [Info] [omni.ext.plugin] [ext: omni.syntheticdata-0.6.15] started, startup time: 34 (ms)
2026-09-10T04:25:03Z [13,420ms] [Info] [omni.graph.core._impl.registration] Registering Python nodes in omni.syntheticdata onto module omni.syntheticdata from /isaac-sim/extscache/omni.syntheticdata-0.6.15+f9bf0dda.la64.r.cp312 in thread <_MainThread(MainThread, started 272108525510272)>
2026-09-10T04:25:03Z [13,420ms] [Info] [omni.ext.plugin] [ext manager] preferLocalVersions: 1
2026-09-10T04:25:03Z [13,444ms] [Info] [omni.graph.core.plugin] Creating unregistered node type omni.syntheticdata.SdTestRationalTimeSyncGate (version 1)
2026-09-10T04:25:03Z [13,444ms] [Info] [omni.graph.core.plugin] Creating unregistered node type omni.syntheticdata.SdTestPrintRawArray (version 1)
2026-09-10T04:25:03Z [13,444ms] [Info] [omni.graph.core.plugin] Creating unregistered node type omni.syntheticdata.SdTestStageManipulationScenarii (version 1)
2026-09-10T04:25:03Z [13,444ms] [Info] [omni.ext.plugin] About to startup: [ext: omni.replicator.nv-1.1.1] (order: 0) Triggered by: omni.replicator.core-1.13.27 (path: /isaac-sim/extscache/omni.replicator.nv-1.1.1+110.1.0.la64.r.cp312)
2026-09-10T04:25:03Z [13,444ms] [Info] [omni.kit.app.plugin] [13.474s] [ext: omni.replicator.nv-1.1.1] startup
2026-09-10T04:25:03Z [13,446ms] [Info] [carb] Registered plugin: omni.replicator.nv.plugin (interfaces: [omni::ext::IExt v0.1]) (impl: omni.replicator.nv.plugin)
2026-09-10T04:25:03Z [13,446ms] [Info] [carb] Initializing plugin: omni.replicator.nv.plugin (interfaces: [omni::ext::IExt v0.1]) (impl: omni.replicator.nv.plugin)
2026-09-10T04:25:03Z [13,446ms] [Info] [omni.ext.plugin] [ext: omni.replicator.nv-1.1.1] Starting ext::IExt in '/isaac-sim/extscache/omni.replicator.nv-1.1.1+110.1.0.la64.r.cp312/bin/libomni.replicator.nv.plugin.so'
2026-09-10T04:25:03Z [13,447ms] [Info] [omni.ext._impl._internal] Searching for classes derived from 'omni.ext.IExt' in 'omni.replicator.nv' ('/isaac-sim/extscache/omni.replicator.nv-1.1.1+110.1.0.la64.r.cp312')
2026-09-10T04:25:03Z [13,448ms] [Info] [omni.ext.plugin] [ext: omni.replicator.nv-1.1.1] started, startup time: 3 (ms)
2026-09-10T04:25:03Z [13,448ms] [Info] [omni.graph.core._impl.registration] Registering Python nodes in omni.replicator.nv onto module omni.replicator.nv from /isaac-sim/extscache/omni.replicator.nv-1.1.1+110.1.0.la64.r.cp312 in thread <_MainThread(MainThread, started 272108525510272)>
2026-09-10T04:25:03Z [13,448ms] [Info] [omni.ext.plugin] [ext manager] preferLocalVersions: 1
2026-09-10T04:25:03Z [13,454ms] [Info] [omni.ext.plugin] About to startup: [ext: omni.videoencoding-0.2.1] (order: 0) Triggered by: omni.replicator.core-1.13.27 (path: /isaac-sim/extscache/omni.videoencoding-0.2.1+f9bf0dda.la64.r.cp312)
2026-09-10T04:25:03Z [13,454ms] [Info] [omni.kit.app.plugin] [13.484s] [ext: omni.videoencoding-0.2.1] startup
2026-09-10T04:25:03Z [13,455ms] [Info] [carb] Registered plugin: omni.videoencoding.plugin (interfaces: [omni::IVideoEncoding v0.1]) (impl: omni.videoencoding.plugin)
2026-09-10T04:25:03Z [13,457ms] [Info] [omni.ext._impl._internal] Searching for classes derived from 'omni.ext.IExt' in 'video_encoding' ('/isaac-sim/extscache/omni.videoencoding-0.2.1+f9bf0dda.la64.r.cp312')
2026-09-10T04:25:03Z [13,457ms] [Info] [omni.ext._impl._internal] Found class `VideoEncodingExtension` derived from `omni.ext.IExt` in module: 'video_encoding' in '/isaac-sim/extscache/omni.videoencoding-0.2.1+f9bf0dda.la64.r.cp312'. Calling `on_startup`.
2026-09-10T04:25:03Z [13,457ms] [Info] [carb] Initializing plugin: omni.videoencoding.plugin (interfaces: [omni::IVideoEncoding v0.1]) (impl: omni.videoencoding.plugin)
2026-09-10T04:25:03Z [13,457ms] [Info] [omni.ext.plugin] [ext: omni.videoencoding-0.2.1] started, startup time: 3 (ms)
2026-09-10T04:25:03Z [13,457ms] [Info] [omni.graph.core._impl.registration] Registering Python nodes in omni.videoencoding onto module video_encoding from /isaac-sim/extscache/omni.videoencoding-0.2.1+f9bf0dda.la64.r.cp312 in thread <_MainThread(MainThread, started 272108525510272)>
2026-09-10T04:25:03Z [13,457ms] [Info] [omni.ext.plugin] [ext manager] preferLocalVersions: 1
2026-09-10T04:25:03Z [13,457ms] [Info] [omni.ext.plugin] About to startup: [ext: omni.replicator.core-1.13.27] (order: 0) Triggered by: isaaclab.python.headless.rendering-3.0.0 (path: /isaac-sim/extscache/omni.replicator.core-1.13.27+110.1.1.la64.r.cp312)
2026-09-10T04:25:03Z [13,457ms] [Info] [omni.kit.app.plugin] [13.487s] [ext: omni.replicator.core-1.13.27] startup
2026-09-10T04:25:03Z [13,459ms] [Info] [carb] Registered plugin: omni.replicator.core.plugin (interfaces: [omni::replicator::core v1.0]) (impl: omni.replicator.core.plugin)
2026-09-10T04:25:03Z [13,506ms] [Warning] [pxr.Semantics] pxr.Semantics is deprecated - please use Semantics instead
2026-09-10T04:25:03Z [13,511ms] [Info] [omni.replicator.core.scripts.utils.viewport_manager] Viewport 1.0 is not available
2026-09-10T04:25:03Z [13,609ms] [Info] [omni.ext._impl._internal] Searching for classes derived from 'omni.ext.IExt' in 'omni.replicator.core' ('/isaac-sim/extscache/omni.replicator.core-1.13.27+110.1.1.la64.r.cp312')
2026-09-10T04:25:03Z [13,609ms] [Info] [omni.ext._impl._internal] Found class `Extension` derived from `omni.ext.IExt` in module: 'omni.replicator.core' in '/isaac-sim/extscache/omni.replicator.core-1.13.27+110.1.1.la64.r.cp312'. Calling `on_startup`.
2026-09-10T04:25:03Z [13,642ms] [Info] [omni.replicator.core.scripts.extension] [omni.syntheticdata] SyntheticData startup
2026-09-10T04:25:03Z [13,642ms] [Info] [carb] Initializing plugin: omni.replicator.core.plugin (interfaces: [omni::replicator::core v1.0]) (impl: omni.replicator.core.plugin)
2026-09-10T04:25:03Z [13,643ms] [Warning] [omni.replicator.core.scripts.extension] No material configuration file, adding configuration to material settings directly.
2026-09-10T04:25:03Z [13,643ms] [Info] [omni.replicator.core.scripts.extension] materialConfig: {'searchPaths': {'custom': ['/isaac-sim/extscache/omni.replicator.core-1.13.27+110.1.1.la64.r.cp312/mdl']}, 'materialGraph': {'userAllowList': ['project_pbr_material', 'replicator_definitions', 'infinite_pbr_material']}, 'options': {'noStandardPath': False}}
2026-09-10T04:25:03Z [13,646ms] [Info] [omni.ext.plugin] [ext: omni.replicator.core-1.13.27] started, startup time: 188 (ms)
2026-09-10T04:25:03Z [13,646ms] [Info] [omni.graph.core._impl.registration] Registering Python nodes in omni.replicator.core onto module omni.replicator.core from /isaac-sim/extscache/omni.replicator.core-1.13.27+110.1.1.la64.r.cp312 in thread <_MainThread(MainThread, started 272108525510272)>
2026-09-10T04:25:03Z [13,646ms] [Info] [omni.ext.plugin] [ext manager] preferLocalVersions: 1
2026-09-10T04:25:04Z [14,187ms] [Info] [omni.graph.core.plugin] Creating unregistered node type omni.replicator.core.OgnSampleSequence (version 1)
2026-09-10T04:25:04Z [14,187ms] [Info] [omni.graph.core.plugin] Creating unregistered node type omni.replicator.core.OgnOnTime (version 3)
2026-09-10T04:25:04Z [14,187ms] [Info] [omni.graph.core.plugin] Creating unregistered node type omni.replicator.core.OgnWriteCarbSetting (version 1)
2026-09-10T04:25:04Z [14,187ms] [Info] [omni.graph.core.plugin] Creating unregistered node type omni.replicator.core.OgnSetVariant (version 1)
2026-09-10T04:25:04Z [14,187ms] [Info] [omni.graph.core.plugin] Creating unregistered node type omni.replicator.core.AugMotionBlurExp (version 1)
2026-09-10T04:25:04Z [14,187ms] [Info] [omni.graph.core.plugin] Creating unregistered node type omni.replicator.core.AugConv2dExp (version 1)
2026-09-10T04:25:04Z [14,187ms] [Info] [omni.graph.core.plugin] Creating unregistered node type omni.replicator.core.OgnPhysicsReset (version 1)
2026-09-10T04:25:04Z [14,187ms] [Info] [omni.graph.core.plugin] Creating unregistered node type omni.replicator.core.AugContrastExp (version 1)
2026-09-10T04:25:04Z [14,187ms] [Info] [omni.graph.core.plugin] Creating unregistered node type omni.replicator.core.OgnSampleCombine (version 1)
2026-09-10T04:25:04Z [14,187ms] [Info] [omni.graph.core.plugin] Creating unregistered node type omni.replicator.core.OgnSetPivot (version 1)
2026-09-10T04:25:04Z [14,187ms] [Info] [omni.graph.core.plugin] Creating unregistered node type omni.replicator.core.AugCropResizeExp (version 1)
2026-09-10T04:25:04Z [14,187ms] [Info] [omni.graph.core.plugin] Creating unregistered node type omni.replicator.core.AugCanny (version 1)
2026-09-10T04:25:04Z [14,188ms] [Info] [omni.graph.core.plugin] Creating unregistered node type omni.replicator.core.OgnModifyAnimationTarget (version 2)
2026-09-10T04:25:04Z [14,188ms] [Info] [omni.graph.core.plugin] Creating unregistered node type omni.replicator.core.OgnOrbit (version 1)
2026-09-10T04:25:04Z [14,188ms] [Info] [omni.graph.core.plugin] Creating unregistered node type omni.replicator.core.OgnPointCloudGenerator (version 1)
2026-09-10T04:25:04Z [14,188ms] [Info] [omni.graph.core.plugin] Creating unregistered node type omni.replicator.core.OgnSampleMaterial (version 1)
2026-09-10T04:25:04Z [14,188ms] [Info] [omni.graph.core.plugin] Creating unregistered node type omni.replicator.core.OgnSampleUniform (version 1)
2026-09-10T04:25:04Z [14,188ms] [Info] [omni.graph.core.plugin] Creating unregistered node type omni.replicator.core.OgnOnCondition (version 1)
2026-09-10T04:25:04Z [14,188ms] [Info] [omni.graph.core.plugin] Creating unregistered node type omni.replicator.core.OgnSampleLight (version 1)
2026-09-10T04:25:04Z [14,188ms] [Info] [omni.graph.core.plugin] Creating unregistered node type omni.replicator.core.OgnSampleLogUniform (version 1)
2026-09-10T04:25:04Z [14,188ms] [Info] [omni.graph.core.plugin] Creating unregistered node type omni.replicator.core.OgnSetPrimPose (version 1)
2026-09-10T04:25:04Z [14,188ms] [Info] [omni.graph.core.plugin] Creating unregistered node type omni.replicator.core.OgnGetPrimAtPath (version 1)
2026-09-10T04:25:04Z [14,188ms] [Info] [omni.graph.core.plugin] Creating unregistered node type omni.replicator.core.OgnScheduleWriter (version 1)
2026-09-10T04:25:04Z [14,188ms] [Info] [omni.graph.core.plugin] Creating unregistered node type omni.replicator.core.OgnSampleSequencePrim (version 1)
2026-09-10T04:25:04Z [14,188ms] [Info] [omni.graph.core.plugin] Creating unregistered node type omni.replicator.core.OgnMeshBoundsDecalPlacement (version 1)
2026-09-10T04:25:04Z [14,188ms] [Info] [omni.graph.core.plugin] Creating unregistered node type omni.replicator.core.OgnScatter3D (version 1)
2026-09-10T04:25:04Z [14,188ms] [Info] [omni.graph.core.plugin] Creating unregistered node type omni.replicator.core.AugPixellateExp (version 1)
2026-09-10T04:25:04Z [14,188ms] [Info] [omni.graph.core.plugin] Creating unregistered node type omni.replicator.core.OgnAugment (version 1)
2026-09-10T04:25:04Z [14,188ms] [Info] [omni.graph.core.plugin] Creating unregistered node type omni.replicator.core.OgnAugmentCPU (version 1)
2026-09-10T04:25:04Z [14,188ms] [Info] [omni.graph.core.plugin] Creating unregistered node type omni.replicator.core.OgnTriggerGate (version 1)
2026-09-10T04:25:04Z [14,188ms] [Info] [omni.graph.core.plugin] Creating unregistered node type omni.replicator.core.OgnCameraRelativePosition (version 1)
2026-09-10T04:25:04Z [14,189ms] [Info] [omni.graph.core.plugin] Creating unregistered node type omni.replicator.core.InstanceSegmentationLegacy (version 1)
2026-09-10T04:25:04Z [14,189ms] [Info] [omni.graph.core.plugin] Creating unregistered node type omni.replicator.core.AugColorizeDepth (version 1)
2026-09-10T04:25:04Z [14,189ms] [Info] [omni.graph.core.plugin] Creating unregistered node type omni.replicator.core.AugCutMixExp (version 1)
2026-09-10T04:25:04Z [14,189ms] [Info] [omni.graph.core.plugin] Creating unregistered node type omni.replicator.core.OgnScatter2D (version 1)
2026-09-10T04:25:04Z [14,189ms] [Info] [omni.graph.core.plugin] Creating unregistered node type omni.replicator.core.AugBgRandExp (version 1)
2026-09-10T04:25:04Z [14,189ms] [Info] [omni.graph.core.plugin] Creating unregistered node type omni.replicator.core.OgnGroup (version 1)
2026-09-10T04:25:04Z [14,189ms] [Info] [omni.graph.core.plugin] Creating unregistered node type omni.replicator.core.OgnCreateProjectionMaterial (version 1)
2026-09-10T04:25:04Z [14,189ms] [Info] [omni.graph.core.plugin] Creating unregistered node type omni.replicator.core.OgnSampleRotation (version 1)
2026-09-10T04:25:04Z [14,189ms] [Info] [omni.graph.core.plugin] Creating unregistered node type omni.replicator.core.OgnConditionScript (version 1)
2026-09-10T04:25:04Z [14,189ms] [Info] [omni.graph.core.plugin] Creating unregistered node type omni.replicator.core.OgnSampleChoicePrim (version 1)
2026-09-10T04:25:04Z [14,189ms] [Info] [omni.graph.core.plugin] Creating unregistered node type omni.replicator.core.InstanceIdSegmentationLegacy (version 1)
2026-09-10T04:25:04Z [14,189ms] [Info] [omni.graph.core.plugin] Creating unregistered node type omni.replicator.core.BoundingBoxLegacy (version 1)
2026-09-10T04:25:04Z [14,189ms] [Info] [omni.graph.core.plugin] Creating unregistered node type omni.replicator.core.OgnAugShadeSegmentation (version 1)
2026-09-10T04:25:04Z [14,189ms] [Info] [omni.graph.core.plugin] Creating unregistered node type omni.replicator.core.OgnSetVisibility (version 1)
2026-09-10T04:25:04Z [14,189ms] [Info] [omni.graph.core.plugin] Creating unregistered node type omni.replicator.core.OgnSizeToScale (version 1)
2026-09-10T04:25:04Z [14,189ms] [Info] [omni.graph.core.plugin] Creating unregistered node type omni.replicator.core.OgnWriteSemantics (version 3)
2026-09-10T04:25:04Z [14,189ms] [Info] [omni.graph.core.plugin] Creating unregistered node type omni.replicator.core.OgnSampleOmniPBR (version 1)
2026-09-10T04:25:04Z [14,189ms] [Info] [omni.graph.core.plugin] Creating unregistered node type omni.replicator.core.OgnSampleNormal (version 1)
2026-09-10T04:25:04Z [14,189ms] [Info] [omni.graph.core.plugin] Creating unregistered node type omni.replicator.core.OgnGetSkeletonData (version 2)
2026-09-10T04:25:04Z [14,189ms] [Info] [omni.graph.core.plugin] Creating unregistered node type omni.replicator.core.OgnGetPrims (version 1)
2026-09-10T04:25:04Z [14,190ms] [Info] [omni.graph.core.plugin] Creating unregistered node type omni.replicator.core.OgnPerAxisPose (version 1)
2026-09-10T04:25:04Z [14,190ms] [Info] [omni.graph.core.plugin] Creating unregistered node type omni.replicator.core.OgnArray (version 1)
2026-09-10T04:25:04Z [14,190ms] [Info] [omni.graph.core.plugin] Creating unregistered node type omni.replicator.core.AugImgBlendExp (version 1)
2026-09-10T04:25:04Z [14,190ms] [Info] [omni.graph.core.plugin] Creating unregistered node type omni.replicator.core.AugRotateExp (version 1)
2026-09-10T04:25:04Z [14,190ms] [Info] [omni.graph.core.plugin] Creating unregistered node type omni.replicator.core.OgnWritePhysics (version 1)
2026-09-10T04:25:04Z [14,190ms] [Info] [omni.graph.core.plugin] Creating unregistered node type omni.replicator.core.OgnOnFrame (version 2)
2026-09-10T04:25:04Z [14,190ms] [Info] [omni.graph.core.plugin] Creating unregistered node type omni.replicator.core.OgnSetTimeline (version 1)
2026-09-10T04:25:04Z [14,190ms] [Info] [omni.graph.core.plugin] Creating unregistered node type omni.replicator.core.OgnModifyProjectionMaterial (version 1)
2026-09-10T04:25:04Z [14,190ms] [Info] [omni.graph.core.plugin] Creating unregistered node type omni.replicator.core.OgnLookAt (version 2)
2026-09-10T04:25:04Z [14,190ms] [Info] [omni.graph.core.plugin] Creating unregistered node type omni.replicator.core.OgnSamplePopulation (version 2)
2026-09-10T04:25:04Z [14,190ms] [Info] [omni.graph.core.plugin] Creating unregistered node type omni.replicator.core.OgnMeshDecal (version 1)
2026-09-10T04:25:04Z [14,190ms] [Info] [omni.graph.core.plugin] Creating unregistered node type omni.replicator.core.OgnWriter (version 2)
2026-09-10T04:25:04Z [14,190ms] [Info] [omni.graph.core.plugin] Creating unregistered node type omni.replicator.core.OgnWritePrimAttribute (version 1)
2026-09-10T04:25:04Z [14,190ms] [Info] [omni.graph.core.plugin] Creating unregistered node type omni.replicator.core.OgnSampleChoice (version 1)
2026-09-10T04:25:04Z [14,190ms] [Info] [omni.graph.core.plugin] Creating unregistered node type omni.replicator.core.OgnSampleDisplayColor (version 1)
2026-09-10T04:25:04Z [14,190ms] [Info] [omni.graph.core.plugin] Creating unregistered node type omni.replicator.core.OgnPhysicsSimulate (version 1)
2026-09-10T04:25:04Z [14,190ms] [Info] [omni.graph.core.plugin] Creating unregistered node type omni.replicator.core.OgnDecal (version 1)
2026-09-10T04:25:04Z [14,190ms] [Info] [omni.graph.core.plugin] Creating unregistered node type omni.replicator.core.OgnBindMaterial (version 2)
2026-09-10T04:25:04Z [14,190ms] [Info] [omni.ext.plugin] About to startup: [ext: isaaclab.python.headless.rendering-3.0.0] (order: 0) Triggered by API/CLI/Config. (path: /workspace/isaaclab/apps/isaaclab.python.headless.rendering.kit)
2026-09-10T04:25:04Z [14,190ms] [Info] [omni.kit.app.plugin] [14.220s] [ext: isaaclab.python.headless.rendering-3.0.0] startup
2026-09-10T04:25:04Z [14,190ms] [Info] [omni.ext.plugin] [ext: isaaclab.python.headless.rendering-3.0.0] started, startup time: 0 (ms)
2026-09-10T04:25:04Z [14,192ms] [Info] [omni.kit.app.plugin] app started
2026-09-10T04:25:04Z [14,192ms] [Info] [simulation_app.simulation_app] SimulationApp._start_app: Kit application startup completed
2026-09-10T04:25:04Z [14,192ms] [Info] [simulation_app.simulation_app] SimulationApp._set_render_settings: Completed render settings configuration
2026-09-10T04:25:04Z [14,192ms] [Info] [omni.kit.app.plugin] [14.222s] Simulation App Starting
2026-09-10T04:25:04Z [14,219ms] [Info] [omni.kit.renderer.plugin] Transitioning to decoupled environment
2026-09-10T04:25:04Z [14,224ms] [Info] [simulation_app.simulation_app] SimulationApp.__init__: Creating new stage
2026-09-10T04:25:04Z [14,225ms] [Info] [carb] Initializing plugin: omni.hydra.usdrt_delegate.plugin (interfaces: [omni::hydra::usdrt::ISceneDelegateFactory v0.1]) (impl: omni.hydra.usdrt_delegate.plugin)
2026-09-10T04:25:04Z [14,226ms] [Info] [carb] Initializing plugin: omni.gpucompute-cuda.plugin (interfaces: [omni::gpucompute::GpuCompute v0.3]) (impl: omni.gpucompute-cuda.plugin)
2026-09-10T04:25:04Z [14,230ms] [Info] [carb] Initializing plugin: omni.cubric.plugin (interfaces: [omni::cubric::IAdapter v0.2]) (impl: omni.cubric.plugin)
2026-09-10T04:25:04Z [14,234ms] [Info] [carb] Initializing plugin: omni.usd-abi.plugin (interfaces: [omni::usd::IPathAbi v1.0],[omni::usd::IRenderProductPrimFactory v1.7],[omni::usd::IRenderSettings v0.2],[omni::usd::IRenderSettingsLegacy v0.2],[omni::usd::IResolverPathAbi v0.2],[omni::usd::ITokenAbi v1.0]) (impl: omni.usd-abi.plugin)
2026-09-10T04:25:04Z [14,234ms] [Info] [isaacsim.core.simulation_manager.plugin] Initialized TimeSampleStorage with circular buffer capacity 31 for stage 9223001
2026-09-10T04:25:04Z [14,234ms] [Info] [omni.physx.foundation.plugin] Using CUDA device ordinal 0.
2026-09-10T04:25:04Z [14,234ms] [Info] [omni.physx.foundation.plugin] PhysXFoundation: Retained primary CUDA context 0xb04f6df83690 for device ordinal 0.
2026-09-10T04:25:04Z [14,354ms] [Info] [omni.usd] UsdManager::createHydraEngineWithDefaultConfigImpl - engine: 'rtx'
2026-09-10T04:25:04Z [14,354ms] [Info] [carb] Plugin omni.usd is already a dependency of omni.kit.renderer.plugin; not changing unload order
2026-09-10T04:25:04Z [14,354ms] [Info] [omni.usd] HydraEngineManager::addEngine - added new engine:  uid: 1024 type: rtx flags: 0 tickRateInHz: 0 deviceMask: 0 creationIndex: 0
2026-09-10T04:25:04Z [14,354ms] [Info] [omni.usd] UsdManager::createNewHydraEngineInstance - created new hydra engine instance name: 'rtx', uid: 1024, index: 0
2026-09-10T04:25:04Z [14,354ms] [Info] [omni.usd] [MBVH]: enableHydraengineMasking: OFF, for indexForEngineInstance: 0
2026-09-10T04:25:04Z [14,354ms] [Info] [omni.usd] [MBVH]: raytracingMotion/enable: OFF, for indexForEngineInstance: 0
2026-09-10T04:25:04Z [14,354ms] [Info] [omni.usd] UsdManager::addHydraEngineWithConfiguration - engine: ' uid: 1024 type: rtx flags: 0 tickRateInHz: 0 deviceMask: 0 creationIndex: 0'
2026-09-10T04:25:04Z [14,355ms] [Info] [omni.usd] UsdManager::getHydraEngineDeviceMask - engine: 'rtx', mask: 1
2026-09-10T04:25:04Z [14,355ms] [Info] [omni.rtx] Setting mgpu copy backend to 'copyQueue'
2026-09-10T04:25:04Z [14,367ms] [Info] [carb] Initializing plugin: carb.scenerenderer-rtx.plugin (interfaces: [carb::renderer::SceneRenderer v10.0],[carb::renderer::SceneRendererRTX v0.2]) (impl: carb.scenerenderer-rtx.plugin)
2026-09-10T04:25:04Z [14,367ms] [Info] [omni.hydra.rtx] [MBVH]: Creating SceneRenderer 0 with raytracing motion 'OFF' (device mask: 0x1)
2026-09-10T04:25:04Z [14,371ms] [Info] [omni.rtx] Mapping carb-setting '/rtx/realtime/mgpu/enabled' to usd-property 'OmniRtxSettingsGlobalRtAdvancedAPI_1.omni:rtx:rt:multigpu:enabled'
2026-09-10T04:25:04Z [14,371ms] [Info] [omni.rtx] Mapping carb-setting '/rtx/pathtracing/mgpu/enabled' to usd-property 'OmniRtxSettingsGlobalPtAdvancedAPI_1.omni:rtx:pt:multigpu:enabled'
2026-09-10T04:25:04Z [14,371ms] [Info] [omni.rtx] Mapping carb-setting '/rtx/raytracing/invisLightReflectionsGhostFactor' to usd-property 'OmniRtxSettingsCommonAPI_1.omni:rtx:lights:reflectionVisibleRoughnessThreshold'
2026-09-10T04:25:04Z [14,371ms] [Info] [omni.rtx] Mapping carb-setting '/rtx/raytracing/invisLightRefractionsGhostFactor' to usd-property 'OmniRtxSettingsCommonAPI_1.omni:rtx:lights:refractionVisibleRoughnessThreshold'
2026-09-10T04:25:04Z [14,371ms] [Info] [omni.rtx] Mapping carb-setting '/rtx/raytracing/showLights' to usd-property 'OmniRtxSettingsCommonAPI_1.omni:rtx:lights:visibilityOverride'
2026-09-10T04:25:04Z [14,371ms] [Info] [omni.rtx] Mapping carb-setting '/rtx/animationTimeUseWallclock' to usd-property 'OmniRtxSettingsCommonAPI_1.omni:rtx:materials:time:useWallClock'
2026-09-10T04:25:04Z [14,371ms] [Info] [omni.rtx] Mapping carb-setting '/rtx/rendermode' to usd-property 'OmniRtxSettingsCommonAPI_1.omni:rtx:rendermode'
2026-09-10T04:25:04Z [14,371ms] [Info] [omni.rtx] Mapping carb-setting '/rtx/background/source/type' to usd-property 'OmniRtxSettingsCommonAPI_1.omni:rtx:background:source:type'
2026-09-10T04:25:04Z [14,371ms] [Info] [omni.rtx] Mapping carb-setting '/rtx/background/source/texture/path' to usd-property 'OmniRtxSettingsCommonAPI_1.omni:rtx:background:source:texture:path'
2026-09-10T04:25:04Z [14,371ms] [Info] [omni.rtx] Mapping carb-setting '/rtx/background/source/texture/colorSpace' to usd-property 'OmniRtxSettingsCommonAPI_1.omni:rtx:background:source:texture:colorSpace'
2026-09-10T04:25:04Z [14,371ms] [Info] [omni.rtx] Mapping carb-setting '/rtx/background/source/texture/luminanceScale' to usd-property 'OmniRtxSettingsCommonAPI_1.omni:rtx:background:source:texture:luminanceScale'
2026-09-10T04:25:04Z [14,371ms] [Info] [omni.rtx] Mapping carb-setting '/rtx/background/source/texture/textureMode' to usd-property 'OmniRtxSettingsCommonAPI_1.omni:rtx:background:source:texture:textureMode'
2026-09-10T04:25:04Z [14,371ms] [Info] [omni.rtx] Mapping carb-setting '/rtx/background/source/color' to usd-property 'OmniRtxSettingsCommonAPI_1.omni:rtx:background:source:color'
2026-09-10T04:25:04Z [14,371ms] [Info] [omni.rtx] Mapping carb-setting '/rtx/dataWindowNDC' to usd-property 'OmniRtxSettingsCommonAPI_1.dataWindowNDC'
2026-09-10T04:25:04Z [14,371ms] [Info] [omni.rtx] Mapping carb-setting '/rtx/raytracing/rayOffset' to usd-property 'OmniRtxSettingsCommonAdvancedAPI_1.omni:rtx:geometry:rayOffset'
2026-09-10T04:25:04Z [14,371ms] [Info] [omni.rtx] Mapping carb-setting '/rtx/domeLight/baking/resolution' to usd-property 'OmniRtxSettingsCommonAdvancedAPI_1.omni:rtx:lights:dome:bakingResolution'
2026-09-10T04:25:04Z [14,371ms] [Info] [omni.rtx] Mapping carb-setting '/rtx/domeLight/upperLowerStrategy' to usd-property 'OmniRtxSettingsCommonAdvancedAPI_1.omni:rtx:lights:dome:samplingStrategy'
2026-09-10T04:25:04Z [14,371ms] [Info] [omni.rtx] Mapping carb-setting '/rtx/raytracing/shadowBias' to usd-property 'OmniRtxSettingsCommonAdvancedAPI_1.omni:rtx:lights:shadowRayOffset'
2026-09-10T04:25:04Z [14,371ms] [Info] [omni.rtx] Mapping carb-setting '/rtx/material/translucencyAsOpacity' to usd-property 'OmniRtxSettingsCommonAdvancedAPI_1.omni:rtx:materials:refractionAsOpacity'
2026-09-10T04:25:04Z [14,371ms] [Info] [omni.rtx] Mapping carb-setting '/rtx/animationTime' to usd-property 'OmniRtxSettingsCommonAdvancedAPI_1.omni:rtx:materials:time:override'
2026-09-10T04:25:04Z [14,371ms] [Info] [omni.rtx] Mapping carb-setting '/rtx/wireframe/enabled' to usd-property 'OmniRtxSettingsCommonAdvancedAPI_1.omni:rtx:wireframe:enabled'
2026-09-10T04:25:04Z [14,371ms] [Info] [omni.rtx] Mapping carb-setting '/rtx/wireframe/wireframeThicknessWorldSpace' to usd-property 'OmniRtxSettingsCommonAdvancedAPI_1.omni:rtx:wireframe:perPrimThicknessWorldSpace'
2026-09-10T04:25:04Z [14,371ms] [Info] [omni.rtx] Mapping carb-setting '/rtx/wireframe/wireframeThickness' to usd-property 'OmniRtxSettingsCommonAdvancedAPI_1.omni:rtx:wireframe:thickness'
2026-09-10T04:25:04Z [14,371ms] [Info] [omni.rtx] Mapping carb-setting '/rtx/wireframe/globalWireframeThicknessWorldSpace' to usd-property 'OmniRtxSettingsCommonAdvancedAPI_1.omni:rtx:wireframePrimThicknessWorldSpace'
2026-09-10T04:25:04Z [14,371ms] [Info] [omni.rtx] Mapping carb-setting '/rtx/raytracing/picking/occluded/enabled' to usd-property 'OmniRtxSettingsCommonAdvancedAPI_1.omni:rtx:raytracing:picking:occluded:enabled'
2026-09-10T04:25:04Z [14,371ms] [Info] [omni.rtx] Mapping carb-setting '/rtx/syntheticdata/sensors/returnAllBBoxesOutsideFrustum' to usd-property 'OmniRtxSettingsCommonAdvancedAPI_1.omni:rtx:syntheticdata:sensors:returnAllBBoxesOutsideFrustum'
2026-09-10T04:25:04Z [14,371ms] [Info] [omni.rtx] Mapping carb-setting '/rtx/wireframe/mode' to usd-property 'OmniRtxSettingsCommonAdvancedAPI_1.omni:rtx:wireframe:mode'
2026-09-10T04:25:04Z [14,371ms] [Info] [omni.rtx] Mapping carb-setting '/rtx/wireframe/shading/enabled' to usd-property 'OmniRtxSettingsCommonAdvancedAPI_1.omni:rtx:wireframe:shading:enabled'
2026-09-10T04:25:04Z [14,371ms] [Info] [omni.rtx] Mapping carb-setting '/rtx/minimal/mode' to usd-property 'OmniRtxSettingsMinimalAPI_1.omni:rtx:minimal:mode'
2026-09-10T04:25:04Z [14,371ms] [Info] [omni.rtx] Mapping carb-setting '/rtx/minimal/constantColor' to usd-property 'OmniRtxSettingsMinimalAPI_1.omni:rtx:minimal:constantColor'
2026-09-10T04:25:04Z [14,371ms] [Info] [omni.rtx] Mapping carb-setting '/rtx/sceneDb/ambientLightColor' to usd-property 'OmniRtxSettingsMinimalAPI_1.omni:rtx:sceneDb:ambientLightColor'
2026-09-10T04:25:04Z [14,371ms] [Info] [omni.rtx] Mapping carb-setting '/rtx/sceneDb/ambientLightIntensity' to usd-property 'OmniRtxSettingsMinimalAPI_1.omni:rtx:sceneDb:ambientLightIntensity'
2026-09-10T04:25:04Z [14,371ms] [Info] [omni.rtx] Mapping carb-setting '/rtx-transient/dlssg/enabled' to usd-property 'OmniRtxSettingsRtAPI_1.omni:rtx:dlss:frameGeneration'
2026-09-10T04:25:04Z [14,371ms] [Info] [omni.rtx] Mapping carb-setting '/rtx/post/dlss/execMode' to usd-property 'OmniRtxSettingsRtAPI_1.omni:rtx:post:dlss:execMode'
2026-09-10T04:25:04Z [14,371ms] [Info] [omni.rtx] Mapping carb-setting '/rtx/sceneDb/ambientLightColor' to usd-property 'OmniRtxSettingsRtAPI_1.omni:rtx:rt:ambientLight:color'
2026-09-10T04:25:04Z [14,371ms] [Info] [omni.rtx] Mismatched between usd-schema and carb-setting 'omni:rtx:rt:ambientLight:color', '/rtx/sceneDb/ambientLightColor'
      usd-names are 'omni:rtx:sceneDb:ambientLightColor' vs. 'omni:rtx:rt:ambientLight:color'
2026-09-10T04:25:04Z [14,371ms] [Info] [omni.rtx] Mapping carb-setting '/rtx/sceneDb/ambientLightIntensity' to usd-property 'OmniRtxSettingsRtAPI_1.omni:rtx:rt:ambientLight:intensity'
2026-09-10T04:25:04Z [14,371ms] [Info] [omni.rtx] Mismatched between usd-schema and carb-setting 'omni:rtx:rt:ambientLight:intensity', '/rtx/sceneDb/ambientLightIntensity'
      usd-names are 'omni:rtx:sceneDb:ambientLightIntensity' vs. 'omni:rtx:rt:ambientLight:intensity'
2026-09-10T04:25:04Z [14,371ms] [Info] [omni.rtx] Mapping carb-setting '/rtx/ambientOcclusion/enabled' to usd-property 'OmniRtxSettingsRtAPI_1.omni:rtx:rt:ambientocclusion:enabled'
2026-09-10T04:25:04Z [14,371ms] [Info] [omni.rtx] Mapping carb-setting '/rtx/ambientOcclusion/rayLength' to usd-property 'OmniRtxSettingsRtAPI_1.omni:rtx:rt:ambientocclusion:rayLength'
2026-09-10T04:25:04Z [14,371ms] [Info] [omni.rtx] Mapping carb-setting '/rtx/directLighting/sampledLighting/samplesPerPixel' to usd-property 'OmniRtxSettingsRtAPI_1.omni:rtx:rt:directLighting:samples'
2026-09-10T04:25:04Z [14,371ms] [Info] [omni.rtx] Mapping carb-setting '/rtx/ecoMode/enabled' to usd-property 'OmniRtxSettingsRtAPI_1.omni:rtx:rt:ecoMode:enabled'
2026-09-10T04:25:04Z [14,371ms] [Info] [omni.rtx] Mapping carb-setting '/rtx/ecoMode/maxFramesWithoutChange' to usd-property 'OmniRtxSettingsRtAPI_1.omni:rtx:rt:ecoMode:maxFramesWithoutChange'
2026-09-10T04:25:04Z [14,371ms] [Info] [omni.rtx] Mapping carb-setting '/rtx/raytracing/fractionalCutoutOpacity' to usd-property 'OmniRtxSettingsRtAPI_1.omni:rtx:rt:fractionalOpacity'
2026-09-10T04:25:04Z [14,371ms] [Info] [omni.rtx] Mapping carb-setting '/rtx/indirectDiffuse/enabled' to usd-property 'OmniRtxSettingsRtAPI_1.omni:rtx:rt:indirectdiffuse:enabled'
2026-09-10T04:25:04Z [14,371ms] [Info] [omni.rtx] Mapping carb-setting '/rtx/indirectDiffuse/scalingFactor' to usd-property 'OmniRtxSettingsRtAPI_1.omni:rtx:rt:indirectdiffuse:intensity'
2026-09-10T04:25:04Z [14,371ms] [Info] [omni.rtx] Mapping carb-setting '/rtx/indirectDiffuse/maxBounces' to usd-property 'OmniRtxSettingsRtAPI_1.omni:rtx:rt:indirectdiffuse:maxBounces'
2026-09-10T04:25:04Z [14,371ms] [Info] [omni.rtx] Mapping carb-setting '/rtx/indirectDiffuse/maxRayUnexposedIntensity' to usd-property 'OmniRtxSettingsRtAPI_1.omni:rtx:rt:indirectdiffuse:maxRayUnexposedIntensity'
2026-09-10T04:25:04Z [14,371ms] [Info] [omni.rtx] Mapping carb-setting '/rtx/indirectDiffuse/fetchSampleCount' to usd-property 'OmniRtxSettingsRtAPI_1.omni:rtx:rt:indirectdiffuse:samples'
2026-09-10T04:25:04Z [14,371ms] [Info] [omni.rtx] Mapping carb-setting '/rtx/reflections/maxReflectionBounces' to usd-property 'OmniRtxSettingsRtAPI_1.omni:rtx:rt:reflections:maxBounces'
2026-09-10T04:25:04Z [14,371ms] [Info] [omni.rtx] Mapping carb-setting '/rtx/reflections/maxRoughness' to usd-property 'OmniRtxSettingsRtAPI_1.omni:rtx:rt:reflections:roughnessCacheThreshold'
2026-09-10T04:25:04Z [14,371ms] [Info] [omni.rtx] Mapping carb-setting '/rtx/reflections/sampledLighting/samplesPerPixel' to usd-property 'OmniRtxSettingsRtAPI_1.omni:rtx:rt:reflections:samples'
2026-09-10T04:25:04Z [14,371ms] [Info] [omni.rtx] Mapping carb-setting '/rtx/translucency/maxRefractionBounces' to usd-property 'OmniRtxSettingsRtAPI_1.omni:rtx:rt:refractions:maxBounces'
2026-09-10T04:25:04Z [14,371ms] [Info] [omni.rtx] Mapping carb-setting '/rtx/raytracing/subsurface/enabled' to usd-property 'OmniRtxSettingsRtAPI_1.omni:rtx:rt:sss:enabled'
2026-09-10T04:25:04Z [14,371ms] [Info] [omni.rtx] Mapping carb-setting '/rtx/raytracing/subsurface/maxSamplePerFrame' to usd-property 'OmniRtxSettingsRtAPI_1.omni:rtx:rt:sss:samples'
2026-09-10T04:25:04Z [14,371ms] [Info] [omni.rtx] Mapping carb-setting '/rtx/caustics/enabled' to usd-property 'OmniRtxSettingsRtAdvancedAPI_1.omni:rtx:rt:caustics:enabled'
2026-09-10T04:25:04Z [14,371ms] [Info] [omni.rtx] Mapping carb-setting '/rtx/raytracing/caustics/eawFilteringSteps' to usd-property 'OmniRtxSettingsRtAdvancedAPI_1.omni:rtx:rt:caustics:filterIterations'
2026-09-10T04:25:04Z [14,371ms] [Info] [omni.rtx] Mapping carb-setting '/rtx/raytracing/caustics/photonCountMultiplier' to usd-property 'OmniRtxSettingsRtAdvancedAPI_1.omni:rtx:rt:caustics:photonCount'
2026-09-10T04:25:04Z [14,371ms] [Info] [omni.rtx] Mapping carb-setting '/rtx/raytracing/caustics/photonMaxBounces' to usd-property 'OmniRtxSettingsRtAdvancedAPI_1.omni:rtx:rt:caustics:photonMaxBounces'
2026-09-10T04:25:04Z [14,371ms] [Info] [omni.rtx] Mapping carb-setting '/rtx/directLighting/enabled' to usd-property 'OmniRtxSettingsRtAdvancedAPI_1.omni:rtx:rt:directLighting:enabled'
2026-09-10T04:25:04Z [14,371ms] [Info] [omni.rtx] Mapping carb-setting '/rtx/directLighting/sampledLighting/maxRayUnexposedIntensity' to usd-property 'OmniRtxSettingsRtAdvancedAPI_1.omni:rtx:rt:directLighting:maxRayUnexposedIntensity'
2026-09-10T04:25:04Z [14,371ms] [Info] [omni.rtx] Mapping carb-setting '/rtx/directLighting/sampledLighting/ris/meshLights' to usd-property 'OmniRtxSettingsRtAdvancedAPI_1.omni:rtx:rt:directLighting:ris:meshLights'
2026-09-10T04:25:04Z [14,371ms] [Info] [omni.rtx] Mapping carb-setting '/rtx/reflections/enabled' to usd-property 'OmniRtxSettingsRtAdvancedAPI_1.omni:rtx:rt:reflections:enabled'
2026-09-10T04:25:04Z [14,371ms] [Info] [omni.rtx] Mapping carb-setting '/rtx/reflections/sampledLighting/maxRayUnexposedIntensity' to usd-property 'OmniRtxSettingsRtAdvancedAPI_1.omni:rtx:rt:reflections:maxRayUnexposedIntensity'
2026-09-10T04:25:04Z [14,371ms] [Info] [omni.rtx] Mapping carb-setting '/rtx/translucency/virtualDepth' to usd-property 'OmniRtxSettingsRtAdvancedAPI_1.omni:rtx:rt:refractions:depthCorrection'
2026-09-10T04:25:04Z [14,371ms] [Info] [omni.rtx] Mapping carb-setting '/rtx/translucency/enabled' to usd-property 'OmniRtxSettingsRtAdvancedAPI_1.omni:rtx:rt:refractions:enabled'
2026-09-10T04:25:04Z [14,371ms] [Info] [omni.rtx] Mapping carb-setting '/rtx/translucency/maxRayUnexposedIntensity' to usd-property 'OmniRtxSettingsRtAdvancedAPI_1.omni:rtx:rt:refractions:maxRayUnexposedIntensity'
2026-09-10T04:25:04Z [14,371ms] [Info] [omni.rtx] Mapping carb-setting '/rtx/translucency/virtualMotion' to usd-property 'OmniRtxSettingsRtAdvancedAPI_1.omni:rtx:rt:refractions:motionCorrection'
2026-09-10T04:25:04Z [14,371ms] [Info] [omni.rtx] Mapping carb-setting '/rtx/translucency/reflectAtAllBounce' to usd-property 'OmniRtxSettingsRtAdvancedAPI_1.omni:rtx:rt:refractions:reflectionInRefraction'
2026-09-10T04:25:04Z [14,371ms] [Info] [omni.rtx] Mapping carb-setting '/rtx/translucency/sampleRoughness' to usd-property 'OmniRtxSettingsRtAdvancedAPI_1.omni:rtx:rt:refractions:roughnessSampling'
2026-09-10T04:25:04Z [14,371ms] [Info] [omni.rtx] Mapping carb-setting '/rtx/raytracing/subsurface/fireflyFiltering/enabled' to usd-property 'OmniRtxSettingsRtAdvancedAPI_1.omni:rtx:rt:sss:fireflyFiltering'
2026-09-10T04:25:04Z [14,371ms] [Info] [omni.rtx] Mapping carb-setting '/rtx/raytracing/subsurface/transmission/enabled' to usd-property 'OmniRtxSettingsRtAdvancedAPI_1.omni:rtx:rt:sss:transmission:enabled'
2026-09-10T04:25:04Z [14,371ms] [Info] [omni.rtx] Mapping carb-setting '/rtx/raytracing/subsurface/transmission/bsdfSampleCount' to usd-property 'OmniRtxSettingsRtAdvancedAPI_1.omni:rtx:rt:sss:transmission:samples'
2026-09-10T04:25:04Z [14,371ms] [Info] [omni.rtx] Mapping carb-setting '/rtx/raytracing/subsurface/transmission/perBsdfScatteringSampleCount' to usd-property 'OmniRtxSettingsRtAdvancedAPI_1.omni:rtx:rt:sss:transmission:scatteringSamples'
2026-09-10T04:25:04Z [14,371ms] [Info] [omni.rtx] Mapping carb-setting '/rtx/pathtracing/adaptiveSampling/enabled' to usd-property 'OmniRtxSettingsPtAPI_1.omni:rtx:pt:adaptiveSampling:enabled'
2026-09-10T04:25:04Z [14,371ms] [Info] [omni.rtx] Mapping carb-setting '/rtx/pathtracing/adaptiveSampling/targetError' to usd-property 'OmniRtxSettingsPtAPI_1.omni:rtx:pt:adaptiveSampling:targetError'
2026-09-10T04:25:04Z [14,371ms] [Info] [omni.rtx] Mapping carb-setting '/rtx/pathtracing/optixDenoiser/blendFactor' to usd-property 'OmniRtxSettingsPtAPI_1.omni:rtx:pt:denoising:blendFactor'
2026-09-10T04:25:04Z [14,371ms] [Info] [omni.rtx] Mapping carb-setting '/rtx/pathtracing/optixDenoiser/enabled' to usd-property 'OmniRtxSettingsPtAPI_1.omni:rtx:pt:denoising:enabled'
2026-09-10T04:25:04Z [14,371ms] [Info] [omni.rtx] Mapping carb-setting '/rtx/pathtracing/optixDenoiser/AOV' to usd-property 'OmniRtxSettingsPtAPI_1.omni:rtx:pt:denoising:optix:denoiseAOVs'
2026-09-10T04:25:04Z [14,371ms] [Info] [omni.rtx] Mapping carb-setting '/rtx/pathtracing/optixDenoiser/temporalMode/enabled' to usd-property 'OmniRtxSettingsPtAPI_1.omni:rtx:pt:denoising:optix:temporal'
2026-09-10T04:25:04Z [14,371ms] [Info] [omni.rtx] Mapping carb-setting '/rtx/pathtracing/maxBounces' to usd-property 'OmniRtxSettingsPtAPI_1.omni:rtx:pt:limits:maxBounces'
2026-09-10T04:25:04Z [14,371ms] [Info] [omni.rtx] Mapping carb-setting '/rtx/pathtracing/ptfog/maxBounces' to usd-property 'OmniRtxSettingsPtAPI_1.omni:rtx:pt:limits:maxFogBounces'
2026-09-10T04:25:04Z [14,371ms] [Info] [omni.rtx] Mapping carb-setting '/rtx/pathtracing/maxSpecularAndTransmissionBounces' to usd-property 'OmniRtxSettingsPtAPI_1.omni:rtx:pt:limits:maxGlossyBounces'
2026-09-10T04:25:04Z [14,371ms] [Info] [omni.rtx] Mapping carb-setting '/rtx/pathtracing/ptvol/maxBounces' to usd-property 'OmniRtxSettingsPtAPI_1.omni:rtx:pt:limits:maxVolumeBounces'
2026-09-10T04:25:04Z [14,371ms] [Info] [omni.rtx] Mapping carb-setting '/rtx/pathtracing/aa/op' to usd-property 'OmniRtxSettingsPtAPI_1.omni:rtx:pt:pixelFilter:filter'
2026-09-10T04:25:04Z [14,371ms] [Info] [omni.rtx] Mapping carb-setting '/rtx/pathtracing/aa/filterRadius' to usd-property 'OmniRtxSettingsPtAPI_1.omni:rtx:pt:pixelFilter:radius'
2026-09-10T04:25:04Z [14,371ms] [Info] [omni.rtx] Mapping carb-setting '/rtx/pathtracing/totalSpp' to usd-property 'OmniRtxSettingsPtAPI_1.omni:rtx:pt:samplesPerPixel'
2026-09-10T04:25:04Z [14,371ms] [Info] [omni.rtx] Mapping carb-setting '/rtx/pathtracing/fireflyFilter/enabled' to usd-property 'OmniRtxSettingsPtAdvancedAPI_1.omni:rtx:pt:fireflyFilter:enabled'
2026-09-10T04:25:04Z [14,371ms] [Info] [omni.rtx] Mapping carb-setting '/rtx/pathtracing/fireflyFilter/maxUnexposedIntensityPerSampleDiffuse' to usd-property 'OmniRtxSettingsPtAdvancedAPI_1.omni:rtx:pt:fireflyFilter:maxUnexposedIntensityPerSampleDiffuse'
2026-09-10T04:25:04Z [14,371ms] [Info] [omni.rtx] Mapping carb-setting '/rtx/pathtracing/fireflyFilter/maxUnexposedIntensityPerSample' to usd-property 'OmniRtxSettingsPtAdvancedAPI_1.omni:rtx:pt:fireflyFilter:maxUnexposedIntensityPerSample'
2026-09-10T04:25:04Z [14,371ms] [Info] [omni.rtx] Mapping carb-setting '/rtx/pathtracing/fireflyFilter/maxPerEmissiveUnexposedIntensity' to usd-property 'OmniRtxSettingsPtAdvancedAPI_1.omni:rtx:pt:fireflyFilter:maxPerEmissiveUnexposedIntensity'
2026-09-10T04:25:04Z [14,371ms] [Info] [omni.rtx] Mapping carb-setting '/rtx/pathtracing/lightcache/cached/enabled' to usd-property 'OmniRtxSettingsPtAdvancedAPI_1.omni:rtx:pt:lightCache:enabled'
2026-09-10T04:25:04Z [14,371ms] [Info] [omni.rtx] Mapping carb-setting '/rtx/pathtracing/ris/meshLights' to usd-property 'OmniRtxSettingsPtAdvancedAPI_1.omni:rtx:pt:ris:meshLights'
2026-09-10T04:25:04Z [14,371ms] [Info] [omni.rtx] Mapping carb-setting '/rtx/pathtracing/cached/enabled' to usd-property 'OmniRtxSettingsPtAdvancedAPI_1.omni:rtx:pt:radianceCache:enabled'
2026-09-10T04:25:04Z [14,372ms] [Info] [omni.rtx] Mapping carb-setting '/rtx/pathtracing/spp' to usd-property 'OmniRtxSettingsPtAdvancedAPI_1.omni:rtx:pt:samplesPerIteration'
2026-09-10T04:25:04Z [14,372ms] [Info] [omni.rtx] Mapping carb-setting '/rtx/pathtracing/ptvol/maxCollisionCount' to usd-property 'OmniRtxSettingsPtAdvancedAPI_1.omni:rtx:pt:volumes:tracking:maxScatteringSteps'
2026-09-10T04:25:04Z [14,372ms] [Info] [omni.rtx] Mapping carb-setting '/rtx/pathtracing/ptvol/maxLightCollisionCount' to usd-property 'OmniRtxSettingsPtAdvancedAPI_1.omni:rtx:pt:volumes:tracking:maxShadowSteps'
2026-09-10T04:25:04Z [14,372ms] [Info] [omni.rtx] Mapping carb-setting '/rtx/pathtracing/ptvol/transmittanceMethod' to usd-property 'OmniRtxSettingsPtAdvancedAPI_1.omni:rtx:pt:volumes:transmittanceMethod'
2026-09-10T04:25:04Z [14,372ms] [Info] [omni.rtx] Mapping carb-setting '/rtx/post/tonemap/fNumber' to usd-property 'OmniRtxCameraExposureAPI_1.exposure:fStop'
2026-09-10T04:25:04Z [14,372ms] [Info] [omni.rtx] Mapping carb-setting '/rtx/post/tonemap/filmIso' to usd-property 'OmniRtxCameraExposureAPI_1.exposure:iso'
2026-09-10T04:25:04Z [14,372ms] [Info] [omni.rtx] Mapping carb-setting '/rtx/post/tonemap/responsivity' to usd-property 'OmniRtxCameraExposureAPI_1.exposure:responsivity'
2026-09-10T04:25:04Z [14,372ms] [Info] [omni.rtx] Mapping carb-setting '/rtx/post/tonemap/exposureTime' to usd-property 'OmniRtxCameraExposureAPI_1.exposure:time'
2026-09-10T04:25:04Z [14,372ms] [Info] [omni.rtx] Mapping carb-setting '/rtx/post/histogram/tau' to usd-property 'OmniRtxCameraAutoExposureAPI_1.omni:rtx:autoExposure:adaptationSpeed'
2026-09-10T04:25:04Z [14,372ms] [Info] [omni.rtx] Mapping carb-setting '/rtx/post/histogram/enabled' to usd-property 'OmniRtxCameraAutoExposureAPI_1.omni:rtx:autoExposure:enabled'
2026-09-10T04:25:04Z [14,372ms] [Info] [omni.rtx] Mapping carb-setting '/rtx/post/histogram/useExposureClamping' to usd-property 'OmniRtxCameraAutoExposureAPI_1.omni:rtx:autoExposure:histogramClamping:enabled'
2026-09-10T04:25:04Z [14,372ms] [Info] [omni.rtx] Mapping carb-setting '/rtx/post/histogram/maxEV' to usd-property 'OmniRtxCameraAutoExposureAPI_1.omni:rtx:autoExposure:histogramClamping:maxLuminance'
2026-09-10T04:25:04Z [14,372ms] [Info] [omni.rtx] Mapping carb-setting '/rtx/post/histogram/minEV' to usd-property 'OmniRtxCameraAutoExposureAPI_1.omni:rtx:autoExposure:histogramClamping:minLuminance'
2026-09-10T04:25:04Z [14,372ms] [Info] [omni.rtx] Mapping carb-setting '/rtx/post/histogram/filterType' to usd-property 'OmniRtxCameraAutoExposureAPI_1.omni:rtx:autoExposure:histogramFilter'
2026-09-10T04:25:04Z [14,372ms] [Info] [omni.rtx] Mapping carb-setting '/rtx/post/histogram/whiteScale' to usd-property 'OmniRtxCameraAutoExposureAPI_1.omni:rtx:autoExposure:whitePointScale'
2026-09-10T04:25:04Z [14,372ms] [Info] [omni.rtx] Mapping carb-setting '/rtx/post/colorgrad/blackpoint' to usd-property 'OmniRtxPostColorGradingAPI_1.omni:rtx:post:grade:blackPoint'
2026-09-10T04:25:04Z [14,372ms] [Info] [omni.rtx] Mapping carb-setting '/rtx/post/colorgrad/contrast' to usd-property 'OmniRtxPostColorGradingAPI_1.omni:rtx:post:grade:contrast'
2026-09-10T04:25:04Z [14,372ms] [Info] [omni.rtx] Mapping carb-setting '/rtx/post/colorgrad/enabled' to usd-property 'OmniRtxPostColorGradingAPI_1.omni:rtx:post:grade:enabled'
2026-09-10T04:25:04Z [14,372ms] [Info] [omni.rtx] Mapping carb-setting '/rtx/post/colorgrad/gain' to usd-property 'OmniRtxPostColorGradingAPI_1.omni:rtx:post:grade:gain'
2026-09-10T04:25:04Z [14,372ms] [Info] [omni.rtx] Mapping carb-setting '/rtx/post/colorgrad/gamma' to usd-property 'OmniRtxPostColorGradingAPI_1.omni:rtx:post:grade:gamma'
2026-09-10T04:25:04Z [14,372ms] [Info] [omni.rtx] Mapping carb-setting '/rtx/post/colorgrad/lift' to usd-property 'OmniRtxPostColorGradingAPI_1.omni:rtx:post:grade:lift'
2026-09-10T04:25:04Z [14,372ms] [Info] [omni.rtx] Mapping carb-setting '/rtx/post/colorgrad/multiply' to usd-property 'OmniRtxPostColorGradingAPI_1.omni:rtx:post:grade:multiply'
2026-09-10T04:25:04Z [14,372ms] [Info] [omni.rtx] Mapping carb-setting '/rtx/post/colorgrad/offset' to usd-property 'OmniRtxPostColorGradingAPI_1.omni:rtx:post:grade:offset'
2026-09-10T04:25:04Z [14,372ms] [Info] [omni.rtx] Mapping carb-setting '/rtx/post/colorcorr/saturation' to usd-property 'OmniRtxPostColorGradingAPI_1.omni:rtx:post:grade:saturation'
2026-09-10T04:25:04Z [14,372ms] [Info] [omni.rtx] Mapping carb-setting '/rtx/post/colorgrad/whitepoint' to usd-property 'OmniRtxPostColorGradingAPI_1.omni:rtx:post:grade:whitePoint'
2026-09-10T04:25:04Z [14,372ms] [Info] [omni.rtx] Mapping carb-setting '/rtx/post/chromaticAberration/modeR' to usd-property 'OmniRtxPostChromaticAberrationAPI_1.omni:rtx:post:chromab:algorithm'
2026-09-10T04:25:04Z [14,372ms] [Info] [omni.rtx] Mapping carb-setting '/rtx/post/chromaticAberration/modeG' to usd-property 'OmniRtxPostChromaticAberrationAPI_1.omni:rtx:post:chromab:algorithmG'
2026-09-10T04:25:04Z [14,372ms] [Info] [omni.rtx] Mapping carb-setting '/rtx/post/chromaticAberration/modeB' to usd-property 'OmniRtxPostChromaticAberrationAPI_1.omni:rtx:post:chromab:algorithmB'
2026-09-10T04:25:04Z [14,372ms] [Info] [omni.rtx] Mapping carb-setting '/rtx/post/chromaticAberration/boundaryBlendFalloff' to usd-property 'OmniRtxPostChromaticAberrationAPI_1.omni:rtx:post:chromab:boundaryBlend:blendFalloff'
2026-09-10T04:25:04Z [14,372ms] [Info] [omni.rtx] Mapping carb-setting '/rtx/post/chromaticAberration/boundaryBlendRegionSize' to usd-property 'OmniRtxPostChromaticAberrationAPI_1.omni:rtx:post:chromab:boundaryBlend:blendSize'
2026-09-10T04:25:04Z [14,372ms] [Info] [omni.rtx] Mapping carb-setting '/rtx/post/chromaticAberration/mirroredRepeat' to usd-property 'OmniRtxPostChromaticAberrationAPI_1.omni:rtx:post:chromab:boundaryBlend:mirror'
2026-09-10T04:25:04Z [14,372ms] [Info] [omni.rtx] Mapping carb-setting '/rtx/post/chromaticAberration/enabled' to usd-property 'OmniRtxPostChromaticAberrationAPI_1.omni:rtx:post:chromab:enabled'
2026-09-10T04:25:04Z [14,372ms] [Info] [omni.rtx] Mapping carb-setting '/rtx/post/chromaticAberration/strengthB' to usd-property 'OmniRtxPostChromaticAberrationAPI_1.omni:rtx:post:chromab:strengthB'
2026-09-10T04:25:04Z [14,372ms] [Info] [omni.rtx] Mapping carb-setting '/rtx/post/chromaticAberration/strengthG' to usd-property 'OmniRtxPostChromaticAberrationAPI_1.omni:rtx:post:chromab:strengthG'
2026-09-10T04:25:04Z [14,372ms] [Info] [omni.rtx] Mapping carb-setting '/rtx/post/chromaticAberration/strengthR' to usd-property 'OmniRtxPostChromaticAberrationAPI_1.omni:rtx:post:chromab:strengthR'
2026-09-10T04:25:04Z [14,372ms] [Info] [omni.rtx] Mapping carb-setting '/rtx/post/chromaticAberration/enableLanczos' to usd-property 'OmniRtxPostChromaticAberrationAPI_1.omni:rtx:post:chromab:useLanczosSampler'
2026-09-10T04:25:04Z [14,372ms] [Info] [omni.rtx] Mapping carb-setting '/rtx/post/lensFlares/alphaExposureScale' to usd-property 'OmniRtxPostBloomPhysicalAPI_1.omni:rtx:post:bloom:alphaChannelScale'
2026-09-10T04:25:04Z [14,372ms] [Info] [omni.rtx] Mapping carb-setting '/rtx/post/lensFlares/blades' to usd-property 'OmniRtxPostBloomPhysicalAPI_1.omni:rtx:post:bloom:aperture:blades'
2026-09-10T04:25:04Z [14,372ms] [Info] [omni.rtx] Mapping carb-setting '/rtx/post/lensFlares/dustStrength' to usd-property 'OmniRtxPostBloomPhysicalAPI_1.omni:rtx:post:bloom:aperture:dust'
2026-09-10T04:25:04Z [14,372ms] [Info] [omni.rtx] Mapping carb-setting '/rtx/post/lensFlares/noiseStrength' to usd-property 'OmniRtxPostBloomPhysicalAPI_1.omni:rtx:post:bloom:aperture:noise'
2026-09-10T04:25:04Z [14,372ms] [Info] [omni.rtx] Mapping carb-setting '/rtx/post/lensFlares/apertureRotation' to usd-property 'OmniRtxPostBloomPhysicalAPI_1.omni:rtx:post:bloom:aperture:rotation'
2026-09-10T04:25:04Z [14,372ms] [Info] [omni.rtx] Mapping carb-setting '/rtx/post/lensFlares/scratchStrength' to usd-property 'OmniRtxPostBloomPhysicalAPI_1.omni:rtx:post:bloom:aperture:scratches'
2026-09-10T04:25:04Z [14,372ms] [Info] [omni.rtx] Mapping carb-setting '/rtx/post/lensFlares/sensorAspectRatio' to usd-property 'OmniRtxPostBloomPhysicalAPI_1.omni:rtx:post:bloom:aspectRatio'
2026-09-10T04:25:04Z [14,372ms] [Info] [omni.rtx] Mapping carb-setting '/rtx/post/lensFlares/cutoffPoint' to usd-property 'OmniRtxPostBloomPhysicalAPI_1.omni:rtx:post:bloom:cutoff'
2026-09-10T04:25:04Z [14,372ms] [Info] [omni.rtx] Mapping carb-setting '/rtx/post/lensFlares/cutoffFuzziness' to usd-property 'OmniRtxPostBloomPhysicalAPI_1.omni:rtx:post:bloom:cutoffFuzziness'
2026-09-10T04:25:04Z [14,372ms] [Info] [omni.rtx] Mapping carb-setting '/rtx/post/lensFlares/enabled' to usd-property 'OmniRtxPostBloomPhysicalAPI_1.omni:rtx:post:bloom:enabled'
2026-09-10T04:25:04Z [14,372ms] [Info] [omni.rtx] Mapping carb-setting '/rtx/post/lensFlares/energyConstrainingBlend' to usd-property 'OmniRtxPostBloomPhysicalAPI_1.omni:rtx:post:bloom:energyConservingBlend'
2026-09-10T04:25:04Z [14,372ms] [Info] [omni.rtx] Mapping carb-setting '/rtx/post/lensFlares/focalLength' to usd-property 'OmniRtxPostBloomPhysicalAPI_1.omni:rtx:post:bloom:focalLength'
2026-09-10T04:25:04Z [14,372ms] [Info] [omni.rtx] Mapping carb-setting '/rtx/post/lensFlares/fNumber' to usd-property 'OmniRtxPostBloomPhysicalAPI_1.omni:rtx:post:bloom:fStop'
2026-09-10T04:25:04Z [14,372ms] [Info] [omni.rtx] Mapping carb-setting '/rtx/post/lensFlares/flareScale' to usd-property 'OmniRtxPostBloomPhysicalAPI_1.omni:rtx:post:bloom:scale'
2026-09-10T04:25:04Z [14,372ms] [Info] [omni.rtx] Mapping carb-setting '/rtx/post/lensFlares/sensorDiagonal' to usd-property 'OmniRtxPostBloomPhysicalAPI_1.omni:rtx:post:bloom:sensorDiagonal'
2026-09-10T04:25:04Z [14,372ms] [Info] [omni.rtx] Mapping carb-setting '/rtx/post/lensFlares/debugVisMode' to usd-property 'OmniRtxPostBloomPhysicalAPI_1.omni:rtx:post:bloom:spectral:debugVisualization'
2026-09-10T04:25:04Z [14,372ms] [Info] [omni.rtx] Mapping carb-setting '/rtx/post/lensFlares/spectralBlurSamples' to usd-property 'OmniRtxPostBloomPhysicalAPI_1.omni:rtx:post:bloom:spectral:samples'
2026-09-10T04:25:04Z [14,372ms] [Info] [omni.rtx] Mapping carb-setting '/rtx/post/lensFlares/spectralBlurIntensity' to usd-property 'OmniRtxPostBloomPhysicalAPI_1.omni:rtx:post:bloom:spectral:scale'
2026-09-10T04:25:04Z [14,372ms] [Info] [omni.rtx] Mapping carb-setting '/rtx/post/lensFlares/spectralBlurWavelengthRange' to usd-property 'OmniRtxPostBloomPhysicalAPI_1.omni:rtx:post:bloom:spectral:wavelengths'
2026-09-10T04:25:04Z [14,372ms] [Info] [omni.rtx] Mapping carb-setting '/rtx/matteObject/blend/shift' to usd-property 'OmniRtxPostMatteObjectAPI_1.omni:rtx:post:matteobject:compositeShift'
2026-09-10T04:25:04Z [14,372ms] [Info] [omni.rtx] Mapping carb-setting '/rtx/matteObject/enabled' to usd-property 'OmniRtxPostMatteObjectAPI_1.omni:rtx:post:matteobject:enabled'
2026-09-10T04:25:04Z [14,372ms] [Info] [omni.rtx] Mapping carb-setting '/rtx/matteObject/blend/fadeOut' to usd-property 'OmniRtxPostMatteObjectAPI_1.omni:rtx:post:matteobject:fadeOut'
2026-09-10T04:25:04Z [14,372ms] [Info] [omni.rtx] Mapping carb-setting '/rtx/matteObject/blend/contrast' to usd-property 'OmniRtxPostMatteObjectAPI_1.omni:rtx:post:matteobject:shadowContrast'
2026-09-10T04:25:04Z [14,372ms] [Info] [omni.rtx] Mapping carb-setting '/rtx/post/matteObject/enableShadowCatcher' to usd-property 'OmniRtxPostMatteObjectAPI_1.omni:rtx:post:matteobject:shadowsOnly'
2026-09-10T04:25:04Z [14,372ms] [Info] [omni.rtx] Mapping carb-setting '/rtx/domeLight/forceMatteUseApproximateIbl' to usd-property 'OmniRtxPostMatteObjectAPI_1.omni:rtx:post:matteobject:useApproximateIBL'
2026-09-10T04:25:04Z [14,372ms] [Info] [omni.rtx] Mapping carb-setting '/rtx/matteObject/enableAmbientShadowCatcher' to usd-property 'OmniRtxPostMatteObjectAPI_1.omni:rtx:post:matteObject:enableAmbientShadowCatcher'
2026-09-10T04:25:04Z [14,372ms] [Info] [omni.rtx] Mapping carb-setting '/rtx/matteObject/ambientShadowCatcherFactor' to usd-property 'OmniRtxPostMatteObjectAPI_1.omni:rtx:post:matteObject:ambientShadowCatcherFactor'
2026-09-10T04:25:04Z [14,372ms] [Info] [omni.rtx] Mapping carb-setting '/rtx/matteObject/visibility/reflection' to usd-property 'OmniRtxPostMatteObjectAPI_1.omni:rtx:post:matteObject:visibility:reflection'
2026-09-10T04:25:04Z [14,372ms] [Info] [omni.rtx] Mapping carb-setting '/rtx/matteObject/visibility/refraction' to usd-property 'OmniRtxPostMatteObjectAPI_1.omni:rtx:post:matteObject:visibility:refraction'
2026-09-10T04:25:04Z [14,372ms] [Info] [omni.rtx] Mapping carb-setting '/rtx/post/backgroundZeroAlpha/blackBackgroundInComposite' to usd-property 'OmniRtxPostCompositingAPI_1.omni:rtx:post:compositing:blackBackground'
2026-09-10T04:25:04Z [14,372ms] [Info] [omni.rtx] Mapping carb-setting '/rtx/post/backgroundZeroAlpha/postTonemapBackgroundComposite' to usd-property 'OmniRtxPostCompositingAPI_1.omni:rtx:post:compositing:postTonemapBackgroundComposite'
2026-09-10T04:25:04Z [14,372ms] [Info] [omni.rtx] Mapping carb-setting '/rtx/post/backgroundZeroAlpha/backgroundComposite' to usd-property 'OmniRtxPostCompositingAPI_1.omni:rtx:post:compositing:doComposite'
2026-09-10T04:25:04Z [14,372ms] [Info] [omni.rtx] Mapping carb-setting '/rtx/post/backgroundZeroAlpha/enabled' to usd-property 'OmniRtxPostCompositingAPI_1.omni:rtx:post:compositing:enabled'
2026-09-10T04:25:04Z [14,372ms] [Info] [omni.rtx] Mapping carb-setting '/rtx/post/backgroundZeroAlpha/outputAlphaInComposite' to usd-property 'OmniRtxPostCompositingAPI_1.omni:rtx:post:compositing:outputAlpha'
2026-09-10T04:25:04Z [14,372ms] [Info] [omni.rtx] Mapping carb-setting '/rtx/post/backgroundZeroAlpha/premultiplyColorByAlpha' to usd-property 'OmniRtxPostCompositingAPI_1.omni:rtx:post:compositing:premultiply'
2026-09-10T04:25:04Z [14,372ms] [Info] [omni.rtx] Mapping carb-setting '/rtx/post/tonemap/dither' to usd-property 'OmniRtxPostTonemapAPI_1.omni:rtx:post:tonemap:dither'
2026-09-10T04:25:04Z [14,372ms] [Info] [omni.rtx] Mapping carb-setting '/rtx/post/tonemap/op' to usd-property 'OmniRtxPostTonemapAPI_1.omni:rtx:post:tonemap:operator'
2026-09-10T04:25:04Z [14,372ms] [Info] [omni.rtx] Mapping carb-setting '/rtx/post/tonemap/irayReinhard/burnHighlights' to usd-property 'OmniRtxPostTonemapIrayReinhardAPI_1.omni:rtx:post:tonemap:irayReinhard:burnHighlights'
2026-09-10T04:25:04Z [14,372ms] [Info] [omni.rtx] Mapping carb-setting '/rtx/post/tonemap/irayReinhard/burnHighlightsMaxComponent' to usd-property 'OmniRtxPostTonemapIrayReinhardAPI_1.omni:rtx:post:tonemap:irayReinhard:burnHighlightsMaxComponent'
2026-09-10T04:25:04Z [14,372ms] [Info] [omni.rtx] Mapping carb-setting '/rtx/post/tonemap/irayReinhard/burnHighlightsPerComponent' to usd-property 'OmniRtxPostTonemapIrayReinhardAPI_1.omni:rtx:post:tonemap:irayReinhard:burnHighlightsPerComponent'
2026-09-10T04:25:04Z [14,372ms] [Info] [omni.rtx] Mapping carb-setting '/rtx/post/tonemap/irayReinhard/crushBlacks' to usd-property 'OmniRtxPostTonemapIrayReinhardAPI_1.omni:rtx:post:tonemap:irayReinhard:crushBlacks'
2026-09-10T04:25:04Z [14,372ms] [Info] [omni.rtx] Mapping carb-setting '/rtx/post/tonemap/irayReinhard/saturation' to usd-property 'OmniRtxPostTonemapIrayReinhardAPI_1.omni:rtx:post:tonemap:irayReinhard:saturation'
2026-09-10T04:25:04Z [14,372ms] [Info] [omni.rtx] Mapping carb-setting '/rtx/post/dof/anisotropy' to usd-property 'OmniRtxPostDofAPI_1.omni:rtx:post:dof:anisotropy'
2026-09-10T04:25:04Z [14,372ms] [Info] [omni.rtx] Mapping carb-setting '/rtx/post/dof/enabled' to usd-property 'OmniRtxPostDofAPI_1.omni:rtx:post:dof:enabled'
2026-09-10T04:25:04Z [14,372ms] [Info] [omni.rtx] Mapping carb-setting '/rtx/post/dof/focalLength' to usd-property 'OmniRtxPostDofAPI_1.omni:rtx:post:dof:focalLength'
2026-09-10T04:25:04Z [14,372ms] [Info] [omni.rtx] Mapping carb-setting '/rtx/post/dof/fNumber' to usd-property 'OmniRtxPostDofAPI_1.omni:rtx:post:dof:fStop'
2026-09-10T04:25:04Z [14,372ms] [Info] [omni.rtx] Mapping carb-setting '/rtx/post/dof/subjectDistance' to usd-property 'OmniRtxPostDofAPI_1.omni:rtx:post:dof:subjectDistance'
2026-09-10T04:25:04Z [14,372ms] [Info] [omni.rtx] Mapping carb-setting '/rtx/post/motionblur/enabled' to usd-property 'OmniRtxPostMotionBlurAPI_1.omni:rtx:post:motionblur:enabled'
2026-09-10T04:25:04Z [14,372ms] [Info] [omni.rtx] Mapping carb-setting '/rtx/post/motionblur/exposureFraction' to usd-property 'OmniRtxPostMotionBlurAPI_1.omni:rtx:post:motionblur:exposureFraction'
2026-09-10T04:25:04Z [14,372ms] [Info] [omni.rtx] Mapping carb-setting '/rtx/post/motionblur/maxBlurDiameterFraction' to usd-property 'OmniRtxPostMotionBlurAPI_1.omni:rtx:post:motionblur:maxBlurDiameterFraction'
2026-09-10T04:25:04Z [14,372ms] [Info] [omni.rtx] Mapping carb-setting '/rtx/post/motionblur/numSamples' to usd-property 'OmniRtxPostMotionBlurAPI_1.omni:rtx:post:motionblur:numSamples'
2026-09-10T04:25:04Z [14,372ms] [Info] [omni.rtx] Mapping carb-setting '/rtx/post/tvNoise/colorAmount' to usd-property 'OmniRtxPostTvNoiseAPI_1.omni:rtx:post:tvNoise:colorAmount'
2026-09-10T04:25:04Z [14,372ms] [Info] [omni.rtx] Mapping carb-setting '/rtx/post/tvNoise/enabled' to usd-property 'OmniRtxPostTvNoiseAPI_1.omni:rtx:post:tvNoise:enabled'
2026-09-10T04:25:04Z [14,372ms] [Info] [omni.rtx] Mapping carb-setting '/rtx/post/tvNoise/grainAmount' to usd-property 'OmniRtxPostTvNoiseAPI_1.omni:rtx:post:tvNoise:filmGrain:amount'
2026-09-10T04:25:04Z [14,372ms] [Info] [omni.rtx] Mapping carb-setting '/rtx/post/tvNoise/enableFilmGrain' to usd-property 'OmniRtxPostTvNoiseAPI_1.omni:rtx:post:tvNoise:filmGrain:enabled'
2026-09-10T04:25:04Z [14,372ms] [Info] [omni.rtx] Mapping carb-setting '/rtx/post/tvNoise/grainSize' to usd-property 'OmniRtxPostTvNoiseAPI_1.omni:rtx:post:tvNoise:filmGrain:size'
2026-09-10T04:25:04Z [14,372ms] [Info] [omni.rtx] Mapping carb-setting '/rtx/post/tvNoise/fixedTimeSeed' to usd-property 'OmniRtxPostTvNoiseAPI_1.omni:rtx:post:tvNoise:fixedTime:seed'
2026-09-10T04:25:04Z [14,372ms] [Info] [omni.rtx] Mapping carb-setting '/rtx/post/tvNoise/fixedTimeSeedCount' to usd-property 'OmniRtxPostTvNoiseAPI_1.omni:rtx:post:tvNoise:fixedTime:seedCount'
2026-09-10T04:25:04Z [14,372ms] [Info] [omni.rtx] Mapping carb-setting '/rtx/post/tvNoise/enableGhostFlickering' to usd-property 'OmniRtxPostTvNoiseAPI_1.omni:rtx:post:tvNoise:ghostFlickering:enabled'
2026-09-10T04:25:04Z [14,372ms] [Info] [omni.rtx] Mapping carb-setting '/rtx/post/tvNoise/lumAmount' to usd-property 'OmniRtxPostTvNoiseAPI_1.omni:rtx:post:tvNoise:lumAmount'
2026-09-10T04:25:04Z [14,372ms] [Info] [omni.rtx] Mapping carb-setting '/rtx/post/tvNoise/enableRandomSplotches' to usd-property 'OmniRtxPostTvNoiseAPI_1.omni:rtx:post:tvNoise:randomSplotches:enabled'
2026-09-10T04:25:04Z [14,372ms] [Info] [omni.rtx] Mapping carb-setting '/rtx/post/tvNoise/enableScanlines' to usd-property 'OmniRtxPostTvNoiseAPI_1.omni:rtx:post:tvNoise:scanlines:enabled'
2026-09-10T04:25:04Z [14,372ms] [Info] [omni.rtx] Mapping carb-setting '/rtx/post/tvNoise/scanlineSpread' to usd-property 'OmniRtxPostTvNoiseAPI_1.omni:rtx:post:tvNoise:scanlines:spread'
2026-09-10T04:25:04Z [14,372ms] [Info] [omni.rtx] Mapping carb-setting '/rtx/post/tvNoise/enableScrollBug' to usd-property 'OmniRtxPostTvNoiseAPI_1.omni:rtx:post:tvNoise:scrollBug:enabled'
2026-09-10T04:25:04Z [14,372ms] [Info] [omni.rtx] Mapping carb-setting '/rtx/post/tvNoise/enableVerticalLines' to usd-property 'OmniRtxPostTvNoiseAPI_1.omni:rtx:post:tvNoise:verticalLines:enabled'
2026-09-10T04:25:04Z [14,372ms] [Info] [omni.rtx] Mapping carb-setting '/rtx/post/tvNoise/enableVignetting' to usd-property 'OmniRtxPostTvNoiseAPI_1.omni:rtx:post:tvNoise:vignetting:enabled'
2026-09-10T04:25:04Z [14,372ms] [Info] [omni.rtx] Mapping carb-setting '/rtx/post/tvNoise/enableVignettingFlickering' to usd-property 'OmniRtxPostTvNoiseAPI_1.omni:rtx:post:tvNoise:vignetting:flickering:enabled'
2026-09-10T04:25:04Z [14,372ms] [Info] [omni.rtx] Mapping carb-setting '/rtx/post/tvNoise/vignettingSize' to usd-property 'OmniRtxPostTvNoiseAPI_1.omni:rtx:post:tvNoise:vignetting:size'
2026-09-10T04:25:04Z [14,372ms] [Info] [omni.rtx] Mapping carb-setting '/rtx/post/tvNoise/vignettingStrength' to usd-property 'OmniRtxPostTvNoiseAPI_1.omni:rtx:post:tvNoise:vignetting:strength'
2026-09-10T04:25:04Z [14,372ms] [Info] [omni.rtx] Mapping carb-setting '/rtx/post/tvNoise/enableWaveDistortion' to usd-property 'OmniRtxPostTvNoiseAPI_1.omni:rtx:post:tvNoise:waveDistortion:enabled'
2026-09-10T04:25:04Z [14,372ms] [Info] [omni.rtx] Mapping carb-setting '/rtx/ambientOcclusion/denoiserMode' to usd-property 'OmniRtxDebugSettingsAPI_1.omni:rtx:ambientOcclusion:denoiserMode'
2026-09-10T04:25:04Z [14,372ms] [Info] [omni.rtx] Mapping carb-setting '/rtx/ambientOcclusion/maxSamples' to usd-property 'OmniRtxDebugSettingsAPI_1.omni:rtx:ambientOcclusion:maxSamples'
2026-09-10T04:25:04Z [14,372ms] [Info] [omni.rtx] Mapping carb-setting '/rtx/ambientOcclusion/minSamples' to usd-property 'OmniRtxDebugSettingsAPI_1.omni:rtx:ambientOcclusion:minSamples'
2026-09-10T04:25:04Z [14,372ms] [Info] [omni.rtx] Mapping carb-setting '/rtx/ambientOcclusion/enableStratification' to usd-property 'OmniRtxDebugSettingsAPI_1.omni:rtx:ambientOcclusion:stratification:enabled'
2026-09-10T04:25:04Z [14,372ms] [Info] [omni.rtx] Mapping carb-setting '/rtx/ambientOcclusion/temporalSqrtLength' to usd-property 'OmniRtxDebugSettingsAPI_1.omni:rtx:ambientOcclusion:temporalSqrtLength'
2026-09-10T04:25:04Z [14,372ms] [Info] [omni.rtx] Mapping carb-setting '/rtx/addTileGpuAnnotations' to usd-property 'OmniRtxDebugSettingsAPI_1.omni:rtx:debug:addTileGpuAnnotations'
2026-09-10T04:25:04Z [14,372ms] [Info] [omni.rtx] Mapping carb-setting '/rtx/debug/enableDebugUtils' to usd-property 'OmniRtxDebugSettingsAPI_1.omni:rtx:debug:enableDebugUtils'
2026-09-10T04:25:04Z [14,372ms] [Info] [omni.rtx] Mapping carb-setting '/rtx/debug/onlyOpaqueRayFlags' to usd-property 'OmniRtxDebugSettingsAPI_1.omni:rtx:debug:onlyOpaqueRayFlags'
2026-09-10T04:25:04Z [14,372ms] [Info] [omni.rtx] Mapping carb-setting '/rtx/debug/valueBool0' to usd-property 'OmniRtxDebugSettingsAPI_1.omni:rtx:debug:valueBool0'
2026-09-10T04:25:04Z [14,372ms] [Info] [omni.rtx] Mapping carb-setting '/rtx/debug/valueBool1' to usd-property 'OmniRtxDebugSettingsAPI_1.omni:rtx:debug:valueBool1'
2026-09-10T04:25:04Z [14,372ms] [Info] [omni.rtx] Mapping carb-setting '/rtx/debug/valueBool2' to usd-property 'OmniRtxDebugSettingsAPI_1.omni:rtx:debug:valueBool2'
2026-09-10T04:25:04Z [14,372ms] [Info] [omni.rtx] Mapping carb-setting '/rtx/debug/valueBool3' to usd-property 'OmniRtxDebugSettingsAPI_1.omni:rtx:debug:valueBool3'
2026-09-10T04:25:04Z [14,372ms] [Info] [omni.rtx] Mapping carb-setting '/rtx/debug/valueFloat0' to usd-property 'OmniRtxDebugSettingsAPI_1.omni:rtx:debug:valueFloat0'
2026-09-10T04:25:04Z [14,372ms] [Info] [omni.rtx] Mapping carb-setting '/rtx/debug/valueFloat1' to usd-property 'OmniRtxDebugSettingsAPI_1.omni:rtx:debug:valueFloat1'
2026-09-10T04:25:04Z [14,372ms] [Info] [omni.rtx] Mapping carb-setting '/rtx/debug/valueFloat2' to usd-property 'OmniRtxDebugSettingsAPI_1.omni:rtx:debug:valueFloat2'
2026-09-10T04:25:04Z [14,372ms] [Info] [omni.rtx] Mapping carb-setting '/rtx/debug/valueFloat3' to usd-property 'OmniRtxDebugSettingsAPI_1.omni:rtx:debug:valueFloat3'
2026-09-10T04:25:04Z [14,372ms] [Info] [omni.rtx] Mapping carb-setting '/rtx/debugView/allowDebugViewOnMgpu' to usd-property 'OmniRtxDebugSettingsAPI_1.omni:rtx:debug:view:allowDebugViewOnMgpu'
2026-09-10T04:25:04Z [14,372ms] [Info] [omni.rtx] Mapping carb-setting '/rtx/debugView/drawDebugOverTarget' to usd-property 'OmniRtxDebugSettingsAPI_1.omni:rtx:debug:view:drawDebugOverTarget'
2026-09-10T04:25:04Z [14,372ms] [Info] [omni.rtx] Mapping carb-setting '/rtx/debugView/enablePreTonemap' to usd-property 'OmniRtxDebugSettingsAPI_1.omni:rtx:debug:view:enablePreTonemap'
2026-09-10T04:25:04Z [14,372ms] [Info] [omni.rtx] Mapping carb-setting '/rtx/debugView/heatMapColorPalette' to usd-property 'OmniRtxDebugSettingsAPI_1.omni:rtx:debug:view:heatMapColorPalette'
2026-09-10T04:25:04Z [14,372ms] [Info] [omni.rtx] Mapping carb-setting '/rtx/debugView/heatMapMaxAnyHitCount' to usd-property 'OmniRtxDebugSettingsAPI_1.omni:rtx:debug:view:heatMapMaxAnyHitCount'
2026-09-10T04:25:04Z [14,372ms] [Info] [omni.rtx] Mapping carb-setting '/rtx/debugView/heatMapMaxIntersectionCount' to usd-property 'OmniRtxDebugSettingsAPI_1.omni:rtx:debug:view:heatMapMaxIntersectionCount'
2026-09-10T04:25:04Z [14,372ms] [Info] [omni.rtx] Mapping carb-setting '/rtx/debugView/heatMapMaxTime' to usd-property 'OmniRtxDebugSettingsAPI_1.omni:rtx:debug:view:heatMapMaxTime'
2026-09-10T04:25:04Z [14,372ms] [Info] [omni.rtx] Mapping carb-setting '/rtx/debugView/heatMapOverlayHeatMapScale' to usd-property 'OmniRtxDebugSettingsAPI_1.omni:rtx:debug:view:heatMapOverlayHeatMapScale'
2026-09-10T04:25:04Z [14,372ms] [Info] [omni.rtx] Mapping carb-setting '/rtx/debugView/heatMapPass' to usd-property 'OmniRtxDebugSettingsAPI_1.omni:rtx:debug:view:heatMapPass'
2026-09-10T04:25:04Z [14,372ms] [Info] [omni.rtx] Mapping carb-setting '/rtx/debugView/lightPowerMeter/enabled' to usd-property 'OmniRtxDebugSettingsAPI_1.omni:rtx:debug:view:lightPowerMeter:enabled'
2026-09-10T04:25:04Z [14,372ms] [Info] [omni.rtx] Mapping carb-setting '/rtx/debugView/pixelDebug/blinkInvalidValues' to usd-property 'OmniRtxDebugSettingsAPI_1.omni:rtx:debug:view:pixelDebug:blinkInvalidValues'
2026-09-10T04:25:04Z [14,372ms] [Info] [omni.rtx] Mapping carb-setting '/rtx/debugView/pixelDebug/debugAsUint' to usd-property 'OmniRtxDebugSettingsAPI_1.omni:rtx:debug:view:pixelDebug:debugAsUint'
2026-09-10T04:25:04Z [14,372ms] [Info] [omni.rtx] Mapping carb-setting '/rtx/debugView/pixelDebug/debugPosX' to usd-property 'OmniRtxDebugSettingsAPI_1.omni:rtx:debug:view:pixelDebug:debugPosX'
2026-09-10T04:25:04Z [14,372ms] [Info] [omni.rtx] Mapping carb-setting '/rtx/debugView/pixelDebug/debugPosY' to usd-property 'OmniRtxDebugSettingsAPI_1.omni:rtx:debug:view:pixelDebug:debugPosY'
2026-09-10T04:25:04Z [14,372ms] [Info] [omni.rtx] Mapping carb-setting '/rtx/debugView/pixelDebug/enabled' to usd-property 'OmniRtxDebugSettingsAPI_1.omni:rtx:debug:view:pixelDebug:enabled'
2026-09-10T04:25:04Z [14,372ms] [Info] [omni.rtx] Mapping carb-setting '/rtx/debugView/pixelDebug/enableFixedTextPos' to usd-property 'OmniRtxDebugSettingsAPI_1.omni:rtx:debug:view:pixelDebug:enableFixedTextPos'
2026-09-10T04:25:04Z [14,372ms] [Info] [omni.rtx] Mapping carb-setting '/rtx/debugView/pixelDebug/magnifyingGlass/enabled' to usd-property 'OmniRtxDebugSettingsAPI_1.omni:rtx:debug:view:pixelDebug:magnifyingGlass:enabled'
2026-09-10T04:25:04Z [14,372ms] [Info] [omni.rtx] Mapping carb-setting '/rtx/debugView/pixelDebug/magnifyingGlass/size' to usd-property 'OmniRtxDebugSettingsAPI_1.omni:rtx:debug:view:pixelDebug:magnifyingGlass:size'
2026-09-10T04:25:04Z [14,372ms] [Info] [omni.rtx] Mapping carb-setting '/rtx/debugView/pixelDebug/magnifyingGlass/zoomFactor' to usd-property 'OmniRtxDebugSettingsAPI_1.omni:rtx:debug:view:pixelDebug:magnifyingGlass:zoomFactor'
2026-09-10T04:25:04Z [14,372ms] [Info] [omni.rtx] Mapping carb-setting '/rtx/debugView/pixelDebug/textColor' to usd-property 'OmniRtxDebugSettingsAPI_1.omni:rtx:debug:view:pixelDebug:textColor'
2026-09-10T04:25:04Z [14,372ms] [Info] [omni.rtx] Mapping carb-setting '/rtx/debugView/pixelDebug/textPosX' to usd-property 'OmniRtxDebugSettingsAPI_1.omni:rtx:debug:view:pixelDebug:textPosX'
2026-09-10T04:25:04Z [14,372ms] [Info] [omni.rtx] Mapping carb-setting '/rtx/debugView/pixelDebug/textPosY' to usd-property 'OmniRtxDebugSettingsAPI_1.omni:rtx:debug:view:pixelDebug:textPosY'
2026-09-10T04:25:04Z [14,372ms] [Info] [omni.rtx] Mapping carb-setting '/rtx/debugView/pixelDebug/textScaling' to usd-property 'OmniRtxDebugSettingsAPI_1.omni:rtx:debug:view:pixelDebug:textScaling'
2026-09-10T04:25:04Z [14,372ms] [Info] [omni.rtx] Mapping carb-setting '/rtx/debugView/pixelDebug/useMouse' to usd-property 'OmniRtxDebugSettingsAPI_1.omni:rtx:debug:view:pixelDebug:useMouse'
2026-09-10T04:25:04Z [14,372ms] [Info] [omni.rtx] Mapping carb-setting '/rtx/debugView/scaleToTargetRes' to usd-property 'OmniRtxDebugSettingsAPI_1.omni:rtx:debug:view:scaleToTargetRes'
2026-09-10T04:25:04Z [14,372ms] [Info] [omni.rtx] Mapping carb-setting '/rtx/debugView/scaling' to usd-property 'OmniRtxDebugSettingsAPI_1.omni:rtx:debug:view:scaling'
2026-09-10T04:25:04Z [14,372ms] [Info] [omni.rtx] Mapping carb-setting '/rtx/debugView/selectedChannels' to usd-property 'OmniRtxDebugSettingsAPI_1.omni:rtx:debug:view:selectedChannels'
2026-09-10T04:25:04Z [14,372ms] [Info] [omni.rtx] Mapping carb-setting '/rtx/debugView/target' to usd-property 'OmniRtxDebugSettingsAPI_1.omni:rtx:debug:view:target'
2026-09-10T04:25:04Z [14,372ms] [Info] [omni.rtx] Mapping carb-setting '/rtx/debugView/viewIndex' to usd-property 'OmniRtxDebugSettingsAPI_1.omni:rtx:debug:view:viewIndex'
2026-09-10T04:25:04Z [14,372ms] [Info] [omni.rtx] Mapping carb-setting '/rtx/debugMaterialType' to usd-property 'OmniRtxDebugSettingsAPI_1.omni:rtx:debugMaterialType'
2026-09-10T04:25:04Z [14,372ms] [Info] [omni.rtx] Mapping carb-setting '/rtx/debugMaterialWhite' to usd-property 'OmniRtxDebugSettingsAPI_1.omni:rtx:debugMaterialWhite'
2026-09-10T04:25:04Z [14,372ms] [Info] [omni.rtx] Mapping carb-setting '/rtx/directLighting/diffuseBackscattering/enabled' to usd-property 'OmniRtxDebugSettingsAPI_1.omni:rtx:directLighting:diffuseBackscattering:enabled'
2026-09-10T04:25:04Z [14,372ms] [Info] [omni.rtx] Mapping carb-setting '/rtx/directLighting/diffuseBackscattering/extinction' to usd-property 'OmniRtxDebugSettingsAPI_1.omni:rtx:directLighting:diffuseBackscattering:extinction'
2026-09-10T04:25:04Z [14,372ms] [Info] [omni.rtx] Mapping carb-setting '/rtx/directLighting/diffuseBackscattering/shadowOffset' to usd-property 'OmniRtxDebugSettingsAPI_1.omni:rtx:directLighting:diffuseBackscattering:shadowOffset'
2026-09-10T04:25:04Z [14,372ms] [Info] [omni.rtx] Mapping carb-setting '/rtx/directLighting/domeLight/approxIbl/enabled' to usd-property 'OmniRtxDebugSettingsAPI_1.omni:rtx:directLighting:domeLight:approxIbl:enabled'
2026-09-10T04:25:04Z [14,372ms] [Info] [omni.rtx] Mapping carb-setting '/rtx/directLighting/domeLight/denoisingTechnique' to usd-property 'OmniRtxDebugSettingsAPI_1.omni:rtx:directLighting:domeLight:denoisingTechnique'
2026-09-10T04:25:04Z [14,372ms] [Info] [omni.rtx] Mapping carb-setting '/rtx/directLighting/domeLight/enabled' to usd-property 'OmniRtxDebugSettingsAPI_1.omni:rtx:directLighting:domeLight:enabled'
2026-09-10T04:25:04Z [14,372ms] [Info] [omni.rtx] Mapping carb-setting '/rtx/directLighting/domeLight/enabledInReflections' to usd-property 'OmniRtxDebugSettingsAPI_1.omni:rtx:directLighting:domeLight:reflections:enabled'
2026-09-10T04:25:04Z [14,372ms] [Info] [omni.rtx] Mapping carb-setting '/rtx/directLighting/domeLight/sampleCount' to usd-property 'OmniRtxDebugSettingsAPI_1.omni:rtx:directLighting:domeLight:sampleCount'
2026-09-10T04:25:04Z [14,372ms] [Info] [omni.rtx] Mapping carb-setting '/rtx/directLighting/sampledLighting/autoEnable' to usd-property 'OmniRtxDebugSettingsAPI_1.omni:rtx:directLighting:sampledLighting:autoEnable'
2026-09-10T04:25:04Z [14,372ms] [Info] [omni.rtx] Mapping carb-setting '/rtx/directLighting/sampledLighting/autoEnableLightCountThreshold' to usd-property 'OmniRtxDebugSettingsAPI_1.omni:rtx:directLighting:sampledLighting:autoEnableLightCountThreshold'
2026-09-10T04:25:04Z [14,372ms] [Info] [omni.rtx] Mapping carb-setting '/rtx/directLighting/sampledLighting/clampSamplesPerPixelToNumberOfLights' to usd-property 'OmniRtxDebugSettingsAPI_1.omni:rtx:directLighting:sampledLighting:clampSamplesPerPixelToNumberOfLights'
2026-09-10T04:25:04Z [14,372ms] [Info] [omni.rtx] Mapping carb-setting '/rtx/directLighting/sampledLighting/clampSamplesToNumberOfLights' to usd-property 'OmniRtxDebugSettingsAPI_1.omni:rtx:directLighting:sampledLighting:clampSamplesToNumberOfLights'
2026-09-10T04:25:04Z [14,372ms] [Info] [omni.rtx] Mapping carb-setting '/rtx/directLighting/sampledLighting/denoiserInputNormalType' to usd-property 'OmniRtxDebugSettingsAPI_1.omni:rtx:directLighting:sampledLighting:denoiserInputNormalType'
2026-09-10T04:25:04Z [14,372ms] [Info] [omni.rtx] Mapping carb-setting '/rtx/directLighting/sampledLighting/denoisingTechnique' to usd-property 'OmniRtxDebugSettingsAPI_1.omni:rtx:directLighting:sampledLighting:denoisingTechnique'
2026-09-10T04:25:04Z [14,372ms] [Info] [omni.rtx] Mapping carb-setting '/rtx/directLighting/sampledLighting/enabled' to usd-property 'OmniRtxDebugSettingsAPI_1.omni:rtx:directLighting:sampledLighting:enabled'
2026-09-10T04:25:04Z [14,372ms] [Info] [omni.rtx] Mapping carb-setting '/rtx/directLighting/sampledLighting/enforceDenoiser' to usd-property 'OmniRtxDebugSettingsAPI_1.omni:rtx:directLighting:sampledLighting:enforceDenoiser'
2026-09-10T04:25:04Z [14,372ms] [Info] [omni.rtx] Mapping carb-setting '/rtx/directLighting/sampledLighting/irradiance/denoiser/enabled' to usd-property 'OmniRtxDebugSettingsAPI_1.omni:rtx:directLighting:sampledLighting:irradiance:denoiser:enabled'
2026-09-10T04:25:04Z [14,372ms] [Info] [omni.rtx] Mapping carb-setting '/rtx/directLighting/sampledLighting/lightcache/spatialCache/enabled' to usd-property 'OmniRtxDebugSettingsAPI_1.omni:rtx:directLighting:sampledLighting:lightcache:spatialCache:enabled'
2026-09-10T04:25:04Z [14,372ms] [Info] [omni.rtx] Mapping carb-setting '/rtx/directLighting/sampledLighting/stochasticLCRefresh' to usd-property 'OmniRtxDebugSettingsAPI_1.omni:rtx:directLighting:sampledLighting:lightcache:stochastic:refresh'
2026-09-10T04:25:04Z [14,372ms] [Info] [omni.rtx] Mapping carb-setting '/rtx/directLighting/sampledLighting/stochasticLcUpdateMaxTileSize' to usd-property 'OmniRtxDebugSettingsAPI_1.omni:rtx:directLighting:sampledLighting:lightcache:stochastic:updateMaxTileSize'
2026-09-10T04:25:04Z [14,372ms] [Info] [omni.rtx] Mapping carb-setting '/rtx/directLighting/sampledLighting/stochasticPassUsesGGX' to usd-property 'OmniRtxDebugSettingsAPI_1.omni:rtx:directLighting:sampledLighting:lightcache:stochastic:useGGX'
2026-09-10T04:25:04Z [14,372ms] [Info] [omni.rtx] Mapping carb-setting '/rtx/directLighting/sampledLighting/maxRoughness' to usd-property 'OmniRtxDebugSettingsAPI_1.omni:rtx:directLighting:sampledLighting:maxRoughness'
2026-09-10T04:25:04Z [14,372ms] [Info] [omni.rtx] Mapping carb-setting '/rtx/directLighting/sampledLighting/mis/enabled' to usd-property 'OmniRtxDebugSettingsAPI_1.omni:rtx:directLighting:sampledLighting:mis:enabled'
2026-09-10T04:25:04Z [14,372ms] [Info] [omni.rtx] Mapping carb-setting '/rtx/directLighting/sampledLighting/optixDenoiser/blendFactor' to usd-property 'OmniRtxDebugSettingsAPI_1.omni:rtx:directLighting:sampledLighting:optixDenoiser:blendFactor'
2026-09-10T04:25:04Z [14,372ms] [Info] [omni.rtx] Mapping carb-setting '/rtx/directLighting/sampledLighting/optixDenoiser/useAlbedo' to usd-property 'OmniRtxDebugSettingsAPI_1.omni:rtx:directLighting:sampledLighting:optixDenoiser:useAlbedo'
2026-09-10T04:25:04Z [14,372ms] [Info] [omni.rtx] Mapping carb-setting '/rtx/directLighting/sampledLighting/optixDenoiser/useNormals' to usd-property 'OmniRtxDebugSettingsAPI_1.omni:rtx:directLighting:sampledLighting:optixDenoiser:useNormals'
2026-09-10T04:25:04Z [14,372ms] [Info] [omni.rtx] Mapping carb-setting '/rtx/directLighting/sampledLighting/ris/meshLights' to usd-property 'OmniRtxDebugSettingsAPI_1.omni:rtx:rt:directLighting:ris:meshLights'
2026-09-10T04:25:04Z [14,372ms] [Info] [omni.rtx] UsdAttribute already existed 'omni:rtx:rt:directLighting:ris:meshLights' with carb-setting '/rtx/directLighting/sampledLighting/ris/meshLights'
2026-09-10T04:25:04Z [14,372ms] [Info] [omni.rtx] Mapping carb-setting '/rtx/directLighting/sampledLighting/meshLights/risCount' to usd-property 'OmniRtxDebugSettingsAPI_1.omni:rtx:rt:directLighting:meshLights:risCount'
2026-09-10T04:25:04Z [14,372ms] [Info] [omni.rtx] Mapping carb-setting '/rtx/directLighting/sampledLighting/separateGlossyDiffuseContrib' to usd-property 'OmniRtxDebugSettingsAPI_1.omni:rtx:directLighting:sampledLighting:separateGlossyDiffuseContrib'
2026-09-10T04:25:04Z [14,372ms] [Info] [omni.rtx] Mapping carb-setting '/rtx/directLighting/separateGlossyDiffuseContrib' to usd-property 'OmniRtxDebugSettingsAPI_1.omni:rtx:directLighting:separateGlossyDiffuseContrib'
2026-09-10T04:25:04Z [14,372ms] [Info] [omni.rtx] Mapping carb-setting '/rtx/directLighting/showLights' to usd-property 'OmniRtxDebugSettingsAPI_1.omni:rtx:directLighting:showLights'
2026-09-10T04:25:04Z [14,372ms] [Info] [omni.rtx] Mapping carb-setting '/rtx/domeLight/mode' to usd-property 'OmniRtxDebugSettingsAPI_1.omni:rtx:domeLight:mode'
2026-09-10T04:25:04Z [14,372ms] [Info] [omni.rtx] Mapping carb-setting '/rtx/domeLight/position' to usd-property 'OmniRtxDebugSettingsAPI_1.omni:rtx:domeLight:position'
2026-09-10T04:25:04Z [14,372ms] [Info] [omni.rtx] Mapping carb-setting '/rtx/domeLight/radius' to usd-property 'OmniRtxDebugSettingsAPI_1.omni:rtx:domeLight:radius'
2026-09-10T04:25:04Z [14,372ms] [Info] [omni.rtx] Mapping carb-setting '/rtx/domeLight/size' to usd-property 'OmniRtxDebugSettingsAPI_1.omni:rtx:domeLight:size'
2026-09-10T04:25:04Z [14,372ms] [Info] [omni.rtx] Mapping carb-setting '/rtx/domeLight/rotationAxis' to usd-property 'OmniRtxDebugSettingsAPI_1.omni:rtx:domeLight:rotationAxis'
2026-09-10T04:25:04Z [14,372ms] [Info] [omni.rtx] Mapping carb-setting '/rtx/domeLight/rotationAngle' to usd-property 'OmniRtxDebugSettingsAPI_1.omni:rtx:domeLight:rotationAngle'
2026-09-10T04:25:04Z [14,372ms] [Info] [omni.rtx] Mapping carb-setting '/rtx/domeLight/groundPosition' to usd-property 'OmniRtxDebugSettingsAPI_1.omni:rtx:domeLight:groundPosition'
2026-09-10T04:25:04Z [14,372ms] [Info] [omni.rtx] Mapping carb-setting '/rtx/domeLight/groundTextureScale' to usd-property 'OmniRtxDebugSettingsAPI_1.omni:rtx:domeLight:groundTextureScale'
2026-09-10T04:25:04Z [14,372ms] [Info] [omni.rtx] Mapping carb-setting '/rtx/domeLight/baking/spp' to usd-property 'OmniRtxDebugSettingsAPI_1.omni:rtx:domeLight:baking:spp'
2026-09-10T04:25:04Z [14,372ms] [Info] [omni.rtx] Mapping carb-setting '/rtx/domeLight/misCompensation' to usd-property 'OmniRtxDebugSettingsAPI_1.omni:rtx:domeLight:misCompensation'
2026-09-10T04:25:04Z [14,372ms] [Info] [omni.rtx] Mapping carb-setting '/rtx/domeLight/resolutionFactor' to usd-property 'OmniRtxDebugSettingsAPI_1.omni:rtx:domeLight:resolutionFactor'
2026-09-10T04:25:04Z [14,372ms] [Info] [omni.rtx] Mapping carb-setting '/rtx/fishEye/enablePrimDrawingAndSelection' to usd-property 'OmniRtxDebugSettingsAPI_1.omni:rtx:fishEye:enablePrimDrawingAndSelection'
2026-09-10T04:25:04Z [14,372ms] [Info] [omni.rtx] Mapping carb-setting '/rtx/fishEye/enableUnboundedResolutions' to usd-property 'OmniRtxDebugSettingsAPI_1.omni:rtx:fishEye:enableUnboundedResolutions'
2026-09-10T04:25:04Z [14,372ms] [Info] [omni.rtx] Mapping carb-setting '/rtx/fishEye/enableUvCropping' to usd-property 'OmniRtxDebugSettingsAPI_1.omni:rtx:fishEye:enableUvCropping'
2026-09-10T04:25:04Z [14,372ms] [Info] [omni.rtx] Mapping carb-setting '/rtx/fishEye/enableVerboseInfoLogging' to usd-property 'OmniRtxDebugSettingsAPI_1.omni:rtx:fishEye:enableVerboseInfoLogging'
2026-09-10T04:25:04Z [14,372ms] [Info] [omni.rtx] Mapping carb-setting '/rtx/fishEye/faceBorder' to usd-property 'OmniRtxDebugSettingsAPI_1.omni:rtx:fishEye:faceBorder'
2026-09-10T04:25:04Z [14,372ms] [Info] [omni.rtx] Mapping carb-setting '/rtx/fishEye/faceTintIntensity' to usd-property 'OmniRtxDebugSettingsAPI_1.omni:rtx:fishEye:faceTintIntensity'
2026-09-10T04:25:04Z [14,372ms] [Info] [omni.rtx] Mapping carb-setting '/rtx/fishEye/useCubemap' to usd-property 'OmniRtxDebugSettingsAPI_1.omni:rtx:fishEye:useCubemap'
2026-09-10T04:25:04Z [14,372ms] [Info] [omni.rtx] Mapping carb-setting '/rtx/fog/fogColor' to usd-property 'OmniRtxDebugSettingsAPI_1.omni:rtx:fog:color'
2026-09-10T04:25:04Z [14,372ms] [Info] [omni.rtx] Mapping carb-setting '/rtx/fog/fogColorIntensity' to usd-property 'OmniRtxDebugSettingsAPI_1.omni:rtx:fog:colorIntensity'
2026-09-10T04:25:04Z [14,372ms] [Info] [omni.rtx] Mapping carb-setting '/rtx/fog/fogDistanceDensity' to usd-property 'OmniRtxDebugSettingsAPI_1.omni:rtx:fog:distanceDensity'
2026-09-10T04:25:04Z [14,372ms] [Info] [omni.rtx] Mapping carb-setting '/rtx/fog/enabled' to usd-property 'OmniRtxDebugSettingsAPI_1.omni:rtx:fog:enabled'
2026-09-10T04:25:04Z [14,372ms] [Info] [omni.rtx] Mapping carb-setting '/rtx/fog/fogEndDist' to usd-property 'OmniRtxDebugSettingsAPI_1.omni:rtx:fog:endDist'
2026-09-10T04:25:04Z [14,372ms] [Info] [omni.rtx] Mapping carb-setting '/rtx/fog/fogHeightDensity' to usd-property 'OmniRtxDebugSettingsAPI_1.omni:rtx:fog:height:density'
2026-09-10T04:25:04Z [14,372ms] [Info] [omni.rtx] Mapping carb-setting '/rtx/fog/fogHeightFalloff' to usd-property 'OmniRtxDebugSettingsAPI_1.omni:rtx:fog:height:falloff'
2026-09-10T04:25:04Z [14,372ms] [Info] [omni.rtx] Mapping carb-setting '/rtx/fog/fogStartDist' to usd-property 'OmniRtxDebugSettingsAPI_1.omni:rtx:fog:start:distance'
2026-09-10T04:25:04Z [14,372ms] [Info] [omni.rtx] Mapping carb-setting '/rtx/fog/fogStartHeight' to usd-property 'OmniRtxDebugSettingsAPI_1.omni:rtx:fog:start:height'
2026-09-10T04:25:04Z [14,372ms] [Info] [omni.rtx] Mapping carb-setting '/rtx/fog/fogZup/enabled' to usd-property 'OmniRtxDebugSettingsAPI_1.omni:rtx:fog:zUp:enabled'
2026-09-10T04:25:04Z [14,372ms] [Info] [omni.rtx] Mapping carb-setting '/rtx/indirectDiffuse/computeDiffuseGiAfterSpecularEvents' to usd-property 'OmniRtxDebugSettingsAPI_1.omni:rtx:indirectDiffuse:computeDiffuseGiAfterSpecularEvents'
2026-09-10T04:25:04Z [14,372ms] [Info] [omni.rtx] Mapping carb-setting '/rtx/indirectDiffuse/denoiser/enabled' to usd-property 'OmniRtxDebugSettingsAPI_1.omni:rtx:indirectDiffuse:denoiser:enabled'
2026-09-10T04:25:04Z [14,372ms] [Info] [omni.rtx] Mapping carb-setting '/rtx/indirectDiffuse/denoiser/iterations' to usd-property 'OmniRtxDebugSettingsAPI_1.omni:rtx:indirectDiffuse:denoiser:iterations'
2026-09-10T04:25:04Z [14,372ms] [Info] [omni.rtx] Mapping carb-setting '/rtx/indirectDiffuse/denoiser/kernelRadius' to usd-property 'OmniRtxDebugSettingsAPI_1.omni:rtx:indirectDiffuse:denoiser:kernelRadius'
2026-09-10T04:25:04Z [14,372ms] [Info] [omni.rtx] Mapping carb-setting '/rtx/indirectDiffuse/denoiser/method' to usd-property 'OmniRtxDebugSettingsAPI_1.omni:rtx:indirectDiffuse:denoiser:method'
2026-09-10T04:25:04Z [14,372ms] [Info] [omni.rtx] Mapping carb-setting '/rtx/indirectDiffuse/denoiser/temporal/enabled' to usd-property 'OmniRtxDebugSettingsAPI_1.omni:rtx:indirectDiffuse:denoiser:temporal:enabled'
2026-09-10T04:25:04Z [14,372ms] [Info] [omni.rtx] Mapping carb-setting '/rtx/indirectDiffuse/denoiser/temporal/halfResolution' to usd-property 'OmniRtxDebugSettingsAPI_1.omni:rtx:indirectDiffuse:denoiser:temporal:halfResolution'
2026-09-10T04:25:04Z [14,372ms] [Info] [omni.rtx] Mapping carb-setting '/rtx/indirectDiffuse/denoiser/temporal/maxHistory' to usd-property 'OmniRtxDebugSettingsAPI_1.omni:rtx:indirectDiffuse:denoiser:temporal:maxHistory'
2026-09-10T04:25:04Z [14,372ms] [Info] [omni.rtx] Mapping carb-setting '/rtx/indirectDiffuse/denoiser/temporal/phiDeviation' to usd-property 'OmniRtxDebugSettingsAPI_1.omni:rtx:indirectDiffuse:denoiser:temporal:phi:deviation'
2026-09-10T04:25:04Z [14,372ms] [Info] [omni.rtx] Mapping carb-setting '/rtx/indirectDiffuse/denoiser/temporal/phiNormal' to usd-property 'OmniRtxDebugSettingsAPI_1.omni:rtx:indirectDiffuse:denoiser:temporal:phi:normal'
2026-09-10T04:25:04Z [14,372ms] [Info] [omni.rtx] Mapping carb-setting '/rtx/indirectDiffuse/denoiser/temporal/phiPlanarDistance' to usd-property 'OmniRtxDebugSettingsAPI_1.omni:rtx:indirectDiffuse:denoiser:temporal:phi:planarDistance'
2026-09-10T04:25:04Z [14,372ms] [Info] [omni.rtx] Mapping carb-setting '/rtx/indirectDiffuse/halfResDebug' to usd-property 'OmniRtxDebugSettingsAPI_1.omni:rtx:indirectDiffuse:halfResDebug'
2026-09-10T04:25:04Z [14,372ms] [Info] [omni.rtx] Mapping carb-setting '/rtx/indirectDiffuse/jitterScale' to usd-property 'OmniRtxDebugSettingsAPI_1.omni:rtx:indirectDiffuse:jitterScale'
2026-09-10T04:25:04Z [14,372ms] [Info] [omni.rtx] Mapping carb-setting '/rtx/indirectDiffuse/maxSpecularAndTransmissionBounces' to usd-property 'OmniRtxDebugSettingsAPI_1.omni:rtx:indirectDiffuse:maxSpecularAndTransmissionBounces'
2026-09-10T04:25:04Z [14,372ms] [Info] [omni.rtx] Mapping carb-setting '/rtx/indirectDiffuse/nrd/enabled' to usd-property 'OmniRtxDebugSettingsAPI_1.omni:rtx:indirectDiffuse:nrd:enabled'
2026-09-10T04:25:04Z [14,372ms] [Info] [omni.rtx] Mapping carb-setting '/rtx/indirectDiffuse/pstfTileSize' to usd-property 'OmniRtxDebugSettingsAPI_1.omni:rtx:indirectDiffuse:pstf:tileSize'
2026-09-10T04:25:04Z [14,372ms] [Info] [omni.rtx] Mapping carb-setting '/rtx/indirectDiffuse/restir' to usd-property 'OmniRtxDebugSettingsAPI_1.omni:rtx:indirectDiffuse:restir:mode'
2026-09-10T04:25:04Z [14,372ms] [Info] [omni.rtx] Mapping carb-setting '/rtx/indirectDiffuse/separateCacheUpdate' to usd-property 'OmniRtxDebugSettingsAPI_1.omni:rtx:indirectDiffuse:separateCacheUpdate'
2026-09-10T04:25:04Z [14,372ms] [Info] [omni.rtx] Mapping carb-setting '/rtx/indirectDiffuse/updateSampleCount' to usd-property 'OmniRtxDebugSettingsAPI_1.omni:rtx:indirectDiffuse:updateSampleCount'
2026-09-10T04:25:04Z [14,372ms] [Info] [omni.rtx] Mapping carb-setting '/rtx/lightspeed/NRD_ReblurDiffuse/blurRadius' to usd-property 'OmniRtxDebugSettingsAPI_1.omni:rtx:lightspeed:lightspeed:nrd:reblur:diffuse:blurRadius'
2026-09-10T04:25:04Z [14,372ms] [Info] [omni.rtx] Mapping carb-setting '/rtx/lightspeed/NRD_ReblurDiffuse/maxAccumulatedFrameNum' to usd-property 'OmniRtxDebugSettingsAPI_1.omni:rtx:lightspeed:lightspeed:nrd:reblur:diffuse:maxAccumulatedFrameNum'
2026-09-10T04:25:04Z [14,372ms] [Info] [omni.rtx] Mapping carb-setting '/rtx/lightspeed/NRD_ReblurDiffuse/planeDistanceSensitivity' to usd-property 'OmniRtxDebugSettingsAPI_1.omni:rtx:lightspeed:lightspeed:nrd:reblur:diffuse:planeDistanceSensitivity'
2026-09-10T04:25:04Z [14,372ms] [Info] [omni.rtx] Mapping carb-setting '/rtx/lightspeed/NRD_Common/denoisingRange' to usd-property 'OmniRtxDebugSettingsAPI_1.omni:rtx:lightspeed:nrd:common:denoisingRange'
2026-09-10T04:25:04Z [14,372ms] [Info] [omni.rtx] Mapping carb-setting '/rtx/lightspeed/NRD_Common/disocclusionThreshold' to usd-property 'OmniRtxDebugSettingsAPI_1.omni:rtx:lightspeed:nrd:common:disocclusionThreshold'
2026-09-10T04:25:04Z [14,372ms] [Info] [omni.rtx] Mapping carb-setting '/rtx/lightspeed/NRD_ReLAX/aTrousIterations' to usd-property 'OmniRtxDebugSettingsAPI_1.omni:rtx:lightspeed:nrd:relax:aTrousIterations'
2026-09-10T04:25:04Z [14,372ms] [Info] [omni.rtx] Mapping carb-setting '/rtx/lightspeed/NRD_ReLAX/diffuseFastHistoryFrames' to usd-property 'OmniRtxDebugSettingsAPI_1.omni:rtx:lightspeed:nrd:relax:diffuseFastHistoryFrames'
2026-09-10T04:25:04Z [14,372ms] [Info] [omni.rtx] Mapping carb-setting '/rtx/lightspeed/NRD_ReLAX/diffuseHistoryFrames' to usd-property 'OmniRtxDebugSettingsAPI_1.omni:rtx:lightspeed:nrd:relax:diffuseHistoryFrames'
2026-09-10T04:25:04Z [14,372ms] [Info] [omni.rtx] Mapping carb-setting '/rtx/lightspeed/NRD_ReLAX/diffusePhiLuminance' to usd-property 'OmniRtxDebugSettingsAPI_1.omni:rtx:lightspeed:nrd:relax:diffusePhiLuminance'
2026-09-10T04:25:04Z [14,372ms] [Info] [omni.rtx] Mapping carb-setting '/rtx/lightspeed/NRD_ReLAX/disocclusionFixEdgeStoppingNormalPower' to usd-property 'OmniRtxDebugSettingsAPI_1.omni:rtx:lightspeed:nrd:relax:disocclusionFixEdgeStoppingNormalPower'
2026-09-10T04:25:04Z [14,372ms] [Info] [omni.rtx] Mapping carb-setting '/rtx/lightspeed/NRD_ReLAX/disocclusionFixMaxRadius' to usd-property 'OmniRtxDebugSettingsAPI_1.omni:rtx:lightspeed:nrd:relax:disocclusionFixMaxRadius'
2026-09-10T04:25:04Z [14,372ms] [Info] [omni.rtx] Mapping carb-setting '/rtx/lightspeed/NRD_ReLAX/disocclusionFixNumFramesToFix' to usd-property 'OmniRtxDebugSettingsAPI_1.omni:rtx:lightspeed:nrd:relax:disocclusionFixNumFramesToFix'
2026-09-10T04:25:04Z [14,372ms] [Info] [omni.rtx] Mapping carb-setting '/rtx/lightspeed/NRD_ReLAX/fireflySuppressionEnabled' to usd-property 'OmniRtxDebugSettingsAPI_1.omni:rtx:lightspeed:nrd:relax:fireflySuppressionEnabled'
2026-09-10T04:25:04Z [14,372ms] [Info] [omni.rtx] Mapping carb-setting '/rtx/lightspeed/NRD_ReLAX/historyClampingColorBoxSigmaScale' to usd-property 'OmniRtxDebugSettingsAPI_1.omni:rtx:lightspeed:nrd:relax:historyClampingColorBoxSigmaScale'
2026-09-10T04:25:04Z [14,372ms] [Info] [omni.rtx] Mapping carb-setting '/rtx/lightspeed/NRD_ReLAX/luminanceEdgeStoppingRelaxation' to usd-property 'OmniRtxDebugSettingsAPI_1.omni:rtx:lightspeed:nrd:relax:luminanceEdgeStoppingRelaxation'
2026-09-10T04:25:04Z [14,372ms] [Info] [omni.rtx] Mapping carb-setting '/rtx/lightspeed/NRD_ReLAX/normalEdgeStoppingRelaxation' to usd-property 'OmniRtxDebugSettingsAPI_1.omni:rtx:lightspeed:nrd:relax:normalEdgeStoppingRelaxation'
2026-09-10T04:25:04Z [14,372ms] [Info] [omni.rtx] Mapping carb-setting '/rtx/lightspeed/NRD_ReLAX/roughnessEdgeStoppingRelaxation' to usd-property 'OmniRtxDebugSettingsAPI_1.omni:rtx:lightspeed:nrd:relax:roughnessEdgeStoppingRelaxation'
2026-09-10T04:25:04Z [14,372ms] [Info] [omni.rtx] Mapping carb-setting '/rtx/lightspeed/NRD_ReLAX/spatialVarianceEstimationHistoryThreshold' to usd-property 'OmniRtxDebugSettingsAPI_1.omni:rtx:lightspeed:nrd:relax:spatialVarianceEstimationHistoryThreshold'
2026-09-10T04:25:04Z [14,372ms] [Info] [omni.rtx] Mapping carb-setting '/rtx/lightspeed/NRD_ReLAX/specularBlurRadius' to usd-property 'OmniRtxDebugSettingsAPI_1.omni:rtx:lightspeed:nrd:relax:specular:blurRadius'
2026-09-10T04:25:04Z [14,372ms] [Info] [omni.rtx] Mapping carb-setting '/rtx/lightspeed/NRD_ReLAX/specularFastHistoryFrames' to usd-property 'OmniRtxDebugSettingsAPI_1.omni:rtx:lightspeed:nrd:relax:specular:fastHistoryFrames'
2026-09-10T04:25:04Z [14,373ms] [Info] [omni.rtx] Mapping carb-setting '/rtx/lightspeed/NRD_ReLAX/specularHistoryFrames' to usd-property 'OmniRtxDebugSettingsAPI_1.omni:rtx:lightspeed:nrd:relax:specular:historyFrames'
2026-09-10T04:25:04Z [14,373ms] [Info] [omni.rtx] Mapping carb-setting '/rtx/lightspeed/NRD_ReLAX/specularPhiLuminance' to usd-property 'OmniRtxDebugSettingsAPI_1.omni:rtx:lightspeed:nrd:relax:specular:phiLuminance'
2026-09-10T04:25:04Z [14,373ms] [Info] [omni.rtx] Mapping carb-setting '/rtx/lightspeed/NRD_ReLAX/specularVarianceBoost' to usd-property 'OmniRtxDebugSettingsAPI_1.omni:rtx:lightspeed:nrd:relax:specular:varianceBoost'
2026-09-10T04:25:04Z [14,373ms] [Info] [omni.rtx] Mapping carb-setting '/rtx/lightspeed/ReLAX/aTrousIterations' to usd-property 'OmniRtxDebugSettingsAPI_1.omni:rtx:lightspeed:relax:aTrousIterations'
2026-09-10T04:25:04Z [14,373ms] [Info] [omni.rtx] Mapping carb-setting '/rtx/lightspeed/ReLAX/bicubicFilterForReprojectionEnabled' to usd-property 'OmniRtxDebugSettingsAPI_1.omni:rtx:lightspeed:relax:bicubicFilterForReprojectionEnabled'
2026-09-10T04:25:04Z [14,373ms] [Info] [omni.rtx] Mapping carb-setting '/rtx/lightspeed/ReLAX/diffuseAlpha' to usd-property 'OmniRtxDebugSettingsAPI_1.omni:rtx:lightspeed:relax:diffuseAlpha'
2026-09-10T04:25:04Z [14,373ms] [Info] [omni.rtx] Mapping carb-setting '/rtx/lightspeed/ReLAX/diffuseMomentsAlpha' to usd-property 'OmniRtxDebugSettingsAPI_1.omni:rtx:lightspeed:relax:diffuseMomentsAlpha'
2026-09-10T04:25:04Z [14,373ms] [Info] [omni.rtx] Mapping carb-setting '/rtx/lightspeed/ReLAX/diffusePhiLuminance' to usd-property 'OmniRtxDebugSettingsAPI_1.omni:rtx:lightspeed:relax:diffusePhiLuminance'
2026-09-10T04:25:04Z [14,373ms] [Info] [omni.rtx] Mapping carb-setting '/rtx/lightspeed/ReLAX/diffuseResponsiveAlpha' to usd-property 'OmniRtxDebugSettingsAPI_1.omni:rtx:lightspeed:relax:diffuseResponsiveAlpha'
2026-09-10T04:25:04Z [14,373ms] [Info] [omni.rtx] Mapping carb-setting '/rtx/lightspeed/ReLAX/disocclusionFixEnabled' to usd-property 'OmniRtxDebugSettingsAPI_1.omni:rtx:lightspeed:relax:disocclusion:fix:enabled'
2026-09-10T04:25:04Z [14,373ms] [Info] [omni.rtx] Mapping carb-setting '/rtx/lightspeed/ReLAX/disocclusionFixMaxRadius' to usd-property 'OmniRtxDebugSettingsAPI_1.omni:rtx:lightspeed:relax:disocclusion:fix:maxRadius'
2026-09-10T04:25:04Z [14,373ms] [Info] [omni.rtx] Mapping carb-setting '/rtx/lightspeed/ReLAX/disocclusionFixNumFramesToFix' to usd-property 'OmniRtxDebugSettingsAPI_1.omni:rtx:lightspeed:relax:disocclusion:fix:numFramesToFix'
2026-09-10T04:25:04Z [14,373ms] [Info] [omni.rtx] Mapping carb-setting '/rtx/lightspeed/ReLAX/disocclusionFixEdgeStoppingNormalPower' to usd-property 'OmniRtxDebugSettingsAPI_1.omni:rtx:lightspeed:relax:disocclusion:fixEdge:stoppingNormalPower'
2026-09-10T04:25:04Z [14,373ms] [Info] [omni.rtx] Mapping carb-setting '/rtx/lightspeed/ReLAX/disocclusionFixEdgeStoppingZSigma' to usd-property 'OmniRtxDebugSettingsAPI_1.omni:rtx:lightspeed:relax:disocclusion:fixEdge:stoppingZSigma'
2026-09-10T04:25:04Z [14,373ms] [Info] [omni.rtx] Mapping carb-setting '/rtx/lightspeed/ReLAX/disocclusionFixUseFacetNormal' to usd-property 'OmniRtxDebugSettingsAPI_1.omni:rtx:lightspeed:relax:disocclusionFixUseFacetNormal'
2026-09-10T04:25:04Z [14,373ms] [Info] [omni.rtx] Mapping carb-setting '/rtx/lightspeed/ReLAX/facetNormalsForFireflySuppressionEnabled' to usd-property 'OmniRtxDebugSettingsAPI_1.omni:rtx:lightspeed:relax:facetNormalsForFireflySuppressionEnabled'
2026-09-10T04:25:04Z [14,373ms] [Info] [omni.rtx] Mapping carb-setting '/rtx/lightspeed/ReLAX/fireflySuppressionType' to usd-property 'OmniRtxDebugSettingsAPI_1.omni:rtx:lightspeed:relax:fireflySuppressionType'
2026-09-10T04:25:04Z [14,373ms] [Info] [omni.rtx] Mapping carb-setting '/rtx/lightspeed/ReLAX/historyClampingColorBoxSigmaScale' to usd-property 'OmniRtxDebugSettingsAPI_1.omni:rtx:lightspeed:relax:history:clamping:colorBoxSigmaScale'
2026-09-10T04:25:04Z [14,373ms] [Info] [omni.rtx] Mapping carb-setting '/rtx/lightspeed/ReLAX/historyClampingEnabled' to usd-property 'OmniRtxDebugSettingsAPI_1.omni:rtx:lightspeed:relax:history:clamping:enabled'
2026-09-10T04:25:04Z [14,373ms] [Info] [omni.rtx] Mapping carb-setting '/rtx/lightspeed/ReLAX/lowResSpatialFilteringEnabled' to usd-property 'OmniRtxDebugSettingsAPI_1.omni:rtx:lightspeed:relax:lowResSpatialFilteringEnabled'
2026-09-10T04:25:04Z [14,373ms] [Info] [omni.rtx] Mapping carb-setting '/rtx/lightspeed/ReLAX/phiDepth' to usd-property 'OmniRtxDebugSettingsAPI_1.omni:rtx:lightspeed:relax:phi:depth'
2026-09-10T04:25:04Z [14,373ms] [Info] [omni.rtx] Mapping carb-setting '/rtx/lightspeed/ReLAX/phiNormal' to usd-property 'OmniRtxDebugSettingsAPI_1.omni:rtx:lightspeed:relax:phi:normal'
2026-09-10T04:25:04Z [14,373ms] [Info] [omni.rtx] Mapping carb-setting '/rtx/lightspeed/ReLAX/reprojectionRoughnessWeightEnabled' to usd-property 'OmniRtxDebugSettingsAPI_1.omni:rtx:lightspeed:relax:reprojection:roughnessWeightEnabled'
2026-09-10T04:25:04Z [14,373ms] [Info] [omni.rtx] Mapping carb-setting '/rtx/lightspeed/ReLAX/spatialVarianceEstimationHistoryThreshold' to usd-property 'OmniRtxDebugSettingsAPI_1.omni:rtx:lightspeed:relax:spatialVariance:estimationHistoryThreshold'
2026-09-10T04:25:04Z [14,373ms] [Info] [omni.rtx] Mapping carb-setting '/rtx/lightspeed/ReLAX/specularAlpha' to usd-property 'OmniRtxDebugSettingsAPI_1.omni:rtx:lightspeed:relax:specular:alpha'
2026-09-10T04:25:04Z [14,373ms] [Info] [omni.rtx] Mapping carb-setting '/rtx/lightspeed/ReLAX/specularMomentsAlpha' to usd-property 'OmniRtxDebugSettingsAPI_1.omni:rtx:lightspeed:relax:specular:momentsAlpha'
2026-09-10T04:25:04Z [14,373ms] [Info] [omni.rtx] Mapping carb-setting '/rtx/lightspeed/ReLAX/specularPhiLuminance' to usd-property 'OmniRtxDebugSettingsAPI_1.omni:rtx:lightspeed:relax:specular:phiLuminance'
2026-09-10T04:25:04Z [14,373ms] [Info] [omni.rtx] Mapping carb-setting '/rtx/lightspeed/ReLAX/specularResponsiveAlpha' to usd-property 'OmniRtxDebugSettingsAPI_1.omni:rtx:lightspeed:relax:specular:responsiveAlpha'
2026-09-10T04:25:04Z [14,373ms] [Info] [omni.rtx] Mapping carb-setting '/rtx/materialDb/compileMdlAsLibrary' to usd-property 'OmniRtxDebugSettingsAPI_1.omni:rtx:material:db:compileMdlAsLibrary'
2026-09-10T04:25:04Z [14,373ms] [Info] [omni.rtx] Mapping carb-setting '/rtx/materialDb/flattener/alpha_cutout_cutoff' to usd-property 'OmniRtxDebugSettingsAPI_1.omni:rtx:material:db:flattener:alpha_cutout_cutoff'
2026-09-10T04:25:04Z [14,373ms] [Info] [omni.rtx] Mapping carb-setting '/rtx/materialDb/flattener/alpha_cutout_texture' to usd-property 'OmniRtxDebugSettingsAPI_1.omni:rtx:material:db:flattener:alpha_cutout_texture'
2026-09-10T04:25:04Z [14,373ms] [Info] [omni.rtx] Mapping carb-setting '/rtx/materialDb/flattener/anisotropy' to usd-property 'OmniRtxDebugSettingsAPI_1.omni:rtx:material:db:flattener:anisotropy'
2026-09-10T04:25:04Z [14,373ms] [Info] [omni.rtx] Mapping carb-setting '/rtx/materialDb/flattener/ao_texture' to usd-property 'OmniRtxDebugSettingsAPI_1.omni:rtx:material:db:flattener:ao_texture'
2026-09-10T04:25:04Z [14,373ms] [Info] [omni.rtx] Mapping carb-setting '/rtx/materialDb/flattener/bump_factor' to usd-property 'OmniRtxDebugSettingsAPI_1.omni:rtx:material:db:flattener:bump_factor'
2026-09-10T04:25:04Z [14,373ms] [Info] [omni.rtx] Mapping carb-setting '/rtx/materialDb/flattener/diffuse_color_constant' to usd-property 'OmniRtxDebugSettingsAPI_1.omni:rtx:material:db:flattener:diffuse_color_constant'
2026-09-10T04:25:04Z [14,373ms] [Info] [omni.rtx] Mapping carb-setting '/rtx/materialDb/flattener/diffuse_texture' to usd-property 'OmniRtxDebugSettingsAPI_1.omni:rtx:material:db:flattener:diffuse_texture'
2026-09-10T04:25:04Z [14,373ms] [Info] [omni.rtx] Mapping carb-setting '/rtx/materialDb/flattener/diffuse_tint' to usd-property 'OmniRtxDebugSettingsAPI_1.omni:rtx:material:db:flattener:diffuse_tint'
2026-09-10T04:25:04Z [14,373ms] [Info] [omni.rtx] Mapping carb-setting '/rtx/materialDb/flattener/emission_color' to usd-property 'OmniRtxDebugSettingsAPI_1.omni:rtx:material:db:flattener:emission_color'
2026-09-10T04:25:04Z [14,373ms] [Info] [omni.rtx] Mapping carb-setting '/rtx/materialDb/flattener/emission_color_image' to usd-property 'OmniRtxDebugSettingsAPI_1.omni:rtx:material:db:flattener:emission_color_image'
2026-09-10T04:25:04Z [14,373ms] [Info] [omni.rtx] Mapping carb-setting '/rtx/materialDb/flattener/emission_intensity' to usd-property 'OmniRtxDebugSettingsAPI_1.omni:rtx:material:db:flattener:emission_intensity'
2026-09-10T04:25:04Z [14,373ms] [Info] [omni.rtx] Mapping carb-setting '/rtx/materialDb/flattener/emission_intensity_image' to usd-property 'OmniRtxDebugSettingsAPI_1.omni:rtx:material:db:flattener:emission_intensity_image'
2026-09-10T04:25:04Z [14,373ms] [Info] [omni.rtx] Mapping carb-setting '/rtx/materialDb/flattener/emission_mode' to usd-property 'OmniRtxDebugSettingsAPI_1.omni:rtx:material:db:flattener:emission_mode'
2026-09-10T04:25:04Z [14,373ms] [Info] [omni.rtx] Mapping carb-setting '/rtx/materialDb/flattener/emission_weight' to usd-property 'OmniRtxDebugSettingsAPI_1.omni:rtx:material:db:flattener:emission_weight'
2026-09-10T04:25:04Z [14,373ms] [Info] [omni.rtx] Mapping carb-setting '/rtx/materialDb/flattener/emissive_color' to usd-property 'OmniRtxDebugSettingsAPI_1.omni:rtx:material:db:flattener:emissive_color'
2026-09-10T04:25:04Z [14,373ms] [Info] [omni.rtx] Mapping carb-setting '/rtx/materialDb/flattener/emissive_color_constant' to usd-property 'OmniRtxDebugSettingsAPI_1.omni:rtx:material:db:flattener:emissive_color_constant'
2026-09-10T04:25:04Z [14,373ms] [Info] [omni.rtx] Mapping carb-setting '/rtx/materialDb/flattener/emissive_color_texture' to usd-property 'OmniRtxDebugSettingsAPI_1.omni:rtx:material:db:flattener:emissive_color_texture'
2026-09-10T04:25:04Z [14,373ms] [Info] [omni.rtx] Mapping carb-setting '/rtx/materialDb/flattener/emissive_intensity' to usd-property 'OmniRtxDebugSettingsAPI_1.omni:rtx:material:db:flattener:emissive_intensity'
2026-09-10T04:25:04Z [14,373ms] [Info] [omni.rtx] Mapping carb-setting '/rtx/materialDb/flattener/emissive_mask_texture' to usd-property 'OmniRtxDebugSettingsAPI_1.omni:rtx:material:db:flattener:emissive_mask_texture'
2026-09-10T04:25:04Z [14,373ms] [Info] [omni.rtx] Mapping carb-setting '/rtx/materialDb/flattener/enable_alpha_cutout' to usd-property 'OmniRtxDebugSettingsAPI_1.omni:rtx:material:db:flattener:enable_alpha_cutout'
2026-09-10T04:25:04Z [14,373ms] [Info] [omni.rtx] Mapping carb-setting '/rtx/materialDb/flattener/enable_emission' to usd-property 'OmniRtxDebugSettingsAPI_1.omni:rtx:material:db:flattener:enable_emission'
2026-09-10T04:25:04Z [14,373ms] [Info] [omni.rtx] Mapping carb-setting '/rtx/materialDb/flattener/enable_emissive_flipbook' to usd-property 'OmniRtxDebugSettingsAPI_1.omni:rtx:material:db:flattener:enable_emissive_flipbook'
2026-09-10T04:25:04Z [14,373ms] [Info] [omni.rtx] Mapping carb-setting '/rtx/materialDb/flattener/enable_ORM_texture' to usd-property 'OmniRtxDebugSettingsAPI_1.omni:rtx:material:db:flattener:enable_ORM_texture'
2026-09-10T04:25:04Z [14,373ms] [Info] [omni.rtx] Mapping carb-setting '/rtx/materialDb/flattener/flipbook_dim' to usd-property 'OmniRtxDebugSettingsAPI_1.omni:rtx:material:db:flattener:flipbook_dim'
2026-09-10T04:25:04Z [14,373ms] [Info] [omni.rtx] Mapping carb-setting '/rtx/materialDb/flattener/ior_constant' to usd-property 'OmniRtxDebugSettingsAPI_1.omni:rtx:material:db:flattener:ior_constant'
2026-09-10T04:25:04Z [14,373ms] [Info] [omni.rtx] Mapping carb-setting '/rtx/materialDb/flattener/metallic_constant' to usd-property 'OmniRtxDebugSettingsAPI_1.omni:rtx:material:db:flattener:metallic_constant'
2026-09-10T04:25:04Z [14,373ms] [Info] [omni.rtx] Mapping carb-setting '/rtx/materialDb/flattener/metallic_texture' to usd-property 'OmniRtxDebugSettingsAPI_1.omni:rtx:material:db:flattener:metallic_texture'
2026-09-10T04:25:04Z [14,373ms] [Info] [omni.rtx] Mapping carb-setting '/rtx/materialDb/flattener/metallic_texture_influence' to usd-property 'OmniRtxDebugSettingsAPI_1.omni:rtx:material:db:flattener:metallic_texture_influence'
2026-09-10T04:25:04Z [14,373ms] [Info] [omni.rtx] Mapping carb-setting '/rtx/materialDb/flattener/multi_scattering_diffuse_color_constant' to usd-property 'OmniRtxDebugSettingsAPI_1.omni:rtx:material:db:flattener:multi_scattering_diffuse_color_constant'
2026-09-10T04:25:04Z [14,373ms] [Info] [omni.rtx] Mapping carb-setting '/rtx/materialDb/flattener/multi_scattering_diffuse_texture' to usd-property 'OmniRtxDebugSettingsAPI_1.omni:rtx:material:db:flattener:multi_scattering_diffuse_texture'
2026-09-10T04:25:04Z [14,373ms] [Info] [omni.rtx] Mapping carb-setting '/rtx/materialDb/flattener/multi_scattering_diffuse_tint' to usd-property 'OmniRtxDebugSettingsAPI_1.omni:rtx:material:db:flattener:multi_scattering_diffuse_tint'
2026-09-10T04:25:04Z [14,373ms] [Info] [omni.rtx] Mapping carb-setting '/rtx/materialDb/flattener/normalmap_texture' to usd-property 'OmniRtxDebugSettingsAPI_1.omni:rtx:material:db:flattener:normalmap_texture'
2026-09-10T04:25:04Z [14,373ms] [Info] [omni.rtx] Mapping carb-setting '/rtx/materialDb/flattener/ORM_texture' to usd-property 'OmniRtxDebugSettingsAPI_1.omni:rtx:material:db:flattener:ORM_texture'
2026-09-10T04:25:04Z [14,373ms] [Info] [omni.rtx] Mapping carb-setting '/rtx/materialDb/flattener/reflection_roughness_constant' to usd-property 'OmniRtxDebugSettingsAPI_1.omni:rtx:material:db:flattener:reflection_roughness_constant'
2026-09-10T04:25:04Z [14,373ms] [Info] [omni.rtx] Mapping carb-setting '/rtx/materialDb/flattener/reflection_roughness_texture_influence' to usd-property 'OmniRtxDebugSettingsAPI_1.omni:rtx:material:db:flattener:reflection_roughness_texture_influence'
2026-09-10T04:25:04Z [14,373ms] [Info] [omni.rtx] Mapping carb-setting '/rtx/materialDb/flattener/reflectionroughness_texture' to usd-property 'OmniRtxDebugSettingsAPI_1.omni:rtx:material:db:flattener:reflectionroughness_texture'
2026-09-10T04:25:04Z [14,373ms] [Info] [omni.rtx] Mapping carb-setting '/rtx/materialDb/flattener/target_fps' to usd-property 'OmniRtxDebugSettingsAPI_1.omni:rtx:material:db:flattener:target_fps'
2026-09-10T04:25:04Z [14,373ms] [Info] [omni.rtx] Mapping carb-setting '/rtx/materialDb/flattener/texture_scale' to usd-property 'OmniRtxDebugSettingsAPI_1.omni:rtx:material:db:flattener:texture_scale'
2026-09-10T04:25:04Z [14,373ms] [Info] [omni.rtx] Mapping carb-setting '/rtx/materialDb/flattener/texture_speed' to usd-property 'OmniRtxDebugSettingsAPI_1.omni:rtx:material:db:flattener:texture_speed'
2026-09-10T04:25:04Z [14,373ms] [Info] [omni.rtx] Mapping carb-setting '/rtx/materialDb/flattener/texture_translate' to usd-property 'OmniRtxDebugSettingsAPI_1.omni:rtx:material:db:flattener:texture_translate'
2026-09-10T04:25:04Z [14,373ms] [Info] [omni.rtx] Mapping carb-setting '/rtx/materialDb/flattener/thickness_constant' to usd-property 'OmniRtxDebugSettingsAPI_1.omni:rtx:material:db:flattener:thickness_constant'
2026-09-10T04:25:04Z [14,373ms] [Info] [omni.rtx] Mapping carb-setting '/rtx/materialDb/flattener/thickness_texture' to usd-property 'OmniRtxDebugSettingsAPI_1.omni:rtx:material:db:flattener:thickness_texture'
2026-09-10T04:25:04Z [14,373ms] [Info] [omni.rtx] Mapping carb-setting '/rtx/materialDb/flattener/thickness_texture_influence' to usd-property 'OmniRtxDebugSettingsAPI_1.omni:rtx:material:db:flattener:thickness_texture_influence'
2026-09-10T04:25:04Z [14,373ms] [Info] [omni.rtx] Mapping carb-setting '/rtx/materialDb/flattener/transmittance_color' to usd-property 'OmniRtxDebugSettingsAPI_1.omni:rtx:material:db:flattener:transmittance_color'
2026-09-10T04:25:04Z [14,373ms] [Info] [omni.rtx] Mapping carb-setting '/rtx/materialDb/flattener/transmittance_measurement_distance' to usd-property 'OmniRtxDebugSettingsAPI_1.omni:rtx:material:db:flattener:transmittance_measurement_distance'
2026-09-10T04:25:04Z [14,373ms] [Info] [omni.rtx] Mapping carb-setting '/rtx/materialdb/MDLGeneratedCodeDiskMirror/directory' to usd-property 'OmniRtxDebugSettingsAPI_1.omni:rtx:material:db:generatedCodeDiskMirror:directory'
2026-09-10T04:25:04Z [14,373ms] [Info] [omni.rtx] Mapping carb-setting '/rtx/materialDb/generateMipMaps' to usd-property 'OmniRtxDebugSettingsAPI_1.omni:rtx:material:db:generateMipMaps'
2026-09-10T04:25:04Z [14,373ms] [Info] [omni.rtx] Mapping carb-setting '/rtx/materialdb/MDLGeneratedCodeDiskMirror/enable' to usd-property 'OmniRtxDebugSettingsAPI_1.omni:rtx:material:db:MDLGeneratedCodeDiskMirror:enable'
2026-09-10T04:25:04Z [14,373ms] [Info] [omni.rtx] Mapping carb-setting '/rtx/materialdb/MDLGeneratedCodeDump' to usd-property 'OmniRtxDebugSettingsAPI_1.omni:rtx:material:db:MDLGeneratedCodeDump'
2026-09-10T04:25:04Z [14,373ms] [Info] [omni.rtx] Mapping carb-setting '/rtx/materialdb/MDLGeneratedCodeDumpAll' to usd-property 'OmniRtxDebugSettingsAPI_1.omni:rtx:material:db:MDLGeneratedCodeDumpAll'
2026-09-10T04:25:04Z [14,373ms] [Info] [omni.rtx] Mapping carb-setting '/rtx/materialdb/MDLGeneratedCodeReplacement' to usd-property 'OmniRtxDebugSettingsAPI_1.omni:rtx:material:db:MDLGeneratedCodeReplacement'
2026-09-10T04:25:04Z [14,373ms] [Info] [omni.rtx] Mapping carb-setting '/rtx/materialdb/MDLModificationList' to usd-property 'OmniRtxDebugSettingsAPI_1.omni:rtx:material:db:MDLModificationList'
2026-09-10T04:25:04Z [14,373ms] [Info] [omni.rtx] Mapping carb-setting '/rtx/materialDb/perInstanceOpacityToggle' to usd-property 'OmniRtxDebugSettingsAPI_1.omni:rtx:material:db:perInstanceOpacityToggle'
2026-09-10T04:25:04Z [14,373ms] [Info] [omni.rtx] Mapping carb-setting '/rtx/materialDb/rtSensorMaterialLogs' to usd-property 'OmniRtxDebugSettingsAPI_1.omni:rtx:material:db:rtSensorMaterialLogs'
2026-09-10T04:25:04Z [14,373ms] [Info] [omni.rtx] Mapping carb-setting '/rtx/materialDb/rtSensorNameToIdMap' to usd-property 'OmniRtxDebugSettingsAPI_1.omni:rtx:material:db:rtSensorNameToIdMap'
2026-09-10T04:25:04Z [14,373ms] [Info] [omni.rtx] Mapping carb-setting '/rtx/materialDb/syncLoads' to usd-property 'OmniRtxDebugSettingsAPI_1.omni:rtx:material:db:syncLoads'
2026-09-10T04:25:04Z [14,373ms] [Info] [omni.rtx] Mapping carb-setting '/rtx/material/enableMDLDisplacement' to usd-property 'OmniRtxDebugSettingsAPI_1.omni:rtx:material:enableMDLDisplacement'
2026-09-10T04:25:04Z [14,373ms] [Info] [omni.rtx] Mapping carb-setting '/rtx/material/enableRefraction' to usd-property 'OmniRtxDebugSettingsAPI_1.omni:rtx:material:enableRefraction'
2026-09-10T04:25:04Z [14,373ms] [Info] [omni.rtx] Mapping carb-setting '/rtx/mdltranslator/distillTargetModel' to usd-property 'OmniRtxDebugSettingsAPI_1.omni:rtx:material:mdltranslator:distillTargetModel'
2026-09-10T04:25:04Z [14,373ms] [Info] [omni.rtx] Mapping carb-setting '/rtx/mdltranslator/foldParameterNames' to usd-property 'OmniRtxDebugSettingsAPI_1.omni:rtx:material:mdltranslator:foldParameterNames'
2026-09-10T04:25:04Z [14,373ms] [Info] [omni.rtx] Mapping carb-setting '/rtx/mdltranslator/mdlDistilling' to usd-property 'OmniRtxDebugSettingsAPI_1.omni:rtx:material:mdltranslator:mdlDistilling'
2026-09-10T04:25:04Z [14,373ms] [Info] [omni.rtx] Mapping carb-setting '/rtx/mdltranslator/printMaterialStructure' to usd-property 'OmniRtxDebugSettingsAPI_1.omni:rtx:material:mdltranslator:printMaterialStructure'
2026-09-10T04:25:04Z [14,373ms] [Info] [omni.rtx] Mapping carb-setting '/rtx/normalMapRoughness' to usd-property 'OmniRtxDebugSettingsAPI_1.omni:rtx:material:normalMapRoughness'
2026-09-10T04:25:04Z [14,373ms] [Info] [omni.rtx] Mapping carb-setting '/rtx/textures/anisotropy' to usd-property 'OmniRtxDebugSettingsAPI_1.omni:rtx:material:textures:anisotropy'
2026-09-10T04:25:04Z [14,373ms] [Info] [omni.rtx] Mapping carb-setting '/rtx-transient/meshlights/forceDisable' to usd-property 'OmniRtxDebugSettingsAPI_1.omni:rtx:meshlights:enabled'
2026-09-10T04:25:04Z [14,373ms] [Info] [omni.rtx] Mapping carb-setting '/rtx-transient/dldenoiser/enabled' to usd-property 'OmniRtxDebugSettingsAPI_1.omni:rtx:newDenoiser:enabled'
2026-09-10T04:25:04Z [14,373ms] [Info] [omni.rtx] Mapping carb-setting '/rtx/pathtracing/adaptiveSampling/filterError' to usd-property 'OmniRtxDebugSettingsAPI_1.omni:rtx:pt:adaptiveSampling:filterError'
2026-09-10T04:25:04Z [14,373ms] [Info] [omni.rtx] Mapping carb-setting '/rtx/pathtracing/adaptiveSampling/fixedSppIterations' to usd-property 'OmniRtxDebugSettingsAPI_1.omni:rtx:pt:adaptiveSampling:fixedSppIterations'
2026-09-10T04:25:04Z [14,373ms] [Info] [omni.rtx] Mapping carb-setting '/rtx/pathtracing/backgroundAOV' to usd-property 'OmniRtxDebugSettingsAPI_1.omni:rtx:pt:backgroundAOV'
2026-09-10T04:25:04Z [14,373ms] [Info] [omni.rtx] Mapping carb-setting '/rtx/pathtracing/cached/enableDirectionalJittering' to usd-property 'OmniRtxDebugSettingsAPI_1.omni:rtx:pt:cached:directionalJittering:enabled'
2026-09-10T04:25:04Z [14,373ms] [Info] [omni.rtx] Mapping carb-setting '/rtx/pathtracing/cached/distanceHashBase' to usd-property 'OmniRtxDebugSettingsAPI_1.omni:rtx:pt:cached:distanceHash:base'
2026-09-10T04:25:04Z [14,373ms] [Info] [omni.rtx] Mapping carb-setting '/rtx/pathtracing/cached/distanceHashResolution' to usd-property 'OmniRtxDebugSettingsAPI_1.omni:rtx:pt:cached:distanceHash:resolution'
2026-09-10T04:25:04Z [14,373ms] [Info] [omni.rtx] Mapping carb-setting '/rtx/pathtracing/cached/distanceOverride' to usd-property 'OmniRtxDebugSettingsAPI_1.omni:rtx:pt:cached:distanceOverride'
2026-09-10T04:25:04Z [14,373ms] [Info] [omni.rtx] Mapping carb-setting '/rtx/pathtracing/cached/dontResolveConflicts' to usd-property 'OmniRtxDebugSettingsAPI_1.omni:rtx:pt:cached:dontResolveConflicts'
2026-09-10T04:25:04Z [14,373ms] [Info] [omni.rtx] Mapping carb-setting '/rtx/pathtracing/cached/enableFireflyFiltering' to usd-property 'OmniRtxDebugSettingsAPI_1.omni:rtx:pt:cached:fireflyFiltering:enabled'
2026-09-10T04:25:04Z [14,373ms] [Info] [omni.rtx] Mapping carb-setting '/rtx/pathtracing/cached/forceReset' to usd-property 'OmniRtxDebugSettingsAPI_1.omni:rtx:pt:cached:forceReset'
2026-09-10T04:25:04Z [14,373ms] [Info] [omni.rtx] Mapping carb-setting '/rtx/pathtracing/cached/enableInvCdf' to usd-property 'OmniRtxDebugSettingsAPI_1.omni:rtx:pt:cached:invCdf:enabled'
2026-09-10T04:25:04Z [14,373ms] [Info] [omni.rtx] Mapping carb-setting '/rtx/pathtracing/cached/maxAgeForEviction' to usd-property 'OmniRtxDebugSettingsAPI_1.omni:rtx:pt:cached:maxAgeForEviction'
2026-09-10T04:25:04Z [14,373ms] [Info] [omni.rtx] Mapping carb-setting '/rtx/pathtracing/cached/enableNanChecks' to usd-property 'OmniRtxDebugSettingsAPI_1.omni:rtx:pt:cached:nanChecks:enabled'
2026-09-10T04:25:04Z [14,373ms] [Info] [omni.rtx] Mapping carb-setting '/rtx/pathtracing/cached/retrace' to usd-property 'OmniRtxDebugSettingsAPI_1.omni:rtx:pt:cached:retrace'
2026-09-10T04:25:04Z [14,373ms] [Info] [omni.rtx] Mapping carb-setting '/rtx/pathtracing/cached/showDebugView' to usd-property 'OmniRtxDebugSettingsAPI_1.omni:rtx:pt:cached:showDebugView'
2026-09-10T04:25:04Z [14,373ms] [Info] [omni.rtx] Mapping carb-setting '/rtx/pathtracing/cached/enableSpatialJittering' to usd-property 'OmniRtxDebugSettingsAPI_1.omni:rtx:pt:cached:spatialJittering:enabled'
2026-09-10T04:25:04Z [14,373ms] [Info] [omni.rtx] Mapping carb-setting '/rtx/pathtracing/cached/temporalAlpha' to usd-property 'OmniRtxDebugSettingsAPI_1.omni:rtx:pt:cached:temporalAlpha'
2026-09-10T04:25:04Z [14,373ms] [Info] [omni.rtx] Mapping carb-setting '/rtx/pathtracing/cached/temporalReuse' to usd-property 'OmniRtxDebugSettingsAPI_1.omni:rtx:pt:cached:temporalReuse'
2026-09-10T04:25:04Z [14,373ms] [Info] [omni.rtx] Mapping carb-setting '/rtx/pathtracing/cached/truncated/associativity' to usd-property 'OmniRtxDebugSettingsAPI_1.omni:rtx:pt:cached:truncated:associativity'
2026-09-10T04:25:04Z [14,373ms] [Info] [omni.rtx] Mapping carb-setting '/rtx/pathtracing/cached/truncated/length' to usd-property 'OmniRtxDebugSettingsAPI_1.omni:rtx:pt:cached:truncated:length'
2026-09-10T04:25:04Z [14,373ms] [Info] [omni.rtx] Mapping carb-setting '/rtx/pathtracing/cached/truncated/probability' to usd-property 'OmniRtxDebugSettingsAPI_1.omni:rtx:pt:cached:truncated:probability'
2026-09-10T04:25:04Z [14,373ms] [Info] [omni.rtx] Mapping carb-setting '/rtx/pathtracing/clampSpp' to usd-property 'OmniRtxDebugSettingsAPI_1.omni:rtx:pt:clampSpp'
2026-09-10T04:25:04Z [14,373ms] [Info] [omni.rtx] Mapping carb-setting '/rtx/pathtracing/depth32BitAov' to usd-property 'OmniRtxDebugSettingsAPI_1.omni:rtx:pt:depth32BitAov'
2026-09-10T04:25:04Z [14,373ms] [Info] [omni.rtx] Mapping carb-setting '/rtx/pathtracing/diAOV' to usd-property 'OmniRtxDebugSettingsAPI_1.omni:rtx:pt:diAOV'
2026-09-10T04:25:04Z [14,373ms] [Info] [omni.rtx] Mapping carb-setting '/rtx/pathtracing/diffuseFilterAOV' to usd-property 'OmniRtxDebugSettingsAPI_1.omni:rtx:pt:diffuseFilterAOV'
2026-09-10T04:25:04Z [14,373ms] [Info] [omni.rtx] Mapping carb-setting '/rtx/pathtracing/dlss/enabled' to usd-property 'OmniRtxDebugSettingsAPI_1.omni:rtx:pt:dlss:enabled'
2026-09-10T04:25:04Z [14,373ms] [Info] [omni.rtx] Mapping carb-setting '/rtx/pathtracing/domeLight/primaryRaysEvaluateDomelightMdlDirectly' to usd-property 'OmniRtxDebugSettingsAPI_1.omni:rtx:pt:domeLight:primaryRaysEvaluateDomelightMdlDirectly'
2026-09-10T04:25:04Z [14,373ms] [Info] [omni.rtx] Mapping carb-setting '/rtx/pathtracing/dynamicResolution/ratio' to usd-property 'OmniRtxDebugSettingsAPI_1.omni:rtx:pt:dynamicResolution:ratio'
2026-09-10T04:25:04Z [14,373ms] [Info] [omni.rtx] Mapping carb-setting '/rtx/pathtracing/dynamicResolution/sppRatio' to usd-property 'OmniRtxDebugSettingsAPI_1.omni:rtx:pt:dynamicResolution:sppRatio'
2026-09-10T04:25:04Z [14,373ms] [Info] [omni.rtx] Mapping carb-setting '/rtx/pathtracing/fractionalCutoutOpacity' to usd-property 'OmniRtxDebugSettingsAPI_1.omni:rtx:pt:fractionalCutoutOpacity'
2026-09-10T04:25:04Z [14,373ms] [Info] [omni.rtx] Mapping carb-setting '/rtx/pathtracing/giAOV' to usd-property 'OmniRtxDebugSettingsAPI_1.omni:rtx:pt:giAOV'
2026-09-10T04:25:04Z [14,373ms] [Info] [omni.rtx] Mapping carb-setting '/rtx/pathtracing/lightcache/cached/enableDirectionalJittering' to usd-property 'OmniRtxDebugSettingsAPI_1.omni:rtx:pt:lightcache:cached:directionalJittering:enabled'
2026-09-10T04:25:04Z [14,373ms] [Info] [omni.rtx] Mapping carb-setting '/rtx/pathtracing/lightcache/cached/distanceHashBase' to usd-property 'OmniRtxDebugSettingsAPI_1.omni:rtx:pt:lightcache:cached:distanceHash:base'
2026-09-10T04:25:04Z [14,373ms] [Info] [omni.rtx] Mapping carb-setting '/rtx/pathtracing/lightcache/cached/distanceHashResolution' to usd-property 'OmniRtxDebugSettingsAPI_1.omni:rtx:pt:lightcache:cached:distanceHash:resolution'
2026-09-10T04:25:04Z [14,373ms] [Info] [omni.rtx] Mapping carb-setting '/rtx/pathtracing/lightcache/cached/distanceOverride' to usd-property 'OmniRtxDebugSettingsAPI_1.omni:rtx:pt:lightcache:cached:distanceOverride'
2026-09-10T04:25:04Z [14,373ms] [Info] [omni.rtx] Mapping carb-setting '/rtx/pathtracing/lightcache/cached/dontResolveConflicts' to usd-property 'OmniRtxDebugSettingsAPI_1.omni:rtx:pt:lightcache:cached:dontResolveConflicts'
2026-09-10T04:25:04Z [14,373ms] [Info] [omni.rtx] Mapping carb-setting '/rtx/pathtracing/lightcache/cached/enableFireflyFiltering' to usd-property 'OmniRtxDebugSettingsAPI_1.omni:rtx:pt:lightcache:cached:fireflyFiltering:enabled'
2026-09-10T04:25:04Z [14,373ms] [Info] [omni.rtx] Mapping carb-setting '/rtx/pathtracing/lightcache/cached/forceReset' to usd-property 'OmniRtxDebugSettingsAPI_1.omni:rtx:pt:lightcache:cached:forceReset'
2026-09-10T04:25:04Z [14,373ms] [Info] [omni.rtx] Mapping carb-setting '/rtx/pathtracing/lightcache/cached/enableInvCdf' to usd-property 'OmniRtxDebugSettingsAPI_1.omni:rtx:pt:lightcache:cached:invCdf:enabled'
2026-09-10T04:25:04Z [14,373ms] [Info] [omni.rtx] Mapping carb-setting '/rtx/pathtracing/lightcache/cached/maxAgeForEviction' to usd-property 'OmniRtxDebugSettingsAPI_1.omni:rtx:pt:lightcache:cached:maxAgeForEviction'
2026-09-10T04:25:04Z [14,373ms] [Info] [omni.rtx] Mapping carb-setting '/rtx/pathtracing/lightcache/cached/enableNanChecks' to usd-property 'OmniRtxDebugSettingsAPI_1.omni:rtx:pt:lightcache:cached:nanChecks:enabled'
2026-09-10T04:25:04Z [14,373ms] [Info] [omni.rtx] Mapping carb-setting '/rtx/pathtracing/lightcache/cached/retrace' to usd-property 'OmniRtxDebugSettingsAPI_1.omni:rtx:pt:lightcache:cached:retrace'
2026-09-10T04:25:04Z [14,373ms] [Info] [omni.rtx] Mapping carb-setting '/rtx/pathtracing/lightcache/cached/showDebugView' to usd-property 'OmniRtxDebugSettingsAPI_1.omni:rtx:pt:lightcache:cached:showDebugView'
2026-09-10T04:25:04Z [14,373ms] [Info] [omni.rtx] Mapping carb-setting '/rtx/pathtracing/lightcache/cached/enableSpatialJittering' to usd-property 'OmniRtxDebugSettingsAPI_1.omni:rtx:pt:lightcache:cached:spatialJittering:enabled'
2026-09-10T04:25:04Z [14,373ms] [Info] [omni.rtx] Mapping carb-setting '/rtx/pathtracing/lightcache/cached/temporalAlpha' to usd-property 'OmniRtxDebugSettingsAPI_1.omni:rtx:pt:lightcache:cached:temporalAlpha'
2026-09-10T04:25:04Z [14,373ms] [Info] [omni.rtx] Mapping carb-setting '/rtx/pathtracing/lightcache/cached/temporalReuse' to usd-property 'OmniRtxDebugSettingsAPI_1.omni:rtx:pt:lightcache:cached:temporalReuse'
2026-09-10T04:25:04Z [14,373ms] [Info] [omni.rtx] Mapping carb-setting '/rtx/pathtracing/lightcache/cached/truncated/associativity' to usd-property 'OmniRtxDebugSettingsAPI_1.omni:rtx:pt:lightcache:cached:truncated:associativity'
2026-09-10T04:25:04Z [14,373ms] [Info] [omni.rtx] Mapping carb-setting '/rtx/pathtracing/lightcache/cached/truncated/length' to usd-property 'OmniRtxDebugSettingsAPI_1.omni:rtx:pt:lightcache:cached:truncated:length'
2026-09-10T04:25:04Z [14,373ms] [Info] [omni.rtx] Mapping carb-setting '/rtx/pathtracing/lightcache/cached/truncated/probability' to usd-property 'OmniRtxDebugSettingsAPI_1.omni:rtx:pt:lightcache:cached:truncated:probability'
2026-09-10T04:25:04Z [14,373ms] [Info] [omni.rtx] Mapping carb-setting '/rtx/pathtracing/lightcache/stochasticPassUsesGGX' to usd-property 'OmniRtxDebugSettingsAPI_1.omni:rtx:pt:lightcache:stochastic:useGGX'
2026-09-10T04:25:04Z [14,373ms] [Info] [omni.rtx] Mapping carb-setting '/rtx/pathtracing/maxSamplesPerLaunch' to usd-property 'OmniRtxDebugSettingsAPI_1.omni:rtx:pt:maxSamplesPerLaunch'
2026-09-10T04:25:04Z [14,373ms] [Info] [omni.rtx] Mapping carb-setting '/rtx/pathtracing/maxVolumeBounces' to usd-property 'OmniRtxDebugSettingsAPI_1.omni:rtx:pt:maxVolumeBounces'
2026-09-10T04:25:04Z [14,373ms] [Info] [omni.rtx] Mapping carb-setting '/rtx/pathtracing/mgpu/autoLoadBalancing/enabled' to usd-property 'OmniRtxDebugSettingsAPI_1.omni:rtx:pt:mgpu:autoLoadBalancing:enabled'
2026-09-10T04:25:04Z [14,373ms] [Info] [omni.rtx] Mapping carb-setting '/rtx/pathtracing/mgpu/autoLoadBalancingWeightGPU0' to usd-property 'OmniRtxDebugSettingsAPI_1.omni:rtx:pt:mgpu:autoLoadBalancingWeightGPU0'
2026-09-10T04:25:04Z [14,373ms] [Info] [omni.rtx] Mapping carb-setting '/rtx/pathtracing/mgpu/broadcastLightCache' to usd-property 'OmniRtxDebugSettingsAPI_1.omni:rtx:pt:mgpu:broadcastLightCache'
2026-09-10T04:25:04Z [14,373ms] [Info] [omni.rtx] Mapping carb-setting '/rtx/pathtracing/mgpu/compressAlbedo' to usd-property 'OmniRtxDebugSettingsAPI_1.omni:rtx:pt:mgpu:compressAlbedo'
2026-09-10T04:25:04Z [14,373ms] [Info] [omni.rtx] Mapping carb-setting '/rtx/pathtracing/mgpu/compressNormals' to usd-property 'OmniRtxDebugSettingsAPI_1.omni:rtx:pt:mgpu:compressNormals'
2026-09-10T04:25:04Z [14,373ms] [Info] [omni.rtx] Mapping carb-setting '/rtx/pathtracing/mgpu/compressRadiance' to usd-property 'OmniRtxDebugSettingsAPI_1.omni:rtx:pt:mgpu:compressRadiance'
2026-09-10T04:25:04Z [14,373ms] [Info] [omni.rtx] Mapping carb-setting '/rtx/pathtracing/mgpu/maxPixelsPerRegionExponent' to usd-property 'OmniRtxDebugSettingsAPI_1.omni:rtx:pt:mgpu:maxPixelsPerRegionExponent'
2026-09-10T04:25:04Z [14,373ms] [Info] [omni.rtx] Mapping carb-setting '/rtx/pathtracing/mgpu/printLog' to usd-property 'OmniRtxDebugSettingsAPI_1.omni:rtx:pt:mgpu:printLog'
2026-09-10T04:25:04Z [14,373ms] [Info] [omni.rtx] Mapping carb-setting '/rtx/pathtracing/mgpu/printWeights' to usd-property 'OmniRtxDebugSettingsAPI_1.omni:rtx:pt:mgpu:printWeights'
2026-09-10T04:25:04Z [14,373ms] [Info] [omni.rtx] Mapping carb-setting '/rtx/pathtracing/mgpu/resetAccumulation' to usd-property 'OmniRtxDebugSettingsAPI_1.omni:rtx:pt:mgpu:resetAccumulation'
2026-09-10T04:25:04Z [14,373ms] [Info] [omni.rtx] Mapping carb-setting '/rtx/pathtracing/mgpu/showCompositingPattern' to usd-property 'OmniRtxDebugSettingsAPI_1.omni:rtx:pt:mgpu:showCompositingPattern'
2026-09-10T04:25:04Z [14,373ms] [Info] [omni.rtx] Mapping carb-setting '/rtx/pathtracing/mgpu/weightGpu0' to usd-property 'OmniRtxDebugSettingsAPI_1.omni:rtx:pt:mgpu:weightGpu0'
2026-09-10T04:25:04Z [14,373ms] [Info] [omni.rtx] Mapping carb-setting '/rtx/pathtracing/moreBouncesForSpecularEvents' to usd-property 'OmniRtxDebugSettingsAPI_1.omni:rtx:pt:moreBouncesForSpecularEvents'
2026-09-10T04:25:04Z [14,373ms] [Info] [omni.rtx] Mapping carb-setting '/rtx/pathtracing/multimatte/channel0' to usd-property 'OmniRtxDebugSettingsAPI_1.omni:rtx:pt:multimatte:channel0'
2026-09-10T04:25:04Z [14,373ms] [Info] [omni.rtx] Mapping carb-setting '/rtx/pathtracing/multimatte/channel0_isMat' to usd-property 'OmniRtxDebugSettingsAPI_1.omni:rtx:pt:multimatte:channel0_isMat'
2026-09-10T04:25:04Z [14,373ms] [Info] [omni.rtx] Mapping carb-setting '/rtx/pathtracing/multimatte/channel1' to usd-property 'OmniRtxDebugSettingsAPI_1.omni:rtx:pt:multimatte:channel1'
2026-09-10T04:25:04Z [14,373ms] [Info] [omni.rtx] Mapping carb-setting '/rtx/pathtracing/multimatte/channel1_isMat' to usd-property 'OmniRtxDebugSettingsAPI_1.omni:rtx:pt:multimatte:channel1_isMat'
2026-09-10T04:25:04Z [14,373ms] [Info] [omni.rtx] Mapping carb-setting '/rtx/pathtracing/multimatte/channel2' to usd-property 'OmniRtxDebugSettingsAPI_1.omni:rtx:pt:multimatte:channel2'
2026-09-10T04:25:04Z [14,373ms] [Info] [omni.rtx] Mapping carb-setting '/rtx/pathtracing/multimatte/channel2_isMat' to usd-property 'OmniRtxDebugSettingsAPI_1.omni:rtx:pt:multimatte:channel2_isMat'
2026-09-10T04:25:04Z [14,373ms] [Info] [omni.rtx] Mapping carb-setting '/rtx/pathtracing/multimatte/channel3' to usd-property 'OmniRtxDebugSettingsAPI_1.omni:rtx:pt:multimatte:channel3'
2026-09-10T04:25:04Z [14,373ms] [Info] [omni.rtx] Mapping carb-setting '/rtx/pathtracing/multimatte/channel3_isMat' to usd-property 'OmniRtxDebugSettingsAPI_1.omni:rtx:pt:multimatte:channel3_isMat'
2026-09-10T04:25:04Z [14,373ms] [Info] [omni.rtx] Mapping carb-setting '/rtx/pathtracing/multimatte/channel4' to usd-property 'OmniRtxDebugSettingsAPI_1.omni:rtx:pt:multimatte:channel4'
2026-09-10T04:25:04Z [14,373ms] [Info] [omni.rtx] Mapping carb-setting '/rtx/pathtracing/multimatte/channel4_isMat' to usd-property 'OmniRtxDebugSettingsAPI_1.omni:rtx:pt:multimatte:channel4_isMat'
2026-09-10T04:25:04Z [14,373ms] [Info] [omni.rtx] Mapping carb-setting '/rtx/pathtracing/multimatte/channel5' to usd-property 'OmniRtxDebugSettingsAPI_1.omni:rtx:pt:multimatte:channel5'
2026-09-10T04:25:04Z [14,373ms] [Info] [omni.rtx] Mapping carb-setting '/rtx/pathtracing/multimatte/channel5_isMat' to usd-property 'OmniRtxDebugSettingsAPI_1.omni:rtx:pt:multimatte:channel5_isMat'
2026-09-10T04:25:04Z [14,373ms] [Info] [omni.rtx] Mapping carb-setting '/rtx/pathtracing/multimatte/channel6' to usd-property 'OmniRtxDebugSettingsAPI_1.omni:rtx:pt:multimatte:channel6'
2026-09-10T04:25:04Z [14,373ms] [Info] [omni.rtx] Mapping carb-setting '/rtx/pathtracing/multimatte/channel6_isMat' to usd-property 'OmniRtxDebugSettingsAPI_1.omni:rtx:pt:multimatte:channel6_isMat'
2026-09-10T04:25:04Z [14,373ms] [Info] [omni.rtx] Mapping carb-setting '/rtx/pathtracing/multimatte/channel7' to usd-property 'OmniRtxDebugSettingsAPI_1.omni:rtx:pt:multimatte:channel7'
2026-09-10T04:25:04Z [14,373ms] [Info] [omni.rtx] Mapping carb-setting '/rtx/pathtracing/multimatte/channel7_isMat' to usd-property 'OmniRtxDebugSettingsAPI_1.omni:rtx:pt:multimatte:channel7_isMat'
2026-09-10T04:25:04Z [14,373ms] [Info] [omni.rtx] Mapping carb-setting '/rtx/pathtracing/multimatte/channel8' to usd-property 'OmniRtxDebugSettingsAPI_1.omni:rtx:pt:multimatte:channel8'
2026-09-10T04:25:04Z [14,373ms] [Info] [omni.rtx] Mapping carb-setting '/rtx/pathtracing/multimatte/channel8_isMat' to usd-property 'OmniRtxDebugSettingsAPI_1.omni:rtx:pt:multimatte:channel8_isMat'
2026-09-10T04:25:04Z [14,373ms] [Info] [omni.rtx] Mapping carb-setting '/rtx/pathtracing/multimatte/channel9' to usd-property 'OmniRtxDebugSettingsAPI_1.omni:rtx:pt:multimatte:channel9'
2026-09-10T04:25:04Z [14,373ms] [Info] [omni.rtx] Mapping carb-setting '/rtx/pathtracing/multimatte/channel9_isMat' to usd-property 'OmniRtxDebugSettingsAPI_1.omni:rtx:pt:multimatte:channel9_isMat'
2026-09-10T04:25:04Z [14,373ms] [Info] [omni.rtx] Mapping carb-setting '/rtx/pathtracing/multimatte/channel10' to usd-property 'OmniRtxDebugSettingsAPI_1.omni:rtx:pt:multimatte:channel10'
2026-09-10T04:25:04Z [14,373ms] [Info] [omni.rtx] Mapping carb-setting '/rtx/pathtracing/multimatte/channel10_isMat' to usd-property 'OmniRtxDebugSettingsAPI_1.omni:rtx:pt:multimatte:channel10_isMat'
2026-09-10T04:25:04Z [14,373ms] [Info] [omni.rtx] Mapping carb-setting '/rtx/pathtracing/multimatte/channel11' to usd-property 'OmniRtxDebugSettingsAPI_1.omni:rtx:pt:multimatte:channel11'
2026-09-10T04:25:04Z [14,373ms] [Info] [omni.rtx] Mapping carb-setting '/rtx/pathtracing/multimatte/channel11_isMat' to usd-property 'OmniRtxDebugSettingsAPI_1.omni:rtx:pt:multimatte:channel11_isMat'
2026-09-10T04:25:04Z [14,373ms] [Info] [omni.rtx] Mapping carb-setting '/rtx/pathtracing/multimatte/channel12' to usd-property 'OmniRtxDebugSettingsAPI_1.omni:rtx:pt:multimatte:channel12'
2026-09-10T04:25:04Z [14,373ms] [Info] [omni.rtx] Mapping carb-setting '/rtx/pathtracing/multimatte/channel12_isMat' to usd-property 'OmniRtxDebugSettingsAPI_1.omni:rtx:pt:multimatte:channel12_isMat'
2026-09-10T04:25:04Z [14,373ms] [Info] [omni.rtx] Mapping carb-setting '/rtx/pathtracing/multimatte/channel13' to usd-property 'OmniRtxDebugSettingsAPI_1.omni:rtx:pt:multimatte:channel13'
2026-09-10T04:25:04Z [14,373ms] [Info] [omni.rtx] Mapping carb-setting '/rtx/pathtracing/multimatte/channel13_isMat' to usd-property 'OmniRtxDebugSettingsAPI_1.omni:rtx:pt:multimatte:channel13_isMat'
2026-09-10T04:25:04Z [14,373ms] [Info] [omni.rtx] Mapping carb-setting '/rtx/pathtracing/multimatte/channel14' to usd-property 'OmniRtxDebugSettingsAPI_1.omni:rtx:pt:multimatte:channel14'
2026-09-10T04:25:04Z [14,373ms] [Info] [omni.rtx] Mapping carb-setting '/rtx/pathtracing/multimatte/channel14_isMat' to usd-property 'OmniRtxDebugSettingsAPI_1.omni:rtx:pt:multimatte:channel14_isMat'
2026-09-10T04:25:04Z [14,373ms] [Info] [omni.rtx] Mapping carb-setting '/rtx/pathtracing/multimatte/channel15' to usd-property 'OmniRtxDebugSettingsAPI_1.omni:rtx:pt:multimatte:channel15'
2026-09-10T04:25:04Z [14,373ms] [Info] [omni.rtx] Mapping carb-setting '/rtx/pathtracing/multimatte/channel15_isMat' to usd-property 'OmniRtxDebugSettingsAPI_1.omni:rtx:pt:multimatte:channel15_isMat'
2026-09-10T04:25:04Z [14,373ms] [Info] [omni.rtx] Mapping carb-setting '/rtx/pathtracing/multimatte/channel16' to usd-property 'OmniRtxDebugSettingsAPI_1.omni:rtx:pt:multimatte:channel16'
2026-09-10T04:25:04Z [14,373ms] [Info] [omni.rtx] Mapping carb-setting '/rtx/pathtracing/multimatte/channel16_isMat' to usd-property 'OmniRtxDebugSettingsAPI_1.omni:rtx:pt:multimatte:channel16_isMat'
2026-09-10T04:25:04Z [14,373ms] [Info] [omni.rtx] Mapping carb-setting '/rtx/pathtracing/multimatte/channel17' to usd-property 'OmniRtxDebugSettingsAPI_1.omni:rtx:pt:multimatte:channel17'
2026-09-10T04:25:04Z [14,374ms] [Info] [omni.rtx] Mapping carb-setting '/rtx/pathtracing/multimatte/channel17_isMat' to usd-property 'OmniRtxDebugSettingsAPI_1.omni:rtx:pt:multimatte:channel17_isMat'
2026-09-10T04:25:04Z [14,374ms] [Info] [omni.rtx] Mapping carb-setting '/rtx/pathtracing/multimatte/channel18' to usd-property 'OmniRtxDebugSettingsAPI_1.omni:rtx:pt:multimatte:channel18'
2026-09-10T04:25:04Z [14,374ms] [Info] [omni.rtx] Mapping carb-setting '/rtx/pathtracing/multimatte/channel18_isMat' to usd-property 'OmniRtxDebugSettingsAPI_1.omni:rtx:pt:multimatte:channel18_isMat'
2026-09-10T04:25:04Z [14,374ms] [Info] [omni.rtx] Mapping carb-setting '/rtx/pathtracing/multimatte/channel19' to usd-property 'OmniRtxDebugSettingsAPI_1.omni:rtx:pt:multimatte:channel19'
2026-09-10T04:25:04Z [14,374ms] [Info] [omni.rtx] Mapping carb-setting '/rtx/pathtracing/multimatte/channel19_isMat' to usd-property 'OmniRtxDebugSettingsAPI_1.omni:rtx:pt:multimatte:channel19_isMat'
2026-09-10T04:25:04Z [14,374ms] [Info] [omni.rtx] Mapping carb-setting '/rtx/pathtracing/multimatte/channel20' to usd-property 'OmniRtxDebugSettingsAPI_1.omni:rtx:pt:multimatte:channel20'
2026-09-10T04:25:04Z [14,374ms] [Info] [omni.rtx] Mapping carb-setting '/rtx/pathtracing/multimatte/channel20_isMat' to usd-property 'OmniRtxDebugSettingsAPI_1.omni:rtx:pt:multimatte:channel20_isMat'
2026-09-10T04:25:04Z [14,374ms] [Info] [omni.rtx] Mapping carb-setting '/rtx/pathtracing/multimatte/channel21' to usd-property 'OmniRtxDebugSettingsAPI_1.omni:rtx:pt:multimatte:channel21'
2026-09-10T04:25:04Z [14,374ms] [Info] [omni.rtx] Mapping carb-setting '/rtx/pathtracing/multimatte/channel21_isMat' to usd-property 'OmniRtxDebugSettingsAPI_1.omni:rtx:pt:multimatte:channel21_isMat'
2026-09-10T04:25:04Z [14,374ms] [Info] [omni.rtx] Mapping carb-setting '/rtx/pathtracing/multimatte/channel22' to usd-property 'OmniRtxDebugSettingsAPI_1.omni:rtx:pt:multimatte:channel22'
2026-09-10T04:25:04Z [14,374ms] [Info] [omni.rtx] Mapping carb-setting '/rtx/pathtracing/multimatte/channel22_isMat' to usd-property 'OmniRtxDebugSettingsAPI_1.omni:rtx:pt:multimatte:channel22_isMat'
2026-09-10T04:25:04Z [14,374ms] [Info] [omni.rtx] Mapping carb-setting '/rtx/pathtracing/multimatte/channel23' to usd-property 'OmniRtxDebugSettingsAPI_1.omni:rtx:pt:multimatte:channel23'
2026-09-10T04:25:04Z [14,374ms] [Info] [omni.rtx] Mapping carb-setting '/rtx/pathtracing/multimatte/channel23_isMat' to usd-property 'OmniRtxDebugSettingsAPI_1.omni:rtx:pt:multimatte:channel23_isMat'
2026-09-10T04:25:04Z [14,374ms] [Info] [omni.rtx] Mapping carb-setting '/rtx/pathtracing/multimatte/channelCount' to usd-property 'OmniRtxDebugSettingsAPI_1.omni:rtx:pt:multimatte:channelCount'
2026-09-10T04:25:04Z [14,374ms] [Info] [omni.rtx] Mapping carb-setting '/rtx/pathtracing/nrc/enabled' to usd-property 'OmniRtxDebugSettingsAPI_1.omni:rtx:pt:nrc:enabled'
2026-09-10T04:25:04Z [14,374ms] [Info] [omni.rtx] Mapping carb-setting '/rtx/pathtracing/optixDenoiser/intensity' to usd-property 'OmniRtxDebugSettingsAPI_1.omni:rtx:pt:optixDenoiser:intensity'
2026-09-10T04:25:04Z [14,374ms] [Info] [omni.rtx] Mapping carb-setting '/rtx/pathtracing/optixDenoiser/useAlbedo' to usd-property 'OmniRtxDebugSettingsAPI_1.omni:rtx:pt:optixDenoiser:useAlbedo'
2026-09-10T04:25:04Z [14,374ms] [Info] [omni.rtx] Mapping carb-setting '/rtx/pathtracing/optixDenoiser/useNormals' to usd-property 'OmniRtxDebugSettingsAPI_1.omni:rtx:pt:optixDenoiser:useNormals'
2026-09-10T04:25:04Z [14,374ms] [Info] [omni.rtx] Mapping carb-setting '/rtx/pathtracing/ptfog/ZUp' to usd-property 'OmniRtxDebugSettingsAPI_1.omni:rtx:pt:ptfog:ZUp'
2026-09-10T04:25:04Z [14,374ms] [Info] [omni.rtx] Mapping carb-setting '/rtx/pathtracing/ptvol/enabled' to usd-property 'OmniRtxDebugSettingsAPI_1.omni:rtx:pt:ptvol:enabled'
2026-09-10T04:25:04Z [14,374ms] [Info] [omni.rtx] Mapping carb-setting '/rtx/pathtracing/ptvol/fogHeightFallOff' to usd-property 'OmniRtxDebugSettingsAPI_1.omni:rtx:pt:ptvol:fogHeightFallOff'
2026-09-10T04:25:04Z [14,374ms] [Info] [omni.rtx] Mapping carb-setting '/rtx/pathtracing/ptvol/maxRoughBouncesBeforeIgnoreVolume' to usd-property 'OmniRtxDebugSettingsAPI_1.omni:rtx:pt:ptvol:maxRoughBouncesBeforeIgnoreVolume'
2026-09-10T04:25:04Z [14,374ms] [Info] [omni.rtx] Mapping carb-setting '/rtx/pathtracing/ptvol/raySky' to usd-property 'OmniRtxDebugSettingsAPI_1.omni:rtx:pt:ptvol:raySky'
2026-09-10T04:25:04Z [14,374ms] [Info] [omni.rtx] Mapping carb-setting '/rtx/pathtracing/ptvol/raySkyDomelight' to usd-property 'OmniRtxDebugSettingsAPI_1.omni:rtx:pt:ptvol:raySkyDomelight'
2026-09-10T04:25:04Z [14,374ms] [Info] [omni.rtx] Mapping carb-setting '/rtx/pathtracing/ptvol/raySkyScale' to usd-property 'OmniRtxDebugSettingsAPI_1.omni:rtx:pt:ptvol:raySkyScale'
2026-09-10T04:25:04Z [14,374ms] [Info] [omni.rtx] Mapping carb-setting '/rtx/pathtracing/reflectionFilterAOV' to usd-property 'OmniRtxDebugSettingsAPI_1.omni:rtx:pt:reflectionFilterAOV'
2026-09-10T04:25:04Z [14,374ms] [Info] [omni.rtx] Mapping carb-setting '/rtx/pathtracing/reflectionsAOV' to usd-property 'OmniRtxDebugSettingsAPI_1.omni:rtx:pt:reflectionsAOV'
2026-09-10T04:25:04Z [14,374ms] [Info] [omni.rtx] Mapping carb-setting '/rtx/pathtracing/refractionFilterAOV' to usd-property 'OmniRtxDebugSettingsAPI_1.omni:rtx:pt:refractionFilterAOV'
2026-09-10T04:25:04Z [14,374ms] [Info] [omni.rtx] Mapping carb-setting '/rtx/pathtracing/refractionsAOV' to usd-property 'OmniRtxDebugSettingsAPI_1.omni:rtx:pt:refractionsAOV'
2026-09-10T04:25:04Z [14,374ms] [Info] [omni.rtx] Mapping carb-setting '/rtx/pathtracing/ris/meshLights' to usd-property 'OmniRtxDebugSettingsAPI_1.omni:rtx:pt:ris:meshLights'
2026-09-10T04:25:04Z [14,374ms] [Info] [omni.rtx] UsdAttribute already existed 'omni:rtx:pt:ris:meshLights' with carb-setting '/rtx/pathtracing/ris/meshLights'
2026-09-10T04:25:04Z [14,374ms] [Info] [omni.rtx] Mapping carb-setting '/rtx/pathtracing/meshLights/risCount' to usd-property 'OmniRtxDebugSettingsAPI_1.omni:rtx:pt:meshLights:risCount'
2026-09-10T04:25:04Z [14,374ms] [Info] [omni.rtx] Mapping carb-setting '/rtx/pathtracing/roughnessClamp' to usd-property 'OmniRtxDebugSettingsAPI_1.omni:rtx:pt:roughnessClamp'
2026-09-10T04:25:04Z [14,374ms] [Info] [omni.rtx] Mapping carb-setting '/rtx/pathtracing/rrDepth' to usd-property 'OmniRtxDebugSettingsAPI_1.omni:rtx:pt:rrDepth'
2026-09-10T04:25:04Z [14,374ms] [Info] [omni.rtx] Mapping carb-setting '/rtx/pathtracing/rrDepthVol' to usd-property 'OmniRtxDebugSettingsAPI_1.omni:rtx:pt:rrDepthVol'
2026-09-10T04:25:04Z [14,374ms] [Info] [omni.rtx] Mapping carb-setting '/rtx-transient/pathtracing/rtptEnabled' to usd-property 'OmniRtxDebugSettingsAPI_1.omni:rtx:pt:rtptEnabled'
2026-09-10T04:25:04Z [14,374ms] [Info] [omni.rtx] Mapping carb-setting '/rtx/pathtracing/selfIllumAOV' to usd-property 'OmniRtxDebugSettingsAPI_1.omni:rtx:pt:selfIllumAOV'
2026-09-10T04:25:04Z [14,374ms] [Info] [omni.rtx] Mapping carb-setting '/rtx/pathtracing/showLights/enabled' to usd-property 'OmniRtxDebugSettingsAPI_1.omni:rtx:pt:showLights:enabled'
2026-09-10T04:25:04Z [14,374ms] [Info] [omni.rtx] Mapping carb-setting '/rtx/pathtracing/svgf/alpha' to usd-property 'OmniRtxDebugSettingsAPI_1.omni:rtx:pt:svgf:alpha'
2026-09-10T04:25:04Z [14,374ms] [Info] [omni.rtx] Mapping carb-setting '/rtx/pathtracing/svgf/enabled' to usd-property 'OmniRtxDebugSettingsAPI_1.omni:rtx:pt:svgf:enabled'
2026-09-10T04:25:04Z [14,374ms] [Info] [omni.rtx] Mapping carb-setting '/rtx/pathtracing/svgf/momentsAlpha' to usd-property 'OmniRtxDebugSettingsAPI_1.omni:rtx:pt:svgf:momentsAlpha'
2026-09-10T04:25:04Z [14,374ms] [Info] [omni.rtx] Mapping carb-setting '/rtx/pathtracing/svgf/numIterations' to usd-property 'OmniRtxDebugSettingsAPI_1.omni:rtx:pt:svgf:numIterations'
2026-09-10T04:25:04Z [14,374ms] [Info] [omni.rtx] Mapping carb-setting '/rtx/pathtracing/svgf/phiColor' to usd-property 'OmniRtxDebugSettingsAPI_1.omni:rtx:pt:svgf:phiColor'
2026-09-10T04:25:04Z [14,374ms] [Info] [omni.rtx] Mapping carb-setting '/rtx/pathtracing/svgf/phiNormal' to usd-property 'OmniRtxDebugSettingsAPI_1.omni:rtx:pt:svgf:phiNormal'
2026-09-10T04:25:04Z [14,374ms] [Info] [omni.rtx] Mapping carb-setting '/rtx/pathtracing/temporalAccumulation' to usd-property 'OmniRtxDebugSettingsAPI_1.omni:rtx:pt:temporalAccumulation'
2026-09-10T04:25:04Z [14,374ms] [Info] [omni.rtx] Mapping carb-setting '/rtx/pathtracing/volumesAOV' to usd-property 'OmniRtxDebugSettingsAPI_1.omni:rtx:pt:volumesAOV'
2026-09-10T04:25:04Z [14,374ms] [Info] [omni.rtx] Mapping carb-setting '/rtx/pathtracing/worldNormalsAOV' to usd-property 'OmniRtxDebugSettingsAPI_1.omni:rtx:pt:worldNormalsAOV'
2026-09-10T04:25:04Z [14,374ms] [Info] [omni.rtx] Mapping carb-setting '/rtx/pathtracing/worldPosAOV' to usd-property 'OmniRtxDebugSettingsAPI_1.omni:rtx:pt:worldPosAOV'
2026-09-10T04:25:04Z [14,374ms] [Info] [omni.rtx] Mapping carb-setting '/rtx/pathtracing/zDepthAOV' to usd-property 'OmniRtxDebugSettingsAPI_1.omni:rtx:pt:zDepthAOV'
2026-09-10T04:25:04Z [14,374ms] [Info] [omni.rtx] Mapping carb-setting '/rtx/pathtracing/zDepthMax' to usd-property 'OmniRtxDebugSettingsAPI_1.omni:rtx:pt:zDepthMax'
2026-09-10T04:25:04Z [14,374ms] [Info] [omni.rtx] Mapping carb-setting '/rtx/pathtracing/zDepthMin' to usd-property 'OmniRtxDebugSettingsAPI_1.omni:rtx:pt:zDepthMin'
2026-09-10T04:25:04Z [14,374ms] [Info] [omni.rtx] Mapping carb-setting '/rtx/realtime/mgpu/autoTiling/enabled' to usd-property 'OmniRtxDebugSettingsAPI_1.omni:rtx:realtime:mgpu:autoTiling:enabled'
2026-09-10T04:25:04Z [14,374ms] [Info] [omni.rtx] Mapping carb-setting '/rtx/realtime/mgpu/autoTiling/minMegaPixelsPerTile' to usd-property 'OmniRtxDebugSettingsAPI_1.omni:rtx:realtime:mgpu:autoTiling:minMegaPixelsPerTile'
2026-09-10T04:25:04Z [14,374ms] [Info] [omni.rtx] Mapping carb-setting '/rtx/realtime/mgpu/masterDeviceLoadBalancingWeight' to usd-property 'OmniRtxDebugSettingsAPI_1.omni:rtx:realtime:mgpu:masterDeviceLoadBalancingWeight'
2026-09-10T04:25:04Z [14,374ms] [Info] [omni.rtx] Mapping carb-setting '/rtx/realtime/mgpu/oversubscribe' to usd-property 'OmniRtxDebugSettingsAPI_1.omni:rtx:realtime:mgpu:oversubscribe'
2026-09-10T04:25:04Z [14,374ms] [Info] [omni.rtx] Mapping carb-setting '/rtx/realtime/mgpu/tileCount' to usd-property 'OmniRtxDebugSettingsAPI_1.omni:rtx:realtime:mgpu:tileCount'
2026-09-10T04:25:04Z [14,374ms] [Info] [omni.rtx] Mapping carb-setting '/rtx/realtime/mgpu/tileOverlap' to usd-property 'OmniRtxDebugSettingsAPI_1.omni:rtx:realtime:mgpu:tileOverlap'
2026-09-10T04:25:04Z [14,374ms] [Info] [omni.rtx] Mapping carb-setting '/rtx/reflections/denoiser/enabled' to usd-property 'OmniRtxDebugSettingsAPI_1.omni:rtx:reflections:denoiser:enabled'
2026-09-10T04:25:04Z [14,374ms] [Info] [omni.rtx] Mapping carb-setting '/rtx/reflections/giInReflections' to usd-property 'OmniRtxDebugSettingsAPI_1.omni:rtx:reflections:giInReflections'
2026-09-10T04:25:04Z [14,374ms] [Info] [omni.rtx] Mapping carb-setting '/rtx/reflections/halfResolution' to usd-property 'OmniRtxDebugSettingsAPI_1.omni:rtx:reflections:halfResolution'
2026-09-10T04:25:04Z [14,374ms] [Info] [omni.rtx] Mapping carb-setting '/rtx/reflections/importantLightsOnly' to usd-property 'OmniRtxDebugSettingsAPI_1.omni:rtx:reflections:importantLightsOnly'
2026-09-10T04:25:04Z [14,374ms] [Info] [omni.rtx] Mapping carb-setting '/rtx/reflections/maxImportanceSamplingBias' to usd-property 'OmniRtxDebugSettingsAPI_1.omni:rtx:reflections:maxImportanceSamplingBias'
2026-09-10T04:25:04Z [14,374ms] [Info] [omni.rtx] Mapping carb-setting '/rtx/reflections/maxRoughnessForMinSamplingBias' to usd-property 'OmniRtxDebugSettingsAPI_1.omni:rtx:reflections:maxRoughnessForMinSamplingBias'
2026-09-10T04:25:04Z [14,374ms] [Info] [omni.rtx] Mapping carb-setting '/rtx/reflections/minImportanceSamplingBias' to usd-property 'OmniRtxDebugSettingsAPI_1.omni:rtx:reflections:minImportanceSamplingBias'
2026-09-10T04:25:04Z [14,374ms] [Info] [omni.rtx] Mapping carb-setting '/rtx/reflections/minRoughnessForMaxSamplingBias' to usd-property 'OmniRtxDebugSettingsAPI_1.omni:rtx:reflections:minRoughnessForMaxSamplingBias'
2026-09-10T04:25:04Z [14,374ms] [Info] [omni.rtx] Mapping carb-setting '/rtx/reflections/outputDefaultAlbedoOn1stBounceLowRoughness' to usd-property 'OmniRtxDebugSettingsAPI_1.omni:rtx:reflections:outputDefaultAlbedoOn1stBounceLowRoughness'
2026-09-10T04:25:04Z [14,374ms] [Info] [omni.rtx] Mapping carb-setting '/rtx/reflections/sampledLighting/clampSamplesPerPixelToNumberOfLights' to usd-property 'OmniRtxDebugSettingsAPI_1.omni:rtx:reflections:sampledLighting:clampSamplesPerPixelToNumberOfLights'
2026-09-10T04:25:04Z [14,374ms] [Info] [omni.rtx] Mapping carb-setting '/rtx/reflections/sampledLighting/enabled' to usd-property 'OmniRtxDebugSettingsAPI_1.omni:rtx:reflections:sampledLighting:enabled'
2026-09-10T04:25:04Z [14,374ms] [Info] [omni.rtx] Mapping carb-setting '/rtx/reflections/sampledLighting/lightcache/spatialCache/enabled' to usd-property 'OmniRtxDebugSettingsAPI_1.omni:rtx:reflections:sampledLighting:lightcache:spatialCache:enabled'
2026-09-10T04:25:04Z [14,374ms] [Info] [omni.rtx] Mapping carb-setting '/rtx/reflections/sampledLighting/mis/enabled' to usd-property 'OmniRtxDebugSettingsAPI_1.omni:rtx:reflections:sampledLighting:mis:enabled'
2026-09-10T04:25:04Z [14,374ms] [Info] [omni.rtx] Mapping carb-setting '/rtx/reflections/sampledLighting/stochasticLCRefresh' to usd-property 'OmniRtxDebugSettingsAPI_1.omni:rtx:reflections:sampledLighting:stochasticLCRefresh'
2026-09-10T04:25:04Z [14,374ms] [Info] [omni.rtx] Mapping carb-setting '/rtx/raytracing/enableAccumulation' to usd-property 'OmniRtxDebugSettingsAPI_1.omni:rtx:rt:accumulation:enabled'
2026-09-10T04:25:04Z [14,374ms] [Info] [omni.rtx] Mapping carb-setting '/rtx/raytracing/accumulationLimit' to usd-property 'OmniRtxDebugSettingsAPI_1.omni:rtx:rt:accumulationLimit'
2026-09-10T04:25:04Z [14,374ms] [Info] [omni.rtx] Mapping carb-setting '/rtx/raytracing/autoToggleDenoiserSettings' to usd-property 'OmniRtxDebugSettingsAPI_1.omni:rtx:rt:autoToggleDenoiserSettings'
2026-09-10T04:25:04Z [14,374ms] [Info] [omni.rtx] Mapping carb-setting '/rtx/raytracing/cached/enabled' to usd-property 'OmniRtxDebugSettingsAPI_1.omni:rtx:rt:cached:enabled'
2026-09-10T04:25:04Z [14,374ms] [Info] [omni.rtx] Mapping carb-setting '/rtx/raytracing/caustics/enableTemporalFiltering' to usd-property 'OmniRtxDebugSettingsAPI_1.omni:rtx:rt:caustics:temporalFiltering:enabled'
2026-09-10T04:25:04Z [14,374ms] [Info] [omni.rtx] Mapping carb-setting '/rtx/raytracing/caustics/normalPhi' to usd-property 'OmniRtxDebugSettingsAPI_1.omni:rtx:rt:caustics:normalPhi'
2026-09-10T04:25:04Z [14,374ms] [Info] [omni.rtx] Mapping carb-setting '/rtx/raytracing/caustics/positionPhi' to usd-property 'OmniRtxDebugSettingsAPI_1.omni:rtx:rt:caustics:positionPhi'
2026-09-10T04:25:04Z [14,374ms] [Info] [omni.rtx] Mapping carb-setting '/rtx/raytracing/caustics/useFrameSeed' to usd-property 'OmniRtxDebugSettingsAPI_1.omni:rtx:rt:caustics:useFrameSeed'
2026-09-10T04:25:04Z [14,374ms] [Info] [omni.rtx] Mapping carb-setting '/rtx/raytracing/cfgpuCameraJitter' to usd-property 'OmniRtxDebugSettingsAPI_1.omni:rtx:rt:cfgpuCameraJitter'
2026-09-10T04:25:04Z [14,374ms] [Info] [omni.rtx] Mapping carb-setting '/rtx/raytracing/curve/radiusOffset' to usd-property 'OmniRtxDebugSettingsAPI_1.omni:rtx:rt:curve:radiusOffset'
2026-09-10T04:25:04Z [14,374ms] [Info] [omni.rtx] Mapping carb-setting '/rtx/raytracing/curve/radiusScale' to usd-property 'OmniRtxDebugSettingsAPI_1.omni:rtx:rt:curve:radiusScale'
2026-09-10T04:25:04Z [14,374ms] [Info] [omni.rtx] Mapping carb-setting '/rtx/raytracing/debug/oneUberPermutation' to usd-property 'OmniRtxDebugSettingsAPI_1.omni:rtx:rt:debug:oneUberPermutation'
2026-09-10T04:25:04Z [14,374ms] [Info] [omni.rtx] Mapping carb-setting '/rtx/raytracing/demoire' to usd-property 'OmniRtxDebugSettingsAPI_1.omni:rtx:rt:demoire'
2026-09-10T04:25:04Z [14,374ms] [Info] [omni.rtx] Mapping carb-setting '/rtx/raytracing/demoireStrength' to usd-property 'OmniRtxDebugSettingsAPI_1.omni:rtx:rt:demoireStrength'
2026-09-10T04:25:04Z [14,374ms] [Info] [omni.rtx] Mapping carb-setting '/rtx/raytracing/fp32Target' to usd-property 'OmniRtxDebugSettingsAPI_1.omni:rtx:rt:fp32Target'
2026-09-10T04:25:04Z [14,374ms] [Info] [omni.rtx] Mapping carb-setting '/rtx/raytracing/globalVolumetricEffects/enabled' to usd-property 'OmniRtxDebugSettingsAPI_1.omni:rtx:rt:globalVolumetricEffects:enabled'
2026-09-10T04:25:04Z [14,374ms] [Info] [omni.rtx] Mapping carb-setting '/rtx/raytracing/globalVolumetricEffectsFullRes/enabled' to usd-property 'OmniRtxDebugSettingsAPI_1.omni:rtx:rt:globalVolumetricEffectsFullRes:enabled'
2026-09-10T04:25:04Z [14,374ms] [Info] [omni.rtx] Mapping carb-setting '/rtx/raytracing/groundTruth/enabled' to usd-property 'OmniRtxDebugSettingsAPI_1.omni:rtx:rt:groundTruth:enabled'
2026-09-10T04:25:04Z [14,374ms] [Info] [omni.rtx] Mapping carb-setting '/rtx/raytracing/groundTruth/loopingFunc' to usd-property 'OmniRtxDebugSettingsAPI_1.omni:rtx:rt:groundTruth:loopingFunc'
2026-09-10T04:25:04Z [14,374ms] [Info] [omni.rtx] Mapping carb-setting '/rtx/raytracing/groundTruth/loopingHybridMax' to usd-property 'OmniRtxDebugSettingsAPI_1.omni:rtx:rt:groundTruth:loopingHybridMax'
2026-09-10T04:25:04Z [14,374ms] [Info] [omni.rtx] Mapping carb-setting '/rtx/raytracing/groundTruth/resolution/width' to usd-property 'OmniRtxDebugSettingsAPI_1.omni:rtx:rt:groundTruth:resolution:width'
2026-09-10T04:25:04Z [14,374ms] [Info] [omni.rtx] Mapping carb-setting '/rtx/raytracing/groundTruth/resolution/height' to usd-property 'OmniRtxDebugSettingsAPI_1.omni:rtx:rt:groundTruth:resolution:height'
2026-09-10T04:25:04Z [14,374ms] [Info] [omni.rtx] Mapping carb-setting '/rtx/raytracing/groundTruth/accumulateInEvenHigherRes' to usd-property 'OmniRtxDebugSettingsAPI_1.omni:rtx:rt:groundTruth:accumulateInEvenHigherRes'
2026-09-10T04:25:04Z [14,374ms] [Info] [omni.rtx] Mapping carb-setting '/rtx/raytracing/groundTruth/exportInEvenHigherRes' to usd-property 'OmniRtxDebugSettingsAPI_1.omni:rtx:rt:groundTruth:exportInEvenHigherRes'
2026-09-10T04:25:04Z [14,374ms] [Info] [omni.rtx] Mapping carb-setting '/rtx/raytracing/hair/fixAliasing' to usd-property 'OmniRtxDebugSettingsAPI_1.omni:rtx:rt:hair:fixAliasing'
2026-09-10T04:25:04Z [14,374ms] [Info] [omni.rtx] Mapping carb-setting '/rtx/raytracing/hair/multipleScattering/enabled' to usd-property 'OmniRtxDebugSettingsAPI_1.omni:rtx:rt:hair:multipleScattering:enabled'
2026-09-10T04:25:04Z [14,374ms] [Info] [omni.rtx] Mapping carb-setting '/rtx/raytracing/hair/multipleScattering/maxBounce' to usd-property 'OmniRtxDebugSettingsAPI_1.omni:rtx:rt:hair:multipleScattering:maxBounce'
2026-09-10T04:25:04Z [14,374ms] [Info] [omni.rtx] Mapping carb-setting '/rtx/raytracing/iesTextureRes' to usd-property 'OmniRtxDebugSettingsAPI_1.omni:rtx:rt:iesTextureRes'
2026-09-10T04:25:04Z [14,374ms] [Info] [omni.rtx] Mapping carb-setting '/rtx/raytracing/indexdirect/enabled' to usd-property 'OmniRtxDebugSettingsAPI_1.omni:rtx:rt:indexdirect:enabled'
2026-09-10T04:25:04Z [14,374ms] [Info] [omni.rtx] Mapping carb-setting '/rtx/raytracing/indexdirect/NanoVDBCompression' to usd-property 'OmniRtxDebugSettingsAPI_1.omni:rtx:rt:indexdirect:NanoVDBCompression'
2026-09-10T04:25:04Z [14,374ms] [Info] [omni.rtx] Mapping carb-setting '/rtx/raytracing/indexdirect/NanoVDBCompressionDither' to usd-property 'OmniRtxDebugSettingsAPI_1.omni:rtx:rt:indexdirect:NanoVDBCompressionDither'
2026-09-10T04:25:04Z [14,374ms] [Info] [omni.rtx] Mapping carb-setting '/rtx/raytracing/indexdirect/showDetailledMemoryInfo' to usd-property 'OmniRtxDebugSettingsAPI_1.omni:rtx:rt:indexdirect:showDetailledMemoryInfo'
2026-09-10T04:25:04Z [14,374ms] [Info] [omni.rtx] Mapping carb-setting '/rtx/raytracing/indexdirect/svoBrickBorder' to usd-property 'OmniRtxDebugSettingsAPI_1.omni:rtx:rt:indexdirect:svo:brickBorder'
2026-09-10T04:25:04Z [14,374ms] [Info] [omni.rtx] Mapping carb-setting '/rtx/raytracing/indexdirect/svoBrickSize' to usd-property 'OmniRtxDebugSettingsAPI_1.omni:rtx:rt:indexdirect:svo:brickSize'
2026-09-10T04:25:04Z [14,374ms] [Info] [omni.rtx] Mapping carb-setting '/rtx/raytracing/indexdirect/volumeType' to usd-property 'OmniRtxDebugSettingsAPI_1.omni:rtx:rt:indexdirect:volumeType'
2026-09-10T04:25:04Z [14,374ms] [Info] [omni.rtx] Mapping carb-setting '/rtx/raytracing/inscattering/anisotropyFactor' to usd-property 'OmniRtxDebugSettingsAPI_1.omni:rtx:rt:inscattering:anisotropyFactor'
2026-09-10T04:25:04Z [14,374ms] [Info] [omni.rtx] Mapping carb-setting '/rtx/raytracing/inscattering/atmosphereHeight' to usd-property 'OmniRtxDebugSettingsAPI_1.omni:rtx:rt:inscattering:atmosphereHeight'
2026-09-10T04:25:04Z [14,374ms] [Info] [omni.rtx] Mapping carb-setting '/rtx/raytracing/inscattering/blurSigma' to usd-property 'OmniRtxDebugSettingsAPI_1.omni:rtx:rt:inscattering:blurSigma'
2026-09-10T04:25:04Z [14,374ms] [Info] [omni.rtx] Mapping carb-setting '/rtx/raytracing/inscattering/debugMode' to usd-property 'OmniRtxDebugSettingsAPI_1.omni:rtx:rt:inscattering:debugMode'
2026-09-10T04:25:04Z [14,374ms] [Info] [omni.rtx] Mapping carb-setting '/rtx/raytracing/inscattering/debugProbeScale' to usd-property 'OmniRtxDebugSettingsAPI_1.omni:rtx:rt:inscattering:debugProbeScale'
2026-09-10T04:25:04Z [14,374ms] [Info] [omni.rtx] Mapping carb-setting '/rtx/raytracing/inscattering/debugVoxelIdxX' to usd-property 'OmniRtxDebugSettingsAPI_1.omni:rtx:rt:inscattering:debugVoxelIdxX'
2026-09-10T04:25:04Z [14,374ms] [Info] [omni.rtx] Mapping carb-setting '/rtx/raytracing/inscattering/debugVoxelIdxY' to usd-property 'OmniRtxDebugSettingsAPI_1.omni:rtx:rt:inscattering:debugVoxelIdxY'
2026-09-10T04:25:04Z [14,374ms] [Info] [omni.rtx] Mapping carb-setting '/rtx/raytracing/inscattering/debugVoxelIdxZ' to usd-property 'OmniRtxDebugSettingsAPI_1.omni:rtx:rt:inscattering:debugVoxelIdxZ'
2026-09-10T04:25:04Z [14,374ms] [Info] [omni.rtx] Mapping carb-setting '/rtx/raytracing/inscattering/densityMult' to usd-property 'OmniRtxDebugSettingsAPI_1.omni:rtx:rt:inscattering:densityMult'
2026-09-10T04:25:04Z [14,374ms] [Info] [omni.rtx] Mapping carb-setting '/rtx/raytracing/inscattering/depthSlices' to usd-property 'OmniRtxDebugSettingsAPI_1.omni:rtx:rt:inscattering:depthSlices'
2026-09-10T04:25:04Z [14,374ms] [Info] [omni.rtx] Mapping carb-setting '/rtx/raytracing/inscattering/detailNoiseScale' to usd-property 'OmniRtxDebugSettingsAPI_1.omni:rtx:rt:inscattering:detailNoiseScale'
2026-09-10T04:25:04Z [14,374ms] [Info] [omni.rtx] Mapping carb-setting '/rtx/raytracing/inscattering/ditheringScale' to usd-property 'OmniRtxDebugSettingsAPI_1.omni:rtx:rt:inscattering:ditheringScale'
2026-09-10T04:25:04Z [14,374ms] [Info] [omni.rtx] Mapping carb-setting '/rtx/raytracing/inscattering/flowDensityOffset' to usd-property 'OmniRtxDebugSettingsAPI_1.omni:rtx:rt:inscattering:flowDensityOffset'
2026-09-10T04:25:04Z [14,374ms] [Info] [omni.rtx] Mapping carb-setting '/rtx/raytracing/inscattering/flowDensityScale' to usd-property 'OmniRtxDebugSettingsAPI_1.omni:rtx:rt:inscattering:flowDensityScale'
2026-09-10T04:25:04Z [14,374ms] [Info] [omni.rtx] Mapping carb-setting '/rtx/raytracing/inscattering/enableFlowSampling' to usd-property 'OmniRtxDebugSettingsAPI_1.omni:rtx:rt:inscattering:flowSampling:enabled'
2026-09-10T04:25:04Z [14,374ms] [Info] [omni.rtx] Mapping carb-setting '/rtx/raytracing/inscattering/inscatterUpsample' to usd-property 'OmniRtxDebugSettingsAPI_1.omni:rtx:rt:inscattering:inscatterUpsample'
2026-09-10T04:25:04Z [14,374ms] [Info] [omni.rtx] Mapping carb-setting '/rtx/raytracing/inscattering/enableLowPassFilter' to usd-property 'OmniRtxDebugSettingsAPI_1.omni:rtx:rt:inscattering:lowPassFilter:enabled'
2026-09-10T04:25:04Z [14,374ms] [Info] [omni.rtx] Mapping carb-setting '/rtx/raytracing/inscattering/maxAccumulationFrames' to usd-property 'OmniRtxDebugSettingsAPI_1.omni:rtx:rt:inscattering:maxAccumulationFrames'
2026-09-10T04:25:04Z [14,374ms] [Info] [omni.rtx] Mapping carb-setting '/rtx/raytracing/inscattering/maxDistance' to usd-property 'OmniRtxDebugSettingsAPI_1.omni:rtx:rt:inscattering:maxDistance'
2026-09-10T04:25:04Z [14,374ms] [Info] [omni.rtx] Mapping carb-setting '/rtx/raytracing/inscattering/maxFlowLayer' to usd-property 'OmniRtxDebugSettingsAPI_1.omni:rtx:rt:inscattering:maxFlowLayer'
2026-09-10T04:25:04Z [14,374ms] [Info] [omni.rtx] Mapping carb-setting '/rtx/raytracing/inscattering/maxRTSampleUnexposedIntensity' to usd-property 'OmniRtxDebugSettingsAPI_1.omni:rtx:rt:inscattering:maxRTSampleUnexposedIntensity'
2026-09-10T04:25:04Z [14,374ms] [Info] [omni.rtx] Mapping carb-setting '/rtx/raytracing/inscattering/minFlowLayer' to usd-property 'OmniRtxDebugSettingsAPI_1.omni:rtx:rt:inscattering:minFlowLayer'
2026-09-10T04:25:04Z [14,374ms] [Info] [omni.rtx] Mapping carb-setting '/rtx/raytracing/inscattering/noiseAnimationSpeedX' to usd-property 'OmniRtxDebugSettingsAPI_1.omni:rtx:rt:inscattering:noiseAnimationSpeedX'
2026-09-10T04:25:04Z [14,374ms] [Info] [omni.rtx] Mapping carb-setting '/rtx/raytracing/inscattering/noiseAnimationSpeedY' to usd-property 'OmniRtxDebugSettingsAPI_1.omni:rtx:rt:inscattering:noiseAnimationSpeedY'
2026-09-10T04:25:04Z [14,374ms] [Info] [omni.rtx] Mapping carb-setting '/rtx/raytracing/inscattering/noiseAnimationSpeedZ' to usd-property 'OmniRtxDebugSettingsAPI_1.omni:rtx:rt:inscattering:noiseAnimationSpeedZ'
2026-09-10T04:25:04Z [14,374ms] [Info] [omni.rtx] Mapping carb-setting '/rtx/raytracing/inscattering/noiseNumOctaves' to usd-property 'OmniRtxDebugSettingsAPI_1.omni:rtx:rt:inscattering:noiseNumOctaves'
2026-09-10T04:25:04Z [14,374ms] [Info] [omni.rtx] Mapping carb-setting '/rtx/raytracing/inscattering/noiseScaleRangeMax' to usd-property 'OmniRtxDebugSettingsAPI_1.omni:rtx:rt:inscattering:noiseScaleRangeMax'
2026-09-10T04:25:04Z [14,374ms] [Info] [omni.rtx] Mapping carb-setting '/rtx/raytracing/inscattering/noiseScaleRangeMin' to usd-property 'OmniRtxDebugSettingsAPI_1.omni:rtx:rt:inscattering:noiseScaleRangeMin'
2026-09-10T04:25:04Z [14,374ms] [Info] [omni.rtx] Mapping carb-setting '/rtx/raytracing/inscattering/pixelRatio' to usd-property 'OmniRtxDebugSettingsAPI_1.omni:rtx:rt:inscattering:pixelRatio'
2026-09-10T04:25:04Z [14,374ms] [Info] [omni.rtx] Mapping carb-setting '/rtx/raytracing/inscattering/singleScatteringAlbedo' to usd-property 'OmniRtxDebugSettingsAPI_1.omni:rtx:rt:inscattering:singleScatteringAlbedo'
2026-09-10T04:25:04Z [14,374ms] [Info] [omni.rtx] Mapping carb-setting '/rtx/raytracing/inscattering/sliceDistributionExponent' to usd-property 'OmniRtxDebugSettingsAPI_1.omni:rtx:rt:inscattering:sliceDistributionExponent'
2026-09-10T04:25:04Z [14,374ms] [Info] [omni.rtx] Mapping carb-setting '/rtx/raytracing/inscattering/spatialJitterScale' to usd-property 'OmniRtxDebugSettingsAPI_1.omni:rtx:rt:inscattering:spatialJitterScale'
2026-09-10T04:25:04Z [14,374ms] [Info] [omni.rtx] Mapping carb-setting '/rtx/raytracing/inscattering/temporalJitterScale' to usd-property 'OmniRtxDebugSettingsAPI_1.omni:rtx:rt:inscattering:temporalJitterScale'
2026-09-10T04:25:04Z [14,374ms] [Info] [omni.rtx] Mapping carb-setting '/rtx/raytracing/inscattering/transmittanceColor' to usd-property 'OmniRtxDebugSettingsAPI_1.omni:rtx:rt:inscattering:transmittanceColor'
2026-09-10T04:25:04Z [14,374ms] [Info] [omni.rtx] Mapping carb-setting '/rtx/raytracing/inscattering/transmittanceMeasurementDistance' to usd-property 'OmniRtxDebugSettingsAPI_1.omni:rtx:rt:inscattering:transmittanceMeasurementDistance'
2026-09-10T04:25:04Z [14,374ms] [Info] [omni.rtx] Mapping carb-setting '/rtx/raytracing/inscattering/use32bitPrecision' to usd-property 'OmniRtxDebugSettingsAPI_1.omni:rtx:rt:inscattering:use32bitPrecision'
2026-09-10T04:25:04Z [14,374ms] [Info] [omni.rtx] Mapping carb-setting '/rtx/raytracing/inscattering/useDetailNoise' to usd-property 'OmniRtxDebugSettingsAPI_1.omni:rtx:rt:inscattering:useDetailNoise'
2026-09-10T04:25:04Z [14,374ms] [Info] [omni.rtx] Mapping carb-setting '/rtx/raytracing/lightcache/spatialCache/enableDirectionalJittering' to usd-property 'OmniRtxDebugSettingsAPI_1.omni:rtx:rt:lightcache:spatialCache:directionalJittering:enabled'
2026-09-10T04:25:04Z [14,374ms] [Info] [omni.rtx] Mapping carb-setting '/rtx/raytracing/lightcache/spatialCache/distanceHashBase' to usd-property 'OmniRtxDebugSettingsAPI_1.omni:rtx:rt:lightcache:spatialCache:distanceHash:base'
2026-09-10T04:25:04Z [14,374ms] [Info] [omni.rtx] Mapping carb-setting '/rtx/raytracing/lightcache/spatialCache/distanceHashResolution' to usd-property 'OmniRtxDebugSettingsAPI_1.omni:rtx:rt:lightcache:spatialCache:distanceHash:resolution'
2026-09-10T04:25:04Z [14,374ms] [Info] [omni.rtx] Mapping carb-setting '/rtx/raytracing/lightcache/spatialCache/distanceOverride' to usd-property 'OmniRtxDebugSettingsAPI_1.omni:rtx:rt:lightcache:spatialCache:distanceOverride'
2026-09-10T04:25:04Z [14,374ms] [Info] [omni.rtx] Mapping carb-setting '/rtx/raytracing/lightcache/spatialCache/dontResolveConflicts' to usd-property 'OmniRtxDebugSettingsAPI_1.omni:rtx:rt:lightcache:spatialCache:dontResolveConflicts'
2026-09-10T04:25:04Z [14,374ms] [Info] [omni.rtx] Mapping carb-setting '/rtx/raytracing/lightcache/spatialCache/enabled' to usd-property 'OmniRtxDebugSettingsAPI_1.omni:rtx:rt:lightcache:spatialCache:enabled'
2026-09-10T04:25:04Z [14,374ms] [Info] [omni.rtx] Mapping carb-setting '/rtx/raytracing/lightcache/spatialCache/enableFireflyFiltering' to usd-property 'OmniRtxDebugSettingsAPI_1.omni:rtx:rt:lightcache:spatialCache:fireflyFiltering:enabled'
2026-09-10T04:25:04Z [14,374ms] [Info] [omni.rtx] Mapping carb-setting '/rtx/raytracing/lightcache/spatialCache/forceReset' to usd-property 'OmniRtxDebugSettingsAPI_1.omni:rtx:rt:lightcache:spatialCache:forceReset'
2026-09-10T04:25:04Z [14,374ms] [Info] [omni.rtx] Mapping carb-setting '/rtx/raytracing/lightcache/spatialCache/enableInvCdf' to usd-property 'OmniRtxDebugSettingsAPI_1.omni:rtx:rt:lightcache:spatialCache:invCdf:enabled'
2026-09-10T04:25:04Z [14,374ms] [Info] [omni.rtx] Mapping carb-setting '/rtx/raytracing/lightcache/spatialCache/maxAgeForEviction' to usd-property 'OmniRtxDebugSettingsAPI_1.omni:rtx:rt:lightcache:spatialCache:maxAgeForEviction'
2026-09-10T04:25:04Z [14,374ms] [Info] [omni.rtx] Mapping carb-setting '/rtx/raytracing/lightcache/spatialCache/enableNanChecks' to usd-property 'OmniRtxDebugSettingsAPI_1.omni:rtx:rt:lightcache:spatialCache:nanChecks:enabled'
2026-09-10T04:25:04Z [14,374ms] [Info] [omni.rtx] Mapping carb-setting '/rtx/raytracing/lightcache/spatialCache/retrace' to usd-property 'OmniRtxDebugSettingsAPI_1.omni:rtx:rt:lightcache:spatialCache:retrace'
2026-09-10T04:25:04Z [14,374ms] [Info] [omni.rtx] Mapping carb-setting '/rtx/raytracing/lightcache/spatialCache/showDebugView' to usd-property 'OmniRtxDebugSettingsAPI_1.omni:rtx:rt:lightcache:spatialCache:showDebugView'
2026-09-10T04:25:04Z [14,374ms] [Info] [omni.rtx] Mapping carb-setting '/rtx/raytracing/lightcache/spatialCache/enableSpatialJittering' to usd-property 'OmniRtxDebugSettingsAPI_1.omni:rtx:rt:lightcache:spatialCache:spatialJittering:enabled'
2026-09-10T04:25:04Z [14,374ms] [Info] [omni.rtx] Mapping carb-setting '/rtx/raytracing/lightcache/spatialCache/temporalAlpha' to usd-property 'OmniRtxDebugSettingsAPI_1.omni:rtx:rt:lightcache:spatialCache:temporalAlpha'
2026-09-10T04:25:04Z [14,374ms] [Info] [omni.rtx] Mapping carb-setting '/rtx/raytracing/lightcache/spatialCache/temporalReuse' to usd-property 'OmniRtxDebugSettingsAPI_1.omni:rtx:rt:lightcache:spatialCache:temporalReuse'
2026-09-10T04:25:04Z [14,374ms] [Info] [omni.rtx] Mapping carb-setting '/rtx/raytracing/lightcache/spatialCache/truncated/associativity' to usd-property 'OmniRtxDebugSettingsAPI_1.omni:rtx:rt:lightcache:spatialCache:truncated:associativity'
2026-09-10T04:25:04Z [14,374ms] [Info] [omni.rtx] Mapping carb-setting '/rtx/raytracing/lightcache/spatialCache/truncated/length' to usd-property 'OmniRtxDebugSettingsAPI_1.omni:rtx:rt:lightcache:spatialCache:truncated:length'
2026-09-10T04:25:04Z [14,374ms] [Info] [omni.rtx] Mapping carb-setting '/rtx/raytracing/lightcache/spatialCache/truncated/probability' to usd-property 'OmniRtxDebugSettingsAPI_1.omni:rtx:rt:lightcache:spatialCache:truncated:probability'
2026-09-10T04:25:04Z [14,374ms] [Info] [omni.rtx] Mapping carb-setting '/rtx/raytracing/picking/minExtent' to usd-property 'OmniRtxDebugSettingsAPI_1.omni:rtx:rt:picking:minExtent'
2026-09-10T04:25:04Z [14,374ms] [Info] [omni.rtx] Mapping carb-setting '/rtx/raytracing/procedural/binderIntersector' to usd-property 'OmniRtxDebugSettingsAPI_1.omni:rtx:rt:procedural:binderIntersector'
2026-09-10T04:25:04Z [14,374ms] [Info] [omni.rtx] Mapping carb-setting '/rtx/lightspeed/lighting/radianceClamp' to usd-property 'OmniRtxDebugSettingsAPI_1.omni:rtx:rt:radianceClamp'
2026-09-10T04:25:04Z [14,374ms] [Info] [omni.rtx] Mapping carb-setting '/rtx/raytracing/subpixel/filterRadius' to usd-property 'OmniRtxDebugSettingsAPI_1.omni:rtx:rt:subpixel:filterRadius'
2026-09-10T04:25:04Z [14,374ms] [Info] [omni.rtx] Mapping carb-setting '/rtx/raytracing/subpixel/mode' to usd-property 'OmniRtxDebugSettingsAPI_1.omni:rtx:rt:subpixel:mode'
2026-09-10T04:25:04Z [14,374ms] [Info] [omni.rtx] Mapping carb-setting '/rtx/raytracing/subpixel/modulateRndSequence' to usd-property 'OmniRtxDebugSettingsAPI_1.omni:rtx:rt:subpixel:modulateRndSequence'
2026-09-10T04:25:04Z [14,374ms] [Info] [omni.rtx] Mapping carb-setting '/rtx/raytracing/subpixel/uniformSubpixelJittering' to usd-property 'OmniRtxDebugSettingsAPI_1.omni:rtx:rt:subpixel:uniformSubpixelJittering'
2026-09-10T04:25:04Z [14,374ms] [Info] [omni.rtx] Mapping carb-setting '/rtx/raytracing/subsurface/denoiser/enabled' to usd-property 'OmniRtxDebugSettingsAPI_1.omni:rtx:rt:subsurface:denoiser:enabled'
2026-09-10T04:25:04Z [14,374ms] [Info] [omni.rtx] Mapping carb-setting '/rtx/raytracing/subsurface/historyWeight' to usd-property 'OmniRtxDebugSettingsAPI_1.omni:rtx:rt:subsurface:historyWeight'
2026-09-10T04:25:04Z [14,374ms] [Info] [omni.rtx] Mapping carb-setting '/rtx/raytracing/subsurface/shadowRayThreshold' to usd-property 'OmniRtxDebugSettingsAPI_1.omni:rtx:rt:subsurface:shadowRayThreshold'
2026-09-10T04:25:04Z [14,374ms] [Info] [omni.rtx] Mapping carb-setting '/rtx/raytracing/subsurface/targetVariance' to usd-property 'OmniRtxDebugSettingsAPI_1.omni:rtx:rt:subsurface:targetVariance'
2026-09-10T04:25:04Z [14,374ms] [Info] [omni.rtx] Mapping carb-setting '/rtx/raytracing/subsurface/transmission/denoiser/enabled' to usd-property 'OmniRtxDebugSettingsAPI_1.omni:rtx:rt:subsurface:transmission:denoiser:enabled'
2026-09-10T04:25:04Z [14,374ms] [Info] [omni.rtx] Mapping carb-setting '/rtx/raytracing/subsurface/transmission/halfResolutionBackfaceLighting' to usd-property 'OmniRtxDebugSettingsAPI_1.omni:rtx:rt:subsurface:transmission:halfResolutionBackfaceLighting'
2026-09-10T04:25:04Z [14,374ms] [Info] [omni.rtx] Mapping carb-setting '/rtx/raytracing/subsurface/transmission/ReSTIR/enabled' to usd-property 'OmniRtxDebugSettingsAPI_1.omni:rtx:rt:subsurface:transmission:ReSTIR:enabled'
2026-09-10T04:25:04Z [14,374ms] [Info] [omni.rtx] Mapping carb-setting '/rtx/raytracing/subsurface/transmission/screenSpaceFallbackThresholdScale' to usd-property 'OmniRtxDebugSettingsAPI_1.omni:rtx:rt:subsurface:transmission:screenSpaceFallbackThresholdScale'
2026-09-10T04:25:04Z [14,374ms] [Info] [omni.rtx] Mapping carb-setting '/rtx/rtpt/ris/meshLights' to usd-property 'OmniRtxDebugSettingsAPI_1.omni:rtx:rtpt:ris:meshLights'
2026-09-10T04:25:04Z [14,374ms] [Info] [omni.rtx] Mapping carb-setting '/rtx/rtpt/meshLights/risCount' to usd-property 'OmniRtxDebugSettingsAPI_1.omni:rtx:rtpt:meshLights:risCount'
2026-09-10T04:25:04Z [14,374ms] [Info] [omni.rtx] Mapping carb-setting '/rtx/rtpt/subsurface/indirectHitInfo/enabled' to usd-property 'OmniRtxDebugSettingsAPI_1.omni:rtx:rtpt:subsurface:indirectHitInfo:enabled'
2026-09-10T04:25:04Z [14,374ms] [Info] [omni.rtx] Mapping carb-setting '/rtx/rtpt/splitGlass' to usd-property 'OmniRtxDebugSettingsAPI_1.omni:rtx:rtpt:splitGlass'
2026-09-10T04:25:04Z [14,374ms] [Info] [omni.rtx] Mapping carb-setting '/rtx/rtpt/splitClearcoat' to usd-property 'OmniRtxDebugSettingsAPI_1.omni:rtx:rtpt:splitClearcoat'
2026-09-10T04:25:04Z [14,374ms] [Info] [omni.rtx] Mapping carb-setting '/rtx/rtpt/splitRoughReflection' to usd-property 'OmniRtxDebugSettingsAPI_1.omni:rtx:rtpt:splitRoughReflection'
2026-09-10T04:25:04Z [14,374ms] [Info] [omni.rtx] Mapping carb-setting '/rtx/rtpt/translucency/virtualMotion/enabled' to usd-property 'OmniRtxDebugSettingsAPI_1.omni:rtx:rtpt:translucency:virtualMotion:enabled'
2026-09-10T04:25:04Z [14,374ms] [Info] [omni.rtx] Mapping carb-setting '/rtx/rtpt/fireflyFilter/enabled' to usd-property 'OmniRtxDebugSettingsAPI_1.omni:rtx:rtpt:fireflyFilter:enabled'
2026-09-10T04:25:04Z [14,374ms] [Info] [omni.rtx] Mapping carb-setting '/rtx/rtpt/fireflyFilter/maxUnexposedIntensityPerSample' to usd-property 'OmniRtxDebugSettingsAPI_1.omni:rtx:rtpt:fireflyFilter:maxUnexposedIntensityPerSample'
2026-09-10T04:25:04Z [14,374ms] [Info] [omni.rtx] Mapping carb-setting '/rtx/rtpt/fireflyFilter/maxUnexposedIntensityPerSampleDiffuse' to usd-property 'OmniRtxDebugSettingsAPI_1.omni:rtx:rtpt:fireflyFilter:maxUnexposedIntensityPerSampleDiffuse'
2026-09-10T04:25:04Z [14,374ms] [Info] [omni.rtx] Mapping carb-setting '/rtx/rtpt/fireflyFilter/maxPerEmissiveUnexposedIntensity' to usd-property 'OmniRtxDebugSettingsAPI_1.omni:rtx:rtpt:fireflyFilter:maxPerEmissiveUnexposedIntensity'
2026-09-10T04:25:04Z [14,374ms] [Info] [omni.rtx] Mapping carb-setting '/rtx/rtpt/splittingRoughnessThreshold' to usd-property 'OmniRtxDebugSettingsAPI_1.omni:rtx:rtpt:splittingRoughnessThreshold'
2026-09-10T04:25:04Z [14,374ms] [Info] [omni.rtx] Mapping carb-setting '/rtx/rtpt/splitRateRoughReflection' to usd-property 'OmniRtxDebugSettingsAPI_1.omni:rtx:rtpt:splitRateRoughReflection'
2026-09-10T04:25:04Z [14,374ms] [Info] [omni.rtx] Mapping carb-setting '/rtx/rtpt/modulatingRoughnessThreshold' to usd-property 'OmniRtxDebugSettingsAPI_1.omni:rtx:rtpt:modulatingRoughnessThreshold'
2026-09-10T04:25:04Z [14,374ms] [Info] [omni.rtx] Mapping carb-setting '/rtx/rtpt/spp' to usd-property 'OmniRtxDebugSettingsAPI_1.omni:rtx:rtpt:spp'
2026-09-10T04:25:04Z [14,374ms] [Info] [omni.rtx] Mapping carb-setting '/rtx/rtpt/maxBounces' to usd-property 'OmniRtxDebugSettingsAPI_1.omni:rtx:rtpt:maxBounces'
2026-09-10T04:25:04Z [14,374ms] [Info] [omni.rtx] Mapping carb-setting '/rtx/rtpt/maxSpecularAndTransmissionBounces' to usd-property 'OmniRtxDebugSettingsAPI_1.omni:rtx:rtpt:maxSpecularAndTransmissionBounces'
2026-09-10T04:25:04Z [14,374ms] [Info] [omni.rtx] Mapping carb-setting '/rtx/rtpt/maxVolumeBounces' to usd-property 'OmniRtxDebugSettingsAPI_1.omni:rtx:rtpt:maxVolumeBounces'
2026-09-10T04:25:04Z [14,374ms] [Info] [omni.rtx] Mapping carb-setting '/rtx/rtpt/usePathSplitting' to usd-property 'OmniRtxDebugSettingsAPI_1.omni:rtx:rtpt:usePathSplitting'
2026-09-10T04:25:04Z [14,374ms] [Info] [omni.rtx] Mapping carb-setting '/rtx/rtpt/cached/jitterScale' to usd-property 'OmniRtxDebugSettingsAPI_1.omni:rtx:rtpt:cached:jitterScale'
2026-09-10T04:25:04Z [14,374ms] [Info] [omni.rtx] Mapping carb-setting '/rtx/rtpt/cached/maxBounces' to usd-property 'OmniRtxDebugSettingsAPI_1.omni:rtx:rtpt:cached:maxBounces'
2026-09-10T04:25:04Z [14,374ms] [Info] [omni.rtx] Mapping carb-setting '/rtx/rtpt/cached/pstfTileSize' to usd-property 'OmniRtxDebugSettingsAPI_1.omni:rtx:rtpt:cached:pstf:tileSize'
2026-09-10T04:25:04Z [14,374ms] [Info] [omni.rtx] Mapping carb-setting '/rtx/rtpt/cached/separateCacheUpdate' to usd-property 'OmniRtxDebugSettingsAPI_1.omni:rtx:rtpt:cached:separateCacheUpdate'
2026-09-10T04:25:04Z [14,374ms] [Info] [omni.rtx] Mapping carb-setting '/rtx/rtpt/cached/separatePassCacheUpdate' to usd-property 'OmniRtxDebugSettingsAPI_1.omni:rtx:rtpt:cached:separatePassCacheUpdate'
2026-09-10T04:25:04Z [14,374ms] [Info] [omni.rtx] Mapping carb-setting '/rtx/rtpt/cached/terminatePathOnFirstDiffuseHit' to usd-property 'OmniRtxDebugSettingsAPI_1.omni:rtx:rtpt:cached:terminatePathOnFirstDiffuseHit'
2026-09-10T04:25:04Z [14,374ms] [Info] [omni.rtx] Mapping carb-setting '/rtx/rtpt/cached/updateSampleCount' to usd-property 'OmniRtxDebugSettingsAPI_1.omni:rtx:rtpt:cached:updateSampleCount'
2026-09-10T04:25:04Z [14,374ms] [Info] [omni.rtx] Mapping carb-setting '/rtx/rtpt/cached/useDirectionalBinningHash' to usd-property 'OmniRtxDebugSettingsAPI_1.omni:rtx:rtpt:cached:useDirectionalBinningHash'
2026-09-10T04:25:04Z [14,374ms] [Info] [omni.rtx] Mapping carb-setting '/rtx/rtpt/maxRoughness' to usd-property 'OmniRtxDebugSettingsAPI_1.omni:rtx:rtpt:maxRoughness'
2026-09-10T04:25:04Z [14,374ms] [Info] [omni.rtx] Mapping carb-setting '/rtx/rtpt/rtCompatibility' to usd-property 'OmniRtxDebugSettingsAPI_1.omni:rtx:rtpt:rtCompatibility'
2026-09-10T04:25:04Z [14,374ms] [Info] [omni.rtx] Mapping carb-setting '/rtx/rtpt/subsurface/randomWalk/enabled' to usd-property 'OmniRtxDebugSettingsAPI_1.omni:rtx:rtpt:subsurface:randomWalk:enabled'
2026-09-10T04:25:04Z [14,374ms] [Info] [omni.rtx] Mapping carb-setting '/rtx/sampledLighting/maxShadowRays' to usd-property 'OmniRtxDebugSettingsAPI_1.omni:rtx:sampledLighting:maxShadowRays'
2026-09-10T04:25:04Z [14,374ms] [Info] [omni.rtx] Mapping carb-setting '/rtx/scenedb/compaction/enabled' to usd-property 'OmniRtxDebugSettingsAPI_1.omni:rtx:scene:compaction:enabled'
2026-09-10T04:25:04Z [14,374ms] [Info] [omni.rtx] Mapping carb-setting '/rtx/scenedb/cudaInterop/enabled' to usd-property 'OmniRtxDebugSettingsAPI_1.omni:rtx:scene:cudaInterop:enabled'
2026-09-10T04:25:04Z [14,374ms] [Info] [omni.rtx] Mapping carb-setting '/rtx/scenedb/domeLight/sdiio/enabled' to usd-property 'OmniRtxDebugSettingsAPI_1.omni:rtx:scene:domeLight:sdiio:enabled'
2026-09-10T04:25:04Z [14,374ms] [Info] [omni.rtx] Mapping carb-setting '/rtx/scenedb/enableUpdateBufferResizing' to usd-property 'OmniRtxDebugSettingsAPI_1.omni:rtx:scene:enableUpdateBufferResizing'
2026-09-10T04:25:04Z [14,374ms] [Info] [omni.rtx] Mapping carb-setting '/rtx/scenedb/enableXformUpdateLogging' to usd-property 'OmniRtxDebugSettingsAPI_1.omni:rtx:scene:enableXformUpdateLogging'
2026-09-10T04:25:04Z [14,374ms] [Info] [omni.rtx] Mapping carb-setting '/rtx/gatherColorToDisplayDevice' to usd-property 'OmniRtxDebugSettingsAPI_1.omni:rtx:scene:gatherColorToDisplayDevice'
2026-09-10T04:25:04Z [14,374ms] [Info] [omni.rtx] Mapping carb-setting '/rtx/scenedb/GPUProceduralAABB/enabled' to usd-property 'OmniRtxDebugSettingsAPI_1.omni:rtx:scene:GPUProceduralAABB:enabled'
2026-09-10T04:25:04Z [14,374ms] [Info] [omni.rtx] Mapping carb-setting '/rtx/sceneDb/gpuSkinning/enabled' to usd-property 'OmniRtxDebugSettingsAPI_1.omni:rtx:scene:gpuSkinning:enabled'
2026-09-10T04:25:04Z [14,374ms] [Info] [omni.rtx] Mapping carb-setting '/rtx/hydra/alwaysTickRenderer' to usd-property 'OmniRtxDebugSettingsAPI_1.omni:rtx:scene:hydra:alwaysTickRenderer'
2026-09-10T04:25:04Z [14,374ms] [Info] [omni.rtx] Mapping carb-setting '/rtx/hydra/geometrySyncLoads' to usd-property 'OmniRtxDebugSettingsAPI_1.omni:rtx:scene:hydra:geometrySyncLoads'
2026-09-10T04:25:04Z [14,374ms] [Info] [omni.rtx] Mapping carb-setting '/rtx/hydra/instancePickingEnabled' to usd-property 'OmniRtxDebugSettingsAPI_1.omni:rtx:scene:hydra:instancePickingEnabled'
2026-09-10T04:25:04Z [14,374ms] [Info] [omni.rtx] Mapping carb-setting '/rtx/hydra/materialSyncLoads' to usd-property 'OmniRtxDebugSettingsAPI_1.omni:rtx:scene:hydra:materialSyncLoads'
2026-09-10T04:25:04Z [14,374ms] [Info] [omni.rtx] Mapping carb-setting '/rtx/hydra/mdlMaterialWarmup' to usd-property 'OmniRtxDebugSettingsAPI_1.omni:rtx:scene:hydra:mdlMaterialWarmup'
2026-09-10T04:25:04Z [14,374ms] [Info] [omni.rtx] Mapping carb-setting '/rtx/hydra/minFreeDeviceMemory' to usd-property 'OmniRtxDebugSettingsAPI_1.omni:rtx:scene:hydra:minFreeDeviceMemory'
2026-09-10T04:25:04Z [14,374ms] [Info] [omni.rtx] Mapping carb-setting '/rtx/hydra/minFreeSystemMemory' to usd-property 'OmniRtxDebugSettingsAPI_1.omni:rtx:scene:hydra:minFreeSystemMemory'
2026-09-10T04:25:04Z [14,374ms] [Info] [omni.rtx] Mapping carb-setting '/rtx/hydra/perMaterialSyncLoads' to usd-property 'OmniRtxDebugSettingsAPI_1.omni:rtx:scene:hydra:perMaterialSyncLoads'
2026-09-10T04:25:04Z [14,374ms] [Info] [omni.rtx] Mapping carb-setting '/rtx/hydra/primvars/silenceSizeWarnings' to usd-property 'OmniRtxDebugSettingsAPI_1.omni:rtx:scene:hydra:primvars:silenceSizeWarnings'
2026-09-10T04:25:04Z [14,374ms] [Info] [omni.rtx] Mapping carb-setting '/rtx/hydra/releaseUnusedInstanceTransformMemory' to usd-property 'OmniRtxDebugSettingsAPI_1.omni:rtx:scene:hydra:releaseUnusedInstanceTransformMemory'
2026-09-10T04:25:04Z [14,374ms] [Info] [omni.rtx] Mapping carb-setting '/rtx/hydra/subdivision/refinementLevel' to usd-property 'OmniRtxDebugSettingsAPI_1.omni:rtx:scene:hydra:subdivision:refinementLevel'
2026-09-10T04:25:04Z [14,374ms] [Info] [omni.rtx] Mapping carb-setting '/rtx/hydra/TBNFrameMode' to usd-property 'OmniRtxDebugSettingsAPI_1.omni:rtx:scene:hydra:TBNFrameMode'
2026-09-10T04:25:04Z [14,374ms] [Info] [omni.rtx] Mapping carb-setting '/rtx/hydra/uvsets/stIsDefaultUvSet' to usd-property 'OmniRtxDebugSettingsAPI_1.omni:rtx:scene:hydra:uvsets:stIsDefaultUvSet'
2026-09-10T04:25:04Z [14,374ms] [Info] [omni.rtx] Mapping carb-setting '/rtx/hydra/weldVertex' to usd-property 'OmniRtxDebugSettingsAPI_1.omni:rtx:scene:hydra:weldVertex'
2026-09-10T04:25:04Z [14,374ms] [Info] [omni.rtx] Mapping carb-setting '/rtx/scenedb/instanceMaxScaleFilter' to usd-property 'OmniRtxDebugSettingsAPI_1.omni:rtx:scene:instanceMaxScaleFilter'
2026-09-10T04:25:04Z [14,374ms] [Info] [omni.rtx] Mapping carb-setting '/rtx/lightcache/minPickPdf' to usd-property 'OmniRtxDebugSettingsAPI_1.omni:rtx:scene:minPickPdf'
2026-09-10T04:25:04Z [14,374ms] [Info] [omni.rtx] Mapping carb-setting '/rtx/multiview/viewGridSize' to usd-property 'OmniRtxDebugSettingsAPI_1.omni:rtx:scene:multiview:viewGridSize'
2026-09-10T04:25:04Z [14,374ms] [Info] [omni.rtx] Mapping carb-setting '/rtx/scene/renderMeterPerUnit' to usd-property 'OmniRtxDebugSettingsAPI_1.omni:rtx:scene:renderMeterPerUnit'
2026-09-10T04:25:04Z [14,374ms] [Info] [omni.rtx] Mapping carb-setting '/rtx/reprojection/motionDifference' to usd-property 'OmniRtxDebugSettingsAPI_1.omni:rtx:scene:reprojection:motionDifference'
2026-09-10T04:25:04Z [14,374ms] [Info] [omni.rtx] Mapping carb-setting '/rtx/reprojection/positionDifferenceConstant' to usd-property 'OmniRtxDebugSettingsAPI_1.omni:rtx:scene:reprojection:positionDifferenceConstant'
2026-09-10T04:25:04Z [14,374ms] [Info] [omni.rtx] Mapping carb-setting '/rtx/sceneDb/reservedInstances' to usd-property 'OmniRtxDebugSettingsAPI_1.omni:rtx:scene:reservedInstances'
2026-09-10T04:25:04Z [14,374ms] [Info] [omni.rtx] Mapping carb-setting '/rtx/resetPtAccumOnAnimTimeChange' to usd-property 'OmniRtxDebugSettingsAPI_1.omni:rtx:scene:resetPtAccumOnAnimTimeChange'
2026-09-10T04:25:04Z [14,374ms] [Info] [omni.rtx] Mapping carb-setting '/rtx/sectionPlane/enabled' to usd-property 'OmniRtxDebugSettingsAPI_1.omni:rtx:scene:sectionPlane:enabled'
2026-09-10T04:25:04Z [14,374ms] [Info] [omni.rtx] Mapping carb-setting '/rtx/sectionPlane/plane' to usd-property 'OmniRtxDebugSettingsAPI_1.omni:rtx:scene:sectionPlane:plane'
2026-09-10T04:25:04Z [14,374ms] [Info] [omni.rtx] Mapping carb-setting '/rtx/sectionPlane/sectionLight' to usd-property 'OmniRtxDebugSettingsAPI_1.omni:rtx:scene:sectionPlane:sectionLight'
2026-09-10T04:25:04Z [14,374ms] [Info] [omni.rtx] Mapping carb-setting '/rtx/selectionRaster/enabled' to usd-property 'OmniRtxDebugSettingsAPI_1.omni:rtx:scene:selectionRaster:enabled'
2026-09-10T04:25:04Z [14,374ms] [Info] [omni.rtx] Mapping carb-setting '/rtx/selectionRaster/initialize' to usd-property 'OmniRtxDebugSettingsAPI_1.omni:rtx:scene:selectionRaster:initialize'
2026-09-10T04:25:04Z [14,374ms] [Info] [omni.rtx] Mapping carb-setting '/rtx/sceneDb/skipCmdListMangerDestroy' to usd-property 'OmniRtxDebugSettingsAPI_1.omni:rtx:scene:skipCmdListMangerDestroy'
2026-09-10T04:25:04Z [14,374ms] [Info] [omni.rtx] Mapping carb-setting '/rtx/scenedb/skipMostLights' to usd-property 'OmniRtxDebugSettingsAPI_1.omni:rtx:scene:skipMostLights'
2026-09-10T04:25:04Z [14,374ms] [Info] [omni.rtx] Mapping carb-setting '/rtx/sceneDb/tlasInstanceList/useElementArray' to usd-property 'OmniRtxDebugSettingsAPI_1.omni:rtx:scene:tlasInstanceList:useElementArray'
2026-09-10T04:25:04Z [14,374ms] [Info] [omni.rtx] Mapping carb-setting '/rtx/translatedWorldSpace/enabled' to usd-property 'OmniRtxDebugSettingsAPI_1.omni:rtx:scene:translatedWorldSpace:enabled'
2026-09-10T04:25:04Z [14,374ms] [Info] [omni.rtx] Mapping carb-setting '/rtx/sceneDb/translucencyAsOpacity' to usd-property 'OmniRtxDebugSettingsAPI_1.omni:rtx:scene:translucencyAsOpacity'
2026-09-10T04:25:04Z [14,374ms] [Info] [omni.rtx] Mapping carb-setting '/rtx/scenedb/useDataDeduplication' to usd-property 'OmniRtxDebugSettingsAPI_1.omni:rtx:scene:useDataDeduplication'
2026-09-10T04:25:04Z [14,374ms] [Info] [omni.rtx] Mapping carb-setting '/rtx/scenedb/useGeometryValidation' to usd-property 'OmniRtxDebugSettingsAPI_1.omni:rtx:scene:useGeometryValidation'
2026-09-10T04:25:04Z [14,374ms] [Info] [omni.rtx] Mapping carb-setting '/rtx/rendering/useSimulationTime' to usd-property 'OmniRtxDebugSettingsAPI_1.omni:rtx:scene:useSimulationTime'
2026-09-10T04:25:04Z [14,374ms] [Info] [omni.rtx] Mapping carb-setting '/rtx/useViewLightingMode' to usd-property 'OmniRtxDebugSettingsAPI_1.omni:rtx:scene:useViewLightingMode'
2026-09-10T04:25:04Z [14,374ms] [Info] [omni.rtx] Mapping carb-setting '/rtx/sdg/crossCamera/bilateral/normalSigmaExponent' to usd-property 'OmniRtxDebugSettingsAPI_1.omni:rtx:sdg:crossCamera:bilateral:normal:sigmaExponent'
2026-09-10T04:25:04Z [14,374ms] [Info] [omni.rtx] Mapping carb-setting '/rtx/sdg/crossCamera/bilateral/normalWeightCutoff' to usd-property 'OmniRtxDebugSettingsAPI_1.omni:rtx:sdg:crossCamera:bilateral:normal:weightCutoff'
2026-09-10T04:25:04Z [14,374ms] [Info] [omni.rtx] Mapping carb-setting '/rtx/sdg/crossCamera/bilateral/positionSigma' to usd-property 'OmniRtxDebugSettingsAPI_1.omni:rtx:sdg:crossCamera:bilateral:position:sigma'
2026-09-10T04:25:04Z [14,374ms] [Info] [omni.rtx] Mapping carb-setting '/rtx/sdg/crossCamera/bilateral/positionSigmaExponent' to usd-property 'OmniRtxDebugSettingsAPI_1.omni:rtx:sdg:crossCamera:bilateral:position:sigmaExponent'
2026-09-10T04:25:04Z [14,374ms] [Info] [omni.rtx] Mapping carb-setting '/rtx/sdg/crossCamera/bilateral/positionSigmaScale' to usd-property 'OmniRtxDebugSettingsAPI_1.omni:rtx:sdg:crossCamera:bilateral:position:sigmaScale'
2026-09-10T04:25:04Z [14,374ms] [Info] [omni.rtx] Mapping carb-setting '/rtx/sdg/crossCamera/bilateral/positionWeightCutoff' to usd-property 'OmniRtxDebugSettingsAPI_1.omni:rtx:sdg:crossCamera:bilateral:position:weightCutoff'
2026-09-10T04:25:04Z [14,374ms] [Info] [omni.rtx] Mapping carb-setting '/rtx/sdg/crossCamera/debugOutputReprojectedNormals' to usd-property 'OmniRtxDebugSettingsAPI_1.omni:rtx:sdg:crossCamera:debugOutput:reprojectedNormals'
2026-09-10T04:25:04Z [14,374ms] [Info] [omni.rtx] Mapping carb-setting '/rtx/sdg/crossCamera/occlusionCheckRange' to usd-property 'OmniRtxDebugSettingsAPI_1.omni:rtx:sdg:crossCamera:occlusion:checkRange'
2026-09-10T04:25:04Z [14,374ms] [Info] [omni.rtx] Mapping carb-setting '/rtx/sdg/crossCamera/occlusionWeightCutoff' to usd-property 'OmniRtxDebugSettingsAPI_1.omni:rtx:sdg:crossCamera:occlusion:weightCutoff'
2026-09-10T04:25:04Z [14,374ms] [Info] [omni.rtx] Mapping carb-setting '/rtx/shadows/constantSeed' to usd-property 'OmniRtxDebugSettingsAPI_1.omni:rtx:shadows:constantSeed'
2026-09-10T04:25:04Z [14,374ms] [Info] [omni.rtx] Mapping carb-setting '/rtx/shadows/denoiser/enable' to usd-property 'OmniRtxDebugSettingsAPI_1.omni:rtx:shadows:denoiser:enabled'
2026-09-10T04:25:04Z [14,374ms] [Info] [omni.rtx] Mapping carb-setting '/rtx/shadows/denoiser/quarterRes' to usd-property 'OmniRtxDebugSettingsAPI_1.omni:rtx:shadows:denoiser:quarterRes'
2026-09-10T04:25:04Z [14,374ms] [Info] [omni.rtx] Mapping carb-setting '/rtx/shadows/enabled' to usd-property 'OmniRtxDebugSettingsAPI_1.omni:rtx:shadows:enabled'
2026-09-10T04:25:04Z [14,374ms] [Info] [omni.rtx] Mapping carb-setting '/rtx/shadows/fractionalCutoutOpacity' to usd-property 'OmniRtxDebugSettingsAPI_1.omni:rtx:shadows:fractionalCutoutOpacity'
2026-09-10T04:25:04Z [14,374ms] [Info] [omni.rtx] Mapping carb-setting '/rtx/shadows/sampleCount' to usd-property 'OmniRtxDebugSettingsAPI_1.omni:rtx:shadows:sampleCount'
2026-09-10T04:25:04Z [14,374ms] [Info] [omni.rtx] Mapping carb-setting '/rtx/shadows/enableSpatialFiltering' to usd-property 'OmniRtxDebugSettingsAPI_1.omni:rtx:shadows:spatialFiltering:enabled'
2026-09-10T04:25:04Z [14,374ms] [Info] [omni.rtx] Mapping carb-setting '/rtx/shadows/stratifySamples' to usd-property 'OmniRtxDebugSettingsAPI_1.omni:rtx:shadows:stratifySamples'
2026-09-10T04:25:04Z [14,374ms] [Info] [omni.rtx] Mapping carb-setting '/rtx/translucency/magnificationGbufferThreshold' to usd-property 'OmniRtxDebugSettingsAPI_1.omni:rtx:translucency:magnificationGbufferThreshold'
2026-09-10T04:25:04Z [14,374ms] [Info] [omni.rtx] Mapping carb-setting '/rtx/translucency/randomisedSamplingScale' to usd-property 'OmniRtxDebugSettingsAPI_1.omni:rtx:translucency:randomisedSamplingScale'
2026-09-10T04:25:04Z [14,374ms] [Info] [omni.rtx] Mapping carb-setting '/rtx/translucency/reflectionThroughputThreshold' to usd-property 'OmniRtxDebugSettingsAPI_1.omni:rtx:translucency:reflectionThroughputThreshold'
2026-09-10T04:25:04Z [14,374ms] [Info] [omni.rtx] Mapping carb-setting '/rtx/translucency/worldEps' to usd-property 'OmniRtxDebugSettingsAPI_1.omni:rtx:translucency:worldEps'
2026-09-10T04:25:04Z [14,375ms] [Info] [omni.rtx] Mapping carb-setting '/rtx/post/aa/autoExposureMode' to usd-property 'OmniRtxPostDebugSettingsAPI_1.omni:rtx:post:aa:autoExposureMode'
2026-09-10T04:25:04Z [14,375ms] [Info] [omni.rtx] Mapping carb-setting '/rtx/post/aa/exposure' to usd-property 'OmniRtxPostDebugSettingsAPI_1.omni:rtx:post:aa:exposure'
2026-09-10T04:25:04Z [14,375ms] [Info] [omni.rtx] Mapping carb-setting '/rtx/post/aa/exposureMultiplier' to usd-property 'OmniRtxPostDebugSettingsAPI_1.omni:rtx:post:aa:exposureMultiplier'
2026-09-10T04:25:04Z [14,375ms] [Info] [omni.rtx] Mapping carb-setting '/rtx-transient/post/aa/limitedOps' to usd-property 'OmniRtxPostDebugSettingsAPI_1.omni:rtx:post:aa:limitedOps'
2026-09-10T04:25:04Z [14,375ms] [Info] [omni.rtx] Mapping carb-setting '/rtx/post/aa/op' to usd-property 'OmniRtxPostDebugSettingsAPI_1.omni:rtx:post:aa:op'
2026-09-10T04:25:04Z [14,375ms] [Info] [omni.rtx] Mapping carb-setting '/rtx/post/aa/sharpness' to usd-property 'OmniRtxPostDebugSettingsAPI_1.omni:rtx:post:aa:sharpness'
2026-09-10T04:25:04Z [14,375ms] [Info] [omni.rtx] Mapping carb-setting '/rtx/aovConverter/linearizeDepthFilterBackground' to usd-property 'OmniRtxPostDebugSettingsAPI_1.omni:rtx:post:aovConverter:linearizeDepthFilterBackground'
2026-09-10T04:25:04Z [14,375ms] [Info] [omni.rtx] Mapping carb-setting '/rtx/post/backgroundZeroAlpha/backplateLuminanceScale' to usd-property 'OmniRtxPostDebugSettingsAPI_1.omni:rtx:post:backgroundZeroAlpha:backplateLuminanceScale'
2026-09-10T04:25:04Z [14,375ms] [Info] [omni.rtx] Mapping carb-setting '/rtx/post/backgroundZeroAlpha/enableLensDistortionCorrection' to usd-property 'OmniRtxPostDebugSettingsAPI_1.omni:rtx:post:backgroundZeroAlpha:lensDistortionCorrection:enabled'
2026-09-10T04:25:04Z [14,375ms] [Info] [omni.rtx] Mapping carb-setting '/rtx/post/backgroundZeroAlpha/sdiio/enabled' to usd-property 'OmniRtxPostDebugSettingsAPI_1.omni:rtx:post:backgroundZeroAlpha:sdiio:enabled'
2026-09-10T04:25:04Z [14,375ms] [Info] [omni.rtx] Mapping carb-setting '/rtx/post/backgroundZeroAlpha/sdiio/streamIndex' to usd-property 'OmniRtxPostDebugSettingsAPI_1.omni:rtx:post:backgroundZeroAlpha:sdiio:streamIndex'
2026-09-10T04:25:04Z [14,375ms] [Info] [omni.rtx] Mapping carb-setting '/rtx/post/chromaticAberration/modeB' to usd-property 'OmniRtxPostDebugSettingsAPI_1.omni:rtx:post:chromab:modeB'
2026-09-10T04:25:04Z [14,375ms] [Info] [omni.rtx] Mismatched between usd-schema and carb-setting 'omni:rtx:post:chromab:modeB', '/rtx/post/chromaticAberration/modeB'
      usd-names are 'omni:rtx:post:chromab:algorithmB' vs. 'omni:rtx:post:chromab:modeB'
2026-09-10T04:25:04Z [14,375ms] [Info] [omni.rtx] Mapping carb-setting '/rtx/post/chromaticAberration/modeG' to usd-property 'OmniRtxPostDebugSettingsAPI_1.omni:rtx:post:chromab:modeG'
2026-09-10T04:25:04Z [14,375ms] [Info] [omni.rtx] Mismatched between usd-schema and carb-setting 'omni:rtx:post:chromab:modeG', '/rtx/post/chromaticAberration/modeG'
      usd-names are 'omni:rtx:post:chromab:algorithmG' vs. 'omni:rtx:post:chromab:modeG'
2026-09-10T04:25:04Z [14,375ms] [Info] [omni.rtx] Mapping carb-setting '/rtx/post/colorcorr/contrast' to usd-property 'OmniRtxPostDebugSettingsAPI_1.omni:rtx:post:colorcorr:contrast'
2026-09-10T04:25:04Z [14,375ms] [Info] [omni.rtx] Mapping carb-setting '/rtx/post/colorcorr/enabled' to usd-property 'OmniRtxPostDebugSettingsAPI_1.omni:rtx:post:colorcorr:enabled'
2026-09-10T04:25:04Z [14,375ms] [Info] [omni.rtx] Mapping carb-setting '/rtx/post/colorcorr/gain' to usd-property 'OmniRtxPostDebugSettingsAPI_1.omni:rtx:post:colorcorr:gain'
2026-09-10T04:25:04Z [14,375ms] [Info] [omni.rtx] Mapping carb-setting '/rtx/post/colorcorr/gamma' to usd-property 'OmniRtxPostDebugSettingsAPI_1.omni:rtx:post:colorcorr:gamma'
2026-09-10T04:25:04Z [14,375ms] [Info] [omni.rtx] Mapping carb-setting '/rtx/post/colorcorr/mode' to usd-property 'OmniRtxPostDebugSettingsAPI_1.omni:rtx:post:colorcorr:mode'
2026-09-10T04:25:04Z [14,375ms] [Info] [omni.rtx] Mapping carb-setting '/rtx/post/colorcorr/offset' to usd-property 'OmniRtxPostDebugSettingsAPI_1.omni:rtx:post:colorcorr:offset'
2026-09-10T04:25:04Z [14,375ms] [Info] [omni.rtx] Mapping carb-setting '/rtx/post/colorcorr/outputMode' to usd-property 'OmniRtxPostDebugSettingsAPI_1.omni:rtx:post:colorcorr:outputMode'
2026-09-10T04:25:04Z [14,375ms] [Info] [omni.rtx] Mapping carb-setting '/rtx/post/colorgrad/mode' to usd-property 'OmniRtxPostDebugSettingsAPI_1.omni:rtx:post:colorgrade:mode'
2026-09-10T04:25:04Z [14,375ms] [Info] [omni.rtx] Mapping carb-setting '/rtx/post/colorgrad/outputMode' to usd-property 'OmniRtxPostDebugSettingsAPI_1.omni:rtx:post:colorgrade:outputMode'
2026-09-10T04:25:04Z [14,375ms] [Info] [omni.rtx] Mapping carb-setting '/rtx/post/dlss/manualScaling' to usd-property 'OmniRtxPostDebugSettingsAPI_1.omni:rtx:post:dlss:manualScaling'
2026-09-10T04:25:04Z [14,375ms] [Info] [omni.rtx] Mapping carb-setting '/rtx/post/dof/eightResThreshold' to usd-property 'OmniRtxPostDebugSettingsAPI_1.omni:rtx:post:dof:eightResThreshold'
2026-09-10T04:25:04Z [14,375ms] [Info] [omni.rtx] Mapping carb-setting '/rtx/post/dof/halfResThreshold' to usd-property 'OmniRtxPostDebugSettingsAPI_1.omni:rtx:post:dof:halfResThreshold'
2026-09-10T04:25:04Z [14,375ms] [Info] [omni.rtx] Mapping carb-setting '/rtx/post/dof/overrideEnabled' to usd-property 'OmniRtxPostDebugSettingsAPI_1.omni:rtx:post:dof:overrideEnabled'
2026-09-10T04:25:04Z [14,375ms] [Info] [omni.rtx] Mapping carb-setting '/rtx/post/dof/quarterResThreshold' to usd-property 'OmniRtxPostDebugSettingsAPI_1.omni:rtx:post:dof:quarterResThreshold'
2026-09-10T04:25:04Z [14,375ms] [Info] [omni.rtx] Mapping carb-setting '/rtx/post/fxaa/qualityEdgeThreshold' to usd-property 'OmniRtxPostDebugSettingsAPI_1.omni:rtx:post:fxaa:quality:edgeThreshold'
2026-09-10T04:25:04Z [14,375ms] [Info] [omni.rtx] Mapping carb-setting '/rtx/post/fxaa/qualityEdgeThresholdMin' to usd-property 'OmniRtxPostDebugSettingsAPI_1.omni:rtx:post:fxaa:quality:edgeThresholdMin'
2026-09-10T04:25:04Z [14,375ms] [Info] [omni.rtx] Mapping carb-setting '/rtx/post/fxaa/qualitySubPix' to usd-property 'OmniRtxPostDebugSettingsAPI_1.omni:rtx:post:fxaa:quality:subPixel'
2026-09-10T04:25:04Z [14,375ms] [Info] [omni.rtx] Mapping carb-setting '/rtx/post/histogram/loglumrange' to usd-property 'OmniRtxPostDebugSettingsAPI_1.omni:rtx:post:histogram:loglumrange'
2026-09-10T04:25:04Z [14,375ms] [Info] [omni.rtx] Mapping carb-setting '/rtx/post/histogram/minloglum' to usd-property 'OmniRtxPostDebugSettingsAPI_1.omni:rtx:post:histogram:minloglum'
2026-09-10T04:25:04Z [14,375ms] [Info] [omni.rtx] Mapping carb-setting '/rtx/post/lensDistortion/cameraFocalLength' to usd-property 'OmniRtxPostDebugSettingsAPI_1.omni:rtx:post:lensDistortion:cameraFocalLength'
2026-09-10T04:25:04Z [14,375ms] [Info] [omni.rtx] Mapping carb-setting '/rtx/post/lensDistortion/distortionMap' to usd-property 'OmniRtxPostDebugSettingsAPI_1.omni:rtx:post:lensDistortion:distortionMap'
2026-09-10T04:25:04Z [14,375ms] [Info] [omni.rtx] Mapping carb-setting '/rtx/post/lensDistortion/enabled' to usd-property 'OmniRtxPostDebugSettingsAPI_1.omni:rtx:post:lensDistortion:enabled'
2026-09-10T04:25:04Z [14,375ms] [Info] [omni.rtx] Mapping carb-setting '/rtx/post/lensDistortion/lensFocalLengthArray' to usd-property 'OmniRtxPostDebugSettingsAPI_1.omni:rtx:post:lensDistortion:lensFocalLengthArray'
2026-09-10T04:25:04Z [14,375ms] [Info] [omni.rtx] Mapping carb-setting '/rtx/post/lensDistortion/overrideEnabled' to usd-property 'OmniRtxPostDebugSettingsAPI_1.omni:rtx:post:lensDistortion:overrideEnabled'
2026-09-10T04:25:04Z [14,375ms] [Info] [omni.rtx] Mapping carb-setting '/rtx/post/lensDistortion/undistortionMap' to usd-property 'OmniRtxPostDebugSettingsAPI_1.omni:rtx:post:lensDistortion:undistortionMap'
2026-09-10T04:25:04Z [14,375ms] [Info] [omni.rtx] Mapping carb-setting '/rtx/post/lensFlares/anisoFlareFalloffX' to usd-property 'OmniRtxPostDebugSettingsAPI_1.omni:rtx:post:lensFlares:anisoFlareFalloffX'
2026-09-10T04:25:04Z [14,375ms] [Info] [omni.rtx] Mapping carb-setting '/rtx/post/lensFlares/anisoFlareFalloffY' to usd-property 'OmniRtxPostDebugSettingsAPI_1.omni:rtx:post:lensFlares:anisoFlareFalloffY'
2026-09-10T04:25:04Z [14,375ms] [Info] [omni.rtx] Mapping carb-setting '/rtx/post/lensFlares/anisoFlareWeight' to usd-property 'OmniRtxPostDebugSettingsAPI_1.omni:rtx:post:lensFlares:anisoFlareWeight'
2026-09-10T04:25:04Z [14,375ms] [Info] [omni.rtx] Mapping carb-setting '/rtx/post/lensFlares/haloFlareFalloff' to usd-property 'OmniRtxPostDebugSettingsAPI_1.omni:rtx:post:lensFlares:haloFlareFalloff'
2026-09-10T04:25:04Z [14,375ms] [Info] [omni.rtx] Mapping carb-setting '/rtx/post/lensFlares/haloFlareRadius' to usd-property 'OmniRtxPostDebugSettingsAPI_1.omni:rtx:post:lensFlares:haloFlareRadius'
2026-09-10T04:25:04Z [14,375ms] [Info] [omni.rtx] Mapping carb-setting '/rtx/post/lensFlares/haloFlareWeight' to usd-property 'OmniRtxPostDebugSettingsAPI_1.omni:rtx:post:lensFlares:haloFlareWeight'
2026-09-10T04:25:04Z [14,375ms] [Info] [omni.rtx] Mapping carb-setting '/rtx/post/lensFlares/isotropicFlareFalloff' to usd-property 'OmniRtxPostDebugSettingsAPI_1.omni:rtx:post:lensFlares:isotropicFlareFalloff'
2026-09-10T04:25:04Z [14,375ms] [Info] [omni.rtx] Mapping carb-setting '/rtx/post/lensFlares/isotropicFlareWeight' to usd-property 'OmniRtxPostDebugSettingsAPI_1.omni:rtx:post:lensFlares:isotropicFlareWeight'
2026-09-10T04:25:04Z [14,375ms] [Info] [omni.rtx] Mapping carb-setting '/rtx/post/lensFlares/physicalSettings' to usd-property 'OmniRtxPostDebugSettingsAPI_1.omni:rtx:post:lensFlares:physicalSettings'
2026-09-10T04:25:04Z [14,375ms] [Info] [omni.rtx] Mapping carb-setting '/rtx/post/lensFlares/use2KFFT' to usd-property 'OmniRtxPostDebugSettingsAPI_1.omni:rtx:post:lensFlares:use2KFFT'
2026-09-10T04:25:04Z [14,375ms] [Info] [omni.rtx] Mapping carb-setting '/rtx/post/registeredCompositing/enabled' to usd-property 'OmniRtxPostDebugSettingsAPI_1.omni:rtx:post:registeredCompositing:enabled'
2026-09-10T04:25:04Z [14,375ms] [Info] [omni.rtx] Mapping carb-setting '/rtx/post/registeredCompositing/invertColorCorrection' to usd-property 'OmniRtxPostDebugSettingsAPI_1.omni:rtx:post:registeredCompositing:invertColorCorrection'
2026-09-10T04:25:04Z [14,375ms] [Info] [omni.rtx] Mapping carb-setting '/rtx/post/registeredCompositing/invertToneMap' to usd-property 'OmniRtxPostDebugSettingsAPI_1.omni:rtx:post:registeredCompositing:invertToneMap'
2026-09-10T04:25:04Z [14,375ms] [Info] [omni.rtx] Mapping carb-setting '/rtx/post/scaling/staticRatio' to usd-property 'OmniRtxPostDebugSettingsAPI_1.omni:rtx:post:scaling:staticRatio'
2026-09-10T04:25:04Z [14,375ms] [Info] [omni.rtx] Mapping carb-setting '/rtx/post/taa/alpha' to usd-property 'OmniRtxPostDebugSettingsAPI_1.omni:rtx:post:taa:alpha'
2026-09-10T04:25:04Z [14,375ms] [Info] [omni.rtx] Mapping carb-setting '/rtx/post/taa/colorBoxSigma' to usd-property 'OmniRtxPostDebugSettingsAPI_1.omni:rtx:post:taa:colorBoxSigma'
2026-09-10T04:25:04Z [14,375ms] [Info] [omni.rtx] Mapping carb-setting '/rtx/post/taa/samples' to usd-property 'OmniRtxPostDebugSettingsAPI_1.omni:rtx:post:taa:samples'
2026-09-10T04:25:04Z [14,375ms] [Info] [omni.rtx] Mapping carb-setting '/rtx/post/tonemap/colorMode' to usd-property 'OmniRtxPostDebugSettingsAPI_1.omni:rtx:post:tonemap:colorMode'
2026-09-10T04:25:04Z [14,375ms] [Info] [omni.rtx] Mapping carb-setting '/rtx/post/tonemap/enableSrgbToGamma' to usd-property 'OmniRtxPostDebugSettingsAPI_1.omni:rtx:post:tonemap:enableSrgbToGamma'
2026-09-10T04:25:04Z [14,375ms] [Info] [omni.rtx] Mapping carb-setting '/rtx/post/tonemap/exposureKey' to usd-property 'OmniRtxPostDebugSettingsAPI_1.omni:rtx:post:tonemap:exposureKey'
2026-09-10T04:25:04Z [14,375ms] [Info] [omni.rtx] Mapping carb-setting '/rtx/post/tonemap/maxWhiteLuminance' to usd-property 'OmniRtxPostDebugSettingsAPI_1.omni:rtx:post:tonemap:maxWhiteLuminance'
2026-09-10T04:25:04Z [14,375ms] [Info] [omni.rtx] Mapping carb-setting '/rtx/post/tonemap/whitepoint' to usd-property 'OmniRtxPostDebugSettingsAPI_1.omni:rtx:post:tonemap:whitepoint'
2026-09-10T04:25:04Z [14,375ms] [Info] [omni.rtx] Mapping carb-setting '/rtx/post/tonemap/whiteScale' to usd-property 'OmniRtxPostDebugSettingsAPI_1.omni:rtx:post:tonemap:whiteScale'
2026-09-10T04:25:04Z [14,375ms] [Info] [omni.rtx] Mapping carb-setting '/rtx/post/tonemap/wrapValue' to usd-property 'OmniRtxPostDebugSettingsAPI_1.omni:rtx:post:tonemap:wrapValue'
2026-09-10T04:25:04Z [14,375ms] [Info] [omni.rtx] Mapping carb-setting '/rtx/viewTile/limit' to usd-property 'OmniRtxPostDebugSettingsAPI_1.omni:rtx:viewTile:limit'
2026-09-10T04:25:04Z [14,375ms] [Info] [omni.rtx] Mapping carb-setting '/rtx/viewTile/resolution' to usd-property 'OmniRtxPostDebugSettingsAPI_1.omni:rtx:viewTile:resolution'
2026-09-10T04:25:04Z [14,375ms] [Info] [omni.rtx] Mapping carb-setting '/rtx/xr/xrdepth/hitType' to usd-property 'OmniRtxXrAPI_1.omni:rtx:xr:xrdepth:hitType'
2026-09-10T04:25:04Z [14,375ms] [Info] [omni.rtx] Mapping carb-setting '/rtx/xr/xrdepth/refraction/mask/enabled' to usd-property 'OmniRtxXrAPI_1.omni:rtx:xr:xrdepth:refraction:mask:enabled'
2026-09-10T04:25:04Z [14,375ms] [Info] [omni.rtx] Mapping carb-setting '/rtx/xr/xrdepth/refraction/mask/maxCurvature' to usd-property 'OmniRtxXrAPI_1.omni:rtx:xr:xrdepth:refraction:mask:maxCurvature'
2026-09-10T04:25:04Z [14,375ms] [Info] [omni.rtx] Mapping carb-setting '/rtx/xr/xrdepth/refraction/mask/maxRefractionAngle' to usd-property 'OmniRtxXrAPI_1.omni:rtx:xr:xrdepth:refraction:mask:maxRefractionAngle'
2026-09-10T04:25:04Z [14,375ms] [Info] [omni.rtx] No setting was found for '/rtx/post/histogram/whiteScale'
2026-09-10T04:25:04Z [14,375ms] [Info] [omni.rtx] No setting was found for '/rtx/post/histogram/filterType'
2026-09-10T04:25:04Z [14,375ms] [Info] [omni.rtx] No setting was found for '/rtx/post/histogram/minEV'
2026-09-10T04:25:04Z [14,375ms] [Info] [omni.rtx] No setting was found for '/rtx/post/histogram/maxEV'
2026-09-10T04:25:04Z [14,375ms] [Info] [omni.rtx] No setting was found for '/rtx/post/histogram/useExposureClamping'
2026-09-10T04:25:04Z [14,375ms] [Info] [omni.rtx] No setting was found for '/rtx/post/histogram/enabled'
2026-09-10T04:25:04Z [14,375ms] [Info] [omni.rtx] No setting was found for '/rtx/post/histogram/tau'
2026-09-10T04:25:04Z [14,375ms] [Info] [omni.rtx] No setting was found for '/rtx/post/tonemap/exposureTime'
2026-09-10T04:25:04Z [14,375ms] [Info] [omni.rtx] No setting was found for '/rtx/post/tonemap/responsivity'
2026-09-10T04:25:04Z [14,375ms] [Info] [omni.rtx] No setting was found for '/rtx/post/tonemap/filmIso'
2026-09-10T04:25:04Z [14,375ms] [Info] [omni.rtx] No setting was found for '/rtx/post/tonemap/fNumber'
2026-09-10T04:25:04Z [14,375ms] [Info] [omni.rtx] No setting was found for '/rtx/xr/xrdepth/refraction/mask/maxRefractionAngle'
2026-09-10T04:25:04Z [14,375ms] [Info] [omni.rtx] No setting was found for '/rtx/xr/xrdepth/refraction/mask/maxCurvature'
2026-09-10T04:25:04Z [14,375ms] [Info] [omni.rtx] No setting was found for '/rtx/xr/xrdepth/refraction/mask/enabled'
2026-09-10T04:25:04Z [14,375ms] [Info] [omni.rtx] No setting was found for '/rtx/xr/xrdepth/hitType'
2026-09-10T04:25:04Z [14,375ms] [Info] [omni.rtx] No setting was found for '/rtx/pathtracing/mgpu/enabled'
2026-09-10T04:25:04Z [14,375ms] [Info] [omni.rtx] No setting was found for '/rtx/realtime/mgpu/enabled'
2026-09-10T04:25:04Z [14,375ms] [Info] [omni.rtx] No setting was found for '/rtx/viewTile/resolution'
2026-09-10T04:25:04Z [14,375ms] [Info] [omni.rtx] No setting was found for '/rtx/post/tonemap/wrapValue'
2026-09-10T04:25:04Z [14,375ms] [Info] [omni.rtx] No setting was found for '/rtx/post/tonemap/whiteScale'
2026-09-10T04:25:04Z [14,375ms] [Info] [omni.rtx] No setting was found for '/rtx/post/tonemap/whitepoint'
2026-09-10T04:25:04Z [14,375ms] [Info] [omni.rtx] No setting was found for '/rtx/post/tonemap/maxWhiteLuminance'
2026-09-10T04:25:04Z [14,375ms] [Info] [omni.rtx] No setting was found for '/rtx/post/tonemap/exposureKey'
2026-09-10T04:25:04Z [14,375ms] [Info] [omni.rtx] No setting was found for '/rtx/post/tonemap/enableSrgbToGamma'
2026-09-10T04:25:04Z [14,375ms] [Info] [omni.rtx] No setting was found for '/rtx/post/tonemap/colorMode'
2026-09-10T04:25:04Z [14,375ms] [Info] [omni.rtx] No setting was found for '/rtx/post/taa/samples'
2026-09-10T04:25:04Z [14,375ms] [Info] [omni.rtx] No setting was found for '/rtx/post/taa/colorBoxSigma'
2026-09-10T04:25:04Z [14,375ms] [Info] [omni.rtx] No setting was found for '/rtx/post/taa/alpha'
2026-09-10T04:25:04Z [14,375ms] [Info] [omni.rtx] No setting was found for '/rtx/post/scaling/staticRatio'
2026-09-10T04:25:04Z [14,375ms] [Info] [omni.rtx] No setting was found for '/rtx/post/registeredCompositing/invertToneMap'
2026-09-10T04:25:04Z [14,375ms] [Info] [omni.rtx] No setting was found for '/rtx/post/registeredCompositing/invertColorCorrection'
2026-09-10T04:25:04Z [14,375ms] [Info] [omni.rtx] No setting was found for '/rtx/post/registeredCompositing/enabled'
2026-09-10T04:25:04Z [14,375ms] [Info] [omni.rtx] No setting was found for '/rtx/post/lensFlares/use2KFFT'
2026-09-10T04:25:04Z [14,375ms] [Info] [omni.rtx] No setting was found for '/rtx/post/lensFlares/physicalSettings'
2026-09-10T04:25:04Z [14,375ms] [Info] [omni.rtx] No setting was found for '/rtx/post/lensFlares/isotropicFlareWeight'
2026-09-10T04:25:04Z [14,375ms] [Info] [omni.rtx] No setting was found for '/rtx/post/lensFlares/isotropicFlareFalloff'
2026-09-10T04:25:04Z [14,375ms] [Info] [omni.rtx] No setting was found for '/rtx/post/lensFlares/haloFlareWeight'
2026-09-10T04:25:04Z [14,375ms] [Info] [omni.rtx] No setting was found for '/rtx/post/lensFlares/haloFlareRadius'
2026-09-10T04:25:04Z [14,375ms] [Info] [omni.rtx] No setting was found for '/rtx/post/lensFlares/haloFlareFalloff'
2026-09-10T04:25:04Z [14,375ms] [Info] [omni.rtx] No setting was found for '/rtx/post/lensFlares/anisoFlareWeight'
2026-09-10T04:25:04Z [14,375ms] [Info] [omni.rtx] No setting was found for '/rtx/post/lensFlares/anisoFlareFalloffY'
2026-09-10T04:25:04Z [14,375ms] [Info] [omni.rtx] No setting was found for '/rtx/post/lensFlares/anisoFlareFalloffX'
2026-09-10T04:25:04Z [14,375ms] [Info] [omni.rtx] No setting was found for '/rtx/post/lensDistortion/undistortionMap'
2026-09-10T04:25:04Z [14,375ms] [Info] [omni.rtx] No setting was found for '/rtx/post/lensDistortion/overrideEnabled'
2026-09-10T04:25:04Z [14,375ms] [Info] [omni.rtx] No setting was found for '/rtx/post/lensDistortion/lensFocalLengthArray'
2026-09-10T04:25:04Z [14,375ms] [Info] [omni.rtx] No setting was found for '/rtx/post/lensDistortion/enabled'
2026-09-10T04:25:04Z [14,375ms] [Info] [omni.rtx] No setting was found for '/rtx/post/lensDistortion/distortionMap'
2026-09-10T04:25:04Z [14,375ms] [Info] [omni.rtx] No setting was found for '/rtx/post/lensDistortion/cameraFocalLength'
2026-09-10T04:25:04Z [14,375ms] [Info] [omni.rtx] No setting was found for '/rtx/post/histogram/minloglum'
2026-09-10T04:25:04Z [14,375ms] [Info] [omni.rtx] No setting was found for '/rtx/post/histogram/loglumrange'
2026-09-10T04:25:04Z [14,375ms] [Info] [omni.rtx] No setting was found for '/rtx/post/fxaa/qualitySubPix'
2026-09-10T04:25:04Z [14,375ms] [Info] [omni.rtx] No setting was found for '/rtx/post/fxaa/qualityEdgeThresholdMin'
2026-09-10T04:25:04Z [14,375ms] [Info] [omni.rtx] No setting was found for '/rtx/post/fxaa/qualityEdgeThreshold'
2026-09-10T04:25:04Z [14,375ms] [Info] [omni.rtx] No setting was found for '/rtx/post/dof/quarterResThreshold'
2026-09-10T04:25:04Z [14,375ms] [Info] [omni.rtx] No setting was found for '/rtx/post/dof/overrideEnabled'
2026-09-10T04:25:04Z [14,375ms] [Info] [omni.rtx] No setting was found for '/rtx/post/dof/halfResThreshold'
2026-09-10T04:25:04Z [14,375ms] [Info] [omni.rtx] No setting was found for '/rtx/post/dof/eightResThreshold'
2026-09-10T04:25:04Z [14,375ms] [Info] [omni.rtx] No setting was found for '/rtx/post/dlss/manualScaling'
2026-09-10T04:25:04Z [14,375ms] [Info] [omni.rtx] No setting was found for '/rtx/post/colorgrad/outputMode'
2026-09-10T04:25:04Z [14,375ms] [Info] [omni.rtx] No setting was found for '/rtx/post/colorgrad/mode'
2026-09-10T04:25:04Z [14,375ms] [Info] [omni.rtx] No setting was found for '/rtx/post/colorcorr/outputMode'
2026-09-10T04:25:04Z [14,375ms] [Info] [omni.rtx] No setting was found for '/rtx/post/colorcorr/offset'
2026-09-10T04:25:04Z [14,375ms] [Info] [omni.rtx] No setting was found for '/rtx/post/colorcorr/mode'
2026-09-10T04:25:04Z [14,375ms] [Info] [omni.rtx] No setting was found for '/rtx/post/colorcorr/gamma'
2026-09-10T04:25:04Z [14,375ms] [Info] [omni.rtx] No setting was found for '/rtx/post/colorcorr/gain'
2026-09-10T04:25:04Z [14,375ms] [Info] [omni.rtx] No setting was found for '/rtx/post/colorcorr/enabled'
2026-09-10T04:25:04Z [14,375ms] [Info] [omni.rtx] No setting was found for '/rtx/post/colorcorr/contrast'
2026-09-10T04:25:04Z [14,375ms] [Info] [omni.rtx] No setting was found for '/rtx/post/backgroundZeroAlpha/sdiio/streamIndex'
2026-09-10T04:25:04Z [14,375ms] [Info] [omni.rtx] No setting was found for '/rtx/post/backgroundZeroAlpha/sdiio/enabled'
2026-09-10T04:25:04Z [14,375ms] [Info] [omni.rtx] No setting was found for '/rtx/post/backgroundZeroAlpha/enableLensDistortionCorrection'
2026-09-10T04:25:04Z [14,375ms] [Info] [omni.rtx] No setting was found for '/rtx/post/backgroundZeroAlpha/backplateLuminanceScale'
2026-09-10T04:25:04Z [14,375ms] [Info] [omni.rtx] No setting was found for '/rtx/aovConverter/linearizeDepthFilterBackground'
2026-09-10T04:25:04Z [14,375ms] [Info] [omni.rtx] No setting was found for '/rtx/post/aa/sharpness'
2026-09-10T04:25:04Z [14,375ms] [Info] [omni.rtx] No setting was found for '/rtx-transient/post/aa/limitedOps'
2026-09-10T04:25:04Z [14,375ms] [Info] [omni.rtx] No setting was found for '/rtx/post/aa/exposureMultiplier'
2026-09-10T04:25:04Z [14,375ms] [Info] [omni.rtx] No setting was found for '/rtx/post/aa/exposure'
2026-09-10T04:25:04Z [14,375ms] [Info] [omni.rtx] No setting was found for '/rtx/post/aa/autoExposureMode'
2026-09-10T04:25:04Z [14,375ms] [Info] [omni.rtx] No setting was found for '/rtx/translucency/worldEps'
2026-09-10T04:25:04Z [14,375ms] [Info] [omni.rtx] No setting was found for '/rtx/translucency/reflectionThroughputThreshold'
2026-09-10T04:25:04Z [14,375ms] [Info] [omni.rtx] No setting was found for '/rtx/translucency/randomisedSamplingScale'
2026-09-10T04:25:04Z [14,375ms] [Info] [omni.rtx] No setting was found for '/rtx/translucency/magnificationGbufferThreshold'
2026-09-10T04:25:04Z [14,375ms] [Info] [omni.rtx] No setting was found for '/rtx/shadows/stratifySamples'
2026-09-10T04:25:04Z [14,375ms] [Info] [omni.rtx] No setting was found for '/rtx/shadows/enableSpatialFiltering'
2026-09-10T04:25:04Z [14,375ms] [Info] [omni.rtx] No setting was found for '/rtx/shadows/sampleCount'
2026-09-10T04:25:04Z [14,375ms] [Info] [omni.rtx] No setting was found for '/rtx/shadows/fractionalCutoutOpacity'
2026-09-10T04:25:04Z [14,375ms] [Info] [omni.rtx] No setting was found for '/rtx/shadows/enabled'
2026-09-10T04:25:04Z [14,375ms] [Info] [omni.rtx] No setting was found for '/rtx/shadows/denoiser/quarterRes'
2026-09-10T04:25:04Z [14,375ms] [Info] [omni.rtx] No setting was found for '/rtx/shadows/denoiser/enable'
2026-09-10T04:25:04Z [14,375ms] [Info] [omni.rtx] No setting was found for '/rtx/shadows/constantSeed'
2026-09-10T04:25:04Z [14,375ms] [Info] [omni.rtx] No setting was found for '/rtx/sdg/crossCamera/occlusionWeightCutoff'
2026-09-10T04:25:04Z [14,375ms] [Info] [omni.rtx] No setting was found for '/rtx/sdg/crossCamera/occlusionCheckRange'
2026-09-10T04:25:04Z [14,375ms] [Info] [omni.rtx] No setting was found for '/rtx/sdg/crossCamera/debugOutputReprojectedNormals'
2026-09-10T04:25:04Z [14,375ms] [Info] [omni.rtx] No setting was found for '/rtx/sdg/crossCamera/bilateral/positionWeightCutoff'
2026-09-10T04:25:04Z [14,375ms] [Info] [omni.rtx] No setting was found for '/rtx/sdg/crossCamera/bilateral/positionSigmaScale'
2026-09-10T04:25:04Z [14,375ms] [Info] [omni.rtx] No setting was found for '/rtx/sdg/crossCamera/bilateral/positionSigmaExponent'
2026-09-10T04:25:04Z [14,375ms] [Info] [omni.rtx] No setting was found for '/rtx/sdg/crossCamera/bilateral/positionSigma'
2026-09-10T04:25:04Z [14,375ms] [Info] [omni.rtx] No setting was found for '/rtx/sdg/crossCamera/bilateral/normalWeightCutoff'
2026-09-10T04:25:04Z [14,375ms] [Info] [omni.rtx] No setting was found for '/rtx/sdg/crossCamera/bilateral/normalSigmaExponent'
2026-09-10T04:25:04Z [14,375ms] [Info] [omni.rtx] No setting was found for '/rtx/useViewLightingMode'
2026-09-10T04:25:04Z [14,375ms] [Info] [omni.rtx] No setting was found for '/rtx/rendering/useSimulationTime'
2026-09-10T04:25:04Z [14,375ms] [Info] [omni.rtx] No setting was found for '/rtx/scenedb/useGeometryValidation'
2026-09-10T04:25:04Z [14,375ms] [Info] [omni.rtx] No setting was found for '/rtx/scenedb/useDataDeduplication'
2026-09-10T04:25:04Z [14,375ms] [Info] [omni.rtx] No setting was found for '/rtx/sceneDb/translucencyAsOpacity'
2026-09-10T04:25:04Z [14,375ms] [Info] [omni.rtx] No setting was found for '/rtx/translatedWorldSpace/enabled'
2026-09-10T04:25:04Z [14,375ms] [Info] [omni.rtx] No setting was found for '/rtx/sceneDb/tlasInstanceList/useElementArray'
2026-09-10T04:25:04Z [14,375ms] [Info] [omni.rtx] No setting was found for '/rtx/scenedb/skipMostLights'
2026-09-10T04:25:04Z [14,375ms] [Info] [omni.rtx] No setting was found for '/rtx/sceneDb/skipCmdListMangerDestroy'
2026-09-10T04:25:04Z [14,375ms] [Info] [omni.rtx] No setting was found for '/rtx/selectionRaster/initialize'
2026-09-10T04:25:04Z [14,375ms] [Info] [omni.rtx] No setting was found for '/rtx/selectionRaster/enabled'
2026-09-10T04:25:04Z [14,375ms] [Info] [omni.rtx] No setting was found for '/rtx/sectionPlane/sectionLight'
2026-09-10T04:25:04Z [14,375ms] [Info] [omni.rtx] No setting was found for '/rtx/sectionPlane/plane'
2026-09-10T04:25:04Z [14,375ms] [Info] [omni.rtx] No setting was found for '/rtx/sectionPlane/enabled'
2026-09-10T04:25:04Z [14,375ms] [Info] [omni.rtx] No setting was found for '/rtx/resetPtAccumOnAnimTimeChange'
2026-09-10T04:25:04Z [14,375ms] [Info] [omni.rtx] No setting was found for '/rtx/sceneDb/reservedInstances'
2026-09-10T04:25:04Z [14,375ms] [Info] [omni.rtx] No setting was found for '/rtx/reprojection/positionDifferenceConstant'
2026-09-10T04:25:04Z [14,375ms] [Info] [omni.rtx] No setting was found for '/rtx/reprojection/motionDifference'
2026-09-10T04:25:04Z [14,375ms] [Info] [omni.rtx] No setting was found for '/rtx/scene/renderMeterPerUnit'
2026-09-10T04:25:04Z [14,375ms] [Info] [omni.rtx] No setting was found for '/rtx/multiview/viewGridSize'
2026-09-10T04:25:04Z [14,375ms] [Info] [omni.rtx] No setting was found for '/rtx/lightcache/minPickPdf'
2026-09-10T04:25:04Z [14,375ms] [Info] [omni.rtx] No setting was found for '/rtx/scenedb/instanceMaxScaleFilter'
2026-09-10T04:25:04Z [14,375ms] [Info] [omni.rtx] No setting was found for '/rtx/hydra/weldVertex'
2026-09-10T04:25:04Z [14,375ms] [Info] [omni.rtx] No setting was found for '/rtx/hydra/uvsets/stIsDefaultUvSet'
2026-09-10T04:25:04Z [14,375ms] [Info] [omni.rtx] No setting was found for '/rtx/hydra/TBNFrameMode'
2026-09-10T04:25:04Z [14,375ms] [Info] [omni.rtx] No setting was found for '/rtx/hydra/releaseUnusedInstanceTransformMemory'
2026-09-10T04:25:04Z [14,375ms] [Info] [omni.rtx] No setting was found for '/rtx/hydra/primvars/silenceSizeWarnings'
2026-09-10T04:25:04Z [14,375ms] [Info] [omni.rtx] No setting was found for '/rtx/hydra/perMaterialSyncLoads'
2026-09-10T04:25:04Z [14,375ms] [Info] [omni.rtx] No setting was found for '/rtx/hydra/minFreeSystemMemory'
2026-09-10T04:25:04Z [14,375ms] [Info] [omni.rtx] No setting was found for '/rtx/hydra/minFreeDeviceMemory'
2026-09-10T04:25:04Z [14,375ms] [Info] [omni.rtx] No setting was found for '/rtx/hydra/mdlMaterialWarmup'
2026-09-10T04:25:04Z [14,375ms] [Info] [omni.rtx] No setting was found for '/rtx/hydra/instancePickingEnabled'
2026-09-10T04:25:04Z [14,375ms] [Info] [omni.rtx] No setting was found for '/rtx/hydra/geometrySyncLoads'
2026-09-10T04:25:04Z [14,375ms] [Info] [omni.rtx] No setting was found for '/rtx/hydra/alwaysTickRenderer'
2026-09-10T04:25:04Z [14,375ms] [Info] [omni.rtx] No setting was found for '/rtx/sceneDb/gpuSkinning/enabled'
2026-09-10T04:25:04Z [14,375ms] [Info] [omni.rtx] No setting was found for '/rtx/scenedb/GPUProceduralAABB/enabled'
2026-09-10T04:25:04Z [14,375ms] [Info] [omni.rtx] No setting was found for '/rtx/gatherColorToDisplayDevice'
2026-09-10T04:25:04Z [14,375ms] [Info] [omni.rtx] No setting was found for '/rtx/scenedb/enableXformUpdateLogging'
2026-09-10T04:25:04Z [14,375ms] [Info] [omni.rtx] No setting was found for '/rtx/scenedb/enableUpdateBufferResizing'
2026-09-10T04:25:04Z [14,375ms] [Info] [omni.rtx] No setting was found for '/rtx/scenedb/domeLight/sdiio/enabled'
2026-09-10T04:25:04Z [14,375ms] [Info] [omni.rtx] No setting was found for '/rtx/scenedb/cudaInterop/enabled'
2026-09-10T04:25:04Z [14,375ms] [Info] [omni.rtx] No setting was found for '/rtx/scenedb/compaction/enabled'
2026-09-10T04:25:04Z [14,375ms] [Info] [omni.rtx] No setting was found for '/rtx/sampledLighting/maxShadowRays'
2026-09-10T04:25:04Z [14,375ms] [Info] [omni.rtx] No setting was found for '/rtx/rtpt/subsurface/randomWalk/enabled'
2026-09-10T04:25:04Z [14,375ms] [Info] [omni.rtx] No setting was found for '/rtx/rtpt/rtCompatibility'
2026-09-10T04:25:04Z [14,375ms] [Info] [omni.rtx] No setting was found for '/rtx/rtpt/maxRoughness'
2026-09-10T04:25:04Z [14,375ms] [Info] [omni.rtx] No setting was found for '/rtx/rtpt/cached/useDirectionalBinningHash'
2026-09-10T04:25:04Z [14,375ms] [Info] [omni.rtx] No setting was found for '/rtx/rtpt/cached/updateSampleCount'
2026-09-10T04:25:04Z [14,375ms] [Info] [omni.rtx] No setting was found for '/rtx/rtpt/cached/terminatePathOnFirstDiffuseHit'
2026-09-10T04:25:04Z [14,375ms] [Info] [omni.rtx] No setting was found for '/rtx/rtpt/cached/separatePassCacheUpdate'
2026-09-10T04:25:04Z [14,375ms] [Info] [omni.rtx] No setting was found for '/rtx/rtpt/cached/separateCacheUpdate'
2026-09-10T04:25:04Z [14,375ms] [Info] [omni.rtx] No setting was found for '/rtx/rtpt/cached/pstfTileSize'
2026-09-10T04:25:04Z [14,375ms] [Info] [omni.rtx] No setting was found for '/rtx/rtpt/cached/maxBounces'
2026-09-10T04:25:04Z [14,375ms] [Info] [omni.rtx] No setting was found for '/rtx/rtpt/cached/jitterScale'
2026-09-10T04:25:04Z [14,375ms] [Info] [omni.rtx] No setting was found for '/rtx/rtpt/usePathSplitting'
2026-09-10T04:25:04Z [14,375ms] [Info] [omni.rtx] No setting was found for '/rtx/rtpt/spp'
2026-09-10T04:25:04Z [14,375ms] [Info] [omni.rtx] No setting was found for '/rtx/rtpt/modulatingRoughnessThreshold'
2026-09-10T04:25:04Z [14,375ms] [Info] [omni.rtx] No setting was found for '/rtx/rtpt/splitRateRoughReflection'
2026-09-10T04:25:04Z [14,375ms] [Info] [omni.rtx] No setting was found for '/rtx/rtpt/splittingRoughnessThreshold'
2026-09-10T04:25:04Z [14,375ms] [Info] [omni.rtx] No setting was found for '/rtx/rtpt/fireflyFilter/maxPerEmissiveUnexposedIntensity'
2026-09-10T04:25:04Z [14,375ms] [Info] [omni.rtx] No setting was found for '/rtx/rtpt/fireflyFilter/maxUnexposedIntensityPerSampleDiffuse'
2026-09-10T04:25:04Z [14,375ms] [Info] [omni.rtx] No setting was found for '/rtx/rtpt/fireflyFilter/maxUnexposedIntensityPerSample'
2026-09-10T04:25:04Z [14,375ms] [Info] [omni.rtx] No setting was found for '/rtx/rtpt/fireflyFilter/enabled'
2026-09-10T04:25:04Z [14,375ms] [Info] [omni.rtx] No setting was found for '/rtx/rtpt/translucency/virtualMotion/enabled'
2026-09-10T04:25:04Z [14,375ms] [Info] [omni.rtx] No setting was found for '/rtx/rtpt/splitRoughReflection'
2026-09-10T04:25:04Z [14,375ms] [Info] [omni.rtx] No setting was found for '/rtx/rtpt/splitClearcoat'
2026-09-10T04:25:04Z [14,375ms] [Info] [omni.rtx] No setting was found for '/rtx/rtpt/splitGlass'
2026-09-10T04:25:04Z [14,375ms] [Info] [omni.rtx] No setting was found for '/rtx/rtpt/subsurface/indirectHitInfo/enabled'
2026-09-10T04:25:04Z [14,375ms] [Info] [omni.rtx] No setting was found for '/rtx/rtpt/meshLights/risCount'
2026-09-10T04:25:04Z [14,375ms] [Info] [omni.rtx] No setting was found for '/rtx/rtpt/ris/meshLights'
2026-09-10T04:25:04Z [14,375ms] [Info] [omni.rtx] No setting was found for '/rtx/raytracing/subsurface/transmission/screenSpaceFallbackThresholdScale'
2026-09-10T04:25:04Z [14,375ms] [Info] [omni.rtx] No setting was found for '/rtx/raytracing/subsurface/transmission/ReSTIR/enabled'
2026-09-10T04:25:04Z [14,375ms] [Info] [omni.rtx] No setting was found for '/rtx/raytracing/subsurface/transmission/halfResolutionBackfaceLighting'
2026-09-10T04:25:04Z [14,375ms] [Info] [omni.rtx] No setting was found for '/rtx/raytracing/subsurface/transmission/denoiser/enabled'
2026-09-10T04:25:04Z [14,375ms] [Info] [omni.rtx] No setting was found for '/rtx/raytracing/subsurface/targetVariance'
2026-09-10T04:25:04Z [14,375ms] [Info] [omni.rtx] No setting was found for '/rtx/raytracing/subsurface/shadowRayThreshold'
2026-09-10T04:25:04Z [14,375ms] [Info] [omni.rtx] No setting was found for '/rtx/raytracing/subsurface/historyWeight'
2026-09-10T04:25:04Z [14,375ms] [Info] [omni.rtx] No setting was found for '/rtx/raytracing/subsurface/denoiser/enabled'
2026-09-10T04:25:04Z [14,375ms] [Info] [omni.rtx] No setting was found for '/rtx/raytracing/subpixel/uniformSubpixelJittering'
2026-09-10T04:25:04Z [14,375ms] [Info] [omni.rtx] No setting was found for '/rtx/raytracing/subpixel/modulateRndSequence'
2026-09-10T04:25:04Z [14,375ms] [Info] [omni.rtx] No setting was found for '/rtx/raytracing/subpixel/mode'
2026-09-10T04:25:04Z [14,375ms] [Info] [omni.rtx] No setting was found for '/rtx/raytracing/subpixel/filterRadius'
2026-09-10T04:25:04Z [14,375ms] [Info] [omni.rtx] No setting was found for '/rtx/lightspeed/lighting/radianceClamp'
2026-09-10T04:25:04Z [14,375ms] [Info] [omni.rtx] No setting was found for '/rtx/raytracing/procedural/binderIntersector'
2026-09-10T04:25:04Z [14,375ms] [Info] [omni.rtx] No setting was found for '/rtx/raytracing/picking/minExtent'
2026-09-10T04:25:04Z [14,375ms] [Info] [omni.rtx] No setting was found for '/rtx/raytracing/lightcache/spatialCache/truncated/probability'
2026-09-10T04:25:04Z [14,375ms] [Info] [omni.rtx] No setting was found for '/rtx/raytracing/lightcache/spatialCache/truncated/length'
2026-09-10T04:25:04Z [14,375ms] [Info] [omni.rtx] No setting was found for '/rtx/raytracing/lightcache/spatialCache/truncated/associativity'
2026-09-10T04:25:04Z [14,375ms] [Info] [omni.rtx] No setting was found for '/rtx/raytracing/lightcache/spatialCache/temporalReuse'
2026-09-10T04:25:04Z [14,375ms] [Info] [omni.rtx] No setting was found for '/rtx/raytracing/lightcache/spatialCache/temporalAlpha'
2026-09-10T04:25:04Z [14,375ms] [Info] [omni.rtx] No setting was found for '/rtx/raytracing/lightcache/spatialCache/enableSpatialJittering'
2026-09-10T04:25:04Z [14,375ms] [Info] [omni.rtx] No setting was found for '/rtx/raytracing/lightcache/spatialCache/showDebugView'
2026-09-10T04:25:04Z [14,375ms] [Info] [omni.rtx] No setting was found for '/rtx/raytracing/lightcache/spatialCache/retrace'
2026-09-10T04:25:04Z [14,375ms] [Info] [omni.rtx] No setting was found for '/rtx/raytracing/lightcache/spatialCache/enableNanChecks'
2026-09-10T04:25:04Z [14,375ms] [Info] [omni.rtx] No setting was found for '/rtx/raytracing/lightcache/spatialCache/maxAgeForEviction'
2026-09-10T04:25:04Z [14,375ms] [Info] [omni.rtx] No setting was found for '/rtx/raytracing/lightcache/spatialCache/enableInvCdf'
2026-09-10T04:25:04Z [14,375ms] [Info] [omni.rtx] No setting was found for '/rtx/raytracing/lightcache/spatialCache/forceReset'
2026-09-10T04:25:04Z [14,375ms] [Info] [omni.rtx] No setting was found for '/rtx/raytracing/lightcache/spatialCache/enableFireflyFiltering'
2026-09-10T04:25:04Z [14,375ms] [Info] [omni.rtx] No setting was found for '/rtx/raytracing/lightcache/spatialCache/enabled'
2026-09-10T04:25:04Z [14,375ms] [Info] [omni.rtx] No setting was found for '/rtx/raytracing/lightcache/spatialCache/dontResolveConflicts'
2026-09-10T04:25:04Z [14,375ms] [Info] [omni.rtx] No setting was found for '/rtx/raytracing/lightcache/spatialCache/distanceOverride'
2026-09-10T04:25:04Z [14,375ms] [Info] [omni.rtx] No setting was found for '/rtx/raytracing/lightcache/spatialCache/distanceHashResolution'
2026-09-10T04:25:04Z [14,375ms] [Info] [omni.rtx] No setting was found for '/rtx/raytracing/lightcache/spatialCache/distanceHashBase'
2026-09-10T04:25:04Z [14,375ms] [Info] [omni.rtx] No setting was found for '/rtx/raytracing/lightcache/spatialCache/enableDirectionalJittering'
2026-09-10T04:25:04Z [14,375ms] [Info] [omni.rtx] No setting was found for '/rtx/raytracing/inscattering/useDetailNoise'
2026-09-10T04:25:04Z [14,375ms] [Info] [omni.rtx] No setting was found for '/rtx/raytracing/inscattering/use32bitPrecision'
2026-09-10T04:25:04Z [14,375ms] [Info] [omni.rtx] No setting was found for '/rtx/raytracing/inscattering/transmittanceMeasurementDistance'
2026-09-10T04:25:04Z [14,375ms] [Info] [omni.rtx] No setting was found for '/rtx/raytracing/inscattering/transmittanceColor'
2026-09-10T04:25:04Z [14,375ms] [Info] [omni.rtx] No setting was found for '/rtx/raytracing/inscattering/temporalJitterScale'
2026-09-10T04:25:04Z [14,375ms] [Info] [omni.rtx] No setting was found for '/rtx/raytracing/inscattering/spatialJitterScale'
2026-09-10T04:25:04Z [14,375ms] [Info] [omni.rtx] No setting was found for '/rtx/raytracing/inscattering/sliceDistributionExponent'
2026-09-10T04:25:04Z [14,375ms] [Info] [omni.rtx] No setting was found for '/rtx/raytracing/inscattering/singleScatteringAlbedo'
2026-09-10T04:25:04Z [14,375ms] [Info] [omni.rtx] No setting was found for '/rtx/raytracing/inscattering/pixelRatio'
2026-09-10T04:25:04Z [14,375ms] [Info] [omni.rtx] No setting was found for '/rtx/raytracing/inscattering/noiseScaleRangeMin'
2026-09-10T04:25:04Z [14,375ms] [Info] [omni.rtx] No setting was found for '/rtx/raytracing/inscattering/noiseScaleRangeMax'
2026-09-10T04:25:04Z [14,375ms] [Info] [omni.rtx] No setting was found for '/rtx/raytracing/inscattering/noiseNumOctaves'
2026-09-10T04:25:04Z [14,375ms] [Info] [omni.rtx] No setting was found for '/rtx/raytracing/inscattering/noiseAnimationSpeedZ'
2026-09-10T04:25:04Z [14,375ms] [Info] [omni.rtx] No setting was found for '/rtx/raytracing/inscattering/noiseAnimationSpeedY'
2026-09-10T04:25:04Z [14,375ms] [Info] [omni.rtx] No setting was found for '/rtx/raytracing/inscattering/noiseAnimationSpeedX'
2026-09-10T04:25:04Z [14,375ms] [Info] [omni.rtx] No setting was found for '/rtx/raytracing/inscattering/minFlowLayer'
2026-09-10T04:25:04Z [14,375ms] [Info] [omni.rtx] No setting was found for '/rtx/raytracing/inscattering/maxRTSampleUnexposedIntensity'
2026-09-10T04:25:04Z [14,375ms] [Info] [omni.rtx] No setting was found for '/rtx/raytracing/inscattering/maxFlowLayer'
2026-09-10T04:25:04Z [14,376ms] [Info] [omni.rtx] No setting was found for '/rtx/raytracing/inscattering/maxDistance'
2026-09-10T04:25:04Z [14,376ms] [Info] [omni.rtx] No setting was found for '/rtx/raytracing/inscattering/maxAccumulationFrames'
2026-09-10T04:25:04Z [14,376ms] [Info] [omni.rtx] No setting was found for '/rtx/raytracing/inscattering/enableLowPassFilter'
2026-09-10T04:25:04Z [14,376ms] [Info] [omni.rtx] No setting was found for '/rtx/raytracing/inscattering/inscatterUpsample'
2026-09-10T04:25:04Z [14,376ms] [Info] [omni.rtx] No setting was found for '/rtx/raytracing/inscattering/enableFlowSampling'
2026-09-10T04:25:04Z [14,376ms] [Info] [omni.rtx] No setting was found for '/rtx/raytracing/inscattering/flowDensityScale'
2026-09-10T04:25:04Z [14,376ms] [Info] [omni.rtx] No setting was found for '/rtx/raytracing/inscattering/flowDensityOffset'
2026-09-10T04:25:04Z [14,376ms] [Info] [omni.rtx] No setting was found for '/rtx/raytracing/inscattering/ditheringScale'
2026-09-10T04:25:04Z [14,376ms] [Info] [omni.rtx] No setting was found for '/rtx/raytracing/inscattering/detailNoiseScale'
2026-09-10T04:25:04Z [14,376ms] [Info] [omni.rtx] No setting was found for '/rtx/raytracing/inscattering/depthSlices'
2026-09-10T04:25:04Z [14,376ms] [Info] [omni.rtx] No setting was found for '/rtx/raytracing/inscattering/densityMult'
2026-09-10T04:25:04Z [14,376ms] [Info] [omni.rtx] No setting was found for '/rtx/raytracing/inscattering/debugVoxelIdxZ'
2026-09-10T04:25:04Z [14,376ms] [Info] [omni.rtx] No setting was found for '/rtx/raytracing/inscattering/debugVoxelIdxY'
2026-09-10T04:25:04Z [14,376ms] [Info] [omni.rtx] No setting was found for '/rtx/raytracing/inscattering/debugVoxelIdxX'
2026-09-10T04:25:04Z [14,376ms] [Info] [omni.rtx] No setting was found for '/rtx/raytracing/inscattering/debugProbeScale'
2026-09-10T04:25:04Z [14,376ms] [Info] [omni.rtx] No setting was found for '/rtx/raytracing/inscattering/debugMode'
2026-09-10T04:25:04Z [14,376ms] [Info] [omni.rtx] No setting was found for '/rtx/raytracing/inscattering/blurSigma'
2026-09-10T04:25:04Z [14,376ms] [Info] [omni.rtx] No setting was found for '/rtx/raytracing/inscattering/atmosphereHeight'
2026-09-10T04:25:04Z [14,376ms] [Info] [omni.rtx] No setting was found for '/rtx/raytracing/inscattering/anisotropyFactor'
2026-09-10T04:25:04Z [14,376ms] [Info] [omni.rtx] No setting was found for '/rtx/raytracing/indexdirect/volumeType'
2026-09-10T04:25:04Z [14,376ms] [Info] [omni.rtx] No setting was found for '/rtx/raytracing/indexdirect/svoBrickSize'
2026-09-10T04:25:04Z [14,376ms] [Info] [omni.rtx] No setting was found for '/rtx/raytracing/indexdirect/svoBrickBorder'
2026-09-10T04:25:04Z [14,376ms] [Info] [omni.rtx] No setting was found for '/rtx/raytracing/indexdirect/showDetailledMemoryInfo'
2026-09-10T04:25:04Z [14,376ms] [Info] [omni.rtx] No setting was found for '/rtx/raytracing/indexdirect/NanoVDBCompressionDither'
2026-09-10T04:25:04Z [14,376ms] [Info] [omni.rtx] No setting was found for '/rtx/raytracing/indexdirect/NanoVDBCompression'
2026-09-10T04:25:04Z [14,376ms] [Info] [omni.rtx] No setting was found for '/rtx/raytracing/indexdirect/enabled'
2026-09-10T04:25:04Z [14,376ms] [Info] [omni.rtx] No setting was found for '/rtx/raytracing/hair/multipleScattering/maxBounce'
2026-09-10T04:25:04Z [14,376ms] [Info] [omni.rtx] No setting was found for '/rtx/raytracing/hair/multipleScattering/enabled'
2026-09-10T04:25:04Z [14,376ms] [Info] [omni.rtx] No setting was found for '/rtx/raytracing/hair/fixAliasing'
2026-09-10T04:25:04Z [14,376ms] [Info] [omni.rtx] No setting was found for '/rtx/raytracing/groundTruth/exportInEvenHigherRes'
2026-09-10T04:25:04Z [14,376ms] [Info] [omni.rtx] No setting was found for '/rtx/raytracing/groundTruth/accumulateInEvenHigherRes'
2026-09-10T04:25:04Z [14,376ms] [Info] [omni.rtx] No setting was found for '/rtx/raytracing/groundTruth/resolution/height'
2026-09-10T04:25:04Z [14,376ms] [Info] [omni.rtx] No setting was found for '/rtx/raytracing/groundTruth/resolution/width'
2026-09-10T04:25:04Z [14,376ms] [Info] [omni.rtx] No setting was found for '/rtx/raytracing/groundTruth/loopingHybridMax'
2026-09-10T04:25:04Z [14,376ms] [Info] [omni.rtx] No setting was found for '/rtx/raytracing/groundTruth/loopingFunc'
2026-09-10T04:25:04Z [14,376ms] [Info] [omni.rtx] No setting was found for '/rtx/raytracing/groundTruth/enabled'
2026-09-10T04:25:04Z [14,376ms] [Info] [omni.rtx] No setting was found for '/rtx/raytracing/globalVolumetricEffectsFullRes/enabled'
2026-09-10T04:25:04Z [14,376ms] [Info] [omni.rtx] No setting was found for '/rtx/raytracing/globalVolumetricEffects/enabled'
2026-09-10T04:25:04Z [14,376ms] [Info] [omni.rtx] No setting was found for '/rtx/raytracing/fp32Target'
2026-09-10T04:25:04Z [14,376ms] [Info] [omni.rtx] No setting was found for '/rtx/raytracing/demoireStrength'
2026-09-10T04:25:04Z [14,376ms] [Info] [omni.rtx] No setting was found for '/rtx/raytracing/demoire'
2026-09-10T04:25:04Z [14,376ms] [Info] [omni.rtx] No setting was found for '/rtx/raytracing/debug/oneUberPermutation'
2026-09-10T04:25:04Z [14,376ms] [Info] [omni.rtx] No setting was found for '/rtx/raytracing/curve/radiusScale'
2026-09-10T04:25:04Z [14,376ms] [Info] [omni.rtx] No setting was found for '/rtx/raytracing/curve/radiusOffset'
2026-09-10T04:25:04Z [14,376ms] [Info] [omni.rtx] No setting was found for '/rtx/raytracing/cfgpuCameraJitter'
2026-09-10T04:25:04Z [14,376ms] [Info] [omni.rtx] No setting was found for '/rtx/raytracing/caustics/useFrameSeed'
2026-09-10T04:25:04Z [14,376ms] [Info] [omni.rtx] No setting was found for '/rtx/raytracing/caustics/positionPhi'
2026-09-10T04:25:04Z [14,376ms] [Info] [omni.rtx] No setting was found for '/rtx/raytracing/caustics/normalPhi'
2026-09-10T04:25:04Z [14,376ms] [Info] [omni.rtx] No setting was found for '/rtx/raytracing/caustics/enableTemporalFiltering'
2026-09-10T04:25:04Z [14,376ms] [Info] [omni.rtx] No setting was found for '/rtx/raytracing/autoToggleDenoiserSettings'
2026-09-10T04:25:04Z [14,376ms] [Info] [omni.rtx] No setting was found for '/rtx/raytracing/accumulationLimit'
2026-09-10T04:25:04Z [14,376ms] [Info] [omni.rtx] No setting was found for '/rtx/raytracing/enableAccumulation'
2026-09-10T04:25:04Z [14,376ms] [Info] [omni.rtx] No setting was found for '/rtx/reflections/sampledLighting/stochasticLCRefresh'
2026-09-10T04:25:04Z [14,376ms] [Info] [omni.rtx] No setting was found for '/rtx/reflections/sampledLighting/mis/enabled'
2026-09-10T04:25:04Z [14,376ms] [Info] [omni.rtx] No setting was found for '/rtx/reflections/sampledLighting/lightcache/spatialCache/enabled'
2026-09-10T04:25:04Z [14,376ms] [Info] [omni.rtx] No setting was found for '/rtx/reflections/sampledLighting/enabled'
2026-09-10T04:25:04Z [14,376ms] [Info] [omni.rtx] No setting was found for '/rtx/reflections/sampledLighting/clampSamplesPerPixelToNumberOfLights'
2026-09-10T04:25:04Z [14,376ms] [Info] [omni.rtx] No setting was found for '/rtx/reflections/outputDefaultAlbedoOn1stBounceLowRoughness'
2026-09-10T04:25:04Z [14,376ms] [Info] [omni.rtx] No setting was found for '/rtx/reflections/minRoughnessForMaxSamplingBias'
2026-09-10T04:25:04Z [14,376ms] [Info] [omni.rtx] No setting was found for '/rtx/reflections/minImportanceSamplingBias'
2026-09-10T04:25:04Z [14,376ms] [Info] [omni.rtx] No setting was found for '/rtx/reflections/maxRoughnessForMinSamplingBias'
2026-09-10T04:25:04Z [14,376ms] [Info] [omni.rtx] No setting was found for '/rtx/reflections/maxImportanceSamplingBias'
2026-09-10T04:25:04Z [14,376ms] [Info] [omni.rtx] No setting was found for '/rtx/reflections/importantLightsOnly'
2026-09-10T04:25:04Z [14,376ms] [Info] [omni.rtx] No setting was found for '/rtx/reflections/halfResolution'
2026-09-10T04:25:04Z [14,376ms] [Info] [omni.rtx] No setting was found for '/rtx/reflections/giInReflections'
2026-09-10T04:25:04Z [14,376ms] [Info] [omni.rtx] No setting was found for '/rtx/reflections/denoiser/enabled'
2026-09-10T04:25:04Z [14,376ms] [Info] [omni.rtx] No setting was found for '/rtx/realtime/mgpu/tileOverlap'
2026-09-10T04:25:04Z [14,376ms] [Info] [omni.rtx] No setting was found for '/rtx/realtime/mgpu/tileCount'
2026-09-10T04:25:04Z [14,376ms] [Info] [omni.rtx] No setting was found for '/rtx/realtime/mgpu/oversubscribe'
2026-09-10T04:25:04Z [14,376ms] [Info] [omni.rtx] No setting was found for '/rtx/realtime/mgpu/masterDeviceLoadBalancingWeight'
2026-09-10T04:25:04Z [14,376ms] [Info] [omni.rtx] No setting was found for '/rtx/realtime/mgpu/autoTiling/minMegaPixelsPerTile'
2026-09-10T04:25:04Z [14,376ms] [Info] [omni.rtx] No setting was found for '/rtx/realtime/mgpu/autoTiling/enabled'
2026-09-10T04:25:04Z [14,376ms] [Info] [omni.rtx] No setting was found for '/rtx/pathtracing/zDepthMin'
2026-09-10T04:25:04Z [14,376ms] [Info] [omni.rtx] No setting was found for '/rtx/pathtracing/zDepthMax'
2026-09-10T04:25:04Z [14,376ms] [Info] [omni.rtx] No setting was found for '/rtx/pathtracing/zDepthAOV'
2026-09-10T04:25:04Z [14,376ms] [Info] [omni.rtx] No setting was found for '/rtx/pathtracing/worldPosAOV'
2026-09-10T04:25:04Z [14,376ms] [Info] [omni.rtx] No setting was found for '/rtx/pathtracing/worldNormalsAOV'
2026-09-10T04:25:04Z [14,376ms] [Info] [omni.rtx] No setting was found for '/rtx/pathtracing/volumesAOV'
2026-09-10T04:25:04Z [14,376ms] [Info] [omni.rtx] No setting was found for '/rtx/pathtracing/temporalAccumulation'
2026-09-10T04:25:04Z [14,376ms] [Info] [omni.rtx] No setting was found for '/rtx/pathtracing/svgf/phiNormal'
2026-09-10T04:25:04Z [14,376ms] [Info] [omni.rtx] No setting was found for '/rtx/pathtracing/svgf/phiColor'
2026-09-10T04:25:04Z [14,376ms] [Info] [omni.rtx] No setting was found for '/rtx/pathtracing/svgf/numIterations'
2026-09-10T04:25:04Z [14,376ms] [Info] [omni.rtx] No setting was found for '/rtx/pathtracing/svgf/momentsAlpha'
2026-09-10T04:25:04Z [14,376ms] [Info] [omni.rtx] No setting was found for '/rtx/pathtracing/svgf/enabled'
2026-09-10T04:25:04Z [14,376ms] [Info] [omni.rtx] No setting was found for '/rtx/pathtracing/svgf/alpha'
2026-09-10T04:25:04Z [14,376ms] [Info] [omni.rtx] No setting was found for '/rtx/pathtracing/showLights/enabled'
2026-09-10T04:25:04Z [14,376ms] [Info] [omni.rtx] No setting was found for '/rtx/pathtracing/selfIllumAOV'
2026-09-10T04:25:04Z [14,376ms] [Info] [omni.rtx] No setting was found for '/rtx-transient/pathtracing/rtptEnabled'
2026-09-10T04:25:04Z [14,376ms] [Info] [omni.rtx] No setting was found for '/rtx/pathtracing/rrDepthVol'
2026-09-10T04:25:04Z [14,376ms] [Info] [omni.rtx] No setting was found for '/rtx/pathtracing/rrDepth'
2026-09-10T04:25:04Z [14,376ms] [Info] [omni.rtx] No setting was found for '/rtx/pathtracing/roughnessClamp'
2026-09-10T04:25:04Z [14,376ms] [Info] [omni.rtx] No setting was found for '/rtx/pathtracing/meshLights/risCount'
2026-09-10T04:25:04Z [14,376ms] [Info] [omni.rtx] No setting was found for '/rtx/pathtracing/refractionsAOV'
2026-09-10T04:25:04Z [14,376ms] [Info] [omni.rtx] No setting was found for '/rtx/pathtracing/refractionFilterAOV'
2026-09-10T04:25:04Z [14,376ms] [Info] [omni.rtx] No setting was found for '/rtx/pathtracing/reflectionsAOV'
2026-09-10T04:25:04Z [14,376ms] [Info] [omni.rtx] No setting was found for '/rtx/pathtracing/reflectionFilterAOV'
2026-09-10T04:25:04Z [14,376ms] [Info] [omni.rtx] No setting was found for '/rtx/pathtracing/ptvol/raySkyScale'
2026-09-10T04:25:04Z [14,376ms] [Info] [omni.rtx] No setting was found for '/rtx/pathtracing/ptvol/raySkyDomelight'
2026-09-10T04:25:04Z [14,376ms] [Info] [omni.rtx] No setting was found for '/rtx/pathtracing/ptvol/raySky'
2026-09-10T04:25:04Z [14,376ms] [Info] [omni.rtx] No setting was found for '/rtx/pathtracing/ptvol/maxRoughBouncesBeforeIgnoreVolume'
2026-09-10T04:25:04Z [14,376ms] [Info] [omni.rtx] No setting was found for '/rtx/pathtracing/ptvol/fogHeightFallOff'
2026-09-10T04:25:04Z [14,376ms] [Info] [omni.rtx] No setting was found for '/rtx/pathtracing/ptvol/enabled'
2026-09-10T04:25:04Z [14,376ms] [Info] [omni.rtx] No setting was found for '/rtx/pathtracing/ptfog/ZUp'
2026-09-10T04:25:04Z [14,376ms] [Info] [omni.rtx] No setting was found for '/rtx/pathtracing/optixDenoiser/useNormals'
2026-09-10T04:25:04Z [14,376ms] [Info] [omni.rtx] No setting was found for '/rtx/pathtracing/optixDenoiser/useAlbedo'
2026-09-10T04:25:04Z [14,376ms] [Info] [omni.rtx] No setting was found for '/rtx/pathtracing/optixDenoiser/intensity'
2026-09-10T04:25:04Z [14,376ms] [Info] [omni.rtx] No setting was found for '/rtx/pathtracing/nrc/enabled'
2026-09-10T04:25:04Z [14,376ms] [Info] [omni.rtx] No setting was found for '/rtx/pathtracing/multimatte/channelCount'
2026-09-10T04:25:04Z [14,376ms] [Info] [omni.rtx] No setting was found for '/rtx/pathtracing/multimatte/channel23_isMat'
2026-09-10T04:25:04Z [14,376ms] [Info] [omni.rtx] No setting was found for '/rtx/pathtracing/multimatte/channel23'
2026-09-10T04:25:04Z [14,376ms] [Info] [omni.rtx] No setting was found for '/rtx/pathtracing/multimatte/channel22_isMat'
2026-09-10T04:25:04Z [14,376ms] [Info] [omni.rtx] No setting was found for '/rtx/pathtracing/multimatte/channel22'
2026-09-10T04:25:04Z [14,376ms] [Info] [omni.rtx] No setting was found for '/rtx/pathtracing/multimatte/channel21_isMat'
2026-09-10T04:25:04Z [14,376ms] [Info] [omni.rtx] No setting was found for '/rtx/pathtracing/multimatte/channel21'
2026-09-10T04:25:04Z [14,376ms] [Info] [omni.rtx] No setting was found for '/rtx/pathtracing/multimatte/channel20_isMat'
2026-09-10T04:25:04Z [14,376ms] [Info] [omni.rtx] No setting was found for '/rtx/pathtracing/multimatte/channel20'
2026-09-10T04:25:04Z [14,376ms] [Info] [omni.rtx] No setting was found for '/rtx/pathtracing/multimatte/channel19_isMat'
2026-09-10T04:25:04Z [14,376ms] [Info] [omni.rtx] No setting was found for '/rtx/pathtracing/multimatte/channel19'
2026-09-10T04:25:04Z [14,376ms] [Info] [omni.rtx] No setting was found for '/rtx/pathtracing/multimatte/channel18_isMat'
2026-09-10T04:25:04Z [14,376ms] [Info] [omni.rtx] No setting was found for '/rtx/pathtracing/multimatte/channel18'
2026-09-10T04:25:04Z [14,376ms] [Info] [omni.rtx] No setting was found for '/rtx/pathtracing/multimatte/channel17_isMat'
2026-09-10T04:25:04Z [14,376ms] [Info] [omni.rtx] No setting was found for '/rtx/pathtracing/multimatte/channel17'
2026-09-10T04:25:04Z [14,376ms] [Info] [omni.rtx] No setting was found for '/rtx/pathtracing/multimatte/channel16_isMat'
2026-09-10T04:25:04Z [14,376ms] [Info] [omni.rtx] No setting was found for '/rtx/pathtracing/multimatte/channel16'
2026-09-10T04:25:04Z [14,376ms] [Info] [omni.rtx] No setting was found for '/rtx/pathtracing/multimatte/channel15_isMat'
2026-09-10T04:25:04Z [14,376ms] [Info] [omni.rtx] No setting was found for '/rtx/pathtracing/multimatte/channel15'
2026-09-10T04:25:04Z [14,376ms] [Info] [omni.rtx] No setting was found for '/rtx/pathtracing/multimatte/channel14_isMat'
2026-09-10T04:25:04Z [14,376ms] [Info] [omni.rtx] No setting was found for '/rtx/pathtracing/multimatte/channel14'
2026-09-10T04:25:04Z [14,376ms] [Info] [omni.rtx] No setting was found for '/rtx/pathtracing/multimatte/channel13_isMat'
2026-09-10T04:25:04Z [14,376ms] [Info] [omni.rtx] No setting was found for '/rtx/pathtracing/multimatte/channel13'
2026-09-10T04:25:04Z [14,376ms] [Info] [omni.rtx] No setting was found for '/rtx/pathtracing/multimatte/channel12_isMat'
2026-09-10T04:25:04Z [14,376ms] [Info] [omni.rtx] No setting was found for '/rtx/pathtracing/multimatte/channel12'
2026-09-10T04:25:04Z [14,376ms] [Info] [omni.rtx] No setting was found for '/rtx/pathtracing/multimatte/channel11_isMat'
2026-09-10T04:25:04Z [14,376ms] [Info] [omni.rtx] No setting was found for '/rtx/pathtracing/multimatte/channel11'
2026-09-10T04:25:04Z [14,376ms] [Info] [omni.rtx] No setting was found for '/rtx/pathtracing/multimatte/channel10_isMat'
2026-09-10T04:25:04Z [14,376ms] [Info] [omni.rtx] No setting was found for '/rtx/pathtracing/multimatte/channel10'
2026-09-10T04:25:04Z [14,376ms] [Info] [omni.rtx] No setting was found for '/rtx/pathtracing/multimatte/channel9_isMat'
2026-09-10T04:25:04Z [14,376ms] [Info] [omni.rtx] No setting was found for '/rtx/pathtracing/multimatte/channel9'
2026-09-10T04:25:04Z [14,376ms] [Info] [omni.rtx] No setting was found for '/rtx/pathtracing/multimatte/channel8_isMat'
2026-09-10T04:25:04Z [14,376ms] [Info] [omni.rtx] No setting was found for '/rtx/pathtracing/multimatte/channel8'
2026-09-10T04:25:04Z [14,376ms] [Info] [omni.rtx] No setting was found for '/rtx/pathtracing/multimatte/channel7_isMat'
2026-09-10T04:25:04Z [14,376ms] [Info] [omni.rtx] No setting was found for '/rtx/pathtracing/multimatte/channel7'
2026-09-10T04:25:04Z [14,376ms] [Info] [omni.rtx] No setting was found for '/rtx/pathtracing/multimatte/channel6_isMat'
2026-09-10T04:25:04Z [14,376ms] [Info] [omni.rtx] No setting was found for '/rtx/pathtracing/multimatte/channel6'
2026-09-10T04:25:04Z [14,376ms] [Info] [omni.rtx] No setting was found for '/rtx/pathtracing/multimatte/channel5_isMat'
2026-09-10T04:25:04Z [14,376ms] [Info] [omni.rtx] No setting was found for '/rtx/pathtracing/multimatte/channel5'
2026-09-10T04:25:04Z [14,376ms] [Info] [omni.rtx] No setting was found for '/rtx/pathtracing/multimatte/channel4_isMat'
2026-09-10T04:25:04Z [14,376ms] [Info] [omni.rtx] No setting was found for '/rtx/pathtracing/multimatte/channel4'
2026-09-10T04:25:04Z [14,376ms] [Info] [omni.rtx] No setting was found for '/rtx/pathtracing/multimatte/channel3_isMat'
2026-09-10T04:25:04Z [14,376ms] [Info] [omni.rtx] No setting was found for '/rtx/pathtracing/multimatte/channel3'
2026-09-10T04:25:04Z [14,376ms] [Info] [omni.rtx] No setting was found for '/rtx/pathtracing/multimatte/channel2_isMat'
2026-09-10T04:25:04Z [14,376ms] [Info] [omni.rtx] No setting was found for '/rtx/pathtracing/multimatte/channel2'
2026-09-10T04:25:04Z [14,376ms] [Info] [omni.rtx] No setting was found for '/rtx/pathtracing/multimatte/channel1_isMat'
2026-09-10T04:25:04Z [14,376ms] [Info] [omni.rtx] No setting was found for '/rtx/pathtracing/multimatte/channel1'
2026-09-10T04:25:04Z [14,376ms] [Info] [omni.rtx] No setting was found for '/rtx/pathtracing/multimatte/channel0_isMat'
2026-09-10T04:25:04Z [14,376ms] [Info] [omni.rtx] No setting was found for '/rtx/pathtracing/multimatte/channel0'
2026-09-10T04:25:04Z [14,376ms] [Info] [omni.rtx] No setting was found for '/rtx/pathtracing/moreBouncesForSpecularEvents'
2026-09-10T04:25:04Z [14,376ms] [Info] [omni.rtx] No setting was found for '/rtx/pathtracing/mgpu/weightGpu0'
2026-09-10T04:25:04Z [14,376ms] [Info] [omni.rtx] No setting was found for '/rtx/pathtracing/mgpu/showCompositingPattern'
2026-09-10T04:25:04Z [14,376ms] [Info] [omni.rtx] No setting was found for '/rtx/pathtracing/mgpu/resetAccumulation'
2026-09-10T04:25:04Z [14,376ms] [Info] [omni.rtx] No setting was found for '/rtx/pathtracing/mgpu/printWeights'
2026-09-10T04:25:04Z [14,376ms] [Info] [omni.rtx] No setting was found for '/rtx/pathtracing/mgpu/printLog'
2026-09-10T04:25:04Z [14,376ms] [Info] [omni.rtx] No setting was found for '/rtx/pathtracing/mgpu/maxPixelsPerRegionExponent'
2026-09-10T04:25:04Z [14,376ms] [Info] [omni.rtx] No setting was found for '/rtx/pathtracing/mgpu/compressRadiance'
2026-09-10T04:25:04Z [14,376ms] [Info] [omni.rtx] No setting was found for '/rtx/pathtracing/mgpu/compressNormals'
2026-09-10T04:25:04Z [14,376ms] [Info] [omni.rtx] No setting was found for '/rtx/pathtracing/mgpu/compressAlbedo'
2026-09-10T04:25:04Z [14,376ms] [Info] [omni.rtx] No setting was found for '/rtx/pathtracing/mgpu/broadcastLightCache'
2026-09-10T04:25:04Z [14,376ms] [Info] [omni.rtx] No setting was found for '/rtx/pathtracing/mgpu/autoLoadBalancingWeightGPU0'
2026-09-10T04:25:04Z [14,376ms] [Info] [omni.rtx] No setting was found for '/rtx/pathtracing/mgpu/autoLoadBalancing/enabled'
2026-09-10T04:25:04Z [14,376ms] [Info] [omni.rtx] No setting was found for '/rtx/pathtracing/lightcache/stochasticPassUsesGGX'
2026-09-10T04:25:04Z [14,376ms] [Info] [omni.rtx] No setting was found for '/rtx/pathtracing/lightcache/cached/truncated/probability'
2026-09-10T04:25:04Z [14,376ms] [Info] [omni.rtx] No setting was found for '/rtx/pathtracing/lightcache/cached/truncated/length'
2026-09-10T04:25:04Z [14,376ms] [Info] [omni.rtx] No setting was found for '/rtx/pathtracing/lightcache/cached/truncated/associativity'
2026-09-10T04:25:04Z [14,376ms] [Info] [omni.rtx] No setting was found for '/rtx/pathtracing/lightcache/cached/temporalReuse'
2026-09-10T04:25:04Z [14,376ms] [Info] [omni.rtx] No setting was found for '/rtx/pathtracing/lightcache/cached/temporalAlpha'
2026-09-10T04:25:04Z [14,376ms] [Info] [omni.rtx] No setting was found for '/rtx/pathtracing/lightcache/cached/enableSpatialJittering'
2026-09-10T04:25:04Z [14,376ms] [Info] [omni.rtx] No setting was found for '/rtx/pathtracing/lightcache/cached/showDebugView'
2026-09-10T04:25:04Z [14,376ms] [Info] [omni.rtx] No setting was found for '/rtx/pathtracing/lightcache/cached/retrace'
2026-09-10T04:25:04Z [14,376ms] [Info] [omni.rtx] No setting was found for '/rtx/pathtracing/lightcache/cached/enableNanChecks'
2026-09-10T04:25:04Z [14,376ms] [Info] [omni.rtx] No setting was found for '/rtx/pathtracing/lightcache/cached/maxAgeForEviction'
2026-09-10T04:25:04Z [14,376ms] [Info] [omni.rtx] No setting was found for '/rtx/pathtracing/lightcache/cached/enableInvCdf'
2026-09-10T04:25:04Z [14,376ms] [Info] [omni.rtx] No setting was found for '/rtx/pathtracing/lightcache/cached/forceReset'
2026-09-10T04:25:04Z [14,376ms] [Info] [omni.rtx] No setting was found for '/rtx/pathtracing/lightcache/cached/enableFireflyFiltering'
2026-09-10T04:25:04Z [14,376ms] [Info] [omni.rtx] No setting was found for '/rtx/pathtracing/lightcache/cached/dontResolveConflicts'
2026-09-10T04:25:04Z [14,376ms] [Info] [omni.rtx] No setting was found for '/rtx/pathtracing/lightcache/cached/distanceOverride'
2026-09-10T04:25:04Z [14,376ms] [Info] [omni.rtx] No setting was found for '/rtx/pathtracing/lightcache/cached/distanceHashResolution'
2026-09-10T04:25:04Z [14,376ms] [Info] [omni.rtx] No setting was found for '/rtx/pathtracing/lightcache/cached/distanceHashBase'
2026-09-10T04:25:04Z [14,376ms] [Info] [omni.rtx] No setting was found for '/rtx/pathtracing/lightcache/cached/enableDirectionalJittering'
2026-09-10T04:25:04Z [14,376ms] [Info] [omni.rtx] No setting was found for '/rtx/pathtracing/giAOV'
2026-09-10T04:25:04Z [14,376ms] [Info] [omni.rtx] No setting was found for '/rtx/pathtracing/fractionalCutoutOpacity'
2026-09-10T04:25:04Z [14,376ms] [Info] [omni.rtx] No setting was found for '/rtx/pathtracing/dynamicResolution/sppRatio'
2026-09-10T04:25:04Z [14,376ms] [Info] [omni.rtx] No setting was found for '/rtx/pathtracing/dynamicResolution/ratio'
2026-09-10T04:25:04Z [14,376ms] [Info] [omni.rtx] No setting was found for '/rtx/pathtracing/domeLight/primaryRaysEvaluateDomelightMdlDirectly'
2026-09-10T04:25:04Z [14,376ms] [Info] [omni.rtx] No setting was found for '/rtx/pathtracing/dlss/enabled'
2026-09-10T04:25:04Z [14,376ms] [Info] [omni.rtx] No setting was found for '/rtx/pathtracing/diffuseFilterAOV'
2026-09-10T04:25:04Z [14,376ms] [Info] [omni.rtx] No setting was found for '/rtx/pathtracing/diAOV'
2026-09-10T04:25:04Z [14,376ms] [Info] [omni.rtx] No setting was found for '/rtx/pathtracing/depth32BitAov'
2026-09-10T04:25:04Z [14,376ms] [Info] [omni.rtx] No setting was found for '/rtx/pathtracing/cached/truncated/probability'
2026-09-10T04:25:04Z [14,376ms] [Info] [omni.rtx] No setting was found for '/rtx/pathtracing/cached/truncated/length'
2026-09-10T04:25:04Z [14,376ms] [Info] [omni.rtx] No setting was found for '/rtx/pathtracing/cached/truncated/associativity'
2026-09-10T04:25:04Z [14,376ms] [Info] [omni.rtx] No setting was found for '/rtx/pathtracing/cached/temporalReuse'
2026-09-10T04:25:04Z [14,376ms] [Info] [omni.rtx] No setting was found for '/rtx/pathtracing/cached/temporalAlpha'
2026-09-10T04:25:04Z [14,376ms] [Info] [omni.rtx] No setting was found for '/rtx/pathtracing/cached/enableSpatialJittering'
2026-09-10T04:25:04Z [14,376ms] [Info] [omni.rtx] No setting was found for '/rtx/pathtracing/cached/showDebugView'
2026-09-10T04:25:04Z [14,376ms] [Info] [omni.rtx] No setting was found for '/rtx/pathtracing/cached/retrace'
2026-09-10T04:25:04Z [14,376ms] [Info] [omni.rtx] No setting was found for '/rtx/pathtracing/cached/enableNanChecks'
2026-09-10T04:25:04Z [14,376ms] [Info] [omni.rtx] No setting was found for '/rtx/pathtracing/cached/maxAgeForEviction'
2026-09-10T04:25:04Z [14,376ms] [Info] [omni.rtx] No setting was found for '/rtx/pathtracing/cached/enableInvCdf'
2026-09-10T04:25:04Z [14,376ms] [Info] [omni.rtx] No setting was found for '/rtx/pathtracing/cached/forceReset'
2026-09-10T04:25:04Z [14,376ms] [Info] [omni.rtx] No setting was found for '/rtx/pathtracing/cached/enableFireflyFiltering'
2026-09-10T04:25:04Z [14,376ms] [Info] [omni.rtx] No setting was found for '/rtx/pathtracing/cached/dontResolveConflicts'
2026-09-10T04:25:04Z [14,376ms] [Info] [omni.rtx] No setting was found for '/rtx/pathtracing/cached/distanceOverride'
2026-09-10T04:25:04Z [14,376ms] [Info] [omni.rtx] No setting was found for '/rtx/pathtracing/cached/distanceHashResolution'
2026-09-10T04:25:04Z [14,376ms] [Info] [omni.rtx] No setting was found for '/rtx/pathtracing/cached/distanceHashBase'
2026-09-10T04:25:04Z [14,376ms] [Info] [omni.rtx] No setting was found for '/rtx/pathtracing/cached/enableDirectionalJittering'
2026-09-10T04:25:04Z [14,376ms] [Info] [omni.rtx] No setting was found for '/rtx/pathtracing/backgroundAOV'
2026-09-10T04:25:04Z [14,376ms] [Info] [omni.rtx] No setting was found for '/rtx/pathtracing/adaptiveSampling/fixedSppIterations'
2026-09-10T04:25:04Z [14,376ms] [Info] [omni.rtx] No setting was found for '/rtx/pathtracing/adaptiveSampling/filterError'
2026-09-10T04:25:04Z [14,376ms] [Info] [omni.rtx] No setting was found for '/rtx-transient/dldenoiser/enabled'
2026-09-10T04:25:04Z [14,376ms] [Info] [omni.rtx] No setting was found for '/rtx-transient/meshlights/forceDisable'
2026-09-10T04:25:04Z [14,376ms] [Info] [omni.rtx] No setting was found for '/rtx/textures/anisotropy'
2026-09-10T04:25:04Z [14,376ms] [Info] [omni.rtx] No setting was found for '/rtx/normalMapRoughness'
2026-09-10T04:25:04Z [14,376ms] [Info] [omni.rtx] No setting was found for '/rtx/mdltranslator/printMaterialStructure'
2026-09-10T04:25:04Z [14,376ms] [Info] [omni.rtx] No setting was found for '/rtx/mdltranslator/mdlDistilling'
2026-09-10T04:25:04Z [14,376ms] [Info] [omni.rtx] No setting was found for '/rtx/mdltranslator/foldParameterNames'
2026-09-10T04:25:04Z [14,376ms] [Info] [omni.rtx] No setting was found for '/rtx/mdltranslator/distillTargetModel'
2026-09-10T04:25:04Z [14,376ms] [Info] [omni.rtx] No setting was found for '/rtx/material/enableRefraction'
2026-09-10T04:25:04Z [14,376ms] [Info] [omni.rtx] No setting was found for '/rtx/material/enableMDLDisplacement'
2026-09-10T04:25:04Z [14,376ms] [Info] [omni.rtx] No setting was found for '/rtx/materialDb/rtSensorNameToIdMap'
2026-09-10T04:25:04Z [14,376ms] [Info] [omni.rtx] No setting was found for '/rtx/materialDb/rtSensorMaterialLogs'
2026-09-10T04:25:04Z [14,376ms] [Info] [omni.rtx] No setting was found for '/rtx/materialDb/perInstanceOpacityToggle'
2026-09-10T04:25:04Z [14,376ms] [Info] [omni.rtx] No setting was found for '/rtx/materialdb/MDLModificationList'
2026-09-10T04:25:04Z [14,376ms] [Info] [omni.rtx] No setting was found for '/rtx/materialdb/MDLGeneratedCodeReplacement'
2026-09-10T04:25:04Z [14,376ms] [Info] [omni.rtx] No setting was found for '/rtx/materialdb/MDLGeneratedCodeDumpAll'
2026-09-10T04:25:04Z [14,376ms] [Info] [omni.rtx] No setting was found for '/rtx/materialdb/MDLGeneratedCodeDump'
2026-09-10T04:25:04Z [14,376ms] [Info] [omni.rtx] No setting was found for '/rtx/materialdb/MDLGeneratedCodeDiskMirror/enable'
2026-09-10T04:25:04Z [14,376ms] [Info] [omni.rtx] No setting was found for '/rtx/materialDb/generateMipMaps'
2026-09-10T04:25:04Z [14,376ms] [Info] [omni.rtx] No setting was found for '/rtx/materialdb/MDLGeneratedCodeDiskMirror/directory'
2026-09-10T04:25:04Z [14,376ms] [Info] [omni.rtx] No setting was found for '/rtx/materialDb/flattener/transmittance_measurement_distance'
2026-09-10T04:25:04Z [14,376ms] [Info] [omni.rtx] No setting was found for '/rtx/materialDb/flattener/thickness_texture_influence'
2026-09-10T04:25:04Z [14,376ms] [Info] [omni.rtx] No setting was found for '/rtx/materialDb/flattener/thickness_texture'
2026-09-10T04:25:04Z [14,376ms] [Info] [omni.rtx] No setting was found for '/rtx/materialDb/flattener/thickness_constant'
2026-09-10T04:25:04Z [14,376ms] [Info] [omni.rtx] No setting was found for '/rtx/materialDb/flattener/texture_translate'
2026-09-10T04:25:04Z [14,376ms] [Info] [omni.rtx] No setting was found for '/rtx/materialDb/flattener/texture_speed'
2026-09-10T04:25:04Z [14,376ms] [Info] [omni.rtx] No setting was found for '/rtx/materialDb/flattener/texture_scale'
2026-09-10T04:25:04Z [14,376ms] [Info] [omni.rtx] No setting was found for '/rtx/materialDb/flattener/target_fps'
2026-09-10T04:25:04Z [14,376ms] [Info] [omni.rtx] No setting was found for '/rtx/materialDb/flattener/reflectionroughness_texture'
2026-09-10T04:25:04Z [14,376ms] [Info] [omni.rtx] No setting was found for '/rtx/materialDb/flattener/reflection_roughness_texture_influence'
2026-09-10T04:25:04Z [14,376ms] [Info] [omni.rtx] No setting was found for '/rtx/materialDb/flattener/ORM_texture'
2026-09-10T04:25:04Z [14,376ms] [Info] [omni.rtx] No setting was found for '/rtx/materialDb/flattener/normalmap_texture'
2026-09-10T04:25:04Z [14,376ms] [Info] [omni.rtx] No setting was found for '/rtx/materialDb/flattener/multi_scattering_diffuse_tint'
2026-09-10T04:25:04Z [14,376ms] [Info] [omni.rtx] No setting was found for '/rtx/materialDb/flattener/multi_scattering_diffuse_texture'
2026-09-10T04:25:04Z [14,376ms] [Info] [omni.rtx] No setting was found for '/rtx/materialDb/flattener/multi_scattering_diffuse_color_constant'
2026-09-10T04:25:04Z [14,376ms] [Info] [omni.rtx] No setting was found for '/rtx/materialDb/flattener/metallic_texture_influence'
2026-09-10T04:25:04Z [14,376ms] [Info] [omni.rtx] No setting was found for '/rtx/materialDb/flattener/metallic_texture'
2026-09-10T04:25:04Z [14,376ms] [Info] [omni.rtx] No setting was found for '/rtx/materialDb/flattener/metallic_constant'
2026-09-10T04:25:04Z [14,376ms] [Info] [omni.rtx] No setting was found for '/rtx/materialDb/flattener/flipbook_dim'
2026-09-10T04:25:04Z [14,376ms] [Info] [omni.rtx] No setting was found for '/rtx/materialDb/flattener/enable_ORM_texture'
2026-09-10T04:25:04Z [14,376ms] [Info] [omni.rtx] No setting was found for '/rtx/materialDb/flattener/enable_emissive_flipbook'
2026-09-10T04:25:04Z [14,376ms] [Info] [omni.rtx] No setting was found for '/rtx/materialDb/flattener/enable_emission'
2026-09-10T04:25:04Z [14,376ms] [Info] [omni.rtx] No setting was found for '/rtx/materialDb/flattener/enable_alpha_cutout'
2026-09-10T04:25:04Z [14,376ms] [Info] [omni.rtx] No setting was found for '/rtx/materialDb/flattener/emissive_mask_texture'
2026-09-10T04:25:04Z [14,376ms] [Info] [omni.rtx] No setting was found for '/rtx/materialDb/flattener/emissive_intensity'
2026-09-10T04:25:04Z [14,376ms] [Info] [omni.rtx] No setting was found for '/rtx/materialDb/flattener/emissive_color_texture'
2026-09-10T04:25:04Z [14,376ms] [Info] [omni.rtx] No setting was found for '/rtx/materialDb/flattener/emissive_color_constant'
2026-09-10T04:25:04Z [14,376ms] [Info] [omni.rtx] No setting was found for '/rtx/materialDb/flattener/emissive_color'
2026-09-10T04:25:04Z [14,376ms] [Info] [omni.rtx] No setting was found for '/rtx/materialDb/flattener/emission_weight'
2026-09-10T04:25:04Z [14,376ms] [Info] [omni.rtx] No setting was found for '/rtx/materialDb/flattener/emission_mode'
2026-09-10T04:25:04Z [14,376ms] [Info] [omni.rtx] No setting was found for '/rtx/materialDb/flattener/emission_intensity_image'
2026-09-10T04:25:04Z [14,376ms] [Info] [omni.rtx] No setting was found for '/rtx/materialDb/flattener/emission_intensity'
2026-09-10T04:25:04Z [14,376ms] [Info] [omni.rtx] No setting was found for '/rtx/materialDb/flattener/emission_color_image'
2026-09-10T04:25:04Z [14,376ms] [Info] [omni.rtx] No setting was found for '/rtx/materialDb/flattener/emission_color'
2026-09-10T04:25:04Z [14,376ms] [Info] [omni.rtx] No setting was found for '/rtx/materialDb/flattener/diffuse_tint'
2026-09-10T04:25:04Z [14,376ms] [Info] [omni.rtx] No setting was found for '/rtx/materialDb/flattener/diffuse_texture'
2026-09-10T04:25:04Z [14,376ms] [Info] [omni.rtx] No setting was found for '/rtx/materialDb/flattener/diffuse_color_constant'
2026-09-10T04:25:04Z [14,376ms] [Info] [omni.rtx] No setting was found for '/rtx/materialDb/flattener/bump_factor'
2026-09-10T04:25:04Z [14,376ms] [Info] [omni.rtx] No setting was found for '/rtx/materialDb/flattener/ao_texture'
2026-09-10T04:25:04Z [14,376ms] [Info] [omni.rtx] No setting was found for '/rtx/materialDb/flattener/anisotropy'
2026-09-10T04:25:04Z [14,376ms] [Info] [omni.rtx] No setting was found for '/rtx/materialDb/flattener/alpha_cutout_texture'
2026-09-10T04:25:04Z [14,376ms] [Info] [omni.rtx] No setting was found for '/rtx/materialDb/flattener/alpha_cutout_cutoff'
2026-09-10T04:25:04Z [14,376ms] [Info] [omni.rtx] No setting was found for '/rtx/materialDb/compileMdlAsLibrary'
2026-09-10T04:25:04Z [14,376ms] [Info] [omni.rtx] No setting was found for '/rtx/lightspeed/ReLAX/specularResponsiveAlpha'
2026-09-10T04:25:04Z [14,376ms] [Info] [omni.rtx] No setting was found for '/rtx/lightspeed/ReLAX/specularPhiLuminance'
2026-09-10T04:25:04Z [14,376ms] [Info] [omni.rtx] No setting was found for '/rtx/lightspeed/ReLAX/specularMomentsAlpha'
2026-09-10T04:25:04Z [14,376ms] [Info] [omni.rtx] No setting was found for '/rtx/lightspeed/ReLAX/specularAlpha'
2026-09-10T04:25:04Z [14,376ms] [Info] [omni.rtx] No setting was found for '/rtx/lightspeed/ReLAX/spatialVarianceEstimationHistoryThreshold'
2026-09-10T04:25:04Z [14,376ms] [Info] [omni.rtx] No setting was found for '/rtx/lightspeed/ReLAX/reprojectionRoughnessWeightEnabled'
2026-09-10T04:25:04Z [14,376ms] [Info] [omni.rtx] No setting was found for '/rtx/lightspeed/ReLAX/phiNormal'
2026-09-10T04:25:04Z [14,376ms] [Info] [omni.rtx] No setting was found for '/rtx/lightspeed/ReLAX/phiDepth'
2026-09-10T04:25:04Z [14,376ms] [Info] [omni.rtx] No setting was found for '/rtx/lightspeed/ReLAX/lowResSpatialFilteringEnabled'
2026-09-10T04:25:04Z [14,376ms] [Info] [omni.rtx] No setting was found for '/rtx/lightspeed/ReLAX/historyClampingEnabled'
2026-09-10T04:25:04Z [14,376ms] [Info] [omni.rtx] No setting was found for '/rtx/lightspeed/ReLAX/historyClampingColorBoxSigmaScale'
2026-09-10T04:25:04Z [14,376ms] [Info] [omni.rtx] No setting was found for '/rtx/lightspeed/ReLAX/fireflySuppressionType'
2026-09-10T04:25:04Z [14,376ms] [Info] [omni.rtx] No setting was found for '/rtx/lightspeed/ReLAX/facetNormalsForFireflySuppressionEnabled'
2026-09-10T04:25:04Z [14,376ms] [Info] [omni.rtx] No setting was found for '/rtx/lightspeed/ReLAX/disocclusionFixUseFacetNormal'
2026-09-10T04:25:04Z [14,376ms] [Info] [omni.rtx] No setting was found for '/rtx/lightspeed/ReLAX/disocclusionFixEdgeStoppingZSigma'
2026-09-10T04:25:04Z [14,376ms] [Info] [omni.rtx] No setting was found for '/rtx/lightspeed/ReLAX/disocclusionFixEdgeStoppingNormalPower'
2026-09-10T04:25:04Z [14,376ms] [Info] [omni.rtx] No setting was found for '/rtx/lightspeed/ReLAX/disocclusionFixNumFramesToFix'
2026-09-10T04:25:04Z [14,376ms] [Info] [omni.rtx] No setting was found for '/rtx/lightspeed/ReLAX/disocclusionFixMaxRadius'
2026-09-10T04:25:04Z [14,376ms] [Info] [omni.rtx] No setting was found for '/rtx/lightspeed/ReLAX/disocclusionFixEnabled'
2026-09-10T04:25:04Z [14,376ms] [Info] [omni.rtx] No setting was found for '/rtx/lightspeed/ReLAX/diffuseResponsiveAlpha'
2026-09-10T04:25:04Z [14,376ms] [Info] [omni.rtx] No setting was found for '/rtx/lightspeed/ReLAX/diffusePhiLuminance'
2026-09-10T04:25:04Z [14,376ms] [Info] [omni.rtx] No setting was found for '/rtx/lightspeed/ReLAX/diffuseMomentsAlpha'
2026-09-10T04:25:04Z [14,376ms] [Info] [omni.rtx] No setting was found for '/rtx/lightspeed/ReLAX/diffuseAlpha'
2026-09-10T04:25:04Z [14,376ms] [Info] [omni.rtx] No setting was found for '/rtx/lightspeed/ReLAX/bicubicFilterForReprojectionEnabled'
2026-09-10T04:25:04Z [14,376ms] [Info] [omni.rtx] No setting was found for '/rtx/lightspeed/ReLAX/aTrousIterations'
2026-09-10T04:25:04Z [14,376ms] [Info] [omni.rtx] No setting was found for '/rtx/lightspeed/NRD_ReLAX/specularVarianceBoost'
2026-09-10T04:25:04Z [14,376ms] [Info] [omni.rtx] No setting was found for '/rtx/lightspeed/NRD_ReLAX/specularPhiLuminance'
2026-09-10T04:25:04Z [14,376ms] [Info] [omni.rtx] No setting was found for '/rtx/lightspeed/NRD_ReLAX/specularHistoryFrames'
2026-09-10T04:25:04Z [14,376ms] [Info] [omni.rtx] No setting was found for '/rtx/lightspeed/NRD_ReLAX/specularFastHistoryFrames'
2026-09-10T04:25:04Z [14,376ms] [Info] [omni.rtx] No setting was found for '/rtx/lightspeed/NRD_ReLAX/specularBlurRadius'
2026-09-10T04:25:04Z [14,376ms] [Info] [omni.rtx] No setting was found for '/rtx/lightspeed/NRD_ReLAX/spatialVarianceEstimationHistoryThreshold'
2026-09-10T04:25:04Z [14,376ms] [Info] [omni.rtx] No setting was found for '/rtx/lightspeed/NRD_ReLAX/roughnessEdgeStoppingRelaxation'
2026-09-10T04:25:04Z [14,376ms] [Info] [omni.rtx] No setting was found for '/rtx/lightspeed/NRD_ReLAX/normalEdgeStoppingRelaxation'
2026-09-10T04:25:04Z [14,376ms] [Info] [omni.rtx] No setting was found for '/rtx/lightspeed/NRD_ReLAX/luminanceEdgeStoppingRelaxation'
2026-09-10T04:25:04Z [14,376ms] [Info] [omni.rtx] No setting was found for '/rtx/lightspeed/NRD_ReLAX/historyClampingColorBoxSigmaScale'
2026-09-10T04:25:04Z [14,376ms] [Info] [omni.rtx] No setting was found for '/rtx/lightspeed/NRD_ReLAX/fireflySuppressionEnabled'
2026-09-10T04:25:04Z [14,376ms] [Info] [omni.rtx] No setting was found for '/rtx/lightspeed/NRD_ReLAX/disocclusionFixNumFramesToFix'
2026-09-10T04:25:04Z [14,376ms] [Info] [omni.rtx] No setting was found for '/rtx/lightspeed/NRD_ReLAX/disocclusionFixMaxRadius'
2026-09-10T04:25:04Z [14,376ms] [Info] [omni.rtx] No setting was found for '/rtx/lightspeed/NRD_ReLAX/disocclusionFixEdgeStoppingNormalPower'
2026-09-10T04:25:04Z [14,377ms] [Info] [omni.rtx] No setting was found for '/rtx/lightspeed/NRD_ReLAX/diffusePhiLuminance'
2026-09-10T04:25:04Z [14,377ms] [Info] [omni.rtx] No setting was found for '/rtx/lightspeed/NRD_ReLAX/diffuseHistoryFrames'
2026-09-10T04:25:04Z [14,377ms] [Info] [omni.rtx] No setting was found for '/rtx/lightspeed/NRD_ReLAX/diffuseFastHistoryFrames'
2026-09-10T04:25:04Z [14,377ms] [Info] [omni.rtx] No setting was found for '/rtx/lightspeed/NRD_ReLAX/aTrousIterations'
2026-09-10T04:25:04Z [14,377ms] [Info] [omni.rtx] No setting was found for '/rtx/lightspeed/NRD_Common/disocclusionThreshold'
2026-09-10T04:25:04Z [14,377ms] [Info] [omni.rtx] No setting was found for '/rtx/lightspeed/NRD_Common/denoisingRange'
2026-09-10T04:25:04Z [14,377ms] [Info] [omni.rtx] No setting was found for '/rtx/lightspeed/NRD_ReblurDiffuse/planeDistanceSensitivity'
2026-09-10T04:25:04Z [14,377ms] [Info] [omni.rtx] No setting was found for '/rtx/lightspeed/NRD_ReblurDiffuse/maxAccumulatedFrameNum'
2026-09-10T04:25:04Z [14,377ms] [Info] [omni.rtx] No setting was found for '/rtx/lightspeed/NRD_ReblurDiffuse/blurRadius'
2026-09-10T04:25:04Z [14,377ms] [Info] [omni.rtx] No setting was found for '/rtx/indirectDiffuse/updateSampleCount'
2026-09-10T04:25:04Z [14,377ms] [Info] [omni.rtx] No setting was found for '/rtx/indirectDiffuse/separateCacheUpdate'
2026-09-10T04:25:04Z [14,377ms] [Info] [omni.rtx] No setting was found for '/rtx/indirectDiffuse/restir'
2026-09-10T04:25:04Z [14,377ms] [Info] [omni.rtx] No setting was found for '/rtx/indirectDiffuse/pstfTileSize'
2026-09-10T04:25:04Z [14,377ms] [Info] [omni.rtx] No setting was found for '/rtx/indirectDiffuse/nrd/enabled'
2026-09-10T04:25:04Z [14,377ms] [Info] [omni.rtx] No setting was found for '/rtx/indirectDiffuse/maxSpecularAndTransmissionBounces'
2026-09-10T04:25:04Z [14,377ms] [Info] [omni.rtx] No setting was found for '/rtx/indirectDiffuse/jitterScale'
2026-09-10T04:25:04Z [14,377ms] [Info] [omni.rtx] No setting was found for '/rtx/indirectDiffuse/halfResDebug'
2026-09-10T04:25:04Z [14,377ms] [Info] [omni.rtx] No setting was found for '/rtx/indirectDiffuse/denoiser/temporal/phiPlanarDistance'
2026-09-10T04:25:04Z [14,377ms] [Info] [omni.rtx] No setting was found for '/rtx/indirectDiffuse/denoiser/temporal/phiNormal'
2026-09-10T04:25:04Z [14,377ms] [Info] [omni.rtx] No setting was found for '/rtx/indirectDiffuse/denoiser/temporal/phiDeviation'
2026-09-10T04:25:04Z [14,377ms] [Info] [omni.rtx] No setting was found for '/rtx/indirectDiffuse/denoiser/temporal/maxHistory'
2026-09-10T04:25:04Z [14,377ms] [Info] [omni.rtx] No setting was found for '/rtx/indirectDiffuse/denoiser/temporal/halfResolution'
2026-09-10T04:25:04Z [14,377ms] [Info] [omni.rtx] No setting was found for '/rtx/indirectDiffuse/denoiser/temporal/enabled'
2026-09-10T04:25:04Z [14,377ms] [Info] [omni.rtx] No setting was found for '/rtx/indirectDiffuse/denoiser/method'
2026-09-10T04:25:04Z [14,377ms] [Info] [omni.rtx] No setting was found for '/rtx/indirectDiffuse/denoiser/kernelRadius'
2026-09-10T04:25:04Z [14,377ms] [Info] [omni.rtx] No setting was found for '/rtx/indirectDiffuse/denoiser/iterations'
2026-09-10T04:25:04Z [14,377ms] [Info] [omni.rtx] No setting was found for '/rtx/indirectDiffuse/denoiser/enabled'
2026-09-10T04:25:04Z [14,377ms] [Info] [omni.rtx] No setting was found for '/rtx/indirectDiffuse/computeDiffuseGiAfterSpecularEvents'
2026-09-10T04:25:04Z [14,377ms] [Info] [omni.rtx] No setting was found for '/rtx/fog/fogZup/enabled'
2026-09-10T04:25:04Z [14,377ms] [Info] [omni.rtx] No setting was found for '/rtx/fog/fogStartHeight'
2026-09-10T04:25:04Z [14,377ms] [Info] [omni.rtx] No setting was found for '/rtx/fog/fogStartDist'
2026-09-10T04:25:04Z [14,377ms] [Info] [omni.rtx] No setting was found for '/rtx/fog/fogHeightFalloff'
2026-09-10T04:25:04Z [14,377ms] [Info] [omni.rtx] No setting was found for '/rtx/fog/fogHeightDensity'
2026-09-10T04:25:04Z [14,377ms] [Info] [omni.rtx] No setting was found for '/rtx/fog/fogEndDist'
2026-09-10T04:25:04Z [14,377ms] [Info] [omni.rtx] No setting was found for '/rtx/fog/enabled'
2026-09-10T04:25:04Z [14,377ms] [Info] [omni.rtx] No setting was found for '/rtx/fog/fogDistanceDensity'
2026-09-10T04:25:04Z [14,377ms] [Info] [omni.rtx] No setting was found for '/rtx/fog/fogColorIntensity'
2026-09-10T04:25:04Z [14,377ms] [Info] [omni.rtx] No setting was found for '/rtx/fog/fogColor'
2026-09-10T04:25:04Z [14,377ms] [Info] [omni.rtx] No setting was found for '/rtx/fishEye/useCubemap'
2026-09-10T04:25:04Z [14,377ms] [Info] [omni.rtx] No setting was found for '/rtx/fishEye/faceTintIntensity'
2026-09-10T04:25:04Z [14,377ms] [Info] [omni.rtx] No setting was found for '/rtx/fishEye/faceBorder'
2026-09-10T04:25:04Z [14,377ms] [Info] [omni.rtx] No setting was found for '/rtx/fishEye/enableVerboseInfoLogging'
2026-09-10T04:25:04Z [14,377ms] [Info] [omni.rtx] No setting was found for '/rtx/fishEye/enableUvCropping'
2026-09-10T04:25:04Z [14,377ms] [Info] [omni.rtx] No setting was found for '/rtx/fishEye/enableUnboundedResolutions'
2026-09-10T04:25:04Z [14,377ms] [Info] [omni.rtx] No setting was found for '/rtx/fishEye/enablePrimDrawingAndSelection'
2026-09-10T04:25:04Z [14,377ms] [Info] [omni.rtx] No setting was found for '/rtx/domeLight/resolutionFactor'
2026-09-10T04:25:04Z [14,377ms] [Info] [omni.rtx] No setting was found for '/rtx/domeLight/misCompensation'
2026-09-10T04:25:04Z [14,377ms] [Info] [omni.rtx] No setting was found for '/rtx/domeLight/baking/spp'
2026-09-10T04:25:04Z [14,377ms] [Info] [omni.rtx] No setting was found for '/rtx/domeLight/groundTextureScale'
2026-09-10T04:25:04Z [14,377ms] [Info] [omni.rtx] No setting was found for '/rtx/domeLight/groundPosition'
2026-09-10T04:25:04Z [14,377ms] [Info] [omni.rtx] No setting was found for '/rtx/domeLight/rotationAngle'
2026-09-10T04:25:04Z [14,377ms] [Info] [omni.rtx] No setting was found for '/rtx/domeLight/rotationAxis'
2026-09-10T04:25:04Z [14,377ms] [Info] [omni.rtx] No setting was found for '/rtx/domeLight/size'
2026-09-10T04:25:04Z [14,377ms] [Info] [omni.rtx] No setting was found for '/rtx/domeLight/radius'
2026-09-10T04:25:04Z [14,377ms] [Info] [omni.rtx] No setting was found for '/rtx/domeLight/position'
2026-09-10T04:25:04Z [14,377ms] [Info] [omni.rtx] No setting was found for '/rtx/domeLight/mode'
2026-09-10T04:25:04Z [14,377ms] [Info] [omni.rtx] No setting was found for '/rtx/directLighting/showLights'
2026-09-10T04:25:04Z [14,377ms] [Info] [omni.rtx] No setting was found for '/rtx/directLighting/separateGlossyDiffuseContrib'
2026-09-10T04:25:04Z [14,377ms] [Info] [omni.rtx] No setting was found for '/rtx/directLighting/sampledLighting/separateGlossyDiffuseContrib'
2026-09-10T04:25:04Z [14,377ms] [Info] [omni.rtx] No setting was found for '/rtx/directLighting/sampledLighting/meshLights/risCount'
2026-09-10T04:25:04Z [14,377ms] [Info] [omni.rtx] No setting was found for '/rtx/directLighting/sampledLighting/optixDenoiser/useNormals'
2026-09-10T04:25:04Z [14,377ms] [Info] [omni.rtx] No setting was found for '/rtx/directLighting/sampledLighting/optixDenoiser/useAlbedo'
2026-09-10T04:25:04Z [14,377ms] [Info] [omni.rtx] No setting was found for '/rtx/directLighting/sampledLighting/optixDenoiser/blendFactor'
2026-09-10T04:25:04Z [14,377ms] [Info] [omni.rtx] No setting was found for '/rtx/directLighting/sampledLighting/mis/enabled'
2026-09-10T04:25:04Z [14,377ms] [Info] [omni.rtx] No setting was found for '/rtx/directLighting/sampledLighting/maxRoughness'
2026-09-10T04:25:04Z [14,377ms] [Info] [omni.rtx] No setting was found for '/rtx/directLighting/sampledLighting/stochasticPassUsesGGX'
2026-09-10T04:25:04Z [14,377ms] [Info] [omni.rtx] No setting was found for '/rtx/directLighting/sampledLighting/stochasticLcUpdateMaxTileSize'
2026-09-10T04:25:04Z [14,377ms] [Info] [omni.rtx] No setting was found for '/rtx/directLighting/sampledLighting/stochasticLCRefresh'
2026-09-10T04:25:04Z [14,377ms] [Info] [omni.rtx] No setting was found for '/rtx/directLighting/sampledLighting/lightcache/spatialCache/enabled'
2026-09-10T04:25:04Z [14,377ms] [Info] [omni.rtx] No setting was found for '/rtx/directLighting/sampledLighting/irradiance/denoiser/enabled'
2026-09-10T04:25:04Z [14,377ms] [Info] [omni.rtx] No setting was found for '/rtx/directLighting/sampledLighting/enforceDenoiser'
2026-09-10T04:25:04Z [14,377ms] [Info] [omni.rtx] No setting was found for '/rtx/directLighting/sampledLighting/denoisingTechnique'
2026-09-10T04:25:04Z [14,377ms] [Info] [omni.rtx] No setting was found for '/rtx/directLighting/sampledLighting/denoiserInputNormalType'
2026-09-10T04:25:04Z [14,377ms] [Info] [omni.rtx] No setting was found for '/rtx/directLighting/sampledLighting/clampSamplesToNumberOfLights'
2026-09-10T04:25:04Z [14,377ms] [Info] [omni.rtx] No setting was found for '/rtx/directLighting/sampledLighting/clampSamplesPerPixelToNumberOfLights'
2026-09-10T04:25:04Z [14,377ms] [Info] [omni.rtx] No setting was found for '/rtx/directLighting/sampledLighting/autoEnableLightCountThreshold'
2026-09-10T04:25:04Z [14,377ms] [Info] [omni.rtx] No setting was found for '/rtx/directLighting/sampledLighting/autoEnable'
2026-09-10T04:25:04Z [14,377ms] [Info] [omni.rtx] No setting was found for '/rtx/directLighting/domeLight/sampleCount'
2026-09-10T04:25:04Z [14,377ms] [Info] [omni.rtx] No setting was found for '/rtx/directLighting/domeLight/enabledInReflections'
2026-09-10T04:25:04Z [14,377ms] [Info] [omni.rtx] No setting was found for '/rtx/directLighting/domeLight/enabled'
2026-09-10T04:25:04Z [14,377ms] [Info] [omni.rtx] No setting was found for '/rtx/directLighting/domeLight/denoisingTechnique'
2026-09-10T04:25:04Z [14,377ms] [Info] [omni.rtx] No setting was found for '/rtx/directLighting/domeLight/approxIbl/enabled'
2026-09-10T04:25:04Z [14,377ms] [Info] [omni.rtx] No setting was found for '/rtx/directLighting/diffuseBackscattering/shadowOffset'
2026-09-10T04:25:04Z [14,377ms] [Info] [omni.rtx] No setting was found for '/rtx/directLighting/diffuseBackscattering/extinction'
2026-09-10T04:25:04Z [14,377ms] [Info] [omni.rtx] No setting was found for '/rtx/directLighting/diffuseBackscattering/enabled'
2026-09-10T04:25:04Z [14,377ms] [Info] [omni.rtx] No setting was found for '/rtx/debugMaterialWhite'
2026-09-10T04:25:04Z [14,377ms] [Info] [omni.rtx] No setting was found for '/rtx/debugMaterialType'
2026-09-10T04:25:04Z [14,377ms] [Info] [omni.rtx] No setting was found for '/rtx/debugView/viewIndex'
2026-09-10T04:25:04Z [14,377ms] [Info] [omni.rtx] No setting was found for '/rtx/debugView/target'
2026-09-10T04:25:04Z [14,377ms] [Info] [omni.rtx] No setting was found for '/rtx/debugView/selectedChannels'
2026-09-10T04:25:04Z [14,377ms] [Info] [omni.rtx] No setting was found for '/rtx/debugView/scaling'
2026-09-10T04:25:04Z [14,377ms] [Info] [omni.rtx] No setting was found for '/rtx/debugView/scaleToTargetRes'
2026-09-10T04:25:04Z [14,377ms] [Info] [omni.rtx] No setting was found for '/rtx/debugView/pixelDebug/useMouse'
2026-09-10T04:25:04Z [14,377ms] [Info] [omni.rtx] No setting was found for '/rtx/debugView/pixelDebug/textScaling'
2026-09-10T04:25:04Z [14,377ms] [Info] [omni.rtx] No setting was found for '/rtx/debugView/pixelDebug/textPosY'
2026-09-10T04:25:04Z [14,377ms] [Info] [omni.rtx] No setting was found for '/rtx/debugView/pixelDebug/textPosX'
2026-09-10T04:25:04Z [14,377ms] [Info] [omni.rtx] No setting was found for '/rtx/debugView/pixelDebug/textColor'
2026-09-10T04:25:04Z [14,377ms] [Info] [omni.rtx] No setting was found for '/rtx/debugView/pixelDebug/magnifyingGlass/zoomFactor'
2026-09-10T04:25:04Z [14,377ms] [Info] [omni.rtx] No setting was found for '/rtx/debugView/pixelDebug/magnifyingGlass/size'
2026-09-10T04:25:04Z [14,377ms] [Info] [omni.rtx] No setting was found for '/rtx/debugView/pixelDebug/magnifyingGlass/enabled'
2026-09-10T04:25:04Z [14,377ms] [Info] [omni.rtx] No setting was found for '/rtx/debugView/pixelDebug/enableFixedTextPos'
2026-09-10T04:25:04Z [14,377ms] [Info] [omni.rtx] No setting was found for '/rtx/debugView/pixelDebug/enabled'
2026-09-10T04:25:04Z [14,377ms] [Info] [omni.rtx] No setting was found for '/rtx/debugView/pixelDebug/debugPosY'
2026-09-10T04:25:04Z [14,377ms] [Info] [omni.rtx] No setting was found for '/rtx/debugView/pixelDebug/debugPosX'
2026-09-10T04:25:04Z [14,377ms] [Info] [omni.rtx] No setting was found for '/rtx/debugView/pixelDebug/debugAsUint'
2026-09-10T04:25:04Z [14,377ms] [Info] [omni.rtx] No setting was found for '/rtx/debugView/pixelDebug/blinkInvalidValues'
2026-09-10T04:25:04Z [14,377ms] [Info] [omni.rtx] No setting was found for '/rtx/debugView/lightPowerMeter/enabled'
2026-09-10T04:25:04Z [14,377ms] [Info] [omni.rtx] No setting was found for '/rtx/debugView/heatMapPass'
2026-09-10T04:25:04Z [14,377ms] [Info] [omni.rtx] No setting was found for '/rtx/debugView/heatMapOverlayHeatMapScale'
2026-09-10T04:25:04Z [14,377ms] [Info] [omni.rtx] No setting was found for '/rtx/debugView/heatMapMaxTime'
2026-09-10T04:25:04Z [14,377ms] [Info] [omni.rtx] No setting was found for '/rtx/debugView/heatMapMaxIntersectionCount'
2026-09-10T04:25:04Z [14,377ms] [Info] [omni.rtx] No setting was found for '/rtx/debugView/heatMapMaxAnyHitCount'
2026-09-10T04:25:04Z [14,377ms] [Info] [omni.rtx] No setting was found for '/rtx/debugView/heatMapColorPalette'
2026-09-10T04:25:04Z [14,377ms] [Info] [omni.rtx] No setting was found for '/rtx/debugView/enablePreTonemap'
2026-09-10T04:25:04Z [14,377ms] [Info] [omni.rtx] No setting was found for '/rtx/debugView/drawDebugOverTarget'
2026-09-10T04:25:04Z [14,377ms] [Info] [omni.rtx] No setting was found for '/rtx/debugView/allowDebugViewOnMgpu'
2026-09-10T04:25:04Z [14,377ms] [Info] [omni.rtx] No setting was found for '/rtx/debug/valueFloat3'
2026-09-10T04:25:04Z [14,377ms] [Info] [omni.rtx] No setting was found for '/rtx/debug/valueFloat2'
2026-09-10T04:25:04Z [14,377ms] [Info] [omni.rtx] No setting was found for '/rtx/debug/valueFloat1'
2026-09-10T04:25:04Z [14,377ms] [Info] [omni.rtx] No setting was found for '/rtx/debug/valueFloat0'
2026-09-10T04:25:04Z [14,377ms] [Info] [omni.rtx] No setting was found for '/rtx/debug/valueBool3'
2026-09-10T04:25:04Z [14,377ms] [Info] [omni.rtx] No setting was found for '/rtx/debug/valueBool2'
2026-09-10T04:25:04Z [14,377ms] [Info] [omni.rtx] No setting was found for '/rtx/debug/valueBool1'
2026-09-10T04:25:04Z [14,377ms] [Info] [omni.rtx] No setting was found for '/rtx/debug/valueBool0'
2026-09-10T04:25:04Z [14,377ms] [Info] [omni.rtx] No setting was found for '/rtx/debug/onlyOpaqueRayFlags'
2026-09-10T04:25:04Z [14,377ms] [Info] [omni.rtx] No setting was found for '/rtx/debug/enableDebugUtils'
2026-09-10T04:25:04Z [14,377ms] [Info] [omni.rtx] No setting was found for '/rtx/addTileGpuAnnotations'
2026-09-10T04:25:04Z [14,377ms] [Info] [omni.rtx] No setting was found for '/rtx/ambientOcclusion/temporalSqrtLength'
2026-09-10T04:25:04Z [14,377ms] [Info] [omni.rtx] No setting was found for '/rtx/ambientOcclusion/enableStratification'
2026-09-10T04:25:04Z [14,377ms] [Info] [omni.rtx] No setting was found for '/rtx/ambientOcclusion/minSamples'
2026-09-10T04:25:04Z [14,377ms] [Info] [omni.rtx] No setting was found for '/rtx/ambientOcclusion/maxSamples'
2026-09-10T04:25:04Z [14,377ms] [Info] [omni.rtx] No setting was found for '/rtx/ambientOcclusion/denoiserMode'
2026-09-10T04:25:04Z [14,377ms] [Info] [omni.rtx] No setting was found for '/rtx/post/tvNoise/enableWaveDistortion'
2026-09-10T04:25:04Z [14,377ms] [Info] [omni.rtx] No setting was found for '/rtx/post/tvNoise/vignettingStrength'
2026-09-10T04:25:04Z [14,377ms] [Info] [omni.rtx] No setting was found for '/rtx/post/tvNoise/vignettingSize'
2026-09-10T04:25:04Z [14,377ms] [Info] [omni.rtx] No setting was found for '/rtx/post/tvNoise/enableVignettingFlickering'
2026-09-10T04:25:04Z [14,377ms] [Info] [omni.rtx] No setting was found for '/rtx/post/tvNoise/enableVignetting'
2026-09-10T04:25:04Z [14,377ms] [Info] [omni.rtx] No setting was found for '/rtx/post/tvNoise/enableVerticalLines'
2026-09-10T04:25:04Z [14,377ms] [Info] [omni.rtx] No setting was found for '/rtx/post/tvNoise/enableScrollBug'
2026-09-10T04:25:04Z [14,377ms] [Info] [omni.rtx] No setting was found for '/rtx/post/tvNoise/scanlineSpread'
2026-09-10T04:25:04Z [14,377ms] [Info] [omni.rtx] No setting was found for '/rtx/post/tvNoise/enableScanlines'
2026-09-10T04:25:04Z [14,377ms] [Info] [omni.rtx] No setting was found for '/rtx/post/tvNoise/enableRandomSplotches'
2026-09-10T04:25:04Z [14,377ms] [Info] [omni.rtx] No setting was found for '/rtx/post/tvNoise/lumAmount'
2026-09-10T04:25:04Z [14,377ms] [Info] [omni.rtx] No setting was found for '/rtx/post/tvNoise/enableGhostFlickering'
2026-09-10T04:25:04Z [14,377ms] [Info] [omni.rtx] No setting was found for '/rtx/post/tvNoise/fixedTimeSeedCount'
2026-09-10T04:25:04Z [14,377ms] [Info] [omni.rtx] No setting was found for '/rtx/post/tvNoise/fixedTimeSeed'
2026-09-10T04:25:04Z [14,377ms] [Info] [omni.rtx] No setting was found for '/rtx/post/tvNoise/grainSize'
2026-09-10T04:25:04Z [14,377ms] [Info] [omni.rtx] No setting was found for '/rtx/post/tvNoise/enableFilmGrain'
2026-09-10T04:25:04Z [14,377ms] [Info] [omni.rtx] No setting was found for '/rtx/post/tvNoise/grainAmount'
2026-09-10T04:25:04Z [14,377ms] [Info] [omni.rtx] No setting was found for '/rtx/post/tvNoise/enabled'
2026-09-10T04:25:04Z [14,377ms] [Info] [omni.rtx] No setting was found for '/rtx/post/tvNoise/colorAmount'
2026-09-10T04:25:04Z [14,377ms] [Info] [omni.rtx] No setting was found for '/rtx/post/motionblur/numSamples'
2026-09-10T04:25:04Z [14,377ms] [Info] [omni.rtx] No setting was found for '/rtx/post/motionblur/maxBlurDiameterFraction'
2026-09-10T04:25:04Z [14,377ms] [Info] [omni.rtx] No setting was found for '/rtx/post/motionblur/exposureFraction'
2026-09-10T04:25:04Z [14,377ms] [Info] [omni.rtx] No setting was found for '/rtx/post/motionblur/enabled'
2026-09-10T04:25:04Z [14,377ms] [Info] [omni.rtx] No setting was found for '/rtx/post/dof/subjectDistance'
2026-09-10T04:25:04Z [14,377ms] [Info] [omni.rtx] No setting was found for '/rtx/post/dof/fNumber'
2026-09-10T04:25:04Z [14,377ms] [Info] [omni.rtx] No setting was found for '/rtx/post/dof/focalLength'
2026-09-10T04:25:04Z [14,377ms] [Info] [omni.rtx] No setting was found for '/rtx/post/dof/enabled'
2026-09-10T04:25:04Z [14,377ms] [Info] [omni.rtx] No setting was found for '/rtx/post/dof/anisotropy'
2026-09-10T04:25:04Z [14,377ms] [Info] [omni.rtx] No setting was found for '/rtx/post/tonemap/irayReinhard/saturation'
2026-09-10T04:25:04Z [14,377ms] [Info] [omni.rtx] No setting was found for '/rtx/post/tonemap/irayReinhard/crushBlacks'
2026-09-10T04:25:04Z [14,377ms] [Info] [omni.rtx] No setting was found for '/rtx/post/tonemap/irayReinhard/burnHighlightsPerComponent'
2026-09-10T04:25:04Z [14,377ms] [Info] [omni.rtx] No setting was found for '/rtx/post/tonemap/irayReinhard/burnHighlightsMaxComponent'
2026-09-10T04:25:04Z [14,377ms] [Info] [omni.rtx] No setting was found for '/rtx/post/tonemap/irayReinhard/burnHighlights'
2026-09-10T04:25:04Z [14,377ms] [Info] [omni.rtx] No setting was found for '/rtx/post/tonemap/op'
2026-09-10T04:25:04Z [14,377ms] [Info] [omni.rtx] No setting was found for '/rtx/post/tonemap/dither'
2026-09-10T04:25:04Z [14,377ms] [Info] [omni.rtx] No setting was found for '/rtx/post/backgroundZeroAlpha/premultiplyColorByAlpha'
2026-09-10T04:25:04Z [14,377ms] [Info] [omni.rtx] No setting was found for '/rtx/post/backgroundZeroAlpha/outputAlphaInComposite'
2026-09-10T04:25:04Z [14,377ms] [Info] [omni.rtx] No setting was found for '/rtx/post/backgroundZeroAlpha/enabled'
2026-09-10T04:25:04Z [14,377ms] [Info] [omni.rtx] No setting was found for '/rtx/post/backgroundZeroAlpha/backgroundComposite'
2026-09-10T04:25:04Z [14,377ms] [Info] [omni.rtx] No setting was found for '/rtx/post/backgroundZeroAlpha/postTonemapBackgroundComposite'
2026-09-10T04:25:04Z [14,377ms] [Info] [omni.rtx] No setting was found for '/rtx/post/backgroundZeroAlpha/blackBackgroundInComposite'
2026-09-10T04:25:04Z [14,377ms] [Info] [omni.rtx] No setting was found for '/rtx/matteObject/visibility/refraction'
2026-09-10T04:25:04Z [14,377ms] [Info] [omni.rtx] No setting was found for '/rtx/matteObject/visibility/reflection'
2026-09-10T04:25:04Z [14,377ms] [Info] [omni.rtx] No setting was found for '/rtx/matteObject/ambientShadowCatcherFactor'
2026-09-10T04:25:04Z [14,377ms] [Info] [omni.rtx] No setting was found for '/rtx/matteObject/enableAmbientShadowCatcher'
2026-09-10T04:25:04Z [14,377ms] [Info] [omni.rtx] No setting was found for '/rtx/domeLight/forceMatteUseApproximateIbl'
2026-09-10T04:25:04Z [14,377ms] [Info] [omni.rtx] No setting was found for '/rtx/post/matteObject/enableShadowCatcher'
2026-09-10T04:25:04Z [14,377ms] [Info] [omni.rtx] No setting was found for '/rtx/matteObject/blend/contrast'
2026-09-10T04:25:04Z [14,377ms] [Info] [omni.rtx] No setting was found for '/rtx/matteObject/blend/fadeOut'
2026-09-10T04:25:04Z [14,377ms] [Info] [omni.rtx] No setting was found for '/rtx/matteObject/enabled'
2026-09-10T04:25:04Z [14,377ms] [Info] [omni.rtx] No setting was found for '/rtx/matteObject/blend/shift'
2026-09-10T04:25:04Z [14,377ms] [Info] [omni.rtx] No setting was found for '/rtx/post/lensFlares/spectralBlurWavelengthRange'
2026-09-10T04:25:04Z [14,377ms] [Info] [omni.rtx] No setting was found for '/rtx/post/lensFlares/spectralBlurIntensity'
2026-09-10T04:25:04Z [14,377ms] [Info] [omni.rtx] No setting was found for '/rtx/post/lensFlares/spectralBlurSamples'
2026-09-10T04:25:04Z [14,377ms] [Info] [omni.rtx] No setting was found for '/rtx/post/lensFlares/debugVisMode'
2026-09-10T04:25:04Z [14,377ms] [Info] [omni.rtx] No setting was found for '/rtx/post/lensFlares/sensorDiagonal'
2026-09-10T04:25:04Z [14,377ms] [Info] [omni.rtx] No setting was found for '/rtx/post/lensFlares/flareScale'
2026-09-10T04:25:04Z [14,377ms] [Info] [omni.rtx] No setting was found for '/rtx/post/lensFlares/fNumber'
2026-09-10T04:25:04Z [14,377ms] [Info] [omni.rtx] No setting was found for '/rtx/post/lensFlares/focalLength'
2026-09-10T04:25:04Z [14,377ms] [Info] [omni.rtx] No setting was found for '/rtx/post/lensFlares/energyConstrainingBlend'
2026-09-10T04:25:04Z [14,377ms] [Info] [omni.rtx] No setting was found for '/rtx/post/lensFlares/enabled'
2026-09-10T04:25:04Z [14,377ms] [Info] [omni.rtx] No setting was found for '/rtx/post/lensFlares/cutoffFuzziness'
2026-09-10T04:25:04Z [14,377ms] [Info] [omni.rtx] No setting was found for '/rtx/post/lensFlares/cutoffPoint'
2026-09-10T04:25:04Z [14,377ms] [Info] [omni.rtx] No setting was found for '/rtx/post/lensFlares/sensorAspectRatio'
2026-09-10T04:25:04Z [14,377ms] [Info] [omni.rtx] No setting was found for '/rtx/post/lensFlares/scratchStrength'
2026-09-10T04:25:04Z [14,377ms] [Info] [omni.rtx] No setting was found for '/rtx/post/lensFlares/apertureRotation'
2026-09-10T04:25:04Z [14,377ms] [Info] [omni.rtx] No setting was found for '/rtx/post/lensFlares/noiseStrength'
2026-09-10T04:25:04Z [14,377ms] [Info] [omni.rtx] No setting was found for '/rtx/post/lensFlares/dustStrength'
2026-09-10T04:25:04Z [14,377ms] [Info] [omni.rtx] No setting was found for '/rtx/post/lensFlares/blades'
2026-09-10T04:25:04Z [14,377ms] [Info] [omni.rtx] No setting was found for '/rtx/post/lensFlares/alphaExposureScale'
2026-09-10T04:25:04Z [14,377ms] [Info] [omni.rtx] No setting was found for '/rtx/post/chromaticAberration/enableLanczos'
2026-09-10T04:25:04Z [14,377ms] [Info] [omni.rtx] No setting was found for '/rtx/post/chromaticAberration/strengthR'
2026-09-10T04:25:04Z [14,377ms] [Info] [omni.rtx] No setting was found for '/rtx/post/chromaticAberration/strengthG'
2026-09-10T04:25:04Z [14,377ms] [Info] [omni.rtx] No setting was found for '/rtx/post/chromaticAberration/strengthB'
2026-09-10T04:25:04Z [14,377ms] [Info] [omni.rtx] No setting was found for '/rtx/post/chromaticAberration/enabled'
2026-09-10T04:25:04Z [14,377ms] [Info] [omni.rtx] No setting was found for '/rtx/post/chromaticAberration/mirroredRepeat'
2026-09-10T04:25:04Z [14,377ms] [Info] [omni.rtx] No setting was found for '/rtx/post/chromaticAberration/boundaryBlendRegionSize'
2026-09-10T04:25:04Z [14,377ms] [Info] [omni.rtx] No setting was found for '/rtx/post/chromaticAberration/boundaryBlendFalloff'
2026-09-10T04:25:04Z [14,377ms] [Info] [omni.rtx] No setting was found for '/rtx/post/chromaticAberration/modeB'
2026-09-10T04:25:04Z [14,377ms] [Info] [omni.rtx] No setting was found for '/rtx/post/chromaticAberration/modeG'
2026-09-10T04:25:04Z [14,377ms] [Info] [omni.rtx] No setting was found for '/rtx/post/chromaticAberration/modeR'
2026-09-10T04:25:04Z [14,377ms] [Info] [omni.rtx] No setting was found for '/rtx/post/colorgrad/whitepoint'
2026-09-10T04:25:04Z [14,377ms] [Info] [omni.rtx] No setting was found for '/rtx/post/colorcorr/saturation'
2026-09-10T04:25:04Z [14,377ms] [Info] [omni.rtx] No setting was found for '/rtx/post/colorgrad/offset'
2026-09-10T04:25:04Z [14,377ms] [Info] [omni.rtx] No setting was found for '/rtx/post/colorgrad/multiply'
2026-09-10T04:25:04Z [14,377ms] [Info] [omni.rtx] No setting was found for '/rtx/post/colorgrad/lift'
2026-09-10T04:25:04Z [14,377ms] [Info] [omni.rtx] No setting was found for '/rtx/post/colorgrad/gamma'
2026-09-10T04:25:04Z [14,377ms] [Info] [omni.rtx] No setting was found for '/rtx/post/colorgrad/gain'
2026-09-10T04:25:04Z [14,377ms] [Info] [omni.rtx] No setting was found for '/rtx/post/colorgrad/enabled'
2026-09-10T04:25:04Z [14,377ms] [Info] [omni.rtx] No setting was found for '/rtx/post/colorgrad/contrast'
2026-09-10T04:25:04Z [14,377ms] [Info] [omni.rtx] No setting was found for '/rtx/post/colorgrad/blackpoint'
2026-09-10T04:25:04Z [14,377ms] [Info] [omni.rtx] No setting was found for '/rtx/pathtracing/ptvol/transmittanceMethod'
2026-09-10T04:25:04Z [14,377ms] [Info] [omni.rtx] No setting was found for '/rtx/pathtracing/ptvol/maxLightCollisionCount'
2026-09-10T04:25:04Z [14,377ms] [Info] [omni.rtx] No setting was found for '/rtx/pathtracing/ptvol/maxCollisionCount'
2026-09-10T04:25:04Z [14,377ms] [Info] [omni.rtx] No setting was found for '/rtx/pathtracing/cached/enabled'
2026-09-10T04:25:04Z [14,377ms] [Info] [omni.rtx] No setting was found for '/rtx/pathtracing/ris/meshLights'
2026-09-10T04:25:04Z [14,377ms] [Info] [omni.rtx] No setting was found for '/rtx/pathtracing/lightcache/cached/enabled'
2026-09-10T04:25:04Z [14,377ms] [Info] [omni.rtx] No setting was found for '/rtx/pathtracing/fireflyFilter/maxPerEmissiveUnexposedIntensity'
2026-09-10T04:25:04Z [14,377ms] [Info] [omni.rtx] No setting was found for '/rtx/pathtracing/fireflyFilter/maxUnexposedIntensityPerSample'
2026-09-10T04:25:04Z [14,377ms] [Info] [omni.rtx] No setting was found for '/rtx/pathtracing/fireflyFilter/maxUnexposedIntensityPerSampleDiffuse'
2026-09-10T04:25:04Z [14,377ms] [Info] [omni.rtx] No setting was found for '/rtx/pathtracing/fireflyFilter/enabled'
2026-09-10T04:25:04Z [14,377ms] [Info] [omni.rtx] No setting was found for '/rtx/pathtracing/aa/filterRadius'
2026-09-10T04:25:04Z [14,377ms] [Info] [omni.rtx] No setting was found for '/rtx/pathtracing/aa/op'
2026-09-10T04:25:04Z [14,377ms] [Info] [omni.rtx] No setting was found for '/rtx/pathtracing/ptvol/maxBounces'
2026-09-10T04:25:04Z [14,377ms] [Info] [omni.rtx] No setting was found for '/rtx/pathtracing/ptfog/maxBounces'
2026-09-10T04:25:04Z [14,377ms] [Info] [omni.rtx] No setting was found for '/rtx/pathtracing/optixDenoiser/temporalMode/enabled'
2026-09-10T04:25:04Z [14,377ms] [Info] [omni.rtx] No setting was found for '/rtx/pathtracing/optixDenoiser/AOV'
2026-09-10T04:25:04Z [14,377ms] [Info] [omni.rtx] No setting was found for '/rtx/pathtracing/optixDenoiser/blendFactor'
2026-09-10T04:25:04Z [14,377ms] [Info] [omni.rtx] No setting was found for '/rtx/pathtracing/adaptiveSampling/targetError'
2026-09-10T04:25:04Z [14,377ms] [Info] [omni.rtx] No setting was found for '/rtx/pathtracing/adaptiveSampling/enabled'
2026-09-10T04:25:04Z [14,377ms] [Info] [omni.rtx] No setting was found for '/rtx/raytracing/subsurface/transmission/perBsdfScatteringSampleCount'
2026-09-10T04:25:04Z [14,377ms] [Info] [omni.rtx] No setting was found for '/rtx/raytracing/subsurface/transmission/bsdfSampleCount'
2026-09-10T04:25:04Z [14,377ms] [Info] [omni.rtx] No setting was found for '/rtx/raytracing/subsurface/transmission/enabled'
2026-09-10T04:25:04Z [14,377ms] [Info] [omni.rtx] No setting was found for '/rtx/raytracing/subsurface/fireflyFiltering/enabled'
2026-09-10T04:25:04Z [14,377ms] [Info] [omni.rtx] No setting was found for '/rtx/translucency/sampleRoughness'
2026-09-10T04:25:04Z [14,377ms] [Info] [omni.rtx] No setting was found for '/rtx/translucency/reflectAtAllBounce'
2026-09-10T04:25:04Z [14,377ms] [Info] [omni.rtx] No setting was found for '/rtx/translucency/virtualMotion'
2026-09-10T04:25:04Z [14,377ms] [Info] [omni.rtx] No setting was found for '/rtx/translucency/maxRayUnexposedIntensity'
2026-09-10T04:25:04Z [14,377ms] [Info] [omni.rtx] No setting was found for '/rtx/translucency/virtualDepth'
2026-09-10T04:25:04Z [14,377ms] [Info] [omni.rtx] No setting was found for '/rtx/reflections/sampledLighting/maxRayUnexposedIntensity'
2026-09-10T04:25:04Z [14,377ms] [Info] [omni.rtx] No setting was found for '/rtx/directLighting/sampledLighting/ris/meshLights'
2026-09-10T04:25:04Z [14,377ms] [Info] [omni.rtx] No setting was found for '/rtx/directLighting/sampledLighting/maxRayUnexposedIntensity'
2026-09-10T04:25:04Z [14,377ms] [Info] [omni.rtx] No setting was found for '/rtx/directLighting/enabled'
2026-09-10T04:25:04Z [14,377ms] [Info] [omni.rtx] No setting was found for '/rtx/raytracing/caustics/photonMaxBounces'
2026-09-10T04:25:04Z [14,377ms] [Info] [omni.rtx] No setting was found for '/rtx/raytracing/caustics/photonCountMultiplier'
2026-09-10T04:25:04Z [14,377ms] [Info] [omni.rtx] No setting was found for '/rtx/raytracing/caustics/eawFilteringSteps'
2026-09-10T04:25:04Z [14,377ms] [Info] [omni.rtx] No setting was found for '/rtx/caustics/enabled'
2026-09-10T04:25:04Z [14,377ms] [Info] [omni.rtx] No setting was found for '/rtx/raytracing/subsurface/maxSamplePerFrame'
2026-09-10T04:25:04Z [14,377ms] [Info] [omni.rtx] No setting was found for '/rtx/raytracing/subsurface/enabled'
2026-09-10T04:25:04Z [14,377ms] [Info] [omni.rtx] No setting was found for '/rtx/translucency/maxRefractionBounces'
2026-09-10T04:25:04Z [14,377ms] [Info] [omni.rtx] No setting was found for '/rtx/reflections/sampledLighting/samplesPerPixel'
2026-09-10T04:25:04Z [14,377ms] [Info] [omni.rtx] No setting was found for '/rtx/reflections/maxRoughness'
2026-09-10T04:25:04Z [14,377ms] [Info] [omni.rtx] No setting was found for '/rtx/reflections/maxReflectionBounces'
2026-09-10T04:25:04Z [14,377ms] [Info] [omni.rtx] No setting was found for '/rtx/indirectDiffuse/fetchSampleCount'
2026-09-10T04:25:04Z [14,377ms] [Info] [omni.rtx] No setting was found for '/rtx/indirectDiffuse/maxRayUnexposedIntensity'
2026-09-10T04:25:04Z [14,377ms] [Info] [omni.rtx] No setting was found for '/rtx/indirectDiffuse/maxBounces'
2026-09-10T04:25:04Z [14,377ms] [Info] [omni.rtx] No setting was found for '/rtx/indirectDiffuse/scalingFactor'
2026-09-10T04:25:04Z [14,377ms] [Info] [omni.rtx] No setting was found for '/rtx/raytracing/fractionalCutoutOpacity'
2026-09-10T04:25:04Z [14,377ms] [Info] [omni.rtx] No setting was found for '/rtx/ecoMode/maxFramesWithoutChange'
2026-09-10T04:25:04Z [14,377ms] [Info] [omni.rtx] No setting was found for '/rtx/ecoMode/enabled'
2026-09-10T04:25:04Z [14,377ms] [Info] [omni.rtx] No setting was found for '/rtx/ambientOcclusion/rayLength'
2026-09-10T04:25:04Z [14,377ms] [Info] [omni.rtx] No setting was found for '/rtx/sceneDb/ambientLightColor'
2026-09-10T04:25:04Z [14,377ms] [Info] [omni.rtx] No setting was found for '/rtx/minimal/constantColor'
2026-09-10T04:25:04Z [14,377ms] [Info] [omni.rtx] No setting was found for '/rtx/minimal/mode'
2026-09-10T04:25:04Z [14,377ms] [Info] [omni.rtx] No setting was found for '/rtx/wireframe/shading/enabled'
2026-09-10T04:25:04Z [14,377ms] [Info] [omni.rtx] No setting was found for '/rtx/wireframe/mode'
2026-09-10T04:25:04Z [14,377ms] [Info] [omni.rtx] No setting was found for '/rtx/syntheticdata/sensors/returnAllBBoxesOutsideFrustum'
2026-09-10T04:25:04Z [14,377ms] [Info] [omni.rtx] No setting was found for '/rtx/raytracing/picking/occluded/enabled'
2026-09-10T04:25:04Z [14,377ms] [Info] [omni.rtx] No setting was found for '/rtx/wireframe/globalWireframeThicknessWorldSpace'
2026-09-10T04:25:04Z [14,377ms] [Info] [omni.rtx] No setting was found for '/rtx/wireframe/wireframeThickness'
2026-09-10T04:25:04Z [14,377ms] [Info] [omni.rtx] No setting was found for '/rtx/wireframe/wireframeThicknessWorldSpace'
2026-09-10T04:25:04Z [14,377ms] [Info] [omni.rtx] No setting was found for '/rtx/wireframe/enabled'
2026-09-10T04:25:04Z [14,377ms] [Info] [omni.rtx] No setting was found for '/rtx/animationTime'
2026-09-10T04:25:04Z [14,377ms] [Info] [omni.rtx] No setting was found for '/rtx/material/translucencyAsOpacity'
2026-09-10T04:25:04Z [14,377ms] [Info] [omni.rtx] No setting was found for '/rtx/raytracing/shadowBias'
2026-09-10T04:25:04Z [14,377ms] [Info] [omni.rtx] No setting was found for '/rtx/domeLight/upperLowerStrategy'
2026-09-10T04:25:04Z [14,377ms] [Info] [omni.rtx] No setting was found for '/rtx/domeLight/baking/resolution'
2026-09-10T04:25:04Z [14,377ms] [Info] [omni.rtx] No setting was found for '/rtx/raytracing/rayOffset'
2026-09-10T04:25:04Z [14,377ms] [Info] [omni.rtx] No setting was found for '/rtx/dataWindowNDC'
2026-09-10T04:25:04Z [14,377ms] [Info] [omni.rtx] No setting was found for '/rtx/background/source/color'
2026-09-10T04:25:04Z [14,377ms] [Info] [omni.rtx] No setting was found for '/rtx/background/source/texture/textureMode'
2026-09-10T04:25:04Z [14,377ms] [Info] [omni.rtx] No setting was found for '/rtx/background/source/texture/luminanceScale'
2026-09-10T04:25:04Z [14,377ms] [Info] [omni.rtx] No setting was found for '/rtx/background/source/texture/colorSpace'
2026-09-10T04:25:04Z [14,377ms] [Info] [omni.rtx] No setting was found for '/rtx/background/source/texture/path'
2026-09-10T04:25:04Z [14,377ms] [Info] [omni.rtx] No setting was found for '/rtx/background/source/type'
2026-09-10T04:25:04Z [14,377ms] [Info] [omni.rtx] No setting was found for '/rtx/animationTimeUseWallclock'
2026-09-10T04:25:04Z [14,377ms] [Info] [omni.rtx] No setting was found for '/rtx/raytracing/showLights'
2026-09-10T04:25:04Z [14,377ms] [Info] [omni.rtx] No setting was found for '/rtx/raytracing/invisLightRefractionsGhostFactor'
2026-09-10T04:25:04Z [14,377ms] [Info] [omni.rtx] No setting was found for '/rtx/raytracing/invisLightReflectionsGhostFactor'
2026-09-10T04:25:04Z [14,378ms] [Info] [omni.rtx] No setting was found for '/rtx-defaults-transient/rt2Enabled'
2026-09-10T04:25:04Z [14,378ms] [Info] [omni.rtx] No setting was found for '/rtx-defaults-transient/ptEnabled'
2026-09-10T04:25:04Z [14,378ms] [Info] [omni.rtx] No setting was found for '/rtx-defaults-transient/rtEnabled'
2026-09-10T04:25:04Z [14,381ms] [Info] [carb.scenerenderer-rtx.plugin] [MBVH]: RtxRenderContext 0 has motion instance 'DISABLED' (device mask: 0x1)
2026-09-10T04:25:04Z [14,381ms] [Info] [carb] Initializing plugin: rtx.mdltranslator.plugin (interfaces: [rtx::mdltranslator::MdlTranslator v17.0]) (impl: rtx.mdltranslator.plugin)
2026-09-10T04:25:04Z [14,381ms] [Info] [omni.rtx] MDL translator code generation hash: '0x2aaf58bd4d7a1d90'
2026-09-10T04:25:04Z [14,381ms] [Info] [carb] Initializing plugin: rtx.neuraylib.plugin (interfaces: [rtx::neuray::NeurayLib v1.5]) (impl: rtx.neuraylib.plugin)
2026-09-10T04:25:04Z [14,394ms] [Info] [rtx.neuraylib.plugin] Iray cpu load limit set to 20
2026-09-10T04:25:04Z [14,468ms] [Info] [rtx.neuraylib.plugin] [EntityResolver] add MDL search path: file:/isaac-sim/extscache/omni.replicator.core-1.13.27+110.1.1.la64.r.cp312/mdl)
2026-09-10T04:25:04Z [14,469ms] [Info] [rtx.neuraylib.plugin] [EntityResolver] add MDL search path: file:/isaac-sim/kit/mdl/rtx)
2026-09-10T04:25:04Z [14,469ms] [Info] [rtx.neuraylib.plugin] [EntityResolver] add MDL search path: file:/isaac-sim/kit/mdl/rtx/iray)
2026-09-10T04:25:04Z [14,469ms] [Info] [rtx.neuraylib.plugin] [EntityResolver] add MDL search path: file:/isaac-sim/kit/mdl/core/Base)
2026-09-10T04:25:04Z [14,469ms] [Info] [rtx.neuraylib.plugin] [EntityResolver] add MDL search path: file:/isaac-sim/kit/mdl/core/Ue4)
2026-09-10T04:25:04Z [14,470ms] [Info] [rtx.neuraylib.plugin] [EntityResolver] add MDL search path: file:/isaac-sim/kit/mdl/core/VRay)
2026-09-10T04:25:04Z [14,470ms] [Info] [rtx.neuraylib.plugin] [EntityResolver] add MDL search path: file:/isaac-sim/kit/mdl/core/Volume)
2026-09-10T04:25:04Z [14,470ms] [Info] [rtx.neuraylib.plugin] [EntityResolver] add MDL search path: file:/isaac-sim/kit/mdl/core/mdl)
2026-09-10T04:25:04Z [14,470ms] [Info] [rtx.neuraylib.plugin] [EntityResolver] add MDL search path: file:/isaac-sim/kit/mdl/mtlx)
2026-09-10T04:25:04Z [14,471ms] [Info] [rtx.neuraylib.plugin] [EntityResolver] add MDL search path: file:/isaac-sim/extscache/omni.mdl-57.0.3+f9bf0dda.la64.r.cp312/search_paths/omniverse_exts)
2026-09-10T04:25:04Z [14,471ms] [Info] [omni.rtx] The list of unsupported driver ranges being verified with known bugs (RTX):
[575.00, 575.57.08)
[575.58, 575.64)
[570.00, 570.158.01)
[570.159, 570.169)
[0.00, 550.90.07)
The recommended drivers:
- 580.95.05 (GameReady, Studio, RTX/Quadro, Grid/vGPU)

The latest driver version may also work but is not fully tested.
2026-09-10T04:25:04Z [14,471ms] [Info] [carb] Initializing plugin: rtx.multigpumanager.plugin (interfaces: [rtx::multigpumanager::MultiGpuManager v0.9]) (impl: rtx.multigpumanager.plugin)
2026-09-10T04:25:04Z [14,472ms] [Info] [carb] Initializing plugin: rtx.scenedb.plugin (interfaces: [rtx::scenedb::FabricSceneDb v0.2],[rtx::scenedb::SceneDb v6.1]) (impl: rtx.scenedb.plugin)
2026-09-10T04:25:04Z [14,562ms] [Info] [carb] Initializing plugin: carb.graphics_optional.plugin (interfaces: [carb::graphics::IOptionalFeatures v2.1]) (impl: carb.graphics_optional.plugin)
2026-09-10T04:25:04Z [14,562ms] [Info] [omni.rtx] carb.graphics optional features library path: /isaac-sim/extscache/omni.gpu_foundation-0.0.0+f9bf0dda.la64.r.cp312/bin/deps
2026-09-10T04:25:04Z [14,621ms] [Info] [omni.rtx] NGX DLSS Frame Generation Feature Supported
2026-09-10T04:25:04Z [14,622ms] [Info] [carb] Initializing plugin: rtx.rasterizing.plugin (interfaces: [rtx::rasterizing::Primitive v1.0],[rtx::rasterizing::Selection v1.0]) (impl: rtx.rasterizing.plugin)
2026-09-10T04:25:04Z [14,624ms] [Info] [carb] Initializing plugin: rtx.materialdb.plugin (interfaces: [rtx::materialdb::MaterialDb v1.11]) (impl: rtx.materialdb.plugin)
2026-09-10T04:25:04Z [14,634ms] [Info] [carb] Initializing plugin: rtx.raytracing.plugin (interfaces: [rtx::raytracing::AmbientOcclusion v2.0],[rtx::raytracing::AovConverter v3.0],[rtx::raytracing::Caustics v2.0],[rtx::raytracing::Compositing v1.0],[rtx::raytracing::CopyDepth v2.0],[rtx::raytracing::DebugView v3.0],[rtx::raytracing::DirectLightingLtc v2.0],[rtx::raytracing::DirectLightingSampled v2.0],[rtx::raytracing::GBuffer v6.0],[rtx::raytracing::GlobalVolumetricEffects v1.0],[rtx::raytracing::Hair v2.0],[rtx::raytracing::IndirectDiffuse v3.0],[rtx::raytracing::MaterialBaking v0.2],[rtx::raytracing::PathTracing v3.0],[rtx::raytracing::Picking v2.0],[rtx::raytracing::RTXRaycastQueryManager v1.0],[rtx::raytracing::RadianceCache v1.0],[rtx::raytracing::RaycastQueryManager v1.0],[rtx::raytracing::Reflections v3.0],[rtx::raytracing::SamplerFeedback v2.0],[rtx::raytracing::Selection v1.0],[rtx::raytracing::Shadows v3.0],[rtx::raytracing::SpatialHashGrid v1.0],[rtx::raytracing::Subsurface v2.0],[rtx::raytracing::SyntheticAttributeData v1.0],[rtx::raytracing::SyntheticImageData v2.0],[rtx::raytracing::Translucency v6.0]) (impl: rtx.raytracing.plugin)
2026-09-10T04:25:04Z [14,641ms] [Info] [carb] Initializing plugin: rtx.denoising.plugin (interfaces: [denoising::RtDenoising v1.0],[rtx::denoising::Caustics v0.1],[rtx::denoising::DirectLighting v0.1],[rtx::denoising::GIReprojection v0.1],[rtx::denoising::IndirectDiffuse v0.1]) (impl: rtx.denoising.plugin)
2026-09-10T04:25:04Z [14,685ms] [Info] [carb] Initializing plugin: rtx.postprocessing.plugin (interfaces: [rtx::postprocessing::AlphaZeroMask v4.0],[rtx::postprocessing::ChromaticAberration v3.0],[rtx::postprocessing::DLSS v3.0],[rtx::postprocessing::DepthSensor v2.0],[rtx::postprocessing::Downsample v1.0],[rtx::postprocessing::Downsample2x v1.0],[rtx::postprocessing::Fullscreen v1.0],[rtx::postprocessing::Fxaa v2.0],[rtx::postprocessing::Histogram v2.0],[rtx::postprocessing::LensFlare v2.0],[rtx::postprocessing::MotionBlur v3.0],[rtx::postprocessing::NuRecVolumeCompositing v2.0],[rtx::postprocessing::Outline v1.0],[rtx::postprocessing::Postprocessing v6.0],[rtx::postprocessing::RegisterCompositing v0.0],[rtx::postprocessing::RegisteredCompositing v5.0],[rtx::postprocessing::TemporalAA v3.2],[rtx::postprocessing::TileCompositing v0.1],[rtx::postprocessing::Tonemapping v2.0],[rtx::postprocessing::TvNoise v3.0],[rtx::postprocessing::ViewCombiner v0.1]) (impl: rtx.postprocessing.plugin)
2026-09-10T04:25:04Z [14,696ms] [Info] [carb] Initializing plugin: carb.ocio.plugin (interfaces: [carb::ocio::OpenColorIo v0.1]) (impl: carb.ocio.plugin)
2026-09-10T04:25:04Z [14,719ms] [Info] [rtx.postprocessing.plugin] NuRec Device Memory Allocator: NuRec ResourceManager allocator created
2026-09-10T04:25:04Z [14,719ms] [Info] [carb] Initializing plugin: rtx.optixdenoising.plugin (interfaces: [rtx::optixdenoising::OptixDenoising75 v1.0]) (impl: rtx.optixdenoising.plugin)
2026-09-10T04:25:04Z [14,724ms] [Info] [omni.rtx] Creating Optix 7.5 adaptor for device 0
2026-09-10T04:25:05Z [14,786ms] [Info] [carb] Initializing plugin: rtx.reshade.plugin (interfaces: [rtx::reshade::Reshade v1.0]) (impl: rtx.reshade.plugin)
2026-09-10T04:25:05Z [14,788ms] [Info] [carb] Initializing plugin: rtx.rtxsensor.plugin (interfaces: [rtx::rtxsensor::RtxSensor v3.1]) (impl: rtx.rtxsensor.plugin)
2026-09-10T04:25:05Z [14,847ms] [Info] [carb] Initializing plugin: rtx.syntheticdata.plugin (interfaces: [rtx::syntheticdataannotation::SyntheticDataAnnotation v1.1]) (impl: rtx.syntheticdata.plugin)
2026-09-10T04:25:05Z [14,847ms] [Info] [carb] Initializing plugin: rtx.cameraisp.plugin (interfaces: [rtx::cameraisp::CameraIsp v1.0]) (impl: rtx.cameraisp.plugin)
2026-09-10T04:25:05Z [14,942ms] [Info] [omni.usd] UsdManager::initializeHydraEngineInstance - engine initialized ' uid: 1024 type: rtx flags: 0 tickRateInHz: 0 deviceMask: 1 creationIndex: 0'
2026-09-10T04:25:05Z [14,942ms] [Info] [omni.usd] UsdContext::addHydraEngineImp - engine uid: 1024
2026-09-10T04:25:05Z [14,942ms] [Info] [omni.usd] [UsdContext] Set default Hydra Engine uid: 1024 type: rtx
2026-09-10T04:25:05Z [14,942ms] [Info] [omni.usd] UsdContext::addHydraEngineWithExistingInstanceDataImp - engine to add ' uid: 1024 type: rtx flags: 0 tickRateInHz: 0 deviceMask: 1 creationIndex: 0'
2026-09-10T04:25:05Z [14,942ms] [Info] [omni.usd] UsdContext::addHydraEngineWithExistingInstanceDataImp - succesfully created engine uid: 1024
2026-09-10T04:25:05Z [14,948ms] [Info] [rtx.scenedb] [MBVH]: Creating scene acceleration structures for context 0, device mask: 0x1
2026-09-10T04:25:05Z [14,999ms] [Warning] [rtx.hydra] RenderDelegate : Warning /rtx/hydra/readTransformsFromFabricInRenderDelegate and geometry streaming are enabled together but this can cause issues with dynamic objects not streaming correctly due to problems in the transform update.
2026-09-10T04:25:05Z [15,063ms] [Info] [omni.usd] UsdContext::addHydraEngineWithExistingInstanceDataImp - set default RTX engine: 1024
2026-09-10T04:25:05Z [15,066ms] [Info] [omni.hydratexture.plugin] HydraTexture with name 'omni_kit_widget_viewport_ViewportTexture_0' has settings-path of '/exts/omni.kit.hydra_texture/omni_kit_widget_viewport_ViewportTexture_0/'
2026-09-10T04:25:05Z [15,067ms] [Info] [omni.usd] UsdContext::createViewport - engine type: 'rtx', tick rate: 120 , flags: 0 , device: 0
2026-09-10T04:25:05Z [15,072ms] [Info] [omni.usd] [MBVH]: enableHydraengineMasking: OFF, for indexForEngineInstance: 0
2026-09-10T04:25:05Z [15,072ms] [Info] [omni.usd] [MBVH]: raytracingMotion/enable: OFF, for indexForEngineInstance: 0
2026-09-10T04:25:05Z [15,072ms] [Info] [omni.usd] UsdContext::createRunloopThreadForHydraEngineImpl - engine: ' uid: 1024 type: rtx flags: 0 tickRateInHz: 0 deviceMask: 1 creationIndex: 0'
2026-09-10T04:25:05Z [15,072ms] [Info] [omni.usd] [MBVH]: enableHydraengineMasking: OFF, for indexForEngineInstance: 0
2026-09-10T04:25:05Z [15,072ms] [Info] [omni.usd] [MBVH]: raytracingMotion/enable: OFF, for indexForEngineInstance: 0
2026-09-10T04:25:05Z [15,072ms] [Info] [carb] Initializing plugin: omni.usd.hydra.renderproduct.plugin (interfaces: [omni::usd::hydra::IRenderProductManager v0.2]) (impl: omni.usd.hydra.renderproduct.plugin)
2026-09-10T04:25:05Z [15,072ms] [Info] [omni.usd] UsdContext::createViewport - handle: 0, engine: 1024
2026-09-10T04:25:05Z [15,078ms] [Info] [omni.rtx] No setting was found for '/rtx-defaults/rtxsensor/useHydraTimeAlways'
2026-09-10T04:25:05Z [15,078ms] [Info] [omni.rtx] No setting was found for '/rtx-defaults/multiThreading/enabled'
2026-09-10T04:25:05Z [15,078ms] [Info] [omni.rtx] No setting was found for '/rtx-defaults/rtxsensor/fallbackTimestamps/enabled'
2026-09-10T04:25:05Z [15,087ms] [Info] [carb] Plugin omni.graph.core.plugin is already a dependency of omni.kit.app.plugin; not changing unload order
2026-09-10T04:25:05Z [15,087ms] [Info] [omni.graph.core.plugin] queryCudaDeviceOrdinal: CUDA device ordinal: 0.
2026-09-10T04:25:05Z [15,183ms] [Info] [omni.rtx] View 0 (/Render/OmniverseKit/HydraTextures/omni_kit_widget_viewport_ViewportTexture_0) assigned to device 0
2026-09-10T04:25:05Z [15,183ms] [Info] [omni.rtx] View 0 (/Render/OmniverseKit/HydraTextures/omni_kit_widget_viewport_ViewportTexture_0) switching to 1x1 layout
2026-09-10T04:25:05Z [15,272ms] [Info] [omni.kit.app.plugin] kEventAppReady event was delayed by: omni.usd,IsaacSim,omni.usd,IsaacSim
2026-09-10T04:25:05Z [15,272ms] [Info] [simulation_app.simulation_app] SimulationApp._prepare_ui: Starting UI setup
/workspace/isaaclab/_isaac_sim/kit/python/lib/python3.12/site-packages/torch/cuda/__init__.py:435: UserWarning: 
    Found GPU0 NVIDIA GB10 which is of cuda capability 12.1.
    Minimum and Maximum cuda capability supported by this version of PyTorch is
    (8.0) - (12.0)
    
  queued_call()
[ISAACLAB] AppLauncher initialization complete
Starting kit application with the following args:  ['/workspace/isaaclab/_isaac_sim/exts/isaacsim.simulation_app/isaacsim/simulation_app/simulation_app.py', '/workspace/isaaclab/apps/isaaclab.python.headless.rendering.kit', '--/app/tokens/exe-path=/workspace/isaaclab/_isaac_sim/kit', '--/persistent/app/viewport/displayOptions=3094', '--/rtx/materialDb/syncLoads=True', '--/rtx/hydra/materialSyncLoads=True', '--/omni/kit/plugin/syncUsdLoads=True', '--/app/renderer/resolution/width=1280', '--/app/renderer/resolution/height=720', '--/app/window/width=1440', '--/app/window/height=900', '--/renderer/multiGpu/enabled=True', '--/app/fastShutdown=True', '--/app/installSignalHandlers=0', '--ext-folder', '/workspace/isaaclab/_isaac_sim/exts', '--ext-folder', '/workspace/isaaclab/_isaac_sim/apps', '--/renderer/activeGpu=0', '--/physics/cudaDevice=0', '--/plugins/carb.tasking.plugin/threadCount=20', '--/plugins/omni.tbb.globalcontrol/maxThreadCount=20', '--portable', '--no-window', '--/app/window/hideUi=True']
Passing the following args to the base kit application:  ['--source-root', '/workspace/hexapod', '--package', '/pilot/inputs/study', '--checkpoint', '/pilot/train/policy/final.pt', '--checkpoint-sha256', '88f8e60a7b1536229f51524cdc646f06d53e4f33cabb74aa89ebde73d06f7247', '--checkpoint-label', 'scratch_50_update_final', '--admission', '/probe/flat/admission.json', '--calibration', '/probe/probe/calibration.json', '--runner-smoke', '/probe/probe/runner_smoke.json', '--pilot-state', '/pilot/train/state.json', '--probe-campaign', '/probe/campaign.json', '--study-tree-receipt', '/probe/inputs/study_after_flat.sha256.json', '--pilot-inputs-receipt', '/pilot/inputs_before.sha256.json', '--output', '/outputs/recording', '--headless', '--enable_cameras', '--device', 'cuda:0', '--info', '--kit_args=--/exts/omni.kit.telemetry/skipDeferredStartup=true --/app/extensions/excluded/4=omni.kit.telemetry', '--/exts/omni.kit.telemetry/skipDeferredStartup=true', '--/app/extensions/excluded/4=omni.kit.telemetry']
Warp 1.13.0 initialized:
   CUDA Toolkit 12.9, Driver 13.0
   Devices:
     "cpu"      : "aarch64"
     "cuda:0"   : "NVIDIA GB10" (122 GiB, sm_121, mempool enabled)
   Kernel cache:
     /root/.cache/warp/1.13.0
[INFO]: Base environment:
	Environment device    : cuda:0
	Environment seed      : 157
	Physics step-size     : 0.0025
	Rendering step-size   : 0.02
	Environment step-size : 0.02
[INFO]: Registered backend 'physx' for factory Articulation.
[INFO]: Registered backend 'physx' for factory ContactSensor.
2026-09-10T04:25:05Z [15,289ms] [Info] [omni.kit.app.plugin] kEventAppReady event was delayed by: IsaacSim
2026-09-10T04:25:05Z [15,300ms] [Info] [omni.kit.app.plugin] kEventAppReady event was delayed by: IsaacSim
2026-09-10T04:25:05Z [15,301ms] [Info] [simulation_app.simulation_app] SimulationApp._prepare_ui: UI setup completed
2026-09-10T04:25:05Z [15,301ms] [Info] [simulation_app.simulation_app] SimulationApp._wait_for_viewport: Starting viewport wait
2026-09-10T04:25:05Z [15,302ms] [Info] [simulation_app.simulation_app] SimulationApp._wait_for_viewport: Running final update frames for docking
2026-09-10T04:25:05Z [15,311ms] [Info] [omni.kit.app.plugin] kEventAppReady event was delayed by: IsaacSim
2026-09-10T04:25:05Z [15,318ms] [Info] [omni.kit.app.plugin] kEventAppReady event was delayed by: IsaacSim
2026-09-10T04:25:05Z [15,325ms] [Info] [omni.kit.app.plugin] kEventAppReady event was delayed by: IsaacSim
2026-09-10T04:25:05Z [15,331ms] [Info] [omni.kit.app.plugin] kEventAppReady event was delayed by: IsaacSim
2026-09-10T04:25:05Z [15,337ms] [Info] [omni.kit.app.plugin] kEventAppReady event was delayed by: IsaacSim
2026-09-10T04:25:05Z [15,343ms] [Info] [omni.kit.app.plugin] kEventAppReady event was delayed by: IsaacSim
2026-09-10T04:25:05Z [15,348ms] [Info] [omni.kit.app.plugin] kEventAppReady event was delayed by: IsaacSim
2026-09-10T04:25:05Z [15,355ms] [Info] [omni.kit.app.plugin] kEventAppReady event was delayed by: IsaacSim
2026-09-10T04:25:05Z [15,361ms] [Info] [omni.kit.app.plugin] kEventAppReady event was delayed by: IsaacSim
2026-09-10T04:25:05Z [15,367ms] [Info] [omni.kit.app.plugin] kEventAppReady event was delayed by: IsaacSim
2026-09-10T04:25:05Z [15,367ms] [Info] [simulation_app.simulation_app] SimulationApp._wait_for_viewport: Viewport wait completed
2026-09-10T04:25:05Z [15,367ms] [Info] [omni.kit.app.plugin] [15.397s] Simulation App Startup Complete
2026-09-10T04:25:05Z [15,373ms] [Info] [omni.kit.app.plugin] [15.403s] app ready
2026-09-10T04:25:05Z [15,373ms] [Info] [omni.kit.test.plugin] No test libraries found. Skipping tests.
2026-09-10T04:25:05Z [15,373ms] [Info] [omni.kit.app._impl] python GC: gc.enable()
2026-09-10T04:25:05Z [15,523ms] [Info] [omni.kit.material.library.material_library] Material cache loaded /isaac-sim/kit/cache/Kit/110.1/f9bf0dda/material_cache.json
2026-09-10T04:25:07Z [17,211ms] [Warning] [isaaclab_physx.physics.physx_manager] TGS solver with enable_external_forces_every_iteration=False may cause noisy velocities.
2026-09-10T04:25:07Z [17,329ms] [Info] [isaaclab.utils.backend_utils] Registered backend 'physx' for factory Articulation.
2026-09-10T04:25:07Z [17,363ms] [Info] [isaaclab.utils.backend_utils] Registered backend 'physx' for factory ContactSensor.
2026-09-10T04:25:07Z [17,374ms] [Info] [carb.omniclient.plugin]  Main: provider_http: Successfully created S3 provider for https://omniverse-content-production.s3-us-west-2.amazonaws.com
2026-09-10T04:25:07Z [17,688ms] [Info] [carb.omniclient.plugin]  Tick: provider_http: Using CloudFront http://dcb18d6mfegct.cloudfront.net/, List = No
2026-09-10T04:25:08Z [18,260ms] [Info] [omni.physx.foundation.plugin] Using CUDA device ordinal 0.
2026-09-10T04:25:09Z [18,971ms] [Info] [omni.physx.foundation.plugin] Using CUDA device ordinal 0.
2026-09-10T04:25:09Z [19,404ms] [Warning] [omni.usd] Encountered USD Warnings but USD Diagnostics are currently muted. To view USD Warnings, please set the '/persistent/app/usd/muteUsdDiagnostics' setting to false in Preferences page.
2026-09-10T04:25:09Z [19,443ms] [Info] [omni.physx.tensors.plugin] Physics using context 0xb04f6df83690, device 0
2026-09-10T04:25:13Z [22,782ms] [Info] [isaaclab_physx.assets.articulation.articulation] Simulation parameters for joints in /World/envs/env_.*/Robot:
+-------------------------------------------------------------------------------------------------------------------------------------------------------------------+
|                                                 Simulation Joint Information (Prim path: /World/envs/env_.*/Robot)                      [INFO]: Time taken for scene creation Last: 1.033951 s, Mean: 1.033951 s, Std: 0.000000 s, N: 1
[INFO]: Scene manager:  <class InteractiveScene>
	Number of environments: 1
	Environment spacing   : 2.0
	Source prim name      : /World/envs/env_0
	Global prim paths     : []
	Replicate physics     : True
[INFO]: Starting the simulation. This may take a few seconds. Please wait...
[INFO]: Simulation parameters for joints in /World/envs/env_.*/Robot:
+-------------------------------------------------------------------------------------------------------------------------------------------------------------------+
|                                                 Simulation Joint Information (Prim path: /World/envs/env_.*/Robot)                                                |
+-------+--------------+-----------+---------+----------+-----------------+------------------+------------------+-----------------+-----------------+---------------+
| Index | Name         | Stiffness | Damping | Armature | Static Friction | Dynamic Friction | Viscous Friction | Position Limits | Velocity Limits | Effort Limits |
+-------+--------------+-----------+---------+----------+-----------------+------------------+------------------+-----------------+-----------------+---------------+
|   0   | revolute_1_1 |   0.000   |  0.000  |  0.001   |      0.010      |      0.010       |      0.002       | [-0.873, 0.873] |      55.292     |     5.500     |
|   1   | revolute_1_7 |   0.000   |  0.000  |  0.001   |      0.010      |      0.010       |      0.002       | [-0.873, 0.873] |      55.292     |     5.500     |
|   2   | revolute_2_5 |   0.000   |  0.000  |  0.001   |      0.010      |      0.010       |      0.002       | [-0.873, 0.873] |      55.292     |     5.500     |
|   3   | revolute_3   |   0.000   |  0.000  |  0.001   |      0.010      |      0.010       |      0.002       | [-0.873, 0.873] |      55.292     |     5.500     |
|   4   | revolute_4   |   0.000   |  0.000  |  0.001   |      0.010      |      0.010       |      0.002       | [-0.873, 0.873] |      55.292     |     5.500     |
|   5   | revolute_5   |   0.000   |  0.000  |  0.001   |      0.010      |      0.010       |      0.002       | [-0.873, 0.873] |      55.292     |     5.500     |
|   6   | revolute_1   |   0.000   |  0.000  |  0.001   |      0.010      |      0.010       |      0.002       |  [0.000, 1.745] |      55.292     |     5.500     |
|   7   | revolute_1_6 |   0.000   |  0.000  |  0.001   |      0.010      |      0.010       |      0.002       |  [0.000, 1.745] |      55.292     |     5.500     |
|   8   | revolute_1_5 |   0.000   |  0.000  |  0.001   |      0.010      |      0.010       |      0.002       |  [0.000, 1.745] |      55.292     |     5.500     |
|   9   | revolute_1_3 |   0.000   |  0.000  |  0.001   |      0.010      |      0.010       |      0.002       |  [0.000, 1.745] |      55.292     |     5.500     |
|   10  | revolute_1_4 |   0.000   |  0.000  |  0.001   |      0.010      |      0.010       |      0.002       |  [0.000, 1.745] |      55.292     |     5.500     |
|   11  | revolute_1_2 |   0.000   |  0.000  |  0.001   |      0.010      |      0.010       |      0.002       |  [0.000, 1.745] |      55.292     |     5.500     |
|   12  | revolute_2   |   0.000   |  0.000  |  0.001   |      0.010      |      0.010       |      0.002       |  [0.000, 2.531] |      55.292     |     5.500     |
|   13  | revolute_2_6 |   0.000   |  0.000  |  0.001   |      0.010      |      0.010       |      0.002       |  [0.000, 2.531] |      55.292     |     5.500     |
|   14  | revolute_2_4 |   0.000   |  0.000  |  0.001   |      0.010      |      0.010       |      0.002       |  [0.000, 2.531] |      55.292     |     5.500     |
|   15  | revolute_2_2 |   0.000   |  0.000  |  0.001   |      0.010      |      0.010       |      0.002       |  [0.000, 2.531] |      55.292     |     5.500     |
|   16  | revolute_2_3 |   0.000   |  0.000  |  0.001   |      0.010      |      0.010       |      0.002       |  [0.000, 2.531] |      55.292     |     5.500     |
|   17  | revolute_2_1 |   0.000   |  0.000  |  0.001   |      0.010      |      0.010       |      0.002       |  [0.000, 2.531] |      55.292     |     5.500     |
+-------+--------------+-----------+---------+----------+-----------------+------------------+------------------+-----------------+-----------------+---------------+
                          |
+-------+--------------+-----------+---------+----------+-----------------+------------------+------------------+-----------------+-----------------+---------------+
| Index | Name         | Stiffness | Damping | Armature | Static Friction | Dynamic Friction | Viscous Friction | Position Limits | Velocity Limits | Effort Limits |
+-------+--------------+-----------+---------+----------+-----------------+------------------+------------------+-----------------+-----------------+---------------+
|   0   | revolute_1_1 |   0.000   |  0.000  |  0.001   |      0.010      |      0.010       |      0.002       | [-0.873, 0.873] |      55.292     |     5.500     |
|   1   | revolute_1_7 |   0.000   |  0.000  |  0.001   |      0.010      |      0.010       |      0.002       | [-0.873, 0.873] |      55.292     |     5.500     |
|   2   | revolute_2_5 |   0.000   |  0.000  |  0.001   |      0.010      |      0.010       |      0.002       | [-0.873, 0.873] |      55.292     |     5.500     |
|   3   | revolute_3   |   0.000   |  0.000  |  0.001   |      0.010      |      0.010       |      0.002       | [-0.873, 0.873] |      55.292     |     5.500     |
|   4   | revolute_4   |   0.000   |  0.000  |  0.001   |      0.010      |      0.010       |      0.002       | [-0.873, 0.873] |      55.292     |     5.500     |
|   5   | revolute_5   |   0.000   |  0.000  |  0.001   |      0.010      |      0.010       |      0.002       | [-0.873, 0.873] |      55.292     |     5.500     |
|   6   | revolute_1   |   0.000   |  0.000  |  0.001   |      0.010      |      0.010       |      0.002       |  [0.000, 1.745] |      55.292     |     5.500     |
|   7   | revolute_1_6 |   0.000   |  0.000  |  0.001   |      0.010      |      0.010       |      0.002       |  [0.000, 1.745] |      55.292     |     5.500     |
|   8   | revolute_1_5 |   0.000   |  0.000  |  0.001   |      0.010      |      0.010       |      0.002       |  [0.000, 1.745] |      55.292     |     5.500     |
|   9   | revolute_1_3 |   0.000   |  0.000  |  0.001   |      0.010      |      0.010       |      0.002       |  [0.000, 1.745] |      55.292     |     5.500     |
|   10  | revolute_1_4 |   0.000   |  0.000  |  0.001   |      0.010      |      0.010       |      0.002       |  [0.000, 1.745] |      55.292     |     5.500     |
|   11  | revolute_1_2 |   0.000   |  0.000  |  0.001   |      0.010      |      0.010       |      0.002       |  [0.000, 1.745] |      55.292     |     5.500     |
|   12  | revolute_2   |   0.000   |  0.000  |  0.001   |      0.010      |      0.010       |      0.002       |  [0.000, 2.531] |      55.292     |     5.500     |
|   13  | revolute_2_6 |   0.000   |  0.000  |  0.001   |      0.010      |      0.010       |      0.002       |  [0.000, 2.531] |      55.292     |     5.500     |
|   14  | revolute_2_4 |   0.000   |  0.000  |  0.001   |      0.010      |      0.010       |      0.002       |  [0.000, 2.531] |      55.292     |     5.500     |
|   15  | revolute_2_2 |   0.000   |  0.000  |  0.001   |      0.010      |      0.010       |      0.002       |  [0.000, 2.531] |      55.292     |     5.500     |
|   16  | revolute_2_3 |   0.000   |  0.000  |  0.001   |      0.010      |      0.010       |      0.002       |  [0.000, 2.531] |      55.292     |     5.500     |
|   17  | revolute_2_1 |   0.000   |  0.000  |  0.001   |      0.010      |      0.010       |      0.002       |  [0.000, 2.531] |      55.292     |     5.500     |
+-------+--------------+-----------+---------+----------+-----------------+------------------+------------------+-----------------+-----------------+---------------+
2026-09-10T04:25:13Z [22,796ms] [Info] [isaacsim.core.simulation_manager.plugin] onResume: Stored initial time data
2026-09-10T04:25:13Z [22,802ms] [Info] [omni.rtx] Setting mgpu copy backend to 'copyQueue'
2026-09-10T04:25:13Z [22,914ms] [Info] [omni.rtx] Texture cache is at  and /root/.cache/ov/texturecache (local)
2026-09-10T04:25:13Z [22,917ms] [Info] [omni.rtx] IndeX Direct: volume handling enabled.
2026-09-10T04:25:16Z [26,350ms] [Info] [omni.hydratexture.plugin] HydraTexture with name 'Replicator' has settings-path of '/exts/omni.kit.hydra_texture/Replicator/'
[INFO]: Time taken for simulation start Last: 4.826897 s, Mean: 4.826897 s, Std: 0.000000 s, N: 1
[INFO]: Completed setting up the environment...
--------------------------------------------------------------------------------
Resolved observation sets: 
	 actor :  ['policy']
	 critic :  ['critic']
--------------------------------------------------------------------------------
Actor Model: MLPModel(
  (obs_normalizer): EmpiricalNormalization()
  (distribution): GaussianDistribution()
  (mlp): MLP(
    (0): Linear(in_features=495, out_features=256, bias=True)
    (1): ELU(alpha=1.0)
    (2): Linear(in_features=256, out_features=256, bias=True)
    (3): ELU(alpha=1.0)
    (4): Linear(in_features=256, out_features=128, bias=True)
    (5): ELU(alpha=1.0)
    (6): Linear(in_features=128, out_features=18, bias=True)
  )
)
Critic Model: MLPModel(
  (obs_normalizer): EmpiricalNormalization()
  (mlp): MLP(
    (0): Linear(in_features=498, out_features=256, bias=True)
    (1): ELU(alpha=1.0)
    (2): Linear(in_features=256, out_features=256, bias=True)
    (3): ELU(alpha=1.0)
    (4): Linear(in_features=256, out_features=128, bias=True)
    (5): ELU(alpha=1.0)
    (6): Linear(in_features=128, out_features=1, bias=True)
  )
)
[INFO]: SimulationContext cleared
2026-09-10T04:25:16Z [26,350ms] [Info] [omni.usd] UsdContext::createViewport - engine type: 'rtx', tick rate: 120 , flags: 0 , device: 0
2026-09-10T04:25:16Z [26,354ms] [Info] [omni.usd] [MBVH]: enableHydraengineMasking: OFF, for indexForEngineInstance: 0
2026-09-10T04:25:16Z [26,354ms] [Info] [omni.usd] [MBVH]: raytracingMotion/enable: OFF, for indexForEngineInstance: 0
2026-09-10T04:25:16Z [26,354ms] [Info] [omni.usd] UsdContext::createRunloopThreadForHydraEngineImpl - engine: ' uid: 1024 type: rtx flags: 0 tickRateInHz: 0 deviceMask: 1 creationIndex: 0'
2026-09-10T04:25:16Z [26,354ms] [Info] [omni.usd] [MBVH]: enableHydraengineMasking: OFF, for indexForEngineInstance: 0
2026-09-10T04:25:16Z [26,354ms] [Info] [omni.usd] [MBVH]: raytracingMotion/enable: OFF, for indexForEngineInstance: 0
2026-09-10T04:25:16Z [26,354ms] [Info] [omni.usd] UsdContext::createViewport - handle: 1, engine: 1024
2026-09-10T04:25:16Z [26,357ms] [Info] [omni.replicator.core.scripts.annotators] Attaching rgb to render product(s) ['/Render/OmniverseKit/HydraTextures/Replicator']
2026-09-10T04:25:16Z [26,377ms] [Info] [isaacsim.core.simulation_manager.plugin] onStop: Cleared time samples
2026-09-10T04:25:16Z [26,387ms] [Info] [omni.rtx] View 0 (/Render/OmniverseKit/HydraTextures/omni_kit_widget_viewport_ViewportTexture_0) assigned to device 0
2026-09-10T04:25:16Z [26,387ms] [Info] [omni.rtx] View 0 (/Render/OmniverseKit/HydraTextures/omni_kit_widget_viewport_ViewportTexture_0) switching to 1x1 layout
2026-09-10T04:25:16Z [26,389ms] [Info] [omni.rtx] View 1 (/Render/OmniverseKit/HydraTextures/Replicator) assigned to device 0
2026-09-10T04:25:16Z [26,389ms] [Info] [omni.rtx] View 1 (/Render/OmniverseKit/HydraTextures/Replicator) switching to 1x1 layout
2026-09-10T04:25:16Z [26,446ms] [Warning] [omni.syntheticdata.plugin] OgnSdPostRenderVarToHost : rendervar copy from texture directly to host buffer is counter-performant. Please use copy from texture to device buffer first.
2026-09-10T04:25:16Z [26,748ms] [Info] [omni.physx.foundation.plugin] Using CUDA device ordinal 0.
2026-09-10T04:25:16Z [26,777ms] [Warning] [omni.kit.material.library.material_extensions] Could not initialize context menu integration: No module named 'omni.kit.context_menu'
2026-09-10T04:25:17Z [26,785ms] [Info] [omni.rtx.materials] Destroying MdlShadeNode for prim: /World/ground/terrain/Looks/theGrid/Shader (rtx)
2026-09-10T04:25:17Z [26,827ms] [Info] [omni.rtx] IRenderSettingsContext destroying Usd value-cache for 9223001
2026-09-10T04:25:17Z [26,827ms] [Info] [omni.rtx] IRenderSettingsContext destroying Usd value-cache for 9223001
2026-09-10T04:25:17Z [26,828ms] [Info] [omni.usd] UsdContext::destroyViewport - handle: 1
2026-09-10T04:25:17Z [26,831ms] [Info] [omni.usd] UsdContext::destroyViewport - engine: ' uid: 1024 type: rtx flags: 0 tickRateInHz: 0 deviceMask: 1 creationIndex: 0
2026-09-10T04:25:17Z [26,963ms] [Info] [isaaclab.sim.simulation_context] SimulationContext cleared
2026-09-10T04:25:17Z [26,964ms] [Info] [simulation_app.simulation_app] SimulationApp.close: Closing application
2026-09-10T04:25:17Z [27,017ms] [Info] [simulation_app.simulation_app] SimulationApp.close: Replicator shutdown finished
2026-09-10T04:25:17Z [27,017ms] [Info] [simulation_app.simulation_app] SimulationApp.close: Stage could not be closed
2026-09-10T04:25:17Z [27,017ms] [Info] [omni.kit.app.plugin] [27.047s] Simulation App Shutting Down
2026-09-10T04:25:17Z [27,018ms] [Info] [simulation_app.simulation_app] SimulationApp.close: shutting down app
