time="2026-09-10T13:11:18-05:00" level=warning msg="No services to build"
time="2026-09-10T13:11:19-05:00" level=warning msg="No services to build"
 Container hexapod-reference-physics-9337ccb5cf7141bea7d735731375a0b6 Creating 
 Container hexapod-reference-physics-9337ccb5cf7141bea7d735731375a0b6 Created 
The '--headless' CLI argument is deprecated. Omit '--viz' for default headless. If config visualizers are enabled and you want to force headless, use '--viz none'.
Loading user config located at: '/isaac-sim/kit/data/Kit/IsaacLab/3.0/user.config.json'
2026-09-10T18:11:19Z [0ms] [Warning] [omni.ext.plugin] [ext: initial_stop] Extensions config 'extension.toml' doesn't exist '/output/initial_stop' or '/output/initial_stop/config'
2026-09-10T18:11:19Z [0ms] [Warning] [omni.ext.plugin] [ext: jobs] Extensions config 'extension.toml' doesn't exist '/output/jobs' or '/output/jobs/config'
2026-09-10T18:11:19Z [0ms] [Warning] [omni.ext.plugin] [ext: standing] Extensions config 'extension.toml' doesn't exist '/output/standing' or '/output/standing/config'
2026-09-10T18:11:19Z [0ms] [Warning] [omni.ext.plugin] [ext: logs] Extensions config 'extension.toml' doesn't exist '/output/logs' or '/output/logs/config'
2026-09-10T18:11:19Z [0ms] [Warning] [omni.ext.plugin] [ext: isaaclab_visualizers] Extensions config 'extension.toml' doesn't exist '/workspace/isaaclab/source/isaaclab_visualizers' or '/workspace/isaaclab/source/isaaclab_visualizers/config'
2026-09-10T18:11:19Z [0ms] [Warning] [omni.ext.plugin] [ext: initial_constant] Extensions config 'extension.toml' doesn't exist '/output/initial_constant' or '/output/initial_constant/config'
2026-09-10T18:11:19Z [110ms] [Warning] [carb.omniclient.plugin]  45: OmniHub: ThreadId(02) Hub encountered error. Trying to reconnect to Hub. retry_reason="Hub failed to launch: Io(\"child exited with exit status: 1 without writing file \\\"/tmp/hub-ubuntu-1A274335.config.json\\\"\")"
2026-09-10T18:11:19Z [182ms] [Warning] [carb.omniclient.plugin]  45: OmniHub: ThreadId(02) Hub encountered error. Trying to reconnect to Hub. retry_reason="Hub failed to launch: Io(\"child exited with exit status: 1 without writing file \\\"/tmp/hub-ubuntu-1A274335.config.json\\\"\")"
2026-09-10T18:11:19Z [264ms] [Warning] [carb.omniclient.plugin]  45: OmniHub: ThreadId(02) Hub encountered error. Trying to reconnect to Hub. retry_reason="Hub failed to launch: Io(\"child exited with exit status: 1 without writing file \\\"/tmp/hub-ubuntu-1A274335.config.json\\\"\")"
2026-09-10T18:11:19Z [356ms] [Warning] [carb.omniclient.plugin]  45: OmniHub: ThreadId(02) Hub encountered error. Trying to reconnect to Hub. retry_reason="Hub failed to launch: Io(\"child exited with exit status: 1 without writing file \\\"/tmp/hub-ubuntu-1A274335.config.json\\\"\")"
2026-09-10T18:11:20Z [460ms] [Warning] [carb.omniclient.plugin]  45: OmniHub: ThreadId(02) Hub encountered error. Trying to reconnect to Hub. retry_reason="Hub failed to launch: Io(\"child exited with exit status: 1 without writing file \\\"/tmp/hub-ubuntu-1A274335.config.json\\\"\")"
2026-09-10T18:11:20Z [571ms] [Warning] [carb.omniclient.plugin]  45: OmniHub: ThreadId(02) Hub encountered error. Trying to reconnect to Hub. retry_reason="Hub failed to launch: Io(\"child exited with exit status: 1 without writing file \\\"/tmp/hub-ubuntu-1A274335.config.json\\\"\")"
2026-09-10T18:11:20Z [694ms] [Warning] [carb.omniclient.plugin]  45: OmniHub: ThreadId(02) Hub encountered error. Trying to reconnect to Hub. retry_reason="Hub failed to launch: Io(\"child exited with exit status: 1 without writing file \\\"/tmp/hub-ubuntu-1A274335.config.json\\\"\")"
2026-09-10T18:11:20Z [828ms] [Warning] [carb.omniclient.plugin]  45: OmniHub: ThreadId(02) Hub encountered error. Trying to reconnect to Hub. retry_reason="Hub failed to launch: Io(\"child exited with exit status: 1 without writing file \\\"/tmp/hub-ubuntu-1A274335.config.json\\\"\")"
2026-09-10T18:11:20Z [970ms] [Warning] [carb.omniclient.plugin]  45: OmniHub: ThreadId(02) Hub encountered error. Trying to reconnect to Hub. retry_reason="Hub failed to launch: Io(\"child exited with exit status: 1 without writing file \\\"/tmp/hub-ubuntu-1A274335.config.json\\\"\")"
2026-09-10T18:11:20Z [1,122ms] [Warning] [carb.omniclient.plugin]  45: OmniHub: ThreadId(02) Hub encountered error. Trying to reconnect to Hub. retry_reason="Hub failed to launch: Io(\"child exited with exit status: 1 without writing file \\\"/tmp/hub-ubuntu-1A274335.config.json\\\"\")"
2026-09-10T18:11:20Z [1,284ms] [Warning] [carb.omniclient.plugin]  45: OmniHub: ThreadId(02) Hub encountered error. Trying to reconnect to Hub. retry_reason="Hub failed to launch: Io(\"child exited with exit status: 1 without writing file \\\"/tmp/hub-ubuntu-1A274335.config.json\\\"\")"
2026-09-10T18:11:21Z [1,456ms] [Warning] [carb.omniclient.plugin]  45: OmniHub: ThreadId(02) Hub encountered error. Trying to reconnect to Hub. retry_reason="Hub failed to launch: Io(\"child exited with exit status: 1 without writing file \\\"/tmp/hub-ubuntu-1A274335.config.json\\\"\")"
2026-09-10T18:11:21Z [1,639ms] [Warning] [carb.omniclient.plugin]  45: OmniHub: ThreadId(02) Hub encountered error. Trying to reconnect to Hub. retry_reason="Hub failed to launch: Io(\"child exited with exit status: 1 without writing file \\\"/tmp/hub-ubuntu-1A274335.config.json\\\"\")"
2026-09-10T18:11:21Z [1,832ms] [Warning] [carb.omniclient.plugin]  45: OmniHub: ThreadId(02) Hub encountered error. Trying to reconnect to Hub. retry_reason="Hub failed to launch: Io(\"child exited with exit status: 1 without writing file \\\"/tmp/hub-ubuntu-1A274335.config.json\\\"\")"
2026-09-10T18:11:21Z [2,035ms] [Warning] [carb.omniclient.plugin]  45: OmniHub: ThreadId(02) Hub encountered error. Trying to reconnect to Hub. retry_reason="Hub failed to launch: Io(\"child exited with exit status: 1 without writing file \\\"/tmp/hub-ubuntu-1A274335.config.json\\\"\")"
2026-09-10T18:11:21Z [2,247ms] [Warning] [carb.omniclient.plugin]  45: OmniHub: ThreadId(02) Hub encountered error. Trying to reconnect to Hub. retry_reason="Hub failed to launch: Io(\"child exited with exit status: 1 without writing file \\\"/tmp/hub-ubuntu-1A274335.config.json\\\"\")"
2026-09-10T18:11:22Z [2,469ms] [Warning] [carb.omniclient.plugin]  45: OmniHub: ThreadId(02) Hub encountered error. Trying to reconnect to Hub. retry_reason="Hub failed to launch: Io(\"child exited with exit status: 1 without writing file \\\"/tmp/hub-ubuntu-1A274335.config.json\\\"\")"
2026-09-10T18:11:22Z [2,703ms] [Warning] [carb.omniclient.plugin]  45: OmniHub: ThreadId(02) Hub encountered error. Trying to reconnect to Hub. retry_reason="Hub failed to launch: Io(\"child exited with exit status: 1 without writing file \\\"/tmp/hub-ubuntu-1A274335.config.json\\\"\")"
2026-09-10T18:11:22Z [2,945ms] [Warning] [carb.omniclient.plugin]  45: OmniHub: ThreadId(02) Hub encountered error. Trying to reconnect to Hub. retry_reason="Hub failed to launch: Io(\"child exited with exit status: 1 without writing file \\\"/tmp/hub-ubuntu-1A274335.config.json\\\"\")"
2026-09-10T18:11:22Z [3,197ms] [Warning] [carb.omniclient.plugin]  45: OmniHub: ThreadId(02) Hub encountered error. Trying to reconnect to Hub. retry_reason="Hub failed to launch: Io(\"child exited with exit status: 1 without writing file \\\"/tmp/hub-ubuntu-1A274335.config.json\\\"\")"
2026-09-10T18:11:23Z [3,460ms] [Warning] [carb.omniclient.plugin]  45: OmniHub: ThreadId(02) Hub encountered error. Trying to reconnect to Hub. retry_reason="Hub failed to launch: Io(\"child exited with exit status: 1 without writing file \\\"/tmp/hub-ubuntu-1A274335.config.json\\\"\")"
2026-09-10T18:11:23Z [3,733ms] [Warning] [carb.omniclient.plugin]  45: OmniHub: ThreadId(02) Hub encountered error. Trying to reconnect to Hub. retry_reason="Hub failed to launch: Io(\"child exited with exit status: 1 without writing file \\\"/tmp/hub-ubuntu-1A274335.config.json\\\"\")"
2026-09-10T18:11:23Z [4,015ms] [Warning] [carb.omniclient.plugin]  45: OmniHub: ThreadId(02) Hub encountered error. Trying to reconnect to Hub. retry_reason="Hub failed to launch: Io(\"child exited with exit status: 1 without writing file \\\"/tmp/hub-ubuntu-1A274335.config.json\\\"\")"
2026-09-10T18:11:23Z [4,310ms] [Warning] [carb.omniclient.plugin]  45: OmniHub: ThreadId(02) Hub encountered error. Trying to reconnect to Hub. retry_reason="Hub failed to launch: Io(\"child exited with exit status: 1 without writing file \\\"/tmp/hub-ubuntu-1A274335.config.json\\\"\")"
2026-09-10T18:11:24Z [4,614ms] [Warning] [carb.omniclient.plugin]  45: OmniHub: ThreadId(02) Hub encountered error. Trying to reconnect to Hub. retry_reason="Hub failed to launch: Io(\"child exited with exit status: 1 without writing file \\\"/tmp/hub-ubuntu-1A274335.config.json\\\"\")"
2026-09-10T18:11:24Z [4,927ms] [Warning] [carb.omniclient.plugin]  45: OmniHub: ThreadId(02) Hub encountered error. Trying to reconnect to Hub. retry_reason="Hub failed to launch: Io(\"child exited with exit status: 1 without writing file \\\"/tmp/hub-ubuntu-1A274335.config.json\\\"\")"
2026-09-10T18:11:24Z [5,250ms] [Warning] [carb.omniclient.plugin]  45: OmniHub: ThreadId(02) Hub encountered error. Trying to reconnect to Hub. retry_reason="Hub failed to launch: Io(\"child exited with exit status: 1 without writing file \\\"/tmp/hub-ubuntu-1A274335.config.json\\\"\")"
2026-09-10T18:11:25Z [5,583ms] [Warning] [carb.omniclient.plugin]  45: OmniHub: ThreadId(02) Hub encountered error. Trying to reconnect to Hub. retry_reason="Hub failed to launch: Io(\"child exited with exit status: 1 without writing file \\\"/tmp/hub-ubuntu-1A274335.config.json\\\"\")"
2026-09-10T18:11:25Z [5,927ms] [Warning] [carb.omniclient.plugin]  45: OmniHub: ThreadId(02) Hub encountered error. Trying to reconnect to Hub. retry_reason="Hub failed to launch: Io(\"child exited with exit status: 1 without writing file \\\"/tmp/hub-ubuntu-1A274335.config.json\\\"\")"
2026-09-10T18:11:25Z [6,280ms] [Warning] [carb.omniclient.plugin]  45: OmniHub: ThreadId(02) Hub encountered error. Trying to reconnect to Hub. retry_reason="Hub failed to launch: Io(\"child exited with exit status: 1 without writing file \\\"/tmp/hub-ubuntu-1A274335.config.json\\\"\")"
2026-09-10T18:11:26Z [6,643ms] [Warning] [carb.omniclient.plugin]  45: OmniHub: ThreadId(02) Hub encountered error. Trying to reconnect to Hub. retry_reason="Hub failed to launch: Io(\"child exited with exit status: 1 without writing file \\\"/tmp/hub-ubuntu-1A274335.config.json\\\"\")"
2026-09-10T18:11:26Z [7,016ms] [Warning] [carb.omniclient.plugin]  45: OmniHub: ThreadId(02) Hub encountered error. Trying to reconnect to Hub. retry_reason="Hub failed to launch: Io(\"child exited with exit status: 1 without writing file \\\"/tmp/hub-ubuntu-1A274335.config.json\\\"\")"
2026-09-10T18:11:26Z [7,400ms] [Warning] [carb.omniclient.plugin]  45: OmniHub: ThreadId(02) Hub encountered error. Trying to reconnect to Hub. retry_reason="Hub failed to launch: Io(\"child exited with exit status: 1 without writing file \\\"/tmp/hub-ubuntu-1A274335.config.json\\\"\")"
2026-09-10T18:11:27Z [7,792ms] [Warning] [carb.omniclient.plugin]  45: OmniHub: ThreadId(02) Hub encountered error. Trying to reconnect to Hub. retry_reason="Hub failed to launch: Io(\"child exited with exit status: 1 without writing file \\\"/tmp/hub-ubuntu-1A274335.config.json\\\"\")"
2026-09-10T18:11:27Z [8,196ms] [Warning] [carb.omniclient.plugin]  45: OmniHub: ThreadId(02) Hub encountered error. Trying to reconnect to Hub. retry_reason="Hub failed to launch: Io(\"child exited with exit status: 1 without writing file \\\"/tmp/hub-ubuntu-1A274335.config.json\\\"\")"
2026-09-10T18:11:28Z [8,608ms] [Warning] [carb.omniclient.plugin]  45: OmniHub: ThreadId(02) Hub encountered error. Trying to reconnect to Hub. retry_reason="Hub failed to launch: Io(\"child exited with exit status: 1 without writing file \\\"/tmp/hub-ubuntu-1A274335.config.json\\\"\")"
2026-09-10T18:11:28Z [9,031ms] [Warning] [carb.omniclient.plugin]  45: OmniHub: ThreadId(02) Hub encountered error. Trying to reconnect to Hub. retry_reason="Hub failed to launch: Io(\"child exited with exit status: 1 without writing file \\\"/tmp/hub-ubuntu-1A274335.config.json\\\"\")"
2026-09-10T18:11:29Z [9,464ms] [Warning] [carb.omniclient.plugin]  45: OmniHub: ThreadId(02) Hub encountered error. Trying to reconnect to Hub. retry_reason="Hub failed to launch: Io(\"child exited with exit status: 1 without writing file \\\"/tmp/hub-ubuntu-1A274335.config.json\\\"\")"
2026-09-10T18:11:29Z [9,905ms] [Warning] [carb.omniclient.plugin]  45: OmniHub: ThreadId(02) Hub encountered error. Trying to reconnect to Hub. retry_reason="Hub failed to launch: Io(\"child exited with exit status: 1 without writing file \\\"/tmp/hub-ubuntu-1A274335.config.json\\\"\")"
WARNING: All log messages before absl::InitializeLog() is called are written to STDERR
E0000 00:00:1789063889.928117      11 descriptor_database.cc:633] File already exists in database: grpc/health/v1/health.proto
W0000 00:00:1789063889.928141      11 message.cc:301] Protobuf GeneratedMessageFactory: File is already registered: grpc/health/v1/health.proto
2026-09-10T18:11:29Z [10,380ms] [Warning] [omni.usd_config.extension] Enable omni.materialx.libs extension to use MaterialX
/workspace/isaaclab/_isaac_sim/kit/python/lib/python3.12/site-packages/torch/cuda/__init__.py:435: UserWarning: 
    Found GPU0 NVIDIA GB10 which is of cuda capability 12.1.
    Minimum and Maximum cuda capability supported by this version of PyTorch is
    (8.0) - (12.0)
    
  queued_call()
[ISAACLAB] AppLauncher initialization complete
REFERENCE_SCREEN_APP_READY
2026-09-10T18:11:33Z [14,207ms] [Warning] [isaaclab_physx.physics.physx_manager] TGS solver with enable_external_forces_every_iteration=False may cause noisy velocities.
[INFO]: Base environment:
	Environment device    : cuda:0
	Environment seed      : 157
	Physics step-size     : 0.0025
	Rendering step-size   : 0.02
	Environment step-size : 0.02
[INFO]: Registered backend 'physx' for factory Articulation.
[INFO]: Registered backend 'physx' for factory ContactSensor.
[INFO]: Time taken for scene creation Last: 1.581223 s, Mean: 1.581223 s, Std: 0.000000 s, N: 1
[INFO]: Scene manager:  <class InteractiveScene>
	Number of environments: 1024
	Environment spacing   : 2.0
	Source prim name      : /World/envs/env_0
	Global prim paths     : []
	Replicate physics     : True
[INFO]: Starting the simulation. This may take a few seconds. Please wait...
2026-09-10T18:11:38Z [19,065ms] [Warning] [usdrt.population.plugin] Last global time was not created. Did you call setEnableUsdNoticeHandling?
[INFO]: Simulation parameters for joints in /World/envs/env_.*/Robot:
+-------------------------------------------------------------------------------------------------------------------------------------------------------------------+
|                                                 Simulation Joint Information (Prim path: /World/envs/env_.*/Robot)                                                |
+-------+--------------+-----------+---------+----------+-----------------+------------------+------------------+-----------------+-----------------+---------------+
| Index | Name         | Stiffness | Damping | Armature | Static Friction | Dynamic Friction | Viscous Friction | Position Limits | Velocity Limits | Effort Limits |
+-------+--------------+-----------+---------+----------+-----------------+------------------+------------------+-----------------+-----------------+---------------+
|   0   | revolute_1_1 |   0.000   |  0.000  |  0.001   |      0.010      |      0.010       |      0.002       | [-0.873, 0.873] |      55.292     |     5.500     |
|   1   | revolute_1_7 |   0.000   |  0.000  |  0.001   |      0.010      |      0.010       |      0.002       | [-0.873, 0.873] |      55.292     |     5.500     |
|   2   | revolute_2_5 |   0.000   |  0.000  |  0.001   |      0.010      |      0.010       |      0.002       | [-0.873, 0.873] |      55.292     |     5.500     |
|   3   | revolute_3   |   0.000   |  0.000  |  0.001   |      0.010      |      0.010       |      0.002       | [-0.873, 0.873] |      55.292     |     5.500     |
|   4   | revolute_4   |   0.000   |  0.000  |  0.001   |      0.010      |      0.010       |      0.002       | [-0.873, 0.873] |      55.292     |     5.500     |
|   5   | revolute_5   |   0.000   |  0.000  |  0.001   |      0.010      |      0.010       |      0.002       | [-0.873, 0.873] |      55.292     |     5.500     |
|   6   | revolute_1   |   0.000   |  0.000  |  0.001   |      0.010      |      0.010       |      0.002       |  [0.000, 1.745] |      55.292     |     5.500     |
|   7   | revolute_1_6 |   0.000   |  0.000  |  0.001   |      0.010      |      0.010       |      0.002       |  [0.000, 1.745] |      55.292     |     5.500     |
|   8   | revolute_1_5 |   0.000   |  0.000  |  0.001   |      0.010      |      0.010       |      0.002       |  [0.000, 1.745] |      55.292     |     5.500     |
|   9   | revolute_1_3 |   0.000   |  0.000  |  0.001   |      0.010      |      0.010       |      0.002       |  [0.000, 1.745] |      55.292     |     5.500     |
|   10  | revolute_1_4 |   0.000   |  0.000  |  0.001   |      0.010      |      0.010       |      0.002       |  [0.000, 1.745] |      55.292     |     5.500     |
|   11  | revolute_1_2 |   0.000   |  0.000  |  0.001   |      0.010      |      0.010       |      0.002       |  [0.000, 1.745] |      55.292     |     5.500     |
|   12  | revolute_2   |   0.000   |  0.000  |  0.001   |      0.010      |      0.010       |      0.002       |  [0.000, 2.531] |      55.292     |     5.500     |
|   13  | revolute_2_6 |   0.000   |  0.000  |  0.001   |      0.010      |      0.010       |      0.002       |  [0.000, 2.531] |      55.292     |     5.500     |
|   14  | revolute_2_4 |   0.000   |  0.000  |  0.001   |      0.010      |      0.010       |      0.002       |  [0.000, 2.531] |      55.292     |     5.500     |
|   15  | revolute_2_2 |   0.000   |  0.000  |  0.001   |      0.010      |      0.010       |      0.002       |  [0.000, 2.531] |      55.292     |     5.500     |
|   16  | revolute_2_3 |   0.000   |  0.000  |  0.001   |      0.010      |      0.010       |      0.002       |  [0.000, 2.531] |      55.292     |     5.500     |
|   17  | revolute_2_1 |   0.000   |  0.000  |  0.001   |      0.010      |      0.010       |      0.002       |  [0.000, 2.531] |      55.292     |     5.500     |
+-------+--------------+-----------+---------+----------+-----------------+------------------+------------------+-----------------+-----------------+---------------+
[INFO]: Time taken for simulation start Last: 8.732918 s, Mean: 8.732918 s, Std: 0.000000 s, N: 1
[INFO]: Completed setting up the environment...
--------------------------------------------------------------------------------
Resolved observation sets: 
	 actor :  ['policy']
	 critic :  ['critic']
--------------------------------------------------------------------------------
Actor Model: MLPModel(
  (obs_normalizer): EmpiricalNormalization()
  (distribution): GaussianDistribution()
  (mlp): MLP(
    (0): Linear(in_features=315, out_features=256, bias=True)
    (1): ELU(alpha=1.0)
    (2): Linear(in_features=256, out_features=256, bias=True)
    (3): ELU(alpha=1.0)
    (4): Linear(in_features=256, out_features=128, bias=True)
    (5): ELU(alpha=1.0)
    (6): Linear(in_features=128, out_features=18, bias=True)
  )
)
Critic Model: MLPModel(
  (obs_normalizer): EmpiricalNormalization()
  (mlp): MLP(
    (0): Linear(in_features=318, out_features=256, bias=True)
    (1): ELU(alpha=1.0)
    (2): Linear(in_features=256, out_features=256, bias=True)
    (3): ELU(alpha=1.0)
    (4): Linear(in_features=256, out_features=128, bias=True)
    (5): ELU(alpha=1.0)
    (6): Linear(in_features=128, out_features=1, bias=True)
  )
)
Could not find git repository in /workspace/isaaclab/_isaac_sim/kit/python/lib/python3.12/site-packages/rsl_rl/__init__.py. Skipping.
################################################################################
[1m                          Learning iteration 1847/1897                          [0m 

                            Total steps: 24576 
                       Steps per second: 10505 
                        Collection time: 2.003s 
                          Learning time: 0.337s 
                        Mean value loss: 0.2812
                    Mean surrogate loss: 0.0109
                      Mean entropy loss: -15.9048
                Mean caps_temporal loss: 0.3020
                 Mean caps_spatial loss: 0.0023
                Mean caps_weighted loss: 0.2912
     Mean caps_valid_pair_fraction loss: 0.7461
     Mean caps_quiet_temporal_mean loss: 0.3011
    Mean caps_moving_temporal_mean loss: 0.3227
                            Mean reward: 0.40
                    Mean episode length: 11.71
                        Mean action std: 0.10
                   Omni/linear_tracking: 0.6299
                      Omni/yaw_tracking: 0.4582
                   Omni/linear_progress: 0.0490
                      Omni/yaw_progress: 0.0243
                 Omni/vertical_velocity: 0.0085
                   Omni/roll_pitch_rate: 0.0433
                              Omni/tilt: 0.0001
                            Omni/height: 0.0000
                            Omni/torque: 0.4962
                     Omni/torque_excess: 0.0744
               Omni/worst_torque_excess: 0.7529
                        Omni/saturation: 0.1039
                    Omni/positive_power: 2.6312
                       Omni/action_rate: 4.1779
                Omni/joint_acceleration: 64422.1992
                              Omni/slip: 0.0065
                           Omni/nonfoot: 0.0000
                      Omni/joint_limits: 0.0000
                           Omni/airtime: -0.0025
                     Omni/stand_posture: 0.0025
              Omni/stand_joint_velocity: 0.8000
             Omni/stand_target_velocity: 3.2664
                  Omni/stand_raw_action: 0.1754
                      Omni/terminations: 0.0000
--------------------------------------------------------------------------------
                         Iteration time: 2.34s
                           Time elapsed: 00:00:02
                                    ETA: 00:01:54

################################################################################
[1m                          Learning iteration 1848/1897                          [0m 

                            Total steps: 49152 
                       Steps per second: 12233 
                        Collection time: 1.830s 
                          Learning time: 0.179s 
                        Mean value loss: 0.0263
                    Mean surrogate loss: -0.0097
                      Mean entropy loss: -15.9058
                Mean caps_temporal loss: 0.3376
                 Mean caps_spatial loss: 0.0016
                Mean caps_weighted loss: 0.2743
     Mean caps_valid_pair_fraction loss: 0.9487
     Mean caps_quiet_temporal_mean loss: 0.3382
    Mean caps_moving_temporal_mean loss: 0.3354
                            Mean reward: 1.25
                    Mean episode length: 26.12
                        Mean action std: 0.10
                   Omni/linear_tracking: 0.6247
                      Omni/yaw_tracking: 0.5432
                   Omni/linear_progress: 0.0970
                      Omni/yaw_progress: 0.0735
                 Omni/vertical_velocity: 0.0026
                   Omni/roll_pitch_rate: 0.0636
                              Omni/tilt: 0.0003
                            Omni/height: 0.0000
                            Omni/torque: 0.5394
                     Omni/torque_excess: 0.0529
               Omni/worst_torque_excess: 0.6383
                        Omni/saturation: 0.1026
                    Omni/positive_power: 2.6917
                       Omni/action_rate: 5.0207
                Omni/joint_acceleration: 54662.5156
                              Omni/slip: 0.0088
                           Omni/nonfoot: 0.0000
                      Omni/joint_limits: 0.0032
                           Omni/airtime: -0.0073
                     Omni/stand_posture: 0.0097
              Omni/stand_joint_velocity: 0.7215
             Omni/stand_target_velocity: 2.9537
                  Omni/stand_raw_action: 0.3507
                      Omni/terminations: 0.0000
--------------------------------------------------------------------------------
                         Iteration time: 2.01s
                           Time elapsed: 00:00:04
                                    ETA: 00:01:44

################################################################################
[1m                          Learning iteration 1849/1897                          [0m 

                            Total steps: 73728 
                       Steps per second: 12487 
                        Collection time: 1.792s 
                          Learning time: 0.176s 
                        Mean value loss: 0.0289
                    Mean surrogate loss: -0.0074
                      Mean entropy loss: -15.9144
                Mean caps_temporal loss: 0.3192
                 Mean caps_spatial loss: 0.0016
                Mean caps_weighted loss: 0.2485
     Mean caps_valid_pair_fraction loss: 0.9865
     Mean caps_quiet_temporal_mean loss: 0.3167
    Mean caps_moving_temporal_mean loss: 0.3268
                            Mean reward: 1.74
                    Mean episode length: 37.71
                        Mean action std: 0.10
                   Omni/linear_tracking: 0.5738
                      Omni/yaw_tracking: 0.5396
                   Omni/linear_progress: 0.0938
                      Omni/yaw_progress: 0.0976
                 Omni/vertical_velocity: 0.0021
                   Omni/roll_pitch_rate: 0.0750
                              Omni/tilt: 0.0005
                            Omni/height: 0.0000
                            Omni/torque: 0.5384
                     Omni/torque_excess: 0.0497
               Omni/worst_torque_excess: 0.6603
                        Omni/saturation: 0.1067
                    Omni/positive_power: 2.7972
                       Omni/action_rate: 4.9723
                Omni/joint_acceleration: 56596.9180
                              Omni/slip: 0.0084
                           Omni/nonfoot: 0.0000
                      Omni/joint_limits: 0.0058
                           Omni/airtime: -0.0073
                     Omni/stand_posture: 0.0183
              Omni/stand_joint_velocity: 0.7271
             Omni/stand_target_velocity: 2.8318
                  Omni/stand_raw_action: 0.4131
                      Omni/terminations: 0.0000
--------------------------------------------------------------------------------
                         Iteration time: 1.97s
                           Time elapsed: 00:00:06
                                    ETA: 00:01:38

################################################################################
[1m                          Learning iteration 1850/1897                          [0m 

                            Total steps: 98304 
                       Steps per second: 12140 
                        Collection time: 1.848s 
                          Learning time: 0.176s 
                        Mean value loss: 0.0290
                    Mean surrogate loss: -0.0094
                      Mean entropy loss: -15.9212
                Mean caps_temporal loss: 0.3118
                 Mean caps_spatial loss: 0.0016
                Mean caps_weighted loss: 0.2411
     Mean caps_valid_pair_fraction loss: 0.9913
     Mean caps_quiet_temporal_mean loss: 0.3085
    Mean caps_moving_temporal_mean loss: 0.3220
                            Mean reward: 2.33
                    Mean episode length: 54.43
                        Mean action std: 0.10
                   Omni/linear_tracking: 0.5682
                      Omni/yaw_tracking: 0.5370
                   Omni/linear_progress: 0.1071
                      Omni/yaw_progress: 0.0317
                 Omni/vertical_velocity: 0.0019
                   Omni/roll_pitch_rate: 0.0787
                              Omni/tilt: 0.0006
                            Omni/height: 0.0000
                            Omni/torque: 0.5392
                     Omni/torque_excess: 0.0497
               Omni/worst_torque_excess: 0.6538
                        Omni/saturation: 0.1075
                    Omni/positive_power: 2.7884
                       Omni/action_rate: 4.8907
                Omni/joint_acceleration: 56946.6055
                              Omni/slip: 0.0088
                           Omni/nonfoot: 0.0000
                      Omni/joint_limits: 0.0090
                           Omni/airtime: -0.0035
                     Omni/stand_posture: 0.0288
              Omni/stand_joint_velocity: 0.8472
             Omni/stand_target_velocity: 3.1983
                  Omni/stand_raw_action: 0.5033
                      Omni/terminations: 0.0000
--------------------------------------------------------------------------------
                         Iteration time: 2.02s
                           Time elapsed: 00:00:08
                                    ETA: 00:01:35

################################################################################
[1m                          Learning iteration 1851/1897                          [0m 

                            Total steps: 122880 
                       Steps per second: 12498 
                        Collection time: 1.785s 
                          Learning time: 0.182s 
                        Mean value loss: 0.0252
                    Mean surrogate loss: -0.0074
                      Mean entropy loss: -15.9262
                Mean caps_temporal loss: 0.3085
                 Mean caps_spatial loss: 0.0016
                Mean caps_weighted loss: 0.2377
     Mean caps_valid_pair_fraction loss: 0.9954
     Mean caps_quiet_temporal_mean loss: 0.3050
    Mean caps_moving_temporal_mean loss: 0.3191
                            Mean reward: 3.18
                    Mean episode length: 72.64
                        Mean action std: 0.10
                   Omni/linear_tracking: 0.5794
                      Omni/yaw_tracking: 0.5603
                   Omni/linear_progress: 0.1520
                      Omni/yaw_progress: 0.0287
                 Omni/vertical_velocity: 0.0019
                   Omni/roll_pitch_rate: 0.0730
                              Omni/tilt: 0.0006
                            Omni/height: 0.0000
                            Omni/torque: 0.5393
                     Omni/torque_excess: 0.0505
               Omni/worst_torque_excess: 0.6431
                        Omni/saturation: 0.1077
                    Omni/positive_power: 2.7784
                       Omni/action_rate: 4.8391
                Omni/joint_acceleration: 57337.7734
                              Omni/slip: 0.0092
                           Omni/nonfoot: 0.0000
                      Omni/joint_limits: 0.0152
                           Omni/airtime: -0.0029
                     Omni/stand_posture: 0.0298
              Omni/stand_joint_velocity: 0.7829
             Omni/stand_target_velocity: 2.9604
                  Omni/stand_raw_action: 0.4773
                      Omni/terminations: 0.0000
--------------------------------------------------------------------------------
                         Iteration time: 1.97s
                           Time elapsed: 00:00:10
                                    ETA: 00:01:32

################################################################################
[1m                          Learning iteration 1852/1897                          [0m 

                            Total steps: 147456 
                       Steps per second: 12369 
                        Collection time: 1.803s 
                          Learning time: 0.183s 
                        Mean value loss: 0.0220
                    Mean surrogate loss: -0.0070
                      Mean entropy loss: -15.9366
                Mean caps_temporal loss: 0.3093
                 Mean caps_spatial loss: 0.0016
                Mean caps_weighted loss: 0.2384
     Mean caps_valid_pair_fraction loss: 0.9944
     Mean caps_quiet_temporal_mean loss: 0.3058
    Mean caps_moving_temporal_mean loss: 0.3200
                            Mean reward: 3.81
                    Mean episode length: 97.08
                        Mean action std: 0.10
                   Omni/linear_tracking: 0.5250
                      Omni/yaw_tracking: 0.5590
                   Omni/linear_progress: 0.0637
                      Omni/yaw_progress: 0.0278
                 Omni/vertical_velocity: 0.0018
                   Omni/roll_pitch_rate: 0.0810
                              Omni/tilt: 0.0006
                            Omni/height: 0.0000
                            Omni/torque: 0.5366
                     Omni/torque_excess: 0.0470
               Omni/worst_torque_excess: 0.6308
                        Omni/saturation: 0.1067
                    Omni/positive_power: 2.7901
                       Omni/action_rate: 4.8126
                Omni/joint_acceleration: 57203.6250
                              Omni/slip: 0.0077
                           Omni/nonfoot: 0.0000
                      Omni/joint_limits: 0.0158
                           Omni/airtime: -0.0009
                     Omni/stand_posture: 0.0385
              Omni/stand_joint_velocity: 0.9018
             Omni/stand_target_velocity: 3.3780
                  Omni/stand_raw_action: 0.5614
                      Omni/terminations: 0.0000
--------------------------------------------------------------------------------
                         Iteration time: 1.99s
                           Time elapsed: 00:00:12
                                    ETA: 00:01:30

################################################################################
[1m                          Learning iteration 1853/1897                          [0m 

                            Total steps: 172032 
                       Steps per second: 12353 
                        Collection time: 1.814s 
                          Learning time: 0.175s 
                        Mean value loss: 0.0225
                    Mean surrogate loss: -0.0048
                      Mean entropy loss: -15.9531
                Mean caps_temporal loss: 0.3089
                 Mean caps_spatial loss: 0.0016
                Mean caps_weighted loss: 0.2383
     Mean caps_valid_pair_fraction loss: 0.9939
     Mean caps_quiet_temporal_mean loss: 0.3054
    Mean caps_moving_temporal_mean loss: 0.3195
                            Mean reward: 4.55
                    Mean episode length: 118.54
                        Mean action std: 0.10
                   Omni/linear_tracking: 0.5443
                      Omni/yaw_tracking: 0.5856
                   Omni/linear_progress: 0.1057
                      Omni/yaw_progress: 0.1454
                 Omni/vertical_velocity: 0.0017
                   Omni/roll_pitch_rate: 0.0808
                              Omni/tilt: 0.0007
                            Omni/height: 0.0000
                            Omni/torque: 0.5312
                     Omni/torque_excess: 0.0495
               Omni/worst_torque_excess: 0.6536
                        Omni/saturation: 0.1060
                    Omni/positive_power: 2.8027
                       Omni/action_rate: 4.6732
                Omni/joint_acceleration: 56712.6328
                              Omni/slip: 0.0078
                           Omni/nonfoot: 0.0000
                      Omni/joint_limits: 0.0197
                           Omni/airtime: -0.0027
                     Omni/stand_posture: 0.0326
              Omni/stand_joint_velocity: 0.7327
             Omni/stand_target_velocity: 2.7327
                  Omni/stand_raw_action: 0.4624
                      Omni/terminations: 0.0000
--------------------------------------------------------------------------------
                         Iteration time: 1.99s
                           Time elapsed: 00:00:14
                                    ETA: 00:01:27

################################################################################
[1m                          Learning iteration 1854/1897                          [0m 

                            Total steps: 196608 
                       Steps per second: 12256 
                        Collection time: 1.830s 
                          Learning time: 0.175s 
                        Mean value loss: 0.0207
                    Mean surrogate loss: -0.0094
                      Mean entropy loss: -15.9747
                Mean caps_temporal loss: 0.3083
                 Mean caps_spatial loss: 0.0016
                Mean caps_weighted loss: 0.2378
     Mean caps_valid_pair_fraction loss: 0.9942
     Mean caps_quiet_temporal_mean loss: 0.3049
    Mean caps_moving_temporal_mean loss: 0.3189
                            Mean reward: 5.30
                    Mean episode length: 137.63
                        Mean action std: 0.10
                   Omni/linear_tracking: 0.5693
                      Omni/yaw_tracking: 0.5484
                   Omni/linear_progress: 0.1748
                      Omni/yaw_progress: 0.0539
                 Omni/vertical_velocity: 0.0016
                   Omni/roll_pitch_rate: 0.0839
                              Omni/tilt: 0.0006
                            Omni/height: 0.0000
                            Omni/torque: 0.5282
                     Omni/torque_excess: 0.0474
               Omni/worst_torque_excess: 0.6347
                        Omni/saturation: 0.1031
                    Omni/positive_power: 2.8610
                       Omni/action_rate: 4.6818
                Omni/joint_acceleration: 56634.1367
                              Omni/slip: 0.0076
                           Omni/nonfoot: 0.0000
                      Omni/joint_limits: 0.0198
                           Omni/airtime: -0.0023
                     Omni/stand_posture: 0.0332
              Omni/stand_joint_velocity: 0.7196
             Omni/stand_target_velocity: 2.7043
                  Omni/stand_raw_action: 0.4599
                      Omni/terminations: 0.0000
--------------------------------------------------------------------------------
                         Iteration time: 2.01s
                           Time elapsed: 00:00:16
                                    ETA: 00:01:25

################################################################################
[1m                          Learning iteration 1855/1897                          [0m 

                            Total steps: 221184 
                       Steps per second: 12458 
                        Collection time: 1.796s 
                          Learning time: 0.176s 
                        Mean value loss: 0.8342
                    Mean surrogate loss: -0.0079
                      Mean entropy loss: -15.9968
                Mean caps_temporal loss: 0.3061
                 Mean caps_spatial loss: 0.0016
                Mean caps_weighted loss: 0.2618
     Mean caps_valid_pair_fraction loss: 0.7400
     Mean caps_quiet_temporal_mean loss: 0.3037
    Mean caps_moving_temporal_mean loss: 0.3194
                            Mean reward: 6.57
                    Mean episode length: 162.94
                        Mean action std: 0.10
                   Omni/linear_tracking: 0.5671
                      Omni/yaw_tracking: 0.5562
                   Omni/linear_progress: 0.1822
                      Omni/yaw_progress: 0.0797
                 Omni/vertical_velocity: 0.0017
                   Omni/roll_pitch_rate: 0.0859
                              Omni/tilt: 0.0006
                            Omni/height: 0.0000
                            Omni/torque: 0.5306
                     Omni/torque_excess: 0.0460
               Omni/worst_torque_excess: 0.6300
                        Omni/saturation: 0.1043
                    Omni/positive_power: 2.9313
                       Omni/action_rate: 4.6467
                Omni/joint_acceleration: 57810.4609
                              Omni/slip: 0.0083
                           Omni/nonfoot: 0.0000
                      Omni/joint_limits: 0.0239
                           Omni/airtime: -0.0022
                     Omni/stand_posture: 0.0343
              Omni/stand_joint_velocity: 0.7162
             Omni/stand_target_velocity: 2.6382
                  Omni/stand_raw_action: 0.4532
                      Omni/terminations: 0.0000
--------------------------------------------------------------------------------
                         Iteration time: 1.97s
                           Time elapsed: 00:00:18
                                    ETA: 00:01:23

################################################################################
[1m                          Learning iteration 1856/1897                          [0m 

                            Total steps: 245760 
                       Steps per second: 12067 
                        Collection time: 1.838s 
                          Learning time: 0.198s 
                        Mean value loss: 0.1684
                    Mean surrogate loss: -0.0098
                      Mean entropy loss: -16.0069
                Mean caps_temporal loss: 0.3028
                 Mean caps_spatial loss: 0.0016
                Mean caps_weighted loss: 0.2490
     Mean caps_valid_pair_fraction loss: 0.8332
     Mean caps_quiet_temporal_mean loss: 0.3004
    Mean caps_moving_temporal_mean loss: 0.3130
                            Mean reward: 7.48
                    Mean episode length: 188.30
                        Mean action std: 0.10
                   Omni/linear_tracking: 0.5196
                      Omni/yaw_tracking: 0.5621
                   Omni/linear_progress: 0.0888
                      Omni/yaw_progress: 0.0556
                 Omni/vertical_velocity: 0.0016
                   Omni/roll_pitch_rate: 0.0858
                              Omni/tilt: 0.0006
                            Omni/height: 0.0000
                            Omni/torque: 0.5307
                     Omni/torque_excess: 0.0457
               Omni/worst_torque_excess: 0.6239
                        Omni/saturation: 0.1061
                    Omni/positive_power: 2.8046
                       Omni/action_rate: 4.6180
                Omni/joint_acceleration: 56919.1055
                              Omni/slip: 0.0068
                           Omni/nonfoot: 0.0000
                      Omni/joint_limits: 0.0214
                           Omni/airtime: -0.0008
                     Omni/stand_posture: 0.0408
              Omni/stand_joint_velocity: 0.8424
             Omni/stand_target_velocity: 3.1429
                  Omni/stand_raw_action: 0.5398
                      Omni/terminations: 0.0000
--------------------------------------------------------------------------------
                         Iteration time: 2.04s
                           Time elapsed: 00:00:20
                                    ETA: 00:01:21

################################################################################
[1m                          Learning iteration 1857/1897                          [0m 

                            Total steps: 270336 
                       Steps per second: 12681 
                        Collection time: 1.759s 
                          Learning time: 0.179s 
                        Mean value loss: 0.0499
                    Mean surrogate loss: -0.0092
                      Mean entropy loss: -16.0063
                Mean caps_temporal loss: 0.3034
                 Mean caps_spatial loss: 0.0015
                Mean caps_weighted loss: 0.2361
     Mean caps_valid_pair_fraction loss: 0.9785
     Mean caps_quiet_temporal_mean loss: 0.2985
    Mean caps_moving_temporal_mean loss: 0.3193
                            Mean reward: 8.47
                    Mean episode length: 210.13
                        Mean action std: 0.10
                   Omni/linear_tracking: 0.5501
                      Omni/yaw_tracking: 0.5664
                   Omni/linear_progress: 0.1382
                      Omni/yaw_progress: 0.0442
                 Omni/vertical_velocity: 0.0016
                   Omni/roll_pitch_rate: 0.0854
                              Omni/tilt: 0.0007
                            Omni/height: 0.0000
                            Omni/torque: 0.5282
                     Omni/torque_excess: 0.0444
               Omni/worst_torque_excess: 0.6201
                        Omni/saturation: 0.1050
                    Omni/positive_power: 2.8358
                       Omni/action_rate: 4.5847
                Omni/joint_acceleration: 56644.5312
                              Omni/slip: 0.0070
                           Omni/nonfoot: 0.0000
                      Omni/joint_limits: 0.0221
                           Omni/airtime: -0.0016
                     Omni/stand_posture: 0.0391
              Omni/stand_joint_velocity: 0.7706
             Omni/stand_target_velocity: 2.8553
                  Omni/stand_raw_action: 0.4968
                      Omni/terminations: 0.0000
--------------------------------------------------------------------------------
                         Iteration time: 1.94s
                           Time elapsed: 00:00:22
                                    ETA: 00:01:18

################################################################################
[1m                          Learning iteration 1858/1897                          [0m 

                            Total steps: 294912 
                       Steps per second: 12557 
                        Collection time: 1.783s 
                          Learning time: 0.174s 
                        Mean value loss: 0.0698
                    Mean surrogate loss: -0.0074
                      Mean entropy loss: -16.0061
                Mean caps_temporal loss: 0.3024
                 Mean caps_spatial loss: 0.0015
                Mean caps_weighted loss: 0.2358
     Mean caps_valid_pair_fraction loss: 0.9764
     Mean caps_quiet_temporal_mean loss: 0.2973
    Mean caps_moving_temporal_mean loss: 0.3193
                            Mean reward: 9.40
                    Mean episode length: 237.19
                        Mean action std: 0.10
                   Omni/linear_tracking: 0.5494
                      Omni/yaw_tracking: 0.5771
                   Omni/linear_progress: 0.1292
                      Omni/yaw_progress: 0.1338
                 Omni/vertical_velocity: 0.0016
                   Omni/roll_pitch_rate: 0.0841
                              Omni/tilt: 0.0006
                            Omni/height: 0.0000
                            Omni/torque: 0.5285
                     Omni/torque_excess: 0.0446
               Omni/worst_torque_excess: 0.6239
                        Omni/saturation: 0.1035
                    Omni/positive_power: 2.8616
                       Omni/action_rate: 4.6775
                Omni/joint_acceleration: 57345.7578
                              Omni/slip: 0.0078
                           Omni/nonfoot: 0.0000
                      Omni/joint_limits: 0.0213
                           Omni/airtime: -0.0015
                     Omni/stand_posture: 0.0380
              Omni/stand_joint_velocity: 0.7609
             Omni/stand_target_velocity: 2.8107
                  Omni/stand_raw_action: 0.4881
                      Omni/terminations: 0.0000
--------------------------------------------------------------------------------
                         Iteration time: 1.96s
                           Time elapsed: 00:00:24
                                    ETA: 00:01:16

################################################################################
[1m                          Learning iteration 1859/1897                          [0m 

                            Total steps: 319488 
                       Steps per second: 12450 
                        Collection time: 1.792s 
                          Learning time: 0.181s 
                        Mean value loss: 0.0542
                    Mean surrogate loss: -0.0078
                      Mean entropy loss: -16.0122
                Mean caps_temporal loss: 0.3003
                 Mean caps_spatial loss: 0.0015
                Mean caps_weighted loss: 0.2336
     Mean caps_valid_pair_fraction loss: 0.9810
     Mean caps_quiet_temporal_mean loss: 0.2952
    Mean caps_moving_temporal_mean loss: 0.3169
                            Mean reward: 10.00
                    Mean episode length: 258.38
                        Mean action std: 0.10
                   Omni/linear_tracking: 0.5529
                      Omni/yaw_tracking: 0.5536
                   Omni/linear_progress: 0.1684
                      Omni/yaw_progress: 0.0843
                 Omni/vertical_velocity: 0.0016
                   Omni/roll_pitch_rate: 0.0855
                              Omni/tilt: 0.0008
                            Omni/height: 0.0000
                            Omni/torque: 0.5321
                     Omni/torque_excess: 0.0460
               Omni/worst_torque_excess: 0.6215
                        Omni/saturation: 0.1050
                    Omni/positive_power: 2.8900
                       Omni/action_rate: 4.7110
                Omni/joint_acceleration: 57364.4453
                              Omni/slip: 0.0079
                           Omni/nonfoot: 0.0000
                      Omni/joint_limits: 0.0190
                           Omni/airtime: -0.0008
                     Omni/stand_posture: 0.0376
              Omni/stand_joint_velocity: 0.7415
             Omni/stand_target_velocity: 2.7544
                  Omni/stand_raw_action: 0.4805
                      Omni/terminations: 0.0000
--------------------------------------------------------------------------------
                         Iteration time: 1.97s
                           Time elapsed: 00:00:26
                                    ETA: 00:01:14

################################################################################
[1m                          Learning iteration 1860/1897                          [0m 

                            Total steps: 344064 
                       Steps per second: 12675 
                        Collection time: 1.765s 
                          Learning time: 0.174s 
                        Mean value loss: 0.0350
                    Mean surrogate loss: -0.0064
                      Mean entropy loss: -16.0234
                Mean caps_temporal loss: 0.3006
                 Mean caps_spatial loss: 0.0015
                Mean caps_weighted loss: 0.2340
     Mean caps_valid_pair_fraction loss: 0.9869
     Mean caps_quiet_temporal_mean loss: 0.2963
    Mean caps_moving_temporal_mean loss: 0.3143
                            Mean reward: 11.26
                    Mean episode length: 278.65
                        Mean action std: 0.10
                   Omni/linear_tracking: 0.5408
                      Omni/yaw_tracking: 0.5799
                   Omni/linear_progress: 0.1861
                      Omni/yaw_progress: 0.1751
                 Omni/vertical_velocity: 0.0015
                   Omni/roll_pitch_rate: 0.0878
                              Omni/tilt: 0.0010
                            Omni/height: 0.0000
                            Omni/torque: 0.5368
                     Omni/torque_excess: 0.0613
               Omni/worst_torque_excess: 0.6992
                        Omni/saturation: 0.1069
                    Omni/positive_power: 3.0593
                       Omni/action_rate: 4.4863
                Omni/joint_acceleration: 57210.0117
                              Omni/slip: 0.0103
                           Omni/nonfoot: 0.0000
                      Omni/joint_limits: 0.0250
                           Omni/airtime: -0.0021
                     Omni/stand_posture: 0.0310
              Omni/stand_joint_velocity: 0.6051
             Omni/stand_target_velocity: 2.2091
                  Omni/stand_raw_action: 0.3902
                      Omni/terminations: 0.0000
--------------------------------------------------------------------------------
                         Iteration time: 1.94s
                           Time elapsed: 00:00:28
                                    ETA: 00:01:12

################################################################################
[1m                          Learning iteration 1861/1897                          [0m 

                            Total steps: 368640 
                       Steps per second: 12671 
                        Collection time: 1.758s 
                          Learning time: 0.182s 
                        Mean value loss: 0.0653
                    Mean surrogate loss: -0.0076
                      Mean entropy loss: -16.0257
                Mean caps_temporal loss: 0.2997
                 Mean caps_spatial loss: 0.0015
                Mean caps_weighted loss: 0.2331
     Mean caps_valid_pair_fraction loss: 0.9845
     Mean caps_quiet_temporal_mean loss: 0.2950
    Mean caps_moving_temporal_mean loss: 0.3149
                            Mean reward: 12.33
                    Mean episode length: 303.71
                        Mean action std: 0.10
                   Omni/linear_tracking: 0.5614
                      Omni/yaw_tracking: 0.5557
                   Omni/linear_progress: 0.1573
                      Omni/yaw_progress: 0.0231
                 Omni/vertical_velocity: 0.0016
                   Omni/roll_pitch_rate: 0.0866
                              Omni/tilt: 0.0009
                            Omni/height: 0.0000
                            Omni/torque: 0.5291
                     Omni/torque_excess: 0.0464
               Omni/worst_torque_excess: 0.6296
                        Omni/saturation: 0.1056
                    Omni/positive_power: 2.9044
                       Omni/action_rate: 4.6149
                Omni/joint_acceleration: 57864.1875
                              Omni/slip: 0.0089
                           Omni/nonfoot: 0.0000
                      Omni/joint_limits: 0.0221
                           Omni/airtime: -0.0009
                     Omni/stand_posture: 0.0404
              Omni/stand_joint_velocity: 0.7831
             Omni/stand_target_velocity: 2.8867
                  Omni/stand_raw_action: 0.5058
                      Omni/terminations: 0.0000
--------------------------------------------------------------------------------
                         Iteration time: 1.94s
                           Time elapsed: 00:00:30
                                    ETA: 00:01:10

################################################################################
[1m                          Learning iteration 1862/1897                          [0m 

                            Total steps: 393216 
                       Steps per second: 12283 
                        Collection time: 1.821s 
                          Learning time: 0.180s 
                        Mean value loss: 0.0427
                    Mean surrogate loss: -0.0080
                      Mean entropy loss: -16.0359
                Mean caps_temporal loss: 0.2978
                 Mean caps_spatial loss: 0.0015
                Mean caps_weighted loss: 0.2322
     Mean caps_valid_pair_fraction loss: 0.9801
     Mean caps_quiet_temporal_mean loss: 0.2935
    Mean caps_moving_temporal_mean loss: 0.3122
                            Mean reward: 13.44
                    Mean episode length: 337.98
                        Mean action std: 0.10
                   Omni/linear_tracking: 0.5472
                      Omni/yaw_tracking: 0.5681
                   Omni/linear_progress: 0.1578
                      Omni/yaw_progress: 0.0585
                 Omni/vertical_velocity: 0.0016
                   Omni/roll_pitch_rate: 0.0886
                              Omni/tilt: 0.0009
                            Omni/height: 0.0000
                            Omni/torque: 0.5306
                     Omni/torque_excess: 0.0459
               Omni/worst_torque_excess: 0.6324
                        Omni/saturation: 0.1055
                    Omni/positive_power: 2.8826
                       Omni/action_rate: 4.6430
                Omni/joint_acceleration: 57744.5312
                              Omni/slip: 0.0077
                           Omni/nonfoot: 0.0000
                      Omni/joint_limits: 0.0205
                           Omni/airtime: -0.0015
                     Omni/stand_posture: 0.0391
              Omni/stand_joint_velocity: 0.7499
             Omni/stand_target_velocity: 2.7524
                  Omni/stand_raw_action: 0.4835
                      Omni/terminations: 0.0000
--------------------------------------------------------------------------------
                         Iteration time: 2.00s
                           Time elapsed: 00:00:32
                                    ETA: 00:01:08

################################################################################
[1m                          Learning iteration 1863/1897                          [0m 

                            Total steps: 417792 
                       Steps per second: 12488 
                        Collection time: 1.785s 
                          Learning time: 0.182s 
                        Mean value loss: 0.8095
                    Mean surrogate loss: -0.0045
                      Mean entropy loss: -16.0419
                Mean caps_temporal loss: 0.2964
                 Mean caps_spatial loss: 0.0015
                Mean caps_weighted loss: 0.2253
     Mean caps_valid_pair_fraction loss: 0.9313
     Mean caps_quiet_temporal_mean loss: 0.2910
    Mean caps_moving_temporal_mean loss: 0.3122
                            Mean reward: 14.54
                    Mean episode length: 362.24
                        Mean action std: 0.10
                   Omni/linear_tracking: 0.5459
                      Omni/yaw_tracking: 0.5857
                   Omni/linear_progress: 0.1038
                      Omni/yaw_progress: 0.1543
                 Omni/vertical_velocity: 0.0015
                   Omni/roll_pitch_rate: 0.0846
                              Omni/tilt: 0.0007
                            Omni/height: 0.0000
                            Omni/torque: 0.5281
                     Omni/torque_excess: 0.0448
               Omni/worst_torque_excess: 0.6208
                        Omni/saturation: 0.1041
                    Omni/positive_power: 2.8600
                       Omni/action_rate: 4.5398
                Omni/joint_acceleration: 57461.3711
                              Omni/slip: 0.0079
                           Omni/nonfoot: 0.0000
                      Omni/joint_limits: 0.0234
                           Omni/airtime: -0.0014
                     Omni/stand_posture: 0.0392
              Omni/stand_joint_velocity: 0.7367
             Omni/stand_target_velocity: 2.7065
                  Omni/stand_raw_action: 0.4765
                      Omni/terminations: 0.0000
--------------------------------------------------------------------------------
                         Iteration time: 1.97s
                           Time elapsed: 00:00:34
                                    ETA: 00:01:06

################################################################################
[1m                          Learning iteration 1864/1897                          [0m 

                            Total steps: 442368 
                       Steps per second: 12620 
                        Collection time: 1.768s 
                          Learning time: 0.179s 
                        Mean value loss: 0.0989
                    Mean surrogate loss: -0.0067
                      Mean entropy loss: -16.0495
                Mean caps_temporal loss: 0.2964
                 Mean caps_spatial loss: 0.0015
                Mean caps_weighted loss: 0.2052
     Mean caps_valid_pair_fraction loss: 0.8771
     Mean caps_quiet_temporal_mean loss: 0.2911
    Mean caps_moving_temporal_mean loss: 0.3070
                            Mean reward: 14.90
                    Mean episode length: 381.84
                        Mean action std: 0.10
                   Omni/linear_tracking: 0.5603
                      Omni/yaw_tracking: 0.5643
                   Omni/linear_progress: 0.1677
                      Omni/yaw_progress: 0.0471
                 Omni/vertical_velocity: 0.0015
                   Omni/roll_pitch_rate: 0.0851
                              Omni/tilt: 0.0008
                            Omni/height: 0.0000
                            Omni/torque: 0.5243
                     Omni/torque_excess: 0.0470
               Omni/worst_torque_excess: 0.6229
                        Omni/saturation: 0.1016
                    Omni/positive_power: 2.9241
                       Omni/action_rate: 4.5125
                Omni/joint_acceleration: 57565.5117
                              Omni/slip: 0.0097
                           Omni/nonfoot: 0.0000
                      Omni/joint_limits: 0.0255
                           Omni/airtime: -0.0014
                     Omni/stand_posture: 0.0373
              Omni/stand_joint_velocity: 0.7132
             Omni/stand_target_velocity: 2.6407
                  Omni/stand_raw_action: 0.4625
                      Omni/terminations: 0.0000
--------------------------------------------------------------------------------
                         Iteration time: 1.95s
                           Time elapsed: 00:00:35
                                    ETA: 00:01:03

################################################################################
[1m                          Learning iteration 1865/1897                          [0m 

                            Total steps: 466944 
                       Steps per second: 12559 
                        Collection time: 1.778s 
                          Learning time: 0.179s 
                        Mean value loss: 0.0568
                    Mean surrogate loss: -0.0090
                      Mean entropy loss: -16.0676
                Mean caps_temporal loss: 0.2978
                 Mean caps_spatial loss: 0.0015
                Mean caps_weighted loss: 0.1880
     Mean caps_valid_pair_fraction loss: 0.9716
     Mean caps_quiet_temporal_mean loss: 0.2899
    Mean caps_moving_temporal_mean loss: 0.3099
                            Mean reward: 16.82
                    Mean episode length: 409.79
                        Mean action std: 0.10
                   Omni/linear_tracking: 0.5882
                      Omni/yaw_tracking: 0.5628
                   Omni/linear_progress: 0.2536
                      Omni/yaw_progress: 0.1253
                 Omni/vertical_velocity: 0.0016
                   Omni/roll_pitch_rate: 0.0856
                              Omni/tilt: 0.0010
                            Omni/height: 0.0000
                            Omni/torque: 0.5317
                     Omni/torque_excess: 0.0475
               Omni/worst_torque_excess: 0.6365
                        Omni/saturation: 0.1043
                    Omni/positive_power: 3.0277
                       Omni/action_rate: 4.5073
                Omni/joint_acceleration: 57172.7148
                              Omni/slip: 0.0114
                           Omni/nonfoot: 0.0000
                      Omni/joint_limits: 0.0231
                           Omni/airtime: -0.0033
                     Omni/stand_posture: 0.0313
              Omni/stand_joint_velocity: 0.5982
             Omni/stand_target_velocity: 2.2091
                  Omni/stand_raw_action: 0.3862
                      Omni/terminations: 0.0000
--------------------------------------------------------------------------------
                         Iteration time: 1.96s
                           Time elapsed: 00:00:37
                                    ETA: 00:01:01

################################################################################
[1m                          Learning iteration 1866/1897                          [0m 

                            Total steps: 491520 
                       Steps per second: 12356 
                        Collection time: 1.809s 
                          Learning time: 0.180s 
                        Mean value loss: 0.0794
                    Mean surrogate loss: -0.0051
                      Mean entropy loss: -16.0853
                Mean caps_temporal loss: 0.2967
                 Mean caps_spatial loss: 0.0015
                Mean caps_weighted loss: 0.1877
     Mean caps_valid_pair_fraction loss: 0.9778
     Mean caps_quiet_temporal_mean loss: 0.2893
    Mean caps_moving_temporal_mean loss: 0.3081
                            Mean reward: 18.78
                    Mean episode length: 440.28
                        Mean action std: 0.10
                   Omni/linear_tracking: 0.5587
                      Omni/yaw_tracking: 0.5651
                   Omni/linear_progress: 0.1769
                      Omni/yaw_progress: 0.0794
                 Omni/vertical_velocity: 0.0015
                   Omni/roll_pitch_rate: 0.0856
                              Omni/tilt: 0.0008
                            Omni/height: 0.0000
                            Omni/torque: 0.5278
                     Omni/torque_excess: 0.0459
               Omni/worst_torque_excess: 0.6256
                        Omni/saturation: 0.1043
                    Omni/positive_power: 2.8911
                       Omni/action_rate: 4.5099
                Omni/joint_acceleration: 57419.0586
                              Omni/slip: 0.0079
                           Omni/nonfoot: 0.0000
                      Omni/joint_limits: 0.0238
                           Omni/airtime: -0.0035
                     Omni/stand_posture: 0.0382
              Omni/stand_joint_velocity: 0.7115
             Omni/stand_target_velocity: 2.6114
                  Omni/stand_raw_action: 0.4606
                      Omni/terminations: 0.0000
--------------------------------------------------------------------------------
                         Iteration time: 1.99s
                           Time elapsed: 00:00:39
                                    ETA: 00:00:59

################################################################################
[1m                          Learning iteration 1867/1897                          [0m 

                            Total steps: 516096 
                       Steps per second: 12336 
                        Collection time: 1.806s 
                          Learning time: 0.186s 
                        Mean value loss: 0.0751
                    Mean surrogate loss: -0.0066
                      Mean entropy loss: -16.0926
                Mean caps_temporal loss: 0.2965
                 Mean caps_spatial loss: 0.0015
                Mean caps_weighted loss: 0.1884
     Mean caps_valid_pair_fraction loss: 0.9737
     Mean caps_quiet_temporal_mean loss: 0.2883
    Mean caps_moving_temporal_mean loss: 0.3093
                            Mean reward: 19.40
                    Mean episode length: 461.83
                        Mean action std: 0.10
                   Omni/linear_tracking: 0.5353
                      Omni/yaw_tracking: 0.5749
                   Omni/linear_progress: 0.0955
                      Omni/yaw_progress: 0.0466
                 Omni/vertical_velocity: 0.0016
                   Omni/roll_pitch_rate: 0.0867
                              Omni/tilt: 0.0008
                            Omni/height: 0.0000
                            Omni/torque: 0.5327
                     Omni/torque_excess: 0.0452
               Omni/worst_torque_excess: 0.6196
                        Omni/saturation: 0.1068
                    Omni/positive_power: 2.8134
                       Omni/action_rate: 4.6094
                Omni/joint_acceleration: 57805.2344
                              Omni/slip: 0.0072
                           Omni/nonfoot: 0.0000
                      Omni/joint_limits: 0.0206
                           Omni/airtime: -0.0020
                     Omni/stand_posture: 0.0447
              Omni/stand_joint_velocity: 0.8298
             Omni/stand_target_velocity: 3.0458
                  Omni/stand_raw_action: 0.5382
                      Omni/terminations: 0.0000
--------------------------------------------------------------------------------
                         Iteration time: 1.99s
                           Time elapsed: 00:00:41
                                    ETA: 00:00:57

################################################################################
[1m                          Learning iteration 1868/1897                          [0m 

                            Total steps: 540672 
                       Steps per second: 12638 
                        Collection time: 1.765s 
                          Learning time: 0.179s 
                        Mean value loss: 0.0930
                    Mean surrogate loss: -0.0068
                      Mean entropy loss: -16.0982
                Mean caps_temporal loss: 0.2956
                 Mean caps_spatial loss: 0.0015
                Mean caps_weighted loss: 0.1883
     Mean caps_valid_pair_fraction loss: 0.9772
     Mean caps_quiet_temporal_mean loss: 0.2876
    Mean caps_moving_temporal_mean loss: 0.3081
                            Mean reward: 20.90
                    Mean episode length: 480.58
                        Mean action std: 0.10
                   Omni/linear_tracking: 0.5536
                      Omni/yaw_tracking: 0.5801
                   Omni/linear_progress: 0.1676
                      Omni/yaw_progress: 0.1391
                 Omni/vertical_velocity: 0.0015
                   Omni/roll_pitch_rate: 0.0870
                              Omni/tilt: 0.0008
                            Omni/height: 0.0000
                            Omni/torque: 0.5329
                     Omni/torque_excess: 0.0462
               Omni/worst_torque_excess: 0.6309
                        Omni/saturation: 0.1065
                    Omni/positive_power: 2.9265
                       Omni/action_rate: 4.5197
                Omni/joint_acceleration: 57261.8750
                              Omni/slip: 0.0087
                           Omni/nonfoot: 0.0000
                      Omni/joint_limits: 0.0232
                           Omni/airtime: -0.0060
                     Omni/stand_posture: 0.0352
              Omni/stand_joint_velocity: 0.6631
             Omni/stand_target_velocity: 2.4350
                  Omni/stand_raw_action: 0.4275
                      Omni/terminations: 0.0000
--------------------------------------------------------------------------------
                         Iteration time: 1.94s
                           Time elapsed: 00:00:43
                                    ETA: 00:00:55

################################################################################
[1m                          Learning iteration 1869/1897                          [0m 

                            Total steps: 565248 
                       Steps per second: 12759 
                        Collection time: 1.749s 
                          Learning time: 0.177s 
                        Mean value loss: 0.1083
                    Mean surrogate loss: -0.0067
                      Mean entropy loss: -16.0975
                Mean caps_temporal loss: 0.2935
                 Mean caps_spatial loss: 0.0015
                Mean caps_weighted loss: 0.1873
     Mean caps_valid_pair_fraction loss: 0.9760
     Mean caps_quiet_temporal_mean loss: 0.2858
    Mean caps_moving_temporal_mean loss: 0.3058
                            Mean reward: 22.00
                    Mean episode length: 507.36
                        Mean action std: 0.10
                   Omni/linear_tracking: 0.5756
                      Omni/yaw_tracking: 0.5686
                   Omni/linear_progress: 0.2519
                      Omni/yaw_progress: 0.0771
                 Omni/vertical_velocity: 0.0015
                   Omni/roll_pitch_rate: 0.0877
                              Omni/tilt: 0.0008
                            Omni/height: 0.0000
                            Omni/torque: 0.5304
                     Omni/torque_excess: 0.0475
               Omni/worst_torque_excess: 0.6410
                        Omni/saturation: 0.1047
                    Omni/positive_power: 2.9315
                       Omni/action_rate: 4.5290
                Omni/joint_acceleration: 57263.9805
                              Omni/slip: 0.0090
                           Omni/nonfoot: 0.0000
                      Omni/joint_limits: 0.0229
                           Omni/airtime: -0.0069
                     Omni/stand_posture: 0.0345
              Omni/stand_joint_velocity: 0.6475
             Omni/stand_target_velocity: 2.3780
                  Omni/stand_raw_action: 0.4201
                      Omni/terminations: 0.0417
--------------------------------------------------------------------------------
                         Iteration time: 1.93s
                           Time elapsed: 00:00:45
                                    ETA: 00:00:53

################################################################################
[1m                          Learning iteration 1870/1897                          [0m 

                            Total steps: 589824 
                       Steps per second: 12876 
                        Collection time: 1.731s 
                          Learning time: 0.177s 
                        Mean value loss: 0.0726
                    Mean surrogate loss: -0.0054
                      Mean entropy loss: -16.0960
                Mean caps_temporal loss: 0.2927
                 Mean caps_spatial loss: 0.0015
                Mean caps_weighted loss: 0.1871
     Mean caps_valid_pair_fraction loss: 0.9764
     Mean caps_quiet_temporal_mean loss: 0.2846
    Mean caps_moving_temporal_mean loss: 0.3056
                            Mean reward: 23.97
                    Mean episode length: 528.16
                        Mean action std: 0.10
                   Omni/linear_tracking: 0.5827
                      Omni/yaw_tracking: 0.5687
                   Omni/linear_progress: 0.2535
                      Omni/yaw_progress: 0.0907
                 Omni/vertical_velocity: 0.0016
                   Omni/roll_pitch_rate: 0.0860
                              Omni/tilt: 0.0008
                            Omni/height: 0.0000
                            Omni/torque: 0.5252
                     Omni/torque_excess: 0.0462
               Omni/worst_torque_excess: 0.6213
                        Omni/saturation: 0.1018
                    Omni/positive_power: 2.9854
                       Omni/action_rate: 4.3601
                Omni/joint_acceleration: 56808.7305
                              Omni/slip: 0.0087
                           Omni/nonfoot: 0.0000
                      Omni/joint_limits: 0.0287
                           Omni/airtime: -0.0058
                     Omni/stand_posture: 0.0340
              Omni/stand_joint_velocity: 0.6331
             Omni/stand_target_velocity: 2.3271
                  Omni/stand_raw_action: 0.4086
                      Omni/terminations: 0.0000
--------------------------------------------------------------------------------
                         Iteration time: 1.91s
                           Time elapsed: 00:00:47
                                    ETA: 00:00:51

################################################################################
[1m                          Learning iteration 1871/1897                          [0m 

                            Total steps: 614400 
                       Steps per second: 12320 
                        Collection time: 1.803s 
                          Learning time: 0.192s 
                        Mean value loss: 0.0737
                    Mean surrogate loss: -0.0088
                      Mean entropy loss: -16.0995
                Mean caps_temporal loss: 0.2913
                 Mean caps_spatial loss: 0.0015
                Mean caps_weighted loss: 0.1874
     Mean caps_valid_pair_fraction loss: 0.9787
     Mean caps_quiet_temporal_mean loss: 0.2839
    Mean caps_moving_temporal_mean loss: 0.3031
                            Mean reward: 26.42
                    Mean episode length: 551.46
                        Mean action std: 0.10
                   Omni/linear_tracking: 0.5872
                      Omni/yaw_tracking: 0.5868
                   Omni/linear_progress: 0.2467
                      Omni/yaw_progress: 0.1592
                 Omni/vertical_velocity: 0.0016
                   Omni/roll_pitch_rate: 0.0864
                              Omni/tilt: 0.0009
                            Omni/height: 0.0000
                            Omni/torque: 0.5309
                     Omni/torque_excess: 0.0446
               Omni/worst_torque_excess: 0.6223
                        Omni/saturation: 0.1043
                    Omni/positive_power: 2.9531
                       Omni/action_rate: 4.5372
                Omni/joint_acceleration: 57129.8125
                              Omni/slip: 0.0075
                           Omni/nonfoot: 0.0000
                      Omni/joint_limits: 0.0233
                           Omni/airtime: -0.0100
                     Omni/stand_posture: 0.0294
              Omni/stand_joint_velocity: 0.5558
             Omni/stand_target_velocity: 2.0525
                  Omni/stand_raw_action: 0.3608
                      Omni/terminations: 0.0000
--------------------------------------------------------------------------------
                         Iteration time: 1.99s
                           Time elapsed: 00:00:49
                                    ETA: 00:00:49

################################################################################
[1m                          Learning iteration 1872/1897                          [0m 

                            Total steps: 638976 
                       Steps per second: 12667 
                        Collection time: 1.766s 
                          Learning time: 0.174s 
                        Mean value loss: 0.4573
                    Mean surrogate loss: -0.0083
                      Mean entropy loss: -16.1134
                Mean caps_temporal loss: 0.2897
                 Mean caps_spatial loss: 0.0015
                Mean caps_weighted loss: 0.1916
     Mean caps_valid_pair_fraction loss: 0.7983
     Mean caps_quiet_temporal_mean loss: 0.2824
    Mean caps_moving_temporal_mean loss: 0.3028
                            Mean reward: 27.36
                    Mean episode length: 566.86
                        Mean action std: 0.10
                   Omni/linear_tracking: 0.5756
                      Omni/yaw_tracking: 0.5603
                   Omni/linear_progress: 0.2187
                      Omni/yaw_progress: 0.0681
                 Omni/vertical_velocity: 0.0015
                   Omni/roll_pitch_rate: 0.0848
                              Omni/tilt: 0.0010
                            Omni/height: 0.0000
                            Omni/torque: 0.5295
                     Omni/torque_excess: 0.0443
               Omni/worst_torque_excess: 0.6139
                        Omni/saturation: 0.1038
                    Omni/positive_power: 2.9825
                       Omni/action_rate: 4.4282
                Omni/joint_acceleration: 56505.5430
                              Omni/slip: 0.0098
                           Omni/nonfoot: 0.0000
                      Omni/joint_limits: 0.0254
                           Omni/airtime: -0.0067
                     Omni/stand_posture: 0.0345
              Omni/stand_joint_velocity: 0.6319
             Omni/stand_target_velocity: 2.3268
                  Omni/stand_raw_action: 0.4086
                      Omni/terminations: 0.0000
--------------------------------------------------------------------------------
                         Iteration time: 1.94s
                           Time elapsed: 00:00:51
                                    ETA: 00:00:47

################################################################################
[1m                          Learning iteration 1873/1897                          [0m 

                            Total steps: 663552 
                       Steps per second: 12965 
                        Collection time: 1.718s 
                          Learning time: 0.178s 
                        Mean value loss: 0.1990
                    Mean surrogate loss: -0.0082
                      Mean entropy loss: -16.1274
                Mean caps_temporal loss: 0.2894
                 Mean caps_spatial loss: 0.0015
                Mean caps_weighted loss: 0.1856
     Mean caps_valid_pair_fraction loss: 0.9316
     Mean caps_quiet_temporal_mean loss: 0.2816
    Mean caps_moving_temporal_mean loss: 0.3019
                            Mean reward: 28.39
                    Mean episode length: 586.39
                        Mean action std: 0.10
                   Omni/linear_tracking: 0.5616
                      Omni/yaw_tracking: 0.5750
                   Omni/linear_progress: 0.1842
                      Omni/yaw_progress: 0.1265
                 Omni/vertical_velocity: 0.0016
                   Omni/roll_pitch_rate: 0.0860
                              Omni/tilt: 0.0008
                            Omni/height: 0.0000
                            Omni/torque: 0.5315
                     Omni/torque_excess: 0.0543
               Omni/worst_torque_excess: 0.6538
                        Omni/saturation: 0.1052
                    Omni/positive_power: 3.0110
                       Omni/action_rate: 4.3827
                Omni/joint_acceleration: 57277.7617
                              Omni/slip: 0.0091
                           Omni/nonfoot: 0.0001
                      Omni/joint_limits: 0.0253
                           Omni/airtime: -0.0073
                     Omni/stand_posture: 0.0321
              Omni/stand_joint_velocity: 0.6144
             Omni/stand_target_velocity: 2.2637
                  Omni/stand_raw_action: 0.3941
                      Omni/terminations: 0.1250
--------------------------------------------------------------------------------
                         Iteration time: 1.90s
                           Time elapsed: 00:00:53
                                    ETA: 00:00:45

################################################################################
[1m                          Learning iteration 1874/1897                          [0m 

                            Total steps: 688128 
                       Steps per second: 13061 
                        Collection time: 1.704s 
                          Learning time: 0.178s 
                        Mean value loss: 0.1514
                    Mean surrogate loss: -0.0079
                      Mean entropy loss: -16.1386
                Mean caps_temporal loss: 0.2882
                 Mean caps_spatial loss: 0.0015
                Mean caps_weighted loss: 0.1833
     Mean caps_valid_pair_fraction loss: 0.9518
     Mean caps_quiet_temporal_mean loss: 0.2807
    Mean caps_moving_temporal_mean loss: 0.3000
                            Mean reward: 30.25
                    Mean episode length: 614.90
                        Mean action std: 0.10
                   Omni/linear_tracking: 0.5868
                      Omni/yaw_tracking: 0.5806
                   Omni/linear_progress: 0.2681
                      Omni/yaw_progress: 0.1587
                 Omni/vertical_velocity: 0.0016
                   Omni/roll_pitch_rate: 0.0854
                              Omni/tilt: 0.0009
                            Omni/height: 0.0000
                            Omni/torque: 0.5303
                     Omni/torque_excess: 0.0441
               Omni/worst_torque_excess: 0.6199
                        Omni/saturation: 0.1044
                    Omni/positive_power: 2.9792
                       Omni/action_rate: 4.3954
                Omni/joint_acceleration: 56858.4375
                              Omni/slip: 0.0080
                           Omni/nonfoot: 0.0000
                      Omni/joint_limits: 0.0244
                           Omni/airtime: -0.0078
                     Omni/stand_posture: 0.0313
              Omni/stand_joint_velocity: 0.5690
             Omni/stand_target_velocity: 2.0834
                  Omni/stand_raw_action: 0.3680
                      Omni/terminations: 0.0000
--------------------------------------------------------------------------------
                         Iteration time: 1.88s
                           Time elapsed: 00:00:55
                                    ETA: 00:00:43

################################################################################
[1m                          Learning iteration 1875/1897                          [0m 

                            Total steps: 712704 
                       Steps per second: 11771 
                        Collection time: 1.910s 
                          Learning time: 0.178s 
                        Mean value loss: 0.1415
                    Mean surrogate loss: -0.0083
                      Mean entropy loss: -16.1475
                Mean caps_temporal loss: 0.2874
                 Mean caps_spatial loss: 0.0015
                Mean caps_weighted loss: 0.1831
     Mean caps_valid_pair_fraction loss: 0.9567
     Mean caps_quiet_temporal_mean loss: 0.2799
    Mean caps_moving_temporal_mean loss: 0.2993
                            Mean reward: 31.58
                    Mean episode length: 643.68
                        Mean action std: 0.10
                   Omni/linear_tracking: 0.5821
                      Omni/yaw_tracking: 0.5926
                   Omni/linear_progress: 0.2381
                      Omni/yaw_progress: 0.1741
                 Omni/vertical_velocity: 0.0015
                   Omni/roll_pitch_rate: 0.0859
                              Omni/tilt: 0.0009
                            Omni/height: 0.0000
                            Omni/torque: 0.5289
                     Omni/torque_excess: 0.0457
               Omni/worst_torque_excess: 0.6331
                        Omni/saturation: 0.1038
                    Omni/positive_power: 2.9829
                       Omni/action_rate: 4.4628
                Omni/joint_acceleration: 57218.0156
                              Omni/slip: 0.0096
                           Omni/nonfoot: 0.0000
                      Omni/joint_limits: 0.0259
                           Omni/airtime: -0.0096
                     Omni/stand_posture: 0.0322
              Omni/stand_joint_velocity: 0.5935
             Omni/stand_target_velocity: 2.1778
                  Omni/stand_raw_action: 0.3830
                      Omni/terminations: 0.0000
--------------------------------------------------------------------------------
                         Iteration time: 2.09s
                           Time elapsed: 00:00:57
                                    ETA: 00:00:41

################################################################################
[1m                          Learning iteration 1876/1897                          [0m 

                            Total steps: 737280 
                       Steps per second: 11705 
                        Collection time: 1.924s 
                          Learning time: 0.176s 
                        Mean value loss: 0.1289
                    Mean surrogate loss: -0.0069
                      Mean entropy loss: -16.1499
                Mean caps_temporal loss: 0.2862
                 Mean caps_spatial loss: 0.0015
                Mean caps_weighted loss: 0.1827
     Mean caps_valid_pair_fraction loss: 0.9640
     Mean caps_quiet_temporal_mean loss: 0.2783
    Mean caps_moving_temporal_mean loss: 0.2988
                            Mean reward: 33.52
                    Mean episode length: 672.77
                        Mean action std: 0.10
                   Omni/linear_tracking: 0.5788
                      Omni/yaw_tracking: 0.5681
                   Omni/linear_progress: 0.2179
                      Omni/yaw_progress: 0.0718
                 Omni/vertical_velocity: 0.0015
                   Omni/roll_pitch_rate: 0.0878
                              Omni/tilt: 0.0009
                            Omni/height: 0.0000
                            Omni/torque: 0.5332
                     Omni/torque_excess: 0.0455
               Omni/worst_torque_excess: 0.6252
                        Omni/saturation: 0.1056
                    Omni/positive_power: 2.9188
                       Omni/action_rate: 4.5123
                Omni/joint_acceleration: 57151.9180
                              Omni/slip: 0.0086
                           Omni/nonfoot: 0.0000
                      Omni/joint_limits: 0.0212
                           Omni/airtime: -0.0064
                     Omni/stand_posture: 0.0383
              Omni/stand_joint_velocity: 0.7099
             Omni/stand_target_velocity: 2.5936
                  Omni/stand_raw_action: 0.4562
                      Omni/terminations: 0.0000
--------------------------------------------------------------------------------
                         Iteration time: 2.10s
                           Time elapsed: 00:00:59
                                    ETA: 00:00:39

################################################################################
[1m                          Learning iteration 1877/1897                          [0m 

                            Total steps: 761856 
                       Steps per second: 11412 
                        Collection time: 1.977s 
                          Learning time: 0.176s 
                        Mean value loss: 0.1455
                    Mean surrogate loss: -0.0067
                      Mean entropy loss: -16.1601
                Mean caps_temporal loss: 0.2845
                 Mean caps_spatial loss: 0.0015
                Mean caps_weighted loss: 0.1816
     Mean caps_valid_pair_fraction loss: 0.9715
     Mean caps_quiet_temporal_mean loss: 0.2768
    Mean caps_moving_temporal_mean loss: 0.2968
                            Mean reward: 35.07
                    Mean episode length: 698.04
                        Mean action std: 0.10
                   Omni/linear_tracking: 0.5927
                      Omni/yaw_tracking: 0.5570
                   Omni/linear_progress: 0.2977
                      Omni/yaw_progress: 0.0760
                 Omni/vertical_velocity: 0.0015
                   Omni/roll_pitch_rate: 0.0877
                              Omni/tilt: 0.0009
                            Omni/height: 0.0000
                            Omni/torque: 0.5238
                     Omni/torque_excess: 0.0462
               Omni/worst_torque_excess: 0.6267
                        Omni/saturation: 0.1023
                    Omni/positive_power: 2.9970
                       Omni/action_rate: 4.3770
                Omni/joint_acceleration: 57142.8438
                              Omni/slip: 0.0095
                           Omni/nonfoot: 0.0007
                      Omni/joint_limits: 0.0281
                           Omni/airtime: -0.0098
                     Omni/stand_posture: 0.0330
              Omni/stand_joint_velocity: 0.6120
             Omni/stand_target_velocity: 2.2448
                  Omni/stand_raw_action: 0.3954
                      Omni/terminations: 0.0417
--------------------------------------------------------------------------------
                         Iteration time: 2.15s
                           Time elapsed: 00:01:01
                                    ETA: 00:00:37

################################################################################
[1m                          Learning iteration 1878/1897                          [0m 

                            Total steps: 786432 
                       Steps per second: 13218 
                        Collection time: 1.677s 
                          Learning time: 0.182s 
                        Mean value loss: 0.1182
                    Mean surrogate loss: -0.0054
                      Mean entropy loss: -16.1769
                Mean caps_temporal loss: 0.2839
                 Mean caps_spatial loss: 0.0014
                Mean caps_weighted loss: 0.1815
     Mean caps_valid_pair_fraction loss: 0.9610
     Mean caps_quiet_temporal_mean loss: 0.2757
    Mean caps_moving_temporal_mean loss: 0.2970
                            Mean reward: 35.45
                    Mean episode length: 718.51
                        Mean action std: 0.10
                   Omni/linear_tracking: 0.5894
                      Omni/yaw_tracking: 0.5629
                   Omni/linear_progress: 0.2500
                      Omni/yaw_progress: 0.0716
                 Omni/vertical_velocity: 0.0015
                   Omni/roll_pitch_rate: 0.0833
                              Omni/tilt: 0.0008
                            Omni/height: 0.0000
                            Omni/torque: 0.5299
                     Omni/torque_excess: 0.0443
               Omni/worst_torque_excess: 0.6176
                        Omni/saturation: 0.1044
                    Omni/positive_power: 2.9191
                       Omni/action_rate: 4.3822
                Omni/joint_acceleration: 57211.0938
                              Omni/slip: 0.0084
                           Omni/nonfoot: 0.0000
                      Omni/joint_limits: 0.0252
                           Omni/airtime: -0.0084
                     Omni/stand_posture: 0.0336
              Omni/stand_joint_velocity: 0.6107
             Omni/stand_target_velocity: 2.2409
                  Omni/stand_raw_action: 0.3943
                      Omni/terminations: 0.0000
--------------------------------------------------------------------------------
                         Iteration time: 1.86s
                           Time elapsed: 00:01:03
                                    ETA: 00:00:35

################################################################################
[1m                          Learning iteration 1879/1897                          [0m 

                            Total steps: 811008 
                       Steps per second: 12573 
                        Collection time: 1.776s 
                          Learning time: 0.179s 
                        Mean value loss: 0.1772
                    Mean surrogate loss: -0.0052
                      Mean entropy loss: -16.1810
                Mean caps_temporal loss: 0.2825
                 Mean caps_spatial loss: 0.0015
                Mean caps_weighted loss: 0.1818
     Mean caps_valid_pair_fraction loss: 0.9647
     Mean caps_quiet_temporal_mean loss: 0.2744
    Mean caps_moving_temporal_mean loss: 0.2958
                            Mean reward: 37.06
                    Mean episode length: 743.96
                        Mean action std: 0.10
                   Omni/linear_tracking: 0.5801
                      Omni/yaw_tracking: 0.5797
                   Omni/linear_progress: 0.2204
                      Omni/yaw_progress: 0.1164
                 Omni/vertical_velocity: 0.0015
                   Omni/roll_pitch_rate: 0.0880
                              Omni/tilt: 0.0008
                            Omni/height: 0.0000
                            Omni/torque: 0.5234
                     Omni/torque_excess: 0.0457
               Omni/worst_torque_excess: 0.6262
                        Omni/saturation: 0.1027
                    Omni/positive_power: 2.9687
                       Omni/action_rate: 4.2927
                Omni/joint_acceleration: 57303.3750
                              Omni/slip: 0.0090
                           Omni/nonfoot: 0.0000
                      Omni/joint_limits: 0.0307
                           Omni/airtime: -0.0072
                     Omni/stand_posture: 0.0362
              Omni/stand_joint_velocity: 0.6578
             Omni/stand_target_velocity: 2.3990
                  Omni/stand_raw_action: 0.4251
                      Omni/terminations: 0.0417
--------------------------------------------------------------------------------
                         Iteration time: 1.95s
                           Time elapsed: 00:01:05
                                    ETA: 00:00:33

################################################################################
[1m                          Learning iteration 1880/1897                          [0m 

                            Total steps: 835584 
                       Steps per second: 13380 
                        Collection time: 1.656s 
                          Learning time: 0.181s 
                        Mean value loss: 0.1810
                    Mean surrogate loss: -0.0092
                      Mean entropy loss: -16.1787
                Mean caps_temporal loss: 0.2818
                 Mean caps_spatial loss: 0.0014
                Mean caps_weighted loss: 0.1858
     Mean caps_valid_pair_fraction loss: 0.9404
     Mean caps_quiet_temporal_mean loss: 0.2732
    Mean caps_moving_temporal_mean loss: 0.2970
                            Mean reward: 38.29
                    Mean episode length: 765.81
                        Mean action std: 0.10
                   Omni/linear_tracking: 0.5757
                      Omni/yaw_tracking: 0.5877
                   Omni/linear_progress: 0.2308
                      Omni/yaw_progress: 0.1505
                 Omni/vertical_velocity: 0.0015
                   Omni/roll_pitch_rate: 0.0861
                              Omni/tilt: 0.0008
                            Omni/height: 0.0000
                            Omni/torque: 0.5311
                     Omni/torque_excess: 0.0439
               Omni/worst_torque_excess: 0.6179
                        Omni/saturation: 0.1051
                    Omni/positive_power: 2.9495
                       Omni/action_rate: 4.3589
                Omni/joint_acceleration: 57004.6367
                              Omni/slip: 0.0078
                           Omni/nonfoot: 0.0000
                      Omni/joint_limits: 0.0284
                           Omni/airtime: -0.0081
                     Omni/stand_posture: 0.0348
              Omni/stand_joint_velocity: 0.6353
             Omni/stand_target_velocity: 2.3263
                  Omni/stand_raw_action: 0.4117
                      Omni/terminations: 0.0000
--------------------------------------------------------------------------------
                         Iteration time: 1.84s
                           Time elapsed: 00:01:07
                                    ETA: 00:00:31

################################################################################
[1m                          Learning iteration 1881/1897                          [0m 

                            Total steps: 860160 
                       Steps per second: 13051 
                        Collection time: 1.706s 
                          Learning time: 0.177s 
                        Mean value loss: 0.1795
                    Mean surrogate loss: -0.0069
                      Mean entropy loss: -16.1843
                Mean caps_temporal loss: 0.2810
                 Mean caps_spatial loss: 0.0014
                Mean caps_weighted loss: 0.1899
     Mean caps_valid_pair_fraction loss: 0.9506
     Mean caps_quiet_temporal_mean loss: 0.2728
    Mean caps_moving_temporal_mean loss: 0.2968
                            Mean reward: 38.37
                    Mean episode length: 781.95
                        Mean action std: 0.10
                   Omni/linear_tracking: 0.6005
                      Omni/yaw_tracking: 0.5649
                   Omni/linear_progress: 0.2842
                      Omni/yaw_progress: 0.0576
                 Omni/vertical_velocity: 0.0015
                   Omni/roll_pitch_rate: 0.0864
                              Omni/tilt: 0.0010
                            Omni/height: 0.0000
                            Omni/torque: 0.5236
                     Omni/torque_excess: 0.0449
               Omni/worst_torque_excess: 0.6228
                        Omni/saturation: 0.1030
                    Omni/positive_power: 2.9994
                       Omni/action_rate: 4.3525
                Omni/joint_acceleration: 57379.6055
                              Omni/slip: 0.0093
                           Omni/nonfoot: 0.0001
                      Omni/joint_limits: 0.0289
                           Omni/airtime: -0.0103
                     Omni/stand_posture: 0.0346
              Omni/stand_joint_velocity: 0.6345
             Omni/stand_target_velocity: 2.3311
                  Omni/stand_raw_action: 0.4112
                      Omni/terminations: 0.0833
--------------------------------------------------------------------------------
                         Iteration time: 1.88s
                           Time elapsed: 00:01:09
                                    ETA: 00:00:29

################################################################################
[1m                          Learning iteration 1882/1897                          [0m 

                            Total steps: 884736 
                       Steps per second: 12935 
                        Collection time: 1.725s 
                          Learning time: 0.175s 
                        Mean value loss: 0.1226
                    Mean surrogate loss: -0.0073
                      Mean entropy loss: -16.1926
                Mean caps_temporal loss: 0.2796
                 Mean caps_spatial loss: 0.0014
                Mean caps_weighted loss: 0.1898
     Mean caps_valid_pair_fraction loss: 0.9645
     Mean caps_quiet_temporal_mean loss: 0.2722
    Mean caps_moving_temporal_mean loss: 0.2938
                            Mean reward: 39.43
                    Mean episode length: 808.01
                        Mean action std: 0.10
                   Omni/linear_tracking: 0.5712
                      Omni/yaw_tracking: 0.5661
                   Omni/linear_progress: 0.1848
                      Omni/yaw_progress: 0.0777
                 Omni/vertical_velocity: 0.0015
                   Omni/roll_pitch_rate: 0.0911
                              Omni/tilt: 0.0009
                            Omni/height: 0.0000
                            Omni/torque: 0.5251
                     Omni/torque_excess: 0.0445
               Omni/worst_torque_excess: 0.6196
                        Omni/saturation: 0.1038
                    Omni/positive_power: 2.9483
                       Omni/action_rate: 4.4089
                Omni/joint_acceleration: 57845.4492
                              Omni/slip: 0.0090
                           Omni/nonfoot: 0.0000
                      Omni/joint_limits: 0.0265
                           Omni/airtime: -0.0069
                     Omni/stand_posture: 0.0382
              Omni/stand_joint_velocity: 0.6940
             Omni/stand_target_velocity: 2.5340
                  Omni/stand_raw_action: 0.4477
                      Omni/terminations: 0.0000
--------------------------------------------------------------------------------
                         Iteration time: 1.90s
                           Time elapsed: 00:01:11
                                    ETA: 00:00:27

################################################################################
[1m                          Learning iteration 1883/1897                          [0m 

                            Total steps: 909312 
                       Steps per second: 12261 
                        Collection time: 1.826s 
                          Learning time: 0.178s 
                        Mean value loss: 0.1501
                    Mean surrogate loss: -0.0092
                      Mean entropy loss: -16.2044
                Mean caps_temporal loss: 0.2786
                 Mean caps_spatial loss: 0.0014
                Mean caps_weighted loss: 0.1893
     Mean caps_valid_pair_fraction loss: 0.9527
     Mean caps_quiet_temporal_mean loss: 0.2708
    Mean caps_moving_temporal_mean loss: 0.2938
                            Mean reward: 41.23
                    Mean episode length: 840.44
                        Mean action std: 0.10
                   Omni/linear_tracking: 0.5744
                      Omni/yaw_tracking: 0.5758
                   Omni/linear_progress: 0.2326
                      Omni/yaw_progress: 0.1284
                 Omni/vertical_velocity: 0.0015
                   Omni/roll_pitch_rate: 0.0870
                              Omni/tilt: 0.0008
                            Omni/height: 0.0000
                            Omni/torque: 0.5278
                     Omni/torque_excess: 0.0472
               Omni/worst_torque_excess: 0.6320
                        Omni/saturation: 0.1045
                    Omni/positive_power: 2.9817
                       Omni/action_rate: 4.3150
                Omni/joint_acceleration: 57302.2188
                              Omni/slip: 0.0092
                           Omni/nonfoot: 0.0000
                      Omni/joint_limits: 0.0280
                           Omni/airtime: -0.0066
                     Omni/stand_posture: 0.0354
              Omni/stand_joint_velocity: 0.6381
             Omni/stand_target_velocity: 2.3383
                  Omni/stand_raw_action: 0.4123
                      Omni/terminations: 0.0000
--------------------------------------------------------------------------------
                         Iteration time: 2.00s
                           Time elapsed: 00:01:13
                                    ETA: 00:00:25

################################################################################
[1m                          Learning iteration 1884/1897                          [0m 

                            Total steps: 933888 
                       Steps per second: 13228 
                        Collection time: 1.683s 
                          Learning time: 0.174s 
                        Mean value loss: 0.1380
                    Mean surrogate loss: -0.0074
                      Mean entropy loss: -16.2207
                Mean caps_temporal loss: 0.2775
                 Mean caps_spatial loss: 0.0014
                Mean caps_weighted loss: 0.1879
     Mean caps_valid_pair_fraction loss: 0.9497
     Mean caps_quiet_temporal_mean loss: 0.2691
    Mean caps_moving_temporal_mean loss: 0.2938
                            Mean reward: 42.20
                    Mean episode length: 866.46
                        Mean action std: 0.10
                   Omni/linear_tracking: 0.5853
                      Omni/yaw_tracking: 0.5593
                   Omni/linear_progress: 0.2360
                      Omni/yaw_progress: 0.0901
                 Omni/vertical_velocity: 0.0015
                   Omni/roll_pitch_rate: 0.0862
                              Omni/tilt: 0.0009
                            Omni/height: 0.0000
                            Omni/torque: 0.5314
                     Omni/torque_excess: 0.0457
               Omni/worst_torque_excess: 0.6311
                        Omni/saturation: 0.1048
                    Omni/positive_power: 2.9767
                       Omni/action_rate: 4.3412
                Omni/joint_acceleration: 56510.2930
                              Omni/slip: 0.0098
                           Omni/nonfoot: 0.0000
                      Omni/joint_limits: 0.0265
                           Omni/airtime: -0.0076
                     Omni/stand_posture: 0.0338
              Omni/stand_joint_velocity: 0.6117
             Omni/stand_target_velocity: 2.2401
                  Omni/stand_raw_action: 0.3948
                      Omni/terminations: 0.0000
--------------------------------------------------------------------------------
                         Iteration time: 1.86s
                           Time elapsed: 00:01:15
                                    ETA: 00:00:23

################################################################################
[1m                          Learning iteration 1885/1897                          [0m 

                            Total steps: 958464 
                       Steps per second: 13056 
                        Collection time: 1.708s 
                          Learning time: 0.175s 
                        Mean value loss: 0.1427
                    Mean surrogate loss: -0.0067
                      Mean entropy loss: -16.2302
                Mean caps_temporal loss: 0.2773
                 Mean caps_spatial loss: 0.0014
                Mean caps_weighted loss: 0.1871
     Mean caps_valid_pair_fraction loss: 0.9492
     Mean caps_quiet_temporal_mean loss: 0.2690
    Mean caps_moving_temporal_mean loss: 0.2934
                            Mean reward: 45.26
                    Mean episode length: 895.23
                        Mean action std: 0.10
                   Omni/linear_tracking: 0.5946
                      Omni/yaw_tracking: 0.5701
                   Omni/linear_progress: 0.2411
                      Omni/yaw_progress: 0.1188
                 Omni/vertical_velocity: 0.0016
                   Omni/roll_pitch_rate: 0.0871
                              Omni/tilt: 0.0010
                            Omni/height: 0.0000
                            Omni/torque: 0.5296
                     Omni/torque_excess: 0.0434
               Omni/worst_torque_excess: 0.6120
                        Omni/saturation: 0.1045
                    Omni/positive_power: 2.9711
                       Omni/action_rate: 4.4257
                Omni/joint_acceleration: 57023.6523
                              Omni/slip: 0.0087
                           Omni/nonfoot: 0.0001
                      Omni/joint_limits: 0.0241
                           Omni/airtime: -0.0098
                     Omni/stand_posture: 0.0323
              Omni/stand_joint_velocity: 0.5852
             Omni/stand_target_velocity: 2.1491
                  Omni/stand_raw_action: 0.3787
                      Omni/terminations: 0.0000
--------------------------------------------------------------------------------
                         Iteration time: 1.88s
                           Time elapsed: 00:01:16
                                    ETA: 00:00:21

################################################################################
[1m                          Learning iteration 1886/1897                          [0m 

                            Total steps: 983040 
                       Steps per second: 13364 
                        Collection time: 1.665s 
                          Learning time: 0.174s 
                        Mean value loss: 0.1587
                    Mean surrogate loss: -0.0071
                      Mean entropy loss: -16.2410
                Mean caps_temporal loss: 0.2773
                 Mean caps_spatial loss: 0.0014
                Mean caps_weighted loss: 0.1866
     Mean caps_valid_pair_fraction loss: 0.9549
     Mean caps_quiet_temporal_mean loss: 0.2690
    Mean caps_moving_temporal_mean loss: 0.2933
                            Mean reward: 45.69
                    Mean episode length: 912.43
                        Mean action std: 0.10
                   Omni/linear_tracking: 0.5890
                      Omni/yaw_tracking: 0.5785
                   Omni/linear_progress: 0.2133
                      Omni/yaw_progress: 0.1185
                 Omni/vertical_velocity: 0.0015
                   Omni/roll_pitch_rate: 0.0853
                              Omni/tilt: 0.0010
                            Omni/height: 0.0000
                            Omni/torque: 0.5286
                     Omni/torque_excess: 0.0436
               Omni/worst_torque_excess: 0.6150
                        Omni/saturation: 0.1040
                    Omni/positive_power: 2.9724
                       Omni/action_rate: 4.3244
                Omni/joint_acceleration: 56959.9531
                              Omni/slip: 0.0098
                           Omni/nonfoot: 0.0000
                      Omni/joint_limits: 0.0274
                           Omni/airtime: -0.0060
                     Omni/stand_posture: 0.0361
              Omni/stand_joint_velocity: 0.6446
             Omni/stand_target_velocity: 2.3657
                  Omni/stand_raw_action: 0.4163
                      Omni/terminations: 0.0000
--------------------------------------------------------------------------------
                         Iteration time: 1.84s
                           Time elapsed: 00:01:18
                                    ETA: 00:00:19

################################################################################
[1m                          Learning iteration 1887/1897                          [0m 

                            Total steps: 1007616 
                       Steps per second: 12631 
                        Collection time: 1.771s 
                          Learning time: 0.175s 
                        Mean value loss: 0.1111
                    Mean surrogate loss: -0.0094
                      Mean entropy loss: -16.2526
                Mean caps_temporal loss: 0.2750
                 Mean caps_spatial loss: 0.0014
                Mean caps_weighted loss: 0.1847
     Mean caps_valid_pair_fraction loss: 0.9586
     Mean caps_quiet_temporal_mean loss: 0.2671
    Mean caps_moving_temporal_mean loss: 0.2901
                            Mean reward: 47.46
                    Mean episode length: 937.23
                        Mean action std: 0.10
                   Omni/linear_tracking: 0.5940
                      Omni/yaw_tracking: 0.5799
                   Omni/linear_progress: 0.2462
                      Omni/yaw_progress: 0.1360
                 Omni/vertical_velocity: 0.0015
                   Omni/roll_pitch_rate: 0.0884
                              Omni/tilt: 0.0008
                            Omni/height: 0.0000
                            Omni/torque: 0.5279
                     Omni/torque_excess: 0.0438
               Omni/worst_torque_excess: 0.6188
                        Omni/saturation: 0.1041
                    Omni/positive_power: 2.9271
                       Omni/action_rate: 4.3185
                Omni/joint_acceleration: 57180.7305
                              Omni/slip: 0.0079
                           Omni/nonfoot: 0.0000
                      Omni/joint_limits: 0.0268
                           Omni/airtime: -0.0076
                     Omni/stand_posture: 0.0325
              Omni/stand_joint_velocity: 0.5849
             Omni/stand_target_velocity: 2.1395
                  Omni/stand_raw_action: 0.3774
                      Omni/terminations: 0.0000
--------------------------------------------------------------------------------
                         Iteration time: 1.95s
                           Time elapsed: 00:01:20
                                    ETA: 00:00:17

################################################################################
[1m                          Learning iteration 1888/1897                          [0m 

                            Total steps: 1032192 
                       Steps per second: 12231 
                        Collection time: 1.832s 
                          Learning time: 0.177s 
                        Mean value loss: 0.1727
                    Mean surrogate loss: -0.0077
                      Mean entropy loss: -16.2600
                Mean caps_temporal loss: 0.2758
                 Mean caps_spatial loss: 0.0014
                Mean caps_weighted loss: 0.1833
     Mean caps_valid_pair_fraction loss: 0.9579
     Mean caps_quiet_temporal_mean loss: 0.2665
    Mean caps_moving_temporal_mean loss: 0.2931
                            Mean reward: 47.40
                    Mean episode length: 960.89
                        Mean action std: 0.10
                   Omni/linear_tracking: 0.5888
                      Omni/yaw_tracking: 0.5636
                   Omni/linear_progress: 0.2295
                      Omni/yaw_progress: 0.0840
                 Omni/vertical_velocity: 0.0015
                   Omni/roll_pitch_rate: 0.0864
                              Omni/tilt: 0.0009
                            Omni/height: 0.0000
                            Omni/torque: 0.5362
                     Omni/torque_excess: 0.0459
               Omni/worst_torque_excess: 0.6364
                        Omni/saturation: 0.1072
                    Omni/positive_power: 2.9990
                       Omni/action_rate: 4.3971
                Omni/joint_acceleration: 57076.0938
                              Omni/slip: 0.0096
                           Omni/nonfoot: 0.0000
                      Omni/joint_limits: 0.0244
                           Omni/airtime: -0.0077
                     Omni/stand_posture: 0.0350
              Omni/stand_joint_velocity: 0.6367
             Omni/stand_target_velocity: 2.3195
                  Omni/stand_raw_action: 0.4095
                      Omni/terminations: 0.0417
--------------------------------------------------------------------------------
                         Iteration time: 2.01s
                           Time elapsed: 00:01:22
                                    ETA: 00:00:15

################################################################################
[1m                          Learning iteration 1889/1897                          [0m 

                            Total steps: 1056768 
                       Steps per second: 12187 
                        Collection time: 1.843s 
                          Learning time: 0.173s 
                        Mean value loss: 0.1306
                    Mean surrogate loss: -0.0081
                      Mean entropy loss: -16.2708
                Mean caps_temporal loss: 0.2747
                 Mean caps_spatial loss: 0.0014
                Mean caps_weighted loss: 0.1808
     Mean caps_valid_pair_fraction loss: 0.9569
     Mean caps_quiet_temporal_mean loss: 0.2651
    Mean caps_moving_temporal_mean loss: 0.2919
                            Mean reward: 46.59
                    Mean episode length: 979.99
                        Mean action std: 0.10
                   Omni/linear_tracking: 0.5703
                      Omni/yaw_tracking: 0.5902
                   Omni/linear_progress: 0.1430
                      Omni/yaw_progress: 0.1372
                 Omni/vertical_velocity: 0.0015
                   Omni/roll_pitch_rate: 0.0852
                              Omni/tilt: 0.0008
                            Omni/height: 0.0000
                            Omni/torque: 0.5310
                     Omni/torque_excess: 0.0441
               Omni/worst_torque_excess: 0.6185
                        Omni/saturation: 0.1054
                    Omni/positive_power: 2.8863
                       Omni/action_rate: 4.3667
                Omni/joint_acceleration: 57227.2930
                              Omni/slip: 0.0077
                           Omni/nonfoot: 0.0001
                      Omni/joint_limits: 0.0245
                           Omni/airtime: -0.0070
                     Omni/stand_posture: 0.0383
              Omni/stand_joint_velocity: 0.6893
             Omni/stand_target_velocity: 2.5278
                  Omni/stand_raw_action: 0.4444
                      Omni/terminations: 0.0000
--------------------------------------------------------------------------------
                         Iteration time: 2.02s
                           Time elapsed: 00:01:24
                                    ETA: 00:00:13

################################################################################
[1m                          Learning iteration 1890/1897                          [0m 

                            Total steps: 1081344 
                       Steps per second: 11327 
                        Collection time: 1.995s 
                          Learning time: 0.175s 
                        Mean value loss: 0.1587
                    Mean surrogate loss: -0.0093
                      Mean entropy loss: -16.2698
                Mean caps_temporal loss: 0.2748
                 Mean caps_spatial loss: 0.0014
                Mean caps_weighted loss: 0.1811
     Mean caps_valid_pair_fraction loss: 0.9576
     Mean caps_quiet_temporal_mean loss: 0.2648
    Mean caps_moving_temporal_mean loss: 0.2929
                            Mean reward: 47.77
                    Mean episode length: 994.62
                        Mean action std: 0.10
                   Omni/linear_tracking: 0.5900
                      Omni/yaw_tracking: 0.5805
                   Omni/linear_progress: 0.2043
                      Omni/yaw_progress: 0.1430
                 Omni/vertical_velocity: 0.0015
                   Omni/roll_pitch_rate: 0.0840
                              Omni/tilt: 0.0009
                            Omni/height: 0.0000
                            Omni/torque: 0.5312
                     Omni/torque_excess: 0.0445
               Omni/worst_torque_excess: 0.6210
                        Omni/saturation: 0.1048
                    Omni/positive_power: 2.9464
                       Omni/action_rate: 4.3500
                Omni/joint_acceleration: 57088.5625
                              Omni/slip: 0.0083
                           Omni/nonfoot: 0.0000
                      Omni/joint_limits: 0.0248
                           Omni/airtime: -0.0085
                     Omni/stand_posture: 0.0325
              Omni/stand_joint_velocity: 0.5848
             Omni/stand_target_velocity: 2.1544
                  Omni/stand_raw_action: 0.3768
                      Omni/terminations: 0.0000
--------------------------------------------------------------------------------
                         Iteration time: 2.17s
                           Time elapsed: 00:01:26
                                    ETA: 00:00:11

################################################################################
[1m                          Learning iteration 1891/1897                          [0m 

                            Total steps: 1105920 
                       Steps per second: 11287 
                        Collection time: 1.998s 
                          Learning time: 0.180s 
                        Mean value loss: 0.2286
                    Mean surrogate loss: -0.0060
                      Mean entropy loss: -16.2724
                Mean caps_temporal loss: 0.2737
                 Mean caps_spatial loss: 0.0014
                Mean caps_weighted loss: 0.1818
     Mean caps_valid_pair_fraction loss: 0.9484
     Mean caps_quiet_temporal_mean loss: 0.2636
    Mean caps_moving_temporal_mean loss: 0.2923
                            Mean reward: 50.03
                    Mean episode length: 994.28
                        Mean action std: 0.10
                   Omni/linear_tracking: 0.5982
                      Omni/yaw_tracking: 0.5741
                   Omni/linear_progress: 0.2289
                      Omni/yaw_progress: 0.0928
                 Omni/vertical_velocity: 0.0015
                   Omni/roll_pitch_rate: 0.0851
                              Omni/tilt: 0.0008
                            Omni/height: 0.0000
                            Omni/torque: 0.5277
                     Omni/torque_excess: 0.0434
               Omni/worst_torque_excess: 0.6130
                        Omni/saturation: 0.1038
                    Omni/positive_power: 2.9113
                       Omni/action_rate: 4.2925
                Omni/joint_acceleration: 56980.5156
                              Omni/slip: 0.0079
                           Omni/nonfoot: 0.0000
                      Omni/joint_limits: 0.0270
                           Omni/airtime: -0.0070
                     Omni/stand_posture: 0.0371
              Omni/stand_joint_velocity: 0.6669
             Omni/stand_target_velocity: 2.4427
                  Omni/stand_raw_action: 0.4282
                      Omni/terminations: 0.0417
--------------------------------------------------------------------------------
                         Iteration time: 2.18s
                           Time elapsed: 00:01:29
                                    ETA: 00:00:09

################################################################################
[1m                          Learning iteration 1892/1897                          [0m 

                            Total steps: 1130496 
                       Steps per second: 11941 
                        Collection time: 1.876s 
                          Learning time: 0.182s 
                        Mean value loss: 0.1303
                    Mean surrogate loss: -0.0080
                      Mean entropy loss: -16.2764
                Mean caps_temporal loss: 0.2720
                 Mean caps_spatial loss: 0.0014
                Mean caps_weighted loss: 0.1799
     Mean caps_valid_pair_fraction loss: 0.9507
     Mean caps_quiet_temporal_mean loss: 0.2617
    Mean caps_moving_temporal_mean loss: 0.2910
                            Mean reward: 49.96
                    Mean episode length: 994.28
                        Mean action std: 0.10
                   Omni/linear_tracking: 0.5874
                      Omni/yaw_tracking: 0.5693
                   Omni/linear_progress: 0.2037
                      Omni/yaw_progress: 0.0581
                 Omni/vertical_velocity: 0.0015
                   Omni/roll_pitch_rate: 0.0865
                              Omni/tilt: 0.0007
                            Omni/height: 0.0000
                            Omni/torque: 0.5318
                     Omni/torque_excess: 0.0442
               Omni/worst_torque_excess: 0.6155
                        Omni/saturation: 0.1055
                    Omni/positive_power: 2.9249
                       Omni/action_rate: 4.2944
                Omni/joint_acceleration: 57144.5469
                              Omni/slip: 0.0082
                           Omni/nonfoot: 0.0059
                      Omni/joint_limits: 0.0257
                           Omni/airtime: -0.0062
                     Omni/stand_posture: 0.0404
              Omni/stand_joint_velocity: 0.7309
             Omni/stand_target_velocity: 2.6804
                  Omni/stand_raw_action: 0.4682
                      Omni/terminations: 0.0000
--------------------------------------------------------------------------------
                         Iteration time: 2.06s
                           Time elapsed: 00:01:31
                                    ETA: 00:00:07

################################################################################
[1m                          Learning iteration 1893/1897                          [0m 

                            Total steps: 1155072 
                       Steps per second: 12685 
                        Collection time: 1.755s 
                          Learning time: 0.182s 
                        Mean value loss: 0.1309
                    Mean surrogate loss: -0.0073
                      Mean entropy loss: -16.2836
                Mean caps_temporal loss: 0.2722
                 Mean caps_spatial loss: 0.0014
                Mean caps_weighted loss: 0.1804
     Mean caps_valid_pair_fraction loss: 0.9609
     Mean caps_quiet_temporal_mean loss: 0.2628
    Mean caps_moving_temporal_mean loss: 0.2896
                            Mean reward: 50.42
                    Mean episode length: 994.28
                        Mean action std: 0.10
                   Omni/linear_tracking: 0.5830
                      Omni/yaw_tracking: 0.5664
                   Omni/linear_progress: 0.2036
                      Omni/yaw_progress: 0.0476
                 Omni/vertical_velocity: 0.0015
                   Omni/roll_pitch_rate: 0.0859
                              Omni/tilt: 0.0009
                            Omni/height: 0.0000
                            Omni/torque: 0.5325
                     Omni/torque_excess: 0.0465
               Omni/worst_torque_excess: 0.6334
                        Omni/saturation: 0.1067
                    Omni/positive_power: 2.9350
                       Omni/action_rate: 4.3359
                Omni/joint_acceleration: 57482.9492
                              Omni/slip: 0.0091
                           Omni/nonfoot: 0.0000
                      Omni/joint_limits: 0.0246
                           Omni/airtime: -0.0068
                     Omni/stand_posture: 0.0389
              Omni/stand_joint_velocity: 0.7036
             Omni/stand_target_velocity: 2.5839
                  Omni/stand_raw_action: 0.4515
                      Omni/terminations: 0.0000
--------------------------------------------------------------------------------
                         Iteration time: 1.94s
                           Time elapsed: 00:01:33
                                    ETA: 00:00:05

################################################################################
[1m                          Learning iteration 1894/1897                          [0m 

                            Total steps: 1179648 
                       Steps per second: 11963 
                        Collection time: 1.874s 
                          Learning time: 0.181s 
                        Mean value loss: 0.1485
                    Mean surrogate loss: -0.0086
                      Mean entropy loss: -16.2886
                Mean caps_temporal loss: 0.2706
                 Mean caps_spatial loss: 0.0014
                Mean caps_weighted loss: 0.1804
     Mean caps_valid_pair_fraction loss: 0.9555
     Mean caps_quiet_temporal_mean loss: 0.2609
    Mean caps_moving_temporal_mean loss: 0.2889
                            Mean reward: 49.50
                    Mean episode length: 994.28
                        Mean action std: 0.10
                   Omni/linear_tracking: 0.6050
                      Omni/yaw_tracking: 0.5646
                   Omni/linear_progress: 0.2355
                      Omni/yaw_progress: 0.0998
                 Omni/vertical_velocity: 0.0015
                   Omni/roll_pitch_rate: 0.0848
                              Omni/tilt: 0.0008
                            Omni/height: 0.0000
                            Omni/torque: 0.5270
                     Omni/torque_excess: 0.0438
               Omni/worst_torque_excess: 0.6161
                        Omni/saturation: 0.1034
                    Omni/positive_power: 2.9478
                       Omni/action_rate: 4.2320
                Omni/joint_acceleration: 57038.5703
                              Omni/slip: 0.0086
                           Omni/nonfoot: 0.0000
                      Omni/joint_limits: 0.0275
                           Omni/airtime: -0.0085
                     Omni/stand_posture: 0.0357
              Omni/stand_joint_velocity: 0.6472
             Omni/stand_target_velocity: 2.3686
                  Omni/stand_raw_action: 0.4133
                      Omni/terminations: 0.0000
--------------------------------------------------------------------------------
                         Iteration time: 2.05s
                           Time elapsed: 00:01:35
                                    ETA: 00:00:03

################################################################################
[1m                          Learning iteration 1895/1897                          [0m 

                            Total steps: 1204224 
                       Steps per second: 11963 
                        Collection time: 1.876s 
                          Learning time: 0.178s 
                        Mean value loss: 0.1337
                    Mean surrogate loss: -0.0065
                      Mean entropy loss: -16.2989
                Mean caps_temporal loss: 0.2694
                 Mean caps_spatial loss: 0.0014
                Mean caps_weighted loss: 0.1793
     Mean caps_valid_pair_fraction loss: 0.9548
     Mean caps_quiet_temporal_mean loss: 0.2601
    Mean caps_moving_temporal_mean loss: 0.2867
                            Mean reward: 49.73
                    Mean episode length: 999.00
                        Mean action std: 0.10
                   Omni/linear_tracking: 0.6078
                      Omni/yaw_tracking: 0.5713
                   Omni/linear_progress: 0.2589
                      Omni/yaw_progress: 0.1488
                 Omni/vertical_velocity: 0.0017
                   Omni/roll_pitch_rate: 0.0849
                              Omni/tilt: 0.0011
                            Omni/height: 0.0000
                            Omni/torque: 0.5261
                     Omni/torque_excess: 0.0414
               Omni/worst_torque_excess: 0.5928
                        Omni/saturation: 0.1025
                    Omni/positive_power: 3.0259
                       Omni/action_rate: 4.3005
                Omni/joint_acceleration: 57044.9688
                              Omni/slip: 0.0092
                           Omni/nonfoot: 0.0000
                      Omni/joint_limits: 0.0254
                           Omni/airtime: -0.0072
                     Omni/stand_posture: 0.0327
              Omni/stand_joint_velocity: 0.5848
             Omni/stand_target_velocity: 2.1464
                  Omni/stand_raw_action: 0.3746
                      Omni/terminations: 0.0000
--------------------------------------------------------------------------------
                         Iteration time: 2.05s
                           Time elapsed: 00:01:37
                                    ETA: 00:00:01

################################################################################
[1m                          Learning iteration 1896/1897                          [0m 

                            Total steps: 1228800 
                       Steps per second: 11839 
                        Collection time: 1.881s 
                          Learning time: 0.195s 
                        Mean value loss: 0.1354
                    Mean surrogate loss: -0.0077
                      Mean entropy loss: -16.3104
                Mean caps_temporal loss: 0.2676
                 Mean caps_spatial loss: 0.0014
                Mean caps_weighted loss: 0.1780
     Mean caps_valid_pair_fraction loss: 0.9585
     Mean caps_quiet_temporal_mean loss: 0.2582
    Mean caps_moving_temporal_mean loss: 0.2851
                            Mean reward: 49.88
                    Mean episode length: 997.39
                        Mean action std: 0.10
                   Omni/linear_tracking: 0.6009
                      Omni/yaw_tracking: 0.5786
                   Omni/linear_progress: 0.2370
                      Omni/yaw_progress: 0.1258
                 Omni/vertical_velocity: 0.0015
                   Omni/roll_pitch_rate: 0.0862
                              Omni/tilt: 0.0010
                            Omni/height: 0.0000
                            Omni/torque: 0.5321
                     Omni/torque_excess: 0.0449
               Omni/worst_torque_excess: 0.6221
                        Omni/saturation: 0.1053
                    Omni/positive_power: 2.9656
                       Omni/action_rate: 4.3174
                Omni/joint_acceleration: 57186.7891
                              Omni/slip: 0.0088
                           Omni/nonfoot: 0.0001
                      Omni/joint_limits: 0.0234
                           Omni/airtime: -0.0075
                     Omni/stand_posture: 0.0369
              Omni/stand_joint_velocity: 0.6639
             Omni/stand_target_velocity: 2.4306
                  Omni/stand_raw_action: 0.4242
                      Omni/terminations: 0.0417
--------------------------------------------------------------------------------
                         Iteration time: 2.08s
                           Time elapsed: 00:01:39
                                    ETA: 00:00:00

[INFO]: SimulationContext cleared
RESULT f050_t060 train completed
