time="2026-09-09T20:36:25-05:00" level=warning msg="No services to build"
time="2026-09-09T20:36:25-05:00" level=warning msg="No services to build"
 Container hexapod-terrain-standing-83b30b9af70648ceba38d52d5dc405fb Creating 
 Container hexapod-terrain-standing-83b30b9af70648ceba38d52d5dc405fb Created 
The '--headless' CLI argument is deprecated. Omit '--viz' for default headless. If config visualizers are enabled and you want to force headless, use '--viz none'.
Loading user config located at: '/isaac-sim/kit/data/Kit/IsaacLab/3.0/user.config.json'
2026-09-10T01:36:26Z [0ms] [Info] [omni.kit.app.plugin] App Name: 'IsaacLab', App Version: '3.0.0', Kit Version: '110.1.2+production.326809.f9bf0dda.gl', Kernel Version: '210.1.11+release.13746.80f6dc72.gl'
2026-09-10T01:36:26Z [0ms] [Info] [omni.kit.app.plugin] Cmd: /workspace/isaaclab/_isaac_sim/exts/isaacsim.simulation_app/isaacsim/simulation_app/simulation_app.py /workspace/isaaclab/apps/isaaclab.python.headless.kit --/app/tokens/exe-path=/workspace/isaaclab/_isaac_sim/kit --/persistent/app/viewport/displayOptions=3094 --/rtx/materialDb/syncLoads=True --/rtx/hydra/materialSyncLoads=True --/omni/kit/plugin/syncUsdLoads=True --/app/renderer/resolution/width=1280 --/app/renderer/resolution/height=720 --/app/window/width=1440 --/app/window/height=900 --/renderer/multiGpu/enabled=True --/app/fastShutdown=True --/app/installSignalHandlers=0 --ext-folder /workspace/isaaclab/_isaac_sim/exts --ext-folder /workspace/isaaclab/_isaac_sim/apps --/renderer/activeGpu=0 --/physics/cudaDevice=0 --/plugins/carb.tasking.plugin/threadCount=20 --/plugins/omni.tbb.globalcontrol/maxThreadCount=20 --portable --no-window --/app/window/hideUi=True --admission /outputs/flat/admission.json --fixture-admission /workspace/hexapod/artifacts/terrain_readiness_2026-09-09/runtime/terrain_fixture_smoke_003/fixtures/validation.json --catalog /workspace/hexapod/artifacts/terrain_readiness_2026-09-09/terrain_catalog.json --fixture-id train_ramp_1103 --steps 1000 --package /study --variant f050_t060 --stance-index 0 --output /outputs/terrain --headless --device cuda:0 --info "--kit_args=--/exts/omni.kit.telemetry/skipDeferredStartup=true --/app/extensions/excluded/4=omni.kit.telemetry" --/exts/omni.kit.telemetry/skipDeferredStartup=true --/app/extensions/excluded/4=omni.kit.telemetry
2026-09-10T01:36:26Z [0ms] [Info] [omni.kit.app.plugin] Applied configs: [/isaac-sim/kit/kernel/config/kit-core.json, /workspace/isaaclab/apps/isaaclab.python.headless.kit, /isaac-sim/kit/data/Kit/IsaacLab/3.0/user.config.json]
2026-09-10T01:36:26Z [0ms] [Info] [omni.kit.app.plugin] Non-existent configs: [/isaac-sim/kit/omni_configs/privacy.toml, /workspace/isaaclab/apps/isaaclab.python.headless.gen.kit, /root/Documents/Kit/shared/user.toml, /workspace/isaaclab/apps/deps/user.toml, /workspace/isaaclab/apps/deps/isaaclab.python.headless/user.toml, /workspace/isaaclab/deps/user.toml, /workspace/isaaclab/deps/isaaclab.python.headless/user.toml, /workspace/deps/user.toml, /workspace/deps/isaaclab.python.headless/user.toml, /deps/user.toml, /deps/isaaclab.python.headless/user.toml, /deps/user.toml, /deps/isaaclab.python.headless/user.toml, /usr/share/NVIDIA Corporation/kit/kit.config.toml, /usr/share/NVIDIA Corporation/kit/isaaclab.python.headless/kit.config.toml]
2026-09-10T01:36:26Z [0ms] [Info] [omni.kit.app.plugin] Portable Root: '/isaac-sim/kit'
2026-09-10T01:36:26Z [0ms] [Info] [omni.kit.app.plugin] Tokens:
{
    "exe-filename": "python3.12",
    "local-config-path": "/outputs",
    "custom-config-path": "/outputs",
    "cli-config-path": "/outputs",
    "omni_config": "/isaac-sim/kit/omni_configs",
    "omni_data": "/isaac-sim/kit/data",
    "omni_logs": "/isaac-sim/kit/logs",
    "omni_cache": "/isaac-sim/kit/cache",
    "omni_global_config": "/root/.nvidia-omniverse/config",
    "omni_global_data": "/root/.local/share/ov/data",
    "omni_global_logs": "/root/.nvidia-omniverse/logs",
    "omni_global_cache": "/root/.cache/ov",
    "temp": "/tmp/carb.y8IN2I",
    "kit": "/isaac-sim/kit",
    "drive": "/",
    "app": "/workspace/isaaclab/apps",
    "resources": "/isaac-sim/kit/resources",
    "fonts": "/isaac-sim/kit/resources/fonts",
    "glyphs": "/isaac-sim/kit/resources/glyphs",
    "icons": "/isaac-sim/kit/resources/icons",
    "sounds": "/isaac-sim/kit/resources/sounds",
    "models": "/isaac-sim/kit/resources/models",
    "materials": "/isaac-sim/kit/resources/materials",
    "config": "release",
    "platform": "linux-aarch64",
    "bindings_ext": ".so",
    "exe_ext": "",
    "shell_ext": ".sh",
    "lib_ext": ".so",
    "lib_prefix": "lib",
    "session_id": "16667086320267144093",
    "omni_documents": "/root/Documents",
    "shared_documents": "/root/Documents/Kit/shared",
    "omni_program_data": "/usr/share",
    "shared_program_data": "/usr/share/NVIDIA Corporation/kit",
    "app_program_data": "/usr/share/NVIDIA Corporation/kit/isaaclab.python.headless",
    "kit_version": "110.1.2+production.326809.f9bf0dda.gl",
    "usd_version": "25.11",
    "python_version": "3.12",
    "python": "/isaac-sim/kit/python/bin/python3",
    "kit_version_short": "110.1",
    "kit_version_major": "110",
    "kit_version_minor": "1",
    "kit_version_patch": "2",
    "kit_git_hash": "f9bf0dda",
    "app_version": "3.0.0",
    "app_version_short": "3.0",
    "app_name": "IsaacLab",
    "app_filename": "isaaclab.python.headless",
    "data": "/isaac-sim/kit/data/Kit/IsaacLab/3.0",
    "logs": "/isaac-sim/kit/logs/Kit/IsaacLab/3.0",
    "cache": "/isaac-sim/kit/cache/Kit/110.1/f9bf0dda",
    "appcache": "/isaac-sim/kit/cache/Kit/110.1/f9bf0dda",
    "cache_postfix": "Kit/110.1/f9bf0dda",
    "app_documents": "/root/Documents/Kit/apps/IsaacLab",
    "documents": "/root/Documents/Kit/apps/IsaacLab",
    "start_timestamp": "20260910_013626",
    "log_file": "/isaac-sim/kit/logs/Kit/IsaacLab/3.0/kit_20260910_013626.log",
    "exe-path": "/workspace/isaaclab/_isaac_sim/kit"
}
2026-09-10T01:36:26Z [0ms] [Info] [omni.ext.plugin] Extension path: '/workspace/isaaclab/_isaac_sim/isaacsim/extsPhysics' doesn't exist.
2026-09-10T01:36:26Z [0ms] [Info] [omni.ext.plugin] Creating a new dir for extension path: '/workspace/isaaclab/_isaac_sim/isaacsim/extsPhysics'
2026-09-10T01:36:26Z [0ms] [Info] [omni.ext.plugin] Extension path: '/workspace/isaaclab/_isaac_sim/isaacsim/extscache' doesn't exist.
2026-09-10T01:36:26Z [0ms] [Info] [omni.ext.plugin] Creating a new dir for extension path: '/workspace/isaaclab/_isaac_sim/isaacsim/extscache'
2026-09-10T01:36:26Z [0ms] [Info] [omni.ext.plugin] Extension path: '/workspace/isaaclab/_isaac_sim/isaacsim/exts' doesn't exist.
2026-09-10T01:36:26Z [0ms] [Info] [omni.ext.plugin] Creating a new dir for extension path: '/workspace/isaaclab/_isaac_sim/isaacsim/exts'
2026-09-10T01:36:26Z [0ms] [Info] [omni.ext.plugin] Extension path: '/workspace/isaaclab/_isaac_sim/extsPhysics' doesn't exist.
2026-09-10T01:36:26Z [0ms] [Info] [omni.ext.plugin] Creating a new dir for extension path: '/workspace/isaaclab/_isaac_sim/extsPhysics'
2026-09-10T01:36:26Z [0ms] [Info] [omni.ext.plugin] Extension path: '/workspace/isaaclab/_isaac_sim/kit/exts' doesn't exist.
2026-09-10T01:36:26Z [0ms] [Info] [omni.ext.plugin] Creating a new dir for extension path: '/workspace/isaaclab/_isaac_sim/kit/exts'
2026-09-10T01:36:26Z [0ms] [Info] [omni.ext.plugin] Extension path: '/isaac-sim/kit/exts' doesn't exist.
2026-09-10T01:36:26Z [0ms] [Info] [omni.ext.plugin] Creating a new dir for extension path: '/isaac-sim/kit/exts'
2026-09-10T01:36:26Z [0ms] [Info] [omni.ext.plugin] [ext manager] preferLocalVersions: 1
2026-09-10T01:36:26Z [0ms] [Info] [omni.ext.plugin] Extension system targets:
  kitHash: f9bf0dda
  config: release
  python: cp312
  usd: u7f41+stock+25.11+cxx11
  platform: linux-aarch64
  kit: 110.1.2
2026-09-10T01:36:26Z [0ms] [Info] [omni.ext.plugin] Searching for extensions in: '/workspace/isaaclab/apps/isaaclab.python.headless.kit' (path type: 1, dev: 0)
2026-09-10T01:36:26Z [0ms] [Info] [omni.ext.plugin] Searching for extensions in: '/isaac-sim/kit/data/Kit/IsaacLab/3.0/exts/3' (path type: 4, dev: 0)
2026-09-10T01:36:26Z [0ms] [Info] [omni.ext.plugin] Searching for extensions in: '/isaac-sim/apps' (path type: 0, dev: 0)
2026-09-10T01:36:26Z [0ms] [Info] [omni.ext.plugin] Searching for extensions in: '/isaac-sim/exts' (path type: 0, dev: 0)
2026-09-10T01:36:26Z [1ms] [Info] [omni.ext.plugin] Searching for extensions in: '/workspace/isaaclab/source' (path type: 0, dev: 0)
2026-09-10T01:36:26Z [1ms] [Info] [omni.ext.plugin] Searching for extensions in: '/workspace/isaaclab/apps' (path type: 0, dev: 0)
2026-09-10T01:36:26Z [1ms] [Info] [omni.ext.plugin] Searching for extensions in: '' (path type: 0, dev: 0)
2026-09-10T01:36:26Z [1ms] [Info] [omni.ext.plugin] Searching for extensions in: '/isaac-sim/extscache' (path type: 0, dev: 0)
2026-09-10T01:36:26Z [1ms] [Warning] [omni.ext.plugin] [ext: flat] Extensions config 'extension.toml' doesn't exist '/outputs/flat' or '/outputs/flat/config'
2026-09-10T01:36:26Z [1ms] [Info] [carb] Initializing plugin: carb.variant.plugin (interfaces: [carb::variant::IVariant v0.1]) (impl: carb.variant.plugin)
2026-09-10T01:36:26Z [2ms] [Warning] [omni.ext.plugin] [ext: logs] Extensions config 'extension.toml' doesn't exist '/outputs/logs' or '/outputs/logs/config'
2026-09-10T01:36:26Z [2ms] [Warning] [omni.ext.plugin] [ext: jobs] Extensions config 'extension.toml' doesn't exist '/outputs/jobs' or '/outputs/jobs/config'
2026-09-10T01:36:26Z [2ms] [Warning] [omni.ext.plugin] [ext: inputs] Extensions config 'extension.toml' doesn't exist '/outputs/inputs' or '/outputs/inputs/config'
2026-09-10T01:36:26Z [2ms] [Warning] [omni.ext.plugin] [ext: terrain] Extensions config 'extension.toml' doesn't exist '/outputs/terrain' or '/outputs/terrain/config'
2026-09-10T01:36:26Z [2ms] [Warning] [omni.ext.plugin] [ext: isaaclab_visualizers] Extensions config 'extension.toml' doesn't exist '/workspace/isaaclab/source/isaaclab_visualizers' or '/workspace/isaaclab/source/isaaclab_visualizers/config'
2026-09-10T01:36:26Z [4ms] [Info] [omni.ext.plugin] Searching for extensions in: '/isaac-sim/kit/extscore' (path type: 0, dev: 0)
2026-09-10T01:36:26Z [4ms] [Info] [omni.ext.plugin] Searching for extensions in: '/root/Documents/Kit/shared/exts' (path type: 0, dev: 0)
2026-09-10T01:36:26Z [4ms] [Info] [omni.ext.plugin] Searching for extensions in: '/root/Documents/Kit/apps/IsaacLab/exts' (path type: 0, dev: 0)
2026-09-10T01:36:26Z [4ms] [Info] [omni.ext.plugin] Searching for extensions in: '/isaac-sim/kit/apps' (path type: 0, dev: 0)
2026-09-10T01:36:26Z [8ms] [Info] [omni.ext.plugin] Registered 638 extension(s), 0 unsuitable:
  [ext: isaacsim.exp.action_and_event_data_generation.base-0.4.0] registered (path: /isaac-sim/apps/isaacsim.exp.action_and_event_data_generation.base.kit)
  [ext: isaacsim.exp.action_and_event_data_generation.full-0.4.0] registered (path: /isaac-sim/apps/isaacsim.exp.action_and_event_data_generation.full.kit)
  [ext: isaacsim.exp.base-6.0.1] registered (path: /isaac-sim/apps/isaacsim.exp.base.kit)
  [ext: isaacsim.exp.base.python-6.0.1] registered (path: /isaac-sim/apps/isaacsim.exp.base.python.kit)
  [ext: isaacsim.exp.base.xr.vr-6.0.1] registered (path: /isaac-sim/apps/isaacsim.exp.base.xr.vr.kit)
  [ext: isaacsim.exp.base.zero_delay-6.0.1] registered (path: /isaac-sim/apps/isaacsim.exp.base.zero_delay.kit)
  [ext: isaacsim.exp.compatibility_check-6.0.1] registered (path: /isaac-sim/apps/isaacsim.exp.compatibility_check.kit)
  [ext: isaacsim.exp.full.fabric-6.0.1] registered (path: /isaac-sim/apps/isaacsim.exp.full.fabric.kit)
  [ext: isaacsim.exp.full-6.0.1] registered (path: /isaac-sim/apps/isaacsim.exp.full.kit)
  [ext: isaacsim.exp.full.newton-6.0.1] registered (path: /isaac-sim/apps/isaacsim.exp.full.newton.kit)
  [ext: isaacsim.exp.full.streaming-6.0.1] registered (path: /isaac-sim/apps/isaacsim.exp.full.streaming.kit)
  [ext: isaacsim.exp.uidoc-6.0.1] registered (path: /isaac-sim/apps/isaacsim.exp.uidoc.kit)
  [ext: isaacsim.app.about-2.3.1] registered (path: /isaac-sim/exts/isaacsim.app.about)
  [ext: isaacsim.app.setup-1.12.0] registered (path: /isaac-sim/exts/isaacsim.app.setup)
  [ext: isaacsim.asset.exporter.urdf-2.0.5] registered (path: /isaac-sim/exts/isaacsim.asset.exporter.urdf)
  [ext: isaacsim.asset.exporter.urdf.ui-1.0.2] registered (path: /isaac-sim/exts/isaacsim.asset.exporter.urdf.ui)
  [ext: isaacsim.asset.gen.conveyor-1.2.3] registered (path: /isaac-sim/exts/isaacsim.asset.gen.conveyor)
  [ext: isaacsim.asset.gen.conveyor.ui-2.3.1] registered (path: /isaac-sim/exts/isaacsim.asset.gen.conveyor.ui)
  [ext: isaacsim.asset.gen.omap-2.3.2] registered (path: /isaac-sim/exts/isaacsim.asset.gen.omap)
  [ext: isaacsim.asset.gen.omap.ui-2.6.1] registered (path: /isaac-sim/exts/isaacsim.asset.gen.omap.ui)
  [ext: isaacsim.asset.importer.heightmap-2.3.4] registered (path: /isaac-sim/exts/isaacsim.asset.importer.heightmap)
  [ext: isaacsim.asset.importer.mjcf-3.10.1] registered (path: /isaac-sim/exts/isaacsim.asset.importer.mjcf)
  [ext: isaacsim.asset.importer.mjcf.ui-1.4.4] registered (path: /isaac-sim/exts/isaacsim.asset.importer.mjcf.ui)
  [ext: isaacsim.asset.importer.urdf-3.11.2] registered (path: /isaac-sim/exts/isaacsim.asset.importer.urdf)
  [ext: isaacsim.asset.importer.urdf.ui-1.4.3] registered (path: /isaac-sim/exts/isaacsim.asset.importer.urdf.ui)
  [ext: isaacsim.asset.importer.utils-1.8.1] registered (path: /isaac-sim/exts/isaacsim.asset.importer.utils)
  [ext: isaacsim.asset.transformer-1.2.5] registered (path: /isaac-sim/exts/isaacsim.asset.transformer)
  [ext: isaacsim.asset.transformer.rules-1.7.10] registered (path: /isaac-sim/exts/isaacsim.asset.transformer.rules)
  [ext: isaacsim.asset.transformer.ui-1.1.2] registered (path: /isaac-sim/exts/isaacsim.asset.transformer.ui)
  [ext: isaacsim.asset.validation-1.3.6] registered (path: /isaac-sim/exts/isaacsim.asset.validation)
  [ext: isaacsim.benchmark.services-4.2.3] registered (path: /isaac-sim/exts/isaacsim.benchmark.services)
  [ext: isaacsim.code_editor.jupyter-1.2.1] registered (path: /isaac-sim/exts/isaacsim.code_editor.jupyter)
  [ext: isaacsim.code_editor.python_server-1.3.1] registered (path: /isaac-sim/exts/isaacsim.code_editor.python_server)
  [ext: isaacsim.code_editor.vscode-1.2.3] registered (path: /isaac-sim/exts/isaacsim.code_editor.vscode)
  [ext: isaacsim.core.cloner-1.7.3] registered (path: /isaac-sim/exts/isaacsim.core.cloner)
  [ext: isaacsim.core.deprecation_manager-0.4.2] registered (path: /isaac-sim/exts/isaacsim.core.deprecation_manager)
  [ext: isaacsim.core.experimental.actuators-0.1.2] registered (path: /isaac-sim/exts/isaacsim.core.experimental.actuators)
  [ext: isaacsim.core.experimental.materials-0.7.1] registered (path: /isaac-sim/exts/isaacsim.core.experimental.materials)
  [ext: isaacsim.core.experimental.objects-0.8.1] registered (path: /isaac-sim/exts/isaacsim.core.experimental.objects)
  [ext: isaacsim.core.experimental.primdata-0.3.2] registered (path: /isaac-sim/exts/isaacsim.core.experimental.primdata)
  [ext: isaacsim.core.experimental.prims-1.8.9] registered (path: /isaac-sim/exts/isaacsim.core.experimental.prims)
  [ext: isaacsim.core.experimental.utils-0.17.2] registered (path: /isaac-sim/exts/isaacsim.core.experimental.utils)
  [ext: isaacsim.core.includes-2.9.1] registered (path: /isaac-sim/exts/isaacsim.core.includes)
  [ext: isaacsim.core.nodes-5.10.5] registered (path: /isaac-sim/exts/isaacsim.core.nodes)
  [ext: isaacsim.core.rendering_manager-0.4.3] registered (path: /isaac-sim/exts/isaacsim.core.rendering_manager)
  [ext: isaacsim.core.simulation_manager-1.15.6] registered (path: /isaac-sim/exts/isaacsim.core.simulation_manager)
  [ext: isaacsim.core.telemetry-2.0.1] registered (path: /isaac-sim/exts/isaacsim.core.telemetry)
  [ext: isaacsim.core.throttling-2.3.5] registered (path: /isaac-sim/exts/isaacsim.core.throttling)
  [ext: isaacsim.core.version-2.1.1] registered (path: /isaac-sim/exts/isaacsim.core.version)
  [ext: isaacsim.examples.base-1.3.2] registered (path: /isaac-sim/exts/isaacsim.examples.base)
  [ext: isaacsim.examples.browser-0.3.2] registered (path: /isaac-sim/exts/isaacsim.examples.browser)
  [ext: isaacsim.examples.interactive-4.16.1] registered (path: /isaac-sim/exts/isaacsim.examples.interactive)
  [ext: isaacsim.examples.ipc-1.0.2] registered (path: /isaac-sim/exts/isaacsim.examples.ipc)
  [ext: isaacsim.examples.ui-1.2.3] registered (path: /isaac-sim/exts/isaacsim.examples.ui)
  [ext: isaacsim.gui.components-1.8.5] registered (path: /isaac-sim/exts/isaacsim.gui.components)
  [ext: isaacsim.gui.content_browser-0.4.3] registered (path: /isaac-sim/exts/isaacsim.gui.content_browser)
  [ext: isaacsim.gui.menu-2.10.5] registered (path: /isaac-sim/exts/isaacsim.gui.menu)
  [ext: isaacsim.gui.property-1.6.4] registered (path: /isaac-sim/exts/isaacsim.gui.property)
  [ext: isaacsim.gui.sensors.icon-2.2.1] registered (path: /isaac-sim/exts/isaacsim.gui.sensors.icon)
  [ext: isaacsim.hsb.bridge-1.0.2] registered (path: /isaac-sim/exts/isaacsim.hsb.bridge)
  [ext: isaacsim.hsb.core-1.0.1] registered (path: /isaac-sim/exts/isaacsim.hsb.core)
  [ext: isaacsim.hsb.nodes-1.0.3] registered (path: /isaac-sim/exts/isaacsim.hsb.nodes)
  [ext: isaacsim.physics.newton-0.8.1] registered (path: /isaac-sim/exts/isaacsim.physics.newton)
  [ext: isaacsim.physics.newton.tensors-0.1.9] registered (path: /isaac-sim/exts/isaacsim.physics.newton.tensors)
  [ext: isaacsim.physics.newton.ui-1.3.1] registered (path: /isaac-sim/exts/isaacsim.physics.newton.ui)
  [ext: isaacsim.pip.newton-0.6.1] registered (path: /isaac-sim/exts/isaacsim.pip.newton)
  [ext: isaacsim.replicator.behavior-1.5.4] registered (path: /isaac-sim/exts/isaacsim.replicator.behavior)
  [ext: isaacsim.replicator.behavior.ui-1.2.1] registered (path: /isaac-sim/exts/isaacsim.replicator.behavior.ui)
  [ext: isaacsim.replicator.episode_recorder-0.1.4] registered (path: /isaac-sim/exts/isaacsim.replicator.episode_recorder)
  [ext: isaacsim.replicator.episode_recorder.ui-0.1.3] registered (path: /isaac-sim/exts/isaacsim.replicator.episode_recorder.ui)
  [ext: isaacsim.replicator.examples-1.11.6] registered (path: /isaac-sim/exts/isaacsim.replicator.examples)
  [ext: isaacsim.replicator.experimental.domain_randomization-1.2.5] registered (path: /isaac-sim/exts/isaacsim.replicator.experimental.domain_randomization)
  [ext: isaacsim.replicator.experimental.mobility_gen-0.2.10] registered (path: /isaac-sim/exts/isaacsim.replicator.experimental.mobility_gen)
  [ext: isaacsim.replicator.grasping-1.1.5] registered (path: /isaac-sim/exts/isaacsim.replicator.grasping)
  [ext: isaacsim.replicator.grasping.ui-1.1.3] registered (path: /isaac-sim/exts/isaacsim.replicator.grasping.ui)
  [ext: isaacsim.replicator.mobility_gen.examples-0.3.4] registered (path: /isaac-sim/exts/isaacsim.replicator.mobility_gen.examples)
  [ext: isaacsim.replicator.mobility_gen.ui-0.4.8] registered (path: /isaac-sim/exts/isaacsim.replicator.mobility_gen.ui)
  [ext: isaacsim.replicator.nurec_utils-0.1.2] registered (path: /isaac-sim/exts/isaacsim.replicator.nurec_utils)
  [ext: isaacsim.replicator.synthetic_recorder-2.4.5] registered (path: /isaac-sim/exts/isaacsim.replicator.synthetic_recorder)
  [ext: isaacsim.replicator.writers-1.5.4] registered (path: /isaac-sim/exts/isaacsim.replicator.writers)
  [ext: isaacsim.robot.experimental.manipulators.examples-0.2.1] registered (path: /isaac-sim/exts/isaacsim.robot.experimental.manipulators.examples)
  [ext: isaacsim.robot.experimental.wheeled_robots-0.2.11] registered (path: /isaac-sim/exts/isaacsim.robot.experimental.wheeled_robots)
  [ext: isaacsim.robot.policy.examples-5.2.12] registered (path: /isaac-sim/exts/isaacsim.robot.policy.examples)
  [ext: isaacsim.robot.poser-1.1.3] registered (path: /isaac-sim/exts/isaacsim.robot.poser)
  [ext: isaacsim.robot.poser.ui-1.1.1] registered (path: /isaac-sim/exts/isaacsim.robot.poser.ui)
  [ext: isaacsim.robot.schema-6.3.7] registered (path: /isaac-sim/exts/isaacsim.robot.schema)
  [ext: isaacsim.robot.schema.ui-0.3.5] registered (path: /isaac-sim/exts/isaacsim.robot.schema.ui)
  [ext: isaacsim.robot.surface_gripper-3.6.2] registered (path: /isaac-sim/exts/isaacsim.robot.surface_gripper)
  [ext: isaacsim.robot.surface_gripper.ui-3.1.4] registered (path: /isaac-sim/exts/isaacsim.robot.surface_gripper.ui)
  [ext: isaacsim.robot.wheeled_robots.nodes-0.1.5] registered (path: /isaac-sim/exts/isaacsim.robot.wheeled_robots.nodes)
  [ext: isaacsim.robot.wheeled_robots.ui-2.3.3] registered (path: /isaac-sim/exts/isaacsim.robot.wheeled_robots.ui)
  [ext: isaacsim.robot_motion.cumotion-1.3.1] registered (path: /isaac-sim/exts/isaacsim.robot_motion.cumotion)
  [ext: isaacsim.robot_motion.cumotion.examples-0.4.1] registered (path: /isaac-sim/exts/isaacsim.robot_motion.cumotion.examples)
  [ext: isaacsim.robot_motion.experimental.motion_generation-6.1.3] registered (path: /isaac-sim/exts/isaacsim.robot_motion.experimental.motion_generation)
  [ext: isaacsim.robot_motion.schema-0.2.1] registered (path: /isaac-sim/exts/isaacsim.robot_motion.schema)
  [ext: isaacsim.robot_setup.assembler-3.3.3] registered (path: /isaac-sim/exts/isaacsim.robot_setup.assembler)
  [ext: isaacsim.robot_setup.collision_detector-0.2.1] registered (path: /isaac-sim/exts/isaacsim.robot_setup.collision_detector)
  [ext: isaacsim.robot_setup.gain_tuner-3.5.3] registered (path: /isaac-sim/exts/isaacsim.robot_setup.gain_tuner)
  [ext: isaacsim.robot_setup.grasp_editor-2.3.3] registered (path: /isaac-sim/exts/isaacsim.robot_setup.grasp_editor)
  [ext: isaacsim.robot_setup.xrdf_editor-3.6.2] registered (path: /isaac-sim/exts/isaacsim.robot_setup.xrdf_editor)
  [ext: isaacsim.ros2.bridge-5.1.2] registered (path: /isaac-sim/exts/isaacsim.ros2.bridge)
  [ext: isaacsim.ros2.core-1.9.4] registered (path: /isaac-sim/exts/isaacsim.ros2.core)
  [ext: isaacsim.ros2.examples-1.2.4] registered (path: /isaac-sim/exts/isaacsim.ros2.examples)
  [ext: isaacsim.ros2.nodes-1.18.13] registered (path: /isaac-sim/exts/isaacsim.ros2.nodes)
  [ext: isaacsim.ros2.sim_control-1.6.6] registered (path: /isaac-sim/exts/isaacsim.ros2.sim_control)
  [ext: isaacsim.ros2.tf_viewer-2.3.3] registered (path: /isaac-sim/exts/isaacsim.ros2.tf_viewer)
  [ext: isaacsim.ros2.ui-1.6.5] registered (path: /isaac-sim/exts/isaacsim.ros2.ui)
  [ext: isaacsim.ros2.urdf-2.3.7] registered (path: /isaac-sim/exts/isaacsim.ros2.urdf)
  [ext: isaacsim.sensors.camera.ui-0.7.2] registered (path: /isaac-sim/exts/isaacsim.sensors.camera.ui)
  [ext: isaacsim.sensors.experimental.physics-3.0.2] registered (path: /isaac-sim/exts/isaacsim.sensors.experimental.physics)
  [ext: isaacsim.sensors.experimental.rtx-1.4.6] registered (path: /isaac-sim/exts/isaacsim.sensors.experimental.rtx)
  [ext: isaacsim.sensors.physics.examples-1.2.4] registered (path: /isaac-sim/exts/isaacsim.sensors.physics.examples)
  [ext: isaacsim.sensors.physics.nodes-1.5.3] registered (path: /isaac-sim/exts/isaacsim.sensors.physics.nodes)
  [ext: isaacsim.sensors.physics.ui-1.2.2] registered (path: /isaac-sim/exts/isaacsim.sensors.physics.ui)
  [ext: isaacsim.sensors.rtx.nodes-0.1.2] registered (path: /isaac-sim/exts/isaacsim.sensors.rtx.nodes)
  [ext: isaacsim.sensors.rtx.ui-1.5.1] registered (path: /isaac-sim/exts/isaacsim.sensors.rtx.ui)
  [ext: isaacsim.simulation_app-2.18.4] registered (path: /isaac-sim/exts/isaacsim.simulation_app)
  [ext: isaacsim.storage.native-1.9.3] registered (path: /isaac-sim/exts/isaacsim.storage.native)
  [ext: isaacsim.streaming.rtsp-0.1.4] registered (path: /isaac-sim/exts/isaacsim.streaming.rtsp)
  [ext: isaacsim.test.collection-2.6.8] registered (path: /isaac-sim/exts/isaacsim.test.collection)
  [ext: isaacsim.test.docstring-1.3.2] registered (path: /isaac-sim/exts/isaacsim.test.docstring)
  [ext: isaacsim.test.utils-0.14.7] registered (path: /isaac-sim/exts/isaacsim.test.utils)
  [ext: isaacsim.ucx.bridge-1.2.2] registered (path: /isaac-sim/exts/isaacsim.ucx.bridge)
  [ext: isaacsim.ucx.core-1.4.4] registered (path: /isaac-sim/exts/isaacsim.ucx.core)
  [ext: isaacsim.ucx.nodes-1.6.7] registered (path: /isaac-sim/exts/isaacsim.ucx.nodes)
  [ext: isaacsim.util.camera_inspector-1.2.2] registered (path: /isaac-sim/exts/isaacsim.util.camera_inspector)
  [ext: isaacsim.util.physics-1.2.2] registered (path: /isaac-sim/exts/isaacsim.util.physics)
  [ext: omni.isaac.core_archive-5.3.1] registered (path: /isaac-sim/exts/omni.isaac.core_archive)
  [ext: omni.kit.loop-isaac-1.6.0] registered (path: /isaac-sim/exts/omni.kit.loop-isaac)
  [ext: omni.pip.cloud-1.5.4] registered (path: /isaac-sim/exts/omni.pip.cloud)
  [ext: omni.pip.compute-1.9.2] registered (path: /isaac-sim/exts/omni.pip.compute)
  [ext: omni.usd.schema.mujoco-1.1.1] registered (path: /isaac-sim/exts/omni.usd.schema.mujoco)
  [ext: omni.usd.schema.newton-1.2.1] registered (path: /isaac-sim/exts/omni.usd.schema.newton)
  [ext: isaaclab-6.1.14] registered (path: /workspace/isaaclab/source/isaaclab)
  [ext: isaaclab_assets-0.3.4] registered (path: /workspace/isaaclab/source/isaaclab_assets)
  [ext: isaaclab_contrib-0.4.4] registered (path: /workspace/isaaclab/source/isaaclab_contrib)
  [ext: isaaclab_experimental-0.0.7] registered (path: /workspace/isaaclab/source/isaaclab_experimental)
  [ext: isaaclab_mimic-1.3.3] registered (path: /workspace/isaaclab/source/isaaclab_mimic)
  [ext: isaaclab_newton-0.13.6] registered (path: /workspace/isaaclab/source/isaaclab_newton)
  [ext: isaaclab_ov-0.4.2] registered (path: /workspace/isaaclab/source/isaaclab_ov)
  [ext: isaaclab_ovphysx-3.0.2] registered (path: /workspace/isaaclab/source/isaaclab_ovphysx)
  [ext: isaaclab_physx-1.1.3] registered (path: /workspace/isaaclab/source/isaaclab_physx)
  [ext: isaaclab_ppisp-0.2.0] registered (path: /workspace/isaaclab/source/isaaclab_ppisp)
  [ext: isaaclab_rl-0.5.5] registered (path: /workspace/isaaclab/source/isaaclab_rl)
  [ext: isaaclab_tasks-1.10.9] registered (path: /workspace/isaaclab/source/isaaclab_tasks)
  [ext: isaaclab_tasks_experimental-0.0.1] registered (path: /workspace/isaaclab/source/isaaclab_tasks_experimental)
  [ext: isaaclab_teleop-0.5.2] registered (path: /workspace/isaaclab/source/isaaclab_teleop)
  [ext: isaaclab.python.headless.rendering-3.0.0] registered (path: /workspace/isaaclab/apps/isaaclab.python.headless.rendering.kit)
  [ext: isaaclab.python-3.0.0] registered (path: /workspace/isaaclab/apps/isaaclab.python.kit)
  [ext: isaaclab.python.rendering-3.0.0] registered (path: /workspace/isaaclab/apps/isaaclab.python.rendering.kit)
  [ext: isaaclab.python.xr.openxr.headless-3.0.0] registered (path: /workspace/isaaclab/apps/isaaclab.python.xr.openxr.headless.kit)
  [ext: isaaclab.python.xr.openxr-3.0.0] registered (path: /workspace/isaaclab/apps/isaaclab.python.xr.openxr.kit)
  [ext: rendering_modes-0.0.0] registered (path: /workspace/isaaclab/apps/rendering_modes)
  [ext: carb.audio-0.1.0] registered (path: /isaac-sim/extscache/carb.audio-0.1.0+f9bf0dda.la64.r.cp312)
  [ext: carb.windowing.plugins-1.0.1] registered (path: /isaac-sim/extscache/carb.windowing.plugins-1.0.1+f9bf0dda.la64.r)
  [ext: isaacsim.action_and_event_data_generation.setup-0.6.0] registered (path: /isaac-sim/extscache/isaacsim.action_and_event_data_generation.setup-0.6.0)
  [ext: isaacsim.anim.robot.bt_nodes-0.1.1] registered (path: /isaac-sim/extscache/isaacsim.anim.robot.bt_nodes-0.1.1+110.1.2)
  [ext: isaacsim.anim.robot.core-1.4.2] registered (path: /isaac-sim/extscache/isaacsim.anim.robot.core-1.4.2+110.1.2.la64)
  [ext: isaacsim.anim.robot.schema-0.1.1] registered (path: /isaac-sim/extscache/isaacsim.anim.robot.schema-0.1.1+110.1.2)
  [ext: isaacsim.app.compatibility_check-1.1.4] registered (path: /isaac-sim/extscache/isaacsim.app.compatibility_check-1.1.4+110.1.2.la64.r.cp312)
  [ext: isaacsim.replicator.agent.core-1.6.8] registered (path: /isaac-sim/extscache/isaacsim.replicator.agent.core-1.6.8+110.1.2)
  [ext: isaacsim.replicator.agent.schema-0.1.1] registered (path: /isaac-sim/extscache/isaacsim.replicator.agent.schema-0.1.1+110.1.2)
  [ext: isaacsim.replicator.agent.ui-1.0.36] registered (path: /isaac-sim/extscache/isaacsim.replicator.agent.ui-1.0.36+110.1.2)
  [ext: isaacsim.replicator.caption.core-0.7.10] registered (path: /isaac-sim/extscache/isaacsim.replicator.caption.core-0.7.10+110.1.2.la64)
  [ext: isaacsim.replicator.incident.core-0.11.8] registered (path: /isaac-sim/extscache/isaacsim.replicator.incident.core-0.11.8+110.1.2.la64)
  [ext: isaacsim.replicator.incident.ui-0.6.4] registered (path: /isaac-sim/extscache/isaacsim.replicator.incident.ui-0.6.4+110.1.2.la64)
  [ext: isaacsim.replicator.object.core-0.11.12] registered (path: /isaac-sim/extscache/isaacsim.replicator.object.core-0.11.12+110.1.2.la64)
  [ext: isaacsim.replicator.object.ui-0.11.5] registered (path: /isaac-sim/extscache/isaacsim.replicator.object.ui-0.11.5+110.1.2.la64)
  [ext: isaacsim.sensors.rtx.calibration-0.3.10] registered (path: /isaac-sim/extscache/isaacsim.sensors.rtx.calibration-0.3.10+110.1.2)
  [ext: isaacsim.sensors.rtx.placement-0.16.10] registered (path: /isaac-sim/extscache/isaacsim.sensors.rtx.placement-0.16.10+110.1.2)
  [ext: isaacsim.util.debug_draw-3.2.3] registered (path: /isaac-sim/extscache/isaacsim.util.debug_draw-3.2.3+110.1.2.la64.r.cp312)
  [ext: omni.activity.core-1.0.3] registered (path: /isaac-sim/extscache/omni.activity.core-1.0.3+f9bf0dda.la64.r.cp312)
  [ext: omni.activity.profiler-1.0.4] registered (path: /isaac-sim/extscache/omni.activity.profiler-1.0.4+f9bf0dda.la64.r.cp312)
  [ext: omni.activity.pump-1.0.1] registered (path: /isaac-sim/extscache/omni.activity.pump-1.0.1+f9bf0dda.la64.r.cp312)
  [ext: omni.activity.ui-1.3.0] registered (path: /isaac-sim/extscache/omni.activity.ui-1.3.0+f9bf0dda.la64.r.cp312)
  [ext: omni.activity.usd_resolver-1.0.4] registered (path: /isaac-sim/extscache/omni.activity.usd_resolver-1.0.4+f9bf0dda.la64.r.cp312)
  [ext: omni.ai.behavior_tree_gen.bridge-1.0.4] registered (path: /isaac-sim/extscache/omni.ai.behavior_tree_gen.bridge-1.0.4+110.1.2.la64.cp312)
  [ext: omni.ai.behavior_tree_gen.core-1.0.2] registered (path: /isaac-sim/extscache/omni.ai.behavior_tree_gen.core-1.0.2+110.1.2.la64.cp312)
  [ext: omni.ai.langchain.agent.chat_iro-2.2.11] registered (path: /isaac-sim/extscache/omni.ai.langchain.agent.chat_iro-2.2.11+la64)
  [ext: omni.ai.langchain.core-2.3.1] registered (path: /isaac-sim/extscache/omni.ai.langchain.core-2.3.1+109.0.0.la64.cp312)
  [ext: omni.ai.langchain.widget.core-3.0.0] registered (path: /isaac-sim/extscache/omni.ai.langchain.widget.core-3.0.0+109.1.0.cp312)
  [ext: omni.anim.asset-110.1.0] registered (path: /isaac-sim/extscache/omni.anim.asset-110.1.0+110.1.1.la64.r.cp312.u7f4)
  [ext: omni.anim.behavior.bundle-110.1.0] registered (path: /isaac-sim/extscache/omni.anim.behavior.bundle-110.1.0+110.1.1)
  [ext: omni.anim.behavior.core-110.1.4] registered (path: /isaac-sim/extscache/omni.anim.behavior.core-110.1.4+110.1.1.la64.r.cp312.u7f4)
  [ext: omni.anim.behavior.schema-110.1.0] registered (path: /isaac-sim/extscache/omni.anim.behavior.schema-110.1.0+110.1.1.la64.r.cp312.u7f4)
  [ext: omni.anim.behavior.tree-110.1.3] registered (path: /isaac-sim/extscache/omni.anim.behavior.tree-110.1.3+la64.r.cp312)
  [ext: omni.anim.behavior.ui-110.1.4] registered (path: /isaac-sim/extscache/omni.anim.behavior.ui-110.1.4+110.1.1)
  [ext: omni.anim.curve.bundle-1.4.0] registered (path: /isaac-sim/extscache/omni.anim.curve.bundle-1.4.0+110.0.0.u7f4)
  [ext: omni.anim.curve.core-1.6.0] registered (path: /isaac-sim/extscache/omni.anim.curve.core-1.6.0+110.0.0.la64.r.cp312.u7f4)
  [ext: omni.anim.curve.ui-1.7.0] registered (path: /isaac-sim/extscache/omni.anim.curve.ui-1.7.0+110.0.0.u7f4)
  [ext: omni.anim.curve_editor-110.0.0] registered (path: /isaac-sim/extscache/omni.anim.curve_editor-110.0.0+110.0.0.u7f4)
  [ext: omni.anim.graph.bundle-110.1.1] registered (path: /isaac-sim/extscache/omni.anim.graph.bundle-110.1.1+110.1.1)
  [ext: omni.anim.graph.core-110.1.2] registered (path: /isaac-sim/extscache/omni.anim.graph.core-110.1.2+110.1.1.la64.r.cp312.u7f4)
  [ext: omni.anim.graph.schema-110.1.1] registered (path: /isaac-sim/extscache/omni.anim.graph.schema-110.1.1+110.1.1.la64.r.cp312.u7f4)
  [ext: omni.anim.graph.ui-110.1.2] registered (path: /isaac-sim/extscache/omni.anim.graph.ui-110.1.2+110.1.1)
  [ext: omni.anim.navigation.bundle-110.1.0] registered (path: /isaac-sim/extscache/omni.anim.navigation.bundle-110.1.0+110.1.1)
  [ext: omni.anim.navigation.core-110.1.4] registered (path: /isaac-sim/extscache/omni.anim.navigation.core-110.1.4+110.1.1.la64.r.cp312.u7f4)
  [ext: omni.anim.navigation.schema-110.1.0] registered (path: /isaac-sim/extscache/omni.anim.navigation.schema-110.1.0+110.1.1.la64.r.cp312.u7f4)
  [ext: omni.anim.navigation.ui-110.1.1] registered (path: /isaac-sim/extscache/omni.anim.navigation.ui-110.1.1+110.1.1)
  [ext: omni.anim.retarget.bundle-110.1.0] registered (path: /isaac-sim/extscache/omni.anim.retarget.bundle-110.1.0+110.1.1)
  [ext: omni.anim.retarget.core-110.1.0] registered (path: /isaac-sim/extscache/omni.anim.retarget.core-110.1.0+110.1.1.la64.r.cp312.u7f4)
  [ext: omni.anim.retarget.preview-110.1.0] registered (path: /isaac-sim/extscache/omni.anim.retarget.preview-110.1.0+110.1.1)
  [ext: omni.anim.retarget.ui-110.1.0] registered (path: /isaac-sim/extscache/omni.anim.retarget.ui-110.1.0+110.1.1)
  [ext: omni.anim.shared.core-110.0.0] registered (path: /isaac-sim/extscache/omni.anim.shared.core-110.0.0+110.0.0.la64.r.cp312.u7f4)
  [ext: omni.anim.skelJoint-110.1.0] registered (path: /isaac-sim/extscache/omni.anim.skelJoint-110.1.0+110.1.1.la64.r.cp312.u7f4)
  [ext: omni.anim.timeline-110.0.0] registered (path: /isaac-sim/extscache/omni.anim.timeline-110.0.0+110.0.0.la64.r.cp312.u7f4)
  [ext: omni.anim.widget.timeline-0.4.0] registered (path: /isaac-sim/extscache/omni.anim.widget.timeline-0.4.0+110.0.0.u7f4)
  [ext: omni.anim.window.timeline-110.0.1] registered (path: /isaac-sim/extscache/omni.anim.window.timeline-110.0.1+110.0.0.u7f4)
  [ext: omni.appwindow-1.2.2] registered (path: /isaac-sim/extscache/omni.appwindow-1.2.2+f9bf0dda.la64.r.cp312)
  [ext: omni.asset_validator.core-1.19.3] registered (path: /isaac-sim/extscache/omni.asset_validator.core-1.19.3)
  [ext: omni.asset_validator.ui-1.19.3] registered (path: /isaac-sim/extscache/omni.asset_validator.ui-1.19.3)
  [ext: omni.assets.plugins-0.0.0] registered (path: /isaac-sim/extscache/omni.assets.plugins-0.0.0+f9bf0dda.la64.r)
  [ext: omni.behavior.scripting.bundle-110.1.0] registered (path: /isaac-sim/extscache/omni.behavior.scripting.bundle-110.1.0+110.1.1)
  [ext: omni.behavior.scripting.core-110.1.0] registered (path: /isaac-sim/extscache/omni.behavior.scripting.core-110.1.0+110.1.1)
  [ext: omni.behavior.scripting.ui-110.1.0] registered (path: /isaac-sim/extscache/omni.behavior.scripting.ui-110.1.0+110.1.1)
  [ext: omni.behavior.tree.bundle-110.1.0] registered (path: /isaac-sim/extscache/omni.behavior.tree.bundle-110.1.0+110.1.1.u7f4)
  [ext: omni.behavior.tree.core-110.1.9] registered (path: /isaac-sim/extscache/omni.behavior.tree.core-110.1.9+110.1.1.la64.r.cp312.u7f4)
  [ext: omni.behavior.tree.schema-110.1.0] registered (path: /isaac-sim/extscache/omni.behavior.tree.schema-110.1.0+110.1.1.u7f4)
  [ext: omni.behavior.tree.ui-110.1.12] registered (path: /isaac-sim/extscache/omni.behavior.tree.ui-110.1.12+110.1.1)
  [ext: omni.blobkey-1.1.2] registered (path: /isaac-sim/extscache/omni.blobkey-1.1.2+f9bf0dda.la64.r)
  [ext: omni.client-1.3.0] registered (path: /isaac-sim/extscache/omni.client-1.3.0+f9bf0dda.la64.r)
  [ext: omni.convexdecomposition-110.1.13] registered (path: /isaac-sim/extscache/omni.convexdecomposition-110.1.13+110.1.2.la64.r.cp312.u7f4)
  [ext: omni.cubric-0.1.0] registered (path: /isaac-sim/extscache/omni.cubric-0.1.0+f9bf0dda.la64.r)
  [ext: omni.cuopt.examples-1.4.2] registered (path: /isaac-sim/extscache/omni.cuopt.examples-1.4.2+110.1.2)
  [ext: omni.cuopt.service-1.3.3] registered (path: /isaac-sim/extscache/omni.cuopt.service-1.3.3+110.1.2)
  [ext: omni.cuopt.visualization-1.4.2] registered (path: /isaac-sim/extscache/omni.cuopt.visualization-1.4.2+110.1.2)
  [ext: omni.curve.creator-110.0.0] registered (path: /isaac-sim/extscache/omni.curve.creator-110.0.0+110.0.0.la64.r.cp312.u7f4)
  [ext: omni.curve.manipulator-110.0.0] registered (path: /isaac-sim/extscache/omni.curve.manipulator-110.0.0+110.0.0.la64.r.cp312.u7f4)
  [ext: omni.datastore-0.0.0] registered (path: /isaac-sim/extscache/omni.datastore-0.0.0+f9bf0dda.la64.r)
  [ext: omni.debugdraw-0.1.4] registered (path: /isaac-sim/extscache/omni.debugdraw-0.1.4+f9bf0dda.la64.r.cp312)
  [ext: omni.fabric.commands-2.0.0] registered (path: /isaac-sim/extscache/omni.fabric.commands-2.0.0+f9bf0dda.la64.r.cp312)
  [ext: omni.flowusd-110.0.3] registered (path: /isaac-sim/extscache/omni.flowusd-110.0.3+110.0.0.la64.r.cp312.u7f4)
  [ext: omni.genproc.core-110.0.0] registered (path: /isaac-sim/extscache/omni.genproc.core-110.0.0+110.0.0.la64.r.cp312.u7f4)
  [ext: omni.gpu_foundation-0.0.0] registered (path: /isaac-sim/extscache/omni.gpu_foundation-0.0.0+f9bf0dda.la64.r.cp312)
  [ext: omni.gpu_foundation.shadercache.vulkan-1.0.0] registered (path: /isaac-sim/extscache/omni.gpu_foundation.shadercache.vulkan-1.0.0+f9bf0dda.la64.r)
  [ext: omni.gpucompute.plugins-0.0.0] registered (path: /isaac-sim/extscache/omni.gpucompute.plugins-0.0.0+f9bf0dda.la64.r)
  [ext: omni.graph-1.142.5] registered (path: /isaac-sim/extscache/omni.graph-1.142.5+f9bf0dda.la64.r.cp312)
  [ext: omni.graph.action-2.10.2] registered (path: /isaac-sim/extscache/omni.graph.action-2.10.2+110.0.0)
  [ext: omni.graph.action_core-1.1.9] registered (path: /isaac-sim/extscache/omni.graph.action_core-1.1.9+f9bf0dda.la64.r.cp312)
  [ext: omni.graph.action_nodes-2.11.0] registered (path: /isaac-sim/extscache/omni.graph.action_nodes-2.11.0+110.0.0.la64.r.cp312.u7f4)
  [ext: omni.graph.action_nodes_core-2.11.0] registered (path: /isaac-sim/extscache/omni.graph.action_nodes_core-2.11.0+110.0.0.la64.r.cp312.u7f4)
  [ext: omni.graph.bundle.action-3.10.2] registered (path: /isaac-sim/extscache/omni.graph.bundle.action-3.10.2+110.0.0)
  [ext: omni.graph.core-3.1.2] registered (path: /isaac-sim/extscache/omni.graph.core-3.1.2+f9bf0dda.la64.r)
  [ext: omni.graph.examples.cpp-2.11.0] registered (path: /isaac-sim/extscache/omni.graph.examples.cpp-2.11.0+110.0.0.la64.r.cp312.u7f4)
  [ext: omni.graph.exec-0.9.6] registered (path: /isaac-sim/extscache/omni.graph.exec-0.9.6+f9bf0dda.la64.r)
  [ext: omni.graph.image.core-0.6.1] registered (path: /isaac-sim/extscache/omni.graph.image.core-0.6.1+f9bf0dda.la64.r)
  [ext: omni.graph.image.nodes-1.3.1] registered (path: /isaac-sim/extscache/omni.graph.image.nodes-1.3.1+f9bf0dda.la64.r)
  [ext: omni.graph.nodes-2.12.0] registered (path: /isaac-sim/extscache/omni.graph.nodes-2.12.0+110.0.0.la64.r.cp312.u7f4)
  [ext: omni.graph.nodes_core-2.11.0] registered (path: /isaac-sim/extscache/omni.graph.nodes_core-2.11.0+110.0.0.la64.r.cp312.u7f4)
  [ext: omni.graph.scriptnode-2.10.2] registered (path: /isaac-sim/extscache/omni.graph.scriptnode-2.10.2+110.0.0)
  [ext: omni.graph.telemetry-3.11.1] registered (path: /isaac-sim/extscache/omni.graph.telemetry-3.11.1+110.0.0.la64.r.cp312.u7f4)
  [ext: omni.graph.tools-1.81.0] registered (path: /isaac-sim/extscache/omni.graph.tools-1.81.0+f9bf0dda)
  [ext: omni.graph.ui-2.10.3] registered (path: /isaac-sim/extscache/omni.graph.ui-2.10.3+110.0.0.la64.r.cp312)
  [ext: omni.graph.ui_nodes-2.11.1] registered (path: /isaac-sim/extscache/omni.graph.ui_nodes-2.11.1+110.0.0.la64.r.cp312.u7f4)
  [ext: omni.graph.visualization.nodes-2.1.4] registered (path: /isaac-sim/extscache/omni.graph.visualization.nodes-2.1.4)
  [ext: omni.graph.window.action-2.10.2] registered (path: /isaac-sim/extscache/omni.graph.window.action-2.10.2+110.0.0)
  [ext: omni.graph.window.core-3.10.4] registered (path: /isaac-sim/extscache/omni.graph.window.core-3.10.4+110.0.0)
  [ext: omni.graph.window.generic-2.10.2] registered (path: /isaac-sim/extscache/omni.graph.window.generic-2.10.2+110.0.0)
  [ext: omni.grpc.lib-1.0.0] registered (path: /isaac-sim/extscache/omni.grpc.lib-1.0.0+f9bf0dda.la64.r)
  [ext: omni.hsscclient-1.1.4] registered (path: /isaac-sim/extscache/omni.hsscclient-1.1.4+f9bf0dda.la64.r.cp312)
  [ext: omni.hydra.engine.stats-1.0.5] registered (path: /isaac-sim/extscache/omni.hydra.engine.stats-1.0.5+f9bf0dda.la64.r.cp312)
  [ext: omni.hydra.rtx-1.0.4] registered (path: /isaac-sim/extscache/omni.hydra.rtx-1.0.4+f9bf0dda.la64.r)
  [ext: omni.hydra.rtx.shadercache.vulkan-1.0.0] registered (path: /isaac-sim/extscache/omni.hydra.rtx.shadercache.vulkan-1.0.0+f9bf0dda.la64.r)
  [ext: omni.hydra.scene_api-0.1.3] registered (path: /isaac-sim/extscache/omni.hydra.scene_api-0.1.3+f9bf0dda.la64.r.cp312)
  [ext: omni.hydra.scene_delegate-0.3.5] registered (path: /isaac-sim/extscache/omni.hydra.scene_delegate-0.3.5+f9bf0dda.la64.r)
  [ext: omni.hydra.usdrt_delegate-7.5.2] registered (path: /isaac-sim/extscache/omni.hydra.usdrt_delegate-7.5.2+f9bf0dda.la64.r.cp312)
  [ext: omni.importer.onshape-2.0.3] registered (path: /isaac-sim/extscache/omni.importer.onshape-2.0.3+109.0.0)
  [ext: omni.index-1.0.1] registered (path: /isaac-sim/extscache/omni.index-1.0.1+f9bf0dda.la64.r)
  [ext: omni.index.libs-387500.4413.0] registered (path: /isaac-sim/extscache/omni.index.libs-387500.4413.0+f9bf0dda.la64.r)
  [ext: omni.inspect-1.0.2] registered (path: /isaac-sim/extscache/omni.inspect-1.0.2+f9bf0dda.la64.r.cp312)
  [ext: omni.iray.libs-0.0.1] registered (path: /isaac-sim/extscache/omni.iray.libs-0.0.1+f9bf0dda.la64.r)
  [ext: omni.kit.actions.core-1.0.0] registered (path: /isaac-sim/extscache/omni.kit.actions.core-1.0.0+f9bf0dda.la64.r.cp312)
  [ext: omni.kit.actions.window-1.1.3] registered (path: /isaac-sim/extscache/omni.kit.actions.window-1.1.3+f9bf0dda)
  [ext: omni.kit.asset_converter-6.0.1] registered (path: /isaac-sim/extscache/omni.kit.asset_converter-6.0.1+110.1.1.la64.r.cp312.u7f4)
  [ext: omni.kit.audiodeviceenum-1.0.2] registered (path: /isaac-sim/extscache/omni.kit.audiodeviceenum-1.0.2+f9bf0dda.la64.r.cp312)
  [ext: omni.kit.browser.asset-1.3.16] registered (path: /isaac-sim/extscache/omni.kit.browser.asset-1.3.16)
  [ext: omni.kit.browser.core-2.3.18] registered (path: /isaac-sim/extscache/omni.kit.browser.core-2.3.18)
  [ext: omni.kit.browser.folder.core-2.0.2] registered (path: /isaac-sim/extscache/omni.kit.browser.folder.core-2.0.2)
  [ext: omni.kit.browser.material-1.6.5] registered (path: /isaac-sim/extscache/omni.kit.browser.material-1.6.5)
  [ext: omni.kit.browser.sample-1.4.9] registered (path: /isaac-sim/extscache/omni.kit.browser.sample-1.4.9)
  [ext: omni.kit.capture.viewport-2.10.0] registered (path: /isaac-sim/extscache/omni.kit.capture.viewport-2.10.0+f9bf0dda)
  [ext: omni.kit.clipboard-1.1.1] registered (path: /isaac-sim/extscache/omni.kit.clipboard-1.1.1+f9bf0dda.la64.r.cp312)
  [ext: omni.kit.collaboration.channel_manager-1.1.1] registered (path: /isaac-sim/extscache/omni.kit.collaboration.channel_manager-1.1.1+f9bf0dda)
  [ext: omni.kit.collaboration.presence_layer-1.2.1] registered (path: /isaac-sim/extscache/omni.kit.collaboration.presence_layer-1.2.1+f9bf0dda)
  [ext: omni.kit.collaboration.telemetry-1.1.0] registered (path: /isaac-sim/extscache/omni.kit.collaboration.telemetry-1.1.0+f9bf0dda.la64.r.cp312)
  [ext: omni.kit.commands-1.5.0] registered (path: /isaac-sim/extscache/omni.kit.commands-1.5.0+f9bf0dda.la64.r.cp312)
  [ext: omni.kit.context_menu-1.9.0] registered (path: /isaac-sim/extscache/omni.kit.context_menu-1.9.0+f9bf0dda)
  [ext: omni.kit.converter.cad-209.4.0] registered (path: /isaac-sim/extscache/omni.kit.converter.cad-209.4.0+110.1.2.la64.r.cp312.u7f4)
  [ext: omni.kit.converter.common-510.1.3] registered (path: /isaac-sim/extscache/omni.kit.converter.common-510.1.3+110.1.2.la64.r.cp312.u7f4)
  [ext: omni.kit.converter.dgn-510.1.5] registered (path: /isaac-sim/extscache/omni.kit.converter.dgn-510.1.5+110.1.2.la64.r.cp312.u7f4)
  [ext: omni.kit.converter.dgn_core-512.3.3] registered (path: /isaac-sim/extscache/omni.kit.converter.dgn_core-512.3.3+110.1.2.la64.r.cp312.u7f4)
  [ext: omni.kit.converter.gsplat-0.1.14] registered (path: /isaac-sim/extscache/omni.kit.converter.gsplat-0.1.14+110.1.0.la64.r.cp312.u7f4)
  [ext: omni.kit.converter.hoops-510.3.0] registered (path: /isaac-sim/extscache/omni.kit.converter.hoops-510.3.0+110.1.2.la64.r.cp312.u7f4)
  [ext: omni.kit.converter.hoops_core-511.3.2] registered (path: /isaac-sim/extscache/omni.kit.converter.hoops_core-511.3.2+110.1.2.la64.r.cp312.u7f4)
  [ext: omni.kit.converter.jt-509.1.2] registered (path: /isaac-sim/extscache/omni.kit.converter.jt-509.1.2+110.1.2.la64.r.cp312.u7f4)
  [ext: omni.kit.converter.jt_core-510.1.1] registered (path: /isaac-sim/extscache/omni.kit.converter.jt_core-510.1.1+110.1.2.la64.r.cp312.u7f4)
  [ext: omni.kit.core.collection-0.2.4] registered (path: /isaac-sim/extscache/omni.kit.core.collection-0.2.4)
  [ext: omni.kit.data2ui.core-1.1.4] registered (path: /isaac-sim/extscache/omni.kit.data2ui.core-1.1.4+107.0)
  [ext: omni.kit.data2ui.usd-1.1.4] registered (path: /isaac-sim/extscache/omni.kit.data2ui.usd-1.1.4+107.0)
  [ext: omni.kit.debug.python-1.0.1] registered (path: /isaac-sim/extscache/omni.kit.debug.python-1.0.1+f9bf0dda.la64.r.cp312)
  [ext: omni.kit.debug.vscode-0.1.7] registered (path: /isaac-sim/extscache/omni.kit.debug.vscode-0.1.7+f9bf0dda)
  [ext: omni.kit.environment.core-1.4.2] registered (path: /isaac-sim/extscache/omni.kit.environment.core-1.4.2+107.3)
  [ext: omni.kit.exec.core-0.13.5] registered (path: /isaac-sim/extscache/omni.kit.exec.core-0.13.5+f9bf0dda.la64.r.cp312)
  [ext: omni.kit.gfn-108.0.0] registered (path: /isaac-sim/extscache/omni.kit.gfn-108.0.0+110.1.2.la64.r.cp312)
  [ext: omni.kit.graph.delegate.default-1.2.5] registered (path: /isaac-sim/extscache/omni.kit.graph.delegate.default-1.2.5)
  [ext: omni.kit.graph.delegate.modern-1.10.15] registered (path: /isaac-sim/extscache/omni.kit.graph.delegate.modern-1.10.15)
  [ext: omni.kit.graph.editor.core-1.5.8] registered (path: /isaac-sim/extscache/omni.kit.graph.editor.core-1.5.8)
  [ext: omni.kit.graph.usd.commands-1.3.6] registered (path: /isaac-sim/extscache/omni.kit.graph.usd.commands-1.3.6)
  [ext: omni.kit.graph.widget.variables-2.1.1] registered (path: /isaac-sim/extscache/omni.kit.graph.widget.variables-2.1.1)
  [ext: omni.kit.helper.file_utils-0.1.10] registered (path: /isaac-sim/extscache/omni.kit.helper.file_utils-0.1.10+f9bf0dda)
  [ext: omni.kit.hotkeys.core-1.3.12] registered (path: /isaac-sim/extscache/omni.kit.hotkeys.core-1.3.12+f9bf0dda)
  [ext: omni.kit.hotkeys.window-1.4.10] registered (path: /isaac-sim/extscache/omni.kit.hotkeys.window-1.4.10+f9bf0dda)
  [ext: omni.kit.hydra_texture-1.6.0] registered (path: /isaac-sim/extscache/omni.kit.hydra_texture-1.6.0+f9bf0dda.la64.r.cp312)
  [ext: omni.kit.livestream.app-10.1.1] registered (path: /isaac-sim/extscache/omni.kit.livestream.app-10.1.1+110.0.0.la64.r.cp312)
  [ext: omni.kit.livestream.core-10.2.1] registered (path: /isaac-sim/extscache/omni.kit.livestream.core-10.2.1+110.0.0.la64.r.cp312)
  [ext: omni.kit.livestream.messaging-1.3.0] registered (path: /isaac-sim/extscache/omni.kit.livestream.messaging-1.3.0+109.0.0)
  [ext: omni.kit.livestream.rtsp-10.2.3] registered (path: /isaac-sim/extscache/omni.kit.livestream.rtsp-10.2.3+110.0.0.la64.r.cp312)
  [ext: omni.kit.livestream.webrtc-10.3.2] registered (path: /isaac-sim/extscache/omni.kit.livestream.webrtc-10.3.2+110.0.0.la64.r.cp312)
  [ext: omni.kit.mainwindow-1.0.3] registered (path: /isaac-sim/extscache/omni.kit.mainwindow-1.0.3+f9bf0dda)
  [ext: omni.kit.manipulator.camera-110.0.0] registered (path: /isaac-sim/extscache/omni.kit.manipulator.camera-110.0.0+f9bf0dda)
  [ext: omni.kit.manipulator.prim-108.0.0] registered (path: /isaac-sim/extscache/omni.kit.manipulator.prim-108.0.0+f9bf0dda)
  [ext: omni.kit.manipulator.prim.core-108.0.2] registered (path: /isaac-sim/extscache/omni.kit.manipulator.prim.core-108.0.2+f9bf0dda)
  [ext: omni.kit.manipulator.prim.fabric-108.0.1] registered (path: /isaac-sim/extscache/omni.kit.manipulator.prim.fabric-108.0.1+f9bf0dda)
  [ext: omni.kit.manipulator.prim.usd-107.0.3] registered (path: /isaac-sim/extscache/omni.kit.manipulator.prim.usd-107.0.3+f9bf0dda)
  [ext: omni.kit.manipulator.selection-109.0.1] registered (path: /isaac-sim/extscache/omni.kit.manipulator.selection-109.0.1+f9bf0dda)
  [ext: omni.kit.manipulator.selector-1.1.4] registered (path: /isaac-sim/extscache/omni.kit.manipulator.selector-1.1.4+f9bf0dda)
  [ext: omni.kit.manipulator.tool.snap-1.5.14] registered (path: /isaac-sim/extscache/omni.kit.manipulator.tool.snap-1.5.14+f9bf0dda)
  [ext: omni.kit.manipulator.transform-107.0.0] registered (path: /isaac-sim/extscache/omni.kit.manipulator.transform-107.0.0+f9bf0dda)
  [ext: omni.kit.manipulator.viewport-107.0.1] registered (path: /isaac-sim/extscache/omni.kit.manipulator.viewport-107.0.1+f9bf0dda)
  [ext: omni.kit.material.library-3.1.2] registered (path: /isaac-sim/extscache/omni.kit.material.library-3.1.2+f9bf0dda)
  [ext: omni.kit.menu.common-2.0.2] registered (path: /isaac-sim/extscache/omni.kit.menu.common-2.0.2+f9bf0dda)
  [ext: omni.kit.menu.core-1.2.0] registered (path: /isaac-sim/extscache/omni.kit.menu.core-1.2.0+f9bf0dda)
  [ext: omni.kit.menu.create-2.0.2] registered (path: /isaac-sim/extscache/omni.kit.menu.create-2.0.2+f9bf0dda)
  [ext: omni.kit.menu.stage-1.2.7] registered (path: /isaac-sim/extscache/omni.kit.menu.stage-1.2.7)
  [ext: omni.kit.menu.utils-2.2.4] registered (path: /isaac-sim/extscache/omni.kit.menu.utils-2.2.4+f9bf0dda)
  [ext: omni.kit.mesh.raycast-110.0.0] registered (path: /isaac-sim/extscache/omni.kit.mesh.raycast-110.0.0+110.0.0.la64.r.cp312.u7f4)
  [ext: omni.kit.ngsearch-0.3.3] registered (path: /isaac-sim/extscache/omni.kit.ngsearch-0.3.3)
  [ext: omni.kit.notification_manager-1.0.11] registered (path: /isaac-sim/extscache/omni.kit.notification_manager-1.0.11+f9bf0dda)
  [ext: omni.kit.numpy.common-0.1.3] registered (path: /isaac-sim/extscache/omni.kit.numpy.common-0.1.3+f9bf0dda.la64.r.cp312)
  [ext: omni.kit.pip_archive-0.0.0] registered (path: /isaac-sim/extscache/omni.kit.pip_archive-0.0.0+f9bf0dda.la64.cp312)
  [ext: omni.kit.pipapi-0.0.0] registered (path: /isaac-sim/extscache/omni.kit.pipapi-0.0.0+f9bf0dda)
  [ext: omni.kit.playlist.core-1.3.7] registered (path: /isaac-sim/extscache/omni.kit.playlist.core-1.3.7)
  [ext: omni.kit.pointclouds-1.6.14] registered (path: /isaac-sim/extscache/omni.kit.pointclouds-1.6.14+110.0.cp312)
  [ext: omni.kit.preferences.animation-1.5.0] registered (path: /isaac-sim/extscache/omni.kit.preferences.animation-1.5.0+110.0.0.u7f4)
  [ext: omni.kit.prim.icon-1.1.1] registered (path: /isaac-sim/extscache/omni.kit.prim.icon-1.1.1+107.3)
  [ext: omni.kit.primitive.mesh-1.1.0] registered (path: /isaac-sim/extscache/omni.kit.primitive.mesh-1.1.0+f9bf0dda)
  [ext: omni.kit.profiler.tracy-1.2.0] registered (path: /isaac-sim/extscache/omni.kit.profiler.tracy-1.2.0+la64)
  [ext: omni.kit.profiler.window-2.5.0] registered (path: /isaac-sim/extscache/omni.kit.profiler.window-2.5.0+f9bf0dda)
  [ext: omni.kit.property.adapter.core-1.1.1] registered (path: /isaac-sim/extscache/omni.kit.property.adapter.core-1.1.1+f9bf0dda)
  [ext: omni.kit.property.adapter.fabric-1.0.6] registered (path: /isaac-sim/extscache/omni.kit.property.adapter.fabric-1.0.6+f9bf0dda)
  [ext: omni.kit.property.adapter.usd-1.0.5] registered (path: /isaac-sim/extscache/omni.kit.property.adapter.usd-1.0.5+f9bf0dda)
  [ext: omni.kit.property.audio-1.0.16] registered (path: /isaac-sim/extscache/omni.kit.property.audio-1.0.16+f9bf0dda)
  [ext: omni.kit.property.bundle-1.5.1] registered (path: /isaac-sim/extscache/omni.kit.property.bundle-1.5.1+f9bf0dda)
  [ext: omni.kit.property.camera-1.0.14] registered (path: /isaac-sim/extscache/omni.kit.property.camera-1.0.14+f9bf0dda)
  [ext: omni.kit.property.collection-0.2.4] registered (path: /isaac-sim/extscache/omni.kit.property.collection-0.2.4)
  [ext: omni.kit.property.environment-1.2.3] registered (path: /isaac-sim/extscache/omni.kit.property.environment-1.2.3)
  [ext: omni.kit.property.geometry-2.1.2] registered (path: /isaac-sim/extscache/omni.kit.property.geometry-2.1.2+f9bf0dda)
  [ext: omni.kit.property.layer-1.2.6] registered (path: /isaac-sim/extscache/omni.kit.property.layer-1.2.6+f9bf0dda)
  [ext: omni.kit.property.light-1.0.14] registered (path: /isaac-sim/extscache/omni.kit.property.light-1.0.14+f9bf0dda)
  [ext: omni.kit.property.material-1.14.6] registered (path: /isaac-sim/extscache/omni.kit.property.material-1.14.6+f9bf0dda)
  [ext: omni.kit.property.physics-110.1.13] registered (path: /isaac-sim/extscache/omni.kit.property.physics-110.1.13+110.1.2.cp312.u7f4)
  [ext: omni.kit.property.render-1.2.2] registered (path: /isaac-sim/extscache/omni.kit.property.render-1.2.2+f9bf0dda)
  [ext: omni.kit.property.skel-1.1.4] registered (path: /isaac-sim/extscache/omni.kit.property.skel-1.1.4+f9bf0dda)
  [ext: omni.kit.property.transform-1.6.9] registered (path: /isaac-sim/extscache/omni.kit.property.transform-1.6.9+f9bf0dda)
  [ext: omni.kit.property.usd-4.9.4] registered (path: /isaac-sim/extscache/omni.kit.property.usd-4.9.4+f9bf0dda)
  [ext: omni.kit.quicklayout-1.0.12] registered (path: /isaac-sim/extscache/omni.kit.quicklayout-1.0.12+f9bf0dda)
  [ext: omni.kit.raycast.query-1.2.0] registered (path: /isaac-sim/extscache/omni.kit.raycast.query-1.2.0+f9bf0dda.la64.r.cp312)
  [ext: omni.kit.renderer.capture-2.0.1] registered (path: /isaac-sim/extscache/omni.kit.renderer.capture-2.0.1+f9bf0dda.la64.r.cp312)
  [ext: omni.kit.renderer.core-1.2.2] registered (path: /isaac-sim/extscache/omni.kit.renderer.core-1.2.2+f9bf0dda.la64.r.cp312)
  [ext: omni.kit.renderer.imgui-2.0.6] registered (path: /isaac-sim/extscache/omni.kit.renderer.imgui-2.0.6+f9bf0dda.la64.r.cp312)
  [ext: omni.kit.renderer.init-1.0.1] registered (path: /isaac-sim/extscache/omni.kit.renderer.init-1.0.1+f9bf0dda.la64.r)
  [ext: omni.kit.search.files-1.0.4] registered (path: /isaac-sim/extscache/omni.kit.search.files-1.0.4)
  [ext: omni.kit.search.service-0.1.12] registered (path: /isaac-sim/extscache/omni.kit.search.service-0.1.12)
  [ext: omni.kit.search_core-1.0.8] registered (path: /isaac-sim/extscache/omni.kit.search_core-1.0.8+f9bf0dda)
  [ext: omni.kit.selection-0.1.6] registered (path: /isaac-sim/extscache/omni.kit.selection-0.1.6+f9bf0dda)
  [ext: omni.kit.sequencer.core-110.0.0] registered (path: /isaac-sim/extscache/omni.kit.sequencer.core-110.0.0+110.1.1.u7f4)
  [ext: omni.kit.sequencer.usd-110.0.0] registered (path: /isaac-sim/extscache/omni.kit.sequencer.usd-110.0.0+110.1.1.u7f4)
  [ext: omni.kit.stage.copypaste-1.2.4] registered (path: /isaac-sim/extscache/omni.kit.stage.copypaste-1.2.4+f9bf0dda)
  [ext: omni.kit.stage.mdl_converter-1.0.8] registered (path: /isaac-sim/extscache/omni.kit.stage.mdl_converter-1.0.8+f9bf0dda)
  [ext: omni.kit.stage_column.payload-2.0.5] registered (path: /isaac-sim/extscache/omni.kit.stage_column.payload-2.0.5+110.1.1)
  [ext: omni.kit.stage_column.variant-1.0.20] registered (path: /isaac-sim/extscache/omni.kit.stage_column.variant-1.0.20+110.1.1)
  [ext: omni.kit.stage_template.core-1.1.22] registered (path: /isaac-sim/extscache/omni.kit.stage_template.core-1.1.22+f9bf0dda)
  [ext: omni.kit.stage_templates-2.0.2] registered (path: /isaac-sim/extscache/omni.kit.stage_templates-2.0.2+f9bf0dda)
  [ext: omni.kit.stagerecorder.bundle-110.0.2] registered (path: /isaac-sim/extscache/omni.kit.stagerecorder.bundle-110.0.2+110.0.0)
  [ext: omni.kit.stagerecorder.core-110.0.14] registered (path: /isaac-sim/extscache/omni.kit.stagerecorder.core-110.0.14+110.0.0.la64.r.cp312.u7f4)
  [ext: omni.kit.stagerecorder.ui-110.0.2] registered (path: /isaac-sim/extscache/omni.kit.stagerecorder.ui-110.0.2+110.0.0)
  [ext: omni.kit.telemetry-0.5.2] registered (path: /isaac-sim/extscache/omni.kit.telemetry-0.5.2+f9bf0dda.la64.r.cp312)
  [ext: omni.kit.test-2.0.7] registered (path: /isaac-sim/extscache/omni.kit.test-2.0.7+f9bf0dda.la64.r.cp312)
  [ext: omni.kit.test_suite.helpers-1.1.3] registered (path: /isaac-sim/extscache/omni.kit.test_suite.helpers-1.1.3+f9bf0dda)
  [ext: omni.kit.thumbnails.mdl-1.0.28] registered (path: /isaac-sim/extscache/omni.kit.thumbnails.mdl-1.0.28+110.1.1)
  [ext: omni.kit.thumbnails.usd-1.0.12] registered (path: /isaac-sim/extscache/omni.kit.thumbnails.usd-1.0.12)
  [ext: omni.kit.timeline.minibar-1.2.13] registered (path: /isaac-sim/extscache/omni.kit.timeline.minibar-1.2.13)
  [ext: omni.kit.tool.asset_exporter-5.0.1] registered (path: /isaac-sim/extscache/omni.kit.tool.asset_exporter-5.0.1+110.1.1)
  [ext: omni.kit.tool.asset_importer-6.0.1] registered (path: /isaac-sim/extscache/omni.kit.tool.asset_importer-6.0.1+110.1.1)
  [ext: omni.kit.tool.collect-2.2.19] registered (path: /isaac-sim/extscache/omni.kit.tool.collect-2.2.19+f9bf0dda)
  [ext: omni.kit.tool.measure-200.0.12] registered (path: /isaac-sim/extscache/omni.kit.tool.measure-200.0.12+109.0)
  [ext: omni.kit.tool.remove_unused.controller-0.2.0] registered (path: /isaac-sim/extscache/omni.kit.tool.remove_unused.controller-0.2.0)
  [ext: omni.kit.tool.remove_unused.core-0.1.4] registered (path: /isaac-sim/extscache/omni.kit.tool.remove_unused.core-0.1.4)
  [ext: omni.kit.ui.actions-1.0.5] registered (path: /isaac-sim/extscache/omni.kit.ui.actions-1.0.5+f9bf0dda)
  [ext: omni.kit.ui_test-1.4.4] registered (path: /isaac-sim/extscache/omni.kit.ui_test-1.4.4+f9bf0dda)
  [ext: omni.kit.uiapp-0.0.0] registered (path: /isaac-sim/extscache/omni.kit.uiapp-0.0.0+f9bf0dda)
  [ext: omni.kit.usd.collect-3.0.6] registered (path: /isaac-sim/extscache/omni.kit.usd.collect-3.0.6+f9bf0dda)
  [ext: omni.kit.usd.layers-2.6.1] registered (path: /isaac-sim/extscache/omni.kit.usd.layers-2.6.1+f9bf0dda.la64.r.cp312)
  [ext: omni.kit.usd.mdl-1.1.9] registered (path: /isaac-sim/extscache/omni.kit.usd.mdl-1.1.9+f9bf0dda.la64.r.cp312)
  [ext: omni.kit.usd_undo-0.1.8] registered (path: /isaac-sim/extscache/omni.kit.usd_undo-0.1.8+f9bf0dda)
  [ext: omni.kit.usda_edit-1.1.19] registered (path: /isaac-sim/extscache/omni.kit.usda_edit-1.1.19+f9bf0dda)
  [ext: omni.kit.usdz_export-1.1.0] registered (path: /isaac-sim/extscache/omni.kit.usdz_export-1.1.0+f9bf0dda)
  [ext: omni.kit.variant.editor-107.5.8] registered (path: /isaac-sim/extscache/omni.kit.variant.editor-107.5.8+110.0)
  [ext: omni.kit.variant.presenter-107.1.6] registered (path: /isaac-sim/extscache/omni.kit.variant.presenter-107.1.6+107.3)
  [ext: omni.kit.viewport.actions-110.0.0] registered (path: /isaac-sim/extscache/omni.kit.viewport.actions-110.0.0+f9bf0dda)
  [ext: omni.kit.viewport.bundle-107.0.0] registered (path: /isaac-sim/extscache/omni.kit.viewport.bundle-107.0.0+f9bf0dda)
  [ext: omni.kit.viewport.legacy_gizmos-1.0.24] registered (path: /isaac-sim/extscache/omni.kit.viewport.legacy_gizmos-1.0.24+f9bf0dda.la64.r.cp312)
  [ext: omni.kit.viewport.manipulator.transform-107.0.4] registered (path: /isaac-sim/extscache/omni.kit.viewport.manipulator.transform-107.0.4+f9bf0dda)
  [ext: omni.kit.viewport.menubar.camera-107.0.10] registered (path: /isaac-sim/extscache/omni.kit.viewport.menubar.camera-107.0.10+f9bf0dda)
  [ext: omni.kit.viewport.menubar.core-107.2.2] registered (path: /isaac-sim/extscache/omni.kit.viewport.menubar.core-107.2.2+f9bf0dda)
  [ext: omni.kit.viewport.menubar.display-107.1.3] registered (path: /isaac-sim/extscache/omni.kit.viewport.menubar.display-107.1.3+f9bf0dda)
  [ext: omni.kit.viewport.menubar.lighting-107.3.2] registered (path: /isaac-sim/extscache/omni.kit.viewport.menubar.lighting-107.3.2+107.3.0)
  [ext: omni.kit.viewport.menubar.render-110.0.0] registered (path: /isaac-sim/extscache/omni.kit.viewport.menubar.render-110.0.0+f9bf0dda)
  [ext: omni.kit.viewport.menubar.settings-110.0.1] registered (path: /isaac-sim/extscache/omni.kit.viewport.menubar.settings-110.0.1+f9bf0dda)
  [ext: omni.kit.viewport.menubar.waypoint-104.2.16] registered (path: /isaac-sim/extscache/omni.kit.viewport.menubar.waypoint-104.2.16)
  [ext: omni.kit.viewport.registry-104.0.6] registered (path: /isaac-sim/extscache/omni.kit.viewport.registry-104.0.6+f9bf0dda)
  [ext: omni.kit.viewport.rtx-107.0.0] registered (path: /isaac-sim/extscache/omni.kit.viewport.rtx-107.0.0+f9bf0dda)
  [ext: omni.kit.viewport.scene_camera_model-1.0.7] registered (path: /isaac-sim/extscache/omni.kit.viewport.scene_camera_model-1.0.7+f9bf0dda.la64.r.cp312)
  [ext: omni.kit.viewport.utility-2.0.1] registered (path: /isaac-sim/extscache/omni.kit.viewport.utility-2.0.1+f9bf0dda)
  [ext: omni.kit.viewport.window-109.0.2] registered (path: /isaac-sim/extscache/omni.kit.viewport.window-109.0.2+f9bf0dda)
  [ext: omni.kit.viewport_widgets_manager-1.0.9] registered (path: /isaac-sim/extscache/omni.kit.viewport_widgets_manager-1.0.9+f9bf0dda)
  [ext: omni.kit.waypoint.core-1.6.9] registered (path: /isaac-sim/extscache/omni.kit.waypoint.core-1.6.9+107.3)
  [ext: omni.kit.waypoint.playlist-1.1.1] registered (path: /isaac-sim/extscache/omni.kit.waypoint.playlist-1.1.1+107.3)
  [ext: omni.kit.widget.browser_bar-2.0.10] registered (path: /isaac-sim/extscache/omni.kit.widget.browser_bar-2.0.10+f9bf0dda)
  [ext: omni.kit.widget.cache_indicator-3.0.12] registered (path: /isaac-sim/extscache/omni.kit.widget.cache_indicator-3.0.12+f9bf0dda)
  [ext: omni.kit.widget.calendar-1.0.9] registered (path: /isaac-sim/extscache/omni.kit.widget.calendar-1.0.9)
  [ext: omni.kit.widget.collection-0.3.3] registered (path: /isaac-sim/extscache/omni.kit.widget.collection-0.3.3+106.5.0)
  [ext: omni.kit.widget.context_menu-1.4.0] registered (path: /isaac-sim/extscache/omni.kit.widget.context_menu-1.4.0+f9bf0dda)
  [ext: omni.kit.widget.extended_searchfield-1.0.31] registered (path: /isaac-sim/extscache/omni.kit.widget.extended_searchfield-1.0.31)
  [ext: omni.kit.widget.filebrowser-2.13.4] registered (path: /isaac-sim/extscache/omni.kit.widget.filebrowser-2.13.4+f9bf0dda)
  [ext: omni.kit.widget.filter-1.1.5] registered (path: /isaac-sim/extscache/omni.kit.widget.filter-1.1.5+f9bf0dda)
  [ext: omni.kit.widget.graph-2.1.0] registered (path: /isaac-sim/extscache/omni.kit.widget.graph-2.1.0+f9bf0dda)
  [ext: omni.kit.widget.highlight_label-1.0.3] registered (path: /isaac-sim/extscache/omni.kit.widget.highlight_label-1.0.3+f9bf0dda)
  [ext: omni.kit.widget.imageview-1.0.5] registered (path: /isaac-sim/extscache/omni.kit.widget.imageview-1.0.5+f9bf0dda)
  [ext: omni.kit.widget.layers-1.9.2] registered (path: /isaac-sim/extscache/omni.kit.widget.layers-1.9.2+f9bf0dda)
  [ext: omni.kit.widget.live-2.1.12] registered (path: /isaac-sim/extscache/omni.kit.widget.live-2.1.12+f9bf0dda)
  [ext: omni.kit.widget.live_session_management-1.2.28] registered (path: /isaac-sim/extscache/omni.kit.widget.live_session_management-1.2.28+f9bf0dda)
  [ext: omni.kit.widget.live_session_management.ui-1.0.4] registered (path: /isaac-sim/extscache/omni.kit.widget.live_session_management.ui-1.0.4+f9bf0dda)
  [ext: omni.kit.widget.material_preview-1.1.3] registered (path: /isaac-sim/extscache/omni.kit.widget.material_preview-1.1.3+107.3)
  [ext: omni.kit.widget.nucleus_connector-2.3.1] registered (path: /isaac-sim/extscache/omni.kit.widget.nucleus_connector-2.3.1+f9bf0dda)
  [ext: omni.kit.widget.nucleus_info-2.0.2] registered (path: /isaac-sim/extscache/omni.kit.widget.nucleus_info-2.0.2+f9bf0dda)
  [ext: omni.kit.widget.options_button-1.0.3] registered (path: /isaac-sim/extscache/omni.kit.widget.options_button-1.0.3+f9bf0dda)
  [ext: omni.kit.widget.options_menu-1.1.6] registered (path: /isaac-sim/extscache/omni.kit.widget.options_menu-1.1.6+f9bf0dda)
  [ext: omni.kit.widget.path_field-2.0.13] registered (path: /isaac-sim/extscache/omni.kit.widget.path_field-2.0.13+f9bf0dda)
  [ext: omni.kit.widget.prompt-1.0.7] registered (path: /isaac-sim/extscache/omni.kit.widget.prompt-1.0.7+f9bf0dda)
  [ext: omni.kit.widget.search_delegate-1.0.9] registered (path: /isaac-sim/extscache/omni.kit.widget.search_delegate-1.0.9+f9bf0dda)
  [ext: omni.kit.widget.searchable_combobox-1.0.7] registered (path: /isaac-sim/extscache/omni.kit.widget.searchable_combobox-1.0.7+f9bf0dda)
  [ext: omni.kit.widget.searchfield-1.1.8] registered (path: /isaac-sim/extscache/omni.kit.widget.searchfield-1.1.8+f9bf0dda)
  [ext: omni.kit.widget.settings-2.0.0] registered (path: /isaac-sim/extscache/omni.kit.widget.settings-2.0.0+f9bf0dda)
  [ext: omni.kit.widget.sliderbar-1.1.0] registered (path: /isaac-sim/extscache/omni.kit.widget.sliderbar-1.1.0+107.3)
  [ext: omni.kit.widget.stage-4.4.0] registered (path: /isaac-sim/extscache/omni.kit.widget.stage-4.4.0+f9bf0dda)
  [ext: omni.kit.widget.stage_icons-1.0.8] registered (path: /isaac-sim/extscache/omni.kit.widget.stage_icons-1.0.8+f9bf0dda)
  [ext: omni.kit.widget.text_editor-1.1.1] registered (path: /isaac-sim/extscache/omni.kit.widget.text_editor-1.1.1+f9bf0dda.la64.r.cp312)
  [ext: omni.kit.widget.timeline-107.0.2] registered (path: /isaac-sim/extscache/omni.kit.widget.timeline-107.0.2+110.1.1)
  [ext: omni.kit.widget.toolbar-2.1.0] registered (path: /isaac-sim/extscache/omni.kit.widget.toolbar-2.1.0+f9bf0dda)
  [ext: omni.kit.widget.versioning-1.4.11] registered (path: /isaac-sim/extscache/omni.kit.widget.versioning-1.4.11+f9bf0dda)
  [ext: omni.kit.widget.viewport-109.2.0] registered (path: /isaac-sim/extscache/omni.kit.widget.viewport-109.2.0+f9bf0dda)
  [ext: omni.kit.widget.zoombar-1.0.7] registered (path: /isaac-sim/extscache/omni.kit.widget.zoombar-1.0.7)
  [ext: omni.kit.widgets.custom-1.1.2] registered (path: /isaac-sim/extscache/omni.kit.widgets.custom-1.1.2+107.3)
  [ext: omni.kit.window.collection-0.3.5] registered (path: /isaac-sim/extscache/omni.kit.window.collection-0.3.5+106.5.0)
  [ext: omni.kit.window.commands-0.2.9] registered (path: /isaac-sim/extscache/omni.kit.window.commands-0.2.9+f9bf0dda)
  [ext: omni.kit.window.console-1.1.9] registered (path: /isaac-sim/extscache/omni.kit.window.console-1.1.9+f9bf0dda.la64.r.cp312)
  [ext: omni.kit.window.content_browser-3.1.8] registered (path: /isaac-sim/extscache/omni.kit.window.content_browser-3.1.8+f9bf0dda)
  [ext: omni.kit.window.content_browser_registry-0.0.6] registered (path: /isaac-sim/extscache/omni.kit.window.content_browser_registry-0.0.6+f9bf0dda)
  [ext: omni.kit.window.cursor-1.1.6] registered (path: /isaac-sim/extscache/omni.kit.window.cursor-1.1.6+f9bf0dda)
  [ext: omni.kit.window.drop_support-1.0.8] registered (path: /isaac-sim/extscache/omni.kit.window.drop_support-1.0.8+f9bf0dda)
  [ext: omni.kit.window.extensions-1.5.10] registered (path: /isaac-sim/extscache/omni.kit.window.extensions-1.5.10+f9bf0dda)
  [ext: omni.kit.window.file-2.0.10] registered (path: /isaac-sim/extscache/omni.kit.window.file-2.0.10+f9bf0dda)
  [ext: omni.kit.window.file_exporter-1.0.36] registered (path: /isaac-sim/extscache/omni.kit.window.file_exporter-1.0.36+f9bf0dda)
  [ext: omni.kit.window.file_importer-1.1.21] registered (path: /isaac-sim/extscache/omni.kit.window.file_importer-1.1.21+f9bf0dda)
  [ext: omni.kit.window.filepicker-2.15.5] registered (path: /isaac-sim/extscache/omni.kit.window.filepicker-2.15.5+f9bf0dda)
  [ext: omni.kit.window.material-1.8.0] registered (path: /isaac-sim/extscache/omni.kit.window.material-1.8.0+107.3)
  [ext: omni.kit.window.material_graph-2.2.0] registered (path: /isaac-sim/extscache/omni.kit.window.material_graph-2.2.0+la64.r.cp312)
  [ext: omni.kit.window.movie_capture-3.0.1] registered (path: /isaac-sim/extscache/omni.kit.window.movie_capture-3.0.1+109.0)
  [ext: omni.kit.window.popup_dialog-2.0.25] registered (path: /isaac-sim/extscache/omni.kit.window.popup_dialog-2.0.25+f9bf0dda)
  [ext: omni.kit.window.preferences-1.8.3] registered (path: /isaac-sim/extscache/omni.kit.window.preferences-1.8.3+f9bf0dda)
  [ext: omni.kit.window.property-1.15.1] registered (path: /isaac-sim/extscache/omni.kit.window.property-1.15.1+f9bf0dda)
  [ext: omni.kit.window.quicksearch-2.4.4] registered (path: /isaac-sim/extscache/omni.kit.window.quicksearch-2.4.4)
  [ext: omni.kit.window.script_editor-2.0.7] registered (path: /isaac-sim/extscache/omni.kit.window.script_editor-2.0.7+f9bf0dda)
  [ext: omni.kit.window.section-107.1.4] registered (path: /isaac-sim/extscache/omni.kit.window.section-107.1.4+109.0.0)
  [ext: omni.kit.window.stage-2.6.1] registered (path: /isaac-sim/extscache/omni.kit.window.stage-2.6.1+f9bf0dda)
  [ext: omni.kit.window.stats-0.1.8] registered (path: /isaac-sim/extscache/omni.kit.window.stats-0.1.8+f9bf0dda)
  [ext: omni.kit.window.status_bar-0.1.11] registered (path: /isaac-sim/extscache/omni.kit.window.status_bar-0.1.11+f9bf0dda.la64.r.cp312)
  [ext: omni.kit.window.tests-0.3.10] registered (path: /isaac-sim/extscache/omni.kit.window.tests-0.3.10+f9bf0dda)
  [ext: omni.kit.window.title-1.1.8] registered (path: /isaac-sim/extscache/omni.kit.window.title-1.1.8+f9bf0dda)
  [ext: omni.kit.window.toolbar-3.0.3] registered (path: /isaac-sim/extscache/omni.kit.window.toolbar-3.0.3+f9bf0dda)
  [ext: omni.kit.window.usd_paths-1.0.9] registered (path: /isaac-sim/extscache/omni.kit.window.usd_paths-1.0.9+f9bf0dda)
  [ext: omni.kit.window.usddebug-1.1.4] registered (path: /isaac-sim/extscache/omni.kit.window.usddebug-1.1.4)
  [ext: omni.materialx.libs-1.0.9] registered (path: /isaac-sim/extscache/omni.materialx.libs-1.0.9+f9bf0dda.la64.r.cp312)
  [ext: omni.mdl-57.0.3] registered (path: /isaac-sim/extscache/omni.mdl-57.0.3+f9bf0dda.la64.r.cp312)
  [ext: omni.mdl.neuraylib-0.2.20] registered (path: /isaac-sim/extscache/omni.mdl.neuraylib-0.2.20+f9bf0dda.la64.r.cp312)
  [ext: omni.mdl.usd_converter-1.0.38] registered (path: /isaac-sim/extscache/omni.mdl.usd_converter-1.0.38+f9bf0dda)
  [ext: omni.metrics.core-0.0.3] registered (path: /isaac-sim/extscache/omni.metrics.core-0.0.3+f9bf0dda.la64.r)
  [ext: omni.metropolis.agent_registry-0.1.2] registered (path: /isaac-sim/extscache/omni.metropolis.agent_registry-0.1.2+110.1.2.la64.cp312)
  [ext: omni.metropolis.pipeline-0.0.9] registered (path: /isaac-sim/extscache/omni.metropolis.pipeline-0.0.9+110.1.2.la64.cp312)
  [ext: omni.metropolis.schema-0.0.3] registered (path: /isaac-sim/extscache/omni.metropolis.schema-0.0.3+110.1.2)
  [ext: omni.metropolis.utils-1.1.2] registered (path: /isaac-sim/extscache/omni.metropolis.utils-1.1.2+110.1.2.la64.cp312)
  [ext: omni.no_code_ui.bundle-1.1.4] registered (path: /isaac-sim/extscache/omni.no_code_ui.bundle-1.1.4+107.0)
  [ext: omni.ocio-0.1.1] registered (path: /isaac-sim/extscache/omni.ocio-0.1.1+f9bf0dda.la64.r.cp312)
  [ext: omni.physics-110.1.13] registered (path: /isaac-sim/extscache/omni.physics-110.1.13+110.1.2.la64.r.cp312.u7f4)
  [ext: omni.physics.isaacsimready-110.1.13] registered (path: /isaac-sim/extscache/omni.physics.isaacsimready-110.1.13+110.1.2.cp312.u7f4)
  [ext: omni.physics.physx-110.1.13] registered (path: /isaac-sim/extscache/omni.physics.physx-110.1.13+110.1.2.la64.r.cp312.u7f4)
  [ext: omni.physics.physx.ui-110.1.13] registered (path: /isaac-sim/extscache/omni.physics.physx.ui-110.1.13+110.1.2.cp312.u7f4)
  [ext: omni.physics.stageupdate-110.1.13] registered (path: /isaac-sim/extscache/omni.physics.stageupdate-110.1.13+110.1.2.la64.r.cp312.u7f4)
  [ext: omni.physics.tensors-110.1.13] registered (path: /isaac-sim/extscache/omni.physics.tensors-110.1.13+110.1.2.la64.r.cp312.u7f4)
  [ext: omni.physics.ui-110.1.13] registered (path: /isaac-sim/extscache/omni.physics.ui-110.1.13+110.1.2.cp312.u7f4)
  [ext: omni.physx-110.1.13] registered (path: /isaac-sim/extscache/omni.physx-110.1.13+110.1.2.la64.r.cp312.u7f4)
  [ext: omni.physx.asset_validator-110.1.13] registered (path: /isaac-sim/extscache/omni.physx.asset_validator-110.1.13+110.1.2.la64.r.cp312.u7f4)
  [ext: omni.physx.bundle-110.1.13] registered (path: /isaac-sim/extscache/omni.physx.bundle-110.1.13+110.1.2.cp312.u7f4)
  [ext: omni.physx.camera-110.1.13] registered (path: /isaac-sim/extscache/omni.physx.camera-110.1.13+110.1.2.la64.r.cp312.u7f4)
  [ext: omni.physx.cct-110.1.13] registered (path: /isaac-sim/extscache/omni.physx.cct-110.1.13+110.1.2.la64.r.cp312.u7f4)
  [ext: omni.physx.commands-110.1.13] registered (path: /isaac-sim/extscache/omni.physx.commands-110.1.13+110.1.2.cp312.u7f4)
  [ext: omni.physx.cooking-110.1.13] registered (path: /isaac-sim/extscache/omni.physx.cooking-110.1.13+110.1.2.la64.r.cp312.u7f4)
  [ext: omni.physx.demos-110.1.13] registered (path: /isaac-sim/extscache/omni.physx.demos-110.1.13+110.1.2.cp312.u7f4)
  [ext: omni.physx.fabric-110.1.13] registered (path: /isaac-sim/extscache/omni.physx.fabric-110.1.13+110.1.2.la64.r.cp312.u7f4)
  [ext: omni.physx.foundation-110.1.13] registered (path: /isaac-sim/extscache/omni.physx.foundation-110.1.13+110.1.2.la64.r.cp312.u7f4)
  [ext: omni.physx.gpu-110.1.13] registered (path: /isaac-sim/extscache/omni.physx.gpu-110.1.13+110.1.2.la64.r.cp312.u7f4)
  [ext: omni.physx.graph-110.1.13] registered (path: /isaac-sim/extscache/omni.physx.graph-110.1.13+110.1.2.la64.r.cp312.u7f4)
  [ext: omni.physx.pvd-110.1.13] registered (path: /isaac-sim/extscache/omni.physx.pvd-110.1.13+110.1.2.la64.r.cp312.u7f4)
  [ext: omni.physx.supportui-110.1.13] registered (path: /isaac-sim/extscache/omni.physx.supportui-110.1.13+110.1.2.la64.r.cp312.u7f4)
  [ext: omni.physx.tensors-110.1.13] registered (path: /isaac-sim/extscache/omni.physx.tensors-110.1.13+110.1.2.la64.r.cp312.u7f4)
  [ext: omni.physx.tests-110.1.13] registered (path: /isaac-sim/extscache/omni.physx.tests-110.1.13+110.1.2.cp312.u7f4)
  [ext: omni.physx.tests.visual-110.1.13] registered (path: /isaac-sim/extscache/omni.physx.tests.visual-110.1.13+110.1.2.cp312.u7f4)
  [ext: omni.physx.ui-110.1.13] registered (path: /isaac-sim/extscache/omni.physx.ui-110.1.13+110.1.2.la64.r.cp312.u7f4)
  [ext: omni.physx.vehicle-110.1.13] registered (path: /isaac-sim/extscache/omni.physx.vehicle-110.1.13+110.1.2.la64.r.cp312.u7f4)
  [ext: omni.protobuf.lib-1.0.0] registered (path: /isaac-sim/extscache/omni.protobuf.lib-1.0.0+f9bf0dda.la64.r)
  [ext: omni.ramp-110.0.0] registered (path: /isaac-sim/extscache/omni.ramp-110.0.0+110.0.0.la64.r.cp312.u7f4)
  [ext: omni.replicator.core-1.13.27] registered (path: /isaac-sim/extscache/omni.replicator.core-1.13.27+110.1.1.la64.r.cp312)
  [ext: omni.replicator.nv-1.1.1] registered (path: /isaac-sim/extscache/omni.replicator.nv-1.1.1+110.1.0.la64.r.cp312)
  [ext: omni.replicator.replicator_yaml-2.0.12] registered (path: /isaac-sim/extscache/omni.replicator.replicator_yaml-2.0.12+110.1.1.la64)
  [ext: omni.resourcemonitor-107.1.1] registered (path: /isaac-sim/extscache/omni.resourcemonitor-107.1.1+f9bf0dda.la64.r.cp312)
  [ext: omni.rtx.settings.core-0.7.1] registered (path: /isaac-sim/extscache/omni.rtx.settings.core-0.7.1+f9bf0dda)
  [ext: omni.rtx.shadercache.vulkan-1.0.0] registered (path: /isaac-sim/extscache/omni.rtx.shadercache.vulkan-1.0.0+f9bf0dda.la64.r)
  [ext: omni.rtx.spg-0.2.1] registered (path: /isaac-sim/extscache/omni.rtx.spg-0.2.1+f9bf0dda.la64.r)
  [ext: omni.rtx.window.settings-0.8.0] registered (path: /isaac-sim/extscache/omni.rtx.window.settings-0.8.0+f9bf0dda.la64.r.cp312)
  [ext: omni.scene.optimizer.analysis-110.1.0] registered (path: /isaac-sim/extscache/omni.scene.optimizer.analysis-110.1.0+110.1.0)
  [ext: omni.scene.optimizer.bundle-110.1.0] registered (path: /isaac-sim/extscache/omni.scene.optimizer.bundle-110.1.0+110.1.0)
  [ext: omni.scene.optimizer.core-110.1.0] registered (path: /isaac-sim/extscache/omni.scene.optimizer.core-110.1.0+110.1.0.la64.r.cp312.u7f4)
  [ext: omni.scene.optimizer.ui-110.1.0] registered (path: /isaac-sim/extscache/omni.scene.optimizer.ui-110.1.0+110.1.0)
  [ext: omni.scene.optimizer.validators-110.1.0] registered (path: /isaac-sim/extscache/omni.scene.optimizer.validators-110.1.0+110.1.0)
  [ext: omni.scene.visualization.bundle-105.1.0] registered (path: /isaac-sim/extscache/omni.scene.visualization.bundle-105.1.0+110.0.0)
  [ext: omni.scene.visualization.core-110.0.0] registered (path: /isaac-sim/extscache/omni.scene.visualization.core-110.0.0+110.0.0.la64.r.cp312.u7f4)
  [ext: omni.scene.visualization.ui-107.0.1] registered (path: /isaac-sim/extscache/omni.scene.visualization.ui-107.0.1+110.0.0)
  [ext: omni.sensors.net-1.0.1] registered (path: /isaac-sim/extscache/omni.sensors.net-1.0.1+f9bf0dda.la64.r.cp312)
  [ext: omni.sensors.nv.acoustic-3.0.0] registered (path: /isaac-sim/extscache/omni.sensors.nv.acoustic-3.0.0+f9bf0dda.la64.r.cp312)
  [ext: omni.sensors.nv.camera-1.0.0] registered (path: /isaac-sim/extscache/omni.sensors.nv.camera-1.0.0+f9bf0dda.la64.r.cp312)
  [ext: omni.sensors.nv.common-3.0.0] registered (path: /isaac-sim/extscache/omni.sensors.nv.common-3.0.0+f9bf0dda.la64.r.cp312)
  [ext: omni.sensors.nv.ids-2.0.1] registered (path: /isaac-sim/extscache/omni.sensors.nv.ids-2.0.1+f9bf0dda.la64.r.cp312)
  [ext: omni.sensors.nv.lidar-3.0.0] registered (path: /isaac-sim/extscache/omni.sensors.nv.lidar-3.0.0+f9bf0dda.la64.r.cp312)
  [ext: omni.sensors.nv.materials-2.0.0] registered (path: /isaac-sim/extscache/omni.sensors.nv.materials-2.0.0+f9bf0dda.la64.r.cp312)
  [ext: omni.sensors.nv.radar-3.0.0] registered (path: /isaac-sim/extscache/omni.sensors.nv.radar-3.0.0+f9bf0dda.la64.r.cp312)
  [ext: omni.services.client-0.5.6] registered (path: /isaac-sim/extscache/omni.services.client-0.5.6)
  [ext: omni.services.convert.asset-510.0.2] registered (path: /isaac-sim/extscache/omni.services.convert.asset-510.0.2+110.1.2.la64.r.cp312.u7f4)
  [ext: omni.services.convert.cad-508.0.4] registered (path: /isaac-sim/extscache/omni.services.convert.cad-508.0.4+110.1.2.la64.r.cp312.u7f4)
  [ext: omni.services.core-1.11.0] registered (path: /isaac-sim/extscache/omni.services.core-1.11.0)
  [ext: omni.services.facilities.base-1.0.5] registered (path: /isaac-sim/extscache/omni.services.facilities.base-1.0.5)
  [ext: omni.services.facilities.monitoring.metrics-0.3.1] registered (path: /isaac-sim/extscache/omni.services.facilities.monitoring.metrics-0.3.1)
  [ext: omni.services.facilities.monitoring.progress-0.2.4] registered (path: /isaac-sim/extscache/omni.services.facilities.monitoring.progress-0.2.4)
  [ext: omni.services.pip_archive-0.18.7] registered (path: /isaac-sim/extscache/omni.services.pip_archive-0.18.7+110.1.1.la64.cp312)
  [ext: omni.services.starfleet.auth-0.1.6] registered (path: /isaac-sim/extscache/omni.services.starfleet.auth-0.1.6)
  [ext: omni.services.transport.client.base-1.2.5] registered (path: /isaac-sim/extscache/omni.services.transport.client.base-1.2.5)
  [ext: omni.services.transport.client.http_async-1.4.2] registered (path: /isaac-sim/extscache/omni.services.transport.client.http_async-1.4.2)
  [ext: omni.services.transport.server.base-1.1.2] registered (path: /isaac-sim/extscache/omni.services.transport.server.base-1.1.2)
  [ext: omni.services.transport.server.http-1.3.2] registered (path: /isaac-sim/extscache/omni.services.transport.server.http-1.3.2)
  [ext: omni.services.transport.server.zeroconf-1.0.10] registered (path: /isaac-sim/extscache/omni.services.transport.server.zeroconf-1.0.10)
  [ext: omni.services.usd-1.1.1] registered (path: /isaac-sim/extscache/omni.services.usd-1.1.1)
  [ext: omni.simready.content.browser-0.3.7] registered (path: /isaac-sim/extscache/omni.simready.content.browser-0.3.7+110.1.1)
  [ext: omni.simready.explorer-1.1.4] registered (path: /isaac-sim/extscache/omni.simready.explorer-1.1.4)
  [ext: omni.stats-1.0.1] registered (path: /isaac-sim/extscache/omni.stats-1.0.1+f9bf0dda.la64.r.cp312)
  [ext: omni.syntheticdata-0.6.15] registered (path: /isaac-sim/extscache/omni.syntheticdata-0.6.15+f9bf0dda.la64.r.cp312)
  [ext: omni.timeline-1.1.0] registered (path: /isaac-sim/extscache/omni.timeline-1.1.0+f9bf0dda.la64.r.cp312)
  [ext: omni.timeline.live_session-1.1.2] registered (path: /isaac-sim/extscache/omni.timeline.live_session-1.1.2+f9bf0dda)
  [ext: omni.ui-3.2.0] registered (path: /isaac-sim/extscache/omni.ui-3.2.0+f9bf0dda.la64.r.cp312)
  [ext: omni.ui.scene-2.0.3] registered (path: /isaac-sim/extscache/omni.ui.scene-2.0.3+f9bf0dda.la64.r.cp312)
  [ext: omni.ui_query-1.1.10] registered (path: /isaac-sim/extscache/omni.ui_query-1.1.10+f9bf0dda)
  [ext: omni.uiaudio-1.0.0] registered (path: /isaac-sim/extscache/omni.uiaudio-1.0.0+f9bf0dda.la64.r.cp312)
  [ext: omni.ujitso.client-0.0.0] registered (path: /isaac-sim/extscache/omni.ujitso.client-0.0.0+f9bf0dda.la64.r)
  [ext: omni.ujitso.default-1.0.0] registered (path: /isaac-sim/extscache/omni.ujitso.default-1.0.0+f9bf0dda.la64.r.cp312)
  [ext: omni.usd-1.16.0] registered (path: /isaac-sim/extscache/omni.usd-1.16.0+f9bf0dda.la64.r.cp312)
  [ext: omni.usd.config-1.0.7] registered (path: /isaac-sim/extscache/omni.usd.config-1.0.7+f9bf0dda)
  [ext: omni.usd.core-1.8.3] registered (path: /isaac-sim/extscache/omni.usd.core-1.8.3+f9bf0dda.la64.r)
  [ext: omni.usd.fileformat.e57-1.7.4] registered (path: /isaac-sim/extscache/omni.usd.fileformat.e57-1.7.4+la64.r.cp312.u7f4)
  [ext: omni.usd.fileformat.pts-110.0.2] registered (path: /isaac-sim/extscache/omni.usd.fileformat.pts-110.0.2+la64.r.cp312.u7f4)
  [ext: omni.usd.libs-1.0.3] registered (path: /isaac-sim/extscache/omni.usd.libs-1.0.3+f9bf0dda.la64.r.cp312)
  [ext: omni.usd.metrics.assembler-110.1.2] registered (path: /isaac-sim/extscache/omni.usd.metrics.assembler-110.1.2+110.1.0.la64.r.cp312.u7f4)
  [ext: omni.usd.metrics.assembler.physics-110.1.13] registered (path: /isaac-sim/extscache/omni.usd.metrics.assembler.physics-110.1.13+110.1.2.cp312.u7f4)
  [ext: omni.usd.metrics.assembler.ui-110.1.1] registered (path: /isaac-sim/extscache/omni.usd.metrics.assembler.ui-110.1.1+110.1.0.cp312.u7f4)
  [ext: omni.usd.metrics.assembler.usdgeom-0.1.0] registered (path: /isaac-sim/extscache/omni.usd.metrics.assembler.usdgeom-0.1.0+110.1.0.cp312.u7f4)
  [ext: omni.usd.schema.anim-0.0.1] registered (path: /isaac-sim/extscache/omni.usd.schema.anim-0.0.1+f9bf0dda.la64.r.cp312)
  [ext: omni.usd.schema.audio-0.0.1] registered (path: /isaac-sim/extscache/omni.usd.schema.audio-0.0.1+f9bf0dda.la64.r.cp312)
  [ext: omni.usd.schema.flow-110.0.0] registered (path: /isaac-sim/extscache/omni.usd.schema.flow-110.0.0+110.0.0.u7f4)
  [ext: omni.usd.schema.geospatial-0.0.1] registered (path: /isaac-sim/extscache/omni.usd.schema.geospatial-0.0.1+f9bf0dda.la64.r.cp312)
  [ext: omni.usd.schema.metrics.assembler-110.1.0] registered (path: /isaac-sim/extscache/omni.usd.schema.metrics.assembler-110.1.0+110.1.0.la64.r.cp312.u7f4)
  [ext: omni.usd.schema.omni_lens_distortion-1.0.0] registered (path: /isaac-sim/extscache/omni.usd.schema.omni_lens_distortion-1.0.0+f9bf0dda)
  [ext: omni.usd.schema.omni_projectors-1.0.0] registered (path: /isaac-sim/extscache/omni.usd.schema.omni_projectors-1.0.0+f9bf0dda)
  [ext: omni.usd.schema.omni_sensors-0.0.0] registered (path: /isaac-sim/extscache/omni.usd.schema.omni_sensors-0.0.0+f9bf0dda.la64.r.cp312)
  [ext: omni.usd.schema.omnigraph-1.0.1] registered (path: /isaac-sim/extscache/omni.usd.schema.omnigraph-1.0.1+f9bf0dda.la64.r.cp312)
  [ext: omni.usd.schema.omniscripting-1.0.1] registered (path: /isaac-sim/extscache/omni.usd.schema.omniscripting-1.0.1+f9bf0dda.la64.r.cp312)
  [ext: omni.usd.schema.physical_lighting-0.1.0] registered (path: /isaac-sim/extscache/omni.usd.schema.physical_lighting-0.1.0+f9bf0dda.la64.r.cp312)
  [ext: omni.usd.schema.physx-110.1.13] registered (path: /isaac-sim/extscache/omni.usd.schema.physx-110.1.13+110.1.2.la64.r.cp312.u7f4)
  [ext: omni.usd.schema.playback-1.0.0] registered (path: /isaac-sim/extscache/omni.usd.schema.playback-1.0.0+f9bf0dda.la64.r.cp312)
  [ext: omni.usd.schema.render_settings.rtx-1.0.2] registered (path: /isaac-sim/extscache/omni.usd.schema.render_settings.rtx-1.0.2+f9bf0dda)
  [ext: omni.usd.schema.scene.visualization-2.0.2] registered (path: /isaac-sim/extscache/omni.usd.schema.scene.visualization-2.0.2+110.0.0)
  [ext: omni.usd.schema.semantics-0.0.0] registered (path: /isaac-sim/extscache/omni.usd.schema.semantics-0.0.0+f9bf0dda.la64.r.cp312)
  [ext: omni.usd.schema.sequence-3.2.0] registered (path: /isaac-sim/extscache/omni.usd.schema.sequence-3.2.0+110.1.1.la64.r.cp312.u7f4)
  [ext: omni.usd.schema.usd_particle_field-1.0.0] registered (path: /isaac-sim/extscache/omni.usd.schema.usd_particle_field-1.0.0+f9bf0dda)
  [ext: omni.usd_resolver-1.0.0] registered (path: /isaac-sim/extscache/omni.usd_resolver-1.0.0+f9bf0dda.la64.r.cp312)
  [ext: omni.usdex.libs-2.2.2] registered (path: /isaac-sim/extscache/omni.usdex.libs-2.2.2+110.0.0.la64.r.cp312.u7f4)
  [ext: omni.usdphysics-110.1.13] registered (path: /isaac-sim/extscache/omni.usdphysics-110.1.13+110.1.2.la64.r.cp312.u7f4)
  [ext: omni.usdphysics.ui-110.1.13] registered (path: /isaac-sim/extscache/omni.usdphysics.ui-110.1.13+110.1.2.la64.r.cp312.u7f4)
  [ext: omni.vdb_timesample_editor-0.2.3] registered (path: /isaac-sim/extscache/omni.vdb_timesample_editor-0.2.3)
  [ext: omni.videoencoding-0.2.1] registered (path: /isaac-sim/extscache/omni.videoencoding-0.2.1+f9bf0dda.la64.r.cp312)
  [ext: omni.volume-0.5.2] registered (path: /isaac-sim/extscache/omni.volume-0.5.2+f9bf0dda.la64.r.cp312)
  [ext: omni.warehouse.creator.api-1.1.2] registered (path: /isaac-sim/extscache/omni.warehouse.creator.api-1.1.2)
  [ext: omni.warehouse.creator.ui-1.3.0] registered (path: /isaac-sim/extscache/omni.warehouse.creator.ui-1.3.0)
  [ext: omni.warehouse_creator-1.0.0] registered (path: /isaac-sim/extscache/omni.warehouse_creator-1.0.0)
  [ext: omni.warp.core-1.13.0] registered (path: /isaac-sim/extscache/omni.warp.core-1.13.0+la64)
  [ext: semantics.schema.editor-2.0.2] registered (path: /isaac-sim/extscache/semantics.schema.editor-2.0.2)
  [ext: semantics.schema.property-2.0.2] registered (path: /isaac-sim/extscache/semantics.schema.property-2.0.2)
  [ext: usdrt.scenegraph-7.6.3] registered (path: /isaac-sim/extscache/usdrt.scenegraph-7.6.3+f9bf0dda.la64.r.cp312)
  [ext: omni.client.lib-1.1.1] registered (path: /isaac-sim/kit/extscore/omni.client.lib)
  [ext: omni.kit.async_engine-0.0.3] registered (path: /isaac-sim/kit/extscore/omni.kit.async_engine)
  [ext: omni.kit.registry.nucleus-0.0.0] registered (path: /isaac-sim/kit/extscore/omni.kit.registry.nucleus)
  [ext: omni.app.dev-1.0.0] registered (path: /isaac-sim/kit/apps/omni.app.dev.kit)
  [ext: omni.app.dev.nvcf-1.0.0] registered (path: /isaac-sim/kit/apps/omni.app.dev.nvcf.kit)
  [ext: omni.app.dev.xr.avp-1.0.0] registered (path: /isaac-sim/kit/apps/omni.app.dev.xr.avp.kit)
  [ext: omni.app.dev.xr.ipad-1.0.0] registered (path: /isaac-sim/kit/apps/omni.app.dev.xr.ipad.kit)
  [ext: omni.app.editor.base-1.0.0] registered (path: /isaac-sim/kit/apps/omni.app.editor.base.kit)
  [ext: omni.app.empty-0.1.0] registered (path: /isaac-sim/kit/apps/omni.app.empty.kit)
  [ext: omni.app.full-1.0.1] registered (path: /isaac-sim/kit/apps/omni.app.full.kit)
  [ext: omni.app.hydra-1.0.0] registered (path: /isaac-sim/kit/apps/omni.app.hydra.kit)
  [ext: omni.app.mini-0.1.1] registered (path: /isaac-sim/kit/apps/omni.app.mini.kit)
  [ext: omni.app.viewport-1.0.0] registered (path: /isaac-sim/kit/apps/omni.app.viewport.kit)
2026-09-10T01:36:26Z [9ms] [Info] [carb] Initializing plugin: carb.scripting-python.plugin (interfaces: [carb::scripting::IScripting v1.0]) (impl: carb.scripting-python.plugin)
2026-09-10T01:36:26Z [9ms] [Info] [omni.kit.app._impl] python GC: gc.disable()
2026-09-10T01:36:26Z [10ms] [Info] [omni.ext.plugin] [ext manager] preferLocalVersions: 1
2026-09-10T01:36:26Z [10ms] [Info] [omni.ext.plugin] Processing exts enabling request: 'isaaclab.python.headless-3.0.0'
2026-09-10T01:36:26Z [11ms] [Info] [omni.ext.plugin] Solver result: succeeded. nodes: 76. time: 0.465331 (ms) iterations: 152 backtracks: 0 cycles: 0 unitprops: 151
Extensions dependency solver solution:
[ext: isaaclab.python.headless-3.0.0] deps:
 -> 'omni.physx' = { version='^' } selected: [omni.physx-110.1.13]
 -> 'omni.physx.tensors' = { version='^' } selected: [omni.physx.tensors-110.1.13]
 -> 'omni.physx.fabric' = { version='^' } selected: [omni.physx.fabric-110.1.13]
 -> 'usdrt.scenegraph' = { version='^' } selected: [usdrt.scenegraph-7.6.3]
 -> 'omni.kit.loop' = { version='^' } selected: [omni.kit.loop-isaac-1.6.0]
 -> 'omni.kit.usd.mdl' = { version='^' } selected: [omni.kit.usd.mdl-1.1.9]
 -> 'omni.usd.metrics.assembler.ui' = { version='^' } selected: [omni.usd.metrics.assembler.ui-110.1.1]
 -> 'isaacsim.simulation_app' = { version='^' } selected: [isaacsim.simulation_app-2.18.4]
 -> 'isaacsim.core.simulation_manager' = { version='^' } selected: [isaacsim.core.simulation_manager-1.15.6]
 -> 'isaacsim.core.version' = { version='^' } selected: [isaacsim.core.version-2.1.1]
 -> 'isaaclab' = { version='^' } selected: [isaaclab-6.1.14]
 -> 'isaaclab_physx' = { version='^' } selected: [isaaclab_physx-1.1.3]
 -> 'isaaclab_newton' = { version='^' } selected: [isaaclab_newton-0.13.6]
 -> 'isaaclab_assets' = { version='^' } selected: [isaaclab_assets-0.3.4]
 -> 'isaaclab_tasks' = { version='^' } selected: [isaaclab_tasks-1.10.9]
 -> 'isaaclab_mimic' = { version='^' } selected: [isaaclab_mimic-1.3.3]
 -> 'isaaclab_rl' = { version='^' } selected: [isaaclab_rl-0.5.5]
[ext: isaaclab_rl-0.5.5] deps:
 -> 'isaaclab' = { version='^' } selected: [isaaclab-6.1.14]
 -> 'isaaclab_assets' = { version='^' } selected: [isaaclab_assets-0.3.4]
 -> 'isaaclab_tasks' = { version='^' } selected: [isaaclab_tasks-1.10.9]
[ext: isaaclab_physx-1.1.3] deps:
 -> 'isaaclab' = { version='^' } selected: [isaaclab-6.1.14]
[ext: isaaclab_newton-0.13.6] deps:
 -> 'isaaclab' = { version='^' } selected: [isaaclab-6.1.14]
[ext: isaaclab_mimic-1.3.3] deps:
 -> 'isaaclab' = { version='^' } selected: [isaaclab-6.1.14]
 -> 'isaaclab_assets' = { version='^' } selected: [isaaclab_assets-0.3.4]
 -> 'isaaclab_tasks' = { version='^' } selected: [isaaclab_tasks-1.10.9]
[ext: isaaclab_tasks-1.10.9] deps:
 -> 'isaaclab' = { version='^' } selected: [isaaclab-6.1.14]
 -> 'isaaclab_assets' = { version='^' } selected: [isaaclab_assets-0.3.4]
[ext: isaaclab_assets-0.3.4] deps:
 -> 'isaaclab' = { version='^' } selected: [isaaclab-6.1.14]
 -> 'isaaclab_contrib' = { version='^' } selected: [isaaclab_contrib-0.4.4]
[ext: omni.usd.metrics.assembler.ui-110.1.1] deps:
 -> 'omni.usd.metrics.assembler' = { version='^' } selected: [omni.usd.metrics.assembler-110.1.2]
 -> 'omni.usd' = { version='^' } selected: [omni.usd-1.16.0]
 -> 'omni.kit.usd.layers' = { version='^' } selected: [omni.kit.usd.layers-2.6.1]
[ext: omni.physx.fabric-110.1.13] deps:
 -> 'omni.physx' = { version='=110.1.13' } selected: [omni.physx-110.1.13]
 -> 'usdrt.scenegraph' = { version='^' } selected: [usdrt.scenegraph-7.6.3]
[ext: omni.kit.loop-isaac-1.6.0] no deps
[ext: isaacsim.simulation_app-2.18.4] deps:
 -> 'omni.usd' = { version='^' } selected: [omni.usd-1.16.0]
[ext: isaacsim.core.version-2.1.1] deps:
 -> 'isaacsim.core.deprecation_manager' = { version='^' } selected: [isaacsim.core.deprecation_manager-0.4.2]
[ext: isaacsim.core.simulation_manager-1.15.6] deps:
 -> 'omni.physx.tensors' = { version='^' } selected: [omni.physx.tensors-110.1.13]
 -> 'omni.usd.schema.newton' = { version='^' } selected: [omni.usd.schema.newton-1.2.1]
 -> 'isaacsim.core.experimental.utils' = { version='^' } selected: [isaacsim.core.experimental.utils-0.17.2]
 -> 'omni.physics' = { version='^' } selected: [omni.physics-110.1.13]
 -> 'omni.physics.physx' = { version='^' } selected: [omni.physics.physx-110.1.13]
 -> 'omni.physics.stageupdate' = { version='^' } selected: [omni.physics.stageupdate-110.1.13]
 -> 'omni.usd.schema.mujoco' = { version='^' } selected: [omni.usd.schema.mujoco-1.1.1]
 -> 'omni.usdex.libs' = { version='^' } selected: [omni.usdex.libs-2.2.2]
[ext: omni.usdex.libs-2.2.2] deps:
 -> 'omni.usd.libs' = { version='^' } selected: [omni.usd.libs-1.0.3]
[ext: omni.physx.tensors-110.1.13] deps:
 -> 'omni.physx' = { version='=110.1.13' } selected: [omni.physx-110.1.13]
 -> 'omni.physics.tensors' = { version='=110.1.13' } selected: [omni.physics.tensors-110.1.13]
[ext: omni.physics.tensors-110.1.13] deps:
 -> 'omni.usd.libs' = { version='^' } selected: [omni.usd.libs-1.0.3]
 -> 'omni.usd.schema.physx' = { version='=110.1.13' } selected: [omni.usd.schema.physx-110.1.13]
[ext: omni.physics.stageupdate-110.1.13] deps:
 -> 'omni.usd' = { version='^' } selected: [omni.usd-1.16.0]
 -> 'omni.kit.usd.layers' = { version='^' optional=true  } selected: [omni.kit.usd.layers-2.6.1]
 -> 'omni.physics' = { version='=110.1.13' } selected: [omni.physics-110.1.13]
[ext: omni.physics.physx-110.1.13] deps:
 -> 'omni.physx' = { version='=110.1.13' } selected: [omni.physx-110.1.13]
 -> 'omni.physics' = { version='=110.1.13' } selected: [omni.physics-110.1.13]
[ext: omni.physx-110.1.13] deps:
 -> 'usdrt.scenegraph' = { version='^' } selected: [usdrt.scenegraph-7.6.3]
 -> 'omni.usd.libs' = { version='^' } selected: [omni.usd.libs-1.0.3]
 -> 'omni.usd.schema.physx' = { version='=110.1.13' } selected: [omni.usd.schema.physx-110.1.13]
 -> 'omni.usdphysics' = { version='=110.1.13' } selected: [omni.usdphysics-110.1.13]
 -> 'omni.gpucompute.plugins' = { version='^' } selected: [omni.gpucompute.plugins-0.0.0]
 -> 'omni.physx.cooking' = { version='=110.1.13' } selected: [omni.physx.cooking-110.1.13]
 -> 'omni.physx.foundation' = { version='=110.1.13' } selected: [omni.physx.foundation-110.1.13]
 -> 'omni.usd.schema.newton' = { version='^' } selected: [omni.usd.schema.newton-1.2.1]
[ext: omni.physx.cooking-110.1.13] deps:
 -> 'omni.usd.libs' = { version='^' } selected: [omni.usd.libs-1.0.3]
 -> 'omni.usd.schema.physx' = { version='=110.1.13' } selected: [omni.usd.schema.physx-110.1.13]
 -> 'omni.usdphysics' = { version='=110.1.13' } selected: [omni.usdphysics-110.1.13]
 -> 'omni.physx.foundation' = { version='=110.1.13' } selected: [omni.physx.foundation-110.1.13]
 -> 'omni.convexdecomposition' = { version='=110.1.13' } selected: [omni.convexdecomposition-110.1.13]
 -> 'omni.ujitso.default' = { version='^' } selected: [omni.ujitso.default-1.0.0]
[ext: omni.usdphysics-110.1.13] deps:
 -> 'omni.usd.libs' = { version='^' } selected: [omni.usd.libs-1.0.3]
 -> 'omni.usd.schema.physx' = { version='=110.1.13' } selected: [omni.usd.schema.physx-110.1.13]
[ext: omni.physx.foundation-110.1.13] deps:
 -> 'omni.gpu_foundation' = { version='^' } selected: [omni.gpu_foundation-0.0.0]
 -> 'omni.physx.gpu' = { version='=110.1.13' } selected: [omni.physx.gpu-110.1.13]
[ext: omni.physx.gpu-110.1.13] no deps
[ext: omni.physics-110.1.13] no deps
[ext: omni.convexdecomposition-110.1.13] deps:
 -> 'omni.usd.libs' = { version='^' } selected: [omni.usd.libs-1.0.3]
 -> 'omni.usd.schema.physx' = { version='=110.1.13' } selected: [omni.usd.schema.physx-110.1.13]
 -> 'omni.kit.commands' = { version='^' optional=true  } selected: [omni.kit.commands-1.5.0]
 -> 'omni.assets.plugins' = { version='^' } selected: [omni.assets.plugins-0.0.0]
[ext: isaacsim.core.experimental.utils-0.17.2] deps:
 -> 'omni.usd.metrics.assembler' = { version='^' } selected: [omni.usd.metrics.assembler-110.1.2]
 -> 'omni.usd' = { version='^' } selected: [omni.usd-1.16.0]
 -> 'isaacsim.core.deprecation_manager' = { version='^' } selected: [isaacsim.core.deprecation_manager-0.4.2]
 -> 'omni.hydra.usdrt_delegate' = { version='^' } selected: [omni.hydra.usdrt_delegate-7.5.2]
 -> 'omni.kit.stage_templates' = { version='^' } selected: [omni.kit.stage_templates-2.0.2]
[ext: omni.usd.metrics.assembler-110.1.2] deps:
 -> 'omni.usd.libs' = { version='^' } selected: [omni.usd.libs-1.0.3]
 -> 'omni.usd.schema.metrics.assembler' = { version='^' } selected: [omni.usd.schema.metrics.assembler-110.1.0]
[ext: omni.kit.stage_templates-2.0.2] deps:
 -> 'omni.usd' = { version='^' } selected: [omni.usd-1.16.0]
 -> 'omni.kit.actions.core' = { version='^' } selected: [omni.kit.actions.core-1.0.0]
 -> 'omni.kit.commands' = { version='^' } selected: [omni.kit.commands-1.5.0]
 -> 'omni.kit.stage_template.core' = { version='^' } selected: [omni.kit.stage_template.core-1.1.22]
 -> 'omni.kit.primitive.mesh' = { version='^' } selected: [omni.kit.primitive.mesh-1.1.0]
[ext: omni.kit.stage_template.core-1.1.22] deps:
 -> 'omni.usd' = { version='^' } selected: [omni.usd-1.16.0]
[ext: omni.kit.primitive.mesh-1.1.0] deps:
 -> 'omni.usd' = { version='^' } selected: [omni.usd-1.16.0]
 -> 'omni.kit.usd.layers' = { version='^' } selected: [omni.kit.usd.layers-2.6.1]
 -> 'omni.kit.actions.core' = { version='^' } selected: [omni.kit.actions.core-1.0.0]
 -> 'omni.kit.commands' = { version='^' } selected: [omni.kit.commands-1.5.0]
[ext: omni.kit.usd.layers-2.6.1] deps:
 -> 'omni.usd.libs' = { version='^' } selected: [omni.usd.libs-1.0.3]
 -> 'omni.usd' = { version='^' } selected: [omni.usd-1.16.0]
 -> 'omni.kit.commands' = { version='^' } selected: [omni.kit.commands-1.5.0]
 -> 'omni.client' = { version='^' } selected: [omni.client-1.3.0]
[ext: isaacsim.core.deprecation_manager-0.4.2] deps:
 -> 'omni.usd' = { version='^' } selected: [omni.usd-1.16.0]
[ext: omni.usd-1.16.0] deps:
 -> 'omni.usd.core' = { version='^' } selected: [omni.usd.core-1.8.3]
 -> 'omni.kit.exec.core' = { version='^' } selected: [omni.kit.exec.core-0.13.5]
 -> 'omni.kit.commands' = { version='^' } selected: [omni.kit.commands-1.5.0]
 -> 'omni.client' = { version='^' } selected: [omni.client-1.3.0]
 -> 'omni.timeline' = { version='^' } selected: [omni.timeline-1.1.0]
 -> 'omni.assets.plugins' = { version='^' } selected: [omni.assets.plugins-0.0.0]
 -> 'omni.kit.audiodeviceenum' = { version='^' } selected: [omni.kit.audiodeviceenum-1.0.2]
 -> 'omni.hydra.usdrt_delegate' = { version='^' optional=true  } selected: [omni.hydra.usdrt_delegate-7.5.2]
 -> 'carb.audio' = { version='^' } selected: [carb.audio-0.1.0]
 -> 'omni.kit.usd_undo' = { version='^' } selected: [omni.kit.usd_undo-0.1.8]
 -> 'omni.kit.async_engine' = { version='^' } selected: [omni.kit.async_engine-0.0.3]
[ext: omni.timeline-1.1.0] no deps
[ext: omni.kit.usd_undo-0.1.8] deps:
 -> 'omni.usd.libs' = { version='^' } selected: [omni.usd.libs-1.0.3]
[ext: omni.kit.exec.core-0.13.5] deps:
 -> 'omni.usd.libs' = { version='^' } selected: [omni.usd.libs-1.0.3]
 -> 'omni.graph.exec' = { version='^' } selected: [omni.graph.exec-0.9.6]
[ext: omni.kit.commands-1.5.0] deps:
 -> 'omni.kit.actions.core' = { version='^' } selected: [omni.kit.actions.core-1.0.0]
[ext: omni.kit.audiodeviceenum-1.0.2] deps:
 -> 'carb.audio' = { version='^' } selected: [carb.audio-0.1.0]
[ext: omni.kit.actions.core-1.0.0] no deps
[ext: omni.hydra.usdrt_delegate-7.5.2] deps:
 -> 'usdrt.scenegraph' = { version='^' } selected: [usdrt.scenegraph-7.6.3]
 -> 'omni.gpucompute.plugins' = { version='^' } selected: [omni.gpucompute.plugins-0.0.0]
 -> 'omni.usd.core' = { version='^' } selected: [omni.usd.core-1.8.3]
 -> 'omni.gpu_foundation' = { version='^' } selected: [omni.gpu_foundation-0.0.0]
 -> 'omni.usd.schema.audio' = { version='^' optional=true  } selected: [omni.usd.schema.audio-0.0.1]
 -> 'omni.client' = { version='^' } selected: [omni.client-1.3.0]
 -> 'omni.usd.schema.anim' = { version='^' } selected: [omni.usd.schema.anim-0.0.1]
 -> 'omni.activity.core' = { version='^' } selected: [omni.activity.core-1.0.3]
[ext: usdrt.scenegraph-7.6.3] deps:
 -> 'omni.gpucompute.plugins' = { version='^' } selected: [omni.gpucompute.plugins-0.0.0]
 -> 'omni.usd.core' = { version='^' } selected: [omni.usd.core-1.8.3]
 -> 'omni.cubric' = { version='^' } selected: [omni.cubric-0.1.0]
[ext: omni.usd.core-1.8.3] deps:
 -> 'omni.usd.libs' = { version='^' } selected: [omni.usd.libs-1.0.3]
 -> 'omni.usd.schema.audio' = { version='^' } selected: [omni.usd.schema.audio-0.0.1]
 -> 'omni.client' = { version='^' } selected: [omni.client-1.3.0]
 -> 'omni.usd_resolver' = { version='^' } selected: [omni.usd_resolver-1.0.0]
[ext: omni.usd_resolver-1.0.0] deps:
 -> 'omni.usd.libs' = { version='^' } selected: [omni.usd.libs-1.0.3]
 -> 'omni.client' = { version='^' } selected: [omni.client-1.3.0]
[ext: omni.graph.exec-0.9.6] no deps
[ext: omni.cubric-0.1.0] no deps
[ext: omni.activity.core-1.0.3] no deps
[ext: isaaclab_contrib-0.4.4] deps:
 -> 'isaaclab' = { version='^' } selected: [isaaclab-6.1.14]
[ext: isaaclab-6.1.14] no deps
[ext: carb.audio-0.1.0] deps:
 -> 'omni.assets.plugins' = { version='^' } selected: [omni.assets.plugins-0.0.0]
[ext: omni.usd.schema.physx-110.1.13] deps:
 -> 'omni.usd.libs' = { version='^' } selected: [omni.usd.libs-1.0.3]
[ext: omni.usd.schema.newton-1.2.1] deps:
 -> 'omni.usd.libs' = { version='^' } selected: [omni.usd.libs-1.0.3]
[ext: omni.usd.schema.mujoco-1.1.1] deps:
 -> 'omni.usd.libs' = { version='^' } selected: [omni.usd.libs-1.0.3]
[ext: omni.usd.schema.audio-0.0.1] deps:
 -> 'omni.usd.libs' = { version='^' } selected: [omni.usd.libs-1.0.3]
[ext: omni.usd.schema.anim-0.0.1] deps:
 -> 'omni.usd.libs' = { version='^' } selected: [omni.usd.libs-1.0.3]
[ext: omni.usd.schema.metrics.assembler-110.1.0] deps:
 -> 'omni.usd.libs' = { version='^' } selected: [omni.usd.libs-1.0.3]
[ext: omni.kit.usd.mdl-1.1.9] deps:
 -> 'omni.usd.libs' = { version='^' } selected: [omni.usd.libs-1.0.3]
 -> 'omni.mdl.neuraylib' = { version='^' } selected: [omni.mdl.neuraylib-0.2.20]
[ext: omni.mdl.neuraylib-0.2.20] deps:
 -> 'omni.iray.libs' = { version='^' } selected: [omni.iray.libs-0.0.1]
 -> 'omni.mdl' = { version='^' } selected: [omni.mdl-57.0.3]
[ext: omni.mdl-57.0.3] deps:
 -> 'omni.client' = { version='^' } selected: [omni.client-1.3.0]
[ext: omni.iray.libs-0.0.1] no deps
[ext: omni.usd.libs-1.0.3] deps:
 -> 'omni.gpucompute.plugins' = { version='^' optional=true  } selected: [omni.gpucompute.plugins-0.0.0]
 -> 'omni.usd.config' = { version='^' } selected: [omni.usd.config-1.0.7]
[ext: omni.usd.config-1.0.7] deps:
 -> 'omni.client' = { version='^' } selected: [omni.client-1.3.0]
[ext: omni.gpucompute.plugins-0.0.0] deps:
 -> 'omni.gpu_foundation' = { version='^' } selected: [omni.gpu_foundation-0.0.0]
[ext: omni.gpu_foundation-0.0.0] deps:
 -> 'omni.ujitso.default' = { version='^' optional=true  } selected: [omni.ujitso.default-1.0.0]
 -> 'omni.client' = { version='^' optional=true  } selected: [omni.client-1.3.0]
 -> 'omni.assets.plugins' = { version='^' } selected: [omni.assets.plugins-0.0.0]
 -> 'omni.stats' = { version='^' } selected: [omni.stats-1.0.1]
 -> 'omni.gpu_foundation.shadercache.vulkan' = { version='^' } selected: [omni.gpu_foundation.shadercache.vulkan-1.0.0]
 -> 'omni.hsscclient' = { version='^' } selected: [omni.hsscclient-1.1.4]
[ext: omni.ujitso.default-1.0.0] deps:
 -> 'omni.client' = { version='^' } selected: [omni.client-1.3.0]
 -> 'omni.stats' = { version='^' } selected: [omni.stats-1.0.1]
 -> 'omni.hsscclient' = { version='^' } selected: [omni.hsscclient-1.1.4]
 -> 'omni.datastore' = { version='^' } selected: [omni.datastore-0.0.0]
 -> 'omni.blobkey' = { version='^' } selected: [omni.blobkey-1.1.2]
[ext: omni.stats-1.0.1] no deps
[ext: omni.hsscclient-1.1.4] deps:
 -> 'omni.blobkey' = { version='^' } selected: [omni.blobkey-1.1.2]
[ext: omni.gpu_foundation.shadercache.vulkan-1.0.0] no deps
[ext: omni.datastore-0.0.0] deps:
 -> 'omni.blobkey' = { version='^' } selected: [omni.blobkey-1.1.2]
 -> 'omni.metrics.core' = { version='^' } selected: [omni.metrics.core-0.0.3]
 -> 'omni.grpc.lib' = { version='^' } selected: [omni.grpc.lib-1.0.0]
[ext: omni.metrics.core-0.0.3] no deps
[ext: omni.grpc.lib-1.0.0] deps:
 -> 'omni.protobuf.lib' = { version='^' } selected: [omni.protobuf.lib-1.0.0]
[ext: omni.protobuf.lib-1.0.0] no deps
[ext: omni.client-1.3.0] deps:
 -> 'omni.client.lib' = { version='^' } selected: [omni.client.lib-1.1.1]
[ext: omni.client.lib-1.1.1] deps:
 -> 'omni.kit.async_engine' = { version='^' } selected: [omni.kit.async_engine-0.0.3]
[ext: omni.kit.async_engine-0.0.3] no deps
[ext: omni.blobkey-1.1.2] no deps
[ext: omni.assets.plugins-0.0.0] no deps
  Synced registries:
     (none)

2026-09-10T01:36:26Z [13ms] [Info] [omni.ext.plugin] About to startup: [ext: omni.assets.plugins-0.0.0] (order: 0) Triggered by: omni.usd-1.16.0, omni.gpu_foundation-0.0.0, omni.convexdecomposition-110.1.13, carb.audio-0.1.0 (path: /isaac-sim/extscache/omni.assets.plugins-0.0.0+f9bf0dda.la64.r)
2026-09-10T01:36:26Z [13ms] [Info] [omni.kit.app.plugin] [0.045s] [ext: omni.assets.plugins-0.0.0] startup
2026-09-10T01:36:26Z [14ms] [Info] [carb] Registered plugin: carb.assets.plugin (interfaces: [carb::assets::IAssets v2.0],[carb::assets::IAssetsBlob v1.0]) (impl: carb.assets.plugin)
2026-09-10T01:36:26Z [14ms] [Info] [carb] Registered plugin: carb.datasource-file.plugin (interfaces: [carb::datasource::IDataSource v1.1]) (impl: carb.datasource-file.plugin)
2026-09-10T01:36:26Z [14ms] [Info] [carb] Registered plugin: carb.imaging.plugin (interfaces: [carb::imaging::IImaging v2.6]) (impl: carb.imaging.plugin)
2026-09-10T01:36:26Z [14ms] [Info] [carb] Registered plugin: carb.progress.plugin (interfaces: [carb::progress::IProgress v1.0]) (impl: carb.progress.plugin)
2026-09-10T01:36:26Z [14ms] [Info] [omni.ext.plugin] [ext: omni.assets.plugins-0.0.0] started, startup time: 0 (ms)
2026-09-10T01:36:26Z [14ms] [Info] [omni.ext.plugin] About to startup: [ext: omni.blobkey-1.1.2] (order: 0) Triggered by: omni.ujitso.default-1.0.0, omni.hsscclient-1.1.4, omni.datastore-0.0.0 (path: /isaac-sim/extscache/omni.blobkey-1.1.2+f9bf0dda.la64.r)
2026-09-10T01:36:26Z [14ms] [Info] [omni.kit.app.plugin] [0.046s] [ext: omni.blobkey-1.1.2] startup
2026-09-10T01:36:26Z [14ms] [Info] [carb] Registered plugin: omni.blobkey.plugin (interfaces: [omni::blobkey::IBlobKey v1.1]) (impl: omni.blobkey.plugin)
2026-09-10T01:36:26Z [14ms] [Info] [omni.ext.plugin] [ext: omni.blobkey-1.1.2] started, startup time: 0 (ms)
2026-09-10T01:36:26Z [14ms] [Info] [omni.ext.plugin] About to startup: [ext: omni.kit.async_engine-0.0.3] (order: 0) Triggered by: omni.usd-1.16.0, omni.client.lib-1.1.1 (path: /isaac-sim/kit/extscore/omni.kit.async_engine)
2026-09-10T01:36:26Z [14ms] [Info] [omni.kit.app.plugin] [0.046s] [ext: omni.kit.async_engine-0.0.3] startup
2026-09-10T01:36:26Z [42ms] [Info] [omni.ext._impl.utils] -> func:_refresh_cache took: 0.0271s
2026-09-10T01:36:26Z [43ms] [Info] [omni.ext._impl._internal] Searching for classes derived from 'omni.ext.IExt' in 'omni.kit.async_engine' ('/isaac-sim/kit/extscore/omni.kit.async_engine')
2026-09-10T01:36:26Z [43ms] [Info] [omni.ext._impl._internal] Found class `_AsyncEngineDriver` derived from `omni.ext.IExt` in module: 'omni.kit.async_engine' in '/isaac-sim/kit/extscore/omni.kit.async_engine'. Calling `on_startup`.
2026-09-10T01:36:26Z [44ms] [Info] [omni.kit.async_engine.async_engine] policy: <asyncio.unix_events._UnixDefaultEventLoopPolicy object at 0xe98d34eb0d40> from /exts/omni.kit.async_engine/event_loop_policy_unix = "os_default"
2026-09-10T01:36:26Z [44ms] [Info] [omni.kit.async_engine.async_engine] loop:   <_UnixSelectorEventLoop running=False closed=False debug=False> from /exts/omni.kit.async_engine/event_loop_unix = "os_default"
2026-09-10T01:36:26Z [44ms] [Info] [omni.ext.plugin] [ext: omni.kit.async_engine-0.0.3] started, startup time: 29 (ms)
2026-09-10T01:36:26Z [44ms] [Info] [omni.ext.plugin] About to startup: [ext: omni.client.lib-1.1.1] (order: 0) Triggered by: omni.client-1.3.0 (path: /isaac-sim/kit/extscore/omni.client.lib)
2026-09-10T01:36:26Z [44ms] [Info] [omni.kit.app.plugin] [0.075s] [ext: omni.client.lib-1.1.1] startup
2026-09-10T01:36:26Z [50ms] [Info] [omni.ext.plugin] Loaded the dynamic library from /isaac-sim/kit/extscore/omni.client.lib/bin/libomniclient.so
2026-09-10T01:36:26Z [59ms] [Info] [omni.ext._impl._internal] Searching for classes derived from 'omni.ext.IExt' in 'omni.client' ('/isaac-sim/kit/extscore/omni.client.lib')
2026-09-10T01:36:26Z [59ms] [Info] [omni.ext.plugin] [ext: omni.client.lib-1.1.1] started, startup time: 14 (ms)
2026-09-10T01:36:26Z [59ms] [Info] [omni.ext.plugin] About to startup: [ext: omni.client-1.3.0] (order: 0) Triggered by: omni.usd.core-1.8.3, omni.usd-1.16.0, omni.kit.usd.layers-2.6.1, omni.usd.config-1.0.7, omni.ujitso.default-1.0.0, omni.usd_resolver-1.0.0, omni.mdl-57.0.3, omni.hydra.usdrt_delegate-7.5.2 (path: /isaac-sim/extscache/omni.client-1.3.0+f9bf0dda.la64.r)
2026-09-10T01:36:26Z [59ms] [Info] [omni.kit.app.plugin] [0.090s] [ext: omni.client-1.3.0] startup
2026-09-10T01:36:26Z [59ms] [Info] [carb] Registered plugin: omni.client.liveprocess.plugin (interfaces: [omni::ext::IExt v0.1]) (impl: omni.client.liveprocess.plugin)
2026-09-10T01:36:26Z [59ms] [Info] [carb] Registered plugin: carb.omniclient.plugin (interfaces: [carb::omniclient::IOmniClient v2.71]) (impl: carb.omniclient.plugin)
2026-09-10T01:36:26Z [59ms] [Info] [carb] Registered plugin: carb.datasource-omniclient.plugin (interfaces: [carb::datasource::IDataSource v1.1]) (impl: carb.datasource-omniclient.plugin)
2026-09-10T01:36:26Z [59ms] [Info] [carb] Initializing plugin: omni.client.liveprocess.plugin (interfaces: [omni::ext::IExt v0.1]) (impl: omni.client.liveprocess.plugin)
2026-09-10T01:36:26Z [59ms] [Info] [omni.ext.plugin] [ext: omni.client-1.3.0] Starting ext::IExt in '/isaac-sim/extscache/omni.client-1.3.0+f9bf0dda.la64.r/bin/libomni.client.liveprocess.plugin.so'
2026-09-10T01:36:26Z [59ms] [Info] [carb] Initializing plugin: carb.omniclient.plugin (interfaces: [carb::omniclient::IOmniClient v2.71]) (impl: carb.omniclient.plugin)
2026-09-10T01:36:26Z [60ms] [Info] [carb.omniclient.plugin]  Main: core: Initializing Version 2.71.2-release.7083+gl.9dc344f0
2026-09-10T01:36:26Z [60ms] [Info] [carb.omniclient.plugin]  Main: core: Client ID: Z1VWQYWH
2026-09-10T01:36:26Z [112ms] [Warning] [carb.omniclient.plugin]  45: OmniHub: ThreadId(02) Hub encountered error. Trying to reconnect to Hub. retry_reason="Hub failed to launch: Io(\"child exited with exit status: 1 without writing file \\\"/tmp/hub-ubuntu-CEE3187E.config.json\\\"\")"
2026-09-10T01:36:26Z [184ms] [Warning] [carb.omniclient.plugin]  45: OmniHub: ThreadId(02) Hub encountered error. Trying to reconnect to Hub. retry_reason="Hub failed to launch: Io(\"child exited with exit status: 1 without writing file \\\"/tmp/hub-ubuntu-CEE3187E.config.json\\\"\")"
2026-09-10T01:36:26Z [266ms] [Warning] [carb.omniclient.plugin]  45: OmniHub: ThreadId(02) Hub encountered error. Trying to reconnect to Hub. retry_reason="Hub failed to launch: Io(\"child exited with exit status: 1 without writing file \\\"/tmp/hub-ubuntu-CEE3187E.config.json\\\"\")"
2026-09-10T01:36:26Z [357ms] [Warning] [carb.omniclient.plugin]  45: OmniHub: ThreadId(02) Hub encountered error. Trying to reconnect to Hub. retry_reason="Hub failed to launch: Io(\"child exited with exit status: 1 without writing file \\\"/tmp/hub-ubuntu-CEE3187E.config.json\\\"\")"
2026-09-10T01:36:26Z [460ms] [Warning] [carb.omniclient.plugin]  45: OmniHub: ThreadId(02) Hub encountered error. Trying to reconnect to Hub. retry_reason="Hub failed to launch: Io(\"child exited with exit status: 1 without writing file \\\"/tmp/hub-ubuntu-CEE3187E.config.json\\\"\")"
2026-09-10T01:36:26Z [573ms] [Warning] [carb.omniclient.plugin]  45: OmniHub: ThreadId(02) Hub encountered error. Trying to reconnect to Hub. retry_reason="Hub failed to launch: Io(\"child exited with exit status: 1 without writing file \\\"/tmp/hub-ubuntu-CEE3187E.config.json\\\"\")"
2026-09-10T01:36:27Z [695ms] [Warning] [carb.omniclient.plugin]  45: OmniHub: ThreadId(02) Hub encountered error. Trying to reconnect to Hub. retry_reason="Hub failed to launch: Io(\"child exited with exit status: 1 without writing file \\\"/tmp/hub-ubuntu-CEE3187E.config.json\\\"\")"
2026-09-10T01:36:27Z [828ms] [Warning] [carb.omniclient.plugin]  45: OmniHub: ThreadId(02) Hub encountered error. Trying to reconnect to Hub. retry_reason="Hub failed to launch: Io(\"child exited with exit status: 1 without writing file \\\"/tmp/hub-ubuntu-CEE3187E.config.json\\\"\")"
2026-09-10T01:36:27Z [969ms] [Warning] [carb.omniclient.plugin]  45: OmniHub: ThreadId(02) Hub encountered error. Trying to reconnect to Hub. retry_reason="Hub failed to launch: Io(\"child exited with exit status: 1 without writing file \\\"/tmp/hub-ubuntu-CEE3187E.config.json\\\"\")"
2026-09-10T01:36:27Z [1,122ms] [Warning] [carb.omniclient.plugin]  45: OmniHub: ThreadId(02) Hub encountered error. Trying to reconnect to Hub. retry_reason="Hub failed to launch: Io(\"child exited with exit status: 1 without writing file \\\"/tmp/hub-ubuntu-CEE3187E.config.json\\\"\")"
2026-09-10T01:36:27Z [1,285ms] [Warning] [carb.omniclient.plugin]  45: OmniHub: ThreadId(02) Hub encountered error. Trying to reconnect to Hub. retry_reason="Hub failed to launch: Io(\"child exited with exit status: 1 without writing file \\\"/tmp/hub-ubuntu-CEE3187E.config.json\\\"\")"
2026-09-10T01:36:27Z [1,458ms] [Warning] [carb.omniclient.plugin]  45: OmniHub: ThreadId(02) Hub encountered error. Trying to reconnect to Hub. retry_reason="Hub failed to launch: Io(\"child exited with exit status: 1 without writing file \\\"/tmp/hub-ubuntu-CEE3187E.config.json\\\"\")"
2026-09-10T01:36:27Z [1,640ms] [Warning] [carb.omniclient.plugin]  45: OmniHub: ThreadId(02) Hub encountered error. Trying to reconnect to Hub. retry_reason="Hub failed to launch: Io(\"child exited with exit status: 1 without writing file \\\"/tmp/hub-ubuntu-CEE3187E.config.json\\\"\")"
2026-09-10T01:36:28Z [1,832ms] [Warning] [carb.omniclient.plugin]  45: OmniHub: ThreadId(02) Hub encountered error. Trying to reconnect to Hub. retry_reason="Hub failed to launch: Io(\"child exited with exit status: 1 without writing file \\\"/tmp/hub-ubuntu-CEE3187E.config.json\\\"\")"
2026-09-10T01:36:28Z [2,034ms] [Warning] [carb.omniclient.plugin]  45: OmniHub: ThreadId(02) Hub encountered error. Trying to reconnect to Hub. retry_reason="Hub failed to launch: Io(\"child exited with exit status: 1 without writing file \\\"/tmp/hub-ubuntu-CEE3187E.config.json\\\"\")"
2026-09-10T01:36:28Z [2,247ms] [Warning] [carb.omniclient.plugin]  45: OmniHub: ThreadId(02) Hub encountered error. Trying to reconnect to Hub. retry_reason="Hub failed to launch: Io(\"child exited with exit status: 1 without writing file \\\"/tmp/hub-ubuntu-CEE3187E.config.json\\\"\")"
2026-09-10T01:36:28Z [2,469ms] [Warning] [carb.omniclient.plugin]  45: OmniHub: ThreadId(02) Hub encountered error. Trying to reconnect to Hub. retry_reason="Hub failed to launch: Io(\"child exited with exit status: 1 without writing file \\\"/tmp/hub-ubuntu-CEE3187E.config.json\\\"\")"
2026-09-10T01:36:29Z [2,702ms] [Warning] [carb.omniclient.plugin]  45: OmniHub: ThreadId(02) Hub encountered error. Trying to reconnect to Hub. retry_reason="Hub failed to launch: Io(\"child exited with exit status: 1 without writing file \\\"/tmp/hub-ubuntu-CEE3187E.config.json\\\"\")"
2026-09-10T01:36:29Z [2,945ms] [Warning] [carb.omniclient.plugin]  45: OmniHub: ThreadId(02) Hub encountered error. Trying to reconnect to Hub. retry_reason="Hub failed to launch: Io(\"child exited with exit status: 1 without writing file \\\"/tmp/hub-ubuntu-CEE3187E.config.json\\\"\")"
2026-09-10T01:36:29Z [3,198ms] [Warning] [carb.omniclient.plugin]  45: OmniHub: ThreadId(02) Hub encountered error. Trying to reconnect to Hub. retry_reason="Hub failed to launch: Io(\"child exited with exit status: 1 without writing file \\\"/tmp/hub-ubuntu-CEE3187E.config.json\\\"\")"
2026-09-10T01:36:29Z [3,462ms] [Warning] [carb.omniclient.plugin]  45: OmniHub: ThreadId(02) Hub encountered error. Trying to reconnect to Hub. retry_reason="Hub failed to launch: Io(\"child exited with exit status: 1 without writing file \\\"/tmp/hub-ubuntu-CEE3187E.config.json\\\"\")"
2026-09-10T01:36:30Z [3,735ms] [Warning] [carb.omniclient.plugin]  45: OmniHub: ThreadId(02) Hub encountered error. Trying to reconnect to Hub. retry_reason="Hub failed to launch: Io(\"child exited with exit status: 1 without writing file \\\"/tmp/hub-ubuntu-CEE3187E.config.json\\\"\")"
2026-09-10T01:36:30Z [4,017ms] [Warning] [carb.omniclient.plugin]  45: OmniHub: ThreadId(02) Hub encountered error. Trying to reconnect to Hub. retry_reason="Hub failed to launch: Io(\"child exited with exit status: 1 without writing file \\\"/tmp/hub-ubuntu-CEE3187E.config.json\\\"\")"
2026-09-10T01:36:30Z [4,309ms] [Warning] [carb.omniclient.plugin]  45: OmniHub: ThreadId(02) Hub encountered error. Trying to reconnect to Hub. retry_reason="Hub failed to launch: Io(\"child exited with exit status: 1 without writing file \\\"/tmp/hub-ubuntu-CEE3187E.config.json\\\"\")"
2026-09-10T01:36:30Z [4,610ms] [Warning] [carb.omniclient.plugin]  45: OmniHub: ThreadId(02) Hub encountered error. Trying to reconnect to Hub. retry_reason="Hub failed to launch: Io(\"child exited with exit status: 1 without writing file \\\"/tmp/hub-ubuntu-CEE3187E.config.json\\\"\")"
2026-09-10T01:36:31Z [4,920ms] [Warning] [carb.omniclient.plugin]  45: OmniHub: ThreadId(02) Hub encountered error. Trying to reconnect to Hub. retry_reason="Hub failed to launch: Io(\"child exited with exit status: 1 without writing file \\\"/tmp/hub-ubuntu-CEE3187E.config.json\\\"\")"
2026-09-10T01:36:31Z [5,243ms] [Warning] [carb.omniclient.plugin]  45: OmniHub: ThreadId(02) Hub encountered error. Trying to reconnect to Hub. retry_reason="Hub failed to launch: Io(\"child exited with exit status: 1 without writing file \\\"/tmp/hub-ubuntu-CEE3187E.config.json\\\"\")"
2026-09-10T01:36:31Z [5,576ms] [Warning] [carb.omniclient.plugin]  45: OmniHub: ThreadId(02) Hub encountered error. Trying to reconnect to Hub. retry_reason="Hub failed to launch: Io(\"child exited with exit status: 1 without writing file \\\"/tmp/hub-ubuntu-CEE3187E.config.json\\\"\")"
2026-09-10T01:36:32Z [5,918ms] [Warning] [carb.omniclient.plugin]  45: OmniHub: ThreadId(02) Hub encountered error. Trying to reconnect to Hub. retry_reason="Hub failed to launch: Io(\"child exited with exit status: 1 without writing file \\\"/tmp/hub-ubuntu-CEE3187E.config.json\\\"\")"
2026-09-10T01:36:32Z [6,270ms] [Warning] [carb.omniclient.plugin]  45: OmniHub: ThreadId(02) Hub encountered error. Trying to reconnect to Hub. retry_reason="Hub failed to launch: Io(\"child exited with exit status: 1 without writing file \\\"/tmp/hub-ubuntu-CEE3187E.config.json\\\"\")"
2026-09-10T01:36:32Z [6,632ms] [Warning] [carb.omniclient.plugin]  45: OmniHub: ThreadId(02) Hub encountered error. Trying to reconnect to Hub. retry_reason="Hub failed to launch: Io(\"child exited with exit status: 1 without writing file \\\"/tmp/hub-ubuntu-CEE3187E.config.json\\\"\")"
2026-09-10T01:36:33Z [7,005ms] [Warning] [carb.omniclient.plugin]  45: OmniHub: ThreadId(02) Hub encountered error. Trying to reconnect to Hub. retry_reason="Hub failed to launch: Io(\"child exited with exit status: 1 without writing file \\\"/tmp/hub-ubuntu-CEE3187E.config.json\\\"\")"
2026-09-10T01:36:33Z [7,386ms] [Warning] [carb.omniclient.plugin]  45: OmniHub: ThreadId(02) Hub encountered error. Trying to reconnect to Hub. retry_reason="Hub failed to launch: Io(\"child exited with exit status: 1 without writing file \\\"/tmp/hub-ubuntu-CEE3187E.config.json\\\"\")"
2026-09-10T01:36:34Z [7,779ms] [Warning] [carb.omniclient.plugin]  45: OmniHub: ThreadId(02) Hub encountered error. Trying to reconnect to Hub. retry_reason="Hub failed to launch: Io(\"child exited with exit status: 1 without writing file \\\"/tmp/hub-ubuntu-CEE3187E.config.json\\\"\")"
2026-09-10T01:36:34Z [8,181ms] [Warning] [carb.omniclient.plugin]  45: OmniHub: ThreadId(02) Hub encountered error. Trying to reconnect to Hub. retry_reason="Hub failed to launch: Io(\"child exited with exit status: 1 without writing file \\\"/tmp/hub-ubuntu-CEE3187E.config.json\\\"\")"
2026-09-10T01:36:34Z [8,594ms] [Warning] [carb.omniclient.plugin]  45: OmniHub: ThreadId(02) Hub encountered error. Trying to reconnect to Hub. retry_reason="Hub failed to launch: Io(\"child exited with exit status: 1 without writing file \\\"/tmp/hub-ubuntu-CEE3187E.config.json\\\"\")"
2026-09-10T01:36:35Z [9,016ms] [Warning] [carb.omniclient.plugin]  45: OmniHub: ThreadId(02) Hub encountered error. Trying to reconnect to Hub. retry_reason="Hub failed to launch: Io(\"child exited with exit status: 1 without writing file \\\"/tmp/hub-ubuntu-CEE3187E.config.json\\\"\")"
2026-09-10T01:36:35Z [9,449ms] [Warning] [carb.omniclient.plugin]  45: OmniHub: ThreadId(02) Hub encountered error. Trying to reconnect to Hub. retry_reason="Hub failed to launch: Io(\"child exited with exit status: 1 without writing file \\\"/tmp/hub-ubuntu-CEE3187E.config.json\\\"\")"
2026-09-10T01:36:36Z [9,892ms] [Warning] [carb.omniclient.plugin]  45: OmniHub: ThreadId(02) Hub encountered error. Trying to reconnect to Hub. retry_reason="Hub failed to launch: Io(\"child exited with exit status: 1 without writing file \\\"/tmp/hub-ubuntu-CEE3187E.config.json\\\"\")"
2026-09-10T01:36:36Z [10,345ms] [Info] [carb.omniclient.plugin]  Main: core: Not using Hub: Client has been shutdown. Reason: Hub failed to launch: Io("child exited with exit status: 1 without writing file \"/tmp/hub-ubuntu-CEE3187E.config.json\"")
WARNING: All log messages before absl::InitializeLog() is called are written to STDERR
E0000 00:00:1789004196.667902      11 descriptor_database.cc:633] File already exists in database: grpc/health/v1/health.proto
W0000 00:00:1789004196.667927      11 message.cc:301] Protobuf GeneratedMessageFactory: File is already registered: grpc/health/v1/health.proto
2026-09-10T01:36:36Z [10,345ms] [Info] [omni.ext.plugin] [ext: omni.client-1.3.0] started, startup time: 10286 (ms)
2026-09-10T01:36:36Z [10,345ms] [Info] [omni.ext.plugin] About to startup: [ext: omni.protobuf.lib-1.0.0] (order: 0) Triggered by: omni.grpc.lib-1.0.0 (path: /isaac-sim/extscache/omni.protobuf.lib-1.0.0+f9bf0dda.la64.r)
2026-09-10T01:36:36Z [10,345ms] [Info] [omni.kit.app.plugin] [10.376s] [ext: omni.protobuf.lib-1.0.0] startup
2026-09-10T01:36:36Z [10,345ms] [Info] [carb] Registered plugin: omni.usd.hydra.protoserializerregistry.plugin (interfaces: [omni::usd::hydra::IProtoSerializerRegistry v0.1]) (impl: omni.usd.hydra.protoserializerregistry.plugin)
2026-09-10T01:36:36Z [10,345ms] [Info] [omni.ext.plugin] [ext: omni.protobuf.lib-1.0.0] started, startup time: 0 (ms)
2026-09-10T01:36:36Z [10,345ms] [Info] [omni.ext.plugin] About to startup: [ext: omni.grpc.lib-1.0.0] (order: 0) Triggered by: omni.datastore-0.0.0 (path: /isaac-sim/extscache/omni.grpc.lib-1.0.0+f9bf0dda.la64.r)
2026-09-10T01:36:36Z [10,345ms] [Info] [omni.kit.app.plugin] [10.376s] [ext: omni.grpc.lib-1.0.0] startup
2026-09-10T01:36:36Z [10,349ms] [Info] [carb] Registered plugin: omni.grpc.lib.plugin (interfaces: [omni::ext::IExt v0.1]) (impl: omni.grpc.lib.plugin)
2026-09-10T01:36:36Z [10,349ms] [Info] [carb] Initializing plugin: omni.grpc.lib.plugin (interfaces: [omni::ext::IExt v0.1]) (impl: omni.grpc.lib.plugin)
2026-09-10T01:36:36Z [10,349ms] [Info] [omni.ext.plugin] [ext: omni.grpc.lib-1.0.0] Starting ext::IExt in '/isaac-sim/extscache/omni.grpc.lib-1.0.0+f9bf0dda.la64.r/bin/libomni.grpc.lib.so'
2026-09-10T01:36:36Z [10,349ms] [Info] [omni.ext.plugin] [ext: omni.grpc.lib-1.0.0] started, startup time: 3 (ms)
2026-09-10T01:36:36Z [10,349ms] [Info] [omni.ext.plugin] About to startup: [ext: omni.metrics.core-0.0.3] (order: 0) Triggered by: omni.datastore-0.0.0 (path: /isaac-sim/extscache/omni.metrics.core-0.0.3+f9bf0dda.la64.r)
2026-09-10T01:36:36Z [10,349ms] [Info] [omni.kit.app.plugin] [10.380s] [ext: omni.metrics.core-0.0.3] startup
2026-09-10T01:36:36Z [10,349ms] [Info] [carb] Registered plugin: carb.metrics.plugin (interfaces: [carb::metrics::IMetrics v1.0]) (impl: carb.metrics.plugin)
2026-09-10T01:36:36Z [10,349ms] [Info] [omni.ext.plugin] [ext: omni.metrics.core-0.0.3] started, startup time: 0 (ms)
2026-09-10T01:36:36Z [10,349ms] [Info] [omni.ext.plugin] About to startup: [ext: omni.datastore-0.0.0] (order: 0) Triggered by: omni.ujitso.default-1.0.0 (path: /isaac-sim/extscache/omni.datastore-0.0.0+f9bf0dda.la64.r)
2026-09-10T01:36:36Z [10,349ms] [Info] [omni.kit.app.plugin] [10.380s] [ext: omni.datastore-0.0.0] startup
2026-09-10T01:36:36Z [10,349ms] [Info] [carb] Registered plugin: omni.datastore.ext.plugin (interfaces: [carb::datastore::IGRPCDataStore v0.3],[carb::datastore::IGRPCDataStoreServer v0.1],[omni::ext::IExt v0.1]) (impl: omni.datastore.ext.plugin)
2026-09-10T01:36:36Z [10,349ms] [Info] [carb] Registered plugin: carb.datastore.plugin (interfaces: [carb::datastore::ICombinedDataStore v0.1],[carb::datastore::IFailureInjectionDataStoreFactory v0.1],[carb::datastore::ILocalDataStore v0.2],[carb::datastore::INucleusDataStore v0.1],[carb::datastore::IOmniHubDataStore v0.2],[carb::datastore::IProfileDataStore v0.2],[carb::datastore::IWriteBackDataStore v0.3]) (impl: carb.datastore.plugin)
2026-09-10T01:36:36Z [10,349ms] [Info] [carb] Initializing plugin: omni.datastore.ext.plugin (interfaces: [carb::datastore::IGRPCDataStore v0.3],[carb::datastore::IGRPCDataStoreServer v0.1],[omni::ext::IExt v0.1]) (impl: omni.datastore.ext.plugin)
2026-09-10T01:36:36Z [10,349ms] [Info] [omni.ext.plugin] [ext: omni.datastore-0.0.0] Starting ext::IExt in '/isaac-sim/extscache/omni.datastore-0.0.0+f9bf0dda.la64.r/bin/libomni.datastore.ext.plugin.so'
2026-09-10T01:36:36Z [10,350ms] [Info] [omni.ext.plugin] [ext: omni.datastore-0.0.0] started, startup time: 0 (ms)
2026-09-10T01:36:36Z [10,350ms] [Info] [omni.ext.plugin] About to startup: [ext: omni.gpu_foundation.shadercache.vulkan-1.0.0] (order: 0) Triggered by: omni.gpu_foundation-0.0.0 (path: /isaac-sim/extscache/omni.gpu_foundation.shadercache.vulkan-1.0.0+f9bf0dda.la64.r)
2026-09-10T01:36:36Z [10,350ms] [Info] [omni.kit.app.plugin] [10.381s] [ext: omni.gpu_foundation.shadercache.vulkan-1.0.0] startup
2026-09-10T01:36:36Z [10,352ms] [Info] [omni.ext._impl._internal] Searching for classes derived from 'omni.ext.IExt' in 'omni.gpu_foundation.shadercache.vulkan' ('/isaac-sim/extscache/omni.gpu_foundation.shadercache.vulkan-1.0.0+f9bf0dda.la64.r')
2026-09-10T01:36:36Z [10,352ms] [Info] [omni.ext._impl._internal] Found class `_ShaderCacheExt` derived from `omni.ext.IExt` in module: 'omni.gpu_foundation.shadercache.vulkan' in '/isaac-sim/extscache/omni.gpu_foundation.shadercache.vulkan-1.0.0+f9bf0dda.la64.r'. Calling `on_startup`.
2026-09-10T01:36:36Z [10,352ms] [Info] [omni.gpu_foundation_factory.impl.foundation_extension] appShaderCachePathList: /isaac-sim/extscache/omni.gpu_foundation.shadercache.vulkan-1.0.0+f9bf0dda.la64.r/cache/shadercache
2026-09-10T01:36:36Z [10,352ms] [Info] [omni.gpu_foundation_factory.impl.foundation_extension] appShaderCachePath: /isaac-sim/extscache/omni.gpu_foundation.shadercache.vulkan-1.0.0+f9bf0dda.la64.r/cache/shadercache
2026-09-10T01:36:36Z [10,352ms] [Info] [omni.gpu_foundation_factory.impl.foundation_extension] shaderCachePath: /isaac-sim/kit/cache/shadercache
2026-09-10T01:36:36Z [10,352ms] [Info] [omni.gpu_foundation_factory.impl.foundation_extension] driverAppShaderCachePath: /isaac-sim/extscache/omni.gpu_foundation.shadercache.vulkan-1.0.0+f9bf0dda.la64.r/cache/nv_shadercache
2026-09-10T01:36:36Z [10,352ms] [Info] [omni.gpu_foundation_factory.impl.foundation_extension] driverShaderCachePath: /isaac-sim/kit/cache/nv_shadercache
2026-09-10T01:36:36Z [10,352ms] [Info] [omni.ext.plugin] [ext: omni.gpu_foundation.shadercache.vulkan-1.0.0] started, startup time: 2 (ms)
2026-09-10T01:36:36Z [10,352ms] [Info] [omni.ext.plugin] About to startup: [ext: omni.hsscclient-1.1.4] (order: 0) Triggered by: omni.gpu_foundation-0.0.0, omni.ujitso.default-1.0.0 (path: /isaac-sim/extscache/omni.hsscclient-1.1.4+f9bf0dda.la64.r.cp312)
2026-09-10T01:36:36Z [10,352ms] [Info] [omni.kit.app.plugin] [10.384s] [ext: omni.hsscclient-1.1.4] startup
2026-09-10T01:36:36Z [10,352ms] [Info] [carb] Registered plugin: carb.hsscclient.plugin (interfaces: [carb::HsscClient::IClient v1.1],[carb::HsscClient::IDataStore v1.1],[carb::HsscClient::IServiceDiscovery v1.1]) (impl: carb.hsscclient.plugin)
2026-09-10T01:36:36Z [10,353ms] [Info] [omni.ext._impl._internal] Searching for classes derived from 'omni.ext.IExt' in 'omni.hsscclient' ('/isaac-sim/extscache/omni.hsscclient-1.1.4+f9bf0dda.la64.r.cp312')
2026-09-10T01:36:36Z [10,353ms] [Info] [omni.ext.plugin] [ext: omni.hsscclient-1.1.4] started, startup time: 0 (ms)
2026-09-10T01:36:36Z [10,353ms] [Info] [omni.ext.plugin] About to startup: [ext: omni.stats-1.0.1] (order: 0) Triggered by: omni.gpu_foundation-0.0.0, omni.ujitso.default-1.0.0 (path: /isaac-sim/extscache/omni.stats-1.0.1+f9bf0dda.la64.r.cp312)
2026-09-10T01:36:36Z [10,353ms] [Info] [omni.kit.app.plugin] [10.384s] [ext: omni.stats-1.0.1] startup
2026-09-10T01:36:36Z [10,353ms] [Info] [carb] Registered plugin: carb.stats.plugin (interfaces: [carb::stats::IStats v2.2]) (impl: carb.stats.plugin)
2026-09-10T01:36:36Z [10,353ms] [Info] [omni.ext._impl._internal] Searching for classes derived from 'omni.ext.IExt' in 'omni.stats' ('/isaac-sim/extscache/omni.stats-1.0.1+f9bf0dda.la64.r.cp312')
2026-09-10T01:36:36Z [10,353ms] [Info] [omni.ext.plugin] [ext: omni.stats-1.0.1] started, startup time: 0 (ms)
2026-09-10T01:36:36Z [10,353ms] [Info] [omni.ext.plugin] About to startup: [ext: omni.ujitso.default-1.0.0] (order: 0) Triggered by: omni.physx.cooking-110.1.13,  (path: /isaac-sim/extscache/omni.ujitso.default-1.0.0+f9bf0dda.la64.r.cp312)
2026-09-10T01:36:36Z [10,353ms] [Info] [omni.kit.app.plugin] [10.384s] [ext: omni.ujitso.default-1.0.0] startup
2026-09-10T01:36:36Z [10,353ms] [Info] [carb] Registered plugin: carb.ujitsoagent.plugin (interfaces: [carb::ujitso::IAgent v0.5],[carb::ujitso::IFactory v0.2],[carb::ujitso::IRegistry v0.2],[carb::ujitso::IService v0.10]) (impl: carb.ujitsoagent.plugin)
2026-09-10T01:36:36Z [10,353ms] [Info] [carb] Registered plugin: carb.ujitsodefault.plugin (interfaces: [carb::ujitso::IDefault v0.1]) (impl: carb.ujitsodefault.plugin)
2026-09-10T01:36:36Z [10,353ms] [Info] [carb] Registered plugin: omni.ujitso.default.ext.plugin (interfaces: [omni::ext::IExt v0.1]) (impl: omni.ujitso.default.ext.plugin)
2026-09-10T01:36:36Z [10,353ms] [Info] [carb] Initializing plugin: omni.ujitso.default.ext.plugin (interfaces: [omni::ext::IExt v0.1]) (impl: omni.ujitso.default.ext.plugin)
2026-09-10T01:36:36Z [10,354ms] [Info] [omni.ext.plugin] [ext: omni.ujitso.default-1.0.0] Starting ext::IExt in '/isaac-sim/extscache/omni.ujitso.default-1.0.0+f9bf0dda.la64.r.cp312/bin/libomni.ujitso.default.ext.plugin.so'
2026-09-10T01:36:36Z [10,354ms] [Info] [carb] Initializing plugin: carb.ujitsodefault.plugin (interfaces: [carb::ujitso::IDefault v0.1]) (impl: carb.ujitsodefault.plugin)
2026-09-10T01:36:36Z [10,354ms] [Info] [carb] Initializing plugin: carb.hsscclient.plugin (interfaces: [carb::HsscClient::IClient v1.1],[carb::HsscClient::IDataStore v1.1],[carb::HsscClient::IServiceDiscovery v1.1]) (impl: carb.hsscclient.plugin)
2026-09-10T01:36:36Z [10,354ms] [Info] [carb.ujitsodefault.plugin] createHsscDataStoreFromConfig: hssc service skipping discovery because uri empty
2026-09-10T01:36:36Z [10,354ms] [Info] [carb] Initializing plugin: carb.datastore.plugin (interfaces: [carb::datastore::ICombinedDataStore v0.1],[carb::datastore::IFailureInjectionDataStoreFactory v0.1],[carb::datastore::ILocalDataStore v0.2],[carb::datastore::INucleusDataStore v0.1],[carb::datastore::IOmniHubDataStore v0.2],[carb::datastore::IProfileDataStore v0.2],[carb::datastore::IWriteBackDataStore v0.3]) (impl: carb.datastore.plugin)
2026-09-10T01:36:36Z [10,354ms] [Info] [carb] Initializing plugin: omni.blobkey.plugin (interfaces: [omni::blobkey::IBlobKey v1.1]) (impl: omni.blobkey.plugin)
2026-09-10T01:36:36Z [10,354ms] [Info] [omni.datastore] Locked base cache layer '/isaac-sim/kit/cache/DerivedDataCache'
2026-09-10T01:36:36Z [10,354ms] [Info] [omni.datastore] Found existing cache sub folder. Merging /isaac-sim/kit/cache/DerivedDataCache/1
2026-09-10T01:36:36Z [10,354ms] [Info] [omni.datastore] Found existing cache sub folder. Merging /isaac-sim/kit/cache/DerivedDataCache/2
2026-09-10T01:36:36Z [10,354ms] [Info] [omni.datastore] Found existing cache sub folder. Merging /isaac-sim/kit/cache/DerivedDataCache/3
2026-09-10T01:36:36Z [10,354ms] [Info] [omni.datastore] Found existing cache sub folder. Merging /isaac-sim/kit/cache/DerivedDataCache/4
2026-09-10T01:36:36Z [10,355ms] [Info] [carb.ujitsodefault.plugin] DataStoreConfigurator[UJITSOCache]: created local datastore on: '/isaac-sim/kit/cache/DerivedDataCache'
2026-09-10T01:36:36Z [10,355ms] [Info] [carb] Initializing plugin: carb.ujitsoagent.plugin (interfaces: [carb::ujitso::IAgent v0.5],[carb::ujitso::IFactory v0.2],[carb::ujitso::IRegistry v0.2],[carb::ujitso::IService v0.10]) (impl: carb.ujitsoagent.plugin)
2026-09-10T01:36:36Z [10,355ms] [Info] [carb.ujitsoagent.plugin] UJITSO: ProcessorRegistry(): globalProcessorVersion:0, addKitGitHashToVersion:0, resolvedGitHash:''
2026-09-10T01:36:36Z [10,355ms] [Info] [carb] Initializing plugin: carb.stats.plugin (interfaces: [carb::stats::IStats v2.2]) (impl: carb.stats.plugin)
2026-09-10T01:36:36Z [10,355ms] [Info] [carb] Initializing plugin: carb.datasource-omniclient.plugin (interfaces: [carb::datasource::IDataSource v1.1]) (impl: carb.datasource-omniclient.plugin)
2026-09-10T01:36:36Z [10,356ms] [Info] [omni.ext._impl._internal] Searching for classes derived from 'omni.ext.IExt' in 'omni.ujitso.default' ('/isaac-sim/extscache/omni.ujitso.default-1.0.0+f9bf0dda.la64.r.cp312')
2026-09-10T01:36:36Z [10,356ms] [Info] [omni.ext.plugin] [ext: omni.ujitso.default-1.0.0] started, startup time: 2 (ms)
2026-09-10T01:36:36Z [10,356ms] [Info] [omni.ext.plugin] About to startup: [ext: omni.gpu_foundation-0.0.0] (order: -100000) Triggered by: omni.gpucompute.plugins-0.0.0, omni.physx.foundation-110.1.13, omni.hydra.usdrt_delegate-7.5.2 (path: /isaac-sim/extscache/omni.gpu_foundation-0.0.0+f9bf0dda.la64.r.cp312)
2026-09-10T01:36:36Z [10,356ms] [Info] [omni.kit.app.plugin] [10.387s] [ext: omni.gpu_foundation-0.0.0] startup
2026-09-10T01:36:36Z [10,356ms] [Info] [omni.ext.plugin] Loaded the dynamic library from /isaac-sim/extscache/omni.gpu_foundation-0.0.0+f9bf0dda.la64.r.cp312/bin/deps/libvulkan.so
2026-09-10T01:36:36Z [10,357ms] [Info] [carb] Registered plugin: carb.graphics-vulkan.plugin (interfaces: [carb::graphics::Graphics v3.9],[carb::ngx::Ngx v0.11]) (impl: carb.graphics-vulkan.plugin)
2026-09-10T01:36:36Z [10,357ms] [Info] [carb] Registered plugin: carb.graphics_optional.plugin (interfaces: [carb::graphics::IOptionalFeatures v2.1]) (impl: carb.graphics_optional.plugin)
2026-09-10T01:36:36Z [10,357ms] [Info] [carb] Registered plugin: carb.shadercompiler-slang.plugin (interfaces: [carb::shadercompiler::ShaderCompiler v0.6]) (impl: carb.shadercompiler-slang.plugin)
2026-09-10T01:36:36Z [10,358ms] [Info] [carb] Registered plugin: gpu.foundation.plugin (interfaces: [carb::graphicsmux::GraphicsMux v2.7],[gpu::foundation::IGpuFoundationFactory v1.0],[gpu::foundation::ISystemInfo v0.9],[gpu::realm::Realm v0.1],[gpu::unstable::IMemoryBudgetManagerFactory v0.1],[gpu::vblank::IVBlank v0.1],[rtx::psodb::PsoDb v0.7],[rtx::rendergraph::RenderGraphBuilder v0.17],[rtx::resourcemanager::IResourceManagerContextPrivate v1.0],[rtx::resourcemanager::ResourceManager v2.3],[rtx::shaderdb::ShaderDb v1.13]) (impl: gpu.foundation.plugin)
2026-09-10T01:36:36Z [10,358ms] [Info] [carb] Registered plugin: omni.perfmonitor.plugin (interfaces: [omni::perfmonitor::IPerfMonitor v2.0]) (impl: omni.perfmonitor.plugin)
2026-09-10T01:36:36Z [10,358ms] [Info] [carb] Registered plugin: carb.blockcompression.plugin (interfaces: [carb::blockcompression::BlockCompression v0.2]) (impl: carb.blockcompression.plugin)
2026-09-10T01:36:36Z [10,358ms] [Info] [carb] Registered plugin: carb.cudainterop.plugin (interfaces: [carb::cudainterop::CudaInterop v0.20]) (impl: carb.cudainterop.plugin)
2026-09-10T01:36:36Z [10,359ms] [Info] [carb] Registered plugin: carb.glinterop.plugin (interfaces: [carb::glinterop::GLInterop v0.8]) (impl: carb.glinterop.plugin)
2026-09-10T01:36:36Z [10,359ms] [Info] [carb] Registered plugin: carb.failureinjector (interfaces: [carb::IFailureInjector v1.0]) (impl: carb.failureinjector)
2026-09-10T01:36:36Z [10,360ms] [Info] [carb] Registered plugin: carb.memorytracking (interfaces: [carb::memorytracking2::IGpuMemoryTracker v3.1],[carb::memorytracking::IGpuMemoryTracker v0.0],[carb::memorytracking::IMemoryScopeTracker v1.0],[carb::tasking::IFiberEvents v1.0]) (impl: carb.memorytracking)
2026-09-10T01:36:36Z [10,360ms] [Info] [carb] Registered plugin: omni.gpu_foundation.ext.plugin (interfaces: [omni::ext::IExt v0.1]) (impl: omni.gpu_foundation.ext.plugin)
2026-09-10T01:36:36Z [10,360ms] [Info] [carb] Registered plugin: omni.gpu_foundation_factory.plugin (interfaces: [omni::gpufoundation::IGpuFoundationFactory v0.1]) (impl: omni.gpu_foundation_factory.plugin)
2026-09-10T01:36:36Z [10,360ms] [Info] [carb] Registered plugin: carb.imguiregistry.plugin (interfaces: [carb::imgui::ImGuiCallbackRegistry v1.0]) (impl: carb.imguiregistry.plugin)
2026-09-10T01:36:36Z [10,360ms] [Info] [carb] Registered plugin: omni.streamingstatus.plugin (interfaces: [omni::IStreamingStatusManager v1.2]) (impl: omni.streamingstatus.plugin)
2026-09-10T01:36:36Z [10,360ms] [Info] [carb] Registered plugin: carb.ujitso.processor.texture.plugin (interfaces: [carb::ujitso::processor::ITextureProcessorLoader v0.1]) (impl: carb.ujitso.processor.texture.plugin)
2026-09-10T01:36:36Z [10,360ms] [Info] [carb] Initializing plugin: omni.gpu_foundation.ext.plugin (interfaces: [omni::ext::IExt v0.1]) (impl: omni.gpu_foundation.ext.plugin)
2026-09-10T01:36:36Z [10,360ms] [Info] [omni.ext.plugin] [ext: omni.gpu_foundation-0.0.0] Starting ext::IExt in '/isaac-sim/extscache/omni.gpu_foundation-0.0.0+f9bf0dda.la64.r.cp312/bin/libomni.gpu_foundation.ext.plugin.so'
2026-09-10T01:36:36Z [10,360ms] [Info] [carb] Initializing plugin: omni.gpu_foundation_factory.plugin (interfaces: [omni::gpufoundation::IGpuFoundationFactory v0.1]) (impl: omni.gpu_foundation_factory.plugin)
2026-09-10T01:36:36Z [10,360ms] [Info] [omni.gpu_foundation_factory.plugin] [Graphics API] Vulkan

2026-09-10T01:36:36Z [10,360ms] [Info] [carb] Initializing plugin: carb.graphics-vulkan.plugin (interfaces: [carb::graphics::Graphics v3.9],[carb::ngx::Ngx v0.11]) (impl: carb.graphics-vulkan.plugin)
2026-09-10T01:36:36Z [10,360ms] [Info] [omni.rtx] Environment variable overridden: VK_SDK_PATH = 
2026-09-10T01:36:36Z [10,360ms] [Info] [omni.rtx] Environment variable overridden: VULKAN_SDK = 
2026-09-10T01:36:36Z [10,360ms] [Info] [omni.rtx] Environment variable overridden: VK_LAYER_PATH = 
2026-09-10T01:36:36Z [10,360ms] [Info] [omni.rtx] Environment variable overridden: VK_INSTANCE_LAYERS = 
2026-09-10T01:36:36Z [10,360ms] [Info] [omni.rtx] Environment variable overridden: VULKAN_HEADERS_INSTALL_DIR = 
2026-09-10T01:36:36Z [10,360ms] [Info] [carb] Initializing plugin: carb.profiler.gpu.plugin (interfaces: [carb::profiler::IGpuProfiler v0.8]) (impl: carb.profiler.gpu.plugin)
2026-09-10T01:36:36Z [10,360ms] [Info] [carb] Initializing plugin: carb.progress.plugin (interfaces: [carb::progress::IProgress v1.0]) (impl: carb.progress.plugin)
2026-09-10T01:36:36Z [10,360ms] [Info] [omni.ext._impl._internal] Searching for classes derived from 'omni.ext.IExt' in 'omni.gpu_foundation_factory' ('/isaac-sim/extscache/omni.gpu_foundation-0.0.0+f9bf0dda.la64.r.cp312')
2026-09-10T01:36:36Z [10,360ms] [Info] [omni.ext._impl._internal] Found class `GpuFoundationConfig` derived from `omni.ext.IExt` in module: 'omni.gpu_foundation_factory' in '/isaac-sim/extscache/omni.gpu_foundation-0.0.0+f9bf0dda.la64.r.cp312'. Calling `on_startup`.
2026-09-10T01:36:36Z [10,361ms] [Info] [omni.ext.plugin] [ext: omni.gpu_foundation-0.0.0] started, startup time: 4 (ms)
2026-09-10T01:36:36Z [10,361ms] [Info] [omni.ext.plugin] About to startup: [ext: omni.gpucompute.plugins-0.0.0] (order: 0) Triggered by: omni.physx-110.1.13, usdrt.scenegraph-7.6.3, omni.hydra.usdrt_delegate-7.5.2 (path: /isaac-sim/extscache/omni.gpucompute.plugins-0.0.0+f9bf0dda.la64.r)
2026-09-10T01:36:36Z [10,361ms] [Info] [omni.kit.app.plugin] [10.392s] [ext: omni.gpucompute.plugins-0.0.0] startup
2026-09-10T01:36:36Z [10,361ms] [Info] [carb] Registered plugin: omni.gpucompute-cuda.plugin (interfaces: [omni::gpucompute::GpuCompute v0.3]) (impl: omni.gpucompute-cuda.plugin)
2026-09-10T01:36:36Z [10,361ms] [Info] [carb] Registered plugin: omni.gpucompute-d3dvk.plugin (interfaces: [omni::gpucompute::ComputeCompiler v0.1],[omni::gpucompute::GpuCompute v0.3]) (impl: omni.gpucompute-d3dvk.plugin)
2026-09-10T01:36:36Z [10,361ms] [Info] [omni.ext.plugin] [ext: omni.gpucompute.plugins-0.0.0] started, startup time: 0 (ms)
2026-09-10T01:36:36Z [10,361ms] [Info] [omni.ext.plugin] About to startup: [ext: omni.usd.config-1.0.7] (order: 0) Triggered by: omni.usd.libs-1.0.3 (path: /isaac-sim/extscache/omni.usd.config-1.0.7+f9bf0dda)
2026-09-10T01:36:36Z [10,361ms] [Info] [omni.kit.app.plugin] [10.392s] [ext: omni.usd.config-1.0.7] startup
2026-09-10T01:36:36Z [10,362ms] [Info] [omni.ext._impl._internal] Searching for classes derived from 'omni.ext.IExt' in 'omni.usd_config' ('/isaac-sim/extscache/omni.usd.config-1.0.7+f9bf0dda')
2026-09-10T01:36:36Z [10,362ms] [Info] [omni.ext._impl._internal] Found class `Extension` derived from `omni.ext.IExt` in module: 'omni.usd_config' in '/isaac-sim/extscache/omni.usd.config-1.0.7+f9bf0dda'. Calling `on_startup`.
2026-09-10T01:36:36Z [10,364ms] [Warning] [omni.usd_config.extension] Enable omni.materialx.libs extension to use MaterialX
2026-09-10T01:36:36Z [10,364ms] [Info] [omni.ext.plugin] [ext: omni.usd.config-1.0.7] started, startup time: 3 (ms)
2026-09-10T01:36:36Z [10,364ms] [Info] [omni.ext.plugin] About to startup: [ext: omni.usd.libs-1.0.3] (order: -1000) Triggered by: omni.physx-110.1.13, omni.kit.usd.mdl-1.1.9, omni.usd.schema.physx-110.1.13, omni.usdphysics-110.1.13, omni.physx.cooking-110.1.13, omni.usd.schema.newton-1.2.1, omni.physics.tensors-110.1.13, omni.usd.core-1.8.3, omni.usd.metrics.assembler-110.1.2, omni.kit.usd.layers-2.6.1, omni.usd.schema.mujoco-1.1.1, omni.usdex.libs-2.2.2, omni.convexdecomposition-110.1.13, omni.kit.exec.core-0.13.5, omni.usd.schema.audio-0.0.1, omni.usd_resolver-1.0.0, omni.usd.schema.metrics.assembler-110.1.0, omni.kit.usd_undo-0.1.8, omni.usd.schema.anim-0.0.1 (path: /isaac-sim/extscache/omni.usd.libs-1.0.3+f9bf0dda.la64.r.cp312)
2026-09-10T01:36:36Z [10,364ms] [Info] [omni.kit.app.plugin] [10.396s] [ext: omni.usd.libs-1.0.3] startup
2026-09-10T01:36:36Z [10,365ms] [Info] [omni.ext.plugin] Loaded the dynamic library from /isaac-sim/extscache/omni.usd.libs-1.0.3+f9bf0dda.la64.r.cp312/bin/libusd_arch.so
2026-09-10T01:36:36Z [10,365ms] [Info] [omni.ext.plugin] Loaded the dynamic library from /isaac-sim/extscache/omni.usd.libs-1.0.3+f9bf0dda.la64.r.cp312/bin/libusd_python.so
2026-09-10T01:36:36Z [10,365ms] [Info] [omni.ext.plugin] Loaded the dynamic library from /isaac-sim/extscache/omni.usd.libs-1.0.3+f9bf0dda.la64.r.cp312/bin/libtbb.so
2026-09-10T01:36:36Z [10,366ms] [Info] [omni.ext.plugin] Loaded the dynamic library from /isaac-sim/extscache/omni.usd.libs-1.0.3+f9bf0dda.la64.r.cp312/bin/libusd_tf.so
2026-09-10T01:36:36Z [10,366ms] [Info] [omni.ext.plugin] Loaded the dynamic library from /isaac-sim/extscache/omni.usd.libs-1.0.3+f9bf0dda.la64.r.cp312/bin/libusd_work.so
2026-09-10T01:36:36Z [10,366ms] [Info] [omni.ext.plugin] Loaded the dynamic library from /isaac-sim/extscache/omni.usd.libs-1.0.3+f9bf0dda.la64.r.cp312/bin/libusd_gf.so
2026-09-10T01:36:36Z [10,366ms] [Info] [omni.ext.plugin] Loaded the dynamic library from /isaac-sim/extscache/omni.usd.libs-1.0.3+f9bf0dda.la64.r.cp312/bin/libusd_js.so
2026-09-10T01:36:36Z [10,366ms] [Info] [omni.ext.plugin] Loaded the dynamic library from /isaac-sim/extscache/omni.usd.libs-1.0.3+f9bf0dda.la64.r.cp312/bin/libusd_trace.so
2026-09-10T01:36:36Z [10,367ms] [Info] [omni.ext.plugin] Loaded the dynamic library from /isaac-sim/extscache/omni.usd.libs-1.0.3+f9bf0dda.la64.r.cp312/bin/libusd_vdf.so
2026-09-10T01:36:36Z [10,367ms] [Info] [omni.ext.plugin] Loaded the dynamic library from /isaac-sim/extscache/omni.usd.libs-1.0.3+f9bf0dda.la64.r.cp312/bin/libusd_ef.so
2026-09-10T01:36:36Z [10,367ms] [Info] [omni.ext.plugin] Loaded the dynamic library from /isaac-sim/extscache/omni.usd.libs-1.0.3+f9bf0dda.la64.r.cp312/bin/libMaterialXRenderHw.so
2026-09-10T01:36:36Z [10,368ms] [Info] [omni.ext.plugin] Loaded the dynamic library from /isaac-sim/extscache/omni.usd.libs-1.0.3+f9bf0dda.la64.r.cp312/bin/libMaterialXCore.so
2026-09-10T01:36:36Z [10,368ms] [Info] [omni.ext.plugin] Loaded the dynamic library from /isaac-sim/extscache/omni.usd.libs-1.0.3+f9bf0dda.la64.r.cp312/bin/libMaterialXFormat.so
2026-09-10T01:36:36Z [10,368ms] [Info] [omni.ext.plugin] Loaded the dynamic library from /isaac-sim/extscache/omni.usd.libs-1.0.3+f9bf0dda.la64.r.cp312/bin/libMaterialXGenShader.so
2026-09-10T01:36:36Z [10,368ms] [Info] [omni.ext.plugin] Loaded the dynamic library from /isaac-sim/extscache/omni.usd.libs-1.0.3+f9bf0dda.la64.r.cp312/bin/libMaterialXGenGlsl.so
2026-09-10T01:36:36Z [10,368ms] [Info] [omni.ext.plugin] Loaded the dynamic library from /isaac-sim/extscache/omni.usd.libs-1.0.3+f9bf0dda.la64.r.cp312/bin/libMaterialXRender.so
2026-09-10T01:36:36Z [10,368ms] [Info] [omni.ext.plugin] Loaded the dynamic library from /isaac-sim/extscache/omni.usd.libs-1.0.3+f9bf0dda.la64.r.cp312/bin/libMaterialXRenderGlsl.so
2026-09-10T01:36:36Z [10,369ms] [Info] [omni.ext.plugin] Loaded the dynamic library from /isaac-sim/extscache/omni.usd.libs-1.0.3+f9bf0dda.la64.r.cp312/bin/libusd_vt.so
2026-09-10T01:36:36Z [10,370ms] [Info] [omni.ext.plugin] Loaded the dynamic library from /isaac-sim/extscache/omni.usd.libs-1.0.3+f9bf0dda.la64.r.cp312/bin/libosdCPU.so
2026-09-10T01:36:36Z [10,370ms] [Info] [omni.ext.plugin] Loaded the dynamic library from /isaac-sim/extscache/omni.usd.libs-1.0.3+f9bf0dda.la64.r.cp312/bin/libusd_pxOsd.so
2026-09-10T01:36:36Z [10,370ms] [Info] [omni.ext.plugin] Loaded the dynamic library from /isaac-sim/extscache/omni.usd.libs-1.0.3+f9bf0dda.la64.r.cp312/bin/libusd_geomUtil.so
2026-09-10T01:36:36Z [10,370ms] [Info] [omni.ext.plugin] Loaded the dynamic library from /isaac-sim/extscache/omni.usd.libs-1.0.3+f9bf0dda.la64.r.cp312/bin/libusd_cameraUtil.so
2026-09-10T01:36:36Z [10,370ms] [Info] [omni.ext.plugin] Loaded the dynamic library from /isaac-sim/extscache/omni.usd.libs-1.0.3+f9bf0dda.la64.r.cp312/bin/libusd_plug.so
2026-09-10T01:36:36Z [10,370ms] [Info] [omni.ext.plugin] Loaded the dynamic library from /isaac-sim/extscache/omni.usd.libs-1.0.3+f9bf0dda.la64.r.cp312/bin/libusd_hf.so
2026-09-10T01:36:36Z [10,371ms] [Info] [omni.ext.plugin] Loaded the dynamic library from /isaac-sim/extscache/omni.usd.libs-1.0.3+f9bf0dda.la64.r.cp312/bin/libusd_ts.so
2026-09-10T01:36:36Z [10,371ms] [Info] [omni.ext.plugin] Loaded the dynamic library from /isaac-sim/extscache/omni.usd.libs-1.0.3+f9bf0dda.la64.r.cp312/bin/libusd_ar.so
2026-09-10T01:36:36Z [10,374ms] [Info] [omni.ext.plugin] Loaded the dynamic library from /isaac-sim/extscache/omni.usd.libs-1.0.3+f9bf0dda.la64.r.cp312/bin/libusd_sdf.so
2026-09-10T01:36:36Z [10,375ms] [Info] [omni.ext.plugin] Loaded the dynamic library from /isaac-sim/extscache/omni.usd.libs-1.0.3+f9bf0dda.la64.r.cp312/bin/libusd_sdr.so
2026-09-10T01:36:36Z [10,377ms] [Info] [omni.ext.plugin] Loaded the dynamic library from /isaac-sim/extscache/omni.usd.libs-1.0.3+f9bf0dda.la64.r.cp312/bin/libusd_hd.so
2026-09-10T01:36:36Z [10,378ms] [Info] [omni.ext.plugin] Loaded the dynamic library from /isaac-sim/extscache/omni.usd.libs-1.0.3+f9bf0dda.la64.r.cp312/bin/libusd_hdar.so
2026-09-10T01:36:36Z [10,378ms] [Info] [omni.ext.plugin] Loaded the dynamic library from /isaac-sim/extscache/omni.usd.libs-1.0.3+f9bf0dda.la64.r.cp312/bin/libusd_hio.so
2026-09-10T01:36:36Z [10,378ms] [Info] [omni.ext.plugin] Loaded the dynamic library from /isaac-sim/extscache/omni.usd.libs-1.0.3+f9bf0dda.la64.r.cp312/bin/libusd_kind.so
2026-09-10T01:36:36Z [10,379ms] [Info] [omni.ext.plugin] Loaded the dynamic library from /isaac-sim/extscache/omni.usd.libs-1.0.3+f9bf0dda.la64.r.cp312/bin/libusd_pcp.so
2026-09-10T01:36:36Z [10,381ms] [Info] [omni.ext.plugin] Loaded the dynamic library from /isaac-sim/extscache/omni.usd.libs-1.0.3+f9bf0dda.la64.r.cp312/bin/libusd_usd.so
2026-09-10T01:36:36Z [10,382ms] [Info] [omni.ext.plugin] Loaded the dynamic library from /isaac-sim/extscache/omni.usd.libs-1.0.3+f9bf0dda.la64.r.cp312/bin/libusd_usdGeom.so
2026-09-10T01:36:36Z [10,382ms] [Info] [omni.ext.plugin] Loaded the dynamic library from /isaac-sim/extscache/omni.usd.libs-1.0.3+f9bf0dda.la64.r.cp312/bin/libusd_usdShade.so
2026-09-10T01:36:36Z [10,382ms] [Info] [omni.ext.plugin] Loaded the dynamic library from /isaac-sim/extscache/omni.usd.libs-1.0.3+f9bf0dda.la64.r.cp312/bin/libusd_usdLux.so
2026-09-10T01:36:36Z [10,383ms] [Info] [omni.ext.plugin] Loaded the dynamic library from /isaac-sim/extscache/omni.usd.libs-1.0.3+f9bf0dda.la64.r.cp312/bin/libusd_usdRender.so
2026-09-10T01:36:36Z [10,383ms] [Info] [omni.ext.plugin] Loaded the dynamic library from /isaac-sim/extscache/omni.usd.libs-1.0.3+f9bf0dda.la64.r.cp312/bin/libusd_usdVol.so
2026-09-10T01:36:36Z [10,387ms] [Info] [omni.ext.plugin] Loaded the dynamic library from /isaac-sim/extscache/omni.usd.libs-1.0.3+f9bf0dda.la64.r.cp312/bin/libusd_usdImaging.so
2026-09-10T01:36:36Z [10,388ms] [Info] [omni.ext.plugin] Loaded the dynamic library from /isaac-sim/extscache/omni.usd.libs-1.0.3+f9bf0dda.la64.r.cp312/bin/libusd_usdSkel.so
2026-09-10T01:36:36Z [10,389ms] [Info] [omni.ext.plugin] Loaded the dynamic library from /isaac-sim/extscache/omni.usd.libs-1.0.3+f9bf0dda.la64.r.cp312/bin/libusd_usdSkelImaging.so
2026-09-10T01:36:36Z [10,390ms] [Info] [omni.ext.plugin] Loaded the dynamic library from /isaac-sim/extscache/omni.usd.libs-1.0.3+f9bf0dda.la64.r.cp312/bin/libusd_hdsi.so
2026-09-10T01:36:36Z [10,391ms] [Info] [omni.ext.plugin] Loaded the dynamic library from /isaac-sim/extscache/omni.usd.libs-1.0.3+f9bf0dda.la64.r.cp312/bin/libusd_usdUtils.so
2026-09-10T01:36:36Z [10,391ms] [Info] [omni.ext.plugin] Loaded the dynamic library from /isaac-sim/extscache/omni.usd.libs-1.0.3+f9bf0dda.la64.r.cp312/bin/libusd_usdUI.so
2026-09-10T01:36:36Z [10,392ms] [Info] [omni.ext.plugin] Loaded the dynamic library from /isaac-sim/extscache/omni.usd.libs-1.0.3+f9bf0dda.la64.r.cp312/bin/libusd_usdMtlx.so
2026-09-10T01:36:36Z [10,392ms] [Info] [omni.ext.plugin] Loaded the dynamic library from /isaac-sim/extscache/omni.usd.libs-1.0.3+f9bf0dda.la64.r.cp312/bin/libusd_hdMtlx.so
2026-09-10T01:36:36Z [10,392ms] [Info] [omni.ext.plugin] Loaded the dynamic library from /isaac-sim/extscache/omni.usd.libs-1.0.3+f9bf0dda.la64.r.cp312/bin/libusd_usdBakeMtlx.so
2026-09-10T01:36:36Z [10,392ms] [Info] [omni.ext.plugin] Loaded the dynamic library from /isaac-sim/extscache/omni.usd.libs-1.0.3+f9bf0dda.la64.r.cp312/bin/libImath.so
2026-09-10T01:36:36Z [10,393ms] [Info] [omni.ext.plugin] Loaded the dynamic library from /isaac-sim/extscache/omni.usd.libs-1.0.3+f9bf0dda.la64.r.cp312/bin/libusd_usdValidation.so
2026-09-10T01:36:36Z [10,393ms] [Info] [omni.ext.plugin] Loaded the dynamic library from /isaac-sim/extscache/omni.usd.libs-1.0.3+f9bf0dda.la64.r.cp312/bin/libusd_usdUtilsValidators.so
2026-09-10T01:36:36Z [10,393ms] [Info] [omni.ext.plugin] Loaded the dynamic library from /isaac-sim/extscache/omni.usd.libs-1.0.3+f9bf0dda.la64.r.cp312/bin/libusd_esf.so
2026-09-10T01:36:36Z [10,393ms] [Info] [omni.ext.plugin] Loaded the dynamic library from /isaac-sim/extscache/omni.usd.libs-1.0.3+f9bf0dda.la64.r.cp312/bin/libusd_esfUsd.so
2026-09-10T01:36:36Z [10,393ms] [Info] [omni.ext.plugin] Loaded the dynamic library from /isaac-sim/extscache/omni.usd.libs-1.0.3+f9bf0dda.la64.r.cp312/bin/libusd_hgi.so
2026-09-10T01:36:36Z [10,394ms] [Info] [omni.ext.plugin] Loaded the dynamic library from /isaac-sim/extscache/omni.usd.libs-1.0.3+f9bf0dda.la64.r.cp312/bin/libusd_garch.so
2026-09-10T01:36:36Z [10,394ms] [Info] [omni.ext.plugin] Loaded the dynamic library from /isaac-sim/extscache/omni.usd.libs-1.0.3+f9bf0dda.la64.r.cp312/bin/libusd_usdPhysics.so
2026-09-10T01:36:36Z [10,395ms] [Info] [omni.ext.plugin] Loaded the dynamic library from /isaac-sim/extscache/omni.usd.libs-1.0.3+f9bf0dda.la64.r.cp312/bin/libusd_usdPhysicsValidators.so
2026-09-10T01:36:36Z [10,395ms] [Info] [omni.ext.plugin] Loaded the dynamic library from /isaac-sim/extscache/omni.usd.libs-1.0.3+f9bf0dda.la64.r.cp312/bin/libusd_glf.so
2026-09-10T01:36:36Z [10,395ms] [Info] [omni.ext.plugin] Loaded the dynamic library from /isaac-sim/extscache/omni.usd.libs-1.0.3+f9bf0dda.la64.r.cp312/bin/libusd_hgiGL.so
2026-09-10T01:36:36Z [10,395ms] [Info] [omni.ext.plugin] Loaded the dynamic library from /isaac-sim/extscache/omni.usd.libs-1.0.3+f9bf0dda.la64.r.cp312/bin/libusd_hgiInterop.so
2026-09-10T01:36:36Z [10,396ms] [Info] [omni.ext.plugin] Loaded the dynamic library from /isaac-sim/extscache/omni.usd.libs-1.0.3+f9bf0dda.la64.r.cp312/bin/libosdGPU.so
2026-09-10T01:36:36Z [10,396ms] [Info] [omni.ext.plugin] Loaded the dynamic library from /isaac-sim/extscache/omni.usd.libs-1.0.3+f9bf0dda.la64.r.cp312/bin/libMaterialXGenMsl.so
2026-09-10T01:36:36Z [10,398ms] [Info] [omni.ext.plugin] Loaded the dynamic library from /isaac-sim/extscache/omni.usd.libs-1.0.3+f9bf0dda.la64.r.cp312/bin/libusd_hdSt.so
2026-09-10T01:36:36Z [10,398ms] [Info] [omni.ext.plugin] Loaded the dynamic library from /isaac-sim/extscache/omni.usd.libs-1.0.3+f9bf0dda.la64.r.cp312/bin/libdraco.so
2026-09-10T01:36:36Z [10,399ms] [Info] [omni.ext.plugin] Loaded the dynamic library from /isaac-sim/extscache/omni.usd.libs-1.0.3+f9bf0dda.la64.r.cp312/bin/libusd_usdShadeValidators.so
2026-09-10T01:36:36Z [10,399ms] [Info] [omni.ext.plugin] Loaded the dynamic library from /isaac-sim/extscache/omni.usd.libs-1.0.3+f9bf0dda.la64.r.cp312/bin/libusd_exec.so
2026-09-10T01:36:36Z [10,399ms] [Info] [omni.ext.plugin] Loaded the dynamic library from /isaac-sim/extscache/omni.usd.libs-1.0.3+f9bf0dda.la64.r.cp312/bin/libusd_execUsd.so
2026-09-10T01:36:36Z [10,399ms] [Info] [omni.ext.plugin] Loaded the dynamic library from /isaac-sim/extscache/omni.usd.libs-1.0.3+f9bf0dda.la64.r.cp312/bin/libusd_usdProc.so
2026-09-10T01:36:36Z [10,400ms] [Info] [omni.ext.plugin] Loaded the dynamic library from /isaac-sim/extscache/omni.usd.libs-1.0.3+f9bf0dda.la64.r.cp312/bin/libusd_usdProcImaging.so
2026-09-10T01:36:36Z [10,400ms] [Info] [omni.ext.plugin] Loaded the dynamic library from /isaac-sim/extscache/omni.usd.libs-1.0.3+f9bf0dda.la64.r.cp312/bin/libtbbmalloc.so
2026-09-10T01:36:36Z [10,400ms] [Info] [omni.ext.plugin] Loaded the dynamic library from /isaac-sim/extscache/omni.usd.libs-1.0.3+f9bf0dda.la64.r.cp312/bin/libtbbmalloc_proxy.so
2026-09-10T01:36:36Z [10,400ms] [Info] [omni.ext.plugin] Loaded the dynamic library from /isaac-sim/extscache/omni.usd.libs-1.0.3+f9bf0dda.la64.r.cp312/bin/libMaterialXRenderOsl.so
2026-09-10T01:36:36Z [10,401ms] [Info] [omni.ext.plugin] Loaded the dynamic library from /isaac-sim/extscache/omni.usd.libs-1.0.3+f9bf0dda.la64.r.cp312/bin/libusd_hdx.so
2026-09-10T01:36:36Z [10,401ms] [Info] [omni.ext.plugin] Loaded the dynamic library from /isaac-sim/extscache/omni.usd.libs-1.0.3+f9bf0dda.la64.r.cp312/bin/libImath-3_1.so
2026-09-10T01:36:36Z [10,401ms] [Info] [omni.ext.plugin] Loaded the dynamic library from /isaac-sim/extscache/omni.usd.libs-1.0.3+f9bf0dda.la64.r.cp312/bin/libAlembic.so
2026-09-10T01:36:36Z [10,402ms] [Info] [omni.ext.plugin] Loaded the dynamic library from /isaac-sim/extscache/omni.usd.libs-1.0.3+f9bf0dda.la64.r.cp312/bin/libMaterialXGenMdl.so
2026-09-10T01:36:36Z [10,402ms] [Info] [omni.ext.plugin] Loaded the dynamic library from /isaac-sim/extscache/omni.usd.libs-1.0.3+f9bf0dda.la64.r.cp312/bin/libusd_usdVolImaging.so
2026-09-10T01:36:36Z [10,402ms] [Info] [omni.ext.plugin] Loaded the dynamic library from /isaac-sim/extscache/omni.usd.libs-1.0.3+f9bf0dda.la64.r.cp312/bin/libusd_hdGp.so
2026-09-10T01:36:36Z [10,402ms] [Info] [omni.ext.plugin] Loaded the dynamic library from /isaac-sim/extscache/omni.usd.libs-1.0.3+f9bf0dda.la64.r.cp312/bin/libMaterialXGenOsl.so
2026-09-10T01:36:36Z [10,402ms] [Info] [omni.ext.plugin] Loaded the dynamic library from /isaac-sim/extscache/omni.usd.libs-1.0.3+f9bf0dda.la64.r.cp312/bin/libusd_usdSkelValidators.so
2026-09-10T01:36:36Z [10,403ms] [Info] [omni.ext.plugin] Loaded the dynamic library from /isaac-sim/extscache/omni.usd.libs-1.0.3+f9bf0dda.la64.r.cp312/bin/libusd_usdImagingGL.so
2026-09-10T01:36:36Z [10,404ms] [Info] [omni.ext.plugin] Loaded the dynamic library from /isaac-sim/extscache/omni.usd.libs-1.0.3+f9bf0dda.la64.r.cp312/bin/libusd_usdAppUtils.so
2026-09-10T01:36:36Z [10,404ms] [Info] [omni.ext.plugin] Loaded the dynamic library from /isaac-sim/extscache/omni.usd.libs-1.0.3+f9bf0dda.la64.r.cp312/bin/libusd_usdGeomValidators.so
2026-09-10T01:36:36Z [10,404ms] [Info] [omni.ext.plugin] Loaded the dynamic library from /isaac-sim/extscache/omni.usd.libs-1.0.3+f9bf0dda.la64.r.cp312/bin/libusd_usdSemantics.so
2026-09-10T01:36:36Z [10,404ms] [Info] [omni.ext.plugin] Loaded the dynamic library from /isaac-sim/extscache/omni.usd.libs-1.0.3+f9bf0dda.la64.r.cp312/bin/libusd_boost.so
2026-09-10T01:36:36Z [10,405ms] [Info] [omni.ext.plugin] Loaded the dynamic library from /isaac-sim/extscache/omni.usd.libs-1.0.3+f9bf0dda.la64.r.cp312/bin/libusd_usdRiPxrImaging.so
2026-09-10T01:36:36Z [10,405ms] [Info] [omni.ext.plugin] Loaded the dynamic library from /isaac-sim/extscache/omni.usd.libs-1.0.3+f9bf0dda.la64.r.cp312/bin/libusd_usdHydra.so
2026-09-10T01:36:36Z [10,405ms] [Info] [omni.ext.plugin] Loaded the dynamic library from /isaac-sim/extscache/omni.usd.libs-1.0.3+f9bf0dda.la64.r.cp312/bin/libusd_usdMedia.so
2026-09-10T01:36:36Z [10,405ms] [Info] [omni.ext.plugin] Loaded the dynamic library from /isaac-sim/extscache/omni.usd.libs-1.0.3+f9bf0dda.la64.r.cp312/bin/libz.so
2026-09-10T01:36:36Z [10,405ms] [Info] [omni.ext.plugin] Loaded the dynamic library from /isaac-sim/extscache/omni.usd.libs-1.0.3+f9bf0dda.la64.r.cp312/bin/libusd_execGeom.so
2026-09-10T01:36:36Z [10,405ms] [Info] [omni.ext.plugin] Loaded the dynamic library from /isaac-sim/extscache/omni.usd.libs-1.0.3+f9bf0dda.la64.r.cp312/bin/libusd_usdRi.so
2026-09-10T01:36:36Z [10,405ms] [Info] [omni.ext.plugin] Loaded the dynamic library from /isaac-sim/extscache/omni.usd.libs-1.0.3+f9bf0dda.la64.r.cp312/bin/libusd_pegtl.so
2026-09-10T01:36:36Z [10,406ms] [Info] [omni.ext.plugin] Loaded the dynamic library from /isaac-sim/extscache/omni.usd.libs-1.0.3+f9bf0dda.la64.r.cp312/bin/usd/usdAbc.so
2026-09-10T01:36:36Z [10,407ms] [Info] [omni.ext.plugin] Loaded the dynamic library from /isaac-sim/extscache/omni.usd.libs-1.0.3+f9bf0dda.la64.r.cp312/bin/usd/usdDraco.so
2026-09-10T01:36:36Z [10,407ms] [Info] [carb] Registered plugin: omni.usd-abi.plugin (interfaces: [omni::usd::IPathAbi v1.0],[omni::usd::IRenderProductPrimFactory v1.7],[omni::usd::IRenderSettings v0.2],[omni::usd::IRenderSettingsLegacy v0.2],[omni::usd::IResolverPathAbi v0.2],[omni::usd::ITokenAbi v1.0]) (impl: omni.usd-abi.plugin)
2026-09-10T01:36:36Z [10,407ms] [Info] [omni.ext.plugin] [ext: omni.usd.libs-1.0.3] started, startup time: 42 (ms)
2026-09-10T01:36:36Z [10,407ms] [Info] [omni.ext.plugin] About to startup: [ext: omni.iray.libs-0.0.1] (order: 0) Triggered by: omni.mdl.neuraylib-0.2.20 (path: /isaac-sim/extscache/omni.iray.libs-0.0.1+f9bf0dda.la64.r)
2026-09-10T01:36:36Z [10,407ms] [Info] [omni.kit.app.plugin] [10.439s] [ext: omni.iray.libs-0.0.1] startup
2026-09-10T01:36:36Z [10,408ms] [Info] [omni.ext.plugin] Loaded the dynamic library from /isaac-sim/extscache/omni.iray.libs-0.0.1+f9bf0dda.la64.r/bin/iray/libiray.so
2026-09-10T01:36:36Z [10,411ms] [Info] [omni.ext.plugin] Loaded the dynamic library from /isaac-sim/extscache/omni.iray.libs-0.0.1+f9bf0dda.la64.r/bin/iray/libneuray.so
2026-09-10T01:36:36Z [10,411ms] [Info] [omni.ext.plugin] Loaded the dynamic library from /isaac-sim/extscache/omni.iray.libs-0.0.1+f9bf0dda.la64.r/bin/mdl-distiller/mdl_distiller.so
2026-09-10T01:36:36Z [10,411ms] [Info] [omni.ext.plugin] Loaded the dynamic library from /isaac-sim/extscache/omni.iray.libs-0.0.1+f9bf0dda.la64.r/bin/mdl-distiller/mdl_lod_distiller.so
2026-09-10T01:36:36Z [10,411ms] [Info] [omni.ext.plugin] [ext: omni.iray.libs-0.0.1] started, startup time: 3 (ms)
2026-09-10T01:36:36Z [10,411ms] [Info] [omni.ext.plugin] About to startup: [ext: omni.mdl-57.0.3] (order: 0) Triggered by: omni.mdl.neuraylib-0.2.20 (path: /isaac-sim/extscache/omni.mdl-57.0.3+f9bf0dda.la64.r.cp312)
2026-09-10T01:36:36Z [10,411ms] [Info] [omni.kit.app.plugin] [10.442s] [ext: omni.mdl-57.0.3] startup
2026-09-10T01:36:36Z [10,534ms] [Info] [omni.ext._impl._internal] Searching for classes derived from 'omni.ext.IExt' in 'omni.mdl.pymdlsdk' ('/isaac-sim/extscache/omni.mdl-57.0.3+f9bf0dda.la64.r.cp312')
2026-09-10T01:36:36Z [10,534ms] [Info] [omni.ext._impl._internal] Searching for classes derived from 'omni.ext.IExt' in 'omni.mdl.extensions' ('/isaac-sim/extscache/omni.mdl-57.0.3+f9bf0dda.la64.r.cp312')
2026-09-10T01:36:36Z [10,537ms] [Info] [omni.ext._impl._internal] Searching for classes derived from 'omni.ext.IExt' in 'omni.mdl.pymdl' ('/isaac-sim/extscache/omni.mdl-57.0.3+f9bf0dda.la64.r.cp312')
2026-09-10T01:36:36Z [10,537ms] [Info] [omni.ext.plugin] [ext: omni.mdl-57.0.3] started, startup time: 125 (ms)
2026-09-10T01:36:36Z [10,537ms] [Info] [omni.ext.plugin] About to startup: [ext: omni.mdl.neuraylib-0.2.20] (order: 0) Triggered by: omni.kit.usd.mdl-1.1.9 (path: /isaac-sim/extscache/omni.mdl.neuraylib-0.2.20+f9bf0dda.la64.r.cp312)
2026-09-10T01:36:36Z [10,537ms] [Info] [omni.kit.app.plugin] [10.568s] [ext: omni.mdl.neuraylib-0.2.20] startup
2026-09-10T01:36:36Z [10,537ms] [Info] [carb] Registered plugin: rtx.neuraylib.plugin (interfaces: [rtx::neuray::NeurayLib v1.5]) (impl: rtx.neuraylib.plugin)
2026-09-10T01:36:36Z [10,541ms] [Info] [omni.ext._impl._internal] Searching for classes derived from 'omni.ext.IExt' in 'omni.mdl.neuraylib' ('/isaac-sim/extscache/omni.mdl.neuraylib-0.2.20+f9bf0dda.la64.r.cp312')
2026-09-10T01:36:36Z [10,541ms] [Info] [omni.ext.plugin] [ext: omni.mdl.neuraylib-0.2.20] started, startup time: 3 (ms)
2026-09-10T01:36:36Z [10,541ms] [Info] [omni.ext.plugin] About to startup: [ext: omni.kit.usd.mdl-1.1.9] (order: -1000) Triggered by: isaaclab.python.headless-3.0.0 (path: /isaac-sim/extscache/omni.kit.usd.mdl-1.1.9+f9bf0dda.la64.r.cp312)
2026-09-10T01:36:36Z [10,541ms] [Info] [omni.kit.app.plugin] [10.572s] [ext: omni.kit.usd.mdl-1.1.9] startup
2026-09-10T01:36:36Z [10,541ms] [Info] [carb] Registered plugin: rtx.usdmdl.plugin (interfaces: [rtx::usdmdl::IUsdMdl v1.0]) (impl: rtx.usdmdl.plugin)
2026-09-10T01:36:36Z [10,618ms] [Info] [omni.ext._impl._internal] Searching for classes derived from 'omni.ext.IExt' in 'omni.UsdMdl' ('/isaac-sim/extscache/omni.kit.usd.mdl-1.1.9+f9bf0dda.la64.r.cp312')
2026-09-10T01:36:36Z [10,618ms] [Info] [omni.ext._impl._internal] Searching for classes derived from 'omni.ext.IExt' in 'omni.kit.usd.mdl' ('/isaac-sim/extscache/omni.kit.usd.mdl-1.1.9+f9bf0dda.la64.r.cp312')
2026-09-10T01:36:36Z [10,618ms] [Info] [omni.ext._impl._internal] Found class `Ext` derived from `omni.ext.IExt` in module: 'omni.kit.usd.mdl' in '/isaac-sim/extscache/omni.kit.usd.mdl-1.1.9+f9bf0dda.la64.r.cp312'. Calling `on_startup`.
2026-09-10T01:36:36Z [10,618ms] [Info] [carb] Initializing plugin: rtx.usdmdl.plugin (interfaces: [rtx::usdmdl::IUsdMdl v1.0]) (impl: rtx.usdmdl.plugin)
2026-09-10T01:36:36Z [10,620ms] [Info] [omni.ext.plugin] [ext: omni.kit.usd.mdl-1.1.9] started, startup time: 79 (ms)
2026-09-10T01:36:36Z [10,620ms] [Info] [omni.ext.plugin] About to startup: [ext: omni.usd.schema.metrics.assembler-110.1.0] (order: -150) Triggered by: omni.usd.metrics.assembler-110.1.2 (path: /isaac-sim/extscache/omni.usd.schema.metrics.assembler-110.1.0+110.1.0.la64.r.cp312.u7f4)
2026-09-10T01:36:36Z [10,620ms] [Info] [omni.kit.app.plugin] [10.651s] [ext: omni.usd.schema.metrics.assembler-110.1.0] startup
2026-09-10T01:36:36Z [10,620ms] [Info] [omni.ext.plugin] Loaded the dynamic library from /isaac-sim/extscache/omni.usd.schema.metrics.assembler-110.1.0+110.1.0.la64.r.cp312.u7f4/bin/libmetricsAssembler.so
2026-09-10T01:36:36Z [10,621ms] [Info] [omni.ext._impl._internal] Searching for classes derived from 'omni.ext.IExt' in 'omni.MetricsAssembler' ('/isaac-sim/extscache/omni.usd.schema.metrics.assembler-110.1.0+110.1.0.la64.r.cp312.u7f4')
2026-09-10T01:36:36Z [10,621ms] [Info] [omni.ext._impl._internal] Searching for classes derived from 'omni.ext.IExt' in 'usd.schema.metricsassembler' ('/isaac-sim/extscache/omni.usd.schema.metrics.assembler-110.1.0+110.1.0.la64.r.cp312.u7f4')
2026-09-10T01:36:36Z [10,621ms] [Info] [omni.ext.plugin] [ext: omni.usd.schema.metrics.assembler-110.1.0] started, startup time: 1 (ms)
2026-09-10T01:36:36Z [10,621ms] [Info] [omni.ext.plugin] About to startup: [ext: omni.usd.schema.anim-0.0.1] (order: -100) Triggered by: omni.hydra.usdrt_delegate-7.5.2 (path: /isaac-sim/extscache/omni.usd.schema.anim-0.0.1+f9bf0dda.la64.r.cp312)
2026-09-10T01:36:36Z [10,621ms] [Info] [omni.kit.app.plugin] [10.653s] [ext: omni.usd.schema.anim-0.0.1] startup
2026-09-10T01:36:36Z [10,622ms] [Info] [omni.ext.plugin] Loaded the dynamic library from /isaac-sim/extscache/omni.usd.schema.anim-0.0.1+f9bf0dda.la64.r.cp312/lib/libanimationSchema.so
2026-09-10T01:36:36Z [10,622ms] [Info] [omni.ext.plugin] Loaded the dynamic library from /isaac-sim/extscache/omni.usd.schema.anim-0.0.1+f9bf0dda.la64.r.cp312/lib/libanimationSchemaTools.so
2026-09-10T01:36:36Z [10,622ms] [Info] [omni.ext.plugin] Loaded the dynamic library from /isaac-sim/extscache/omni.usd.schema.anim-0.0.1+f9bf0dda.la64.r.cp312/lib/libomniSkelSchema.so
2026-09-10T01:36:36Z [10,622ms] [Info] [omni.ext.plugin] Loaded the dynamic library from /isaac-sim/extscache/omni.usd.schema.anim-0.0.1+f9bf0dda.la64.r.cp312/lib/libretargetingSchema.so
2026-09-10T01:36:36Z [10,623ms] [Info] [omni.ext.plugin] Loaded the dynamic library from /isaac-sim/extscache/omni.usd.schema.anim-0.0.1+f9bf0dda.la64.r.cp312/lib/libretargetingSchemaTools.so
2026-09-10T01:36:36Z [10,623ms] [Info] [omni.ext._impl._internal] Searching for classes derived from 'omni.ext.IExt' in 'pxr' ('/isaac-sim/extscache/omni.usd.schema.anim-0.0.1+f9bf0dda.la64.r.cp312')
2026-09-10T01:36:36Z [10,626ms] [Info] [omni.ext._impl._internal] Searching for classes derived from 'omni.ext.IExt' in 'AnimationSchema' ('/isaac-sim/extscache/omni.usd.schema.anim-0.0.1+f9bf0dda.la64.r.cp312')
2026-09-10T01:36:36Z [10,627ms] [Info] [omni.ext._impl._internal] Searching for classes derived from 'omni.ext.IExt' in 'AnimationSchemaTools' ('/isaac-sim/extscache/omni.usd.schema.anim-0.0.1+f9bf0dda.la64.r.cp312')
2026-09-10T01:36:36Z [10,629ms] [Info] [omni.ext._impl._internal] Searching for classes derived from 'omni.ext.IExt' in 'OmniSkelSchema' ('/isaac-sim/extscache/omni.usd.schema.anim-0.0.1+f9bf0dda.la64.r.cp312')
2026-09-10T01:36:36Z [10,630ms] [Info] [omni.ext._impl._internal] Searching for classes derived from 'omni.ext.IExt' in 'RetargetingSchema' ('/isaac-sim/extscache/omni.usd.schema.anim-0.0.1+f9bf0dda.la64.r.cp312')
2026-09-10T01:36:36Z [10,631ms] [Info] [omni.ext._impl._internal] Searching for classes derived from 'omni.ext.IExt' in 'RetargetingSchemaTools' ('/isaac-sim/extscache/omni.usd.schema.anim-0.0.1+f9bf0dda.la64.r.cp312')
2026-09-10T01:36:36Z [10,631ms] [Info] [omni.ext._impl._internal] Searching for classes derived from 'omni.ext.IExt' in 'usd.schema.anim' ('/isaac-sim/extscache/omni.usd.schema.anim-0.0.1+f9bf0dda.la64.r.cp312')
2026-09-10T01:36:36Z [10,631ms] [Info] [omni.ext.plugin] [ext: omni.usd.schema.anim-0.0.1] started, startup time: 9 (ms)
2026-09-10T01:36:36Z [10,631ms] [Info] [omni.ext.plugin] About to startup: [ext: omni.usd.schema.audio-0.0.1] (order: -100) Triggered by: omni.usd.core-1.8.3,  (path: /isaac-sim/extscache/omni.usd.schema.audio-0.0.1+f9bf0dda.la64.r.cp312)
2026-09-10T01:36:36Z [10,631ms] [Info] [omni.kit.app.plugin] [10.662s] [ext: omni.usd.schema.audio-0.0.1] startup
2026-09-10T01:36:36Z [10,631ms] [Info] [omni.ext.plugin] Loaded the dynamic library from /isaac-sim/extscache/omni.usd.schema.audio-0.0.1+f9bf0dda.la64.r.cp312/lib/libomniAudioSchema.so
2026-09-10T01:36:36Z [10,631ms] [Info] [omni.ext._impl._internal] Searching for classes derived from 'omni.ext.IExt' in 'pxr' ('/isaac-sim/extscache/omni.usd.schema.audio-0.0.1+f9bf0dda.la64.r.cp312')
2026-09-10T01:36:36Z [10,632ms] [Info] [omni.ext._impl._internal] Searching for classes derived from 'omni.ext.IExt' in 'OmniAudioSchema' ('/isaac-sim/extscache/omni.usd.schema.audio-0.0.1+f9bf0dda.la64.r.cp312')
2026-09-10T01:36:36Z [10,633ms] [Info] [omni.ext._impl._internal] Searching for classes derived from 'omni.ext.IExt' in 'usd.schema.audio' ('/isaac-sim/extscache/omni.usd.schema.audio-0.0.1+f9bf0dda.la64.r.cp312')
2026-09-10T01:36:36Z [10,633ms] [Info] [omni.ext.plugin] [ext: omni.usd.schema.audio-0.0.1] started, startup time: 1 (ms)
2026-09-10T01:36:36Z [10,633ms] [Info] [omni.ext.plugin] About to startup: [ext: omni.usd.schema.mujoco-1.1.1] (order: -100) Triggered by: isaacsim.core.simulation_manager-1.15.6 (path: /isaac-sim/exts/omni.usd.schema.mujoco)
2026-09-10T01:36:36Z [10,633ms] [Info] [omni.kit.app.plugin] [10.664s] [ext: omni.usd.schema.mujoco-1.1.1] startup
2026-09-10T01:36:36Z [10,633ms] [Info] [omni.ext._impl._internal] Searching for classes derived from 'omni.ext.IExt' in 'usd.schema.mujoco' ('/isaac-sim/exts/omni.usd.schema.mujoco')
2026-09-10T01:36:36Z [10,633ms] [Info] [omni.ext.plugin] [ext: omni.usd.schema.mujoco-1.1.1] started, startup time: 0 (ms)
2026-09-10T01:36:36Z [10,633ms] [Info] [omni.ext.plugin] About to startup: [ext: omni.usd.schema.newton-1.2.1] (order: -100) Triggered by: omni.physx-110.1.13, isaacsim.core.simulation_manager-1.15.6 (path: /isaac-sim/exts/omni.usd.schema.newton)
2026-09-10T01:36:36Z [10,633ms] [Info] [omni.kit.app.plugin] [10.665s] [ext: omni.usd.schema.newton-1.2.1] startup
2026-09-10T01:36:36Z [10,634ms] [Info] [omni.ext._impl._internal] Searching for classes derived from 'omni.ext.IExt' in 'usd.schema.newton' ('/isaac-sim/exts/omni.usd.schema.newton')
2026-09-10T01:36:36Z [10,634ms] [Info] [omni.ext.plugin] [ext: omni.usd.schema.newton-1.2.1] started, startup time: 0 (ms)
2026-09-10T01:36:36Z [10,634ms] [Info] [omni.ext.plugin] About to startup: [ext: omni.usd.schema.physx-110.1.13] (order: -100) Triggered by: omni.physx-110.1.13, omni.usdphysics-110.1.13, omni.physx.cooking-110.1.13, omni.physics.tensors-110.1.13, omni.convexdecomposition-110.1.13 (path: /isaac-sim/extscache/omni.usd.schema.physx-110.1.13+110.1.2.la64.r.cp312.u7f4)
2026-09-10T01:36:36Z [10,634ms] [Info] [omni.kit.app.plugin] [10.665s] [ext: omni.usd.schema.physx-110.1.13] startup
2026-09-10T01:36:36Z [10,635ms] [Info] [omni.ext.plugin] Loaded the dynamic library from /isaac-sim/extscache/omni.usd.schema.physx-110.1.13+110.1.2.la64.r.cp312.u7f4/bin/libphysxSchema.so
2026-09-10T01:36:36Z [10,635ms] [Info] [omni.ext.plugin] Loaded the dynamic library from /isaac-sim/extscache/omni.usd.schema.physx-110.1.13+110.1.2.la64.r.cp312.u7f4/bin/libphysicsSchemaTools.so
2026-09-10T01:36:36Z [10,650ms] [Info] [omni.ext._impl._internal] Searching for classes derived from 'omni.ext.IExt' in 'pxr.PhysxSchema' ('/isaac-sim/extscache/omni.usd.schema.physx-110.1.13+110.1.2.la64.r.cp312.u7f4')
2026-09-10T01:36:36Z [10,652ms] [Info] [omni.ext._impl._internal] Searching for classes derived from 'omni.ext.IExt' in 'usd.schema.physx' ('/isaac-sim/extscache/omni.usd.schema.physx-110.1.13+110.1.2.la64.r.cp312.u7f4')
2026-09-10T01:36:36Z [10,652ms] [Info] [omni.ext._impl._internal] Found class `PhysxSchemaExtension` derived from `omni.ext.IExt` in module: 'usd.schema.physx' in '/isaac-sim/extscache/omni.usd.schema.physx-110.1.13+110.1.2.la64.r.cp312.u7f4'. Calling `on_startup`.
2026-09-10T01:36:36Z [10,652ms] [Info] [carb] `get_update_event_stream` is deprecated. Use Events 2.0. Callstack:   File "/workspace/isaaclab/_isaac_sim/kit/kernel/py/omni/ext/_impl/_internal.py", line 251, in startup
    self._startup_ext(obj, ext_module.name, ext_module.path)
  File "/workspace/isaaclab/_isaac_sim/kit/kernel/py/omni/ext/_impl/_internal.py", line 187, in _startup_ext
    instance.on_startup(self._ext_id)
  File "/isaac-sim/extscache/omni.usd.schema.physx-110.1.13+110.1.2.la64.r.cp312.u7f4/usd/schema/physx/__init__.py", line 37, in on_startup
    .get_update_event_stream()
  File "/workspace/isaaclab/_isaac_sim/kit/kernel/py/carb/__init__.py", line 108, in wrapped
    obj.__name__, message, "".join(traceback.format_stack(limit=4))[:-1]
2026-09-10T01:36:36Z [10,653ms] [Info] [omni.ext._impl._internal] Searching for classes derived from 'omni.ext.IExt' in 'pxr.PhysicsSchemaTools' ('/isaac-sim/extscache/omni.usd.schema.physx-110.1.13+110.1.2.la64.r.cp312.u7f4')
2026-09-10T01:36:36Z [10,654ms] [Info] [omni.ext.plugin] [ext: omni.usd.schema.physx-110.1.13] started, startup time: 19 (ms)
2026-09-10T01:36:36Z [10,654ms] [Info] [omni.ext.plugin] About to startup: [ext: carb.audio-0.1.0] (order: 0) Triggered by: omni.usd-1.16.0, omni.kit.audiodeviceenum-1.0.2 (path: /isaac-sim/extscache/carb.audio-0.1.0+f9bf0dda.la64.r.cp312)
2026-09-10T01:36:36Z [10,654ms] [Info] [omni.kit.app.plugin] [10.685s] [ext: carb.audio-0.1.0] startup
2026-09-10T01:36:36Z [10,655ms] [Info] [carb] Registered plugin: carb.audio-forge.plugin (interfaces: [carb::audio::IAudioCapture v1.0],[carb::audio::IAudioData v1.0],[carb::audio::IAudioDevice v1.1],[carb::audio::IAudioGroup v1.0],[carb::audio::IAudioPlayback v1.1],[carb::audio::IAudioUtils v1.0],[omni::audio::IAudioCapture v0.0]) (impl: carb.audio-forge.plugin)
2026-09-10T01:36:36Z [10,655ms] [Info] [omni.ext.plugin] [ext: carb.audio-0.1.0] started, startup time: 1 (ms)
2026-09-10T01:36:36Z [10,655ms] [Info] [omni.ext.plugin] About to startup: [ext: isaaclab-6.1.14] (order: 1000) Triggered by: isaaclab.python.headless-3.0.0, isaaclab_physx-1.1.3, isaaclab_newton-0.13.6, isaaclab_assets-0.3.4, isaaclab_tasks-1.10.9, isaaclab_mimic-1.3.3, isaaclab_rl-0.5.5, isaaclab_contrib-0.4.4 (path: /workspace/isaaclab/source/isaaclab)
2026-09-10T01:36:36Z [10,655ms] [Info] [omni.kit.app.plugin] [10.686s] [ext: isaaclab-6.1.14] startup
2026-09-10T01:36:36Z [10,656ms] [Info] [omni.ext._impl._internal] Searching for classes derived from 'omni.ext.IExt' in 'isaaclab' ('/workspace/isaaclab/source/isaaclab')
2026-09-10T01:36:36Z [10,656ms] [Info] [omni.ext.plugin] [ext: isaaclab-6.1.14] started, startup time: 0 (ms)
2026-09-10T01:36:36Z [10,656ms] [Info] [omni.ext.plugin] About to startup: [ext: isaaclab_contrib-0.4.4] (order: 0) Triggered by: isaaclab_assets-0.3.4 (path: /workspace/isaaclab/source/isaaclab_contrib)
2026-09-10T01:36:36Z [10,656ms] [Info] [omni.kit.app.plugin] [10.687s] [ext: isaaclab_contrib-0.4.4] startup
2026-09-10T01:36:36Z [10,656ms] [Info] [omni.ext._impl._internal] Searching for classes derived from 'omni.ext.IExt' in 'isaaclab_contrib' ('/workspace/isaaclab/source/isaaclab_contrib')
2026-09-10T01:36:36Z [10,656ms] [Info] [omni.ext.plugin] [ext: isaaclab_contrib-0.4.4] started, startup time: 0 (ms)
2026-09-10T01:36:36Z [10,656ms] [Info] [omni.ext.plugin] About to startup: [ext: omni.activity.core-1.0.3] (order: 0) Triggered by: omni.hydra.usdrt_delegate-7.5.2 (path: /isaac-sim/extscache/omni.activity.core-1.0.3+f9bf0dda.la64.r.cp312)
2026-09-10T01:36:36Z [10,656ms] [Info] [omni.kit.app.plugin] [10.687s] [ext: omni.activity.core-1.0.3] startup
2026-09-10T01:36:36Z [10,658ms] [Info] [omni.ext._impl._internal] Searching for classes derived from 'omni.ext.IExt' in 'omni.activity.core' ('/isaac-sim/extscache/omni.activity.core-1.0.3+f9bf0dda.la64.r.cp312')
2026-09-10T01:36:36Z [10,658ms] [Info] [omni.ext.plugin] [ext: omni.activity.core-1.0.3] started, startup time: 1 (ms)
2026-09-10T01:36:36Z [10,658ms] [Info] [omni.ext.plugin] About to startup: [ext: omni.cubric-0.1.0] (order: 0) Triggered by: usdrt.scenegraph-7.6.3 (path: /isaac-sim/extscache/omni.cubric-0.1.0+f9bf0dda.la64.r)
2026-09-10T01:36:36Z [10,658ms] [Info] [omni.kit.app.plugin] [10.689s] [ext: omni.cubric-0.1.0] startup
2026-09-10T01:36:36Z [10,659ms] [Info] [carb] Registered plugin: omni.cubric.plugin (interfaces: [omni::cubric::IAdapter v0.2]) (impl: omni.cubric.plugin)
2026-09-10T01:36:36Z [10,659ms] [Info] [omni.ext.plugin] [ext: omni.cubric-0.1.0] started, startup time: 0 (ms)
2026-09-10T01:36:36Z [10,659ms] [Info] [omni.ext.plugin] About to startup: [ext: omni.graph.exec-0.9.6] (order: 0) Triggered by: omni.kit.exec.core-0.13.5 (path: /isaac-sim/extscache/omni.graph.exec-0.9.6+f9bf0dda.la64.r)
2026-09-10T01:36:36Z [10,659ms] [Info] [omni.kit.app.plugin] [10.690s] [ext: omni.graph.exec-0.9.6] startup
2026-09-10T01:36:36Z [10,659ms] [Info] [omni.graph.exec.unstable.passRegistry] IPassRegistry::registerPass: registered PassStronglyConnectedComponents as pass id 1
2026-09-10T01:36:36Z [10,659ms] [Info] [omni.ext.plugin] [ext: omni.graph.exec-0.9.6] started, startup time: 0 (ms)
2026-09-10T01:36:36Z [10,659ms] [Info] [omni.ext.plugin] About to startup: [ext: omni.usd_resolver-1.0.0] (order: 0) Triggered by: omni.usd.core-1.8.3 (path: /isaac-sim/extscache/omni.usd_resolver-1.0.0+f9bf0dda.la64.r.cp312)
2026-09-10T01:36:36Z [10,659ms] [Info] [omni.kit.app.plugin] [10.690s] [ext: omni.usd_resolver-1.0.0] startup
2026-09-10T01:36:36Z [10,659ms] [Info] [carb] Registered plugin: omni.ext-usdresolver.plugin (interfaces: [omni::ext::IExt v0.1]) (impl: omni.ext-usdresolver.plugin)
2026-09-10T01:36:36Z [10,659ms] [Info] [carb] Registered plugin: carb.usdresolver.plugin (interfaces: [carb::usdresolver::IUsdResolver v1.1]) (impl: carb.usdresolver.plugin)
2026-09-10T01:36:36Z [10,659ms] [Info] [carb] Registered plugin: omni.spectree.delegate.plugin (interfaces: [omni::spectree::IChangeListDelegateFactory v0.1]) (impl: omni.spectree.delegate.plugin)
2026-09-10T01:36:36Z [10,660ms] [Info] [carb] Initializing plugin: omni.ext-usdresolver.plugin (interfaces: [omni::ext::IExt v0.1]) (impl: omni.ext-usdresolver.plugin)
2026-09-10T01:36:36Z [10,660ms] [Info] [omni.ext.plugin] [ext: omni.usd_resolver-1.0.0] Starting ext::IExt in '/isaac-sim/extscache/omni.usd_resolver-1.0.0+f9bf0dda.la64.r.cp312/bin/libomni.ext-usd_resolver.plugin.so'
2026-09-10T01:36:36Z [10,660ms] [Info] [carb] Initializing plugin: carb.usdresolver.plugin (interfaces: [carb::usdresolver::IUsdResolver v1.1]) (impl: carb.usdresolver.plugin)
2026-09-10T01:36:36Z [10,660ms] [Info] [omni.ext._impl._internal] Searching for classes derived from 'omni.ext.IExt' in 'omni.usd_resolver' ('/isaac-sim/extscache/omni.usd_resolver-1.0.0+f9bf0dda.la64.r.cp312')
2026-09-10T01:36:36Z [10,661ms] [Info] [omni.ext._impl._internal] Searching for classes derived from 'omni.ext.IExt' in 'omni.spectree' ('/isaac-sim/extscache/omni.usd_resolver-1.0.0+f9bf0dda.la64.r.cp312')
2026-09-10T01:36:36Z [10,661ms] [Info] [omni.ext.plugin] [ext: omni.usd_resolver-1.0.0] started, startup time: 1 (ms)
2026-09-10T01:36:36Z [10,661ms] [Info] [omni.ext.plugin] About to startup: [ext: omni.usd.core-1.8.3] (order: 0) Triggered by: usdrt.scenegraph-7.6.3, omni.usd-1.16.0, omni.hydra.usdrt_delegate-7.5.2 (path: /isaac-sim/extscache/omni.usd.core-1.8.3+f9bf0dda.la64.r)
2026-09-10T01:36:36Z [10,661ms] [Info] [omni.kit.app.plugin] [10.692s] [ext: omni.usd.core-1.8.3] startup
2026-09-10T01:36:36Z [10,661ms] [Info] [carb] Registered plugin: omni.tbb.globalcontrol.plugin (interfaces: [omni::tbb::IGlobalControl v1.0]) (impl: omni.tbb.globalcontrol.plugin)
2026-09-10T01:36:36Z [10,661ms] [Info] [carb] Registered plugin: omni.fabric.plugin (interfaces: [omni::fabric::IChangeTrackerConfig v0.5],[omni::fabric::IConnectivity v1.9],[omni::fabric::IDiagnostics v1.0],[omni::fabric::IFabric v0.13],[omni::fabric::IFabricContextManager v1.0],[omni::fabric::IFabricInspector v0.2],[omni::fabric::IFabricRingBuffer v1.2],[omni::fabric::IFabricSampleStorage v0.4],[omni::fabric::IFabricUsd v1.0],[omni::fabric::IFineGrainedChangeTracker v0.2],[omni::fabric::IPath v1.0],[omni::fabric::IPlatform v0.2],[omni::fabric::IPopulator v1.0],[omni::fabric::IPrimBucketList v0.5],[omni::fabric::ISerializer v0.3],[omni::fabric::ISimStageWithHistory v0.2],[omni::fabric::IStageAtTimeInterval v1.0],[omni::fabric::IStageAtTimeIntervalLegacy v1.0],[omni::fabric::IStageReaderWriter v0.16],[omni::fabric::IStageReaderWriterLegacy v1.0],[omni::fabric::IStageReaderWriterUsd v1.2],[omni::fabric::IStats v1.0],[omni::fabric::IToken v1.0],[omni::fabric::batch::iBatch v0.4]) (impl: omni.fabric.plugin)
2026-09-10T01:36:36Z [10,662ms] [Info] [carb] Registered plugin: omni.usd (interfaces: [omni::ext::IExt v0.1]) (impl: omni.usd)
2026-09-10T01:36:36Z [10,662ms] [Info] [carb] Initializing plugin: omni.usd (interfaces: [omni::ext::IExt v0.1]) (impl: omni.usd)
2026-09-10T01:36:36Z [10,662ms] [Info] [omni.ext.plugin] [ext: omni.usd.core-1.8.3] Starting ext::IExt in '/isaac-sim/extscache/omni.usd.core-1.8.3+f9bf0dda.la64.r/bin/libomni.usd.so'
2026-09-10T01:36:36Z [10,662ms] [Info] [omni.ext.plugin] [ext: omni.usd.core-1.8.3] started, startup time: 1 (ms)
2026-09-10T01:36:36Z [10,662ms] [Info] [omni.ext.plugin] About to startup: [ext: usdrt.scenegraph-7.6.3] (order: 0) Triggered by: isaaclab.python.headless-3.0.0, omni.physx-110.1.13, omni.physx.fabric-110.1.13, omni.hydra.usdrt_delegate-7.5.2 (path: /isaac-sim/extscache/usdrt.scenegraph-7.6.3+f9bf0dda.la64.r.cp312)
2026-09-10T01:36:36Z [10,662ms] [Info] [omni.kit.app.plugin] [10.693s] [ext: usdrt.scenegraph-7.6.3] startup
2026-09-10T01:36:36Z [10,664ms] [Info] [omni.ext._impl._internal] Searching for classes derived from 'omni.ext.IExt' in 'usdrt.helpers' ('/isaac-sim/extscache/usdrt.scenegraph-7.6.3+f9bf0dda.la64.r.cp312')
2026-09-10T01:36:36Z [10,669ms] [Info] [omni.ext._impl._internal] Searching for classes derived from 'omni.ext.IExt' in 'usdrt.Gf' ('/isaac-sim/extscache/usdrt.scenegraph-7.6.3+f9bf0dda.la64.r.cp312')
2026-09-10T01:36:36Z [10,671ms] [Info] [omni.ext._impl._internal] Searching for classes derived from 'omni.ext.IExt' in 'usdrt.Vt' ('/isaac-sim/extscache/usdrt.scenegraph-7.6.3+f9bf0dda.la64.r.cp312')
2026-09-10T01:36:36Z [10,671ms] [Info] [omni.ext._impl._internal] Searching for classes derived from 'omni.ext.IExt' in 'usdrt.Sdf' ('/isaac-sim/extscache/usdrt.scenegraph-7.6.3+f9bf0dda.la64.r.cp312')
2026-09-10T01:36:36Z [10,672ms] [Info] [omni.ext._impl._internal] Searching for classes derived from 'omni.ext.IExt' in 'usdrt.Usd' ('/isaac-sim/extscache/usdrt.scenegraph-7.6.3+f9bf0dda.la64.r.cp312')
2026-09-10T01:36:36Z [10,674ms] [Info] [omni.ext._impl._internal] Searching for classes derived from 'omni.ext.IExt' in 'usdrt.UsdGeom' ('/isaac-sim/extscache/usdrt.scenegraph-7.6.3+f9bf0dda.la64.r.cp312')
2026-09-10T01:36:36Z [10,675ms] [Info] [omni.ext._impl._internal] Searching for classes derived from 'omni.ext.IExt' in 'usdrt.Rt' ('/isaac-sim/extscache/usdrt.scenegraph-7.6.3+f9bf0dda.la64.r.cp312')
2026-09-10T01:36:36Z [10,676ms] [Info] [omni.ext._impl._internal] Searching for classes derived from 'omni.ext.IExt' in 'usdrt.UsdPhysics' ('/isaac-sim/extscache/usdrt.scenegraph-7.6.3+f9bf0dda.la64.r.cp312')
2026-09-10T01:36:36Z [10,677ms] [Info] [omni.ext._impl._internal] Searching for classes derived from 'omni.ext.IExt' in 'usdrt.UsdLux' ('/isaac-sim/extscache/usdrt.scenegraph-7.6.3+f9bf0dda.la64.r.cp312')
2026-09-10T01:36:36Z [10,677ms] [Info] [omni.ext._impl._internal] Searching for classes derived from 'omni.ext.IExt' in 'usdrt.UsdMedia' ('/isaac-sim/extscache/usdrt.scenegraph-7.6.3+f9bf0dda.la64.r.cp312')
2026-09-10T01:36:36Z [10,677ms] [Info] [omni.ext._impl._internal] Searching for classes derived from 'omni.ext.IExt' in 'usdrt.UsdRender' ('/isaac-sim/extscache/usdrt.scenegraph-7.6.3+f9bf0dda.la64.r.cp312')
2026-09-10T01:36:36Z [10,678ms] [Info] [omni.ext._impl._internal] Searching for classes derived from 'omni.ext.IExt' in 'usdrt.UsdShade' ('/isaac-sim/extscache/usdrt.scenegraph-7.6.3+f9bf0dda.la64.r.cp312')
2026-09-10T01:36:36Z [10,679ms] [Info] [omni.ext._impl._internal] Searching for classes derived from 'omni.ext.IExt' in 'usdrt.UsdSkel' ('/isaac-sim/extscache/usdrt.scenegraph-7.6.3+f9bf0dda.la64.r.cp312')
2026-09-10T01:36:36Z [10,679ms] [Info] [omni.ext._impl._internal] Searching for classes derived from 'omni.ext.IExt' in 'usdrt.UsdUI' ('/isaac-sim/extscache/usdrt.scenegraph-7.6.3+f9bf0dda.la64.r.cp312')
2026-09-10T01:36:36Z [10,680ms] [Info] [omni.ext._impl._internal] Searching for classes derived from 'omni.ext.IExt' in 'usdrt.UsdVol' ('/isaac-sim/extscache/usdrt.scenegraph-7.6.3+f9bf0dda.la64.r.cp312')
2026-09-10T01:36:36Z [10,680ms] [Info] [omni.ext._impl._internal] Searching for classes derived from 'omni.ext.IExt' in 'usdrt.xformcache' ('/isaac-sim/extscache/usdrt.scenegraph-7.6.3+f9bf0dda.la64.r.cp312')
2026-09-10T01:36:36Z [10,680ms] [Info] [omni.ext._impl._internal] Searching for classes derived from 'omni.ext.IExt' in 'usdrt.internal' ('/isaac-sim/extscache/usdrt.scenegraph-7.6.3+f9bf0dda.la64.r.cp312')
2026-09-10T01:36:36Z [10,680ms] [Info] [omni.ext.plugin] [ext: usdrt.scenegraph-7.6.3] started, startup time: 17 (ms)
2026-09-10T01:36:36Z [10,680ms] [Info] [omni.ext.plugin] About to startup: [ext: omni.hydra.usdrt_delegate-7.5.2] (order: 0) Triggered by: isaacsim.core.experimental.utils-0.17.2 (path: /isaac-sim/extscache/omni.hydra.usdrt_delegate-7.5.2+f9bf0dda.la64.r.cp312)
2026-09-10T01:36:36Z [10,680ms] [Info] [omni.kit.app.plugin] [10.711s] [ext: omni.hydra.usdrt_delegate-7.5.2] startup
2026-09-10T01:36:37Z [10,681ms] [Info] [carb] Initializing plugin: omni.fabric.plugin (interfaces: [omni::fabric::IChangeTrackerConfig v0.5],[omni::fabric::IConnectivity v1.9],[omni::fabric::IDiagnostics v1.0],[omni::fabric::IFabric v0.13],[omni::fabric::IFabricContextManager v1.0],[omni::fabric::IFabricInspector v0.2],[omni::fabric::IFabricRingBuffer v1.2],[omni::fabric::IFabricSampleStorage v0.4],[omni::fabric::IFabricUsd v1.0],[omni::fabric::IFineGrainedChangeTracker v0.2],[omni::fabric::IPath v1.0],[omni::fabric::IPlatform v0.2],[omni::fabric::IPopulator v1.0],[omni::fabric::IPrimBucketList v0.5],[omni::fabric::ISerializer v0.3],[omni::fabric::ISimStageWithHistory v0.2],[omni::fabric::IStageAtTimeInterval v1.0],[omni::fabric::IStageAtTimeIntervalLegacy v1.0],[omni::fabric::IStageReaderWriter v0.16],[omni::fabric::IStageReaderWriterLegacy v1.0],[omni::fabric::IStageReaderWriterUsd v1.2],[omni::fabric::IStats v1.0],[omni::fabric::IToken v1.0],[omni::fabric::batch::iBatch v0.4]) (impl: omni.fabric.plugin)
2026-09-10T01:36:37Z [10,681ms] [Info] [carb] Initializing plugin: omni.tbb.globalcontrol.plugin (interfaces: [omni::tbb::IGlobalControl v1.0]) (impl: omni.tbb.globalcontrol.plugin)
2026-09-10T01:36:37Z [10,681ms] [Info] [omni.tbb.globalcontrol.plugin] TBB Global Control Plugin loaded, max_allowed_parallelism=16
2026-09-10T01:36:37Z [10,682ms] [Info] [carb] Registered plugin: omni.hydra.usdrt_delegate.plugin (interfaces: [omni::hydra::usdrt::ISceneDelegateFactory v0.1]) (impl: omni.hydra.usdrt_delegate.plugin)
2026-09-10T01:36:37Z [10,683ms] [Info] [omni.ext._impl._internal] Searching for classes derived from 'omni.ext.IExt' in 'usdrt.population' ('/isaac-sim/extscache/omni.hydra.usdrt_delegate-7.5.2+f9bf0dda.la64.r.cp312')
2026-09-10T01:36:37Z [10,683ms] [Info] [omni.ext._impl._internal] Searching for classes derived from 'omni.ext.IExt' in 'usdrt.hierarchy' ('/isaac-sim/extscache/omni.hydra.usdrt_delegate-7.5.2+f9bf0dda.la64.r.cp312')
2026-09-10T01:36:37Z [10,683ms] [Info] [omni.ext.plugin] [ext: omni.hydra.usdrt_delegate-7.5.2] started, startup time: 2 (ms)
2026-09-10T01:36:37Z [10,683ms] [Info] [omni.ext.plugin] About to startup: [ext: omni.kit.actions.core-1.0.0] (order: 0) Triggered by: omni.kit.commands-1.5.0, omni.kit.stage_templates-2.0.2, omni.kit.primitive.mesh-1.1.0 (path: /isaac-sim/extscache/omni.kit.actions.core-1.0.0+f9bf0dda.la64.r.cp312)
2026-09-10T01:36:37Z [10,683ms] [Info] [omni.kit.app.plugin] [10.714s] [ext: omni.kit.actions.core-1.0.0] startup
2026-09-10T01:36:37Z [10,683ms] [Info] [carb] Registered plugin: omni.kit.actions.core.plugin (interfaces: [omni::ext::IExt v0.1],[omni::kit::actions::core::IActionRegistry v1.0]) (impl: omni.kit.actions.core.plugin)
2026-09-10T01:36:37Z [10,683ms] [Info] [carb] Registered plugin: omni.kit.actions.core_tests.plugin (interfaces: [omni::kit::actions::core_tests::IActionTests v1.0]) (impl: omni.kit.actions.core_tests.plugin)
2026-09-10T01:36:37Z [10,683ms] [Info] [carb] Initializing plugin: omni.kit.actions.core.plugin (interfaces: [omni::ext::IExt v0.1],[omni::kit::actions::core::IActionRegistry v1.0]) (impl: omni.kit.actions.core.plugin)
2026-09-10T01:36:37Z [10,683ms] [Info] [omni.ext.plugin] [ext: omni.kit.actions.core-1.0.0] Starting ext::IExt in '/isaac-sim/extscache/omni.kit.actions.core-1.0.0+f9bf0dda.la64.r.cp312/bin/libomni.kit.actions.core.plugin.so'
2026-09-10T01:36:37Z [10,684ms] [Info] [omni.ext._impl._internal] Searching for classes derived from 'omni.ext.IExt' in 'omni.kit.actions.core' ('/isaac-sim/extscache/omni.kit.actions.core-1.0.0+f9bf0dda.la64.r.cp312')
2026-09-10T01:36:37Z [10,684ms] [Info] [omni.ext._impl._internal] Found class `ActionsExtension` derived from `omni.ext.IExt` in module: 'omni.kit.actions.core' in '/isaac-sim/extscache/omni.kit.actions.core-1.0.0+f9bf0dda.la64.r.cp312'. Calling `on_startup`.
2026-09-10T01:36:37Z [10,684ms] [Info] [omni.ext.plugin] [ext: omni.kit.actions.core-1.0.0] started, startup time: 1 (ms)
2026-09-10T01:36:37Z [10,684ms] [Info] [omni.ext.plugin] About to startup: [ext: omni.kit.audiodeviceenum-1.0.2] (order: 0) Triggered by: omni.usd-1.16.0 (path: /isaac-sim/extscache/omni.kit.audiodeviceenum-1.0.2+f9bf0dda.la64.r.cp312)
2026-09-10T01:36:37Z [10,684ms] [Info] [omni.kit.app.plugin] [10.715s] [ext: omni.kit.audiodeviceenum-1.0.2] startup
2026-09-10T01:36:37Z [10,684ms] [Info] [carb] Registered plugin: omni.audiodeviceenum.plugin (interfaces: [omni::audio::IAudioDeviceEnum v0.1]) (impl: omni.audiodeviceenum.plugin)
2026-09-10T01:36:37Z [10,685ms] [Info] [omni.ext._impl._internal] Searching for classes derived from 'omni.ext.IExt' in 'omni.kit.audiodeviceenum' ('/isaac-sim/extscache/omni.kit.audiodeviceenum-1.0.2+f9bf0dda.la64.r.cp312')
2026-09-10T01:36:37Z [10,685ms] [Info] [omni.ext._impl._internal] Found class `_AudioExtension` derived from `omni.ext.IExt` in module: 'omni.kit.audiodeviceenum' in '/isaac-sim/extscache/omni.kit.audiodeviceenum-1.0.2+f9bf0dda.la64.r.cp312'. Calling `on_startup`.
2026-09-10T01:36:37Z [10,685ms] [Info] [omni.ext.plugin] [ext: omni.kit.audiodeviceenum-1.0.2] started, startup time: 0 (ms)
2026-09-10T01:36:37Z [10,685ms] [Info] [omni.ext.plugin] About to startup: [ext: omni.kit.commands-1.5.0] (order: 0) Triggered by: omni.usd-1.16.0, omni.kit.usd.layers-2.6.1, omni.kit.stage_templates-2.0.2, omni.kit.primitive.mesh-1.1.0 (path: /isaac-sim/extscache/omni.kit.commands-1.5.0+f9bf0dda.la64.r.cp312)
2026-09-10T01:36:37Z [10,685ms] [Info] [omni.kit.app.plugin] [10.716s] [ext: omni.kit.commands-1.5.0] startup
2026-09-10T01:36:37Z [10,685ms] [Info] [carb] Registered plugin: omni.kit.command_tests.plugin (interfaces: [omni::kit::command_tests::ICommandTests v1.0]) (impl: omni.kit.command_tests.plugin)
2026-09-10T01:36:37Z [10,685ms] [Info] [carb] Registered plugin: omni.kit.commands.plugin (interfaces: [omni::kit::commands::ICommandBridge v1.0]) (impl: omni.kit.commands.plugin)
2026-09-10T01:36:37Z [10,690ms] [Info] [omni.ext._impl._internal] Searching for classes derived from 'omni.ext.IExt' in 'omni.kit.undo' ('/isaac-sim/extscache/omni.kit.commands-1.5.0+f9bf0dda.la64.r.cp312')
2026-09-10T01:36:37Z [10,690ms] [Info] [omni.ext._impl._internal] Searching for classes derived from 'omni.ext.IExt' in 'omni.kit.commands' ('/isaac-sim/extscache/omni.kit.commands-1.5.0+f9bf0dda.la64.r.cp312')
2026-09-10T01:36:37Z [10,690ms] [Info] [omni.ext._impl._internal] Found class `CommandExt` derived from `omni.ext.IExt` in module: 'omni.kit.commands' in '/isaac-sim/extscache/omni.kit.commands-1.5.0+f9bf0dda.la64.r.cp312'. Calling `on_startup`.
2026-09-10T01:36:37Z [10,690ms] [Info] [carb] Initializing plugin: omni.kit.commands.plugin (interfaces: [omni::kit::commands::ICommandBridge v1.0]) (impl: omni.kit.commands.plugin)
2026-09-10T01:36:37Z [10,691ms] [Info] [omni.ext._impl._internal] Searching for classes derived from 'omni.ext.IExt' in 'omni.kit.commands.builtin' ('/isaac-sim/extscache/omni.kit.commands-1.5.0+f9bf0dda.la64.r.cp312')
2026-09-10T01:36:37Z [10,691ms] [Info] [omni.ext.plugin] [ext: omni.kit.commands-1.5.0] started, startup time: 5 (ms)
2026-09-10T01:36:37Z [10,691ms] [Info] [omni.ext.plugin] About to startup: [ext: omni.kit.exec.core-0.13.5] (order: 0) Triggered by: omni.usd-1.16.0 (path: /isaac-sim/extscache/omni.kit.exec.core-0.13.5+f9bf0dda.la64.r.cp312)
2026-09-10T01:36:37Z [10,691ms] [Info] [omni.kit.app.plugin] [10.722s] [ext: omni.kit.exec.core-0.13.5] startup
2026-09-10T01:36:37Z [10,692ms] [Info] [omni.ext._impl._internal] Searching for classes derived from 'omni.ext.IExt' in 'omni.kit.exec.core.unstable' ('/isaac-sim/extscache/omni.kit.exec.core-0.13.5+f9bf0dda.la64.r.cp312')
2026-09-10T01:36:37Z [10,692ms] [Info] [omni.ext._impl._internal] Found class `_PublicExtension` derived from `omni.ext.IExt` in module: 'omni.kit.exec.core.unstable' in '/isaac-sim/extscache/omni.kit.exec.core-0.13.5+f9bf0dda.la64.r.cp312'. Calling `on_startup`.
2026-09-10T01:36:37Z [10,692ms] [Info] [omni.ext.plugin] [ext: omni.kit.exec.core-0.13.5] started, startup time: 0 (ms)
2026-09-10T01:36:37Z [10,692ms] [Info] [omni.ext.plugin] About to startup: [ext: omni.kit.usd_undo-0.1.8] (order: 0) Triggered by: omni.usd-1.16.0 (path: /isaac-sim/extscache/omni.kit.usd_undo-0.1.8+f9bf0dda)
2026-09-10T01:36:37Z [10,692ms] [Info] [omni.kit.app.plugin] [10.723s] [ext: omni.kit.usd_undo-0.1.8] startup
2026-09-10T01:36:37Z [10,693ms] [Info] [omni.ext._impl._internal] Searching for classes derived from 'omni.ext.IExt' in 'omni.kit.usd_undo' ('/isaac-sim/extscache/omni.kit.usd_undo-0.1.8+f9bf0dda')
2026-09-10T01:36:37Z [10,693ms] [Info] [omni.ext.plugin] [ext: omni.kit.usd_undo-0.1.8] started, startup time: 0 (ms)
2026-09-10T01:36:37Z [10,693ms] [Info] [omni.ext.plugin] About to startup: [ext: omni.timeline-1.1.0] (order: 0) Triggered by: omni.usd-1.16.0 (path: /isaac-sim/extscache/omni.timeline-1.1.0+f9bf0dda.la64.r.cp312)
2026-09-10T01:36:37Z [10,693ms] [Info] [omni.kit.app.plugin] [10.724s] [ext: omni.timeline-1.1.0] startup
2026-09-10T01:36:37Z [10,693ms] [Info] [carb] Registered plugin: omni.timeline.plugin (interfaces: [omni::ext::IExt v0.1],[omni::timeline::ITimeline v1.1]) (impl: omni.timeline.plugin)
2026-09-10T01:36:37Z [10,693ms] [Info] [carb] Initializing plugin: omni.timeline.plugin (interfaces: [omni::ext::IExt v0.1],[omni::timeline::ITimeline v1.1]) (impl: omni.timeline.plugin)
2026-09-10T01:36:37Z [10,693ms] [Info] [omni.ext.plugin] [ext: omni.timeline-1.1.0] Starting ext::IExt in '/isaac-sim/extscache/omni.timeline-1.1.0+f9bf0dda.la64.r.cp312/bin/libomni.timeline.plugin.so'
2026-09-10T01:36:37Z [10,694ms] [Info] [omni.ext._impl._internal] Searching for classes derived from 'omni.ext.IExt' in 'omni.timeline' ('/isaac-sim/extscache/omni.timeline-1.1.0+f9bf0dda.la64.r.cp312')
2026-09-10T01:36:37Z [10,694ms] [Info] [omni.ext.plugin] [ext: omni.timeline-1.1.0] started, startup time: 1 (ms)
2026-09-10T01:36:37Z [10,694ms] [Info] [omni.ext.plugin] About to startup: [ext: omni.usd-1.16.0] (order: 0) Triggered by: omni.usd.metrics.assembler.ui-110.1.1, isaacsim.simulation_app-2.18.4, omni.kit.usd.layers-2.6.1, isaacsim.core.experimental.utils-0.17.2, omni.physics.stageupdate-110.1.13, isaacsim.core.deprecation_manager-0.4.2, omni.kit.stage_templates-2.0.2, omni.kit.stage_template.core-1.1.22, omni.kit.primitive.mesh-1.1.0 (path: /isaac-sim/extscache/omni.usd-1.16.0+f9bf0dda.la64.r.cp312)
2026-09-10T01:36:37Z [10,694ms] [Info] [omni.kit.app.plugin] [10.725s] [ext: omni.usd-1.16.0] startup
2026-09-10T01:36:37Z [10,694ms] [Info] [carb] Registered plugin: omni.stageupdate.plugin (interfaces: [omni::kit::IStageUpdate v1.0]) (impl: omni.stageupdate.plugin)
2026-09-10T01:36:37Z [10,695ms] [Info] [carb] Registered plugin: omni.usd.cppcommands (interfaces: [omni::ext::IExt v0.1]) (impl: omni.usd.cppcommands)
2026-09-10T01:36:37Z [10,695ms] [Info] [carb] Initializing plugin: omni.usd.cppcommands (interfaces: [omni::ext::IExt v0.1]) (impl: omni.usd.cppcommands)
2026-09-10T01:36:37Z [10,695ms] [Info] [omni.ext.plugin] [ext: omni.usd-1.16.0] Starting ext::IExt in '/isaac-sim/extscache/omni.usd-1.16.0+f9bf0dda.la64.r.cp312/bin/libomni.usd.cppcommands.plugin.so'
2026-09-10T01:36:37Z [10,721ms] [Info] [omni.ext._impl._internal] Searching for classes derived from 'omni.ext.IExt' in 'omni.usd' ('/isaac-sim/extscache/omni.usd-1.16.0+f9bf0dda.la64.r.cp312')
2026-09-10T01:36:37Z [10,721ms] [Info] [omni.ext._impl._internal] Found class `UsdExtension` derived from `omni.ext.IExt` in module: 'omni.usd' in '/isaac-sim/extscache/omni.usd-1.16.0+f9bf0dda.la64.r.cp312'. Calling `on_startup`.
2026-09-10T01:36:37Z [10,721ms] [Info] [carb] Initializing plugin: omni.stageupdate.plugin (interfaces: [omni::kit::IStageUpdate v1.0]) (impl: omni.stageupdate.plugin)
2026-09-10T01:36:37Z [10,721ms] [Info] [omni.graph.exec.unstable.passRegistry] IPassRegistry::registerPass: registered PopulatePass as pass id 2
2026-09-10T01:36:37Z [10,722ms] [Info] [carb] Plugin omni.usd is already a dependency of omni.kit.app.plugin; not changing unload order
2026-09-10T01:36:37Z [10,725ms] [Info] [omni.ext._impl._internal] Searching for classes derived from 'omni.ext.IExt' in 'omni.usd.audio' ('/isaac-sim/extscache/omni.usd-1.16.0+f9bf0dda.la64.r.cp312')
2026-09-10T01:36:37Z [10,752ms] [Info] [omni.ext._impl._internal] Searching for classes derived from 'omni.ext.IExt' in 'omni.usd.commands' ('/isaac-sim/extscache/omni.usd-1.16.0+f9bf0dda.la64.r.cp312')
2026-09-10T01:36:37Z [10,753ms] [Info] [omni.ext._impl._internal] Searching for classes derived from 'omni.ext.IExt' in 'omni.usd.editor' ('/isaac-sim/extscache/omni.usd-1.16.0+f9bf0dda.la64.r.cp312')
2026-09-10T01:36:37Z [10,753ms] [Info] [omni.ext._impl._internal] Searching for classes derived from 'omni.ext.IExt' in 'omni.stageupdate' ('/isaac-sim/extscache/omni.usd-1.16.0+f9bf0dda.la64.r.cp312')
2026-09-10T01:36:37Z [10,754ms] [Info] [omni.ext._impl._internal] Searching for classes derived from 'omni.ext.IExt' in 'usd.schema.kit' ('/isaac-sim/extscache/omni.usd-1.16.0+f9bf0dda.la64.r.cp312')
2026-09-10T01:36:37Z [10,754ms] [Info] [omni.ext.plugin] [ext: omni.usd-1.16.0] started, startup time: 59 (ms)
2026-09-10T01:36:37Z [10,754ms] [Info] [omni.ext.plugin] About to startup: [ext: isaacsim.core.deprecation_manager-0.4.2] (order: 0) Triggered by: isaacsim.core.version-2.1.1, isaacsim.core.experimental.utils-0.17.2 (path: /isaac-sim/exts/isaacsim.core.deprecation_manager)
2026-09-10T01:36:37Z [10,754ms] [Info] [omni.kit.app.plugin] [10.785s] [ext: isaacsim.core.deprecation_manager-0.4.2] startup
2026-09-10T01:36:37Z [10,755ms] [Info] [omni.ext._impl._internal] Searching for classes derived from 'omni.ext.IExt' in 'isaacsim.core.deprecation_manager' ('/isaac-sim/exts/isaacsim.core.deprecation_manager')
2026-09-10T01:36:37Z [10,755ms] [Info] [omni.ext._impl._internal] Found class `Extension` derived from `omni.ext.IExt` in module: 'isaacsim.core.deprecation_manager' in '/isaac-sim/exts/isaacsim.core.deprecation_manager'. Calling `on_startup`.
2026-09-10T01:36:37Z [10,755ms] [Info] [omni.ext.plugin] [ext: isaacsim.core.deprecation_manager-0.4.2] started, startup time: 1 (ms)
2026-09-10T01:36:37Z [10,755ms] [Info] [omni.ext.plugin] About to startup: [ext: omni.kit.usd.layers-2.6.1] (order: 0) Triggered by: omni.usd.metrics.assembler.ui-110.1.1, omni.kit.primitive.mesh-1.1.0 (path: /isaac-sim/extscache/omni.kit.usd.layers-2.6.1+f9bf0dda.la64.r.cp312)
2026-09-10T01:36:37Z [10,755ms] [Info] [omni.kit.app.plugin] [10.786s] [ext: omni.kit.usd.layers-2.6.1] startup
2026-09-10T01:36:37Z [10,756ms] [Info] [carb] Registered plugin: omni.kit.usd.layers.plugin (interfaces: [omni::kit::usd::layers::ILayers v1.1],[omni::kit::usd::layers::ILayersState v1.1],[omni::kit::usd::layers::IWorkflowAutoAuthoring v1.0],[omni::kit::usd::layers::IWorkflowLiveSyncing v2.2],[omni::kit::usd::layers::IWorkflowSpecsLinking v1.0],[omni::kit::usd::layers::IWorkflowSpecsLocking v1.0]) (impl: omni.kit.usd.layers.plugin)
2026-09-10T01:36:37Z [10,773ms] [Info] [omni.ext._impl._internal] Searching for classes derived from 'omni.ext.IExt' in 'omni.kit.usd.layers' ('/isaac-sim/extscache/omni.kit.usd.layers-2.6.1+f9bf0dda.la64.r.cp312')
2026-09-10T01:36:37Z [10,773ms] [Info] [omni.ext.plugin] [ext: omni.kit.usd.layers-2.6.1] started, startup time: 18 (ms)
2026-09-10T01:36:37Z [10,773ms] [Info] [omni.ext.plugin] About to startup: [ext: omni.kit.primitive.mesh-1.1.0] (order: 0) Triggered by: omni.kit.stage_templates-2.0.2 (path: /isaac-sim/extscache/omni.kit.primitive.mesh-1.1.0+f9bf0dda)
2026-09-10T01:36:37Z [10,773ms] [Info] [omni.kit.app.plugin] [10.804s] [ext: omni.kit.primitive.mesh-1.1.0] startup
2026-09-10T01:36:37Z [10,781ms] [Info] [omni.ext._impl._internal] Searching for classes derived from 'omni.ext.IExt' in 'omni.kit.primitive.mesh' ('/isaac-sim/extscache/omni.kit.primitive.mesh-1.1.0+f9bf0dda')
2026-09-10T01:36:37Z [10,781ms] [Info] [omni.ext._impl._internal] Found class `PrimitiveMeshExtension` derived from `omni.ext.IExt` in module: 'omni.kit.primitive.mesh' in '/isaac-sim/extscache/omni.kit.primitive.mesh-1.1.0+f9bf0dda'. Calling `on_startup`.
2026-09-10T01:36:37Z [10,782ms] [Info] [omni.ext.plugin] [ext: omni.kit.primitive.mesh-1.1.0] started, startup time: 8 (ms)
2026-09-10T01:36:37Z [10,782ms] [Info] [omni.ext.plugin] About to startup: [ext: omni.kit.stage_template.core-1.1.22] (order: 0) Triggered by: omni.kit.stage_templates-2.0.2 (path: /isaac-sim/extscache/omni.kit.stage_template.core-1.1.22+f9bf0dda)
2026-09-10T01:36:37Z [10,782ms] [Info] [omni.kit.app.plugin] [10.813s] [ext: omni.kit.stage_template.core-1.1.22] startup
2026-09-10T01:36:37Z [10,783ms] [Info] [omni.ext._impl._internal] Searching for classes derived from 'omni.ext.IExt' in 'omni.kit.stage_template.core' ('/isaac-sim/extscache/omni.kit.stage_template.core-1.1.22+f9bf0dda')
2026-09-10T01:36:37Z [10,783ms] [Info] [omni.ext._impl._internal] Found class `CoreStageExtension` derived from `omni.ext.IExt` in module: 'omni.kit.stage_template.core' in '/isaac-sim/extscache/omni.kit.stage_template.core-1.1.22+f9bf0dda'. Calling `on_startup`.
2026-09-10T01:36:37Z [10,783ms] [Info] [omni.ext.plugin] [ext: omni.kit.stage_template.core-1.1.22] started, startup time: 1 (ms)
2026-09-10T01:36:37Z [10,783ms] [Info] [omni.ext.plugin] About to startup: [ext: omni.kit.stage_templates-2.0.2] (order: 0) Triggered by: isaacsim.core.experimental.utils-0.17.2 (path: /isaac-sim/extscache/omni.kit.stage_templates-2.0.2+f9bf0dda)
2026-09-10T01:36:37Z [10,783ms] [Info] [omni.kit.app.plugin] [10.814s] [ext: omni.kit.stage_templates-2.0.2] startup
2026-09-10T01:36:37Z [10,784ms] [Info] [omni.ext._impl._internal] Searching for classes derived from 'omni.ext.IExt' in 'omni.kit.stage_templates' ('/isaac-sim/extscache/omni.kit.stage_templates-2.0.2+f9bf0dda')
2026-09-10T01:36:37Z [10,784ms] [Info] [omni.ext._impl._internal] Found class `NewStageExtension` derived from `omni.ext.IExt` in module: 'omni.kit.stage_templates' in '/isaac-sim/extscache/omni.kit.stage_templates-2.0.2+f9bf0dda'. Calling `on_startup`.
2026-09-10T01:36:37Z [10,786ms] [Info] [omni.ext.plugin] [ext: omni.kit.stage_templates-2.0.2] started, startup time: 2 (ms)
2026-09-10T01:36:37Z [10,786ms] [Info] [omni.ext.plugin] About to startup: [ext: omni.usd.metrics.assembler-110.1.2] (order: 0) Triggered by: omni.usd.metrics.assembler.ui-110.1.1, isaacsim.core.experimental.utils-0.17.2 (path: /isaac-sim/extscache/omni.usd.metrics.assembler-110.1.2+110.1.0.la64.r.cp312.u7f4)
2026-09-10T01:36:37Z [10,786ms] [Info] [omni.kit.app.plugin] [10.817s] [ext: omni.usd.metrics.assembler-110.1.2] startup
2026-09-10T01:36:37Z [10,786ms] [Info] [carb] Registered plugin: omni.usd.metrics.assembler.plugin (interfaces: [omni::usd::IMetricsAssembler v1.0]) (impl: omni.usd.metrics.assembler.plugin)
2026-09-10T01:36:37Z [10,787ms] [Info] [omni.ext._impl._internal] Searching for classes derived from 'omni.ext.IExt' in 'omni.metrics.assembler.core' ('/isaac-sim/extscache/omni.usd.metrics.assembler-110.1.2+110.1.0.la64.r.cp312.u7f4')
2026-09-10T01:36:37Z [10,787ms] [Info] [omni.ext._impl._internal] Found class `OmniUsdMetricsAssembler` derived from `omni.ext.IExt` in module: 'omni.metrics.assembler.core' in '/isaac-sim/extscache/omni.usd.metrics.assembler-110.1.2+110.1.0.la64.r.cp312.u7f4'. Calling `on_startup`.
2026-09-10T01:36:37Z [10,787ms] [Info] [carb] Initializing plugin: omni.usd.metrics.assembler.plugin (interfaces: [omni::usd::IMetricsAssembler v1.0]) (impl: omni.usd.metrics.assembler.plugin)
2026-09-10T01:36:37Z [10,787ms] [Info] [omni.ext.plugin] [ext: omni.usd.metrics.assembler-110.1.2] started, startup time: 1 (ms)
2026-09-10T01:36:37Z [10,787ms] [Info] [omni.ext.plugin] About to startup: [ext: isaacsim.core.experimental.utils-0.17.2] (order: 0) Triggered by: isaacsim.core.simulation_manager-1.15.6 (path: /isaac-sim/exts/isaacsim.core.experimental.utils)
2026-09-10T01:36:37Z [10,787ms] [Info] [omni.kit.app.plugin] [10.819s] [ext: isaacsim.core.experimental.utils-0.17.2] startup
2026-09-10T01:36:37Z [10,788ms] [Info] [omni.ext._impl._internal] Searching for classes derived from 'omni.ext.IExt' in 'isaacsim.core.experimental.utils' ('/isaac-sim/exts/isaacsim.core.experimental.utils')
2026-09-10T01:36:37Z [10,788ms] [Info] [omni.ext._impl._internal] Searching for classes derived from 'omni.ext.IExt' in 'isaacsim.core.experimental.utils.tests' ('/isaac-sim/exts/isaacsim.core.experimental.utils')
2026-09-10T01:36:37Z [10,788ms] [Info] [omni.ext.plugin] [ext: isaacsim.core.experimental.utils-0.17.2] started, startup time: 0 (ms)
2026-09-10T01:36:37Z [10,788ms] [Info] [omni.ext.plugin] About to startup: [ext: omni.convexdecomposition-110.1.13] (order: 0) Triggered by: omni.physx.cooking-110.1.13 (path: /isaac-sim/extscache/omni.convexdecomposition-110.1.13+110.1.2.la64.r.cp312.u7f4)
2026-09-10T01:36:37Z [10,788ms] [Info] [omni.kit.app.plugin] [10.819s] [ext: omni.convexdecomposition-110.1.13] startup
2026-09-10T01:36:37Z [10,788ms] [Info] [carb] Registered plugin: omni.convexdecomposition.plugin (interfaces: [omni::convexdecomposition::ConvexDecomposition v2.0]) (impl: omni.convexdecomposition.plugin)
2026-09-10T01:36:37Z [10,789ms] [Info] [omni.ext._impl._internal] Searching for classes derived from 'omni.ext.IExt' in 'omni.convexdecomposition' ('/isaac-sim/extscache/omni.convexdecomposition-110.1.13+110.1.2.la64.r.cp312.u7f4')
2026-09-10T01:36:37Z [10,789ms] [Info] [omni.ext._impl._internal] Found class `ConvexDecompositionExtension` derived from `omni.ext.IExt` in module: 'omni.convexdecomposition' in '/isaac-sim/extscache/omni.convexdecomposition-110.1.13+110.1.2.la64.r.cp312.u7f4'. Calling `on_startup`.
2026-09-10T01:36:37Z [10,789ms] [Info] [carb] Initializing plugin: omni.convexdecomposition.plugin (interfaces: [omni::convexdecomposition::ConvexDecomposition v2.0]) (impl: omni.convexdecomposition.plugin)
2026-09-10T01:36:37Z [10,789ms] [Info] [omni.ext.plugin] [ext: omni.convexdecomposition-110.1.13] started, startup time: 1 (ms)
2026-09-10T01:36:37Z [10,789ms] [Info] [omni.ext.plugin] About to startup: [ext: omni.physics-110.1.13] (order: 0) Triggered by: isaacsim.core.simulation_manager-1.15.6, omni.physics.physx-110.1.13, omni.physics.stageupdate-110.1.13 (path: /isaac-sim/extscache/omni.physics-110.1.13+110.1.2.la64.r.cp312.u7f4)
2026-09-10T01:36:37Z [10,789ms] [Info] [omni.kit.app.plugin] [10.820s] [ext: omni.physics-110.1.13] startup
2026-09-10T01:36:37Z [10,789ms] [Info] [carb] Registered plugin: omni.physics.plugin (interfaces: [omni::physics::IPhysics v0.2],[omni::physics::IPhysicsBenchmarks v0.1],[omni::physics::IPhysicsInteraction v0.1],[omni::physics::IPhysicsSceneQuery v0.1],[omni::physics::IPhysicsSimulation v0.4],[omni::physics::IPhysicsStageUpdate v0.1]) (impl: omni.physics.plugin)
2026-09-10T01:36:37Z [10,791ms] [Info] [omni.ext._impl._internal] Searching for classes derived from 'omni.ext.IExt' in 'omni.physics.core' ('/isaac-sim/extscache/omni.physics-110.1.13+110.1.2.la64.r.cp312.u7f4')
2026-09-10T01:36:37Z [10,791ms] [Info] [omni.ext._impl._internal] Found class `PhysicsExtension` derived from `omni.ext.IExt` in module: 'omni.physics.core' in '/isaac-sim/extscache/omni.physics-110.1.13+110.1.2.la64.r.cp312.u7f4'. Calling `on_startup`.
2026-09-10T01:36:37Z [10,791ms] [Info] [omni.ext.plugin] [ext: omni.physics-110.1.13] started, startup time: 1 (ms)
2026-09-10T01:36:37Z [10,791ms] [Info] [omni.ext.plugin] About to startup: [ext: omni.physx.gpu-110.1.13] (order: 0) Triggered by: omni.physx.foundation-110.1.13 (path: /isaac-sim/extscache/omni.physx.gpu-110.1.13+110.1.2.la64.r.cp312.u7f4)
2026-09-10T01:36:37Z [10,791ms] [Info] [omni.kit.app.plugin] [10.822s] [ext: omni.physx.gpu-110.1.13] startup
2026-09-10T01:36:37Z [10,791ms] [Info] [carb] Registered plugin: omni.physx.gpu.plugin (interfaces: [omni::physx::IPhysxGpu v1.0]) (impl: omni.physx.gpu.plugin)
2026-09-10T01:36:37Z [10,791ms] [Info] [omni.ext.plugin] [ext: omni.physx.gpu-110.1.13] started, startup time: 0 (ms)
2026-09-10T01:36:37Z [10,791ms] [Info] [omni.ext.plugin] About to startup: [ext: omni.physx.foundation-110.1.13] (order: 0) Triggered by: omni.physx-110.1.13, omni.physx.cooking-110.1.13 (path: /isaac-sim/extscache/omni.physx.foundation-110.1.13+110.1.2.la64.r.cp312.u7f4)
2026-09-10T01:36:37Z [10,791ms] [Info] [omni.kit.app.plugin] [10.822s] [ext: omni.physx.foundation-110.1.13] startup
2026-09-10T01:36:37Z [10,791ms] [Info] [carb] Registered plugin: omni.physx.foundation.plugin (interfaces: [omni::physx::IOptionalCuda v0.1],[omni::physx::IPhysxFoundation v0.3]) (impl: omni.physx.foundation.plugin)
2026-09-10T01:36:37Z [10,792ms] [Info] [omni.ext._impl._internal] Searching for classes derived from 'omni.ext.IExt' in 'omni.physxfoundation' ('/isaac-sim/extscache/omni.physx.foundation-110.1.13+110.1.2.la64.r.cp312.u7f4')
2026-09-10T01:36:37Z [10,792ms] [Info] [omni.ext._impl._internal] Found class `PhysxFoundationExtension` derived from `omni.ext.IExt` in module: 'omni.physxfoundation' in '/isaac-sim/extscache/omni.physx.foundation-110.1.13+110.1.2.la64.r.cp312.u7f4'. Calling `on_startup`.
2026-09-10T01:36:37Z [10,792ms] [Info] [carb] Initializing plugin: omni.physx.foundation.plugin (interfaces: [omni::physx::IOptionalCuda v0.1],[omni::physx::IPhysxFoundation v0.3]) (impl: omni.physx.foundation.plugin)
2026-09-10T01:36:37Z [10,915ms] [Info] [omni.physx.foundation.plugin] IOptionalCuda: CUDA available (1 device, 124610 MiB device memory).
2026-09-10T01:36:37Z [10,915ms] [Info] [omni.physx.foundation.plugin] PhysXFoundation: 1 CUDA device(s) available, selecting device 0 (only integrated GPUs present).
2026-09-10T01:36:37Z [10,915ms] [Info] [omni.physx.foundation.plugin] PhysXFoundation: CUDA device 0 found via Driver API.
2026-09-10T01:36:37Z [10,915ms] [Info] [omni.physx.foundation.plugin] PhysXFoundation: cudaDeviceCheck result: GPU available (cached for process lifetime).
2026-09-10T01:36:37Z [10,915ms] [Info] [carb] Initializing plugin: omni.physx.gpu.plugin (interfaces: [omni::physx::IPhysxGpu v1.0]) (impl: omni.physx.gpu.plugin)
2026-09-10T01:36:37Z [10,916ms] [Info] [omni.ext.plugin] [ext: omni.physx.foundation-110.1.13] started, startup time: 124 (ms)
2026-09-10T01:36:37Z [10,916ms] [Info] [omni.ext.plugin] About to startup: [ext: omni.usdphysics-110.1.13] (order: 0) Triggered by: omni.physx-110.1.13, omni.physx.cooking-110.1.13 (path: /isaac-sim/extscache/omni.usdphysics-110.1.13+110.1.2.la64.r.cp312.u7f4)
2026-09-10T01:36:37Z [10,916ms] [Info] [omni.kit.app.plugin] [10.947s] [ext: omni.usdphysics-110.1.13] startup
2026-09-10T01:36:37Z [10,916ms] [Info] [carb] Registered plugin: omni.physicsschema.plugin (interfaces: [omni::physics::schema::IUsdPhysics v1.1],[omni::physics::usdparser::IUsdPhysicsParse v1.0]) (impl: omni.physicsschema.plugin)
2026-09-10T01:36:37Z [10,917ms] [Info] [omni.ext._impl._internal] Searching for classes derived from 'omni.ext.IExt' in 'omni.usdphysics' ('/isaac-sim/extscache/omni.usdphysics-110.1.13+110.1.2.la64.r.cp312.u7f4')
2026-09-10T01:36:37Z [10,917ms] [Info] [omni.ext._impl._internal] Found class `PhysicsSchemaExtension` derived from `omni.ext.IExt` in module: 'omni.usdphysics' in '/isaac-sim/extscache/omni.usdphysics-110.1.13+110.1.2.la64.r.cp312.u7f4'. Calling `on_startup`.
2026-09-10T01:36:37Z [10,917ms] [Info] [omni.ext._impl._internal] Searching for classes derived from 'omni.ext.IExt' in 'omni.usdphysics.scripts' ('/isaac-sim/extscache/omni.usdphysics-110.1.13+110.1.2.la64.r.cp312.u7f4')
2026-09-10T01:36:37Z [10,917ms] [Info] [omni.ext.plugin] [ext: omni.usdphysics-110.1.13] started, startup time: 1 (ms)
2026-09-10T01:36:37Z [10,917ms] [Info] [omni.ext.plugin] About to startup: [ext: omni.physx.cooking-110.1.13] (order: 0) Triggered by: omni.physx-110.1.13 (path: /isaac-sim/extscache/omni.physx.cooking-110.1.13+110.1.2.la64.r.cp312.u7f4)
2026-09-10T01:36:37Z [10,917ms] [Info] [omni.kit.app.plugin] [10.948s] [ext: omni.physx.cooking-110.1.13] startup
2026-09-10T01:36:37Z [10,917ms] [Info] [carb] Registered plugin: omni.physx.cooking.plugin (interfaces: [omni::physx::IPhysxCookingService v2.1],[omni::physx::IPhysxCookingServicePrivate v15.0]) (impl: omni.physx.cooking.plugin)
2026-09-10T01:36:37Z [10,918ms] [Info] [omni.ext._impl._internal] Searching for classes derived from 'omni.ext.IExt' in 'omni.physxcooking' ('/isaac-sim/extscache/omni.physx.cooking-110.1.13+110.1.2.la64.r.cp312.u7f4')
2026-09-10T01:36:37Z [10,918ms] [Info] [omni.ext._impl._internal] Found class `PhysxExtension` derived from `omni.ext.IExt` in module: 'omni.physxcooking' in '/isaac-sim/extscache/omni.physx.cooking-110.1.13+110.1.2.la64.r.cp312.u7f4'. Calling `on_startup`.
2026-09-10T01:36:37Z [10,918ms] [Info] [carb] Initializing plugin: omni.physx.cooking.plugin (interfaces: [omni::physx::IPhysxCookingService v2.1],[omni::physx::IPhysxCookingServicePrivate v15.0]) (impl: omni.physx.cooking.plugin)
2026-09-10T01:36:37Z [10,918ms] [Info] [omni.ext.plugin] [ext: omni.physx.cooking-110.1.13] started, startup time: 1 (ms)
2026-09-10T01:36:37Z [10,918ms] [Info] [omni.ext.plugin] About to startup: [ext: omni.physx-110.1.13] (order: 0) Triggered by: isaaclab.python.headless-3.0.0, omni.physx.tensors-110.1.13, omni.physx.fabric-110.1.13, omni.physics.physx-110.1.13 (path: /isaac-sim/extscache/omni.physx-110.1.13+110.1.2.la64.r.cp312.u7f4)
2026-09-10T01:36:37Z [10,918ms] [Info] [omni.kit.app.plugin] [10.950s] [ext: omni.physx-110.1.13] startup
2026-09-10T01:36:37Z [10,918ms] [Info] [omni.ext.plugin] Loaded the dynamic library from /isaac-sim/extscache/omni.physx-110.1.13+110.1.2.la64.r.cp312.u7f4/bin/libPVDRuntime_64.so
2026-09-10T01:36:37Z [10,919ms] [Info] [carb] Registered plugin: omni.physx.plugin (interfaces: [omni::physx::IPhysx v5.0],[omni::physx::IPhysxAttachmentPrivate v1.0],[omni::physx::IPhysxBenchmarks v1.0],[omni::physx::IPhysxCooking v4.0],[omni::physx::IPhysxCookingPrivate v2.0],[omni::physx::IPhysxCustomGeometry v1.0],[omni::physx::IPhysxCustomJoint v1.0],[omni::physx::IPhysxJoint v1.0],[omni::physx::IPhysxParticlesPrivate v0.1],[omni::physx::IPhysxPrivate v2.0],[omni::physx::IPhysxPropertyQuery v1.0],[omni::physx::IPhysxReplicator v2.0],[omni::physx::IPhysxSceneQuery v1.0],[omni::physx::IPhysxSimulation v5.0],[omni::physx::IPhysxStageUpdate v0.1],[omni::physx::IPhysxStatistics v3.0],[omni::physx::IPhysxUnitTests v3.0],[omni::physx::IPhysxVisualization v2.1],[omni::physx::usdparser::IPhysxUsdLoad v1.1]) (impl: omni.physx.plugin)
2026-09-10T01:36:37Z [10,931ms] [Info] [omni.ext._impl._internal] Searching for classes derived from 'omni.ext.IExt' in 'omni.physx' ('/isaac-sim/extscache/omni.physx-110.1.13+110.1.2.la64.r.cp312.u7f4')
2026-09-10T01:36:37Z [10,931ms] [Info] [omni.ext._impl._internal] Found class `PhysxExtension` derived from `omni.ext.IExt` in module: 'omni.physx' in '/isaac-sim/extscache/omni.physx-110.1.13+110.1.2.la64.r.cp312.u7f4'. Calling `on_startup`.
2026-09-10T01:36:37Z [10,931ms] [Info] [carb] Initializing plugin: omni.physx.plugin (interfaces: [omni::physx::IPhysx v5.0],[omni::physx::IPhysxAttachmentPrivate v1.0],[omni::physx::IPhysxBenchmarks v1.0],[omni::physx::IPhysxCooking v4.0],[omni::physx::IPhysxCookingPrivate v2.0],[omni::physx::IPhysxCustomGeometry v1.0],[omni::physx::IPhysxCustomJoint v1.0],[omni::physx::IPhysxJoint v1.0],[omni::physx::IPhysxParticlesPrivate v0.1],[omni::physx::IPhysxPrivate v2.0],[omni::physx::IPhysxPropertyQuery v1.0],[omni::physx::IPhysxReplicator v2.0],[omni::physx::IPhysxSceneQuery v1.0],[omni::physx::IPhysxSimulation v5.0],[omni::physx::IPhysxStageUpdate v0.1],[omni::physx::IPhysxStatistics v3.0],[omni::physx::IPhysxUnitTests v3.0],[omni::physx::IPhysxVisualization v2.1],[omni::physx::usdparser::IPhysxUsdLoad v1.1]) (impl: omni.physx.plugin)
2026-09-10T01:36:37Z [10,931ms] [Info] [carb] Initializing plugin: omni.physicsschema.plugin (interfaces: [omni::physics::schema::IUsdPhysics v1.1],[omni::physics::usdparser::IUsdPhysicsParse v1.0]) (impl: omni.physicsschema.plugin)
2026-09-10T01:36:37Z [10,932ms] [Info] [omni.physx.plugin] 
omni.physx handle on CUDA lib is 0xbf9e3d254290

2026-09-10T01:36:37Z [10,932ms] [Info] [omni.ext.plugin] [ext: omni.physx-110.1.13] started, startup time: 13 (ms)
2026-09-10T01:36:37Z [10,932ms] [Info] [omni.ext.plugin] About to startup: [ext: omni.physics.physx-110.1.13] (order: 0) Triggered by: isaacsim.core.simulation_manager-1.15.6 (path: /isaac-sim/extscache/omni.physics.physx-110.1.13+110.1.2.la64.r.cp312.u7f4)
2026-09-10T01:36:37Z [10,932ms] [Info] [omni.kit.app.plugin] [10.963s] [ext: omni.physics.physx-110.1.13] startup
2026-09-10T01:36:37Z [10,932ms] [Info] [carb] Registered plugin: omni.physics.physx.plugin (interfaces: [omni::ext::IExt v0.1]) (impl: omni.physics.physx.plugin)
2026-09-10T01:36:37Z [10,932ms] [Info] [carb] Initializing plugin: omni.physics.physx.plugin (interfaces: [omni::ext::IExt v0.1]) (impl: omni.physics.physx.plugin)
2026-09-10T01:36:37Z [10,933ms] [Info] [omni.ext.plugin] [ext: omni.physics.physx-110.1.13] Starting ext::IExt in '/isaac-sim/extscache/omni.physics.physx-110.1.13+110.1.2.la64.r.cp312.u7f4/bin/libomni.physics.physx.plugin.so'
2026-09-10T01:36:37Z [10,933ms] [Info] [carb] Initializing plugin: omni.physics.plugin (interfaces: [omni::physics::IPhysics v0.2],[omni::physics::IPhysicsBenchmarks v0.1],[omni::physics::IPhysicsInteraction v0.1],[omni::physics::IPhysicsSceneQuery v0.1],[omni::physics::IPhysicsSimulation v0.4],[omni::physics::IPhysicsStageUpdate v0.1]) (impl: omni.physics.plugin)
2026-09-10T01:36:37Z [10,933ms] [Info] [omni.ext._impl._internal] Searching for classes derived from 'omni.ext.IExt' in 'omni.physics.physx' ('/isaac-sim/extscache/omni.physics.physx-110.1.13+110.1.2.la64.r.cp312.u7f4')
2026-09-10T01:36:37Z [10,933ms] [Info] [omni.ext.plugin] [ext: omni.physics.physx-110.1.13] started, startup time: 1 (ms)
2026-09-10T01:36:37Z [10,933ms] [Info] [omni.ext.plugin] About to startup: [ext: omni.physics.stageupdate-110.1.13] (order: 0) Triggered by: isaacsim.core.simulation_manager-1.15.6 (path: /isaac-sim/extscache/omni.physics.stageupdate-110.1.13+110.1.2.la64.r.cp312.u7f4)
2026-09-10T01:36:37Z [10,933ms] [Info] [omni.kit.app.plugin] [10.965s] [ext: omni.physics.stageupdate-110.1.13] startup
2026-09-10T01:36:37Z [10,933ms] [Info] [carb] Registered plugin: omni.physics.stageupdate.plugin (interfaces: [omni::ext::IExt v0.1],[omni::physx::IPhysicsStageUpdateNode v0.1]) (impl: omni.physics.stageupdate.plugin)
2026-09-10T01:36:37Z [10,933ms] [Info] [carb] Initializing plugin: omni.physics.stageupdate.plugin (interfaces: [omni::ext::IExt v0.1],[omni::physx::IPhysicsStageUpdateNode v0.1]) (impl: omni.physics.stageupdate.plugin)
2026-09-10T01:36:37Z [10,933ms] [Info] [omni.ext.plugin] [ext: omni.physics.stageupdate-110.1.13] Starting ext::IExt in '/isaac-sim/extscache/omni.physics.stageupdate-110.1.13+110.1.2.la64.r.cp312.u7f4/bin/libomni.physics.stageupdate.plugin.so'
2026-09-10T01:36:37Z [10,935ms] [Info] [omni.ext._impl._internal] Searching for classes derived from 'omni.ext.IExt' in 'omni.physics.stageupdate' ('/isaac-sim/extscache/omni.physics.stageupdate-110.1.13+110.1.2.la64.r.cp312.u7f4')
2026-09-10T01:36:37Z [10,935ms] [Info] [omni.ext._impl._internal] Found class `OmniPhysXStageUpdateExtension` derived from `omni.ext.IExt` in module: 'omni.physics.stageupdate' in '/isaac-sim/extscache/omni.physics.stageupdate-110.1.13+110.1.2.la64.r.cp312.u7f4'. Calling `on_startup`.
2026-09-10T01:36:37Z [10,935ms] [Info] [omni.ext.plugin] [ext: omni.physics.stageupdate-110.1.13] started, startup time: 1 (ms)
2026-09-10T01:36:37Z [10,935ms] [Info] [omni.ext.plugin] About to startup: [ext: omni.physics.tensors-110.1.13] (order: 0) Triggered by: omni.physx.tensors-110.1.13 (path: /isaac-sim/extscache/omni.physics.tensors-110.1.13+110.1.2.la64.r.cp312.u7f4)
2026-09-10T01:36:37Z [10,935ms] [Info] [omni.kit.app.plugin] [10.966s] [ext: omni.physics.tensors-110.1.13] startup
2026-09-10T01:36:37Z [10,935ms] [Info] [carb] Registered plugin: omni.physics.tensors.plugin (interfaces: [omni::physics::tensors::BackendRegistry v0.1],[omni::physics::tensors::TensorApi v0.1]) (impl: omni.physics.tensors.plugin)
2026-09-10T01:36:37Z [10,945ms] [Info] [omni.ext._impl._internal] Searching for classes derived from 'omni.ext.IExt' in 'omni.physics.tensors' ('/isaac-sim/extscache/omni.physics.tensors-110.1.13+110.1.2.la64.r.cp312.u7f4')
2026-09-10T01:36:37Z [10,945ms] [Info] [omni.ext._impl._internal] Found class `Extension` derived from `omni.ext.IExt` in module: 'omni.physics.tensors' in '/isaac-sim/extscache/omni.physics.tensors-110.1.13+110.1.2.la64.r.cp312.u7f4'. Calling `on_startup`.
2026-09-10T01:36:37Z [10,945ms] [Info] [omni.ext.plugin] [ext: omni.physics.tensors-110.1.13] started, startup time: 10 (ms)
2026-09-10T01:36:37Z [10,945ms] [Info] [omni.ext.plugin] About to startup: [ext: omni.physx.tensors-110.1.13] (order: 0) Triggered by: isaaclab.python.headless-3.0.0, isaacsim.core.simulation_manager-1.15.6 (path: /isaac-sim/extscache/omni.physx.tensors-110.1.13+110.1.2.la64.r.cp312.u7f4)
2026-09-10T01:36:37Z [10,945ms] [Info] [omni.kit.app.plugin] [10.976s] [ext: omni.physx.tensors-110.1.13] startup
2026-09-10T01:36:37Z [10,946ms] [Info] [carb] Registered plugin: omni.physx.tensors.plugin (interfaces: [omni::ext::IExt v0.1]) (impl: omni.physx.tensors.plugin)
2026-09-10T01:36:37Z [10,946ms] [Info] [carb] Initializing plugin: omni.physx.tensors.plugin (interfaces: [omni::ext::IExt v0.1]) (impl: omni.physx.tensors.plugin)
2026-09-10T01:36:37Z [11,133ms] [Info] [omni.physx.tensors.plugin] omni.physx.tensors tensorsInit() starting...
2026-09-10T01:36:37Z [11,133ms] [Info] [carb] Initializing plugin: omni.physics.tensors.plugin (interfaces: [omni::physics::tensors::BackendRegistry v0.1],[omni::physics::tensors::TensorApi v0.1]) (impl: omni.physics.tensors.plugin)
2026-09-10T01:36:37Z [11,133ms] [Info] [omni.physx.tensors.plugin] Registered simulation backend 'physx'

2026-09-10T01:36:37Z [11,134ms] [Info] [omni.ext.plugin] [ext: omni.physx.tensors-110.1.13] Starting ext::IExt in '/isaac-sim/extscache/omni.physx.tensors-110.1.13+110.1.2.la64.r.cp312.u7f4/bin/libomni.physx.tensors.plugin.so'
2026-09-10T01:36:37Z [11,134ms] [Info] [omni.ext.plugin] [ext: omni.physx.tensors-110.1.13] started, startup time: 188 (ms)
2026-09-10T01:36:37Z [11,134ms] [Info] [omni.ext.plugin] About to startup: [ext: omni.usdex.libs-2.2.2] (order: 0) Triggered by: isaacsim.core.simulation_manager-1.15.6 (path: /isaac-sim/extscache/omni.usdex.libs-2.2.2+110.0.0.la64.r.cp312.u7f4)
2026-09-10T01:36:37Z [11,134ms] [Info] [omni.kit.app.plugin] [11.165s] [ext: omni.usdex.libs-2.2.2] startup
2026-09-10T01:36:37Z [11,135ms] [Info] [omni.ext.plugin] Loaded the dynamic library from /isaac-sim/extscache/omni.usdex.libs-2.2.2+110.0.0.la64.r.cp312.u7f4/bin/libusdex_core.so
2026-09-10T01:36:37Z [11,135ms] [Info] [omni.ext.plugin] Loaded the dynamic library from /isaac-sim/extscache/omni.usdex.libs-2.2.2+110.0.0.la64.r.cp312.u7f4/bin/libusdex_rtx.so
2026-09-10T01:36:37Z [11,136ms] [Info] [omni.ext._impl._internal] Searching for classes derived from 'omni.ext.IExt' in 'omni.usdex.libs' ('/isaac-sim/extscache/omni.usdex.libs-2.2.2+110.0.0.la64.r.cp312.u7f4/python')
2026-09-10T01:36:37Z [11,140ms] [Info] [omni.ext._impl._internal] Searching for classes derived from 'omni.ext.IExt' in 'usdex.core' ('/isaac-sim/extscache/omni.usdex.libs-2.2.2+110.0.0.la64.r.cp312.u7f4/python')
2026-09-10T01:36:37Z [11,140ms] [Info] [omni.ext._impl._internal] Searching for classes derived from 'omni.ext.IExt' in 'usdex.rtx' ('/isaac-sim/extscache/omni.usdex.libs-2.2.2+110.0.0.la64.r.cp312.u7f4/python')
2026-09-10T01:36:37Z [11,140ms] [Info] [omni.ext.plugin] [ext: omni.usdex.libs-2.2.2] started, startup time: 6 (ms)
2026-09-10T01:36:37Z [11,140ms] [Info] [omni.ext.plugin] About to startup: [ext: isaacsim.core.simulation_manager-1.15.6] (order: 0) Triggered by: isaaclab.python.headless-3.0.0 (path: /isaac-sim/exts/isaacsim.core.simulation_manager)
2026-09-10T01:36:37Z [11,140ms] [Info] [omni.kit.app.plugin] [11.172s] [ext: isaacsim.core.simulation_manager-1.15.6] startup
2026-09-10T01:36:37Z [11,141ms] [Info] [carb] Registered plugin: isaacsim.core.simulation_manager.plugin (interfaces: [isaacsim::core::simulation_manager::ISimulationManager v2.0],[omni::ext::IExt v0.1]) (impl: isaacsim.core.simulation_manager.plugin)
2026-09-10T01:36:37Z [11,141ms] [Info] [carb] Initializing plugin: isaacsim.core.simulation_manager.plugin (interfaces: [isaacsim::core::simulation_manager::ISimulationManager v2.0],[omni::ext::IExt v0.1]) (impl: isaacsim.core.simulation_manager.plugin)
2026-09-10T01:36:37Z [11,141ms] [Info] [omni.ext.plugin] [ext: isaacsim.core.simulation_manager-1.15.6] Starting ext::IExt in '/isaac-sim/exts/isaacsim.core.simulation_manager/bin/libisaacsim.core.simulation_manager.plugin.so'
2026-09-10T01:36:37Z [11,295ms] [Info] [omni.ext._impl._internal] Searching for classes derived from 'omni.ext.IExt' in 'isaacsim.core.simulation_manager' ('/isaac-sim/exts/isaacsim.core.simulation_manager')
2026-09-10T01:36:37Z [11,295ms] [Info] [omni.ext._impl._internal] Found class `Extension` derived from `omni.ext.IExt` in module: 'isaacsim.core.simulation_manager' in '/isaac-sim/exts/isaacsim.core.simulation_manager'. Calling `on_startup`.
2026-09-10T01:36:37Z [11,295ms] [Info] [isaacsim.core.simulation_manager.plugin] USD stage is not available; stage-opened subscription is deferred
2026-09-10T01:36:37Z [11,295ms] [Info] [isaacsim.core.simulation_manager.plugin] USD stage is not available; stage-opened subscription is deferred
2026-09-10T01:36:37Z [11,295ms] [Info] [isaacsim.core.simulation_manager.impl.simulation_manager] Initialized physics engine: physx
2026-09-10T01:36:37Z [11,296ms] [Info] [omni.ext._impl._internal] Searching for classes derived from 'omni.ext.IExt' in 'isaacsim.core.simulation_manager.tests' ('/isaac-sim/exts/isaacsim.core.simulation_manager')
2026-09-10T01:36:37Z [11,296ms] [Info] [omni.ext.plugin] [ext: isaacsim.core.simulation_manager-1.15.6] started, startup time: 155 (ms)
2026-09-10T01:36:37Z [11,296ms] [Info] [omni.ext.plugin] About to startup: [ext: isaacsim.core.version-2.1.1] (order: 0) Triggered by: isaaclab.python.headless-3.0.0 (path: /isaac-sim/exts/isaacsim.core.version)
2026-09-10T01:36:37Z [11,296ms] [Info] [omni.kit.app.plugin] [11.327s] [ext: isaacsim.core.version-2.1.1] startup
2026-09-10T01:36:37Z [11,296ms] [Info] [omni.ext._impl._internal] Searching for classes derived from 'omni.ext.IExt' in 'isaacsim.core.version' ('/isaac-sim/exts/isaacsim.core.version')
2026-09-10T01:36:37Z [11,296ms] [Info] [omni.ext._impl._internal] Searching for classes derived from 'omni.ext.IExt' in 'isaacsim.core.version.tests' ('/isaac-sim/exts/isaacsim.core.version')
2026-09-10T01:36:37Z [11,296ms] [Info] [omni.ext.plugin] [ext: isaacsim.core.version-2.1.1] started, startup time: 0 (ms)
2026-09-10T01:36:37Z [11,296ms] [Info] [omni.ext.plugin] About to startup: [ext: isaacsim.simulation_app-2.18.4] (order: 0) Triggered by: isaaclab.python.headless-3.0.0 (path: /isaac-sim/exts/isaacsim.simulation_app)
2026-09-10T01:36:37Z [11,296ms] [Info] [omni.kit.app.plugin] [11.327s] [ext: isaacsim.simulation_app-2.18.4] startup
2026-09-10T01:36:37Z [11,296ms] [Info] [omni.ext._impl._internal] Searching for classes derived from 'omni.ext.IExt' in 'isaacsim.simulation_app' ('/isaac-sim/exts/isaacsim.simulation_app')
2026-09-10T01:36:37Z [11,296ms] [Info] [omni.ext.plugin] [ext: isaacsim.simulation_app-2.18.4] started, startup time: 0 (ms)
2026-09-10T01:36:37Z [11,296ms] [Info] [omni.ext.plugin] About to startup: [ext: omni.kit.loop-isaac-1.6.0] (order: 0) Triggered by: isaaclab.python.headless-3.0.0 (path: /isaac-sim/exts/omni.kit.loop-isaac)
2026-09-10T01:36:37Z [11,296ms] [Info] [omni.kit.app.plugin] [11.327s] [ext: omni.kit.loop-isaac-1.6.0] startup
2026-09-10T01:36:37Z [11,297ms] [Info] [carb] Registered plugin: omni.kit.loop-isaac.plugin (interfaces: [omni::ext::IExt v0.1],[omni::kit::IRunLoopRunnerImpl v1.3]) (impl: omni.kit.loop-isaac.plugin)
2026-09-10T01:36:37Z [11,297ms] [Info] [carb] Initializing plugin: omni.kit.loop-isaac.plugin (interfaces: [omni::ext::IExt v0.1],[omni::kit::IRunLoopRunnerImpl v1.3]) (impl: omni.kit.loop-isaac.plugin)
2026-09-10T01:36:37Z [11,297ms] [Info] [omni.ext.plugin] [ext: omni.kit.loop-isaac-1.6.0] Starting ext::IExt in '/isaac-sim/exts/omni.kit.loop-isaac/bin/libomni.kit.loop-isaac.plugin.so'
2026-09-10T01:36:37Z [11,297ms] [Info] [carb] Plugin omni.kit.loop-isaac.plugin is already a dependency of omni.kit.app.plugin; not changing unload order
2026-09-10T01:36:37Z [11,297ms] [Info] [omni.ext._impl._internal] Searching for classes derived from 'omni.ext.IExt' in 'omni.kit.loop' ('/isaac-sim/exts/omni.kit.loop-isaac')
2026-09-10T01:36:37Z [11,297ms] [Info] [omni.ext._impl._internal] Searching for classes derived from 'omni.ext.IExt' in 'omni.kit.loop.tests' ('/isaac-sim/exts/omni.kit.loop-isaac')
2026-09-10T01:36:37Z [11,297ms] [Info] [omni.ext.plugin] [ext: omni.kit.loop-isaac-1.6.0] started, startup time: 1 (ms)
2026-09-10T01:36:37Z [11,297ms] [Info] [omni.ext.plugin] About to startup: [ext: omni.physx.fabric-110.1.13] (order: 0) Triggered by: isaaclab.python.headless-3.0.0 (path: /isaac-sim/extscache/omni.physx.fabric-110.1.13+110.1.2.la64.r.cp312.u7f4)
2026-09-10T01:36:37Z [11,297ms] [Info] [omni.kit.app.plugin] [11.329s] [ext: omni.physx.fabric-110.1.13] startup
2026-09-10T01:36:37Z [11,298ms] [Info] [carb] Registered plugin: omni.physx.fabric.plugin (interfaces: [omni::physx::IPhysxFabric v2.0]) (impl: omni.physx.fabric.plugin)
2026-09-10T01:36:37Z [11,299ms] [Info] [omni.ext._impl._internal] Searching for classes derived from 'omni.ext.IExt' in 'omni.physxfabric' ('/isaac-sim/extscache/omni.physx.fabric-110.1.13+110.1.2.la64.r.cp312.u7f4')
2026-09-10T01:36:37Z [11,299ms] [Info] [omni.ext._impl._internal] Found class `PhysxFabricExtension` derived from `omni.ext.IExt` in module: 'omni.physxfabric' in '/isaac-sim/extscache/omni.physx.fabric-110.1.13+110.1.2.la64.r.cp312.u7f4'. Calling `on_startup`.
2026-09-10T01:36:37Z [11,299ms] [Info] [carb] Initializing plugin: omni.physx.fabric.plugin (interfaces: [omni::physx::IPhysxFabric v2.0]) (impl: omni.physx.fabric.plugin)
2026-09-10T01:36:37Z [11,299ms] [Info] [omni.ext.plugin] [ext: omni.physx.fabric-110.1.13] started, startup time: 2 (ms)
2026-09-10T01:36:37Z [11,299ms] [Info] [omni.ext.plugin] About to startup: [ext: omni.usd.metrics.assembler.ui-110.1.1] (order: 0) Triggered by: isaaclab.python.headless-3.0.0 (path: /isaac-sim/extscache/omni.usd.metrics.assembler.ui-110.1.1+110.1.0.cp312.u7f4)
2026-09-10T01:36:37Z [11,299ms] [Info] [omni.kit.app.plugin] [11.331s] [ext: omni.usd.metrics.assembler.ui-110.1.1] startup
2026-09-10T01:36:37Z [11,305ms] [Info] [omni.ext._impl._internal] Searching for classes derived from 'omni.ext.IExt' in 'omni.metrics.assembler.ui' ('/isaac-sim/extscache/omni.usd.metrics.assembler.ui-110.1.1+110.1.0.cp312.u7f4')
2026-09-10T01:36:37Z [11,305ms] [Info] [omni.ext._impl._internal] Found class `MetricsAssemblerUI` derived from `omni.ext.IExt` in module: 'omni.metrics.assembler.ui' in '/isaac-sim/extscache/omni.usd.metrics.assembler.ui-110.1.1+110.1.0.cp312.u7f4'. Calling `on_startup`.
2026-09-10T01:36:37Z [11,305ms] [Info] [omni.ext.plugin] [ext: omni.usd.metrics.assembler.ui-110.1.1] started, startup time: 5 (ms)
2026-09-10T01:36:37Z [11,305ms] [Info] [omni.ext.plugin] About to startup: [ext: isaaclab_assets-0.3.4] (order: 1000) Triggered by: isaaclab.python.headless-3.0.0, isaaclab_tasks-1.10.9, isaaclab_mimic-1.3.3, isaaclab_rl-0.5.5 (path: /workspace/isaaclab/source/isaaclab_assets)
2026-09-10T01:36:37Z [11,305ms] [Info] [omni.kit.app.plugin] [11.336s] [ext: isaaclab_assets-0.3.4] startup
2026-09-10T01:36:37Z [11,306ms] [Info] [omni.ext._impl._internal] Searching for classes derived from 'omni.ext.IExt' in 'isaaclab_assets' ('/workspace/isaaclab/source/isaaclab_assets')
2026-09-10T01:36:38Z [12,171ms] [Info] [omni.ext.plugin] [ext: isaaclab_assets-0.3.4] started, startup time: 865 (ms)
2026-09-10T01:36:38Z [12,171ms] [Info] [omni.ext.plugin] About to startup: [ext: isaaclab_tasks-1.10.9] (order: 1000) Triggered by: isaaclab.python.headless-3.0.0, isaaclab_mimic-1.3.3, isaaclab_rl-0.5.5 (path: /workspace/isaaclab/source/isaaclab_tasks)
2026-09-10T01:36:38Z [12,171ms] [Info] [omni.kit.app.plugin] [12.202s] [ext: isaaclab_tasks-1.10.9] startup
2026-09-10T01:36:38Z [12,209ms] [Info] [omni.ext._impl._internal] Searching for classes derived from 'omni.ext.IExt' in 'isaaclab_tasks' ('/workspace/isaaclab/source/isaaclab_tasks')
2026-09-10T01:36:38Z [12,210ms] [Info] [omni.ext.plugin] [ext: isaaclab_tasks-1.10.9] started, startup time: 38 (ms)
2026-09-10T01:36:38Z [12,210ms] [Info] [omni.ext.plugin] About to startup: [ext: isaaclab_mimic-1.3.3] (order: 1000) Triggered by: isaaclab.python.headless-3.0.0 (path: /workspace/isaaclab/source/isaaclab_mimic)
2026-09-10T01:36:38Z [12,210ms] [Info] [omni.kit.app.plugin] [12.241s] [ext: isaaclab_mimic-1.3.3] startup
2026-09-10T01:36:38Z [12,210ms] [Info] [omni.ext._impl._internal] Searching for classes derived from 'omni.ext.IExt' in 'isaaclab_mimic' ('/workspace/isaaclab/source/isaaclab_mimic')
2026-09-10T01:36:38Z [12,210ms] [Info] [omni.ext.plugin] [ext: isaaclab_mimic-1.3.3] started, startup time: 0 (ms)
2026-09-10T01:36:38Z [12,210ms] [Info] [omni.ext.plugin] About to startup: [ext: isaaclab_newton-0.13.6] (order: 1000) Triggered by: isaaclab.python.headless-3.0.0 (path: /workspace/isaaclab/source/isaaclab_newton)
2026-09-10T01:36:38Z [12,210ms] [Info] [omni.kit.app.plugin] [12.241s] [ext: isaaclab_newton-0.13.6] startup
2026-09-10T01:36:38Z [12,210ms] [Info] [omni.ext._impl._internal] Searching for classes derived from 'omni.ext.IExt' in 'isaaclab_newton' ('/workspace/isaaclab/source/isaaclab_newton')
2026-09-10T01:36:38Z [12,210ms] [Info] [omni.ext.plugin] [ext: isaaclab_newton-0.13.6] started, startup time: 0 (ms)
2026-09-10T01:36:38Z [12,210ms] [Info] [omni.ext.plugin] About to startup: [ext: isaaclab_physx-1.1.3] (order: 1000) Triggered by: isaaclab.python.headless-3.0.0 (path: /workspace/isaaclab/source/isaaclab_physx)
2026-09-10T01:36:38Z [12,210ms] [Info] [omni.kit.app.plugin] [12.241s] [ext: isaaclab_physx-1.1.3] startup
2026-09-10T01:36:38Z [12,210ms] [Info] [omni.ext._impl._internal] Searching for classes derived from 'omni.ext.IExt' in 'isaaclab_physx' ('/workspace/isaaclab/source/isaaclab_physx')
2026-09-10T01:36:38Z [12,210ms] [Info] [omni.ext.plugin] [ext: isaaclab_physx-1.1.3] started, startup time: 0 (ms)
2026-09-10T01:36:38Z [12,210ms] [Info] [omni.ext.plugin] About to startup: [ext: isaaclab_rl-0.5.5] (order: 1000) Triggered by: isaaclab.python.headless-3.0.0 (path: /workspace/isaaclab/source/isaaclab_rl)
2026-09-10T01:36:38Z [12,210ms] [Info] [omni.kit.app.plugin] [12.241s] [ext: isaaclab_rl-0.5.5] startup
2026-09-10T01:36:38Z [12,210ms] [Info] [omni.ext._impl._internal] Searching for classes derived from 'omni.ext.IExt' in 'isaaclab_rl' ('/workspace/isaaclab/source/isaaclab_rl')
2026-09-10T01:36:38Z [12,210ms] [Info] [omni.ext.plugin] [ext: isaaclab_rl-0.5.5] started, startup time: 0 (ms)
2026-09-10T01:36:38Z [12,210ms] [Info] [omni.ext.plugin] About to startup: [ext: isaaclab.python.headless-3.0.0] (order: 0) Triggered by API/CLI/Config. (path: /workspace/isaaclab/apps/isaaclab.python.headless.kit)
2026-09-10T01:36:38Z [12,210ms] [Info] [omni.kit.app.plugin] [12.242s] [ext: isaaclab.python.headless-3.0.0] startup
2026-09-10T01:36:38Z [12,210ms] [Info] [omni.ext.plugin] [ext: isaaclab.python.headless-3.0.0] started, startup time: 0 (ms)
2026-09-10T01:36:38Z [12,211ms] [Info] [omni.kit.app.plugin] app started
2026-09-10T01:36:38Z [12,211ms] [Info] [simulation_app.simulation_app] SimulationApp._start_app: Kit application startup completed
2026-09-10T01:36:38Z [12,212ms] [Info] [simulation_app.simulation_app] SimulationApp._set_render_settings: Completed render settings configuration
2026-09-10T01:36:38Z [12,212ms] [Info] [omni.kit.app.plugin] [12.243s] Simulation App Starting
2026-09-10T01:36:38Z [12,256ms] [Info] [simulation_app.simulation_app] SimulationApp.__init__: Creating new stage
2026-09-10T01:36:38Z [12,257ms] [Info] [carb] Initializing plugin: omni.gpucompute-cuda.plugin (interfaces: [omni::gpucompute::GpuCompute v0.3]) (impl: omni.gpucompute-cuda.plugin)
2026-09-10T01:36:38Z [12,261ms] [Info] [carb] Initializing plugin: omni.usd-abi.plugin (interfaces: [omni::usd::IPathAbi v1.0],[omni::usd::IRenderProductPrimFactory v1.7],[omni::usd::IRenderSettings v0.2],[omni::usd::IRenderSettingsLegacy v0.2],[omni::usd::IResolverPathAbi v0.2],[omni::usd::ITokenAbi v1.0]) (impl: omni.usd-abi.plugin)
2026-09-10T01:36:38Z [12,261ms] [Info] [isaacsim.core.simulation_manager.plugin] Initialized TimeSampleStorage with circular buffer capacity 31 for stage 9223001
2026-09-10T01:36:38Z [12,261ms] [Info] [omni.physx.foundation.plugin] Using CUDA device ordinal 0.
2026-09-10T01:36:38Z [12,261ms] [Info] [omni.physx.foundation.plugin] PhysXFoundation: Retained primary CUDA context 0xbf9e3eaa8140 for device ordinal 0.
2026-09-10T01:36:38Z [12,383ms] [Info] [omni.kit.app.plugin] kEventAppReady event was delayed by: omni.usd,IsaacSim,omni.usd,IsaacSim
2026-09-10T01:36:38Z [12,383ms] [Info] [simulation_app.simulation_app] SimulationApp._prepare_ui: Starting UI setup
2026-09-10T01:36:38Z [12,383ms] [Info] [omni.kit.app.plugin] kEventAppReady event was delayed by: IsaacSim
2026-09-10T01:36:38Z [12,383ms] [Info] [simulation_app.simulation_app] SimulationApp._prepare_ui: UI setup completed
2026-09-10T01:36:38Z [12,383ms] [Info] [simulation_app.simulation_app] SimulationApp._wait_for_viewport: Starting viewport wait
2026-09-10T01:36:38Z [12,383ms] [Info] [simulation_app.simulation_app] SimulationApp._wait_for_viewport: Exception during viewport wait: No module named 'omni.kit.viewport'
2026-09-10T01:36:38Z [12,383ms] [Info] [simulation_app.simulation_app] SimulationApp._wait_for_viewport: Running final update frames for docking
/workspace/isaaclab/_isaac_sim/kit/python/lib/python3.12/site-packages/torch/cuda/__init__.py:435: UserWarning: 
    Found GPU0 NVIDIA GB10 which is of cuda capability 12.1.
    Minimum and Maximum cuda capability supported by this version of PyTorch is
    (8.0) - (12.0)
    
  queued_call()
[ISAACLAB] AppLauncher initialization complete
Starting kit application with the following args:  ['/workspace/isaaclab/_isaac_sim/exts/isaacsim.simulation_app/isaacsim/simulation_app/simulation_app.py', '/workspace/isaaclab/apps/isaaclab.python.headless.kit', '--/app/tokens/exe-path=/workspace/isaaclab/_isaac_sim/kit', '--/persistent/app/viewport/displayOptions=3094', '--/rtx/materialDb/syncLoads=True', '--/rtx/hydra/materialSyncLoads=True', '--/omni/kit/plugin/syncUsdLoads=True', '--/app/renderer/resolution/width=1280', '--/app/renderer/resolution/height=720', '--/app/window/width=1440', '--/app/window/height=900', '--/renderer/multiGpu/enabled=True', '--/app/fastShutdown=True', '--/app/installSignalHandlers=0', '--ext-folder', '/workspace/isaaclab/_isaac_sim/exts', '--ext-folder', '/workspace/isaaclab/_isaac_sim/apps', '--/renderer/activeGpu=0', '--/physics/cudaDevice=0', '--/plugins/carb.tasking.plugin/threadCount=20', '--/plugins/omni.tbb.globalcontrol/maxThreadCount=20', '--portable', '--no-window', '--/app/window/hideUi=True']
Passing the following args to the base kit application:  ['--admission', '/outputs/flat/admission.json', '--fixture-admission', '/workspace/hexapod/artifacts/terrain_readiness_2026-09-09/runtime/terrain_fixture_smoke_003/fixtures/validation.json', '--catalog', '/workspace/hexapod/artifacts/terrain_readiness_2026-09-09/terrain_catalog.json', '--fixture-id', 'train_ramp_1103', '--steps', '1000', '--package', '/study', '--variant', 'f050_t060', '--stance-index', '0', '--output', '/outputs/terrain', '--headless', '--device', 'cuda:0', '--info', '--kit_args=--/exts/omni.kit.telemetry/skipDeferredStartup=true --/app/extensions/excluded/4=omni.kit.telemetry', '--/exts/omni.kit.telemetry/skipDeferredStartup=true', '--/app/extensions/excluded/4=omni.kit.telemetry']
[INFO]: Base environment:
	Environment device    : cuda:0
	Environment seed      : 157
	Physics step-size     : 0.0025
	Rendering step-size   : 0.02
	Environment step-size : 0.02
[INFO]: Registered backend 'physx' for factory Articulation.
[INFO]: Registered backend 'physx' for factory ContactSensor.
2026-09-10T01:36:38Z [12,383ms] [Info] [omni.kit.app.plugin] kEventAppReady event was delayed by: IsaacSim
2026-09-10T01:36:38Z [12,383ms] [Info] [omni.kit.app.plugin] kEventAppReady event was delayed by: IsaacSim
2026-09-10T01:36:38Z [12,383ms] [Info] [omni.kit.app.plugin] kEventAppReady event was delayed by: IsaacSim
2026-09-10T01:36:38Z [12,383ms] [Info] [omni.kit.app.plugin] kEventAppReady event was delayed by: IsaacSim
2026-09-10T01:36:38Z [12,383ms] [Info] [omni.kit.app.plugin] kEventAppReady event was delayed by: IsaacSim
2026-09-10T01:36:38Z [12,383ms] [Info] [omni.kit.app.plugin] kEventAppReady event was delayed by: IsaacSim
2026-09-10T01:36:38Z [12,383ms] [Info] [omni.kit.app.plugin] kEventAppReady event was delayed by: IsaacSim
2026-09-10T01:36:38Z [12,383ms] [Info] [omni.kit.app.plugin] kEventAppReady event was delayed by: IsaacSim
2026-09-10T01:36:38Z [12,383ms] [Info] [omni.kit.app.plugin] kEventAppReady event was delayed by: IsaacSim
2026-09-10T01:36:38Z [12,383ms] [Info] [omni.kit.app.plugin] kEventAppReady event was delayed by: IsaacSim
2026-09-10T01:36:38Z [12,383ms] [Info] [simulation_app.simulation_app] SimulationApp._wait_for_viewport: Viewport wait completed
2026-09-10T01:36:38Z [12,383ms] [Info] [omni.kit.app.plugin] [12.415s] Simulation App Startup Complete
2026-09-10T01:36:38Z [12,383ms] [Info] [omni.kit.app.plugin] [12.415s] app ready
2026-09-10T01:36:38Z [12,383ms] [Info] [omni.kit.app._impl] python GC: gc.enable()
2026-09-10T01:36:40Z [13,707ms] [Warning] [isaaclab_physx.physics.physx_manager] TGS solver with enable_external_forces_every_iteration=False may cause noisy velocities.
2026-09-10T01:36:40Z [13,816ms] [Info] [isaaclab.utils.backend_utils] Registered backend 'physx' for factory Articulation.
2026-09-10T01:36:40Z [13,851ms] [Info] [isaaclab.utils.backend_utils] Registered backend 'physx' for factory ContactSensor.
2026-09-10T01:36:40Z [13,872ms] [Info] [omni.physx.foundation.plugin] Using CUDA device ordinal 0.
2026-09-10T01:36:40Z [14,353ms] [Info] [omni.physx.plugin] Double sided attribute not supported in physics on a triangle mesh /World/ground/terrain
2026-09-10T01:36:41Z [14,682ms] [Info] [omni.physx.foundation.plugin] Using CUDA device ordinal 0.
2026-09-10T01:36:41Z [15,164ms] [Info] [omni.physx.plugin] Double sided attribute not supported in physics on a triangle mesh /World/ground/terrain
2026-09-10T01:36:41Z [15,165ms] [Warning] [usdrt.population.plugin] Last global time was not created. Did you call setEnableUsdNoticeHandling?
2026-09-10T01:36:41Z [15,165ms] [Info] [carb] Initializing plugin: omni.cubric.plugin (interfaces: [omni::cubric::IAdapter v0.2]) (impl: omni.cubric.plugin)
2026-09-10T01:36:41Z [15,186ms] [Info] [omni.physx.tensors.plugin] Physics using context 0xbf9e3eaa8140, device 0
2026-09-10T01:36:44Z [18,488ms] [Info] [isaaclab_physx.assets.articulation.articulation] Simulation parameters for joints in /World/envs/env_.*/Robot:
+-------------------------------------------------------------------------------------------------------------------------------------------------------------------+
|                                                 Simulation Joint Information (Prim path: /World/envs/env_.*/Robot)                                                |
+-------+--------------+-----------+---------+----------+-----------------+------------------+------------------+-----------------+-----------------+---------------+
| Index | Name         | Stiffness | Damping | Armature | Static Friction | Dynamic Friction | Viscous Friction | Position Limits | Velocity Limits | Effort Limits |
+-------+--------------+-----------+---------+----------+-----------------+------------------+------------------+-----------------+-----------------+---------------+
|   0   | revolute_1_1 |   0.000   |  0.000  |  0.001   |      0.010      |      0.010       |      0.002       | [-0.873, 0.873] |      55.292     |     5.500     |
|   1   | revolute_1_7 |   0.000   |  0.000  |  0.001   |      0.010      |      0.010       |      0.002       | [-0.873, 0.873] |      55.292     |     5.50[INFO]: Time taken for scene creation Last: 0.163790 s, Mean: 0.163790 s, Std: 0.000000 s, N: 1
[INFO]: Scene manager:  <class InteractiveScene>
	Number of environments: 1
	Environment spacing   : 2.0
	Source prim name      : /World/envs/env_0
	Global prim paths     : []
	Replicate physics     : True
[INFO]: Starting the simulation. This may take a few seconds. Please wait...
[INFO]: Simulation parameters for joints in /World/envs/env_.*/Robot:
+-------------------------------------------------------------------------------------------------------------------------------------------------------------------+
|                                                 Simulation Joint Information (Prim path: /World/envs/env_.*/Robot)                                                |
+-------+--------------+-----------+---------+----------+-----------------+------------------+------------------+-----------------+-----------------+---------------+
| Index | Name         | Stiffness | Damping | Armature | Static Friction | Dynamic Friction | Viscous Friction | Position Limits | Velocity Limits | Effort Limits |
+-------+--------------+-----------+---------+----------+-----------------+------------------+------------------+-----------------+-----------------+---------------+
|   0   | revolute_1_1 |   0.000   |  0.000  |  0.001   |      0.010      |      0.010       |      0.002       | [-0.873, 0.873] |      55.292     |     5.500     |
|   1   | revolute_1_7 |   0.000   |  0.000  |  0.001   |      0.010      |      0.010       |      0.002       | [-0.873, 0.873] |      55.292     |     5.500     |
|   2   | revolute_2_5 |   0.000   |  0.000  |  0.001   |      0.010      |      0.010       |      0.002       | [-0.873, 0.873] |      55.292     |     5.500     |
|   3   | revolute_3   |   0.000   |  0.000  |  0.001   |      0.010      |      0.010       |      0.002       | [-0.873, 0.873] |      55.292     |     5.500     |
|   4   | revolute_4   |   0.000   |  0.000  |  0.001   |      0.010      |      0.010       |      0.002       | [-0.873, 0.873] |      55.292     |     5.500     |
|   5   | revolute_5   |   0.000   |  0.000  |  0.001   |      0.010      |      0.010       |      0.002       | [-0.873, 0.873] |      55.292     |     5.500     |
|   6   | revolute_1   |   0.000   |  0.000  |  0.001   |      0.010      |      0.010       |      0.002       |  [0.000, 1.745] |      55.292     |     5.500     |
|   7   | revolute_1_6 |   0.000   |  0.000  |  0.001   |      0.010      |      0.010       |      0.002       |  [0.000, 1.745] |      55.292     |     5.500     |
|   8   | revolute_1_5 |   0.000   |  0.000  |  0.001   |      0.010      |      0.010       |      0.002       |  [0.000, 1.745] |      55.292     |     5.500     |
|   9   | revolute_1_3 |   0.000   |  0.000  |  0.001   |      0.010      |      0.010       |      0.002       |  [0.000, 1.745] |      55.292     |     5.500     |
|   10  | revolute_1_4 |   0.000   |  0.000  |  0.001   |      0.010      |      0.010       |      0.002       |  [0.000, 1.745] |      55.292     |     5.500     |
|   11  | revolute_1_2 |   0.000   |  0.000  |  0.001   |      0.010      |      0.010       |      0.002       |  [0.000, 1.745] |      55.292     |     5.500     |
|   12  | revolute_2   |   0.000   |  0.000  |  0.001   |      0.010      |      0.010       |      0.002       |  [0.000, 2.531] |      55.292     |     5.500     |
|   13  | revolute_2_6 |   0.000   |  0.000  |  0.001   |      0.010      |      0.010       |      0.002       |  [0.000, 2.531] |      55.292     |     5.500     |
|   14  | revolute_2_4 |   0.000   |  0.000  |  0.001   |      0.010      |      0.010       |      0.002       |  [0.000, 2.531] |      55.292     |     5.500     |
|   15  | revolute_2_2 |   0.000   |  0.000  |  0.001   |      0.010      |      0.010       |      0.002       |  [0.000, 2.531] |      55.292     |     5.500     |
|   16  | revolute_2_3 |   0.000   |  0.000  |  0.001   |      0.010      |      0.010       |      0.002       |  [0.000, 2.531] |      55.292     |     5.500     |
|   17  | revolute_2_1 |   0.000   |  0.000  |  0.001   |      0.010      |      0.010       |      0.002       |  [0.000, 2.531] |      55.292     |     5.500     |
+-------+--------------+-----------+---------+----------+-----------------+------------------+------------------+-----------------+-----------------+---------------+
0     |
|   2   | revolute_2_5 |   0.000   |  0.000  |  0.001   |      0.010      |      0.010       |      0.002       | [-0.873, 0.873] |      55.292     |     5.500     |
|   3   | revolute_3   |   0.000   |  0.000  |  0.001   |      0.010      |      0.010       |      0.002       | [-0.873, 0.873] |      55.292     |     5.500     |
|   4   | revolute_4   |   0.000   |  0.000  |  0.001   |      0.010      |      0.010       |      0.002       | [-0.873, 0.873] |      55.292     |     5.500     |
|   5   | revolute_5   |   0.000   |  0.000  |  0.001   |      0.010      |      0.010       |      0.002       | [-0.873, 0.873] |      55.292     |     5.500     |
|   6   | revolute_1   |   0.000   |  0.000  |  0.001   |      0.010      |      0.010       |      0.002       |  [0.000, 1.745] |      55.292     |     5.500     |
|   7   | revolute_1_6 |   0.000   |  0.000  |  0.001   |      0.010      |      0.010       |      0.002       |  [0.000, 1.745] |      55.292     |     5.500     |
|   8   | revolute_1_5 |   0.000   |  0.000  |  0.001   |      0.010      |      0.010       |      0.002       |  [0.000, 1.745] |      55.292     |     5.500     |
|   9   | revolute_1_3 |   0.000   |  0.000  |  0.001   |      0.010      |      0.010       |      0.002       |  [0.000, 1.745] |      55.292     |     5.500     |
|   10  | revolute_1_4 |   0.000   |  0.000  |  0.001   |      0.010      |      0.010       |      0.002       |  [0.000, 1.745] |      55.292     |     5.500     |
|   11  | revolute_1_2 |   0.000   |  0.000  |  0.001   |      0.010      |      0.010       |      0.002       |  [0.000, 1.745] |      55.292     |     5.500     |
|   12  | revolute_2   |   0.000   |  0.000  |  0.001   |      0.010      |      0.010       |      0.002       |  [0.000, 2.531] |      55.292     |     5.500     |
|   13  | revolute_2_6 |   0.000   |  0.000  |  0.001   |      0.010      |      0.010       |      0.002       |  [0.000, 2.531] |      55.292     |     5.500     |
|   14  | revolute_2_4 |   0.000   |  0.000  |  0.001   |      0.010      |      0.010       |      0.002       |  [0.000, 2.531] |      55.292     |     5.500     |
|   15  | revolute_2_2 |   0.000   |  0.000  |  0.001   |      0.010      |      0.010       |      0.002       |  [0.000, 2.531] |      55.292     |     5.500     |
|   16  | revolute_2_3 |   0.000   |  0.000  |  0.001   |      0.010      |      0.010       |      0.002       |  [0.000, 2.531] |      55.292     |     5.500     |
|   17  | revolute_2_1 |   0.000   |  0.000  |  0.001   |      0.010      |      0.010       |      0.002       |  [0.000, 2.531] |      55.292     |     5.500     |
+-------+--------------+-----------+---------+----------+-----------------+------------------+------------------+-----------------+-----------------+---------------+
2026-09-10T01:36:44Z [18,500ms] [Info] [isaacsim.core.simulation_manager.plugin] onResume: Stored initial time data
2026-09-10T01:36:47Z [21,246ms] [Warning] [omni.physx.tensors.plugin] Incomplete contact data is reported in GpuRigidContactView::getContactData because there are more contact data points than specified maxContactDataCount = 8.
2026-09-10T01:36:47Z [21,249ms] [Warning] [omni.physx.tensors.plugin] Incomplete contact data is reported in GpuRigidContactView::getContactData because there are more contact data points than specified maxContactDataCount = 8.
2026-09-10T01:36:47Z [21,293ms] [Warning] [omni.physx.tensors.plugin] Incomplete contact data is reported in GpuRigidContactView::getContactData because there are more contact data points than specified maxContactDataCount = 8.
2026-09-10T01:36:47Z [21,297ms] [Warning] [omni.physx.tensors.plugin] Incomplete contact data is reported in GpuRigidContactView::getContactData because there are more contact data points than specified maxContactDataCount = 8.
2026-09-10T01:36:47Z [21,347ms] [Warning] [omni.physx.tensors.plugin] Incomplete contact data is reported in GpuRigidContactView::getContactData because there are more contact data points than specified maxContactDataCount = 8.
2026-09-10T01:36:47Z [21,351ms] [Warning] [omni.physx.tensors.plugin] Incomplete contact data is reported in GpuRigidContactView::getContactData because there are more contact data points than specified maxContactDataCount = 8.
2026-09-10T01:36:47Z [21,398ms] [Warning] [omni.physx.tensors.plugin] Incomplete contact data is reported in GpuRigidContactView::getContactData because there are more contact data points than specified maxContactDataCount = 8.
2026-09-10T01:36:47Z [21,402ms] [Warning] [omni.physx.tensors.plugin] Incomplete contact data is reported in GpuRigidContactView::getContactData because there are more contact data points than specified maxContactDataCount = 8.
2026-09-10T01:36:47Z [21,447ms] [Warning] [omni.physx.tensors.plugin] Incomplete contact data is reported in GpuRigidContactView::getContactData because there are more contact data points than specified maxContactDataCount = 8.
2026-09-10T01:36:47Z [21,451ms] [Warning] [omni.physx.tensors.plugin] Incomplete contact data is reported in GpuRigidContactView::getContactData because there are more contact data points than specified maxContactDataCount = 8.
2026-09-10T01:36:47Z [21,498ms] [Warning] [omni.physx.tensors.plugin] Incomplete contact data is reported in GpuRigidContactView::getContactData because there are more contact data points than specified maxContactDataCount = 8.
2026-09-10T01:36:47Z [21,502ms] [Warning] [omni.physx.tensors.plugin] Incomplete contact data is reported in GpuRigidContactView::getContactData because there are more contact data points than specified maxContactDataCount = 8.
2026-09-10T01:36:47Z [21,548ms] [Warning] [omni.physx.tensors.plugin] Incomplete contact data is reported in GpuRigidContactView::getContactData because there are more contact data points than specified maxContactDataCount = 8.
2026-09-10T01:36:47Z [21,552ms] [Warning] [omni.physx.tensors.plugin] Incomplete contact data is reported in GpuRigidContactView::getContactData because there are more contact data points than specified maxContactDataCount = 8.
2026-09-10T01:36:47Z [21,600ms] [Warning] [omni.physx.tensors.plugin] Incomplete contact data is reported in GpuRigidContactView::getContactData because there are more contact data points than specified maxContactDataCount = 8.
2026-09-10T01:36:47Z [21,603ms] [Warning] [omni.physx.tensors.plugin] Incomplete contact data is reported in GpuRigidContactView::getContactData because there are more contact data points than specified maxContactDataCount = 8.
2026-09-10T01:36:47Z [21,649ms] [Warning] [omni.physx.tensors.plugin] Incomplete contact data is reported in GpuRigidContactView::getContactData because there are more contact data points than specified maxContactDataCount = 8.
2026-09-10T01:36:47Z [21,652ms] [Warning] [omni.physx.tensors.plugin] Incomplete contact data is reported in GpuRigidContactView::getContactData because there are more contact data points than specified maxContactDataCount = 8.
2026-09-10T01:36:48Z [21,704ms] [Warning] [omni.physx.tensors.plugin] Incomplete contact data is reported in GpuRigidContactView::getContactData because there are more contact data points than specified maxContactDataCount = 8.
2026-09-10T01:36:48Z [21,707ms] [Warning] [omni.physx.tensors.plugin] Incomplete contact data is reported in GpuRigidContactView::getContactData because there are more contact data points than specified maxContactDataCount = 8.
2026-09-10T01:36:48Z [21,758ms] [Warning] [omni.physx.tensors.plugin] Incomplete contact data is reported in GpuRigidContactView::getContactData because there are more contact data points than specified maxContactDataCount = 8.
2026-09-10T01:36:48Z [21,761ms] [Warning] [omni.physx.tensors.plugin] Incomplete contact data is reported in GpuRigidContactView::getContactData because there are more contact data points than specified maxContactDataCount = 8.
2026-09-10T01:36:48Z [21,813ms] [Warning] [omni.physx.tensors.plugin] Incomplete contact data is reported in GpuRigidContactView::getContactData because there are more contact data points than specified maxContactDataCount = 8.
2026-09-10T01:36:48Z [21,816ms] [Warning] [omni.physx.tensors.plugin] Incomplete contact data is reported in GpuRigidContactView::getContactData because there are more contact data points than specified maxContactDataCount = 8.
2026-09-10T01:36:48Z [21,864ms] [Warning] [omni.physx.tensors.plugin] Incomplete contact data is reported in GpuRigidContactView::getContactData because there are more contact data points than specified maxContactDataCount = 8.
2026-09-10T01:36:48Z [21,867ms] [Warning] [omni.physx.tensors.plugin] Incomplete contact data is reported in GpuRigidContactView::getContactData because there are more contact data points than specified maxContactDataCount = 8.
2026-09-10T01:36:48Z [21,913ms] [Warning] [omni.physx.tensors.plugin] Incomplete contact data is reported in GpuRigidContactView::getContactData because there are more contact data points than specified maxContactDataCount = 8.
2026-09-10T01:36:48Z [21,917ms] [Warning] [omni.physx.tensors.plugin] Incomplete contact data is reported in GpuRigidContactView::getContactData because there are more contact data points than specified maxContactDataCount = 8.
2026-09-10T01:36:48Z [21,966ms] [Warning] [omni.physx.tensors.plugin] Incomplete contact data is reported in GpuRigidContactView::getContactData because there are more contact data points than specified maxContactDataCount = 8.
2026-09-10T01:36:48Z [21,970ms] [Warning] [omni.physx.tensors.plugin] Incomplete contact data is reported in GpuRigidContactView::getContactData because there are more contact data points than specified maxContactDataCount = 8.
2026-09-10T01:36:48Z [22,019ms] [Warning] [omni.physx.tensors.plugin] Incomplete contact data is reported in GpuRigidContactView::getContactData because there are more contact data points than specified maxContactDataCount = 8.
2026-09-10T01:36:48Z [22,023ms] [Warning] [omni.physx.tensors.plugin] Incomplete contact data is reported in GpuRigidContactView::getContactData because there are more contact data points than specified maxContactDataCount = 8.
2026-09-10T01:36:48Z [22,071ms] [Warning] [omni.physx.tensors.plugin] Incomplete contact data is reported in GpuRigidContactView::getContactData because there are more contact data points than specified maxContactDataCount = 8.
2026-09-10T01:36:48Z [22,075ms] [Warning] [omni.physx.tensors.plugin] Incomplete contact data is reported in GpuRigidContactView::getContactData because there are more contact data points than specified maxContactDataCount = 8.
2026-09-10T01:36:48Z [22,129ms] [Warning] [omni.physx.tensors.plugin] Incomplete contact data is reported in GpuRigidContactView::getContactData because there are more contact data points than specified maxContactDataCount = 8.
2026-09-10T01:36:48Z [22,133ms] [Warning] [omni.physx.tensors.plugin] Incomplete contact data is reported in GpuRigidContactView::getContactData because there are more contact data points than specified maxContactDataCount = 8.
2026-09-10T01:36:48Z [22,180ms] [Warning] [omni.physx.tensors.plugin] Incomplete contact data is reported in GpuRigidContactView::getContactData because there are more contact data points than specified maxContactDataCount = 8.
2026-09-10T01:36:48Z [22,184ms] [Warning] [omni.physx.tensors.plugin] Incomplete contact data is reported in GpuRigidContactView::getContactData because there are more contact data points than specified maxContactDataCount = 8.
2026-09-10T01:36:48Z [22,233ms] [Warning] [omni.physx.tensors.plugin] Incomplete contact data is reported in GpuRigidContactView::getContactData because there are more contact data points than specified maxContactDataCount = 8.
2026-09-10T01:36:48Z [22,237ms] [Warning] [omni.physx.tensors.plugin] Incomplete contact data is reported in GpuRigidContactView::getContactData because there are more contact data points than specified maxContactDataCount = 8.
2026-09-10T01:36:48Z [22,282ms] [Warning] [omni.physx.tensors.plugin] Incomplete contact data is reported in GpuRigidContactView::getContactData because there are more contact data points than specified maxContactDataCount = 8.
2026-09-10T01:36:48Z [22,286ms] [Warning] [omni.physx.tensors.plugin] Incomplete contact data is reported in GpuRigidContactView::getContactData because there are more contact data points than specified maxContactDataCount = 8.
2026-09-10T01:36:48Z [22,336ms] [Warning] [omni.physx.tensors.plugin] Incomplete contact data is reported in GpuRigidContactView::getContactData because there are more contact data points than specified maxContactDataCount = 8.
2026-09-10T01:36:48Z [22,340ms] [Warning] [omni.physx.tensors.plugin] Incomplete contact data is reported in GpuRigidContactView::getContactData because there are more contact data points than specified maxContactDataCount = 8.
2026-09-10T01:36:48Z [22,386ms] [Warning] [omni.physx.tensors.plugin] Incomplete contact data is reported in GpuRigidContactView::getContactData because there are more contact data points than specified maxContactDataCount = 8.
2026-09-10T01:36:48Z [22,390ms] [Warning] [omni.physx.tensors.plugin] Incomplete contact data is reported in GpuRigidContactView::getContactData because there are more contact data points than specified maxContactDataCount = 8.
2026-09-10T01:36:48Z [22,441ms] [Warning] [omni.physx.tensors.plugin] Incomplete contact data is reported in GpuRigidContactView::getContactData because there are more contact data points than specified maxContactDataCount = 8.
2026-09-10T01:36:48Z [22,445ms] [Warning] [omni.physx.tensors.plugin] Incomplete contact data is reported in GpuRigidContactView::getContactData because there are more contact data points than specified maxContactDataCount = 8.
2026-09-10T01:36:48Z [22,491ms] [Warning] [omni.physx.tensors.plugin] Incomplete contact data is reported in GpuRigidContactView::getContactData because there are more contact data points than specified maxContactDataCount = 8.
2026-09-10T01:36:48Z [22,495ms] [Warning] [omni.physx.tensors.plugin] Incomplete contact data is reported in GpuRigidContactView::getContactData because there are more contact data points than specified maxContactDataCount = 8.
2026-09-10T01:36:48Z [22,542ms] [Warning] [omni.physx.tensors.plugin] Incomplete contact data is reported in GpuRigidContactView::getContactData because there are more contact data points than specified maxContactDataCount = 8.
2026-09-10T01:36:48Z [22,545ms] [Warning] [omni.physx.tensors.plugin] Incomplete contact data is reported in GpuRigidContactView::getContactData because there are more contact data points than specified maxContactDataCount = 8.
2026-09-10T01:36:48Z [22,594ms] [Warning] [omni.physx.tensors.plugin] Incomplete contact data is reported in GpuRigidContactView::getContactData because there are more contact data points than specified maxContactDataCount = 8.
2026-09-10T01:36:48Z [22,598ms] [Warning] [omni.physx.tensors.plugin] Incomplete contact data is reported in GpuRigidContactView::getContactData because there are more contact data points than specified maxContactDataCount = 8.
2026-09-10T01:36:48Z [22,648ms] [Warning] [omni.physx.tensors.plugin] Incomplete contact data is reported in GpuRigidContactView::getContactData because there are more contact data points than specified maxContactDataCount = 8.
2026-09-10T01:36:48Z [22,652ms] [Warning] [omni.physx.tensors.plugin] Incomplete contact data is reported in GpuRigidContactView::getContactData because there are more contact data points than specified maxContactDataCount = 8.
2026-09-10T01:36:49Z [22,700ms] [Warning] [omni.physx.tensors.plugin] Incomplete contact data is reported in GpuRigidContactView::getContactData because there are more contact data points than specified maxContactDataCount = 8.
2026-09-10T01:36:49Z [22,703ms] [Warning] [omni.physx.tensors.plugin] Incomplete contact data is reported in GpuRigidContactView::getContactData because there are more contact data points than specified maxContactDataCount = 8.
2026-09-10T01:36:49Z [22,752ms] [Warning] [omni.physx.tensors.plugin] Incomplete contact data is reported in GpuRigidContactView::getContactData because there are more contact data points than specified maxContactDataCount = 8.
2026-09-10T01:36:49Z [22,756ms] [Warning] [omni.physx.tensors.plugin] Incomplete contact data is reported in GpuRigidContactView::getContactData because there are more contact data points than specified maxContactDataCount = 8.
2026-09-10T01:36:49Z [22,802ms] [Warning] [omni.physx.tensors.plugin] Incomplete contact data is reported in GpuRigidContactView::getContactData because there are more contact data points than specified maxContactDataCount = 8.
2026-09-10T01:36:49Z [22,805ms] [Warning] [omni.physx.tensors.plugin] Incomplete contact data is reported in GpuRigidContactView::getContactData because there are more contact data points than specified maxContactDataCount = 8.
2026-09-10T01:36:49Z [22,850ms] [Warning] [omni.physx.tensors.plugin] Incomplete contact data is reported in GpuRigidContactView::getContactData because there are more contact data points than specified maxContactDataCount = 8.
2026-09-10T01:36:49Z [22,853ms] [Warning] [omni.physx.tensors.plugin] Incomplete contact data is reported in GpuRigidContactView::getContactData because there are more contact data points than specified maxContactDataCount = 8.
2026-09-10T01:36:49Z [22,899ms] [Warning] [omni.physx.tensors.plugin] Incomplete contact data is reported in GpuRigidContactView::getContactData because there are more contact data points than specified maxContactDataCount = 8.
2026-09-10T01:36:49Z [22,902ms] [Warning] [omni.physx.tensors.plugin] Incomplete contact data is reported in GpuRigidContactView::getContactData because there are more contact data points than specified maxContactDataCount = 8.
2026-09-10T01:36:49Z [22,949ms] [Warning] [omni.physx.tensors.plugin] Incomplete contact data is reported in GpuRigidContactView::getContactData because there are more contact data points than specified maxContactDataCount = 8.
2026-09-10T01:36:49Z [22,952ms] [Warning] [omni.physx.tensors.plugin] Incomplete contact data is reported in GpuRigidContactView::getContactData because there are more contact data points than specified maxContactDataCount = 8.
2026-09-10T01:36:49Z [22,998ms] [Warning] [omni.physx.tensors.plugin] Incomplete contact data is reported in GpuRigidContactView::getContactData because there are more contact data points than specified maxContactDataCount = 8.
2026-09-10T01:36:49Z [23,001ms] [Warning] [omni.physx.tensors.plugin] Incomplete contact data is reported in GpuRigidContactView::getContactData because there are more contact data points than specified maxContactDataCount = 8.
2026-09-10T01:36:49Z [23,047ms] [Warning] [omni.physx.tensors.plugin] Incomplete contact data is reported in GpuRigidContactView::getContactData because there are more contact data points than specified maxContactDataCount = 8.
2026-09-10T01:36:49Z [23,051ms] [Warning] [omni.physx.tensors.plugin] Incomplete contact data is reported in GpuRigidContactView::getContactData because there are more contact data points than specified maxContactDataCount = 8.
2026-09-10T01:36:49Z [23,096ms] [Warning] [omni.physx.tensors.plugin] Incomplete contact data is reported in GpuRigidContactView::getContactData because there are more contact data points than specified maxContactDataCount = 8.
2026-09-10T01:36:49Z [23,100ms] [Warning] [omni.physx.tensors.plugin] Incomplete contact data is reported in GpuRigidContactView::getContactData because there are more contact data points than specified maxContactDataCount = 8.
2026-09-10T01:36:49Z [23,148ms] [Warning] [omni.physx.tensors.plugin] Incomplete contact data is reported in GpuRigidContactView::getContactData because there are more contact data points than specified maxContactDataCount = 8.
2026-09-10T01:36:49Z [23,151ms] [Warning] [omni.physx.tensors.plugin] Incomplete contact data is reported in GpuRigidContactView::getContactData because there are more contact data points than specified maxContactDataCount = 8.
2026-09-10T01:36:49Z [23,199ms] [Warning] [omni.physx.tensors.plugin] Incomplete contact data is reported in GpuRigidContactView::getContactData because there are more contact data points than specified maxContactDataCount = 8.
2026-09-10T01:36:49Z [23,203ms] [Warning] [omni.physx.tensors.plugin] Incomplete contact data is reported in GpuRigidContactView::getContactData because there are more contact data points than specified maxContactDataCount = 8.
2026-09-10T01:36:49Z [23,249ms] [Warning] [omni.physx.tensors.plugin] Incomplete contact data is reported in GpuRigidContactView::getContactData because there are more contact data points than specified maxContactDataCount = 8.
2026-09-10T01:36:49Z [23,253ms] [Warning] [omni.physx.tensors.plugin] Incomplete contact data is reported in GpuRigidContactView::getContactData because there are more contact data points than specified maxContactDataCount = 8.
2026-09-10T01:36:49Z [23,302ms] [Warning] [omni.physx.tensors.plugin] Incomplete contact data is reported in GpuRigidContactView::getContactData because there are more contact data points than specified maxContactDataCount = 8.
2026-09-10T01:36:49Z [23,306ms] [Warning] [omni.physx.tensors.plugin] Incomplete contact data is reported in GpuRigidContactView::getContactData because there are more contact data points than specified maxContactDataCount = 8.
2026-09-10T01:36:49Z [23,351ms] [Warning] [omni.physx.tensors.plugin] Incomplete contact data is reported in GpuRigidContactView::getContactData because there are more contact data points than specified maxContactDataCount = 8.
2026-09-10T01:36:49Z [23,354ms] [Warning] [omni.physx.tensors.plugin] Incomplete contact data is reported in GpuRigidContactView::getContactData because there are more contact data points than specified maxContactDataCount = 8.
2026-09-10T01:36:49Z [23,400ms] [Warning] [omni.physx.tensors.plugin] Incomplete contact data is reported in GpuRigidContactView::getContactData because there are more contact data points than specified maxContactDataCount = 8.
2026-09-10T01:36:49Z [23,404ms] [Warning] [omni.physx.tensors.plugin] Incomplete contact data is reported in GpuRigidContactView::getContactData because there are more contact data points than specified maxContactDataCount = 8.
2026-09-10T01:36:49Z [23,450ms] [Warning] [omni.physx.tensors.plugin] Incomplete contact data is reported in GpuRigidContactView::getContactData because there are more contact data points than specified maxContactDataCount = 8.
2026-09-10T01:36:49Z [23,454ms] [Warning] [omni.physx.tensors.plugin] Incomplete contact data is reported in GpuRigidContactView::getContactData because there are more contact data points than specified maxContactDataCount = 8.
2026-09-10T01:36:49Z [23,502ms] [Warning] [omni.physx.tensors.plugin] Incomplete contact data is reported in GpuRigidContactView::getContactData because there are more contact data points than specified maxContactDataCount = 8.
2026-09-10T01:36:49Z [23,506ms] [Warning] [omni.physx.tensors.plugin] Incomplete contact data is reported in GpuRigidContactView::getContactData because there are more contact data points than specified maxContactDataCount = 8.
2026-09-10T01:36:49Z [23,552ms] [Warning] [omni.physx.tensors.plugin] Incomplete contact data is reported in GpuRigidContactView::getContactData because there are more contact data points than specified maxContactDataCount = 8.
2026-09-10T01:36:49Z [23,555ms] [Warning] [omni.physx.tensors.plugin] Incomplete contact data is reported in GpuRigidContactView::getContactData because there are more contact data points than specified maxContactDataCount = 8.
2026-09-10T01:36:49Z [23,601ms] [Warning] [omni.physx.tensors.plugin] Incomplete contact data is reported in GpuRigidContactView::getContactData because there are more contact data points than specified maxContactDataCount = 8.
2026-09-10T01:36:49Z [23,604ms] [Warning] [omni.physx.tensors.plugin] Incomplete contact data is reported in GpuRigidContactView::getContactData because there are more contact data points than specified maxContactDataCount = 8.
2026-09-10T01:36:49Z [23,651ms] [Warning] [omni.physx.tensors.plugin] Incomplete contact data is reported in GpuRigidContactView::getContactData because there are more contact data points than specified maxContactDataCount = 8.
2026-09-10T01:36:49Z [23,655ms] [Warning] [omni.physx.tensors.plugin] Incomplete contact data is reported in GpuRigidContactView::getContactData because there are more contact data points than specified maxContactDataCount = 8.
2026-09-10T01:36:50Z [23,700ms] [Warning] [omni.physx.tensors.plugin] Incomplete contact data is reported in GpuRigidContactView::getContactData because there are more contact data points than specified maxContactDataCount = 8.
2026-09-10T01:36:50Z [23,704ms] [Warning] [omni.physx.tensors.plugin] Incomplete contact data is reported in GpuRigidContactView::getContactData because there are more contact data points than specified maxContactDataCount = 8.
2026-09-10T01:36:50Z [23,751ms] [Warning] [omni.physx.tensors.plugin] Incomplete contact data is reported in GpuRigidContactView::getContactData because there are more contact data points than specified maxContactDataCount = 8.
2026-09-10T01:36:50Z [23,755ms] [Warning] [omni.physx.tensors.plugin] Incomplete contact data is reported in GpuRigidContactView::getContactData because there are more contact data points than specified maxContactDataCount = 8.
2026-09-10T01:36:50Z [23,801ms] [Warning] [omni.physx.tensors.plugin] Incomplete contact data is reported in GpuRigidContactView::getContactData because there are more contact data points than specified maxContactDataCount = 8.
2026-09-10T01:36:50Z [23,805ms] [Warning] [omni.physx.tensors.plugin] Incomplete contact data is reported in GpuRigidContactView::getContactData because there are more contact data points than specified maxContactDataCount = 8.
2026-09-10T01:36:50Z [23,852ms] [Warning] [omni.physx.tensors.plugin] Incomplete contact data is reported in GpuRigidContactView::getContactData because there are more contact data points than specified maxContactDataCount = 8.
2026-09-10T01:36:50Z [23,856ms] [Warning] [omni.physx.tensors.plugin] Incomplete contact data is reported in GpuRigidContactView::getContactData because there are more contact data points than specified maxContactDataCount = 8.
2026-09-10T01:36:50Z [23,902ms] [Warning] [omni.physx.tensors.plugin] Incomplete contact data is reported in GpuRigidContactView::getContactData because there are more contact data points than specified maxContactDataCount = 8.
2026-09-10T01:36:50Z [23,906ms] [Warning] [omni.physx.tensors.plugin] Incomplete contact data is reported in GpuRigidContactView::getContactData because there are more contact data points than specified maxContactDataCount = 8.
2026-09-10T01:36:50Z [23,952ms] [Warning] [omni.physx.tensors.plugin] Incomplete contact data is reported in GpuRigidContactView::getContactData because there are more contact data points than specified maxContactDataCount = 8.
2026-09-10T01:36:50Z [23,956ms] [Warning] [omni.physx.tensors.plugin] Incomplete contact data is reported in GpuRigidContactView::getContactData because there are more contact data points than specified maxContactDataCount = 8.
2026-09-10T01:36:50Z [24,003ms] [Warning] [omni.physx.tensors.plugin] Incomplete contact data is reported in GpuRigidContactView::getContactData because there are more contact data points than specified maxContactDataCount = 8.
2026-09-10T01:36:50Z [24,006ms] [Warning] [omni.physx.tensors.plugin] Incomplete contact data is reported in GpuRigidContactView::getContactData because there are more contact data points than specified maxContactDataCount = 8.
2026-09-10T01:36:50Z [24,051ms] [Warning] [omni.physx.tensors.plugin] Incomplete contact data is reported in GpuRigidContactView::getContactData because there are more contact data points than specified maxContactDataCount = 8.
2026-09-10T01:36:50Z [24,055ms] [Warning] [omni.physx.tensors.plugin] Incomplete contact data is reported in GpuRigidContactView::getContactData because there are more contact data points than specified maxContactDataCount = 8.
2026-09-10T01:36:50Z [24,100ms] [Warning] [omni.physx.tensors.plugin] Incomplete contact data is reported in GpuRigidContactView::getContactData because there are more contact data points than specified maxContactDataCount = 8.
2026-09-10T01:36:50Z [24,104ms] [Warning] [omni.physx.tensors.plugin] Incomplete contact data is reported in GpuRigidContactView::getContactData because there are more contact data points than specified maxContactDataCount = 8.
2026-09-10T01:36:50Z [24,150ms] [Warning] [omni.physx.tensors.plugin] Incomplete contact data is reported in GpuRigidContactView::getContactData because there are more contact data points than specified maxContactDataCount = 8.
2026-09-10T01:36:50Z [24,154ms] [Warning] [omni.physx.tensors.plugin] Incomplete contact data is reported in GpuRigidContactView::getContactData because there are more contact data points than specified maxContactDataCount = 8.
2026-09-10T01:36:50Z [24,200ms] [Warning] [omni.physx.tensors.plugin] Incomplete contact data is reported in GpuRigidContactView::getContactData because there are more contact data points than specified maxContactDataCount = 8.
2026-09-10T01:36:50Z [24,204ms] [Warning] [omni.physx.tensors.plugin] Incomplete contact data is reported in GpuRigidContactView::getContactData because there are more contact data points than specified maxContactDataCount = 8.
2026-09-10T01:36:50Z [24,251ms] [Warning] [omni.physx.tensors.plugin] Incomplete contact data is reported in GpuRigidContactView::getContactData because there are more contact data points than specified maxContactDataCount = 8.
2026-09-10T01:36:50Z [24,254ms] [Warning] [omni.physx.tensors.plugin] Incomplete contact data is reported in GpuRigidContactView::getContactData because there are more contact data points than specified maxContactDataCount = 8.
2026-09-10T01:36:50Z [24,298ms] [Warning] [omni.physx.tensors.plugin] Incomplete contact data is reported in GpuRigidContactView::getContactData because there are more contact data points than specified maxContactDataCount = 8.
2026-09-10T01:36:50Z [24,302ms] [Warning] [omni.physx.tensors.plugin] Incomplete contact data is reported in GpuRigidContactView::getContactData because there are more contact data points than specified maxContactDataCount = 8.
2026-09-10T01:36:50Z [24,345ms] [Warning] [omni.physx.tensors.plugin] Incomplete contact data is reported in GpuRigidContactView::getContactData because there are more contact data points than specified maxContactDataCount = 8.
2026-09-10T01:36:50Z [24,349ms] [Warning] [omni.physx.tensors.plugin] Incomplete contact data is reported in GpuRigidContactView::getContactData because there are more contact data points than specified maxContactDataCount = 8.
2026-09-10T01:36:50Z [24,393ms] [Warning] [omni.physx.tensors.plugin] Incomplete contact data is reported in GpuRigidContactView::getContactData because there are more contact data points than specified maxContactDataCount = 8.
2026-09-10T01:36:50Z [24,397ms] [Warning] [omni.physx.tensors.plugin] Incomplete contact data is reported in GpuRigidContactView::getContactData because there are more contact data points than specified maxContactDataCount = 8.
2026-09-10T01:36:50Z [24,444ms] [Warning] [omni.physx.tensors.plugin] Incomplete contact data is reported in GpuRigidContactView::getContactData because there are more contact data points than specified maxContactDataCount = 8.
2026-09-10T01:36:50Z [24,447ms] [Warning] [omni.physx.tensors.plugin] Incomplete contact data is reported in GpuRigidContactView::getContactData because there are more contact data points than specified maxContactDataCount = 8.
2026-09-10T01:36:50Z [24,493ms] [Warning] [omni.physx.tensors.plugin] Incomplete contact data is reported in GpuRigidContactView::getContactData because there are more contact data points than specified maxContactDataCount = 8.
2026-09-10T01:36:50Z [24,497ms] [Warning] [omni.physx.tensors.plugin] Incomplete contact data is reported in GpuRigidContactView::getContactData because there are more contact data points than specified maxContactDataCount = 8.
2026-09-10T01:36:50Z [24,542ms] [Warning] [omni.physx.tensors.plugin] Incomplete contact data is reported in GpuRigidContactView::getContactData because there are more contact data points than specified maxContactDataCount = 8.
2026-09-10T01:36:50Z [24,545ms] [Warning] [omni.physx.tensors.plugin] Incomplete contact data is reported in GpuRigidContactView::getContactData because there are more contact data points than specified maxContactDataCount = 8.
2026-09-10T01:36:50Z [24,591ms] [Warning] [omni.physx.tensors.plugin] Incomplete contact data is reported in GpuRigidContactView::getContactData because there are more contact data points than specified maxContactDataCount = 8.
2026-09-10T01:36:50Z [24,594ms] [Warning] [omni.physx.tensors.plugin] Incomplete contact data is reported in GpuRigidContactView::getContactData because there are more contact data points than specified maxContactDataCount = 8.
2026-09-10T01:36:50Z [24,641ms] [Warning] [omni.physx.tensors.plugin] Incomplete contact data is reported in GpuRigidContactView::getContactData because there are more contact data points than specified maxContactDataCount = 8.
2026-09-10T01:36:50Z [24,645ms] [Warning] [omni.physx.tensors.plugin] Incomplete contact data is reported in GpuRigidContactView::getContactData because there are more contact data points than specified maxContactDataCount = 8.
2026-09-10T01:36:51Z [24,689ms] [Warning] [omni.physx.tensors.plugin] Incomplete contact data is reported in GpuRigidContactView::getContactData because there are more contact data points than specified maxContactDataCount = 8.
2026-09-10T01:36:51Z [24,693ms] [Warning] [omni.physx.tensors.plugin] Incomplete contact data is reported in GpuRigidContactView::getContactData because there are more contact data points than specified maxContactDataCount = 8.
2026-09-10T01:36:51Z [24,734ms] [Warning] [omni.physx.tensors.plugin] Incomplete contact data is reported in GpuRigidContactView::getContactData because there are more contact data points than specified maxContactDataCount = 8.
2026-09-10T01:36:51Z [24,737ms] [Warning] [omni.physx.tensors.plugin] Incomplete contact data is reported in GpuRigidContactView::getContactData because there are more contact data points than specified maxContactDataCount = 8.
2026-09-10T01:36:51Z [24,783ms] [Warning] [omni.physx.tensors.plugin] Incomplete contact data is reported in GpuRigidContactView::getContactData because there are more contact data points than specified maxContactDataCount = 8.
2026-09-10T01:36:51Z [24,786ms] [Warning] [omni.physx.tensors.plugin] Incomplete contact data is reported in GpuRigidContactView::getContactData because there are more contact data points than specified maxContactDataCount = 8.
2026-09-10T01:36:51Z [24,834ms] [Warning] [omni.physx.tensors.plugin] Incomplete contact data is reported in GpuRigidContactView::getContactData because there are more contact data points than specified maxContactDataCount = 8.
2026-09-10T01:36:51Z [24,837ms] [Warning] [omni.physx.tensors.plugin] Incomplete contact data is reported in GpuRigidContactView::getContactData because there are more contact data points than specified maxContactDataCount = 8.
2026-09-10T01:36:51Z [24,883ms] [Warning] [omni.physx.tensors.plugin] Incomplete contact data is reported in GpuRigidContactView::getContactData because there are more contact data points than specified maxContactDataCount = 8.
2026-09-10T01:36:51Z [24,887ms] [Warning] [omni.physx.tensors.plugin] Incomplete contact data is reported in GpuRigidContactView::getContactData because there are more contact data points than specified maxContactDataCount = 8.
2026-09-10T01:36:51Z [24,936ms] [Warning] [omni.physx.tensors.plugin] Incomplete contact data is reported in GpuRigidContactView::getContactData because there are more contact data points than specified maxContactDataCount = 8.
2026-09-10T01:36:51Z [24,940ms] [Warning] [omni.physx.tensors.plugin] Incomplete contact data is reported in GpuRigidContactView::getContactData because there are more contact data points than specified maxContactDataCount = 8.
2026-09-10T01:36:51Z [24,986ms] [Warning] [omni.physx.tensors.plugin] Incomplete contact data is reported in GpuRigidContactView::getContactData because there are more contact data points than specified maxContactDataCount = 8.
2026-09-10T01:36:51Z [24,990ms] [Warning] [omni.physx.tensors.plugin] Incomplete contact data is reported in GpuRigidContactView::getContactData because there are more contact data points than specified maxContactDataCount = 8.
2026-09-10T01:36:51Z [25,032ms] [Warning] [omni.physx.tensors.plugin] Incomplete contact data is reported in GpuRigidContactView::getContactData because there are more contact data points than specified maxContactDataCount = 8.
2026-09-10T01:36:51Z [25,036ms] [Warning] [omni.physx.tensors.plugin] Incomplete contact data is reported in GpuRigidContactView::getContactData because there are more contact data points than specified maxContactDataCount = 8.
2026-09-10T01:36:51Z [25,078ms] [Warning] [omni.physx.tensors.plugin] Incomplete contact data is reported in GpuRigidContactView::getContactData because there are more contact data points than specified maxContactDataCount = 8.
2026-09-10T01:36:51Z [25,082ms] [Warning] [omni.physx.tensors.plugin] Incomplete contact data is reported in GpuRigidContactView::getContactData because there are more contact data points than specified maxContactDataCount = 8.
2026-09-10T01:36:51Z [25,127ms] [Warning] [omni.physx.tensors.plugin] Incomplete contact data is reported in GpuRigidContactView::getContactData because there are more contact data points than specified maxContactDataCount = 8.
2026-09-10T01:36:51Z [25,131ms] [Warning] [omni.physx.tensors.plugin] Incomplete contact data is reported in GpuRigidContactView::getContactData because there are more contact data points than specified maxContactDataCount = 8.
2026-09-10T01:36:51Z [25,182ms] [Warning] [omni.physx.tensors.plugin] Incomplete contact data is reported in GpuRigidContactView::getContactData because there are more contact data points than specified maxContactDataCount = 8.
2026-09-10T01:36:51Z [25,186ms] [Warning] [omni.physx.tensors.plugin] Incomplete contact data is reported in GpuRigidContactView::getContactData because there are more contact data points than specified maxContactDataCount = 8.
2026-09-10T01:36:51Z [25,233ms] [Warning] [omni.physx.tensors.plugin] Incomplete contact data is reported in GpuRigidContactView::getContactData because there are more contact data points than specified maxContactDataCount = 8.
2026-09-10T01:36:51Z [25,237ms] [Warning] [omni.physx.tensors.plugin] Incomplete contact data is reported in GpuRigidContactView::getContactData because there are more contact data points than specified maxContactDataCount = 8.
2026-09-10T01:36:51Z [25,283ms] [Warning] [omni.physx.tensors.plugin] Incomplete contact data is reported in GpuRigidContactView::getContactData because there are more contact data points than specified maxContactDataCount = 8.
2026-09-10T01:36:51Z [25,287ms] [Warning] [omni.physx.tensors.plugin] Incomplete contact data is reported in GpuRigidContactView::getContactData because there are more contact data points than specified maxContactDataCount = 8.
2026-09-10T01:36:51Z [25,332ms] [Warning] [omni.physx.tensors.plugin] Incomplete contact data is reported in GpuRigidContactView::getContactData because there are more contact data points than specified maxContactDataCount = 8.
2026-09-10T01:36:51Z [25,336ms] [Warning] [omni.physx.tensors.plugin] Incomplete contact data is reported in GpuRigidContactView::getContactData because there are more contact data points than specified maxContactDataCount = 8.
2026-09-10T01:36:51Z [25,383ms] [Warning] [omni.physx.tensors.plugin] Incomplete contact data is reported in GpuRigidContactView::getContactData because there are more contact data points than specified maxContactDataCount = 8.
2026-09-10T01:36:51Z [25,387ms] [Warning] [omni.physx.tensors.plugin] Incomplete contact data is reported in GpuRigidContactView::getContactData because there are more contact data points than specified maxContactDataCount = 8.
2026-09-10T01:36:51Z [25,431ms] [Warning] [omni.physx.tensors.plugin] Incomplete contact data is reported in GpuRigidContactView::getContactData because there are more contact data points than specified maxContactDataCount = 8.
2026-09-10T01:36:51Z [25,434ms] [Warning] [omni.physx.tensors.plugin] Incomplete contact data is reported in GpuRigidContactView::getContactData because there are more contact data points than specified maxContactDataCount = 8.
2026-09-10T01:36:51Z [25,480ms] [Warning] [omni.physx.tensors.plugin] Incomplete contact data is reported in GpuRigidContactView::getContactData because there are more contact data points than specified maxContactDataCount = 8.
2026-09-10T01:36:51Z [25,483ms] [Warning] [omni.physx.tensors.plugin] Incomplete contact data is reported in GpuRigidContactView::getContactData because there are more contact data points than specified maxContactDataCount = 8.
2026-09-10T01:36:51Z [25,535ms] [Warning] [omni.physx.tensors.plugin] Incomplete contact data is reported in GpuRigidContactView::getContactData because there are more contact data points than specified maxContactDataCount = 8.
2026-09-10T01:36:51Z [25,539ms] [Warning] [omni.physx.tensors.plugin] Incomplete contact data is reported in GpuRigidContactView::getContactData because there are more contact data points than specified maxContactDataCount = 8.
2026-09-10T01:36:51Z [25,586ms] [Warning] [omni.physx.tensors.plugin] Incomplete contact data is reported in GpuRigidContactView::getContactData because there are more contact data points than specified maxContactDataCount = 8.
2026-09-10T01:36:51Z [25,590ms] [Warning] [omni.physx.tensors.plugin] Incomplete contact data is reported in GpuRigidContactView::getContactData because there are more contact data points than specified maxContactDataCount = 8.
2026-09-10T01:36:51Z [25,639ms] [Warning] [omni.physx.tensors.plugin] Incomplete contact data is reported in GpuRigidContactView::getContactData because there are more contact data points than specified maxContactDataCount = 8.
2026-09-10T01:36:51Z [25,643ms] [Warning] [omni.physx.tensors.plugin] Incomplete contact data is reported in GpuRigidContactView::getContactData because there are more contact data points than specified maxContactDataCount = 8.
2026-09-10T01:36:52Z [25,694ms] [Warning] [omni.physx.tensors.plugin] Incomplete contact data is reported in GpuRigidContactView::getContactData because there are more contact data points than specified maxContactDataCount = 8.
2026-09-10T01:36:52Z [25,697ms] [Warning] [omni.physx.tensors.plugin] Incomplete contact data is reported in GpuRigidContactView::getContactData because there are more contact data points than specified maxContactDataCount = 8.
2026-09-10T01:36:52Z [25,746ms] [Warning] [omni.physx.tensors.plugin] Incomplete contact data is reported in GpuRigidContactView::getContactData because there are more contact data points than specified maxContactDataCount = 8.
2026-09-10T01:36:52Z [25,749ms] [Warning] [omni.physx.tensors.plugin] Incomplete contact data is reported in GpuRigidContactView::getContactData because there are more contact data points than specified maxContactDataCount = 8.
2026-09-10T01:36:52Z [25,798ms] [Warning] [omni.physx.tensors.plugin] Incomplete contact data is reported in GpuRigidContactView::getContactData because there are more contact data points than specified maxContactDataCount = 8.
2026-09-10T01:36:52Z [25,802ms] [Warning] [omni.physx.tensors.plugin] Incomplete contact data is reported in GpuRigidContactView::getContactData because there are more contact data points than specified maxContactDataCount = 8.
2026-09-10T01:36:52Z [25,847ms] [Warning] [omni.physx.tensors.plugin] Incomplete contact data is reported in GpuRigidContactView::getContactData because there are more contact data points than specified maxContactDataCount = 8.
2026-09-10T01:36:52Z [25,851ms] [Warning] [omni.physx.tensors.plugin] Incomplete contact data is reported in GpuRigidContactView::getContactData because there are more contact data points than specified maxContactDataCount = 8.
2026-09-10T01:36:52Z [25,896ms] [Warning] [omni.physx.tensors.plugin] Incomplete contact data is reported in GpuRigidContactView::getContactData because there are more contact data points than specified maxContactDataCount = 8.
2026-09-10T01:36:52Z [25,900ms] [Warning] [omni.physx.tensors.plugin] Incomplete contact data is reported in GpuRigidContactView::getContactData because there are more contact data points than specified maxContactDataCount = 8.
[INFO]: Time taken for simulation start Last: 4.710208 s, Mean: 4.710208 s, Std: 0.000000 s, N: 1
[INFO]: Completed setting up the environment...
TERRAIN_STAND train_ramp_1103 100/1000
2026-09-10T01:36:52Z [25,946ms] [Warning] [omni.physx.tensors.plugin] Incomplete contact data is reported in GpuRigidContactView::getContactData because there are more contact data points than specified maxContactDataCount = 8.
2026-09-10T01:36:52Z [25,950ms] [Warning] [omni.physx.tensors.plugin] Incomplete contact data is reported in GpuRigidContactView::getContactData because there are more contact data points than specified maxContactDataCount = 8.
2026-09-10T01:36:52Z [25,996ms] [Warning] [omni.physx.tensors.plugin] Incomplete contact data is reported in GpuRigidContactView::getContactData because there are more contact data points than specified maxContactDataCount = 8.
2026-09-10T01:36:52Z [26,000ms] [Warning] [omni.physx.tensors.plugin] Incomplete contact data is reported in GpuRigidContactView::getContactData because there are more contact data points than specified maxContactDataCount = 8.
2026-09-10T01:36:52Z [26,049ms] [Warning] [omni.physx.tensors.plugin] Incomplete contact data is reported in GpuRigidContactView::getContactData because there are more contact data points than specified maxContactDataCount = 8.
2026-09-10T01:36:52Z [26,053ms] [Warning] [omni.physx.tensors.plugin] Incomplete contact data is reported in GpuRigidContactView::getContactData because there are more contact data points than specified maxContactDataCount = 8.
2026-09-10T01:36:52Z [26,100ms] [Warning] [omni.physx.tensors.plugin] Incomplete contact data is reported in GpuRigidContactView::getContactData because there are more contact data points than specified maxContactDataCount = 8.
2026-09-10T01:36:52Z [26,104ms] [Warning] [omni.physx.tensors.plugin] Incomplete contact data is reported in GpuRigidContactView::getContactData because there are more contact data points than specified maxContactDataCount = 8.
2026-09-10T01:36:52Z [26,152ms] [Warning] [omni.physx.tensors.plugin] Incomplete contact data is reported in GpuRigidContactView::getContactData because there are more contact data points than specified maxContactDataCount = 8.
2026-09-10T01:36:52Z [26,156ms] [Warning] [omni.physx.tensors.plugin] Incomplete contact data is reported in GpuRigidContactView::getContactData because there are more contact data points than specified maxContactDataCount = 8.
2026-09-10T01:36:52Z [26,203ms] [Warning] [omni.physx.tensors.plugin] Incomplete contact data is reported in GpuRigidContactView::getContactData because there are more contact data points than specified maxContactDataCount = 8.
2026-09-10T01:36:52Z [26,206ms] [Warning] [omni.physx.tensors.plugin] Incomplete contact data is reported in GpuRigidContactView::getContactData because there are more contact data points than specified maxContactDataCount = 8.
2026-09-10T01:36:52Z [26,254ms] [Warning] [omni.physx.tensors.plugin] Incomplete contact data is reported in GpuRigidContactView::getContactData because there are more contact data points than specified maxContactDataCount = 8.
2026-09-10T01:36:52Z [26,258ms] [Warning] [omni.physx.tensors.plugin] Incomplete contact data is reported in GpuRigidContactView::getContactData because there are more contact data points than specified maxContactDataCount = 8.
2026-09-10T01:36:52Z [26,306ms] [Warning] [omni.physx.tensors.plugin] Incomplete contact data is reported in GpuRigidContactView::getContactData because there are more contact data points than specified maxContactDataCount = 8.
2026-09-10T01:36:52Z [26,310ms] [Warning] [omni.physx.tensors.plugin] Incomplete contact data is reported in GpuRigidContactView::getContactData because there are more contact data points than specified maxContactDataCount = 8.
2026-09-10T01:36:52Z [26,354ms] [Warning] [omni.physx.tensors.plugin] Incomplete contact data is reported in GpuRigidContactView::getContactData because there are more contact data points than specified maxContactDataCount = 8.
2026-09-10T01:36:52Z [26,357ms] [Warning] [omni.physx.tensors.plugin] Incomplete contact data is reported in GpuRigidContactView::getContactData because there are more contact data points than specified maxContactDataCount = 8.
2026-09-10T01:36:52Z [26,405ms] [Warning] [omni.physx.tensors.plugin] Incomplete contact data is reported in GpuRigidContactView::getContactData because there are more contact data points than specified maxContactDataCount = 8.
2026-09-10T01:36:52Z [26,409ms] [Warning] [omni.physx.tensors.plugin] Incomplete contact data is reported in GpuRigidContactView::getContactData because there are more contact data points than specified maxContactDataCount = 8.
2026-09-10T01:36:52Z [26,460ms] [Warning] [omni.physx.tensors.plugin] Incomplete contact data is reported in GpuRigidContactView::getContactData because there are more contact data points than specified maxContactDataCount = 8.
2026-09-10T01:36:52Z [26,464ms] [Warning] [omni.physx.tensors.plugin] Incomplete contact data is reported in GpuRigidContactView::getContactData because there are more contact data points than specified maxContactDataCount = 8.
2026-09-10T01:36:52Z [26,515ms] [Warning] [omni.physx.tensors.plugin] Incomplete contact data is reported in GpuRigidContactView::getContactData because there are more contact data points than specified maxContactDataCount = 8.
2026-09-10T01:36:52Z [26,518ms] [Warning] [omni.physx.tensors.plugin] Incomplete contact data is reported in GpuRigidContactView::getContactData because there are more contact data points than specified maxContactDataCount = 8.
2026-09-10T01:36:52Z [26,569ms] [Warning] [omni.physx.tensors.plugin] Incomplete contact data is reported in GpuRigidContactView::getContactData because there are more contact data points than specified maxContactDataCount = 8.
2026-09-10T01:36:52Z [26,572ms] [Warning] [omni.physx.tensors.plugin] Incomplete contact data is reported in GpuRigidContactView::getContactData because there are more contact data points than specified maxContactDataCount = 8.
2026-09-10T01:36:52Z [26,622ms] [Warning] [omni.physx.tensors.plugin] Incomplete contact data is reported in GpuRigidContactView::getContactData because there are more contact data points than specified maxContactDataCount = 8.
2026-09-10T01:36:52Z [26,625ms] [Warning] [omni.physx.tensors.plugin] Incomplete contact data is reported in GpuRigidContactView::getContactData because there are more contact data points than specified maxContactDataCount = 8.
2026-09-10T01:36:52Z [26,674ms] [Warning] [omni.physx.tensors.plugin] Incomplete contact data is reported in GpuRigidContactView::getContactData because there are more contact data points than specified maxContactDataCount = 8.
2026-09-10T01:36:52Z [26,678ms] [Warning] [omni.physx.tensors.plugin] Incomplete contact data is reported in GpuRigidContactView::getContactData because there are more contact data points than specified maxContactDataCount = 8.
2026-09-10T01:36:53Z [26,728ms] [Warning] [omni.physx.tensors.plugin] Incomplete contact data is reported in GpuRigidContactView::getContactData because there are more contact data points than specified maxContactDataCount = 8.
2026-09-10T01:36:53Z [26,732ms] [Warning] [omni.physx.tensors.plugin] Incomplete contact data is reported in GpuRigidContactView::getContactData because there are more contact data points than specified maxContactDataCount = 8.
2026-09-10T01:36:53Z [26,782ms] [Warning] [omni.physx.tensors.plugin] Incomplete contact data is reported in GpuRigidContactView::getContactData because there are more contact data points than specified maxContactDataCount = 8.
2026-09-10T01:36:53Z [26,786ms] [Warning] [omni.physx.tensors.plugin] Incomplete contact data is reported in GpuRigidContactView::getContactData because there are more contact data points than specified maxContactDataCount = 8.
2026-09-10T01:36:53Z [26,836ms] [Warning] [omni.physx.tensors.plugin] Incomplete contact data is reported in GpuRigidContactView::getContactData because there are more contact data points than specified maxContactDataCount = 8.
2026-09-10T01:36:53Z [26,839ms] [Warning] [omni.physx.tensors.plugin] Incomplete contact data is reported in GpuRigidContactView::getContactData because there are more contact data points than specified maxContactDataCount = 8.
2026-09-10T01:36:53Z [26,888ms] [Warning] [omni.physx.tensors.plugin] Incomplete contact data is reported in GpuRigidContactView::getContactData because there are more contact data points than specified maxContactDataCount = 8.
2026-09-10T01:36:53Z [26,892ms] [Warning] [omni.physx.tensors.plugin] Incomplete contact data is reported in GpuRigidContactView::getContactData because there are more contact data points than specified maxContactDataCount = 8.
2026-09-10T01:36:53Z [26,943ms] [Warning] [omni.physx.tensors.plugin] Incomplete contact data is reported in GpuRigidContactView::getContactData because there are more contact data points than specified maxContactDataCount = 8.
2026-09-10T01:36:53Z [26,947ms] [Warning] [omni.physx.tensors.plugin] Incomplete contact data is reported in GpuRigidContactView::getContactData because there are more contact data points than specified maxContactDataCount = 8.
2026-09-10T01:36:53Z [26,997ms] [Warning] [omni.physx.tensors.plugin] Incomplete contact data is reported in GpuRigidContactView::getContactData because there are more contact data points than specified maxContactDataCount = 8.
2026-09-10T01:36:53Z [27,001ms] [Warning] [omni.physx.tensors.plugin] Incomplete contact data is reported in GpuRigidContactView::getContactData because there are more contact data points than specified maxContactDataCount = 8.
2026-09-10T01:36:53Z [27,048ms] [Warning] [omni.physx.tensors.plugin] Incomplete contact data is reported in GpuRigidContactView::getContactData because there are more contact data points than specified maxContactDataCount = 8.
2026-09-10T01:36:53Z [27,051ms] [Warning] [omni.physx.tensors.plugin] Incomplete contact data is reported in GpuRigidContactView::getContactData because there are more contact data points than specified maxContactDataCount = 8.
2026-09-10T01:36:53Z [27,099ms] [Warning] [omni.physx.tensors.plugin] Incomplete contact data is reported in GpuRigidContactView::getContactData because there are more contact data points than specified maxContactDataCount = 8.
2026-09-10T01:36:53Z [27,103ms] [Warning] [omni.physx.tensors.plugin] Incomplete contact data is reported in GpuRigidContactView::getContactData because there are more contact data points than specified maxContactDataCount = 8.
2026-09-10T01:36:53Z [27,152ms] [Warning] [omni.physx.tensors.plugin] Incomplete contact data is reported in GpuRigidContactView::getContactData because there are more contact data points than specified maxContactDataCount = 8.
2026-09-10T01:36:53Z [27,156ms] [Warning] [omni.physx.tensors.plugin] Incomplete contact data is reported in GpuRigidContactView::getContactData because there are more contact data points than specified maxContactDataCount = 8.
2026-09-10T01:36:53Z [27,205ms] [Warning] [omni.physx.tensors.plugin] Incomplete contact data is reported in GpuRigidContactView::getContactData because there are more contact data points than specified maxContactDataCount = 8.
2026-09-10T01:36:53Z [27,209ms] [Warning] [omni.physx.tensors.plugin] Incomplete contact data is reported in GpuRigidContactView::getContactData because there are more contact data points than specified maxContactDataCount = 8.
2026-09-10T01:36:53Z [27,256ms] [Warning] [omni.physx.tensors.plugin] Incomplete contact data is reported in GpuRigidContactView::getContactData because there are more contact data points than specified maxContactDataCount = 8.
2026-09-10T01:36:53Z [27,259ms] [Warning] [omni.physx.tensors.plugin] Incomplete contact data is reported in GpuRigidContactView::getContactData because there are more contact data points than specified maxContactDataCount = 8.
2026-09-10T01:36:53Z [27,311ms] [Warning] [omni.physx.tensors.plugin] Incomplete contact data is reported in GpuRigidContactView::getContactData because there are more contact data points than specified maxContactDataCount = 8.
2026-09-10T01:36:53Z [27,315ms] [Warning] [omni.physx.tensors.plugin] Incomplete contact data is reported in GpuRigidContactView::getContactData because there are more contact data points than specified maxContactDataCount = 8.
2026-09-10T01:36:53Z [27,362ms] [Warning] [omni.physx.tensors.plugin] Incomplete contact data is reported in GpuRigidContactView::getContactData because there are more contact data points than specified maxContactDataCount = 8.
2026-09-10T01:36:53Z [27,366ms] [Warning] [omni.physx.tensors.plugin] Incomplete contact data is reported in GpuRigidContactView::getContactData because there are more contact data points than specified maxContactDataCount = 8.
2026-09-10T01:36:53Z [27,414ms] [Warning] [omni.physx.tensors.plugin] Incomplete contact data is reported in GpuRigidContactView::getContactData because there are more contact data points than specified maxContactDataCount = 8.
2026-09-10T01:36:53Z [27,418ms] [Warning] [omni.physx.tensors.plugin] Incomplete contact data is reported in GpuRigidContactView::getContactData because there are more contact data points than specified maxContactDataCount = 8.
2026-09-10T01:36:53Z [27,466ms] [Warning] [omni.physx.tensors.plugin] Incomplete contact data is reported in GpuRigidContactView::getContactData because there are more contact data points than specified maxContactDataCount = 8.
2026-09-10T01:36:53Z [27,469ms] [Warning] [omni.physx.tensors.plugin] Incomplete contact data is reported in GpuRigidContactView::getContactData because there are more contact data points than specified maxContactDataCount = 8.
2026-09-10T01:36:53Z [27,515ms] [Warning] [omni.physx.tensors.plugin] Incomplete contact data is reported in GpuRigidContactView::getContactData because there are more contact data points than specified maxContactDataCount = 8.
2026-09-10T01:36:53Z [27,518ms] [Warning] [omni.physx.tensors.plugin] Incomplete contact data is reported in GpuRigidContactView::getContactData because there are more contact data points than specified maxContactDataCount = 8.
2026-09-10T01:36:53Z [27,564ms] [Warning] [omni.physx.tensors.plugin] Incomplete contact data is reported in GpuRigidContactView::getContactData because there are more contact data points than specified maxContactDataCount = 8.
2026-09-10T01:36:53Z [27,568ms] [Warning] [omni.physx.tensors.plugin] Incomplete contact data is reported in GpuRigidContactView::getContactData because there are more contact data points than specified maxContactDataCount = 8.
2026-09-10T01:36:53Z [27,612ms] [Warning] [omni.physx.tensors.plugin] Incomplete contact data is reported in GpuRigidContactView::getContactData because there are more contact data points than specified maxContactDataCount = 8.
2026-09-10T01:36:53Z [27,616ms] [Warning] [omni.physx.tensors.plugin] Incomplete contact data is reported in GpuRigidContactView::getContactData because there are more contact data points than specified maxContactDataCount = 8.
2026-09-10T01:36:53Z [27,661ms] [Warning] [omni.physx.tensors.plugin] Incomplete contact data is reported in GpuRigidContactView::getContactData because there are more contact data points than specified maxContactDataCount = 8.
2026-09-10T01:36:53Z [27,665ms] [Warning] [omni.physx.tensors.plugin] Incomplete contact data is reported in GpuRigidContactView::getContactData because there are more contact data points than specified maxContactDataCount = 8.
2026-09-10T01:36:54Z [27,710ms] [Warning] [omni.physx.tensors.plugin] Incomplete contact data is reported in GpuRigidContactView::getContactData because there are more contact data points than specified maxContactDataCount = 8.
2026-09-10T01:36:54Z [27,714ms] [Warning] [omni.physx.tensors.plugin] Incomplete contact data is reported in GpuRigidContactView::getContactData because there are more contact data points than specified maxContactDataCount = 8.
2026-09-10T01:36:54Z [27,759ms] [Warning] [omni.physx.tensors.plugin] Incomplete contact data is reported in GpuRigidContactView::getContactData because there are more contact data points than specified maxContactDataCount = 8.
2026-09-10T01:36:54Z [27,763ms] [Warning] [omni.physx.tensors.plugin] Incomplete contact data is reported in GpuRigidContactView::getContactData because there are more contact data points than specified maxContactDataCount = 8.
2026-09-10T01:36:54Z [27,808ms] [Warning] [omni.physx.tensors.plugin] Incomplete contact data is reported in GpuRigidContactView::getContactData because there are more contact data points than specified maxContactDataCount = 8.
2026-09-10T01:36:54Z [27,812ms] [Warning] [omni.physx.tensors.plugin] Incomplete contact data is reported in GpuRigidContactView::getContactData because there are more contact data points than specified maxContactDataCount = 8.
2026-09-10T01:36:54Z [27,856ms] [Warning] [omni.physx.tensors.plugin] Incomplete contact data is reported in GpuRigidContactView::getContactData because there are more contact data points than specified maxContactDataCount = 8.
2026-09-10T01:36:54Z [27,860ms] [Warning] [omni.physx.tensors.plugin] Incomplete contact data is reported in GpuRigidContactView::getContactData because there are more contact data points than specified maxContactDataCount = 8.
2026-09-10T01:36:54Z [27,904ms] [Warning] [omni.physx.tensors.plugin] Incomplete contact data is reported in GpuRigidContactView::getContactData because there are more contact data points than specified maxContactDataCount = 8.
2026-09-10T01:36:54Z [27,907ms] [Warning] [omni.physx.tensors.plugin] Incomplete contact data is reported in GpuRigidContactView::getContactData because there are more contact data points than specified maxContactDataCount = 8.
2026-09-10T01:36:54Z [27,953ms] [Warning] [omni.physx.tensors.plugin] Incomplete contact data is reported in GpuRigidContactView::getContactData because there are more contact data points than specified maxContactDataCount = 8.
2026-09-10T01:36:54Z [27,957ms] [Warning] [omni.physx.tensors.plugin] Incomplete contact data is reported in GpuRigidContactView::getContactData because there are more contact data points than specified maxContactDataCount = 8.
2026-09-10T01:36:54Z [28,003ms] [Warning] [omni.physx.tensors.plugin] Incomplete contact data is reported in GpuRigidContactView::getContactData because there are more contact data points than specified maxContactDataCount = 8.
2026-09-10T01:36:54Z [28,007ms] [Warning] [omni.physx.tensors.plugin] Incomplete contact data is reported in GpuRigidContactView::getContactData because there are more contact data points than specified maxContactDataCount = 8.
2026-09-10T01:36:54Z [28,050ms] [Warning] [omni.physx.tensors.plugin] Incomplete contact data is reported in GpuRigidContactView::getContactData because there are more contact data points than specified maxContactDataCount = 8.
2026-09-10T01:36:54Z [28,054ms] [Warning] [omni.physx.tensors.plugin] Incomplete contact data is reported in GpuRigidContactView::getContactData because there are more contact data points than specified maxContactDataCount = 8.
2026-09-10T01:36:54Z [28,097ms] [Warning] [omni.physx.tensors.plugin] Incomplete contact data is reported in GpuRigidContactView::getContactData because there are more contact data points than specified maxContactDataCount = 8.
2026-09-10T01:36:54Z [28,101ms] [Warning] [omni.physx.tensors.plugin] Incomplete contact data is reported in GpuRigidContactView::getContactData because there are more contact data points than specified maxContactDataCount = 8.
2026-09-10T01:36:54Z [28,144ms] [Warning] [omni.physx.tensors.plugin] Incomplete contact data is reported in GpuRigidContactView::getContactData because there are more contact data points than specified maxContactDataCount = 8.
2026-09-10T01:36:54Z [28,148ms] [Warning] [omni.physx.tensors.plugin] Incomplete contact data is reported in GpuRigidContactView::getContactData because there are more contact data points than specified maxContactDataCount = 8.
2026-09-10T01:36:54Z [28,193ms] [Warning] [omni.physx.tensors.plugin] Incomplete contact data is reported in GpuRigidContactView::getContactData because there are more contact data points than specified maxContactDataCount = 8.
2026-09-10T01:36:54Z [28,197ms] [Warning] [omni.physx.tensors.plugin] Incomplete contact data is reported in GpuRigidContactView::getContactData because there are more contact data points than specified maxContactDataCount = 8.
2026-09-10T01:36:54Z [28,242ms] [Warning] [omni.physx.tensors.plugin] Incomplete contact data is reported in GpuRigidContactView::getContactData because there are more contact data points than specified maxContactDataCount = 8.
2026-09-10T01:36:54Z [28,245ms] [Warning] [omni.physx.tensors.plugin] Incomplete contact data is reported in GpuRigidContactView::getContactData because there are more contact data points than specified maxContactDataCount = 8.
2026-09-10T01:36:54Z [28,289ms] [Warning] [omni.physx.tensors.plugin] Incomplete contact data is reported in GpuRigidContactView::getContactData because there are more contact data points than specified maxContactDataCount = 8.
2026-09-10T01:36:54Z [28,293ms] [Warning] [omni.physx.tensors.plugin] Incomplete contact data is reported in GpuRigidContactView::getContactData because there are more contact data points than specified maxContactDataCount = 8.
2026-09-10T01:36:54Z [28,338ms] [Warning] [omni.physx.tensors.plugin] Incomplete contact data is reported in GpuRigidContactView::getContactData because there are more contact data points than specified maxContactDataCount = 8.
2026-09-10T01:36:54Z [28,341ms] [Warning] [omni.physx.tensors.plugin] Incomplete contact data is reported in GpuRigidContactView::getContactData because there are more contact data points than specified maxContactDataCount = 8.
2026-09-10T01:36:54Z [28,386ms] [Warning] [omni.physx.tensors.plugin] Incomplete contact data is reported in GpuRigidContactView::getContactData because there are more contact data points than specified maxContactDataCount = 8.
2026-09-10T01:36:54Z [28,390ms] [Warning] [omni.physx.tensors.plugin] Incomplete contact data is reported in GpuRigidContactView::getContactData because there are more contact data points than specified maxContactDataCount = 8.
2026-09-10T01:36:54Z [28,435ms] [Warning] [omni.physx.tensors.plugin] Incomplete contact data is reported in GpuRigidContactView::getContactData because there are more contact data points than specified maxContactDataCount = 8.
2026-09-10T01:36:54Z [28,438ms] [Warning] [omni.physx.tensors.plugin] Incomplete contact data is reported in GpuRigidContactView::getContactData because there are more contact data points than specified maxContactDataCount = 8.
2026-09-10T01:36:54Z [28,484ms] [Warning] [omni.physx.tensors.plugin] Incomplete contact data is reported in GpuRigidContactView::getContactData because there are more contact data points than specified maxContactDataCount = 8.
2026-09-10T01:36:54Z [28,487ms] [Warning] [omni.physx.tensors.plugin] Incomplete contact data is reported in GpuRigidContactView::getContactData because there are more contact data points than specified maxContactDataCount = 8.
2026-09-10T01:36:54Z [28,533ms] [Warning] [omni.physx.tensors.plugin] Incomplete contact data is reported in GpuRigidContactView::getContactData because there are more contact data points than specified maxContactDataCount = 8.
2026-09-10T01:36:54Z [28,537ms] [Warning] [omni.physx.tensors.plugin] Incomplete contact data is reported in GpuRigidContactView::getContactData because there are more contact data points than specified maxContactDataCount = 8.
2026-09-10T01:36:54Z [28,580ms] [Warning] [omni.physx.tensors.plugin] Incomplete contact data is reported in GpuRigidContactView::getContactData because there are more contact data points than specified maxContactDataCount = 8.
2026-09-10T01:36:54Z [28,584ms] [Warning] [omni.physx.tensors.plugin] Incomplete contact data is reported in GpuRigidContactView::getContactData because there are more contact data points than specified maxContactDataCount = 8.
2026-09-10T01:36:54Z [28,628ms] [Warning] [omni.physx.tensors.plugin] Incomplete contact data is reported in GpuRigidContactView::getContactData because there are more contact data points than specified maxContactDataCount = 8.
2026-09-10T01:36:54Z [28,631ms] [Warning] [omni.physx.tensors.plugin] Incomplete contact data is reported in GpuRigidContactView::getContactData because there are more contact data points than specified maxContactDataCount = 8.
2026-09-10T01:36:54Z [28,677ms] [Warning] [omni.physx.tensors.plugin] Incomplete contact data is reported in GpuRigidContactView::getContactData because there are more contact data points than specified maxContactDataCount = 8.
2026-09-10T01:36:54Z [28,680ms] [Warning] [omni.physx.tensors.plugin] Incomplete contact data is reported in GpuRigidContactView::getContactData because there are more contact data points than specified maxContactDataCount = 8.
2026-09-10T01:36:55Z [28,725ms] [Warning] [omni.physx.tensors.plugin] Incomplete contact data is reported in GpuRigidContactView::getContactData because there are more contact data points than specified maxContactDataCount = 8.
2026-09-10T01:36:55Z [28,729ms] [Warning] [omni.physx.tensors.plugin] Incomplete contact data is reported in GpuRigidContactView::getContactData because there are more contact data points than specified maxContactDataCount = 8.
2026-09-10T01:36:55Z [28,773ms] [Warning] [omni.physx.tensors.plugin] Incomplete contact data is reported in GpuRigidContactView::getContactData because there are more contact data points than specified maxContactDataCount = 8.
2026-09-10T01:36:55Z [28,777ms] [Warning] [omni.physx.tensors.plugin] Incomplete contact data is reported in GpuRigidContactView::getContactData because there are more contact data points than specified maxContactDataCount = 8.
2026-09-10T01:36:55Z [28,822ms] [Warning] [omni.physx.tensors.plugin] Incomplete contact data is reported in GpuRigidContactView::getContactData because there are more contact data points than specified maxContactDataCount = 8.
2026-09-10T01:36:55Z [28,826ms] [Warning] [omni.physx.tensors.plugin] Incomplete contact data is reported in GpuRigidContactView::getContactData because there are more contact data points than specified maxContactDataCount = 8.
2026-09-10T01:36:55Z [28,871ms] [Warning] [omni.physx.tensors.plugin] Incomplete contact data is reported in GpuRigidContactView::getContactData because there are more contact data points than specified maxContactDataCount = 8.
2026-09-10T01:36:55Z [28,875ms] [Warning] [omni.physx.tensors.plugin] Incomplete contact data is reported in GpuRigidContactView::getContactData because there are more contact data points than specified maxContactDataCount = 8.
2026-09-10T01:36:55Z [28,921ms] [Warning] [omni.physx.tensors.plugin] Incomplete contact data is reported in GpuRigidContactView::getContactData because there are more contact data points than specified maxContactDataCount = 8.
2026-09-10T01:36:55Z [28,924ms] [Warning] [omni.physx.tensors.plugin] Incomplete contact data is reported in GpuRigidContactView::getContactData because there are more contact data points than specified maxContactDataCount = 8.
2026-09-10T01:36:55Z [28,969ms] [Warning] [omni.physx.tensors.plugin] Incomplete contact data is reported in GpuRigidContactView::getContactData because there are more contact data points than specified maxContactDataCount = 8.
2026-09-10T01:36:55Z [28,972ms] [Warning] [omni.physx.tensors.plugin] Incomplete contact data is reported in GpuRigidContactView::getContactData because there are more contact data points than specified maxContactDataCount = 8.
2026-09-10T01:36:55Z [29,020ms] [Warning] [omni.physx.tensors.plugin] Incomplete contact data is reported in GpuRigidContactView::getContactData because there are more contact data points than specified maxContactDataCount = 8.
2026-09-10T01:36:55Z [29,024ms] [Warning] [omni.physx.tensors.plugin] Incomplete contact data is reported in GpuRigidContactView::getContactData because there are more contact data points than specified maxContactDataCount = 8.
2026-09-10T01:36:55Z [29,069ms] [Warning] [omni.physx.tensors.plugin] Incomplete contact data is reported in GpuRigidContactView::getContactData because there are more contact data points than specified maxContactDataCount = 8.
2026-09-10T01:36:55Z [29,073ms] [Warning] [omni.physx.tensors.plugin] Incomplete contact data is reported in GpuRigidContactView::getContactData because there are more contact data points than specified maxContactDataCount = 8.
2026-09-10T01:36:55Z [29,118ms] [Warning] [omni.physx.tensors.plugin] Incomplete contact data is reported in GpuRigidContactView::getContactData because there are more contact data points than specified maxContactDataCount = 8.
2026-09-10T01:36:55Z [29,122ms] [Warning] [omni.physx.tensors.plugin] Incomplete contact data is reported in GpuRigidContactView::getContactData because there are more contact data points than specified maxContactDataCount = 8.
2026-09-10T01:36:55Z [29,166ms] [Warning] [omni.physx.tensors.plugin] Incomplete contact data is reported in GpuRigidContactView::getContactData because there are more contact data points than specified maxContactDataCount = 8.
2026-09-10T01:36:55Z [29,170ms] [Warning] [omni.physx.tensors.plugin] Incomplete contact data is reported in GpuRigidContactView::getContactData because there are more contact data points than specified maxContactDataCount = 8.
2026-09-10T01:36:55Z [29,214ms] [Warning] [omni.physx.tensors.plugin] Incomplete contact data is reported in GpuRigidContactView::getContactData because there are more contact data points than specified maxContactDataCount = 8.
2026-09-10T01:36:55Z [29,218ms] [Warning] [omni.physx.tensors.plugin] Incomplete contact data is reported in GpuRigidContactView::getContactData because there are more contact data points than specified maxContactDataCount = 8.
2026-09-10T01:36:55Z [29,263ms] [Warning] [omni.physx.tensors.plugin] Incomplete contact data is reported in GpuRigidContactView::getContactData because there are more contact data points than specified maxContactDataCount = 8.
2026-09-10T01:36:55Z [29,267ms] [Warning] [omni.physx.tensors.plugin] Incomplete contact data is reported in GpuRigidContactView::getContactData because there are more contact data points than specified maxContactDataCount = 8.
2026-09-10T01:36:55Z [29,309ms] [Warning] [omni.physx.tensors.plugin] Incomplete contact data is reported in GpuRigidContactView::getContactData because there are more contact data points than specified maxContactDataCount = 8.
2026-09-10T01:36:55Z [29,313ms] [Warning] [omni.physx.tensors.plugin] Incomplete contact data is reported in GpuRigidContactView::getContactData because there are more contact data points than specified maxContactDataCount = 8.
2026-09-10T01:36:55Z [29,359ms] [Warning] [omni.physx.tensors.plugin] Incomplete contact data is reported in GpuRigidContactView::getContactData because there are more contact data points than specified maxContactDataCount = 8.
2026-09-10T01:36:55Z [29,362ms] [Warning] [omni.physx.tensors.plugin] Incomplete contact data is reported in GpuRigidContactView::getContactData because there are more contact data points than specified maxContactDataCount = 8.
2026-09-10T01:36:55Z [29,408ms] [Warning] [omni.physx.tensors.plugin] Incomplete contact data is reported in GpuRigidContactView::getContactData because there are more contact data points than specified maxContactDataCount = 8.
2026-09-10T01:36:55Z [29,411ms] [Warning] [omni.physx.tensors.plugin] Incomplete contact data is reported in GpuRigidContactView::getContactData because there are more contact data points than specified maxContactDataCount = 8.
2026-09-10T01:36:55Z [29,456ms] [Warning] [omni.physx.tensors.plugin] Incomplete contact data is reported in GpuRigidContactView::getContactData because there are more contact data points than specified maxContactDataCount = 8.
2026-09-10T01:36:55Z [29,460ms] [Warning] [omni.physx.tensors.plugin] Incomplete contact data is reported in GpuRigidContactView::getContactData because there are more contact data points than specified maxContactDataCount = 8.
2026-09-10T01:36:55Z [29,506ms] [Warning] [omni.physx.tensors.plugin] Incomplete contact data is reported in GpuRigidContactView::getContactData because there are more contact data points than specified maxContactDataCount = 8.
2026-09-10T01:36:55Z [29,509ms] [Warning] [omni.physx.tensors.plugin] Incomplete contact data is reported in GpuRigidContactView::getContactData because there are more contact data points than specified maxContactDataCount = 8.
2026-09-10T01:36:55Z [29,555ms] [Warning] [omni.physx.tensors.plugin] Incomplete contact data is reported in GpuRigidContactView::getContactData because there are more contact data points than specified maxContactDataCount = 8.
2026-09-10T01:36:55Z [29,559ms] [Warning] [omni.physx.tensors.plugin] Incomplete contact data is reported in GpuRigidContactView::getContactData because there are more contact data points than specified maxContactDataCount = 8.
2026-09-10T01:36:55Z [29,607ms] [Warning] [omni.physx.tensors.plugin] Incomplete contact data is reported in GpuRigidContactView::getContactData because there are more contact data points than specified maxContactDataCount = 8.
2026-09-10T01:36:55Z [29,610ms] [Warning] [omni.physx.tensors.plugin] Incomplete contact data is reported in GpuRigidContactView::getContactData because there are more contact data points than specified maxContactDataCount = 8.
2026-09-10T01:36:55Z [29,656ms] [Warning] [omni.physx.tensors.plugin] Incomplete contact data is reported in GpuRigidContactView::getContactData because there are more contact data points than specified maxContactDataCount = 8.
2026-09-10T01:36:55Z [29,659ms] [Warning] [omni.physx.tensors.plugin] Incomplete contact data is reported in GpuRigidContactView::getContactData because there are more contact data points than specified maxContactDataCount = 8.
2026-09-10T01:36:56Z [29,705ms] [Warning] [omni.physx.tensors.plugin] Incomplete contact data is reported in GpuRigidContactView::getContactData because there are more contact data points than specified maxContactDataCount = 8.
2026-09-10T01:36:56Z [29,708ms] [Warning] [omni.physx.tensors.plugin] Incomplete contact data is reported in GpuRigidContactView::getContactData because there are more contact data points than specified maxContactDataCount = 8.
2026-09-10T01:36:56Z [29,754ms] [Warning] [omni.physx.tensors.plugin] Incomplete contact data is reported in GpuRigidContactView::getContactData because there are more contact data points than specified maxContactDataCount = 8.
2026-09-10T01:36:56Z [29,757ms] [Warning] [omni.physx.tensors.plugin] Incomplete contact data is reported in GpuRigidContactView::getContactData because there are more contact data points than specified maxContactDataCount = 8.
2026-09-10T01:36:56Z [29,801ms] [Warning] [omni.physx.tensors.plugin] Incomplete contact data is reported in GpuRigidContactView::getContactData because there are more contact data points than specified maxContactDataCount = 8.
2026-09-10T01:36:56Z [29,805ms] [Warning] [omni.physx.tensors.plugin] Incomplete contact data is reported in GpuRigidContactView::getContactData because there are more contact data points than specified maxContactDataCount = 8.
2026-09-10T01:36:56Z [29,855ms] [Warning] [omni.physx.tensors.plugin] Incomplete contact data is reported in GpuRigidContactView::getContactData because there are more contact data points than specified maxContactDataCount = 8.
2026-09-10T01:36:56Z [29,858ms] [Warning] [omni.physx.tensors.plugin] Incomplete contact data is reported in GpuRigidContactView::getContactData because there are more contact data points than specified maxContactDataCount = 8.
2026-09-10T01:36:56Z [29,912ms] [Warning] [omni.physx.tensors.plugin] Incomplete contact data is reported in GpuRigidContactView::getContactData because there are more contact data points than specified maxContactDataCount = 8.
2026-09-10T01:36:56Z [29,916ms] [Warning] [omni.physx.tensors.plugin] Incomplete contact data is reported in GpuRigidContactView::getContactData because there are more contact data points than specified maxContactDataCount = 8.
2026-09-10T01:36:56Z [29,964ms] [Warning] [omni.physx.tensors.plugin] Incomplete contact data is reported in GpuRigidContactView::getContactData because there are more contact data points than specified maxContactDataCount = 8.
2026-09-10T01:36:56Z [29,968ms] [Warning] [omni.physx.tensors.plugin] Incomplete contact data is reported in GpuRigidContactView::getContactData because there are more contact data points than specified maxContactDataCount = 8.
2026-09-10T01:36:56Z [30,013ms] [Warning] [omni.physx.tensors.plugin] Incomplete contact data is reported in GpuRigidContactView::getContactData because there are more contact data points than specified maxContactDataCount = 8.
2026-09-10T01:36:56Z [30,017ms] [Warning] [omni.physx.tensors.plugin] Incomplete contact data is reported in GpuRigidContactView::getContactData because there are more contact data points than specified maxContactDataCount = 8.
2026-09-10T01:36:56Z [30,061ms] [Warning] [omni.physx.tensors.plugin] Incomplete contact data is reported in GpuRigidContactView::getContactData because there are more contact data points than specified maxContactDataCount = 8.
2026-09-10T01:36:56Z [30,065ms] [Warning] [omni.physx.tensors.plugin] Incomplete contact data is reported in GpuRigidContactView::getContactData because there are more contact data points than specified maxContactDataCount = 8.
2026-09-10T01:36:56Z [30,105ms] [Warning] [omni.physx.tensors.plugin] Incomplete contact data is reported in GpuRigidContactView::getContactData because there are more contact data points than specified maxContactDataCount = 8.
2026-09-10T01:36:56Z [30,109ms] [Warning] [omni.physx.tensors.plugin] Incomplete contact data is reported in GpuRigidContactView::getContactData because there are more contact data points than specified maxContactDataCount = 8.
2026-09-10T01:36:56Z [30,154ms] [Warning] [omni.physx.tensors.plugin] Incomplete contact data is reported in GpuRigidContactView::getContactData because there are more contact data points than specified maxContactDataCount = 8.
2026-09-10T01:36:56Z [30,158ms] [Warning] [omni.physx.tensors.plugin] Incomplete contact data is reported in GpuRigidContactView::getContactData because there are more contact data points than specified maxContactDataCount = 8.
2026-09-10T01:36:56Z [30,206ms] [Warning] [omni.physx.tensors.plugin] Incomplete contact data is reported in GpuRigidContactView::getContactData because there are more contact data points than specified maxContactDataCount = 8.
2026-09-10T01:36:56Z [30,210ms] [Warning] [omni.physx.tensors.plugin] Incomplete contact data is reported in GpuRigidContactView::getContactData because there are more contact data points than specified maxContactDataCount = 8.
2026-09-10T01:36:56Z [30,255ms] [Warning] [omni.physx.tensors.plugin] Incomplete contact data is reported in GpuRigidContactView::getContactData because there are more contact data points than specified maxContactDataCount = 8.
2026-09-10T01:36:56Z [30,259ms] [Warning] [omni.physx.tensors.plugin] Incomplete contact data is reported in GpuRigidContactView::getContactData because there are more contact data points than specified maxContactDataCount = 8.
2026-09-10T01:36:56Z [30,306ms] [Warning] [omni.physx.tensors.plugin] Incomplete contact data is reported in GpuRigidContactView::getContactData because there are more contact data points than specified maxContactDataCount = 8.
2026-09-10T01:36:56Z [30,310ms] [Warning] [omni.physx.tensors.plugin] Incomplete contact data is reported in GpuRigidContactView::getContactData because there are more contact data points than specified maxContactDataCount = 8.
2026-09-10T01:36:56Z [30,353ms] [Warning] [omni.physx.tensors.plugin] Incomplete contact data is reported in GpuRigidContactView::getContactData because there are more contact data points than specified maxContactDataCount = 8.
2026-09-10T01:36:56Z [30,357ms] [Warning] [omni.physx.tensors.plugin] Incomplete contact data is reported in GpuRigidContactView::getContactData because there are more contact data points than specified maxContactDataCount = 8.
2026-09-10T01:36:56Z [30,406ms] [Warning] [omni.physx.tensors.plugin] Incomplete contact data is reported in GpuRigidContactView::getContactData because there are more contact data points than specified maxContactDataCount = 8.
2026-09-10T01:36:56Z [30,410ms] [Warning] [omni.physx.tensors.plugin] Incomplete contact data is reported in GpuRigidContactView::getContactData because there are more contact data points than specified maxContactDataCount = 8.
2026-09-10T01:36:56Z [30,457ms] [Warning] [omni.physx.tensors.plugin] Incomplete contact data is reported in GpuRigidContactView::getContactData because there are more contact data points than specified maxContactDataCount = 8.
2026-09-10T01:36:56Z [30,460ms] [Warning] [omni.physx.tensors.plugin] Incomplete contact data is reported in GpuRigidContactView::getContactData because there are more contact data points than specified maxContactDataCount = 8.
2026-09-10T01:36:56Z [30,508ms] [Warning] [omni.physx.tensors.plugin] Incomplete contact data is reported in GpuRigidContactView::getContactData because there are more contact data points than specified maxContactDataCount = 8.
2026-09-10T01:36:56Z [30,512ms] [Warning] [omni.physx.tensors.plugin] Incomplete contact data is reported in GpuRigidContactView::getContactData because there are more contact data points than specified maxContactDataCount = 8.
2026-09-10T01:36:56Z [30,567ms] [Warning] [omni.physx.tensors.plugin] Incomplete contact data is reported in GpuRigidContactView::getContactData because there are more contact data points than specified maxContactDataCount = 8.
2026-09-10T01:36:56Z [30,571ms] [Warning] [omni.physx.tensors.plugin] Incomplete contact data is reported in GpuRigidContactView::getContactData because there are more contact data points than specified maxContactDataCount = 8.
2026-09-10T01:36:56Z [30,623ms] [Warning] [omni.physx.tensors.plugin] Incomplete contact data is reported in GpuRigidContactView::getContactData because there are more contact data points than specified maxContactDataCount = 8.
2026-09-10T01:36:56Z [30,626ms] [Warning] [omni.physx.tensors.plugin] Incomplete contact data is reported in GpuRigidContactView::getContactData because there are more contact data points than specified maxContactDataCount = 8.
2026-09-10T01:36:56Z [30,678ms] [Warning] [omni.physx.tensors.plugin] Incomplete contact data is reported in GpuRigidContactView::getContactData because there are more contact data points than specified maxContactDataCount = 8.
2026-09-10T01:36:57Z [30,681ms] [Warning] [omni.physx.tensors.plugin] Incomplete contact data is reported in GpuRigidContactView::getContactData because there are more contact data points than specified maxContactDataCount = 8.
2026-09-10T01:36:57Z [30,733ms] [Warning] [omni.physx.tensors.plugin] Incomplete contact data is reported in GpuRigidContactView::getContactData because there are more contact data points than specified maxContactDataCount = 8.
2026-09-10T01:36:57Z [30,737ms] [Warning] [omni.physx.tensors.plugin] Incomplete contact data is reported in GpuRigidContactView::getContactData because there are more contact data points than specified maxContactDataCount = 8.
2026-09-10T01:36:57Z [30,785ms] [Warning] [omni.physx.tensors.plugin] Incomplete contact data is reported in GpuRigidContactView::getContactData because there are more contact data points than specified maxContactDataCount = 8.
2026-09-10T01:36:57Z [30,789ms] [Warning] [omni.physx.tensors.plugin] Incomplete contact data is reported in GpuRigidContactView::getContactData because there are more contact data points than specified maxContactDataCount = 8.
2026-09-10T01:36:57Z [30,836ms] [Warning] [omni.physx.tensors.plugin] Incomplete contact data is reported in GpuRigidContactView::getContactData because there are more contact data points than specified maxContactDataCount = 8.
2026-09-10T01:36:57Z [30,840ms] [Warning] [omni.physx.tensors.plugin] Incomplete contact data is reported in GpuRigidContactView::getContactData because there are more contact data points than specified maxContactDataCount = 8.
2026-09-10T01:36:57Z [30,884ms] [Warning] [omni.physx.tensors.plugin] Incomplete contact data is reported in GpuRigidContactView::getContactData because there are more contact data points than specified maxContactDataCount = 8.
2026-09-10T01:36:57Z [30,888ms] [Warning] [omni.physx.tensors.plugin] Incomplete contact data is reported in GpuRigidContactView::getContactData because there are more contact data points than specified maxContactDataCount = 8.
TERRAIN_STAND train_ramp_1103 200/1000
2026-09-10T01:36:57Z [30,934ms] [Warning] [omni.physx.tensors.plugin] Incomplete contact data is reported in GpuRigidContactView::getContactData because there are more contact data points than specified maxContactDataCount = 8.
2026-09-10T01:36:57Z [30,938ms] [Warning] [omni.physx.tensors.plugin] Incomplete contact data is reported in GpuRigidContactView::getContactData because there are more contact data points than specified maxContactDataCount = 8.
2026-09-10T01:36:57Z [30,983ms] [Warning] [omni.physx.tensors.plugin] Incomplete contact data is reported in GpuRigidContactView::getContactData because there are more contact data points than specified maxContactDataCount = 8.
2026-09-10T01:36:57Z [30,987ms] [Warning] [omni.physx.tensors.plugin] Incomplete contact data is reported in GpuRigidContactView::getContactData because there are more contact data points than specified maxContactDataCount = 8.
2026-09-10T01:36:57Z [31,033ms] [Warning] [omni.physx.tensors.plugin] Incomplete contact data is reported in GpuRigidContactView::getContactData because there are more contact data points than specified maxContactDataCount = 8.
2026-09-10T01:36:57Z [31,037ms] [Warning] [omni.physx.tensors.plugin] Incomplete contact data is reported in GpuRigidContactView::getContactData because there are more contact data points than specified maxContactDataCount = 8.
2026-09-10T01:36:57Z [31,087ms] [Warning] [omni.physx.tensors.plugin] Incomplete contact data is reported in GpuRigidContactView::getContactData because there are more contact data points than specified maxContactDataCount = 8.
2026-09-10T01:36:57Z [31,090ms] [Warning] [omni.physx.tensors.plugin] Incomplete contact data is reported in GpuRigidContactView::getContactData because there are more contact data points than specified maxContactDataCount = 8.
2026-09-10T01:36:57Z [31,139ms] [Warning] [omni.physx.tensors.plugin] Incomplete contact data is reported in GpuRigidContactView::getContactData because there are more contact data points than specified maxContactDataCount = 8.
2026-09-10T01:36:57Z [31,143ms] [Warning] [omni.physx.tensors.plugin] Incomplete contact data is reported in GpuRigidContactView::getContactData because there are more contact data points than specified maxContactDataCount = 8.
2026-09-10T01:36:57Z [31,190ms] [Warning] [omni.physx.tensors.plugin] Incomplete contact data is reported in GpuRigidContactView::getContactData because there are more contact data points than specified maxContactDataCount = 8.
2026-09-10T01:36:57Z [31,194ms] [Warning] [omni.physx.tensors.plugin] Incomplete contact data is reported in GpuRigidContactView::getContactData because there are more contact data points than specified maxContactDataCount = 8.
2026-09-10T01:36:57Z [31,241ms] [Warning] [omni.physx.tensors.plugin] Incomplete contact data is reported in GpuRigidContactView::getContactData because there are more contact data points than specified maxContactDataCount = 8.
2026-09-10T01:36:57Z [31,245ms] [Warning] [omni.physx.tensors.plugin] Incomplete contact data is reported in GpuRigidContactView::getContactData because there are more contact data points than specified maxContactDataCount = 8.
2026-09-10T01:36:57Z [31,248ms] [Warning] [omni.physx.tensors.plugin] Incomplete contact data is reported in GpuRigidContactView::getContactData because there are more contact data points than specified maxContactDataCount = 8.
2026-09-10T01:36:57Z [31,296ms] [Warning] [omni.physx.tensors.plugin] Incomplete contact data is reported in GpuRigidContactView::getContactData because there are more contact data points than specified maxContactDataCount = 8.
2026-09-10T01:36:57Z [31,300ms] [Warning] [omni.physx.tensors.plugin] Incomplete contact data is reported in GpuRigidContactView::getContactData because there are more contact data points than specified maxContactDataCount = 8.
2026-09-10T01:36:57Z [31,304ms] [Warning] [omni.physx.tensors.plugin] Incomplete contact data is reported in GpuRigidContactView::getContactData because there are more contact data points than specified maxContactDataCount = 8.
2026-09-10T01:36:57Z [31,347ms] [Warning] [omni.physx.tensors.plugin] Incomplete contact data is reported in GpuRigidContactView::getContactData because there are more contact data points than specified maxContactDataCount = 8.
2026-09-10T01:36:57Z [31,351ms] [Warning] [omni.physx.tensors.plugin] Incomplete contact data is reported in GpuRigidContactView::getContactData because there are more contact data points than specified maxContactDataCount = 8.
2026-09-10T01:36:57Z [31,355ms] [Warning] [omni.physx.tensors.plugin] Incomplete contact data is reported in GpuRigidContactView::getContactData because there are more contact data points than specified maxContactDataCount = 8.
2026-09-10T01:36:57Z [31,405ms] [Warning] [omni.physx.tensors.plugin] Incomplete contact data is reported in GpuRigidContactView::getContactData because there are more contact data points than specified maxContactDataCount = 8.
2026-09-10T01:36:57Z [31,409ms] [Warning] [omni.physx.tensors.plugin] Incomplete contact data is reported in GpuRigidContactView::getContactData because there are more contact data points than specified maxContactDataCount = 8.
2026-09-10T01:36:57Z [31,412ms] [Warning] [omni.physx.tensors.plugin] Incomplete contact data is reported in GpuRigidContactView::getContactData because there are more contact data points than specified maxContactDataCount = 8.
2026-09-10T01:36:57Z [31,463ms] [Warning] [omni.physx.tensors.plugin] Incomplete contact data is reported in GpuRigidContactView::getContactData because there are more contact data points than specified maxContactDataCount = 8.
2026-09-10T01:36:57Z [31,467ms] [Warning] [omni.physx.tensors.plugin] Incomplete contact data is reported in GpuRigidContactView::getContactData because there are more contact data points than specified maxContactDataCount = 8.
2026-09-10T01:36:57Z [31,470ms] [Warning] [omni.physx.tensors.plugin] Incomplete contact data is reported in GpuRigidContactView::getContactData because there are more contact data points than specified maxContactDataCount = 8.
2026-09-10T01:36:57Z [31,521ms] [Warning] [omni.physx.tensors.plugin] Incomplete contact data is reported in GpuRigidContactView::getContactData because there are more contact data points than specified maxContactDataCount = 8.
2026-09-10T01:36:57Z [31,525ms] [Warning] [omni.physx.tensors.plugin] Incomplete contact data is reported in GpuRigidContactView::getContactData because there are more contact data points than specified maxContactDataCount = 8.
2026-09-10T01:36:57Z [31,528ms] [Warning] [omni.physx.tensors.plugin] Incomplete contact data is reported in GpuRigidContactView::getContactData because there are more contact data points than specified maxContactDataCount = 8.
2026-09-10T01:36:57Z [31,581ms] [Warning] [omni.physx.tensors.plugin] Incomplete contact data is reported in GpuRigidContactView::getContactData because there are more contact data points than specified maxContactDataCount = 8.
2026-09-10T01:36:57Z [31,584ms] [Warning] [omni.physx.tensors.plugin] Incomplete contact data is reported in GpuRigidContactView::getContactData because there are more contact data points than specified maxContactDataCount = 8.
2026-09-10T01:36:57Z [31,588ms] [Warning] [omni.physx.tensors.plugin] Incomplete contact data is reported in GpuRigidContactView::getContactData because there are more contact data points than specified maxContactDataCount = 8.
2026-09-10T01:36:57Z [31,640ms] [Warning] [omni.physx.tensors.plugin] Incomplete contact data is reported in GpuRigidContactView::getContactData because there are more contact data points than specified maxContactDataCount = 8.
2026-09-10T01:36:57Z [31,644ms] [Warning] [omni.physx.tensors.plugin] Incomplete contact data is reported in GpuRigidContactView::getContactData because there are more contact data points than specified maxContactDataCount = 8.
2026-09-10T01:36:57Z [31,647ms] [Warning] [omni.physx.tensors.plugin] Incomplete contact data is reported in GpuRigidContactView::getContactData because there are more contact data points than specified maxContactDataCount = 8.
2026-09-10T01:36:58Z [31,696ms] [Warning] [omni.physx.tensors.plugin] Incomplete contact data is reported in GpuRigidContactView::getContactData because there are more contact data points than specified maxContactDataCount = 8.
2026-09-10T01:36:58Z [31,699ms] [Warning] [omni.physx.tensors.plugin] Incomplete contact data is reported in GpuRigidContactView::getContactData because there are more contact data points than specified maxContactDataCount = 8.
2026-09-10T01:36:58Z [31,703ms] [Warning] [omni.physx.tensors.plugin] Incomplete contact data is reported in GpuRigidContactView::getContactData because there are more contact data points than specified maxContactDataCount = 8.
2026-09-10T01:36:58Z [31,753ms] [Warning] [omni.physx.tensors.plugin] Incomplete contact data is reported in GpuRigidContactView::getContactData because there are more contact data points than specified maxContactDataCount = 8.
2026-09-10T01:36:58Z [31,756ms] [Warning] [omni.physx.tensors.plugin] Incomplete contact data is reported in GpuRigidContactView::getContactData because there are more contact data points than specified maxContactDataCount = 8.
2026-09-10T01:36:58Z [31,760ms] [Warning] [omni.physx.tensors.plugin] Incomplete contact data is reported in GpuRigidContactView::getContactData because there are more contact data points than specified maxContactDataCount = 8.
2026-09-10T01:36:58Z [31,813ms] [Warning] [omni.physx.tensors.plugin] Incomplete contact data is reported in GpuRigidContactView::getContactData because there are more contact data points than specified maxContactDataCount = 8.
2026-09-10T01:36:58Z [31,817ms] [Warning] [omni.physx.tensors.plugin] Incomplete contact data is reported in GpuRigidContactView::getContactData because there are more contact data points than specified maxContactDataCount = 8.
2026-09-10T01:36:58Z [31,821ms] [Warning] [omni.physx.tensors.plugin] Incomplete contact data is reported in GpuRigidContactView::getContactData because there are more contact data points than specified maxContactDataCount = 8.
2026-09-10T01:36:58Z [31,868ms] [Warning] [omni.physx.tensors.plugin] Incomplete contact data is reported in GpuRigidContactView::getContactData because there are more contact data points than specified maxContactDataCount = 8.
2026-09-10T01:36:58Z [31,872ms] [Warning] [omni.physx.tensors.plugin] Incomplete contact data is reported in GpuRigidContactView::getContactData because there are more contact data points than specified maxContactDataCount = 8.
2026-09-10T01:36:58Z [31,876ms] [Warning] [omni.physx.tensors.plugin] Incomplete contact data is reported in GpuRigidContactView::getContactData because there are more contact data points than specified maxContactDataCount = 8.
2026-09-10T01:36:58Z [31,929ms] [Warning] [omni.physx.tensors.plugin] Incomplete contact data is reported in GpuRigidContactView::getContactData because there are more contact data points than specified maxContactDataCount = 8.
2026-09-10T01:36:58Z [31,933ms] [Warning] [omni.physx.tensors.plugin] Incomplete contact data is reported in GpuRigidContactView::getContactData because there are more contact data points than specified maxContactDataCount = 8.
2026-09-10T01:36:58Z [31,936ms] [Warning] [omni.physx.tensors.plugin] Incomplete contact data is reported in GpuRigidContactView::getContactData because there are more contact data points than specified maxContactDataCount = 8.
2026-09-10T01:36:58Z [31,990ms] [Warning] [omni.physx.tensors.plugin] Incomplete contact data is reported in GpuRigidContactView::getContactData because there are more contact data points than specified maxContactDataCount = 8.
2026-09-10T01:36:58Z [31,993ms] [Warning] [omni.physx.tensors.plugin] Incomplete contact data is reported in GpuRigidContactView::getContactData because there are more contact data points than specified maxContactDataCount = 8.
2026-09-10T01:36:58Z [31,997ms] [Warning] [omni.physx.tensors.plugin] Incomplete contact data is reported in GpuRigidContactView::getContactData because there are more contact data points than specified maxContactDataCount = 8.
2026-09-10T01:36:58Z [32,041ms] [Warning] [omni.physx.tensors.plugin] Incomplete contact data is reported in GpuRigidContactView::getContactData because there are more contact data points than specified maxContactDataCount = 8.
2026-09-10T01:36:58Z [32,045ms] [Warning] [omni.physx.tensors.plugin] Incomplete contact data is reported in GpuRigidContactView::getContactData because there are more contact data points than specified maxContactDataCount = 8.
2026-09-10T01:36:58Z [32,048ms] [Warning] [omni.physx.tensors.plugin] Incomplete contact data is reported in GpuRigidContactView::getContactData because there are more contact data points than specified maxContactDataCount = 8.
2026-09-10T01:36:58Z [32,097ms] [Warning] [omni.physx.tensors.plugin] Incomplete contact data is reported in GpuRigidContactView::getContactData because there are more contact data points than specified maxContactDataCount = 8.
2026-09-10T01:36:58Z [32,101ms] [Warning] [omni.physx.tensors.plugin] Incomplete contact data is reported in GpuRigidContactView::getContactData because there are more contact data points than specified maxContactDataCount = 8.
2026-09-10T01:36:58Z [32,105ms] [Warning] [omni.physx.tensors.plugin] Incomplete contact data is reported in GpuRigidContactView::getContactData because there are more contact data points than specified maxContactDataCount = 8.
2026-09-10T01:36:58Z [32,156ms] [Warning] [omni.physx.tensors.plugin] Incomplete contact data is reported in GpuRigidContactView::getContactData because there are more contact data points than specified maxContactDataCount = 8.
2026-09-10T01:36:58Z [32,160ms] [Warning] [omni.physx.tensors.plugin] Incomplete contact data is reported in GpuRigidContactView::getContactData because there are more contact data points than specified maxContactDataCount = 8.
2026-09-10T01:36:58Z [32,163ms] [Warning] [omni.physx.tensors.plugin] Incomplete contact data is reported in GpuRigidContactView::getContactData because there are more contact data points than specified maxContactDataCount = 8.
2026-09-10T01:36:58Z [32,213ms] [Warning] [omni.physx.tensors.plugin] Incomplete contact data is reported in GpuRigidContactView::getContactData because there are more contact data points than specified maxContactDataCount = 8.
2026-09-10T01:36:58Z [32,217ms] [Warning] [omni.physx.tensors.plugin] Incomplete contact data is reported in GpuRigidContactView::getContactData because there are more contact data points than specified maxContactDataCount = 8.
2026-09-10T01:36:58Z [32,220ms] [Warning] [omni.physx.tensors.plugin] Incomplete contact data is reported in GpuRigidContactView::getContactData because there are more contact data points than specified maxContactDataCount = 8.
2026-09-10T01:36:58Z [32,268ms] [Warning] [omni.physx.tensors.plugin] Incomplete contact data is reported in GpuRigidContactView::getContactData because there are more contact data points than specified maxContactDataCount = 8.
2026-09-10T01:36:58Z [32,272ms] [Warning] [omni.physx.tensors.plugin] Incomplete contact data is reported in GpuRigidContactView::getContactData because there are more contact data points than specified maxContactDataCount = 8.
2026-09-10T01:36:58Z [32,275ms] [Warning] [omni.physx.tensors.plugin] Incomplete contact data is reported in GpuRigidContactView::getContactData because there are more contact data points than specified maxContactDataCount = 8.
2026-09-10T01:36:58Z [32,325ms] [Warning] [omni.physx.tensors.plugin] Incomplete contact data is reported in GpuRigidContactView::getContactData because there are more contact data points than specified maxContactDataCount = 8.
2026-09-10T01:36:58Z [32,329ms] [Warning] [omni.physx.tensors.plugin] Incomplete contact data is reported in GpuRigidContactView::getContactData because there are more contact data points than specified maxContactDataCount = 8.
2026-09-10T01:36:58Z [32,333ms] [Warning] [omni.physx.tensors.plugin] Incomplete contact data is reported in GpuRigidContactView::getContactData because there are more contact data points than specified maxContactDataCount = 8.
2026-09-10T01:36:58Z [32,385ms] [Warning] [omni.physx.tensors.plugin] Incomplete contact data is reported in GpuRigidContactView::getContactData because there are more contact data points than specified maxContactDataCount = 8.
2026-09-10T01:36:58Z [32,389ms] [Warning] [omni.physx.tensors.plugin] Incomplete contact data is reported in GpuRigidContactView::getContactData because there are more contact data points than specified maxContactDataCount = 8.
2026-09-10T01:36:58Z [32,392ms] [Warning] [omni.physx.tensors.plugin] Incomplete contact data is reported in GpuRigidContactView::getContactData because there are more contact data points than specified maxContactDataCount = 8.
2026-09-10T01:36:58Z [32,452ms] [Warning] [omni.physx.tensors.plugin] Incomplete contact data is reported in GpuRigidContactView::getContactData because there are more contact data points than specified maxContactDataCount = 8.
2026-09-10T01:36:58Z [32,462ms] [Warning] [omni.physx.tensors.plugin] Incomplete contact data is reported in GpuRigidContactView::getContactData because there are more contact data points than specified maxContactDataCount = 8.
2026-09-10T01:36:58Z [32,473ms] [Warning] [omni.physx.tensors.plugin] Incomplete contact data is reported in GpuRigidContactView::getContactData because there are more contact data points than specified maxContactDataCount = 8.
2026-09-10T01:36:58Z [32,538ms] [Warning] [omni.physx.tensors.plugin] Incomplete contact data is reported in GpuRigidContactView::getContactData because there are more contact data points than specified maxContactDataCount = 8.
2026-09-10T01:36:58Z [32,548ms] [Warning] [omni.physx.tensors.plugin] Incomplete contact data is reported in GpuRigidContactView::getContactData because there are more contact data points than specified maxContactDataCount = 8.
2026-09-10T01:36:58Z [32,559ms] [Warning] [omni.physx.tensors.plugin] Incomplete contact data is reported in GpuRigidContactView::getContactData because there are more contact data points than specified maxContactDataCount = 8.
2026-09-10T01:36:58Z [32,622ms] [Warning] [omni.physx.tensors.plugin] Incomplete contact data is reported in GpuRigidContactView::getContactData because there are more contact data points than specified maxContactDataCount = 8.
2026-09-10T01:36:58Z [32,632ms] [Warning] [omni.physx.tensors.plugin] Incomplete contact data is reported in GpuRigidContactView::getContactData because there are more contact data points than specified maxContactDataCount = 8.
2026-09-10T01:36:58Z [32,643ms] [Warning] [omni.physx.tensors.plugin] Incomplete contact data is reported in GpuRigidContactView::getContactData because there are more contact data points than specified maxContactDataCount = 8.
2026-09-10T01:36:59Z [32,706ms] [Warning] [omni.physx.tensors.plugin] Incomplete contact data is reported in GpuRigidContactView::getContactData because there are more contact data points than specified maxContactDataCount = 8.
2026-09-10T01:36:59Z [32,716ms] [Warning] [omni.physx.tensors.plugin] Incomplete contact data is reported in GpuRigidContactView::getContactData because there are more contact data points than specified maxContactDataCount = 8.
2026-09-10T01:36:59Z [32,727ms] [Warning] [omni.physx.tensors.plugin] Incomplete contact data is reported in GpuRigidContactView::getContactData because there are more contact data points than specified maxContactDataCount = 8.
2026-09-10T01:36:59Z [32,793ms] [Warning] [omni.physx.tensors.plugin] Incomplete contact data is reported in GpuRigidContactView::getContactData because there are more contact data points than specified maxContactDataCount = 8.
2026-09-10T01:36:59Z [32,803ms] [Warning] [omni.physx.tensors.plugin] Incomplete contact data is reported in GpuRigidContactView::getContactData because there are more contact data points than specified maxContactDataCount = 8.
2026-09-10T01:36:59Z [32,813ms] [Warning] [omni.physx.tensors.plugin] Incomplete contact data is reported in GpuRigidContactView::getContactData because there are more contact data points than specified maxContactDataCount = 8.
2026-09-10T01:36:59Z [32,877ms] [Warning] [omni.physx.tensors.plugin] Incomplete contact data is reported in GpuRigidContactView::getContactData because there are more contact data points than specified maxContactDataCount = 8.
2026-09-10T01:36:59Z [32,887ms] [Warning] [omni.physx.tensors.plugin] Incomplete contact data is reported in GpuRigidContactView::getContactData because there are more contact data points than specified maxContactDataCount = 8.
2026-09-10T01:36:59Z [32,898ms] [Warning] [omni.physx.tensors.plugin] Incomplete contact data is reported in GpuRigidContactView::getContactData because there are more contact data points than specified maxContactDataCount = 8.
2026-09-10T01:36:59Z [32,961ms] [Warning] [omni.physx.tensors.plugin] Incomplete contact data is reported in GpuRigidContactView::getContactData because there are more contact data points than specified maxContactDataCount = 8.
2026-09-10T01:36:59Z [32,971ms] [Warning] [omni.physx.tensors.plugin] Incomplete contact data is reported in GpuRigidContactView::getContactData because there are more contact data points than specified maxContactDataCount = 8.
2026-09-10T01:36:59Z [32,982ms] [Warning] [omni.physx.tensors.plugin] Incomplete contact data is reported in GpuRigidContactView::getContactData because there are more contact data points than specified maxContactDataCount = 8.
2026-09-10T01:36:59Z [33,046ms] [Warning] [omni.physx.tensors.plugin] Incomplete contact data is reported in GpuRigidContactView::getContactData because there are more contact data points than specified maxContactDataCount = 8.
2026-09-10T01:36:59Z [33,056ms] [Warning] [omni.physx.tensors.plugin] Incomplete contact data is reported in GpuRigidContactView::getContactData because there are more contact data points than specified maxContactDataCount = 8.
2026-09-10T01:36:59Z [33,067ms] [Warning] [omni.physx.tensors.plugin] Incomplete contact data is reported in GpuRigidContactView::getContactData because there are more contact data points than specified maxContactDataCount = 8.
2026-09-10T01:36:59Z [33,132ms] [Warning] [omni.physx.tensors.plugin] Incomplete contact data is reported in GpuRigidContactView::getContactData because there are more contact data points than specified maxContactDataCount = 8.
2026-09-10T01:36:59Z [33,142ms] [Warning] [omni.physx.tensors.plugin] Incomplete contact data is reported in GpuRigidContactView::getContactData because there are more contact data points than specified maxContactDataCount = 8.
2026-09-10T01:36:59Z [33,153ms] [Warning] [omni.physx.tensors.plugin] Incomplete contact data is reported in GpuRigidContactView::getContactData because there are more contact data points than specified maxContactDataCount = 8.
2026-09-10T01:36:59Z [33,218ms] [Warning] [omni.physx.tensors.plugin] Incomplete contact data is reported in GpuRigidContactView::getContactData because there are more contact data points than specified maxContactDataCount = 8.
2026-09-10T01:36:59Z [33,228ms] [Warning] [omni.physx.tensors.plugin] Incomplete contact data is reported in GpuRigidContactView::getContactData because there are more contact data points than specified maxContactDataCount = 8.
2026-09-10T01:36:59Z [33,239ms] [Warning] [omni.physx.tensors.plugin] Incomplete contact data is reported in GpuRigidContactView::getContactData because there are more contact data points than specified maxContactDataCount = 8.
2026-09-10T01:36:59Z [33,302ms] [Warning] [omni.physx.tensors.plugin] Incomplete contact data is reported in GpuRigidContactView::getContactData because there are more contact data points than specified maxContactDataCount = 8.
2026-09-10T01:36:59Z [33,313ms] [Warning] [omni.physx.tensors.plugin] Incomplete contact data is reported in GpuRigidContactView::getContactData because there are more contact data points than specified maxContactDataCount = 8.
2026-09-10T01:36:59Z [33,324ms] [Warning] [omni.physx.tensors.plugin] Incomplete contact data is reported in GpuRigidContactView::getContactData because there are more contact data points than specified maxContactDataCount = 8.
2026-09-10T01:36:59Z [33,372ms] [Warning] [omni.physx.tensors.plugin] Incomplete contact data is reported in GpuRigidContactView::getContactData because there are more contact data points than specified maxContactDataCount = 8.
2026-09-10T01:36:59Z [33,376ms] [Warning] [omni.physx.tensors.plugin] Incomplete contact data is reported in GpuRigidContactView::getContactData because there are more contact data points than specified maxContactDataCount = 8.
2026-09-10T01:36:59Z [33,379ms] [Warning] [omni.physx.tensors.plugin] Incomplete contact data is reported in GpuRigidContactView::getContactData because there are more contact data points than specified maxContactDataCount = 8.
2026-09-10T01:36:59Z [33,431ms] [Warning] [omni.physx.tensors.plugin] Incomplete contact data is reported in GpuRigidContactView::getContactData because there are more contact data points than specified maxContactDataCount = 8.
2026-09-10T01:36:59Z [33,434ms] [Warning] [omni.physx.tensors.plugin] Incomplete contact data is reported in GpuRigidContactView::getContactData because there are more contact data points than specified maxContactDataCount = 8.
2026-09-10T01:36:59Z [33,437ms] [Warning] [omni.physx.tensors.plugin] Incomplete contact data is reported in GpuRigidContactView::getContactData because there are more contact data points than specified maxContactDataCount = 8.
2026-09-10T01:36:59Z [33,490ms] [Warning] [omni.physx.tensors.plugin] Incomplete contact data is reported in GpuRigidContactView::getContactData because there are more contact data points than specified maxContactDataCount = 8.
2026-09-10T01:36:59Z [33,493ms] [Warning] [omni.physx.tensors.plugin] Incomplete contact data is reported in GpuRigidContactView::getContactData because there are more contact data points than specified maxContactDataCount = 8.
2026-09-10T01:36:59Z [33,497ms] [Warning] [omni.physx.tensors.plugin] Incomplete contact data is reported in GpuRigidContactView::getContactData because there are more contact data points than specified maxContactDataCount = 8.
2026-09-10T01:36:59Z [33,545ms] [Warning] [omni.physx.tensors.plugin] Incomplete contact data is reported in GpuRigidContactView::getContactData because there are more contact data points than specified maxContactDataCount = 8.
2026-09-10T01:36:59Z [33,548ms] [Warning] [omni.physx.tensors.plugin] Incomplete contact data is reported in GpuRigidContactView::getContactData because there are more contact data points than specified maxContactDataCount = 8.
2026-09-10T01:36:59Z [33,551ms] [Warning] [omni.physx.tensors.plugin] Incomplete contact data is reported in GpuRigidContactView::getContactData because there are more contact data points than specified maxContactDataCount = 8.
2026-09-10T01:36:59Z [33,599ms] [Warning] [omni.physx.tensors.plugin] Incomplete contact data is reported in GpuRigidContactView::getContactData because there are more contact data points than specified maxContactDataCount = 8.
2026-09-10T01:36:59Z [33,602ms] [Warning] [omni.physx.tensors.plugin] Incomplete contact data is reported in GpuRigidContactView::getContactData because there are more contact data points than specified maxContactDataCount = 8.
2026-09-10T01:36:59Z [33,605ms] [Warning] [omni.physx.tensors.plugin] Incomplete contact data is reported in GpuRigidContactView::getContactData because there are more contact data points than specified maxContactDataCount = 8.
2026-09-10T01:36:59Z [33,656ms] [Warning] [omni.physx.tensors.plugin] Incomplete contact data is reported in GpuRigidContactView::getContactData because there are more contact data points than specified maxContactDataCount = 8.
2026-09-10T01:36:59Z [33,659ms] [Warning] [omni.physx.tensors.plugin] Incomplete contact data is reported in GpuRigidContactView::getContactData because there are more contact data points than specified maxContactDataCount = 8.
2026-09-10T01:36:59Z [33,662ms] [Warning] [omni.physx.tensors.plugin] Incomplete contact data is reported in GpuRigidContactView::getContactData because there are more contact data points than specified maxContactDataCount = 8.
2026-09-10T01:37:00Z [33,707ms] [Warning] [omni.physx.tensors.plugin] Incomplete contact data is reported in GpuRigidContactView::getContactData because there are more contact data points than specified maxContactDataCount = 8.
2026-09-10T01:37:00Z [33,711ms] [Warning] [omni.physx.tensors.plugin] Incomplete contact data is reported in GpuRigidContactView::getContactData because there are more contact data points than specified maxContactDataCount = 8.
2026-09-10T01:37:00Z [33,714ms] [Warning] [omni.physx.tensors.plugin] Incomplete contact data is reported in GpuRigidContactView::getContactData because there are more contact data points than specified maxContactDataCount = 8.
2026-09-10T01:37:00Z [33,767ms] [Warning] [omni.physx.tensors.plugin] Incomplete contact data is reported in GpuRigidContactView::getContactData because there are more contact data points than specified maxContactDataCount = 8.
2026-09-10T01:37:00Z [33,777ms] [Warning] [omni.physx.tensors.plugin] Incomplete contact data is reported in GpuRigidContactView::getContactData because there are more contact data points than specified maxContactDataCount = 8.
2026-09-10T01:37:00Z [33,788ms] [Warning] [omni.physx.tensors.plugin] Incomplete contact data is reported in GpuRigidContactView::getContactData because there are more contact data points than specified maxContactDataCount = 8.
2026-09-10T01:37:00Z [33,851ms] [Warning] [omni.physx.tensors.plugin] Incomplete contact data is reported in GpuRigidContactView::getContactData because there are more contact data points than specified maxContactDataCount = 8.
2026-09-10T01:37:00Z [33,860ms] [Warning] [omni.physx.tensors.plugin] Incomplete contact data is reported in GpuRigidContactView::getContactData because there are more contact data points than specified maxContactDataCount = 8.
2026-09-10T01:37:00Z [33,871ms] [Warning] [omni.physx.tensors.plugin] Incomplete contact data is reported in GpuRigidContactView::getContactData because there are more contact data points than specified maxContactDataCount = 8.
2026-09-10T01:37:00Z [33,937ms] [Warning] [omni.physx.tensors.plugin] Incomplete contact data is reported in GpuRigidContactView::getContactData because there are more contact data points than specified maxContactDataCount = 8.
2026-09-10T01:37:00Z [33,947ms] [Warning] [omni.physx.tensors.plugin] Incomplete contact data is reported in GpuRigidContactView::getContactData because there are more contact data points than specified maxContactDataCount = 8.
2026-09-10T01:37:00Z [33,958ms] [Warning] [omni.physx.tensors.plugin] Incomplete contact data is reported in GpuRigidContactView::getContactData because there are more contact data points than specified maxContactDataCount = 8.
2026-09-10T01:37:00Z [34,022ms] [Warning] [omni.physx.tensors.plugin] Incomplete contact data is reported in GpuRigidContactView::getContactData because there are more contact data points than specified maxContactDataCount = 8.
2026-09-10T01:37:00Z [34,032ms] [Warning] [omni.physx.tensors.plugin] Incomplete contact data is reported in GpuRigidContactView::getContactData because there are more contact data points than specified maxContactDataCount = 8.
2026-09-10T01:37:00Z [34,043ms] [Warning] [omni.physx.tensors.plugin] Incomplete contact data is reported in GpuRigidContactView::getContactData because there are more contact data points than specified maxContactDataCount = 8.
2026-09-10T01:37:00Z [34,106ms] [Warning] [omni.physx.tensors.plugin] Incomplete contact data is reported in GpuRigidContactView::getContactData because there are more contact data points than specified maxContactDataCount = 8.
2026-09-10T01:37:00Z [34,116ms] [Warning] [omni.physx.tensors.plugin] Incomplete contact data is reported in GpuRigidContactView::getContactData because there are more contact data points than specified maxContactDataCount = 8.
2026-09-10T01:37:00Z [34,127ms] [Warning] [omni.physx.tensors.plugin] Incomplete contact data is reported in GpuRigidContactView::getContactData because there are more contact data points than specified maxContactDataCount = 8.
2026-09-10T01:37:00Z [34,188ms] [Warning] [omni.physx.tensors.plugin] Incomplete contact data is reported in GpuRigidContactView::getContactData because there are more contact data points than specified maxContactDataCount = 8.
2026-09-10T01:37:00Z [34,198ms] [Warning] [omni.physx.tensors.plugin] Incomplete contact data is reported in GpuRigidContactView::getContactData because there are more contact data points than specified maxContactDataCount = 8.
2026-09-10T01:37:00Z [34,209ms] [Warning] [omni.physx.tensors.plugin] Incomplete contact data is reported in GpuRigidContactView::getContactData because there are more contact data points than specified maxContactDataCount = 8.
2026-09-10T01:37:00Z [34,268ms] [Warning] [omni.physx.tensors.plugin] Incomplete contact data is reported in GpuRigidContactView::getContactData because there are more contact data points than specified maxContactDataCount = 8.
2026-09-10T01:37:00Z [34,279ms] [Warning] [omni.physx.tensors.plugin] Incomplete contact data is reported in GpuRigidContactView::getContactData because there are more contact data points than specified maxContactDataCount = 8.
2026-09-10T01:37:00Z [34,290ms] [Warning] [omni.physx.tensors.plugin] Incomplete contact data is reported in GpuRigidContactView::getContactData because there are more contact data points than specified maxContactDataCount = 8.
2026-09-10T01:37:00Z [34,338ms] [Warning] [omni.physx.tensors.plugin] Incomplete contact data is reported in GpuRigidContactView::getContactData because there are more contact data points than specified maxContactDataCount = 8.
2026-09-10T01:37:00Z [34,342ms] [Warning] [omni.physx.tensors.plugin] Incomplete contact data is reported in GpuRigidContactView::getContactData because there are more contact data points than specified maxContactDataCount = 8.
2026-09-10T01:37:00Z [34,345ms] [Warning] [omni.physx.tensors.plugin] Incomplete contact data is reported in GpuRigidContactView::getContactData because there are more contact data points than specified maxContactDataCount = 8.
2026-09-10T01:37:00Z [34,396ms] [Warning] [omni.physx.tensors.plugin] Incomplete contact data is reported in GpuRigidContactView::getContactData because there are more contact data points than specified maxContactDataCount = 8.
2026-09-10T01:37:00Z [34,400ms] [Warning] [omni.physx.tensors.plugin] Incomplete contact data is reported in GpuRigidContactView::getContactData because there are more contact data points than specified maxContactDataCount = 8.
2026-09-10T01:37:00Z [34,403ms] [Warning] [omni.physx.tensors.plugin] Incomplete contact data is reported in GpuRigidContactView::getContactData because there are more contact data points than specified maxContactDataCount = 8.
2026-09-10T01:37:00Z [34,453ms] [Warning] [omni.physx.tensors.plugin] Incomplete contact data is reported in GpuRigidContactView::getContactData because there are more contact data points than specified maxContactDataCount = 8.
2026-09-10T01:37:00Z [34,456ms] [Warning] [omni.physx.tensors.plugin] Incomplete contact data is reported in GpuRigidContactView::getContactData because there are more contact data points than specified maxContactDataCount = 8.
2026-09-10T01:37:00Z [34,460ms] [Warning] [omni.physx.tensors.plugin] Incomplete contact data is reported in GpuRigidContactView::getContactData because there are more contact data points than specified maxContactDataCount = 8.
2026-09-10T01:37:00Z [34,512ms] [Warning] [omni.physx.tensors.plugin] Incomplete contact data is reported in GpuRigidContactView::getContactData because there are more contact data points than specified maxContactDataCount = 8.
2026-09-10T01:37:00Z [34,515ms] [Warning] [omni.physx.tensors.plugin] Incomplete contact data is reported in GpuRigidContactView::getContactData because there are more contact data points than specified maxContactDataCount = 8.
2026-09-10T01:37:00Z [34,519ms] [Warning] [omni.physx.tensors.plugin] Incomplete contact data is reported in GpuRigidContactView::getContactData because there are more contact data points than specified maxContactDataCount = 8.
2026-09-10T01:37:00Z [34,566ms] [Warning] [omni.physx.tensors.plugin] Incomplete contact data is reported in GpuRigidContactView::getContactData because there are more contact data points than specified maxContactDataCount = 8.
2026-09-10T01:37:00Z [34,570ms] [Warning] [omni.physx.tensors.plugin] Incomplete contact data is reported in GpuRigidContactView::getContactData because there are more contact data points than specified maxContactDataCount = 8.
2026-09-10T01:37:00Z [34,573ms] [Warning] [omni.physx.tensors.plugin] Incomplete contact data is reported in GpuRigidContactView::getContactData because there are more contact data points than specified maxContactDataCount = 8.
2026-09-10T01:37:00Z [34,620ms] [Warning] [omni.physx.tensors.plugin] Incomplete contact data is reported in GpuRigidContactView::getContactData because there are more contact data points than specified maxContactDataCount = 8.
2026-09-10T01:37:00Z [34,624ms] [Warning] [omni.physx.tensors.plugin] Incomplete contact data is reported in GpuRigidContactView::getContactData because there are more contact data points than specified maxContactDataCount = 8.
2026-09-10T01:37:00Z [34,627ms] [Warning] [omni.physx.tensors.plugin] Incomplete contact data is reported in GpuRigidContactView::getContactData because there are more contact data points than specified maxContactDataCount = 8.
2026-09-10T01:37:00Z [34,676ms] [Warning] [omni.physx.tensors.plugin] Incomplete contact data is reported in GpuRigidContactView::getContactData because there are more contact data points than specified maxContactDataCount = 8.
2026-09-10T01:37:00Z [34,679ms] [Warning] [omni.physx.tensors.plugin] Incomplete contact data is reported in GpuRigidContactView::getContactData because there are more contact data points than specified maxContactDataCount = 8.
2026-09-10T01:37:01Z [34,683ms] [Warning] [omni.physx.tensors.plugin] Incomplete contact data is reported in GpuRigidContactView::getContactData because there are more contact data points than specified maxContactDataCount = 8.
2026-09-10T01:37:01Z [34,728ms] [Warning] [omni.physx.tensors.plugin] Incomplete contact data is reported in GpuRigidContactView::getContactData because there are more contact data points than specified maxContactDataCount = 8.
2026-09-10T01:37:01Z [34,732ms] [Warning] [omni.physx.tensors.plugin] Incomplete contact data is reported in GpuRigidContactView::getContactData because there are more contact data points than specified maxContactDataCount = 8.
2026-09-10T01:37:01Z [34,735ms] [Warning] [omni.physx.tensors.plugin] Incomplete contact data is reported in GpuRigidContactView::getContactData because there are more contact data points than specified maxContactDataCount = 8.
2026-09-10T01:37:01Z [34,780ms] [Warning] [omni.physx.tensors.plugin] Incomplete contact data is reported in GpuRigidContactView::getContactData because there are more contact data points than specified maxContactDataCount = 8.
2026-09-10T01:37:01Z [34,784ms] [Warning] [omni.physx.tensors.plugin] Incomplete contact data is reported in GpuRigidContactView::getContactData because there are more contact data points than specified maxContactDataCount = 8.
2026-09-10T01:37:01Z [34,787ms] [Warning] [omni.physx.tensors.plugin] Incomplete contact data is reported in GpuRigidContactView::getContactData because there are more contact data points than specified maxContactDataCount = 8.
2026-09-10T01:37:01Z [34,830ms] [Warning] [omni.physx.tensors.plugin] Incomplete contact data is reported in GpuRigidContactView::getContactData because there are more contact data points than specified maxContactDataCount = 8.
2026-09-10T01:37:01Z [34,833ms] [Warning] [omni.physx.tensors.plugin] Incomplete contact data is reported in GpuRigidContactView::getContactData because there are more contact data points than specified maxContactDataCount = 8.
2026-09-10T01:37:01Z [34,836ms] [Warning] [omni.physx.tensors.plugin] Incomplete contact data is reported in GpuRigidContactView::getContactData because there are more contact data points than specified maxContactDataCount = 8.
2026-09-10T01:37:01Z [34,885ms] [Warning] [omni.physx.tensors.plugin] Incomplete contact data is reported in GpuRigidContactView::getContactData because there are more contact data points than specified maxContactDataCount = 8.
2026-09-10T01:37:01Z [34,888ms] [Warning] [omni.physx.tensors.plugin] Incomplete contact data is reported in GpuRigidContactView::getContactData because there are more contact data points than specified maxContactDataCount = 8.
2026-09-10T01:37:01Z [34,892ms] [Warning] [omni.physx.tensors.plugin] Incomplete contact data is reported in GpuRigidContactView::getContactData because there are more contact data points than specified maxContactDataCount = 8.
2026-09-10T01:37:01Z [34,941ms] [Warning] [omni.physx.tensors.plugin] Incomplete contact data is reported in GpuRigidContactView::getContactData because there are more contact data points than specified maxContactDataCount = 8.
2026-09-10T01:37:01Z [34,945ms] [Warning] [omni.physx.tensors.plugin] Incomplete contact data is reported in GpuRigidContactView::getContactData because there are more contact data points than specified maxContactDataCount = 8.
2026-09-10T01:37:01Z [34,948ms] [Warning] [omni.physx.tensors.plugin] Incomplete contact data is reported in GpuRigidContactView::getContactData because there are more contact data points than specified maxContactDataCount = 8.
2026-09-10T01:37:01Z [34,997ms] [Warning] [omni.physx.tensors.plugin] Incomplete contact data is reported in GpuRigidContactView::getContactData because there are more contact data points than specified maxContactDataCount = 8.
2026-09-10T01:37:01Z [35,000ms] [Warning] [omni.physx.tensors.plugin] Incomplete contact data is reported in GpuRigidContactView::getContactData because there are more contact data points than specified maxContactDataCount = 8.
2026-09-10T01:37:01Z [35,003ms] [Warning] [omni.physx.tensors.plugin] Incomplete contact data is reported in GpuRigidContactView::getContactData because there are more contact data points than specified maxContactDataCount = 8.
2026-09-10T01:37:01Z [35,053ms] [Warning] [omni.physx.tensors.plugin] Incomplete contact data is reported in GpuRigidContactView::getContactData because there are more contact data points than specified maxContactDataCount = 8.
2026-09-10T01:37:01Z [35,056ms] [Warning] [omni.physx.tensors.plugin] Incomplete contact data is reported in GpuRigidContactView::getContactData because there are more contact data points than specified maxContactDataCount = 8.
2026-09-10T01:37:01Z [35,060ms] [Warning] [omni.physx.tensors.plugin] Incomplete contact data is reported in GpuRigidContactView::getContactData because there are more contact data points than specified maxContactDataCount = 8.
2026-09-10T01:37:01Z [35,104ms] [Warning] [omni.physx.tensors.plugin] Incomplete contact data is reported in GpuRigidContactView::getContactData because there are more contact data points than specified maxContactDataCount = 8.
2026-09-10T01:37:01Z [35,107ms] [Warning] [omni.physx.tensors.plugin] Incomplete contact data is reported in GpuRigidContactView::getContactData because there are more contact data points than specified maxContactDataCount = 8.
2026-09-10T01:37:01Z [35,110ms] [Warning] [omni.physx.tensors.plugin] Incomplete contact data is reported in GpuRigidContactView::getContactData because there are more contact data points than specified maxContactDataCount = 8.
2026-09-10T01:37:01Z [35,152ms] [Warning] [omni.physx.tensors.plugin] Incomplete contact data is reported in GpuRigidContactView::getContactData because there are more contact data points than specified maxContactDataCount = 8.
2026-09-10T01:37:01Z [35,156ms] [Warning] [omni.physx.tensors.plugin] Incomplete contact data is reported in GpuRigidContactView::getContactData because there are more contact data points than specified maxContactDataCount = 8.
2026-09-10T01:37:01Z [35,159ms] [Warning] [omni.physx.tensors.plugin] Incomplete contact data is reported in GpuRigidContactView::getContactData because there are more contact data points than specified maxContactDataCount = 8.
2026-09-10T01:37:01Z [35,204ms] [Warning] [omni.physx.tensors.plugin] Incomplete contact data is reported in GpuRigidContactView::getContactData because there are more contact data points than specified maxContactDataCount = 8.
2026-09-10T01:37:01Z [35,207ms] [Warning] [omni.physx.tensors.plugin] Incomplete contact data is reported in GpuRigidContactView::getContactData because there are more contact data points than specified maxContactDataCount = 8.
2026-09-10T01:37:01Z [35,211ms] [Warning] [omni.physx.tensors.plugin] Incomplete contact data is reported in GpuRigidContactView::getContactData because there are more contact data points than specified maxContactDataCount = 8.
2026-09-10T01:37:01Z [35,259ms] [Warning] [omni.physx.tensors.plugin] Incomplete contact data is reported in GpuRigidContactView::getContactData because there are more contact data points than specified maxContactDataCount = 8.
2026-09-10T01:37:01Z [35,263ms] [Warning] [omni.physx.tensors.plugin] Incomplete contact data is reported in GpuRigidContactView::getContactData because there are more contact data points than specified maxContactDataCount = 8.
2026-09-10T01:37:01Z [35,267ms] [Warning] [omni.physx.tensors.plugin] Incomplete contact data is reported in GpuRigidContactView::getContactData because there are more contact data points than specified maxContactDataCount = 8.
2026-09-10T01:37:01Z [35,316ms] [Warning] [omni.physx.tensors.plugin] Incomplete contact data is reported in GpuRigidContactView::getContactData because there are more contact data points than specified maxContactDataCount = 8.
2026-09-10T01:37:01Z [35,319ms] [Warning] [omni.physx.tensors.plugin] Incomplete contact data is reported in GpuRigidContactView::getContactData because there are more contact data points than specified maxContactDataCount = 8.
2026-09-10T01:37:01Z [35,323ms] [Warning] [omni.physx.tensors.plugin] Incomplete contact data is reported in GpuRigidContactView::getContactData because there are more contact data points than specified maxContactDataCount = 8.
2026-09-10T01:37:01Z [35,370ms] [Warning] [omni.physx.tensors.plugin] Incomplete contact data is reported in GpuRigidContactView::getContactData because there are more contact data points than specified maxContactDataCount = 8.
2026-09-10T01:37:01Z [35,374ms] [Warning] [omni.physx.tensors.plugin] Incomplete contact data is reported in GpuRigidContactView::getContactData because there are more contact data points than specified maxContactDataCount = 8.
2026-09-10T01:37:01Z [35,378ms] [Warning] [omni.physx.tensors.plugin] Incomplete contact data is reported in GpuRigidContactView::getContactData because there are more contact data points than specified maxContactDataCount = 8.
2026-09-10T01:37:01Z [35,428ms] [Warning] [omni.physx.tensors.plugin] Incomplete contact data is reported in GpuRigidContactView::getContactData because there are more contact data points than specified maxContactDataCount = 8.
2026-09-10T01:37:01Z [35,431ms] [Warning] [omni.physx.tensors.plugin] Incomplete contact data is reported in GpuRigidContactView::getContactData because there are more contact data points than specified maxContactDataCount = 8.
2026-09-10T01:37:01Z [35,435ms] [Warning] [omni.physx.tensors.plugin] Incomplete contact data is reported in GpuRigidContactView::getContactData because there are more contact data points than specified maxContactDataCount = 8.
2026-09-10T01:37:01Z [35,481ms] [Warning] [omni.physx.tensors.plugin] Incomplete contact data is reported in GpuRigidContactView::getContactData because there are more contact data points than specified maxContactDataCount = 8.
2026-09-10T01:37:01Z [35,485ms] [Warning] [omni.physx.tensors.plugin] Incomplete contact data is reported in GpuRigidContactView::getContactData because there are more contact data points than specified maxContactDataCount = 8.
2026-09-10T01:37:01Z [35,488ms] [Warning] [omni.physx.tensors.plugin] Incomplete contact data is reported in GpuRigidContactView::getContactData because there are more contact data points than specified maxContactDataCount = 8.
2026-09-10T01:37:01Z [35,533ms] [Warning] [omni.physx.tensors.plugin] Incomplete contact data is reported in GpuRigidContactView::getContactData because there are more contact data points than specified maxContactDataCount = 8.
2026-09-10T01:37:01Z [35,537ms] [Warning] [omni.physx.tensors.plugin] Incomplete contact data is reported in GpuRigidContactView::getContactData because there are more contact data points than specified maxContactDataCount = 8.
2026-09-10T01:37:01Z [35,540ms] [Warning] [omni.physx.tensors.plugin] Incomplete contact data is reported in GpuRigidContactView::getContactData because there are more contact data points than specified maxContactDataCount = 8.
2026-09-10T01:37:01Z [35,585ms] [Warning] [omni.physx.tensors.plugin] Incomplete contact data is reported in GpuRigidContactView::getContactData because there are more contact data points than specified maxContactDataCount = 8.
2026-09-10T01:37:01Z [35,589ms] [Warning] [omni.physx.tensors.plugin] Incomplete contact data is reported in GpuRigidContactView::getContactData because there are more contact data points than specified maxContactDataCount = 8.
2026-09-10T01:37:01Z [35,592ms] [Warning] [omni.physx.tensors.plugin] Incomplete contact data is reported in GpuRigidContactView::getContactData because there are more contact data points than specified maxContactDataCount = 8.
2026-09-10T01:37:01Z [35,638ms] [Warning] [omni.physx.tensors.plugin] Incomplete contact data is reported in GpuRigidContactView::getContactData because there are more contact data points than specified maxContactDataCount = 8.
2026-09-10T01:37:01Z [35,642ms] [Warning] [omni.physx.tensors.plugin] Incomplete contact data is reported in GpuRigidContactView::getContactData because there are more contact data points than specified maxContactDataCount = 8.
2026-09-10T01:37:01Z [35,645ms] [Warning] [omni.physx.tensors.plugin] Incomplete contact data is reported in GpuRigidContactView::getContactData because there are more contact data points than specified maxContactDataCount = 8.
2026-09-10T01:37:02Z [35,691ms] [Warning] [omni.physx.tensors.plugin] Incomplete contact data is reported in GpuRigidContactView::getContactData because there are more contact data points than specified maxContactDataCount = 8.
2026-09-10T01:37:02Z [35,694ms] [Warning] [omni.physx.tensors.plugin] Incomplete contact data is reported in GpuRigidContactView::getContactData because there are more contact data points than specified maxContactDataCount = 8.
2026-09-10T01:37:02Z [35,698ms] [Warning] [omni.physx.tensors.plugin] Incomplete contact data is reported in GpuRigidContactView::getContactData because there are more contact data points than specified maxContactDataCount = 8.
2026-09-10T01:37:02Z [35,742ms] [Warning] [omni.physx.tensors.plugin] Incomplete contact data is reported in GpuRigidContactView::getContactData because there are more contact data points than specified maxContactDataCount = 8.
2026-09-10T01:37:02Z [35,746ms] [Warning] [omni.physx.tensors.plugin] Incomplete contact data is reported in GpuRigidContactView::getContactData because there are more contact data points than specified maxContactDataCount = 8.
2026-09-10T01:37:02Z [35,749ms] [Warning] [omni.physx.tensors.plugin] Incomplete contact data is reported in GpuRigidContactView::getContactData because there are more contact data points than specified maxContactDataCount = 8.
2026-09-10T01:37:02Z [35,794ms] [Warning] [omni.physx.tensors.plugin] Incomplete contact data is reported in GpuRigidContactView::getContactData because there are more contact data points than specified maxContactDataCount = 8.
2026-09-10T01:37:02Z [35,797ms] [Warning] [omni.physx.tensors.plugin] Incomplete contact data is reported in GpuRigidContactView::getContactData because there are more contact data points than specified maxContactDataCount = 8.
2026-09-10T01:37:02Z [35,801ms] [Warning] [omni.physx.tensors.plugin] Incomplete contact data is reported in GpuRigidContactView::getContactData because there are more contact data points than specified maxContactDataCount = 8.
2026-09-10T01:37:02Z [35,847ms] [Warning] [omni.physx.tensors.plugin] Incomplete contact data is reported in GpuRigidContactView::getContactData because there are more contact data points than specified maxContactDataCount = 8.
2026-09-10T01:37:02Z [35,851ms] [Warning] [omni.physx.tensors.plugin] Incomplete contact data is reported in GpuRigidContactView::getContactData because there are more contact data points than specified maxContactDataCount = 8.
2026-09-10T01:37:02Z [35,854ms] [Warning] [omni.physx.tensors.plugin] Incomplete contact data is reported in GpuRigidContactView::getContactData because there are more contact data points than specified maxContactDataCount = 8.
2026-09-10T01:37:02Z [35,899ms] [Warning] [omni.physx.tensors.plugin] Incomplete contact data is reported in GpuRigidContactView::getContactData because there are more contact data points than specified maxContactDataCount = 8.
2026-09-10T01:37:02Z [35,902ms] [Warning] [omni.physx.tensors.plugin] Incomplete contact data is reported in GpuRigidContactView::getContactData because there are more contact data points than specified maxContactDataCount = 8.
2026-09-10T01:37:02Z [35,906ms] [Warning] [omni.physx.tensors.plugin] Incomplete contact data is reported in GpuRigidContactView::getContactData because there are more contact data points than specified maxContactDataCount = 8.
2026-09-10T01:37:02Z [35,955ms] [Warning] [omni.physx.tensors.plugin] Incomplete contact data is reported in GpuRigidContactView::getContactData because there are more contact data points than specified maxContactDataCount = 8.
2026-09-10T01:37:02Z [35,958ms] [Warning] [omni.physx.tensors.plugin] Incomplete contact data is reported in GpuRigidContactView::getContactData because there are more contact data points than specified maxContactDataCount = 8.
2026-09-10T01:37:02Z [35,962ms] [Warning] [omni.physx.tensors.plugin] Incomplete contact data is reported in GpuRigidContactView::getContactData because there are more contact data points than specified maxContactDataCount = 8.
2026-09-10T01:37:02Z [36,005ms] [Warning] [omni.physx.tensors.plugin] Incomplete contact data is reported in GpuRigidContactView::getContactData because there are more contact data points than specified maxContactDataCount = 8.
2026-09-10T01:37:02Z [36,009ms] [Warning] [omni.physx.tensors.plugin] Incomplete contact data is reported in GpuRigidContactView::getContactData because there are more contact data points than specified maxContactDataCount = 8.
2026-09-10T01:37:02Z [36,012ms] [Warning] [omni.physx.tensors.plugin] Incomplete contact data is reported in GpuRigidContactView::getContactData because there are more contact data points than specified maxContactDataCount = 8.
2026-09-10T01:37:02Z [36,056ms] [Warning] [omni.physx.tensors.plugin] Incomplete contact data is reported in GpuRigidContactView::getContactData because there are more contact data points than specified maxContactDataCount = 8.
2026-09-10T01:37:02Z [36,060ms] [Warning] [omni.physx.tensors.plugin] Incomplete contact data is reported in GpuRigidContactView::getContactData because there are more contact data points than specified maxContactDataCount = 8.
2026-09-10T01:37:02Z [36,063ms] [Warning] [omni.physx.tensors.plugin] Incomplete contact data is reported in GpuRigidContactView::getContactData because there are more contact data points than specified maxContactDataCount = 8.
2026-09-10T01:37:02Z [36,109ms] [Warning] [omni.physx.tensors.plugin] Incomplete contact data is reported in GpuRigidContactView::getContactData because there are more contact data points than specified maxContactDataCount = 8.
2026-09-10T01:37:02Z [36,113ms] [Warning] [omni.physx.tensors.plugin] Incomplete contact data is reported in GpuRigidContactView::getContactData because there are more contact data points than specified maxContactDataCount = 8.
2026-09-10T01:37:02Z [36,116ms] [Warning] [omni.physx.tensors.plugin] Incomplete contact data is reported in GpuRigidContactView::getContactData because there are more contact data points than specified maxContactDataCount = 8.
2026-09-10T01:37:02Z [36,161ms] [Warning] [omni.physx.tensors.plugin] Incomplete contact data is reported in GpuRigidContactView::getContactData because there are more contact data points than specified maxContactDataCount = 8.
2026-09-10T01:37:02Z [36,165ms] [Warning] [omni.physx.tensors.plugin] Incomplete contact data is reported in GpuRigidContactView::getContactData because there are more contact data points than specified maxContactDataCount = 8.
2026-09-10T01:37:02Z [36,168ms] [Warning] [omni.physx.tensors.plugin] Incomplete contact data is reported in GpuRigidContactView::getContactData because there are more contact data points than specified maxContactDataCount = 8.
2026-09-10T01:37:02Z [36,214ms] [Warning] [omni.physx.tensors.plugin] Incomplete contact data is reported in GpuRigidContactView::getContactData because there are more contact data points than specified maxContactDataCount = 8.
2026-09-10T01:37:02Z [36,217ms] [Warning] [omni.physx.tensors.plugin] Incomplete contact data is reported in GpuRigidContactView::getContactData because there are more contact data points than specified maxContactDataCount = 8.
2026-09-10T01:37:02Z [36,221ms] [Warning] [omni.physx.tensors.plugin] Incomplete contact data is reported in GpuRigidContactView::getContactData because there are more contact data points than specified maxContactDataCount = 8.
2026-09-10T01:37:02Z [36,264ms] [Warning] [omni.physx.tensors.plugin] Incomplete contact data is reported in GpuRigidContactView::getContactData because there are more contact data points than specified maxContactDataCount = 8.
2026-09-10T01:37:02Z [36,268ms] [Warning] [omni.physx.tensors.plugin] Incomplete contact data is reported in GpuRigidContactView::getContactData because there are more contact data points than specified maxContactDataCount = 8.
2026-09-10T01:37:02Z [36,272ms] [Warning] [omni.physx.tensors.plugin] Incomplete contact data is reported in GpuRigidContactView::getContactData because there are more contact data points than specified maxContactDataCount = 8.
2026-09-10T01:37:02Z [36,321ms] [Warning] [omni.physx.tensors.plugin] Incomplete contact data is reported in GpuRigidContactView::getContactData because there are more contact data points than specified maxContactDataCount = 8.
2026-09-10T01:37:02Z [36,325ms] [Warning] [omni.physx.tensors.plugin] Incomplete contact data is reported in GpuRigidContactView::getContactData because there are more contact data points than specified maxContactDataCount = 8.
2026-09-10T01:37:02Z [36,328ms] [Warning] [omni.physx.tensors.plugin] Incomplete contact data is reported in GpuRigidContactView::getContactData because there are more contact data points than specified maxContactDataCount = 8.
2026-09-10T01:37:02Z [36,373ms] [Warning] [omni.physx.tensors.plugin] Incomplete contact data is reported in GpuRigidContactView::getContactData because there are more contact data points than specified maxContactDataCount = 8.
2026-09-10T01:37:02Z [36,377ms] [Warning] [omni.physx.tensors.plugin] Incomplete contact data is reported in GpuRigidContactView::getContactData because there are more contact data points than specified maxContactDataCount = 8.
2026-09-10T01:37:02Z [36,380ms] [Warning] [omni.physx.tensors.plugin] Incomplete contact data is reported in GpuRigidContactView::getContactData because there are more contact data points than specified maxContactDataCount = 8.
2026-09-10T01:37:02Z [36,425ms] [Warning] [omni.physx.tensors.plugin] Incomplete contact data is reported in GpuRigidContactView::getContactData because there are more contact data points than specified maxContactDataCount = 8.
2026-09-10T01:37:02Z [36,429ms] [Warning] [omni.physx.tensors.plugin] Incomplete contact data is reported in GpuRigidContactView::getContactData because there are more contact data points than specified maxContactDataCount = 8.
2026-09-10T01:37:02Z [36,432ms] [Warning] [omni.physx.tensors.plugin] Incomplete contact data is reported in GpuRigidContactView::getContactData because there are more contact data points than specified maxContactDataCount = 8.
2026-09-10T01:37:02Z [36,479ms] [Warning] [omni.physx.tensors.plugin] Incomplete contact data is reported in GpuRigidContactView::getContactData because there are more contact data points than specified maxContactDataCount = 8.
2026-09-10T01:37:02Z [36,482ms] [Warning] [omni.physx.tensors.plugin] Incomplete contact data is reported in GpuRigidContactView::getContactData because there are more contact data points than specified maxContactDataCount = 8.
2026-09-10T01:37:02Z [36,485ms] [Warning] [omni.physx.tensors.plugin] Incomplete contact data is reported in GpuRigidContactView::getContactData because there are more contact data points than specified maxContactDataCount = 8.
2026-09-10T01:37:02Z [36,531ms] [Warning] [omni.physx.tensors.plugin] Incomplete contact data is reported in GpuRigidContactView::getContactData because there are more contact data points than specified maxContactDataCount = 8.
2026-09-10T01:37:02Z [36,535ms] [Warning] [omni.physx.tensors.plugin] Incomplete contact data is reported in GpuRigidContactView::getContactData because there are more contact data points than specified maxContactDataCount = 8.
2026-09-10T01:37:02Z [36,538ms] [Warning] [omni.physx.tensors.plugin] Incomplete contact data is reported in GpuRigidContactView::getContactData because there are more contact data points than specified maxContactDataCount = 8.
2026-09-10T01:37:02Z [36,586ms] [Warning] [omni.physx.tensors.plugin] Incomplete contact data is reported in GpuRigidContactView::getContactData because there are more contact data points than specified maxContactDataCount = 8.
2026-09-10T01:37:02Z [36,589ms] [Warning] [omni.physx.tensors.plugin] Incomplete contact data is reported in GpuRigidContactView::getContactData because there are more contact data points than specified maxContactDataCount = 8.
2026-09-10T01:37:02Z [36,593ms] [Warning] [omni.physx.tensors.plugin] Incomplete contact data is reported in GpuRigidContactView::getContactData because there are more contact data points than specified maxContactDataCount = 8.
2026-09-10T01:37:02Z [36,639ms] [Warning] [omni.physx.tensors.plugin] Incomplete contact data is reported in GpuRigidContactView::getContactData because there are more contact data points than specified maxContactDataCount = 8.
2026-09-10T01:37:02Z [36,642ms] [Warning] [omni.physx.tensors.plugin] Incomplete contact data is reported in GpuRigidContactView::getContactData because there are more contact data points than specified maxContactDataCount = 8.
2026-09-10T01:37:02Z [36,646ms] [Warning] [omni.physx.tensors.plugin] Incomplete contact data is reported in GpuRigidContactView::getContactData because there are more contact data points than specified maxContactDataCount = 8.
2026-09-10T01:37:03Z [36,694ms] [Warning] [omni.physx.tensors.plugin] Incomplete contact data is reported in GpuRigidContactView::getContactData because there are more contact data points than specified maxContactDataCount = 8.
2026-09-10T01:37:03Z [36,698ms] [Warning] [omni.physx.tensors.plugin] Incomplete contact data is reported in GpuRigidContactView::getContactData because there are more contact data points than specified maxContactDataCount = 8.
2026-09-10T01:37:03Z [36,701ms] [Warning] [omni.physx.tensors.plugin] Incomplete contact data is reported in GpuRigidContactView::getContactData because there are more contact data points than specified maxContactDataCount = 8.
2026-09-10T01:37:03Z [36,746ms] [Warning] [omni.physx.tensors.plugin] Incomplete contact data is reported in GpuRigidContactView::getContactData because there are more contact data points than specified maxContactDataCount = 8.
2026-09-10T01:37:03Z [36,749ms] [Warning] [omni.physx.tensors.plugin] Incomplete contact data is reported in GpuRigidContactView::getContactData because there are more contact data points than specified maxContactDataCount = 8.
2026-09-10T01:37:03Z [36,753ms] [Warning] [omni.physx.tensors.plugin] Incomplete contact data is reported in GpuRigidContactView::getContactData because there are more contact data points than specified maxContactDataCount = 8.
2026-09-10T01:37:03Z [36,799ms] [Warning] [omni.physx.tensors.plugin] Incomplete contact data is reported in GpuRigidContactView::getContactData because there are more contact data points than specified maxContactDataCount = 8.
2026-09-10T01:37:03Z [36,802ms] [Warning] [omni.physx.tensors.plugin] Incomplete contact data is reported in GpuRigidContactView::getContactData because there are more contact data points than specified maxContactDataCount = 8.
2026-09-10T01:37:03Z [36,806ms] [Warning] [omni.physx.tensors.plugin] Incomplete contact data is reported in GpuRigidContactView::getContactData because there are more contact data points than specified maxContactDataCount = 8.
2026-09-10T01:37:03Z [36,851ms] [Warning] [omni.physx.tensors.plugin] Incomplete contact data is reported in GpuRigidContactView::getContactData because there are more contact data points than specified maxContactDataCount = 8.
2026-09-10T01:37:03Z [36,854ms] [Warning] [omni.physx.tensors.plugin] Incomplete contact data is reported in GpuRigidContactView::getContactData because there are more contact data points than specified maxContactDataCount = 8.
2026-09-10T01:37:03Z [36,858ms] [Warning] [omni.physx.tensors.plugin] Incomplete contact data is reported in GpuRigidContactView::getContactData because there are more contact data points than specified maxContactDataCount = 8.
2026-09-10T01:37:03Z [36,902ms] [Warning] [omni.physx.tensors.plugin] Incomplete contact data is reported in GpuRigidContactView::getContactData because there are more contact data points than specified maxContactDataCount = 8.
2026-09-10T01:37:03Z [36,906ms] [Warning] [omni.physx.tensors.plugin] Incomplete contact data is reported in GpuRigidContactView::getContactData because there are more contact data points than specified maxContactDataCount = 8.
2026-09-10T01:37:03Z [36,909ms] [Warning] [omni.physx.tensors.plugin] Incomplete contact data is reported in GpuRigidContactView::getContactData because there are more contact data points than specified maxContactDataCount = 8.
2026-09-10T01:37:03Z [36,956ms] [Warning] [omni.physx.tensors.plugin] Incomplete contact data is reported in GpuRigidContactView::getContactData because there are more contact data points than specified maxContactDataCount = 8.
2026-09-10T01:37:03Z [36,959ms] [Warning] [omni.physx.tensors.plugin] Incomplete contact data is reported in GpuRigidContactView::getContactData because there are more contact data points than specified maxContactDataCount = 8.
2026-09-10T01:37:03Z [36,962ms] [Warning] [omni.physx.tensors.plugin] Incomplete contact data is reported in GpuRigidContactView::getContactData because there are more contact data points than specified maxContactDataCount = 8.
2026-09-10T01:37:03Z [37,011ms] [Warning] [omni.physx.tensors.plugin] Incomplete contact data is reported in GpuRigidContactView::getContactData because there are more contact data points than specified maxContactDataCount = 8.
2026-09-10T01:37:03Z [37,015ms] [Warning] [omni.physx.tensors.plugin] Incomplete contact data is reported in GpuRigidContactView::getContactData because there are more contact data points than specified maxContactDataCount = 8.
2026-09-10T01:37:03Z [37,018ms] [Warning] [omni.physx.tensors.plugin] Incomplete contact data is reported in GpuRigidContactView::getContactData because there are more contact data points than specified maxContactDataCount = 8.
2026-09-10T01:37:03Z [37,063ms] [Warning] [omni.physx.tensors.plugin] Incomplete contact data is reported in GpuRigidContactView::getContactData because there are more contact data points than specified maxContactDataCount = 8.
2026-09-10T01:37:03Z [37,066ms] [Warning] [omni.physx.tensors.plugin] Incomplete contact data is reported in GpuRigidContactView::getContactData because there are more contact data points than specified maxContactDataCount = 8.
2026-09-10T01:37:03Z [37,070ms] [Warning] [omni.physx.tensors.plugin] Incomplete contact data is reported in GpuRigidContactView::getContactData because there are more contact data points than specified maxContactDataCount = 8.
TERRAIN_STAND train_ramp_1103 300/1000
2026-09-10T01:37:03Z [37,117ms] [Warning] [omni.physx.tensors.plugin] Incomplete contact data is reported in GpuRigidContactView::getContactData because there are more contact data points than specified maxContactDataCount = 8.
2026-09-10T01:37:03Z [37,121ms] [Warning] [omni.physx.tensors.plugin] Incomplete contact data is reported in GpuRigidContactView::getContactData because there are more contact data points than specified maxContactDataCount = 8.
2026-09-10T01:37:03Z [37,124ms] [Warning] [omni.physx.tensors.plugin] Incomplete contact data is reported in GpuRigidContactView::getContactData because there are more contact data points than specified maxContactDataCount = 8.
2026-09-10T01:37:03Z [37,171ms] [Warning] [omni.physx.tensors.plugin] Incomplete contact data is reported in GpuRigidContactView::getContactData because there are more contact data points than specified maxContactDataCount = 8.
2026-09-10T01:37:03Z [37,174ms] [Warning] [omni.physx.tensors.plugin] Incomplete contact data is reported in GpuRigidContactView::getContactData because there are more contact data points than specified maxContactDataCount = 8.
2026-09-10T01:37:03Z [37,178ms] [Warning] [omni.physx.tensors.plugin] Incomplete contact data is reported in GpuRigidContactView::getContactData because there are more contact data points than specified maxContactDataCount = 8.
2026-09-10T01:37:03Z [37,225ms] [Warning] [omni.physx.tensors.plugin] Incomplete contact data is reported in GpuRigidContactView::getContactData because there are more contact data points than specified maxContactDataCount = 8.
2026-09-10T01:37:03Z [37,229ms] [Warning] [omni.physx.tensors.plugin] Incomplete contact data is reported in GpuRigidContactView::getContactData because there are more contact data points than specified maxContactDataCount = 8.
2026-09-10T01:37:03Z [37,232ms] [Warning] [omni.physx.tensors.plugin] Incomplete contact data is reported in GpuRigidContactView::getContactData because there are more contact data points than specified maxContactDataCount = 8.
2026-09-10T01:37:03Z [37,277ms] [Warning] [omni.physx.tensors.plugin] Incomplete contact data is reported in GpuRigidContactView::getContactData because there are more contact data points than specified maxContactDataCount = 8.
2026-09-10T01:37:03Z [37,280ms] [Warning] [omni.physx.tensors.plugin] Incomplete contact data is reported in GpuRigidContactView::getContactData because there are more contact data points than specified maxContactDataCount = 8.
2026-09-10T01:37:03Z [37,284ms] [Warning] [omni.physx.tensors.plugin] Incomplete contact data is reported in GpuRigidContactView::getContactData because there are more contact data points than specified maxContactDataCount = 8.
2026-09-10T01:37:03Z [37,330ms] [Warning] [omni.physx.tensors.plugin] Incomplete contact data is reported in GpuRigidContactView::getContactData because there are more contact data points than specified maxContactDataCount = 8.
2026-09-10T01:37:03Z [37,334ms] [Warning] [omni.physx.tensors.plugin] Incomplete contact data is reported in GpuRigidContactView::getContactData because there are more contact data points than specified maxContactDataCount = 8.
2026-09-10T01:37:03Z [37,337ms] [Warning] [omni.physx.tensors.plugin] Incomplete contact data is reported in GpuRigidContactView::getContactData because there are more contact data points than specified maxContactDataCount = 8.
2026-09-10T01:37:03Z [37,384ms] [Warning] [omni.physx.tensors.plugin] Incomplete contact data is reported in GpuRigidContactView::getContactData because there are more contact data points than specified maxContactDataCount = 8.
2026-09-10T01:37:03Z [37,388ms] [Warning] [omni.physx.tensors.plugin] Incomplete contact data is reported in GpuRigidContactView::getContactData because there are more contact data points than specified maxContactDataCount = 8.
2026-09-10T01:37:03Z [37,391ms] [Warning] [omni.physx.tensors.plugin] Incomplete contact data is reported in GpuRigidContactView::getContactData because there are more contact data points than specified maxContactDataCount = 8.
2026-09-10T01:37:03Z [37,436ms] [Warning] [omni.physx.tensors.plugin] Incomplete contact data is reported in GpuRigidContactView::getContactData because there are more contact data points than specified maxContactDataCount = 8.
2026-09-10T01:37:03Z [37,439ms] [Warning] [omni.physx.tensors.plugin] Incomplete contact data is reported in GpuRigidContactView::getContactData because there are more contact data points than specified maxContactDataCount = 8.
2026-09-10T01:37:03Z [37,443ms] [Warning] [omni.physx.tensors.plugin] Incomplete contact data is reported in GpuRigidContactView::getContactData because there are more contact data points than specified maxContactDataCount = 8.
2026-09-10T01:37:03Z [37,489ms] [Warning] [omni.physx.tensors.plugin] Incomplete contact data is reported in GpuRigidContactView::getContactData because there are more contact data points than specified maxContactDataCount = 8.
2026-09-10T01:37:03Z [37,493ms] [Warning] [omni.physx.tensors.plugin] Incomplete contact data is reported in GpuRigidContactView::getContactData because there are more contact data points than specified maxContactDataCount = 8.
2026-09-10T01:37:03Z [37,496ms] [Warning] [omni.physx.tensors.plugin] Incomplete contact data is reported in GpuRigidContactView::getContactData because there are more contact data points than specified maxContactDataCount = 8.
2026-09-10T01:37:03Z [37,542ms] [Warning] [omni.physx.tensors.plugin] Incomplete contact data is reported in GpuRigidContactView::getContactData because there are more contact data points than specified maxContactDataCount = 8.
2026-09-10T01:37:03Z [37,545ms] [Warning] [omni.physx.tensors.plugin] Incomplete contact data is reported in GpuRigidContactView::getContactData because there are more contact data points than specified maxContactDataCount = 8.
2026-09-10T01:37:03Z [37,549ms] [Warning] [omni.physx.tensors.plugin] Incomplete contact data is reported in GpuRigidContactView::getContactData because there are more contact data points than specified maxContactDataCount = 8.
2026-09-10T01:37:03Z [37,595ms] [Warning] [omni.physx.tensors.plugin] Incomplete contact data is reported in GpuRigidContactView::getContactData because there are more contact data points than specified maxContactDataCount = 8.
2026-09-10T01:37:03Z [37,599ms] [Warning] [omni.physx.tensors.plugin] Incomplete contact data is reported in GpuRigidContactView::getContactData because there are more contact data points than specified maxContactDataCount = 8.
2026-09-10T01:37:03Z [37,602ms] [Warning] [omni.physx.tensors.plugin] Incomplete contact data is reported in GpuRigidContactView::getContactData because there are more contact data points than specified maxContactDataCount = 8.
2026-09-10T01:37:03Z [37,648ms] [Warning] [omni.physx.tensors.plugin] Incomplete contact data is reported in GpuRigidContactView::getContactData because there are more contact data points than specified maxContactDataCount = 8.
2026-09-10T01:37:03Z [37,651ms] [Warning] [omni.physx.tensors.plugin] Incomplete contact data is reported in GpuRigidContactView::getContactData because there are more contact data points than specified maxContactDataCount = 8.
2026-09-10T01:37:03Z [37,654ms] [Warning] [omni.physx.tensors.plugin] Incomplete contact data is reported in GpuRigidContactView::getContactData because there are more contact data points than specified maxContactDataCount = 8.
2026-09-10T01:37:04Z [37,701ms] [Warning] [omni.physx.tensors.plugin] Incomplete contact data is reported in GpuRigidContactView::getContactData because there are more contact data points than specified maxContactDataCount = 8.
2026-09-10T01:37:04Z [37,705ms] [Warning] [omni.physx.tensors.plugin] Incomplete contact data is reported in GpuRigidContactView::getContactData because there are more contact data points than specified maxContactDataCount = 8.
2026-09-10T01:37:04Z [37,708ms] [Warning] [omni.physx.tensors.plugin] Incomplete contact data is reported in GpuRigidContactView::getContactData because there are more contact data points than specified maxContactDataCount = 8.
2026-09-10T01:37:04Z [37,755ms] [Warning] [omni.physx.tensors.plugin] Incomplete contact data is reported in GpuRigidContactView::getContactData because there are more contact data points than specified maxContactDataCount = 8.
2026-09-10T01:37:04Z [37,759ms] [Warning] [omni.physx.tensors.plugin] Incomplete contact data is reported in GpuRigidContactView::getContactData because there are more contact data points than specified maxContactDataCount = 8.
2026-09-10T01:37:04Z [37,762ms] [Warning] [omni.physx.tensors.plugin] Incomplete contact data is reported in GpuRigidContactView::getContactData because there are more contact data points than specified maxContactDataCount = 8.
2026-09-10T01:37:04Z [37,808ms] [Warning] [omni.physx.tensors.plugin] Incomplete contact data is reported in GpuRigidContactView::getContactData because there are more contact data points than specified maxContactDataCount = 8.
2026-09-10T01:37:04Z [37,812ms] [Warning] [omni.physx.tensors.plugin] Incomplete contact data is reported in GpuRigidContactView::getContactData because there are more contact data points than specified maxContactDataCount = 8.
2026-09-10T01:37:04Z [37,815ms] [Warning] [omni.physx.tensors.plugin] Incomplete contact data is reported in GpuRigidContactView::getContactData because there are more contact data points than specified maxContactDataCount = 8.
2026-09-10T01:37:04Z [37,863ms] [Warning] [omni.physx.tensors.plugin] Incomplete contact data is reported in GpuRigidContactView::getContactData because there are more contact data points than specified maxContactDataCount = 8.
2026-09-10T01:37:04Z [37,866ms] [Warning] [omni.physx.tensors.plugin] Incomplete contact data is reported in GpuRigidContactView::getContactData because there are more contact data points than specified maxContactDataCount = 8.
2026-09-10T01:37:04Z [37,870ms] [Warning] [omni.physx.tensors.plugin] Incomplete contact data is reported in GpuRigidContactView::getContactData because there are more contact data points than specified maxContactDataCount = 8.
2026-09-10T01:37:04Z [37,915ms] [Warning] [omni.physx.tensors.plugin] Incomplete contact data is reported in GpuRigidContactView::getContactData because there are more contact data points than specified maxContactDataCount = 8.
2026-09-10T01:37:04Z [37,918ms] [Warning] [omni.physx.tensors.plugin] Incomplete contact data is reported in GpuRigidContactView::getContactData because there are more contact data points than specified maxContactDataCount = 8.
2026-09-10T01:37:04Z [37,922ms] [Warning] [omni.physx.tensors.plugin] Incomplete contact data is reported in GpuRigidContactView::getContactData because there are more contact data points than specified maxContactDataCount = 8.
2026-09-10T01:37:04Z [37,966ms] [Warning] [omni.physx.tensors.plugin] Incomplete contact data is reported in GpuRigidContactView::getContactData because there are more contact data points than specified maxContactDataCount = 8.
2026-09-10T01:37:04Z [37,970ms] [Warning] [omni.physx.tensors.plugin] Incomplete contact data is reported in GpuRigidContactView::getContactData because there are more contact data points than specified maxContactDataCount = 8.
2026-09-10T01:37:04Z [37,973ms] [Warning] [omni.physx.tensors.plugin] Incomplete contact data is reported in GpuRigidContactView::getContactData because there are more contact data points than specified maxContactDataCount = 8.
2026-09-10T01:37:04Z [38,019ms] [Warning] [omni.physx.tensors.plugin] Incomplete contact data is reported in GpuRigidContactView::getContactData because there are more contact data points than specified maxContactDataCount = 8.
2026-09-10T01:37:04Z [38,023ms] [Warning] [omni.physx.tensors.plugin] Incomplete contact data is reported in GpuRigidContactView::getContactData because there are more contact data points than specified maxContactDataCount = 8.
2026-09-10T01:37:04Z [38,026ms] [Warning] [omni.physx.tensors.plugin] Incomplete contact data is reported in GpuRigidContactView::getContactData because there are more contact data points than specified maxContactDataCount = 8.
2026-09-10T01:37:04Z [38,072ms] [Warning] [omni.physx.tensors.plugin] Incomplete contact data is reported in GpuRigidContactView::getContactData because there are more contact data points than specified maxContactDataCount = 8.
2026-09-10T01:37:04Z [38,075ms] [Warning] [omni.physx.tensors.plugin] Incomplete contact data is reported in GpuRigidContactView::getContactData because there are more contact data points than specified maxContactDataCount = 8.
2026-09-10T01:37:04Z [38,079ms] [Warning] [omni.physx.tensors.plugin] Incomplete contact data is reported in GpuRigidContactView::getContactData because there are more contact data points than specified maxContactDataCount = 8.
2026-09-10T01:37:04Z [38,120ms] [Warning] [omni.physx.tensors.plugin] Incomplete contact data is reported in GpuRigidContactView::getContactData because there are more contact data points than specified maxContactDataCount = 8.
2026-09-10T01:37:04Z [38,123ms] [Warning] [omni.physx.tensors.plugin] Incomplete contact data is reported in GpuRigidContactView::getContactData because there are more contact data points than specified maxContactDataCount = 8.
2026-09-10T01:37:04Z [38,127ms] [Warning] [omni.physx.tensors.plugin] Incomplete contact data is reported in GpuRigidContactView::getContactData because there are more contact data points than specified maxContactDataCount = 8.
2026-09-10T01:37:04Z [38,173ms] [Warning] [omni.physx.tensors.plugin] Incomplete contact data is reported in GpuRigidContactView::getContactData because there are more contact data points than specified maxContactDataCount = 8.
2026-09-10T01:37:04Z [38,177ms] [Warning] [omni.physx.tensors.plugin] Incomplete contact data is reported in GpuRigidContactView::getContactData because there are more contact data points than specified maxContactDataCount = 8.
2026-09-10T01:37:04Z [38,180ms] [Warning] [omni.physx.tensors.plugin] Incomplete contact data is reported in GpuRigidContactView::getContactData because there are more contact data points than specified maxContactDataCount = 8.
2026-09-10T01:37:04Z [38,226ms] [Warning] [omni.physx.tensors.plugin] Incomplete contact data is reported in GpuRigidContactView::getContactData because there are more contact data points than specified maxContactDataCount = 8.
2026-09-10T01:37:04Z [38,229ms] [Warning] [omni.physx.tensors.plugin] Incomplete contact data is reported in GpuRigidContactView::getContactData because there are more contact data points than specified maxContactDataCount = 8.
2026-09-10T01:37:04Z [38,233ms] [Warning] [omni.physx.tensors.plugin] Incomplete contact data is reported in GpuRigidContactView::getContactData because there are more contact data points than specified maxContactDataCount = 8.
2026-09-10T01:37:04Z [38,277ms] [Warning] [omni.physx.tensors.plugin] Incomplete contact data is reported in GpuRigidContactView::getContactData because there are more contact data points than specified maxContactDataCount = 8.
2026-09-10T01:37:04Z [38,281ms] [Warning] [omni.physx.tensors.plugin] Incomplete contact data is reported in GpuRigidContactView::getContactData because there are more contact data points than specified maxContactDataCount = 8.
2026-09-10T01:37:04Z [38,284ms] [Warning] [omni.physx.tensors.plugin] Incomplete contact data is reported in GpuRigidContactView::getContactData because there are more contact data points than specified maxContactDataCount = 8.
2026-09-10T01:37:04Z [38,331ms] [Warning] [omni.physx.tensors.plugin] Incomplete contact data is reported in GpuRigidContactView::getContactData because there are more contact data points than specified maxContactDataCount = 8.
2026-09-10T01:37:04Z [38,335ms] [Warning] [omni.physx.tensors.plugin] Incomplete contact data is reported in GpuRigidContactView::getContactData because there are more contact data points than specified maxContactDataCount = 8.
2026-09-10T01:37:04Z [38,339ms] [Warning] [omni.physx.tensors.plugin] Incomplete contact data is reported in GpuRigidContactView::getContactData because there are more contact data points than specified maxContactDataCount = 8.
2026-09-10T01:37:04Z [38,386ms] [Warning] [omni.physx.tensors.plugin] Incomplete contact data is reported in GpuRigidContactView::getContactData because there are more contact data points than specified maxContactDataCount = 8.
2026-09-10T01:37:04Z [38,390ms] [Warning] [omni.physx.tensors.plugin] Incomplete contact data is reported in GpuRigidContactView::getContactData because there are more contact data points than specified maxContactDataCount = 8.
2026-09-10T01:37:04Z [38,393ms] [Warning] [omni.physx.tensors.plugin] Incomplete contact data is reported in GpuRigidContactView::getContactData because there are more contact data points than specified maxContactDataCount = 8.
2026-09-10T01:37:04Z [38,440ms] [Warning] [omni.physx.tensors.plugin] Incomplete contact data is reported in GpuRigidContactView::getContactData because there are more contact data points than specified maxContactDataCount = 8.
2026-09-10T01:37:04Z [38,443ms] [Warning] [omni.physx.tensors.plugin] Incomplete contact data is reported in GpuRigidContactView::getContactData because there are more contact data points than specified maxContactDataCount = 8.
2026-09-10T01:37:04Z [38,447ms] [Warning] [omni.physx.tensors.plugin] Incomplete contact data is reported in GpuRigidContactView::getContactData because there are more contact data points than specified maxContactDataCount = 8.
2026-09-10T01:37:04Z [38,496ms] [Warning] [omni.physx.tensors.plugin] Incomplete contact data is reported in GpuRigidContactView::getContactData because there are more contact data points than specified maxContactDataCount = 8.
2026-09-10T01:37:04Z [38,499ms] [Warning] [omni.physx.tensors.plugin] Incomplete contact data is reported in GpuRigidContactView::getContactData because there are more contact data points than specified maxContactDataCount = 8.
2026-09-10T01:37:04Z [38,503ms] [Warning] [omni.physx.tensors.plugin] Incomplete contact data is reported in GpuRigidContactView::getContactData because there are more contact data points than specified maxContactDataCount = 8.
2026-09-10T01:37:04Z [38,550ms] [Warning] [omni.physx.tensors.plugin] Incomplete contact data is reported in GpuRigidContactView::getContactData because there are more contact data points than specified maxContactDataCount = 8.
2026-09-10T01:37:04Z [38,554ms] [Warning] [omni.physx.tensors.plugin] Incomplete contact data is reported in GpuRigidContactView::getContactData because there are more contact data points than specified maxContactDataCount = 8.
2026-09-10T01:37:04Z [38,558ms] [Warning] [omni.physx.tensors.plugin] Incomplete contact data is reported in GpuRigidContactView::getContactData because there are more contact data points than specified maxContactDataCount = 8.
2026-09-10T01:37:04Z [38,603ms] [Warning] [omni.physx.tensors.plugin] Incomplete contact data is reported in GpuRigidContactView::getContactData because there are more contact data points than specified maxContactDataCount = 8.
2026-09-10T01:37:04Z [38,607ms] [Warning] [omni.physx.tensors.plugin] Incomplete contact data is reported in GpuRigidContactView::getContactData because there are more contact data points than specified maxContactDataCount = 8.
2026-09-10T01:37:04Z [38,610ms] [Warning] [omni.physx.tensors.plugin] Incomplete contact data is reported in GpuRigidContactView::getContactData because there are more contact data points than specified maxContactDataCount = 8.
2026-09-10T01:37:04Z [38,658ms] [Warning] [omni.physx.tensors.plugin] Incomplete contact data is reported in GpuRigidContactView::getContactData because there are more contact data points than specified maxContactDataCount = 8.
2026-09-10T01:37:04Z [38,661ms] [Warning] [omni.physx.tensors.plugin] Incomplete contact data is reported in GpuRigidContactView::getContactData because there are more contact data points than specified maxContactDataCount = 8.
2026-09-10T01:37:04Z [38,665ms] [Warning] [omni.physx.tensors.plugin] Incomplete contact data is reported in GpuRigidContactView::getContactData because there are more contact data points than specified maxContactDataCount = 8.
2026-09-10T01:37:05Z [38,710ms] [Warning] [omni.physx.tensors.plugin] Incomplete contact data is reported in GpuRigidContactView::getContactData because there are more contact data points than specified maxContactDataCount = 8.
2026-09-10T01:37:05Z [38,714ms] [Warning] [omni.physx.tensors.plugin] Incomplete contact data is reported in GpuRigidContactView::getContactData because there are more contact data points than specified maxContactDataCount = 8.
2026-09-10T01:37:05Z [38,717ms] [Warning] [omni.physx.tensors.plugin] Incomplete contact data is reported in GpuRigidContactView::getContactData because there are more contact data points than specified maxContactDataCount = 8.
2026-09-10T01:37:05Z [38,763ms] [Warning] [omni.physx.tensors.plugin] Incomplete contact data is reported in GpuRigidContactView::getContactData because there are more contact data points than specified maxContactDataCount = 8.
2026-09-10T01:37:05Z [38,767ms] [Warning] [omni.physx.tensors.plugin] Incomplete contact data is reported in GpuRigidContactView::getContactData because there are more contact data points than specified maxContactDataCount = 8.
2026-09-10T01:37:05Z [38,771ms] [Warning] [omni.physx.tensors.plugin] Incomplete contact data is reported in GpuRigidContactView::getContactData because there are more contact data points than specified maxContactDataCount = 8.
2026-09-10T01:37:05Z [38,818ms] [Warning] [omni.physx.tensors.plugin] Incomplete contact data is reported in GpuRigidContactView::getContactData because there are more contact data points than specified maxContactDataCount = 8.
2026-09-10T01:37:05Z [38,822ms] [Warning] [omni.physx.tensors.plugin] Incomplete contact data is reported in GpuRigidContactView::getContactData because there are more contact data points than specified maxContactDataCount = 8.
2026-09-10T01:37:05Z [38,825ms] [Warning] [omni.physx.tensors.plugin] Incomplete contact data is reported in GpuRigidContactView::getContactData because there are more contact data points than specified maxContactDataCount = 8.
2026-09-10T01:37:05Z [38,872ms] [Warning] [omni.physx.tensors.plugin] Incomplete contact data is reported in GpuRigidContactView::getContactData because there are more contact data points than specified maxContactDataCount = 8.
2026-09-10T01:37:05Z [38,875ms] [Warning] [omni.physx.tensors.plugin] Incomplete contact data is reported in GpuRigidContactView::getContactData because there are more contact data points than specified maxContactDataCount = 8.
2026-09-10T01:37:05Z [38,879ms] [Warning] [omni.physx.tensors.plugin] Incomplete contact data is reported in GpuRigidContactView::getContactData because there are more contact data points than specified maxContactDataCount = 8.
2026-09-10T01:37:05Z [38,924ms] [Warning] [omni.physx.tensors.plugin] Incomplete contact data is reported in GpuRigidContactView::getContactData because there are more contact data points than specified maxContactDataCount = 8.
2026-09-10T01:37:05Z [38,928ms] [Warning] [omni.physx.tensors.plugin] Incomplete contact data is reported in GpuRigidContactView::getContactData because there are more contact data points than specified maxContactDataCount = 8.
2026-09-10T01:37:05Z [38,931ms] [Warning] [omni.physx.tensors.plugin] Incomplete contact data is reported in GpuRigidContactView::getContactData because there are more contact data points than specified maxContactDataCount = 8.
2026-09-10T01:37:05Z [38,977ms] [Warning] [omni.physx.tensors.plugin] Incomplete contact data is reported in GpuRigidContactView::getContactData because there are more contact data points than specified maxContactDataCount = 8.
2026-09-10T01:37:05Z [38,981ms] [Warning] [omni.physx.tensors.plugin] Incomplete contact data is reported in GpuRigidContactView::getContactData because there are more contact data points than specified maxContactDataCount = 8.
2026-09-10T01:37:05Z [38,984ms] [Warning] [omni.physx.tensors.plugin] Incomplete contact data is reported in GpuRigidContactView::getContactData because there are more contact data points than specified maxContactDataCount = 8.
2026-09-10T01:37:05Z [39,030ms] [Warning] [omni.physx.tensors.plugin] Incomplete contact data is reported in GpuRigidContactView::getContactData because there are more contact data points than specified maxContactDataCount = 8.
2026-09-10T01:37:05Z [39,034ms] [Warning] [omni.physx.tensors.plugin] Incomplete contact data is reported in GpuRigidContactView::getContactData because there are more contact data points than specified maxContactDataCount = 8.
2026-09-10T01:37:05Z [39,037ms] [Warning] [omni.physx.tensors.plugin] Incomplete contact data is reported in GpuRigidContactView::getContactData because there are more contact data points than specified maxContactDataCount = 8.
2026-09-10T01:37:05Z [39,083ms] [Warning] [omni.physx.tensors.plugin] Incomplete contact data is reported in GpuRigidContactView::getContactData because there are more contact data points than specified maxContactDataCount = 8.
2026-09-10T01:37:05Z [39,086ms] [Warning] [omni.physx.tensors.plugin] Incomplete contact data is reported in GpuRigidContactView::getContactData because there are more contact data points than specified maxContactDataCount = 8.
2026-09-10T01:37:05Z [39,090ms] [Warning] [omni.physx.tensors.plugin] Incomplete contact data is reported in GpuRigidContactView::getContactData because there are more contact data points than specified maxContactDataCount = 8.
2026-09-10T01:37:05Z [39,137ms] [Warning] [omni.physx.tensors.plugin] Incomplete contact data is reported in GpuRigidContactView::getContactData because there are more contact data points than specified maxContactDataCount = 8.
2026-09-10T01:37:05Z [39,141ms] [Warning] [omni.physx.tensors.plugin] Incomplete contact data is reported in GpuRigidContactView::getContactData because there are more contact data points than specified maxContactDataCount = 8.
2026-09-10T01:37:05Z [39,144ms] [Warning] [omni.physx.tensors.plugin] Incomplete contact data is reported in GpuRigidContactView::getContactData because there are more contact data points than specified maxContactDataCount = 8.
2026-09-10T01:37:05Z [39,189ms] [Warning] [omni.physx.tensors.plugin] Incomplete contact data is reported in GpuRigidContactView::getContactData because there are more contact data points than specified maxContactDataCount = 8.
2026-09-10T01:37:05Z [39,193ms] [Warning] [omni.physx.tensors.plugin] Incomplete contact data is reported in GpuRigidContactView::getContactData because there are more contact data points than specified maxContactDataCount = 8.
2026-09-10T01:37:05Z [39,196ms] [Warning] [omni.physx.tensors.plugin] Incomplete contact data is reported in GpuRigidContactView::getContactData because there are more contact data points than specified maxContactDataCount = 8.
2026-09-10T01:37:05Z [39,243ms] [Warning] [omni.physx.tensors.plugin] Incomplete contact data is reported in GpuRigidContactView::getContactData because there are more contact data points than specified maxContactDataCount = 8.
2026-09-10T01:37:05Z [39,246ms] [Warning] [omni.physx.tensors.plugin] Incomplete contact data is reported in GpuRigidContactView::getContactData because there are more contact data points than specified maxContactDataCount = 8.
2026-09-10T01:37:05Z [39,250ms] [Warning] [omni.physx.tensors.plugin] Incomplete contact data is reported in GpuRigidContactView::getContactData because there are more contact data points than specified maxContactDataCount = 8.
2026-09-10T01:37:05Z [39,296ms] [Warning] [omni.physx.tensors.plugin] Incomplete contact data is reported in GpuRigidContactView::getContactData because there are more contact data points than specified maxContactDataCount = 8.
2026-09-10T01:37:05Z [39,300ms] [Warning] [omni.physx.tensors.plugin] Incomplete contact data is reported in GpuRigidContactView::getContactData because there are more contact data points than specified maxContactDataCount = 8.
2026-09-10T01:37:05Z [39,303ms] [Warning] [omni.physx.tensors.plugin] Incomplete contact data is reported in GpuRigidContactView::getContactData because there are more contact data points than specified maxContactDataCount = 8.
2026-09-10T01:37:05Z [39,348ms] [Warning] [omni.physx.tensors.plugin] Incomplete contact data is reported in GpuRigidContactView::getContactData because there are more contact data points than specified maxContactDataCount = 8.
2026-09-10T01:37:05Z [39,352ms] [Warning] [omni.physx.tensors.plugin] Incomplete contact data is reported in GpuRigidContactView::getContactData because there are more contact data points than specified maxContactDataCount = 8.
2026-09-10T01:37:05Z [39,355ms] [Warning] [omni.physx.tensors.plugin] Incomplete contact data is reported in GpuRigidContactView::getContactData because there are more contact data points than specified maxContactDataCount = 8.
2026-09-10T01:37:05Z [39,404ms] [Warning] [omni.physx.tensors.plugin] Incomplete contact data is reported in GpuRigidContactView::getContactData because there are more contact data points than specified maxContactDataCount = 8.
2026-09-10T01:37:05Z [39,407ms] [Warning] [omni.physx.tensors.plugin] Incomplete contact data is reported in GpuRigidContactView::getContactData because there are more contact data points than specified maxContactDataCount = 8.
2026-09-10T01:37:05Z [39,411ms] [Warning] [omni.physx.tensors.plugin] Incomplete contact data is reported in GpuRigidContactView::getContactData because there are more contact data points than specified maxContactDataCount = 8.
2026-09-10T01:37:05Z [39,462ms] [Warning] [omni.physx.tensors.plugin] Incomplete contact data is reported in GpuRigidContactView::getContactData because there are more contact data points than specified maxContactDataCount = 8.
2026-09-10T01:37:05Z [39,465ms] [Warning] [omni.physx.tensors.plugin] Incomplete contact data is reported in GpuRigidContactView::getContactData because there are more contact data points than specified maxContactDataCount = 8.
2026-09-10T01:37:05Z [39,469ms] [Warning] [omni.physx.tensors.plugin] Incomplete contact data is reported in GpuRigidContactView::getContactData because there are more contact data points than specified maxContactDataCount = 8.
2026-09-10T01:37:05Z [39,516ms] [Warning] [omni.physx.tensors.plugin] Incomplete contact data is reported in GpuRigidContactView::getContactData because there are more contact data points than specified maxContactDataCount = 8.
2026-09-10T01:37:05Z [39,519ms] [Warning] [omni.physx.tensors.plugin] Incomplete contact data is reported in GpuRigidContactView::getContactData because there are more contact data points than specified maxContactDataCount = 8.
2026-09-10T01:37:05Z [39,522ms] [Warning] [omni.physx.tensors.plugin] Incomplete contact data is reported in GpuRigidContactView::getContactData because there are more contact data points than specified maxContactDataCount = 8.
2026-09-10T01:37:05Z [39,570ms] [Warning] [omni.physx.tensors.plugin] Incomplete contact data is reported in GpuRigidContactView::getContactData because there are more contact data points than specified maxContactDataCount = 8.
2026-09-10T01:37:05Z [39,573ms] [Warning] [omni.physx.tensors.plugin] Incomplete contact data is reported in GpuRigidContactView::getContactData because there are more contact data points than specified maxContactDataCount = 8.
2026-09-10T01:37:05Z [39,577ms] [Warning] [omni.physx.tensors.plugin] Incomplete contact data is reported in GpuRigidContactView::getContactData because there are more contact data points than specified maxContactDataCount = 8.
2026-09-10T01:37:05Z [39,625ms] [Warning] [omni.physx.tensors.plugin] Incomplete contact data is reported in GpuRigidContactView::getContactData because there are more contact data points than specified maxContactDataCount = 8.
2026-09-10T01:37:05Z [39,629ms] [Warning] [omni.physx.tensors.plugin] Incomplete contact data is reported in GpuRigidContactView::getContactData because there are more contact data points than specified maxContactDataCount = 8.
2026-09-10T01:37:05Z [39,632ms] [Warning] [omni.physx.tensors.plugin] Incomplete contact data is reported in GpuRigidContactView::getContactData because there are more contact data points than specified maxContactDataCount = 8.
2026-09-10T01:37:05Z [39,679ms] [Warning] [omni.physx.tensors.plugin] Incomplete contact data is reported in GpuRigidContactView::getContactData because there are more contact data points than specified maxContactDataCount = 8.
2026-09-10T01:37:06Z [39,682ms] [Warning] [omni.physx.tensors.plugin] Incomplete contact data is reported in GpuRigidContactView::getContactData because there are more contact data points than specified maxContactDataCount = 8.
2026-09-10T01:37:06Z [39,686ms] [Warning] [omni.physx.tensors.plugin] Incomplete contact data is reported in GpuRigidContactView::getContactData because there are more contact data points than specified maxContactDataCount = 8.
2026-09-10T01:37:06Z [39,733ms] [Warning] [omni.physx.tensors.plugin] Incomplete contact data is reported in GpuRigidContactView::getContactData because there are more contact data points than specified maxContactDataCount = 8.
2026-09-10T01:37:06Z [39,736ms] [Warning] [omni.physx.tensors.plugin] Incomplete contact data is reported in GpuRigidContactView::getContactData because there are more contact data points than specified maxContactDataCount = 8.
2026-09-10T01:37:06Z [39,740ms] [Warning] [omni.physx.tensors.plugin] Incomplete contact data is reported in GpuRigidContactView::getContactData because there are more contact data points than specified maxContactDataCount = 8.
2026-09-10T01:37:06Z [39,787ms] [Warning] [omni.physx.tensors.plugin] Incomplete contact data is reported in GpuRigidContactView::getContactData because there are more contact data points than specified maxContactDataCount = 8.
2026-09-10T01:37:06Z [39,791ms] [Warning] [omni.physx.tensors.plugin] Incomplete contact data is reported in GpuRigidContactView::getContactData because there are more contact data points than specified maxContactDataCount = 8.
2026-09-10T01:37:06Z [39,794ms] [Warning] [omni.physx.tensors.plugin] Incomplete contact data is reported in GpuRigidContactView::getContactData because there are more contact data points than specified maxContactDataCount = 8.
2026-09-10T01:37:06Z [39,838ms] [Warning] [omni.physx.tensors.plugin] Incomplete contact data is reported in GpuRigidContactView::getContactData because there are more contact data points than specified maxContactDataCount = 8.
2026-09-10T01:37:06Z [39,842ms] [Warning] [omni.physx.tensors.plugin] Incomplete contact data is reported in GpuRigidContactView::getContactData because there are more contact data points than specified maxContactDataCount = 8.
2026-09-10T01:37:06Z [39,845ms] [Warning] [omni.physx.tensors.plugin] Incomplete contact data is reported in GpuRigidContactView::getContactData because there are more contact data points than specified maxContactDataCount = 8.
2026-09-10T01:37:06Z [39,888ms] [Warning] [omni.physx.tensors.plugin] Incomplete contact data is reported in GpuRigidContactView::getContactData because there are more contact data points than specified maxContactDataCount = 8.
2026-09-10T01:37:06Z [39,892ms] [Warning] [omni.physx.tensors.plugin] Incomplete contact data is reported in GpuRigidContactView::getContactData because there are more contact data points than specified maxContactDataCount = 8.
2026-09-10T01:37:06Z [39,895ms] [Warning] [omni.physx.tensors.plugin] Incomplete contact data is reported in GpuRigidContactView::getContactData because there are more contact data points than specified maxContactDataCount = 8.
2026-09-10T01:37:06Z [39,941ms] [Warning] [omni.physx.tensors.plugin] Incomplete contact data is reported in GpuRigidContactView::getContactData because there are more contact data points than specified maxContactDataCount = 8.
2026-09-10T01:37:06Z [39,945ms] [Warning] [omni.physx.tensors.plugin] Incomplete contact data is reported in GpuRigidContactView::getContactData because there are more contact data points than specified maxContactDataCount = 8.
2026-09-10T01:37:06Z [39,948ms] [Warning] [omni.physx.tensors.plugin] Incomplete contact data is reported in GpuRigidContactView::getContactData because there are more contact data points than specified maxContactDataCount = 8.
2026-09-10T01:37:06Z [39,994ms] [Warning] [omni.physx.tensors.plugin] Incomplete contact data is reported in GpuRigidContactView::getContactData because there are more contact data points than specified maxContactDataCount = 8.
2026-09-10T01:37:06Z [39,998ms] [Warning] [omni.physx.tensors.plugin] Incomplete contact data is reported in GpuRigidContactView::getContactData because there are more contact data points than specified maxContactDataCount = 8.
2026-09-10T01:37:06Z [40,001ms] [Warning] [omni.physx.tensors.plugin] Incomplete contact data is reported in GpuRigidContactView::getContactData because there are more contact data points than specified maxContactDataCount = 8.
2026-09-10T01:37:06Z [40,046ms] [Warning] [omni.physx.tensors.plugin] Incomplete contact data is reported in GpuRigidContactView::getContactData because there are more contact data points than specified maxContactDataCount = 8.
2026-09-10T01:37:06Z [40,050ms] [Warning] [omni.physx.tensors.plugin] Incomplete contact data is reported in GpuRigidContactView::getContactData because there are more contact data points than specified maxContactDataCount = 8.
2026-09-10T01:37:06Z [40,054ms] [Warning] [omni.physx.tensors.plugin] Incomplete contact data is reported in GpuRigidContactView::getContactData because there are more contact data points than specified maxContactDataCount = 8.
2026-09-10T01:37:06Z [40,100ms] [Warning] [omni.physx.tensors.plugin] Incomplete contact data is reported in GpuRigidContactView::getContactData because there are more contact data points than specified maxContactDataCount = 8.
2026-09-10T01:37:06Z [40,103ms] [Warning] [omni.physx.tensors.plugin] Incomplete contact data is reported in GpuRigidContactView::getContactData because there are more contact data points than specified maxContactDataCount = 8.
2026-09-10T01:37:06Z [40,107ms] [Warning] [omni.physx.tensors.plugin] Incomplete contact data is reported in GpuRigidContactView::getContactData because there are more contact data points than specified maxContactDataCount = 8.
2026-09-10T01:37:06Z [40,151ms] [Warning] [omni.physx.tensors.plugin] Incomplete contact data is reported in GpuRigidContactView::getContactData because there are more contact data points than specified maxContactDataCount = 8.
2026-09-10T01:37:06Z [40,155ms] [Warning] [omni.physx.tensors.plugin] Incomplete contact data is reported in GpuRigidContactView::getContactData because there are more contact data points than specified maxContactDataCount = 8.
2026-09-10T01:37:06Z [40,158ms] [Warning] [omni.physx.tensors.plugin] Incomplete contact data is reported in GpuRigidContactView::getContactData because there are more contact data points than specified maxContactDataCount = 8.
2026-09-10T01:37:06Z [40,203ms] [Warning] [omni.physx.tensors.plugin] Incomplete contact data is reported in GpuRigidContactView::getContactData because there are more contact data points than specified maxContactDataCount = 8.
2026-09-10T01:37:06Z [40,207ms] [Warning] [omni.physx.tensors.plugin] Incomplete contact data is reported in GpuRigidContactView::getContactData because there are more contact data points than specified maxContactDataCount = 8.
2026-09-10T01:37:06Z [40,210ms] [Warning] [omni.physx.tensors.plugin] Incomplete contact data is reported in GpuRigidContactView::getContactData because there are more contact data points than specified maxContactDataCount = 8.
2026-09-10T01:37:06Z [40,249ms] [Warning] [omni.physx.tensors.plugin] Incomplete contact data is reported in GpuRigidContactView::getContactData because there are more contact data points than specified maxContactDataCount = 8.
2026-09-10T01:37:06Z [40,253ms] [Warning] [omni.physx.tensors.plugin] Incomplete contact data is reported in GpuRigidContactView::getContactData because there are more contact data points than specified maxContactDataCount = 8.
2026-09-10T01:37:06Z [40,257ms] [Warning] [omni.physx.tensors.plugin] Incomplete contact data is reported in GpuRigidContactView::getContactData because there are more contact data points than specified maxContactDataCount = 8.
2026-09-10T01:37:06Z [40,300ms] [Warning] [omni.physx.tensors.plugin] Incomplete contact data is reported in GpuRigidContactView::getContactData because there are more contact data points than specified maxContactDataCount = 8.
2026-09-10T01:37:06Z [40,304ms] [Warning] [omni.physx.tensors.plugin] Incomplete contact data is reported in GpuRigidContactView::getContactData because there are more contact data points than specified maxContactDataCount = 8.
2026-09-10T01:37:06Z [40,307ms] [Warning] [omni.physx.tensors.plugin] Incomplete contact data is reported in GpuRigidContactView::getContactData because there are more contact data points than specified maxContactDataCount = 8.
2026-09-10T01:37:06Z [40,353ms] [Warning] [omni.physx.tensors.plugin] Incomplete contact data is reported in GpuRigidContactView::getContactData because there are more contact data points than specified maxContactDataCount = 8.
2026-09-10T01:37:06Z [40,357ms] [Warning] [omni.physx.tensors.plugin] Incomplete contact data is reported in GpuRigidContactView::getContactData because there are more contact data points than specified maxContactDataCount = 8.
2026-09-10T01:37:06Z [40,361ms] [Warning] [omni.physx.tensors.plugin] Incomplete contact data is reported in GpuRigidContactView::getContactData because there are more contact data points than specified maxContactDataCount = 8.
2026-09-10T01:37:06Z [40,407ms] [Warning] [omni.physx.tensors.plugin] Incomplete contact data is reported in GpuRigidContactView::getContactData because there are more contact data points than specified maxContactDataCount = 8.
2026-09-10T01:37:06Z [40,411ms] [Warning] [omni.physx.tensors.plugin] Incomplete contact data is reported in GpuRigidContactView::getContactData because there are more contact data points than specified maxContactDataCount = 8.
2026-09-10T01:37:06Z [40,414ms] [Warning] [omni.physx.tensors.plugin] Incomplete contact data is reported in GpuRigidContactView::getContactData because there are more contact data points than specified maxContactDataCount = 8.
2026-09-10T01:37:06Z [40,459ms] [Warning] [omni.physx.tensors.plugin] Incomplete contact data is reported in GpuRigidContactView::getContactData because there are more contact data points than specified maxContactDataCount = 8.
2026-09-10T01:37:06Z [40,462ms] [Warning] [omni.physx.tensors.plugin] Incomplete contact data is reported in GpuRigidContactView::getContactData because there are more contact data points than specified maxContactDataCount = 8.
2026-09-10T01:37:06Z [40,466ms] [Warning] [omni.physx.tensors.plugin] Incomplete contact data is reported in GpuRigidContactView::getContactData because there are more contact data points than specified maxContactDataCount = 8.
2026-09-10T01:37:06Z [40,510ms] [Warning] [omni.physx.tensors.plugin] Incomplete contact data is reported in GpuRigidContactView::getContactData because there are more contact data points than specified maxContactDataCount = 8.
2026-09-10T01:37:06Z [40,514ms] [Warning] [omni.physx.tensors.plugin] Incomplete contact data is reported in GpuRigidContactView::getContactData because there are more contact data points than specified maxContactDataCount = 8.
2026-09-10T01:37:06Z [40,517ms] [Warning] [omni.physx.tensors.plugin] Incomplete contact data is reported in GpuRigidContactView::getContactData because there are more contact data points than specified maxContactDataCount = 8.
2026-09-10T01:37:06Z [40,564ms] [Warning] [omni.physx.tensors.plugin] Incomplete contact data is reported in GpuRigidContactView::getContactData because there are more contact data points than specified maxContactDataCount = 8.
2026-09-10T01:37:06Z [40,568ms] [Warning] [omni.physx.tensors.plugin] Incomplete contact data is reported in GpuRigidContactView::getContactData because there are more contact data points than specified maxContactDataCount = 8.
2026-09-10T01:37:06Z [40,571ms] [Warning] [omni.physx.tensors.plugin] Incomplete contact data is reported in GpuRigidContactView::getContactData because there are more contact data points than specified maxContactDataCount = 8.
2026-09-10T01:37:06Z [40,616ms] [Warning] [omni.physx.tensors.plugin] Incomplete contact data is reported in GpuRigidContactView::getContactData because there are more contact data points than specified maxContactDataCount = 8.
2026-09-10T01:37:06Z [40,620ms] [Warning] [omni.physx.tensors.plugin] Incomplete contact data is reported in GpuRigidContactView::getContactData because there are more contact data points than specified maxContactDataCount = 8.
2026-09-10T01:37:06Z [40,623ms] [Warning] [omni.physx.tensors.plugin] Incomplete contact data is reported in GpuRigidContactView::getContactData because there are more contact data points than specified maxContactDataCount = 8.
2026-09-10T01:37:06Z [40,669ms] [Warning] [omni.physx.tensors.plugin] Incomplete contact data is reported in GpuRigidContactView::getContactData because there are more contact data points than specified maxContactDataCount = 8.
2026-09-10T01:37:06Z [40,673ms] [Warning] [omni.physx.tensors.plugin] Incomplete contact data is reported in GpuRigidContactView::getContactData because there are more contact data points than specified maxContactDataCount = 8.
2026-09-10T01:37:06Z [40,676ms] [Warning] [omni.physx.tensors.plugin] Incomplete contact data is reported in GpuRigidContactView::getContactData because there are more contact data points than specified maxContactDataCount = 8.
2026-09-10T01:37:07Z [40,721ms] [Warning] [omni.physx.tensors.plugin] Incomplete contact data is reported in GpuRigidContactView::getContactData because there are more contact data points than specified maxContactDataCount = 8.
2026-09-10T01:37:07Z [40,725ms] [Warning] [omni.physx.tensors.plugin] Incomplete contact data is reported in GpuRigidContactView::getContactData because there are more contact data points than specified maxContactDataCount = 8.
2026-09-10T01:37:07Z [40,728ms] [Warning] [omni.physx.tensors.plugin] Incomplete contact data is reported in GpuRigidContactView::getContactData because there are more contact data points than specified maxContactDataCount = 8.
2026-09-10T01:37:07Z [40,774ms] [Warning] [omni.physx.tensors.plugin] Incomplete contact data is reported in GpuRigidContactView::getContactData because there are more contact data points than specified maxContactDataCount = 8.
2026-09-10T01:37:07Z [40,777ms] [Warning] [omni.physx.tensors.plugin] Incomplete contact data is reported in GpuRigidContactView::getContactData because there are more contact data points than specified maxContactDataCount = 8.
2026-09-10T01:37:07Z [40,780ms] [Warning] [omni.physx.tensors.plugin] Incomplete contact data is reported in GpuRigidContactView::getContactData because there are more contact data points than specified maxContactDataCount = 8.
2026-09-10T01:37:07Z [40,824ms] [Warning] [omni.physx.tensors.plugin] Incomplete contact data is reported in GpuRigidContactView::getContactData because there are more contact data points than specified maxContactDataCount = 8.
2026-09-10T01:37:07Z [40,827ms] [Warning] [omni.physx.tensors.plugin] Incomplete contact data is reported in GpuRigidContactView::getContactData because there are more contact data points than specified maxContactDataCount = 8.
2026-09-10T01:37:07Z [40,831ms] [Warning] [omni.physx.tensors.plugin] Incomplete contact data is reported in GpuRigidContactView::getContactData because there are more contact data points than specified maxContactDataCount = 8.
2026-09-10T01:37:07Z [40,876ms] [Warning] [omni.physx.tensors.plugin] Incomplete contact data is reported in GpuRigidContactView::getContactData because there are more contact data points than specified maxContactDataCount = 8.
2026-09-10T01:37:07Z [40,880ms] [Warning] [omni.physx.tensors.plugin] Incomplete contact data is reported in GpuRigidContactView::getContactData because there are more contact data points than specified maxContactDataCount = 8.
2026-09-10T01:37:07Z [40,883ms] [Warning] [omni.physx.tensors.plugin] Incomplete contact data is reported in GpuRigidContactView::getContactData because there are more contact data points than specified maxContactDataCount = 8.
2026-09-10T01:37:07Z [40,928ms] [Warning] [omni.physx.tensors.plugin] Incomplete contact data is reported in GpuRigidContactView::getContactData because there are more contact data points than specified maxContactDataCount = 8.
2026-09-10T01:37:07Z [40,932ms] [Warning] [omni.physx.tensors.plugin] Incomplete contact data is reported in GpuRigidContactView::getContactData because there are more contact data points than specified maxContactDataCount = 8.
2026-09-10T01:37:07Z [40,936ms] [Warning] [omni.physx.tensors.plugin] Incomplete contact data is reported in GpuRigidContactView::getContactData because there are more contact data points than specified maxContactDataCount = 8.
2026-09-10T01:37:07Z [40,979ms] [Warning] [omni.physx.tensors.plugin] Incomplete contact data is reported in GpuRigidContactView::getContactData because there are more contact data points than specified maxContactDataCount = 8.
2026-09-10T01:37:07Z [40,983ms] [Warning] [omni.physx.tensors.plugin] Incomplete contact data is reported in GpuRigidContactView::getContactData because there are more contact data points than specified maxContactDataCount = 8.
2026-09-10T01:37:07Z [40,986ms] [Warning] [omni.physx.tensors.plugin] Incomplete contact data is reported in GpuRigidContactView::getContactData because there are more contact data points than specified maxContactDataCount = 8.
2026-09-10T01:37:07Z [41,032ms] [Warning] [omni.physx.tensors.plugin] Incomplete contact data is reported in GpuRigidContactView::getContactData because there are more contact data points than specified maxContactDataCount = 8.
2026-09-10T01:37:07Z [41,035ms] [Warning] [omni.physx.tensors.plugin] Incomplete contact data is reported in GpuRigidContactView::getContactData because there are more contact data points than specified maxContactDataCount = 8.
2026-09-10T01:37:07Z [41,039ms] [Warning] [omni.physx.tensors.plugin] Incomplete contact data is reported in GpuRigidContactView::getContactData because there are more contact data points than specified maxContactDataCount = 8.
2026-09-10T01:37:07Z [41,086ms] [Warning] [omni.physx.tensors.plugin] Incomplete contact data is reported in GpuRigidContactView::getContactData because there are more contact data points than specified maxContactDataCount = 8.
2026-09-10T01:37:07Z [41,090ms] [Warning] [omni.physx.tensors.plugin] Incomplete contact data is reported in GpuRigidContactView::getContactData because there are more contact data points than specified maxContactDataCount = 8.
2026-09-10T01:37:07Z [41,093ms] [Warning] [omni.physx.tensors.plugin] Incomplete contact data is reported in GpuRigidContactView::getContactData because there are more contact data points than specified maxContactDataCount = 8.
2026-09-10T01:37:07Z [41,139ms] [Warning] [omni.physx.tensors.plugin] Incomplete contact data is reported in GpuRigidContactView::getContactData because there are more contact data points than specified maxContactDataCount = 8.
2026-09-10T01:37:07Z [41,142ms] [Warning] [omni.physx.tensors.plugin] Incomplete contact data is reported in GpuRigidContactView::getContactData because there are more contact data points than specified maxContactDataCount = 8.
2026-09-10T01:37:07Z [41,146ms] [Warning] [omni.physx.tensors.plugin] Incomplete contact data is reported in GpuRigidContactView::getContactData because there are more contact data points than specified maxContactDataCount = 8.
2026-09-10T01:37:07Z [41,190ms] [Warning] [omni.physx.tensors.plugin] Incomplete contact data is reported in GpuRigidContactView::getContactData because there are more contact data points than specified maxContactDataCount = 8.
2026-09-10T01:37:07Z [41,194ms] [Warning] [omni.physx.tensors.plugin] Incomplete contact data is reported in GpuRigidContactView::getContactData because there are more contact data points than specified maxContactDataCount = 8.
2026-09-10T01:37:07Z [41,197ms] [Warning] [omni.physx.tensors.plugin] Incomplete contact data is reported in GpuRigidContactView::getContactData because there are more contact data points than specified maxContactDataCount = 8.
2026-09-10T01:37:07Z [41,243ms] [Warning] [omni.physx.tensors.plugin] Incomplete contact data is reported in GpuRigidContactView::getContactData because there are more contact data points than specified maxContactDataCount = 8.
2026-09-10T01:37:07Z [41,247ms] [Warning] [omni.physx.tensors.plugin] Incomplete contact data is reported in GpuRigidContactView::getContactData because there are more contact data points than specified maxContactDataCount = 8.
2026-09-10T01:37:07Z [41,250ms] [Warning] [omni.physx.tensors.plugin] Incomplete contact data is reported in GpuRigidContactView::getContactData because there are more contact data points than specified maxContactDataCount = 8.
2026-09-10T01:37:07Z [41,297ms] [Warning] [omni.physx.tensors.plugin] Incomplete contact data is reported in GpuRigidContactView::getContactData because there are more contact data points than specified maxContactDataCount = 8.
2026-09-10T01:37:07Z [41,300ms] [Warning] [omni.physx.tensors.plugin] Incomplete contact data is reported in GpuRigidContactView::getContactData because there are more contact data points than specified maxContactDataCount = 8.
2026-09-10T01:37:07Z [41,304ms] [Warning] [omni.physx.tensors.plugin] Incomplete contact data is reported in GpuRigidContactView::getContactData because there are more contact data points than specified maxContactDataCount = 8.
2026-09-10T01:37:07Z [41,356ms] [Warning] [omni.physx.tensors.plugin] Incomplete contact data is reported in GpuRigidContactView::getContactData because there are more contact data points than specified maxContactDataCount = 8.
2026-09-10T01:37:07Z [41,360ms] [Warning] [omni.physx.tensors.plugin] Incomplete contact data is reported in GpuRigidContactView::getContactData because there are more contact data points than specified maxContactDataCount = 8.
2026-09-10T01:37:07Z [41,363ms] [Warning] [omni.physx.tensors.plugin] Incomplete contact data is reported in GpuRigidContactView::getContactData because there are more contact data points than specified maxContactDataCount = 8.
2026-09-10T01:37:07Z [41,398ms] [Warning] [omni.physx.tensors.plugin] Incomplete contact data is reported in GpuRigidContactView::getContactData because there are more contact data points than specified maxContactDataCount = 8.
2026-09-10T01:37:07Z [41,401ms] [Warning] [omni.physx.tensors.plugin] Incomplete contact data is reported in GpuRigidContactView::getContactData because there are more contact data points than specified maxContactDataCount = 8.
2026-09-10T01:37:07Z [41,405ms] [Warning] [omni.physx.tensors.plugin] Incomplete contact data is reported in GpuRigidContactView::getContactData because there are more contact data points than specified maxContactDataCount = 8.
2026-09-10T01:37:07Z [41,447ms] [Warning] [omni.physx.tensors.plugin] Incomplete contact data is reported in GpuRigidContactView::getContactData because there are more contact data points than specified maxContactDataCount = 8.
2026-09-10T01:37:07Z [41,451ms] [Warning] [omni.physx.tensors.plugin] Incomplete contact data is reported in GpuRigidContactView::getContactData because there are more contact data points than specified maxContactDataCount = 8.
2026-09-10T01:37:07Z [41,454ms] [Warning] [omni.physx.tensors.plugin] Incomplete contact data is reported in GpuRigidContactView::getContactData because there are more contact data points than specified maxContactDataCount = 8.
2026-09-10T01:37:07Z [41,506ms] [Warning] [omni.physx.tensors.plugin] Incomplete contact data is reported in GpuRigidContactView::getContactData because there are more contact data points than specified maxContactDataCount = 8.
2026-09-10T01:37:07Z [41,517ms] [Warning] [omni.physx.tensors.plugin] Incomplete contact data is reported in GpuRigidContactView::getContactData because there are more contact data points than specified maxContactDataCount = 8.
2026-09-10T01:37:07Z [41,528ms] [Warning] [omni.physx.tensors.plugin] Incomplete contact data is reported in GpuRigidContactView::getContactData because there are more contact data points than specified maxContactDataCount = 8.
2026-09-10T01:37:07Z [41,573ms] [Warning] [omni.physx.tensors.plugin] Incomplete contact data is reported in GpuRigidContactView::getContactData because there are more contact data points than specified maxContactDataCount = 8.
2026-09-10T01:37:07Z [41,577ms] [Warning] [omni.physx.tensors.plugin] Incomplete contact data is reported in GpuRigidContactView::getContactData because there are more contact data points than specified maxContactDataCount = 8.
2026-09-10T01:37:07Z [41,580ms] [Warning] [omni.physx.tensors.plugin] Incomplete contact data is reported in GpuRigidContactView::getContactData because there are more contact data points than specified maxContactDataCount = 8.
2026-09-10T01:37:07Z [41,625ms] [Warning] [omni.physx.tensors.plugin] Incomplete contact data is reported in GpuRigidContactView::getContactData because there are more contact data points than specified maxContactDataCount = 8.
2026-09-10T01:37:07Z [41,629ms] [Warning] [omni.physx.tensors.plugin] Incomplete contact data is reported in GpuRigidContactView::getContactData because there are more contact data points than specified maxContactDataCount = 8.
2026-09-10T01:37:07Z [41,632ms] [Warning] [omni.physx.tensors.plugin] Incomplete contact data is reported in GpuRigidContactView::getContactData because there are more contact data points than specified maxContactDataCount = 8.
2026-09-10T01:37:07Z [41,679ms] [Warning] [omni.physx.tensors.plugin] Incomplete contact data is reported in GpuRigidContactView::getContactData because there are more contact data points than specified maxContactDataCount = 8.
2026-09-10T01:37:08Z [41,683ms] [Warning] [omni.physx.tensors.plugin] Incomplete contact data is reported in GpuRigidContactView::getContactData because there are more contact data points than specified maxContactDataCount = 8.
2026-09-10T01:37:08Z [41,686ms] [Warning] [omni.physx.tensors.plugin] Incomplete contact data is reported in GpuRigidContactView::getContactData because there are more contact data points than specified maxContactDataCount = 8.
2026-09-10T01:37:08Z [41,733ms] [Warning] [omni.physx.tensors.plugin] Incomplete contact data is reported in GpuRigidContactView::getContactData because there are more contact data points than specified maxContactDataCount = 8.
2026-09-10T01:37:08Z [41,736ms] [Warning] [omni.physx.tensors.plugin] Incomplete contact data is reported in GpuRigidContactView::getContactData because there are more contact data points than specified maxContactDataCount = 8.
2026-09-10T01:37:08Z [41,740ms] [Warning] [omni.physx.tensors.plugin] Incomplete contact data is reported in GpuRigidContactView::getContactData because there are more contact data points than specified maxContactDataCount = 8.
2026-09-10T01:37:08Z [41,786ms] [Warning] [omni.physx.tensors.plugin] Incomplete contact data is reported in GpuRigidContactView::getContactData because there are more contact data points than specified maxContactDataCount = 8.
2026-09-10T01:37:08Z [41,789ms] [Warning] [omni.physx.tensors.plugin] Incomplete contact data is reported in GpuRigidContactView::getContactData because there are more contact data points than specified maxContactDataCount = 8.
2026-09-10T01:37:08Z [41,792ms] [Warning] [omni.physx.tensors.plugin] Incomplete contact data is reported in GpuRigidContactView::getContactData because there are more contact data points than specified maxContactDataCount = 8.
2026-09-10T01:37:08Z [41,839ms] [Warning] [omni.physx.tensors.plugin] Incomplete contact data is reported in GpuRigidContactView::getContactData because there are more contact data points than specified maxContactDataCount = 8.
2026-09-10T01:37:08Z [41,842ms] [Warning] [omni.physx.tensors.plugin] Incomplete contact data is reported in GpuRigidContactView::getContactData because there are more contact data points than specified maxContactDataCount = 8.
2026-09-10T01:37:08Z [41,846ms] [Warning] [omni.physx.tensors.plugin] Incomplete contact data is reported in GpuRigidContactView::getContactData because there are more contact data points than specified maxContactDataCount = 8.
2026-09-10T01:37:08Z [41,892ms] [Warning] [omni.physx.tensors.plugin] Incomplete contact data is reported in GpuRigidContactView::getContactData because there are more contact data points than specified maxContactDataCount = 8.
2026-09-10T01:37:08Z [41,895ms] [Warning] [omni.physx.tensors.plugin] Incomplete contact data is reported in GpuRigidContactView::getContactData because there are more contact data points than specified maxContactDataCount = 8.
2026-09-10T01:37:08Z [41,899ms] [Warning] [omni.physx.tensors.plugin] Incomplete contact data is reported in GpuRigidContactView::getContactData because there are more contact data points than specified maxContactDataCount = 8.
2026-09-10T01:37:08Z [41,944ms] [Warning] [omni.physx.tensors.plugin] Incomplete contact data is reported in GpuRigidContactView::getContactData because there are more contact data points than specified maxContactDataCount = 8.
2026-09-10T01:37:08Z [41,948ms] [Warning] [omni.physx.tensors.plugin] Incomplete contact data is reported in GpuRigidContactView::getContactData because there are more contact data points than specified maxContactDataCount = 8.
2026-09-10T01:37:08Z [41,952ms] [Warning] [omni.physx.tensors.plugin] Incomplete contact data is reported in GpuRigidContactView::getContactData because there are more contact data points than specified maxContactDataCount = 8.
2026-09-10T01:37:08Z [41,990ms] [Warning] [omni.physx.tensors.plugin] Incomplete contact data is reported in GpuRigidContactView::getContactData because there are more contact data points than specified maxContactDataCount = 8.
2026-09-10T01:37:08Z [41,994ms] [Warning] [omni.physx.tensors.plugin] Incomplete contact data is reported in GpuRigidContactView::getContactData because there are more contact data points than specified maxContactDataCount = 8.
2026-09-10T01:37:08Z [41,997ms] [Warning] [omni.physx.tensors.plugin] Incomplete contact data is reported in GpuRigidContactView::getContactData because there are more contact data points than specified maxContactDataCount = 8.
2026-09-10T01:37:08Z [42,046ms] [Warning] [omni.physx.tensors.plugin] Incomplete contact data is reported in GpuRigidContactView::getContactData because there are more contact data points than specified maxContactDataCount = 8.
2026-09-10T01:37:08Z [42,050ms] [Warning] [omni.physx.tensors.plugin] Incomplete contact data is reported in GpuRigidContactView::getContactData because there are more contact data points than specified maxContactDataCount = 8.
2026-09-10T01:37:08Z [42,053ms] [Warning] [omni.physx.tensors.plugin] Incomplete contact data is reported in GpuRigidContactView::getContactData because there are more contact data points than specified maxContactDataCount = 8.
2026-09-10T01:37:08Z [42,103ms] [Warning] [omni.physx.tensors.plugin] Incomplete contact data is reported in GpuRigidContactView::getContactData because there are more contact data points than specified maxContactDataCount = 8.
2026-09-10T01:37:08Z [42,106ms] [Warning] [omni.physx.tensors.plugin] Incomplete contact data is reported in GpuRigidContactView::getContactData because there are more contact data points than specified maxContactDataCount = 8.
2026-09-10T01:37:08Z [42,110ms] [Warning] [omni.physx.tensors.plugin] Incomplete contact data is reported in GpuRigidContactView::getContactData because there are more contact data points than specified maxContactDataCount = 8.
2026-09-10T01:37:08Z [42,158ms] [Warning] [omni.physx.tensors.plugin] Incomplete contact data is reported in GpuRigidContactView::getContactData because there are more contact data points than specified maxContactDataCount = 8.
2026-09-10T01:37:08Z [42,161ms] [Warning] [omni.physx.tensors.plugin] Incomplete contact data is reported in GpuRigidContactView::getContactData because there are more contact data points than specified maxContactDataCount = 8.
2026-09-10T01:37:08Z [42,165ms] [Warning] [omni.physx.tensors.plugin] Incomplete contact data is reported in GpuRigidContactView::getContactData because there are more contact data points than specified maxContactDataCount = 8.
2026-09-10T01:37:08Z [42,212ms] [Warning] [omni.physx.tensors.plugin] Incomplete contact data is reported in GpuRigidContactView::getContactData because there are more contact data points than specified maxContactDataCount = 8.
2026-09-10T01:37:08Z [42,215ms] [Warning] [omni.physx.tensors.plugin] Incomplete contact data is reported in GpuRigidContactView::getContactData because there are more contact data points than specified maxContactDataCount = 8.
2026-09-10T01:37:08Z [42,219ms] [Warning] [omni.physx.tensors.plugin] Incomplete contact data is reported in GpuRigidContactView::getContactData because there are more contact data points than specified maxContactDataCount = 8.
2026-09-10T01:37:08Z [42,264ms] [Warning] [omni.physx.tensors.plugin] Incomplete contact data is reported in GpuRigidContactView::getContactData because there are more contact data points than specified maxContactDataCount = 8.
2026-09-10T01:37:08Z [42,268ms] [Warning] [omni.physx.tensors.plugin] Incomplete contact data is reported in GpuRigidContactView::getContactData because there are more contact data points than specified maxContactDataCount = 8.
2026-09-10T01:37:08Z [42,271ms] [Warning] [omni.physx.tensors.plugin] Incomplete contact data is reported in GpuRigidContactView::getContactData because there are more contact data points than specified maxContactDataCount = 8.
2026-09-10T01:37:08Z [42,319ms] [Warning] [omni.physx.tensors.plugin] Incomplete contact data is reported in GpuRigidContactView::getContactData because there are more contact data points than specified maxContactDataCount = 8.
2026-09-10T01:37:08Z [42,322ms] [Warning] [omni.physx.tensors.plugin] Incomplete contact data is reported in GpuRigidContactView::getContactData because there are more contact data points than specified maxContactDataCount = 8.
2026-09-10T01:37:08Z [42,326ms] [Warning] [omni.physx.tensors.plugin] Incomplete contact data is reported in GpuRigidContactView::getContactData because there are more contact data points than specified maxContactDataCount = 8.
2026-09-10T01:37:08Z [42,374ms] [Warning] [omni.physx.tensors.plugin] Incomplete contact data is reported in GpuRigidContactView::getContactData because there are more contact data points than specified maxContactDataCount = 8.
2026-09-10T01:37:08Z [42,377ms] [Warning] [omni.physx.tensors.plugin] Incomplete contact data is reported in GpuRigidContactView::getContactData because there are more contact data points than specified maxContactDataCount = 8.
2026-09-10T01:37:08Z [42,381ms] [Warning] [omni.physx.tensors.plugin] Incomplete contact data is reported in GpuRigidContactView::getContactData because there are more contact data points than specified maxContactDataCount = 8.
2026-09-10T01:37:08Z [42,427ms] [Warning] [omni.physx.tensors.plugin] Incomplete contact data is reported in GpuRigidContactView::getContactData because there are more contact data points than specified maxContactDataCount = 8.
2026-09-10T01:37:08Z [42,430ms] [Warning] [omni.physx.tensors.plugin] Incomplete contact data is reported in GpuRigidContactView::getContactData because there are more contact data points than specified maxContactDataCount = 8.
2026-09-10T01:37:08Z [42,434ms] [Warning] [omni.physx.tensors.plugin] Incomplete contact data is reported in GpuRigidContactView::getContactData because there are more contact data points than specified maxContactDataCount = 8.
2026-09-10T01:37:08Z [42,479ms] [Warning] [omni.physx.tensors.plugin] Incomplete contact data is reported in GpuRigidContactView::getContactData because there are more contact data points than specified maxContactDataCount = 8.
2026-09-10T01:37:08Z [42,482ms] [Warning] [omni.physx.tensors.plugin] Incomplete contact data is reported in GpuRigidContactView::getContactData because there are more contact data points than specified maxContactDataCount = 8.
2026-09-10T01:37:08Z [42,486ms] [Warning] [omni.physx.tensors.plugin] Incomplete contact data is reported in GpuRigidContactView::getContactData because there are more contact data points than specified maxContactDataCount = 8.
TERRAIN_STAND train_ramp_1103 400/1000
2026-09-10T01:37:08Z [42,534ms] [Warning] [omni.physx.tensors.plugin] Incomplete contact data is reported in GpuRigidContactView::getContactData because there are more contact data points than specified maxContactDataCount = 8.
2026-09-10T01:37:08Z [42,538ms] [Warning] [omni.physx.tensors.plugin] Incomplete contact data is reported in GpuRigidContactView::getContactData because there are more contact data points than specified maxContactDataCount = 8.
2026-09-10T01:37:08Z [42,541ms] [Warning] [omni.physx.tensors.plugin] Incomplete contact data is reported in GpuRigidContactView::getContactData because there are more contact data points than specified maxContactDataCount = 8.
2026-09-10T01:37:08Z [42,591ms] [Warning] [omni.physx.tensors.plugin] Incomplete contact data is reported in GpuRigidContactView::getContactData because there are more contact data points than specified maxContactDataCount = 8.
2026-09-10T01:37:08Z [42,595ms] [Warning] [omni.physx.tensors.plugin] Incomplete contact data is reported in GpuRigidContactView::getContactData because there are more contact data points than specified maxContactDataCount = 8.
2026-09-10T01:37:08Z [42,598ms] [Warning] [omni.physx.tensors.plugin] Incomplete contact data is reported in GpuRigidContactView::getContactData because there are more contact data points than specified maxContactDataCount = 8.
2026-09-10T01:37:08Z [42,645ms] [Warning] [omni.physx.tensors.plugin] Incomplete contact data is reported in GpuRigidContactView::getContactData because there are more contact data points than specified maxContactDataCount = 8.
2026-09-10T01:37:08Z [42,649ms] [Warning] [omni.physx.tensors.plugin] Incomplete contact data is reported in GpuRigidContactView::getContactData because there are more contact data points than specified maxContactDataCount = 8.
2026-09-10T01:37:08Z [42,652ms] [Warning] [omni.physx.tensors.plugin] Incomplete contact data is reported in GpuRigidContactView::getContactData because there are more contact data points than specified maxContactDataCount = 8.
2026-09-10T01:37:09Z [42,704ms] [Warning] [omni.physx.tensors.plugin] Incomplete contact data is reported in GpuRigidContactView::getContactData because there are more contact data points than specified maxContactDataCount = 8.
2026-09-10T01:37:09Z [42,707ms] [Warning] [omni.physx.tensors.plugin] Incomplete contact data is reported in GpuRigidContactView::getContactData because there are more contact data points than specified maxContactDataCount = 8.
2026-09-10T01:37:09Z [42,711ms] [Warning] [omni.physx.tensors.plugin] Incomplete contact data is reported in GpuRigidContactView::getContactData because there are more contact data points than specified maxContactDataCount = 8.
2026-09-10T01:37:09Z [42,761ms] [Warning] [omni.physx.tensors.plugin] Incomplete contact data is reported in GpuRigidContactView::getContactData because there are more contact data points than specified maxContactDataCount = 8.
2026-09-10T01:37:09Z [42,764ms] [Warning] [omni.physx.tensors.plugin] Incomplete contact data is reported in GpuRigidContactView::getContactData because there are more contact data points than specified maxContactDataCount = 8.
2026-09-10T01:37:09Z [42,768ms] [Warning] [omni.physx.tensors.plugin] Incomplete contact data is reported in GpuRigidContactView::getContactData because there are more contact data points than specified maxContactDataCount = 8.
2026-09-10T01:37:09Z [42,820ms] [Warning] [omni.physx.tensors.plugin] Incomplete contact data is reported in GpuRigidContactView::getContactData because there are more contact data points than specified maxContactDataCount = 8.
2026-09-10T01:37:09Z [42,823ms] [Warning] [omni.physx.tensors.plugin] Incomplete contact data is reported in GpuRigidContactView::getContactData because there are more contact data points than specified maxContactDataCount = 8.
2026-09-10T01:37:09Z [42,827ms] [Warning] [omni.physx.tensors.plugin] Incomplete contact data is reported in GpuRigidContactView::getContactData because there are more contact data points than specified maxContactDataCount = 8.
2026-09-10T01:37:09Z [42,872ms] [Warning] [omni.physx.tensors.plugin] Incomplete contact data is reported in GpuRigidContactView::getContactData because there are more contact data points than specified maxContactDataCount = 8.
2026-09-10T01:37:09Z [42,876ms] [Warning] [omni.physx.tensors.plugin] Incomplete contact data is reported in GpuRigidContactView::getContactData because there are more contact data points than specified maxContactDataCount = 8.
2026-09-10T01:37:09Z [42,879ms] [Warning] [omni.physx.tensors.plugin] Incomplete contact data is reported in GpuRigidContactView::getContactData because there are more contact data points than specified maxContactDataCount = 8.
2026-09-10T01:37:09Z [42,927ms] [Warning] [omni.physx.tensors.plugin] Incomplete contact data is reported in GpuRigidContactView::getContactData because there are more contact data points than specified maxContactDataCount = 8.
2026-09-10T01:37:09Z [42,930ms] [Warning] [omni.physx.tensors.plugin] Incomplete contact data is reported in GpuRigidContactView::getContactData because there are more contact data points than specified maxContactDataCount = 8.
2026-09-10T01:37:09Z [42,934ms] [Warning] [omni.physx.tensors.plugin] Incomplete contact data is reported in GpuRigidContactView::getContactData because there are more contact data points than specified maxContactDataCount = 8.
2026-09-10T01:37:09Z [42,982ms] [Warning] [omni.physx.tensors.plugin] Incomplete contact data is reported in GpuRigidContactView::getContactData because there are more contact data points than specified maxContactDataCount = 8.
2026-09-10T01:37:09Z [42,985ms] [Warning] [omni.physx.tensors.plugin] Incomplete contact data is reported in GpuRigidContactView::getContactData because there are more contact data points than specified maxContactDataCount = 8.
2026-09-10T01:37:09Z [42,989ms] [Warning] [omni.physx.tensors.plugin] Incomplete contact data is reported in GpuRigidContactView::getContactData because there are more contact data points than specified maxContactDataCount = 8.
2026-09-10T01:37:09Z [43,035ms] [Warning] [omni.physx.tensors.plugin] Incomplete contact data is reported in GpuRigidContactView::getContactData because there are more contact data points than specified maxContactDataCount = 8.
2026-09-10T01:37:09Z [43,038ms] [Warning] [omni.physx.tensors.plugin] Incomplete contact data is reported in GpuRigidContactView::getContactData because there are more contact data points than specified maxContactDataCount = 8.
2026-09-10T01:37:09Z [43,042ms] [Warning] [omni.physx.tensors.plugin] Incomplete contact data is reported in GpuRigidContactView::getContactData because there are more contact data points than specified maxContactDataCount = 8.
2026-09-10T01:37:09Z [43,092ms] [Warning] [omni.physx.tensors.plugin] Incomplete contact data is reported in GpuRigidContactView::getContactData because there are more contact data points than specified maxContactDataCount = 8.
2026-09-10T01:37:09Z [43,095ms] [Warning] [omni.physx.tensors.plugin] Incomplete contact data is reported in GpuRigidContactView::getContactData because there are more contact data points than specified maxContactDataCount = 8.
2026-09-10T01:37:09Z [43,099ms] [Warning] [omni.physx.tensors.plugin] Incomplete contact data is reported in GpuRigidContactView::getContactData because there are more contact data points than specified maxContactDataCount = 8.
2026-09-10T01:37:09Z [43,147ms] [Warning] [omni.physx.tensors.plugin] Incomplete contact data is reported in GpuRigidContactView::getContactData because there are more contact data points than specified maxContactDataCount = 8.
2026-09-10T01:37:09Z [43,151ms] [Warning] [omni.physx.tensors.plugin] Incomplete contact data is reported in GpuRigidContactView::getContactData because there are more contact data points than specified maxContactDataCount = 8.
2026-09-10T01:37:09Z [43,154ms] [Warning] [omni.physx.tensors.plugin] Incomplete contact data is reported in GpuRigidContactView::getContactData because there are more contact data points than specified maxContactDataCount = 8.
2026-09-10T01:37:09Z [43,204ms] [Warning] [omni.physx.tensors.plugin] Incomplete contact data is reported in GpuRigidContactView::getContactData because there are more contact data points than specified maxContactDataCount = 8.
2026-09-10T01:37:09Z [43,207ms] [Warning] [omni.physx.tensors.plugin] Incomplete contact data is reported in GpuRigidContactView::getContactData because there are more contact data points than specified maxContactDataCount = 8.
2026-09-10T01:37:09Z [43,211ms] [Warning] [omni.physx.tensors.plugin] Incomplete contact data is reported in GpuRigidContactView::getContactData because there are more contact data points than specified maxContactDataCount = 8.
2026-09-10T01:37:09Z [43,262ms] [Warning] [omni.physx.tensors.plugin] Incomplete contact data is reported in GpuRigidContactView::getContactData because there are more contact data points than specified maxContactDataCount = 8.
2026-09-10T01:37:09Z [43,273ms] [Warning] [omni.physx.tensors.plugin] Incomplete contact data is reported in GpuRigidContactView::getContactData because there are more contact data points than specified maxContactDataCount = 8.
2026-09-10T01:37:09Z [43,284ms] [Warning] [omni.physx.tensors.plugin] Incomplete contact data is reported in GpuRigidContactView::getContactData because there are more contact data points than specified maxContactDataCount = 8.
2026-09-10T01:37:09Z [43,336ms] [Warning] [omni.physx.tensors.plugin] Incomplete contact data is reported in GpuRigidContactView::getContactData because there are more contact data points than specified maxContactDataCount = 8.
2026-09-10T01:37:09Z [43,339ms] [Warning] [omni.physx.tensors.plugin] Incomplete contact data is reported in GpuRigidContactView::getContactData because there are more contact data points than specified maxContactDataCount = 8.
2026-09-10T01:37:09Z [43,343ms] [Warning] [omni.physx.tensors.plugin] Incomplete contact data is reported in GpuRigidContactView::getContactData because there are more contact data points than specified maxContactDataCount = 8.
2026-09-10T01:37:09Z [43,392ms] [Warning] [omni.physx.tensors.plugin] Incomplete contact data is reported in GpuRigidContactView::getContactData because there are more contact data points than specified maxContactDataCount = 8.
2026-09-10T01:37:09Z [43,396ms] [Warning] [omni.physx.tensors.plugin] Incomplete contact data is reported in GpuRigidContactView::getContactData because there are more contact data points than specified maxContactDataCount = 8.
2026-09-10T01:37:09Z [43,399ms] [Warning] [omni.physx.tensors.plugin] Incomplete contact data is reported in GpuRigidContactView::getContactData because there are more contact data points than specified maxContactDataCount = 8.
2026-09-10T01:37:09Z [43,450ms] [Warning] [omni.physx.tensors.plugin] Incomplete contact data is reported in GpuRigidContactView::getContactData because there are more contact data points than specified maxContactDataCount = 8.
2026-09-10T01:37:09Z [43,453ms] [Warning] [omni.physx.tensors.plugin] Incomplete contact data is reported in GpuRigidContactView::getContactData because there are more contact data points than specified maxContactDataCount = 8.
2026-09-10T01:37:09Z [43,457ms] [Warning] [omni.physx.tensors.plugin] Incomplete contact data is reported in GpuRigidContactView::getContactData because there are more contact data points than specified maxContactDataCount = 8.
2026-09-10T01:37:09Z [43,504ms] [Warning] [omni.physx.tensors.plugin] Incomplete contact data is reported in GpuRigidContactView::getContactData because there are more contact data points than specified maxContactDataCount = 8.
2026-09-10T01:37:09Z [43,507ms] [Warning] [omni.physx.tensors.plugin] Incomplete contact data is reported in GpuRigidContactView::getContactData because there are more contact data points than specified maxContactDataCount = 8.
2026-09-10T01:37:09Z [43,511ms] [Warning] [omni.physx.tensors.plugin] Incomplete contact data is reported in GpuRigidContactView::getContactData because there are more contact data points than specified maxContactDataCount = 8.
2026-09-10T01:37:09Z [43,558ms] [Warning] [omni.physx.tensors.plugin] Incomplete contact data is reported in GpuRigidContactView::getContactData because there are more contact data points than specified maxContactDataCount = 8.
2026-09-10T01:37:09Z [43,562ms] [Warning] [omni.physx.tensors.plugin] Incomplete contact data is reported in GpuRigidContactView::getContactData because there are more contact data points than specified maxContactDataCount = 8.
2026-09-10T01:37:09Z [43,565ms] [Warning] [omni.physx.tensors.plugin] Incomplete contact data is reported in GpuRigidContactView::getContactData because there are more contact data points than specified maxContactDataCount = 8.
2026-09-10T01:37:09Z [43,613ms] [Warning] [omni.physx.tensors.plugin] Incomplete contact data is reported in GpuRigidContactView::getContactData because there are more contact data points than specified maxContactDataCount = 8.
2026-09-10T01:37:09Z [43,617ms] [Warning] [omni.physx.tensors.plugin] Incomplete contact data is reported in GpuRigidContactView::getContactData because there are more contact data points than specified maxContactDataCount = 8.
2026-09-10T01:37:09Z [43,620ms] [Warning] [omni.physx.tensors.plugin] Incomplete contact data is reported in GpuRigidContactView::getContactData because there are more contact data points than specified maxContactDataCount = 8.
2026-09-10T01:37:09Z [43,671ms] [Warning] [omni.physx.tensors.plugin] Incomplete contact data is reported in GpuRigidContactView::getContactData because there are more contact data points than specified maxContactDataCount = 8.
2026-09-10T01:37:09Z [43,675ms] [Warning] [omni.physx.tensors.plugin] Incomplete contact data is reported in GpuRigidContactView::getContactData because there are more contact data points than specified maxContactDataCount = 8.
2026-09-10T01:37:09Z [43,678ms] [Warning] [omni.physx.tensors.plugin] Incomplete contact data is reported in GpuRigidContactView::getContactData because there are more contact data points than specified maxContactDataCount = 8.
2026-09-10T01:37:10Z [43,727ms] [Warning] [omni.physx.tensors.plugin] Incomplete contact data is reported in GpuRigidContactView::getContactData because there are more contact data points than specified maxContactDataCount = 8.
2026-09-10T01:37:10Z [43,731ms] [Warning] [omni.physx.tensors.plugin] Incomplete contact data is reported in GpuRigidContactView::getContactData because there are more contact data points than specified maxContactDataCount = 8.
2026-09-10T01:37:10Z [43,734ms] [Warning] [omni.physx.tensors.plugin] Incomplete contact data is reported in GpuRigidContactView::getContactData because there are more contact data points than specified maxContactDataCount = 8.
2026-09-10T01:37:10Z [43,783ms] [Warning] [omni.physx.tensors.plugin] Incomplete contact data is reported in GpuRigidContactView::getContactData because there are more contact data points than specified maxContactDataCount = 8.
2026-09-10T01:37:10Z [43,787ms] [Warning] [omni.physx.tensors.plugin] Incomplete contact data is reported in GpuRigidContactView::getContactData because there are more contact data points than specified maxContactDataCount = 8.
2026-09-10T01:37:10Z [43,790ms] [Warning] [omni.physx.tensors.plugin] Incomplete contact data is reported in GpuRigidContactView::getContactData because there are more contact data points than specified maxContactDataCount = 8.
2026-09-10T01:37:10Z [43,839ms] [Warning] [omni.physx.tensors.plugin] Incomplete contact data is reported in GpuRigidContactView::getContactData because there are more contact data points than specified maxContactDataCount = 8.
2026-09-10T01:37:10Z [43,842ms] [Warning] [omni.physx.tensors.plugin] Incomplete contact data is reported in GpuRigidContactView::getContactData because there are more contact data points than specified maxContactDataCount = 8.
2026-09-10T01:37:10Z [43,846ms] [Warning] [omni.physx.tensors.plugin] Incomplete contact data is reported in GpuRigidContactView::getContactData because there are more contact data points than specified maxContactDataCount = 8.
2026-09-10T01:37:10Z [43,892ms] [Warning] [omni.physx.tensors.plugin] Incomplete contact data is reported in GpuRigidContactView::getContactData because there are more contact data points than specified maxContactDataCount = 8.
2026-09-10T01:37:10Z [43,895ms] [Warning] [omni.physx.tensors.plugin] Incomplete contact data is reported in GpuRigidContactView::getContactData because there are more contact data points than specified maxContactDataCount = 8.
2026-09-10T01:37:10Z [43,899ms] [Warning] [omni.physx.tensors.plugin] Incomplete contact data is reported in GpuRigidContactView::getContactData because there are more contact data points than specified maxContactDataCount = 8.
2026-09-10T01:37:10Z [43,948ms] [Warning] [omni.physx.tensors.plugin] Incomplete contact data is reported in GpuRigidContactView::getContactData because there are more contact data points than specified maxContactDataCount = 8.
2026-09-10T01:37:10Z [43,951ms] [Warning] [omni.physx.tensors.plugin] Incomplete contact data is reported in GpuRigidContactView::getContactData because there are more contact data points than specified maxContactDataCount = 8.
2026-09-10T01:37:10Z [43,955ms] [Warning] [omni.physx.tensors.plugin] Incomplete contact data is reported in GpuRigidContactView::getContactData because there are more contact data points than specified maxContactDataCount = 8.
2026-09-10T01:37:10Z [44,001ms] [Warning] [omni.physx.tensors.plugin] Incomplete contact data is reported in GpuRigidContactView::getContactData because there are more contact data points than specified maxContactDataCount = 8.
2026-09-10T01:37:10Z [44,005ms] [Warning] [omni.physx.tensors.plugin] Incomplete contact data is reported in GpuRigidContactView::getContactData because there are more contact data points than specified maxContactDataCount = 8.
2026-09-10T01:37:10Z [44,008ms] [Warning] [omni.physx.tensors.plugin] Incomplete contact data is reported in GpuRigidContactView::getContactData because there are more contact data points than specified maxContactDataCount = 8.
2026-09-10T01:37:10Z [44,056ms] [Warning] [omni.physx.tensors.plugin] Incomplete contact data is reported in GpuRigidContactView::getContactData because there are more contact data points than specified maxContactDataCount = 8.
2026-09-10T01:37:10Z [44,059ms] [Warning] [omni.physx.tensors.plugin] Incomplete contact data is reported in GpuRigidContactView::getContactData because there are more contact data points than specified maxContactDataCount = 8.
2026-09-10T01:37:10Z [44,063ms] [Warning] [omni.physx.tensors.plugin] Incomplete contact data is reported in GpuRigidContactView::getContactData because there are more contact data points than specified maxContactDataCount = 8.
2026-09-10T01:37:10Z [44,112ms] [Warning] [omni.physx.tensors.plugin] Incomplete contact data is reported in GpuRigidContactView::getContactData because there are more contact data points than specified maxContactDataCount = 8.
2026-09-10T01:37:10Z [44,116ms] [Warning] [omni.physx.tensors.plugin] Incomplete contact data is reported in GpuRigidContactView::getContactData because there are more contact data points than specified maxContactDataCount = 8.
2026-09-10T01:37:10Z [44,119ms] [Warning] [omni.physx.tensors.plugin] Incomplete contact data is reported in GpuRigidContactView::getContactData because there are more contact data points than specified maxContactDataCount = 8.
2026-09-10T01:37:10Z [44,167ms] [Warning] [omni.physx.tensors.plugin] Incomplete contact data is reported in GpuRigidContactView::getContactData because there are more contact data points than specified maxContactDataCount = 8.
2026-09-10T01:37:10Z [44,170ms] [Warning] [omni.physx.tensors.plugin] Incomplete contact data is reported in GpuRigidContactView::getContactData because there are more contact data points than specified maxContactDataCount = 8.
2026-09-10T01:37:10Z [44,174ms] [Warning] [omni.physx.tensors.plugin] Incomplete contact data is reported in GpuRigidContactView::getContactData because there are more contact data points than specified maxContactDataCount = 8.
2026-09-10T01:37:10Z [44,223ms] [Warning] [omni.physx.tensors.plugin] Incomplete contact data is reported in GpuRigidContactView::getContactData because there are more contact data points than specified maxContactDataCount = 8.
2026-09-10T01:37:10Z [44,227ms] [Warning] [omni.physx.tensors.plugin] Incomplete contact data is reported in GpuRigidContactView::getContactData because there are more contact data points than specified maxContactDataCount = 8.
2026-09-10T01:37:10Z [44,230ms] [Warning] [omni.physx.tensors.plugin] Incomplete contact data is reported in GpuRigidContactView::getContactData because there are more contact data points than specified maxContactDataCount = 8.
2026-09-10T01:37:10Z [44,273ms] [Warning] [omni.physx.tensors.plugin] Incomplete contact data is reported in GpuRigidContactView::getContactData because there are more contact data points than specified maxContactDataCount = 8.
2026-09-10T01:37:10Z [44,276ms] [Warning] [omni.physx.tensors.plugin] Incomplete contact data is reported in GpuRigidContactView::getContactData because there are more contact data points than specified maxContactDataCount = 8.
2026-09-10T01:37:10Z [44,280ms] [Warning] [omni.physx.tensors.plugin] Incomplete contact data is reported in GpuRigidContactView::getContactData because there are more contact data points than specified maxContactDataCount = 8.
2026-09-10T01:37:10Z [44,327ms] [Warning] [omni.physx.tensors.plugin] Incomplete contact data is reported in GpuRigidContactView::getContactData because there are more contact data points than specified maxContactDataCount = 8.
2026-09-10T01:37:10Z [44,330ms] [Warning] [omni.physx.tensors.plugin] Incomplete contact data is reported in GpuRigidContactView::getContactData because there are more contact data points than specified maxContactDataCount = 8.
2026-09-10T01:37:10Z [44,334ms] [Warning] [omni.physx.tensors.plugin] Incomplete contact data is reported in GpuRigidContactView::getContactData because there are more contact data points than specified maxContactDataCount = 8.
2026-09-10T01:37:10Z [44,380ms] [Warning] [omni.physx.tensors.plugin] Incomplete contact data is reported in GpuRigidContactView::getContactData because there are more contact data points than specified maxContactDataCount = 8.
2026-09-10T01:37:10Z [44,384ms] [Warning] [omni.physx.tensors.plugin] Incomplete contact data is reported in GpuRigidContactView::getContactData because there are more contact data points than specified maxContactDataCount = 8.
2026-09-10T01:37:10Z [44,387ms] [Warning] [omni.physx.tensors.plugin] Incomplete contact data is reported in GpuRigidContactView::getContactData because there are more contact data points than specified maxContactDataCount = 8.
2026-09-10T01:37:10Z [44,432ms] [Warning] [omni.physx.tensors.plugin] Incomplete contact data is reported in GpuRigidContactView::getContactData because there are more contact data points than specified maxContactDataCount = 8.
2026-09-10T01:37:10Z [44,436ms] [Warning] [omni.physx.tensors.plugin] Incomplete contact data is reported in GpuRigidContactView::getContactData because there are more contact data points than specified maxContactDataCount = 8.
2026-09-10T01:37:10Z [44,439ms] [Warning] [omni.physx.tensors.plugin] Incomplete contact data is reported in GpuRigidContactView::getContactData because there are more contact data points than specified maxContactDataCount = 8.
2026-09-10T01:37:10Z [44,485ms] [Warning] [omni.physx.tensors.plugin] Incomplete contact data is reported in GpuRigidContactView::getContactData because there are more contact data points than specified maxContactDataCount = 8.
2026-09-10T01:37:10Z [44,488ms] [Warning] [omni.physx.tensors.plugin] Incomplete contact data is reported in GpuRigidContactView::getContactData because there are more contact data points than specified maxContactDataCount = 8.
2026-09-10T01:37:10Z [44,492ms] [Warning] [omni.physx.tensors.plugin] Incomplete contact data is reported in GpuRigidContactView::getContactData because there are more contact data points than specified maxContactDataCount = 8.
2026-09-10T01:37:10Z [44,536ms] [Warning] [omni.physx.tensors.plugin] Incomplete contact data is reported in GpuRigidContactView::getContactData because there are more contact data points than specified maxContactDataCount = 8.
2026-09-10T01:37:10Z [44,539ms] [Warning] [omni.physx.tensors.plugin] Incomplete contact data is reported in GpuRigidContactView::getContactData because there are more contact data points than specified maxContactDataCount = 8.
2026-09-10T01:37:10Z [44,543ms] [Warning] [omni.physx.tensors.plugin] Incomplete contact data is reported in GpuRigidContactView::getContactData because there are more contact data points than specified maxContactDataCount = 8.
2026-09-10T01:37:10Z [44,587ms] [Warning] [omni.physx.tensors.plugin] Incomplete contact data is reported in GpuRigidContactView::getContactData because there are more contact data points than specified maxContactDataCount = 8.
2026-09-10T01:37:10Z [44,590ms] [Warning] [omni.physx.tensors.plugin] Incomplete contact data is reported in GpuRigidContactView::getContactData because there are more contact data points than specified maxContactDataCount = 8.
2026-09-10T01:37:10Z [44,594ms] [Warning] [omni.physx.tensors.plugin] Incomplete contact data is reported in GpuRigidContactView::getContactData because there are more contact data points than specified maxContactDataCount = 8.
2026-09-10T01:37:10Z [44,638ms] [Warning] [omni.physx.tensors.plugin] Incomplete contact data is reported in GpuRigidContactView::getContactData because there are more contact data points than specified maxContactDataCount = 8.
2026-09-10T01:37:10Z [44,642ms] [Warning] [omni.physx.tensors.plugin] Incomplete contact data is reported in GpuRigidContactView::getContactData because there are more contact data points than specified maxContactDataCount = 8.
2026-09-10T01:37:10Z [44,645ms] [Warning] [omni.physx.tensors.plugin] Incomplete contact data is reported in GpuRigidContactView::getContactData because there are more contact data points than specified maxContactDataCount = 8.
2026-09-10T01:37:11Z [44,689ms] [Warning] [omni.physx.tensors.plugin] Incomplete contact data is reported in GpuRigidContactView::getContactData because there are more contact data points than specified maxContactDataCount = 8.
2026-09-10T01:37:11Z [44,693ms] [Warning] [omni.physx.tensors.plugin] Incomplete contact data is reported in GpuRigidContactView::getContactData because there are more contact data points than specified maxContactDataCount = 8.
2026-09-10T01:37:11Z [44,696ms] [Warning] [omni.physx.tensors.plugin] Incomplete contact data is reported in GpuRigidContactView::getContactData because there are more contact data points than specified maxContactDataCount = 8.
2026-09-10T01:37:11Z [44,739ms] [Warning] [omni.physx.tensors.plugin] Incomplete contact data is reported in GpuRigidContactView::getContactData because there are more contact data points than specified maxContactDataCount = 8.
2026-09-10T01:37:11Z [44,742ms] [Warning] [omni.physx.tensors.plugin] Incomplete contact data is reported in GpuRigidContactView::getContactData because there are more contact data points than specified maxContactDataCount = 8.
2026-09-10T01:37:11Z [44,746ms] [Warning] [omni.physx.tensors.plugin] Incomplete contact data is reported in GpuRigidContactView::getContactData because there are more contact data points than specified maxContactDataCount = 8.
2026-09-10T01:37:11Z [44,791ms] [Warning] [omni.physx.tensors.plugin] Incomplete contact data is reported in GpuRigidContactView::getContactData because there are more contact data points than specified maxContactDataCount = 8.
2026-09-10T01:37:11Z [44,795ms] [Warning] [omni.physx.tensors.plugin] Incomplete contact data is reported in GpuRigidContactView::getContactData because there are more contact data points than specified maxContactDataCount = 8.
2026-09-10T01:37:11Z [44,798ms] [Warning] [omni.physx.tensors.plugin] Incomplete contact data is reported in GpuRigidContactView::getContactData because there are more contact data points than specified maxContactDataCount = 8.
2026-09-10T01:37:11Z [44,845ms] [Warning] [omni.physx.tensors.plugin] Incomplete contact data is reported in GpuRigidContactView::getContactData because there are more contact data points than specified maxContactDataCount = 8.
2026-09-10T01:37:11Z [44,849ms] [Warning] [omni.physx.tensors.plugin] Incomplete contact data is reported in GpuRigidContactView::getContactData because there are more contact data points than specified maxContactDataCount = 8.
2026-09-10T01:37:11Z [44,852ms] [Warning] [omni.physx.tensors.plugin] Incomplete contact data is reported in GpuRigidContactView::getContactData because there are more contact data points than specified maxContactDataCount = 8.
2026-09-10T01:37:11Z [44,892ms] [Warning] [omni.physx.tensors.plugin] Incomplete contact data is reported in GpuRigidContactView::getContactData because there are more contact data points than specified maxContactDataCount = 8.
2026-09-10T01:37:11Z [44,895ms] [Warning] [omni.physx.tensors.plugin] Incomplete contact data is reported in GpuRigidContactView::getContactData because there are more contact data points than specified maxContactDataCount = 8.
2026-09-10T01:37:11Z [44,899ms] [Warning] [omni.physx.tensors.plugin] Incomplete contact data is reported in GpuRigidContactView::getContactData because there are more contact data points than specified maxContactDataCount = 8.
2026-09-10T01:37:11Z [44,940ms] [Warning] [omni.physx.tensors.plugin] Incomplete contact data is reported in GpuRigidContactView::getContactData because there are more contact data points than specified maxContactDataCount = 8.
2026-09-10T01:37:11Z [44,944ms] [Warning] [omni.physx.tensors.plugin] Incomplete contact data is reported in GpuRigidContactView::getContactData because there are more contact data points than specified maxContactDataCount = 8.
2026-09-10T01:37:11Z [44,947ms] [Warning] [omni.physx.tensors.plugin] Incomplete contact data is reported in GpuRigidContactView::getContactData because there are more contact data points than specified maxContactDataCount = 8.
2026-09-10T01:37:11Z [44,991ms] [Warning] [omni.physx.tensors.plugin] Incomplete contact data is reported in GpuRigidContactView::getContactData because there are more contact data points than specified maxContactDataCount = 8.
2026-09-10T01:37:11Z [44,994ms] [Warning] [omni.physx.tensors.plugin] Incomplete contact data is reported in GpuRigidContactView::getContactData because there are more contact data points than specified maxContactDataCount = 8.
2026-09-10T01:37:11Z [44,998ms] [Warning] [omni.physx.tensors.plugin] Incomplete contact data is reported in GpuRigidContactView::getContactData because there are more contact data points than specified maxContactDataCount = 8.
2026-09-10T01:37:11Z [45,042ms] [Warning] [omni.physx.tensors.plugin] Incomplete contact data is reported in GpuRigidContactView::getContactData because there are more contact data points than specified maxContactDataCount = 8.
2026-09-10T01:37:11Z [45,046ms] [Warning] [omni.physx.tensors.plugin] Incomplete contact data is reported in GpuRigidContactView::getContactData because there are more contact data points than specified maxContactDataCount = 8.
2026-09-10T01:37:11Z [45,049ms] [Warning] [omni.physx.tensors.plugin] Incomplete contact data is reported in GpuRigidContactView::getContactData because there are more contact data points than specified maxContactDataCount = 8.
2026-09-10T01:37:11Z [45,095ms] [Warning] [omni.physx.tensors.plugin] Incomplete contact data is reported in GpuRigidContactView::getContactData because there are more contact data points than specified maxContactDataCount = 8.
2026-09-10T01:37:11Z [45,098ms] [Warning] [omni.physx.tensors.plugin] Incomplete contact data is reported in GpuRigidContactView::getContactData because there are more contact data points than specified maxContactDataCount = 8.
2026-09-10T01:37:11Z [45,102ms] [Warning] [omni.physx.tensors.plugin] Incomplete contact data is reported in GpuRigidContactView::getContactData because there are more contact data points than specified maxContactDataCount = 8.
2026-09-10T01:37:11Z [45,146ms] [Warning] [omni.physx.tensors.plugin] Incomplete contact data is reported in GpuRigidContactView::getContactData because there are more contact data points than specified maxContactDataCount = 8.
2026-09-10T01:37:11Z [45,150ms] [Warning] [omni.physx.tensors.plugin] Incomplete contact data is reported in GpuRigidContactView::getContactData because there are more contact data points than specified maxContactDataCount = 8.
2026-09-10T01:37:11Z [45,153ms] [Warning] [omni.physx.tensors.plugin] Incomplete contact data is reported in GpuRigidContactView::getContactData because there are more contact data points than specified maxContactDataCount = 8.
2026-09-10T01:37:11Z [45,196ms] [Warning] [omni.physx.tensors.plugin] Incomplete contact data is reported in GpuRigidContactView::getContactData because there are more contact data points than specified maxContactDataCount = 8.
2026-09-10T01:37:11Z [45,199ms] [Warning] [omni.physx.tensors.plugin] Incomplete contact data is reported in GpuRigidContactView::getContactData because there are more contact data points than specified maxContactDataCount = 8.
2026-09-10T01:37:11Z [45,203ms] [Warning] [omni.physx.tensors.plugin] Incomplete contact data is reported in GpuRigidContactView::getContactData because there are more contact data points than specified maxContactDataCount = 8.
2026-09-10T01:37:11Z [45,248ms] [Warning] [omni.physx.tensors.plugin] Incomplete contact data is reported in GpuRigidContactView::getContactData because there are more contact data points than specified maxContactDataCount = 8.
2026-09-10T01:37:11Z [45,252ms] [Warning] [omni.physx.tensors.plugin] Incomplete contact data is reported in GpuRigidContactView::getContactData because there are more contact data points than specified maxContactDataCount = 8.
2026-09-10T01:37:11Z [45,255ms] [Warning] [omni.physx.tensors.plugin] Incomplete contact data is reported in GpuRigidContactView::getContactData because there are more contact data points than specified maxContactDataCount = 8.
2026-09-10T01:37:11Z [45,305ms] [Warning] [omni.physx.tensors.plugin] Incomplete contact data is reported in GpuRigidContactView::getContactData because there are more contact data points than specified maxContactDataCount = 8.
2026-09-10T01:37:11Z [45,308ms] [Warning] [omni.physx.tensors.plugin] Incomplete contact data is reported in GpuRigidContactView::getContactData because there are more contact data points than specified maxContactDataCount = 8.
2026-09-10T01:37:11Z [45,312ms] [Warning] [omni.physx.tensors.plugin] Incomplete contact data is reported in GpuRigidContactView::getContactData because there are more contact data points than specified maxContactDataCount = 8.
2026-09-10T01:37:11Z [45,357ms] [Warning] [omni.physx.tensors.plugin] Incomplete contact data is reported in GpuRigidContactView::getContactData because there are more contact data points than specified maxContactDataCount = 8.
2026-09-10T01:37:11Z [45,361ms] [Warning] [omni.physx.tensors.plugin] Incomplete contact data is reported in GpuRigidContactView::getContactData because there are more contact data points than specified maxContactDataCount = 8.
2026-09-10T01:37:11Z [45,364ms] [Warning] [omni.physx.tensors.plugin] Incomplete contact data is reported in GpuRigidContactView::getContactData because there are more contact data points than specified maxContactDataCount = 8.
2026-09-10T01:37:11Z [45,412ms] [Warning] [omni.physx.tensors.plugin] Incomplete contact data is reported in GpuRigidContactView::getContactData because there are more contact data points than specified maxContactDataCount = 8.
2026-09-10T01:37:11Z [45,415ms] [Warning] [omni.physx.tensors.plugin] Incomplete contact data is reported in GpuRigidContactView::getContactData because there are more contact data points than specified maxContactDataCount = 8.
2026-09-10T01:37:11Z [45,419ms] [Warning] [omni.physx.tensors.plugin] Incomplete contact data is reported in GpuRigidContactView::getContactData because there are more contact data points than specified maxContactDataCount = 8.
2026-09-10T01:37:11Z [45,464ms] [Warning] [omni.physx.tensors.plugin] Incomplete contact data is reported in GpuRigidContactView::getContactData because there are more contact data points than specified maxContactDataCount = 8.
2026-09-10T01:37:11Z [45,468ms] [Warning] [omni.physx.tensors.plugin] Incomplete contact data is reported in GpuRigidContactView::getContactData because there are more contact data points than specified maxContactDataCount = 8.
2026-09-10T01:37:11Z [45,471ms] [Warning] [omni.physx.tensors.plugin] Incomplete contact data is reported in GpuRigidContactView::getContactData because there are more contact data points than specified maxContactDataCount = 8.
2026-09-10T01:37:11Z [45,522ms] [Warning] [omni.physx.tensors.plugin] Incomplete contact data is reported in GpuRigidContactView::getContactData because there are more contact data points than specified maxContactDataCount = 8.
2026-09-10T01:37:11Z [45,525ms] [Warning] [omni.physx.tensors.plugin] Incomplete contact data is reported in GpuRigidContactView::getContactData because there are more contact data points than specified maxContactDataCount = 8.
2026-09-10T01:37:11Z [45,529ms] [Warning] [omni.physx.tensors.plugin] Incomplete contact data is reported in GpuRigidContactView::getContactData because there are more contact data points than specified maxContactDataCount = 8.
2026-09-10T01:37:11Z [45,580ms] [Warning] [omni.physx.tensors.plugin] Incomplete contact data is reported in GpuRigidContactView::getContactData because there are more contact data points than specified maxContactDataCount = 8.
2026-09-10T01:37:11Z [45,584ms] [Warning] [omni.physx.tensors.plugin] Incomplete contact data is reported in GpuRigidContactView::getContactData because there are more contact data points than specified maxContactDataCount = 8.
2026-09-10T01:37:11Z [45,587ms] [Warning] [omni.physx.tensors.plugin] Incomplete contact data is reported in GpuRigidContactView::getContactData because there are more contact data points than specified maxContactDataCount = 8.
2026-09-10T01:37:11Z [45,635ms] [Warning] [omni.physx.tensors.plugin] Incomplete contact data is reported in GpuRigidContactView::getContactData because there are more contact data points than specified maxContactDataCount = 8.
2026-09-10T01:37:11Z [45,639ms] [Warning] [omni.physx.tensors.plugin] Incomplete contact data is reported in GpuRigidContactView::getContactData because there are more contact data points than specified maxContactDataCount = 8.
2026-09-10T01:37:11Z [45,642ms] [Warning] [omni.physx.tensors.plugin] Incomplete contact data is reported in GpuRigidContactView::getContactData because there are more contact data points than specified maxContactDataCount = 8.
2026-09-10T01:37:12Z [45,692ms] [Warning] [omni.physx.tensors.plugin] Incomplete contact data is reported in GpuRigidContactView::getContactData because there are more contact data points than specified maxContactDataCount = 8.
2026-09-10T01:37:12Z [45,695ms] [Warning] [omni.physx.tensors.plugin] Incomplete contact data is reported in GpuRigidContactView::getContactData because there are more contact data points than specified maxContactDataCount = 8.
2026-09-10T01:37:12Z [45,699ms] [Warning] [omni.physx.tensors.plugin] Incomplete contact data is reported in GpuRigidContactView::getContactData because there are more contact data points than specified maxContactDataCount = 8.
2026-09-10T01:37:12Z [45,750ms] [Warning] [omni.physx.tensors.plugin] Incomplete contact data is reported in GpuRigidContactView::getContactData because there are more contact data points than specified maxContactDataCount = 8.
2026-09-10T01:37:12Z [45,753ms] [Warning] [omni.physx.tensors.plugin] Incomplete contact data is reported in GpuRigidContactView::getContactData because there are more contact data points than specified maxContactDataCount = 8.
2026-09-10T01:37:12Z [45,757ms] [Warning] [omni.physx.tensors.plugin] Incomplete contact data is reported in GpuRigidContactView::getContactData because there are more contact data points than specified maxContactDataCount = 8.
2026-09-10T01:37:12Z [45,803ms] [Warning] [omni.physx.tensors.plugin] Incomplete contact data is reported in GpuRigidContactView::getContactData because there are more contact data points than specified maxContactDataCount = 8.
2026-09-10T01:37:12Z [45,807ms] [Warning] [omni.physx.tensors.plugin] Incomplete contact data is reported in GpuRigidContactView::getContactData because there are more contact data points than specified maxContactDataCount = 8.
2026-09-10T01:37:12Z [45,810ms] [Warning] [omni.physx.tensors.plugin] Incomplete contact data is reported in GpuRigidContactView::getContactData because there are more contact data points than specified maxContactDataCount = 8.
2026-09-10T01:37:12Z [45,860ms] [Warning] [omni.physx.tensors.plugin] Incomplete contact data is reported in GpuRigidContactView::getContactData because there are more contact data points than specified maxContactDataCount = 8.
2026-09-10T01:37:12Z [45,863ms] [Warning] [omni.physx.tensors.plugin] Incomplete contact data is reported in GpuRigidContactView::getContactData because there are more contact data points than specified maxContactDataCount = 8.
2026-09-10T01:37:12Z [45,867ms] [Warning] [omni.physx.tensors.plugin] Incomplete contact data is reported in GpuRigidContactView::getContactData because there are more contact data points than specified maxContactDataCount = 8.
2026-09-10T01:37:12Z [45,917ms] [Warning] [omni.physx.tensors.plugin] Incomplete contact data is reported in GpuRigidContactView::getContactData because there are more contact data points than specified maxContactDataCount = 8.
2026-09-10T01:37:12Z [45,921ms] [Warning] [omni.physx.tensors.plugin] Incomplete contact data is reported in GpuRigidContactView::getContactData because there are more contact data points than specified maxContactDataCount = 8.
2026-09-10T01:37:12Z [45,924ms] [Warning] [omni.physx.tensors.plugin] Incomplete contact data is reported in GpuRigidContactView::getContactData because there are more contact data points than specified maxContactDataCount = 8.
2026-09-10T01:37:12Z [45,972ms] [Warning] [omni.physx.tensors.plugin] Incomplete contact data is reported in GpuRigidContactView::getContactData because there are more contact data points than specified maxContactDataCount = 8.
2026-09-10T01:37:12Z [45,975ms] [Warning] [omni.physx.tensors.plugin] Incomplete contact data is reported in GpuRigidContactView::getContactData because there are more contact data points than specified maxContactDataCount = 8.
2026-09-10T01:37:12Z [45,979ms] [Warning] [omni.physx.tensors.plugin] Incomplete contact data is reported in GpuRigidContactView::getContactData because there are more contact data points than specified maxContactDataCount = 8.
2026-09-10T01:37:12Z [46,025ms] [Warning] [omni.physx.tensors.plugin] Incomplete contact data is reported in GpuRigidContactView::getContactData because there are more contact data points than specified maxContactDataCount = 8.
2026-09-10T01:37:12Z [46,028ms] [Warning] [omni.physx.tensors.plugin] Incomplete contact data is reported in GpuRigidContactView::getContactData because there are more contact data points than specified maxContactDataCount = 8.
2026-09-10T01:37:12Z [46,032ms] [Warning] [omni.physx.tensors.plugin] Incomplete contact data is reported in GpuRigidContactView::getContactData because there are more contact data points than specified maxContactDataCount = 8.
2026-09-10T01:37:12Z [46,081ms] [Warning] [omni.physx.tensors.plugin] Incomplete contact data is reported in GpuRigidContactView::getContactData because there are more contact data points than specified maxContactDataCount = 8.
2026-09-10T01:37:12Z [46,084ms] [Warning] [omni.physx.tensors.plugin] Incomplete contact data is reported in GpuRigidContactView::getContactData because there are more contact data points than specified maxContactDataCount = 8.
2026-09-10T01:37:12Z [46,088ms] [Warning] [omni.physx.tensors.plugin] Incomplete contact data is reported in GpuRigidContactView::getContactData because there are more contact data points than specified maxContactDataCount = 8.
2026-09-10T01:37:12Z [46,138ms] [Warning] [omni.physx.tensors.plugin] Incomplete contact data is reported in GpuRigidContactView::getContactData because there are more contact data points than specified maxContactDataCount = 8.
2026-09-10T01:37:12Z [46,141ms] [Warning] [omni.physx.tensors.plugin] Incomplete contact data is reported in GpuRigidContactView::getContactData because there are more contact data points than specified maxContactDataCount = 8.
2026-09-10T01:37:12Z [46,145ms] [Warning] [omni.physx.tensors.plugin] Incomplete contact data is reported in GpuRigidContactView::getContactData because there are more contact data points than specified maxContactDataCount = 8.
2026-09-10T01:37:12Z [46,194ms] [Warning] [omni.physx.tensors.plugin] Incomplete contact data is reported in GpuRigidContactView::getContactData because there are more contact data points than specified maxContactDataCount = 8.
2026-09-10T01:37:12Z [46,198ms] [Warning] [omni.physx.tensors.plugin] Incomplete contact data is reported in GpuRigidContactView::getContactData because there are more contact data points than specified maxContactDataCount = 8.
2026-09-10T01:37:12Z [46,201ms] [Warning] [omni.physx.tensors.plugin] Incomplete contact data is reported in GpuRigidContactView::getContactData because there are more contact data points than specified maxContactDataCount = 8.
2026-09-10T01:37:12Z [46,250ms] [Warning] [omni.physx.tensors.plugin] Incomplete contact data is reported in GpuRigidContactView::getContactData because there are more contact data points than specified maxContactDataCount = 8.
2026-09-10T01:37:12Z [46,254ms] [Warning] [omni.physx.tensors.plugin] Incomplete contact data is reported in GpuRigidContactView::getContactData because there are more contact data points than specified maxContactDataCount = 8.
2026-09-10T01:37:12Z [46,257ms] [Warning] [omni.physx.tensors.plugin] Incomplete contact data is reported in GpuRigidContactView::getContactData because there are more contact data points than specified maxContactDataCount = 8.
2026-09-10T01:37:12Z [46,306ms] [Warning] [omni.physx.tensors.plugin] Incomplete contact data is reported in GpuRigidContactView::getContactData because there are more contact data points than specified maxContactDataCount = 8.
2026-09-10T01:37:12Z [46,309ms] [Warning] [omni.physx.tensors.plugin] Incomplete contact data is reported in GpuRigidContactView::getContactData because there are more contact data points than specified maxContactDataCount = 8.
2026-09-10T01:37:12Z [46,313ms] [Warning] [omni.physx.tensors.plugin] Incomplete contact data is reported in GpuRigidContactView::getContactData because there are more contact data points than specified maxContactDataCount = 8.
2026-09-10T01:37:12Z [46,361ms] [Warning] [omni.physx.tensors.plugin] Incomplete contact data is reported in GpuRigidContactView::getContactData because there are more contact data points than specified maxContactDataCount = 8.
2026-09-10T01:37:12Z [46,364ms] [Warning] [omni.physx.tensors.plugin] Incomplete contact data is reported in GpuRigidContactView::getContactData because there are more contact data points than specified maxContactDataCount = 8.
2026-09-10T01:37:12Z [46,368ms] [Warning] [omni.physx.tensors.plugin] Incomplete contact data is reported in GpuRigidContactView::getContactData because there are more contact data points than specified maxContactDataCount = 8.
2026-09-10T01:37:12Z [46,418ms] [Warning] [omni.physx.tensors.plugin] Incomplete contact data is reported in GpuRigidContactView::getContactData because there are more contact data points than specified maxContactDataCount = 8.
2026-09-10T01:37:12Z [46,422ms] [Warning] [omni.physx.tensors.plugin] Incomplete contact data is reported in GpuRigidContactView::getContactData because there are more contact data points than specified maxContactDataCount = 8.
2026-09-10T01:37:12Z [46,425ms] [Warning] [omni.physx.tensors.plugin] Incomplete contact data is reported in GpuRigidContactView::getContactData because there are more contact data points than specified maxContactDataCount = 8.
2026-09-10T01:37:12Z [46,479ms] [Warning] [omni.physx.tensors.plugin] Incomplete contact data is reported in GpuRigidContactView::getContactData because there are more contact data points than specified maxContactDataCount = 8.
2026-09-10T01:37:12Z [46,482ms] [Warning] [omni.physx.tensors.plugin] Incomplete contact data is reported in GpuRigidContactView::getContactData because there are more contact data points than specified maxContactDataCount = 8.
2026-09-10T01:37:12Z [46,486ms] [Warning] [omni.physx.tensors.plugin] Incomplete contact data is reported in GpuRigidContactView::getContactData because there are more contact data points than specified maxContactDataCount = 8.
2026-09-10T01:37:12Z [46,536ms] [Warning] [omni.physx.tensors.plugin] Incomplete contact data is reported in GpuRigidContactView::getContactData because there are more contact data points than specified maxContactDataCount = 8.
2026-09-10T01:37:12Z [46,540ms] [Warning] [omni.physx.tensors.plugin] Incomplete contact data is reported in GpuRigidContactView::getContactData because there are more contact data points than specified maxContactDataCount = 8.
2026-09-10T01:37:12Z [46,543ms] [Warning] [omni.physx.tensors.plugin] Incomplete contact data is reported in GpuRigidContactView::getContactData because there are more contact data points than specified maxContactDataCount = 8.
2026-09-10T01:37:12Z [46,595ms] [Warning] [omni.physx.tensors.plugin] Incomplete contact data is reported in GpuRigidContactView::getContactData because there are more contact data points than specified maxContactDataCount = 8.
2026-09-10T01:37:12Z [46,599ms] [Warning] [omni.physx.tensors.plugin] Incomplete contact data is reported in GpuRigidContactView::getContactData because there are more contact data points than specified maxContactDataCount = 8.
2026-09-10T01:37:12Z [46,602ms] [Warning] [omni.physx.tensors.plugin] Incomplete contact data is reported in GpuRigidContactView::getContactData because there are more contact data points than specified maxContactDataCount = 8.
2026-09-10T01:37:12Z [46,655ms] [Warning] [omni.physx.tensors.plugin] Incomplete contact data is reported in GpuRigidContactView::getContactData because there are more contact data points than specified maxContactDataCount = 8.
2026-09-10T01:37:12Z [46,658ms] [Warning] [omni.physx.tensors.plugin] Incomplete contact data is reported in GpuRigidContactView::getContactData because there are more contact data points than specified maxContactDataCount = 8.
2026-09-10T01:37:12Z [46,662ms] [Warning] [omni.physx.tensors.plugin] Incomplete contact data is reported in GpuRigidContactView::getContactData because there are more contact data points than specified maxContactDataCount = 8.
2026-09-10T01:37:13Z [46,713ms] [Warning] [omni.physx.tensors.plugin] Incomplete contact data is reported in GpuRigidContactView::getContactData because there are more contact data points than specified maxContactDataCount = 8.
2026-09-10T01:37:13Z [46,716ms] [Warning] [omni.physx.tensors.plugin] Incomplete contact data is reported in GpuRigidContactView::getContactData because there are more contact data points than specified maxContactDataCount = 8.
2026-09-10T01:37:13Z [46,720ms] [Warning] [omni.physx.tensors.plugin] Incomplete contact data is reported in GpuRigidContactView::getContactData because there are more contact data points than specified maxContactDataCount = 8.
2026-09-10T01:37:13Z [46,771ms] [Warning] [omni.physx.tensors.plugin] Incomplete contact data is reported in GpuRigidContactView::getContactData because there are more contact data points than specified maxContactDataCount = 8.
2026-09-10T01:37:13Z [46,774ms] [Warning] [omni.physx.tensors.plugin] Incomplete contact data is reported in GpuRigidContactView::getContactData because there are more contact data points than specified maxContactDataCount = 8.
2026-09-10T01:37:13Z [46,778ms] [Warning] [omni.physx.tensors.plugin] Incomplete contact data is reported in GpuRigidContactView::getContactData because there are more contact data points than specified maxContactDataCount = 8.
2026-09-10T01:37:13Z [46,833ms] [Warning] [omni.physx.tensors.plugin] Incomplete contact data is reported in GpuRigidContactView::getContactData because there are more contact data points than specified maxContactDataCount = 8.
2026-09-10T01:37:13Z [46,836ms] [Warning] [omni.physx.tensors.plugin] Incomplete contact data is reported in GpuRigidContactView::getContactData because there are more contact data points than specified maxContactDataCount = 8.
2026-09-10T01:37:13Z [46,840ms] [Warning] [omni.physx.tensors.plugin] Incomplete contact data is reported in GpuRigidContactView::getContactData because there are more contact data points than specified maxContactDataCount = 8.
2026-09-10T01:37:13Z [46,889ms] [Warning] [omni.physx.tensors.plugin] Incomplete contact data is reported in GpuRigidContactView::getContactData because there are more contact data points than specified maxContactDataCount = 8.
2026-09-10T01:37:13Z [46,893ms] [Warning] [omni.physx.tensors.plugin] Incomplete contact data is reported in GpuRigidContactView::getContactData because there are more contact data points than specified maxContactDataCount = 8.
2026-09-10T01:37:13Z [46,896ms] [Warning] [omni.physx.tensors.plugin] Incomplete contact data is reported in GpuRigidContactView::getContactData because there are more contact data points than specified maxContactDataCount = 8.
2026-09-10T01:37:13Z [46,949ms] [Warning] [omni.physx.tensors.plugin] Incomplete contact data is reported in GpuRigidContactView::getContactData because there are more contact data points than specified maxContactDataCount = 8.
2026-09-10T01:37:13Z [46,953ms] [Warning] [omni.physx.tensors.plugin] Incomplete contact data is reported in GpuRigidContactView::getContactData because there are more contact data points than specified maxContactDataCount = 8.
2026-09-10T01:37:13Z [46,956ms] [Warning] [omni.physx.tensors.plugin] Incomplete contact data is reported in GpuRigidContactView::getContactData because there are more contact data points than specified maxContactDataCount = 8.
2026-09-10T01:37:13Z [47,006ms] [Warning] [omni.physx.tensors.plugin] Incomplete contact data is reported in GpuRigidContactView::getContactData because there are more contact data points than specified maxContactDataCount = 8.
2026-09-10T01:37:13Z [47,010ms] [Warning] [omni.physx.tensors.plugin] Incomplete contact data is reported in GpuRigidContactView::getContactData because there are more contact data points than specified maxContactDataCount = 8.
2026-09-10T01:37:13Z [47,013ms] [Warning] [omni.physx.tensors.plugin] Incomplete contact data is reported in GpuRigidContactView::getContactData because there are more contact data points than specified maxContactDataCount = 8.
2026-09-10T01:37:13Z [47,063ms] [Warning] [omni.physx.tensors.plugin] Incomplete contact data is reported in GpuRigidContactView::getContactData because there are more contact data points than specified maxContactDataCount = 8.
2026-09-10T01:37:13Z [47,067ms] [Warning] [omni.physx.tensors.plugin] Incomplete contact data is reported in GpuRigidContactView::getContactData because there are more contact data points than specified maxContactDataCount = 8.
2026-09-10T01:37:13Z [47,070ms] [Warning] [omni.physx.tensors.plugin] Incomplete contact data is reported in GpuRigidContactView::getContactData because there are more contact data points than specified maxContactDataCount = 8.
2026-09-10T01:37:13Z [47,121ms] [Warning] [omni.physx.tensors.plugin] Incomplete contact data is reported in GpuRigidContactView::getContactData because there are more contact data points than specified maxContactDataCount = 8.
2026-09-10T01:37:13Z [47,125ms] [Warning] [omni.physx.tensors.plugin] Incomplete contact data is reported in GpuRigidContactView::getContactData because there are more contact data points than specified maxContactDataCount = 8.
2026-09-10T01:37:13Z [47,128ms] [Warning] [omni.physx.tensors.plugin] Incomplete contact data is reported in GpuRigidContactView::getContactData because there are more contact data points than specified maxContactDataCount = 8.
2026-09-10T01:37:13Z [47,181ms] [Warning] [omni.physx.tensors.plugin] Incomplete contact data is reported in GpuRigidContactView::getContactData because there are more contact data points than specified maxContactDataCount = 8.
2026-09-10T01:37:13Z [47,185ms] [Warning] [omni.physx.tensors.plugin] Incomplete contact data is reported in GpuRigidContactView::getContactData because there are more contact data points than specified maxContactDataCount = 8.
2026-09-10T01:37:13Z [47,188ms] [Warning] [omni.physx.tensors.plugin] Incomplete contact data is reported in GpuRigidContactView::getContactData because there are more contact data points than specified maxContactDataCount = 8.
2026-09-10T01:37:13Z [47,241ms] [Warning] [omni.physx.tensors.plugin] Incomplete contact data is reported in GpuRigidContactView::getContactData because there are more contact data points than specified maxContactDataCount = 8.
2026-09-10T01:37:13Z [47,245ms] [Warning] [omni.physx.tensors.plugin] Incomplete contact data is reported in GpuRigidContactView::getContactData because there are more contact data points than specified maxContactDataCount = 8.
2026-09-10T01:37:13Z [47,248ms] [Warning] [omni.physx.tensors.plugin] Incomplete contact data is reported in GpuRigidContactView::getContactData because there are more contact data points than specified maxContactDataCount = 8.
2026-09-10T01:37:13Z [47,301ms] [Warning] [omni.physx.tensors.plugin] Incomplete contact data is reported in GpuRigidContactView::getContactData because there are more contact data points than specified maxContactDataCount = 8.
2026-09-10T01:37:13Z [47,305ms] [Warning] [omni.physx.tensors.plugin] Incomplete contact data is reported in GpuRigidContactView::getContactData because there are more contact data points than specified maxContactDataCount = 8.
2026-09-10T01:37:13Z [47,309ms] [Warning] [omni.physx.tensors.plugin] Incomplete contact data is reported in GpuRigidContactView::getContactData because there are more contact data points than specified maxContactDataCount = 8.
2026-09-10T01:37:13Z [47,354ms] [Warning] [omni.physx.tensors.plugin] Incomplete contact data is reported in GpuRigidContactView::getContactData because there are more contact data points than specified maxContactDataCount = 8.
2026-09-10T01:37:13Z [47,358ms] [Warning] [omni.physx.tensors.plugin] Incomplete contact data is reported in GpuRigidContactView::getContactData because there are more contact data points than specified maxContactDataCount = 8.
2026-09-10T01:37:13Z [47,361ms] [Warning] [omni.physx.tensors.plugin] Incomplete contact data is reported in GpuRigidContactView::getContactData because there are more contact data points than specified maxContactDataCount = 8.
2026-09-10T01:37:13Z [47,416ms] [Warning] [omni.physx.tensors.plugin] Incomplete contact data is reported in GpuRigidContactView::getContactData because there are more contact data points than specified maxContactDataCount = 8.
2026-09-10T01:37:13Z [47,419ms] [Warning] [omni.physx.tensors.plugin] Incomplete contact data is reported in GpuRigidContactView::getContactData because there are more contact data points than specified maxContactDataCount = 8.
2026-09-10T01:37:13Z [47,423ms] [Warning] [omni.physx.tensors.plugin] Incomplete contact data is reported in GpuRigidContactView::getContactData because there are more contact data points than specified maxContactDataCount = 8.
2026-09-10T01:37:13Z [47,474ms] [Warning] [omni.physx.tensors.plugin] Incomplete contact data is reported in GpuRigidContactView::getContactData because there are more contact data points than specified maxContactDataCount = 8.
2026-09-10T01:37:13Z [47,477ms] [Warning] [omni.physx.tensors.plugin] Incomplete contact data is reported in GpuRigidContactView::getContactData because there are more contact data points than specified maxContactDataCount = 8.
2026-09-10T01:37:13Z [47,481ms] [Warning] [omni.physx.tensors.plugin] Incomplete contact data is reported in GpuRigidContactView::getContactData because there are more contact data points than specified maxContactDataCount = 8.
2026-09-10T01:37:13Z [47,531ms] [Warning] [omni.physx.tensors.plugin] Incomplete contact data is reported in GpuRigidContactView::getContactData because there are more contact data points than specified maxContactDataCount = 8.
2026-09-10T01:37:13Z [47,535ms] [Warning] [omni.physx.tensors.plugin] Incomplete contact data is reported in GpuRigidContactView::getContactData because there are more contact data points than specified maxContactDataCount = 8.
2026-09-10T01:37:13Z [47,538ms] [Warning] [omni.physx.tensors.plugin] Incomplete contact data is reported in GpuRigidContactView::getContactData because there are more contact data points than specified maxContactDataCount = 8.
2026-09-10T01:37:13Z [47,590ms] [Warning] [omni.physx.tensors.plugin] Incomplete contact data is reported in GpuRigidContactView::getContactData because there are more contact data points than specified maxContactDataCount = 8.
2026-09-10T01:37:13Z [47,593ms] [Warning] [omni.physx.tensors.plugin] Incomplete contact data is reported in GpuRigidContactView::getContactData because there are more contact data points than specified maxContactDataCount = 8.
2026-09-10T01:37:13Z [47,597ms] [Warning] [omni.physx.tensors.plugin] Incomplete contact data is reported in GpuRigidContactView::getContactData because there are more contact data points than specified maxContactDataCount = 8.
2026-09-10T01:37:13Z [47,649ms] [Warning] [omni.physx.tensors.plugin] Incomplete contact data is reported in GpuRigidContactView::getContactData because there are more contact data points than specified maxContactDataCount = 8.
2026-09-10T01:37:13Z [47,653ms] [Warning] [omni.physx.tensors.plugin] Incomplete contact data is reported in GpuRigidContactView::getContactData because there are more contact data points than specified maxContactDataCount = 8.
2026-09-10T01:37:13Z [47,656ms] [Warning] [omni.physx.tensors.plugin] Incomplete contact data is reported in GpuRigidContactView::getContactData because there are more contact data points than specified maxContactDataCount = 8.
2026-09-10T01:37:14Z [47,707ms] [Warning] [omni.physx.tensors.plugin] Incomplete contact data is reported in GpuRigidContactView::getContactData because there are more contact data points than specified maxContactDataCount = 8.
2026-09-10T01:37:14Z [47,710ms] [Warning] [omni.physx.tensors.plugin] Incomplete contact data is reported in GpuRigidContactView::getContactData because there are more contact data points than specified maxContactDataCount = 8.
2026-09-10T01:37:14Z [47,713ms] [Warning] [omni.physx.tensors.plugin] Incomplete contact data is reported in GpuRigidContactView::getContactData because there are more contact data points than specified maxContactDataCount = 8.
2026-09-10T01:37:14Z [47,764ms] [Warning] [omni.physx.tensors.plugin] Incomplete contact data is reported in GpuRigidContactView::getContactData because there are more contact data points than specified maxContactDataCount = 8.
2026-09-10T01:37:14Z [47,768ms] [Warning] [omni.physx.tensors.plugin] Incomplete contact data is reported in GpuRigidContactView::getContactData because there are more contact data points than specified maxContactDataCount = 8.
2026-09-10T01:37:14Z [47,771ms] [Warning] [omni.physx.tensors.plugin] Incomplete contact data is reported in GpuRigidContactView::getContactData because there are more contact data points than specified maxContactDataCount = 8.
2026-09-10T01:37:14Z [47,822ms] [Warning] [omni.physx.tensors.plugin] Incomplete contact data is reported in GpuRigidContactView::getContactData because there are more contact data points than specified maxContactDataCount = 8.
2026-09-10T01:37:14Z [47,825ms] [Warning] [omni.physx.tensors.plugin] Incomplete contact data is reported in GpuRigidContactView::getContactData because there are more contact data points than specified maxContactDataCount = 8.
2026-09-10T01:37:14Z [47,828ms] [Warning] [omni.physx.tensors.plugin] Incomplete contact data is reported in GpuRigidContactView::getContactData because there are more contact data points than specified maxContactDataCount = 8.
TERRAIN_STAND train_ramp_1103 500/1000
2026-09-10T01:37:14Z [47,882ms] [Warning] [omni.physx.tensors.plugin] Incomplete contact data is reported in GpuRigidContactView::getContactData because there are more contact data points than specified maxContactDataCount = 8.
2026-09-10T01:37:14Z [47,885ms] [Warning] [omni.physx.tensors.plugin] Incomplete contact data is reported in GpuRigidContactView::getContactData because there are more contact data points than specified maxContactDataCount = 8.
2026-09-10T01:37:14Z [47,888ms] [Warning] [omni.physx.tensors.plugin] Incomplete contact data is reported in GpuRigidContactView::getContactData because there are more contact data points than specified maxContactDataCount = 8.
2026-09-10T01:37:14Z [47,937ms] [Warning] [omni.physx.tensors.plugin] Incomplete contact data is reported in GpuRigidContactView::getContactData because there are more contact data points than specified maxContactDataCount = 8.
2026-09-10T01:37:14Z [47,940ms] [Warning] [omni.physx.tensors.plugin] Incomplete contact data is reported in GpuRigidContactView::getContactData because there are more contact data points than specified maxContactDataCount = 8.
2026-09-10T01:37:14Z [47,944ms] [Warning] [omni.physx.tensors.plugin] Incomplete contact data is reported in GpuRigidContactView::getContactData because there are more contact data points than specified maxContactDataCount = 8.
2026-09-10T01:37:14Z [47,995ms] [Warning] [omni.physx.tensors.plugin] Incomplete contact data is reported in GpuRigidContactView::getContactData because there are more contact data points than specified maxContactDataCount = 8.
2026-09-10T01:37:14Z [47,998ms] [Warning] [omni.physx.tensors.plugin] Incomplete contact data is reported in GpuRigidContactView::getContactData because there are more contact data points than specified maxContactDataCount = 8.
2026-09-10T01:37:14Z [48,001ms] [Warning] [omni.physx.tensors.plugin] Incomplete contact data is reported in GpuRigidContactView::getContactData because there are more contact data points than specified maxContactDataCount = 8.
2026-09-10T01:37:14Z [48,047ms] [Warning] [omni.physx.tensors.plugin] Incomplete contact data is reported in GpuRigidContactView::getContactData because there are more contact data points than specified maxContactDataCount = 8.
2026-09-10T01:37:14Z [48,051ms] [Warning] [omni.physx.tensors.plugin] Incomplete contact data is reported in GpuRigidContactView::getContactData because there are more contact data points than specified maxContactDataCount = 8.
2026-09-10T01:37:14Z [48,054ms] [Warning] [omni.physx.tensors.plugin] Incomplete contact data is reported in GpuRigidContactView::getContactData because there are more contact data points than specified maxContactDataCount = 8.
2026-09-10T01:37:14Z [48,103ms] [Warning] [omni.physx.tensors.plugin] Incomplete contact data is reported in GpuRigidContactView::getContactData because there are more contact data points than specified maxContactDataCount = 8.
2026-09-10T01:37:14Z [48,106ms] [Warning] [omni.physx.tensors.plugin] Incomplete contact data is reported in GpuRigidContactView::getContactData because there are more contact data points than specified maxContactDataCount = 8.
2026-09-10T01:37:14Z [48,110ms] [Warning] [omni.physx.tensors.plugin] Incomplete contact data is reported in GpuRigidContactView::getContactData because there are more contact data points than specified maxContactDataCount = 8.
2026-09-10T01:37:14Z [48,153ms] [Warning] [omni.physx.tensors.plugin] Incomplete contact data is reported in GpuRigidContactView::getContactData because there are more contact data points than specified maxContactDataCount = 8.
2026-09-10T01:37:14Z [48,157ms] [Warning] [omni.physx.tensors.plugin] Incomplete contact data is reported in GpuRigidContactView::getContactData because there are more contact data points than specified maxContactDataCount = 8.
2026-09-10T01:37:14Z [48,160ms] [Warning] [omni.physx.tensors.plugin] Incomplete contact data is reported in GpuRigidContactView::getContactData because there are more contact data points than specified maxContactDataCount = 8.
2026-09-10T01:37:14Z [48,206ms] [Warning] [omni.physx.tensors.plugin] Incomplete contact data is reported in GpuRigidContactView::getContactData because there are more contact data points than specified maxContactDataCount = 8.
2026-09-10T01:37:14Z [48,209ms] [Warning] [omni.physx.tensors.plugin] Incomplete contact data is reported in GpuRigidContactView::getContactData because there are more contact data points than specified maxContactDataCount = 8.
2026-09-10T01:37:14Z [48,213ms] [Warning] [omni.physx.tensors.plugin] Incomplete contact data is reported in GpuRigidContactView::getContactData because there are more contact data points than specified maxContactDataCount = 8.
2026-09-10T01:37:14Z [48,258ms] [Warning] [omni.physx.tensors.plugin] Incomplete contact data is reported in GpuRigidContactView::getContactData because there are more contact data points than specified maxContactDataCount = 8.
2026-09-10T01:37:14Z [48,262ms] [Warning] [omni.physx.tensors.plugin] Incomplete contact data is reported in GpuRigidContactView::getContactData because there are more contact data points than specified maxContactDataCount = 8.
2026-09-10T01:37:14Z [48,265ms] [Warning] [omni.physx.tensors.plugin] Incomplete contact data is reported in GpuRigidContactView::getContactData because there are more contact data points than specified maxContactDataCount = 8.
2026-09-10T01:37:14Z [48,315ms] [Warning] [omni.physx.tensors.plugin] Incomplete contact data is reported in GpuRigidContactView::getContactData because there are more contact data points than specified maxContactDataCount = 8.
2026-09-10T01:37:14Z [48,318ms] [Warning] [omni.physx.tensors.plugin] Incomplete contact data is reported in GpuRigidContactView::getContactData because there are more contact data points than specified maxContactDataCount = 8.
2026-09-10T01:37:14Z [48,322ms] [Warning] [omni.physx.tensors.plugin] Incomplete contact data is reported in GpuRigidContactView::getContactData because there are more contact data points than specified maxContactDataCount = 8.
2026-09-10T01:37:14Z [48,367ms] [Warning] [omni.physx.tensors.plugin] Incomplete contact data is reported in GpuRigidContactView::getContactData because there are more contact data points than specified maxContactDataCount = 8.
2026-09-10T01:37:14Z [48,371ms] [Warning] [omni.physx.tensors.plugin] Incomplete contact data is reported in GpuRigidContactView::getContactData because there are more contact data points than specified maxContactDataCount = 8.
2026-09-10T01:37:14Z [48,374ms] [Warning] [omni.physx.tensors.plugin] Incomplete contact data is reported in GpuRigidContactView::getContactData because there are more contact data points than specified maxContactDataCount = 8.
2026-09-10T01:37:14Z [48,421ms] [Warning] [omni.physx.tensors.plugin] Incomplete contact data is reported in GpuRigidContactView::getContactData because there are more contact data points than specified maxContactDataCount = 8.
2026-09-10T01:37:14Z [48,424ms] [Warning] [omni.physx.tensors.plugin] Incomplete contact data is reported in GpuRigidContactView::getContactData because there are more contact data points than specified maxContactDataCount = 8.
2026-09-10T01:37:14Z [48,428ms] [Warning] [omni.physx.tensors.plugin] Incomplete contact data is reported in GpuRigidContactView::getContactData because there are more contact data points than specified maxContactDataCount = 8.
2026-09-10T01:37:14Z [48,474ms] [Warning] [omni.physx.tensors.plugin] Incomplete contact data is reported in GpuRigidContactView::getContactData because there are more contact data points than specified maxContactDataCount = 8.
2026-09-10T01:37:14Z [48,478ms] [Warning] [omni.physx.tensors.plugin] Incomplete contact data is reported in GpuRigidContactView::getContactData because there are more contact data points than specified maxContactDataCount = 8.
2026-09-10T01:37:14Z [48,481ms] [Warning] [omni.physx.tensors.plugin] Incomplete contact data is reported in GpuRigidContactView::getContactData because there are more contact data points than specified maxContactDataCount = 8.
2026-09-10T01:37:14Z [48,528ms] [Warning] [omni.physx.tensors.plugin] Incomplete contact data is reported in GpuRigidContactView::getContactData because there are more contact data points than specified maxContactDataCount = 8.
2026-09-10T01:37:14Z [48,531ms] [Warning] [omni.physx.tensors.plugin] Incomplete contact data is reported in GpuRigidContactView::getContactData because there are more contact data points than specified maxContactDataCount = 8.
2026-09-10T01:37:14Z [48,535ms] [Warning] [omni.physx.tensors.plugin] Incomplete contact data is reported in GpuRigidContactView::getContactData because there are more contact data points than specified maxContactDataCount = 8.
2026-09-10T01:37:14Z [48,581ms] [Warning] [omni.physx.tensors.plugin] Incomplete contact data is reported in GpuRigidContactView::getContactData because there are more contact data points than specified maxContactDataCount = 8.
2026-09-10T01:37:14Z [48,585ms] [Warning] [omni.physx.tensors.plugin] Incomplete contact data is reported in GpuRigidContactView::getContactData because there are more contact data points than specified maxContactDataCount = 8.
2026-09-10T01:37:14Z [48,588ms] [Warning] [omni.physx.tensors.plugin] Incomplete contact data is reported in GpuRigidContactView::getContactData because there are more contact data points than specified maxContactDataCount = 8.
2026-09-10T01:37:14Z [48,634ms] [Warning] [omni.physx.tensors.plugin] Incomplete contact data is reported in GpuRigidContactView::getContactData because there are more contact data points than specified maxContactDataCount = 8.
2026-09-10T01:37:14Z [48,637ms] [Warning] [omni.physx.tensors.plugin] Incomplete contact data is reported in GpuRigidContactView::getContactData because there are more contact data points than specified maxContactDataCount = 8.
2026-09-10T01:37:14Z [48,641ms] [Warning] [omni.physx.tensors.plugin] Incomplete contact data is reported in GpuRigidContactView::getContactData because there are more contact data points than specified maxContactDataCount = 8.
2026-09-10T01:37:15Z [48,687ms] [Warning] [omni.physx.tensors.plugin] Incomplete contact data is reported in GpuRigidContactView::getContactData because there are more contact data points than specified maxContactDataCount = 8.
2026-09-10T01:37:15Z [48,690ms] [Warning] [omni.physx.tensors.plugin] Incomplete contact data is reported in GpuRigidContactView::getContactData because there are more contact data points than specified maxContactDataCount = 8.
2026-09-10T01:37:15Z [48,694ms] [Warning] [omni.physx.tensors.plugin] Incomplete contact data is reported in GpuRigidContactView::getContactData because there are more contact data points than specified maxContactDataCount = 8.
2026-09-10T01:37:15Z [48,740ms] [Warning] [omni.physx.tensors.plugin] Incomplete contact data is reported in GpuRigidContactView::getContactData because there are more contact data points than specified maxContactDataCount = 8.
2026-09-10T01:37:15Z [48,743ms] [Warning] [omni.physx.tensors.plugin] Incomplete contact data is reported in GpuRigidContactView::getContactData because there are more contact data points than specified maxContactDataCount = 8.
2026-09-10T01:37:15Z [48,747ms] [Warning] [omni.physx.tensors.plugin] Incomplete contact data is reported in GpuRigidContactView::getContactData because there are more contact data points than specified maxContactDataCount = 8.
2026-09-10T01:37:15Z [48,793ms] [Warning] [omni.physx.tensors.plugin] Incomplete contact data is reported in GpuRigidContactView::getContactData because there are more contact data points than specified maxContactDataCount = 8.
2026-09-10T01:37:15Z [48,797ms] [Warning] [omni.physx.tensors.plugin] Incomplete contact data is reported in GpuRigidContactView::getContactData because there are more contact data points than specified maxContactDataCount = 8.
2026-09-10T01:37:15Z [48,800ms] [Warning] [omni.physx.tensors.plugin] Incomplete contact data is reported in GpuRigidContactView::getContactData because there are more contact data points than specified maxContactDataCount = 8.
2026-09-10T01:37:15Z [48,848ms] [Warning] [omni.physx.tensors.plugin] Incomplete contact data is reported in GpuRigidContactView::getContactData because there are more contact data points than specified maxContactDataCount = 8.
2026-09-10T01:37:15Z [48,852ms] [Warning] [omni.physx.tensors.plugin] Incomplete contact data is reported in GpuRigidContactView::getContactData because there are more contact data points than specified maxContactDataCount = 8.
2026-09-10T01:37:15Z [48,855ms] [Warning] [omni.physx.tensors.plugin] Incomplete contact data is reported in GpuRigidContactView::getContactData because there are more contact data points than specified maxContactDataCount = 8.
2026-09-10T01:37:15Z [48,901ms] [Warning] [omni.physx.tensors.plugin] Incomplete contact data is reported in GpuRigidContactView::getContactData because there are more contact data points than specified maxContactDataCount = 8.
2026-09-10T01:37:15Z [48,904ms] [Warning] [omni.physx.tensors.plugin] Incomplete contact data is reported in GpuRigidContactView::getContactData because there are more contact data points than specified maxContactDataCount = 8.
2026-09-10T01:37:15Z [48,908ms] [Warning] [omni.physx.tensors.plugin] Incomplete contact data is reported in GpuRigidContactView::getContactData because there are more contact data points than specified maxContactDataCount = 8.
2026-09-10T01:37:15Z [48,954ms] [Warning] [omni.physx.tensors.plugin] Incomplete contact data is reported in GpuRigidContactView::getContactData because there are more contact data points than specified maxContactDataCount = 8.
2026-09-10T01:37:15Z [48,958ms] [Warning] [omni.physx.tensors.plugin] Incomplete contact data is reported in GpuRigidContactView::getContactData because there are more contact data points than specified maxContactDataCount = 8.
2026-09-10T01:37:15Z [48,961ms] [Warning] [omni.physx.tensors.plugin] Incomplete contact data is reported in GpuRigidContactView::getContactData because there are more contact data points than specified maxContactDataCount = 8.
2026-09-10T01:37:15Z [49,007ms] [Warning] [omni.physx.tensors.plugin] Incomplete contact data is reported in GpuRigidContactView::getContactData because there are more contact data points than specified maxContactDataCount = 8.
2026-09-10T01:37:15Z [49,010ms] [Warning] [omni.physx.tensors.plugin] Incomplete contact data is reported in GpuRigidContactView::getContactData because there are more contact data points than specified maxContactDataCount = 8.
2026-09-10T01:37:15Z [49,014ms] [Warning] [omni.physx.tensors.plugin] Incomplete contact data is reported in GpuRigidContactView::getContactData because there are more contact data points than specified maxContactDataCount = 8.
2026-09-10T01:37:15Z [49,059ms] [Warning] [omni.physx.tensors.plugin] Incomplete contact data is reported in GpuRigidContactView::getContactData because there are more contact data points than specified maxContactDataCount = 8.
2026-09-10T01:37:15Z [49,063ms] [Warning] [omni.physx.tensors.plugin] Incomplete contact data is reported in GpuRigidContactView::getContactData because there are more contact data points than specified maxContactDataCount = 8.
2026-09-10T01:37:15Z [49,066ms] [Warning] [omni.physx.tensors.plugin] Incomplete contact data is reported in GpuRigidContactView::getContactData because there are more contact data points than specified maxContactDataCount = 8.
2026-09-10T01:37:15Z [49,112ms] [Warning] [omni.physx.tensors.plugin] Incomplete contact data is reported in GpuRigidContactView::getContactData because there are more contact data points than specified maxContactDataCount = 8.
2026-09-10T01:37:15Z [49,116ms] [Warning] [omni.physx.tensors.plugin] Incomplete contact data is reported in GpuRigidContactView::getContactData because there are more contact data points than specified maxContactDataCount = 8.
2026-09-10T01:37:15Z [49,119ms] [Warning] [omni.physx.tensors.plugin] Incomplete contact data is reported in GpuRigidContactView::getContactData because there are more contact data points than specified maxContactDataCount = 8.
2026-09-10T01:37:15Z [49,166ms] [Warning] [omni.physx.tensors.plugin] Incomplete contact data is reported in GpuRigidContactView::getContactData because there are more contact data points than specified maxContactDataCount = 8.
2026-09-10T01:37:15Z [49,170ms] [Warning] [omni.physx.tensors.plugin] Incomplete contact data is reported in GpuRigidContactView::getContactData because there are more contact data points than specified maxContactDataCount = 8.
2026-09-10T01:37:15Z [49,173ms] [Warning] [omni.physx.tensors.plugin] Incomplete contact data is reported in GpuRigidContactView::getContactData because there are more contact data points than specified maxContactDataCount = 8.
2026-09-10T01:37:15Z [49,217ms] [Warning] [omni.physx.tensors.plugin] Incomplete contact data is reported in GpuRigidContactView::getContactData because there are more contact data points than specified maxContactDataCount = 8.
2026-09-10T01:37:15Z [49,221ms] [Warning] [omni.physx.tensors.plugin] Incomplete contact data is reported in GpuRigidContactView::getContactData because there are more contact data points than specified maxContactDataCount = 8.
2026-09-10T01:37:15Z [49,225ms] [Warning] [omni.physx.tensors.plugin] Incomplete contact data is reported in GpuRigidContactView::getContactData because there are more contact data points than specified maxContactDataCount = 8.
2026-09-10T01:37:15Z [49,270ms] [Warning] [omni.physx.tensors.plugin] Incomplete contact data is reported in GpuRigidContactView::getContactData because there are more contact data points than specified maxContactDataCount = 8.
2026-09-10T01:37:15Z [49,273ms] [Warning] [omni.physx.tensors.plugin] Incomplete contact data is reported in GpuRigidContactView::getContactData because there are more contact data points than specified maxContactDataCount = 8.
2026-09-10T01:37:15Z [49,277ms] [Warning] [omni.physx.tensors.plugin] Incomplete contact data is reported in GpuRigidContactView::getContactData because there are more contact data points than specified maxContactDataCount = 8.
2026-09-10T01:37:15Z [49,323ms] [Warning] [omni.physx.tensors.plugin] Incomplete contact data is reported in GpuRigidContactView::getContactData because there are more contact data points than specified maxContactDataCount = 8.
2026-09-10T01:37:15Z [49,327ms] [Warning] [omni.physx.tensors.plugin] Incomplete contact data is reported in GpuRigidContactView::getContactData because there are more contact data points than specified maxContactDataCount = 8.
2026-09-10T01:37:15Z [49,330ms] [Warning] [omni.physx.tensors.plugin] Incomplete contact data is reported in GpuRigidContactView::getContactData because there are more contact data points than specified maxContactDataCount = 8.
2026-09-10T01:37:15Z [49,376ms] [Warning] [omni.physx.tensors.plugin] Incomplete contact data is reported in GpuRigidContactView::getContactData because there are more contact data points than specified maxContactDataCount = 8.
2026-09-10T01:37:15Z [49,380ms] [Warning] [omni.physx.tensors.plugin] Incomplete contact data is reported in GpuRigidContactView::getContactData because there are more contact data points than specified maxContactDataCount = 8.
2026-09-10T01:37:15Z [49,383ms] [Warning] [omni.physx.tensors.plugin] Incomplete contact data is reported in GpuRigidContactView::getContactData because there are more contact data points than specified maxContactDataCount = 8.
2026-09-10T01:37:15Z [49,429ms] [Warning] [omni.physx.tensors.plugin] Incomplete contact data is reported in GpuRigidContactView::getContactData because there are more contact data points than specified maxContactDataCount = 8.
2026-09-10T01:37:15Z [49,433ms] [Warning] [omni.physx.tensors.plugin] Incomplete contact data is reported in GpuRigidContactView::getContactData because there are more contact data points than specified maxContactDataCount = 8.
2026-09-10T01:37:15Z [49,436ms] [Warning] [omni.physx.tensors.plugin] Incomplete contact data is reported in GpuRigidContactView::getContactData because there are more contact data points than specified maxContactDataCount = 8.
2026-09-10T01:37:15Z [49,484ms] [Warning] [omni.physx.tensors.plugin] Incomplete contact data is reported in GpuRigidContactView::getContactData because there are more contact data points than specified maxContactDataCount = 8.
2026-09-10T01:37:15Z [49,487ms] [Warning] [omni.physx.tensors.plugin] Incomplete contact data is reported in GpuRigidContactView::getContactData because there are more contact data points than specified maxContactDataCount = 8.
2026-09-10T01:37:15Z [49,491ms] [Warning] [omni.physx.tensors.plugin] Incomplete contact data is reported in GpuRigidContactView::getContactData because there are more contact data points than specified maxContactDataCount = 8.
2026-09-10T01:37:15Z [49,536ms] [Warning] [omni.physx.tensors.plugin] Incomplete contact data is reported in GpuRigidContactView::getContactData because there are more contact data points than specified maxContactDataCount = 8.
2026-09-10T01:37:15Z [49,539ms] [Warning] [omni.physx.tensors.plugin] Incomplete contact data is reported in GpuRigidContactView::getContactData because there are more contact data points than specified maxContactDataCount = 8.
2026-09-10T01:37:15Z [49,543ms] [Warning] [omni.physx.tensors.plugin] Incomplete contact data is reported in GpuRigidContactView::getContactData because there are more contact data points than specified maxContactDataCount = 8.
2026-09-10T01:37:15Z [49,589ms] [Warning] [omni.physx.tensors.plugin] Incomplete contact data is reported in GpuRigidContactView::getContactData because there are more contact data points than specified maxContactDataCount = 8.
2026-09-10T01:37:15Z [49,592ms] [Warning] [omni.physx.tensors.plugin] Incomplete contact data is reported in GpuRigidContactView::getContactData because there are more contact data points than specified maxContactDataCount = 8.
2026-09-10T01:37:15Z [49,596ms] [Warning] [omni.physx.tensors.plugin] Incomplete contact data is reported in GpuRigidContactView::getContactData because there are more contact data points than specified maxContactDataCount = 8.
2026-09-10T01:37:15Z [49,644ms] [Warning] [omni.physx.tensors.plugin] Incomplete contact data is reported in GpuRigidContactView::getContactData because there are more contact data points than specified maxContactDataCount = 8.
2026-09-10T01:37:15Z [49,647ms] [Warning] [omni.physx.tensors.plugin] Incomplete contact data is reported in GpuRigidContactView::getContactData because there are more contact data points than specified maxContactDataCount = 8.
2026-09-10T01:37:15Z [49,650ms] [Warning] [omni.physx.tensors.plugin] Incomplete contact data is reported in GpuRigidContactView::getContactData because there are more contact data points than specified maxContactDataCount = 8.
2026-09-10T01:37:16Z [49,697ms] [Warning] [omni.physx.tensors.plugin] Incomplete contact data is reported in GpuRigidContactView::getContactData because there are more contact data points than specified maxContactDataCount = 8.
2026-09-10T01:37:16Z [49,701ms] [Warning] [omni.physx.tensors.plugin] Incomplete contact data is reported in GpuRigidContactView::getContactData because there are more contact data points than specified maxContactDataCount = 8.
2026-09-10T01:37:16Z [49,704ms] [Warning] [omni.physx.tensors.plugin] Incomplete contact data is reported in GpuRigidContactView::getContactData because there are more contact data points than specified maxContactDataCount = 8.
2026-09-10T01:37:16Z [49,752ms] [Warning] [omni.physx.tensors.plugin] Incomplete contact data is reported in GpuRigidContactView::getContactData because there are more contact data points than specified maxContactDataCount = 8.
2026-09-10T01:37:16Z [49,755ms] [Warning] [omni.physx.tensors.plugin] Incomplete contact data is reported in GpuRigidContactView::getContactData because there are more contact data points than specified maxContactDataCount = 8.
2026-09-10T01:37:16Z [49,759ms] [Warning] [omni.physx.tensors.plugin] Incomplete contact data is reported in GpuRigidContactView::getContactData because there are more contact data points than specified maxContactDataCount = 8.
2026-09-10T01:37:16Z [49,806ms] [Warning] [omni.physx.tensors.plugin] Incomplete contact data is reported in GpuRigidContactView::getContactData because there are more contact data points than specified maxContactDataCount = 8.
2026-09-10T01:37:16Z [49,810ms] [Warning] [omni.physx.tensors.plugin] Incomplete contact data is reported in GpuRigidContactView::getContactData because there are more contact data points than specified maxContactDataCount = 8.
2026-09-10T01:37:16Z [49,813ms] [Warning] [omni.physx.tensors.plugin] Incomplete contact data is reported in GpuRigidContactView::getContactData because there are more contact data points than specified maxContactDataCount = 8.
2026-09-10T01:37:16Z [49,862ms] [Warning] [omni.physx.tensors.plugin] Incomplete contact data is reported in GpuRigidContactView::getContactData because there are more contact data points than specified maxContactDataCount = 8.
2026-09-10T01:37:16Z [49,866ms] [Warning] [omni.physx.tensors.plugin] Incomplete contact data is reported in GpuRigidContactView::getContactData because there are more contact data points than specified maxContactDataCount = 8.
2026-09-10T01:37:16Z [49,869ms] [Warning] [omni.physx.tensors.plugin] Incomplete contact data is reported in GpuRigidContactView::getContactData because there are more contact data points than specified maxContactDataCount = 8.
2026-09-10T01:37:16Z [49,916ms] [Warning] [omni.physx.tensors.plugin] Incomplete contact data is reported in GpuRigidContactView::getContactData because there are more contact data points than specified maxContactDataCount = 8.
2026-09-10T01:37:16Z [49,920ms] [Warning] [omni.physx.tensors.plugin] Incomplete contact data is reported in GpuRigidContactView::getContactData because there are more contact data points than specified maxContactDataCount = 8.
2026-09-10T01:37:16Z [49,924ms] [Warning] [omni.physx.tensors.plugin] Incomplete contact data is reported in GpuRigidContactView::getContactData because there are more contact data points than specified maxContactDataCount = 8.
2026-09-10T01:37:16Z [49,966ms] [Warning] [omni.physx.tensors.plugin] Incomplete contact data is reported in GpuRigidContactView::getContactData because there are more contact data points than specified maxContactDataCount = 8.
2026-09-10T01:37:16Z [49,970ms] [Warning] [omni.physx.tensors.plugin] Incomplete contact data is reported in GpuRigidContactView::getContactData because there are more contact data points than specified maxContactDataCount = 8.
2026-09-10T01:37:16Z [49,974ms] [Warning] [omni.physx.tensors.plugin] Incomplete contact data is reported in GpuRigidContactView::getContactData because there are more contact data points than specified maxContactDataCount = 8.
2026-09-10T01:37:16Z [50,018ms] [Warning] [omni.physx.tensors.plugin] Incomplete contact data is reported in GpuRigidContactView::getContactData because there are more contact data points than specified maxContactDataCount = 8.
2026-09-10T01:37:16Z [50,021ms] [Warning] [omni.physx.tensors.plugin] Incomplete contact data is reported in GpuRigidContactView::getContactData because there are more contact data points than specified maxContactDataCount = 8.
2026-09-10T01:37:16Z [50,025ms] [Warning] [omni.physx.tensors.plugin] Incomplete contact data is reported in GpuRigidContactView::getContactData because there are more contact data points than specified maxContactDataCount = 8.
2026-09-10T01:37:16Z [50,071ms] [Warning] [omni.physx.tensors.plugin] Incomplete contact data is reported in GpuRigidContactView::getContactData because there are more contact data points than specified maxContactDataCount = 8.
2026-09-10T01:37:16Z [50,074ms] [Warning] [omni.physx.tensors.plugin] Incomplete contact data is reported in GpuRigidContactView::getContactData because there are more contact data points than specified maxContactDataCount = 8.
2026-09-10T01:37:16Z [50,078ms] [Warning] [omni.physx.tensors.plugin] Incomplete contact data is reported in GpuRigidContactView::getContactData because there are more contact data points than specified maxContactDataCount = 8.
2026-09-10T01:37:16Z [50,124ms] [Warning] [omni.physx.tensors.plugin] Incomplete contact data is reported in GpuRigidContactView::getContactData because there are more contact data points than specified maxContactDataCount = 8.
2026-09-10T01:37:16Z [50,127ms] [Warning] [omni.physx.tensors.plugin] Incomplete contact data is reported in GpuRigidContactView::getContactData because there are more contact data points than specified maxContactDataCount = 8.
2026-09-10T01:37:16Z [50,131ms] [Warning] [omni.physx.tensors.plugin] Incomplete contact data is reported in GpuRigidContactView::getContactData because there are more contact data points than specified maxContactDataCount = 8.
2026-09-10T01:37:16Z [50,176ms] [Warning] [omni.physx.tensors.plugin] Incomplete contact data is reported in GpuRigidContactView::getContactData because there are more contact data points than specified maxContactDataCount = 8.
2026-09-10T01:37:16Z [50,180ms] [Warning] [omni.physx.tensors.plugin] Incomplete contact data is reported in GpuRigidContactView::getContactData because there are more contact data points than specified maxContactDataCount = 8.
2026-09-10T01:37:16Z [50,183ms] [Warning] [omni.physx.tensors.plugin] Incomplete contact data is reported in GpuRigidContactView::getContactData because there are more contact data points than specified maxContactDataCount = 8.
2026-09-10T01:37:16Z [50,222ms] [Warning] [omni.physx.tensors.plugin] Incomplete contact data is reported in GpuRigidContactView::getContactData because there are more contact data points than specified maxContactDataCount = 8.
2026-09-10T01:37:16Z [50,225ms] [Warning] [omni.physx.tensors.plugin] Incomplete contact data is reported in GpuRigidContactView::getContactData because there are more contact data points than specified maxContactDataCount = 8.
2026-09-10T01:37:16Z [50,229ms] [Warning] [omni.physx.tensors.plugin] Incomplete contact data is reported in GpuRigidContactView::getContactData because there are more contact data points than specified maxContactDataCount = 8.
2026-09-10T01:37:16Z [50,271ms] [Warning] [omni.physx.tensors.plugin] Incomplete contact data is reported in GpuRigidContactView::getContactData because there are more contact data points than specified maxContactDataCount = 8.
2026-09-10T01:37:16Z [50,274ms] [Warning] [omni.physx.tensors.plugin] Incomplete contact data is reported in GpuRigidContactView::getContactData because there are more contact data points than specified maxContactDataCount = 8.
2026-09-10T01:37:16Z [50,278ms] [Warning] [omni.physx.tensors.plugin] Incomplete contact data is reported in GpuRigidContactView::getContactData because there are more contact data points than specified maxContactDataCount = 8.
2026-09-10T01:37:16Z [50,325ms] [Warning] [omni.physx.tensors.plugin] Incomplete contact data is reported in GpuRigidContactView::getContactData because there are more contact data points than specified maxContactDataCount = 8.
2026-09-10T01:37:16Z [50,329ms] [Warning] [omni.physx.tensors.plugin] Incomplete contact data is reported in GpuRigidContactView::getContactData because there are more contact data points than specified maxContactDataCount = 8.
2026-09-10T01:37:16Z [50,332ms] [Warning] [omni.physx.tensors.plugin] Incomplete contact data is reported in GpuRigidContactView::getContactData because there are more contact data points than specified maxContactDataCount = 8.
2026-09-10T01:37:16Z [50,380ms] [Warning] [omni.physx.tensors.plugin] Incomplete contact data is reported in GpuRigidContactView::getContactData because there are more contact data points than specified maxContactDataCount = 8.
2026-09-10T01:37:16Z [50,383ms] [Warning] [omni.physx.tensors.plugin] Incomplete contact data is reported in GpuRigidContactView::getContactData because there are more contact data points than specified maxContactDataCount = 8.
2026-09-10T01:37:16Z [50,387ms] [Warning] [omni.physx.tensors.plugin] Incomplete contact data is reported in GpuRigidContactView::getContactData because there are more contact data points than specified maxContactDataCount = 8.
2026-09-10T01:37:16Z [50,437ms] [Warning] [omni.physx.tensors.plugin] Incomplete contact data is reported in GpuRigidContactView::getContactData because there are more contact data points than specified maxContactDataCount = 8.
2026-09-10T01:37:16Z [50,441ms] [Warning] [omni.physx.tensors.plugin] Incomplete contact data is reported in GpuRigidContactView::getContactData because there are more contact data points than specified maxContactDataCount = 8.
2026-09-10T01:37:16Z [50,444ms] [Warning] [omni.physx.tensors.plugin] Incomplete contact data is reported in GpuRigidContactView::getContactData because there are more contact data points than specified maxContactDataCount = 8.
2026-09-10T01:37:16Z [50,488ms] [Warning] [omni.physx.tensors.plugin] Incomplete contact data is reported in GpuRigidContactView::getContactData because there are more contact data points than specified maxContactDataCount = 8.
2026-09-10T01:37:16Z [50,492ms] [Warning] [omni.physx.tensors.plugin] Incomplete contact data is reported in GpuRigidContactView::getContactData because there are more contact data points than specified maxContactDataCount = 8.
2026-09-10T01:37:16Z [50,496ms] [Warning] [omni.physx.tensors.plugin] Incomplete contact data is reported in GpuRigidContactView::getContactData because there are more contact data points than specified maxContactDataCount = 8.
2026-09-10T01:37:16Z [50,544ms] [Warning] [omni.physx.tensors.plugin] Incomplete contact data is reported in GpuRigidContactView::getContactData because there are more contact data points than specified maxContactDataCount = 8.
2026-09-10T01:37:16Z [50,548ms] [Warning] [omni.physx.tensors.plugin] Incomplete contact data is reported in GpuRigidContactView::getContactData because there are more contact data points than specified maxContactDataCount = 8.
2026-09-10T01:37:16Z [50,551ms] [Warning] [omni.physx.tensors.plugin] Incomplete contact data is reported in GpuRigidContactView::getContactData because there are more contact data points than specified maxContactDataCount = 8.
2026-09-10T01:37:16Z [50,600ms] [Warning] [omni.physx.tensors.plugin] Incomplete contact data is reported in GpuRigidContactView::getContactData because there are more contact data points than specified maxContactDataCount = 8.
2026-09-10T01:37:16Z [50,604ms] [Warning] [omni.physx.tensors.plugin] Incomplete contact data is reported in GpuRigidContactView::getContactData because there are more contact data points than specified maxContactDataCount = 8.
2026-09-10T01:37:16Z [50,607ms] [Warning] [omni.physx.tensors.plugin] Incomplete contact data is reported in GpuRigidContactView::getContactData because there are more contact data points than specified maxContactDataCount = 8.
2026-09-10T01:37:16Z [50,655ms] [Warning] [omni.physx.tensors.plugin] Incomplete contact data is reported in GpuRigidContactView::getContactData because there are more contact data points than specified maxContactDataCount = 8.
2026-09-10T01:37:16Z [50,658ms] [Warning] [omni.physx.tensors.plugin] Incomplete contact data is reported in GpuRigidContactView::getContactData because there are more contact data points than specified maxContactDataCount = 8.
2026-09-10T01:37:16Z [50,662ms] [Warning] [omni.physx.tensors.plugin] Incomplete contact data is reported in GpuRigidContactView::getContactData because there are more contact data points than specified maxContactDataCount = 8.
2026-09-10T01:37:17Z [50,711ms] [Warning] [omni.physx.tensors.plugin] Incomplete contact data is reported in GpuRigidContactView::getContactData because there are more contact data points than specified maxContactDataCount = 8.
2026-09-10T01:37:17Z [50,714ms] [Warning] [omni.physx.tensors.plugin] Incomplete contact data is reported in GpuRigidContactView::getContactData because there are more contact data points than specified maxContactDataCount = 8.
2026-09-10T01:37:17Z [50,718ms] [Warning] [omni.physx.tensors.plugin] Incomplete contact data is reported in GpuRigidContactView::getContactData because there are more contact data points than specified maxContactDataCount = 8.
2026-09-10T01:37:17Z [50,766ms] [Warning] [omni.physx.tensors.plugin] Incomplete contact data is reported in GpuRigidContactView::getContactData because there are more contact data points than specified maxContactDataCount = 8.
2026-09-10T01:37:17Z [50,770ms] [Warning] [omni.physx.tensors.plugin] Incomplete contact data is reported in GpuRigidContactView::getContactData because there are more contact data points than specified maxContactDataCount = 8.
2026-09-10T01:37:17Z [50,773ms] [Warning] [omni.physx.tensors.plugin] Incomplete contact data is reported in GpuRigidContactView::getContactData because there are more contact data points than specified maxContactDataCount = 8.
2026-09-10T01:37:17Z [50,821ms] [Warning] [omni.physx.tensors.plugin] Incomplete contact data is reported in GpuRigidContactView::getContactData because there are more contact data points than specified maxContactDataCount = 8.
2026-09-10T01:37:17Z [50,825ms] [Warning] [omni.physx.tensors.plugin] Incomplete contact data is reported in GpuRigidContactView::getContactData because there are more contact data points than specified maxContactDataCount = 8.
2026-09-10T01:37:17Z [50,828ms] [Warning] [omni.physx.tensors.plugin] Incomplete contact data is reported in GpuRigidContactView::getContactData because there are more contact data points than specified maxContactDataCount = 8.
2026-09-10T01:37:17Z [50,878ms] [Warning] [omni.physx.tensors.plugin] Incomplete contact data is reported in GpuRigidContactView::getContactData because there are more contact data points than specified maxContactDataCount = 8.
2026-09-10T01:37:17Z [50,882ms] [Warning] [omni.physx.tensors.plugin] Incomplete contact data is reported in GpuRigidContactView::getContactData because there are more contact data points than specified maxContactDataCount = 8.
2026-09-10T01:37:17Z [50,885ms] [Warning] [omni.physx.tensors.plugin] Incomplete contact data is reported in GpuRigidContactView::getContactData because there are more contact data points than specified maxContactDataCount = 8.
2026-09-10T01:37:17Z [50,932ms] [Warning] [omni.physx.tensors.plugin] Incomplete contact data is reported in GpuRigidContactView::getContactData because there are more contact data points than specified maxContactDataCount = 8.
2026-09-10T01:37:17Z [50,936ms] [Warning] [omni.physx.tensors.plugin] Incomplete contact data is reported in GpuRigidContactView::getContactData because there are more contact data points than specified maxContactDataCount = 8.
2026-09-10T01:37:17Z [50,939ms] [Warning] [omni.physx.tensors.plugin] Incomplete contact data is reported in GpuRigidContactView::getContactData because there are more contact data points than specified maxContactDataCount = 8.
2026-09-10T01:37:17Z [50,987ms] [Warning] [omni.physx.tensors.plugin] Incomplete contact data is reported in GpuRigidContactView::getContactData because there are more contact data points than specified maxContactDataCount = 8.
2026-09-10T01:37:17Z [50,991ms] [Warning] [omni.physx.tensors.plugin] Incomplete contact data is reported in GpuRigidContactView::getContactData because there are more contact data points than specified maxContactDataCount = 8.
2026-09-10T01:37:17Z [50,994ms] [Warning] [omni.physx.tensors.plugin] Incomplete contact data is reported in GpuRigidContactView::getContactData because there are more contact data points than specified maxContactDataCount = 8.
2026-09-10T01:37:17Z [51,042ms] [Warning] [omni.physx.tensors.plugin] Incomplete contact data is reported in GpuRigidContactView::getContactData because there are more contact data points than specified maxContactDataCount = 8.
2026-09-10T01:37:17Z [51,045ms] [Warning] [omni.physx.tensors.plugin] Incomplete contact data is reported in GpuRigidContactView::getContactData because there are more contact data points than specified maxContactDataCount = 8.
2026-09-10T01:37:17Z [51,049ms] [Warning] [omni.physx.tensors.plugin] Incomplete contact data is reported in GpuRigidContactView::getContactData because there are more contact data points than specified maxContactDataCount = 8.
2026-09-10T01:37:17Z [51,101ms] [Warning] [omni.physx.tensors.plugin] Incomplete contact data is reported in GpuRigidContactView::getContactData because there are more contact data points than specified maxContactDataCount = 8.
2026-09-10T01:37:17Z [51,105ms] [Warning] [omni.physx.tensors.plugin] Incomplete contact data is reported in GpuRigidContactView::getContactData because there are more contact data points than specified maxContactDataCount = 8.
2026-09-10T01:37:17Z [51,108ms] [Warning] [omni.physx.tensors.plugin] Incomplete contact data is reported in GpuRigidContactView::getContactData because there are more contact data points than specified maxContactDataCount = 8.
2026-09-10T01:37:17Z [51,155ms] [Warning] [omni.physx.tensors.plugin] Incomplete contact data is reported in GpuRigidContactView::getContactData because there are more contact data points than specified maxContactDataCount = 8.
2026-09-10T01:37:17Z [51,158ms] [Warning] [omni.physx.tensors.plugin] Incomplete contact data is reported in GpuRigidContactView::getContactData because there are more contact data points than specified maxContactDataCount = 8.
2026-09-10T01:37:17Z [51,162ms] [Warning] [omni.physx.tensors.plugin] Incomplete contact data is reported in GpuRigidContactView::getContactData because there are more contact data points than specified maxContactDataCount = 8.
2026-09-10T01:37:17Z [51,211ms] [Warning] [omni.physx.tensors.plugin] Incomplete contact data is reported in GpuRigidContactView::getContactData because there are more contact data points than specified maxContactDataCount = 8.
2026-09-10T01:37:17Z [51,214ms] [Warning] [omni.physx.tensors.plugin] Incomplete contact data is reported in GpuRigidContactView::getContactData because there are more contact data points than specified maxContactDataCount = 8.
2026-09-10T01:37:17Z [51,218ms] [Warning] [omni.physx.tensors.plugin] Incomplete contact data is reported in GpuRigidContactView::getContactData because there are more contact data points than specified maxContactDataCount = 8.
2026-09-10T01:37:17Z [51,270ms] [Warning] [omni.physx.tensors.plugin] Incomplete contact data is reported in GpuRigidContactView::getContactData because there are more contact data points than specified maxContactDataCount = 8.
2026-09-10T01:37:17Z [51,280ms] [Warning] [omni.physx.tensors.plugin] Incomplete contact data is reported in GpuRigidContactView::getContactData because there are more contact data points than specified maxContactDataCount = 8.
2026-09-10T01:37:17Z [51,291ms] [Warning] [omni.physx.tensors.plugin] Incomplete contact data is reported in GpuRigidContactView::getContactData because there are more contact data points than specified maxContactDataCount = 8.
2026-09-10T01:37:17Z [51,340ms] [Warning] [omni.physx.tensors.plugin] Incomplete contact data is reported in GpuRigidContactView::getContactData because there are more contact data points than specified maxContactDataCount = 8.
2026-09-10T01:37:17Z [51,344ms] [Warning] [omni.physx.tensors.plugin] Incomplete contact data is reported in GpuRigidContactView::getContactData because there are more contact data points than specified maxContactDataCount = 8.
2026-09-10T01:37:17Z [51,347ms] [Warning] [omni.physx.tensors.plugin] Incomplete contact data is reported in GpuRigidContactView::getContactData because there are more contact data points than specified maxContactDataCount = 8.
2026-09-10T01:37:17Z [51,391ms] [Warning] [omni.physx.tensors.plugin] Incomplete contact data is reported in GpuRigidContactView::getContactData because there are more contact data points than specified maxContactDataCount = 8.
2026-09-10T01:37:17Z [51,394ms] [Warning] [omni.physx.tensors.plugin] Incomplete contact data is reported in GpuRigidContactView::getContactData because there are more contact data points than specified maxContactDataCount = 8.
2026-09-10T01:37:17Z [51,397ms] [Warning] [omni.physx.tensors.plugin] Incomplete contact data is reported in GpuRigidContactView::getContactData because there are more contact data points than specified maxContactDataCount = 8.
2026-09-10T01:37:17Z [51,442ms] [Warning] [omni.physx.tensors.plugin] Incomplete contact data is reported in GpuRigidContactView::getContactData because there are more contact data points than specified maxContactDataCount = 8.
2026-09-10T01:37:17Z [51,446ms] [Warning] [omni.physx.tensors.plugin] Incomplete contact data is reported in GpuRigidContactView::getContactData because there are more contact data points than specified maxContactDataCount = 8.
2026-09-10T01:37:17Z [51,449ms] [Warning] [omni.physx.tensors.plugin] Incomplete contact data is reported in GpuRigidContactView::getContactData because there are more contact data points than specified maxContactDataCount = 8.
2026-09-10T01:37:17Z [51,492ms] [Warning] [omni.physx.tensors.plugin] Incomplete contact data is reported in GpuRigidContactView::getContactData because there are more contact data points than specified maxContactDataCount = 8.
2026-09-10T01:37:17Z [51,495ms] [Warning] [omni.physx.tensors.plugin] Incomplete contact data is reported in GpuRigidContactView::getContactData because there are more contact data points than specified maxContactDataCount = 8.
2026-09-10T01:37:17Z [51,498ms] [Warning] [omni.physx.tensors.plugin] Incomplete contact data is reported in GpuRigidContactView::getContactData because there are more contact data points than specified maxContactDataCount = 8.
2026-09-10T01:37:17Z [51,545ms] [Warning] [omni.physx.tensors.plugin] Incomplete contact data is reported in GpuRigidContactView::getContactData because there are more contact data points than specified maxContactDataCount = 8.
2026-09-10T01:37:17Z [51,548ms] [Warning] [omni.physx.tensors.plugin] Incomplete contact data is reported in GpuRigidContactView::getContactData because there are more contact data points than specified maxContactDataCount = 8.
2026-09-10T01:37:17Z [51,551ms] [Warning] [omni.physx.tensors.plugin] Incomplete contact data is reported in GpuRigidContactView::getContactData because there are more contact data points than specified maxContactDataCount = 8.
2026-09-10T01:37:17Z [51,598ms] [Warning] [omni.physx.tensors.plugin] Incomplete contact data is reported in GpuRigidContactView::getContactData because there are more contact data points than specified maxContactDataCount = 8.
2026-09-10T01:37:17Z [51,601ms] [Warning] [omni.physx.tensors.plugin] Incomplete contact data is reported in GpuRigidContactView::getContactData because there are more contact data points than specified maxContactDataCount = 8.
2026-09-10T01:37:17Z [51,605ms] [Warning] [omni.physx.tensors.plugin] Incomplete contact data is reported in GpuRigidContactView::getContactData because there are more contact data points than specified maxContactDataCount = 8.
2026-09-10T01:37:17Z [51,652ms] [Warning] [omni.physx.tensors.plugin] Incomplete contact data is reported in GpuRigidContactView::getContactData because there are more contact data points than specified maxContactDataCount = 8.
2026-09-10T01:37:17Z [51,655ms] [Warning] [omni.physx.tensors.plugin] Incomplete contact data is reported in GpuRigidContactView::getContactData because there are more contact data points than specified maxContactDataCount = 8.
2026-09-10T01:37:17Z [51,658ms] [Warning] [omni.physx.tensors.plugin] Incomplete contact data is reported in GpuRigidContactView::getContactData because there are more contact data points than specified maxContactDataCount = 8.
2026-09-10T01:37:18Z [51,703ms] [Warning] [omni.physx.tensors.plugin] Incomplete contact data is reported in GpuRigidContactView::getContactData because there are more contact data points than specified maxContactDataCount = 8.
2026-09-10T01:37:18Z [51,707ms] [Warning] [omni.physx.tensors.plugin] Incomplete contact data is reported in GpuRigidContactView::getContactData because there are more contact data points than specified maxContactDataCount = 8.
2026-09-10T01:37:18Z [51,710ms] [Warning] [omni.physx.tensors.plugin] Incomplete contact data is reported in GpuRigidContactView::getContactData because there are more contact data points than specified maxContactDataCount = 8.
2026-09-10T01:37:18Z [51,755ms] [Warning] [omni.physx.tensors.plugin] Incomplete contact data is reported in GpuRigidContactView::getContactData because there are more contact data points than specified maxContactDataCount = 8.
2026-09-10T01:37:18Z [51,758ms] [Warning] [omni.physx.tensors.plugin] Incomplete contact data is reported in GpuRigidContactView::getContactData because there are more contact data points than specified maxContactDataCount = 8.
2026-09-10T01:37:18Z [51,761ms] [Warning] [omni.physx.tensors.plugin] Incomplete contact data is reported in GpuRigidContactView::getContactData because there are more contact data points than specified maxContactDataCount = 8.
2026-09-10T01:37:18Z [51,806ms] [Warning] [omni.physx.tensors.plugin] Incomplete contact data is reported in GpuRigidContactView::getContactData because there are more contact data points than specified maxContactDataCount = 8.
2026-09-10T01:37:18Z [51,810ms] [Warning] [omni.physx.tensors.plugin] Incomplete contact data is reported in GpuRigidContactView::getContactData because there are more contact data points than specified maxContactDataCount = 8.
2026-09-10T01:37:18Z [51,813ms] [Warning] [omni.physx.tensors.plugin] Incomplete contact data is reported in GpuRigidContactView::getContactData because there are more contact data points than specified maxContactDataCount = 8.
2026-09-10T01:37:18Z [51,858ms] [Warning] [omni.physx.tensors.plugin] Incomplete contact data is reported in GpuRigidContactView::getContactData because there are more contact data points than specified maxContactDataCount = 8.
2026-09-10T01:37:18Z [51,861ms] [Warning] [omni.physx.tensors.plugin] Incomplete contact data is reported in GpuRigidContactView::getContactData because there are more contact data points than specified maxContactDataCount = 8.
2026-09-10T01:37:18Z [51,865ms] [Warning] [omni.physx.tensors.plugin] Incomplete contact data is reported in GpuRigidContactView::getContactData because there are more contact data points than specified maxContactDataCount = 8.
2026-09-10T01:37:18Z [51,910ms] [Warning] [omni.physx.tensors.plugin] Incomplete contact data is reported in GpuRigidContactView::getContactData because there are more contact data points than specified maxContactDataCount = 8.
2026-09-10T01:37:18Z [51,913ms] [Warning] [omni.physx.tensors.plugin] Incomplete contact data is reported in GpuRigidContactView::getContactData because there are more contact data points than specified maxContactDataCount = 8.
2026-09-10T01:37:18Z [51,916ms] [Warning] [omni.physx.tensors.plugin] Incomplete contact data is reported in GpuRigidContactView::getContactData because there are more contact data points than specified maxContactDataCount = 8.
2026-09-10T01:37:18Z [51,967ms] [Warning] [omni.physx.tensors.plugin] Incomplete contact data is reported in GpuRigidContactView::getContactData because there are more contact data points than specified maxContactDataCount = 8.
2026-09-10T01:37:18Z [51,970ms] [Warning] [omni.physx.tensors.plugin] Incomplete contact data is reported in GpuRigidContactView::getContactData because there are more contact data points than specified maxContactDataCount = 8.
2026-09-10T01:37:18Z [51,973ms] [Warning] [omni.physx.tensors.plugin] Incomplete contact data is reported in GpuRigidContactView::getContactData because there are more contact data points than specified maxContactDataCount = 8.
2026-09-10T01:37:18Z [52,022ms] [Warning] [omni.physx.tensors.plugin] Incomplete contact data is reported in GpuRigidContactView::getContactData because there are more contact data points than specified maxContactDataCount = 8.
2026-09-10T01:37:18Z [52,025ms] [Warning] [omni.physx.tensors.plugin] Incomplete contact data is reported in GpuRigidContactView::getContactData because there are more contact data points than specified maxContactDataCount = 8.
2026-09-10T01:37:18Z [52,028ms] [Warning] [omni.physx.tensors.plugin] Incomplete contact data is reported in GpuRigidContactView::getContactData because there are more contact data points than specified maxContactDataCount = 8.
2026-09-10T01:37:18Z [52,072ms] [Warning] [omni.physx.tensors.plugin] Incomplete contact data is reported in GpuRigidContactView::getContactData because there are more contact data points than specified maxContactDataCount = 8.
2026-09-10T01:37:18Z [52,076ms] [Warning] [omni.physx.tensors.plugin] Incomplete contact data is reported in GpuRigidContactView::getContactData because there are more contact data points than specified maxContactDataCount = 8.
2026-09-10T01:37:18Z [52,079ms] [Warning] [omni.physx.tensors.plugin] Incomplete contact data is reported in GpuRigidContactView::getContactData because there are more contact data points than specified maxContactDataCount = 8.
2026-09-10T01:37:18Z [52,122ms] [Warning] [omni.physx.tensors.plugin] Incomplete contact data is reported in GpuRigidContactView::getContactData because there are more contact data points than specified maxContactDataCount = 8.
2026-09-10T01:37:18Z [52,126ms] [Warning] [omni.physx.tensors.plugin] Incomplete contact data is reported in GpuRigidContactView::getContactData because there are more contact data points than specified maxContactDataCount = 8.
2026-09-10T01:37:18Z [52,129ms] [Warning] [omni.physx.tensors.plugin] Incomplete contact data is reported in GpuRigidContactView::getContactData because there are more contact data points than specified maxContactDataCount = 8.
2026-09-10T01:37:18Z [52,172ms] [Warning] [omni.physx.tensors.plugin] Incomplete contact data is reported in GpuRigidContactView::getContactData because there are more contact data points than specified maxContactDataCount = 8.
2026-09-10T01:37:18Z [52,176ms] [Warning] [omni.physx.tensors.plugin] Incomplete contact data is reported in GpuRigidContactView::getContactData because there are more contact data points than specified maxContactDataCount = 8.
2026-09-10T01:37:18Z [52,179ms] [Warning] [omni.physx.tensors.plugin] Incomplete contact data is reported in GpuRigidContactView::getContactData because there are more contact data points than specified maxContactDataCount = 8.
2026-09-10T01:37:18Z [52,224ms] [Warning] [omni.physx.tensors.plugin] Incomplete contact data is reported in GpuRigidContactView::getContactData because there are more contact data points than specified maxContactDataCount = 8.
2026-09-10T01:37:18Z [52,228ms] [Warning] [omni.physx.tensors.plugin] Incomplete contact data is reported in GpuRigidContactView::getContactData because there are more contact data points than specified maxContactDataCount = 8.
2026-09-10T01:37:18Z [52,231ms] [Warning] [omni.physx.tensors.plugin] Incomplete contact data is reported in GpuRigidContactView::getContactData because there are more contact data points than specified maxContactDataCount = 8.
2026-09-10T01:37:18Z [52,274ms] [Warning] [omni.physx.tensors.plugin] Incomplete contact data is reported in GpuRigidContactView::getContactData because there are more contact data points than specified maxContactDataCount = 8.
2026-09-10T01:37:18Z [52,277ms] [Warning] [omni.physx.tensors.plugin] Incomplete contact data is reported in GpuRigidContactView::getContactData because there are more contact data points than specified maxContactDataCount = 8.
2026-09-10T01:37:18Z [52,281ms] [Warning] [omni.physx.tensors.plugin] Incomplete contact data is reported in GpuRigidContactView::getContactData because there are more contact data points than specified maxContactDataCount = 8.
2026-09-10T01:37:18Z [52,327ms] [Warning] [omni.physx.tensors.plugin] Incomplete contact data is reported in GpuRigidContactView::getContactData because there are more contact data points than specified maxContactDataCount = 8.
2026-09-10T01:37:18Z [52,331ms] [Warning] [omni.physx.tensors.plugin] Incomplete contact data is reported in GpuRigidContactView::getContactData because there are more contact data points than specified maxContactDataCount = 8.
2026-09-10T01:37:18Z [52,334ms] [Warning] [omni.physx.tensors.plugin] Incomplete contact data is reported in GpuRigidContactView::getContactData because there are more contact data points than specified maxContactDataCount = 8.
2026-09-10T01:37:18Z [52,385ms] [Warning] [omni.physx.tensors.plugin] Incomplete contact data is reported in GpuRigidContactView::getContactData because there are more contact data points than specified maxContactDataCount = 8.
2026-09-10T01:37:18Z [52,388ms] [Warning] [omni.physx.tensors.plugin] Incomplete contact data is reported in GpuRigidContactView::getContactData because there are more contact data points than specified maxContactDataCount = 8.
2026-09-10T01:37:18Z [52,391ms] [Warning] [omni.physx.tensors.plugin] Incomplete contact data is reported in GpuRigidContactView::getContactData because there are more contact data points than specified maxContactDataCount = 8.
2026-09-10T01:37:18Z [52,439ms] [Warning] [omni.physx.tensors.plugin] Incomplete contact data is reported in GpuRigidContactView::getContactData because there are more contact data points than specified maxContactDataCount = 8.
2026-09-10T01:37:18Z [52,442ms] [Warning] [omni.physx.tensors.plugin] Incomplete contact data is reported in GpuRigidContactView::getContactData because there are more contact data points than specified maxContactDataCount = 8.
2026-09-10T01:37:18Z [52,445ms] [Warning] [omni.physx.tensors.plugin] Incomplete contact data is reported in GpuRigidContactView::getContactData because there are more contact data points than specified maxContactDataCount = 8.
2026-09-10T01:37:18Z [52,492ms] [Warning] [omni.physx.tensors.plugin] Incomplete contact data is reported in GpuRigidContactView::getContactData because there are more contact data points than specified maxContactDataCount = 8.
2026-09-10T01:37:18Z [52,495ms] [Warning] [omni.physx.tensors.plugin] Incomplete contact data is reported in GpuRigidContactView::getContactData because there are more contact data points than specified maxContactDataCount = 8.
2026-09-10T01:37:18Z [52,498ms] [Warning] [omni.physx.tensors.plugin] Incomplete contact data is reported in GpuRigidContactView::getContactData because there are more contact data points than specified maxContactDataCount = 8.
2026-09-10T01:37:18Z [52,544ms] [Warning] [omni.physx.tensors.plugin] Incomplete contact data is reported in GpuRigidContactView::getContactData because there are more contact data points than specified maxContactDataCount = 8.
2026-09-10T01:37:18Z [52,547ms] [Warning] [omni.physx.tensors.plugin] Incomplete contact data is reported in GpuRigidContactView::getContactData because there are more contact data points than specified maxContactDataCount = 8.
2026-09-10T01:37:18Z [52,551ms] [Warning] [omni.physx.tensors.plugin] Incomplete contact data is reported in GpuRigidContactView::getContactData because there are more contact data points than specified maxContactDataCount = 8.
2026-09-10T01:37:18Z [52,601ms] [Warning] [omni.physx.tensors.plugin] Incomplete contact data is reported in GpuRigidContactView::getContactData because there are more contact data points than specified maxContactDataCount = 8.
2026-09-10T01:37:18Z [52,605ms] [Warning] [omni.physx.tensors.plugin] Incomplete contact data is reported in GpuRigidContactView::getContactData because there are more contact data points than specified maxContactDataCount = 8.
2026-09-10T01:37:18Z [52,608ms] [Warning] [omni.physx.tensors.plugin] Incomplete contact data is reported in GpuRigidContactView::getContactData because there are more contact data points than specified maxContactDataCount = 8.
2026-09-10T01:37:18Z [52,655ms] [Warning] [omni.physx.tensors.plugin] Incomplete contact data is reported in GpuRigidContactView::getContactData because there are more contact data points than specified maxContactDataCount = 8.
2026-09-10T01:37:18Z [52,659ms] [Warning] [omni.physx.tensors.plugin] Incomplete contact data is reported in GpuRigidContactView::getContactData because there are more contact data points than specified maxContactDataCount = 8.
2026-09-10T01:37:18Z [52,662ms] [Warning] [omni.physx.tensors.plugin] Incomplete contact data is reported in GpuRigidContactView::getContactData because there are more contact data points than specified maxContactDataCount = 8.
2026-09-10T01:37:19Z [52,711ms] [Warning] [omni.physx.tensors.plugin] Incomplete contact data is reported in GpuRigidContactView::getContactData because there are more contact data points than specified maxContactDataCount = 8.
2026-09-10T01:37:19Z [52,714ms] [Warning] [omni.physx.tensors.plugin] Incomplete contact data is reported in GpuRigidContactView::getContactData because there are more contact data points than specified maxContactDataCount = 8.
2026-09-10T01:37:19Z [52,717ms] [Warning] [omni.physx.tensors.plugin] Incomplete contact data is reported in GpuRigidContactView::getContactData because there are more contact data points than specified maxContactDataCount = 8.
2026-09-10T01:37:19Z [52,764ms] [Warning] [omni.physx.tensors.plugin] Incomplete contact data is reported in GpuRigidContactView::getContactData because there are more contact data points than specified maxContactDataCount = 8.
2026-09-10T01:37:19Z [52,767ms] [Warning] [omni.physx.tensors.plugin] Incomplete contact data is reported in GpuRigidContactView::getContactData because there are more contact data points than specified maxContactDataCount = 8.
2026-09-10T01:37:19Z [52,771ms] [Warning] [omni.physx.tensors.plugin] Incomplete contact data is reported in GpuRigidContactView::getContactData because there are more contact data points than specified maxContactDataCount = 8.
2026-09-10T01:37:19Z [52,814ms] [Warning] [omni.physx.tensors.plugin] Incomplete contact data is reported in GpuRigidContactView::getContactData because there are more contact data points than specified maxContactDataCount = 8.
2026-09-10T01:37:19Z [52,818ms] [Warning] [omni.physx.tensors.plugin] Incomplete contact data is reported in GpuRigidContactView::getContactData because there are more contact data points than specified maxContactDataCount = 8.
2026-09-10T01:37:19Z [52,821ms] [Warning] [omni.physx.tensors.plugin] Incomplete contact data is reported in GpuRigidContactView::getContactData because there are more contact data points than specified maxContactDataCount = 8.
2026-09-10T01:37:19Z [52,869ms] [Warning] [omni.physx.tensors.plugin] Incomplete contact data is reported in GpuRigidContactView::getContactData because there are more contact data points than specified maxContactDataCount = 8.
2026-09-10T01:37:19Z [52,873ms] [Warning] [omni.physx.tensors.plugin] Incomplete contact data is reported in GpuRigidContactView::getContactData because there are more contact data points than specified maxContactDataCount = 8.
2026-09-10T01:37:19Z [52,876ms] [Warning] [omni.physx.tensors.plugin] Incomplete contact data is reported in GpuRigidContactView::getContactData because there are more contact data points than specified maxContactDataCount = 8.
2026-09-10T01:37:19Z [52,924ms] [Warning] [omni.physx.tensors.plugin] Incomplete contact data is reported in GpuRigidContactView::getContactData because there are more contact data points than specified maxContactDataCount = 8.
2026-09-10T01:37:19Z [52,927ms] [Warning] [omni.physx.tensors.plugin] Incomplete contact data is reported in GpuRigidContactView::getContactData because there are more contact data points than specified maxContactDataCount = 8.
2026-09-10T01:37:19Z [52,930ms] [Warning] [omni.physx.tensors.plugin] Incomplete contact data is reported in GpuRigidContactView::getContactData because there are more contact data points than specified maxContactDataCount = 8.
2026-09-10T01:37:19Z [52,978ms] [Warning] [omni.physx.tensors.plugin] Incomplete contact data is reported in GpuRigidContactView::getContactData because there are more contact data points than specified maxContactDataCount = 8.
2026-09-10T01:37:19Z [52,981ms] [Warning] [omni.physx.tensors.plugin] Incomplete contact data is reported in GpuRigidContactView::getContactData because there are more contact data points than specified maxContactDataCount = 8.
2026-09-10T01:37:19Z [52,984ms] [Warning] [omni.physx.tensors.plugin] Incomplete contact data is reported in GpuRigidContactView::getContactData because there are more contact data points than specified maxContactDataCount = 8.
2026-09-10T01:37:19Z [53,035ms] [Warning] [omni.physx.tensors.plugin] Incomplete contact data is reported in GpuRigidContactView::getContactData because there are more contact data points than specified maxContactDataCount = 8.
2026-09-10T01:37:19Z [53,038ms] [Warning] [omni.physx.tensors.plugin] Incomplete contact data is reported in GpuRigidContactView::getContactData because there are more contact data points than specified maxContactDataCount = 8.
2026-09-10T01:37:19Z [53,041ms] [Warning] [omni.physx.tensors.plugin] Incomplete contact data is reported in GpuRigidContactView::getContactData because there are more contact data points than specified maxContactDataCount = 8.
2026-09-10T01:37:19Z [53,088ms] [Warning] [omni.physx.tensors.plugin] Incomplete contact data is reported in GpuRigidContactView::getContactData because there are more contact data points than specified maxContactDataCount = 8.
2026-09-10T01:37:19Z [53,092ms] [Warning] [omni.physx.tensors.plugin] Incomplete contact data is reported in GpuRigidContactView::getContactData because there are more contact data points than specified maxContactDataCount = 8.
2026-09-10T01:37:19Z [53,095ms] [Warning] [omni.physx.tensors.plugin] Incomplete contact data is reported in GpuRigidContactView::getContactData because there are more contact data points than specified maxContactDataCount = 8.
2026-09-10T01:37:19Z [53,143ms] [Warning] [omni.physx.tensors.plugin] Incomplete contact data is reported in GpuRigidContactView::getContactData because there are more contact data points than specified maxContactDataCount = 8.
2026-09-10T01:37:19Z [53,147ms] [Warning] [omni.physx.tensors.plugin] Incomplete contact data is reported in GpuRigidContactView::getContactData because there are more contact data points than specified maxContactDataCount = 8.
2026-09-10T01:37:19Z [53,150ms] [Warning] [omni.physx.tensors.plugin] Incomplete contact data is reported in GpuRigidContactView::getContactData because there are more contact data points than specified maxContactDataCount = 8.
2026-09-10T01:37:19Z [53,198ms] [Warning] [omni.physx.tensors.plugin] Incomplete contact data is reported in GpuRigidContactView::getContactData because there are more contact data points than specified maxContactDataCount = 8.
2026-09-10T01:37:19Z [53,201ms] [Warning] [omni.physx.tensors.plugin] Incomplete contact data is reported in GpuRigidContactView::getContactData because there are more contact data points than specified maxContactDataCount = 8.
2026-09-10T01:37:19Z [53,204ms] [Warning] [omni.physx.tensors.plugin] Incomplete contact data is reported in GpuRigidContactView::getContactData because there are more contact data points than specified maxContactDataCount = 8.
2026-09-10T01:37:19Z [53,253ms] [Warning] [omni.physx.tensors.plugin] Incomplete contact data is reported in GpuRigidContactView::getContactData because there are more contact data points than specified maxContactDataCount = 8.
2026-09-10T01:37:19Z [53,257ms] [Warning] [omni.physx.tensors.plugin] Incomplete contact data is reported in GpuRigidContactView::getContactData because there are more contact data points than specified maxContactDataCount = 8.
2026-09-10T01:37:19Z [53,260ms] [Warning] [omni.physx.tensors.plugin] Incomplete contact data is reported in GpuRigidContactView::getContactData because there are more contact data points than specified maxContactDataCount = 8.
2026-09-10T01:37:19Z [53,308ms] [Warning] [omni.physx.tensors.plugin] Incomplete contact data is reported in GpuRigidContactView::getContactData because there are more contact data points than specified maxContactDataCount = 8.
2026-09-10T01:37:19Z [53,312ms] [Warning] [omni.physx.tensors.plugin] Incomplete contact data is reported in GpuRigidContactView::getContactData because there are more contact data points than specified maxContactDataCount = 8.
2026-09-10T01:37:19Z [53,316ms] [Warning] [omni.physx.tensors.plugin] Incomplete contact data is reported in GpuRigidContactView::getContactData because there are more contact data points than specified maxContactDataCount = 8.
TERRAIN_STAND train_ramp_1103 600/1000
2026-09-10T01:37:19Z [53,356ms] [Warning] [omni.physx.tensors.plugin] Incomplete contact data is reported in GpuRigidContactView::getContactData because there are more contact data points than specified maxContactDataCount = 8.
2026-09-10T01:37:19Z [53,360ms] [Warning] [omni.physx.tensors.plugin] Incomplete contact data is reported in GpuRigidContactView::getContactData because there are more contact data points than specified maxContactDataCount = 8.
2026-09-10T01:37:19Z [53,363ms] [Warning] [omni.physx.tensors.plugin] Incomplete contact data is reported in GpuRigidContactView::getContactData because there are more contact data points than specified maxContactDataCount = 8.
2026-09-10T01:37:19Z [53,409ms] [Warning] [omni.physx.tensors.plugin] Incomplete contact data is reported in GpuRigidContactView::getContactData because there are more contact data points than specified maxContactDataCount = 8.
2026-09-10T01:37:19Z [53,412ms] [Warning] [omni.physx.tensors.plugin] Incomplete contact data is reported in GpuRigidContactView::getContactData because there are more contact data points than specified maxContactDataCount = 8.
2026-09-10T01:37:19Z [53,415ms] [Warning] [omni.physx.tensors.plugin] Incomplete contact data is reported in GpuRigidContactView::getContactData because there are more contact data points than specified maxContactDataCount = 8.
2026-09-10T01:37:19Z [53,459ms] [Warning] [omni.physx.tensors.plugin] Incomplete contact data is reported in GpuRigidContactView::getContactData because there are more contact data points than specified maxContactDataCount = 8.
2026-09-10T01:37:19Z [53,462ms] [Warning] [omni.physx.tensors.plugin] Incomplete contact data is reported in GpuRigidContactView::getContactData because there are more contact data points than specified maxContactDataCount = 8.
2026-09-10T01:37:19Z [53,465ms] [Warning] [omni.physx.tensors.plugin] Incomplete contact data is reported in GpuRigidContactView::getContactData because there are more contact data points than specified maxContactDataCount = 8.
2026-09-10T01:37:19Z [53,515ms] [Warning] [omni.physx.tensors.plugin] Incomplete contact data is reported in GpuRigidContactView::getContactData because there are more contact data points than specified maxContactDataCount = 8.
2026-09-10T01:37:19Z [53,518ms] [Warning] [omni.physx.tensors.plugin] Incomplete contact data is reported in GpuRigidContactView::getContactData because there are more contact data points than specified maxContactDataCount = 8.
2026-09-10T01:37:19Z [53,521ms] [Warning] [omni.physx.tensors.plugin] Incomplete contact data is reported in GpuRigidContactView::getContactData because there are more contact data points than specified maxContactDataCount = 8.
2026-09-10T01:37:19Z [53,572ms] [Warning] [omni.physx.tensors.plugin] Incomplete contact data is reported in GpuRigidContactView::getContactData because there are more contact data points than specified maxContactDataCount = 8.
2026-09-10T01:37:19Z [53,575ms] [Warning] [omni.physx.tensors.plugin] Incomplete contact data is reported in GpuRigidContactView::getContactData because there are more contact data points than specified maxContactDataCount = 8.
2026-09-10T01:37:19Z [53,579ms] [Warning] [omni.physx.tensors.plugin] Incomplete contact data is reported in GpuRigidContactView::getContactData because there are more contact data points than specified maxContactDataCount = 8.
2026-09-10T01:37:19Z [53,624ms] [Warning] [omni.physx.tensors.plugin] Incomplete contact data is reported in GpuRigidContactView::getContactData because there are more contact data points than specified maxContactDataCount = 8.
2026-09-10T01:37:19Z [53,627ms] [Warning] [omni.physx.tensors.plugin] Incomplete contact data is reported in GpuRigidContactView::getContactData because there are more contact data points than specified maxContactDataCount = 8.
2026-09-10T01:37:19Z [53,631ms] [Warning] [omni.physx.tensors.plugin] Incomplete contact data is reported in GpuRigidContactView::getContactData because there are more contact data points than specified maxContactDataCount = 8.
2026-09-10T01:37:19Z [53,678ms] [Warning] [omni.physx.tensors.plugin] Incomplete contact data is reported in GpuRigidContactView::getContactData because there are more contact data points than specified maxContactDataCount = 8.
2026-09-10T01:37:19Z [53,681ms] [Warning] [omni.physx.tensors.plugin] Incomplete contact data is reported in GpuRigidContactView::getContactData because there are more contact data points than specified maxContactDataCount = 8.
2026-09-10T01:37:20Z [53,684ms] [Warning] [omni.physx.tensors.plugin] Incomplete contact data is reported in GpuRigidContactView::getContactData because there are more contact data points than specified maxContactDataCount = 8.
2026-09-10T01:37:20Z [53,727ms] [Warning] [omni.physx.tensors.plugin] Incomplete contact data is reported in GpuRigidContactView::getContactData because there are more contact data points than specified maxContactDataCount = 8.
2026-09-10T01:37:20Z [53,730ms] [Warning] [omni.physx.tensors.plugin] Incomplete contact data is reported in GpuRigidContactView::getContactData because there are more contact data points than specified maxContactDataCount = 8.
2026-09-10T01:37:20Z [53,733ms] [Warning] [omni.physx.tensors.plugin] Incomplete contact data is reported in GpuRigidContactView::getContactData because there are more contact data points than specified maxContactDataCount = 8.
2026-09-10T01:37:20Z [53,779ms] [Warning] [omni.physx.tensors.plugin] Incomplete contact data is reported in GpuRigidContactView::getContactData because there are more contact data points than specified maxContactDataCount = 8.
2026-09-10T01:37:20Z [53,783ms] [Warning] [omni.physx.tensors.plugin] Incomplete contact data is reported in GpuRigidContactView::getContactData because there are more contact data points than specified maxContactDataCount = 8.
2026-09-10T01:37:20Z [53,786ms] [Warning] [omni.physx.tensors.plugin] Incomplete contact data is reported in GpuRigidContactView::getContactData because there are more contact data points than specified maxContactDataCount = 8.
2026-09-10T01:37:20Z [53,831ms] [Warning] [omni.physx.tensors.plugin] Incomplete contact data is reported in GpuRigidContactView::getContactData because there are more contact data points than specified maxContactDataCount = 8.
2026-09-10T01:37:20Z [53,835ms] [Warning] [omni.physx.tensors.plugin] Incomplete contact data is reported in GpuRigidContactView::getContactData because there are more contact data points than specified maxContactDataCount = 8.
2026-09-10T01:37:20Z [53,838ms] [Warning] [omni.physx.tensors.plugin] Incomplete contact data is reported in GpuRigidContactView::getContactData because there are more contact data points than specified maxContactDataCount = 8.
2026-09-10T01:37:20Z [53,885ms] [Warning] [omni.physx.tensors.plugin] Incomplete contact data is reported in GpuRigidContactView::getContactData because there are more contact data points than specified maxContactDataCount = 8.
2026-09-10T01:37:20Z [53,888ms] [Warning] [omni.physx.tensors.plugin] Incomplete contact data is reported in GpuRigidContactView::getContactData because there are more contact data points than specified maxContactDataCount = 8.
2026-09-10T01:37:20Z [53,892ms] [Warning] [omni.physx.tensors.plugin] Incomplete contact data is reported in GpuRigidContactView::getContactData because there are more contact data points than specified maxContactDataCount = 8.
2026-09-10T01:37:20Z [53,940ms] [Warning] [omni.physx.tensors.plugin] Incomplete contact data is reported in GpuRigidContactView::getContactData because there are more contact data points than specified maxContactDataCount = 8.
2026-09-10T01:37:20Z [53,943ms] [Warning] [omni.physx.tensors.plugin] Incomplete contact data is reported in GpuRigidContactView::getContactData because there are more contact data points than specified maxContactDataCount = 8.
2026-09-10T01:37:20Z [53,946ms] [Warning] [omni.physx.tensors.plugin] Incomplete contact data is reported in GpuRigidContactView::getContactData because there are more contact data points than specified maxContactDataCount = 8.
2026-09-10T01:37:20Z [53,995ms] [Warning] [omni.physx.tensors.plugin] Incomplete contact data is reported in GpuRigidContactView::getContactData because there are more contact data points than specified maxContactDataCount = 8.
2026-09-10T01:37:20Z [53,998ms] [Warning] [omni.physx.tensors.plugin] Incomplete contact data is reported in GpuRigidContactView::getContactData because there are more contact data points than specified maxContactDataCount = 8.
2026-09-10T01:37:20Z [54,001ms] [Warning] [omni.physx.tensors.plugin] Incomplete contact data is reported in GpuRigidContactView::getContactData because there are more contact data points than specified maxContactDataCount = 8.
2026-09-10T01:37:20Z [54,049ms] [Warning] [omni.physx.tensors.plugin] Incomplete contact data is reported in GpuRigidContactView::getContactData because there are more contact data points than specified maxContactDataCount = 8.
2026-09-10T01:37:20Z [54,052ms] [Warning] [omni.physx.tensors.plugin] Incomplete contact data is reported in GpuRigidContactView::getContactData because there are more contact data points than specified maxContactDataCount = 8.
2026-09-10T01:37:20Z [54,056ms] [Warning] [omni.physx.tensors.plugin] Incomplete contact data is reported in GpuRigidContactView::getContactData because there are more contact data points than specified maxContactDataCount = 8.
2026-09-10T01:37:20Z [54,100ms] [Warning] [omni.physx.tensors.plugin] Incomplete contact data is reported in GpuRigidContactView::getContactData because there are more contact data points than specified maxContactDataCount = 8.
2026-09-10T01:37:20Z [54,104ms] [Warning] [omni.physx.tensors.plugin] Incomplete contact data is reported in GpuRigidContactView::getContactData because there are more contact data points than specified maxContactDataCount = 8.
2026-09-10T01:37:20Z [54,107ms] [Warning] [omni.physx.tensors.plugin] Incomplete contact data is reported in GpuRigidContactView::getContactData because there are more contact data points than specified maxContactDataCount = 8.
2026-09-10T01:37:20Z [54,154ms] [Warning] [omni.physx.tensors.plugin] Incomplete contact data is reported in GpuRigidContactView::getContactData because there are more contact data points than specified maxContactDataCount = 8.
2026-09-10T01:37:20Z [54,158ms] [Warning] [omni.physx.tensors.plugin] Incomplete contact data is reported in GpuRigidContactView::getContactData because there are more contact data points than specified maxContactDataCount = 8.
2026-09-10T01:37:20Z [54,161ms] [Warning] [omni.physx.tensors.plugin] Incomplete contact data is reported in GpuRigidContactView::getContactData because there are more contact data points than specified maxContactDataCount = 8.
2026-09-10T01:37:20Z [54,211ms] [Warning] [omni.physx.tensors.plugin] Incomplete contact data is reported in GpuRigidContactView::getContactData because there are more contact data points than specified maxContactDataCount = 8.
2026-09-10T01:37:20Z [54,215ms] [Warning] [omni.physx.tensors.plugin] Incomplete contact data is reported in GpuRigidContactView::getContactData because there are more contact data points than specified maxContactDataCount = 8.
2026-09-10T01:37:20Z [54,218ms] [Warning] [omni.physx.tensors.plugin] Incomplete contact data is reported in GpuRigidContactView::getContactData because there are more contact data points than specified maxContactDataCount = 8.
2026-09-10T01:37:20Z [54,262ms] [Warning] [omni.physx.tensors.plugin] Incomplete contact data is reported in GpuRigidContactView::getContactData because there are more contact data points than specified maxContactDataCount = 8.
2026-09-10T01:37:20Z [54,265ms] [Warning] [omni.physx.tensors.plugin] Incomplete contact data is reported in GpuRigidContactView::getContactData because there are more contact data points than specified maxContactDataCount = 8.
2026-09-10T01:37:20Z [54,269ms] [Warning] [omni.physx.tensors.plugin] Incomplete contact data is reported in GpuRigidContactView::getContactData because there are more contact data points than specified maxContactDataCount = 8.
2026-09-10T01:37:20Z [54,315ms] [Warning] [omni.physx.tensors.plugin] Incomplete contact data is reported in GpuRigidContactView::getContactData because there are more contact data points than specified maxContactDataCount = 8.
2026-09-10T01:37:20Z [54,318ms] [Warning] [omni.physx.tensors.plugin] Incomplete contact data is reported in GpuRigidContactView::getContactData because there are more contact data points than specified maxContactDataCount = 8.
2026-09-10T01:37:20Z [54,322ms] [Warning] [omni.physx.tensors.plugin] Incomplete contact data is reported in GpuRigidContactView::getContactData because there are more contact data points than specified maxContactDataCount = 8.
2026-09-10T01:37:20Z [54,364ms] [Warning] [omni.physx.tensors.plugin] Incomplete contact data is reported in GpuRigidContactView::getContactData because there are more contact data points than specified maxContactDataCount = 8.
2026-09-10T01:37:20Z [54,368ms] [Warning] [omni.physx.tensors.plugin] Incomplete contact data is reported in GpuRigidContactView::getContactData because there are more contact data points than specified maxContactDataCount = 8.
2026-09-10T01:37:20Z [54,371ms] [Warning] [omni.physx.tensors.plugin] Incomplete contact data is reported in GpuRigidContactView::getContactData because there are more contact data points than specified maxContactDataCount = 8.
2026-09-10T01:37:20Z [54,418ms] [Warning] [omni.physx.tensors.plugin] Incomplete contact data is reported in GpuRigidContactView::getContactData because there are more contact data points than specified maxContactDataCount = 8.
2026-09-10T01:37:20Z [54,421ms] [Warning] [omni.physx.tensors.plugin] Incomplete contact data is reported in GpuRigidContactView::getContactData because there are more contact data points than specified maxContactDataCount = 8.
2026-09-10T01:37:20Z [54,424ms] [Warning] [omni.physx.tensors.plugin] Incomplete contact data is reported in GpuRigidContactView::getContactData because there are more contact data points than specified maxContactDataCount = 8.
2026-09-10T01:37:20Z [54,467ms] [Warning] [omni.physx.tensors.plugin] Incomplete contact data is reported in GpuRigidContactView::getContactData because there are more contact data points than specified maxContactDataCount = 8.
2026-09-10T01:37:20Z [54,471ms] [Warning] [omni.physx.tensors.plugin] Incomplete contact data is reported in GpuRigidContactView::getContactData because there are more contact data points than specified maxContactDataCount = 8.
2026-09-10T01:37:20Z [54,474ms] [Warning] [omni.physx.tensors.plugin] Incomplete contact data is reported in GpuRigidContactView::getContactData because there are more contact data points than specified maxContactDataCount = 8.
2026-09-10T01:37:20Z [54,520ms] [Warning] [omni.physx.tensors.plugin] Incomplete contact data is reported in GpuRigidContactView::getContactData because there are more contact data points than specified maxContactDataCount = 8.
2026-09-10T01:37:20Z [54,523ms] [Warning] [omni.physx.tensors.plugin] Incomplete contact data is reported in GpuRigidContactView::getContactData because there are more contact data points than specified maxContactDataCount = 8.
2026-09-10T01:37:20Z [54,526ms] [Warning] [omni.physx.tensors.plugin] Incomplete contact data is reported in GpuRigidContactView::getContactData because there are more contact data points than specified maxContactDataCount = 8.
2026-09-10T01:37:20Z [54,569ms] [Warning] [omni.physx.tensors.plugin] Incomplete contact data is reported in GpuRigidContactView::getContactData because there are more contact data points than specified maxContactDataCount = 8.
2026-09-10T01:37:20Z [54,572ms] [Warning] [omni.physx.tensors.plugin] Incomplete contact data is reported in GpuRigidContactView::getContactData because there are more contact data points than specified maxContactDataCount = 8.
2026-09-10T01:37:20Z [54,576ms] [Warning] [omni.physx.tensors.plugin] Incomplete contact data is reported in GpuRigidContactView::getContactData because there are more contact data points than specified maxContactDataCount = 8.
2026-09-10T01:37:20Z [54,618ms] [Warning] [omni.physx.tensors.plugin] Incomplete contact data is reported in GpuRigidContactView::getContactData because there are more contact data points than specified maxContactDataCount = 8.
2026-09-10T01:37:20Z [54,621ms] [Warning] [omni.physx.tensors.plugin] Incomplete contact data is reported in GpuRigidContactView::getContactData because there are more contact data points than specified maxContactDataCount = 8.
2026-09-10T01:37:20Z [54,625ms] [Warning] [omni.physx.tensors.plugin] Incomplete contact data is reported in GpuRigidContactView::getContactData because there are more contact data points than specified maxContactDataCount = 8.
2026-09-10T01:37:20Z [54,669ms] [Warning] [omni.physx.tensors.plugin] Incomplete contact data is reported in GpuRigidContactView::getContactData because there are more contact data points than specified maxContactDataCount = 8.
2026-09-10T01:37:20Z [54,672ms] [Warning] [omni.physx.tensors.plugin] Incomplete contact data is reported in GpuRigidContactView::getContactData because there are more contact data points than specified maxContactDataCount = 8.
2026-09-10T01:37:20Z [54,675ms] [Warning] [omni.physx.tensors.plugin] Incomplete contact data is reported in GpuRigidContactView::getContactData because there are more contact data points than specified maxContactDataCount = 8.
2026-09-10T01:37:21Z [54,721ms] [Warning] [omni.physx.tensors.plugin] Incomplete contact data is reported in GpuRigidContactView::getContactData because there are more contact data points than specified maxContactDataCount = 8.
2026-09-10T01:37:21Z [54,724ms] [Warning] [omni.physx.tensors.plugin] Incomplete contact data is reported in GpuRigidContactView::getContactData because there are more contact data points than specified maxContactDataCount = 8.
2026-09-10T01:37:21Z [54,728ms] [Warning] [omni.physx.tensors.plugin] Incomplete contact data is reported in GpuRigidContactView::getContactData because there are more contact data points than specified maxContactDataCount = 8.
2026-09-10T01:37:21Z [54,773ms] [Warning] [omni.physx.tensors.plugin] Incomplete contact data is reported in GpuRigidContactView::getContactData because there are more contact data points than specified maxContactDataCount = 8.
2026-09-10T01:37:21Z [54,776ms] [Warning] [omni.physx.tensors.plugin] Incomplete contact data is reported in GpuRigidContactView::getContactData because there are more contact data points than specified maxContactDataCount = 8.
2026-09-10T01:37:21Z [54,779ms] [Warning] [omni.physx.tensors.plugin] Incomplete contact data is reported in GpuRigidContactView::getContactData because there are more contact data points than specified maxContactDataCount = 8.
2026-09-10T01:37:21Z [54,824ms] [Warning] [omni.physx.tensors.plugin] Incomplete contact data is reported in GpuRigidContactView::getContactData because there are more contact data points than specified maxContactDataCount = 8.
2026-09-10T01:37:21Z [54,827ms] [Warning] [omni.physx.tensors.plugin] Incomplete contact data is reported in GpuRigidContactView::getContactData because there are more contact data points than specified maxContactDataCount = 8.
2026-09-10T01:37:21Z [54,831ms] [Warning] [omni.physx.tensors.plugin] Incomplete contact data is reported in GpuRigidContactView::getContactData because there are more contact data points than specified maxContactDataCount = 8.
2026-09-10T01:37:21Z [54,875ms] [Warning] [omni.physx.tensors.plugin] Incomplete contact data is reported in GpuRigidContactView::getContactData because there are more contact data points than specified maxContactDataCount = 8.
2026-09-10T01:37:21Z [54,878ms] [Warning] [omni.physx.tensors.plugin] Incomplete contact data is reported in GpuRigidContactView::getContactData because there are more contact data points than specified maxContactDataCount = 8.
2026-09-10T01:37:21Z [54,881ms] [Warning] [omni.physx.tensors.plugin] Incomplete contact data is reported in GpuRigidContactView::getContactData because there are more contact data points than specified maxContactDataCount = 8.
2026-09-10T01:37:21Z [54,926ms] [Warning] [omni.physx.tensors.plugin] Incomplete contact data is reported in GpuRigidContactView::getContactData because there are more contact data points than specified maxContactDataCount = 8.
2026-09-10T01:37:21Z [54,929ms] [Warning] [omni.physx.tensors.plugin] Incomplete contact data is reported in GpuRigidContactView::getContactData because there are more contact data points than specified maxContactDataCount = 8.
2026-09-10T01:37:21Z [54,932ms] [Warning] [omni.physx.tensors.plugin] Incomplete contact data is reported in GpuRigidContactView::getContactData because there are more contact data points than specified maxContactDataCount = 8.
2026-09-10T01:37:21Z [54,976ms] [Warning] [omni.physx.tensors.plugin] Incomplete contact data is reported in GpuRigidContactView::getContactData because there are more contact data points than specified maxContactDataCount = 8.
2026-09-10T01:37:21Z [54,979ms] [Warning] [omni.physx.tensors.plugin] Incomplete contact data is reported in GpuRigidContactView::getContactData because there are more contact data points than specified maxContactDataCount = 8.
2026-09-10T01:37:21Z [54,983ms] [Warning] [omni.physx.tensors.plugin] Incomplete contact data is reported in GpuRigidContactView::getContactData because there are more contact data points than specified maxContactDataCount = 8.
2026-09-10T01:37:21Z [55,022ms] [Warning] [omni.physx.tensors.plugin] Incomplete contact data is reported in GpuRigidContactView::getContactData because there are more contact data points than specified maxContactDataCount = 8.
2026-09-10T01:37:21Z [55,026ms] [Warning] [omni.physx.tensors.plugin] Incomplete contact data is reported in GpuRigidContactView::getContactData because there are more contact data points than specified maxContactDataCount = 8.
2026-09-10T01:37:21Z [55,029ms] [Warning] [omni.physx.tensors.plugin] Incomplete contact data is reported in GpuRigidContactView::getContactData because there are more contact data points than specified maxContactDataCount = 8.
2026-09-10T01:37:21Z [55,072ms] [Warning] [omni.physx.tensors.plugin] Incomplete contact data is reported in GpuRigidContactView::getContactData because there are more contact data points than specified maxContactDataCount = 8.
2026-09-10T01:37:21Z [55,076ms] [Warning] [omni.physx.tensors.plugin] Incomplete contact data is reported in GpuRigidContactView::getContactData because there are more contact data points than specified maxContactDataCount = 8.
2026-09-10T01:37:21Z [55,079ms] [Warning] [omni.physx.tensors.plugin] Incomplete contact data is reported in GpuRigidContactView::getContactData because there are more contact data points than specified maxContactDataCount = 8.
2026-09-10T01:37:21Z [55,125ms] [Warning] [omni.physx.tensors.plugin] Incomplete contact data is reported in GpuRigidContactView::getContactData because there are more contact data points than specified maxContactDataCount = 8.
2026-09-10T01:37:21Z [55,128ms] [Warning] [omni.physx.tensors.plugin] Incomplete contact data is reported in GpuRigidContactView::getContactData because there are more contact data points than specified maxContactDataCount = 8.
2026-09-10T01:37:21Z [55,132ms] [Warning] [omni.physx.tensors.plugin] Incomplete contact data is reported in GpuRigidContactView::getContactData because there are more contact data points than specified maxContactDataCount = 8.
2026-09-10T01:37:21Z [55,176ms] [Warning] [omni.physx.tensors.plugin] Incomplete contact data is reported in GpuRigidContactView::getContactData because there are more contact data points than specified maxContactDataCount = 8.
2026-09-10T01:37:21Z [55,180ms] [Warning] [omni.physx.tensors.plugin] Incomplete contact data is reported in GpuRigidContactView::getContactData because there are more contact data points than specified maxContactDataCount = 8.
2026-09-10T01:37:21Z [55,183ms] [Warning] [omni.physx.tensors.plugin] Incomplete contact data is reported in GpuRigidContactView::getContactData because there are more contact data points than specified maxContactDataCount = 8.
2026-09-10T01:37:21Z [55,226ms] [Warning] [omni.physx.tensors.plugin] Incomplete contact data is reported in GpuRigidContactView::getContactData because there are more contact data points than specified maxContactDataCount = 8.
2026-09-10T01:37:21Z [55,229ms] [Warning] [omni.physx.tensors.plugin] Incomplete contact data is reported in GpuRigidContactView::getContactData because there are more contact data points than specified maxContactDataCount = 8.
2026-09-10T01:37:21Z [55,233ms] [Warning] [omni.physx.tensors.plugin] Incomplete contact data is reported in GpuRigidContactView::getContactData because there are more contact data points than specified maxContactDataCount = 8.
2026-09-10T01:37:21Z [55,276ms] [Warning] [omni.physx.tensors.plugin] Incomplete contact data is reported in GpuRigidContactView::getContactData because there are more contact data points than specified maxContactDataCount = 8.
2026-09-10T01:37:21Z [55,279ms] [Warning] [omni.physx.tensors.plugin] Incomplete contact data is reported in GpuRigidContactView::getContactData because there are more contact data points than specified maxContactDataCount = 8.
2026-09-10T01:37:21Z [55,282ms] [Warning] [omni.physx.tensors.plugin] Incomplete contact data is reported in GpuRigidContactView::getContactData because there are more contact data points than specified maxContactDataCount = 8.
2026-09-10T01:37:21Z [55,328ms] [Warning] [omni.physx.tensors.plugin] Incomplete contact data is reported in GpuRigidContactView::getContactData because there are more contact data points than specified maxContactDataCount = 8.
2026-09-10T01:37:21Z [55,332ms] [Warning] [omni.physx.tensors.plugin] Incomplete contact data is reported in GpuRigidContactView::getContactData because there are more contact data points than specified maxContactDataCount = 8.
2026-09-10T01:37:21Z [55,335ms] [Warning] [omni.physx.tensors.plugin] Incomplete contact data is reported in GpuRigidContactView::getContactData because there are more contact data points than specified maxContactDataCount = 8.
2026-09-10T01:37:21Z [55,380ms] [Warning] [omni.physx.tensors.plugin] Incomplete contact data is reported in GpuRigidContactView::getContactData because there are more contact data points than specified maxContactDataCount = 8.
2026-09-10T01:37:21Z [55,383ms] [Warning] [omni.physx.tensors.plugin] Incomplete contact data is reported in GpuRigidContactView::getContactData because there are more contact data points than specified maxContactDataCount = 8.
2026-09-10T01:37:21Z [55,387ms] [Warning] [omni.physx.tensors.plugin] Incomplete contact data is reported in GpuRigidContactView::getContactData because there are more contact data points than specified maxContactDataCount = 8.
2026-09-10T01:37:21Z [55,431ms] [Warning] [omni.physx.tensors.plugin] Incomplete contact data is reported in GpuRigidContactView::getContactData because there are more contact data points than specified maxContactDataCount = 8.
2026-09-10T01:37:21Z [55,434ms] [Warning] [omni.physx.tensors.plugin] Incomplete contact data is reported in GpuRigidContactView::getContactData because there are more contact data points than specified maxContactDataCount = 8.
2026-09-10T01:37:21Z [55,438ms] [Warning] [omni.physx.tensors.plugin] Incomplete contact data is reported in GpuRigidContactView::getContactData because there are more contact data points than specified maxContactDataCount = 8.
2026-09-10T01:37:21Z [55,491ms] [Warning] [omni.physx.tensors.plugin] Incomplete contact data is reported in GpuRigidContactView::getContactData because there are more contact data points than specified maxContactDataCount = 8.
2026-09-10T01:37:21Z [55,502ms] [Warning] [omni.physx.tensors.plugin] Incomplete contact data is reported in GpuRigidContactView::getContactData because there are more contact data points than specified maxContactDataCount = 8.
2026-09-10T01:37:21Z [55,513ms] [Warning] [omni.physx.tensors.plugin] Incomplete contact data is reported in GpuRigidContactView::getContactData because there are more contact data points than specified maxContactDataCount = 8.
2026-09-10T01:37:21Z [55,561ms] [Warning] [omni.physx.tensors.plugin] Incomplete contact data is reported in GpuRigidContactView::getContactData because there are more contact data points than specified maxContactDataCount = 8.
2026-09-10T01:37:21Z [55,565ms] [Warning] [omni.physx.tensors.plugin] Incomplete contact data is reported in GpuRigidContactView::getContactData because there are more contact data points than specified maxContactDataCount = 8.
2026-09-10T01:37:21Z [55,568ms] [Warning] [omni.physx.tensors.plugin] Incomplete contact data is reported in GpuRigidContactView::getContactData because there are more contact data points than specified maxContactDataCount = 8.
2026-09-10T01:37:21Z [55,612ms] [Warning] [omni.physx.tensors.plugin] Incomplete contact data is reported in GpuRigidContactView::getContactData because there are more contact data points than specified maxContactDataCount = 8.
2026-09-10T01:37:21Z [55,616ms] [Warning] [omni.physx.tensors.plugin] Incomplete contact data is reported in GpuRigidContactView::getContactData because there are more contact data points than specified maxContactDataCount = 8.
2026-09-10T01:37:21Z [55,619ms] [Warning] [omni.physx.tensors.plugin] Incomplete contact data is reported in GpuRigidContactView::getContactData because there are more contact data points than specified maxContactDataCount = 8.
2026-09-10T01:37:21Z [55,666ms] [Warning] [omni.physx.tensors.plugin] Incomplete contact data is reported in GpuRigidContactView::getContactData because there are more contact data points than specified maxContactDataCount = 8.
2026-09-10T01:37:21Z [55,669ms] [Warning] [omni.physx.tensors.plugin] Incomplete contact data is reported in GpuRigidContactView::getContactData because there are more contact data points than specified maxContactDataCount = 8.
2026-09-10T01:37:21Z [55,672ms] [Warning] [omni.physx.tensors.plugin] Incomplete contact data is reported in GpuRigidContactView::getContactData because there are more contact data points than specified maxContactDataCount = 8.
2026-09-10T01:37:22Z [55,718ms] [Warning] [omni.physx.tensors.plugin] Incomplete contact data is reported in GpuRigidContactView::getContactData because there are more contact data points than specified maxContactDataCount = 8.
2026-09-10T01:37:22Z [55,722ms] [Warning] [omni.physx.tensors.plugin] Incomplete contact data is reported in GpuRigidContactView::getContactData because there are more contact data points than specified maxContactDataCount = 8.
2026-09-10T01:37:22Z [55,725ms] [Warning] [omni.physx.tensors.plugin] Incomplete contact data is reported in GpuRigidContactView::getContactData because there are more contact data points than specified maxContactDataCount = 8.
2026-09-10T01:37:22Z [55,768ms] [Warning] [omni.physx.tensors.plugin] Incomplete contact data is reported in GpuRigidContactView::getContactData because there are more contact data points than specified maxContactDataCount = 8.
2026-09-10T01:37:22Z [55,772ms] [Warning] [omni.physx.tensors.plugin] Incomplete contact data is reported in GpuRigidContactView::getContactData because there are more contact data points than specified maxContactDataCount = 8.
2026-09-10T01:37:22Z [55,775ms] [Warning] [omni.physx.tensors.plugin] Incomplete contact data is reported in GpuRigidContactView::getContactData because there are more contact data points than specified maxContactDataCount = 8.
2026-09-10T01:37:22Z [55,820ms] [Warning] [omni.physx.tensors.plugin] Incomplete contact data is reported in GpuRigidContactView::getContactData because there are more contact data points than specified maxContactDataCount = 8.
2026-09-10T01:37:22Z [55,823ms] [Warning] [omni.physx.tensors.plugin] Incomplete contact data is reported in GpuRigidContactView::getContactData because there are more contact data points than specified maxContactDataCount = 8.
2026-09-10T01:37:22Z [55,827ms] [Warning] [omni.physx.tensors.plugin] Incomplete contact data is reported in GpuRigidContactView::getContactData because there are more contact data points than specified maxContactDataCount = 8.
2026-09-10T01:37:22Z [55,870ms] [Warning] [omni.physx.tensors.plugin] Incomplete contact data is reported in GpuRigidContactView::getContactData because there are more contact data points than specified maxContactDataCount = 8.
2026-09-10T01:37:22Z [55,873ms] [Warning] [omni.physx.tensors.plugin] Incomplete contact data is reported in GpuRigidContactView::getContactData because there are more contact data points than specified maxContactDataCount = 8.
2026-09-10T01:37:22Z [55,877ms] [Warning] [omni.physx.tensors.plugin] Incomplete contact data is reported in GpuRigidContactView::getContactData because there are more contact data points than specified maxContactDataCount = 8.
2026-09-10T01:37:22Z [55,920ms] [Warning] [omni.physx.tensors.plugin] Incomplete contact data is reported in GpuRigidContactView::getContactData because there are more contact data points than specified maxContactDataCount = 8.
2026-09-10T01:37:22Z [55,924ms] [Warning] [omni.physx.tensors.plugin] Incomplete contact data is reported in GpuRigidContactView::getContactData because there are more contact data points than specified maxContactDataCount = 8.
2026-09-10T01:37:22Z [55,927ms] [Warning] [omni.physx.tensors.plugin] Incomplete contact data is reported in GpuRigidContactView::getContactData because there are more contact data points than specified maxContactDataCount = 8.
2026-09-10T01:37:22Z [55,972ms] [Warning] [omni.physx.tensors.plugin] Incomplete contact data is reported in GpuRigidContactView::getContactData because there are more contact data points than specified maxContactDataCount = 8.
2026-09-10T01:37:22Z [55,976ms] [Warning] [omni.physx.tensors.plugin] Incomplete contact data is reported in GpuRigidContactView::getContactData because there are more contact data points than specified maxContactDataCount = 8.
2026-09-10T01:37:22Z [55,979ms] [Warning] [omni.physx.tensors.plugin] Incomplete contact data is reported in GpuRigidContactView::getContactData because there are more contact data points than specified maxContactDataCount = 8.
2026-09-10T01:37:22Z [56,024ms] [Warning] [omni.physx.tensors.plugin] Incomplete contact data is reported in GpuRigidContactView::getContactData because there are more contact data points than specified maxContactDataCount = 8.
2026-09-10T01:37:22Z [56,028ms] [Warning] [omni.physx.tensors.plugin] Incomplete contact data is reported in GpuRigidContactView::getContactData because there are more contact data points than specified maxContactDataCount = 8.
2026-09-10T01:37:22Z [56,031ms] [Warning] [omni.physx.tensors.plugin] Incomplete contact data is reported in GpuRigidContactView::getContactData because there are more contact data points than specified maxContactDataCount = 8.
2026-09-10T01:37:22Z [56,076ms] [Warning] [omni.physx.tensors.plugin] Incomplete contact data is reported in GpuRigidContactView::getContactData because there are more contact data points than specified maxContactDataCount = 8.
2026-09-10T01:37:22Z [56,079ms] [Warning] [omni.physx.tensors.plugin] Incomplete contact data is reported in GpuRigidContactView::getContactData because there are more contact data points than specified maxContactDataCount = 8.
2026-09-10T01:37:22Z [56,082ms] [Warning] [omni.physx.tensors.plugin] Incomplete contact data is reported in GpuRigidContactView::getContactData because there are more contact data points than specified maxContactDataCount = 8.
2026-09-10T01:37:22Z [56,127ms] [Warning] [omni.physx.tensors.plugin] Incomplete contact data is reported in GpuRigidContactView::getContactData because there are more contact data points than specified maxContactDataCount = 8.
2026-09-10T01:37:22Z [56,131ms] [Warning] [omni.physx.tensors.plugin] Incomplete contact data is reported in GpuRigidContactView::getContactData because there are more contact data points than specified maxContactDataCount = 8.
2026-09-10T01:37:22Z [56,134ms] [Warning] [omni.physx.tensors.plugin] Incomplete contact data is reported in GpuRigidContactView::getContactData because there are more contact data points than specified maxContactDataCount = 8.
2026-09-10T01:37:22Z [56,181ms] [Warning] [omni.physx.tensors.plugin] Incomplete contact data is reported in GpuRigidContactView::getContactData because there are more contact data points than specified maxContactDataCount = 8.
2026-09-10T01:37:22Z [56,185ms] [Warning] [omni.physx.tensors.plugin] Incomplete contact data is reported in GpuRigidContactView::getContactData because there are more contact data points than specified maxContactDataCount = 8.
2026-09-10T01:37:22Z [56,188ms] [Warning] [omni.physx.tensors.plugin] Incomplete contact data is reported in GpuRigidContactView::getContactData because there are more contact data points than specified maxContactDataCount = 8.
2026-09-10T01:37:22Z [56,234ms] [Warning] [omni.physx.tensors.plugin] Incomplete contact data is reported in GpuRigidContactView::getContactData because there are more contact data points than specified maxContactDataCount = 8.
2026-09-10T01:37:22Z [56,237ms] [Warning] [omni.physx.tensors.plugin] Incomplete contact data is reported in GpuRigidContactView::getContactData because there are more contact data points than specified maxContactDataCount = 8.
2026-09-10T01:37:22Z [56,241ms] [Warning] [omni.physx.tensors.plugin] Incomplete contact data is reported in GpuRigidContactView::getContactData because there are more contact data points than specified maxContactDataCount = 8.
2026-09-10T01:37:22Z [56,285ms] [Warning] [omni.physx.tensors.plugin] Incomplete contact data is reported in GpuRigidContactView::getContactData because there are more contact data points than specified maxContactDataCount = 8.
2026-09-10T01:37:22Z [56,289ms] [Warning] [omni.physx.tensors.plugin] Incomplete contact data is reported in GpuRigidContactView::getContactData because there are more contact data points than specified maxContactDataCount = 8.
2026-09-10T01:37:22Z [56,292ms] [Warning] [omni.physx.tensors.plugin] Incomplete contact data is reported in GpuRigidContactView::getContactData because there are more contact data points than specified maxContactDataCount = 8.
2026-09-10T01:37:22Z [56,337ms] [Warning] [omni.physx.tensors.plugin] Incomplete contact data is reported in GpuRigidContactView::getContactData because there are more contact data points than specified maxContactDataCount = 8.
2026-09-10T01:37:22Z [56,341ms] [Warning] [omni.physx.tensors.plugin] Incomplete contact data is reported in GpuRigidContactView::getContactData because there are more contact data points than specified maxContactDataCount = 8.
2026-09-10T01:37:22Z [56,345ms] [Warning] [omni.physx.tensors.plugin] Incomplete contact data is reported in GpuRigidContactView::getContactData because there are more contact data points than specified maxContactDataCount = 8.
2026-09-10T01:37:22Z [56,393ms] [Warning] [omni.physx.tensors.plugin] Incomplete contact data is reported in GpuRigidContactView::getContactData because there are more contact data points than specified maxContactDataCount = 8.
2026-09-10T01:37:22Z [56,396ms] [Warning] [omni.physx.tensors.plugin] Incomplete contact data is reported in GpuRigidContactView::getContactData because there are more contact data points than specified maxContactDataCount = 8.
2026-09-10T01:37:22Z [56,400ms] [Warning] [omni.physx.tensors.plugin] Incomplete contact data is reported in GpuRigidContactView::getContactData because there are more contact data points than specified maxContactDataCount = 8.
2026-09-10T01:37:22Z [56,449ms] [Warning] [omni.physx.tensors.plugin] Incomplete contact data is reported in GpuRigidContactView::getContactData because there are more contact data points than specified maxContactDataCount = 8.
2026-09-10T01:37:22Z [56,453ms] [Warning] [omni.physx.tensors.plugin] Incomplete contact data is reported in GpuRigidContactView::getContactData because there are more contact data points than specified maxContactDataCount = 8.
2026-09-10T01:37:22Z [56,456ms] [Warning] [omni.physx.tensors.plugin] Incomplete contact data is reported in GpuRigidContactView::getContactData because there are more contact data points than specified maxContactDataCount = 8.
2026-09-10T01:37:22Z [56,504ms] [Warning] [omni.physx.tensors.plugin] Incomplete contact data is reported in GpuRigidContactView::getContactData because there are more contact data points than specified maxContactDataCount = 8.
2026-09-10T01:37:22Z [56,508ms] [Warning] [omni.physx.tensors.plugin] Incomplete contact data is reported in GpuRigidContactView::getContactData because there are more contact data points than specified maxContactDataCount = 8.
2026-09-10T01:37:22Z [56,511ms] [Warning] [omni.physx.tensors.plugin] Incomplete contact data is reported in GpuRigidContactView::getContactData because there are more contact data points than specified maxContactDataCount = 8.
2026-09-10T01:37:22Z [56,560ms] [Warning] [omni.physx.tensors.plugin] Incomplete contact data is reported in GpuRigidContactView::getContactData because there are more contact data points than specified maxContactDataCount = 8.
2026-09-10T01:37:22Z [56,564ms] [Warning] [omni.physx.tensors.plugin] Incomplete contact data is reported in GpuRigidContactView::getContactData because there are more contact data points than specified maxContactDataCount = 8.
2026-09-10T01:37:22Z [56,567ms] [Warning] [omni.physx.tensors.plugin] Incomplete contact data is reported in GpuRigidContactView::getContactData because there are more contact data points than specified maxContactDataCount = 8.
2026-09-10T01:37:22Z [56,617ms] [Warning] [omni.physx.tensors.plugin] Incomplete contact data is reported in GpuRigidContactView::getContactData because there are more contact data points than specified maxContactDataCount = 8.
2026-09-10T01:37:22Z [56,621ms] [Warning] [omni.physx.tensors.plugin] Incomplete contact data is reported in GpuRigidContactView::getContactData because there are more contact data points than specified maxContactDataCount = 8.
2026-09-10T01:37:22Z [56,624ms] [Warning] [omni.physx.tensors.plugin] Incomplete contact data is reported in GpuRigidContactView::getContactData because there are more contact data points than specified maxContactDataCount = 8.
2026-09-10T01:37:22Z [56,673ms] [Warning] [omni.physx.tensors.plugin] Incomplete contact data is reported in GpuRigidContactView::getContactData because there are more contact data points than specified maxContactDataCount = 8.
2026-09-10T01:37:22Z [56,676ms] [Warning] [omni.physx.tensors.plugin] Incomplete contact data is reported in GpuRigidContactView::getContactData because there are more contact data points than specified maxContactDataCount = 8.
2026-09-10T01:37:22Z [56,680ms] [Warning] [omni.physx.tensors.plugin] Incomplete contact data is reported in GpuRigidContactView::getContactData because there are more contact data points than specified maxContactDataCount = 8.
2026-09-10T01:37:23Z [56,729ms] [Warning] [omni.physx.tensors.plugin] Incomplete contact data is reported in GpuRigidContactView::getContactData because there are more contact data points than specified maxContactDataCount = 8.
2026-09-10T01:37:23Z [56,733ms] [Warning] [omni.physx.tensors.plugin] Incomplete contact data is reported in GpuRigidContactView::getContactData because there are more contact data points than specified maxContactDataCount = 8.
2026-09-10T01:37:23Z [56,737ms] [Warning] [omni.physx.tensors.plugin] Incomplete contact data is reported in GpuRigidContactView::getContactData because there are more contact data points than specified maxContactDataCount = 8.
2026-09-10T01:37:23Z [56,787ms] [Warning] [omni.physx.tensors.plugin] Incomplete contact data is reported in GpuRigidContactView::getContactData because there are more contact data points than specified maxContactDataCount = 8.
2026-09-10T01:37:23Z [56,791ms] [Warning] [omni.physx.tensors.plugin] Incomplete contact data is reported in GpuRigidContactView::getContactData because there are more contact data points than specified maxContactDataCount = 8.
2026-09-10T01:37:23Z [56,794ms] [Warning] [omni.physx.tensors.plugin] Incomplete contact data is reported in GpuRigidContactView::getContactData because there are more contact data points than specified maxContactDataCount = 8.
2026-09-10T01:37:23Z [56,843ms] [Warning] [omni.physx.tensors.plugin] Incomplete contact data is reported in GpuRigidContactView::getContactData because there are more contact data points than specified maxContactDataCount = 8.
2026-09-10T01:37:23Z [56,846ms] [Warning] [omni.physx.tensors.plugin] Incomplete contact data is reported in GpuRigidContactView::getContactData because there are more contact data points than specified maxContactDataCount = 8.
2026-09-10T01:37:23Z [56,850ms] [Warning] [omni.physx.tensors.plugin] Incomplete contact data is reported in GpuRigidContactView::getContactData because there are more contact data points than specified maxContactDataCount = 8.
2026-09-10T01:37:23Z [56,900ms] [Warning] [omni.physx.tensors.plugin] Incomplete contact data is reported in GpuRigidContactView::getContactData because there are more contact data points than specified maxContactDataCount = 8.
2026-09-10T01:37:23Z [56,903ms] [Warning] [omni.physx.tensors.plugin] Incomplete contact data is reported in GpuRigidContactView::getContactData because there are more contact data points than specified maxContactDataCount = 8.
2026-09-10T01:37:23Z [56,906ms] [Warning] [omni.physx.tensors.plugin] Incomplete contact data is reported in GpuRigidContactView::getContactData because there are more contact data points than specified maxContactDataCount = 8.
2026-09-10T01:37:23Z [56,952ms] [Warning] [omni.physx.tensors.plugin] Incomplete contact data is reported in GpuRigidContactView::getContactData because there are more contact data points than specified maxContactDataCount = 8.
2026-09-10T01:37:23Z [56,956ms] [Warning] [omni.physx.tensors.plugin] Incomplete contact data is reported in GpuRigidContactView::getContactData because there are more contact data points than specified maxContactDataCount = 8.
2026-09-10T01:37:23Z [56,959ms] [Warning] [omni.physx.tensors.plugin] Incomplete contact data is reported in GpuRigidContactView::getContactData because there are more contact data points than specified maxContactDataCount = 8.
2026-09-10T01:37:23Z [57,008ms] [Warning] [omni.physx.tensors.plugin] Incomplete contact data is reported in GpuRigidContactView::getContactData because there are more contact data points than specified maxContactDataCount = 8.
2026-09-10T01:37:23Z [57,012ms] [Warning] [omni.physx.tensors.plugin] Incomplete contact data is reported in GpuRigidContactView::getContactData because there are more contact data points than specified maxContactDataCount = 8.
2026-09-10T01:37:23Z [57,015ms] [Warning] [omni.physx.tensors.plugin] Incomplete contact data is reported in GpuRigidContactView::getContactData because there are more contact data points than specified maxContactDataCount = 8.
2026-09-10T01:37:23Z [57,064ms] [Warning] [omni.physx.tensors.plugin] Incomplete contact data is reported in GpuRigidContactView::getContactData because there are more contact data points than specified maxContactDataCount = 8.
2026-09-10T01:37:23Z [57,067ms] [Warning] [omni.physx.tensors.plugin] Incomplete contact data is reported in GpuRigidContactView::getContactData because there are more contact data points than specified maxContactDataCount = 8.
2026-09-10T01:37:23Z [57,070ms] [Warning] [omni.physx.tensors.plugin] Incomplete contact data is reported in GpuRigidContactView::getContactData because there are more contact data points than specified maxContactDataCount = 8.
2026-09-10T01:37:23Z [57,121ms] [Warning] [omni.physx.tensors.plugin] Incomplete contact data is reported in GpuRigidContactView::getContactData because there are more contact data points than specified maxContactDataCount = 8.
2026-09-10T01:37:23Z [57,125ms] [Warning] [omni.physx.tensors.plugin] Incomplete contact data is reported in GpuRigidContactView::getContactData because there are more contact data points than specified maxContactDataCount = 8.
2026-09-10T01:37:23Z [57,128ms] [Warning] [omni.physx.tensors.plugin] Incomplete contact data is reported in GpuRigidContactView::getContactData because there are more contact data points than specified maxContactDataCount = 8.
2026-09-10T01:37:23Z [57,176ms] [Warning] [omni.physx.tensors.plugin] Incomplete contact data is reported in GpuRigidContactView::getContactData because there are more contact data points than specified maxContactDataCount = 8.
2026-09-10T01:37:23Z [57,179ms] [Warning] [omni.physx.tensors.plugin] Incomplete contact data is reported in GpuRigidContactView::getContactData because there are more contact data points than specified maxContactDataCount = 8.
2026-09-10T01:37:23Z [57,183ms] [Warning] [omni.physx.tensors.plugin] Incomplete contact data is reported in GpuRigidContactView::getContactData because there are more contact data points than specified maxContactDataCount = 8.
2026-09-10T01:37:23Z [57,233ms] [Warning] [omni.physx.tensors.plugin] Incomplete contact data is reported in GpuRigidContactView::getContactData because there are more contact data points than specified maxContactDataCount = 8.
2026-09-10T01:37:23Z [57,236ms] [Warning] [omni.physx.tensors.plugin] Incomplete contact data is reported in GpuRigidContactView::getContactData because there are more contact data points than specified maxContactDataCount = 8.
2026-09-10T01:37:23Z [57,240ms] [Warning] [omni.physx.tensors.plugin] Incomplete contact data is reported in GpuRigidContactView::getContactData because there are more contact data points than specified maxContactDataCount = 8.
2026-09-10T01:37:23Z [57,285ms] [Warning] [omni.physx.tensors.plugin] Incomplete contact data is reported in GpuRigidContactView::getContactData because there are more contact data points than specified maxContactDataCount = 8.
2026-09-10T01:37:23Z [57,289ms] [Warning] [omni.physx.tensors.plugin] Incomplete contact data is reported in GpuRigidContactView::getContactData because there are more contact data points than specified maxContactDataCount = 8.
2026-09-10T01:37:23Z [57,292ms] [Warning] [omni.physx.tensors.plugin] Incomplete contact data is reported in GpuRigidContactView::getContactData because there are more contact data points than specified maxContactDataCount = 8.
2026-09-10T01:37:23Z [57,338ms] [Warning] [omni.physx.tensors.plugin] Incomplete contact data is reported in GpuRigidContactView::getContactData because there are more contact data points than specified maxContactDataCount = 8.
2026-09-10T01:37:23Z [57,342ms] [Warning] [omni.physx.tensors.plugin] Incomplete contact data is reported in GpuRigidContactView::getContactData because there are more contact data points than specified maxContactDataCount = 8.
2026-09-10T01:37:23Z [57,345ms] [Warning] [omni.physx.tensors.plugin] Incomplete contact data is reported in GpuRigidContactView::getContactData because there are more contact data points than specified maxContactDataCount = 8.
2026-09-10T01:37:23Z [57,393ms] [Warning] [omni.physx.tensors.plugin] Incomplete contact data is reported in GpuRigidContactView::getContactData because there are more contact data points than specified maxContactDataCount = 8.
2026-09-10T01:37:23Z [57,397ms] [Warning] [omni.physx.tensors.plugin] Incomplete contact data is reported in GpuRigidContactView::getContactData because there are more contact data points than specified maxContactDataCount = 8.
2026-09-10T01:37:23Z [57,400ms] [Warning] [omni.physx.tensors.plugin] Incomplete contact data is reported in GpuRigidContactView::getContactData because there are more contact data points than specified maxContactDataCount = 8.
2026-09-10T01:37:23Z [57,452ms] [Warning] [omni.physx.tensors.plugin] Incomplete contact data is reported in GpuRigidContactView::getContactData because there are more contact data points than specified maxContactDataCount = 8.
2026-09-10T01:37:23Z [57,456ms] [Warning] [omni.physx.tensors.plugin] Incomplete contact data is reported in GpuRigidContactView::getContactData because there are more contact data points than specified maxContactDataCount = 8.
2026-09-10T01:37:23Z [57,459ms] [Warning] [omni.physx.tensors.plugin] Incomplete contact data is reported in GpuRigidContactView::getContactData because there are more contact data points than specified maxContactDataCount = 8.
2026-09-10T01:37:23Z [57,506ms] [Warning] [omni.physx.tensors.plugin] Incomplete contact data is reported in GpuRigidContactView::getContactData because there are more contact data points than specified maxContactDataCount = 8.
2026-09-10T01:37:23Z [57,510ms] [Warning] [omni.physx.tensors.plugin] Incomplete contact data is reported in GpuRigidContactView::getContactData because there are more contact data points than specified maxContactDataCount = 8.
2026-09-10T01:37:23Z [57,513ms] [Warning] [omni.physx.tensors.plugin] Incomplete contact data is reported in GpuRigidContactView::getContactData because there are more contact data points than specified maxContactDataCount = 8.
2026-09-10T01:37:23Z [57,562ms] [Warning] [omni.physx.tensors.plugin] Incomplete contact data is reported in GpuRigidContactView::getContactData because there are more contact data points than specified maxContactDataCount = 8.
2026-09-10T01:37:23Z [57,566ms] [Warning] [omni.physx.tensors.plugin] Incomplete contact data is reported in GpuRigidContactView::getContactData because there are more contact data points than specified maxContactDataCount = 8.
2026-09-10T01:37:23Z [57,569ms] [Warning] [omni.physx.tensors.plugin] Incomplete contact data is reported in GpuRigidContactView::getContactData because there are more contact data points than specified maxContactDataCount = 8.
2026-09-10T01:37:23Z [57,618ms] [Warning] [omni.physx.tensors.plugin] Incomplete contact data is reported in GpuRigidContactView::getContactData because there are more contact data points than specified maxContactDataCount = 8.
2026-09-10T01:37:23Z [57,622ms] [Warning] [omni.physx.tensors.plugin] Incomplete contact data is reported in GpuRigidContactView::getContactData because there are more contact data points than specified maxContactDataCount = 8.
2026-09-10T01:37:23Z [57,625ms] [Warning] [omni.physx.tensors.plugin] Incomplete contact data is reported in GpuRigidContactView::getContactData because there are more contact data points than specified maxContactDataCount = 8.
2026-09-10T01:37:23Z [57,673ms] [Warning] [omni.physx.tensors.plugin] Incomplete contact data is reported in GpuRigidContactView::getContactData because there are more contact data points than specified maxContactDataCount = 8.
2026-09-10T01:37:23Z [57,677ms] [Warning] [omni.physx.tensors.plugin] Incomplete contact data is reported in GpuRigidContactView::getContactData because there are more contact data points than specified maxContactDataCount = 8.
2026-09-10T01:37:23Z [57,680ms] [Warning] [omni.physx.tensors.plugin] Incomplete contact data is reported in GpuRigidContactView::getContactData because there are more contact data points than specified maxContactDataCount = 8.
2026-09-10T01:37:24Z [57,730ms] [Warning] [omni.physx.tensors.plugin] Incomplete contact data is reported in GpuRigidContactView::getContactData because there are more contact data points than specified maxContactDataCount = 8.
2026-09-10T01:37:24Z [57,734ms] [Warning] [omni.physx.tensors.plugin] Incomplete contact data is reported in GpuRigidContactView::getContactData because there are more contact data points than specified maxContactDataCount = 8.
2026-09-10T01:37:24Z [57,737ms] [Warning] [omni.physx.tensors.plugin] Incomplete contact data is reported in GpuRigidContactView::getContactData because there are more contact data points than specified maxContactDataCount = 8.
2026-09-10T01:37:24Z [57,788ms] [Warning] [omni.physx.tensors.plugin] Incomplete contact data is reported in GpuRigidContactView::getContactData because there are more contact data points than specified maxContactDataCount = 8.
2026-09-10T01:37:24Z [57,791ms] [Warning] [omni.physx.tensors.plugin] Incomplete contact data is reported in GpuRigidContactView::getContactData because there are more contact data points than specified maxContactDataCount = 8.
2026-09-10T01:37:24Z [57,795ms] [Warning] [omni.physx.tensors.plugin] Incomplete contact data is reported in GpuRigidContactView::getContactData because there are more contact data points than specified maxContactDataCount = 8.
2026-09-10T01:37:24Z [57,848ms] [Warning] [omni.physx.tensors.plugin] Incomplete contact data is reported in GpuRigidContactView::getContactData because there are more contact data points than specified maxContactDataCount = 8.
2026-09-10T01:37:24Z [57,851ms] [Warning] [omni.physx.tensors.plugin] Incomplete contact data is reported in GpuRigidContactView::getContactData because there are more contact data points than specified maxContactDataCount = 8.
2026-09-10T01:37:24Z [57,855ms] [Warning] [omni.physx.tensors.plugin] Incomplete contact data is reported in GpuRigidContactView::getContactData because there are more contact data points than specified maxContactDataCount = 8.
2026-09-10T01:37:24Z [57,907ms] [Warning] [omni.physx.tensors.plugin] Incomplete contact data is reported in GpuRigidContactView::getContactData because there are more contact data points than specified maxContactDataCount = 8.
2026-09-10T01:37:24Z [57,910ms] [Warning] [omni.physx.tensors.plugin] Incomplete contact data is reported in GpuRigidContactView::getContactData because there are more contact data points than specified maxContactDataCount = 8.
2026-09-10T01:37:24Z [57,914ms] [Warning] [omni.physx.tensors.plugin] Incomplete contact data is reported in GpuRigidContactView::getContactData because there are more contact data points than specified maxContactDataCount = 8.
2026-09-10T01:37:24Z [57,964ms] [Warning] [omni.physx.tensors.plugin] Incomplete contact data is reported in GpuRigidContactView::getContactData because there are more contact data points than specified maxContactDataCount = 8.
2026-09-10T01:37:24Z [57,967ms] [Warning] [omni.physx.tensors.plugin] Incomplete contact data is reported in GpuRigidContactView::getContactData because there are more contact data points than specified maxContactDataCount = 8.
2026-09-10T01:37:24Z [57,971ms] [Warning] [omni.physx.tensors.plugin] Incomplete contact data is reported in GpuRigidContactView::getContactData because there are more contact data points than specified maxContactDataCount = 8.
2026-09-10T01:37:24Z [58,020ms] [Warning] [omni.physx.tensors.plugin] Incomplete contact data is reported in GpuRigidContactView::getContactData because there are more contact data points than specified maxContactDataCount = 8.
2026-09-10T01:37:24Z [58,023ms] [Warning] [omni.physx.tensors.plugin] Incomplete contact data is reported in GpuRigidContactView::getContactData because there are more contact data points than specified maxContactDataCount = 8.
2026-09-10T01:37:24Z [58,027ms] [Warning] [omni.physx.tensors.plugin] Incomplete contact data is reported in GpuRigidContactView::getContactData because there are more contact data points than specified maxContactDataCount = 8.
2026-09-10T01:37:24Z [58,077ms] [Warning] [omni.physx.tensors.plugin] Incomplete contact data is reported in GpuRigidContactView::getContactData because there are more contact data points than specified maxContactDataCount = 8.
2026-09-10T01:37:24Z [58,080ms] [Warning] [omni.physx.tensors.plugin] Incomplete contact data is reported in GpuRigidContactView::getContactData because there are more contact data points than specified maxContactDataCount = 8.
2026-09-10T01:37:24Z [58,084ms] [Warning] [omni.physx.tensors.plugin] Incomplete contact data is reported in GpuRigidContactView::getContactData because there are more contact data points than specified maxContactDataCount = 8.
2026-09-10T01:37:24Z [58,134ms] [Warning] [omni.physx.tensors.plugin] Incomplete contact data is reported in GpuRigidContactView::getContactData because there are more contact data points than specified maxContactDataCount = 8.
2026-09-10T01:37:24Z [58,137ms] [Warning] [omni.physx.tensors.plugin] Incomplete contact data is reported in GpuRigidContactView::getContactData because there are more contact data points than specified maxContactDataCount = 8.
2026-09-10T01:37:24Z [58,141ms] [Warning] [omni.physx.tensors.plugin] Incomplete contact data is reported in GpuRigidContactView::getContactData because there are more contact data points than specified maxContactDataCount = 8.
2026-09-10T01:37:24Z [58,192ms] [Warning] [omni.physx.tensors.plugin] Incomplete contact data is reported in GpuRigidContactView::getContactData because there are more contact data points than specified maxContactDataCount = 8.
2026-09-10T01:37:24Z [58,196ms] [Warning] [omni.physx.tensors.plugin] Incomplete contact data is reported in GpuRigidContactView::getContactData because there are more contact data points than specified maxContactDataCount = 8.
2026-09-10T01:37:24Z [58,199ms] [Warning] [omni.physx.tensors.plugin] Incomplete contact data is reported in GpuRigidContactView::getContactData because there are more contact data points than specified maxContactDataCount = 8.
2026-09-10T01:37:24Z [58,246ms] [Warning] [omni.physx.tensors.plugin] Incomplete contact data is reported in GpuRigidContactView::getContactData because there are more contact data points than specified maxContactDataCount = 8.
2026-09-10T01:37:24Z [58,250ms] [Warning] [omni.physx.tensors.plugin] Incomplete contact data is reported in GpuRigidContactView::getContactData because there are more contact data points than specified maxContactDataCount = 8.
2026-09-10T01:37:24Z [58,253ms] [Warning] [omni.physx.tensors.plugin] Incomplete contact data is reported in GpuRigidContactView::getContactData because there are more contact data points than specified maxContactDataCount = 8.
2026-09-10T01:37:24Z [58,300ms] [Warning] [omni.physx.tensors.plugin] Incomplete contact data is reported in GpuRigidContactView::getContactData because there are more contact data points than specified maxContactDataCount = 8.
2026-09-10T01:37:24Z [58,304ms] [Warning] [omni.physx.tensors.plugin] Incomplete contact data is reported in GpuRigidContactView::getContactData because there are more contact data points than specified maxContactDataCount = 8.
2026-09-10T01:37:24Z [58,307ms] [Warning] [omni.physx.tensors.plugin] Incomplete contact data is reported in GpuRigidContactView::getContactData because there are more contact data points than specified maxContactDataCount = 8.
2026-09-10T01:37:24Z [58,352ms] [Warning] [omni.physx.tensors.plugin] Incomplete contact data is reported in GpuRigidContactView::getContactData because there are more contact data points than specified maxContactDataCount = 8.
2026-09-10T01:37:24Z [58,356ms] [Warning] [omni.physx.tensors.plugin] Incomplete contact data is reported in GpuRigidContactView::getContactData because there are more contact data points than specified maxContactDataCount = 8.
2026-09-10T01:37:24Z [58,360ms] [Warning] [omni.physx.tensors.plugin] Incomplete contact data is reported in GpuRigidContactView::getContactData because there are more contact data points than specified maxContactDataCount = 8.
2026-09-10T01:37:24Z [58,407ms] [Warning] [omni.physx.tensors.plugin] Incomplete contact data is reported in GpuRigidContactView::getContactData because there are more contact data points than specified maxContactDataCount = 8.
2026-09-10T01:37:24Z [58,411ms] [Warning] [omni.physx.tensors.plugin] Incomplete contact data is reported in GpuRigidContactView::getContactData because there are more contact data points than specified maxContactDataCount = 8.
2026-09-10T01:37:24Z [58,414ms] [Warning] [omni.physx.tensors.plugin] Incomplete contact data is reported in GpuRigidContactView::getContactData because there are more contact data points than specified maxContactDataCount = 8.
2026-09-10T01:37:24Z [58,459ms] [Warning] [omni.physx.tensors.plugin] Incomplete contact data is reported in GpuRigidContactView::getContactData because there are more contact data points than specified maxContactDataCount = 8.
2026-09-10T01:37:24Z [58,463ms] [Warning] [omni.physx.tensors.plugin] Incomplete contact data is reported in GpuRigidContactView::getContactData because there are more contact data points than specified maxContactDataCount = 8.
2026-09-10T01:37:24Z [58,466ms] [Warning] [omni.physx.tensors.plugin] Incomplete contact data is reported in GpuRigidContactView::getContactData because there are more contact data points than specified maxContactDataCount = 8.
2026-09-10T01:37:24Z [58,512ms] [Warning] [omni.physx.tensors.plugin] Incomplete contact data is reported in GpuRigidContactView::getContactData because there are more contact data points than specified maxContactDataCount = 8.
2026-09-10T01:37:24Z [58,516ms] [Warning] [omni.physx.tensors.plugin] Incomplete contact data is reported in GpuRigidContactView::getContactData because there are more contact data points than specified maxContactDataCount = 8.
2026-09-10T01:37:24Z [58,519ms] [Warning] [omni.physx.tensors.plugin] Incomplete contact data is reported in GpuRigidContactView::getContactData because there are more contact data points than specified maxContactDataCount = 8.
2026-09-10T01:37:24Z [58,565ms] [Warning] [omni.physx.tensors.plugin] Incomplete contact data is reported in GpuRigidContactView::getContactData because there are more contact data points than specified maxContactDataCount = 8.
2026-09-10T01:37:24Z [58,568ms] [Warning] [omni.physx.tensors.plugin] Incomplete contact data is reported in GpuRigidContactView::getContactData because there are more contact data points than specified maxContactDataCount = 8.
2026-09-10T01:37:24Z [58,572ms] [Warning] [omni.physx.tensors.plugin] Incomplete contact data is reported in GpuRigidContactView::getContactData because there are more contact data points than specified maxContactDataCount = 8.
2026-09-10T01:37:24Z [58,619ms] [Warning] [omni.physx.tensors.plugin] Incomplete contact data is reported in GpuRigidContactView::getContactData because there are more contact data points than specified maxContactDataCount = 8.
2026-09-10T01:37:24Z [58,622ms] [Warning] [omni.physx.tensors.plugin] Incomplete contact data is reported in GpuRigidContactView::getContactData because there are more contact data points than specified maxContactDataCount = 8.
2026-09-10T01:37:24Z [58,625ms] [Warning] [omni.physx.tensors.plugin] Incomplete contact data is reported in GpuRigidContactView::getContactData because there are more contact data points than specified maxContactDataCount = 8.
2026-09-10T01:37:24Z [58,671ms] [Warning] [omni.physx.tensors.plugin] Incomplete contact data is reported in GpuRigidContactView::getContactData because there are more contact data points than specified maxContactDataCount = 8.
2026-09-10T01:37:24Z [58,675ms] [Warning] [omni.physx.tensors.plugin] Incomplete contact data is reported in GpuRigidContactView::getContactData because there are more contact data points than specified maxContactDataCount = 8.
2026-09-10T01:37:24Z [58,678ms] [Warning] [omni.physx.tensors.plugin] Incomplete contact data is reported in GpuRigidContactView::getContactData because there are more contact data points than specified maxContactDataCount = 8.
2026-09-10T01:37:25Z [58,723ms] [Warning] [omni.physx.tensors.plugin] Incomplete contact data is reported in GpuRigidContactView::getContactData because there are more contact data points than specified maxContactDataCount = 8.
2026-09-10T01:37:25Z [58,727ms] [Warning] [omni.physx.tensors.plugin] Incomplete contact data is reported in GpuRigidContactView::getContactData because there are more contact data points than specified maxContactDataCount = 8.
2026-09-10T01:37:25Z [58,730ms] [Warning] [omni.physx.tensors.plugin] Incomplete contact data is reported in GpuRigidContactView::getContactData because there are more contact data points than specified maxContactDataCount = 8.
2026-09-10T01:37:25Z [58,774ms] [Warning] [omni.physx.tensors.plugin] Incomplete contact data is reported in GpuRigidContactView::getContactData because there are more contact data points than specified maxContactDataCount = 8.
2026-09-10T01:37:25Z [58,777ms] [Warning] [omni.physx.tensors.plugin] Incomplete contact data is reported in GpuRigidContactView::getContactData because there are more contact data points than specified maxContactDataCount = 8.
2026-09-10T01:37:25Z [58,781ms] [Warning] [omni.physx.tensors.plugin] Incomplete contact data is reported in GpuRigidContactView::getContactData because there are more contact data points than specified maxContactDataCount = 8.
TERRAIN_STAND train_ramp_1103 700/1000
2026-09-10T01:37:25Z [58,826ms] [Warning] [omni.physx.tensors.plugin] Incomplete contact data is reported in GpuRigidContactView::getContactData because there are more contact data points than specified maxContactDataCount = 8.
2026-09-10T01:37:25Z [58,830ms] [Warning] [omni.physx.tensors.plugin] Incomplete contact data is reported in GpuRigidContactView::getContactData because there are more contact data points than specified maxContactDataCount = 8.
2026-09-10T01:37:25Z [58,833ms] [Warning] [omni.physx.tensors.plugin] Incomplete contact data is reported in GpuRigidContactView::getContactData because there are more contact data points than specified maxContactDataCount = 8.
2026-09-10T01:37:25Z [58,881ms] [Warning] [omni.physx.tensors.plugin] Incomplete contact data is reported in GpuRigidContactView::getContactData because there are more contact data points than specified maxContactDataCount = 8.
2026-09-10T01:37:25Z [58,885ms] [Warning] [omni.physx.tensors.plugin] Incomplete contact data is reported in GpuRigidContactView::getContactData because there are more contact data points than specified maxContactDataCount = 8.
2026-09-10T01:37:25Z [58,888ms] [Warning] [omni.physx.tensors.plugin] Incomplete contact data is reported in GpuRigidContactView::getContactData because there are more contact data points than specified maxContactDataCount = 8.
2026-09-10T01:37:25Z [58,935ms] [Warning] [omni.physx.tensors.plugin] Incomplete contact data is reported in GpuRigidContactView::getContactData because there are more contact data points than specified maxContactDataCount = 8.
2026-09-10T01:37:25Z [58,939ms] [Warning] [omni.physx.tensors.plugin] Incomplete contact data is reported in GpuRigidContactView::getContactData because there are more contact data points than specified maxContactDataCount = 8.
2026-09-10T01:37:25Z [58,942ms] [Warning] [omni.physx.tensors.plugin] Incomplete contact data is reported in GpuRigidContactView::getContactData because there are more contact data points than specified maxContactDataCount = 8.
2026-09-10T01:37:25Z [58,988ms] [Warning] [omni.physx.tensors.plugin] Incomplete contact data is reported in GpuRigidContactView::getContactData because there are more contact data points than specified maxContactDataCount = 8.
2026-09-10T01:37:25Z [58,992ms] [Warning] [omni.physx.tensors.plugin] Incomplete contact data is reported in GpuRigidContactView::getContactData because there are more contact data points than specified maxContactDataCount = 8.
2026-09-10T01:37:25Z [58,995ms] [Warning] [omni.physx.tensors.plugin] Incomplete contact data is reported in GpuRigidContactView::getContactData because there are more contact data points than specified maxContactDataCount = 8.
2026-09-10T01:37:25Z [59,040ms] [Warning] [omni.physx.tensors.plugin] Incomplete contact data is reported in GpuRigidContactView::getContactData because there are more contact data points than specified maxContactDataCount = 8.
2026-09-10T01:37:25Z [59,044ms] [Warning] [omni.physx.tensors.plugin] Incomplete contact data is reported in GpuRigidContactView::getContactData because there are more contact data points than specified maxContactDataCount = 8.
2026-09-10T01:37:25Z [59,047ms] [Warning] [omni.physx.tensors.plugin] Incomplete contact data is reported in GpuRigidContactView::getContactData because there are more contact data points than specified maxContactDataCount = 8.
2026-09-10T01:37:25Z [59,093ms] [Warning] [omni.physx.tensors.plugin] Incomplete contact data is reported in GpuRigidContactView::getContactData because there are more contact data points than specified maxContactDataCount = 8.
2026-09-10T01:37:25Z [59,097ms] [Warning] [omni.physx.tensors.plugin] Incomplete contact data is reported in GpuRigidContactView::getContactData because there are more contact data points than specified maxContactDataCount = 8.
2026-09-10T01:37:25Z [59,100ms] [Warning] [omni.physx.tensors.plugin] Incomplete contact data is reported in GpuRigidContactView::getContactData because there are more contact data points than specified maxContactDataCount = 8.
2026-09-10T01:37:25Z [59,148ms] [Warning] [omni.physx.tensors.plugin] Incomplete contact data is reported in GpuRigidContactView::getContactData because there are more contact data points than specified maxContactDataCount = 8.
2026-09-10T01:37:25Z [59,151ms] [Warning] [omni.physx.tensors.plugin] Incomplete contact data is reported in GpuRigidContactView::getContactData because there are more contact data points than specified maxContactDataCount = 8.
2026-09-10T01:37:25Z [59,155ms] [Warning] [omni.physx.tensors.plugin] Incomplete contact data is reported in GpuRigidContactView::getContactData because there are more contact data points than specified maxContactDataCount = 8.
2026-09-10T01:37:25Z [59,201ms] [Warning] [omni.physx.tensors.plugin] Incomplete contact data is reported in GpuRigidContactView::getContactData because there are more contact data points than specified maxContactDataCount = 8.
2026-09-10T01:37:25Z [59,204ms] [Warning] [omni.physx.tensors.plugin] Incomplete contact data is reported in GpuRigidContactView::getContactData because there are more contact data points than specified maxContactDataCount = 8.
2026-09-10T01:37:25Z [59,208ms] [Warning] [omni.physx.tensors.plugin] Incomplete contact data is reported in GpuRigidContactView::getContactData because there are more contact data points than specified maxContactDataCount = 8.
2026-09-10T01:37:25Z [59,254ms] [Warning] [omni.physx.tensors.plugin] Incomplete contact data is reported in GpuRigidContactView::getContactData because there are more contact data points than specified maxContactDataCount = 8.
2026-09-10T01:37:25Z [59,258ms] [Warning] [omni.physx.tensors.plugin] Incomplete contact data is reported in GpuRigidContactView::getContactData because there are more contact data points than specified maxContactDataCount = 8.
2026-09-10T01:37:25Z [59,261ms] [Warning] [omni.physx.tensors.plugin] Incomplete contact data is reported in GpuRigidContactView::getContactData because there are more contact data points than specified maxContactDataCount = 8.
2026-09-10T01:37:25Z [59,307ms] [Warning] [omni.physx.tensors.plugin] Incomplete contact data is reported in GpuRigidContactView::getContactData because there are more contact data points than specified maxContactDataCount = 8.
2026-09-10T01:37:25Z [59,311ms] [Warning] [omni.physx.tensors.plugin] Incomplete contact data is reported in GpuRigidContactView::getContactData because there are more contact data points than specified maxContactDataCount = 8.
2026-09-10T01:37:25Z [59,315ms] [Warning] [omni.physx.tensors.plugin] Incomplete contact data is reported in GpuRigidContactView::getContactData because there are more contact data points than specified maxContactDataCount = 8.
2026-09-10T01:37:25Z [59,360ms] [Warning] [omni.physx.tensors.plugin] Incomplete contact data is reported in GpuRigidContactView::getContactData because there are more contact data points than specified maxContactDataCount = 8.
2026-09-10T01:37:25Z [59,364ms] [Warning] [omni.physx.tensors.plugin] Incomplete contact data is reported in GpuRigidContactView::getContactData because there are more contact data points than specified maxContactDataCount = 8.
2026-09-10T01:37:25Z [59,367ms] [Warning] [omni.physx.tensors.plugin] Incomplete contact data is reported in GpuRigidContactView::getContactData because there are more contact data points than specified maxContactDataCount = 8.
2026-09-10T01:37:25Z [59,414ms] [Warning] [omni.physx.tensors.plugin] Incomplete contact data is reported in GpuRigidContactView::getContactData because there are more contact data points than specified maxContactDataCount = 8.
2026-09-10T01:37:25Z [59,418ms] [Warning] [omni.physx.tensors.plugin] Incomplete contact data is reported in GpuRigidContactView::getContactData because there are more contact data points than specified maxContactDataCount = 8.
2026-09-10T01:37:25Z [59,421ms] [Warning] [omni.physx.tensors.plugin] Incomplete contact data is reported in GpuRigidContactView::getContactData because there are more contact data points than specified maxContactDataCount = 8.
2026-09-10T01:37:25Z [59,466ms] [Warning] [omni.physx.tensors.plugin] Incomplete contact data is reported in GpuRigidContactView::getContactData because there are more contact data points than specified maxContactDataCount = 8.
2026-09-10T01:37:25Z [59,470ms] [Warning] [omni.physx.tensors.plugin] Incomplete contact data is reported in GpuRigidContactView::getContactData because there are more contact data points than specified maxContactDataCount = 8.
2026-09-10T01:37:25Z [59,473ms] [Warning] [omni.physx.tensors.plugin] Incomplete contact data is reported in GpuRigidContactView::getContactData because there are more contact data points than specified maxContactDataCount = 8.
2026-09-10T01:37:25Z [59,517ms] [Warning] [omni.physx.tensors.plugin] Incomplete contact data is reported in GpuRigidContactView::getContactData because there are more contact data points than specified maxContactDataCount = 8.
2026-09-10T01:37:25Z [59,520ms] [Warning] [omni.physx.tensors.plugin] Incomplete contact data is reported in GpuRigidContactView::getContactData because there are more contact data points than specified maxContactDataCount = 8.
2026-09-10T01:37:25Z [59,524ms] [Warning] [omni.physx.tensors.plugin] Incomplete contact data is reported in GpuRigidContactView::getContactData because there are more contact data points than specified maxContactDataCount = 8.
2026-09-10T01:37:25Z [59,567ms] [Warning] [omni.physx.tensors.plugin] Incomplete contact data is reported in GpuRigidContactView::getContactData because there are more contact data points than specified maxContactDataCount = 8.
2026-09-10T01:37:25Z [59,571ms] [Warning] [omni.physx.tensors.plugin] Incomplete contact data is reported in GpuRigidContactView::getContactData because there are more contact data points than specified maxContactDataCount = 8.
2026-09-10T01:37:25Z [59,574ms] [Warning] [omni.physx.tensors.plugin] Incomplete contact data is reported in GpuRigidContactView::getContactData because there are more contact data points than specified maxContactDataCount = 8.
2026-09-10T01:37:25Z [59,619ms] [Warning] [omni.physx.tensors.plugin] Incomplete contact data is reported in GpuRigidContactView::getContactData because there are more contact data points than specified maxContactDataCount = 8.
2026-09-10T01:37:25Z [59,622ms] [Warning] [omni.physx.tensors.plugin] Incomplete contact data is reported in GpuRigidContactView::getContactData because there are more contact data points than specified maxContactDataCount = 8.
2026-09-10T01:37:25Z [59,626ms] [Warning] [omni.physx.tensors.plugin] Incomplete contact data is reported in GpuRigidContactView::getContactData because there are more contact data points than specified maxContactDataCount = 8.
2026-09-10T01:37:25Z [59,671ms] [Warning] [omni.physx.tensors.plugin] Incomplete contact data is reported in GpuRigidContactView::getContactData because there are more contact data points than specified maxContactDataCount = 8.
2026-09-10T01:37:25Z [59,675ms] [Warning] [omni.physx.tensors.plugin] Incomplete contact data is reported in GpuRigidContactView::getContactData because there are more contact data points than specified maxContactDataCount = 8.
2026-09-10T01:37:25Z [59,678ms] [Warning] [omni.physx.tensors.plugin] Incomplete contact data is reported in GpuRigidContactView::getContactData because there are more contact data points than specified maxContactDataCount = 8.
2026-09-10T01:37:26Z [59,724ms] [Warning] [omni.physx.tensors.plugin] Incomplete contact data is reported in GpuRigidContactView::getContactData because there are more contact data points than specified maxContactDataCount = 8.
2026-09-10T01:37:26Z [59,728ms] [Warning] [omni.physx.tensors.plugin] Incomplete contact data is reported in GpuRigidContactView::getContactData because there are more contact data points than specified maxContactDataCount = 8.
2026-09-10T01:37:26Z [59,731ms] [Warning] [omni.physx.tensors.plugin] Incomplete contact data is reported in GpuRigidContactView::getContactData because there are more contact data points than specified maxContactDataCount = 8.
2026-09-10T01:37:26Z [59,775ms] [Warning] [omni.physx.tensors.plugin] Incomplete contact data is reported in GpuRigidContactView::getContactData because there are more contact data points than specified maxContactDataCount = 8.
2026-09-10T01:37:26Z [59,778ms] [Warning] [omni.physx.tensors.plugin] Incomplete contact data is reported in GpuRigidContactView::getContactData because there are more contact data points than specified maxContactDataCount = 8.
2026-09-10T01:37:26Z [59,781ms] [Warning] [omni.physx.tensors.plugin] Incomplete contact data is reported in GpuRigidContactView::getContactData because there are more contact data points than specified maxContactDataCount = 8.
2026-09-10T01:37:26Z [59,826ms] [Warning] [omni.physx.tensors.plugin] Incomplete contact data is reported in GpuRigidContactView::getContactData because there are more contact data points than specified maxContactDataCount = 8.
2026-09-10T01:37:26Z [59,829ms] [Warning] [omni.physx.tensors.plugin] Incomplete contact data is reported in GpuRigidContactView::getContactData because there are more contact data points than specified maxContactDataCount = 8.
2026-09-10T01:37:26Z [59,832ms] [Warning] [omni.physx.tensors.plugin] Incomplete contact data is reported in GpuRigidContactView::getContactData because there are more contact data points than specified maxContactDataCount = 8.
2026-09-10T01:37:26Z [59,877ms] [Warning] [omni.physx.tensors.plugin] Incomplete contact data is reported in GpuRigidContactView::getContactData because there are more contact data points than specified maxContactDataCount = 8.
2026-09-10T01:37:26Z [59,880ms] [Warning] [omni.physx.tensors.plugin] Incomplete contact data is reported in GpuRigidContactView::getContactData because there are more contact data points than specified maxContactDataCount = 8.
2026-09-10T01:37:26Z [59,884ms] [Warning] [omni.physx.tensors.plugin] Incomplete contact data is reported in GpuRigidContactView::getContactData because there are more contact data points than specified maxContactDataCount = 8.
2026-09-10T01:37:26Z [59,926ms] [Warning] [omni.physx.tensors.plugin] Incomplete contact data is reported in GpuRigidContactView::getContactData because there are more contact data points than specified maxContactDataCount = 8.
2026-09-10T01:37:26Z [59,930ms] [Warning] [omni.physx.tensors.plugin] Incomplete contact data is reported in GpuRigidContactView::getContactData because there are more contact data points than specified maxContactDataCount = 8.
2026-09-10T01:37:26Z [59,933ms] [Warning] [omni.physx.tensors.plugin] Incomplete contact data is reported in GpuRigidContactView::getContactData because there are more contact data points than specified maxContactDataCount = 8.
2026-09-10T01:37:26Z [59,978ms] [Warning] [omni.physx.tensors.plugin] Incomplete contact data is reported in GpuRigidContactView::getContactData because there are more contact data points than specified maxContactDataCount = 8.
2026-09-10T01:37:26Z [59,981ms] [Warning] [omni.physx.tensors.plugin] Incomplete contact data is reported in GpuRigidContactView::getContactData because there are more contact data points than specified maxContactDataCount = 8.
2026-09-10T01:37:26Z [59,984ms] [Warning] [omni.physx.tensors.plugin] Incomplete contact data is reported in GpuRigidContactView::getContactData because there are more contact data points than specified maxContactDataCount = 8.
2026-09-10T01:37:26Z [60,036ms] [Warning] [omni.physx.tensors.plugin] Incomplete contact data is reported in GpuRigidContactView::getContactData because there are more contact data points than specified maxContactDataCount = 8.
2026-09-10T01:37:26Z [60,046ms] [Warning] [omni.physx.tensors.plugin] Incomplete contact data is reported in GpuRigidContactView::getContactData because there are more contact data points than specified maxContactDataCount = 8.
2026-09-10T01:37:26Z [60,058ms] [Warning] [omni.physx.tensors.plugin] Incomplete contact data is reported in GpuRigidContactView::getContactData because there are more contact data points than specified maxContactDataCount = 8.
2026-09-10T01:37:26Z [60,109ms] [Warning] [omni.physx.tensors.plugin] Incomplete contact data is reported in GpuRigidContactView::getContactData because there are more contact data points than specified maxContactDataCount = 8.
2026-09-10T01:37:26Z [60,112ms] [Warning] [omni.physx.tensors.plugin] Incomplete contact data is reported in GpuRigidContactView::getContactData because there are more contact data points than specified maxContactDataCount = 8.
2026-09-10T01:37:26Z [60,116ms] [Warning] [omni.physx.tensors.plugin] Incomplete contact data is reported in GpuRigidContactView::getContactData because there are more contact data points than specified maxContactDataCount = 8.
2026-09-10T01:37:26Z [60,163ms] [Warning] [omni.physx.tensors.plugin] Incomplete contact data is reported in GpuRigidContactView::getContactData because there are more contact data points than specified maxContactDataCount = 8.
2026-09-10T01:37:26Z [60,166ms] [Warning] [omni.physx.tensors.plugin] Incomplete contact data is reported in GpuRigidContactView::getContactData because there are more contact data points than specified maxContactDataCount = 8.
2026-09-10T01:37:26Z [60,170ms] [Warning] [omni.physx.tensors.plugin] Incomplete contact data is reported in GpuRigidContactView::getContactData because there are more contact data points than specified maxContactDataCount = 8.
2026-09-10T01:37:26Z [60,216ms] [Warning] [omni.physx.tensors.plugin] Incomplete contact data is reported in GpuRigidContactView::getContactData because there are more contact data points than specified maxContactDataCount = 8.
2026-09-10T01:37:26Z [60,220ms] [Warning] [omni.physx.tensors.plugin] Incomplete contact data is reported in GpuRigidContactView::getContactData because there are more contact data points than specified maxContactDataCount = 8.
2026-09-10T01:37:26Z [60,223ms] [Warning] [omni.physx.tensors.plugin] Incomplete contact data is reported in GpuRigidContactView::getContactData because there are more contact data points than specified maxContactDataCount = 8.
2026-09-10T01:37:26Z [60,268ms] [Warning] [omni.physx.tensors.plugin] Incomplete contact data is reported in GpuRigidContactView::getContactData because there are more contact data points than specified maxContactDataCount = 8.
2026-09-10T01:37:26Z [60,272ms] [Warning] [omni.physx.tensors.plugin] Incomplete contact data is reported in GpuRigidContactView::getContactData because there are more contact data points than specified maxContactDataCount = 8.
2026-09-10T01:37:26Z [60,276ms] [Warning] [omni.physx.tensors.plugin] Incomplete contact data is reported in GpuRigidContactView::getContactData because there are more contact data points than specified maxContactDataCount = 8.
2026-09-10T01:37:26Z [60,319ms] [Warning] [omni.physx.tensors.plugin] Incomplete contact data is reported in GpuRigidContactView::getContactData because there are more contact data points than specified maxContactDataCount = 8.
2026-09-10T01:37:26Z [60,323ms] [Warning] [omni.physx.tensors.plugin] Incomplete contact data is reported in GpuRigidContactView::getContactData because there are more contact data points than specified maxContactDataCount = 8.
2026-09-10T01:37:26Z [60,326ms] [Warning] [omni.physx.tensors.plugin] Incomplete contact data is reported in GpuRigidContactView::getContactData because there are more contact data points than specified maxContactDataCount = 8.
2026-09-10T01:37:26Z [60,374ms] [Warning] [omni.physx.tensors.plugin] Incomplete contact data is reported in GpuRigidContactView::getContactData because there are more contact data points than specified maxContactDataCount = 8.
2026-09-10T01:37:26Z [60,378ms] [Warning] [omni.physx.tensors.plugin] Incomplete contact data is reported in GpuRigidContactView::getContactData because there are more contact data points than specified maxContactDataCount = 8.
2026-09-10T01:37:26Z [60,381ms] [Warning] [omni.physx.tensors.plugin] Incomplete contact data is reported in GpuRigidContactView::getContactData because there are more contact data points than specified maxContactDataCount = 8.
2026-09-10T01:37:26Z [60,430ms] [Warning] [omni.physx.tensors.plugin] Incomplete contact data is reported in GpuRigidContactView::getContactData because there are more contact data points than specified maxContactDataCount = 8.
2026-09-10T01:37:26Z [60,434ms] [Warning] [omni.physx.tensors.plugin] Incomplete contact data is reported in GpuRigidContactView::getContactData because there are more contact data points than specified maxContactDataCount = 8.
2026-09-10T01:37:26Z [60,437ms] [Warning] [omni.physx.tensors.plugin] Incomplete contact data is reported in GpuRigidContactView::getContactData because there are more contact data points than specified maxContactDataCount = 8.
2026-09-10T01:37:26Z [60,481ms] [Warning] [omni.physx.tensors.plugin] Incomplete contact data is reported in GpuRigidContactView::getContactData because there are more contact data points than specified maxContactDataCount = 8.
2026-09-10T01:37:26Z [60,485ms] [Warning] [omni.physx.tensors.plugin] Incomplete contact data is reported in GpuRigidContactView::getContactData because there are more contact data points than specified maxContactDataCount = 8.
2026-09-10T01:37:26Z [60,488ms] [Warning] [omni.physx.tensors.plugin] Incomplete contact data is reported in GpuRigidContactView::getContactData because there are more contact data points than specified maxContactDataCount = 8.
2026-09-10T01:37:26Z [60,535ms] [Warning] [omni.physx.tensors.plugin] Incomplete contact data is reported in GpuRigidContactView::getContactData because there are more contact data points than specified maxContactDataCount = 8.
2026-09-10T01:37:26Z [60,539ms] [Warning] [omni.physx.tensors.plugin] Incomplete contact data is reported in GpuRigidContactView::getContactData because there are more contact data points than specified maxContactDataCount = 8.
2026-09-10T01:37:26Z [60,542ms] [Warning] [omni.physx.tensors.plugin] Incomplete contact data is reported in GpuRigidContactView::getContactData because there are more contact data points than specified maxContactDataCount = 8.
2026-09-10T01:37:26Z [60,588ms] [Warning] [omni.physx.tensors.plugin] Incomplete contact data is reported in GpuRigidContactView::getContactData because there are more contact data points than specified maxContactDataCount = 8.
2026-09-10T01:37:26Z [60,592ms] [Warning] [omni.physx.tensors.plugin] Incomplete contact data is reported in GpuRigidContactView::getContactData because there are more contact data points than specified maxContactDataCount = 8.
2026-09-10T01:37:26Z [60,595ms] [Warning] [omni.physx.tensors.plugin] Incomplete contact data is reported in GpuRigidContactView::getContactData because there are more contact data points than specified maxContactDataCount = 8.
2026-09-10T01:37:26Z [60,644ms] [Warning] [omni.physx.tensors.plugin] Incomplete contact data is reported in GpuRigidContactView::getContactData because there are more contact data points than specified maxContactDataCount = 8.
2026-09-10T01:37:26Z [60,648ms] [Warning] [omni.physx.tensors.plugin] Incomplete contact data is reported in GpuRigidContactView::getContactData because there are more contact data points than specified maxContactDataCount = 8.
2026-09-10T01:37:26Z [60,651ms] [Warning] [omni.physx.tensors.plugin] Incomplete contact data is reported in GpuRigidContactView::getContactData because there are more contact data points than specified maxContactDataCount = 8.
2026-09-10T01:37:27Z [60,700ms] [Warning] [omni.physx.tensors.plugin] Incomplete contact data is reported in GpuRigidContactView::getContactData because there are more contact data points than specified maxContactDataCount = 8.
2026-09-10T01:37:27Z [60,703ms] [Warning] [omni.physx.tensors.plugin] Incomplete contact data is reported in GpuRigidContactView::getContactData because there are more contact data points than specified maxContactDataCount = 8.
2026-09-10T01:37:27Z [60,707ms] [Warning] [omni.physx.tensors.plugin] Incomplete contact data is reported in GpuRigidContactView::getContactData because there are more contact data points than specified maxContactDataCount = 8.
2026-09-10T01:37:27Z [60,755ms] [Warning] [omni.physx.tensors.plugin] Incomplete contact data is reported in GpuRigidContactView::getContactData because there are more contact data points than specified maxContactDataCount = 8.
2026-09-10T01:37:27Z [60,758ms] [Warning] [omni.physx.tensors.plugin] Incomplete contact data is reported in GpuRigidContactView::getContactData because there are more contact data points than specified maxContactDataCount = 8.
2026-09-10T01:37:27Z [60,762ms] [Warning] [omni.physx.tensors.plugin] Incomplete contact data is reported in GpuRigidContactView::getContactData because there are more contact data points than specified maxContactDataCount = 8.
2026-09-10T01:37:27Z [60,812ms] [Warning] [omni.physx.tensors.plugin] Incomplete contact data is reported in GpuRigidContactView::getContactData because there are more contact data points than specified maxContactDataCount = 8.
2026-09-10T01:37:27Z [60,816ms] [Warning] [omni.physx.tensors.plugin] Incomplete contact data is reported in GpuRigidContactView::getContactData because there are more contact data points than specified maxContactDataCount = 8.
2026-09-10T01:37:27Z [60,819ms] [Warning] [omni.physx.tensors.plugin] Incomplete contact data is reported in GpuRigidContactView::getContactData because there are more contact data points than specified maxContactDataCount = 8.
2026-09-10T01:37:27Z [60,867ms] [Warning] [omni.physx.tensors.plugin] Incomplete contact data is reported in GpuRigidContactView::getContactData because there are more contact data points than specified maxContactDataCount = 8.
2026-09-10T01:37:27Z [60,871ms] [Warning] [omni.physx.tensors.plugin] Incomplete contact data is reported in GpuRigidContactView::getContactData because there are more contact data points than specified maxContactDataCount = 8.
2026-09-10T01:37:27Z [60,874ms] [Warning] [omni.physx.tensors.plugin] Incomplete contact data is reported in GpuRigidContactView::getContactData because there are more contact data points than specified maxContactDataCount = 8.
2026-09-10T01:37:27Z [60,923ms] [Warning] [omni.physx.tensors.plugin] Incomplete contact data is reported in GpuRigidContactView::getContactData because there are more contact data points than specified maxContactDataCount = 8.
2026-09-10T01:37:27Z [60,927ms] [Warning] [omni.physx.tensors.plugin] Incomplete contact data is reported in GpuRigidContactView::getContactData because there are more contact data points than specified maxContactDataCount = 8.
2026-09-10T01:37:27Z [60,930ms] [Warning] [omni.physx.tensors.plugin] Incomplete contact data is reported in GpuRigidContactView::getContactData because there are more contact data points than specified maxContactDataCount = 8.
2026-09-10T01:37:27Z [60,975ms] [Warning] [omni.physx.tensors.plugin] Incomplete contact data is reported in GpuRigidContactView::getContactData because there are more contact data points than specified maxContactDataCount = 8.
2026-09-10T01:37:27Z [60,979ms] [Warning] [omni.physx.tensors.plugin] Incomplete contact data is reported in GpuRigidContactView::getContactData because there are more contact data points than specified maxContactDataCount = 8.
2026-09-10T01:37:27Z [60,982ms] [Warning] [omni.physx.tensors.plugin] Incomplete contact data is reported in GpuRigidContactView::getContactData because there are more contact data points than specified maxContactDataCount = 8.
2026-09-10T01:37:27Z [61,028ms] [Warning] [omni.physx.tensors.plugin] Incomplete contact data is reported in GpuRigidContactView::getContactData because there are more contact data points than specified maxContactDataCount = 8.
2026-09-10T01:37:27Z [61,032ms] [Warning] [omni.physx.tensors.plugin] Incomplete contact data is reported in GpuRigidContactView::getContactData because there are more contact data points than specified maxContactDataCount = 8.
2026-09-10T01:37:27Z [61,035ms] [Warning] [omni.physx.tensors.plugin] Incomplete contact data is reported in GpuRigidContactView::getContactData because there are more contact data points than specified maxContactDataCount = 8.
2026-09-10T01:37:27Z [61,081ms] [Warning] [omni.physx.tensors.plugin] Incomplete contact data is reported in GpuRigidContactView::getContactData because there are more contact data points than specified maxContactDataCount = 8.
2026-09-10T01:37:27Z [61,084ms] [Warning] [omni.physx.tensors.plugin] Incomplete contact data is reported in GpuRigidContactView::getContactData because there are more contact data points than specified maxContactDataCount = 8.
2026-09-10T01:37:27Z [61,088ms] [Warning] [omni.physx.tensors.plugin] Incomplete contact data is reported in GpuRigidContactView::getContactData because there are more contact data points than specified maxContactDataCount = 8.
2026-09-10T01:37:27Z [61,137ms] [Warning] [omni.physx.tensors.plugin] Incomplete contact data is reported in GpuRigidContactView::getContactData because there are more contact data points than specified maxContactDataCount = 8.
2026-09-10T01:37:27Z [61,140ms] [Warning] [omni.physx.tensors.plugin] Incomplete contact data is reported in GpuRigidContactView::getContactData because there are more contact data points than specified maxContactDataCount = 8.
2026-09-10T01:37:27Z [61,144ms] [Warning] [omni.physx.tensors.plugin] Incomplete contact data is reported in GpuRigidContactView::getContactData because there are more contact data points than specified maxContactDataCount = 8.
2026-09-10T01:37:27Z [61,189ms] [Warning] [omni.physx.tensors.plugin] Incomplete contact data is reported in GpuRigidContactView::getContactData because there are more contact data points than specified maxContactDataCount = 8.
2026-09-10T01:37:27Z [61,193ms] [Warning] [omni.physx.tensors.plugin] Incomplete contact data is reported in GpuRigidContactView::getContactData because there are more contact data points than specified maxContactDataCount = 8.
2026-09-10T01:37:27Z [61,196ms] [Warning] [omni.physx.tensors.plugin] Incomplete contact data is reported in GpuRigidContactView::getContactData because there are more contact data points than specified maxContactDataCount = 8.
2026-09-10T01:37:27Z [61,242ms] [Warning] [omni.physx.tensors.plugin] Incomplete contact data is reported in GpuRigidContactView::getContactData because there are more contact data points than specified maxContactDataCount = 8.
2026-09-10T01:37:27Z [61,246ms] [Warning] [omni.physx.tensors.plugin] Incomplete contact data is reported in GpuRigidContactView::getContactData because there are more contact data points than specified maxContactDataCount = 8.
2026-09-10T01:37:27Z [61,249ms] [Warning] [omni.physx.tensors.plugin] Incomplete contact data is reported in GpuRigidContactView::getContactData because there are more contact data points than specified maxContactDataCount = 8.
2026-09-10T01:37:27Z [61,294ms] [Warning] [omni.physx.tensors.plugin] Incomplete contact data is reported in GpuRigidContactView::getContactData because there are more contact data points than specified maxContactDataCount = 8.
2026-09-10T01:37:27Z [61,297ms] [Warning] [omni.physx.tensors.plugin] Incomplete contact data is reported in GpuRigidContactView::getContactData because there are more contact data points than specified maxContactDataCount = 8.
2026-09-10T01:37:27Z [61,301ms] [Warning] [omni.physx.tensors.plugin] Incomplete contact data is reported in GpuRigidContactView::getContactData because there are more contact data points than specified maxContactDataCount = 8.
2026-09-10T01:37:27Z [61,348ms] [Warning] [omni.physx.tensors.plugin] Incomplete contact data is reported in GpuRigidContactView::getContactData because there are more contact data points than specified maxContactDataCount = 8.
2026-09-10T01:37:27Z [61,351ms] [Warning] [omni.physx.tensors.plugin] Incomplete contact data is reported in GpuRigidContactView::getContactData because there are more contact data points than specified maxContactDataCount = 8.
2026-09-10T01:37:27Z [61,354ms] [Warning] [omni.physx.tensors.plugin] Incomplete contact data is reported in GpuRigidContactView::getContactData because there are more contact data points than specified maxContactDataCount = 8.
2026-09-10T01:37:27Z [61,400ms] [Warning] [omni.physx.tensors.plugin] Incomplete contact data is reported in GpuRigidContactView::getContactData because there are more contact data points than specified maxContactDataCount = 8.
2026-09-10T01:37:27Z [61,403ms] [Warning] [omni.physx.tensors.plugin] Incomplete contact data is reported in GpuRigidContactView::getContactData because there are more contact data points than specified maxContactDataCount = 8.
2026-09-10T01:37:27Z [61,407ms] [Warning] [omni.physx.tensors.plugin] Incomplete contact data is reported in GpuRigidContactView::getContactData because there are more contact data points than specified maxContactDataCount = 8.
2026-09-10T01:37:27Z [61,453ms] [Warning] [omni.physx.tensors.plugin] Incomplete contact data is reported in GpuRigidContactView::getContactData because there are more contact data points than specified maxContactDataCount = 8.
2026-09-10T01:37:27Z [61,457ms] [Warning] [omni.physx.tensors.plugin] Incomplete contact data is reported in GpuRigidContactView::getContactData because there are more contact data points than specified maxContactDataCount = 8.
2026-09-10T01:37:27Z [61,460ms] [Warning] [omni.physx.tensors.plugin] Incomplete contact data is reported in GpuRigidContactView::getContactData because there are more contact data points than specified maxContactDataCount = 8.
2026-09-10T01:37:27Z [61,506ms] [Warning] [omni.physx.tensors.plugin] Incomplete contact data is reported in GpuRigidContactView::getContactData because there are more contact data points than specified maxContactDataCount = 8.
2026-09-10T01:37:27Z [61,509ms] [Warning] [omni.physx.tensors.plugin] Incomplete contact data is reported in GpuRigidContactView::getContactData because there are more contact data points than specified maxContactDataCount = 8.
2026-09-10T01:37:27Z [61,513ms] [Warning] [omni.physx.tensors.plugin] Incomplete contact data is reported in GpuRigidContactView::getContactData because there are more contact data points than specified maxContactDataCount = 8.
2026-09-10T01:37:27Z [61,561ms] [Warning] [omni.physx.tensors.plugin] Incomplete contact data is reported in GpuRigidContactView::getContactData because there are more contact data points than specified maxContactDataCount = 8.
2026-09-10T01:37:27Z [61,565ms] [Warning] [omni.physx.tensors.plugin] Incomplete contact data is reported in GpuRigidContactView::getContactData because there are more contact data points than specified maxContactDataCount = 8.
2026-09-10T01:37:27Z [61,568ms] [Warning] [omni.physx.tensors.plugin] Incomplete contact data is reported in GpuRigidContactView::getContactData because there are more contact data points than specified maxContactDataCount = 8.
2026-09-10T01:37:27Z [61,616ms] [Warning] [omni.physx.tensors.plugin] Incomplete contact data is reported in GpuRigidContactView::getContactData because there are more contact data points than specified maxContactDataCount = 8.
2026-09-10T01:37:27Z [61,620ms] [Warning] [omni.physx.tensors.plugin] Incomplete contact data is reported in GpuRigidContactView::getContactData because there are more contact data points than specified maxContactDataCount = 8.
2026-09-10T01:37:27Z [61,623ms] [Warning] [omni.physx.tensors.plugin] Incomplete contact data is reported in GpuRigidContactView::getContactData because there are more contact data points than specified maxContactDataCount = 8.
2026-09-10T01:37:27Z [61,671ms] [Warning] [omni.physx.tensors.plugin] Incomplete contact data is reported in GpuRigidContactView::getContactData because there are more contact data points than specified maxContactDataCount = 8.
2026-09-10T01:37:27Z [61,674ms] [Warning] [omni.physx.tensors.plugin] Incomplete contact data is reported in GpuRigidContactView::getContactData because there are more contact data points than specified maxContactDataCount = 8.
2026-09-10T01:37:27Z [61,678ms] [Warning] [omni.physx.tensors.plugin] Incomplete contact data is reported in GpuRigidContactView::getContactData because there are more contact data points than specified maxContactDataCount = 8.
2026-09-10T01:37:28Z [61,723ms] [Warning] [omni.physx.tensors.plugin] Incomplete contact data is reported in GpuRigidContactView::getContactData because there are more contact data points than specified maxContactDataCount = 8.
2026-09-10T01:37:28Z [61,727ms] [Warning] [omni.physx.tensors.plugin] Incomplete contact data is reported in GpuRigidContactView::getContactData because there are more contact data points than specified maxContactDataCount = 8.
2026-09-10T01:37:28Z [61,730ms] [Warning] [omni.physx.tensors.plugin] Incomplete contact data is reported in GpuRigidContactView::getContactData because there are more contact data points than specified maxContactDataCount = 8.
2026-09-10T01:37:28Z [61,775ms] [Warning] [omni.physx.tensors.plugin] Incomplete contact data is reported in GpuRigidContactView::getContactData because there are more contact data points than specified maxContactDataCount = 8.
2026-09-10T01:37:28Z [61,778ms] [Warning] [omni.physx.tensors.plugin] Incomplete contact data is reported in GpuRigidContactView::getContactData because there are more contact data points than specified maxContactDataCount = 8.
2026-09-10T01:37:28Z [61,782ms] [Warning] [omni.physx.tensors.plugin] Incomplete contact data is reported in GpuRigidContactView::getContactData because there are more contact data points than specified maxContactDataCount = 8.
2026-09-10T01:37:28Z [61,830ms] [Warning] [omni.physx.tensors.plugin] Incomplete contact data is reported in GpuRigidContactView::getContactData because there are more contact data points than specified maxContactDataCount = 8.
2026-09-10T01:37:28Z [61,834ms] [Warning] [omni.physx.tensors.plugin] Incomplete contact data is reported in GpuRigidContactView::getContactData because there are more contact data points than specified maxContactDataCount = 8.
2026-09-10T01:37:28Z [61,837ms] [Warning] [omni.physx.tensors.plugin] Incomplete contact data is reported in GpuRigidContactView::getContactData because there are more contact data points than specified maxContactDataCount = 8.
2026-09-10T01:37:28Z [61,883ms] [Warning] [omni.physx.tensors.plugin] Incomplete contact data is reported in GpuRigidContactView::getContactData because there are more contact data points than specified maxContactDataCount = 8.
2026-09-10T01:37:28Z [61,887ms] [Warning] [omni.physx.tensors.plugin] Incomplete contact data is reported in GpuRigidContactView::getContactData because there are more contact data points than specified maxContactDataCount = 8.
2026-09-10T01:37:28Z [61,890ms] [Warning] [omni.physx.tensors.plugin] Incomplete contact data is reported in GpuRigidContactView::getContactData because there are more contact data points than specified maxContactDataCount = 8.
2026-09-10T01:37:28Z [61,939ms] [Warning] [omni.physx.tensors.plugin] Incomplete contact data is reported in GpuRigidContactView::getContactData because there are more contact data points than specified maxContactDataCount = 8.
2026-09-10T01:37:28Z [61,942ms] [Warning] [omni.physx.tensors.plugin] Incomplete contact data is reported in GpuRigidContactView::getContactData because there are more contact data points than specified maxContactDataCount = 8.
2026-09-10T01:37:28Z [61,945ms] [Warning] [omni.physx.tensors.plugin] Incomplete contact data is reported in GpuRigidContactView::getContactData because there are more contact data points than specified maxContactDataCount = 8.
2026-09-10T01:37:28Z [61,991ms] [Warning] [omni.physx.tensors.plugin] Incomplete contact data is reported in GpuRigidContactView::getContactData because there are more contact data points than specified maxContactDataCount = 8.
2026-09-10T01:37:28Z [61,994ms] [Warning] [omni.physx.tensors.plugin] Incomplete contact data is reported in GpuRigidContactView::getContactData because there are more contact data points than specified maxContactDataCount = 8.
2026-09-10T01:37:28Z [61,998ms] [Warning] [omni.physx.tensors.plugin] Incomplete contact data is reported in GpuRigidContactView::getContactData because there are more contact data points than specified maxContactDataCount = 8.
2026-09-10T01:37:28Z [62,042ms] [Warning] [omni.physx.tensors.plugin] Incomplete contact data is reported in GpuRigidContactView::getContactData because there are more contact data points than specified maxContactDataCount = 8.
2026-09-10T01:37:28Z [62,046ms] [Warning] [omni.physx.tensors.plugin] Incomplete contact data is reported in GpuRigidContactView::getContactData because there are more contact data points than specified maxContactDataCount = 8.
2026-09-10T01:37:28Z [62,049ms] [Warning] [omni.physx.tensors.plugin] Incomplete contact data is reported in GpuRigidContactView::getContactData because there are more contact data points than specified maxContactDataCount = 8.
2026-09-10T01:37:28Z [62,096ms] [Warning] [omni.physx.tensors.plugin] Incomplete contact data is reported in GpuRigidContactView::getContactData because there are more contact data points than specified maxContactDataCount = 8.
2026-09-10T01:37:28Z [62,099ms] [Warning] [omni.physx.tensors.plugin] Incomplete contact data is reported in GpuRigidContactView::getContactData because there are more contact data points than specified maxContactDataCount = 8.
2026-09-10T01:37:28Z [62,102ms] [Warning] [omni.physx.tensors.plugin] Incomplete contact data is reported in GpuRigidContactView::getContactData because there are more contact data points than specified maxContactDataCount = 8.
2026-09-10T01:37:28Z [62,149ms] [Warning] [omni.physx.tensors.plugin] Incomplete contact data is reported in GpuRigidContactView::getContactData because there are more contact data points than specified maxContactDataCount = 8.
2026-09-10T01:37:28Z [62,153ms] [Warning] [omni.physx.tensors.plugin] Incomplete contact data is reported in GpuRigidContactView::getContactData because there are more contact data points than specified maxContactDataCount = 8.
2026-09-10T01:37:28Z [62,156ms] [Warning] [omni.physx.tensors.plugin] Incomplete contact data is reported in GpuRigidContactView::getContactData because there are more contact data points than specified maxContactDataCount = 8.
2026-09-10T01:37:28Z [62,203ms] [Warning] [omni.physx.tensors.plugin] Incomplete contact data is reported in GpuRigidContactView::getContactData because there are more contact data points than specified maxContactDataCount = 8.
2026-09-10T01:37:28Z [62,207ms] [Warning] [omni.physx.tensors.plugin] Incomplete contact data is reported in GpuRigidContactView::getContactData because there are more contact data points than specified maxContactDataCount = 8.
2026-09-10T01:37:28Z [62,210ms] [Warning] [omni.physx.tensors.plugin] Incomplete contact data is reported in GpuRigidContactView::getContactData because there are more contact data points than specified maxContactDataCount = 8.
2026-09-10T01:37:28Z [62,258ms] [Warning] [omni.physx.tensors.plugin] Incomplete contact data is reported in GpuRigidContactView::getContactData because there are more contact data points than specified maxContactDataCount = 8.
2026-09-10T01:37:28Z [62,262ms] [Warning] [omni.physx.tensors.plugin] Incomplete contact data is reported in GpuRigidContactView::getContactData because there are more contact data points than specified maxContactDataCount = 8.
2026-09-10T01:37:28Z [62,265ms] [Warning] [omni.physx.tensors.plugin] Incomplete contact data is reported in GpuRigidContactView::getContactData because there are more contact data points than specified maxContactDataCount = 8.
2026-09-10T01:37:28Z [62,312ms] [Warning] [omni.physx.tensors.plugin] Incomplete contact data is reported in GpuRigidContactView::getContactData because there are more contact data points than specified maxContactDataCount = 8.
2026-09-10T01:37:28Z [62,316ms] [Warning] [omni.physx.tensors.plugin] Incomplete contact data is reported in GpuRigidContactView::getContactData because there are more contact data points than specified maxContactDataCount = 8.
2026-09-10T01:37:28Z [62,319ms] [Warning] [omni.physx.tensors.plugin] Incomplete contact data is reported in GpuRigidContactView::getContactData because there are more contact data points than specified maxContactDataCount = 8.
2026-09-10T01:37:28Z [62,363ms] [Warning] [omni.physx.tensors.plugin] Incomplete contact data is reported in GpuRigidContactView::getContactData because there are more contact data points than specified maxContactDataCount = 8.
2026-09-10T01:37:28Z [62,367ms] [Warning] [omni.physx.tensors.plugin] Incomplete contact data is reported in GpuRigidContactView::getContactData because there are more contact data points than specified maxContactDataCount = 8.
2026-09-10T01:37:28Z [62,370ms] [Warning] [omni.physx.tensors.plugin] Incomplete contact data is reported in GpuRigidContactView::getContactData because there are more contact data points than specified maxContactDataCount = 8.
2026-09-10T01:37:28Z [62,419ms] [Warning] [omni.physx.tensors.plugin] Incomplete contact data is reported in GpuRigidContactView::getContactData because there are more contact data points than specified maxContactDataCount = 8.
2026-09-10T01:37:28Z [62,423ms] [Warning] [omni.physx.tensors.plugin] Incomplete contact data is reported in GpuRigidContactView::getContactData because there are more contact data points than specified maxContactDataCount = 8.
2026-09-10T01:37:28Z [62,426ms] [Warning] [omni.physx.tensors.plugin] Incomplete contact data is reported in GpuRigidContactView::getContactData because there are more contact data points than specified maxContactDataCount = 8.
2026-09-10T01:37:28Z [62,472ms] [Warning] [omni.physx.tensors.plugin] Incomplete contact data is reported in GpuRigidContactView::getContactData because there are more contact data points than specified maxContactDataCount = 8.
2026-09-10T01:37:28Z [62,475ms] [Warning] [omni.physx.tensors.plugin] Incomplete contact data is reported in GpuRigidContactView::getContactData because there are more contact data points than specified maxContactDataCount = 8.
2026-09-10T01:37:28Z [62,479ms] [Warning] [omni.physx.tensors.plugin] Incomplete contact data is reported in GpuRigidContactView::getContactData because there are more contact data points than specified maxContactDataCount = 8.
2026-09-10T01:37:28Z [62,526ms] [Warning] [omni.physx.tensors.plugin] Incomplete contact data is reported in GpuRigidContactView::getContactData because there are more contact data points than specified maxContactDataCount = 8.
2026-09-10T01:37:28Z [62,529ms] [Warning] [omni.physx.tensors.plugin] Incomplete contact data is reported in GpuRigidContactView::getContactData because there are more contact data points than specified maxContactDataCount = 8.
2026-09-10T01:37:28Z [62,532ms] [Warning] [omni.physx.tensors.plugin] Incomplete contact data is reported in GpuRigidContactView::getContactData because there are more contact data points than specified maxContactDataCount = 8.
2026-09-10T01:37:28Z [62,579ms] [Warning] [omni.physx.tensors.plugin] Incomplete contact data is reported in GpuRigidContactView::getContactData because there are more contact data points than specified maxContactDataCount = 8.
2026-09-10T01:37:28Z [62,583ms] [Warning] [omni.physx.tensors.plugin] Incomplete contact data is reported in GpuRigidContactView::getContactData because there are more contact data points than specified maxContactDataCount = 8.
2026-09-10T01:37:28Z [62,586ms] [Warning] [omni.physx.tensors.plugin] Incomplete contact data is reported in GpuRigidContactView::getContactData because there are more contact data points than specified maxContactDataCount = 8.
2026-09-10T01:37:28Z [62,633ms] [Warning] [omni.physx.tensors.plugin] Incomplete contact data is reported in GpuRigidContactView::getContactData because there are more contact data points than specified maxContactDataCount = 8.
2026-09-10T01:37:28Z [62,637ms] [Warning] [omni.physx.tensors.plugin] Incomplete contact data is reported in GpuRigidContactView::getContactData because there are more contact data points than specified maxContactDataCount = 8.
2026-09-10T01:37:28Z [62,640ms] [Warning] [omni.physx.tensors.plugin] Incomplete contact data is reported in GpuRigidContactView::getContactData because there are more contact data points than specified maxContactDataCount = 8.
2026-09-10T01:37:29Z [62,686ms] [Warning] [omni.physx.tensors.plugin] Incomplete contact data is reported in GpuRigidContactView::getContactData because there are more contact data points than specified maxContactDataCount = 8.
2026-09-10T01:37:29Z [62,690ms] [Warning] [omni.physx.tensors.plugin] Incomplete contact data is reported in GpuRigidContactView::getContactData because there are more contact data points than specified maxContactDataCount = 8.
2026-09-10T01:37:29Z [62,693ms] [Warning] [omni.physx.tensors.plugin] Incomplete contact data is reported in GpuRigidContactView::getContactData because there are more contact data points than specified maxContactDataCount = 8.
2026-09-10T01:37:29Z [62,740ms] [Warning] [omni.physx.tensors.plugin] Incomplete contact data is reported in GpuRigidContactView::getContactData because there are more contact data points than specified maxContactDataCount = 8.
2026-09-10T01:37:29Z [62,744ms] [Warning] [omni.physx.tensors.plugin] Incomplete contact data is reported in GpuRigidContactView::getContactData because there are more contact data points than specified maxContactDataCount = 8.
2026-09-10T01:37:29Z [62,747ms] [Warning] [omni.physx.tensors.plugin] Incomplete contact data is reported in GpuRigidContactView::getContactData because there are more contact data points than specified maxContactDataCount = 8.
2026-09-10T01:37:29Z [62,794ms] [Warning] [omni.physx.tensors.plugin] Incomplete contact data is reported in GpuRigidContactView::getContactData because there are more contact data points than specified maxContactDataCount = 8.
2026-09-10T01:37:29Z [62,798ms] [Warning] [omni.physx.tensors.plugin] Incomplete contact data is reported in GpuRigidContactView::getContactData because there are more contact data points than specified maxContactDataCount = 8.
2026-09-10T01:37:29Z [62,801ms] [Warning] [omni.physx.tensors.plugin] Incomplete contact data is reported in GpuRigidContactView::getContactData because there are more contact data points than specified maxContactDataCount = 8.
2026-09-10T01:37:29Z [62,848ms] [Warning] [omni.physx.tensors.plugin] Incomplete contact data is reported in GpuRigidContactView::getContactData because there are more contact data points than specified maxContactDataCount = 8.
2026-09-10T01:37:29Z [62,852ms] [Warning] [omni.physx.tensors.plugin] Incomplete contact data is reported in GpuRigidContactView::getContactData because there are more contact data points than specified maxContactDataCount = 8.
2026-09-10T01:37:29Z [62,855ms] [Warning] [omni.physx.tensors.plugin] Incomplete contact data is reported in GpuRigidContactView::getContactData because there are more contact data points than specified maxContactDataCount = 8.
2026-09-10T01:37:29Z [62,901ms] [Warning] [omni.physx.tensors.plugin] Incomplete contact data is reported in GpuRigidContactView::getContactData because there are more contact data points than specified maxContactDataCount = 8.
2026-09-10T01:37:29Z [62,904ms] [Warning] [omni.physx.tensors.plugin] Incomplete contact data is reported in GpuRigidContactView::getContactData because there are more contact data points than specified maxContactDataCount = 8.
2026-09-10T01:37:29Z [62,908ms] [Warning] [omni.physx.tensors.plugin] Incomplete contact data is reported in GpuRigidContactView::getContactData because there are more contact data points than specified maxContactDataCount = 8.
2026-09-10T01:37:29Z [62,954ms] [Warning] [omni.physx.tensors.plugin] Incomplete contact data is reported in GpuRigidContactView::getContactData because there are more contact data points than specified maxContactDataCount = 8.
2026-09-10T01:37:29Z [62,958ms] [Warning] [omni.physx.tensors.plugin] Incomplete contact data is reported in GpuRigidContactView::getContactData because there are more contact data points than specified maxContactDataCount = 8.
2026-09-10T01:37:29Z [62,961ms] [Warning] [omni.physx.tensors.plugin] Incomplete contact data is reported in GpuRigidContactView::getContactData because there are more contact data points than specified maxContactDataCount = 8.
2026-09-10T01:37:29Z [63,008ms] [Warning] [omni.physx.tensors.plugin] Incomplete contact data is reported in GpuRigidContactView::getContactData because there are more contact data points than specified maxContactDataCount = 8.
2026-09-10T01:37:29Z [63,012ms] [Warning] [omni.physx.tensors.plugin] Incomplete contact data is reported in GpuRigidContactView::getContactData because there are more contact data points than specified maxContactDataCount = 8.
2026-09-10T01:37:29Z [63,015ms] [Warning] [omni.physx.tensors.plugin] Incomplete contact data is reported in GpuRigidContactView::getContactData because there are more contact data points than specified maxContactDataCount = 8.
2026-09-10T01:37:29Z [63,060ms] [Warning] [omni.physx.tensors.plugin] Incomplete contact data is reported in GpuRigidContactView::getContactData because there are more contact data points than specified maxContactDataCount = 8.
2026-09-10T01:37:29Z [63,064ms] [Warning] [omni.physx.tensors.plugin] Incomplete contact data is reported in GpuRigidContactView::getContactData because there are more contact data points than specified maxContactDataCount = 8.
2026-09-10T01:37:29Z [63,067ms] [Warning] [omni.physx.tensors.plugin] Incomplete contact data is reported in GpuRigidContactView::getContactData because there are more contact data points than specified maxContactDataCount = 8.
2026-09-10T01:37:29Z [63,114ms] [Warning] [omni.physx.tensors.plugin] Incomplete contact data is reported in GpuRigidContactView::getContactData because there are more contact data points than specified maxContactDataCount = 8.
2026-09-10T01:37:29Z [63,117ms] [Warning] [omni.physx.tensors.plugin] Incomplete contact data is reported in GpuRigidContactView::getContactData because there are more contact data points than specified maxContactDataCount = 8.
2026-09-10T01:37:29Z [63,121ms] [Warning] [omni.physx.tensors.plugin] Incomplete contact data is reported in GpuRigidContactView::getContactData because there are more contact data points than specified maxContactDataCount = 8.
2026-09-10T01:37:29Z [63,167ms] [Warning] [omni.physx.tensors.plugin] Incomplete contact data is reported in GpuRigidContactView::getContactData because there are more contact data points than specified maxContactDataCount = 8.
2026-09-10T01:37:29Z [63,170ms] [Warning] [omni.physx.tensors.plugin] Incomplete contact data is reported in GpuRigidContactView::getContactData because there are more contact data points than specified maxContactDataCount = 8.
2026-09-10T01:37:29Z [63,174ms] [Warning] [omni.physx.tensors.plugin] Incomplete contact data is reported in GpuRigidContactView::getContactData because there are more contact data points than specified maxContactDataCount = 8.
2026-09-10T01:37:29Z [63,220ms] [Warning] [omni.physx.tensors.plugin] Incomplete contact data is reported in GpuRigidContactView::getContactData because there are more contact data points than specified maxContactDataCount = 8.
2026-09-10T01:37:29Z [63,224ms] [Warning] [omni.physx.tensors.plugin] Incomplete contact data is reported in GpuRigidContactView::getContactData because there are more contact data points than specified maxContactDataCount = 8.
2026-09-10T01:37:29Z [63,227ms] [Warning] [omni.physx.tensors.plugin] Incomplete contact data is reported in GpuRigidContactView::getContactData because there are more contact data points than specified maxContactDataCount = 8.
2026-09-10T01:37:29Z [63,273ms] [Warning] [omni.physx.tensors.plugin] Incomplete contact data is reported in GpuRigidContactView::getContactData because there are more contact data points than specified maxContactDataCount = 8.
2026-09-10T01:37:29Z [63,277ms] [Warning] [omni.physx.tensors.plugin] Incomplete contact data is reported in GpuRigidContactView::getContactData because there are more contact data points than specified maxContactDataCount = 8.
2026-09-10T01:37:29Z [63,280ms] [Warning] [omni.physx.tensors.plugin] Incomplete contact data is reported in GpuRigidContactView::getContactData because there are more contact data points than specified maxContactDataCount = 8.
2026-09-10T01:37:29Z [63,325ms] [Warning] [omni.physx.tensors.plugin] Incomplete contact data is reported in GpuRigidContactView::getContactData because there are more contact data points than specified maxContactDataCount = 8.
2026-09-10T01:37:29Z [63,329ms] [Warning] [omni.physx.tensors.plugin] Incomplete contact data is reported in GpuRigidContactView::getContactData because there are more contact data points than specified maxContactDataCount = 8.
2026-09-10T01:37:29Z [63,332ms] [Warning] [omni.physx.tensors.plugin] Incomplete contact data is reported in GpuRigidContactView::getContactData because there are more contact data points than specified maxContactDataCount = 8.
2026-09-10T01:37:29Z [63,381ms] [Warning] [omni.physx.tensors.plugin] Incomplete contact data is reported in GpuRigidContactView::getContactData because there are more contact data points than specified maxContactDataCount = 8.
2026-09-10T01:37:29Z [63,384ms] [Warning] [omni.physx.tensors.plugin] Incomplete contact data is reported in GpuRigidContactView::getContactData because there are more contact data points than specified maxContactDataCount = 8.
2026-09-10T01:37:29Z [63,388ms] [Warning] [omni.physx.tensors.plugin] Incomplete contact data is reported in GpuRigidContactView::getContactData because there are more contact data points than specified maxContactDataCount = 8.
2026-09-10T01:37:29Z [63,436ms] [Warning] [omni.physx.tensors.plugin] Incomplete contact data is reported in GpuRigidContactView::getContactData because there are more contact data points than specified maxContactDataCount = 8.
2026-09-10T01:37:29Z [63,439ms] [Warning] [omni.physx.tensors.plugin] Incomplete contact data is reported in GpuRigidContactView::getContactData because there are more contact data points than specified maxContactDataCount = 8.
2026-09-10T01:37:29Z [63,443ms] [Warning] [omni.physx.tensors.plugin] Incomplete contact data is reported in GpuRigidContactView::getContactData because there are more contact data points than specified maxContactDataCount = 8.
2026-09-10T01:37:29Z [63,490ms] [Warning] [omni.physx.tensors.plugin] Incomplete contact data is reported in GpuRigidContactView::getContactData because there are more contact data points than specified maxContactDataCount = 8.
2026-09-10T01:37:29Z [63,493ms] [Warning] [omni.physx.tensors.plugin] Incomplete contact data is reported in GpuRigidContactView::getContactData because there are more contact data points than specified maxContactDataCount = 8.
2026-09-10T01:37:29Z [63,497ms] [Warning] [omni.physx.tensors.plugin] Incomplete contact data is reported in GpuRigidContactView::getContactData because there are more contact data points than specified maxContactDataCount = 8.
2026-09-10T01:37:29Z [63,543ms] [Warning] [omni.physx.tensors.plugin] Incomplete contact data is reported in GpuRigidContactView::getContactData because there are more contact data points than specified maxContactDataCount = 8.
2026-09-10T01:37:29Z [63,547ms] [Warning] [omni.physx.tensors.plugin] Incomplete contact data is reported in GpuRigidContactView::getContactData because there are more contact data points than specified maxContactDataCount = 8.
2026-09-10T01:37:29Z [63,550ms] [Warning] [omni.physx.tensors.plugin] Incomplete contact data is reported in GpuRigidContactView::getContactData because there are more contact data points than specified maxContactDataCount = 8.
2026-09-10T01:37:29Z [63,598ms] [Warning] [omni.physx.tensors.plugin] Incomplete contact data is reported in GpuRigidContactView::getContactData because there are more contact data points than specified maxContactDataCount = 8.
2026-09-10T01:37:29Z [63,601ms] [Warning] [omni.physx.tensors.plugin] Incomplete contact data is reported in GpuRigidContactView::getContactData because there are more contact data points than specified maxContactDataCount = 8.
2026-09-10T01:37:29Z [63,605ms] [Warning] [omni.physx.tensors.plugin] Incomplete contact data is reported in GpuRigidContactView::getContactData because there are more contact data points than specified maxContactDataCount = 8.
2026-09-10T01:37:29Z [63,650ms] [Warning] [omni.physx.tensors.plugin] Incomplete contact data is reported in GpuRigidContactView::getContactData because there are more contact data points than specified maxContactDataCount = 8.
2026-09-10T01:37:29Z [63,654ms] [Warning] [omni.physx.tensors.plugin] Incomplete contact data is reported in GpuRigidContactView::getContactData because there are more contact data points than specified maxContactDataCount = 8.
2026-09-10T01:37:29Z [63,657ms] [Warning] [omni.physx.tensors.plugin] Incomplete contact data is reported in GpuRigidContactView::getContactData because there are more contact data points than specified maxContactDataCount = 8.
2026-09-10T01:37:30Z [63,705ms] [Warning] [omni.physx.tensors.plugin] Incomplete contact data is reported in GpuRigidContactView::getContactData because there are more contact data points than specified maxContactDataCount = 8.
2026-09-10T01:37:30Z [63,708ms] [Warning] [omni.physx.tensors.plugin] Incomplete contact data is reported in GpuRigidContactView::getContactData because there are more contact data points than specified maxContactDataCount = 8.
2026-09-10T01:37:30Z [63,712ms] [Warning] [omni.physx.tensors.plugin] Incomplete contact data is reported in GpuRigidContactView::getContactData because there are more contact data points than specified maxContactDataCount = 8.
2026-09-10T01:37:30Z [63,760ms] [Warning] [omni.physx.tensors.plugin] Incomplete contact data is reported in GpuRigidContactView::getContactData because there are more contact data points than specified maxContactDataCount = 8.
2026-09-10T01:37:30Z [63,763ms] [Warning] [omni.physx.tensors.plugin] Incomplete contact data is reported in GpuRigidContactView::getContactData because there are more contact data points than specified maxContactDataCount = 8.
2026-09-10T01:37:30Z [63,767ms] [Warning] [omni.physx.tensors.plugin] Incomplete contact data is reported in GpuRigidContactView::getContactData because there are more contact data points than specified maxContactDataCount = 8.
2026-09-10T01:37:30Z [63,814ms] [Warning] [omni.physx.tensors.plugin] Incomplete contact data is reported in GpuRigidContactView::getContactData because there are more contact data points than specified maxContactDataCount = 8.
2026-09-10T01:37:30Z [63,817ms] [Warning] [omni.physx.tensors.plugin] Incomplete contact data is reported in GpuRigidContactView::getContactData because there are more contact data points than specified maxContactDataCount = 8.
2026-09-10T01:37:30Z [63,821ms] [Warning] [omni.physx.tensors.plugin] Incomplete contact data is reported in GpuRigidContactView::getContactData because there are more contact data points than specified maxContactDataCount = 8.
2026-09-10T01:37:30Z [63,867ms] [Warning] [omni.physx.tensors.plugin] Incomplete contact data is reported in GpuRigidContactView::getContactData because there are more contact data points than specified maxContactDataCount = 8.
2026-09-10T01:37:30Z [63,871ms] [Warning] [omni.physx.tensors.plugin] Incomplete contact data is reported in GpuRigidContactView::getContactData because there are more contact data points than specified maxContactDataCount = 8.
2026-09-10T01:37:30Z [63,874ms] [Warning] [omni.physx.tensors.plugin] Incomplete contact data is reported in GpuRigidContactView::getContactData because there are more contact data points than specified maxContactDataCount = 8.
2026-09-10T01:37:30Z [63,923ms] [Warning] [omni.physx.tensors.plugin] Incomplete contact data is reported in GpuRigidContactView::getContactData because there are more contact data points than specified maxContactDataCount = 8.
2026-09-10T01:37:30Z [63,927ms] [Warning] [omni.physx.tensors.plugin] Incomplete contact data is reported in GpuRigidContactView::getContactData because there are more contact data points than specified maxContactDataCount = 8.
2026-09-10T01:37:30Z [63,930ms] [Warning] [omni.physx.tensors.plugin] Incomplete contact data is reported in GpuRigidContactView::getContactData because there are more contact data points than specified maxContactDataCount = 8.
TERRAIN_STAND train_ramp_1103 800/1000
2026-09-10T01:37:30Z [63,977ms] [Warning] [omni.physx.tensors.plugin] Incomplete contact data is reported in GpuRigidContactView::getContactData because there are more contact data points than specified maxContactDataCount = 8.
2026-09-10T01:37:30Z [63,981ms] [Warning] [omni.physx.tensors.plugin] Incomplete contact data is reported in GpuRigidContactView::getContactData because there are more contact data points than specified maxContactDataCount = 8.
2026-09-10T01:37:30Z [63,984ms] [Warning] [omni.physx.tensors.plugin] Incomplete contact data is reported in GpuRigidContactView::getContactData because there are more contact data points than specified maxContactDataCount = 8.
2026-09-10T01:37:30Z [64,031ms] [Warning] [omni.physx.tensors.plugin] Incomplete contact data is reported in GpuRigidContactView::getContactData because there are more contact data points than specified maxContactDataCount = 8.
2026-09-10T01:37:30Z [64,035ms] [Warning] [omni.physx.tensors.plugin] Incomplete contact data is reported in GpuRigidContactView::getContactData because there are more contact data points than specified maxContactDataCount = 8.
2026-09-10T01:37:30Z [64,038ms] [Warning] [omni.physx.tensors.plugin] Incomplete contact data is reported in GpuRigidContactView::getContactData because there are more contact data points than specified maxContactDataCount = 8.
2026-09-10T01:37:30Z [64,086ms] [Warning] [omni.physx.tensors.plugin] Incomplete contact data is reported in GpuRigidContactView::getContactData because there are more contact data points than specified maxContactDataCount = 8.
2026-09-10T01:37:30Z [64,090ms] [Warning] [omni.physx.tensors.plugin] Incomplete contact data is reported in GpuRigidContactView::getContactData because there are more contact data points than specified maxContactDataCount = 8.
2026-09-10T01:37:30Z [64,093ms] [Warning] [omni.physx.tensors.plugin] Incomplete contact data is reported in GpuRigidContactView::getContactData because there are more contact data points than specified maxContactDataCount = 8.
2026-09-10T01:37:30Z [64,139ms] [Warning] [omni.physx.tensors.plugin] Incomplete contact data is reported in GpuRigidContactView::getContactData because there are more contact data points than specified maxContactDataCount = 8.
2026-09-10T01:37:30Z [64,143ms] [Warning] [omni.physx.tensors.plugin] Incomplete contact data is reported in GpuRigidContactView::getContactData because there are more contact data points than specified maxContactDataCount = 8.
2026-09-10T01:37:30Z [64,146ms] [Warning] [omni.physx.tensors.plugin] Incomplete contact data is reported in GpuRigidContactView::getContactData because there are more contact data points than specified maxContactDataCount = 8.
2026-09-10T01:37:30Z [64,192ms] [Warning] [omni.physx.tensors.plugin] Incomplete contact data is reported in GpuRigidContactView::getContactData because there are more contact data points than specified maxContactDataCount = 8.
2026-09-10T01:37:30Z [64,196ms] [Warning] [omni.physx.tensors.plugin] Incomplete contact data is reported in GpuRigidContactView::getContactData because there are more contact data points than specified maxContactDataCount = 8.
2026-09-10T01:37:30Z [64,199ms] [Warning] [omni.physx.tensors.plugin] Incomplete contact data is reported in GpuRigidContactView::getContactData because there are more contact data points than specified maxContactDataCount = 8.
2026-09-10T01:37:30Z [64,247ms] [Warning] [omni.physx.tensors.plugin] Incomplete contact data is reported in GpuRigidContactView::getContactData because there are more contact data points than specified maxContactDataCount = 8.
2026-09-10T01:37:30Z [64,251ms] [Warning] [omni.physx.tensors.plugin] Incomplete contact data is reported in GpuRigidContactView::getContactData because there are more contact data points than specified maxContactDataCount = 8.
2026-09-10T01:37:30Z [64,254ms] [Warning] [omni.physx.tensors.plugin] Incomplete contact data is reported in GpuRigidContactView::getContactData because there are more contact data points than specified maxContactDataCount = 8.
2026-09-10T01:37:30Z [64,301ms] [Warning] [omni.physx.tensors.plugin] Incomplete contact data is reported in GpuRigidContactView::getContactData because there are more contact data points than specified maxContactDataCount = 8.
2026-09-10T01:37:30Z [64,304ms] [Warning] [omni.physx.tensors.plugin] Incomplete contact data is reported in GpuRigidContactView::getContactData because there are more contact data points than specified maxContactDataCount = 8.
2026-09-10T01:37:30Z [64,308ms] [Warning] [omni.physx.tensors.plugin] Incomplete contact data is reported in GpuRigidContactView::getContactData because there are more contact data points than specified maxContactDataCount = 8.
2026-09-10T01:37:30Z [64,353ms] [Warning] [omni.physx.tensors.plugin] Incomplete contact data is reported in GpuRigidContactView::getContactData because there are more contact data points than specified maxContactDataCount = 8.
2026-09-10T01:37:30Z [64,357ms] [Warning] [omni.physx.tensors.plugin] Incomplete contact data is reported in GpuRigidContactView::getContactData because there are more contact data points than specified maxContactDataCount = 8.
2026-09-10T01:37:30Z [64,360ms] [Warning] [omni.physx.tensors.plugin] Incomplete contact data is reported in GpuRigidContactView::getContactData because there are more contact data points than specified maxContactDataCount = 8.
2026-09-10T01:37:30Z [64,407ms] [Warning] [omni.physx.tensors.plugin] Incomplete contact data is reported in GpuRigidContactView::getContactData because there are more contact data points than specified maxContactDataCount = 8.
2026-09-10T01:37:30Z [64,410ms] [Warning] [omni.physx.tensors.plugin] Incomplete contact data is reported in GpuRigidContactView::getContactData because there are more contact data points than specified maxContactDataCount = 8.
2026-09-10T01:37:30Z [64,414ms] [Warning] [omni.physx.tensors.plugin] Incomplete contact data is reported in GpuRigidContactView::getContactData because there are more contact data points than specified maxContactDataCount = 8.
2026-09-10T01:37:30Z [64,462ms] [Warning] [omni.physx.tensors.plugin] Incomplete contact data is reported in GpuRigidContactView::getContactData because there are more contact data points than specified maxContactDataCount = 8.
2026-09-10T01:37:30Z [64,465ms] [Warning] [omni.physx.tensors.plugin] Incomplete contact data is reported in GpuRigidContactView::getContactData because there are more contact data points than specified maxContactDataCount = 8.
2026-09-10T01:37:30Z [64,468ms] [Warning] [omni.physx.tensors.plugin] Incomplete contact data is reported in GpuRigidContactView::getContactData because there are more contact data points than specified maxContactDataCount = 8.
2026-09-10T01:37:30Z [64,517ms] [Warning] [omni.physx.tensors.plugin] Incomplete contact data is reported in GpuRigidContactView::getContactData because there are more contact data points than specified maxContactDataCount = 8.
2026-09-10T01:37:30Z [64,520ms] [Warning] [omni.physx.tensors.plugin] Incomplete contact data is reported in GpuRigidContactView::getContactData because there are more contact data points than specified maxContactDataCount = 8.
2026-09-10T01:37:30Z [64,524ms] [Warning] [omni.physx.tensors.plugin] Incomplete contact data is reported in GpuRigidContactView::getContactData because there are more contact data points than specified maxContactDataCount = 8.
2026-09-10T01:37:30Z [64,571ms] [Warning] [omni.physx.tensors.plugin] Incomplete contact data is reported in GpuRigidContactView::getContactData because there are more contact data points than specified maxContactDataCount = 8.
2026-09-10T01:37:30Z [64,574ms] [Warning] [omni.physx.tensors.plugin] Incomplete contact data is reported in GpuRigidContactView::getContactData because there are more contact data points than specified maxContactDataCount = 8.
2026-09-10T01:37:30Z [64,578ms] [Warning] [omni.physx.tensors.plugin] Incomplete contact data is reported in GpuRigidContactView::getContactData because there are more contact data points than specified maxContactDataCount = 8.
2026-09-10T01:37:30Z [64,626ms] [Warning] [omni.physx.tensors.plugin] Incomplete contact data is reported in GpuRigidContactView::getContactData because there are more contact data points than specified maxContactDataCount = 8.
2026-09-10T01:37:30Z [64,630ms] [Warning] [omni.physx.tensors.plugin] Incomplete contact data is reported in GpuRigidContactView::getContactData because there are more contact data points than specified maxContactDataCount = 8.
2026-09-10T01:37:30Z [64,633ms] [Warning] [omni.physx.tensors.plugin] Incomplete contact data is reported in GpuRigidContactView::getContactData because there are more contact data points than specified maxContactDataCount = 8.
2026-09-10T01:37:30Z [64,681ms] [Warning] [omni.physx.tensors.plugin] Incomplete contact data is reported in GpuRigidContactView::getContactData because there are more contact data points than specified maxContactDataCount = 8.
2026-09-10T01:37:31Z [64,685ms] [Warning] [omni.physx.tensors.plugin] Incomplete contact data is reported in GpuRigidContactView::getContactData because there are more contact data points than specified maxContactDataCount = 8.
2026-09-10T01:37:31Z [64,688ms] [Warning] [omni.physx.tensors.plugin] Incomplete contact data is reported in GpuRigidContactView::getContactData because there are more contact data points than specified maxContactDataCount = 8.
2026-09-10T01:37:31Z [64,737ms] [Warning] [omni.physx.tensors.plugin] Incomplete contact data is reported in GpuRigidContactView::getContactData because there are more contact data points than specified maxContactDataCount = 8.
2026-09-10T01:37:31Z [64,740ms] [Warning] [omni.physx.tensors.plugin] Incomplete contact data is reported in GpuRigidContactView::getContactData because there are more contact data points than specified maxContactDataCount = 8.
2026-09-10T01:37:31Z [64,744ms] [Warning] [omni.physx.tensors.plugin] Incomplete contact data is reported in GpuRigidContactView::getContactData because there are more contact data points than specified maxContactDataCount = 8.
2026-09-10T01:37:31Z [64,791ms] [Warning] [omni.physx.tensors.plugin] Incomplete contact data is reported in GpuRigidContactView::getContactData because there are more contact data points than specified maxContactDataCount = 8.
2026-09-10T01:37:31Z [64,794ms] [Warning] [omni.physx.tensors.plugin] Incomplete contact data is reported in GpuRigidContactView::getContactData because there are more contact data points than specified maxContactDataCount = 8.
2026-09-10T01:37:31Z [64,797ms] [Warning] [omni.physx.tensors.plugin] Incomplete contact data is reported in GpuRigidContactView::getContactData because there are more contact data points than specified maxContactDataCount = 8.
2026-09-10T01:37:31Z [64,844ms] [Warning] [omni.physx.tensors.plugin] Incomplete contact data is reported in GpuRigidContactView::getContactData because there are more contact data points than specified maxContactDataCount = 8.
2026-09-10T01:37:31Z [64,847ms] [Warning] [omni.physx.tensors.plugin] Incomplete contact data is reported in GpuRigidContactView::getContactData because there are more contact data points than specified maxContactDataCount = 8.
2026-09-10T01:37:31Z [64,851ms] [Warning] [omni.physx.tensors.plugin] Incomplete contact data is reported in GpuRigidContactView::getContactData because there are more contact data points than specified maxContactDataCount = 8.
2026-09-10T01:37:31Z [64,896ms] [Warning] [omni.physx.tensors.plugin] Incomplete contact data is reported in GpuRigidContactView::getContactData because there are more contact data points than specified maxContactDataCount = 8.
2026-09-10T01:37:31Z [64,900ms] [Warning] [omni.physx.tensors.plugin] Incomplete contact data is reported in GpuRigidContactView::getContactData because there are more contact data points than specified maxContactDataCount = 8.
2026-09-10T01:37:31Z [64,903ms] [Warning] [omni.physx.tensors.plugin] Incomplete contact data is reported in GpuRigidContactView::getContactData because there are more contact data points than specified maxContactDataCount = 8.
2026-09-10T01:37:31Z [64,950ms] [Warning] [omni.physx.tensors.plugin] Incomplete contact data is reported in GpuRigidContactView::getContactData because there are more contact data points than specified maxContactDataCount = 8.
2026-09-10T01:37:31Z [64,953ms] [Warning] [omni.physx.tensors.plugin] Incomplete contact data is reported in GpuRigidContactView::getContactData because there are more contact data points than specified maxContactDataCount = 8.
2026-09-10T01:37:31Z [64,957ms] [Warning] [omni.physx.tensors.plugin] Incomplete contact data is reported in GpuRigidContactView::getContactData because there are more contact data points than specified maxContactDataCount = 8.
2026-09-10T01:37:31Z [65,004ms] [Warning] [omni.physx.tensors.plugin] Incomplete contact data is reported in GpuRigidContactView::getContactData because there are more contact data points than specified maxContactDataCount = 8.
2026-09-10T01:37:31Z [65,008ms] [Warning] [omni.physx.tensors.plugin] Incomplete contact data is reported in GpuRigidContactView::getContactData because there are more contact data points than specified maxContactDataCount = 8.
2026-09-10T01:37:31Z [65,011ms] [Warning] [omni.physx.tensors.plugin] Incomplete contact data is reported in GpuRigidContactView::getContactData because there are more contact data points than specified maxContactDataCount = 8.
2026-09-10T01:37:31Z [65,056ms] [Warning] [omni.physx.tensors.plugin] Incomplete contact data is reported in GpuRigidContactView::getContactData because there are more contact data points than specified maxContactDataCount = 8.
2026-09-10T01:37:31Z [65,060ms] [Warning] [omni.physx.tensors.plugin] Incomplete contact data is reported in GpuRigidContactView::getContactData because there are more contact data points than specified maxContactDataCount = 8.
2026-09-10T01:37:31Z [65,063ms] [Warning] [omni.physx.tensors.plugin] Incomplete contact data is reported in GpuRigidContactView::getContactData because there are more contact data points than specified maxContactDataCount = 8.
2026-09-10T01:37:31Z [65,106ms] [Warning] [omni.physx.tensors.plugin] Incomplete contact data is reported in GpuRigidContactView::getContactData because there are more contact data points than specified maxContactDataCount = 8.
2026-09-10T01:37:31Z [65,110ms] [Warning] [omni.physx.tensors.plugin] Incomplete contact data is reported in GpuRigidContactView::getContactData because there are more contact data points than specified maxContactDataCount = 8.
2026-09-10T01:37:31Z [65,114ms] [Warning] [omni.physx.tensors.plugin] Incomplete contact data is reported in GpuRigidContactView::getContactData because there are more contact data points than specified maxContactDataCount = 8.
2026-09-10T01:37:31Z [65,159ms] [Warning] [omni.physx.tensors.plugin] Incomplete contact data is reported in GpuRigidContactView::getContactData because there are more contact data points than specified maxContactDataCount = 8.
2026-09-10T01:37:31Z [65,162ms] [Warning] [omni.physx.tensors.plugin] Incomplete contact data is reported in GpuRigidContactView::getContactData because there are more contact data points than specified maxContactDataCount = 8.
2026-09-10T01:37:31Z [65,166ms] [Warning] [omni.physx.tensors.plugin] Incomplete contact data is reported in GpuRigidContactView::getContactData because there are more contact data points than specified maxContactDataCount = 8.
2026-09-10T01:37:31Z [65,213ms] [Warning] [omni.physx.tensors.plugin] Incomplete contact data is reported in GpuRigidContactView::getContactData because there are more contact data points than specified maxContactDataCount = 8.
2026-09-10T01:37:31Z [65,217ms] [Warning] [omni.physx.tensors.plugin] Incomplete contact data is reported in GpuRigidContactView::getContactData because there are more contact data points than specified maxContactDataCount = 8.
2026-09-10T01:37:31Z [65,220ms] [Warning] [omni.physx.tensors.plugin] Incomplete contact data is reported in GpuRigidContactView::getContactData because there are more contact data points than specified maxContactDataCount = 8.
2026-09-10T01:37:31Z [65,266ms] [Warning] [omni.physx.tensors.plugin] Incomplete contact data is reported in GpuRigidContactView::getContactData because there are more contact data points than specified maxContactDataCount = 8.
2026-09-10T01:37:31Z [65,270ms] [Warning] [omni.physx.tensors.plugin] Incomplete contact data is reported in GpuRigidContactView::getContactData because there are more contact data points than specified maxContactDataCount = 8.
2026-09-10T01:37:31Z [65,273ms] [Warning] [omni.physx.tensors.plugin] Incomplete contact data is reported in GpuRigidContactView::getContactData because there are more contact data points than specified maxContactDataCount = 8.
2026-09-10T01:37:31Z [65,318ms] [Warning] [omni.physx.tensors.plugin] Incomplete contact data is reported in GpuRigidContactView::getContactData because there are more contact data points than specified maxContactDataCount = 8.
2026-09-10T01:37:31Z [65,322ms] [Warning] [omni.physx.tensors.plugin] Incomplete contact data is reported in GpuRigidContactView::getContactData because there are more contact data points than specified maxContactDataCount = 8.
2026-09-10T01:37:31Z [65,325ms] [Warning] [omni.physx.tensors.plugin] Incomplete contact data is reported in GpuRigidContactView::getContactData because there are more contact data points than specified maxContactDataCount = 8.
2026-09-10T01:37:31Z [65,366ms] [Warning] [omni.physx.tensors.plugin] Incomplete contact data is reported in GpuRigidContactView::getContactData because there are more contact data points than specified maxContactDataCount = 8.
2026-09-10T01:37:31Z [65,370ms] [Warning] [omni.physx.tensors.plugin] Incomplete contact data is reported in GpuRigidContactView::getContactData because there are more contact data points than specified maxContactDataCount = 8.
2026-09-10T01:37:31Z [65,373ms] [Warning] [omni.physx.tensors.plugin] Incomplete contact data is reported in GpuRigidContactView::getContactData because there are more contact data points than specified maxContactDataCount = 8.
2026-09-10T01:37:31Z [65,420ms] [Warning] [omni.physx.tensors.plugin] Incomplete contact data is reported in GpuRigidContactView::getContactData because there are more contact data points than specified maxContactDataCount = 8.
2026-09-10T01:37:31Z [65,424ms] [Warning] [omni.physx.tensors.plugin] Incomplete contact data is reported in GpuRigidContactView::getContactData because there are more contact data points than specified maxContactDataCount = 8.
2026-09-10T01:37:31Z [65,427ms] [Warning] [omni.physx.tensors.plugin] Incomplete contact data is reported in GpuRigidContactView::getContactData because there are more contact data points than specified maxContactDataCount = 8.
2026-09-10T01:37:31Z [65,471ms] [Warning] [omni.physx.tensors.plugin] Incomplete contact data is reported in GpuRigidContactView::getContactData because there are more contact data points than specified maxContactDataCount = 8.
2026-09-10T01:37:31Z [65,475ms] [Warning] [omni.physx.tensors.plugin] Incomplete contact data is reported in GpuRigidContactView::getContactData because there are more contact data points than specified maxContactDataCount = 8.
2026-09-10T01:37:31Z [65,479ms] [Warning] [omni.physx.tensors.plugin] Incomplete contact data is reported in GpuRigidContactView::getContactData because there are more contact data points than specified maxContactDataCount = 8.
2026-09-10T01:37:31Z [65,524ms] [Warning] [omni.physx.tensors.plugin] Incomplete contact data is reported in GpuRigidContactView::getContactData because there are more contact data points than specified maxContactDataCount = 8.
2026-09-10T01:37:31Z [65,527ms] [Warning] [omni.physx.tensors.plugin] Incomplete contact data is reported in GpuRigidContactView::getContactData because there are more contact data points than specified maxContactDataCount = 8.
2026-09-10T01:37:31Z [65,531ms] [Warning] [omni.physx.tensors.plugin] Incomplete contact data is reported in GpuRigidContactView::getContactData because there are more contact data points than specified maxContactDataCount = 8.
2026-09-10T01:37:31Z [65,576ms] [Warning] [omni.physx.tensors.plugin] Incomplete contact data is reported in GpuRigidContactView::getContactData because there are more contact data points than specified maxContactDataCount = 8.
2026-09-10T01:37:31Z [65,580ms] [Warning] [omni.physx.tensors.plugin] Incomplete contact data is reported in GpuRigidContactView::getContactData because there are more contact data points than specified maxContactDataCount = 8.
2026-09-10T01:37:31Z [65,583ms] [Warning] [omni.physx.tensors.plugin] Incomplete contact data is reported in GpuRigidContactView::getContactData because there are more contact data points than specified maxContactDataCount = 8.
2026-09-10T01:37:31Z [65,628ms] [Warning] [omni.physx.tensors.plugin] Incomplete contact data is reported in GpuRigidContactView::getContactData because there are more contact data points than specified maxContactDataCount = 8.
2026-09-10T01:37:31Z [65,632ms] [Warning] [omni.physx.tensors.plugin] Incomplete contact data is reported in GpuRigidContactView::getContactData because there are more contact data points than specified maxContactDataCount = 8.
2026-09-10T01:37:31Z [65,635ms] [Warning] [omni.physx.tensors.plugin] Incomplete contact data is reported in GpuRigidContactView::getContactData because there are more contact data points than specified maxContactDataCount = 8.
2026-09-10T01:37:32Z [65,682ms] [Warning] [omni.physx.tensors.plugin] Incomplete contact data is reported in GpuRigidContactView::getContactData because there are more contact data points than specified maxContactDataCount = 8.
2026-09-10T01:37:32Z [65,686ms] [Warning] [omni.physx.tensors.plugin] Incomplete contact data is reported in GpuRigidContactView::getContactData because there are more contact data points than specified maxContactDataCount = 8.
2026-09-10T01:37:32Z [65,689ms] [Warning] [omni.physx.tensors.plugin] Incomplete contact data is reported in GpuRigidContactView::getContactData because there are more contact data points than specified maxContactDataCount = 8.
2026-09-10T01:37:32Z [65,734ms] [Warning] [omni.physx.tensors.plugin] Incomplete contact data is reported in GpuRigidContactView::getContactData because there are more contact data points than specified maxContactDataCount = 8.
2026-09-10T01:37:32Z [65,738ms] [Warning] [omni.physx.tensors.plugin] Incomplete contact data is reported in GpuRigidContactView::getContactData because there are more contact data points than specified maxContactDataCount = 8.
2026-09-10T01:37:32Z [65,741ms] [Warning] [omni.physx.tensors.plugin] Incomplete contact data is reported in GpuRigidContactView::getContactData because there are more contact data points than specified maxContactDataCount = 8.
2026-09-10T01:37:32Z [65,788ms] [Warning] [omni.physx.tensors.plugin] Incomplete contact data is reported in GpuRigidContactView::getContactData because there are more contact data points than specified maxContactDataCount = 8.
2026-09-10T01:37:32Z [65,792ms] [Warning] [omni.physx.tensors.plugin] Incomplete contact data is reported in GpuRigidContactView::getContactData because there are more contact data points than specified maxContactDataCount = 8.
2026-09-10T01:37:32Z [65,795ms] [Warning] [omni.physx.tensors.plugin] Incomplete contact data is reported in GpuRigidContactView::getContactData because there are more contact data points than specified maxContactDataCount = 8.
2026-09-10T01:37:32Z [65,840ms] [Warning] [omni.physx.tensors.plugin] Incomplete contact data is reported in GpuRigidContactView::getContactData because there are more contact data points than specified maxContactDataCount = 8.
2026-09-10T01:37:32Z [65,843ms] [Warning] [omni.physx.tensors.plugin] Incomplete contact data is reported in GpuRigidContactView::getContactData because there are more contact data points than specified maxContactDataCount = 8.
2026-09-10T01:37:32Z [65,847ms] [Warning] [omni.physx.tensors.plugin] Incomplete contact data is reported in GpuRigidContactView::getContactData because there are more contact data points than specified maxContactDataCount = 8.
2026-09-10T01:37:32Z [65,896ms] [Warning] [omni.physx.tensors.plugin] Incomplete contact data is reported in GpuRigidContactView::getContactData because there are more contact data points than specified maxContactDataCount = 8.
2026-09-10T01:37:32Z [65,899ms] [Warning] [omni.physx.tensors.plugin] Incomplete contact data is reported in GpuRigidContactView::getContactData because there are more contact data points than specified maxContactDataCount = 8.
2026-09-10T01:37:32Z [65,903ms] [Warning] [omni.physx.tensors.plugin] Incomplete contact data is reported in GpuRigidContactView::getContactData because there are more contact data points than specified maxContactDataCount = 8.
2026-09-10T01:37:32Z [65,953ms] [Warning] [omni.physx.tensors.plugin] Incomplete contact data is reported in GpuRigidContactView::getContactData because there are more contact data points than specified maxContactDataCount = 8.
2026-09-10T01:37:32Z [65,957ms] [Warning] [omni.physx.tensors.plugin] Incomplete contact data is reported in GpuRigidContactView::getContactData because there are more contact data points than specified maxContactDataCount = 8.
2026-09-10T01:37:32Z [65,960ms] [Warning] [omni.physx.tensors.plugin] Incomplete contact data is reported in GpuRigidContactView::getContactData because there are more contact data points than specified maxContactDataCount = 8.
2026-09-10T01:37:32Z [66,012ms] [Warning] [omni.physx.tensors.plugin] Incomplete contact data is reported in GpuRigidContactView::getContactData because there are more contact data points than specified maxContactDataCount = 8.
2026-09-10T01:37:32Z [66,016ms] [Warning] [omni.physx.tensors.plugin] Incomplete contact data is reported in GpuRigidContactView::getContactData because there are more contact data points than specified maxContactDataCount = 8.
2026-09-10T01:37:32Z [66,019ms] [Warning] [omni.physx.tensors.plugin] Incomplete contact data is reported in GpuRigidContactView::getContactData because there are more contact data points than specified maxContactDataCount = 8.
2026-09-10T01:37:32Z [66,069ms] [Warning] [omni.physx.tensors.plugin] Incomplete contact data is reported in GpuRigidContactView::getContactData because there are more contact data points than specified maxContactDataCount = 8.
2026-09-10T01:37:32Z [66,073ms] [Warning] [omni.physx.tensors.plugin] Incomplete contact data is reported in GpuRigidContactView::getContactData because there are more contact data points than specified maxContactDataCount = 8.
2026-09-10T01:37:32Z [66,076ms] [Warning] [omni.physx.tensors.plugin] Incomplete contact data is reported in GpuRigidContactView::getContactData because there are more contact data points than specified maxContactDataCount = 8.
2026-09-10T01:37:32Z [66,125ms] [Warning] [omni.physx.tensors.plugin] Incomplete contact data is reported in GpuRigidContactView::getContactData because there are more contact data points than specified maxContactDataCount = 8.
2026-09-10T01:37:32Z [66,128ms] [Warning] [omni.physx.tensors.plugin] Incomplete contact data is reported in GpuRigidContactView::getContactData because there are more contact data points than specified maxContactDataCount = 8.
2026-09-10T01:37:32Z [66,132ms] [Warning] [omni.physx.tensors.plugin] Incomplete contact data is reported in GpuRigidContactView::getContactData because there are more contact data points than specified maxContactDataCount = 8.
2026-09-10T01:37:32Z [66,181ms] [Warning] [omni.physx.tensors.plugin] Incomplete contact data is reported in GpuRigidContactView::getContactData because there are more contact data points than specified maxContactDataCount = 8.
2026-09-10T01:37:32Z [66,184ms] [Warning] [omni.physx.tensors.plugin] Incomplete contact data is reported in GpuRigidContactView::getContactData because there are more contact data points than specified maxContactDataCount = 8.
2026-09-10T01:37:32Z [66,188ms] [Warning] [omni.physx.tensors.plugin] Incomplete contact data is reported in GpuRigidContactView::getContactData because there are more contact data points than specified maxContactDataCount = 8.
2026-09-10T01:37:32Z [66,237ms] [Warning] [omni.physx.tensors.plugin] Incomplete contact data is reported in GpuRigidContactView::getContactData because there are more contact data points than specified maxContactDataCount = 8.
2026-09-10T01:37:32Z [66,241ms] [Warning] [omni.physx.tensors.plugin] Incomplete contact data is reported in GpuRigidContactView::getContactData because there are more contact data points than specified maxContactDataCount = 8.
2026-09-10T01:37:32Z [66,244ms] [Warning] [omni.physx.tensors.plugin] Incomplete contact data is reported in GpuRigidContactView::getContactData because there are more contact data points than specified maxContactDataCount = 8.
2026-09-10T01:37:32Z [66,291ms] [Warning] [omni.physx.tensors.plugin] Incomplete contact data is reported in GpuRigidContactView::getContactData because there are more contact data points than specified maxContactDataCount = 8.
2026-09-10T01:37:32Z [66,295ms] [Warning] [omni.physx.tensors.plugin] Incomplete contact data is reported in GpuRigidContactView::getContactData because there are more contact data points than specified maxContactDataCount = 8.
2026-09-10T01:37:32Z [66,298ms] [Warning] [omni.physx.tensors.plugin] Incomplete contact data is reported in GpuRigidContactView::getContactData because there are more contact data points than specified maxContactDataCount = 8.
2026-09-10T01:37:32Z [66,342ms] [Warning] [omni.physx.tensors.plugin] Incomplete contact data is reported in GpuRigidContactView::getContactData because there are more contact data points than specified maxContactDataCount = 8.
2026-09-10T01:37:32Z [66,346ms] [Warning] [omni.physx.tensors.plugin] Incomplete contact data is reported in GpuRigidContactView::getContactData because there are more contact data points than specified maxContactDataCount = 8.
2026-09-10T01:37:32Z [66,349ms] [Warning] [omni.physx.tensors.plugin] Incomplete contact data is reported in GpuRigidContactView::getContactData because there are more contact data points than specified maxContactDataCount = 8.
2026-09-10T01:37:32Z [66,398ms] [Warning] [omni.physx.tensors.plugin] Incomplete contact data is reported in GpuRigidContactView::getContactData because there are more contact data points than specified maxContactDataCount = 8.
2026-09-10T01:37:32Z [66,402ms] [Warning] [omni.physx.tensors.plugin] Incomplete contact data is reported in GpuRigidContactView::getContactData because there are more contact data points than specified maxContactDataCount = 8.
2026-09-10T01:37:32Z [66,406ms] [Warning] [omni.physx.tensors.plugin] Incomplete contact data is reported in GpuRigidContactView::getContactData because there are more contact data points than specified maxContactDataCount = 8.
2026-09-10T01:37:32Z [66,458ms] [Warning] [omni.physx.tensors.plugin] Incomplete contact data is reported in GpuRigidContactView::getContactData because there are more contact data points than specified maxContactDataCount = 8.
2026-09-10T01:37:32Z [66,462ms] [Warning] [omni.physx.tensors.plugin] Incomplete contact data is reported in GpuRigidContactView::getContactData because there are more contact data points than specified maxContactDataCount = 8.
2026-09-10T01:37:32Z [66,465ms] [Warning] [omni.physx.tensors.plugin] Incomplete contact data is reported in GpuRigidContactView::getContactData because there are more contact data points than specified maxContactDataCount = 8.
2026-09-10T01:37:32Z [66,518ms] [Warning] [omni.physx.tensors.plugin] Incomplete contact data is reported in GpuRigidContactView::getContactData because there are more contact data points than specified maxContactDataCount = 8.
2026-09-10T01:37:32Z [66,522ms] [Warning] [omni.physx.tensors.plugin] Incomplete contact data is reported in GpuRigidContactView::getContactData because there are more contact data points than specified maxContactDataCount = 8.
2026-09-10T01:37:32Z [66,525ms] [Warning] [omni.physx.tensors.plugin] Incomplete contact data is reported in GpuRigidContactView::getContactData because there are more contact data points than specified maxContactDataCount = 8.
2026-09-10T01:37:32Z [66,578ms] [Warning] [omni.physx.tensors.plugin] Incomplete contact data is reported in GpuRigidContactView::getContactData because there are more contact data points than specified maxContactDataCount = 8.
2026-09-10T01:37:32Z [66,582ms] [Warning] [omni.physx.tensors.plugin] Incomplete contact data is reported in GpuRigidContactView::getContactData because there are more contact data points than specified maxContactDataCount = 8.
2026-09-10T01:37:32Z [66,586ms] [Warning] [omni.physx.tensors.plugin] Incomplete contact data is reported in GpuRigidContactView::getContactData because there are more contact data points than specified maxContactDataCount = 8.
2026-09-10T01:37:32Z [66,637ms] [Warning] [omni.physx.tensors.plugin] Incomplete contact data is reported in GpuRigidContactView::getContactData because there are more contact data points than specified maxContactDataCount = 8.
2026-09-10T01:37:32Z [66,640ms] [Warning] [omni.physx.tensors.plugin] Incomplete contact data is reported in GpuRigidContactView::getContactData because there are more contact data points than specified maxContactDataCount = 8.
2026-09-10T01:37:32Z [66,644ms] [Warning] [omni.physx.tensors.plugin] Incomplete contact data is reported in GpuRigidContactView::getContactData because there are more contact data points than specified maxContactDataCount = 8.
2026-09-10T01:37:33Z [66,699ms] [Warning] [omni.physx.tensors.plugin] Incomplete contact data is reported in GpuRigidContactView::getContactData because there are more contact data points than specified maxContactDataCount = 8.
2026-09-10T01:37:33Z [66,703ms] [Warning] [omni.physx.tensors.plugin] Incomplete contact data is reported in GpuRigidContactView::getContactData because there are more contact data points than specified maxContactDataCount = 8.
2026-09-10T01:37:33Z [66,707ms] [Warning] [omni.physx.tensors.plugin] Incomplete contact data is reported in GpuRigidContactView::getContactData because there are more contact data points than specified maxContactDataCount = 8.
2026-09-10T01:37:33Z [66,756ms] [Warning] [omni.physx.tensors.plugin] Incomplete contact data is reported in GpuRigidContactView::getContactData because there are more contact data points than specified maxContactDataCount = 8.
2026-09-10T01:37:33Z [66,760ms] [Warning] [omni.physx.tensors.plugin] Incomplete contact data is reported in GpuRigidContactView::getContactData because there are more contact data points than specified maxContactDataCount = 8.
2026-09-10T01:37:33Z [66,763ms] [Warning] [omni.physx.tensors.plugin] Incomplete contact data is reported in GpuRigidContactView::getContactData because there are more contact data points than specified maxContactDataCount = 8.
2026-09-10T01:37:33Z [66,809ms] [Warning] [omni.physx.tensors.plugin] Incomplete contact data is reported in GpuRigidContactView::getContactData because there are more contact data points than specified maxContactDataCount = 8.
2026-09-10T01:37:33Z [66,812ms] [Warning] [omni.physx.tensors.plugin] Incomplete contact data is reported in GpuRigidContactView::getContactData because there are more contact data points than specified maxContactDataCount = 8.
2026-09-10T01:37:33Z [66,816ms] [Warning] [omni.physx.tensors.plugin] Incomplete contact data is reported in GpuRigidContactView::getContactData because there are more contact data points than specified maxContactDataCount = 8.
2026-09-10T01:37:33Z [66,861ms] [Warning] [omni.physx.tensors.plugin] Incomplete contact data is reported in GpuRigidContactView::getContactData because there are more contact data points than specified maxContactDataCount = 8.
2026-09-10T01:37:33Z [66,865ms] [Warning] [omni.physx.tensors.plugin] Incomplete contact data is reported in GpuRigidContactView::getContactData because there are more contact data points than specified maxContactDataCount = 8.
2026-09-10T01:37:33Z [66,868ms] [Warning] [omni.physx.tensors.plugin] Incomplete contact data is reported in GpuRigidContactView::getContactData because there are more contact data points than specified maxContactDataCount = 8.
2026-09-10T01:37:33Z [66,912ms] [Warning] [omni.physx.tensors.plugin] Incomplete contact data is reported in GpuRigidContactView::getContactData because there are more contact data points than specified maxContactDataCount = 8.
2026-09-10T01:37:33Z [66,916ms] [Warning] [omni.physx.tensors.plugin] Incomplete contact data is reported in GpuRigidContactView::getContactData because there are more contact data points than specified maxContactDataCount = 8.
2026-09-10T01:37:33Z [66,919ms] [Warning] [omni.physx.tensors.plugin] Incomplete contact data is reported in GpuRigidContactView::getContactData because there are more contact data points than specified maxContactDataCount = 8.
2026-09-10T01:37:33Z [66,964ms] [Warning] [omni.physx.tensors.plugin] Incomplete contact data is reported in GpuRigidContactView::getContactData because there are more contact data points than specified maxContactDataCount = 8.
2026-09-10T01:37:33Z [66,968ms] [Warning] [omni.physx.tensors.plugin] Incomplete contact data is reported in GpuRigidContactView::getContactData because there are more contact data points than specified maxContactDataCount = 8.
2026-09-10T01:37:33Z [66,971ms] [Warning] [omni.physx.tensors.plugin] Incomplete contact data is reported in GpuRigidContactView::getContactData because there are more contact data points than specified maxContactDataCount = 8.
2026-09-10T01:37:33Z [67,015ms] [Warning] [omni.physx.tensors.plugin] Incomplete contact data is reported in GpuRigidContactView::getContactData because there are more contact data points than specified maxContactDataCount = 8.
2026-09-10T01:37:33Z [67,018ms] [Warning] [omni.physx.tensors.plugin] Incomplete contact data is reported in GpuRigidContactView::getContactData because there are more contact data points than specified maxContactDataCount = 8.
2026-09-10T01:37:33Z [67,022ms] [Warning] [omni.physx.tensors.plugin] Incomplete contact data is reported in GpuRigidContactView::getContactData because there are more contact data points than specified maxContactDataCount = 8.
2026-09-10T01:37:33Z [67,067ms] [Warning] [omni.physx.tensors.plugin] Incomplete contact data is reported in GpuRigidContactView::getContactData because there are more contact data points than specified maxContactDataCount = 8.
2026-09-10T01:37:33Z [67,071ms] [Warning] [omni.physx.tensors.plugin] Incomplete contact data is reported in GpuRigidContactView::getContactData because there are more contact data points than specified maxContactDataCount = 8.
2026-09-10T01:37:33Z [67,074ms] [Warning] [omni.physx.tensors.plugin] Incomplete contact data is reported in GpuRigidContactView::getContactData because there are more contact data points than specified maxContactDataCount = 8.
2026-09-10T01:37:33Z [67,120ms] [Warning] [omni.physx.tensors.plugin] Incomplete contact data is reported in GpuRigidContactView::getContactData because there are more contact data points than specified maxContactDataCount = 8.
2026-09-10T01:37:33Z [67,123ms] [Warning] [omni.physx.tensors.plugin] Incomplete contact data is reported in GpuRigidContactView::getContactData because there are more contact data points than specified maxContactDataCount = 8.
2026-09-10T01:37:33Z [67,126ms] [Warning] [omni.physx.tensors.plugin] Incomplete contact data is reported in GpuRigidContactView::getContactData because there are more contact data points than specified maxContactDataCount = 8.
2026-09-10T01:37:33Z [67,171ms] [Warning] [omni.physx.tensors.plugin] Incomplete contact data is reported in GpuRigidContactView::getContactData because there are more contact data points than specified maxContactDataCount = 8.
2026-09-10T01:37:33Z [67,175ms] [Warning] [omni.physx.tensors.plugin] Incomplete contact data is reported in GpuRigidContactView::getContactData because there are more contact data points than specified maxContactDataCount = 8.
2026-09-10T01:37:33Z [67,178ms] [Warning] [omni.physx.tensors.plugin] Incomplete contact data is reported in GpuRigidContactView::getContactData because there are more contact data points than specified maxContactDataCount = 8.
2026-09-10T01:37:33Z [67,223ms] [Warning] [omni.physx.tensors.plugin] Incomplete contact data is reported in GpuRigidContactView::getContactData because there are more contact data points than specified maxContactDataCount = 8.
2026-09-10T01:37:33Z [67,227ms] [Warning] [omni.physx.tensors.plugin] Incomplete contact data is reported in GpuRigidContactView::getContactData because there are more contact data points than specified maxContactDataCount = 8.
2026-09-10T01:37:33Z [67,230ms] [Warning] [omni.physx.tensors.plugin] Incomplete contact data is reported in GpuRigidContactView::getContactData because there are more contact data points than specified maxContactDataCount = 8.
2026-09-10T01:37:33Z [67,274ms] [Warning] [omni.physx.tensors.plugin] Incomplete contact data is reported in GpuRigidContactView::getContactData because there are more contact data points than specified maxContactDataCount = 8.
2026-09-10T01:37:33Z [67,278ms] [Warning] [omni.physx.tensors.plugin] Incomplete contact data is reported in GpuRigidContactView::getContactData because there are more contact data points than specified maxContactDataCount = 8.
2026-09-10T01:37:33Z [67,281ms] [Warning] [omni.physx.tensors.plugin] Incomplete contact data is reported in GpuRigidContactView::getContactData because there are more contact data points than specified maxContactDataCount = 8.
2026-09-10T01:37:33Z [67,327ms] [Warning] [omni.physx.tensors.plugin] Incomplete contact data is reported in GpuRigidContactView::getContactData because there are more contact data points than specified maxContactDataCount = 8.
2026-09-10T01:37:33Z [67,331ms] [Warning] [omni.physx.tensors.plugin] Incomplete contact data is reported in GpuRigidContactView::getContactData because there are more contact data points than specified maxContactDataCount = 8.
2026-09-10T01:37:33Z [67,335ms] [Warning] [omni.physx.tensors.plugin] Incomplete contact data is reported in GpuRigidContactView::getContactData because there are more contact data points than specified maxContactDataCount = 8.
2026-09-10T01:37:33Z [67,379ms] [Warning] [omni.physx.tensors.plugin] Incomplete contact data is reported in GpuRigidContactView::getContactData because there are more contact data points than specified maxContactDataCount = 8.
2026-09-10T01:37:33Z [67,383ms] [Warning] [omni.physx.tensors.plugin] Incomplete contact data is reported in GpuRigidContactView::getContactData because there are more contact data points than specified maxContactDataCount = 8.
2026-09-10T01:37:33Z [67,386ms] [Warning] [omni.physx.tensors.plugin] Incomplete contact data is reported in GpuRigidContactView::getContactData because there are more contact data points than specified maxContactDataCount = 8.
2026-09-10T01:37:33Z [67,433ms] [Warning] [omni.physx.tensors.plugin] Incomplete contact data is reported in GpuRigidContactView::getContactData because there are more contact data points than specified maxContactDataCount = 8.
2026-09-10T01:37:33Z [67,436ms] [Warning] [omni.physx.tensors.plugin] Incomplete contact data is reported in GpuRigidContactView::getContactData because there are more contact data points than specified maxContactDataCount = 8.
2026-09-10T01:37:33Z [67,440ms] [Warning] [omni.physx.tensors.plugin] Incomplete contact data is reported in GpuRigidContactView::getContactData because there are more contact data points than specified maxContactDataCount = 8.
2026-09-10T01:37:33Z [67,486ms] [Warning] [omni.physx.tensors.plugin] Incomplete contact data is reported in GpuRigidContactView::getContactData because there are more contact data points than specified maxContactDataCount = 8.
2026-09-10T01:37:33Z [67,490ms] [Warning] [omni.physx.tensors.plugin] Incomplete contact data is reported in GpuRigidContactView::getContactData because there are more contact data points than specified maxContactDataCount = 8.
2026-09-10T01:37:33Z [67,493ms] [Warning] [omni.physx.tensors.plugin] Incomplete contact data is reported in GpuRigidContactView::getContactData because there are more contact data points than specified maxContactDataCount = 8.
2026-09-10T01:37:33Z [67,543ms] [Warning] [omni.physx.tensors.plugin] Incomplete contact data is reported in GpuRigidContactView::getContactData because there are more contact data points than specified maxContactDataCount = 8.
2026-09-10T01:37:33Z [67,547ms] [Warning] [omni.physx.tensors.plugin] Incomplete contact data is reported in GpuRigidContactView::getContactData because there are more contact data points than specified maxContactDataCount = 8.
2026-09-10T01:37:33Z [67,550ms] [Warning] [omni.physx.tensors.plugin] Incomplete contact data is reported in GpuRigidContactView::getContactData because there are more contact data points than specified maxContactDataCount = 8.
2026-09-10T01:37:33Z [67,598ms] [Warning] [omni.physx.tensors.plugin] Incomplete contact data is reported in GpuRigidContactView::getContactData because there are more contact data points than specified maxContactDataCount = 8.
2026-09-10T01:37:33Z [67,601ms] [Warning] [omni.physx.tensors.plugin] Incomplete contact data is reported in GpuRigidContactView::getContactData because there are more contact data points than specified maxContactDataCount = 8.
2026-09-10T01:37:33Z [67,605ms] [Warning] [omni.physx.tensors.plugin] Incomplete contact data is reported in GpuRigidContactView::getContactData because there are more contact data points than specified maxContactDataCount = 8.
2026-09-10T01:37:33Z [67,650ms] [Warning] [omni.physx.tensors.plugin] Incomplete contact data is reported in GpuRigidContactView::getContactData because there are more contact data points than specified maxContactDataCount = 8.
2026-09-10T01:37:33Z [67,654ms] [Warning] [omni.physx.tensors.plugin] Incomplete contact data is reported in GpuRigidContactView::getContactData because there are more contact data points than specified maxContactDataCount = 8.
2026-09-10T01:37:33Z [67,657ms] [Warning] [omni.physx.tensors.plugin] Incomplete contact data is reported in GpuRigidContactView::getContactData because there are more contact data points than specified maxContactDataCount = 8.
2026-09-10T01:37:34Z [67,704ms] [Warning] [omni.physx.tensors.plugin] Incomplete contact data is reported in GpuRigidContactView::getContactData because there are more contact data points than specified maxContactDataCount = 8.
2026-09-10T01:37:34Z [67,708ms] [Warning] [omni.physx.tensors.plugin] Incomplete contact data is reported in GpuRigidContactView::getContactData because there are more contact data points than specified maxContactDataCount = 8.
2026-09-10T01:37:34Z [67,711ms] [Warning] [omni.physx.tensors.plugin] Incomplete contact data is reported in GpuRigidContactView::getContactData because there are more contact data points than specified maxContactDataCount = 8.
2026-09-10T01:37:34Z [67,757ms] [Warning] [omni.physx.tensors.plugin] Incomplete contact data is reported in GpuRigidContactView::getContactData because there are more contact data points than specified maxContactDataCount = 8.
2026-09-10T01:37:34Z [67,760ms] [Warning] [omni.physx.tensors.plugin] Incomplete contact data is reported in GpuRigidContactView::getContactData because there are more contact data points than specified maxContactDataCount = 8.
2026-09-10T01:37:34Z [67,764ms] [Warning] [omni.physx.tensors.plugin] Incomplete contact data is reported in GpuRigidContactView::getContactData because there are more contact data points than specified maxContactDataCount = 8.
2026-09-10T01:37:34Z [67,813ms] [Warning] [omni.physx.tensors.plugin] Incomplete contact data is reported in GpuRigidContactView::getContactData because there are more contact data points than specified maxContactDataCount = 8.
2026-09-10T01:37:34Z [67,816ms] [Warning] [omni.physx.tensors.plugin] Incomplete contact data is reported in GpuRigidContactView::getContactData because there are more contact data points than specified maxContactDataCount = 8.
2026-09-10T01:37:34Z [67,819ms] [Warning] [omni.physx.tensors.plugin] Incomplete contact data is reported in GpuRigidContactView::getContactData because there are more contact data points than specified maxContactDataCount = 8.
2026-09-10T01:37:34Z [67,868ms] [Warning] [omni.physx.tensors.plugin] Incomplete contact data is reported in GpuRigidContactView::getContactData because there are more contact data points than specified maxContactDataCount = 8.
2026-09-10T01:37:34Z [67,871ms] [Warning] [omni.physx.tensors.plugin] Incomplete contact data is reported in GpuRigidContactView::getContactData because there are more contact data points than specified maxContactDataCount = 8.
2026-09-10T01:37:34Z [67,875ms] [Warning] [omni.physx.tensors.plugin] Incomplete contact data is reported in GpuRigidContactView::getContactData because there are more contact data points than specified maxContactDataCount = 8.
2026-09-10T01:37:34Z [67,924ms] [Warning] [omni.physx.tensors.plugin] Incomplete contact data is reported in GpuRigidContactView::getContactData because there are more contact data points than specified maxContactDataCount = 8.
2026-09-10T01:37:34Z [67,928ms] [Warning] [omni.physx.tensors.plugin] Incomplete contact data is reported in GpuRigidContactView::getContactData because there are more contact data points than specified maxContactDataCount = 8.
2026-09-10T01:37:34Z [67,931ms] [Warning] [omni.physx.tensors.plugin] Incomplete contact data is reported in GpuRigidContactView::getContactData because there are more contact data points than specified maxContactDataCount = 8.
2026-09-10T01:37:34Z [67,980ms] [Warning] [omni.physx.tensors.plugin] Incomplete contact data is reported in GpuRigidContactView::getContactData because there are more contact data points than specified maxContactDataCount = 8.
2026-09-10T01:37:34Z [67,984ms] [Warning] [omni.physx.tensors.plugin] Incomplete contact data is reported in GpuRigidContactView::getContactData because there are more contact data points than specified maxContactDataCount = 8.
2026-09-10T01:37:34Z [67,987ms] [Warning] [omni.physx.tensors.plugin] Incomplete contact data is reported in GpuRigidContactView::getContactData because there are more contact data points than specified maxContactDataCount = 8.
2026-09-10T01:37:34Z [68,034ms] [Warning] [omni.physx.tensors.plugin] Incomplete contact data is reported in GpuRigidContactView::getContactData because there are more contact data points than specified maxContactDataCount = 8.
2026-09-10T01:37:34Z [68,037ms] [Warning] [omni.physx.tensors.plugin] Incomplete contact data is reported in GpuRigidContactView::getContactData because there are more contact data points than specified maxContactDataCount = 8.
2026-09-10T01:37:34Z [68,041ms] [Warning] [omni.physx.tensors.plugin] Incomplete contact data is reported in GpuRigidContactView::getContactData because there are more contact data points than specified maxContactDataCount = 8.
2026-09-10T01:37:34Z [68,085ms] [Warning] [omni.physx.tensors.plugin] Incomplete contact data is reported in GpuRigidContactView::getContactData because there are more contact data points than specified maxContactDataCount = 8.
2026-09-10T01:37:34Z [68,089ms] [Warning] [omni.physx.tensors.plugin] Incomplete contact data is reported in GpuRigidContactView::getContactData because there are more contact data points than specified maxContactDataCount = 8.
2026-09-10T01:37:34Z [68,092ms] [Warning] [omni.physx.tensors.plugin] Incomplete contact data is reported in GpuRigidContactView::getContactData because there are more contact data points than specified maxContactDataCount = 8.
2026-09-10T01:37:34Z [68,138ms] [Warning] [omni.physx.tensors.plugin] Incomplete contact data is reported in GpuRigidContactView::getContactData because there are more contact data points than specified maxContactDataCount = 8.
2026-09-10T01:37:34Z [68,141ms] [Warning] [omni.physx.tensors.plugin] Incomplete contact data is reported in GpuRigidContactView::getContactData because there are more contact data points than specified maxContactDataCount = 8.
2026-09-10T01:37:34Z [68,145ms] [Warning] [omni.physx.tensors.plugin] Incomplete contact data is reported in GpuRigidContactView::getContactData because there are more contact data points than specified maxContactDataCount = 8.
2026-09-10T01:37:34Z [68,198ms] [Warning] [omni.physx.tensors.plugin] Incomplete contact data is reported in GpuRigidContactView::getContactData because there are more contact data points than specified maxContactDataCount = 8.
2026-09-10T01:37:34Z [68,202ms] [Warning] [omni.physx.tensors.plugin] Incomplete contact data is reported in GpuRigidContactView::getContactData because there are more contact data points than specified maxContactDataCount = 8.
2026-09-10T01:37:34Z [68,205ms] [Warning] [omni.physx.tensors.plugin] Incomplete contact data is reported in GpuRigidContactView::getContactData because there are more contact data points than specified maxContactDataCount = 8.
2026-09-10T01:37:34Z [68,253ms] [Warning] [omni.physx.tensors.plugin] Incomplete contact data is reported in GpuRigidContactView::getContactData because there are more contact data points than specified maxContactDataCount = 8.
2026-09-10T01:37:34Z [68,257ms] [Warning] [omni.physx.tensors.plugin] Incomplete contact data is reported in GpuRigidContactView::getContactData because there are more contact data points than specified maxContactDataCount = 8.
2026-09-10T01:37:34Z [68,260ms] [Warning] [omni.physx.tensors.plugin] Incomplete contact data is reported in GpuRigidContactView::getContactData because there are more contact data points than specified maxContactDataCount = 8.
2026-09-10T01:37:34Z [68,307ms] [Warning] [omni.physx.tensors.plugin] Incomplete contact data is reported in GpuRigidContactView::getContactData because there are more contact data points than specified maxContactDataCount = 8.
2026-09-10T01:37:34Z [68,311ms] [Warning] [omni.physx.tensors.plugin] Incomplete contact data is reported in GpuRigidContactView::getContactData because there are more contact data points than specified maxContactDataCount = 8.
2026-09-10T01:37:34Z [68,315ms] [Warning] [omni.physx.tensors.plugin] Incomplete contact data is reported in GpuRigidContactView::getContactData because there are more contact data points than specified maxContactDataCount = 8.
2026-09-10T01:37:34Z [68,360ms] [Warning] [omni.physx.tensors.plugin] Incomplete contact data is reported in GpuRigidContactView::getContactData because there are more contact data points than specified maxContactDataCount = 8.
2026-09-10T01:37:34Z [68,364ms] [Warning] [omni.physx.tensors.plugin] Incomplete contact data is reported in GpuRigidContactView::getContactData because there are more contact data points than specified maxContactDataCount = 8.
2026-09-10T01:37:34Z [68,367ms] [Warning] [omni.physx.tensors.plugin] Incomplete contact data is reported in GpuRigidContactView::getContactData because there are more contact data points than specified maxContactDataCount = 8.
2026-09-10T01:37:34Z [68,417ms] [Warning] [omni.physx.tensors.plugin] Incomplete contact data is reported in GpuRigidContactView::getContactData because there are more contact data points than specified maxContactDataCount = 8.
2026-09-10T01:37:34Z [68,420ms] [Warning] [omni.physx.tensors.plugin] Incomplete contact data is reported in GpuRigidContactView::getContactData because there are more contact data points than specified maxContactDataCount = 8.
2026-09-10T01:37:34Z [68,424ms] [Warning] [omni.physx.tensors.plugin] Incomplete contact data is reported in GpuRigidContactView::getContactData because there are more contact data points than specified maxContactDataCount = 8.
2026-09-10T01:37:34Z [68,473ms] [Warning] [omni.physx.tensors.plugin] Incomplete contact data is reported in GpuRigidContactView::getContactData because there are more contact data points than specified maxContactDataCount = 8.
2026-09-10T01:37:34Z [68,477ms] [Warning] [omni.physx.tensors.plugin] Incomplete contact data is reported in GpuRigidContactView::getContactData because there are more contact data points than specified maxContactDataCount = 8.
2026-09-10T01:37:34Z [68,480ms] [Warning] [omni.physx.tensors.plugin] Incomplete contact data is reported in GpuRigidContactView::getContactData because there are more contact data points than specified maxContactDataCount = 8.
2026-09-10T01:37:34Z [68,529ms] [Warning] [omni.physx.tensors.plugin] Incomplete contact data is reported in GpuRigidContactView::getContactData because there are more contact data points than specified maxContactDataCount = 8.
2026-09-10T01:37:34Z [68,532ms] [Warning] [omni.physx.tensors.plugin] Incomplete contact data is reported in GpuRigidContactView::getContactData because there are more contact data points than specified maxContactDataCount = 8.
2026-09-10T01:37:34Z [68,535ms] [Warning] [omni.physx.tensors.plugin] Incomplete contact data is reported in GpuRigidContactView::getContactData because there are more contact data points than specified maxContactDataCount = 8.
2026-09-10T01:37:34Z [68,585ms] [Warning] [omni.physx.tensors.plugin] Incomplete contact data is reported in GpuRigidContactView::getContactData because there are more contact data points than specified maxContactDataCount = 8.
2026-09-10T01:37:34Z [68,588ms] [Warning] [omni.physx.tensors.plugin] Incomplete contact data is reported in GpuRigidContactView::getContactData because there are more contact data points than specified maxContactDataCount = 8.
2026-09-10T01:37:34Z [68,592ms] [Warning] [omni.physx.tensors.plugin] Incomplete contact data is reported in GpuRigidContactView::getContactData because there are more contact data points than specified maxContactDataCount = 8.
2026-09-10T01:37:34Z [68,639ms] [Warning] [omni.physx.tensors.plugin] Incomplete contact data is reported in GpuRigidContactView::getContactData because there are more contact data points than specified maxContactDataCount = 8.
2026-09-10T01:37:34Z [68,642ms] [Warning] [omni.physx.tensors.plugin] Incomplete contact data is reported in GpuRigidContactView::getContactData because there are more contact data points than specified maxContactDataCount = 8.
2026-09-10T01:37:34Z [68,646ms] [Warning] [omni.physx.tensors.plugin] Incomplete contact data is reported in GpuRigidContactView::getContactData because there are more contact data points than specified maxContactDataCount = 8.
2026-09-10T01:37:35Z [68,693ms] [Warning] [omni.physx.tensors.plugin] Incomplete contact data is reported in GpuRigidContactView::getContactData because there are more contact data points than specified maxContactDataCount = 8.
2026-09-10T01:37:35Z [68,697ms] [Warning] [omni.physx.tensors.plugin] Incomplete contact data is reported in GpuRigidContactView::getContactData because there are more contact data points than specified maxContactDataCount = 8.
2026-09-10T01:37:35Z [68,700ms] [Warning] [omni.physx.tensors.plugin] Incomplete contact data is reported in GpuRigidContactView::getContactData because there are more contact data points than specified maxContactDataCount = 8.
2026-09-10T01:37:35Z [68,749ms] [Warning] [omni.physx.tensors.plugin] Incomplete contact data is reported in GpuRigidContactView::getContactData because there are more contact data points than specified maxContactDataCount = 8.
2026-09-10T01:37:35Z [68,752ms] [Warning] [omni.physx.tensors.plugin] Incomplete contact data is reported in GpuRigidContactView::getContactData because there are more contact data points than specified maxContactDataCount = 8.
2026-09-10T01:37:35Z [68,756ms] [Warning] [omni.physx.tensors.plugin] Incomplete contact data is reported in GpuRigidContactView::getContactData because there are more contact data points than specified maxContactDataCount = 8.
2026-09-10T01:37:35Z [68,801ms] [Warning] [omni.physx.tensors.plugin] Incomplete contact data is reported in GpuRigidContactView::getContactData because there are more contact data points than specified maxContactDataCount = 8.
2026-09-10T01:37:35Z [68,805ms] [Warning] [omni.physx.tensors.plugin] Incomplete contact data is reported in GpuRigidContactView::getContactData because there are more contact data points than specified maxContactDataCount = 8.
2026-09-10T01:37:35Z [68,808ms] [Warning] [omni.physx.tensors.plugin] Incomplete contact data is reported in GpuRigidContactView::getContactData because there are more contact data points than specified maxContactDataCount = 8.
2026-09-10T01:37:35Z [68,852ms] [Warning] [omni.physx.tensors.plugin] Incomplete contact data is reported in GpuRigidContactView::getContactData because there are more contact data points than specified maxContactDataCount = 8.
2026-09-10T01:37:35Z [68,855ms] [Warning] [omni.physx.tensors.plugin] Incomplete contact data is reported in GpuRigidContactView::getContactData because there are more contact data points than specified maxContactDataCount = 8.
2026-09-10T01:37:35Z [68,859ms] [Warning] [omni.physx.tensors.plugin] Incomplete contact data is reported in GpuRigidContactView::getContactData because there are more contact data points than specified maxContactDataCount = 8.
2026-09-10T01:37:35Z [68,898ms] [Warning] [omni.physx.tensors.plugin] Incomplete contact data is reported in GpuRigidContactView::getContactData because there are more contact data points than specified maxContactDataCount = 8.
2026-09-10T01:37:35Z [68,902ms] [Warning] [omni.physx.tensors.plugin] Incomplete contact data is reported in GpuRigidContactView::getContactData because there are more contact data points than specified maxContactDataCount = 8.
2026-09-10T01:37:35Z [68,905ms] [Warning] [omni.physx.tensors.plugin] Incomplete contact data is reported in GpuRigidContactView::getContactData because there are more contact data points than specified maxContactDataCount = 8.
2026-09-10T01:37:35Z [68,947ms] [Warning] [omni.physx.tensors.plugin] Incomplete contact data is reported in GpuRigidContactView::getContactData because there are more contact data points than specified maxContactDataCount = 8.
2026-09-10T01:37:35Z [68,951ms] [Warning] [omni.physx.tensors.plugin] Incomplete contact data is reported in GpuRigidContactView::getContactData because there are more contact data points than specified maxContactDataCount = 8.
2026-09-10T01:37:35Z [68,955ms] [Warning] [omni.physx.tensors.plugin] Incomplete contact data is reported in GpuRigidContactView::getContactData because there are more contact data points than specified maxContactDataCount = 8.
2026-09-10T01:37:35Z [69,000ms] [Warning] [omni.physx.tensors.plugin] Incomplete contact data is reported in GpuRigidContactView::getContactData because there are more contact data points than specified maxContactDataCount = 8.
2026-09-10T01:37:35Z [69,003ms] [Warning] [omni.physx.tensors.plugin] Incomplete contact data is reported in GpuRigidContactView::getContactData because there are more contact data points than specified maxContactDataCount = 8.
2026-09-10T01:37:35Z [69,007ms] [Warning] [omni.physx.tensors.plugin] Incomplete contact data is reported in GpuRigidContactView::getContactData because there are more contact data points than specified maxContactDataCount = 8.
2026-09-10T01:37:35Z [69,053ms] [Warning] [omni.physx.tensors.plugin] Incomplete contact data is reported in GpuRigidContactView::getContactData because there are more contact data points than specified maxContactDataCount = 8.
2026-09-10T01:37:35Z [69,056ms] [Warning] [omni.physx.tensors.plugin] Incomplete contact data is reported in GpuRigidContactView::getContactData because there are more contact data points than specified maxContactDataCount = 8.
2026-09-10T01:37:35Z [69,060ms] [Warning] [omni.physx.tensors.plugin] Incomplete contact data is reported in GpuRigidContactView::getContactData because there are more contact data points than specified maxContactDataCount = 8.
2026-09-10T01:37:35Z [69,106ms] [Warning] [omni.physx.tensors.plugin] Incomplete contact data is reported in GpuRigidContactView::getContactData because there are more contact data points than specified maxContactDataCount = 8.
2026-09-10T01:37:35Z [69,109ms] [Warning] [omni.physx.tensors.plugin] Incomplete contact data is reported in GpuRigidContactView::getContactData because there are more contact data points than specified maxContactDataCount = 8.
2026-09-10T01:37:35Z [69,112ms] [Warning] [omni.physx.tensors.plugin] Incomplete contact data is reported in GpuRigidContactView::getContactData because there are more contact data points than specified maxContactDataCount = 8.
2026-09-10T01:37:35Z [69,160ms] [Warning] [omni.physx.tensors.plugin] Incomplete contact data is reported in GpuRigidContactView::getContactData because there are more contact data points than specified maxContactDataCount = 8.
2026-09-10T01:37:35Z [69,163ms] [Warning] [omni.physx.tensors.plugin] Incomplete contact data is reported in GpuRigidContactView::getContactData because there are more contact data points than specified maxContactDataCount = 8.
2026-09-10T01:37:35Z [69,167ms] [Warning] [omni.physx.tensors.plugin] Incomplete contact data is reported in GpuRigidContactView::getContactData because there are more contact data points than specified maxContactDataCount = 8.
2026-09-10T01:37:35Z [69,212ms] [Warning] [omni.physx.tensors.plugin] Incomplete contact data is reported in GpuRigidContactView::getContactData because there are more contact data points than specified maxContactDataCount = 8.
2026-09-10T01:37:35Z [69,216ms] [Warning] [omni.physx.tensors.plugin] Incomplete contact data is reported in GpuRigidContactView::getContactData because there are more contact data points than specified maxContactDataCount = 8.
2026-09-10T01:37:35Z [69,219ms] [Warning] [omni.physx.tensors.plugin] Incomplete contact data is reported in GpuRigidContactView::getContactData because there are more contact data points than specified maxContactDataCount = 8.
2026-09-10T01:37:35Z [69,270ms] [Warning] [omni.physx.tensors.plugin] Incomplete contact data is reported in GpuRigidContactView::getContactData because there are more contact data points than specified maxContactDataCount = 8.
2026-09-10T01:37:35Z [69,280ms] [Warning] [omni.physx.tensors.plugin] Incomplete contact data is reported in GpuRigidContactView::getContactData because there are more contact data points than specified maxContactDataCount = 8.
2026-09-10T01:37:35Z [69,291ms] [Warning] [omni.physx.tensors.plugin] Incomplete contact data is reported in GpuRigidContactView::getContactData because there are more contact data points than specified maxContactDataCount = 8.
2026-09-10T01:37:35Z [69,348ms] [Warning] [omni.physx.tensors.plugin] Incomplete contact data is reported in GpuRigidContactView::getContactData because there are more contact data points than specified maxContactDataCount = 8.
2026-09-10T01:37:35Z [69,359ms] [Warning] [omni.physx.tensors.plugin] Incomplete contact data is reported in GpuRigidContactView::getContactData because there are more contact data points than specified maxContactDataCount = 8.
2026-09-10T01:37:35Z [69,370ms] [Warning] [omni.physx.tensors.plugin] Incomplete contact data is reported in GpuRigidContactView::getContactData because there are more contact data points than specified maxContactDataCount = 8.
2026-09-10T01:37:35Z [69,419ms] [Warning] [omni.physx.tensors.plugin] Incomplete contact data is reported in GpuRigidContactView::getContactData because there are more contact data points than specified maxContactDataCount = 8.
2026-09-10T01:37:35Z [69,423ms] [Warning] [omni.physx.tensors.plugin] Incomplete contact data is reported in GpuRigidContactView::getContactData because there are more contact data points than specified maxContactDataCount = 8.
2026-09-10T01:37:35Z [69,426ms] [Warning] [omni.physx.tensors.plugin] Incomplete contact data is reported in GpuRigidContactView::getContactData because there are more contact data points than specified maxContactDataCount = 8.
2026-09-10T01:37:35Z [69,476ms] [Warning] [omni.physx.tensors.plugin] Incomplete contact data is reported in GpuRigidContactView::getContactData because there are more contact data points than specified maxContactDataCount = 8.
2026-09-10T01:37:35Z [69,480ms] [Warning] [omni.physx.tensors.plugin] Incomplete contact data is reported in GpuRigidContactView::getContactData because there are more contact data points than specified maxContactDataCount = 8.
2026-09-10T01:37:35Z [69,483ms] [Warning] [omni.physx.tensors.plugin] Incomplete contact data is reported in GpuRigidContactView::getContactData because there are more contact data points than specified maxContactDataCount = 8.
TERRAIN_STAND train_ramp_1103 900/1000
2026-09-10T01:37:35Z [69,531ms] [Warning] [omni.physx.tensors.plugin] Incomplete contact data is reported in GpuRigidContactView::getContactData because there are more contact data points than specified maxContactDataCount = 8.
2026-09-10T01:37:35Z [69,535ms] [Warning] [omni.physx.tensors.plugin] Incomplete contact data is reported in GpuRigidContactView::getContactData because there are more contact data points than specified maxContactDataCount = 8.
2026-09-10T01:37:35Z [69,538ms] [Warning] [omni.physx.tensors.plugin] Incomplete contact data is reported in GpuRigidContactView::getContactData because there are more contact data points than specified maxContactDataCount = 8.
2026-09-10T01:37:35Z [69,581ms] [Warning] [omni.physx.tensors.plugin] Incomplete contact data is reported in GpuRigidContactView::getContactData because there are more contact data points than specified maxContactDataCount = 8.
2026-09-10T01:37:35Z [69,585ms] [Warning] [omni.physx.tensors.plugin] Incomplete contact data is reported in GpuRigidContactView::getContactData because there are more contact data points than specified maxContactDataCount = 8.
2026-09-10T01:37:35Z [69,588ms] [Warning] [omni.physx.tensors.plugin] Incomplete contact data is reported in GpuRigidContactView::getContactData because there are more contact data points than specified maxContactDataCount = 8.
2026-09-10T01:37:35Z [69,630ms] [Warning] [omni.physx.tensors.plugin] Incomplete contact data is reported in GpuRigidContactView::getContactData because there are more contact data points than specified maxContactDataCount = 8.
2026-09-10T01:37:35Z [69,633ms] [Warning] [omni.physx.tensors.plugin] Incomplete contact data is reported in GpuRigidContactView::getContactData because there are more contact data points than specified maxContactDataCount = 8.
2026-09-10T01:37:35Z [69,637ms] [Warning] [omni.physx.tensors.plugin] Incomplete contact data is reported in GpuRigidContactView::getContactData because there are more contact data points than specified maxContactDataCount = 8.
2026-09-10T01:37:35Z [69,680ms] [Warning] [omni.physx.tensors.plugin] Incomplete contact data is reported in GpuRigidContactView::getContactData because there are more contact data points than specified maxContactDataCount = 8.
2026-09-10T01:37:36Z [69,684ms] [Warning] [omni.physx.tensors.plugin] Incomplete contact data is reported in GpuRigidContactView::getContactData because there are more contact data points than specified maxContactDataCount = 8.
2026-09-10T01:37:36Z [69,687ms] [Warning] [omni.physx.tensors.plugin] Incomplete contact data is reported in GpuRigidContactView::getContactData because there are more contact data points than specified maxContactDataCount = 8.
2026-09-10T01:37:36Z [69,731ms] [Warning] [omni.physx.tensors.plugin] Incomplete contact data is reported in GpuRigidContactView::getContactData because there are more contact data points than specified maxContactDataCount = 8.
2026-09-10T01:37:36Z [69,735ms] [Warning] [omni.physx.tensors.plugin] Incomplete contact data is reported in GpuRigidContactView::getContactData because there are more contact data points than specified maxContactDataCount = 8.
2026-09-10T01:37:36Z [69,738ms] [Warning] [omni.physx.tensors.plugin] Incomplete contact data is reported in GpuRigidContactView::getContactData because there are more contact data points than specified maxContactDataCount = 8.
2026-09-10T01:37:36Z [69,782ms] [Warning] [omni.physx.tensors.plugin] Incomplete contact data is reported in GpuRigidContactView::getContactData because there are more contact data points than specified maxContactDataCount = 8.
2026-09-10T01:37:36Z [69,786ms] [Warning] [omni.physx.tensors.plugin] Incomplete contact data is reported in GpuRigidContactView::getContactData because there are more contact data points than specified maxContactDataCount = 8.
2026-09-10T01:37:36Z [69,789ms] [Warning] [omni.physx.tensors.plugin] Incomplete contact data is reported in GpuRigidContactView::getContactData because there are more contact data points than specified maxContactDataCount = 8.
2026-09-10T01:37:36Z [69,832ms] [Warning] [omni.physx.tensors.plugin] Incomplete contact data is reported in GpuRigidContactView::getContactData because there are more contact data points than specified maxContactDataCount = 8.
2026-09-10T01:37:36Z [69,835ms] [Warning] [omni.physx.tensors.plugin] Incomplete contact data is reported in GpuRigidContactView::getContactData because there are more contact data points than specified maxContactDataCount = 8.
2026-09-10T01:37:36Z [69,839ms] [Warning] [omni.physx.tensors.plugin] Incomplete contact data is reported in GpuRigidContactView::getContactData because there are more contact data points than specified maxContactDataCount = 8.
2026-09-10T01:37:36Z [69,883ms] [Warning] [omni.physx.tensors.plugin] Incomplete contact data is reported in GpuRigidContactView::getContactData because there are more contact data points than specified maxContactDataCount = 8.
2026-09-10T01:37:36Z [69,886ms] [Warning] [omni.physx.tensors.plugin] Incomplete contact data is reported in GpuRigidContactView::getContactData because there are more contact data points than specified maxContactDataCount = 8.
2026-09-10T01:37:36Z [69,889ms] [Warning] [omni.physx.tensors.plugin] Incomplete contact data is reported in GpuRigidContactView::getContactData because there are more contact data points than specified maxContactDataCount = 8.
2026-09-10T01:37:36Z [69,933ms] [Warning] [omni.physx.tensors.plugin] Incomplete contact data is reported in GpuRigidContactView::getContactData because there are more contact data points than specified maxContactDataCount = 8.
2026-09-10T01:37:36Z [69,937ms] [Warning] [omni.physx.tensors.plugin] Incomplete contact data is reported in GpuRigidContactView::getContactData because there are more contact data points than specified maxContactDataCount = 8.
2026-09-10T01:37:36Z [69,940ms] [Warning] [omni.physx.tensors.plugin] Incomplete contact data is reported in GpuRigidContactView::getContactData because there are more contact data points than specified maxContactDataCount = 8.
2026-09-10T01:37:36Z [69,984ms] [Warning] [omni.physx.tensors.plugin] Incomplete contact data is reported in GpuRigidContactView::getContactData because there are more contact data points than specified maxContactDataCount = 8.
2026-09-10T01:37:36Z [69,987ms] [Warning] [omni.physx.tensors.plugin] Incomplete contact data is reported in GpuRigidContactView::getContactData because there are more contact data points than specified maxContactDataCount = 8.
2026-09-10T01:37:36Z [69,991ms] [Warning] [omni.physx.tensors.plugin] Incomplete contact data is reported in GpuRigidContactView::getContactData because there are more contact data points than specified maxContactDataCount = 8.
2026-09-10T01:37:36Z [70,033ms] [Warning] [omni.physx.tensors.plugin] Incomplete contact data is reported in GpuRigidContactView::getContactData because there are more contact data points than specified maxContactDataCount = 8.
2026-09-10T01:37:36Z [70,037ms] [Warning] [omni.physx.tensors.plugin] Incomplete contact data is reported in GpuRigidContactView::getContactData because there are more contact data points than specified maxContactDataCount = 8.
2026-09-10T01:37:36Z [70,040ms] [Warning] [omni.physx.tensors.plugin] Incomplete contact data is reported in GpuRigidContactView::getContactData because there are more contact data points than specified maxContactDataCount = 8.
2026-09-10T01:37:36Z [70,084ms] [Warning] [omni.physx.tensors.plugin] Incomplete contact data is reported in GpuRigidContactView::getContactData because there are more contact data points than specified maxContactDataCount = 8.
2026-09-10T01:37:36Z [70,088ms] [Warning] [omni.physx.tensors.plugin] Incomplete contact data is reported in GpuRigidContactView::getContactData because there are more contact data points than specified maxContactDataCount = 8.
2026-09-10T01:37:36Z [70,091ms] [Warning] [omni.physx.tensors.plugin] Incomplete contact data is reported in GpuRigidContactView::getContactData because there are more contact data points than specified maxContactDataCount = 8.
2026-09-10T01:37:36Z [70,132ms] [Warning] [omni.physx.tensors.plugin] Incomplete contact data is reported in GpuRigidContactView::getContactData because there are more contact data points than specified maxContactDataCount = 8.
2026-09-10T01:37:36Z [70,136ms] [Warning] [omni.physx.tensors.plugin] Incomplete contact data is reported in GpuRigidContactView::getContactData because there are more contact data points than specified maxContactDataCount = 8.
2026-09-10T01:37:36Z [70,139ms] [Warning] [omni.physx.tensors.plugin] Incomplete contact data is reported in GpuRigidContactView::getContactData because there are more contact data points than specified maxContactDataCount = 8.
2026-09-10T01:37:36Z [70,179ms] [Warning] [omni.physx.tensors.plugin] Incomplete contact data is reported in GpuRigidContactView::getContactData because there are more contact data points than specified maxContactDataCount = 8.
2026-09-10T01:37:36Z [70,183ms] [Warning] [omni.physx.tensors.plugin] Incomplete contact data is reported in GpuRigidContactView::getContactData because there are more contact data points than specified maxContactDataCount = 8.
2026-09-10T01:37:36Z [70,186ms] [Warning] [omni.physx.tensors.plugin] Incomplete contact data is reported in GpuRigidContactView::getContactData because there are more contact data points than specified maxContactDataCount = 8.
2026-09-10T01:37:36Z [70,230ms] [Warning] [omni.physx.tensors.plugin] Incomplete contact data is reported in GpuRigidContactView::getContactData because there are more contact data points than specified maxContactDataCount = 8.
2026-09-10T01:37:36Z [70,233ms] [Warning] [omni.physx.tensors.plugin] Incomplete contact data is reported in GpuRigidContactView::getContactData because there are more contact data points than specified maxContactDataCount = 8.
2026-09-10T01:37:36Z [70,237ms] [Warning] [omni.physx.tensors.plugin] Incomplete contact data is reported in GpuRigidContactView::getContactData because there are more contact data points than specified maxContactDataCount = 8.
2026-09-10T01:37:36Z [70,280ms] [Warning] [omni.physx.tensors.plugin] Incomplete contact data is reported in GpuRigidContactView::getContactData because there are more contact data points than specified maxContactDataCount = 8.
2026-09-10T01:37:36Z [70,284ms] [Warning] [omni.physx.tensors.plugin] Incomplete contact data is reported in GpuRigidContactView::getContactData because there are more contact data points than specified maxContactDataCount = 8.
2026-09-10T01:37:36Z [70,287ms] [Warning] [omni.physx.tensors.plugin] Incomplete contact data is reported in GpuRigidContactView::getContactData because there are more contact data points than specified maxContactDataCount = 8.
2026-09-10T01:37:36Z [70,332ms] [Warning] [omni.physx.tensors.plugin] Incomplete contact data is reported in GpuRigidContactView::getContactData because there are more contact data points than specified maxContactDataCount = 8.
2026-09-10T01:37:36Z [70,335ms] [Warning] [omni.physx.tensors.plugin] Incomplete contact data is reported in GpuRigidContactView::getContactData because there are more contact data points than specified maxContactDataCount = 8.
2026-09-10T01:37:36Z [70,339ms] [Warning] [omni.physx.tensors.plugin] Incomplete contact data is reported in GpuRigidContactView::getContactData because there are more contact data points than specified maxContactDataCount = 8.
2026-09-10T01:37:36Z [70,381ms] [Warning] [omni.physx.tensors.plugin] Incomplete contact data is reported in GpuRigidContactView::getContactData because there are more contact data points than specified maxContactDataCount = 8.
2026-09-10T01:37:36Z [70,384ms] [Warning] [omni.physx.tensors.plugin] Incomplete contact data is reported in GpuRigidContactView::getContactData because there are more contact data points than specified maxContactDataCount = 8.
2026-09-10T01:37:36Z [70,388ms] [Warning] [omni.physx.tensors.plugin] Incomplete contact data is reported in GpuRigidContactView::getContactData because there are more contact data points than specified maxContactDataCount = 8.
2026-09-10T01:37:36Z [70,430ms] [Warning] [omni.physx.tensors.plugin] Incomplete contact data is reported in GpuRigidContactView::getContactData because there are more contact data points than specified maxContactDataCount = 8.
2026-09-10T01:37:36Z [70,434ms] [Warning] [omni.physx.tensors.plugin] Incomplete contact data is reported in GpuRigidContactView::getContactData because there are more contact data points than specified maxContactDataCount = 8.
2026-09-10T01:37:36Z [70,437ms] [Warning] [omni.physx.tensors.plugin] Incomplete contact data is reported in GpuRigidContactView::getContactData because there are more contact data points than specified maxContactDataCount = 8.
2026-09-10T01:37:36Z [70,479ms] [Warning] [omni.physx.tensors.plugin] Incomplete contact data is reported in GpuRigidContactView::getContactData because there are more contact data points than specified maxContactDataCount = 8.
2026-09-10T01:37:36Z [70,482ms] [Warning] [omni.physx.tensors.plugin] Incomplete contact data is reported in GpuRigidContactView::getContactData because there are more contact data points than specified maxContactDataCount = 8.
2026-09-10T01:37:36Z [70,485ms] [Warning] [omni.physx.tensors.plugin] Incomplete contact data is reported in GpuRigidContactView::getContactData because there are more contact data points than specified maxContactDataCount = 8.
2026-09-10T01:37:36Z [70,532ms] [Warning] [omni.physx.tensors.plugin] Incomplete contact data is reported in GpuRigidContactView::getContactData because there are more contact data points than specified maxContactDataCount = 8.
2026-09-10T01:37:36Z [70,535ms] [Warning] [omni.physx.tensors.plugin] Incomplete contact data is reported in GpuRigidContactView::getContactData because there are more contact data points than specified maxContactDataCount = 8.
2026-09-10T01:37:36Z [70,538ms] [Warning] [omni.physx.tensors.plugin] Incomplete contact data is reported in GpuRigidContactView::getContactData because there are more contact data points than specified maxContactDataCount = 8.
2026-09-10T01:37:36Z [70,585ms] [Warning] [omni.physx.tensors.plugin] Incomplete contact data is reported in GpuRigidContactView::getContactData because there are more contact data points than specified maxContactDataCount = 8.
2026-09-10T01:37:36Z [70,589ms] [Warning] [omni.physx.tensors.plugin] Incomplete contact data is reported in GpuRigidContactView::getContactData because there are more contact data points than specified maxContactDataCount = 8.
2026-09-10T01:37:36Z [70,592ms] [Warning] [omni.physx.tensors.plugin] Incomplete contact data is reported in GpuRigidContactView::getContactData because there are more contact data points than specified maxContactDataCount = 8.
2026-09-10T01:37:36Z [70,641ms] [Warning] [omni.physx.tensors.plugin] Incomplete contact data is reported in GpuRigidContactView::getContactData because there are more contact data points than specified maxContactDataCount = 8.
2026-09-10T01:37:36Z [70,644ms] [Warning] [omni.physx.tensors.plugin] Incomplete contact data is reported in GpuRigidContactView::getContactData because there are more contact data points than specified maxContactDataCount = 8.
2026-09-10T01:37:36Z [70,648ms] [Warning] [omni.physx.tensors.plugin] Incomplete contact data is reported in GpuRigidContactView::getContactData because there are more contact data points than specified maxContactDataCount = 8.
2026-09-10T01:37:37Z [70,698ms] [Warning] [omni.physx.tensors.plugin] Incomplete contact data is reported in GpuRigidContactView::getContactData because there are more contact data points than specified maxContactDataCount = 8.
2026-09-10T01:37:37Z [70,701ms] [Warning] [omni.physx.tensors.plugin] Incomplete contact data is reported in GpuRigidContactView::getContactData because there are more contact data points than specified maxContactDataCount = 8.
2026-09-10T01:37:37Z [70,705ms] [Warning] [omni.physx.tensors.plugin] Incomplete contact data is reported in GpuRigidContactView::getContactData because there are more contact data points than specified maxContactDataCount = 8.
2026-09-10T01:37:37Z [70,747ms] [Warning] [omni.physx.tensors.plugin] Incomplete contact data is reported in GpuRigidContactView::getContactData because there are more contact data points than specified maxContactDataCount = 8.
2026-09-10T01:37:37Z [70,750ms] [Warning] [omni.physx.tensors.plugin] Incomplete contact data is reported in GpuRigidContactView::getContactData because there are more contact data points than specified maxContactDataCount = 8.
2026-09-10T01:37:37Z [70,753ms] [Warning] [omni.physx.tensors.plugin] Incomplete contact data is reported in GpuRigidContactView::getContactData because there are more contact data points than specified maxContactDataCount = 8.
2026-09-10T01:37:37Z [70,800ms] [Warning] [omni.physx.tensors.plugin] Incomplete contact data is reported in GpuRigidContactView::getContactData because there are more contact data points than specified maxContactDataCount = 8.
2026-09-10T01:37:37Z [70,803ms] [Warning] [omni.physx.tensors.plugin] Incomplete contact data is reported in GpuRigidContactView::getContactData because there are more contact data points than specified maxContactDataCount = 8.
2026-09-10T01:37:37Z [70,807ms] [Warning] [omni.physx.tensors.plugin] Incomplete contact data is reported in GpuRigidContactView::getContactData because there are more contact data points than specified maxContactDataCount = 8.
2026-09-10T01:37:37Z [70,848ms] [Warning] [omni.physx.tensors.plugin] Incomplete contact data is reported in GpuRigidContactView::getContactData because there are more contact data points than specified maxContactDataCount = 8.
2026-09-10T01:37:37Z [70,852ms] [Warning] [omni.physx.tensors.plugin] Incomplete contact data is reported in GpuRigidContactView::getContactData because there are more contact data points than specified maxContactDataCount = 8.
2026-09-10T01:37:37Z [70,855ms] [Warning] [omni.physx.tensors.plugin] Incomplete contact data is reported in GpuRigidContactView::getContactData because there are more contact data points than specified maxContactDataCount = 8.
2026-09-10T01:37:37Z [70,899ms] [Warning] [omni.physx.tensors.plugin] Incomplete contact data is reported in GpuRigidContactView::getContactData because there are more contact data points than specified maxContactDataCount = 8.
2026-09-10T01:37:37Z [70,903ms] [Warning] [omni.physx.tensors.plugin] Incomplete contact data is reported in GpuRigidContactView::getContactData because there are more contact data points than specified maxContactDataCount = 8.
2026-09-10T01:37:37Z [70,906ms] [Warning] [omni.physx.tensors.plugin] Incomplete contact data is reported in GpuRigidContactView::getContactData because there are more contact data points than specified maxContactDataCount = 8.
2026-09-10T01:37:37Z [70,951ms] [Warning] [omni.physx.tensors.plugin] Incomplete contact data is reported in GpuRigidContactView::getContactData because there are more contact data points than specified maxContactDataCount = 8.
2026-09-10T01:37:37Z [70,954ms] [Warning] [omni.physx.tensors.plugin] Incomplete contact data is reported in GpuRigidContactView::getContactData because there are more contact data points than specified maxContactDataCount = 8.
2026-09-10T01:37:37Z [70,958ms] [Warning] [omni.physx.tensors.plugin] Incomplete contact data is reported in GpuRigidContactView::getContactData because there are more contact data points than specified maxContactDataCount = 8.
2026-09-10T01:37:37Z [71,005ms] [Warning] [omni.physx.tensors.plugin] Incomplete contact data is reported in GpuRigidContactView::getContactData because there are more contact data points than specified maxContactDataCount = 8.
2026-09-10T01:37:37Z [71,009ms] [Warning] [omni.physx.tensors.plugin] Incomplete contact data is reported in GpuRigidContactView::getContactData because there are more contact data points than specified maxContactDataCount = 8.
2026-09-10T01:37:37Z [71,012ms] [Warning] [omni.physx.tensors.plugin] Incomplete contact data is reported in GpuRigidContactView::getContactData because there are more contact data points than specified maxContactDataCount = 8.
2026-09-10T01:37:37Z [71,055ms] [Warning] [omni.physx.tensors.plugin] Incomplete contact data is reported in GpuRigidContactView::getContactData because there are more contact data points than specified maxContactDataCount = 8.
2026-09-10T01:37:37Z [71,059ms] [Warning] [omni.physx.tensors.plugin] Incomplete contact data is reported in GpuRigidContactView::getContactData because there are more contact data points than specified maxContactDataCount = 8.
2026-09-10T01:37:37Z [71,062ms] [Warning] [omni.physx.tensors.plugin] Incomplete contact data is reported in GpuRigidContactView::getContactData because there are more contact data points than specified maxContactDataCount = 8.
2026-09-10T01:37:37Z [71,107ms] [Warning] [omni.physx.tensors.plugin] Incomplete contact data is reported in GpuRigidContactView::getContactData because there are more contact data points than specified maxContactDataCount = 8.
2026-09-10T01:37:37Z [71,111ms] [Warning] [omni.physx.tensors.plugin] Incomplete contact data is reported in GpuRigidContactView::getContactData because there are more contact data points than specified maxContactDataCount = 8.
2026-09-10T01:37:37Z [71,114ms] [Warning] [omni.physx.tensors.plugin] Incomplete contact data is reported in GpuRigidContactView::getContactData because there are more contact data points than specified maxContactDataCount = 8.
2026-09-10T01:37:37Z [71,158ms] [Warning] [omni.physx.tensors.plugin] Incomplete contact data is reported in GpuRigidContactView::getContactData because there are more contact data points than specified maxContactDataCount = 8.
2026-09-10T01:37:37Z [71,161ms] [Warning] [omni.physx.tensors.plugin] Incomplete contact data is reported in GpuRigidContactView::getContactData because there are more contact data points than specified maxContactDataCount = 8.
2026-09-10T01:37:37Z [71,165ms] [Warning] [omni.physx.tensors.plugin] Incomplete contact data is reported in GpuRigidContactView::getContactData because there are more contact data points than specified maxContactDataCount = 8.
2026-09-10T01:37:37Z [71,206ms] [Warning] [omni.physx.tensors.plugin] Incomplete contact data is reported in GpuRigidContactView::getContactData because there are more contact data points than specified maxContactDataCount = 8.
2026-09-10T01:37:37Z [71,210ms] [Warning] [omni.physx.tensors.plugin] Incomplete contact data is reported in GpuRigidContactView::getContactData because there are more contact data points than specified maxContactDataCount = 8.
2026-09-10T01:37:37Z [71,213ms] [Warning] [omni.physx.tensors.plugin] Incomplete contact data is reported in GpuRigidContactView::getContactData because there are more contact data points than specified maxContactDataCount = 8.
2026-09-10T01:37:37Z [71,257ms] [Warning] [omni.physx.tensors.plugin] Incomplete contact data is reported in GpuRigidContactView::getContactData because there are more contact data points than specified maxContactDataCount = 8.
2026-09-10T01:37:37Z [71,260ms] [Warning] [omni.physx.tensors.plugin] Incomplete contact data is reported in GpuRigidContactView::getContactData because there are more contact data points than specified maxContactDataCount = 8.
2026-09-10T01:37:37Z [71,263ms] [Warning] [omni.physx.tensors.plugin] Incomplete contact data is reported in GpuRigidContactView::getContactData because there are more contact data points than specified maxContactDataCount = 8.
2026-09-10T01:37:37Z [71,308ms] [Warning] [omni.physx.tensors.plugin] Incomplete contact data is reported in GpuRigidContactView::getContactData because there are more contact data points than specified maxContactDataCount = 8.
2026-09-10T01:37:37Z [71,312ms] [Warning] [omni.physx.tensors.plugin] Incomplete contact data is reported in GpuRigidContactView::getContactData because there are more contact data points than specified maxContactDataCount = 8.
2026-09-10T01:37:37Z [71,316ms] [Warning] [omni.physx.tensors.plugin] Incomplete contact data is reported in GpuRigidContactView::getContactData because there are more contact data points than specified maxContactDataCount = 8.
2026-09-10T01:37:37Z [71,358ms] [Warning] [omni.physx.tensors.plugin] Incomplete contact data is reported in GpuRigidContactView::getContactData because there are more contact data points than specified maxContactDataCount = 8.
2026-09-10T01:37:37Z [71,361ms] [Warning] [omni.physx.tensors.plugin] Incomplete contact data is reported in GpuRigidContactView::getContactData because there are more contact data points than specified maxContactDataCount = 8.
2026-09-10T01:37:37Z [71,364ms] [Warning] [omni.physx.tensors.plugin] Incomplete contact data is reported in GpuRigidContactView::getContactData because there are more contact data points than specified maxContactDataCount = 8.
2026-09-10T01:37:37Z [71,411ms] [Warning] [omni.physx.tensors.plugin] Incomplete contact data is reported in GpuRigidContactView::getContactData because there are more contact data points than specified maxContactDataCount = 8.
2026-09-10T01:37:37Z [71,415ms] [Warning] [omni.physx.tensors.plugin] Incomplete contact data is reported in GpuRigidContactView::getContactData because there are more contact data points than specified maxContactDataCount = 8.
2026-09-10T01:37:37Z [71,418ms] [Warning] [omni.physx.tensors.plugin] Incomplete contact data is reported in GpuRigidContactView::getContactData because there are more contact data points than specified maxContactDataCount = 8.
2026-09-10T01:37:37Z [71,469ms] [Warning] [omni.physx.tensors.plugin] Incomplete contact data is reported in GpuRigidContactView::getContactData because there are more contact data points than specified maxContactDataCount = 8.
2026-09-10T01:37:37Z [71,473ms] [Warning] [omni.physx.tensors.plugin] Incomplete contact data is reported in GpuRigidContactView::getContactData because there are more contact data points than specified maxContactDataCount = 8.
2026-09-10T01:37:37Z [71,476ms] [Warning] [omni.physx.tensors.plugin] Incomplete contact data is reported in GpuRigidContactView::getContactData because there are more contact data points than specified maxContactDataCount = 8.
2026-09-10T01:37:37Z [71,523ms] [Warning] [omni.physx.tensors.plugin] Incomplete contact data is reported in GpuRigidContactView::getContactData because there are more contact data points than specified maxContactDataCount = 8.
2026-09-10T01:37:37Z [71,526ms] [Warning] [omni.physx.tensors.plugin] Incomplete contact data is reported in GpuRigidContactView::getContactData because there are more contact data points than specified maxContactDataCount = 8.
2026-09-10T01:37:37Z [71,529ms] [Warning] [omni.physx.tensors.plugin] Incomplete contact data is reported in GpuRigidContactView::getContactData because there are more contact data points than specified maxContactDataCount = 8.
2026-09-10T01:37:37Z [71,575ms] [Warning] [omni.physx.tensors.plugin] Incomplete contact data is reported in GpuRigidContactView::getContactData because there are more contact data points than specified maxContactDataCount = 8.
2026-09-10T01:37:37Z [71,579ms] [Warning] [omni.physx.tensors.plugin] Incomplete contact data is reported in GpuRigidContactView::getContactData because there are more contact data points than specified maxContactDataCount = 8.
2026-09-10T01:37:37Z [71,582ms] [Warning] [omni.physx.tensors.plugin] Incomplete contact data is reported in GpuRigidContactView::getContactData because there are more contact data points than specified maxContactDataCount = 8.
2026-09-10T01:37:37Z [71,630ms] [Warning] [omni.physx.tensors.plugin] Incomplete contact data is reported in GpuRigidContactView::getContactData because there are more contact data points than specified maxContactDataCount = 8.
2026-09-10T01:37:37Z [71,634ms] [Warning] [omni.physx.tensors.plugin] Incomplete contact data is reported in GpuRigidContactView::getContactData because there are more contact data points than specified maxContactDataCount = 8.
2026-09-10T01:37:37Z [71,638ms] [Warning] [omni.physx.tensors.plugin] Incomplete contact data is reported in GpuRigidContactView::getContactData because there are more contact data points than specified maxContactDataCount = 8.
2026-09-10T01:37:38Z [71,689ms] [Warning] [omni.physx.tensors.plugin] Incomplete contact data is reported in GpuRigidContactView::getContactData because there are more contact data points than specified maxContactDataCount = 8.
2026-09-10T01:37:38Z [71,692ms] [Warning] [omni.physx.tensors.plugin] Incomplete contact data is reported in GpuRigidContactView::getContactData because there are more contact data points than specified maxContactDataCount = 8.
2026-09-10T01:37:38Z [71,696ms] [Warning] [omni.physx.tensors.plugin] Incomplete contact data is reported in GpuRigidContactView::getContactData because there are more contact data points than specified maxContactDataCount = 8.
2026-09-10T01:37:38Z [71,745ms] [Warning] [omni.physx.tensors.plugin] Incomplete contact data is reported in GpuRigidContactView::getContactData because there are more contact data points than specified maxContactDataCount = 8.
2026-09-10T01:37:38Z [71,749ms] [Warning] [omni.physx.tensors.plugin] Incomplete contact data is reported in GpuRigidContactView::getContactData because there are more contact data points than specified maxContactDataCount = 8.
2026-09-10T01:37:38Z [71,752ms] [Warning] [omni.physx.tensors.plugin] Incomplete contact data is reported in GpuRigidContactView::getContactData because there are more contact data points than specified maxContactDataCount = 8.
2026-09-10T01:37:38Z [71,801ms] [Warning] [omni.physx.tensors.plugin] Incomplete contact data is reported in GpuRigidContactView::getContactData because there are more contact data points than specified maxContactDataCount = 8.
2026-09-10T01:37:38Z [71,804ms] [Warning] [omni.physx.tensors.plugin] Incomplete contact data is reported in GpuRigidContactView::getContactData because there are more contact data points than specified maxContactDataCount = 8.
2026-09-10T01:37:38Z [71,808ms] [Warning] [omni.physx.tensors.plugin] Incomplete contact data is reported in GpuRigidContactView::getContactData because there are more contact data points than specified maxContactDataCount = 8.
2026-09-10T01:37:38Z [71,859ms] [Warning] [omni.physx.tensors.plugin] Incomplete contact data is reported in GpuRigidContactView::getContactData because there are more contact data points than specified maxContactDataCount = 8.
2026-09-10T01:37:38Z [71,862ms] [Warning] [omni.physx.tensors.plugin] Incomplete contact data is reported in GpuRigidContactView::getContactData because there are more contact data points than specified maxContactDataCount = 8.
2026-09-10T01:37:38Z [71,866ms] [Warning] [omni.physx.tensors.plugin] Incomplete contact data is reported in GpuRigidContactView::getContactData because there are more contact data points than specified maxContactDataCount = 8.
2026-09-10T01:37:38Z [71,912ms] [Warning] [omni.physx.tensors.plugin] Incomplete contact data is reported in GpuRigidContactView::getContactData because there are more contact data points than specified maxContactDataCount = 8.
2026-09-10T01:37:38Z [71,916ms] [Warning] [omni.physx.tensors.plugin] Incomplete contact data is reported in GpuRigidContactView::getContactData because there are more contact data points than specified maxContactDataCount = 8.
2026-09-10T01:37:38Z [71,919ms] [Warning] [omni.physx.tensors.plugin] Incomplete contact data is reported in GpuRigidContactView::getContactData because there are more contact data points than specified maxContactDataCount = 8.
2026-09-10T01:37:38Z [71,969ms] [Warning] [omni.physx.tensors.plugin] Incomplete contact data is reported in GpuRigidContactView::getContactData because there are more contact data points than specified maxContactDataCount = 8.
2026-09-10T01:37:38Z [71,973ms] [Warning] [omni.physx.tensors.plugin] Incomplete contact data is reported in GpuRigidContactView::getContactData because there are more contact data points than specified maxContactDataCount = 8.
2026-09-10T01:37:38Z [71,976ms] [Warning] [omni.physx.tensors.plugin] Incomplete contact data is reported in GpuRigidContactView::getContactData because there are more contact data points than specified maxContactDataCount = 8.
2026-09-10T01:37:38Z [72,015ms] [Warning] [omni.physx.tensors.plugin] Incomplete contact data is reported in GpuRigidContactView::getContactData because there are more contact data points than specified maxContactDataCount = 8.
2026-09-10T01:37:38Z [72,019ms] [Warning] [omni.physx.tensors.plugin] Incomplete contact data is reported in GpuRigidContactView::getContactData because there are more contact data points than specified maxContactDataCount = 8.
2026-09-10T01:37:38Z [72,022ms] [Warning] [omni.physx.tensors.plugin] Incomplete contact data is reported in GpuRigidContactView::getContactData because there are more contact data points than specified maxContactDataCount = 8.
2026-09-10T01:37:38Z [72,064ms] [Warning] [omni.physx.tensors.plugin] Incomplete contact data is reported in GpuRigidContactView::getContactData because there are more contact data points than specified maxContactDataCount = 8.
2026-09-10T01:37:38Z [72,067ms] [Warning] [omni.physx.tensors.plugin] Incomplete contact data is reported in GpuRigidContactView::getContactData because there are more contact data points than specified maxContactDataCount = 8.
2026-09-10T01:37:38Z [72,071ms] [Warning] [omni.physx.tensors.plugin] Incomplete contact data is reported in GpuRigidContactView::getContactData because there are more contact data points than specified maxContactDataCount = 8.
2026-09-10T01:37:38Z [72,123ms] [Warning] [omni.physx.tensors.plugin] Incomplete contact data is reported in GpuRigidContactView::getContactData because there are more contact data points than specified maxContactDataCount = 8.
2026-09-10T01:37:38Z [72,127ms] [Warning] [omni.physx.tensors.plugin] Incomplete contact data is reported in GpuRigidContactView::getContactData because there are more contact data points than specified maxContactDataCount = 8.
2026-09-10T01:37:38Z [72,130ms] [Warning] [omni.physx.tensors.plugin] Incomplete contact data is reported in GpuRigidContactView::getContactData because there are more contact data points than specified maxContactDataCount = 8.
2026-09-10T01:37:38Z [72,179ms] [Warning] [omni.physx.tensors.plugin] Incomplete contact data is reported in GpuRigidContactView::getContactData because there are more contact data points than specified maxContactDataCount = 8.
2026-09-10T01:37:38Z [72,183ms] [Warning] [omni.physx.tensors.plugin] Incomplete contact data is reported in GpuRigidContactView::getContactData because there are more contact data points than specified maxContactDataCount = 8.
2026-09-10T01:37:38Z [72,186ms] [Warning] [omni.physx.tensors.plugin] Incomplete contact data is reported in GpuRigidContactView::getContactData because there are more contact data points than specified maxContactDataCount = 8.
2026-09-10T01:37:38Z [72,233ms] [Warning] [omni.physx.tensors.plugin] Incomplete contact data is reported in GpuRigidContactView::getContactData because there are more contact data points than specified maxContactDataCount = 8.
2026-09-10T01:37:38Z [72,237ms] [Warning] [omni.physx.tensors.plugin] Incomplete contact data is reported in GpuRigidContactView::getContactData because there are more contact data points than specified maxContactDataCount = 8.
2026-09-10T01:37:38Z [72,240ms] [Warning] [omni.physx.tensors.plugin] Incomplete contact data is reported in GpuRigidContactView::getContactData because there are more contact data points than specified maxContactDataCount = 8.
2026-09-10T01:37:38Z [72,285ms] [Warning] [omni.physx.tensors.plugin] Incomplete contact data is reported in GpuRigidContactView::getContactData because there are more contact data points than specified maxContactDataCount = 8.
2026-09-10T01:37:38Z [72,288ms] [Warning] [omni.physx.tensors.plugin] Incomplete contact data is reported in GpuRigidContactView::getContactData because there are more contact data points than specified maxContactDataCount = 8.
2026-09-10T01:37:38Z [72,292ms] [Warning] [omni.physx.tensors.plugin] Incomplete contact data is reported in GpuRigidContactView::getContactData because there are more contact data points than specified maxContactDataCount = 8.
2026-09-10T01:37:38Z [72,338ms] [Warning] [omni.physx.tensors.plugin] Incomplete contact data is reported in GpuRigidContactView::getContactData because there are more contact data points than specified maxContactDataCount = 8.
2026-09-10T01:37:38Z [72,341ms] [Warning] [omni.physx.tensors.plugin] Incomplete contact data is reported in GpuRigidContactView::getContactData because there are more contact data points than specified maxContactDataCount = 8.
2026-09-10T01:37:38Z [72,345ms] [Warning] [omni.physx.tensors.plugin] Incomplete contact data is reported in GpuRigidContactView::getContactData because there are more contact data points than specified maxContactDataCount = 8.
2026-09-10T01:37:38Z [72,395ms] [Warning] [omni.physx.tensors.plugin] Incomplete contact data is reported in GpuRigidContactView::getContactData because there are more contact data points than specified maxContactDataCount = 8.
2026-09-10T01:37:38Z [72,399ms] [Warning] [omni.physx.tensors.plugin] Incomplete contact data is reported in GpuRigidContactView::getContactData because there are more contact data points than specified maxContactDataCount = 8.
2026-09-10T01:37:38Z [72,402ms] [Warning] [omni.physx.tensors.plugin] Incomplete contact data is reported in GpuRigidContactView::getContactData because there are more contact data points than specified maxContactDataCount = 8.
2026-09-10T01:37:38Z [72,450ms] [Warning] [omni.physx.tensors.plugin] Incomplete contact data is reported in GpuRigidContactView::getContactData because there are more contact data points than specified maxContactDataCount = 8.
2026-09-10T01:37:38Z [72,453ms] [Warning] [omni.physx.tensors.plugin] Incomplete contact data is reported in GpuRigidContactView::getContactData because there are more contact data points than specified maxContactDataCount = 8.
2026-09-10T01:37:38Z [72,457ms] [Warning] [omni.physx.tensors.plugin] Incomplete contact data is reported in GpuRigidContactView::getContactData because there are more contact data points than specified maxContactDataCount = 8.
2026-09-10T01:37:38Z [72,507ms] [Warning] [omni.physx.tensors.plugin] Incomplete contact data is reported in GpuRigidContactView::getContactData because there are more contact data points than specified maxContactDataCount = 8.
2026-09-10T01:37:38Z [72,510ms] [Warning] [omni.physx.tensors.plugin] Incomplete contact data is reported in GpuRigidContactView::getContactData because there are more contact data points than specified maxContactDataCount = 8.
2026-09-10T01:37:38Z [72,514ms] [Warning] [omni.physx.tensors.plugin] Incomplete contact data is reported in GpuRigidContactView::getContactData because there are more contact data points than specified maxContactDataCount = 8.
2026-09-10T01:37:38Z [72,567ms] [Warning] [omni.physx.tensors.plugin] Incomplete contact data is reported in GpuRigidContactView::getContactData because there are more contact data points than specified maxContactDataCount = 8.
2026-09-10T01:37:38Z [72,570ms] [Warning] [omni.physx.tensors.plugin] Incomplete contact data is reported in GpuRigidContactView::getContactData because there are more contact data points than specified maxContactDataCount = 8.
2026-09-10T01:37:38Z [72,574ms] [Warning] [omni.physx.tensors.plugin] Incomplete contact data is reported in GpuRigidContactView::getContactData because there are more contact data points than specified maxContactDataCount = 8.
2026-09-10T01:37:38Z [72,623ms] [Warning] [omni.physx.tensors.plugin] Incomplete contact data is reported in GpuRigidContactView::getContactData because there are more contact data points than specified maxContactDataCount = 8.
2026-09-10T01:37:38Z [72,627ms] [Warning] [omni.physx.tensors.plugin] Incomplete contact data is reported in GpuRigidContactView::getContactData because there are more contact data points than specified maxContactDataCount = 8.
2026-09-10T01:37:38Z [72,630ms] [Warning] [omni.physx.tensors.plugin] Incomplete contact data is reported in GpuRigidContactView::getContactData because there are more contact data points than specified maxContactDataCount = 8.
2026-09-10T01:37:38Z [72,677ms] [Warning] [omni.physx.tensors.plugin] Incomplete contact data is reported in GpuRigidContactView::getContactData because there are more contact data points than specified maxContactDataCount = 8.
2026-09-10T01:37:38Z [72,680ms] [Warning] [omni.physx.tensors.plugin] Incomplete contact data is reported in GpuRigidContactView::getContactData because there are more contact data points than specified maxContactDataCount = 8.
2026-09-10T01:37:39Z [72,684ms] [Warning] [omni.physx.tensors.plugin] Incomplete contact data is reported in GpuRigidContactView::getContactData because there are more contact data points than specified maxContactDataCount = 8.
2026-09-10T01:37:39Z [72,733ms] [Warning] [omni.physx.tensors.plugin] Incomplete contact data is reported in GpuRigidContactView::getContactData because there are more contact data points than specified maxContactDataCount = 8.
2026-09-10T01:37:39Z [72,737ms] [Warning] [omni.physx.tensors.plugin] Incomplete contact data is reported in GpuRigidContactView::getContactData because there are more contact data points than specified maxContactDataCount = 8.
2026-09-10T01:37:39Z [72,740ms] [Warning] [omni.physx.tensors.plugin] Incomplete contact data is reported in GpuRigidContactView::getContactData because there are more contact data points than specified maxContactDataCount = 8.
2026-09-10T01:37:39Z [72,788ms] [Warning] [omni.physx.tensors.plugin] Incomplete contact data is reported in GpuRigidContactView::getContactData because there are more contact data points than specified maxContactDataCount = 8.
2026-09-10T01:37:39Z [72,792ms] [Warning] [omni.physx.tensors.plugin] Incomplete contact data is reported in GpuRigidContactView::getContactData because there are more contact data points than specified maxContactDataCount = 8.
2026-09-10T01:37:39Z [72,795ms] [Warning] [omni.physx.tensors.plugin] Incomplete contact data is reported in GpuRigidContactView::getContactData because there are more contact data points than specified maxContactDataCount = 8.
2026-09-10T01:37:39Z [72,846ms] [Warning] [omni.physx.tensors.plugin] Incomplete contact data is reported in GpuRigidContactView::getContactData because there are more contact data points than specified maxContactDataCount = 8.
2026-09-10T01:37:39Z [72,850ms] [Warning] [omni.physx.tensors.plugin] Incomplete contact data is reported in GpuRigidContactView::getContactData because there are more contact data points than specified maxContactDataCount = 8.
2026-09-10T01:37:39Z [72,853ms] [Warning] [omni.physx.tensors.plugin] Incomplete contact data is reported in GpuRigidContactView::getContactData because there are more contact data points than specified maxContactDataCount = 8.
2026-09-10T01:37:39Z [72,903ms] [Warning] [omni.physx.tensors.plugin] Incomplete contact data is reported in GpuRigidContactView::getContactData because there are more contact data points than specified maxContactDataCount = 8.
2026-09-10T01:37:39Z [72,906ms] [Warning] [omni.physx.tensors.plugin] Incomplete contact data is reported in GpuRigidContactView::getContactData because there are more contact data points than specified maxContactDataCount = 8.
2026-09-10T01:37:39Z [72,910ms] [Warning] [omni.physx.tensors.plugin] Incomplete contact data is reported in GpuRigidContactView::getContactData because there are more contact data points than specified maxContactDataCount = 8.
2026-09-10T01:37:39Z [72,960ms] [Warning] [omni.physx.tensors.plugin] Incomplete contact data is reported in GpuRigidContactView::getContactData because there are more contact data points than specified maxContactDataCount = 8.
2026-09-10T01:37:39Z [72,964ms] [Warning] [omni.physx.tensors.plugin] Incomplete contact data is reported in GpuRigidContactView::getContactData because there are more contact data points than specified maxContactDataCount = 8.
2026-09-10T01:37:39Z [72,967ms] [Warning] [omni.physx.tensors.plugin] Incomplete contact data is reported in GpuRigidContactView::getContactData because there are more contact data points than specified maxContactDataCount = 8.
2026-09-10T01:37:39Z [73,018ms] [Warning] [omni.physx.tensors.plugin] Incomplete contact data is reported in GpuRigidContactView::getContactData because there are more contact data points than specified maxContactDataCount = 8.
2026-09-10T01:37:39Z [73,022ms] [Warning] [omni.physx.tensors.plugin] Incomplete contact data is reported in GpuRigidContactView::getContactData because there are more contact data points than specified maxContactDataCount = 8.
2026-09-10T01:37:39Z [73,025ms] [Warning] [omni.physx.tensors.plugin] Incomplete contact data is reported in GpuRigidContactView::getContactData because there are more contact data points than specified maxContactDataCount = 8.
2026-09-10T01:37:39Z [73,074ms] [Warning] [omni.physx.tensors.plugin] Incomplete contact data is reported in GpuRigidContactView::getContactData because there are more contact data points than specified maxContactDataCount = 8.
2026-09-10T01:37:39Z [73,078ms] [Warning] [omni.physx.tensors.plugin] Incomplete contact data is reported in GpuRigidContactView::getContactData because there are more contact data points than specified maxContactDataCount = 8.
2026-09-10T01:37:39Z [73,081ms] [Warning] [omni.physx.tensors.plugin] Incomplete contact data is reported in GpuRigidContactView::getContactData because there are more contact data points than specified maxContactDataCount = 8.
2026-09-10T01:37:39Z [73,131ms] [Warning] [omni.physx.tensors.plugin] Incomplete contact data is reported in GpuRigidContactView::getContactData because there are more contact data points than specified maxContactDataCount = 8.
2026-09-10T01:37:39Z [73,134ms] [Warning] [omni.physx.tensors.plugin] Incomplete contact data is reported in GpuRigidContactView::getContactData because there are more contact data points than specified maxContactDataCount = 8.
2026-09-10T01:37:39Z [73,138ms] [Warning] [omni.physx.tensors.plugin] Incomplete contact data is reported in GpuRigidContactView::getContactData because there are more contact data points than specified maxContactDataCount = 8.
2026-09-10T01:37:39Z [73,183ms] [Warning] [omni.physx.tensors.plugin] Incomplete contact data is reported in GpuRigidContactView::getContactData because there are more contact data points than specified maxContactDataCount = 8.
2026-09-10T01:37:39Z [73,187ms] [Warning] [omni.physx.tensors.plugin] Incomplete contact data is reported in GpuRigidContactView::getContactData because there are more contact data points than specified maxContactDataCount = 8.
2026-09-10T01:37:39Z [73,190ms] [Warning] [omni.physx.tensors.plugin] Incomplete contact data is reported in GpuRigidContactView::getContactData because there are more contact data points than specified maxContactDataCount = 8.
2026-09-10T01:37:39Z [73,233ms] [Warning] [omni.physx.tensors.plugin] Incomplete contact data is reported in GpuRigidContactView::getContactData because there are more contact data points than specified maxContactDataCount = 8.
2026-09-10T01:37:39Z [73,237ms] [Warning] [omni.physx.tensors.plugin] Incomplete contact data is reported in GpuRigidContactView::getContactData because there are more contact data points than specified maxContactDataCount = 8.
2026-09-10T01:37:39Z [73,240ms] [Warning] [omni.physx.tensors.plugin] Incomplete contact data is reported in GpuRigidContactView::getContactData because there are more contact data points than specified maxContactDataCount = 8.
2026-09-10T01:37:39Z [73,284ms] [Warning] [omni.physx.tensors.plugin] Incomplete contact data is reported in GpuRigidContactView::getContactData because there are more contact data points than specified maxContactDataCount = 8.
2026-09-10T01:37:39Z [73,288ms] [Warning] [omni.physx.tensors.plugin] Incomplete contact data is reported in GpuRigidContactView::getContactData because there are more contact data points than specified maxContactDataCount = 8.
2026-09-10T01:37:39Z [73,291ms] [Warning] [omni.physx.tensors.plugin] Incomplete contact data is reported in GpuRigidContactView::getContactData because there are more contact data points than specified maxContactDataCount = 8.
2026-09-10T01:37:39Z [73,336ms] [Warning] [omni.physx.tensors.plugin] Incomplete contact data is reported in GpuRigidContactView::getContactData because there are more contact data points than specified maxContactDataCount = 8.
2026-09-10T01:37:39Z [73,340ms] [Warning] [omni.physx.tensors.plugin] Incomplete contact data is reported in GpuRigidContactView::getContactData because there are more contact data points than specified maxContactDataCount = 8.
2026-09-10T01:37:39Z [73,343ms] [Warning] [omni.physx.tensors.plugin] Incomplete contact data is reported in GpuRigidContactView::getContactData because there are more contact data points than specified maxContactDataCount = 8.
2026-09-10T01:37:39Z [73,389ms] [Warning] [omni.physx.tensors.plugin] Incomplete contact data is reported in GpuRigidContactView::getContactData because there are more contact data points than specified maxContactDataCount = 8.
2026-09-10T01:37:39Z [73,392ms] [Warning] [omni.physx.tensors.plugin] Incomplete contact data is reported in GpuRigidContactView::getContactData because there are more contact data points than specified maxContactDataCount = 8.
2026-09-10T01:37:39Z [73,395ms] [Warning] [omni.physx.tensors.plugin] Incomplete contact data is reported in GpuRigidContactView::getContactData because there are more contact data points than specified maxContactDataCount = 8.
2026-09-10T01:37:39Z [73,441ms] [Warning] [omni.physx.tensors.plugin] Incomplete contact data is reported in GpuRigidContactView::getContactData because there are more contact data points than specified maxContactDataCount = 8.
2026-09-10T01:37:39Z [73,444ms] [Warning] [omni.physx.tensors.plugin] Incomplete contact data is reported in GpuRigidContactView::getContactData because there are more contact data points than specified maxContactDataCount = 8.
2026-09-10T01:37:39Z [73,447ms] [Warning] [omni.physx.tensors.plugin] Incomplete contact data is reported in GpuRigidContactView::getContactData because there are more contact data points than specified maxContactDataCount = 8.
2026-09-10T01:37:39Z [73,490ms] [Warning] [omni.physx.tensors.plugin] Incomplete contact data is reported in GpuRigidContactView::getContactData because there are more contact data points than specified maxContactDataCount = 8.
2026-09-10T01:37:39Z [73,494ms] [Warning] [omni.physx.tensors.plugin] Incomplete contact data is reported in GpuRigidContactView::getContactData because there are more contact data points than specified maxContactDataCount = 8.
2026-09-10T01:37:39Z [73,497ms] [Warning] [omni.physx.tensors.plugin] Incomplete contact data is reported in GpuRigidContactView::getContactData because there are more contact data points than specified maxContactDataCount = 8.
2026-09-10T01:37:39Z [73,541ms] [Warning] [omni.physx.tensors.plugin] Incomplete contact data is reported in GpuRigidContactView::getContactData because there are more contact data points than specified maxContactDataCount = 8.
2026-09-10T01:37:39Z [73,544ms] [Warning] [omni.physx.tensors.plugin] Incomplete contact data is reported in GpuRigidContactView::getContactData because there are more contact data points than specified maxContactDataCount = 8.
2026-09-10T01:37:39Z [73,548ms] [Warning] [omni.physx.tensors.plugin] Incomplete contact data is reported in GpuRigidContactView::getContactData because there are more contact data points than specified maxContactDataCount = 8.
2026-09-10T01:37:39Z [73,593ms] [Warning] [omni.physx.tensors.plugin] Incomplete contact data is reported in GpuRigidContactView::getContactData because there are more contact data points than specified maxContactDataCount = 8.
2026-09-10T01:37:39Z [73,596ms] [Warning] [omni.physx.tensors.plugin] Incomplete contact data is reported in GpuRigidContactView::getContactData because there are more contact data points than specified maxContactDataCount = 8.
2026-09-10T01:37:39Z [73,599ms] [Warning] [omni.physx.tensors.plugin] Incomplete contact data is reported in GpuRigidContactView::getContactData because there are more contact data points than specified maxContactDataCount = 8.
2026-09-10T01:37:39Z [73,645ms] [Warning] [omni.physx.tensors.plugin] Incomplete contact data is reported in GpuRigidContactView::getContactData because there are more contact data points than specified maxContactDataCount = 8.
2026-09-10T01:37:39Z [73,649ms] [Warning] [omni.physx.tensors.plugin] Incomplete contact data is reported in GpuRigidContactView::getContactData because there are more contact data points than specified maxContactDataCount = 8.
2026-09-10T01:37:39Z [73,652ms] [Warning] [omni.physx.tensors.plugin] Incomplete contact data is reported in GpuRigidContactView::getContactData because there are more contact data points than specified maxContactDataCount = 8.
2026-09-10T01:37:40Z [73,695ms] [Warning] [omni.physx.tensors.plugin] Incomplete contact data is reported in GpuRigidContactView::getContactData because there are more contact data points than specified maxContactDataCount = 8.
2026-09-10T01:37:40Z [73,698ms] [Warning] [omni.physx.tensors.plugin] Incomplete contact data is reported in GpuRigidContactView::getContactData because there are more contact data points than specified maxContactDataCount = 8.
2026-09-10T01:37:40Z [73,701ms] [Warning] [omni.physx.tensors.plugin] Incomplete contact data is reported in GpuRigidContactView::getContactData because there are more contact data points than specified maxContactDataCount = 8.
2026-09-10T01:37:40Z [73,746ms] [Warning] [omni.physx.tensors.plugin] Incomplete contact data is reported in GpuRigidContactView::getContactData because there are more contact data points than specified maxContactDataCount = 8.
2026-09-10T01:37:40Z [73,750ms] [Warning] [omni.physx.tensors.plugin] Incomplete contact data is reported in GpuRigidContactView::getContactData because there are more contact data points than specified maxContactDataCount = 8.
2026-09-10T01:37:40Z [73,753ms] [Warning] [omni.physx.tensors.plugin] Incomplete contact data is reported in GpuRigidContactView::getContactData because there are more contact data points than specified maxContactDataCount = 8.
2026-09-10T01:37:40Z [73,796ms] [Warning] [omni.physx.tensors.plugin] Incomplete contact data is reported in GpuRigidContactView::getContactData because there are more contact data points than specified maxContactDataCount = 8.
2026-09-10T01:37:40Z [73,799ms] [Warning] [omni.physx.tensors.plugin] Incomplete contact data is reported in GpuRigidContactView::getContactData because there are more contact data points than specified maxContactDataCount = 8.
2026-09-10T01:37:40Z [73,802ms] [Warning] [omni.physx.tensors.plugin] Incomplete contact data is reported in GpuRigidContactView::getContactData because there are more contact data points than specified maxContactDataCount = 8.
2026-09-10T01:37:40Z [73,845ms] [Warning] [omni.physx.tensors.plugin] Incomplete contact data is reported in GpuRigidContactView::getContactData because there are more contact data points than specified maxContactDataCount = 8.
2026-09-10T01:37:40Z [73,848ms] [Warning] [omni.physx.tensors.plugin] Incomplete contact data is reported in GpuRigidContactView::getContactData because there are more contact data points than specified maxContactDataCount = 8.
2026-09-10T01:37:40Z [73,851ms] [Warning] [omni.physx.tensors.plugin] Incomplete contact data is reported in GpuRigidContactView::getContactData because there are more contact data points than specified maxContactDataCount = 8.
2026-09-10T01:37:40Z [73,894ms] [Warning] [omni.physx.tensors.plugin] Incomplete contact data is reported in GpuRigidContactView::getContactData because there are more contact data points than specified maxContactDataCount = 8.
2026-09-10T01:37:40Z [73,897ms] [Warning] [omni.physx.tensors.plugin] Incomplete contact data is reported in GpuRigidContactView::getContactData because there are more contact data points than specified maxContactDataCount = 8.
2026-09-10T01:37:40Z [73,900ms] [Warning] [omni.physx.tensors.plugin] Incomplete contact data is reported in GpuRigidContactView::getContactData because there are more contact data points than specified maxContactDataCount = 8.
2026-09-10T01:37:40Z [73,944ms] [Warning] [omni.physx.tensors.plugin] Incomplete contact data is reported in GpuRigidContactView::getContactData because there are more contact data points than specified maxContactDataCount = 8.
2026-09-10T01:37:40Z [73,947ms] [Warning] [omni.physx.tensors.plugin] Incomplete contact data is reported in GpuRigidContactView::getContactData because there are more contact data points than specified maxContactDataCount = 8.
2026-09-10T01:37:40Z [73,950ms] [Warning] [omni.physx.tensors.plugin] Incomplete contact data is reported in GpuRigidContactView::getContactData because there are more contact data points than specified maxContactDataCount = 8.
2026-09-10T01:37:40Z [73,995ms] [Warning] [omni.physx.tensors.plugin] Incomplete contact data is reported in GpuRigidContactView::getContactData because there are more contact data points than specified maxContactDataCount = 8.
2026-09-10T01:37:40Z [73,998ms] [Warning] [omni.physx.tensors.plugin] Incomplete contact data is reported in GpuRigidContactView::getContactData because there are more contact data points than specified maxContactDataCount = 8.
2026-09-10T01:37:40Z [74,002ms] [Warning] [omni.physx.tensors.plugin] Incomplete contact data is reported in GpuRigidContactView::getContactData because there are more contact data points than specified maxContactDataCount = 8.
2026-09-10T01:37:40Z [74,045ms] [Warning] [omni.physx.tensors.plugin] Incomplete contact data is reported in GpuRigidContactView::getContactData because there are more contact data points than specified maxContactDataCount = 8.
2026-09-10T01:37:40Z [74,049ms] [Warning] [omni.physx.tensors.plugin] Incomplete contact data is reported in GpuRigidContactView::getContactData because there are more contact data points than specified maxContactDataCount = 8.
2026-09-10T01:37:40Z [74,052ms] [Warning] [omni.physx.tensors.plugin] Incomplete contact data is reported in GpuRigidContactView::getContactData because there are more contact data points than specified maxContactDataCount = 8.
2026-09-10T01:37:40Z [74,097ms] [Warning] [omni.physx.tensors.plugin] Incomplete contact data is reported in GpuRigidContactView::getContactData because there are more contact data points than specified maxContactDataCount = 8.
2026-09-10T01:37:40Z [74,101ms] [Warning] [omni.physx.tensors.plugin] Incomplete contact data is reported in GpuRigidContactView::getContactData because there are more contact data points than specified maxContactDataCount = 8.
2026-09-10T01:37:40Z [74,104ms] [Warning] [omni.physx.tensors.plugin] Incomplete contact data is reported in GpuRigidContactView::getContactData because there are more contact data points than specified maxContactDataCount = 8.
2026-09-10T01:37:40Z [74,147ms] [Warning] [omni.physx.tensors.plugin] Incomplete contact data is reported in GpuRigidContactView::getContactData because there are more contact data points than specified maxContactDataCount = 8.
2026-09-10T01:37:40Z [74,151ms] [Warning] [omni.physx.tensors.plugin] Incomplete contact data is reported in GpuRigidContactView::getContactData because there are more contact data points than specified maxContactDataCount = 8.
2026-09-10T01:37:40Z [74,154ms] [Warning] [omni.physx.tensors.plugin] Incomplete contact data is reported in GpuRigidContactView::getContactData because there are more contact data points than specified maxContactDataCount = 8.
2026-09-10T01:37:40Z [74,199ms] [Warning] [omni.physx.tensors.plugin] Incomplete contact data is reported in GpuRigidContactView::getContactData because there are more contact data points than specified maxContactDataCount = 8.
2026-09-10T01:37:40Z [74,203ms] [Warning] [omni.physx.tensors.plugin] Incomplete contact data is reported in GpuRigidContactView::getContactData because there are more contact data points than specified maxContactDataCount = 8.
2026-09-10T01:37:40Z [74,206ms] [Warning] [omni.physx.tensors.plugin] Incomplete contact data is reported in GpuRigidContactView::getContactData because there are more contact data points than specified maxContactDataCount = 8.
2026-09-10T01:37:40Z [74,251ms] [Warning] [omni.physx.tensors.plugin] Incomplete contact data is reported in GpuRigidContactView::getContactData because there are more contact data points than specified maxContactDataCount = 8.
2026-09-10T01:37:40Z [74,254ms] [Warning] [omni.physx.tensors.plugin] Incomplete contact data is reported in GpuRigidContactView::getContactData because there are more contact data points than specified maxContactDataCount = 8.
2026-09-10T01:37:40Z [74,258ms] [Warning] [omni.physx.tensors.plugin] Incomplete contact data is reported in GpuRigidContactView::getContactData because there are more contact data points than specified maxContactDataCount = 8.
2026-09-10T01:37:40Z [74,301ms] [Warning] [omni.physx.tensors.plugin] Incomplete contact data is reported in GpuRigidContactView::getContactData because there are more contact data points than specified maxContactDataCount = 8.
2026-09-10T01:37:40Z [74,304ms] [Warning] [omni.physx.tensors.plugin] Incomplete contact data is reported in GpuRigidContactView::getContactData because there are more contact data points than specified maxContactDataCount = 8.
2026-09-10T01:37:40Z [74,308ms] [Warning] [omni.physx.tensors.plugin] Incomplete contact data is reported in GpuRigidContactView::getContactData because there are more contact data points than specified maxContactDataCount = 8.
2026-09-10T01:37:40Z [74,352ms] [Warning] [omni.physx.tensors.plugin] Incomplete contact data is reported in GpuRigidContactView::getContactData because there are more contact data points than specified maxContactDataCount = 8.
2026-09-10T01:37:40Z [74,355ms] [Warning] [omni.physx.tensors.plugin] Incomplete contact data is reported in GpuRigidContactView::getContactData because there are more contact data points than specified maxContactDataCount = 8.
2026-09-10T01:37:40Z [74,358ms] [Warning] [omni.physx.tensors.plugin] Incomplete contact data is reported in GpuRigidContactView::getContactData because there are more contact data points than specified maxContactDataCount = 8.
2026-09-10T01:37:40Z [74,402ms] [Warning] [omni.physx.tensors.plugin] Incomplete contact data is reported in GpuRigidContactView::getContactData because there are more contact data points than specified maxContactDataCount = 8.
2026-09-10T01:37:40Z [74,406ms] [Warning] [omni.physx.tensors.plugin] Incomplete contact data is reported in GpuRigidContactView::getContactData because there are more contact data points than specified maxContactDataCount = 8.
2026-09-10T01:37:40Z [74,409ms] [Warning] [omni.physx.tensors.plugin] Incomplete contact data is reported in GpuRigidContactView::getContactData because there are more contact data points than specified maxContactDataCount = 8.
2026-09-10T01:37:40Z [74,454ms] [Warning] [omni.physx.tensors.plugin] Incomplete contact data is reported in GpuRigidContactView::getContactData because there are more contact data points than specified maxContactDataCount = 8.
2026-09-10T01:37:40Z [74,457ms] [Warning] [omni.physx.tensors.plugin] Incomplete contact data is reported in GpuRigidContactView::getContactData because there are more contact data points than specified maxContactDataCount = 8.
2026-09-10T01:37:40Z [74,460ms] [Warning] [omni.physx.tensors.plugin] Incomplete contact data is reported in GpuRigidContactView::getContactData because there are more contact data points than specified maxContactDataCount = 8.
2026-09-10T01:37:40Z [74,506ms] [Warning] [omni.physx.tensors.plugin] Incomplete contact data is reported in GpuRigidContactView::getContactData because there are more contact data points than specified maxContactDataCount = 8.
2026-09-10T01:37:40Z [74,509ms] [Warning] [omni.physx.tensors.plugin] Incomplete contact data is reported in GpuRigidContactView::getContactData because there are more contact data points than specified maxContactDataCount = 8.
2026-09-10T01:37:40Z [74,513ms] [Warning] [omni.physx.tensors.plugin] Incomplete contact data is reported in GpuRigidContactView::getContactData because there are more contact data points than specified maxContactDataCount = 8.
2026-09-10T01:37:40Z [74,557ms] [Warning] [omni.physx.tensors.plugin] Incomplete contact data is reported in GpuRigidContactView::getContactData because there are more contact data points than specified maxContactDataCount = 8.
2026-09-10T01:37:40Z [74,561ms] [Warning] [omni.physx.tensors.plugin] Incomplete contact data is reported in GpuRigidContactView::getContactData because there are more contact data points than specified maxContactDataCount = 8.
2026-09-10T01:37:40Z [74,564ms] [Warning] [omni.physx.tensors.plugin] Incomplete contact data is reported in GpuRigidContactView::getContactData because there are more contact data points than specified maxContactDataCount = 8.
2026-09-10T01:37:40Z [74,608ms] [Warning] [omni.physx.tensors.plugin] Incomplete contact data is reported in GpuRigidContactView::getContactData because there are more contact data points than specified maxContactDataCount = 8.
2026-09-10T01:37:40Z [74,611ms] [Warning] [omni.physx.tensors.plugin] Incomplete contact data is reported in GpuRigidContactView::getContactData because there are more contact data points than specified maxContactDataCount = 8.
2026-09-10T01:37:40Z [74,615ms] [Warning] [omni.physx.tensors.plugin] Incomplete contact data is reported in GpuRigidContactView::getContactData because there are more contact data points than specified maxContactDataCount = 8.
2026-09-10T01:37:40Z [74,656ms] [Warning] [omni.physx.tensors.plugin] Incomplete contact data is reported in GpuRigidContactView::getContactData because there are more contact data points than specified maxContactDataCount = 8.
2026-09-10T01:37:40Z [74,659ms] [Warning] [omni.physx.tensors.plugin] Incomplete contact data is reported in GpuRigidContactView::getContactData because there are more contact data points than specified maxContactDataCount = 8.
2026-09-10T01:37:40Z [74,662ms] [Warning] [omni.physx.tensors.plugin] Incomplete contact data is reported in GpuRigidContactView::getContactData because there are more contact data points than specified maxContactDataCount = 8.
2026-09-10T01:37:41Z [74,704ms] [Warning] [omni.physx.tensors.plugin] Incomplete contact data is reported in GpuRigidContactView::getContactData because there are more contact data points than specified maxContactDataCount = 8.
2026-09-10T01:37:41Z [74,708ms] [Warning] [omni.physx.tensors.plugin] Incomplete contact data is reported in GpuRigidContactView::getContactData because there are more contact data points than specified maxContactDataCount = 8.
2026-09-10T01:37:41Z [74,711ms] [Warning] [omni.physx.tensors.plugin] Incomplete contact data is reported in GpuRigidContactView::getContactData because there are more contact data points than specified maxContactDataCount = 8.
2026-09-10T01:37:41Z [74,753ms] [Warning] [omni.physx.tensors.plugin] Incomplete contact data is reported in GpuRigidContactView::getContactData because there are more contact data points than specified maxContactDataCount = 8.
2026-09-10T01:37:41Z [74,756ms] [Warning] [omni.physx.tensors.plugin] Incomplete contact data is reported in GpuRigidContactView::getContactData because there are more contact data points than specified maxContactDataCount = 8.
2026-09-10T01:37:41Z [74,760ms] [Warning] [omni.physx.tensors.plugin] Incomplete contact data is reported in GpuRigidContactView::getContactData because there are more contact data points than specified maxContactDataCount = 8.
2026-09-10T01:37:41Z [74,802ms] [Warning] [omni.physx.tensors.plugin] Incomplete contact data is reported in GpuRigidContactView::getContactData because there are more contact data points than specified maxContactDataCount = 8.
2026-09-10T01:37:41Z [74,805ms] [Warning] [omni.physx.tensors.plugin] Incomplete contact data is reported in GpuRigidContactView::getContactData because there are more contact data points than specified maxContactDataCount = 8.
2026-09-10T01:37:41Z [74,809ms] [Warning] [omni.physx.tensors.plugin] Incomplete contact data is reported in GpuRigidContactView::getContactData because there are more contact data points than specified maxContactDataCount = 8.
TERRAIN_STAND train_ramp_1103 1000/1000
{"status": "rejected", "gate": {"joint_count": 18, "body_count": 19, "foot_count": 6, "num_envs": 1, "control_steps": 1000, "max_abs_applied_torque_nm": 1.600000023841858, "post_settle_max_abs_computed_torque_nm": 0.4984624981880188, "post_settle_torque_saturation_fraction": 0.0, "post_settle_nonfoot_contact_env_steps": 800, "post_settle_base_contact_env_steps": 0, "post_settle_min_distal_support_contacts": 5, "terminations": 0, "truncations": 0, "min_root_height_m": 0.12913353741168976, "post_settle_mean_root_height_m": 0.129542268961668, "passed": false}}
[INFO]: SimulationContext cleared
2026-09-10T01:37:41Z [74,822ms] [Info] [isaacsim.core.simulation_manager.plugin] onStop: Cleared time samples
2026-09-10T01:37:41Z [75,086ms] [Info] [omni.physx.foundation.plugin] Using CUDA device ordinal 0.
2026-09-10T01:37:41Z [75,170ms] [Info] [isaaclab.sim.simulation_context] SimulationContext cleared
2026-09-10T01:37:41Z [75,170ms] [Info] [simulation_app.simulation_app] SimulationApp.close: Closing application
2026-09-10T01:37:41Z [75,170ms] [Info] [simulation_app.simulation_app] SimulationApp.close: Replicator shutdown finished
2026-09-10T01:37:41Z [75,170ms] [Info] [simulation_app.simulation_app] SimulationApp.close: Stage could not be closed
2026-09-10T01:37:41Z [75,170ms] [Info] [omni.kit.app.plugin] [75.202s] Simulation App Shutting Down
2026-09-10T01:37:41Z [75,171ms] [Info] [simulation_app.simulation_app] SimulationApp.close: shutting down app
