#usda 1.0
(
    defaultPrim = "Terrain"
    metersPerUnit = 1
    upAxis = "Z"
)
def Mesh "Terrain" (
    prepend apiSchemas = ["PhysicsCollisionAPI", "PhysicsMeshCollisionAPI"]
)
{
    bool physics:collisionEnabled = true
    uniform token physics:approximation = "none"
    uniform token subdivisionScheme = "none"
    bool doubleSided = true
    point3f[] points = [
        (-1.5000000, -1.5000000, 0.0000000),
        (-1.5000000, -1.4600000, 0.0000000),
        (-1.5000000, -1.4200000, 0.0000000),
        (-1.5000000, -1.3800000, 0.0000000),
        (-1.5000000, -1.3400000, 0.0000000),
        (-1.5000000, -1.3000000, 0.0000000),
        (-1.5000000, -1.2600000, 0.0000000),
        (-1.5000000, -1.2200000, 0.0000000),
        (-1.5000000, -1.1800000, 0.0000000),
        (-1.5000000, -1.1400000, 0.0000000),
        (-1.5000000, -1.1000000, 0.0000000),
        (-1.5000000, -1.0600000, 0.0000000),
        (-1.5000000, -1.0200000, 0.0000000),
        (-1.5000000, -0.9800000, 0.0000000),
        (-1.5000000, -0.9400000, 0.0000000),
        (-1.5000000, -0.9000000, 0.0000000),
        (-1.5000000, -0.8600000, 0.0000000),
        (-1.5000000, -0.8200000, 0.0000000),
        (-1.5000000, -0.7800000, 0.0000000),
        (-1.5000000, -0.7400000, 0.0000000),
        (-1.5000000, -0.7000000, 0.0000000),
        (-1.5000000, -0.6600000, 0.0000000),
        (-1.5000000, -0.6200000, 0.0000000),
        (-1.5000000, -0.5800000, 0.0000000),
        (-1.5000000, -0.5400000, 0.0000000),
        (-1.5000000, -0.5000000, 0.0000000),
        (-1.5000000, -0.4600000, 0.0000000),
        (-1.5000000, -0.4200000, 0.0000000),
        (-1.5000000, -0.3800000, 0.0000000),
        (-1.5000000, -0.3400000, 0.0000000),
        (-1.5000000, -0.3000000, 0.0000000),
        (-1.5000000, -0.2600000, 0.0000000),
        (-1.5000000, -0.2200000, 0.0000000),
        (-1.5000000, -0.1800000, 0.0000000),
        (-1.5000000, -0.1400000, 0.0000000),
        (-1.5000000, -0.1000000, 0.0000000),
        (-1.5000000, -0.0600000, 0.0000000),
        (-1.5000000, -0.0200000, 0.0000000),
        (-1.5000000, 0.0200000, 0.0000000),
        (-1.5000000, 0.0600000, 0.0000000),
        (-1.5000000, 0.1000000, 0.0000000),
        (-1.5000000, 0.1400000, 0.0000000),
        (-1.5000000, 0.1800000, 0.0000000),
        (-1.5000000, 0.2200000, 0.0000000),
        (-1.5000000, 0.2600000, 0.0000000),
        (-1.5000000, 0.3000000, 0.0000000),
        (-1.5000000, 0.3400000, 0.0000000),
        (-1.5000000, 0.3800000, 0.0000000),
        (-1.5000000, 0.4200000, 0.0000000),
        (-1.5000000, 0.4600000, 0.0000000),
        (-1.5000000, 0.5000000, 0.0000000),
        (-1.5000000, 0.5400000, 0.0000000),
        (-1.5000000, 0.5800000, 0.0000000),
        (-1.5000000, 0.6200000, 0.0000000),
        (-1.5000000, 0.6600000, 0.0000000),
        (-1.5000000, 0.7000000, 0.0000000),
        (-1.5000000, 0.7400000, 0.0000000),
        (-1.5000000, 0.7800000, 0.0000000),
        (-1.5000000, 0.8200000, 0.0000000),
        (-1.5000000, 0.8600000, 0.0000000),
        (-1.5000000, 0.9000000, 0.0000000),
        (-1.5000000, 0.9400000, 0.0000000),
        (-1.5000000, 0.9800000, 0.0000000),
        (-1.5000000, 1.0200000, 0.0000000),
        (-1.5000000, 1.0600000, 0.0000000),
        (-1.5000000, 1.1000000, 0.0000000),
        (-1.5000000, 1.1400000, 0.0000000),
        (-1.5000000, 1.1800000, 0.0000000),
        (-1.5000000, 1.2200000, 0.0000000),
        (-1.5000000, 1.2600000, 0.0000000),
        (-1.5000000, 1.3000000, 0.0000000),
        (-1.5000000, 1.3400000, 0.0000000),
        (-1.5000000, 1.3800000, 0.0000000),
        (-1.5000000, 1.4200000, 0.0000000),
        (-1.5000000, 1.4600000, 0.0000000),
        (-1.5000000, 1.5000000, 0.0000000),
        (-1.4600000, -1.5000000, 0.0000000),
        (-1.4600000, -1.4600000, 0.0000000),
        (-1.4600000, -1.4200000, 0.0000000),
        (-1.4600000, -1.3800000, 0.0000000),
        (-1.4600000, -1.3400000, 0.0000000),
        (-1.4600000, -1.3000000, 0.0000000),
        (-1.4600000, -1.2600000, 0.0000000),
        (-1.4600000, -1.2200000, 0.0000000),
        (-1.4600000, -1.1800000, 0.0000000),
        (-1.4600000, -1.1400000, 0.0000000),
        (-1.4600000, -1.1000000, 0.0000000),
        (-1.4600000, -1.0600000, 0.0000000),
        (-1.4600000, -1.0200000, 0.0000000),
        (-1.4600000, -0.9800000, 0.0000000),
        (-1.4600000, -0.9400000, 0.0000000),
        (-1.4600000, -0.9000000, 0.0000000),
        (-1.4600000, -0.8600000, 0.0000000),
        (-1.4600000, -0.8200000, 0.0000000),
        (-1.4600000, -0.7800000, 0.0000000),
        (-1.4600000, -0.7400000, 0.0000000),
        (-1.4600000, -0.7000000, 0.0000000),
        (-1.4600000, -0.6600000, 0.0000000),
        (-1.4600000, -0.6200000, 0.0000000),
        (-1.4600000, -0.5800000, 0.0000000),
        (-1.4600000, -0.5400000, 0.0000000),
        (-1.4600000, -0.5000000, 0.0000000),
        (-1.4600000, -0.4600000, 0.0000000),
        (-1.4600000, -0.4200000, 0.0000000),
        (-1.4600000, -0.3800000, 0.0000000),
        (-1.4600000, -0.3400000, 0.0000000),
        (-1.4600000, -0.3000000, 0.0000000),
        (-1.4600000, -0.2600000, 0.0000000),
        (-1.4600000, -0.2200000, 0.0000000),
        (-1.4600000, -0.1800000, 0.0000000),
        (-1.4600000, -0.1400000, 0.0000000),
        (-1.4600000, -0.1000000, 0.0000000),
        (-1.4600000, -0.0600000, 0.0000000),
        (-1.4600000, -0.0200000, 0.0000000),
        (-1.4600000, 0.0200000, 0.0000000),
        (-1.4600000, 0.0600000, 0.0000000),
        (-1.4600000, 0.1000000, 0.0000000),
        (-1.4600000, 0.1400000, 0.0000000),
        (-1.4600000, 0.1800000, 0.0000000),
        (-1.4600000, 0.2200000, 0.0000000),
        (-1.4600000, 0.2600000, 0.0000000),
        (-1.4600000, 0.3000000, 0.0000000),
        (-1.4600000, 0.3400000, 0.0000000),
        (-1.4600000, 0.3800000, 0.0000000),
        (-1.4600000, 0.4200000, 0.0000000),
        (-1.4600000, 0.4600000, 0.0000000),
        (-1.4600000, 0.5000000, 0.0000000),
        (-1.4600000, 0.5400000, 0.0000000),
        (-1.4600000, 0.5800000, 0.0000000),
        (-1.4600000, 0.6200000, 0.0000000),
        (-1.4600000, 0.6600000, 0.0000000),
        (-1.4600000, 0.7000000, 0.0000000),
        (-1.4600000, 0.7400000, 0.0000000),
        (-1.4600000, 0.7800000, 0.0000000),
        (-1.4600000, 0.8200000, 0.0000000),
        (-1.4600000, 0.8600000, 0.0000000),
        (-1.4600000, 0.9000000, 0.0000000),
        (-1.4600000, 0.9400000, 0.0000000),
        (-1.4600000, 0.9800000, 0.0000000),
        (-1.4600000, 1.0200000, 0.0000000),
        (-1.4600000, 1.0600000, 0.0000000),
        (-1.4600000, 1.1000000, 0.0000000),
        (-1.4600000, 1.1400000, 0.0000000),
        (-1.4600000, 1.1800000, 0.0000000),
        (-1.4600000, 1.2200000, 0.0000000),
        (-1.4600000, 1.2600000, 0.0000000),
        (-1.4600000, 1.3000000, 0.0000000),
        (-1.4600000, 1.3400000, 0.0000000),
        (-1.4600000, 1.3800000, 0.0000000),
        (-1.4600000, 1.4200000, 0.0000000),
        (-1.4600000, 1.4600000, 0.0000000),
        (-1.4600000, 1.5000000, 0.0000000),
        (-1.4200000, -1.5000000, 0.0000000),
        (-1.4200000, -1.4600000, 0.0000000),
        (-1.4200000, -1.4200000, 0.0000000),
        (-1.4200000, -1.3800000, 0.0000000),
        (-1.4200000, -1.3400000, 0.0000000),
        (-1.4200000, -1.3000000, 0.0000000),
        (-1.4200000, -1.2600000, 0.0000000),
        (-1.4200000, -1.2200000, 0.0000000),
        (-1.4200000, -1.1800000, 0.0000000),
        (-1.4200000, -1.1400000, 0.0000000),
        (-1.4200000, -1.1000000, 0.0000000),
        (-1.4200000, -1.0600000, 0.0000000),
        (-1.4200000, -1.0200000, 0.0000000),
        (-1.4200000, -0.9800000, 0.0000000),
        (-1.4200000, -0.9400000, 0.0000000),
        (-1.4200000, -0.9000000, 0.0000000),
        (-1.4200000, -0.8600000, 0.0000000),
        (-1.4200000, -0.8200000, 0.0000000),
        (-1.4200000, -0.7800000, 0.0000000),
        (-1.4200000, -0.7400000, 0.0000000),
        (-1.4200000, -0.7000000, 0.0000000),
        (-1.4200000, -0.6600000, 0.0000000),
        (-1.4200000, -0.6200000, 0.0000000),
        (-1.4200000, -0.5800000, 0.0000000),
        (-1.4200000, -0.5400000, 0.0000000),
        (-1.4200000, -0.5000000, 0.0000000),
        (-1.4200000, -0.4600000, 0.0000000),
        (-1.4200000, -0.4200000, 0.0000000),
        (-1.4200000, -0.3800000, 0.0000000),
        (-1.4200000, -0.3400000, 0.0000000),
        (-1.4200000, -0.3000000, 0.0000000),
        (-1.4200000, -0.2600000, 0.0000000),
        (-1.4200000, -0.2200000, 0.0000000),
        (-1.4200000, -0.1800000, 0.0000000),
        (-1.4200000, -0.1400000, 0.0000000),
        (-1.4200000, -0.1000000, 0.0000000),
        (-1.4200000, -0.0600000, 0.0000000),
        (-1.4200000, -0.0200000, 0.0000000),
        (-1.4200000, 0.0200000, 0.0000000),
        (-1.4200000, 0.0600000, 0.0000000),
        (-1.4200000, 0.1000000, 0.0000000),
        (-1.4200000, 0.1400000, 0.0000000),
        (-1.4200000, 0.1800000, 0.0000000),
        (-1.4200000, 0.2200000, 0.0000000),
        (-1.4200000, 0.2600000, 0.0000000),
        (-1.4200000, 0.3000000, 0.0000000),
        (-1.4200000, 0.3400000, 0.0000000),
        (-1.4200000, 0.3800000, 0.0000000),
        (-1.4200000, 0.4200000, 0.0000000),
        (-1.4200000, 0.4600000, 0.0000000),
        (-1.4200000, 0.5000000, 0.0000000),
        (-1.4200000, 0.5400000, 0.0000000),
        (-1.4200000, 0.5800000, 0.0000000),
        (-1.4200000, 0.6200000, 0.0000000),
        (-1.4200000, 0.6600000, 0.0000000),
        (-1.4200000, 0.7000000, 0.0000000),
        (-1.4200000, 0.7400000, 0.0000000),
        (-1.4200000, 0.7800000, 0.0000000),
        (-1.4200000, 0.8200000, 0.0000000),
        (-1.4200000, 0.8600000, 0.0000000),
        (-1.4200000, 0.9000000, 0.0000000),
        (-1.4200000, 0.9400000, 0.0000000),
        (-1.4200000, 0.9800000, 0.0000000),
        (-1.4200000, 1.0200000, 0.0000000),
        (-1.4200000, 1.0600000, 0.0000000),
        (-1.4200000, 1.1000000, 0.0000000),
        (-1.4200000, 1.1400000, 0.0000000),
        (-1.4200000, 1.1800000, 0.0000000),
        (-1.4200000, 1.2200000, 0.0000000),
        (-1.4200000, 1.2600000, 0.0000000),
        (-1.4200000, 1.3000000, 0.0000000),
        (-1.4200000, 1.3400000, 0.0000000),
        (-1.4200000, 1.3800000, 0.0000000),
        (-1.4200000, 1.4200000, 0.0000000),
        (-1.4200000, 1.4600000, 0.0000000),
        (-1.4200000, 1.5000000, 0.0000000),
        (-1.3800000, -1.5000000, 0.0000000),
        (-1.3800000, -1.4600000, 0.0000000),
        (-1.3800000, -1.4200000, 0.0000000),
        (-1.3800000, -1.3800000, 0.0000000),
        (-1.3800000, -1.3400000, 0.0000000),
        (-1.3800000, -1.3000000, 0.0000000),
        (-1.3800000, -1.2600000, 0.0000000),
        (-1.3800000, -1.2200000, 0.0000000),
        (-1.3800000, -1.1800000, 0.0000000),
        (-1.3800000, -1.1400000, 0.0000000),
        (-1.3800000, -1.1000000, 0.0000000),
        (-1.3800000, -1.0600000, 0.0000000),
        (-1.3800000, -1.0200000, 0.0000000),
        (-1.3800000, -0.9800000, 0.0000000),
        (-1.3800000, -0.9400000, 0.0000000),
        (-1.3800000, -0.9000000, 0.0000000),
        (-1.3800000, -0.8600000, 0.0000000),
        (-1.3800000, -0.8200000, 0.0000000),
        (-1.3800000, -0.7800000, 0.0000000),
        (-1.3800000, -0.7400000, 0.0000000),
        (-1.3800000, -0.7000000, 0.0000000),
        (-1.3800000, -0.6600000, 0.0000000),
        (-1.3800000, -0.6200000, 0.0000000),
        (-1.3800000, -0.5800000, 0.0000000),
        (-1.3800000, -0.5400000, 0.0000000),
        (-1.3800000, -0.5000000, 0.0000000),
        (-1.3800000, -0.4600000, 0.0000000),
        (-1.3800000, -0.4200000, 0.0000000),
        (-1.3800000, -0.3800000, 0.0000000),
        (-1.3800000, -0.3400000, 0.0000000),
        (-1.3800000, -0.3000000, 0.0000000),
        (-1.3800000, -0.2600000, 0.0000000),
        (-1.3800000, -0.2200000, 0.0000000),
        (-1.3800000, -0.1800000, 0.0000000),
        (-1.3800000, -0.1400000, 0.0000000),
        (-1.3800000, -0.1000000, 0.0000000),
        (-1.3800000, -0.0600000, 0.0000000),
        (-1.3800000, -0.0200000, 0.0000000),
        (-1.3800000, 0.0200000, 0.0000000),
        (-1.3800000, 0.0600000, 0.0000000),
        (-1.3800000, 0.1000000, 0.0000000),
        (-1.3800000, 0.1400000, 0.0000000),
        (-1.3800000, 0.1800000, 0.0000000),
        (-1.3800000, 0.2200000, 0.0000000),
        (-1.3800000, 0.2600000, 0.0000000),
        (-1.3800000, 0.3000000, 0.0000000),
        (-1.3800000, 0.3400000, 0.0000000),
        (-1.3800000, 0.3800000, 0.0000000),
        (-1.3800000, 0.4200000, 0.0000000),
        (-1.3800000, 0.4600000, 0.0000000),
        (-1.3800000, 0.5000000, 0.0000000),
        (-1.3800000, 0.5400000, 0.0000000),
        (-1.3800000, 0.5800000, 0.0000000),
        (-1.3800000, 0.6200000, 0.0000000),
        (-1.3800000, 0.6600000, 0.0000000),
        (-1.3800000, 0.7000000, 0.0000000),
        (-1.3800000, 0.7400000, 0.0000000),
        (-1.3800000, 0.7800000, 0.0000000),
        (-1.3800000, 0.8200000, 0.0000000),
        (-1.3800000, 0.8600000, 0.0000000),
        (-1.3800000, 0.9000000, 0.0000000),
        (-1.3800000, 0.9400000, 0.0000000),
        (-1.3800000, 0.9800000, 0.0000000),
        (-1.3800000, 1.0200000, 0.0000000),
        (-1.3800000, 1.0600000, 0.0000000),
        (-1.3800000, 1.1000000, 0.0000000),
        (-1.3800000, 1.1400000, 0.0000000),
        (-1.3800000, 1.1800000, 0.0000000),
        (-1.3800000, 1.2200000, 0.0000000),
        (-1.3800000, 1.2600000, 0.0000000),
        (-1.3800000, 1.3000000, 0.0000000),
        (-1.3800000, 1.3400000, 0.0000000),
        (-1.3800000, 1.3800000, 0.0000000),
        (-1.3800000, 1.4200000, 0.0000000),
        (-1.3800000, 1.4600000, 0.0000000),
        (-1.3800000, 1.5000000, 0.0000000),
        (-1.3400000, -1.5000000, 0.0000000),
        (-1.3400000, -1.4600000, 0.0000000),
        (-1.3400000, -1.4200000, 0.0000000),
        (-1.3400000, -1.3800000, 0.0000000),
        (-1.3400000, -1.3400000, 0.0000000),
        (-1.3400000, -1.3000000, 0.0000000),
        (-1.3400000, -1.2600000, 0.0000000),
        (-1.3400000, -1.2200000, 0.0000000),
        (-1.3400000, -1.1800000, 0.0000000),
        (-1.3400000, -1.1400000, 0.0000000),
        (-1.3400000, -1.1000000, 0.0000000),
        (-1.3400000, -1.0600000, 0.0000000),
        (-1.3400000, -1.0200000, 0.0000000),
        (-1.3400000, -0.9800000, 0.0000000),
        (-1.3400000, -0.9400000, 0.0000000),
        (-1.3400000, -0.9000000, 0.0000000),
        (-1.3400000, -0.8600000, 0.0000000),
        (-1.3400000, -0.8200000, 0.0000000),
        (-1.3400000, -0.7800000, 0.0000000),
        (-1.3400000, -0.7400000, 0.0000000),
        (-1.3400000, -0.7000000, 0.0000000),
        (-1.3400000, -0.6600000, 0.0000000),
        (-1.3400000, -0.6200000, 0.0000000),
        (-1.3400000, -0.5800000, 0.0000000),
        (-1.3400000, -0.5400000, 0.0000000),
        (-1.3400000, -0.5000000, 0.0000000),
        (-1.3400000, -0.4600000, 0.0000000),
        (-1.3400000, -0.4200000, 0.0000000),
        (-1.3400000, -0.3800000, 0.0000000),
        (-1.3400000, -0.3400000, 0.0000000),
        (-1.3400000, -0.3000000, 0.0000000),
        (-1.3400000, -0.2600000, 0.0000000),
        (-1.3400000, -0.2200000, 0.0000000),
        (-1.3400000, -0.1800000, 0.0000000),
        (-1.3400000, -0.1400000, 0.0000000),
        (-1.3400000, -0.1000000, 0.0000000),
        (-1.3400000, -0.0600000, 0.0000000),
        (-1.3400000, -0.0200000, 0.0000000),
        (-1.3400000, 0.0200000, 0.0000000),
        (-1.3400000, 0.0600000, 0.0000000),
        (-1.3400000, 0.1000000, 0.0000000),
        (-1.3400000, 0.1400000, 0.0000000),
        (-1.3400000, 0.1800000, 0.0000000),
        (-1.3400000, 0.2200000, 0.0000000),
        (-1.3400000, 0.2600000, 0.0000000),
        (-1.3400000, 0.3000000, 0.0000000),
        (-1.3400000, 0.3400000, 0.0000000),
        (-1.3400000, 0.3800000, 0.0000000),
        (-1.3400000, 0.4200000, 0.0000000),
        (-1.3400000, 0.4600000, 0.0000000),
        (-1.3400000, 0.5000000, 0.0000000),
        (-1.3400000, 0.5400000, 0.0000000),
        (-1.3400000, 0.5800000, 0.0000000),
        (-1.3400000, 0.6200000, 0.0000000),
        (-1.3400000, 0.6600000, 0.0000000),
        (-1.3400000, 0.7000000, 0.0000000),
        (-1.3400000, 0.7400000, 0.0000000),
        (-1.3400000, 0.7800000, 0.0000000),
        (-1.3400000, 0.8200000, 0.0000000),
        (-1.3400000, 0.8600000, 0.0000000),
        (-1.3400000, 0.9000000, 0.0000000),
        (-1.3400000, 0.9400000, 0.0000000),
        (-1.3400000, 0.9800000, 0.0000000),
        (-1.3400000, 1.0200000, 0.0000000),
        (-1.3400000, 1.0600000, 0.0000000),
        (-1.3400000, 1.1000000, 0.0000000),
        (-1.3400000, 1.1400000, 0.0000000),
        (-1.3400000, 1.1800000, 0.0000000),
        (-1.3400000, 1.2200000, 0.0000000),
        (-1.3400000, 1.2600000, 0.0000000),
        (-1.3400000, 1.3000000, 0.0000000),
        (-1.3400000, 1.3400000, 0.0000000),
        (-1.3400000, 1.3800000, 0.0000000),
        (-1.3400000, 1.4200000, 0.0000000),
        (-1.3400000, 1.4600000, 0.0000000),
        (-1.3400000, 1.5000000, 0.0000000),
        (-1.3000000, -1.5000000, 0.0000000),
        (-1.3000000, -1.4600000, 0.0000000),
        (-1.3000000, -1.4200000, 0.0000000),
        (-1.3000000, -1.3800000, 0.0000000),
        (-1.3000000, -1.3400000, 0.0000000),
        (-1.3000000, -1.3000000, 0.0000000),
        (-1.3000000, -1.2600000, 0.0000000),
        (-1.3000000, -1.2200000, 0.0000000),
        (-1.3000000, -1.1800000, 0.0000000),
        (-1.3000000, -1.1400000, 0.0000000),
        (-1.3000000, -1.1000000, 0.0000000),
        (-1.3000000, -1.0600000, 0.0000000),
        (-1.3000000, -1.0200000, 0.0000000),
        (-1.3000000, -0.9800000, 0.0000000),
        (-1.3000000, -0.9400000, 0.0000000),
        (-1.3000000, -0.9000000, 0.0000000),
        (-1.3000000, -0.8600000, 0.0000000),
        (-1.3000000, -0.8200000, 0.0000000),
        (-1.3000000, -0.7800000, 0.0000000),
        (-1.3000000, -0.7400000, 0.0000000),
        (-1.3000000, -0.7000000, 0.0000000),
        (-1.3000000, -0.6600000, 0.0000000),
        (-1.3000000, -0.6200000, 0.0000000),
        (-1.3000000, -0.5800000, 0.0000000),
        (-1.3000000, -0.5400000, 0.0000000),
        (-1.3000000, -0.5000000, 0.0000000),
        (-1.3000000, -0.4600000, 0.0000000),
        (-1.3000000, -0.4200000, 0.0000000),
        (-1.3000000, -0.3800000, 0.0000000),
        (-1.3000000, -0.3400000, 0.0000000),
        (-1.3000000, -0.3000000, 0.0000000),
        (-1.3000000, -0.2600000, 0.0000000),
        (-1.3000000, -0.2200000, 0.0000000),
        (-1.3000000, -0.1800000, 0.0000000),
        (-1.3000000, -0.1400000, 0.0000000),
        (-1.3000000, -0.1000000, 0.0000000),
        (-1.3000000, -0.0600000, 0.0000000),
        (-1.3000000, -0.0200000, 0.0000000),
        (-1.3000000, 0.0200000, 0.0000000),
        (-1.3000000, 0.0600000, 0.0000000),
        (-1.3000000, 0.1000000, 0.0000000),
        (-1.3000000, 0.1400000, 0.0000000),
        (-1.3000000, 0.1800000, 0.0000000),
        (-1.3000000, 0.2200000, 0.0000000),
        (-1.3000000, 0.2600000, 0.0000000),
        (-1.3000000, 0.3000000, 0.0000000),
        (-1.3000000, 0.3400000, 0.0000000),
        (-1.3000000, 0.3800000, 0.0000000),
        (-1.3000000, 0.4200000, 0.0000000),
        (-1.3000000, 0.4600000, 0.0000000),
        (-1.3000000, 0.5000000, 0.0000000),
        (-1.3000000, 0.5400000, 0.0000000),
        (-1.3000000, 0.5800000, 0.0000000),
        (-1.3000000, 0.6200000, 0.0000000),
        (-1.3000000, 0.6600000, 0.0000000),
        (-1.3000000, 0.7000000, 0.0000000),
        (-1.3000000, 0.7400000, 0.0000000),
        (-1.3000000, 0.7800000, 0.0000000),
        (-1.3000000, 0.8200000, 0.0000000),
        (-1.3000000, 0.8600000, 0.0000000),
        (-1.3000000, 0.9000000, 0.0000000),
        (-1.3000000, 0.9400000, 0.0000000),
        (-1.3000000, 0.9800000, 0.0000000),
        (-1.3000000, 1.0200000, 0.0000000),
        (-1.3000000, 1.0600000, 0.0000000),
        (-1.3000000, 1.1000000, 0.0000000),
        (-1.3000000, 1.1400000, 0.0000000),
        (-1.3000000, 1.1800000, 0.0000000),
        (-1.3000000, 1.2200000, 0.0000000),
        (-1.3000000, 1.2600000, 0.0000000),
        (-1.3000000, 1.3000000, 0.0000000),
        (-1.3000000, 1.3400000, 0.0000000),
        (-1.3000000, 1.3800000, 0.0000000),
        (-1.3000000, 1.4200000, 0.0000000),
        (-1.3000000, 1.4600000, 0.0000000),
        (-1.3000000, 1.5000000, 0.0000000),
        (-1.2600000, -1.5000000, 0.0000000),
        (-1.2600000, -1.4600000, 0.0000000),
        (-1.2600000, -1.4200000, 0.0000000),
        (-1.2600000, -1.3800000, 0.0000000),
        (-1.2600000, -1.3400000, 0.0000000),
        (-1.2600000, -1.3000000, 0.0000000),
        (-1.2600000, -1.2600000, 0.0000000),
        (-1.2600000, -1.2200000, 0.0000000),
        (-1.2600000, -1.1800000, 0.0000000),
        (-1.2600000, -1.1400000, 0.0000000),
        (-1.2600000, -1.1000000, 0.0000000),
        (-1.2600000, -1.0600000, 0.0000000),
        (-1.2600000, -1.0200000, 0.0000000),
        (-1.2600000, -0.9800000, 0.0000000),
        (-1.2600000, -0.9400000, 0.0000000),
        (-1.2600000, -0.9000000, 0.0000000),
        (-1.2600000, -0.8600000, 0.0000000),
        (-1.2600000, -0.8200000, 0.0000000),
        (-1.2600000, -0.7800000, 0.0000000),
        (-1.2600000, -0.7400000, 0.0000000),
        (-1.2600000, -0.7000000, 0.0000000),
        (-1.2600000, -0.6600000, 0.0000000),
        (-1.2600000, -0.6200000, 0.0000000),
        (-1.2600000, -0.5800000, 0.0000000),
        (-1.2600000, -0.5400000, 0.0000000),
        (-1.2600000, -0.5000000, 0.0000000),
        (-1.2600000, -0.4600000, 0.0000000),
        (-1.2600000, -0.4200000, 0.0000000),
        (-1.2600000, -0.3800000, 0.0000000),
        (-1.2600000, -0.3400000, 0.0000000),
        (-1.2600000, -0.3000000, 0.0000000),
        (-1.2600000, -0.2600000, 0.0000000),
        (-1.2600000, -0.2200000, 0.0000000),
        (-1.2600000, -0.1800000, 0.0000000),
        (-1.2600000, -0.1400000, 0.0000000),
        (-1.2600000, -0.1000000, 0.0000000),
        (-1.2600000, -0.0600000, 0.0000000),
        (-1.2600000, -0.0200000, 0.0000000),
        (-1.2600000, 0.0200000, 0.0000000),
        (-1.2600000, 0.0600000, 0.0000000),
        (-1.2600000, 0.1000000, 0.0000000),
        (-1.2600000, 0.1400000, 0.0000000),
        (-1.2600000, 0.1800000, 0.0000000),
        (-1.2600000, 0.2200000, 0.0000000),
        (-1.2600000, 0.2600000, 0.0000000),
        (-1.2600000, 0.3000000, 0.0000000),
        (-1.2600000, 0.3400000, 0.0000000),
        (-1.2600000, 0.3800000, 0.0000000),
        (-1.2600000, 0.4200000, 0.0000000),
        (-1.2600000, 0.4600000, 0.0000000),
        (-1.2600000, 0.5000000, 0.0000000),
        (-1.2600000, 0.5400000, 0.0000000),
        (-1.2600000, 0.5800000, 0.0000000),
        (-1.2600000, 0.6200000, 0.0000000),
        (-1.2600000, 0.6600000, 0.0000000),
        (-1.2600000, 0.7000000, 0.0000000),
        (-1.2600000, 0.7400000, 0.0000000),
        (-1.2600000, 0.7800000, 0.0000000),
        (-1.2600000, 0.8200000, 0.0000000),
        (-1.2600000, 0.8600000, 0.0000000),
        (-1.2600000, 0.9000000, 0.0000000),
        (-1.2600000, 0.9400000, 0.0000000),
        (-1.2600000, 0.9800000, 0.0000000),
        (-1.2600000, 1.0200000, 0.0000000),
        (-1.2600000, 1.0600000, 0.0000000),
        (-1.2600000, 1.1000000, 0.0000000),
        (-1.2600000, 1.1400000, 0.0000000),
        (-1.2600000, 1.1800000, 0.0000000),
        (-1.2600000, 1.2200000, 0.0000000),
        (-1.2600000, 1.2600000, 0.0000000),
        (-1.2600000, 1.3000000, 0.0000000),
        (-1.2600000, 1.3400000, 0.0000000),
        (-1.2600000, 1.3800000, 0.0000000),
        (-1.2600000, 1.4200000, 0.0000000),
        (-1.2600000, 1.4600000, 0.0000000),
        (-1.2600000, 1.5000000, 0.0000000),
        (-1.2200000, -1.5000000, 0.0000000),
        (-1.2200000, -1.4600000, 0.0000000),
        (-1.2200000, -1.4200000, 0.0000000),
        (-1.2200000, -1.3800000, 0.0000000),
        (-1.2200000, -1.3400000, 0.0000000),
        (-1.2200000, -1.3000000, 0.0000000),
        (-1.2200000, -1.2600000, 0.0000000),
        (-1.2200000, -1.2200000, 0.0000000),
        (-1.2200000, -1.1800000, 0.0000000),
        (-1.2200000, -1.1400000, 0.0000000),
        (-1.2200000, -1.1000000, 0.0000000),
        (-1.2200000, -1.0600000, 0.0000000),
        (-1.2200000, -1.0200000, 0.0000000),
        (-1.2200000, -0.9800000, 0.0000000),
        (-1.2200000, -0.9400000, 0.0000000),
        (-1.2200000, -0.9000000, 0.0000000),
        (-1.2200000, -0.8600000, 0.0000000),
        (-1.2200000, -0.8200000, 0.0000000),
        (-1.2200000, -0.7800000, 0.0000000),
        (-1.2200000, -0.7400000, 0.0000000),
        (-1.2200000, -0.7000000, 0.0000000),
        (-1.2200000, -0.6600000, 0.0000000),
        (-1.2200000, -0.6200000, 0.0000000),
        (-1.2200000, -0.5800000, 0.0000000),
        (-1.2200000, -0.5400000, 0.0000000),
        (-1.2200000, -0.5000000, 0.0000000),
        (-1.2200000, -0.4600000, 0.0000000),
        (-1.2200000, -0.4200000, 0.0000000),
        (-1.2200000, -0.3800000, 0.0000000),
        (-1.2200000, -0.3400000, 0.0000000),
        (-1.2200000, -0.3000000, 0.0000000),
        (-1.2200000, -0.2600000, 0.0000000),
        (-1.2200000, -0.2200000, 0.0000000),
        (-1.2200000, -0.1800000, 0.0000000),
        (-1.2200000, -0.1400000, 0.0000000),
        (-1.2200000, -0.1000000, 0.0000000),
        (-1.2200000, -0.0600000, 0.0000000),
        (-1.2200000, -0.0200000, 0.0000000),
        (-1.2200000, 0.0200000, 0.0000000),
        (-1.2200000, 0.0600000, 0.0000000),
        (-1.2200000, 0.1000000, 0.0000000),
        (-1.2200000, 0.1400000, 0.0000000),
        (-1.2200000, 0.1800000, 0.0000000),
        (-1.2200000, 0.2200000, 0.0000000),
        (-1.2200000, 0.2600000, 0.0000000),
        (-1.2200000, 0.3000000, 0.0000000),
        (-1.2200000, 0.3400000, 0.0000000),
        (-1.2200000, 0.3800000, 0.0000000),
        (-1.2200000, 0.4200000, 0.0000000),
        (-1.2200000, 0.4600000, 0.0000000),
        (-1.2200000, 0.5000000, 0.0000000),
        (-1.2200000, 0.5400000, 0.0000000),
        (-1.2200000, 0.5800000, 0.0000000),
        (-1.2200000, 0.6200000, 0.0000000),
        (-1.2200000, 0.6600000, 0.0000000),
        (-1.2200000, 0.7000000, 0.0000000),
        (-1.2200000, 0.7400000, 0.0000000),
        (-1.2200000, 0.7800000, 0.0000000),
        (-1.2200000, 0.8200000, 0.0000000),
        (-1.2200000, 0.8600000, 0.0000000),
        (-1.2200000, 0.9000000, 0.0000000),
        (-1.2200000, 0.9400000, 0.0000000),
        (-1.2200000, 0.9800000, 0.0000000),
        (-1.2200000, 1.0200000, 0.0000000),
        (-1.2200000, 1.0600000, 0.0000000),
        (-1.2200000, 1.1000000, 0.0000000),
        (-1.2200000, 1.1400000, 0.0000000),
        (-1.2200000, 1.1800000, 0.0000000),
        (-1.2200000, 1.2200000, 0.0000000),
        (-1.2200000, 1.2600000, 0.0000000),
        (-1.2200000, 1.3000000, 0.0000000),
        (-1.2200000, 1.3400000, 0.0000000),
        (-1.2200000, 1.3800000, 0.0000000),
        (-1.2200000, 1.4200000, 0.0000000),
        (-1.2200000, 1.4600000, 0.0000000),
        (-1.2200000, 1.5000000, 0.0000000),
        (-1.1800000, -1.5000000, 0.0000000),
        (-1.1800000, -1.4600000, 0.0000000),
        (-1.1800000, -1.4200000, 0.0000000),
        (-1.1800000, -1.3800000, 0.0000000),
        (-1.1800000, -1.3400000, 0.0000000),
        (-1.1800000, -1.3000000, 0.0000000),
        (-1.1800000, -1.2600000, 0.0000000),
        (-1.1800000, -1.2200000, 0.0000000),
        (-1.1800000, -1.1800000, 0.0000000),
        (-1.1800000, -1.1400000, 0.0000000),
        (-1.1800000, -1.1000000, 0.0000000),
        (-1.1800000, -1.0600000, 0.0000000),
        (-1.1800000, -1.0200000, 0.0000000),
        (-1.1800000, -0.9800000, 0.0000000),
        (-1.1800000, -0.9400000, 0.0000000),
        (-1.1800000, -0.9000000, 0.0000000),
        (-1.1800000, -0.8600000, 0.0000000),
        (-1.1800000, -0.8200000, 0.0000000),
        (-1.1800000, -0.7800000, 0.0000000),
        (-1.1800000, -0.7400000, 0.0000000),
        (-1.1800000, -0.7000000, 0.0000000),
        (-1.1800000, -0.6600000, 0.0000000),
        (-1.1800000, -0.6200000, 0.0000000),
        (-1.1800000, -0.5800000, 0.0000000),
        (-1.1800000, -0.5400000, 0.0000000),
        (-1.1800000, -0.5000000, 0.0000000),
        (-1.1800000, -0.4600000, 0.0000000),
        (-1.1800000, -0.4200000, 0.0000000),
        (-1.1800000, -0.3800000, 0.0000000),
        (-1.1800000, -0.3400000, 0.0000000),
        (-1.1800000, -0.3000000, 0.0000000),
        (-1.1800000, -0.2600000, 0.0000000),
        (-1.1800000, -0.2200000, 0.0000000),
        (-1.1800000, -0.1800000, 0.0000000),
        (-1.1800000, -0.1400000, 0.0000000),
        (-1.1800000, -0.1000000, 0.0000000),
        (-1.1800000, -0.0600000, 0.0000000),
        (-1.1800000, -0.0200000, 0.0000000),
        (-1.1800000, 0.0200000, 0.0000000),
        (-1.1800000, 0.0600000, 0.0000000),
        (-1.1800000, 0.1000000, 0.0000000),
        (-1.1800000, 0.1400000, 0.0000000),
        (-1.1800000, 0.1800000, 0.0000000),
        (-1.1800000, 0.2200000, 0.0000000),
        (-1.1800000, 0.2600000, 0.0000000),
        (-1.1800000, 0.3000000, 0.0000000),
        (-1.1800000, 0.3400000, 0.0000000),
        (-1.1800000, 0.3800000, 0.0000000),
        (-1.1800000, 0.4200000, 0.0000000),
        (-1.1800000, 0.4600000, 0.0000000),
        (-1.1800000, 0.5000000, 0.0000000),
        (-1.1800000, 0.5400000, 0.0000000),
        (-1.1800000, 0.5800000, 0.0000000),
        (-1.1800000, 0.6200000, 0.0000000),
        (-1.1800000, 0.6600000, 0.0000000),
        (-1.1800000, 0.7000000, 0.0000000),
        (-1.1800000, 0.7400000, 0.0000000),
        (-1.1800000, 0.7800000, 0.0000000),
        (-1.1800000, 0.8200000, 0.0000000),
        (-1.1800000, 0.8600000, 0.0000000),
        (-1.1800000, 0.9000000, 0.0000000),
        (-1.1800000, 0.9400000, 0.0000000),
        (-1.1800000, 0.9800000, 0.0000000),
        (-1.1800000, 1.0200000, 0.0000000),
        (-1.1800000, 1.0600000, 0.0000000),
        (-1.1800000, 1.1000000, 0.0000000),
        (-1.1800000, 1.1400000, 0.0000000),
        (-1.1800000, 1.1800000, 0.0000000),
        (-1.1800000, 1.2200000, 0.0000000),
        (-1.1800000, 1.2600000, 0.0000000),
        (-1.1800000, 1.3000000, 0.0000000),
        (-1.1800000, 1.3400000, 0.0000000),
        (-1.1800000, 1.3800000, 0.0000000),
        (-1.1800000, 1.4200000, 0.0000000),
        (-1.1800000, 1.4600000, 0.0000000),
        (-1.1800000, 1.5000000, 0.0000000),
        (-1.1400000, -1.5000000, 0.0000000),
        (-1.1400000, -1.4600000, 0.0000000),
        (-1.1400000, -1.4200000, 0.0000000),
        (-1.1400000, -1.3800000, 0.0000000),
        (-1.1400000, -1.3400000, 0.0000000),
        (-1.1400000, -1.3000000, 0.0000000),
        (-1.1400000, -1.2600000, 0.0000000),
        (-1.1400000, -1.2200000, 0.0000000),
        (-1.1400000, -1.1800000, 0.0000000),
        (-1.1400000, -1.1400000, 0.0000000),
        (-1.1400000, -1.1000000, 0.0000000),
        (-1.1400000, -1.0600000, 0.0000000),
        (-1.1400000, -1.0200000, 0.0000000),
        (-1.1400000, -0.9800000, 0.0000000),
        (-1.1400000, -0.9400000, 0.0000000),
        (-1.1400000, -0.9000000, 0.0000000),
        (-1.1400000, -0.8600000, 0.0000000),
        (-1.1400000, -0.8200000, 0.0000000),
        (-1.1400000, -0.7800000, 0.0000000),
        (-1.1400000, -0.7400000, 0.0000000),
        (-1.1400000, -0.7000000, 0.0000000),
        (-1.1400000, -0.6600000, 0.0000000),
        (-1.1400000, -0.6200000, 0.0000000),
        (-1.1400000, -0.5800000, 0.0000000),
        (-1.1400000, -0.5400000, 0.0000000),
        (-1.1400000, -0.5000000, 0.0000000),
        (-1.1400000, -0.4600000, 0.0000000),
        (-1.1400000, -0.4200000, 0.0000000),
        (-1.1400000, -0.3800000, 0.0000000),
        (-1.1400000, -0.3400000, 0.0000000),
        (-1.1400000, -0.3000000, 0.0000000),
        (-1.1400000, -0.2600000, 0.0000000),
        (-1.1400000, -0.2200000, 0.0000000),
        (-1.1400000, -0.1800000, 0.0000000),
        (-1.1400000, -0.1400000, 0.0000000),
        (-1.1400000, -0.1000000, 0.0000000),
        (-1.1400000, -0.0600000, 0.0000000),
        (-1.1400000, -0.0200000, 0.0000000),
        (-1.1400000, 0.0200000, 0.0000000),
        (-1.1400000, 0.0600000, 0.0000000),
        (-1.1400000, 0.1000000, 0.0000000),
        (-1.1400000, 0.1400000, 0.0000000),
        (-1.1400000, 0.1800000, 0.0000000),
        (-1.1400000, 0.2200000, 0.0000000),
        (-1.1400000, 0.2600000, 0.0000000),
        (-1.1400000, 0.3000000, 0.0000000),
        (-1.1400000, 0.3400000, 0.0000000),
        (-1.1400000, 0.3800000, 0.0000000),
        (-1.1400000, 0.4200000, 0.0000000),
        (-1.1400000, 0.4600000, 0.0000000),
        (-1.1400000, 0.5000000, 0.0000000),
        (-1.1400000, 0.5400000, 0.0000000),
        (-1.1400000, 0.5800000, 0.0000000),
        (-1.1400000, 0.6200000, 0.0000000),
        (-1.1400000, 0.6600000, 0.0000000),
        (-1.1400000, 0.7000000, 0.0000000),
        (-1.1400000, 0.7400000, 0.0000000),
        (-1.1400000, 0.7800000, 0.0000000),
        (-1.1400000, 0.8200000, 0.0000000),
        (-1.1400000, 0.8600000, 0.0000000),
        (-1.1400000, 0.9000000, 0.0000000),
        (-1.1400000, 0.9400000, 0.0000000),
        (-1.1400000, 0.9800000, 0.0000000),
        (-1.1400000, 1.0200000, 0.0000000),
        (-1.1400000, 1.0600000, 0.0000000),
        (-1.1400000, 1.1000000, 0.0000000),
        (-1.1400000, 1.1400000, 0.0000000),
        (-1.1400000, 1.1800000, 0.0000000),
        (-1.1400000, 1.2200000, 0.0000000),
        (-1.1400000, 1.2600000, 0.0000000),
        (-1.1400000, 1.3000000, 0.0000000),
        (-1.1400000, 1.3400000, 0.0000000),
        (-1.1400000, 1.3800000, 0.0000000),
        (-1.1400000, 1.4200000, 0.0000000),
        (-1.1400000, 1.4600000, 0.0000000),
        (-1.1400000, 1.5000000, 0.0000000),
        (-1.1000000, -1.5000000, 0.0000000),
        (-1.1000000, -1.4600000, 0.0000000),
        (-1.1000000, -1.4200000, 0.0000000),
        (-1.1000000, -1.3800000, 0.0000000),
        (-1.1000000, -1.3400000, 0.0000000),
        (-1.1000000, -1.3000000, 0.0000000),
        (-1.1000000, -1.2600000, 0.0000000),
        (-1.1000000, -1.2200000, 0.0000000),
        (-1.1000000, -1.1800000, 0.0000000),
        (-1.1000000, -1.1400000, 0.0000000),
        (-1.1000000, -1.1000000, 0.0000000),
        (-1.1000000, -1.0600000, 0.0000000),
        (-1.1000000, -1.0200000, 0.0000000),
        (-1.1000000, -0.9800000, 0.0000000),
        (-1.1000000, -0.9400000, 0.0000000),
        (-1.1000000, -0.9000000, 0.0000000),
        (-1.1000000, -0.8600000, 0.0000000),
        (-1.1000000, -0.8200000, 0.0000000),
        (-1.1000000, -0.7800000, 0.0000000),
        (-1.1000000, -0.7400000, 0.0000000),
        (-1.1000000, -0.7000000, 0.0000000),
        (-1.1000000, -0.6600000, 0.0000000),
        (-1.1000000, -0.6200000, 0.0000000),
        (-1.1000000, -0.5800000, 0.0000000),
        (-1.1000000, -0.5400000, 0.0000000),
        (-1.1000000, -0.5000000, 0.0000000),
        (-1.1000000, -0.4600000, 0.0000000),
        (-1.1000000, -0.4200000, 0.0000000),
        (-1.1000000, -0.3800000, 0.0000000),
        (-1.1000000, -0.3400000, 0.0000000),
        (-1.1000000, -0.3000000, 0.0000000),
        (-1.1000000, -0.2600000, 0.0000000),
        (-1.1000000, -0.2200000, 0.0000000),
        (-1.1000000, -0.1800000, 0.0000000),
        (-1.1000000, -0.1400000, 0.0000000),
        (-1.1000000, -0.1000000, 0.0000000),
        (-1.1000000, -0.0600000, 0.0000000),
        (-1.1000000, -0.0200000, 0.0000000),
        (-1.1000000, 0.0200000, 0.0000000),
        (-1.1000000, 0.0600000, 0.0000000),
        (-1.1000000, 0.1000000, 0.0000000),
        (-1.1000000, 0.1400000, 0.0000000),
        (-1.1000000, 0.1800000, 0.0000000),
        (-1.1000000, 0.2200000, 0.0000000),
        (-1.1000000, 0.2600000, 0.0000000),
        (-1.1000000, 0.3000000, 0.0000000),
        (-1.1000000, 0.3400000, 0.0000000),
        (-1.1000000, 0.3800000, 0.0000000),
        (-1.1000000, 0.4200000, 0.0000000),
        (-1.1000000, 0.4600000, 0.0000000),
        (-1.1000000, 0.5000000, 0.0000000),
        (-1.1000000, 0.5400000, 0.0000000),
        (-1.1000000, 0.5800000, 0.0000000),
        (-1.1000000, 0.6200000, 0.0000000),
        (-1.1000000, 0.6600000, 0.0000000),
        (-1.1000000, 0.7000000, 0.0000000),
        (-1.1000000, 0.7400000, 0.0000000),
        (-1.1000000, 0.7800000, 0.0000000),
        (-1.1000000, 0.8200000, 0.0000000),
        (-1.1000000, 0.8600000, 0.0000000),
        (-1.1000000, 0.9000000, 0.0000000),
        (-1.1000000, 0.9400000, 0.0000000),
        (-1.1000000, 0.9800000, 0.0000000),
        (-1.1000000, 1.0200000, 0.0000000),
        (-1.1000000, 1.0600000, 0.0000000),
        (-1.1000000, 1.1000000, 0.0000000),
        (-1.1000000, 1.1400000, 0.0000000),
        (-1.1000000, 1.1800000, 0.0000000),
        (-1.1000000, 1.2200000, 0.0000000),
        (-1.1000000, 1.2600000, 0.0000000),
        (-1.1000000, 1.3000000, 0.0000000),
        (-1.1000000, 1.3400000, 0.0000000),
        (-1.1000000, 1.3800000, 0.0000000),
        (-1.1000000, 1.4200000, 0.0000000),
        (-1.1000000, 1.4600000, 0.0000000),
        (-1.1000000, 1.5000000, 0.0000000),
        (-1.0600000, -1.5000000, 0.0000000),
        (-1.0600000, -1.4600000, 0.0000000),
        (-1.0600000, -1.4200000, 0.0000000),
        (-1.0600000, -1.3800000, 0.0000000),
        (-1.0600000, -1.3400000, 0.0000000),
        (-1.0600000, -1.3000000, 0.0000000),
        (-1.0600000, -1.2600000, 0.0000000),
        (-1.0600000, -1.2200000, 0.0000000),
        (-1.0600000, -1.1800000, 0.0000000),
        (-1.0600000, -1.1400000, 0.0000000),
        (-1.0600000, -1.1000000, 0.0000000),
        (-1.0600000, -1.0600000, 0.0000000),
        (-1.0600000, -1.0200000, 0.0000000),
        (-1.0600000, -0.9800000, 0.0000000),
        (-1.0600000, -0.9400000, 0.0000000),
        (-1.0600000, -0.9000000, 0.0000000),
        (-1.0600000, -0.8600000, 0.0000000),
        (-1.0600000, -0.8200000, 0.0000000),
        (-1.0600000, -0.7800000, 0.0000000),
        (-1.0600000, -0.7400000, 0.0000000),
        (-1.0600000, -0.7000000, 0.0000000),
        (-1.0600000, -0.6600000, 0.0000000),
        (-1.0600000, -0.6200000, 0.0000000),
        (-1.0600000, -0.5800000, 0.0000000),
        (-1.0600000, -0.5400000, 0.0000000),
        (-1.0600000, -0.5000000, 0.0000000),
        (-1.0600000, -0.4600000, 0.0000000),
        (-1.0600000, -0.4200000, 0.0000000),
        (-1.0600000, -0.3800000, 0.0000000),
        (-1.0600000, -0.3400000, 0.0000000),
        (-1.0600000, -0.3000000, 0.0000000),
        (-1.0600000, -0.2600000, 0.0000000),
        (-1.0600000, -0.2200000, 0.0000000),
        (-1.0600000, -0.1800000, 0.0000000),
        (-1.0600000, -0.1400000, 0.0000000),
        (-1.0600000, -0.1000000, 0.0000000),
        (-1.0600000, -0.0600000, 0.0000000),
        (-1.0600000, -0.0200000, 0.0000000),
        (-1.0600000, 0.0200000, 0.0000000),
        (-1.0600000, 0.0600000, 0.0000000),
        (-1.0600000, 0.1000000, 0.0000000),
        (-1.0600000, 0.1400000, 0.0000000),
        (-1.0600000, 0.1800000, 0.0000000),
        (-1.0600000, 0.2200000, 0.0000000),
        (-1.0600000, 0.2600000, 0.0000000),
        (-1.0600000, 0.3000000, 0.0000000),
        (-1.0600000, 0.3400000, 0.0000000),
        (-1.0600000, 0.3800000, 0.0000000),
        (-1.0600000, 0.4200000, 0.0000000),
        (-1.0600000, 0.4600000, 0.0000000),
        (-1.0600000, 0.5000000, 0.0000000),
        (-1.0600000, 0.5400000, 0.0000000),
        (-1.0600000, 0.5800000, 0.0000000),
        (-1.0600000, 0.6200000, 0.0000000),
        (-1.0600000, 0.6600000, 0.0000000),
        (-1.0600000, 0.7000000, 0.0000000),
        (-1.0600000, 0.7400000, 0.0000000),
        (-1.0600000, 0.7800000, 0.0000000),
        (-1.0600000, 0.8200000, 0.0000000),
        (-1.0600000, 0.8600000, 0.0000000),
        (-1.0600000, 0.9000000, 0.0000000),
        (-1.0600000, 0.9400000, 0.0000000),
        (-1.0600000, 0.9800000, 0.0000000),
        (-1.0600000, 1.0200000, 0.0000000),
        (-1.0600000, 1.0600000, 0.0000000),
        (-1.0600000, 1.1000000, 0.0000000),
        (-1.0600000, 1.1400000, 0.0000000),
        (-1.0600000, 1.1800000, 0.0000000),
        (-1.0600000, 1.2200000, 0.0000000),
        (-1.0600000, 1.2600000, 0.0000000),
        (-1.0600000, 1.3000000, 0.0000000),
        (-1.0600000, 1.3400000, 0.0000000),
        (-1.0600000, 1.3800000, 0.0000000),
        (-1.0600000, 1.4200000, 0.0000000),
        (-1.0600000, 1.4600000, 0.0000000),
        (-1.0600000, 1.5000000, 0.0000000),
        (-1.0200000, -1.5000000, 0.0000000),
        (-1.0200000, -1.4600000, 0.0000000),
        (-1.0200000, -1.4200000, 0.0000000),
        (-1.0200000, -1.3800000, 0.0000000),
        (-1.0200000, -1.3400000, 0.0000000),
        (-1.0200000, -1.3000000, 0.0000000),
        (-1.0200000, -1.2600000, 0.0000000),
        (-1.0200000, -1.2200000, 0.0000000),
        (-1.0200000, -1.1800000, 0.0000000),
        (-1.0200000, -1.1400000, 0.0000000),
        (-1.0200000, -1.1000000, 0.0000000),
        (-1.0200000, -1.0600000, 0.0000000),
        (-1.0200000, -1.0200000, 0.0000000),
        (-1.0200000, -0.9800000, 0.0000000),
        (-1.0200000, -0.9400000, 0.0000000),
        (-1.0200000, -0.9000000, 0.0000000),
        (-1.0200000, -0.8600000, 0.0000000),
        (-1.0200000, -0.8200000, 0.0000000),
        (-1.0200000, -0.7800000, 0.0000000),
        (-1.0200000, -0.7400000, 0.0000000),
        (-1.0200000, -0.7000000, 0.0000000),
        (-1.0200000, -0.6600000, 0.0000000),
        (-1.0200000, -0.6200000, 0.0000000),
        (-1.0200000, -0.5800000, 0.0000000),
        (-1.0200000, -0.5400000, 0.0000000),
        (-1.0200000, -0.5000000, 0.0000000),
        (-1.0200000, -0.4600000, 0.0000000),
        (-1.0200000, -0.4200000, 0.0000000),
        (-1.0200000, -0.3800000, 0.0000000),
        (-1.0200000, -0.3400000, 0.0000000),
        (-1.0200000, -0.3000000, 0.0000000),
        (-1.0200000, -0.2600000, 0.0000000),
        (-1.0200000, -0.2200000, 0.0000000),
        (-1.0200000, -0.1800000, 0.0000000),
        (-1.0200000, -0.1400000, 0.0000000),
        (-1.0200000, -0.1000000, 0.0000000),
        (-1.0200000, -0.0600000, 0.0000000),
        (-1.0200000, -0.0200000, 0.0000000),
        (-1.0200000, 0.0200000, 0.0000000),
        (-1.0200000, 0.0600000, 0.0000000),
        (-1.0200000, 0.1000000, 0.0000000),
        (-1.0200000, 0.1400000, 0.0000000),
        (-1.0200000, 0.1800000, 0.0000000),
        (-1.0200000, 0.2200000, 0.0000000),
        (-1.0200000, 0.2600000, 0.0000000),
        (-1.0200000, 0.3000000, 0.0000000),
        (-1.0200000, 0.3400000, 0.0000000),
        (-1.0200000, 0.3800000, 0.0000000),
        (-1.0200000, 0.4200000, 0.0000000),
        (-1.0200000, 0.4600000, 0.0000000),
        (-1.0200000, 0.5000000, 0.0000000),
        (-1.0200000, 0.5400000, 0.0000000),
        (-1.0200000, 0.5800000, 0.0000000),
        (-1.0200000, 0.6200000, 0.0000000),
        (-1.0200000, 0.6600000, 0.0000000),
        (-1.0200000, 0.7000000, 0.0000000),
        (-1.0200000, 0.7400000, 0.0000000),
        (-1.0200000, 0.7800000, 0.0000000),
        (-1.0200000, 0.8200000, 0.0000000),
        (-1.0200000, 0.8600000, 0.0000000),
        (-1.0200000, 0.9000000, 0.0000000),
        (-1.0200000, 0.9400000, 0.0000000),
        (-1.0200000, 0.9800000, 0.0000000),
        (-1.0200000, 1.0200000, 0.0000000),
        (-1.0200000, 1.0600000, 0.0000000),
        (-1.0200000, 1.1000000, 0.0000000),
        (-1.0200000, 1.1400000, 0.0000000),
        (-1.0200000, 1.1800000, 0.0000000),
        (-1.0200000, 1.2200000, 0.0000000),
        (-1.0200000, 1.2600000, 0.0000000),
        (-1.0200000, 1.3000000, 0.0000000),
        (-1.0200000, 1.3400000, 0.0000000),
        (-1.0200000, 1.3800000, 0.0000000),
        (-1.0200000, 1.4200000, 0.0000000),
        (-1.0200000, 1.4600000, 0.0000000),
        (-1.0200000, 1.5000000, 0.0000000),
        (-0.9800000, -1.5000000, 0.0000000),
        (-0.9800000, -1.4600000, 0.0000000),
        (-0.9800000, -1.4200000, 0.0000000),
        (-0.9800000, -1.3800000, 0.0000000),
        (-0.9800000, -1.3400000, 0.0000000),
        (-0.9800000, -1.3000000, 0.0000000),
        (-0.9800000, -1.2600000, 0.0000000),
        (-0.9800000, -1.2200000, 0.0000000),
        (-0.9800000, -1.1800000, 0.0000000),
        (-0.9800000, -1.1400000, 0.0000000),
        (-0.9800000, -1.1000000, 0.0000000),
        (-0.9800000, -1.0600000, 0.0000000),
        (-0.9800000, -1.0200000, 0.0000000),
        (-0.9800000, -0.9800000, 0.0000000),
        (-0.9800000, -0.9400000, 0.0000000),
        (-0.9800000, -0.9000000, 0.0000000),
        (-0.9800000, -0.8600000, 0.0000000),
        (-0.9800000, -0.8200000, 0.0000000),
        (-0.9800000, -0.7800000, 0.0000000),
        (-0.9800000, -0.7400000, 0.0000000),
        (-0.9800000, -0.7000000, 0.0000000),
        (-0.9800000, -0.6600000, 0.0000000),
        (-0.9800000, -0.6200000, 0.0000000),
        (-0.9800000, -0.5800000, 0.0000000),
        (-0.9800000, -0.5400000, 0.0000000),
        (-0.9800000, -0.5000000, 0.0000000),
        (-0.9800000, -0.4600000, 0.0000000),
        (-0.9800000, -0.4200000, 0.0000000),
        (-0.9800000, -0.3800000, 0.0000000),
        (-0.9800000, -0.3400000, 0.0000000),
        (-0.9800000, -0.3000000, 0.0000000),
        (-0.9800000, -0.2600000, 0.0000000),
        (-0.9800000, -0.2200000, 0.0000000),
        (-0.9800000, -0.1800000, 0.0000000),
        (-0.9800000, -0.1400000, 0.0000000),
        (-0.9800000, -0.1000000, 0.0000000),
        (-0.9800000, -0.0600000, 0.0000000),
        (-0.9800000, -0.0200000, 0.0000000),
        (-0.9800000, 0.0200000, 0.0000000),
        (-0.9800000, 0.0600000, 0.0000000),
        (-0.9800000, 0.1000000, 0.0000000),
        (-0.9800000, 0.1400000, 0.0000000),
        (-0.9800000, 0.1800000, 0.0000000),
        (-0.9800000, 0.2200000, 0.0000000),
        (-0.9800000, 0.2600000, 0.0000000),
        (-0.9800000, 0.3000000, 0.0000000),
        (-0.9800000, 0.3400000, 0.0000000),
        (-0.9800000, 0.3800000, 0.0000000),
        (-0.9800000, 0.4200000, 0.0000000),
        (-0.9800000, 0.4600000, 0.0000000),
        (-0.9800000, 0.5000000, 0.0000000),
        (-0.9800000, 0.5400000, 0.0000000),
        (-0.9800000, 0.5800000, 0.0000000),
        (-0.9800000, 0.6200000, 0.0000000),
        (-0.9800000, 0.6600000, 0.0000000),
        (-0.9800000, 0.7000000, 0.0000000),
        (-0.9800000, 0.7400000, 0.0000000),
        (-0.9800000, 0.7800000, 0.0000000),
        (-0.9800000, 0.8200000, 0.0000000),
        (-0.9800000, 0.8600000, 0.0000000),
        (-0.9800000, 0.9000000, 0.0000000),
        (-0.9800000, 0.9400000, 0.0000000),
        (-0.9800000, 0.9800000, 0.0000000),
        (-0.9800000, 1.0200000, 0.0000000),
        (-0.9800000, 1.0600000, 0.0000000),
        (-0.9800000, 1.1000000, 0.0000000),
        (-0.9800000, 1.1400000, 0.0000000),
        (-0.9800000, 1.1800000, 0.0000000),
        (-0.9800000, 1.2200000, 0.0000000),
        (-0.9800000, 1.2600000, 0.0000000),
        (-0.9800000, 1.3000000, 0.0000000),
        (-0.9800000, 1.3400000, 0.0000000),
        (-0.9800000, 1.3800000, 0.0000000),
        (-0.9800000, 1.4200000, 0.0000000),
        (-0.9800000, 1.4600000, 0.0000000),
        (-0.9800000, 1.5000000, 0.0000000),
        (-0.9400000, -1.5000000, 0.0000000),
        (-0.9400000, -1.4600000, 0.0000000),
        (-0.9400000, -1.4200000, 0.0000000),
        (-0.9400000, -1.3800000, 0.0000000),
        (-0.9400000, -1.3400000, 0.0000000),
        (-0.9400000, -1.3000000, 0.0000000),
        (-0.9400000, -1.2600000, 0.0000000),
        (-0.9400000, -1.2200000, 0.0000000),
        (-0.9400000, -1.1800000, 0.0000000),
        (-0.9400000, -1.1400000, 0.0000000),
        (-0.9400000, -1.1000000, 0.0000000),
        (-0.9400000, -1.0600000, 0.0000000),
        (-0.9400000, -1.0200000, 0.0000000),
        (-0.9400000, -0.9800000, 0.0000000),
        (-0.9400000, -0.9400000, 0.0000000),
        (-0.9400000, -0.9000000, 0.0000000),
        (-0.9400000, -0.8600000, 0.0000000),
        (-0.9400000, -0.8200000, 0.0000000),
        (-0.9400000, -0.7800000, 0.0000000),
        (-0.9400000, -0.7400000, 0.0000000),
        (-0.9400000, -0.7000000, 0.0000000),
        (-0.9400000, -0.6600000, 0.0000000),
        (-0.9400000, -0.6200000, 0.0000000),
        (-0.9400000, -0.5800000, 0.0000000),
        (-0.9400000, -0.5400000, 0.0000000),
        (-0.9400000, -0.5000000, 0.0000000),
        (-0.9400000, -0.4600000, 0.0000000),
        (-0.9400000, -0.4200000, 0.0000000),
        (-0.9400000, -0.3800000, 0.0000000),
        (-0.9400000, -0.3400000, 0.0000000),
        (-0.9400000, -0.3000000, 0.0000000),
        (-0.9400000, -0.2600000, 0.0000000),
        (-0.9400000, -0.2200000, 0.0000000),
        (-0.9400000, -0.1800000, 0.0000000),
        (-0.9400000, -0.1400000, 0.0000000),
        (-0.9400000, -0.1000000, 0.0000000),
        (-0.9400000, -0.0600000, 0.0000000),
        (-0.9400000, -0.0200000, 0.0000000),
        (-0.9400000, 0.0200000, 0.0000000),
        (-0.9400000, 0.0600000, 0.0000000),
        (-0.9400000, 0.1000000, 0.0000000),
        (-0.9400000, 0.1400000, 0.0000000),
        (-0.9400000, 0.1800000, 0.0000000),
        (-0.9400000, 0.2200000, 0.0000000),
        (-0.9400000, 0.2600000, 0.0000000),
        (-0.9400000, 0.3000000, 0.0000000),
        (-0.9400000, 0.3400000, 0.0000000),
        (-0.9400000, 0.3800000, 0.0000000),
        (-0.9400000, 0.4200000, 0.0000000),
        (-0.9400000, 0.4600000, 0.0000000),
        (-0.9400000, 0.5000000, 0.0000000),
        (-0.9400000, 0.5400000, 0.0000000),
        (-0.9400000, 0.5800000, 0.0000000),
        (-0.9400000, 0.6200000, 0.0000000),
        (-0.9400000, 0.6600000, 0.0000000),
        (-0.9400000, 0.7000000, 0.0000000),
        (-0.9400000, 0.7400000, 0.0000000),
        (-0.9400000, 0.7800000, 0.0000000),
        (-0.9400000, 0.8200000, 0.0000000),
        (-0.9400000, 0.8600000, 0.0000000),
        (-0.9400000, 0.9000000, 0.0000000),
        (-0.9400000, 0.9400000, 0.0000000),
        (-0.9400000, 0.9800000, 0.0000000),
        (-0.9400000, 1.0200000, 0.0000000),
        (-0.9400000, 1.0600000, 0.0000000),
        (-0.9400000, 1.1000000, 0.0000000),
        (-0.9400000, 1.1400000, 0.0000000),
        (-0.9400000, 1.1800000, 0.0000000),
        (-0.9400000, 1.2200000, 0.0000000),
        (-0.9400000, 1.2600000, 0.0000000),
        (-0.9400000, 1.3000000, 0.0000000),
        (-0.9400000, 1.3400000, 0.0000000),
        (-0.9400000, 1.3800000, 0.0000000),
        (-0.9400000, 1.4200000, 0.0000000),
        (-0.9400000, 1.4600000, 0.0000000),
        (-0.9400000, 1.5000000, 0.0000000),
        (-0.9000000, -1.5000000, 0.0000000),
        (-0.9000000, -1.4600000, 0.0000000),
        (-0.9000000, -1.4200000, 0.0000000),
        (-0.9000000, -1.3800000, 0.0000000),
        (-0.9000000, -1.3400000, 0.0000000),
        (-0.9000000, -1.3000000, 0.0000000),
        (-0.9000000, -1.2600000, 0.0000000),
        (-0.9000000, -1.2200000, 0.0000000),
        (-0.9000000, -1.1800000, 0.0000000),
        (-0.9000000, -1.1400000, 0.0000000),
        (-0.9000000, -1.1000000, 0.0000000),
        (-0.9000000, -1.0600000, 0.0000000),
        (-0.9000000, -1.0200000, 0.0000000),
        (-0.9000000, -0.9800000, 0.0000000),
        (-0.9000000, -0.9400000, 0.0000000),
        (-0.9000000, -0.9000000, 0.0000000),
        (-0.9000000, -0.8600000, 0.0000000),
        (-0.9000000, -0.8200000, 0.0000000),
        (-0.9000000, -0.7800000, 0.0000000),
        (-0.9000000, -0.7400000, 0.0000000),
        (-0.9000000, -0.7000000, 0.0000000),
        (-0.9000000, -0.6600000, 0.0000000),
        (-0.9000000, -0.6200000, 0.0000000),
        (-0.9000000, -0.5800000, 0.0000000),
        (-0.9000000, -0.5400000, 0.0000000),
        (-0.9000000, -0.5000000, 0.0000000),
        (-0.9000000, -0.4600000, 0.0000000),
        (-0.9000000, -0.4200000, 0.0000000),
        (-0.9000000, -0.3800000, 0.0000000),
        (-0.9000000, -0.3400000, 0.0000000),
        (-0.9000000, -0.3000000, 0.0000000),
        (-0.9000000, -0.2600000, 0.0000000),
        (-0.9000000, -0.2200000, 0.0000000),
        (-0.9000000, -0.1800000, 0.0000000),
        (-0.9000000, -0.1400000, 0.0000000),
        (-0.9000000, -0.1000000, 0.0000000),
        (-0.9000000, -0.0600000, 0.0000000),
        (-0.9000000, -0.0200000, 0.0000000),
        (-0.9000000, 0.0200000, 0.0000000),
        (-0.9000000, 0.0600000, 0.0000000),
        (-0.9000000, 0.1000000, 0.0000000),
        (-0.9000000, 0.1400000, 0.0000000),
        (-0.9000000, 0.1800000, 0.0000000),
        (-0.9000000, 0.2200000, 0.0000000),
        (-0.9000000, 0.2600000, 0.0000000),
        (-0.9000000, 0.3000000, 0.0000000),
        (-0.9000000, 0.3400000, 0.0000000),
        (-0.9000000, 0.3800000, 0.0000000),
        (-0.9000000, 0.4200000, 0.0000000),
        (-0.9000000, 0.4600000, 0.0000000),
        (-0.9000000, 0.5000000, 0.0000000),
        (-0.9000000, 0.5400000, 0.0000000),
        (-0.9000000, 0.5800000, 0.0000000),
        (-0.9000000, 0.6200000, 0.0000000),
        (-0.9000000, 0.6600000, 0.0000000),
        (-0.9000000, 0.7000000, 0.0000000),
        (-0.9000000, 0.7400000, 0.0000000),
        (-0.9000000, 0.7800000, 0.0000000),
        (-0.9000000, 0.8200000, 0.0000000),
        (-0.9000000, 0.8600000, 0.0000000),
        (-0.9000000, 0.9000000, 0.0000000),
        (-0.9000000, 0.9400000, 0.0000000),
        (-0.9000000, 0.9800000, 0.0000000),
        (-0.9000000, 1.0200000, 0.0000000),
        (-0.9000000, 1.0600000, 0.0000000),
        (-0.9000000, 1.1000000, 0.0000000),
        (-0.9000000, 1.1400000, 0.0000000),
        (-0.9000000, 1.1800000, 0.0000000),
        (-0.9000000, 1.2200000, 0.0000000),
        (-0.9000000, 1.2600000, 0.0000000),
        (-0.9000000, 1.3000000, 0.0000000),
        (-0.9000000, 1.3400000, 0.0000000),
        (-0.9000000, 1.3800000, 0.0000000),
        (-0.9000000, 1.4200000, 0.0000000),
        (-0.9000000, 1.4600000, 0.0000000),
        (-0.9000000, 1.5000000, 0.0000000),
        (-0.8600000, -1.5000000, 0.0000000),
        (-0.8600000, -1.4600000, 0.0000000),
        (-0.8600000, -1.4200000, 0.0000000),
        (-0.8600000, -1.3800000, 0.0000000),
        (-0.8600000, -1.3400000, 0.0000000),
        (-0.8600000, -1.3000000, 0.0000000),
        (-0.8600000, -1.2600000, 0.0000000),
        (-0.8600000, -1.2200000, 0.0000000),
        (-0.8600000, -1.1800000, 0.0000000),
        (-0.8600000, -1.1400000, 0.0000000),
        (-0.8600000, -1.1000000, 0.0000000),
        (-0.8600000, -1.0600000, 0.0000000),
        (-0.8600000, -1.0200000, 0.0000000),
        (-0.8600000, -0.9800000, 0.0000000),
        (-0.8600000, -0.9400000, 0.0000000),
        (-0.8600000, -0.9000000, 0.0000000),
        (-0.8600000, -0.8600000, 0.0000000),
        (-0.8600000, -0.8200000, 0.0000000),
        (-0.8600000, -0.7800000, 0.0000000),
        (-0.8600000, -0.7400000, 0.0000000),
        (-0.8600000, -0.7000000, 0.0000000),
        (-0.8600000, -0.6600000, 0.0000000),
        (-0.8600000, -0.6200000, 0.0000000),
        (-0.8600000, -0.5800000, 0.0000000),
        (-0.8600000, -0.5400000, 0.0000000),
        (-0.8600000, -0.5000000, 0.0000000),
        (-0.8600000, -0.4600000, 0.0000000),
        (-0.8600000, -0.4200000, 0.0000000),
        (-0.8600000, -0.3800000, 0.0000000),
        (-0.8600000, -0.3400000, 0.0000000),
        (-0.8600000, -0.3000000, 0.0000000),
        (-0.8600000, -0.2600000, 0.0000000),
        (-0.8600000, -0.2200000, 0.0000000),
        (-0.8600000, -0.1800000, 0.0000000),
        (-0.8600000, -0.1400000, 0.0000000),
        (-0.8600000, -0.1000000, 0.0000000),
        (-0.8600000, -0.0600000, 0.0000000),
        (-0.8600000, -0.0200000, 0.0000000),
        (-0.8600000, 0.0200000, 0.0000000),
        (-0.8600000, 0.0600000, 0.0000000),
        (-0.8600000, 0.1000000, 0.0000000),
        (-0.8600000, 0.1400000, 0.0000000),
        (-0.8600000, 0.1800000, 0.0000000),
        (-0.8600000, 0.2200000, 0.0000000),
        (-0.8600000, 0.2600000, 0.0000000),
        (-0.8600000, 0.3000000, 0.0000000),
        (-0.8600000, 0.3400000, 0.0000000),
        (-0.8600000, 0.3800000, 0.0000000),
        (-0.8600000, 0.4200000, 0.0000000),
        (-0.8600000, 0.4600000, 0.0000000),
        (-0.8600000, 0.5000000, 0.0000000),
        (-0.8600000, 0.5400000, 0.0000000),
        (-0.8600000, 0.5800000, 0.0000000),
        (-0.8600000, 0.6200000, 0.0000000),
        (-0.8600000, 0.6600000, 0.0000000),
        (-0.8600000, 0.7000000, 0.0000000),
        (-0.8600000, 0.7400000, 0.0000000),
        (-0.8600000, 0.7800000, 0.0000000),
        (-0.8600000, 0.8200000, 0.0000000),
        (-0.8600000, 0.8600000, 0.0000000),
        (-0.8600000, 0.9000000, 0.0000000),
        (-0.8600000, 0.9400000, 0.0000000),
        (-0.8600000, 0.9800000, 0.0000000),
        (-0.8600000, 1.0200000, 0.0000000),
        (-0.8600000, 1.0600000, 0.0000000),
        (-0.8600000, 1.1000000, 0.0000000),
        (-0.8600000, 1.1400000, 0.0000000),
        (-0.8600000, 1.1800000, 0.0000000),
        (-0.8600000, 1.2200000, 0.0000000),
        (-0.8600000, 1.2600000, 0.0000000),
        (-0.8600000, 1.3000000, 0.0000000),
        (-0.8600000, 1.3400000, 0.0000000),
        (-0.8600000, 1.3800000, 0.0000000),
        (-0.8600000, 1.4200000, 0.0000000),
        (-0.8600000, 1.4600000, 0.0000000),
        (-0.8600000, 1.5000000, 0.0000000),
        (-0.8200000, -1.5000000, 0.0000000),
        (-0.8200000, -1.4600000, 0.0000000),
        (-0.8200000, -1.4200000, 0.0000000),
        (-0.8200000, -1.3800000, 0.0000000),
        (-0.8200000, -1.3400000, 0.0000000),
        (-0.8200000, -1.3000000, 0.0000000),
        (-0.8200000, -1.2600000, 0.0000000),
        (-0.8200000, -1.2200000, 0.0000000),
        (-0.8200000, -1.1800000, 0.0000000),
        (-0.8200000, -1.1400000, 0.0000000),
        (-0.8200000, -1.1000000, 0.0000000),
        (-0.8200000, -1.0600000, 0.0000000),
        (-0.8200000, -1.0200000, 0.0000000),
        (-0.8200000, -0.9800000, 0.0000000),
        (-0.8200000, -0.9400000, 0.0000000),
        (-0.8200000, -0.9000000, 0.0000000),
        (-0.8200000, -0.8600000, 0.0000000),
        (-0.8200000, -0.8200000, 0.0000000),
        (-0.8200000, -0.7800000, 0.0000000),
        (-0.8200000, -0.7400000, 0.0000000),
        (-0.8200000, -0.7000000, 0.0000000),
        (-0.8200000, -0.6600000, 0.0000000),
        (-0.8200000, -0.6200000, 0.0000000),
        (-0.8200000, -0.5800000, 0.0000000),
        (-0.8200000, -0.5400000, 0.0000000),
        (-0.8200000, -0.5000000, 0.0000000),
        (-0.8200000, -0.4600000, 0.0000000),
        (-0.8200000, -0.4200000, 0.0000000),
        (-0.8200000, -0.3800000, 0.0000000),
        (-0.8200000, -0.3400000, 0.0000000),
        (-0.8200000, -0.3000000, 0.0000000),
        (-0.8200000, -0.2600000, 0.0000000),
        (-0.8200000, -0.2200000, 0.0000000),
        (-0.8200000, -0.1800000, 0.0000000),
        (-0.8200000, -0.1400000, 0.0000000),
        (-0.8200000, -0.1000000, 0.0000000),
        (-0.8200000, -0.0600000, 0.0000000),
        (-0.8200000, -0.0200000, 0.0000000),
        (-0.8200000, 0.0200000, 0.0000000),
        (-0.8200000, 0.0600000, 0.0000000),
        (-0.8200000, 0.1000000, 0.0000000),
        (-0.8200000, 0.1400000, 0.0000000),
        (-0.8200000, 0.1800000, 0.0000000),
        (-0.8200000, 0.2200000, 0.0000000),
        (-0.8200000, 0.2600000, 0.0000000),
        (-0.8200000, 0.3000000, 0.0000000),
        (-0.8200000, 0.3400000, 0.0000000),
        (-0.8200000, 0.3800000, 0.0000000),
        (-0.8200000, 0.4200000, 0.0000000),
        (-0.8200000, 0.4600000, 0.0000000),
        (-0.8200000, 0.5000000, 0.0000000),
        (-0.8200000, 0.5400000, 0.0000000),
        (-0.8200000, 0.5800000, 0.0000000),
        (-0.8200000, 0.6200000, 0.0000000),
        (-0.8200000, 0.6600000, 0.0000000),
        (-0.8200000, 0.7000000, 0.0000000),
        (-0.8200000, 0.7400000, 0.0000000),
        (-0.8200000, 0.7800000, 0.0000000),
        (-0.8200000, 0.8200000, 0.0000000),
        (-0.8200000, 0.8600000, 0.0000000),
        (-0.8200000, 0.9000000, 0.0000000),
        (-0.8200000, 0.9400000, 0.0000000),
        (-0.8200000, 0.9800000, 0.0000000),
        (-0.8200000, 1.0200000, 0.0000000),
        (-0.8200000, 1.0600000, 0.0000000),
        (-0.8200000, 1.1000000, 0.0000000),
        (-0.8200000, 1.1400000, 0.0000000),
        (-0.8200000, 1.1800000, 0.0000000),
        (-0.8200000, 1.2200000, 0.0000000),
        (-0.8200000, 1.2600000, 0.0000000),
        (-0.8200000, 1.3000000, 0.0000000),
        (-0.8200000, 1.3400000, 0.0000000),
        (-0.8200000, 1.3800000, 0.0000000),
        (-0.8200000, 1.4200000, 0.0000000),
        (-0.8200000, 1.4600000, 0.0000000),
        (-0.8200000, 1.5000000, 0.0000000),
        (-0.7800000, -1.5000000, 0.0000000),
        (-0.7800000, -1.4600000, 0.0000000),
        (-0.7800000, -1.4200000, 0.0000000),
        (-0.7800000, -1.3800000, 0.0000000),
        (-0.7800000, -1.3400000, 0.0000000),
        (-0.7800000, -1.3000000, 0.0000000),
        (-0.7800000, -1.2600000, 0.0000000),
        (-0.7800000, -1.2200000, 0.0000000),
        (-0.7800000, -1.1800000, 0.0000000),
        (-0.7800000, -1.1400000, 0.0000000),
        (-0.7800000, -1.1000000, 0.0000000),
        (-0.7800000, -1.0600000, 0.0000000),
        (-0.7800000, -1.0200000, 0.0000000),
        (-0.7800000, -0.9800000, 0.0000000),
        (-0.7800000, -0.9400000, 0.0000000),
        (-0.7800000, -0.9000000, 0.0000000),
        (-0.7800000, -0.8600000, 0.0000000),
        (-0.7800000, -0.8200000, 0.0000000),
        (-0.7800000, -0.7800000, 0.0000000),
        (-0.7800000, -0.7400000, 0.0000000),
        (-0.7800000, -0.7000000, 0.0000000),
        (-0.7800000, -0.6600000, 0.0000000),
        (-0.7800000, -0.6200000, 0.0000000),
        (-0.7800000, -0.5800000, 0.0000000),
        (-0.7800000, -0.5400000, 0.0000000),
        (-0.7800000, -0.5000000, 0.0000000),
        (-0.7800000, -0.4600000, 0.0000000),
        (-0.7800000, -0.4200000, 0.0000000),
        (-0.7800000, -0.3800000, 0.0000000),
        (-0.7800000, -0.3400000, 0.0000000),
        (-0.7800000, -0.3000000, 0.0000000),
        (-0.7800000, -0.2600000, 0.0000000),
        (-0.7800000, -0.2200000, 0.0000000),
        (-0.7800000, -0.1800000, 0.0000000),
        (-0.7800000, -0.1400000, 0.0000000),
        (-0.7800000, -0.1000000, 0.0000000),
        (-0.7800000, -0.0600000, 0.0000000),
        (-0.7800000, -0.0200000, 0.0000000),
        (-0.7800000, 0.0200000, 0.0000000),
        (-0.7800000, 0.0600000, 0.0000000),
        (-0.7800000, 0.1000000, 0.0000000),
        (-0.7800000, 0.1400000, 0.0000000),
        (-0.7800000, 0.1800000, 0.0000000),
        (-0.7800000, 0.2200000, 0.0000000),
        (-0.7800000, 0.2600000, 0.0000000),
        (-0.7800000, 0.3000000, 0.0000000),
        (-0.7800000, 0.3400000, 0.0000000),
        (-0.7800000, 0.3800000, 0.0000000),
        (-0.7800000, 0.4200000, 0.0000000),
        (-0.7800000, 0.4600000, 0.0000000),
        (-0.7800000, 0.5000000, 0.0000000),
        (-0.7800000, 0.5400000, 0.0000000),
        (-0.7800000, 0.5800000, 0.0000000),
        (-0.7800000, 0.6200000, 0.0000000),
        (-0.7800000, 0.6600000, 0.0000000),
        (-0.7800000, 0.7000000, 0.0000000),
        (-0.7800000, 0.7400000, 0.0000000),
        (-0.7800000, 0.7800000, 0.0000000),
        (-0.7800000, 0.8200000, 0.0000000),
        (-0.7800000, 0.8600000, 0.0000000),
        (-0.7800000, 0.9000000, 0.0000000),
        (-0.7800000, 0.9400000, 0.0000000),
        (-0.7800000, 0.9800000, 0.0000000),
        (-0.7800000, 1.0200000, 0.0000000),
        (-0.7800000, 1.0600000, 0.0000000),
        (-0.7800000, 1.1000000, 0.0000000),
        (-0.7800000, 1.1400000, 0.0000000),
        (-0.7800000, 1.1800000, 0.0000000),
        (-0.7800000, 1.2200000, 0.0000000),
        (-0.7800000, 1.2600000, 0.0000000),
        (-0.7800000, 1.3000000, 0.0000000),
        (-0.7800000, 1.3400000, 0.0000000),
        (-0.7800000, 1.3800000, 0.0000000),
        (-0.7800000, 1.4200000, 0.0000000),
        (-0.7800000, 1.4600000, 0.0000000),
        (-0.7800000, 1.5000000, 0.0000000),
        (-0.7400000, -1.5000000, 0.0000000),
        (-0.7400000, -1.4600000, 0.0000000),
        (-0.7400000, -1.4200000, 0.0000000),
        (-0.7400000, -1.3800000, 0.0000000),
        (-0.7400000, -1.3400000, 0.0000000),
        (-0.7400000, -1.3000000, 0.0000000),
        (-0.7400000, -1.2600000, 0.0000000),
        (-0.7400000, -1.2200000, 0.0000000),
        (-0.7400000, -1.1800000, 0.0000000),
        (-0.7400000, -1.1400000, 0.0000000),
        (-0.7400000, -1.1000000, 0.0000000),
        (-0.7400000, -1.0600000, 0.0000000),
        (-0.7400000, -1.0200000, 0.0000000),
        (-0.7400000, -0.9800000, 0.0000000),
        (-0.7400000, -0.9400000, 0.0000000),
        (-0.7400000, -0.9000000, 0.0000000),
        (-0.7400000, -0.8600000, 0.0000000),
        (-0.7400000, -0.8200000, 0.0000000),
        (-0.7400000, -0.7800000, 0.0000000),
        (-0.7400000, -0.7400000, 0.0000000),
        (-0.7400000, -0.7000000, 0.0000000),
        (-0.7400000, -0.6600000, 0.0000000),
        (-0.7400000, -0.6200000, 0.0000000),
        (-0.7400000, -0.5800000, 0.0000000),
        (-0.7400000, -0.5400000, 0.0000000),
        (-0.7400000, -0.5000000, 0.0000000),
        (-0.7400000, -0.4600000, 0.0000000),
        (-0.7400000, -0.4200000, 0.0000000),
        (-0.7400000, -0.3800000, 0.0000000),
        (-0.7400000, -0.3400000, 0.0000000),
        (-0.7400000, -0.3000000, 0.0000000),
        (-0.7400000, -0.2600000, 0.0000000),
        (-0.7400000, -0.2200000, 0.0000000),
        (-0.7400000, -0.1800000, 0.0000000),
        (-0.7400000, -0.1400000, 0.0000000),
        (-0.7400000, -0.1000000, 0.0000000),
        (-0.7400000, -0.0600000, 0.0000000),
        (-0.7400000, -0.0200000, 0.0000000),
        (-0.7400000, 0.0200000, 0.0000000),
        (-0.7400000, 0.0600000, 0.0000000),
        (-0.7400000, 0.1000000, 0.0000000),
        (-0.7400000, 0.1400000, 0.0000000),
        (-0.7400000, 0.1800000, 0.0000000),
        (-0.7400000, 0.2200000, 0.0000000),
        (-0.7400000, 0.2600000, 0.0000000),
        (-0.7400000, 0.3000000, 0.0000000),
        (-0.7400000, 0.3400000, 0.0000000),
        (-0.7400000, 0.3800000, 0.0000000),
        (-0.7400000, 0.4200000, 0.0000000),
        (-0.7400000, 0.4600000, 0.0000000),
        (-0.7400000, 0.5000000, 0.0000000),
        (-0.7400000, 0.5400000, 0.0000000),
        (-0.7400000, 0.5800000, 0.0000000),
        (-0.7400000, 0.6200000, 0.0000000),
        (-0.7400000, 0.6600000, 0.0000000),
        (-0.7400000, 0.7000000, 0.0000000),
        (-0.7400000, 0.7400000, 0.0000000),
        (-0.7400000, 0.7800000, 0.0000000),
        (-0.7400000, 0.8200000, 0.0000000),
        (-0.7400000, 0.8600000, 0.0000000),
        (-0.7400000, 0.9000000, 0.0000000),
        (-0.7400000, 0.9400000, 0.0000000),
        (-0.7400000, 0.9800000, 0.0000000),
        (-0.7400000, 1.0200000, 0.0000000),
        (-0.7400000, 1.0600000, 0.0000000),
        (-0.7400000, 1.1000000, 0.0000000),
        (-0.7400000, 1.1400000, 0.0000000),
        (-0.7400000, 1.1800000, 0.0000000),
        (-0.7400000, 1.2200000, 0.0000000),
        (-0.7400000, 1.2600000, 0.0000000),
        (-0.7400000, 1.3000000, 0.0000000),
        (-0.7400000, 1.3400000, 0.0000000),
        (-0.7400000, 1.3800000, 0.0000000),
        (-0.7400000, 1.4200000, 0.0000000),
        (-0.7400000, 1.4600000, 0.0000000),
        (-0.7400000, 1.5000000, 0.0000000),
        (-0.7000000, -1.5000000, 0.0000000),
        (-0.7000000, -1.4600000, 0.0000000),
        (-0.7000000, -1.4200000, 0.0000000),
        (-0.7000000, -1.3800000, 0.0000000),
        (-0.7000000, -1.3400000, 0.0000000),
        (-0.7000000, -1.3000000, 0.0000000),
        (-0.7000000, -1.2600000, 0.0000000),
        (-0.7000000, -1.2200000, 0.0000000),
        (-0.7000000, -1.1800000, 0.0000000),
        (-0.7000000, -1.1400000, 0.0000000),
        (-0.7000000, -1.1000000, 0.0000000),
        (-0.7000000, -1.0600000, 0.0000000),
        (-0.7000000, -1.0200000, 0.0000000),
        (-0.7000000, -0.9800000, 0.0000000),
        (-0.7000000, -0.9400000, 0.0000000),
        (-0.7000000, -0.9000000, 0.0000000),
        (-0.7000000, -0.8600000, 0.0000000),
        (-0.7000000, -0.8200000, 0.0000000),
        (-0.7000000, -0.7800000, 0.0000000),
        (-0.7000000, -0.7400000, 0.0000000),
        (-0.7000000, -0.7000000, 0.0000000),
        (-0.7000000, -0.6600000, 0.0000000),
        (-0.7000000, -0.6200000, 0.0000000),
        (-0.7000000, -0.5800000, 0.0000000),
        (-0.7000000, -0.5400000, 0.0000000),
        (-0.7000000, -0.5000000, 0.0000000),
        (-0.7000000, -0.4600000, 0.0000000),
        (-0.7000000, -0.4200000, 0.0000000),
        (-0.7000000, -0.3800000, 0.0000000),
        (-0.7000000, -0.3400000, 0.0000000),
        (-0.7000000, -0.3000000, 0.0000000),
        (-0.7000000, -0.2600000, 0.0000000),
        (-0.7000000, -0.2200000, 0.0000000),
        (-0.7000000, -0.1800000, 0.0000000),
        (-0.7000000, -0.1400000, 0.0000000),
        (-0.7000000, -0.1000000, 0.0000000),
        (-0.7000000, -0.0600000, 0.0000000),
        (-0.7000000, -0.0200000, 0.0000000),
        (-0.7000000, 0.0200000, 0.0000000),
        (-0.7000000, 0.0600000, 0.0000000),
        (-0.7000000, 0.1000000, 0.0000000),
        (-0.7000000, 0.1400000, 0.0000000),
        (-0.7000000, 0.1800000, 0.0000000),
        (-0.7000000, 0.2200000, 0.0000000),
        (-0.7000000, 0.2600000, 0.0000000),
        (-0.7000000, 0.3000000, 0.0000000),
        (-0.7000000, 0.3400000, 0.0000000),
        (-0.7000000, 0.3800000, 0.0000000),
        (-0.7000000, 0.4200000, 0.0000000),
        (-0.7000000, 0.4600000, 0.0000000),
        (-0.7000000, 0.5000000, 0.0000000),
        (-0.7000000, 0.5400000, 0.0000000),
        (-0.7000000, 0.5800000, 0.0000000),
        (-0.7000000, 0.6200000, 0.0000000),
        (-0.7000000, 0.6600000, 0.0000000),
        (-0.7000000, 0.7000000, 0.0000000),
        (-0.7000000, 0.7400000, 0.0000000),
        (-0.7000000, 0.7800000, 0.0000000),
        (-0.7000000, 0.8200000, 0.0000000),
        (-0.7000000, 0.8600000, 0.0000000),
        (-0.7000000, 0.9000000, 0.0000000),
        (-0.7000000, 0.9400000, 0.0000000),
        (-0.7000000, 0.9800000, 0.0000000),
        (-0.7000000, 1.0200000, 0.0000000),
        (-0.7000000, 1.0600000, 0.0000000),
        (-0.7000000, 1.1000000, 0.0000000),
        (-0.7000000, 1.1400000, 0.0000000),
        (-0.7000000, 1.1800000, 0.0000000),
        (-0.7000000, 1.2200000, 0.0000000),
        (-0.7000000, 1.2600000, 0.0000000),
        (-0.7000000, 1.3000000, 0.0000000),
        (-0.7000000, 1.3400000, 0.0000000),
        (-0.7000000, 1.3800000, 0.0000000),
        (-0.7000000, 1.4200000, 0.0000000),
        (-0.7000000, 1.4600000, 0.0000000),
        (-0.7000000, 1.5000000, 0.0000000),
        (-0.6600000, -1.5000000, 0.0000000),
        (-0.6600000, -1.4600000, 0.0000000),
        (-0.6600000, -1.4200000, 0.0000000),
        (-0.6600000, -1.3800000, 0.0000000),
        (-0.6600000, -1.3400000, 0.0000000),
        (-0.6600000, -1.3000000, 0.0000000),
        (-0.6600000, -1.2600000, 0.0000000),
        (-0.6600000, -1.2200000, 0.0000000),
        (-0.6600000, -1.1800000, 0.0000000),
        (-0.6600000, -1.1400000, 0.0000000),
        (-0.6600000, -1.1000000, 0.0000000),
        (-0.6600000, -1.0600000, 0.0000000),
        (-0.6600000, -1.0200000, 0.0000000),
        (-0.6600000, -0.9800000, 0.0000000),
        (-0.6600000, -0.9400000, 0.0000000),
        (-0.6600000, -0.9000000, 0.0000000),
        (-0.6600000, -0.8600000, 0.0000000),
        (-0.6600000, -0.8200000, 0.0000000),
        (-0.6600000, -0.7800000, 0.0000000),
        (-0.6600000, -0.7400000, 0.0000000),
        (-0.6600000, -0.7000000, 0.0000000),
        (-0.6600000, -0.6600000, 0.0000000),
        (-0.6600000, -0.6200000, 0.0000000),
        (-0.6600000, -0.5800000, 0.0000000),
        (-0.6600000, -0.5400000, 0.0000000),
        (-0.6600000, -0.5000000, 0.0000000),
        (-0.6600000, -0.4600000, 0.0000000),
        (-0.6600000, -0.4200000, 0.0000000),
        (-0.6600000, -0.3800000, 0.0000000),
        (-0.6600000, -0.3400000, 0.0000000),
        (-0.6600000, -0.3000000, 0.0000000),
        (-0.6600000, -0.2600000, 0.0000000),
        (-0.6600000, -0.2200000, 0.0000000),
        (-0.6600000, -0.1800000, 0.0000000),
        (-0.6600000, -0.1400000, 0.0000000),
        (-0.6600000, -0.1000000, 0.0000000),
        (-0.6600000, -0.0600000, 0.0000000),
        (-0.6600000, -0.0200000, 0.0000000),
        (-0.6600000, 0.0200000, 0.0000000),
        (-0.6600000, 0.0600000, 0.0000000),
        (-0.6600000, 0.1000000, 0.0000000),
        (-0.6600000, 0.1400000, 0.0000000),
        (-0.6600000, 0.1800000, 0.0000000),
        (-0.6600000, 0.2200000, 0.0000000),
        (-0.6600000, 0.2600000, 0.0000000),
        (-0.6600000, 0.3000000, 0.0000000),
        (-0.6600000, 0.3400000, 0.0000000),
        (-0.6600000, 0.3800000, 0.0000000),
        (-0.6600000, 0.4200000, 0.0000000),
        (-0.6600000, 0.4600000, 0.0000000),
        (-0.6600000, 0.5000000, 0.0000000),
        (-0.6600000, 0.5400000, 0.0000000),
        (-0.6600000, 0.5800000, 0.0000000),
        (-0.6600000, 0.6200000, 0.0000000),
        (-0.6600000, 0.6600000, 0.0000000),
        (-0.6600000, 0.7000000, 0.0000000),
        (-0.6600000, 0.7400000, 0.0000000),
        (-0.6600000, 0.7800000, 0.0000000),
        (-0.6600000, 0.8200000, 0.0000000),
        (-0.6600000, 0.8600000, 0.0000000),
        (-0.6600000, 0.9000000, 0.0000000),
        (-0.6600000, 0.9400000, 0.0000000),
        (-0.6600000, 0.9800000, 0.0000000),
        (-0.6600000, 1.0200000, 0.0000000),
        (-0.6600000, 1.0600000, 0.0000000),
        (-0.6600000, 1.1000000, 0.0000000),
        (-0.6600000, 1.1400000, 0.0000000),
        (-0.6600000, 1.1800000, 0.0000000),
        (-0.6600000, 1.2200000, 0.0000000),
        (-0.6600000, 1.2600000, 0.0000000),
        (-0.6600000, 1.3000000, 0.0000000),
        (-0.6600000, 1.3400000, 0.0000000),
        (-0.6600000, 1.3800000, 0.0000000),
        (-0.6600000, 1.4200000, 0.0000000),
        (-0.6600000, 1.4600000, 0.0000000),
        (-0.6600000, 1.5000000, 0.0000000),
        (-0.6200000, -1.5000000, 0.0008468),
        (-0.6200000, -1.4600000, 0.0008478),
        (-0.6200000, -1.4200000, 0.0008488),
        (-0.6200000, -1.3800000, 0.0008498),
        (-0.6200000, -1.3400000, 0.0008508),
        (-0.6200000, -1.3000000, 0.0008518),
        (-0.6200000, -1.2600000, 0.0008528),
        (-0.6200000, -1.2200000, 0.0008538),
        (-0.6200000, -1.1800000, 0.0008547),
        (-0.6200000, -1.1400000, 0.0008557),
        (-0.6200000, -1.1000000, 0.0008567),
        (-0.6200000, -1.0600000, 0.0008577),
        (-0.6200000, -1.0200000, 0.0008587),
        (-0.6200000, -0.9800000, 0.0008597),
        (-0.6200000, -0.9400000, 0.0008607),
        (-0.6200000, -0.9000000, 0.0008617),
        (-0.6200000, -0.8600000, 0.0008627),
        (-0.6200000, -0.8200000, 0.0008637),
        (-0.6200000, -0.7800000, 0.0008646),
        (-0.6200000, -0.7400000, 0.0008656),
        (-0.6200000, -0.7000000, 0.0008666),
        (-0.6200000, -0.6600000, 0.0008676),
        (-0.6200000, -0.6200000, 0.0008686),
        (-0.6200000, -0.5800000, 0.0008696),
        (-0.6200000, -0.5400000, 0.0008706),
        (-0.6200000, -0.5000000, 0.0008716),
        (-0.6200000, -0.4600000, 0.0008726),
        (-0.6200000, -0.4200000, 0.0008736),
        (-0.6200000, -0.3800000, 0.0008745),
        (-0.6200000, -0.3400000, 0.0008755),
        (-0.6200000, -0.3000000, 0.0008765),
        (-0.6200000, -0.2600000, 0.0008775),
        (-0.6200000, -0.2200000, 0.0008785),
        (-0.6200000, -0.1800000, 0.0008795),
        (-0.6200000, -0.1400000, 0.0008805),
        (-0.6200000, -0.1000000, 0.0008815),
        (-0.6200000, -0.0600000, 0.0008825),
        (-0.6200000, -0.0200000, 0.0008835),
        (-0.6200000, 0.0200000, 0.0008844),
        (-0.6200000, 0.0600000, 0.0008854),
        (-0.6200000, 0.1000000, 0.0008864),
        (-0.6200000, 0.1400000, 0.0008874),
        (-0.6200000, 0.1800000, 0.0008884),
        (-0.6200000, 0.2200000, 0.0008894),
        (-0.6200000, 0.2600000, 0.0008904),
        (-0.6200000, 0.3000000, 0.0008914),
        (-0.6200000, 0.3400000, 0.0008924),
        (-0.6200000, 0.3800000, 0.0008934),
        (-0.6200000, 0.4200000, 0.0008943),
        (-0.6200000, 0.4600000, 0.0008953),
        (-0.6200000, 0.5000000, 0.0008963),
        (-0.6200000, 0.5400000, 0.0008973),
        (-0.6200000, 0.5800000, 0.0008983),
        (-0.6200000, 0.6200000, 0.0008993),
        (-0.6200000, 0.6600000, 0.0009003),
        (-0.6200000, 0.7000000, 0.0009013),
        (-0.6200000, 0.7400000, 0.0009023),
        (-0.6200000, 0.7800000, 0.0009032),
        (-0.6200000, 0.8200000, 0.0009042),
        (-0.6200000, 0.8600000, 0.0009052),
        (-0.6200000, 0.9000000, 0.0009062),
        (-0.6200000, 0.9400000, 0.0009072),
        (-0.6200000, 0.9800000, 0.0009082),
        (-0.6200000, 1.0200000, 0.0009092),
        (-0.6200000, 1.0600000, 0.0009102),
        (-0.6200000, 1.1000000, 0.0009112),
        (-0.6200000, 1.1400000, 0.0009122),
        (-0.6200000, 1.1800000, 0.0009131),
        (-0.6200000, 1.2200000, 0.0009141),
        (-0.6200000, 1.2600000, 0.0009151),
        (-0.6200000, 1.3000000, 0.0009161),
        (-0.6200000, 1.3400000, 0.0009171),
        (-0.6200000, 1.3800000, 0.0009181),
        (-0.6200000, 1.4200000, 0.0009191),
        (-0.6200000, 1.4600000, 0.0009201),
        (-0.6200000, 1.5000000, 0.0009211),
        (-0.5800000, -1.5000000, 0.0019759),
        (-0.5800000, -1.4600000, 0.0019782),
        (-0.5800000, -1.4200000, 0.0019805),
        (-0.5800000, -1.3800000, 0.0019828),
        (-0.5800000, -1.3400000, 0.0019852),
        (-0.5800000, -1.3000000, 0.0019875),
        (-0.5800000, -1.2600000, 0.0019898),
        (-0.5800000, -1.2200000, 0.0019921),
        (-0.5800000, -1.1800000, 0.0019944),
        (-0.5800000, -1.1400000, 0.0019967),
        (-0.5800000, -1.1000000, 0.0019990),
        (-0.5800000, -1.0600000, 0.0020013),
        (-0.5800000, -1.0200000, 0.0020036),
        (-0.5800000, -0.9800000, 0.0020059),
        (-0.5800000, -0.9400000, 0.0020083),
        (-0.5800000, -0.9000000, 0.0020106),
        (-0.5800000, -0.8600000, 0.0020129),
        (-0.5800000, -0.8200000, 0.0020152),
        (-0.5800000, -0.7800000, 0.0020175),
        (-0.5800000, -0.7400000, 0.0020198),
        (-0.5800000, -0.7000000, 0.0020221),
        (-0.5800000, -0.6600000, 0.0020244),
        (-0.5800000, -0.6200000, 0.0020267),
        (-0.5800000, -0.5800000, 0.0020290),
        (-0.5800000, -0.5400000, 0.0020314),
        (-0.5800000, -0.5000000, 0.0020337),
        (-0.5800000, -0.4600000, 0.0020360),
        (-0.5800000, -0.4200000, 0.0020383),
        (-0.5800000, -0.3800000, 0.0020406),
        (-0.5800000, -0.3400000, 0.0020429),
        (-0.5800000, -0.3000000, 0.0020452),
        (-0.5800000, -0.2600000, 0.0020475),
        (-0.5800000, -0.2200000, 0.0020498),
        (-0.5800000, -0.1800000, 0.0020521),
        (-0.5800000, -0.1400000, 0.0020545),
        (-0.5800000, -0.1000000, 0.0020568),
        (-0.5800000, -0.0600000, 0.0020591),
        (-0.5800000, -0.0200000, 0.0020614),
        (-0.5800000, 0.0200000, 0.0020637),
        (-0.5800000, 0.0600000, 0.0020660),
        (-0.5800000, 0.1000000, 0.0020683),
        (-0.5800000, 0.1400000, 0.0020706),
        (-0.5800000, 0.1800000, 0.0020729),
        (-0.5800000, 0.2200000, 0.0020752),
        (-0.5800000, 0.2600000, 0.0020776),
        (-0.5800000, 0.3000000, 0.0020799),
        (-0.5800000, 0.3400000, 0.0020822),
        (-0.5800000, 0.3800000, 0.0020845),
        (-0.5800000, 0.4200000, 0.0020868),
        (-0.5800000, 0.4600000, 0.0020891),
        (-0.5800000, 0.5000000, 0.0020914),
        (-0.5800000, 0.5400000, 0.0020937),
        (-0.5800000, 0.5800000, 0.0020960),
        (-0.5800000, 0.6200000, 0.0020983),
        (-0.5800000, 0.6600000, 0.0021007),
        (-0.5800000, 0.7000000, 0.0021030),
        (-0.5800000, 0.7400000, 0.0021053),
        (-0.5800000, 0.7800000, 0.0021076),
        (-0.5800000, 0.8200000, 0.0021099),
        (-0.5800000, 0.8600000, 0.0021122),
        (-0.5800000, 0.9000000, 0.0021145),
        (-0.5800000, 0.9400000, 0.0021168),
        (-0.5800000, 0.9800000, 0.0021191),
        (-0.5800000, 1.0200000, 0.0021214),
        (-0.5800000, 1.0600000, 0.0021238),
        (-0.5800000, 1.1000000, 0.0021261),
        (-0.5800000, 1.1400000, 0.0021284),
        (-0.5800000, 1.1800000, 0.0021307),
        (-0.5800000, 1.2200000, 0.0021330),
        (-0.5800000, 1.2600000, 0.0021353),
        (-0.5800000, 1.3000000, 0.0021376),
        (-0.5800000, 1.3400000, 0.0021399),
        (-0.5800000, 1.3800000, 0.0021422),
        (-0.5800000, 1.4200000, 0.0021445),
        (-0.5800000, 1.4600000, 0.0021469),
        (-0.5800000, 1.5000000, 0.0021492),
        (-0.5400000, -1.5000000, 0.0031050),
        (-0.5400000, -1.4600000, 0.0031086),
        (-0.5400000, -1.4200000, 0.0031123),
        (-0.5400000, -1.3800000, 0.0031159),
        (-0.5400000, -1.3400000, 0.0031195),
        (-0.5400000, -1.3000000, 0.0031232),
        (-0.5400000, -1.2600000, 0.0031268),
        (-0.5400000, -1.2200000, 0.0031304),
        (-0.5400000, -1.1800000, 0.0031341),
        (-0.5400000, -1.1400000, 0.0031377),
        (-0.5400000, -1.1000000, 0.0031413),
        (-0.5400000, -1.0600000, 0.0031449),
        (-0.5400000, -1.0200000, 0.0031486),
        (-0.5400000, -0.9800000, 0.0031522),
        (-0.5400000, -0.9400000, 0.0031558),
        (-0.5400000, -0.9000000, 0.0031595),
        (-0.5400000, -0.8600000, 0.0031631),
        (-0.5400000, -0.8200000, 0.0031667),
        (-0.5400000, -0.7800000, 0.0031703),
        (-0.5400000, -0.7400000, 0.0031740),
        (-0.5400000, -0.7000000, 0.0031776),
        (-0.5400000, -0.6600000, 0.0031812),
        (-0.5400000, -0.6200000, 0.0031849),
        (-0.5400000, -0.5800000, 0.0031885),
        (-0.5400000, -0.5400000, 0.0031921),
        (-0.5400000, -0.5000000, 0.0031958),
        (-0.5400000, -0.4600000, 0.0031994),
        (-0.5400000, -0.4200000, 0.0032030),
        (-0.5400000, -0.3800000, 0.0032066),
        (-0.5400000, -0.3400000, 0.0032103),
        (-0.5400000, -0.3000000, 0.0032139),
        (-0.5400000, -0.2600000, 0.0032175),
        (-0.5400000, -0.2200000, 0.0032212),
        (-0.5400000, -0.1800000, 0.0032248),
        (-0.5400000, -0.1400000, 0.0032284),
        (-0.5400000, -0.1000000, 0.0032321),
        (-0.5400000, -0.0600000, 0.0032357),
        (-0.5400000, -0.0200000, 0.0032393),
        (-0.5400000, 0.0200000, 0.0032429),
        (-0.5400000, 0.0600000, 0.0032466),
        (-0.5400000, 0.1000000, 0.0032502),
        (-0.5400000, 0.1400000, 0.0032538),
        (-0.5400000, 0.1800000, 0.0032575),
        (-0.5400000, 0.2200000, 0.0032611),
        (-0.5400000, 0.2600000, 0.0032647),
        (-0.5400000, 0.3000000, 0.0032684),
        (-0.5400000, 0.3400000, 0.0032720),
        (-0.5400000, 0.3800000, 0.0032756),
        (-0.5400000, 0.4200000, 0.0032792),
        (-0.5400000, 0.4600000, 0.0032829),
        (-0.5400000, 0.5000000, 0.0032865),
        (-0.5400000, 0.5400000, 0.0032901),
        (-0.5400000, 0.5800000, 0.0032938),
        (-0.5400000, 0.6200000, 0.0032974),
        (-0.5400000, 0.6600000, 0.0033010),
        (-0.5400000, 0.7000000, 0.0033047),
        (-0.5400000, 0.7400000, 0.0033083),
        (-0.5400000, 0.7800000, 0.0033119),
        (-0.5400000, 0.8200000, 0.0033155),
        (-0.5400000, 0.8600000, 0.0033192),
        (-0.5400000, 0.9000000, 0.0033228),
        (-0.5400000, 0.9400000, 0.0033264),
        (-0.5400000, 0.9800000, 0.0033301),
        (-0.5400000, 1.0200000, 0.0033337),
        (-0.5400000, 1.0600000, 0.0033373),
        (-0.5400000, 1.1000000, 0.0033410),
        (-0.5400000, 1.1400000, 0.0033446),
        (-0.5400000, 1.1800000, 0.0033482),
        (-0.5400000, 1.2200000, 0.0033518),
        (-0.5400000, 1.2600000, 0.0033555),
        (-0.5400000, 1.3000000, 0.0033591),
        (-0.5400000, 1.3400000, 0.0033627),
        (-0.5400000, 1.3800000, 0.0033664),
        (-0.5400000, 1.4200000, 0.0033700),
        (-0.5400000, 1.4600000, 0.0033736),
        (-0.5400000, 1.5000000, 0.0033773),
        (-0.5000000, -1.5000000, 0.0042341),
        (-0.5000000, -1.4600000, 0.0042391),
        (-0.5000000, -1.4200000, 0.0042440),
        (-0.5000000, -1.3800000, 0.0042490),
        (-0.5000000, -1.3400000, 0.0042539),
        (-0.5000000, -1.3000000, 0.0042589),
        (-0.5000000, -1.2600000, 0.0042638),
        (-0.5000000, -1.2200000, 0.0042688),
        (-0.5000000, -1.1800000, 0.0042737),
        (-0.5000000, -1.1400000, 0.0042787),
        (-0.5000000, -1.1000000, 0.0042836),
        (-0.5000000, -1.0600000, 0.0042886),
        (-0.5000000, -1.0200000, 0.0042935),
        (-0.5000000, -0.9800000, 0.0042985),
        (-0.5000000, -0.9400000, 0.0043034),
        (-0.5000000, -0.9000000, 0.0043084),
        (-0.5000000, -0.8600000, 0.0043133),
        (-0.5000000, -0.8200000, 0.0043183),
        (-0.5000000, -0.7800000, 0.0043232),
        (-0.5000000, -0.7400000, 0.0043282),
        (-0.5000000, -0.7000000, 0.0043331),
        (-0.5000000, -0.6600000, 0.0043381),
        (-0.5000000, -0.6200000, 0.0043430),
        (-0.5000000, -0.5800000, 0.0043480),
        (-0.5000000, -0.5400000, 0.0043529),
        (-0.5000000, -0.5000000, 0.0043579),
        (-0.5000000, -0.4600000, 0.0043628),
        (-0.5000000, -0.4200000, 0.0043678),
        (-0.5000000, -0.3800000, 0.0043727),
        (-0.5000000, -0.3400000, 0.0043777),
        (-0.5000000, -0.3000000, 0.0043826),
        (-0.5000000, -0.2600000, 0.0043876),
        (-0.5000000, -0.2200000, 0.0043925),
        (-0.5000000, -0.1800000, 0.0043975),
        (-0.5000000, -0.1400000, 0.0044024),
        (-0.5000000, -0.1000000, 0.0044074),
        (-0.5000000, -0.0600000, 0.0044123),
        (-0.5000000, -0.0200000, 0.0044173),
        (-0.5000000, 0.0200000, 0.0044222),
        (-0.5000000, 0.0600000, 0.0044272),
        (-0.5000000, 0.1000000, 0.0044321),
        (-0.5000000, 0.1400000, 0.0044371),
        (-0.5000000, 0.1800000, 0.0044420),
        (-0.5000000, 0.2200000, 0.0044470),
        (-0.5000000, 0.2600000, 0.0044519),
        (-0.5000000, 0.3000000, 0.0044569),
        (-0.5000000, 0.3400000, 0.0044618),
        (-0.5000000, 0.3800000, 0.0044668),
        (-0.5000000, 0.4200000, 0.0044717),
        (-0.5000000, 0.4600000, 0.0044767),
        (-0.5000000, 0.5000000, 0.0044816),
        (-0.5000000, 0.5400000, 0.0044866),
        (-0.5000000, 0.5800000, 0.0044915),
        (-0.5000000, 0.6200000, 0.0044965),
        (-0.5000000, 0.6600000, 0.0045014),
        (-0.5000000, 0.7000000, 0.0045063),
        (-0.5000000, 0.7400000, 0.0045113),
        (-0.5000000, 0.7800000, 0.0045162),
        (-0.5000000, 0.8200000, 0.0045212),
        (-0.5000000, 0.8600000, 0.0045261),
        (-0.5000000, 0.9000000, 0.0045311),
        (-0.5000000, 0.9400000, 0.0045360),
        (-0.5000000, 0.9800000, 0.0045410),
        (-0.5000000, 1.0200000, 0.0045459),
        (-0.5000000, 1.0600000, 0.0045509),
        (-0.5000000, 1.1000000, 0.0045558),
        (-0.5000000, 1.1400000, 0.0045608),
        (-0.5000000, 1.1800000, 0.0045657),
        (-0.5000000, 1.2200000, 0.0045707),
        (-0.5000000, 1.2600000, 0.0045756),
        (-0.5000000, 1.3000000, 0.0045806),
        (-0.5000000, 1.3400000, 0.0045855),
        (-0.5000000, 1.3800000, 0.0045905),
        (-0.5000000, 1.4200000, 0.0045954),
        (-0.5000000, 1.4600000, 0.0046004),
        (-0.5000000, 1.5000000, 0.0046053),
        (-0.4600000, -1.5000000, 0.0053632),
        (-0.4600000, -1.4600000, 0.0053695),
        (-0.4600000, -1.4200000, 0.0053757),
        (-0.4600000, -1.3800000, 0.0053820),
        (-0.4600000, -1.3400000, 0.0053883),
        (-0.4600000, -1.3000000, 0.0053946),
        (-0.4600000, -1.2600000, 0.0054008),
        (-0.4600000, -1.2200000, 0.0054071),
        (-0.4600000, -1.1800000, 0.0054134),
        (-0.4600000, -1.1400000, 0.0054196),
        (-0.4600000, -1.1000000, 0.0054259),
        (-0.4600000, -1.0600000, 0.0054322),
        (-0.4600000, -1.0200000, 0.0054384),
        (-0.4600000, -0.9800000, 0.0054447),
        (-0.4600000, -0.9400000, 0.0054510),
        (-0.4600000, -0.9000000, 0.0054572),
        (-0.4600000, -0.8600000, 0.0054635),
        (-0.4600000, -0.8200000, 0.0054698),
        (-0.4600000, -0.7800000, 0.0054761),
        (-0.4600000, -0.7400000, 0.0054823),
        (-0.4600000, -0.7000000, 0.0054886),
        (-0.4600000, -0.6600000, 0.0054949),
        (-0.4600000, -0.6200000, 0.0055011),
        (-0.4600000, -0.5800000, 0.0055074),
        (-0.4600000, -0.5400000, 0.0055137),
        (-0.4600000, -0.5000000, 0.0055199),
        (-0.4600000, -0.4600000, 0.0055262),
        (-0.4600000, -0.4200000, 0.0055325),
        (-0.4600000, -0.3800000, 0.0055388),
        (-0.4600000, -0.3400000, 0.0055450),
        (-0.4600000, -0.3000000, 0.0055513),
        (-0.4600000, -0.2600000, 0.0055576),
        (-0.4600000, -0.2200000, 0.0055638),
        (-0.4600000, -0.1800000, 0.0055701),
        (-0.4600000, -0.1400000, 0.0055764),
        (-0.4600000, -0.1000000, 0.0055826),
        (-0.4600000, -0.0600000, 0.0055889),
        (-0.4600000, -0.0200000, 0.0055952),
        (-0.4600000, 0.0200000, 0.0056015),
        (-0.4600000, 0.0600000, 0.0056077),
        (-0.4600000, 0.1000000, 0.0056140),
        (-0.4600000, 0.1400000, 0.0056203),
        (-0.4600000, 0.1800000, 0.0056265),
        (-0.4600000, 0.2200000, 0.0056328),
        (-0.4600000, 0.2600000, 0.0056391),
        (-0.4600000, 0.3000000, 0.0056453),
        (-0.4600000, 0.3400000, 0.0056516),
        (-0.4600000, 0.3800000, 0.0056579),
        (-0.4600000, 0.4200000, 0.0056642),
        (-0.4600000, 0.4600000, 0.0056704),
        (-0.4600000, 0.5000000, 0.0056767),
        (-0.4600000, 0.5400000, 0.0056830),
        (-0.4600000, 0.5800000, 0.0056892),
        (-0.4600000, 0.6200000, 0.0056955),
        (-0.4600000, 0.6600000, 0.0057018),
        (-0.4600000, 0.7000000, 0.0057080),
        (-0.4600000, 0.7400000, 0.0057143),
        (-0.4600000, 0.7800000, 0.0057206),
        (-0.4600000, 0.8200000, 0.0057269),
        (-0.4600000, 0.8600000, 0.0057331),
        (-0.4600000, 0.9000000, 0.0057394),
        (-0.4600000, 0.9400000, 0.0057457),
        (-0.4600000, 0.9800000, 0.0057519),
        (-0.4600000, 1.0200000, 0.0057582),
        (-0.4600000, 1.0600000, 0.0057645),
        (-0.4600000, 1.1000000, 0.0057707),
        (-0.4600000, 1.1400000, 0.0057770),
        (-0.4600000, 1.1800000, 0.0057833),
        (-0.4600000, 1.2200000, 0.0057896),
        (-0.4600000, 1.2600000, 0.0057958),
        (-0.4600000, 1.3000000, 0.0058021),
        (-0.4600000, 1.3400000, 0.0058084),
        (-0.4600000, 1.3800000, 0.0058146),
        (-0.4600000, 1.4200000, 0.0058209),
        (-0.4600000, 1.4600000, 0.0058272),
        (-0.4600000, 1.5000000, 0.0058334),
        (-0.4200000, -1.5000000, 0.0064923),
        (-0.4200000, -1.4600000, 0.0064999),
        (-0.4200000, -1.4200000, 0.0065075),
        (-0.4200000, -1.3800000, 0.0065151),
        (-0.4200000, -1.3400000, 0.0065227),
        (-0.4200000, -1.3000000, 0.0065302),
        (-0.4200000, -1.2600000, 0.0065378),
        (-0.4200000, -1.2200000, 0.0065454),
        (-0.4200000, -1.1800000, 0.0065530),
        (-0.4200000, -1.1400000, 0.0065606),
        (-0.4200000, -1.1000000, 0.0065682),
        (-0.4200000, -1.0600000, 0.0065758),
        (-0.4200000, -1.0200000, 0.0065834),
        (-0.4200000, -0.9800000, 0.0065910),
        (-0.4200000, -0.9400000, 0.0065986),
        (-0.4200000, -0.9000000, 0.0066061),
        (-0.4200000, -0.8600000, 0.0066137),
        (-0.4200000, -0.8200000, 0.0066213),
        (-0.4200000, -0.7800000, 0.0066289),
        (-0.4200000, -0.7400000, 0.0066365),
        (-0.4200000, -0.7000000, 0.0066441),
        (-0.4200000, -0.6600000, 0.0066517),
        (-0.4200000, -0.6200000, 0.0066593),
        (-0.4200000, -0.5800000, 0.0066669),
        (-0.4200000, -0.5400000, 0.0066745),
        (-0.4200000, -0.5000000, 0.0066820),
        (-0.4200000, -0.4600000, 0.0066896),
        (-0.4200000, -0.4200000, 0.0066972),
        (-0.4200000, -0.3800000, 0.0067048),
        (-0.4200000, -0.3400000, 0.0067124),
        (-0.4200000, -0.3000000, 0.0067200),
        (-0.4200000, -0.2600000, 0.0067276),
        (-0.4200000, -0.2200000, 0.0067352),
        (-0.4200000, -0.1800000, 0.0067428),
        (-0.4200000, -0.1400000, 0.0067504),
        (-0.4200000, -0.1000000, 0.0067579),
        (-0.4200000, -0.0600000, 0.0067655),
        (-0.4200000, -0.0200000, 0.0067731),
        (-0.4200000, 0.0200000, 0.0067807),
        (-0.4200000, 0.0600000, 0.0067883),
        (-0.4200000, 0.1000000, 0.0067959),
        (-0.4200000, 0.1400000, 0.0068035),
        (-0.4200000, 0.1800000, 0.0068111),
        (-0.4200000, 0.2200000, 0.0068187),
        (-0.4200000, 0.2600000, 0.0068262),
        (-0.4200000, 0.3000000, 0.0068338),
        (-0.4200000, 0.3400000, 0.0068414),
        (-0.4200000, 0.3800000, 0.0068490),
        (-0.4200000, 0.4200000, 0.0068566),
        (-0.4200000, 0.4600000, 0.0068642),
        (-0.4200000, 0.5000000, 0.0068718),
        (-0.4200000, 0.5400000, 0.0068794),
        (-0.4200000, 0.5800000, 0.0068870),
        (-0.4200000, 0.6200000, 0.0068946),
        (-0.4200000, 0.6600000, 0.0069021),
        (-0.4200000, 0.7000000, 0.0069097),
        (-0.4200000, 0.7400000, 0.0069173),
        (-0.4200000, 0.7800000, 0.0069249),
        (-0.4200000, 0.8200000, 0.0069325),
        (-0.4200000, 0.8600000, 0.0069401),
        (-0.4200000, 0.9000000, 0.0069477),
        (-0.4200000, 0.9400000, 0.0069553),
        (-0.4200000, 0.9800000, 0.0069629),
        (-0.4200000, 1.0200000, 0.0069705),
        (-0.4200000, 1.0600000, 0.0069780),
        (-0.4200000, 1.1000000, 0.0069856),
        (-0.4200000, 1.1400000, 0.0069932),
        (-0.4200000, 1.1800000, 0.0070008),
        (-0.4200000, 1.2200000, 0.0070084),
        (-0.4200000, 1.2600000, 0.0070160),
        (-0.4200000, 1.3000000, 0.0070236),
        (-0.4200000, 1.3400000, 0.0070312),
        (-0.4200000, 1.3800000, 0.0070388),
        (-0.4200000, 1.4200000, 0.0070464),
        (-0.4200000, 1.4600000, 0.0070539),
        (-0.4200000, 1.5000000, 0.0070615),
        (-0.3800000, -1.5000000, 0.0076214),
        (-0.3800000, -1.4600000, 0.0076303),
        (-0.3800000, -1.4200000, 0.0076392),
        (-0.3800000, -1.3800000, 0.0076481),
        (-0.3800000, -1.3400000, 0.0076570),
        (-0.3800000, -1.3000000, 0.0076659),
        (-0.3800000, -1.2600000, 0.0076749),
        (-0.3800000, -1.2200000, 0.0076838),
        (-0.3800000, -1.1800000, 0.0076927),
        (-0.3800000, -1.1400000, 0.0077016),
        (-0.3800000, -1.1000000, 0.0077105),
        (-0.3800000, -1.0600000, 0.0077194),
        (-0.3800000, -1.0200000, 0.0077283),
        (-0.3800000, -0.9800000, 0.0077372),
        (-0.3800000, -0.9400000, 0.0077461),
        (-0.3800000, -0.9000000, 0.0077550),
        (-0.3800000, -0.8600000, 0.0077639),
        (-0.3800000, -0.8200000, 0.0077729),
        (-0.3800000, -0.7800000, 0.0077818),
        (-0.3800000, -0.7400000, 0.0077907),
        (-0.3800000, -0.7000000, 0.0077996),
        (-0.3800000, -0.6600000, 0.0078085),
        (-0.3800000, -0.6200000, 0.0078174),
        (-0.3800000, -0.5800000, 0.0078263),
        (-0.3800000, -0.5400000, 0.0078352),
        (-0.3800000, -0.5000000, 0.0078441),
        (-0.3800000, -0.4600000, 0.0078530),
        (-0.3800000, -0.4200000, 0.0078620),
        (-0.3800000, -0.3800000, 0.0078709),
        (-0.3800000, -0.3400000, 0.0078798),
        (-0.3800000, -0.3000000, 0.0078887),
        (-0.3800000, -0.2600000, 0.0078976),
        (-0.3800000, -0.2200000, 0.0079065),
        (-0.3800000, -0.1800000, 0.0079154),
        (-0.3800000, -0.1400000, 0.0079243),
        (-0.3800000, -0.1000000, 0.0079332),
        (-0.3800000, -0.0600000, 0.0079421),
        (-0.3800000, -0.0200000, 0.0079511),
        (-0.3800000, 0.0200000, 0.0079600),
        (-0.3800000, 0.0600000, 0.0079689),
        (-0.3800000, 0.1000000, 0.0079778),
        (-0.3800000, 0.1400000, 0.0079867),
        (-0.3800000, 0.1800000, 0.0079956),
        (-0.3800000, 0.2200000, 0.0080045),
        (-0.3800000, 0.2600000, 0.0080134),
        (-0.3800000, 0.3000000, 0.0080223),
        (-0.3800000, 0.3400000, 0.0080312),
        (-0.3800000, 0.3800000, 0.0080402),
        (-0.3800000, 0.4200000, 0.0080491),
        (-0.3800000, 0.4600000, 0.0080580),
        (-0.3800000, 0.5000000, 0.0080669),
        (-0.3800000, 0.5400000, 0.0080758),
        (-0.3800000, 0.5800000, 0.0080847),
        (-0.3800000, 0.6200000, 0.0080936),
        (-0.3800000, 0.6600000, 0.0081025),
        (-0.3800000, 0.7000000, 0.0081114),
        (-0.3800000, 0.7400000, 0.0081203),
        (-0.3800000, 0.7800000, 0.0081292),
        (-0.3800000, 0.8200000, 0.0081382),
        (-0.3800000, 0.8600000, 0.0081471),
        (-0.3800000, 0.9000000, 0.0081560),
        (-0.3800000, 0.9400000, 0.0081649),
        (-0.3800000, 0.9800000, 0.0081738),
        (-0.3800000, 1.0200000, 0.0081827),
        (-0.3800000, 1.0600000, 0.0081916),
        (-0.3800000, 1.1000000, 0.0082005),
        (-0.3800000, 1.1400000, 0.0082094),
        (-0.3800000, 1.1800000, 0.0082183),
        (-0.3800000, 1.2200000, 0.0082273),
        (-0.3800000, 1.2600000, 0.0082362),
        (-0.3800000, 1.3000000, 0.0082451),
        (-0.3800000, 1.3400000, 0.0082540),
        (-0.3800000, 1.3800000, 0.0082629),
        (-0.3800000, 1.4200000, 0.0082718),
        (-0.3800000, 1.4600000, 0.0082807),
        (-0.3800000, 1.5000000, 0.0082896),
        (-0.3400000, -1.5000000, 0.0087505),
        (-0.3400000, -1.4600000, 0.0087607),
        (-0.3400000, -1.4200000, 0.0087709),
        (-0.3400000, -1.3800000, 0.0087812),
        (-0.3400000, -1.3400000, 0.0087914),
        (-0.3400000, -1.3000000, 0.0088016),
        (-0.3400000, -1.2600000, 0.0088119),
        (-0.3400000, -1.2200000, 0.0088221),
        (-0.3400000, -1.1800000, 0.0088323),
        (-0.3400000, -1.1400000, 0.0088426),
        (-0.3400000, -1.1000000, 0.0088528),
        (-0.3400000, -1.0600000, 0.0088630),
        (-0.3400000, -1.0200000, 0.0088732),
        (-0.3400000, -0.9800000, 0.0088835),
        (-0.3400000, -0.9400000, 0.0088937),
        (-0.3400000, -0.9000000, 0.0089039),
        (-0.3400000, -0.8600000, 0.0089142),
        (-0.3400000, -0.8200000, 0.0089244),
        (-0.3400000, -0.7800000, 0.0089346),
        (-0.3400000, -0.7400000, 0.0089449),
        (-0.3400000, -0.7000000, 0.0089551),
        (-0.3400000, -0.6600000, 0.0089653),
        (-0.3400000, -0.6200000, 0.0089755),
        (-0.3400000, -0.5800000, 0.0089858),
        (-0.3400000, -0.5400000, 0.0089960),
        (-0.3400000, -0.5000000, 0.0090062),
        (-0.3400000, -0.4600000, 0.0090165),
        (-0.3400000, -0.4200000, 0.0090267),
        (-0.3400000, -0.3800000, 0.0090369),
        (-0.3400000, -0.3400000, 0.0090471),
        (-0.3400000, -0.3000000, 0.0090574),
        (-0.3400000, -0.2600000, 0.0090676),
        (-0.3400000, -0.2200000, 0.0090778),
        (-0.3400000, -0.1800000, 0.0090881),
        (-0.3400000, -0.1400000, 0.0090983),
        (-0.3400000, -0.1000000, 0.0091085),
        (-0.3400000, -0.0600000, 0.0091188),
        (-0.3400000, -0.0200000, 0.0091290),
        (-0.3400000, 0.0200000, 0.0091392),
        (-0.3400000, 0.0600000, 0.0091494),
        (-0.3400000, 0.1000000, 0.0091597),
        (-0.3400000, 0.1400000, 0.0091699),
        (-0.3400000, 0.1800000, 0.0091801),
        (-0.3400000, 0.2200000, 0.0091904),
        (-0.3400000, 0.2600000, 0.0092006),
        (-0.3400000, 0.3000000, 0.0092108),
        (-0.3400000, 0.3400000, 0.0092211),
        (-0.3400000, 0.3800000, 0.0092313),
        (-0.3400000, 0.4200000, 0.0092415),
        (-0.3400000, 0.4600000, 0.0092517),
        (-0.3400000, 0.5000000, 0.0092620),
        (-0.3400000, 0.5400000, 0.0092722),
        (-0.3400000, 0.5800000, 0.0092824),
        (-0.3400000, 0.6200000, 0.0092927),
        (-0.3400000, 0.6600000, 0.0093029),
        (-0.3400000, 0.7000000, 0.0093131),
        (-0.3400000, 0.7400000, 0.0093234),
        (-0.3400000, 0.7800000, 0.0093336),
        (-0.3400000, 0.8200000, 0.0093438),
        (-0.3400000, 0.8600000, 0.0093540),
        (-0.3400000, 0.9000000, 0.0093643),
        (-0.3400000, 0.9400000, 0.0093745),
        (-0.3400000, 0.9800000, 0.0093847),
        (-0.3400000, 1.0200000, 0.0093950),
        (-0.3400000, 1.0600000, 0.0094052),
        (-0.3400000, 1.1000000, 0.0094154),
        (-0.3400000, 1.1400000, 0.0094257),
        (-0.3400000, 1.1800000, 0.0094359),
        (-0.3400000, 1.2200000, 0.0094461),
        (-0.3400000, 1.2600000, 0.0094563),
        (-0.3400000, 1.3000000, 0.0094666),
        (-0.3400000, 1.3400000, 0.0094768),
        (-0.3400000, 1.3800000, 0.0094870),
        (-0.3400000, 1.4200000, 0.0094973),
        (-0.3400000, 1.4600000, 0.0095075),
        (-0.3400000, 1.5000000, 0.0095177),
        (-0.3000000, -1.5000000, 0.0098796),
        (-0.3000000, -1.4600000, 0.0098911),
        (-0.3000000, -1.4200000, 0.0099027),
        (-0.3000000, -1.3800000, 0.0099142),
        (-0.3000000, -1.3400000, 0.0099258),
        (-0.3000000, -1.3000000, 0.0099373),
        (-0.3000000, -1.2600000, 0.0099489),
        (-0.3000000, -1.2200000, 0.0099604),
        (-0.3000000, -1.1800000, 0.0099720),
        (-0.3000000, -1.1400000, 0.0099835),
        (-0.3000000, -1.1000000, 0.0099951),
        (-0.3000000, -1.0600000, 0.0100066),
        (-0.3000000, -1.0200000, 0.0100182),
        (-0.3000000, -0.9800000, 0.0100297),
        (-0.3000000, -0.9400000, 0.0100413),
        (-0.3000000, -0.9000000, 0.0100528),
        (-0.3000000, -0.8600000, 0.0100644),
        (-0.3000000, -0.8200000, 0.0100759),
        (-0.3000000, -0.7800000, 0.0100875),
        (-0.3000000, -0.7400000, 0.0100990),
        (-0.3000000, -0.7000000, 0.0101106),
        (-0.3000000, -0.6600000, 0.0101221),
        (-0.3000000, -0.6200000, 0.0101337),
        (-0.3000000, -0.5800000, 0.0101452),
        (-0.3000000, -0.5400000, 0.0101568),
        (-0.3000000, -0.5000000, 0.0101683),
        (-0.3000000, -0.4600000, 0.0101799),
        (-0.3000000, -0.4200000, 0.0101914),
        (-0.3000000, -0.3800000, 0.0102030),
        (-0.3000000, -0.3400000, 0.0102145),
        (-0.3000000, -0.3000000, 0.0102261),
        (-0.3000000, -0.2600000, 0.0102376),
        (-0.3000000, -0.2200000, 0.0102492),
        (-0.3000000, -0.1800000, 0.0102607),
        (-0.3000000, -0.1400000, 0.0102723),
        (-0.3000000, -0.1000000, 0.0102838),
        (-0.3000000, -0.0600000, 0.0102954),
        (-0.3000000, -0.0200000, 0.0103069),
        (-0.3000000, 0.0200000, 0.0103185),
        (-0.3000000, 0.0600000, 0.0103300),
        (-0.3000000, 0.1000000, 0.0103416),
        (-0.3000000, 0.1400000, 0.0103531),
        (-0.3000000, 0.1800000, 0.0103647),
        (-0.3000000, 0.2200000, 0.0103762),
        (-0.3000000, 0.2600000, 0.0103878),
        (-0.3000000, 0.3000000, 0.0103993),
        (-0.3000000, 0.3400000, 0.0104109),
        (-0.3000000, 0.3800000, 0.0104224),
        (-0.3000000, 0.4200000, 0.0104340),
        (-0.3000000, 0.4600000, 0.0104455),
        (-0.3000000, 0.5000000, 0.0104571),
        (-0.3000000, 0.5400000, 0.0104686),
        (-0.3000000, 0.5800000, 0.0104802),
        (-0.3000000, 0.6200000, 0.0104917),
        (-0.3000000, 0.6600000, 0.0105033),
        (-0.3000000, 0.7000000, 0.0105148),
        (-0.3000000, 0.7400000, 0.0105264),
        (-0.3000000, 0.7800000, 0.0105379),
        (-0.3000000, 0.8200000, 0.0105495),
        (-0.3000000, 0.8600000, 0.0105610),
        (-0.3000000, 0.9000000, 0.0105726),
        (-0.3000000, 0.9400000, 0.0105841),
        (-0.3000000, 0.9800000, 0.0105957),
        (-0.3000000, 1.0200000, 0.0106072),
        (-0.3000000, 1.0600000, 0.0106188),
        (-0.3000000, 1.1000000, 0.0106303),
        (-0.3000000, 1.1400000, 0.0106419),
        (-0.3000000, 1.1800000, 0.0106534),
        (-0.3000000, 1.2200000, 0.0106650),
        (-0.3000000, 1.2600000, 0.0106765),
        (-0.3000000, 1.3000000, 0.0106881),
        (-0.3000000, 1.3400000, 0.0106996),
        (-0.3000000, 1.3800000, 0.0107112),
        (-0.3000000, 1.4200000, 0.0107227),
        (-0.3000000, 1.4600000, 0.0107343),
        (-0.3000000, 1.5000000, 0.0107458),
        (-0.2600000, -1.5000000, 0.0110087),
        (-0.2600000, -1.4600000, 0.0110215),
        (-0.2600000, -1.4200000, 0.0110344),
        (-0.2600000, -1.3800000, 0.0110473),
        (-0.2600000, -1.3400000, 0.0110602),
        (-0.2600000, -1.3000000, 0.0110730),
        (-0.2600000, -1.2600000, 0.0110859),
        (-0.2600000, -1.2200000, 0.0110988),
        (-0.2600000, -1.1800000, 0.0111116),
        (-0.2600000, -1.1400000, 0.0111245),
        (-0.2600000, -1.1000000, 0.0111374),
        (-0.2600000, -1.0600000, 0.0111502),
        (-0.2600000, -1.0200000, 0.0111631),
        (-0.2600000, -0.9800000, 0.0111760),
        (-0.2600000, -0.9400000, 0.0111889),
        (-0.2600000, -0.9000000, 0.0112017),
        (-0.2600000, -0.8600000, 0.0112146),
        (-0.2600000, -0.8200000, 0.0112275),
        (-0.2600000, -0.7800000, 0.0112403),
        (-0.2600000, -0.7400000, 0.0112532),
        (-0.2600000, -0.7000000, 0.0112661),
        (-0.2600000, -0.6600000, 0.0112789),
        (-0.2600000, -0.6200000, 0.0112918),
        (-0.2600000, -0.5800000, 0.0113047),
        (-0.2600000, -0.5400000, 0.0113175),
        (-0.2600000, -0.5000000, 0.0113304),
        (-0.2600000, -0.4600000, 0.0113433),
        (-0.2600000, -0.4200000, 0.0113562),
        (-0.2600000, -0.3800000, 0.0113690),
        (-0.2600000, -0.3400000, 0.0113819),
        (-0.2600000, -0.3000000, 0.0113948),
        (-0.2600000, -0.2600000, 0.0114076),
        (-0.2600000, -0.2200000, 0.0114205),
        (-0.2600000, -0.1800000, 0.0114334),
        (-0.2600000, -0.1400000, 0.0114462),
        (-0.2600000, -0.1000000, 0.0114591),
        (-0.2600000, -0.0600000, 0.0114720),
        (-0.2600000, -0.0200000, 0.0114849),
        (-0.2600000, 0.0200000, 0.0114977),
        (-0.2600000, 0.0600000, 0.0115106),
        (-0.2600000, 0.1000000, 0.0115235),
        (-0.2600000, 0.1400000, 0.0115363),
        (-0.2600000, 0.1800000, 0.0115492),
        (-0.2600000, 0.2200000, 0.0115621),
        (-0.2600000, 0.2600000, 0.0115749),
        (-0.2600000, 0.3000000, 0.0115878),
        (-0.2600000, 0.3400000, 0.0116007),
        (-0.2600000, 0.3800000, 0.0116136),
        (-0.2600000, 0.4200000, 0.0116264),
        (-0.2600000, 0.4600000, 0.0116393),
        (-0.2600000, 0.5000000, 0.0116522),
        (-0.2600000, 0.5400000, 0.0116650),
        (-0.2600000, 0.5800000, 0.0116779),
        (-0.2600000, 0.6200000, 0.0116908),
        (-0.2600000, 0.6600000, 0.0117036),
        (-0.2600000, 0.7000000, 0.0117165),
        (-0.2600000, 0.7400000, 0.0117294),
        (-0.2600000, 0.7800000, 0.0117422),
        (-0.2600000, 0.8200000, 0.0117551),
        (-0.2600000, 0.8600000, 0.0117680),
        (-0.2600000, 0.9000000, 0.0117809),
        (-0.2600000, 0.9400000, 0.0117937),
        (-0.2600000, 0.9800000, 0.0118066),
        (-0.2600000, 1.0200000, 0.0118195),
        (-0.2600000, 1.0600000, 0.0118323),
        (-0.2600000, 1.1000000, 0.0118452),
        (-0.2600000, 1.1400000, 0.0118581),
        (-0.2600000, 1.1800000, 0.0118709),
        (-0.2600000, 1.2200000, 0.0118838),
        (-0.2600000, 1.2600000, 0.0118967),
        (-0.2600000, 1.3000000, 0.0119096),
        (-0.2600000, 1.3400000, 0.0119224),
        (-0.2600000, 1.3800000, 0.0119353),
        (-0.2600000, 1.4200000, 0.0119482),
        (-0.2600000, 1.4600000, 0.0119610),
        (-0.2600000, 1.5000000, 0.0119739),
        (-0.2200000, -1.5000000, 0.0121749),
        (-0.2200000, -1.4600000, 0.0121881),
        (-0.2200000, -1.4200000, 0.0122013),
        (-0.2200000, -1.3800000, 0.0122145),
        (-0.2200000, -1.3400000, 0.0122277),
        (-0.2200000, -1.3000000, 0.0122409),
        (-0.2200000, -1.2600000, 0.0122541),
        (-0.2200000, -1.2200000, 0.0122673),
        (-0.2200000, -1.1800000, 0.0122805),
        (-0.2200000, -1.1400000, 0.0122937),
        (-0.2200000, -1.1000000, 0.0123069),
        (-0.2200000, -1.0600000, 0.0123201),
        (-0.2200000, -1.0200000, 0.0123333),
        (-0.2200000, -0.9800000, 0.0123465),
        (-0.2200000, -0.9400000, 0.0123597),
        (-0.2200000, -0.9000000, 0.0123729),
        (-0.2200000, -0.8600000, 0.0123861),
        (-0.2200000, -0.8200000, 0.0123993),
        (-0.2200000, -0.7800000, 0.0124125),
        (-0.2200000, -0.7400000, 0.0124257),
        (-0.2200000, -0.7000000, 0.0124389),
        (-0.2200000, -0.6600000, 0.0124521),
        (-0.2200000, -0.6200000, 0.0124653),
        (-0.2200000, -0.5800000, 0.0124785),
        (-0.2200000, -0.5400000, 0.0124917),
        (-0.2200000, -0.5000000, 0.0125049),
        (-0.2200000, -0.4600000, 0.0125181),
        (-0.2200000, -0.4200000, 0.0125313),
        (-0.2200000, -0.3800000, 0.0125445),
        (-0.2200000, -0.3400000, 0.0125577),
        (-0.2200000, -0.3000000, 0.0125709),
        (-0.2200000, -0.2600000, 0.0125841),
        (-0.2200000, -0.2200000, 0.0125973),
        (-0.2200000, -0.1800000, 0.0126105),
        (-0.2200000, -0.1400000, 0.0126237),
        (-0.2200000, -0.1000000, 0.0126369),
        (-0.2200000, -0.0600000, 0.0126501),
        (-0.2200000, -0.0200000, 0.0126633),
        (-0.2200000, 0.0200000, 0.0126765),
        (-0.2200000, 0.0600000, 0.0126897),
        (-0.2200000, 0.1000000, 0.0127029),
        (-0.2200000, 0.1400000, 0.0127161),
        (-0.2200000, 0.1800000, 0.0127293),
        (-0.2200000, 0.2200000, 0.0127425),
        (-0.2200000, 0.2600000, 0.0127557),
        (-0.2200000, 0.3000000, 0.0127689),
        (-0.2200000, 0.3400000, 0.0127821),
        (-0.2200000, 0.3800000, 0.0127953),
        (-0.2200000, 0.4200000, 0.0128085),
        (-0.2200000, 0.4600000, 0.0128217),
        (-0.2200000, 0.5000000, 0.0128349),
        (-0.2200000, 0.5400000, 0.0128481),
        (-0.2200000, 0.5800000, 0.0128613),
        (-0.2200000, 0.6200000, 0.0128745),
        (-0.2200000, 0.6600000, 0.0128877),
        (-0.2200000, 0.7000000, 0.0129009),
        (-0.2200000, 0.7400000, 0.0129141),
        (-0.2200000, 0.7800000, 0.0129273),
        (-0.2200000, 0.8200000, 0.0129405),
        (-0.2200000, 0.8600000, 0.0129537),
        (-0.2200000, 0.9000000, 0.0129669),
        (-0.2200000, 0.9400000, 0.0129801),
        (-0.2200000, 0.9800000, 0.0129933),
        (-0.2200000, 1.0200000, 0.0130065),
        (-0.2200000, 1.0600000, 0.0130197),
        (-0.2200000, 1.1000000, 0.0130329),
        (-0.2200000, 1.1400000, 0.0130461),
        (-0.2200000, 1.1800000, 0.0130593),
        (-0.2200000, 1.2200000, 0.0130725),
        (-0.2200000, 1.2600000, 0.0130857),
        (-0.2200000, 1.3000000, 0.0130989),
        (-0.2200000, 1.3400000, 0.0131121),
        (-0.2200000, 1.3800000, 0.0131253),
        (-0.2200000, 1.4200000, 0.0131385),
        (-0.2200000, 1.4600000, 0.0131517),
        (-0.2200000, 1.5000000, 0.0131649),
        (-0.1800000, -1.5000000, 0.0133535),
        (-0.1800000, -1.4600000, 0.0133667),
        (-0.1800000, -1.4200000, 0.0133799),
        (-0.1800000, -1.3800000, 0.0133931),
        (-0.1800000, -1.3400000, 0.0134063),
        (-0.1800000, -1.3000000, 0.0134195),
        (-0.1800000, -1.2600000, 0.0134327),
        (-0.1800000, -1.2200000, 0.0134459),
        (-0.1800000, -1.1800000, 0.0134591),
        (-0.1800000, -1.1400000, 0.0134723),
        (-0.1800000, -1.1000000, 0.0134855),
        (-0.1800000, -1.0600000, 0.0134987),
        (-0.1800000, -1.0200000, 0.0135119),
        (-0.1800000, -0.9800000, 0.0135251),
        (-0.1800000, -0.9400000, 0.0135383),
        (-0.1800000, -0.9000000, 0.0135515),
        (-0.1800000, -0.8600000, 0.0135647),
        (-0.1800000, -0.8200000, 0.0135779),
        (-0.1800000, -0.7800000, 0.0135911),
        (-0.1800000, -0.7400000, 0.0136043),
        (-0.1800000, -0.7000000, 0.0136175),
        (-0.1800000, -0.6600000, 0.0136307),
        (-0.1800000, -0.6200000, 0.0136439),
        (-0.1800000, -0.5800000, 0.0136571),
        (-0.1800000, -0.5400000, 0.0136703),
        (-0.1800000, -0.5000000, 0.0136835),
        (-0.1800000, -0.4600000, 0.0136967),
        (-0.1800000, -0.4200000, 0.0137099),
        (-0.1800000, -0.3800000, 0.0137231),
        (-0.1800000, -0.3400000, 0.0137363),
        (-0.1800000, -0.3000000, 0.0137495),
        (-0.1800000, -0.2600000, 0.0137627),
        (-0.1800000, -0.2200000, 0.0137759),
        (-0.1800000, -0.1800000, 0.0137891),
        (-0.1800000, -0.1400000, 0.0138023),
        (-0.1800000, -0.1000000, 0.0138155),
        (-0.1800000, -0.0600000, 0.0138287),
        (-0.1800000, -0.0200000, 0.0138419),
        (-0.1800000, 0.0200000, 0.0138551),
        (-0.1800000, 0.0600000, 0.0138683),
        (-0.1800000, 0.1000000, 0.0138815),
        (-0.1800000, 0.1400000, 0.0138947),
        (-0.1800000, 0.1800000, 0.0139079),
        (-0.1800000, 0.2200000, 0.0139211),
        (-0.1800000, 0.2600000, 0.0139343),
        (-0.1800000, 0.3000000, 0.0139475),
        (-0.1800000, 0.3400000, 0.0139607),
        (-0.1800000, 0.3800000, 0.0139739),
        (-0.1800000, 0.4200000, 0.0139871),
        (-0.1800000, 0.4600000, 0.0140003),
        (-0.1800000, 0.5000000, 0.0140135),
        (-0.1800000, 0.5400000, 0.0140267),
        (-0.1800000, 0.5800000, 0.0140399),
        (-0.1800000, 0.6200000, 0.0140531),
        (-0.1800000, 0.6600000, 0.0140663),
        (-0.1800000, 0.7000000, 0.0140795),
        (-0.1800000, 0.7400000, 0.0140927),
        (-0.1800000, 0.7800000, 0.0141059),
        (-0.1800000, 0.8200000, 0.0141191),
        (-0.1800000, 0.8600000, 0.0141323),
        (-0.1800000, 0.9000000, 0.0141455),
        (-0.1800000, 0.9400000, 0.0141587),
        (-0.1800000, 0.9800000, 0.0141719),
        (-0.1800000, 1.0200000, 0.0141851),
        (-0.1800000, 1.0600000, 0.0141983),
        (-0.1800000, 1.1000000, 0.0142115),
        (-0.1800000, 1.1400000, 0.0142247),
        (-0.1800000, 1.1800000, 0.0142379),
        (-0.1800000, 1.2200000, 0.0142511),
        (-0.1800000, 1.2600000, 0.0142643),
        (-0.1800000, 1.3000000, 0.0142775),
        (-0.1800000, 1.3400000, 0.0142907),
        (-0.1800000, 1.3800000, 0.0143039),
        (-0.1800000, 1.4200000, 0.0143171),
        (-0.1800000, 1.4600000, 0.0143303),
        (-0.1800000, 1.5000000, 0.0143435),
        (-0.1400000, -1.5000000, 0.0145321),
        (-0.1400000, -1.4600000, 0.0145453),
        (-0.1400000, -1.4200000, 0.0145585),
        (-0.1400000, -1.3800000, 0.0145717),
        (-0.1400000, -1.3400000, 0.0145849),
        (-0.1400000, -1.3000000, 0.0145981),
        (-0.1400000, -1.2600000, 0.0146113),
        (-0.1400000, -1.2200000, 0.0146245),
        (-0.1400000, -1.1800000, 0.0146377),
        (-0.1400000, -1.1400000, 0.0146509),
        (-0.1400000, -1.1000000, 0.0146641),
        (-0.1400000, -1.0600000, 0.0146773),
        (-0.1400000, -1.0200000, 0.0146905),
        (-0.1400000, -0.9800000, 0.0147037),
        (-0.1400000, -0.9400000, 0.0147169),
        (-0.1400000, -0.9000000, 0.0147301),
        (-0.1400000, -0.8600000, 0.0147433),
        (-0.1400000, -0.8200000, 0.0147565),
        (-0.1400000, -0.7800000, 0.0147697),
        (-0.1400000, -0.7400000, 0.0147829),
        (-0.1400000, -0.7000000, 0.0147961),
        (-0.1400000, -0.6600000, 0.0148093),
        (-0.1400000, -0.6200000, 0.0148225),
        (-0.1400000, -0.5800000, 0.0148357),
        (-0.1400000, -0.5400000, 0.0148489),
        (-0.1400000, -0.5000000, 0.0148621),
        (-0.1400000, -0.4600000, 0.0148753),
        (-0.1400000, -0.4200000, 0.0148885),
        (-0.1400000, -0.3800000, 0.0149017),
        (-0.1400000, -0.3400000, 0.0149149),
        (-0.1400000, -0.3000000, 0.0149281),
        (-0.1400000, -0.2600000, 0.0149413),
        (-0.1400000, -0.2200000, 0.0149545),
        (-0.1400000, -0.1800000, 0.0149677),
        (-0.1400000, -0.1400000, 0.0149809),
        (-0.1400000, -0.1000000, 0.0149941),
        (-0.1400000, -0.0600000, 0.0150073),
        (-0.1400000, -0.0200000, 0.0150205),
        (-0.1400000, 0.0200000, 0.0150337),
        (-0.1400000, 0.0600000, 0.0150469),
        (-0.1400000, 0.1000000, 0.0150601),
        (-0.1400000, 0.1400000, 0.0150733),
        (-0.1400000, 0.1800000, 0.0150865),
        (-0.1400000, 0.2200000, 0.0150997),
        (-0.1400000, 0.2600000, 0.0151129),
        (-0.1400000, 0.3000000, 0.0151261),
        (-0.1400000, 0.3400000, 0.0151393),
        (-0.1400000, 0.3800000, 0.0151525),
        (-0.1400000, 0.4200000, 0.0151657),
        (-0.1400000, 0.4600000, 0.0151789),
        (-0.1400000, 0.5000000, 0.0151921),
        (-0.1400000, 0.5400000, 0.0152053),
        (-0.1400000, 0.5800000, 0.0152185),
        (-0.1400000, 0.6200000, 0.0152317),
        (-0.1400000, 0.6600000, 0.0152449),
        (-0.1400000, 0.7000000, 0.0152581),
        (-0.1400000, 0.7400000, 0.0152713),
        (-0.1400000, 0.7800000, 0.0152845),
        (-0.1400000, 0.8200000, 0.0152977),
        (-0.1400000, 0.8600000, 0.0153109),
        (-0.1400000, 0.9000000, 0.0153241),
        (-0.1400000, 0.9400000, 0.0153373),
        (-0.1400000, 0.9800000, 0.0153505),
        (-0.1400000, 1.0200000, 0.0153637),
        (-0.1400000, 1.0600000, 0.0153769),
        (-0.1400000, 1.1000000, 0.0153901),
        (-0.1400000, 1.1400000, 0.0154033),
        (-0.1400000, 1.1800000, 0.0154165),
        (-0.1400000, 1.2200000, 0.0154297),
        (-0.1400000, 1.2600000, 0.0154429),
        (-0.1400000, 1.3000000, 0.0154561),
        (-0.1400000, 1.3400000, 0.0154693),
        (-0.1400000, 1.3800000, 0.0154825),
        (-0.1400000, 1.4200000, 0.0154957),
        (-0.1400000, 1.4600000, 0.0155089),
        (-0.1400000, 1.5000000, 0.0155221),
        (-0.1000000, -1.5000000, 0.0157107),
        (-0.1000000, -1.4600000, 0.0157239),
        (-0.1000000, -1.4200000, 0.0157371),
        (-0.1000000, -1.3800000, 0.0157503),
        (-0.1000000, -1.3400000, 0.0157635),
        (-0.1000000, -1.3000000, 0.0157767),
        (-0.1000000, -1.2600000, 0.0157899),
        (-0.1000000, -1.2200000, 0.0158031),
        (-0.1000000, -1.1800000, 0.0158163),
        (-0.1000000, -1.1400000, 0.0158295),
        (-0.1000000, -1.1000000, 0.0158427),
        (-0.1000000, -1.0600000, 0.0158559),
        (-0.1000000, -1.0200000, 0.0158691),
        (-0.1000000, -0.9800000, 0.0158823),
        (-0.1000000, -0.9400000, 0.0158955),
        (-0.1000000, -0.9000000, 0.0159087),
        (-0.1000000, -0.8600000, 0.0159219),
        (-0.1000000, -0.8200000, 0.0159351),
        (-0.1000000, -0.7800000, 0.0159483),
        (-0.1000000, -0.7400000, 0.0159615),
        (-0.1000000, -0.7000000, 0.0159747),
        (-0.1000000, -0.6600000, 0.0159879),
        (-0.1000000, -0.6200000, 0.0160011),
        (-0.1000000, -0.5800000, 0.0160143),
        (-0.1000000, -0.5400000, 0.0160275),
        (-0.1000000, -0.5000000, 0.0160407),
        (-0.1000000, -0.4600000, 0.0160539),
        (-0.1000000, -0.4200000, 0.0160671),
        (-0.1000000, -0.3800000, 0.0160803),
        (-0.1000000, -0.3400000, 0.0160935),
        (-0.1000000, -0.3000000, 0.0161067),
        (-0.1000000, -0.2600000, 0.0161199),
        (-0.1000000, -0.2200000, 0.0161331),
        (-0.1000000, -0.1800000, 0.0161463),
        (-0.1000000, -0.1400000, 0.0161595),
        (-0.1000000, -0.1000000, 0.0161727),
        (-0.1000000, -0.0600000, 0.0161859),
        (-0.1000000, -0.0200000, 0.0161991),
        (-0.1000000, 0.0200000, 0.0162123),
        (-0.1000000, 0.0600000, 0.0162255),
        (-0.1000000, 0.1000000, 0.0162387),
        (-0.1000000, 0.1400000, 0.0162519),
        (-0.1000000, 0.1800000, 0.0162651),
        (-0.1000000, 0.2200000, 0.0162783),
        (-0.1000000, 0.2600000, 0.0162915),
        (-0.1000000, 0.3000000, 0.0163047),
        (-0.1000000, 0.3400000, 0.0163179),
        (-0.1000000, 0.3800000, 0.0163311),
        (-0.1000000, 0.4200000, 0.0163443),
        (-0.1000000, 0.4600000, 0.0163575),
        (-0.1000000, 0.5000000, 0.0163707),
        (-0.1000000, 0.5400000, 0.0163839),
        (-0.1000000, 0.5800000, 0.0163971),
        (-0.1000000, 0.6200000, 0.0164103),
        (-0.1000000, 0.6600000, 0.0164235),
        (-0.1000000, 0.7000000, 0.0164367),
        (-0.1000000, 0.7400000, 0.0164499),
        (-0.1000000, 0.7800000, 0.0164631),
        (-0.1000000, 0.8200000, 0.0164763),
        (-0.1000000, 0.8600000, 0.0164895),
        (-0.1000000, 0.9000000, 0.0165027),
        (-0.1000000, 0.9400000, 0.0165159),
        (-0.1000000, 0.9800000, 0.0165291),
        (-0.1000000, 1.0200000, 0.0165423),
        (-0.1000000, 1.0600000, 0.0165555),
        (-0.1000000, 1.1000000, 0.0165687),
        (-0.1000000, 1.1400000, 0.0165819),
        (-0.1000000, 1.1800000, 0.0165951),
        (-0.1000000, 1.2200000, 0.0166083),
        (-0.1000000, 1.2600000, 0.0166215),
        (-0.1000000, 1.3000000, 0.0166347),
        (-0.1000000, 1.3400000, 0.0166479),
        (-0.1000000, 1.3800000, 0.0166611),
        (-0.1000000, 1.4200000, 0.0166743),
        (-0.1000000, 1.4600000, 0.0166875),
        (-0.1000000, 1.5000000, 0.0167007),
        (-0.0600000, -1.5000000, 0.0168893),
        (-0.0600000, -1.4600000, 0.0169025),
        (-0.0600000, -1.4200000, 0.0169157),
        (-0.0600000, -1.3800000, 0.0169289),
        (-0.0600000, -1.3400000, 0.0169421),
        (-0.0600000, -1.3000000, 0.0169553),
        (-0.0600000, -1.2600000, 0.0169685),
        (-0.0600000, -1.2200000, 0.0169817),
        (-0.0600000, -1.1800000, 0.0169949),
        (-0.0600000, -1.1400000, 0.0170081),
        (-0.0600000, -1.1000000, 0.0170213),
        (-0.0600000, -1.0600000, 0.0170345),
        (-0.0600000, -1.0200000, 0.0170477),
        (-0.0600000, -0.9800000, 0.0170609),
        (-0.0600000, -0.9400000, 0.0170741),
        (-0.0600000, -0.9000000, 0.0170873),
        (-0.0600000, -0.8600000, 0.0171005),
        (-0.0600000, -0.8200000, 0.0171137),
        (-0.0600000, -0.7800000, 0.0171269),
        (-0.0600000, -0.7400000, 0.0171401),
        (-0.0600000, -0.7000000, 0.0171533),
        (-0.0600000, -0.6600000, 0.0171665),
        (-0.0600000, -0.6200000, 0.0171797),
        (-0.0600000, -0.5800000, 0.0171929),
        (-0.0600000, -0.5400000, 0.0172061),
        (-0.0600000, -0.5000000, 0.0172193),
        (-0.0600000, -0.4600000, 0.0172325),
        (-0.0600000, -0.4200000, 0.0172457),
        (-0.0600000, -0.3800000, 0.0172589),
        (-0.0600000, -0.3400000, 0.0172721),
        (-0.0600000, -0.3000000, 0.0172853),
        (-0.0600000, -0.2600000, 0.0172985),
        (-0.0600000, -0.2200000, 0.0173117),
        (-0.0600000, -0.1800000, 0.0173249),
        (-0.0600000, -0.1400000, 0.0173381),
        (-0.0600000, -0.1000000, 0.0173513),
        (-0.0600000, -0.0600000, 0.0173645),
        (-0.0600000, -0.0200000, 0.0173777),
        (-0.0600000, 0.0200000, 0.0173909),
        (-0.0600000, 0.0600000, 0.0174041),
        (-0.0600000, 0.1000000, 0.0174173),
        (-0.0600000, 0.1400000, 0.0174305),
        (-0.0600000, 0.1800000, 0.0174437),
        (-0.0600000, 0.2200000, 0.0174569),
        (-0.0600000, 0.2600000, 0.0174701),
        (-0.0600000, 0.3000000, 0.0174833),
        (-0.0600000, 0.3400000, 0.0174965),
        (-0.0600000, 0.3800000, 0.0175097),
        (-0.0600000, 0.4200000, 0.0175229),
        (-0.0600000, 0.4600000, 0.0175361),
        (-0.0600000, 0.5000000, 0.0175493),
        (-0.0600000, 0.5400000, 0.0175625),
        (-0.0600000, 0.5800000, 0.0175757),
        (-0.0600000, 0.6200000, 0.0175889),
        (-0.0600000, 0.6600000, 0.0176021),
        (-0.0600000, 0.7000000, 0.0176153),
        (-0.0600000, 0.7400000, 0.0176285),
        (-0.0600000, 0.7800000, 0.0176417),
        (-0.0600000, 0.8200000, 0.0176549),
        (-0.0600000, 0.8600000, 0.0176681),
        (-0.0600000, 0.9000000, 0.0176813),
        (-0.0600000, 0.9400000, 0.0176945),
        (-0.0600000, 0.9800000, 0.0177077),
        (-0.0600000, 1.0200000, 0.0177209),
        (-0.0600000, 1.0600000, 0.0177341),
        (-0.0600000, 1.1000000, 0.0177473),
        (-0.0600000, 1.1400000, 0.0177605),
        (-0.0600000, 1.1800000, 0.0177736),
        (-0.0600000, 1.2200000, 0.0177868),
        (-0.0600000, 1.2600000, 0.0178000),
        (-0.0600000, 1.3000000, 0.0178132),
        (-0.0600000, 1.3400000, 0.0178264),
        (-0.0600000, 1.3800000, 0.0178396),
        (-0.0600000, 1.4200000, 0.0178528),
        (-0.0600000, 1.4600000, 0.0178660),
        (-0.0600000, 1.5000000, 0.0178792),
        (-0.0200000, -1.5000000, 0.0180679),
        (-0.0200000, -1.4600000, 0.0180811),
        (-0.0200000, -1.4200000, 0.0180943),
        (-0.0200000, -1.3800000, 0.0181075),
        (-0.0200000, -1.3400000, 0.0181207),
        (-0.0200000, -1.3000000, 0.0181339),
        (-0.0200000, -1.2600000, 0.0181471),
        (-0.0200000, -1.2200000, 0.0181603),
        (-0.0200000, -1.1800000, 0.0181735),
        (-0.0200000, -1.1400000, 0.0181867),
        (-0.0200000, -1.1000000, 0.0181999),
        (-0.0200000, -1.0600000, 0.0182131),
        (-0.0200000, -1.0200000, 0.0182263),
        (-0.0200000, -0.9800000, 0.0182395),
        (-0.0200000, -0.9400000, 0.0182527),
        (-0.0200000, -0.9000000, 0.0182659),
        (-0.0200000, -0.8600000, 0.0182791),
        (-0.0200000, -0.8200000, 0.0182923),
        (-0.0200000, -0.7800000, 0.0183055),
        (-0.0200000, -0.7400000, 0.0183187),
        (-0.0200000, -0.7000000, 0.0183319),
        (-0.0200000, -0.6600000, 0.0183451),
        (-0.0200000, -0.6200000, 0.0183583),
        (-0.0200000, -0.5800000, 0.0183715),
        (-0.0200000, -0.5400000, 0.0183847),
        (-0.0200000, -0.5000000, 0.0183979),
        (-0.0200000, -0.4600000, 0.0184111),
        (-0.0200000, -0.4200000, 0.0184243),
        (-0.0200000, -0.3800000, 0.0184375),
        (-0.0200000, -0.3400000, 0.0184507),
        (-0.0200000, -0.3000000, 0.0184639),
        (-0.0200000, -0.2600000, 0.0184771),
        (-0.0200000, -0.2200000, 0.0184903),
        (-0.0200000, -0.1800000, 0.0185035),
        (-0.0200000, -0.1400000, 0.0185167),
        (-0.0200000, -0.1000000, 0.0185299),
        (-0.0200000, -0.0600000, 0.0185431),
        (-0.0200000, -0.0200000, 0.0185563),
        (-0.0200000, 0.0200000, 0.0185695),
        (-0.0200000, 0.0600000, 0.0185827),
        (-0.0200000, 0.1000000, 0.0185959),
        (-0.0200000, 0.1400000, 0.0186091),
        (-0.0200000, 0.1800000, 0.0186223),
        (-0.0200000, 0.2200000, 0.0186355),
        (-0.0200000, 0.2600000, 0.0186487),
        (-0.0200000, 0.3000000, 0.0186619),
        (-0.0200000, 0.3400000, 0.0186751),
        (-0.0200000, 0.3800000, 0.0186883),
        (-0.0200000, 0.4200000, 0.0187014),
        (-0.0200000, 0.4600000, 0.0187146),
        (-0.0200000, 0.5000000, 0.0187278),
        (-0.0200000, 0.5400000, 0.0187410),
        (-0.0200000, 0.5800000, 0.0187542),
        (-0.0200000, 0.6200000, 0.0187674),
        (-0.0200000, 0.6600000, 0.0187806),
        (-0.0200000, 0.7000000, 0.0187938),
        (-0.0200000, 0.7400000, 0.0188070),
        (-0.0200000, 0.7800000, 0.0188202),
        (-0.0200000, 0.8200000, 0.0188334),
        (-0.0200000, 0.8600000, 0.0188466),
        (-0.0200000, 0.9000000, 0.0188598),
        (-0.0200000, 0.9400000, 0.0188730),
        (-0.0200000, 0.9800000, 0.0188862),
        (-0.0200000, 1.0200000, 0.0188994),
        (-0.0200000, 1.0600000, 0.0189126),
        (-0.0200000, 1.1000000, 0.0189258),
        (-0.0200000, 1.1400000, 0.0189390),
        (-0.0200000, 1.1800000, 0.0189522),
        (-0.0200000, 1.2200000, 0.0189654),
        (-0.0200000, 1.2600000, 0.0189786),
        (-0.0200000, 1.3000000, 0.0189918),
        (-0.0200000, 1.3400000, 0.0190050),
        (-0.0200000, 1.3800000, 0.0190182),
        (-0.0200000, 1.4200000, 0.0190314),
        (-0.0200000, 1.4600000, 0.0190446),
        (-0.0200000, 1.5000000, 0.0190578),
        (0.0200000, -1.5000000, 0.0192465),
        (0.0200000, -1.4600000, 0.0192597),
        (0.0200000, -1.4200000, 0.0192729),
        (0.0200000, -1.3800000, 0.0192861),
        (0.0200000, -1.3400000, 0.0192993),
        (0.0200000, -1.3000000, 0.0193125),
        (0.0200000, -1.2600000, 0.0193257),
        (0.0200000, -1.2200000, 0.0193389),
        (0.0200000, -1.1800000, 0.0193521),
        (0.0200000, -1.1400000, 0.0193653),
        (0.0200000, -1.1000000, 0.0193785),
        (0.0200000, -1.0600000, 0.0193917),
        (0.0200000, -1.0200000, 0.0194049),
        (0.0200000, -0.9800000, 0.0194181),
        (0.0200000, -0.9400000, 0.0194313),
        (0.0200000, -0.9000000, 0.0194445),
        (0.0200000, -0.8600000, 0.0194577),
        (0.0200000, -0.8200000, 0.0194709),
        (0.0200000, -0.7800000, 0.0194841),
        (0.0200000, -0.7400000, 0.0194973),
        (0.0200000, -0.7000000, 0.0195105),
        (0.0200000, -0.6600000, 0.0195237),
        (0.0200000, -0.6200000, 0.0195369),
        (0.0200000, -0.5800000, 0.0195501),
        (0.0200000, -0.5400000, 0.0195633),
        (0.0200000, -0.5000000, 0.0195765),
        (0.0200000, -0.4600000, 0.0195897),
        (0.0200000, -0.4200000, 0.0196029),
        (0.0200000, -0.3800000, 0.0196161),
        (0.0200000, -0.3400000, 0.0196292),
        (0.0200000, -0.3000000, 0.0196424),
        (0.0200000, -0.2600000, 0.0196556),
        (0.0200000, -0.2200000, 0.0196688),
        (0.0200000, -0.1800000, 0.0196820),
        (0.0200000, -0.1400000, 0.0196952),
        (0.0200000, -0.1000000, 0.0197084),
        (0.0200000, -0.0600000, 0.0197216),
        (0.0200000, -0.0200000, 0.0197348),
        (0.0200000, 0.0200000, 0.0197480),
        (0.0200000, 0.0600000, 0.0197612),
        (0.0200000, 0.1000000, 0.0197744),
        (0.0200000, 0.1400000, 0.0197876),
        (0.0200000, 0.1800000, 0.0198008),
        (0.0200000, 0.2200000, 0.0198140),
        (0.0200000, 0.2600000, 0.0198272),
        (0.0200000, 0.3000000, 0.0198404),
        (0.0200000, 0.3400000, 0.0198536),
        (0.0200000, 0.3800000, 0.0198668),
        (0.0200000, 0.4200000, 0.0198800),
        (0.0200000, 0.4600000, 0.0198932),
        (0.0200000, 0.5000000, 0.0199064),
        (0.0200000, 0.5400000, 0.0199196),
        (0.0200000, 0.5800000, 0.0199328),
        (0.0200000, 0.6200000, 0.0199460),
        (0.0200000, 0.6600000, 0.0199592),
        (0.0200000, 0.7000000, 0.0199724),
        (0.0200000, 0.7400000, 0.0199856),
        (0.0200000, 0.7800000, 0.0199988),
        (0.0200000, 0.8200000, 0.0200120),
        (0.0200000, 0.8600000, 0.0200252),
        (0.0200000, 0.9000000, 0.0200384),
        (0.0200000, 0.9400000, 0.0200516),
        (0.0200000, 0.9800000, 0.0200648),
        (0.0200000, 1.0200000, 0.0200780),
        (0.0200000, 1.0600000, 0.0200912),
        (0.0200000, 1.1000000, 0.0201044),
        (0.0200000, 1.1400000, 0.0201176),
        (0.0200000, 1.1800000, 0.0201308),
        (0.0200000, 1.2200000, 0.0201440),
        (0.0200000, 1.2600000, 0.0201572),
        (0.0200000, 1.3000000, 0.0201704),
        (0.0200000, 1.3400000, 0.0201836),
        (0.0200000, 1.3800000, 0.0201968),
        (0.0200000, 1.4200000, 0.0202100),
        (0.0200000, 1.4600000, 0.0202232),
        (0.0200000, 1.5000000, 0.0202364),
        (0.0600000, -1.5000000, 0.0204251),
        (0.0600000, -1.4600000, 0.0204383),
        (0.0600000, -1.4200000, 0.0204515),
        (0.0600000, -1.3800000, 0.0204647),
        (0.0600000, -1.3400000, 0.0204779),
        (0.0600000, -1.3000000, 0.0204911),
        (0.0600000, -1.2600000, 0.0205043),
        (0.0600000, -1.2200000, 0.0205175),
        (0.0600000, -1.1800000, 0.0205307),
        (0.0600000, -1.1400000, 0.0205439),
        (0.0600000, -1.1000000, 0.0205570),
        (0.0600000, -1.0600000, 0.0205702),
        (0.0600000, -1.0200000, 0.0205834),
        (0.0600000, -0.9800000, 0.0205966),
        (0.0600000, -0.9400000, 0.0206098),
        (0.0600000, -0.9000000, 0.0206230),
        (0.0600000, -0.8600000, 0.0206362),
        (0.0600000, -0.8200000, 0.0206494),
        (0.0600000, -0.7800000, 0.0206626),
        (0.0600000, -0.7400000, 0.0206758),
        (0.0600000, -0.7000000, 0.0206890),
        (0.0600000, -0.6600000, 0.0207022),
        (0.0600000, -0.6200000, 0.0207154),
        (0.0600000, -0.5800000, 0.0207286),
        (0.0600000, -0.5400000, 0.0207418),
        (0.0600000, -0.5000000, 0.0207550),
        (0.0600000, -0.4600000, 0.0207682),
        (0.0600000, -0.4200000, 0.0207814),
        (0.0600000, -0.3800000, 0.0207946),
        (0.0600000, -0.3400000, 0.0208078),
        (0.0600000, -0.3000000, 0.0208210),
        (0.0600000, -0.2600000, 0.0208342),
        (0.0600000, -0.2200000, 0.0208474),
        (0.0600000, -0.1800000, 0.0208606),
        (0.0600000, -0.1400000, 0.0208738),
        (0.0600000, -0.1000000, 0.0208870),
        (0.0600000, -0.0600000, 0.0209002),
        (0.0600000, -0.0200000, 0.0209134),
        (0.0600000, 0.0200000, 0.0209266),
        (0.0600000, 0.0600000, 0.0209398),
        (0.0600000, 0.1000000, 0.0209530),
        (0.0600000, 0.1400000, 0.0209662),
        (0.0600000, 0.1800000, 0.0209794),
        (0.0600000, 0.2200000, 0.0209926),
        (0.0600000, 0.2600000, 0.0210058),
        (0.0600000, 0.3000000, 0.0210190),
        (0.0600000, 0.3400000, 0.0210322),
        (0.0600000, 0.3800000, 0.0210454),
        (0.0600000, 0.4200000, 0.0210586),
        (0.0600000, 0.4600000, 0.0210718),
        (0.0600000, 0.5000000, 0.0210850),
        (0.0600000, 0.5400000, 0.0210982),
        (0.0600000, 0.5800000, 0.0211114),
        (0.0600000, 0.6200000, 0.0211246),
        (0.0600000, 0.6600000, 0.0211378),
        (0.0600000, 0.7000000, 0.0211510),
        (0.0600000, 0.7400000, 0.0211642),
        (0.0600000, 0.7800000, 0.0211774),
        (0.0600000, 0.8200000, 0.0211906),
        (0.0600000, 0.8600000, 0.0212038),
        (0.0600000, 0.9000000, 0.0212170),
        (0.0600000, 0.9400000, 0.0212302),
        (0.0600000, 0.9800000, 0.0212434),
        (0.0600000, 1.0200000, 0.0212566),
        (0.0600000, 1.0600000, 0.0212698),
        (0.0600000, 1.1000000, 0.0212830),
        (0.0600000, 1.1400000, 0.0212962),
        (0.0600000, 1.1800000, 0.0213094),
        (0.0600000, 1.2200000, 0.0213226),
        (0.0600000, 1.2600000, 0.0213358),
        (0.0600000, 1.3000000, 0.0213490),
        (0.0600000, 1.3400000, 0.0213622),
        (0.0600000, 1.3800000, 0.0213754),
        (0.0600000, 1.4200000, 0.0213886),
        (0.0600000, 1.4600000, 0.0214018),
        (0.0600000, 1.5000000, 0.0214150),
        (0.1000000, -1.5000000, 0.0216036),
        (0.1000000, -1.4600000, 0.0216168),
        (0.1000000, -1.4200000, 0.0216300),
        (0.1000000, -1.3800000, 0.0216432),
        (0.1000000, -1.3400000, 0.0216564),
        (0.1000000, -1.3000000, 0.0216696),
        (0.1000000, -1.2600000, 0.0216828),
        (0.1000000, -1.2200000, 0.0216960),
        (0.1000000, -1.1800000, 0.0217092),
        (0.1000000, -1.1400000, 0.0217224),
        (0.1000000, -1.1000000, 0.0217356),
        (0.1000000, -1.0600000, 0.0217488),
        (0.1000000, -1.0200000, 0.0217620),
        (0.1000000, -0.9800000, 0.0217752),
        (0.1000000, -0.9400000, 0.0217884),
        (0.1000000, -0.9000000, 0.0218016),
        (0.1000000, -0.8600000, 0.0218148),
        (0.1000000, -0.8200000, 0.0218280),
        (0.1000000, -0.7800000, 0.0218412),
        (0.1000000, -0.7400000, 0.0218544),
        (0.1000000, -0.7000000, 0.0218676),
        (0.1000000, -0.6600000, 0.0218808),
        (0.1000000, -0.6200000, 0.0218940),
        (0.1000000, -0.5800000, 0.0219072),
        (0.1000000, -0.5400000, 0.0219204),
        (0.1000000, -0.5000000, 0.0219336),
        (0.1000000, -0.4600000, 0.0219468),
        (0.1000000, -0.4200000, 0.0219600),
        (0.1000000, -0.3800000, 0.0219732),
        (0.1000000, -0.3400000, 0.0219864),
        (0.1000000, -0.3000000, 0.0219996),
        (0.1000000, -0.2600000, 0.0220128),
        (0.1000000, -0.2200000, 0.0220260),
        (0.1000000, -0.1800000, 0.0220392),
        (0.1000000, -0.1400000, 0.0220524),
        (0.1000000, -0.1000000, 0.0220656),
        (0.1000000, -0.0600000, 0.0220788),
        (0.1000000, -0.0200000, 0.0220920),
        (0.1000000, 0.0200000, 0.0221052),
        (0.1000000, 0.0600000, 0.0221184),
        (0.1000000, 0.1000000, 0.0221316),
        (0.1000000, 0.1400000, 0.0221448),
        (0.1000000, 0.1800000, 0.0221580),
        (0.1000000, 0.2200000, 0.0221712),
        (0.1000000, 0.2600000, 0.0221844),
        (0.1000000, 0.3000000, 0.0221976),
        (0.1000000, 0.3400000, 0.0222108),
        (0.1000000, 0.3800000, 0.0222240),
        (0.1000000, 0.4200000, 0.0222372),
        (0.1000000, 0.4600000, 0.0222504),
        (0.1000000, 0.5000000, 0.0222636),
        (0.1000000, 0.5400000, 0.0222768),
        (0.1000000, 0.5800000, 0.0222900),
        (0.1000000, 0.6200000, 0.0223032),
        (0.1000000, 0.6600000, 0.0223164),
        (0.1000000, 0.7000000, 0.0223296),
        (0.1000000, 0.7400000, 0.0223428),
        (0.1000000, 0.7800000, 0.0223560),
        (0.1000000, 0.8200000, 0.0223692),
        (0.1000000, 0.8600000, 0.0223824),
        (0.1000000, 0.9000000, 0.0223956),
        (0.1000000, 0.9400000, 0.0224088),
        (0.1000000, 0.9800000, 0.0224220),
        (0.1000000, 1.0200000, 0.0224352),
        (0.1000000, 1.0600000, 0.0224484),
        (0.1000000, 1.1000000, 0.0224616),
        (0.1000000, 1.1400000, 0.0224748),
        (0.1000000, 1.1800000, 0.0224880),
        (0.1000000, 1.2200000, 0.0225012),
        (0.1000000, 1.2600000, 0.0225144),
        (0.1000000, 1.3000000, 0.0225276),
        (0.1000000, 1.3400000, 0.0225408),
        (0.1000000, 1.3800000, 0.0225540),
        (0.1000000, 1.4200000, 0.0225672),
        (0.1000000, 1.4600000, 0.0225804),
        (0.1000000, 1.5000000, 0.0225936),
        (0.1400000, -1.5000000, 0.0227822),
        (0.1400000, -1.4600000, 0.0227954),
        (0.1400000, -1.4200000, 0.0228086),
        (0.1400000, -1.3800000, 0.0228218),
        (0.1400000, -1.3400000, 0.0228350),
        (0.1400000, -1.3000000, 0.0228482),
        (0.1400000, -1.2600000, 0.0228614),
        (0.1400000, -1.2200000, 0.0228746),
        (0.1400000, -1.1800000, 0.0228878),
        (0.1400000, -1.1400000, 0.0229010),
        (0.1400000, -1.1000000, 0.0229142),
        (0.1400000, -1.0600000, 0.0229274),
        (0.1400000, -1.0200000, 0.0229406),
        (0.1400000, -0.9800000, 0.0229538),
        (0.1400000, -0.9400000, 0.0229670),
        (0.1400000, -0.9000000, 0.0229802),
        (0.1400000, -0.8600000, 0.0229934),
        (0.1400000, -0.8200000, 0.0230066),
        (0.1400000, -0.7800000, 0.0230198),
        (0.1400000, -0.7400000, 0.0230330),
        (0.1400000, -0.7000000, 0.0230462),
        (0.1400000, -0.6600000, 0.0230594),
        (0.1400000, -0.6200000, 0.0230726),
        (0.1400000, -0.5800000, 0.0230858),
        (0.1400000, -0.5400000, 0.0230990),
        (0.1400000, -0.5000000, 0.0231122),
        (0.1400000, -0.4600000, 0.0231254),
        (0.1400000, -0.4200000, 0.0231386),
        (0.1400000, -0.3800000, 0.0231518),
        (0.1400000, -0.3400000, 0.0231650),
        (0.1400000, -0.3000000, 0.0231782),
        (0.1400000, -0.2600000, 0.0231914),
        (0.1400000, -0.2200000, 0.0232046),
        (0.1400000, -0.1800000, 0.0232178),
        (0.1400000, -0.1400000, 0.0232310),
        (0.1400000, -0.1000000, 0.0232442),
        (0.1400000, -0.0600000, 0.0232574),
        (0.1400000, -0.0200000, 0.0232706),
        (0.1400000, 0.0200000, 0.0232838),
        (0.1400000, 0.0600000, 0.0232970),
        (0.1400000, 0.1000000, 0.0233102),
        (0.1400000, 0.1400000, 0.0233234),
        (0.1400000, 0.1800000, 0.0233366),
        (0.1400000, 0.2200000, 0.0233498),
        (0.1400000, 0.2600000, 0.0233630),
        (0.1400000, 0.3000000, 0.0233762),
        (0.1400000, 0.3400000, 0.0233894),
        (0.1400000, 0.3800000, 0.0234026),
        (0.1400000, 0.4200000, 0.0234158),
        (0.1400000, 0.4600000, 0.0234290),
        (0.1400000, 0.5000000, 0.0234422),
        (0.1400000, 0.5400000, 0.0234554),
        (0.1400000, 0.5800000, 0.0234686),
        (0.1400000, 0.6200000, 0.0234818),
        (0.1400000, 0.6600000, 0.0234950),
        (0.1400000, 0.7000000, 0.0235082),
        (0.1400000, 0.7400000, 0.0235214),
        (0.1400000, 0.7800000, 0.0235346),
        (0.1400000, 0.8200000, 0.0235478),
        (0.1400000, 0.8600000, 0.0235610),
        (0.1400000, 0.9000000, 0.0235742),
        (0.1400000, 0.9400000, 0.0235874),
        (0.1400000, 0.9800000, 0.0236006),
        (0.1400000, 1.0200000, 0.0236138),
        (0.1400000, 1.0600000, 0.0236270),
        (0.1400000, 1.1000000, 0.0236402),
        (0.1400000, 1.1400000, 0.0236534),
        (0.1400000, 1.1800000, 0.0236666),
        (0.1400000, 1.2200000, 0.0236798),
        (0.1400000, 1.2600000, 0.0236930),
        (0.1400000, 1.3000000, 0.0237062),
        (0.1400000, 1.3400000, 0.0237194),
        (0.1400000, 1.3800000, 0.0237326),
        (0.1400000, 1.4200000, 0.0237458),
        (0.1400000, 1.4600000, 0.0237590),
        (0.1400000, 1.5000000, 0.0237722),
        (0.1800000, -1.5000000, 0.0239608),
        (0.1800000, -1.4600000, 0.0239740),
        (0.1800000, -1.4200000, 0.0239872),
        (0.1800000, -1.3800000, 0.0240004),
        (0.1800000, -1.3400000, 0.0240136),
        (0.1800000, -1.3000000, 0.0240268),
        (0.1800000, -1.2600000, 0.0240400),
        (0.1800000, -1.2200000, 0.0240532),
        (0.1800000, -1.1800000, 0.0240664),
        (0.1800000, -1.1400000, 0.0240796),
        (0.1800000, -1.1000000, 0.0240928),
        (0.1800000, -1.0600000, 0.0241060),
        (0.1800000, -1.0200000, 0.0241192),
        (0.1800000, -0.9800000, 0.0241324),
        (0.1800000, -0.9400000, 0.0241456),
        (0.1800000, -0.9000000, 0.0241588),
        (0.1800000, -0.8600000, 0.0241720),
        (0.1800000, -0.8200000, 0.0241852),
        (0.1800000, -0.7800000, 0.0241984),
        (0.1800000, -0.7400000, 0.0242116),
        (0.1800000, -0.7000000, 0.0242248),
        (0.1800000, -0.6600000, 0.0242380),
        (0.1800000, -0.6200000, 0.0242512),
        (0.1800000, -0.5800000, 0.0242644),
        (0.1800000, -0.5400000, 0.0242776),
        (0.1800000, -0.5000000, 0.0242908),
        (0.1800000, -0.4600000, 0.0243040),
        (0.1800000, -0.4200000, 0.0243172),
        (0.1800000, -0.3800000, 0.0243304),
        (0.1800000, -0.3400000, 0.0243436),
        (0.1800000, -0.3000000, 0.0243568),
        (0.1800000, -0.2600000, 0.0243700),
        (0.1800000, -0.2200000, 0.0243832),
        (0.1800000, -0.1800000, 0.0243964),
        (0.1800000, -0.1400000, 0.0244096),
        (0.1800000, -0.1000000, 0.0244228),
        (0.1800000, -0.0600000, 0.0244360),
        (0.1800000, -0.0200000, 0.0244492),
        (0.1800000, 0.0200000, 0.0244624),
        (0.1800000, 0.0600000, 0.0244756),
        (0.1800000, 0.1000000, 0.0244888),
        (0.1800000, 0.1400000, 0.0245020),
        (0.1800000, 0.1800000, 0.0245152),
        (0.1800000, 0.2200000, 0.0245284),
        (0.1800000, 0.2600000, 0.0245416),
        (0.1800000, 0.3000000, 0.0245548),
        (0.1800000, 0.3400000, 0.0245680),
        (0.1800000, 0.3800000, 0.0245812),
        (0.1800000, 0.4200000, 0.0245944),
        (0.1800000, 0.4600000, 0.0246076),
        (0.1800000, 0.5000000, 0.0246208),
        (0.1800000, 0.5400000, 0.0246340),
        (0.1800000, 0.5800000, 0.0246472),
        (0.1800000, 0.6200000, 0.0246604),
        (0.1800000, 0.6600000, 0.0246736),
        (0.1800000, 0.7000000, 0.0246868),
        (0.1800000, 0.7400000, 0.0247000),
        (0.1800000, 0.7800000, 0.0247132),
        (0.1800000, 0.8200000, 0.0247264),
        (0.1800000, 0.8600000, 0.0247396),
        (0.1800000, 0.9000000, 0.0247528),
        (0.1800000, 0.9400000, 0.0247660),
        (0.1800000, 0.9800000, 0.0247792),
        (0.1800000, 1.0200000, 0.0247924),
        (0.1800000, 1.0600000, 0.0248056),
        (0.1800000, 1.1000000, 0.0248188),
        (0.1800000, 1.1400000, 0.0248320),
        (0.1800000, 1.1800000, 0.0248452),
        (0.1800000, 1.2200000, 0.0248584),
        (0.1800000, 1.2600000, 0.0248716),
        (0.1800000, 1.3000000, 0.0248848),
        (0.1800000, 1.3400000, 0.0248980),
        (0.1800000, 1.3800000, 0.0249112),
        (0.1800000, 1.4200000, 0.0249244),
        (0.1800000, 1.4600000, 0.0249376),
        (0.1800000, 1.5000000, 0.0249508),
        (0.2200000, -1.5000000, 0.0251394),
        (0.2200000, -1.4600000, 0.0251526),
        (0.2200000, -1.4200000, 0.0251658),
        (0.2200000, -1.3800000, 0.0251790),
        (0.2200000, -1.3400000, 0.0251922),
        (0.2200000, -1.3000000, 0.0252054),
        (0.2200000, -1.2600000, 0.0252186),
        (0.2200000, -1.2200000, 0.0252318),
        (0.2200000, -1.1800000, 0.0252450),
        (0.2200000, -1.1400000, 0.0252582),
        (0.2200000, -1.1000000, 0.0252714),
        (0.2200000, -1.0600000, 0.0252846),
        (0.2200000, -1.0200000, 0.0252978),
        (0.2200000, -0.9800000, 0.0253110),
        (0.2200000, -0.9400000, 0.0253242),
        (0.2200000, -0.9000000, 0.0253374),
        (0.2200000, -0.8600000, 0.0253506),
        (0.2200000, -0.8200000, 0.0253638),
        (0.2200000, -0.7800000, 0.0253770),
        (0.2200000, -0.7400000, 0.0253902),
        (0.2200000, -0.7000000, 0.0254034),
        (0.2200000, -0.6600000, 0.0254166),
        (0.2200000, -0.6200000, 0.0254298),
        (0.2200000, -0.5800000, 0.0254430),
        (0.2200000, -0.5400000, 0.0254562),
        (0.2200000, -0.5000000, 0.0254694),
        (0.2200000, -0.4600000, 0.0254826),
        (0.2200000, -0.4200000, 0.0254958),
        (0.2200000, -0.3800000, 0.0255090),
        (0.2200000, -0.3400000, 0.0255222),
        (0.2200000, -0.3000000, 0.0255354),
        (0.2200000, -0.2600000, 0.0255486),
        (0.2200000, -0.2200000, 0.0255618),
        (0.2200000, -0.1800000, 0.0255750),
        (0.2200000, -0.1400000, 0.0255882),
        (0.2200000, -0.1000000, 0.0256014),
        (0.2200000, -0.0600000, 0.0256146),
        (0.2200000, -0.0200000, 0.0256278),
        (0.2200000, 0.0200000, 0.0256410),
        (0.2200000, 0.0600000, 0.0256542),
        (0.2200000, 0.1000000, 0.0256674),
        (0.2200000, 0.1400000, 0.0256806),
        (0.2200000, 0.1800000, 0.0256938),
        (0.2200000, 0.2200000, 0.0257070),
        (0.2200000, 0.2600000, 0.0257202),
        (0.2200000, 0.3000000, 0.0257334),
        (0.2200000, 0.3400000, 0.0257466),
        (0.2200000, 0.3800000, 0.0257598),
        (0.2200000, 0.4200000, 0.0257730),
        (0.2200000, 0.4600000, 0.0257862),
        (0.2200000, 0.5000000, 0.0257994),
        (0.2200000, 0.5400000, 0.0258126),
        (0.2200000, 0.5800000, 0.0258258),
        (0.2200000, 0.6200000, 0.0258390),
        (0.2200000, 0.6600000, 0.0258522),
        (0.2200000, 0.7000000, 0.0258654),
        (0.2200000, 0.7400000, 0.0258786),
        (0.2200000, 0.7800000, 0.0258918),
        (0.2200000, 0.8200000, 0.0259050),
        (0.2200000, 0.8600000, 0.0259182),
        (0.2200000, 0.9000000, 0.0259314),
        (0.2200000, 0.9400000, 0.0259446),
        (0.2200000, 0.9800000, 0.0259578),
        (0.2200000, 1.0200000, 0.0259710),
        (0.2200000, 1.0600000, 0.0259842),
        (0.2200000, 1.1000000, 0.0259974),
        (0.2200000, 1.1400000, 0.0260106),
        (0.2200000, 1.1800000, 0.0260238),
        (0.2200000, 1.2200000, 0.0260370),
        (0.2200000, 1.2600000, 0.0260502),
        (0.2200000, 1.3000000, 0.0260634),
        (0.2200000, 1.3400000, 0.0260766),
        (0.2200000, 1.3800000, 0.0260898),
        (0.2200000, 1.4200000, 0.0261030),
        (0.2200000, 1.4600000, 0.0261162),
        (0.2200000, 1.5000000, 0.0261294),
        (0.2600000, -1.5000000, 0.0263180),
        (0.2600000, -1.4600000, 0.0263312),
        (0.2600000, -1.4200000, 0.0263444),
        (0.2600000, -1.3800000, 0.0263576),
        (0.2600000, -1.3400000, 0.0263708),
        (0.2600000, -1.3000000, 0.0263840),
        (0.2600000, -1.2600000, 0.0263972),
        (0.2600000, -1.2200000, 0.0264104),
        (0.2600000, -1.1800000, 0.0264236),
        (0.2600000, -1.1400000, 0.0264368),
        (0.2600000, -1.1000000, 0.0264500),
        (0.2600000, -1.0600000, 0.0264632),
        (0.2600000, -1.0200000, 0.0264764),
        (0.2600000, -0.9800000, 0.0264896),
        (0.2600000, -0.9400000, 0.0265028),
        (0.2600000, -0.9000000, 0.0265160),
        (0.2600000, -0.8600000, 0.0265292),
        (0.2600000, -0.8200000, 0.0265424),
        (0.2600000, -0.7800000, 0.0265556),
        (0.2600000, -0.7400000, 0.0265688),
        (0.2600000, -0.7000000, 0.0265820),
        (0.2600000, -0.6600000, 0.0265952),
        (0.2600000, -0.6200000, 0.0266084),
        (0.2600000, -0.5800000, 0.0266216),
        (0.2600000, -0.5400000, 0.0266348),
        (0.2600000, -0.5000000, 0.0266480),
        (0.2600000, -0.4600000, 0.0266612),
        (0.2600000, -0.4200000, 0.0266744),
        (0.2600000, -0.3800000, 0.0266876),
        (0.2600000, -0.3400000, 0.0267008),
        (0.2600000, -0.3000000, 0.0267140),
        (0.2600000, -0.2600000, 0.0267272),
        (0.2600000, -0.2200000, 0.0267404),
        (0.2600000, -0.1800000, 0.0267536),
        (0.2600000, -0.1400000, 0.0267668),
        (0.2600000, -0.1000000, 0.0267800),
        (0.2600000, -0.0600000, 0.0267932),
        (0.2600000, -0.0200000, 0.0268064),
        (0.2600000, 0.0200000, 0.0268196),
        (0.2600000, 0.0600000, 0.0268328),
        (0.2600000, 0.1000000, 0.0268460),
        (0.2600000, 0.1400000, 0.0268592),
        (0.2600000, 0.1800000, 0.0268724),
        (0.2600000, 0.2200000, 0.0268856),
        (0.2600000, 0.2600000, 0.0268988),
        (0.2600000, 0.3000000, 0.0269120),
        (0.2600000, 0.3400000, 0.0269252),
        (0.2600000, 0.3800000, 0.0269384),
        (0.2600000, 0.4200000, 0.0269516),
        (0.2600000, 0.4600000, 0.0269648),
        (0.2600000, 0.5000000, 0.0269780),
        (0.2600000, 0.5400000, 0.0269912),
        (0.2600000, 0.5800000, 0.0270044),
        (0.2600000, 0.6200000, 0.0270176),
        (0.2600000, 0.6600000, 0.0270308),
        (0.2600000, 0.7000000, 0.0270440),
        (0.2600000, 0.7400000, 0.0270572),
        (0.2600000, 0.7800000, 0.0270704),
        (0.2600000, 0.8200000, 0.0270836),
        (0.2600000, 0.8600000, 0.0270968),
        (0.2600000, 0.9000000, 0.0271100),
        (0.2600000, 0.9400000, 0.0271232),
        (0.2600000, 0.9800000, 0.0271364),
        (0.2600000, 1.0200000, 0.0271496),
        (0.2600000, 1.0600000, 0.0271628),
        (0.2600000, 1.1000000, 0.0271760),
        (0.2600000, 1.1400000, 0.0271892),
        (0.2600000, 1.1800000, 0.0272024),
        (0.2600000, 1.2200000, 0.0272156),
        (0.2600000, 1.2600000, 0.0272288),
        (0.2600000, 1.3000000, 0.0272420),
        (0.2600000, 1.3400000, 0.0272552),
        (0.2600000, 1.3800000, 0.0272684),
        (0.2600000, 1.4200000, 0.0272816),
        (0.2600000, 1.4600000, 0.0272948),
        (0.2600000, 1.5000000, 0.0273080),
        (0.3000000, -1.5000000, 0.0274966),
        (0.3000000, -1.4600000, 0.0275098),
        (0.3000000, -1.4200000, 0.0275230),
        (0.3000000, -1.3800000, 0.0275362),
        (0.3000000, -1.3400000, 0.0275494),
        (0.3000000, -1.3000000, 0.0275626),
        (0.3000000, -1.2600000, 0.0275758),
        (0.3000000, -1.2200000, 0.0275890),
        (0.3000000, -1.1800000, 0.0276022),
        (0.3000000, -1.1400000, 0.0276154),
        (0.3000000, -1.1000000, 0.0276286),
        (0.3000000, -1.0600000, 0.0276418),
        (0.3000000, -1.0200000, 0.0276550),
        (0.3000000, -0.9800000, 0.0276682),
        (0.3000000, -0.9400000, 0.0276814),
        (0.3000000, -0.9000000, 0.0276946),
        (0.3000000, -0.8600000, 0.0277078),
        (0.3000000, -0.8200000, 0.0277210),
        (0.3000000, -0.7800000, 0.0277342),
        (0.3000000, -0.7400000, 0.0277474),
        (0.3000000, -0.7000000, 0.0277606),
        (0.3000000, -0.6600000, 0.0277738),
        (0.3000000, -0.6200000, 0.0277870),
        (0.3000000, -0.5800000, 0.0278002),
        (0.3000000, -0.5400000, 0.0278134),
        (0.3000000, -0.5000000, 0.0278266),
        (0.3000000, -0.4600000, 0.0278398),
        (0.3000000, -0.4200000, 0.0278530),
        (0.3000000, -0.3800000, 0.0278662),
        (0.3000000, -0.3400000, 0.0278794),
        (0.3000000, -0.3000000, 0.0278926),
        (0.3000000, -0.2600000, 0.0279058),
        (0.3000000, -0.2200000, 0.0279190),
        (0.3000000, -0.1800000, 0.0279322),
        (0.3000000, -0.1400000, 0.0279454),
        (0.3000000, -0.1000000, 0.0279586),
        (0.3000000, -0.0600000, 0.0279718),
        (0.3000000, -0.0200000, 0.0279850),
        (0.3000000, 0.0200000, 0.0279982),
        (0.3000000, 0.0600000, 0.0280114),
        (0.3000000, 0.1000000, 0.0280246),
        (0.3000000, 0.1400000, 0.0280378),
        (0.3000000, 0.1800000, 0.0280510),
        (0.3000000, 0.2200000, 0.0280642),
        (0.3000000, 0.2600000, 0.0280774),
        (0.3000000, 0.3000000, 0.0280906),
        (0.3000000, 0.3400000, 0.0281038),
        (0.3000000, 0.3800000, 0.0281170),
        (0.3000000, 0.4200000, 0.0281302),
        (0.3000000, 0.4600000, 0.0281434),
        (0.3000000, 0.5000000, 0.0281566),
        (0.3000000, 0.5400000, 0.0281698),
        (0.3000000, 0.5800000, 0.0281830),
        (0.3000000, 0.6200000, 0.0281962),
        (0.3000000, 0.6600000, 0.0282094),
        (0.3000000, 0.7000000, 0.0282226),
        (0.3000000, 0.7400000, 0.0282358),
        (0.3000000, 0.7800000, 0.0282490),
        (0.3000000, 0.8200000, 0.0282622),
        (0.3000000, 0.8600000, 0.0282754),
        (0.3000000, 0.9000000, 0.0282886),
        (0.3000000, 0.9400000, 0.0283018),
        (0.3000000, 0.9800000, 0.0283150),
        (0.3000000, 1.0200000, 0.0283282),
        (0.3000000, 1.0600000, 0.0283414),
        (0.3000000, 1.1000000, 0.0283546),
        (0.3000000, 1.1400000, 0.0283678),
        (0.3000000, 1.1800000, 0.0283810),
        (0.3000000, 1.2200000, 0.0283942),
        (0.3000000, 1.2600000, 0.0284074),
        (0.3000000, 1.3000000, 0.0284206),
        (0.3000000, 1.3400000, 0.0284338),
        (0.3000000, 1.3800000, 0.0284470),
        (0.3000000, 1.4200000, 0.0284602),
        (0.3000000, 1.4600000, 0.0284734),
        (0.3000000, 1.5000000, 0.0284866),
        (0.3400000, -1.5000000, 0.0286752),
        (0.3400000, -1.4600000, 0.0286884),
        (0.3400000, -1.4200000, 0.0287016),
        (0.3400000, -1.3800000, 0.0287148),
        (0.3400000, -1.3400000, 0.0287280),
        (0.3400000, -1.3000000, 0.0287412),
        (0.3400000, -1.2600000, 0.0287544),
        (0.3400000, -1.2200000, 0.0287676),
        (0.3400000, -1.1800000, 0.0287808),
        (0.3400000, -1.1400000, 0.0287940),
        (0.3400000, -1.1000000, 0.0288072),
        (0.3400000, -1.0600000, 0.0288204),
        (0.3400000, -1.0200000, 0.0288336),
        (0.3400000, -0.9800000, 0.0288468),
        (0.3400000, -0.9400000, 0.0288600),
        (0.3400000, -0.9000000, 0.0288732),
        (0.3400000, -0.8600000, 0.0288864),
        (0.3400000, -0.8200000, 0.0288996),
        (0.3400000, -0.7800000, 0.0289128),
        (0.3400000, -0.7400000, 0.0289260),
        (0.3400000, -0.7000000, 0.0289392),
        (0.3400000, -0.6600000, 0.0289524),
        (0.3400000, -0.6200000, 0.0289656),
        (0.3400000, -0.5800000, 0.0289788),
        (0.3400000, -0.5400000, 0.0289920),
        (0.3400000, -0.5000000, 0.0290052),
        (0.3400000, -0.4600000, 0.0290184),
        (0.3400000, -0.4200000, 0.0290316),
        (0.3400000, -0.3800000, 0.0290448),
        (0.3400000, -0.3400000, 0.0290580),
        (0.3400000, -0.3000000, 0.0290712),
        (0.3400000, -0.2600000, 0.0290844),
        (0.3400000, -0.2200000, 0.0290976),
        (0.3400000, -0.1800000, 0.0291108),
        (0.3400000, -0.1400000, 0.0291240),
        (0.3400000, -0.1000000, 0.0291372),
        (0.3400000, -0.0600000, 0.0291504),
        (0.3400000, -0.0200000, 0.0291636),
        (0.3400000, 0.0200000, 0.0291768),
        (0.3400000, 0.0600000, 0.0291900),
        (0.3400000, 0.1000000, 0.0292032),
        (0.3400000, 0.1400000, 0.0292164),
        (0.3400000, 0.1800000, 0.0292296),
        (0.3400000, 0.2200000, 0.0292428),
        (0.3400000, 0.2600000, 0.0292560),
        (0.3400000, 0.3000000, 0.0292692),
        (0.3400000, 0.3400000, 0.0292824),
        (0.3400000, 0.3800000, 0.0292956),
        (0.3400000, 0.4200000, 0.0293088),
        (0.3400000, 0.4600000, 0.0293220),
        (0.3400000, 0.5000000, 0.0293352),
        (0.3400000, 0.5400000, 0.0293484),
        (0.3400000, 0.5800000, 0.0293616),
        (0.3400000, 0.6200000, 0.0293748),
        (0.3400000, 0.6600000, 0.0293880),
        (0.3400000, 0.7000000, 0.0294012),
        (0.3400000, 0.7400000, 0.0294144),
        (0.3400000, 0.7800000, 0.0294276),
        (0.3400000, 0.8200000, 0.0294408),
        (0.3400000, 0.8600000, 0.0294540),
        (0.3400000, 0.9000000, 0.0294672),
        (0.3400000, 0.9400000, 0.0294804),
        (0.3400000, 0.9800000, 0.0294936),
        (0.3400000, 1.0200000, 0.0295068),
        (0.3400000, 1.0600000, 0.0295200),
        (0.3400000, 1.1000000, 0.0295332),
        (0.3400000, 1.1400000, 0.0295464),
        (0.3400000, 1.1800000, 0.0295596),
        (0.3400000, 1.2200000, 0.0295728),
        (0.3400000, 1.2600000, 0.0295860),
        (0.3400000, 1.3000000, 0.0295992),
        (0.3400000, 1.3400000, 0.0296124),
        (0.3400000, 1.3800000, 0.0296256),
        (0.3400000, 1.4200000, 0.0296388),
        (0.3400000, 1.4600000, 0.0296520),
        (0.3400000, 1.5000000, 0.0296652),
        (0.3800000, -1.5000000, 0.0298538),
        (0.3800000, -1.4600000, 0.0298670),
        (0.3800000, -1.4200000, 0.0298802),
        (0.3800000, -1.3800000, 0.0298934),
        (0.3800000, -1.3400000, 0.0299066),
        (0.3800000, -1.3000000, 0.0299198),
        (0.3800000, -1.2600000, 0.0299330),
        (0.3800000, -1.2200000, 0.0299462),
        (0.3800000, -1.1800000, 0.0299594),
        (0.3800000, -1.1400000, 0.0299726),
        (0.3800000, -1.1000000, 0.0299858),
        (0.3800000, -1.0600000, 0.0299990),
        (0.3800000, -1.0200000, 0.0300122),
        (0.3800000, -0.9800000, 0.0300254),
        (0.3800000, -0.9400000, 0.0300386),
        (0.3800000, -0.9000000, 0.0300518),
        (0.3800000, -0.8600000, 0.0300650),
        (0.3800000, -0.8200000, 0.0300782),
        (0.3800000, -0.7800000, 0.0300914),
        (0.3800000, -0.7400000, 0.0301046),
        (0.3800000, -0.7000000, 0.0301178),
        (0.3800000, -0.6600000, 0.0301310),
        (0.3800000, -0.6200000, 0.0301442),
        (0.3800000, -0.5800000, 0.0301574),
        (0.3800000, -0.5400000, 0.0301706),
        (0.3800000, -0.5000000, 0.0301838),
        (0.3800000, -0.4600000, 0.0301970),
        (0.3800000, -0.4200000, 0.0302102),
        (0.3800000, -0.3800000, 0.0302234),
        (0.3800000, -0.3400000, 0.0302366),
        (0.3800000, -0.3000000, 0.0302498),
        (0.3800000, -0.2600000, 0.0302630),
        (0.3800000, -0.2200000, 0.0302762),
        (0.3800000, -0.1800000, 0.0302894),
        (0.3800000, -0.1400000, 0.0303026),
        (0.3800000, -0.1000000, 0.0303158),
        (0.3800000, -0.0600000, 0.0303290),
        (0.3800000, -0.0200000, 0.0303422),
        (0.3800000, 0.0200000, 0.0303554),
        (0.3800000, 0.0600000, 0.0303686),
        (0.3800000, 0.1000000, 0.0303818),
        (0.3800000, 0.1400000, 0.0303950),
        (0.3800000, 0.1800000, 0.0304082),
        (0.3800000, 0.2200000, 0.0304214),
        (0.3800000, 0.2600000, 0.0304346),
        (0.3800000, 0.3000000, 0.0304478),
        (0.3800000, 0.3400000, 0.0304610),
        (0.3800000, 0.3800000, 0.0304742),
        (0.3800000, 0.4200000, 0.0304874),
        (0.3800000, 0.4600000, 0.0305006),
        (0.3800000, 0.5000000, 0.0305138),
        (0.3800000, 0.5400000, 0.0305270),
        (0.3800000, 0.5800000, 0.0305402),
        (0.3800000, 0.6200000, 0.0305534),
        (0.3800000, 0.6600000, 0.0305666),
        (0.3800000, 0.7000000, 0.0305798),
        (0.3800000, 0.7400000, 0.0305930),
        (0.3800000, 0.7800000, 0.0306062),
        (0.3800000, 0.8200000, 0.0306194),
        (0.3800000, 0.8600000, 0.0306326),
        (0.3800000, 0.9000000, 0.0306458),
        (0.3800000, 0.9400000, 0.0306590),
        (0.3800000, 0.9800000, 0.0306722),
        (0.3800000, 1.0200000, 0.0306854),
        (0.3800000, 1.0600000, 0.0306986),
        (0.3800000, 1.1000000, 0.0307118),
        (0.3800000, 1.1400000, 0.0307250),
        (0.3800000, 1.1800000, 0.0307382),
        (0.3800000, 1.2200000, 0.0307514),
        (0.3800000, 1.2600000, 0.0307646),
        (0.3800000, 1.3000000, 0.0307778),
        (0.3800000, 1.3400000, 0.0307910),
        (0.3800000, 1.3800000, 0.0308042),
        (0.3800000, 1.4200000, 0.0308174),
        (0.3800000, 1.4600000, 0.0308306),
        (0.3800000, 1.5000000, 0.0308438),
        (0.4200000, -1.5000000, 0.0310324),
        (0.4200000, -1.4600000, 0.0310456),
        (0.4200000, -1.4200000, 0.0310588),
        (0.4200000, -1.3800000, 0.0310720),
        (0.4200000, -1.3400000, 0.0310852),
        (0.4200000, -1.3000000, 0.0310984),
        (0.4200000, -1.2600000, 0.0311116),
        (0.4200000, -1.2200000, 0.0311248),
        (0.4200000, -1.1800000, 0.0311380),
        (0.4200000, -1.1400000, 0.0311512),
        (0.4200000, -1.1000000, 0.0311644),
        (0.4200000, -1.0600000, 0.0311776),
        (0.4200000, -1.0200000, 0.0311908),
        (0.4200000, -0.9800000, 0.0312040),
        (0.4200000, -0.9400000, 0.0312172),
        (0.4200000, -0.9000000, 0.0312304),
        (0.4200000, -0.8600000, 0.0312436),
        (0.4200000, -0.8200000, 0.0312568),
        (0.4200000, -0.7800000, 0.0312700),
        (0.4200000, -0.7400000, 0.0312832),
        (0.4200000, -0.7000000, 0.0312964),
        (0.4200000, -0.6600000, 0.0313096),
        (0.4200000, -0.6200000, 0.0313228),
        (0.4200000, -0.5800000, 0.0313360),
        (0.4200000, -0.5400000, 0.0313492),
        (0.4200000, -0.5000000, 0.0313624),
        (0.4200000, -0.4600000, 0.0313756),
        (0.4200000, -0.4200000, 0.0313888),
        (0.4200000, -0.3800000, 0.0314020),
        (0.4200000, -0.3400000, 0.0314152),
        (0.4200000, -0.3000000, 0.0314284),
        (0.4200000, -0.2600000, 0.0314416),
        (0.4200000, -0.2200000, 0.0314548),
        (0.4200000, -0.1800000, 0.0314680),
        (0.4200000, -0.1400000, 0.0314812),
        (0.4200000, -0.1000000, 0.0314944),
        (0.4200000, -0.0600000, 0.0315076),
        (0.4200000, -0.0200000, 0.0315208),
        (0.4200000, 0.0200000, 0.0315340),
        (0.4200000, 0.0600000, 0.0315472),
        (0.4200000, 0.1000000, 0.0315604),
        (0.4200000, 0.1400000, 0.0315736),
        (0.4200000, 0.1800000, 0.0315868),
        (0.4200000, 0.2200000, 0.0316000),
        (0.4200000, 0.2600000, 0.0316132),
        (0.4200000, 0.3000000, 0.0316264),
        (0.4200000, 0.3400000, 0.0316396),
        (0.4200000, 0.3800000, 0.0316528),
        (0.4200000, 0.4200000, 0.0316660),
        (0.4200000, 0.4600000, 0.0316792),
        (0.4200000, 0.5000000, 0.0316924),
        (0.4200000, 0.5400000, 0.0317056),
        (0.4200000, 0.5800000, 0.0317188),
        (0.4200000, 0.6200000, 0.0317320),
        (0.4200000, 0.6600000, 0.0317452),
        (0.4200000, 0.7000000, 0.0317584),
        (0.4200000, 0.7400000, 0.0317716),
        (0.4200000, 0.7800000, 0.0317848),
        (0.4200000, 0.8200000, 0.0317980),
        (0.4200000, 0.8600000, 0.0318112),
        (0.4200000, 0.9000000, 0.0318244),
        (0.4200000, 0.9400000, 0.0318376),
        (0.4200000, 0.9800000, 0.0318508),
        (0.4200000, 1.0200000, 0.0318640),
        (0.4200000, 1.0600000, 0.0318772),
        (0.4200000, 1.1000000, 0.0318904),
        (0.4200000, 1.1400000, 0.0319036),
        (0.4200000, 1.1800000, 0.0319168),
        (0.4200000, 1.2200000, 0.0319300),
        (0.4200000, 1.2600000, 0.0319432),
        (0.4200000, 1.3000000, 0.0319564),
        (0.4200000, 1.3400000, 0.0319696),
        (0.4200000, 1.3800000, 0.0319828),
        (0.4200000, 1.4200000, 0.0319960),
        (0.4200000, 1.4600000, 0.0320092),
        (0.4200000, 1.5000000, 0.0320224),
        (0.4600000, -1.5000000, 0.0322110),
        (0.4600000, -1.4600000, 0.0322242),
        (0.4600000, -1.4200000, 0.0322374),
        (0.4600000, -1.3800000, 0.0322506),
        (0.4600000, -1.3400000, 0.0322638),
        (0.4600000, -1.3000000, 0.0322770),
        (0.4600000, -1.2600000, 0.0322902),
        (0.4600000, -1.2200000, 0.0323034),
        (0.4600000, -1.1800000, 0.0323166),
        (0.4600000, -1.1400000, 0.0323298),
        (0.4600000, -1.1000000, 0.0323430),
        (0.4600000, -1.0600000, 0.0323562),
        (0.4600000, -1.0200000, 0.0323694),
        (0.4600000, -0.9800000, 0.0323826),
        (0.4600000, -0.9400000, 0.0323958),
        (0.4600000, -0.9000000, 0.0324090),
        (0.4600000, -0.8600000, 0.0324222),
        (0.4600000, -0.8200000, 0.0324354),
        (0.4600000, -0.7800000, 0.0324486),
        (0.4600000, -0.7400000, 0.0324618),
        (0.4600000, -0.7000000, 0.0324750),
        (0.4600000, -0.6600000, 0.0324882),
        (0.4600000, -0.6200000, 0.0325014),
        (0.4600000, -0.5800000, 0.0325146),
        (0.4600000, -0.5400000, 0.0325278),
        (0.4600000, -0.5000000, 0.0325410),
        (0.4600000, -0.4600000, 0.0325542),
        (0.4600000, -0.4200000, 0.0325674),
        (0.4600000, -0.3800000, 0.0325806),
        (0.4600000, -0.3400000, 0.0325938),
        (0.4600000, -0.3000000, 0.0326070),
        (0.4600000, -0.2600000, 0.0326202),
        (0.4600000, -0.2200000, 0.0326334),
        (0.4600000, -0.1800000, 0.0326466),
        (0.4600000, -0.1400000, 0.0326598),
        (0.4600000, -0.1000000, 0.0326730),
        (0.4600000, -0.0600000, 0.0326862),
        (0.4600000, -0.0200000, 0.0326994),
        (0.4600000, 0.0200000, 0.0327126),
        (0.4600000, 0.0600000, 0.0327258),
        (0.4600000, 0.1000000, 0.0327390),
        (0.4600000, 0.1400000, 0.0327522),
        (0.4600000, 0.1800000, 0.0327654),
        (0.4600000, 0.2200000, 0.0327786),
        (0.4600000, 0.2600000, 0.0327918),
        (0.4600000, 0.3000000, 0.0328050),
        (0.4600000, 0.3400000, 0.0328182),
        (0.4600000, 0.3800000, 0.0328314),
        (0.4600000, 0.4200000, 0.0328446),
        (0.4600000, 0.4600000, 0.0328578),
        (0.4600000, 0.5000000, 0.0328710),
        (0.4600000, 0.5400000, 0.0328842),
        (0.4600000, 0.5800000, 0.0328974),
        (0.4600000, 0.6200000, 0.0329106),
        (0.4600000, 0.6600000, 0.0329238),
        (0.4600000, 0.7000000, 0.0329370),
        (0.4600000, 0.7400000, 0.0329502),
        (0.4600000, 0.7800000, 0.0329634),
        (0.4600000, 0.8200000, 0.0329766),
        (0.4600000, 0.8600000, 0.0329898),
        (0.4600000, 0.9000000, 0.0330030),
        (0.4600000, 0.9400000, 0.0330162),
        (0.4600000, 0.9800000, 0.0330294),
        (0.4600000, 1.0200000, 0.0330426),
        (0.4600000, 1.0600000, 0.0330558),
        (0.4600000, 1.1000000, 0.0330690),
        (0.4600000, 1.1400000, 0.0330822),
        (0.4600000, 1.1800000, 0.0330954),
        (0.4600000, 1.2200000, 0.0331086),
        (0.4600000, 1.2600000, 0.0331218),
        (0.4600000, 1.3000000, 0.0331350),
        (0.4600000, 1.3400000, 0.0331482),
        (0.4600000, 1.3800000, 0.0331614),
        (0.4600000, 1.4200000, 0.0331746),
        (0.4600000, 1.4600000, 0.0331878),
        (0.4600000, 1.5000000, 0.0332010),
        (0.5000000, -1.5000000, 0.0333896),
        (0.5000000, -1.4600000, 0.0334028),
        (0.5000000, -1.4200000, 0.0334160),
        (0.5000000, -1.3800000, 0.0334292),
        (0.5000000, -1.3400000, 0.0334424),
        (0.5000000, -1.3000000, 0.0334556),
        (0.5000000, -1.2600000, 0.0334688),
        (0.5000000, -1.2200000, 0.0334820),
        (0.5000000, -1.1800000, 0.0334952),
        (0.5000000, -1.1400000, 0.0335084),
        (0.5000000, -1.1000000, 0.0335216),
        (0.5000000, -1.0600000, 0.0335348),
        (0.5000000, -1.0200000, 0.0335480),
        (0.5000000, -0.9800000, 0.0335612),
        (0.5000000, -0.9400000, 0.0335744),
        (0.5000000, -0.9000000, 0.0335876),
        (0.5000000, -0.8600000, 0.0336008),
        (0.5000000, -0.8200000, 0.0336140),
        (0.5000000, -0.7800000, 0.0336272),
        (0.5000000, -0.7400000, 0.0336404),
        (0.5000000, -0.7000000, 0.0336536),
        (0.5000000, -0.6600000, 0.0336668),
        (0.5000000, -0.6200000, 0.0336800),
        (0.5000000, -0.5800000, 0.0336932),
        (0.5000000, -0.5400000, 0.0337064),
        (0.5000000, -0.5000000, 0.0337196),
        (0.5000000, -0.4600000, 0.0337328),
        (0.5000000, -0.4200000, 0.0337460),
        (0.5000000, -0.3800000, 0.0337592),
        (0.5000000, -0.3400000, 0.0337724),
        (0.5000000, -0.3000000, 0.0337856),
        (0.5000000, -0.2600000, 0.0337988),
        (0.5000000, -0.2200000, 0.0338120),
        (0.5000000, -0.1800000, 0.0338252),
        (0.5000000, -0.1400000, 0.0338384),
        (0.5000000, -0.1000000, 0.0338516),
        (0.5000000, -0.0600000, 0.0338648),
        (0.5000000, -0.0200000, 0.0338780),
        (0.5000000, 0.0200000, 0.0338912),
        (0.5000000, 0.0600000, 0.0339044),
        (0.5000000, 0.1000000, 0.0339176),
        (0.5000000, 0.1400000, 0.0339308),
        (0.5000000, 0.1800000, 0.0339440),
        (0.5000000, 0.2200000, 0.0339572),
        (0.5000000, 0.2600000, 0.0339704),
        (0.5000000, 0.3000000, 0.0339836),
        (0.5000000, 0.3400000, 0.0339968),
        (0.5000000, 0.3800000, 0.0340100),
        (0.5000000, 0.4200000, 0.0340232),
        (0.5000000, 0.4600000, 0.0340364),
        (0.5000000, 0.5000000, 0.0340496),
        (0.5000000, 0.5400000, 0.0340628),
        (0.5000000, 0.5800000, 0.0340760),
        (0.5000000, 0.6200000, 0.0340892),
        (0.5000000, 0.6600000, 0.0341024),
        (0.5000000, 0.7000000, 0.0341156),
        (0.5000000, 0.7400000, 0.0341288),
        (0.5000000, 0.7800000, 0.0341420),
        (0.5000000, 0.8200000, 0.0341552),
        (0.5000000, 0.8600000, 0.0341684),
        (0.5000000, 0.9000000, 0.0341816),
        (0.5000000, 0.9400000, 0.0341948),
        (0.5000000, 0.9800000, 0.0342080),
        (0.5000000, 1.0200000, 0.0342212),
        (0.5000000, 1.0600000, 0.0342344),
        (0.5000000, 1.1000000, 0.0342476),
        (0.5000000, 1.1400000, 0.0342608),
        (0.5000000, 1.1800000, 0.0342740),
        (0.5000000, 1.2200000, 0.0342872),
        (0.5000000, 1.2600000, 0.0343004),
        (0.5000000, 1.3000000, 0.0343136),
        (0.5000000, 1.3400000, 0.0343268),
        (0.5000000, 1.3800000, 0.0343400),
        (0.5000000, 1.4200000, 0.0343532),
        (0.5000000, 1.4600000, 0.0343664),
        (0.5000000, 1.5000000, 0.0343796),
        (0.5400000, -1.5000000, 0.0345682),
        (0.5400000, -1.4600000, 0.0345814),
        (0.5400000, -1.4200000, 0.0345946),
        (0.5400000, -1.3800000, 0.0346078),
        (0.5400000, -1.3400000, 0.0346210),
        (0.5400000, -1.3000000, 0.0346342),
        (0.5400000, -1.2600000, 0.0346474),
        (0.5400000, -1.2200000, 0.0346606),
        (0.5400000, -1.1800000, 0.0346738),
        (0.5400000, -1.1400000, 0.0346870),
        (0.5400000, -1.1000000, 0.0347002),
        (0.5400000, -1.0600000, 0.0347134),
        (0.5400000, -1.0200000, 0.0347266),
        (0.5400000, -0.9800000, 0.0347398),
        (0.5400000, -0.9400000, 0.0347530),
        (0.5400000, -0.9000000, 0.0347662),
        (0.5400000, -0.8600000, 0.0347794),
        (0.5400000, -0.8200000, 0.0347926),
        (0.5400000, -0.7800000, 0.0348058),
        (0.5400000, -0.7400000, 0.0348190),
        (0.5400000, -0.7000000, 0.0348322),
        (0.5400000, -0.6600000, 0.0348454),
        (0.5400000, -0.6200000, 0.0348586),
        (0.5400000, -0.5800000, 0.0348718),
        (0.5400000, -0.5400000, 0.0348850),
        (0.5400000, -0.5000000, 0.0348982),
        (0.5400000, -0.4600000, 0.0349114),
        (0.5400000, -0.4200000, 0.0349246),
        (0.5400000, -0.3800000, 0.0349378),
        (0.5400000, -0.3400000, 0.0349510),
        (0.5400000, -0.3000000, 0.0349642),
        (0.5400000, -0.2600000, 0.0349774),
        (0.5400000, -0.2200000, 0.0349906),
        (0.5400000, -0.1800000, 0.0350038),
        (0.5400000, -0.1400000, 0.0350170),
        (0.5400000, -0.1000000, 0.0350302),
        (0.5400000, -0.0600000, 0.0350434),
        (0.5400000, -0.0200000, 0.0350566),
        (0.5400000, 0.0200000, 0.0350698),
        (0.5400000, 0.0600000, 0.0350830),
        (0.5400000, 0.1000000, 0.0350962),
        (0.5400000, 0.1400000, 0.0351094),
        (0.5400000, 0.1800000, 0.0351226),
        (0.5400000, 0.2200000, 0.0351358),
        (0.5400000, 0.2600000, 0.0351490),
        (0.5400000, 0.3000000, 0.0351622),
        (0.5400000, 0.3400000, 0.0351754),
        (0.5400000, 0.3800000, 0.0351886),
        (0.5400000, 0.4200000, 0.0352018),
        (0.5400000, 0.4600000, 0.0352150),
        (0.5400000, 0.5000000, 0.0352282),
        (0.5400000, 0.5400000, 0.0352414),
        (0.5400000, 0.5800000, 0.0352546),
        (0.5400000, 0.6200000, 0.0352678),
        (0.5400000, 0.6600000, 0.0352810),
        (0.5400000, 0.7000000, 0.0352942),
        (0.5400000, 0.7400000, 0.0353074),
        (0.5400000, 0.7800000, 0.0353206),
        (0.5400000, 0.8200000, 0.0353338),
        (0.5400000, 0.8600000, 0.0353470),
        (0.5400000, 0.9000000, 0.0353602),
        (0.5400000, 0.9400000, 0.0353734),
        (0.5400000, 0.9800000, 0.0353866),
        (0.5400000, 1.0200000, 0.0353998),
        (0.5400000, 1.0600000, 0.0354130),
        (0.5400000, 1.1000000, 0.0354262),
        (0.5400000, 1.1400000, 0.0354394),
        (0.5400000, 1.1800000, 0.0354526),
        (0.5400000, 1.2200000, 0.0354658),
        (0.5400000, 1.2600000, 0.0354790),
        (0.5400000, 1.3000000, 0.0354922),
        (0.5400000, 1.3400000, 0.0355054),
        (0.5400000, 1.3800000, 0.0355186),
        (0.5400000, 1.4200000, 0.0355318),
        (0.5400000, 1.4600000, 0.0355450),
        (0.5400000, 1.5000000, 0.0355582),
        (0.5800000, -1.5000000, 0.0357468),
        (0.5800000, -1.4600000, 0.0357600),
        (0.5800000, -1.4200000, 0.0357732),
        (0.5800000, -1.3800000, 0.0357864),
        (0.5800000, -1.3400000, 0.0357996),
        (0.5800000, -1.3000000, 0.0358128),
        (0.5800000, -1.2600000, 0.0358260),
        (0.5800000, -1.2200000, 0.0358392),
        (0.5800000, -1.1800000, 0.0358524),
        (0.5800000, -1.1400000, 0.0358656),
        (0.5800000, -1.1000000, 0.0358788),
        (0.5800000, -1.0600000, 0.0358920),
        (0.5800000, -1.0200000, 0.0359052),
        (0.5800000, -0.9800000, 0.0359184),
        (0.5800000, -0.9400000, 0.0359316),
        (0.5800000, -0.9000000, 0.0359448),
        (0.5800000, -0.8600000, 0.0359580),
        (0.5800000, -0.8200000, 0.0359712),
        (0.5800000, -0.7800000, 0.0359844),
        (0.5800000, -0.7400000, 0.0359976),
        (0.5800000, -0.7000000, 0.0360108),
        (0.5800000, -0.6600000, 0.0360240),
        (0.5800000, -0.6200000, 0.0360372),
        (0.5800000, -0.5800000, 0.0360504),
        (0.5800000, -0.5400000, 0.0360636),
        (0.5800000, -0.5000000, 0.0360768),
        (0.5800000, -0.4600000, 0.0360900),
        (0.5800000, -0.4200000, 0.0361032),
        (0.5800000, -0.3800000, 0.0361164),
        (0.5800000, -0.3400000, 0.0361296),
        (0.5800000, -0.3000000, 0.0361428),
        (0.5800000, -0.2600000, 0.0361560),
        (0.5800000, -0.2200000, 0.0361692),
        (0.5800000, -0.1800000, 0.0361824),
        (0.5800000, -0.1400000, 0.0361956),
        (0.5800000, -0.1000000, 0.0362088),
        (0.5800000, -0.0600000, 0.0362220),
        (0.5800000, -0.0200000, 0.0362352),
        (0.5800000, 0.0200000, 0.0362484),
        (0.5800000, 0.0600000, 0.0362616),
        (0.5800000, 0.1000000, 0.0362748),
        (0.5800000, 0.1400000, 0.0362880),
        (0.5800000, 0.1800000, 0.0363012),
        (0.5800000, 0.2200000, 0.0363144),
        (0.5800000, 0.2600000, 0.0363276),
        (0.5800000, 0.3000000, 0.0363408),
        (0.5800000, 0.3400000, 0.0363540),
        (0.5800000, 0.3800000, 0.0363672),
        (0.5800000, 0.4200000, 0.0363804),
        (0.5800000, 0.4600000, 0.0363936),
        (0.5800000, 0.5000000, 0.0364068),
        (0.5800000, 0.5400000, 0.0364200),
        (0.5800000, 0.5800000, 0.0364332),
        (0.5800000, 0.6200000, 0.0364464),
        (0.5800000, 0.6600000, 0.0364596),
        (0.5800000, 0.7000000, 0.0364728),
        (0.5800000, 0.7400000, 0.0364860),
        (0.5800000, 0.7800000, 0.0364992),
        (0.5800000, 0.8200000, 0.0365124),
        (0.5800000, 0.8600000, 0.0365256),
        (0.5800000, 0.9000000, 0.0365388),
        (0.5800000, 0.9400000, 0.0365520),
        (0.5800000, 0.9800000, 0.0365652),
        (0.5800000, 1.0200000, 0.0365784),
        (0.5800000, 1.0600000, 0.0365916),
        (0.5800000, 1.1000000, 0.0366048),
        (0.5800000, 1.1400000, 0.0366180),
        (0.5800000, 1.1800000, 0.0366312),
        (0.5800000, 1.2200000, 0.0366444),
        (0.5800000, 1.2600000, 0.0366576),
        (0.5800000, 1.3000000, 0.0366708),
        (0.5800000, 1.3400000, 0.0366839),
        (0.5800000, 1.3800000, 0.0366971),
        (0.5800000, 1.4200000, 0.0367103),
        (0.5800000, 1.4600000, 0.0367235),
        (0.5800000, 1.5000000, 0.0367367),
        (0.6200000, -1.5000000, 0.0369254),
        (0.6200000, -1.4600000, 0.0369386),
        (0.6200000, -1.4200000, 0.0369518),
        (0.6200000, -1.3800000, 0.0369650),
        (0.6200000, -1.3400000, 0.0369782),
        (0.6200000, -1.3000000, 0.0369914),
        (0.6200000, -1.2600000, 0.0370046),
        (0.6200000, -1.2200000, 0.0370178),
        (0.6200000, -1.1800000, 0.0370310),
        (0.6200000, -1.1400000, 0.0370442),
        (0.6200000, -1.1000000, 0.0370574),
        (0.6200000, -1.0600000, 0.0370706),
        (0.6200000, -1.0200000, 0.0370838),
        (0.6200000, -0.9800000, 0.0370970),
        (0.6200000, -0.9400000, 0.0371102),
        (0.6200000, -0.9000000, 0.0371234),
        (0.6200000, -0.8600000, 0.0371366),
        (0.6200000, -0.8200000, 0.0371498),
        (0.6200000, -0.7800000, 0.0371630),
        (0.6200000, -0.7400000, 0.0371762),
        (0.6200000, -0.7000000, 0.0371894),
        (0.6200000, -0.6600000, 0.0372026),
        (0.6200000, -0.6200000, 0.0372158),
        (0.6200000, -0.5800000, 0.0372290),
        (0.6200000, -0.5400000, 0.0372422),
        (0.6200000, -0.5000000, 0.0372554),
        (0.6200000, -0.4600000, 0.0372686),
        (0.6200000, -0.4200000, 0.0372818),
        (0.6200000, -0.3800000, 0.0372950),
        (0.6200000, -0.3400000, 0.0373082),
        (0.6200000, -0.3000000, 0.0373214),
        (0.6200000, -0.2600000, 0.0373346),
        (0.6200000, -0.2200000, 0.0373478),
        (0.6200000, -0.1800000, 0.0373610),
        (0.6200000, -0.1400000, 0.0373742),
        (0.6200000, -0.1000000, 0.0373874),
        (0.6200000, -0.0600000, 0.0374006),
        (0.6200000, -0.0200000, 0.0374138),
        (0.6200000, 0.0200000, 0.0374270),
        (0.6200000, 0.0600000, 0.0374402),
        (0.6200000, 0.1000000, 0.0374534),
        (0.6200000, 0.1400000, 0.0374666),
        (0.6200000, 0.1800000, 0.0374798),
        (0.6200000, 0.2200000, 0.0374930),
        (0.6200000, 0.2600000, 0.0375062),
        (0.6200000, 0.3000000, 0.0375194),
        (0.6200000, 0.3400000, 0.0375326),
        (0.6200000, 0.3800000, 0.0375458),
        (0.6200000, 0.4200000, 0.0375590),
        (0.6200000, 0.4600000, 0.0375722),
        (0.6200000, 0.5000000, 0.0375854),
        (0.6200000, 0.5400000, 0.0375986),
        (0.6200000, 0.5800000, 0.0376117),
        (0.6200000, 0.6200000, 0.0376249),
        (0.6200000, 0.6600000, 0.0376381),
        (0.6200000, 0.7000000, 0.0376513),
        (0.6200000, 0.7400000, 0.0376645),
        (0.6200000, 0.7800000, 0.0376777),
        (0.6200000, 0.8200000, 0.0376909),
        (0.6200000, 0.8600000, 0.0377041),
        (0.6200000, 0.9000000, 0.0377173),
        (0.6200000, 0.9400000, 0.0377305),
        (0.6200000, 0.9800000, 0.0377437),
        (0.6200000, 1.0200000, 0.0377569),
        (0.6200000, 1.0600000, 0.0377701),
        (0.6200000, 1.1000000, 0.0377833),
        (0.6200000, 1.1400000, 0.0377965),
        (0.6200000, 1.1800000, 0.0378097),
        (0.6200000, 1.2200000, 0.0378229),
        (0.6200000, 1.2600000, 0.0378361),
        (0.6200000, 1.3000000, 0.0378493),
        (0.6200000, 1.3400000, 0.0378625),
        (0.6200000, 1.3800000, 0.0378757),
        (0.6200000, 1.4200000, 0.0378889),
        (0.6200000, 1.4600000, 0.0379021),
        (0.6200000, 1.5000000, 0.0379153),
        (0.6600000, -1.5000000, 0.0381040),
        (0.6600000, -1.4600000, 0.0381172),
        (0.6600000, -1.4200000, 0.0381304),
        (0.6600000, -1.3800000, 0.0381436),
        (0.6600000, -1.3400000, 0.0381568),
        (0.6600000, -1.3000000, 0.0381700),
        (0.6600000, -1.2600000, 0.0381832),
        (0.6600000, -1.2200000, 0.0381964),
        (0.6600000, -1.1800000, 0.0382096),
        (0.6600000, -1.1400000, 0.0382228),
        (0.6600000, -1.1000000, 0.0382360),
        (0.6600000, -1.0600000, 0.0382492),
        (0.6600000, -1.0200000, 0.0382624),
        (0.6600000, -0.9800000, 0.0382756),
        (0.6600000, -0.9400000, 0.0382888),
        (0.6600000, -0.9000000, 0.0383020),
        (0.6600000, -0.8600000, 0.0383152),
        (0.6600000, -0.8200000, 0.0383284),
        (0.6600000, -0.7800000, 0.0383416),
        (0.6600000, -0.7400000, 0.0383548),
        (0.6600000, -0.7000000, 0.0383680),
        (0.6600000, -0.6600000, 0.0383812),
        (0.6600000, -0.6200000, 0.0383944),
        (0.6600000, -0.5800000, 0.0384076),
        (0.6600000, -0.5400000, 0.0384208),
        (0.6600000, -0.5000000, 0.0384340),
        (0.6600000, -0.4600000, 0.0384472),
        (0.6600000, -0.4200000, 0.0384604),
        (0.6600000, -0.3800000, 0.0384736),
        (0.6600000, -0.3400000, 0.0384868),
        (0.6600000, -0.3000000, 0.0385000),
        (0.6600000, -0.2600000, 0.0385132),
        (0.6600000, -0.2200000, 0.0385264),
        (0.6600000, -0.1800000, 0.0385395),
        (0.6600000, -0.1400000, 0.0385527),
        (0.6600000, -0.1000000, 0.0385659),
        (0.6600000, -0.0600000, 0.0385791),
        (0.6600000, -0.0200000, 0.0385923),
        (0.6600000, 0.0200000, 0.0386055),
        (0.6600000, 0.0600000, 0.0386187),
        (0.6600000, 0.1000000, 0.0386319),
        (0.6600000, 0.1400000, 0.0386451),
        (0.6600000, 0.1800000, 0.0386583),
        (0.6600000, 0.2200000, 0.0386715),
        (0.6600000, 0.2600000, 0.0386847),
        (0.6600000, 0.3000000, 0.0386979),
        (0.6600000, 0.3400000, 0.0387111),
        (0.6600000, 0.3800000, 0.0387243),
        (0.6600000, 0.4200000, 0.0387375),
        (0.6600000, 0.4600000, 0.0387507),
        (0.6600000, 0.5000000, 0.0387639),
        (0.6600000, 0.5400000, 0.0387771),
        (0.6600000, 0.5800000, 0.0387903),
        (0.6600000, 0.6200000, 0.0388035),
        (0.6600000, 0.6600000, 0.0388167),
        (0.6600000, 0.7000000, 0.0388299),
        (0.6600000, 0.7400000, 0.0388431),
        (0.6600000, 0.7800000, 0.0388563),
        (0.6600000, 0.8200000, 0.0388695),
        (0.6600000, 0.8600000, 0.0388827),
        (0.6600000, 0.9000000, 0.0388959),
        (0.6600000, 0.9400000, 0.0389091),
        (0.6600000, 0.9800000, 0.0389223),
        (0.6600000, 1.0200000, 0.0389355),
        (0.6600000, 1.0600000, 0.0389487),
        (0.6600000, 1.1000000, 0.0389619),
        (0.6600000, 1.1400000, 0.0389751),
        (0.6600000, 1.1800000, 0.0389883),
        (0.6600000, 1.2200000, 0.0390015),
        (0.6600000, 1.2600000, 0.0390147),
        (0.6600000, 1.3000000, 0.0390279),
        (0.6600000, 1.3400000, 0.0390411),
        (0.6600000, 1.3800000, 0.0390543),
        (0.6600000, 1.4200000, 0.0390675),
        (0.6600000, 1.4600000, 0.0390807),
        (0.6600000, 1.5000000, 0.0390939),
        (0.7000000, -1.5000000, 0.0392826),
        (0.7000000, -1.4600000, 0.0392958),
        (0.7000000, -1.4200000, 0.0393090),
        (0.7000000, -1.3800000, 0.0393222),
        (0.7000000, -1.3400000, 0.0393354),
        (0.7000000, -1.3000000, 0.0393486),
        (0.7000000, -1.2600000, 0.0393618),
        (0.7000000, -1.2200000, 0.0393750),
        (0.7000000, -1.1800000, 0.0393882),
        (0.7000000, -1.1400000, 0.0394014),
        (0.7000000, -1.1000000, 0.0394146),
        (0.7000000, -1.0600000, 0.0394278),
        (0.7000000, -1.0200000, 0.0394410),
        (0.7000000, -0.9800000, 0.0394542),
        (0.7000000, -0.9400000, 0.0394673),
        (0.7000000, -0.9000000, 0.0394805),
        (0.7000000, -0.8600000, 0.0394937),
        (0.7000000, -0.8200000, 0.0395069),
        (0.7000000, -0.7800000, 0.0395201),
        (0.7000000, -0.7400000, 0.0395333),
        (0.7000000, -0.7000000, 0.0395465),
        (0.7000000, -0.6600000, 0.0395597),
        (0.7000000, -0.6200000, 0.0395729),
        (0.7000000, -0.5800000, 0.0395861),
        (0.7000000, -0.5400000, 0.0395993),
        (0.7000000, -0.5000000, 0.0396125),
        (0.7000000, -0.4600000, 0.0396257),
        (0.7000000, -0.4200000, 0.0396389),
        (0.7000000, -0.3800000, 0.0396521),
        (0.7000000, -0.3400000, 0.0396653),
        (0.7000000, -0.3000000, 0.0396785),
        (0.7000000, -0.2600000, 0.0396917),
        (0.7000000, -0.2200000, 0.0397049),
        (0.7000000, -0.1800000, 0.0397181),
        (0.7000000, -0.1400000, 0.0397313),
        (0.7000000, -0.1000000, 0.0397445),
        (0.7000000, -0.0600000, 0.0397577),
        (0.7000000, -0.0200000, 0.0397709),
        (0.7000000, 0.0200000, 0.0397841),
        (0.7000000, 0.0600000, 0.0397973),
        (0.7000000, 0.1000000, 0.0398105),
        (0.7000000, 0.1400000, 0.0398237),
        (0.7000000, 0.1800000, 0.0398369),
        (0.7000000, 0.2200000, 0.0398501),
        (0.7000000, 0.2600000, 0.0398633),
        (0.7000000, 0.3000000, 0.0398765),
        (0.7000000, 0.3400000, 0.0398897),
        (0.7000000, 0.3800000, 0.0399029),
        (0.7000000, 0.4200000, 0.0399161),
        (0.7000000, 0.4600000, 0.0399293),
        (0.7000000, 0.5000000, 0.0399425),
        (0.7000000, 0.5400000, 0.0399557),
        (0.7000000, 0.5800000, 0.0399689),
        (0.7000000, 0.6200000, 0.0399821),
        (0.7000000, 0.6600000, 0.0399953),
        (0.7000000, 0.7000000, 0.0400085),
        (0.7000000, 0.7400000, 0.0400217),
        (0.7000000, 0.7800000, 0.0400349),
        (0.7000000, 0.8200000, 0.0400481),
        (0.7000000, 0.8600000, 0.0400613),
        (0.7000000, 0.9000000, 0.0400745),
        (0.7000000, 0.9400000, 0.0400877),
        (0.7000000, 0.9800000, 0.0401009),
        (0.7000000, 1.0200000, 0.0401141),
        (0.7000000, 1.0600000, 0.0401273),
        (0.7000000, 1.1000000, 0.0401405),
        (0.7000000, 1.1400000, 0.0401537),
        (0.7000000, 1.1800000, 0.0401669),
        (0.7000000, 1.2200000, 0.0401801),
        (0.7000000, 1.2600000, 0.0401933),
        (0.7000000, 1.3000000, 0.0402065),
        (0.7000000, 1.3400000, 0.0402197),
        (0.7000000, 1.3800000, 0.0402329),
        (0.7000000, 1.4200000, 0.0402461),
        (0.7000000, 1.4600000, 0.0402593),
        (0.7000000, 1.5000000, 0.0402725),
        (0.7400000, -1.5000000, 0.0404611),
        (0.7400000, -1.4600000, 0.0404743),
        (0.7400000, -1.4200000, 0.0404875),
        (0.7400000, -1.3800000, 0.0405007),
        (0.7400000, -1.3400000, 0.0405139),
        (0.7400000, -1.3000000, 0.0405271),
        (0.7400000, -1.2600000, 0.0405403),
        (0.7400000, -1.2200000, 0.0405535),
        (0.7400000, -1.1800000, 0.0405667),
        (0.7400000, -1.1400000, 0.0405799),
        (0.7400000, -1.1000000, 0.0405931),
        (0.7400000, -1.0600000, 0.0406063),
        (0.7400000, -1.0200000, 0.0406195),
        (0.7400000, -0.9800000, 0.0406327),
        (0.7400000, -0.9400000, 0.0406459),
        (0.7400000, -0.9000000, 0.0406591),
        (0.7400000, -0.8600000, 0.0406723),
        (0.7400000, -0.8200000, 0.0406855),
        (0.7400000, -0.7800000, 0.0406987),
        (0.7400000, -0.7400000, 0.0407119),
        (0.7400000, -0.7000000, 0.0407251),
        (0.7400000, -0.6600000, 0.0407383),
        (0.7400000, -0.6200000, 0.0407515),
        (0.7400000, -0.5800000, 0.0407647),
        (0.7400000, -0.5400000, 0.0407779),
        (0.7400000, -0.5000000, 0.0407911),
        (0.7400000, -0.4600000, 0.0408043),
        (0.7400000, -0.4200000, 0.0408175),
        (0.7400000, -0.3800000, 0.0408307),
        (0.7400000, -0.3400000, 0.0408439),
        (0.7400000, -0.3000000, 0.0408571),
        (0.7400000, -0.2600000, 0.0408703),
        (0.7400000, -0.2200000, 0.0408835),
        (0.7400000, -0.1800000, 0.0408967),
        (0.7400000, -0.1400000, 0.0409099),
        (0.7400000, -0.1000000, 0.0409231),
        (0.7400000, -0.0600000, 0.0409363),
        (0.7400000, -0.0200000, 0.0409495),
        (0.7400000, 0.0200000, 0.0409627),
        (0.7400000, 0.0600000, 0.0409759),
        (0.7400000, 0.1000000, 0.0409891),
        (0.7400000, 0.1400000, 0.0410023),
        (0.7400000, 0.1800000, 0.0410155),
        (0.7400000, 0.2200000, 0.0410287),
        (0.7400000, 0.2600000, 0.0410419),
        (0.7400000, 0.3000000, 0.0410551),
        (0.7400000, 0.3400000, 0.0410683),
        (0.7400000, 0.3800000, 0.0410815),
        (0.7400000, 0.4200000, 0.0410947),
        (0.7400000, 0.4600000, 0.0411079),
        (0.7400000, 0.5000000, 0.0411211),
        (0.7400000, 0.5400000, 0.0411343),
        (0.7400000, 0.5800000, 0.0411475),
        (0.7400000, 0.6200000, 0.0411607),
        (0.7400000, 0.6600000, 0.0411739),
        (0.7400000, 0.7000000, 0.0411871),
        (0.7400000, 0.7400000, 0.0412003),
        (0.7400000, 0.7800000, 0.0412135),
        (0.7400000, 0.8200000, 0.0412267),
        (0.7400000, 0.8600000, 0.0412399),
        (0.7400000, 0.9000000, 0.0412531),
        (0.7400000, 0.9400000, 0.0412663),
        (0.7400000, 0.9800000, 0.0412795),
        (0.7400000, 1.0200000, 0.0412927),
        (0.7400000, 1.0600000, 0.0413059),
        (0.7400000, 1.1000000, 0.0413191),
        (0.7400000, 1.1400000, 0.0413323),
        (0.7400000, 1.1800000, 0.0413455),
        (0.7400000, 1.2200000, 0.0413587),
        (0.7400000, 1.2600000, 0.0413719),
        (0.7400000, 1.3000000, 0.0413851),
        (0.7400000, 1.3400000, 0.0413983),
        (0.7400000, 1.3800000, 0.0414115),
        (0.7400000, 1.4200000, 0.0414247),
        (0.7400000, 1.4600000, 0.0414379),
        (0.7400000, 1.5000000, 0.0414511),
        (0.7800000, -1.5000000, 0.0416397),
        (0.7800000, -1.4600000, 0.0416529),
        (0.7800000, -1.4200000, 0.0416661),
        (0.7800000, -1.3800000, 0.0416793),
        (0.7800000, -1.3400000, 0.0416925),
        (0.7800000, -1.3000000, 0.0417057),
        (0.7800000, -1.2600000, 0.0417189),
        (0.7800000, -1.2200000, 0.0417321),
        (0.7800000, -1.1800000, 0.0417453),
        (0.7800000, -1.1400000, 0.0417585),
        (0.7800000, -1.1000000, 0.0417717),
        (0.7800000, -1.0600000, 0.0417849),
        (0.7800000, -1.0200000, 0.0417981),
        (0.7800000, -0.9800000, 0.0418113),
        (0.7800000, -0.9400000, 0.0418245),
        (0.7800000, -0.9000000, 0.0418377),
        (0.7800000, -0.8600000, 0.0418509),
        (0.7800000, -0.8200000, 0.0418641),
        (0.7800000, -0.7800000, 0.0418773),
        (0.7800000, -0.7400000, 0.0418905),
        (0.7800000, -0.7000000, 0.0419037),
        (0.7800000, -0.6600000, 0.0419169),
        (0.7800000, -0.6200000, 0.0419301),
        (0.7800000, -0.5800000, 0.0419433),
        (0.7800000, -0.5400000, 0.0419565),
        (0.7800000, -0.5000000, 0.0419697),
        (0.7800000, -0.4600000, 0.0419829),
        (0.7800000, -0.4200000, 0.0419961),
        (0.7800000, -0.3800000, 0.0420093),
        (0.7800000, -0.3400000, 0.0420225),
        (0.7800000, -0.3000000, 0.0420357),
        (0.7800000, -0.2600000, 0.0420489),
        (0.7800000, -0.2200000, 0.0420621),
        (0.7800000, -0.1800000, 0.0420753),
        (0.7800000, -0.1400000, 0.0420885),
        (0.7800000, -0.1000000, 0.0421017),
        (0.7800000, -0.0600000, 0.0421149),
        (0.7800000, -0.0200000, 0.0421281),
        (0.7800000, 0.0200000, 0.0421413),
        (0.7800000, 0.0600000, 0.0421545),
        (0.7800000, 0.1000000, 0.0421677),
        (0.7800000, 0.1400000, 0.0421809),
        (0.7800000, 0.1800000, 0.0421941),
        (0.7800000, 0.2200000, 0.0422073),
        (0.7800000, 0.2600000, 0.0422205),
        (0.7800000, 0.3000000, 0.0422337),
        (0.7800000, 0.3400000, 0.0422469),
        (0.7800000, 0.3800000, 0.0422601),
        (0.7800000, 0.4200000, 0.0422733),
        (0.7800000, 0.4600000, 0.0422865),
        (0.7800000, 0.5000000, 0.0422997),
        (0.7800000, 0.5400000, 0.0423129),
        (0.7800000, 0.5800000, 0.0423261),
        (0.7800000, 0.6200000, 0.0423393),
        (0.7800000, 0.6600000, 0.0423525),
        (0.7800000, 0.7000000, 0.0423657),
        (0.7800000, 0.7400000, 0.0423789),
        (0.7800000, 0.7800000, 0.0423921),
        (0.7800000, 0.8200000, 0.0424053),
        (0.7800000, 0.8600000, 0.0424185),
        (0.7800000, 0.9000000, 0.0424317),
        (0.7800000, 0.9400000, 0.0424449),
        (0.7800000, 0.9800000, 0.0424581),
        (0.7800000, 1.0200000, 0.0424713),
        (0.7800000, 1.0600000, 0.0424845),
        (0.7800000, 1.1000000, 0.0424977),
        (0.7800000, 1.1400000, 0.0425109),
        (0.7800000, 1.1800000, 0.0425241),
        (0.7800000, 1.2200000, 0.0425373),
        (0.7800000, 1.2600000, 0.0425505),
        (0.7800000, 1.3000000, 0.0425637),
        (0.7800000, 1.3400000, 0.0425769),
        (0.7800000, 1.3800000, 0.0425901),
        (0.7800000, 1.4200000, 0.0426033),
        (0.7800000, 1.4600000, 0.0426165),
        (0.7800000, 1.5000000, 0.0426297),
        (0.8200000, -1.5000000, 0.0428183),
        (0.8200000, -1.4600000, 0.0428315),
        (0.8200000, -1.4200000, 0.0428447),
        (0.8200000, -1.3800000, 0.0428579),
        (0.8200000, -1.3400000, 0.0428711),
        (0.8200000, -1.3000000, 0.0428843),
        (0.8200000, -1.2600000, 0.0428975),
        (0.8200000, -1.2200000, 0.0429107),
        (0.8200000, -1.1800000, 0.0429239),
        (0.8200000, -1.1400000, 0.0429371),
        (0.8200000, -1.1000000, 0.0429503),
        (0.8200000, -1.0600000, 0.0429635),
        (0.8200000, -1.0200000, 0.0429767),
        (0.8200000, -0.9800000, 0.0429899),
        (0.8200000, -0.9400000, 0.0430031),
        (0.8200000, -0.9000000, 0.0430163),
        (0.8200000, -0.8600000, 0.0430295),
        (0.8200000, -0.8200000, 0.0430427),
        (0.8200000, -0.7800000, 0.0430559),
        (0.8200000, -0.7400000, 0.0430691),
        (0.8200000, -0.7000000, 0.0430823),
        (0.8200000, -0.6600000, 0.0430955),
        (0.8200000, -0.6200000, 0.0431087),
        (0.8200000, -0.5800000, 0.0431219),
        (0.8200000, -0.5400000, 0.0431351),
        (0.8200000, -0.5000000, 0.0431483),
        (0.8200000, -0.4600000, 0.0431615),
        (0.8200000, -0.4200000, 0.0431747),
        (0.8200000, -0.3800000, 0.0431879),
        (0.8200000, -0.3400000, 0.0432011),
        (0.8200000, -0.3000000, 0.0432143),
        (0.8200000, -0.2600000, 0.0432275),
        (0.8200000, -0.2200000, 0.0432407),
        (0.8200000, -0.1800000, 0.0432539),
        (0.8200000, -0.1400000, 0.0432671),
        (0.8200000, -0.1000000, 0.0432803),
        (0.8200000, -0.0600000, 0.0432935),
        (0.8200000, -0.0200000, 0.0433067),
        (0.8200000, 0.0200000, 0.0433199),
        (0.8200000, 0.0600000, 0.0433331),
        (0.8200000, 0.1000000, 0.0433463),
        (0.8200000, 0.1400000, 0.0433595),
        (0.8200000, 0.1800000, 0.0433727),
        (0.8200000, 0.2200000, 0.0433859),
        (0.8200000, 0.2600000, 0.0433991),
        (0.8200000, 0.3000000, 0.0434123),
        (0.8200000, 0.3400000, 0.0434255),
        (0.8200000, 0.3800000, 0.0434387),
        (0.8200000, 0.4200000, 0.0434519),
        (0.8200000, 0.4600000, 0.0434651),
        (0.8200000, 0.5000000, 0.0434783),
        (0.8200000, 0.5400000, 0.0434915),
        (0.8200000, 0.5800000, 0.0435047),
        (0.8200000, 0.6200000, 0.0435179),
        (0.8200000, 0.6600000, 0.0435311),
        (0.8200000, 0.7000000, 0.0435443),
        (0.8200000, 0.7400000, 0.0435575),
        (0.8200000, 0.7800000, 0.0435707),
        (0.8200000, 0.8200000, 0.0435839),
        (0.8200000, 0.8600000, 0.0435971),
        (0.8200000, 0.9000000, 0.0436103),
        (0.8200000, 0.9400000, 0.0436235),
        (0.8200000, 0.9800000, 0.0436367),
        (0.8200000, 1.0200000, 0.0436499),
        (0.8200000, 1.0600000, 0.0436631),
        (0.8200000, 1.1000000, 0.0436763),
        (0.8200000, 1.1400000, 0.0436895),
        (0.8200000, 1.1800000, 0.0437027),
        (0.8200000, 1.2200000, 0.0437159),
        (0.8200000, 1.2600000, 0.0437291),
        (0.8200000, 1.3000000, 0.0437423),
        (0.8200000, 1.3400000, 0.0437555),
        (0.8200000, 1.3800000, 0.0437687),
        (0.8200000, 1.4200000, 0.0437819),
        (0.8200000, 1.4600000, 0.0437951),
        (0.8200000, 1.5000000, 0.0438083),
        (0.8600000, -1.5000000, 0.0439969),
        (0.8600000, -1.4600000, 0.0440101),
        (0.8600000, -1.4200000, 0.0440233),
        (0.8600000, -1.3800000, 0.0440365),
        (0.8600000, -1.3400000, 0.0440497),
        (0.8600000, -1.3000000, 0.0440629),
        (0.8600000, -1.2600000, 0.0440761),
        (0.8600000, -1.2200000, 0.0440893),
        (0.8600000, -1.1800000, 0.0441025),
        (0.8600000, -1.1400000, 0.0441157),
        (0.8600000, -1.1000000, 0.0441289),
        (0.8600000, -1.0600000, 0.0441421),
        (0.8600000, -1.0200000, 0.0441553),
        (0.8600000, -0.9800000, 0.0441685),
        (0.8600000, -0.9400000, 0.0441817),
        (0.8600000, -0.9000000, 0.0441949),
        (0.8600000, -0.8600000, 0.0442081),
        (0.8600000, -0.8200000, 0.0442213),
        (0.8600000, -0.7800000, 0.0442345),
        (0.8600000, -0.7400000, 0.0442477),
        (0.8600000, -0.7000000, 0.0442609),
        (0.8600000, -0.6600000, 0.0442741),
        (0.8600000, -0.6200000, 0.0442873),
        (0.8600000, -0.5800000, 0.0443005),
        (0.8600000, -0.5400000, 0.0443137),
        (0.8600000, -0.5000000, 0.0443269),
        (0.8600000, -0.4600000, 0.0443401),
        (0.8600000, -0.4200000, 0.0443533),
        (0.8600000, -0.3800000, 0.0443665),
        (0.8600000, -0.3400000, 0.0443797),
        (0.8600000, -0.3000000, 0.0443929),
        (0.8600000, -0.2600000, 0.0444061),
        (0.8600000, -0.2200000, 0.0444193),
        (0.8600000, -0.1800000, 0.0444325),
        (0.8600000, -0.1400000, 0.0444457),
        (0.8600000, -0.1000000, 0.0444589),
        (0.8600000, -0.0600000, 0.0444721),
        (0.8600000, -0.0200000, 0.0444853),
        (0.8600000, 0.0200000, 0.0444985),
        (0.8600000, 0.0600000, 0.0445117),
        (0.8600000, 0.1000000, 0.0445249),
        (0.8600000, 0.1400000, 0.0445381),
        (0.8600000, 0.1800000, 0.0445513),
        (0.8600000, 0.2200000, 0.0445645),
        (0.8600000, 0.2600000, 0.0445777),
        (0.8600000, 0.3000000, 0.0445909),
        (0.8600000, 0.3400000, 0.0446041),
        (0.8600000, 0.3800000, 0.0446173),
        (0.8600000, 0.4200000, 0.0446305),
        (0.8600000, 0.4600000, 0.0446437),
        (0.8600000, 0.5000000, 0.0446569),
        (0.8600000, 0.5400000, 0.0446701),
        (0.8600000, 0.5800000, 0.0446833),
        (0.8600000, 0.6200000, 0.0446965),
        (0.8600000, 0.6600000, 0.0447097),
        (0.8600000, 0.7000000, 0.0447229),
        (0.8600000, 0.7400000, 0.0447361),
        (0.8600000, 0.7800000, 0.0447493),
        (0.8600000, 0.8200000, 0.0447625),
        (0.8600000, 0.8600000, 0.0447757),
        (0.8600000, 0.9000000, 0.0447889),
        (0.8600000, 0.9400000, 0.0448021),
        (0.8600000, 0.9800000, 0.0448153),
        (0.8600000, 1.0200000, 0.0448285),
        (0.8600000, 1.0600000, 0.0448417),
        (0.8600000, 1.1000000, 0.0448549),
        (0.8600000, 1.1400000, 0.0448681),
        (0.8600000, 1.1800000, 0.0448813),
        (0.8600000, 1.2200000, 0.0448945),
        (0.8600000, 1.2600000, 0.0449077),
        (0.8600000, 1.3000000, 0.0449209),
        (0.8600000, 1.3400000, 0.0449341),
        (0.8600000, 1.3800000, 0.0449473),
        (0.8600000, 1.4200000, 0.0449605),
        (0.8600000, 1.4600000, 0.0449737),
        (0.8600000, 1.5000000, 0.0449869),
        (0.9000000, -1.5000000, 0.0451755),
        (0.9000000, -1.4600000, 0.0451887),
        (0.9000000, -1.4200000, 0.0452019),
        (0.9000000, -1.3800000, 0.0452151),
        (0.9000000, -1.3400000, 0.0452283),
        (0.9000000, -1.3000000, 0.0452415),
        (0.9000000, -1.2600000, 0.0452547),
        (0.9000000, -1.2200000, 0.0452679),
        (0.9000000, -1.1800000, 0.0452811),
        (0.9000000, -1.1400000, 0.0452943),
        (0.9000000, -1.1000000, 0.0453075),
        (0.9000000, -1.0600000, 0.0453207),
        (0.9000000, -1.0200000, 0.0453339),
        (0.9000000, -0.9800000, 0.0453471),
        (0.9000000, -0.9400000, 0.0453603),
        (0.9000000, -0.9000000, 0.0453735),
        (0.9000000, -0.8600000, 0.0453867),
        (0.9000000, -0.8200000, 0.0453999),
        (0.9000000, -0.7800000, 0.0454131),
        (0.9000000, -0.7400000, 0.0454263),
        (0.9000000, -0.7000000, 0.0454395),
        (0.9000000, -0.6600000, 0.0454527),
        (0.9000000, -0.6200000, 0.0454659),
        (0.9000000, -0.5800000, 0.0454791),
        (0.9000000, -0.5400000, 0.0454923),
        (0.9000000, -0.5000000, 0.0455055),
        (0.9000000, -0.4600000, 0.0455187),
        (0.9000000, -0.4200000, 0.0455319),
        (0.9000000, -0.3800000, 0.0455451),
        (0.9000000, -0.3400000, 0.0455583),
        (0.9000000, -0.3000000, 0.0455715),
        (0.9000000, -0.2600000, 0.0455847),
        (0.9000000, -0.2200000, 0.0455979),
        (0.9000000, -0.1800000, 0.0456111),
        (0.9000000, -0.1400000, 0.0456243),
        (0.9000000, -0.1000000, 0.0456375),
        (0.9000000, -0.0600000, 0.0456507),
        (0.9000000, -0.0200000, 0.0456639),
        (0.9000000, 0.0200000, 0.0456771),
        (0.9000000, 0.0600000, 0.0456903),
        (0.9000000, 0.1000000, 0.0457035),
        (0.9000000, 0.1400000, 0.0457167),
        (0.9000000, 0.1800000, 0.0457299),
        (0.9000000, 0.2200000, 0.0457431),
        (0.9000000, 0.2600000, 0.0457563),
        (0.9000000, 0.3000000, 0.0457695),
        (0.9000000, 0.3400000, 0.0457827),
        (0.9000000, 0.3800000, 0.0457959),
        (0.9000000, 0.4200000, 0.0458091),
        (0.9000000, 0.4600000, 0.0458223),
        (0.9000000, 0.5000000, 0.0458355),
        (0.9000000, 0.5400000, 0.0458487),
        (0.9000000, 0.5800000, 0.0458619),
        (0.9000000, 0.6200000, 0.0458751),
        (0.9000000, 0.6600000, 0.0458883),
        (0.9000000, 0.7000000, 0.0459015),
        (0.9000000, 0.7400000, 0.0459147),
        (0.9000000, 0.7800000, 0.0459279),
        (0.9000000, 0.8200000, 0.0459411),
        (0.9000000, 0.8600000, 0.0459543),
        (0.9000000, 0.9000000, 0.0459675),
        (0.9000000, 0.9400000, 0.0459807),
        (0.9000000, 0.9800000, 0.0459939),
        (0.9000000, 1.0200000, 0.0460071),
        (0.9000000, 1.0600000, 0.0460203),
        (0.9000000, 1.1000000, 0.0460335),
        (0.9000000, 1.1400000, 0.0460467),
        (0.9000000, 1.1800000, 0.0460599),
        (0.9000000, 1.2200000, 0.0460731),
        (0.9000000, 1.2600000, 0.0460863),
        (0.9000000, 1.3000000, 0.0460995),
        (0.9000000, 1.3400000, 0.0461127),
        (0.9000000, 1.3800000, 0.0461259),
        (0.9000000, 1.4200000, 0.0461391),
        (0.9000000, 1.4600000, 0.0461523),
        (0.9000000, 1.5000000, 0.0461655),
        (0.9400000, -1.5000000, 0.0463541),
        (0.9400000, -1.4600000, 0.0463673),
        (0.9400000, -1.4200000, 0.0463805),
        (0.9400000, -1.3800000, 0.0463937),
        (0.9400000, -1.3400000, 0.0464069),
        (0.9400000, -1.3000000, 0.0464201),
        (0.9400000, -1.2600000, 0.0464333),
        (0.9400000, -1.2200000, 0.0464465),
        (0.9400000, -1.1800000, 0.0464597),
        (0.9400000, -1.1400000, 0.0464729),
        (0.9400000, -1.1000000, 0.0464861),
        (0.9400000, -1.0600000, 0.0464993),
        (0.9400000, -1.0200000, 0.0465125),
        (0.9400000, -0.9800000, 0.0465257),
        (0.9400000, -0.9400000, 0.0465389),
        (0.9400000, -0.9000000, 0.0465521),
        (0.9400000, -0.8600000, 0.0465653),
        (0.9400000, -0.8200000, 0.0465785),
        (0.9400000, -0.7800000, 0.0465917),
        (0.9400000, -0.7400000, 0.0466049),
        (0.9400000, -0.7000000, 0.0466181),
        (0.9400000, -0.6600000, 0.0466313),
        (0.9400000, -0.6200000, 0.0466445),
        (0.9400000, -0.5800000, 0.0466577),
        (0.9400000, -0.5400000, 0.0466709),
        (0.9400000, -0.5000000, 0.0466841),
        (0.9400000, -0.4600000, 0.0466973),
        (0.9400000, -0.4200000, 0.0467105),
        (0.9400000, -0.3800000, 0.0467237),
        (0.9400000, -0.3400000, 0.0467369),
        (0.9400000, -0.3000000, 0.0467501),
        (0.9400000, -0.2600000, 0.0467633),
        (0.9400000, -0.2200000, 0.0467765),
        (0.9400000, -0.1800000, 0.0467897),
        (0.9400000, -0.1400000, 0.0468029),
        (0.9400000, -0.1000000, 0.0468161),
        (0.9400000, -0.0600000, 0.0468293),
        (0.9400000, -0.0200000, 0.0468425),
        (0.9400000, 0.0200000, 0.0468557),
        (0.9400000, 0.0600000, 0.0468689),
        (0.9400000, 0.1000000, 0.0468821),
        (0.9400000, 0.1400000, 0.0468953),
        (0.9400000, 0.1800000, 0.0469085),
        (0.9400000, 0.2200000, 0.0469217),
        (0.9400000, 0.2600000, 0.0469349),
        (0.9400000, 0.3000000, 0.0469481),
        (0.9400000, 0.3400000, 0.0469613),
        (0.9400000, 0.3800000, 0.0469745),
        (0.9400000, 0.4200000, 0.0469877),
        (0.9400000, 0.4600000, 0.0470009),
        (0.9400000, 0.5000000, 0.0470141),
        (0.9400000, 0.5400000, 0.0470273),
        (0.9400000, 0.5800000, 0.0470405),
        (0.9400000, 0.6200000, 0.0470537),
        (0.9400000, 0.6600000, 0.0470669),
        (0.9400000, 0.7000000, 0.0470801),
        (0.9400000, 0.7400000, 0.0470933),
        (0.9400000, 0.7800000, 0.0471065),
        (0.9400000, 0.8200000, 0.0471197),
        (0.9400000, 0.8600000, 0.0471329),
        (0.9400000, 0.9000000, 0.0471461),
        (0.9400000, 0.9400000, 0.0471593),
        (0.9400000, 0.9800000, 0.0471725),
        (0.9400000, 1.0200000, 0.0471857),
        (0.9400000, 1.0600000, 0.0471989),
        (0.9400000, 1.1000000, 0.0472121),
        (0.9400000, 1.1400000, 0.0472253),
        (0.9400000, 1.1800000, 0.0472385),
        (0.9400000, 1.2200000, 0.0472517),
        (0.9400000, 1.2600000, 0.0472649),
        (0.9400000, 1.3000000, 0.0472781),
        (0.9400000, 1.3400000, 0.0472913),
        (0.9400000, 1.3800000, 0.0473045),
        (0.9400000, 1.4200000, 0.0473177),
        (0.9400000, 1.4600000, 0.0473309),
        (0.9400000, 1.5000000, 0.0473441),
        (0.9800000, -1.5000000, 0.0475327),
        (0.9800000, -1.4600000, 0.0475459),
        (0.9800000, -1.4200000, 0.0475591),
        (0.9800000, -1.3800000, 0.0475723),
        (0.9800000, -1.3400000, 0.0475855),
        (0.9800000, -1.3000000, 0.0475987),
        (0.9800000, -1.2600000, 0.0476119),
        (0.9800000, -1.2200000, 0.0476251),
        (0.9800000, -1.1800000, 0.0476383),
        (0.9800000, -1.1400000, 0.0476515),
        (0.9800000, -1.1000000, 0.0476647),
        (0.9800000, -1.0600000, 0.0476779),
        (0.9800000, -1.0200000, 0.0476911),
        (0.9800000, -0.9800000, 0.0477043),
        (0.9800000, -0.9400000, 0.0477175),
        (0.9800000, -0.9000000, 0.0477307),
        (0.9800000, -0.8600000, 0.0477439),
        (0.9800000, -0.8200000, 0.0477571),
        (0.9800000, -0.7800000, 0.0477703),
        (0.9800000, -0.7400000, 0.0477835),
        (0.9800000, -0.7000000, 0.0477967),
        (0.9800000, -0.6600000, 0.0478099),
        (0.9800000, -0.6200000, 0.0478231),
        (0.9800000, -0.5800000, 0.0478363),
        (0.9800000, -0.5400000, 0.0478495),
        (0.9800000, -0.5000000, 0.0478627),
        (0.9800000, -0.4600000, 0.0478759),
        (0.9800000, -0.4200000, 0.0478891),
        (0.9800000, -0.3800000, 0.0479023),
        (0.9800000, -0.3400000, 0.0479155),
        (0.9800000, -0.3000000, 0.0479287),
        (0.9800000, -0.2600000, 0.0479419),
        (0.9800000, -0.2200000, 0.0479551),
        (0.9800000, -0.1800000, 0.0479683),
        (0.9800000, -0.1400000, 0.0479815),
        (0.9800000, -0.1000000, 0.0479947),
        (0.9800000, -0.0600000, 0.0480079),
        (0.9800000, -0.0200000, 0.0480211),
        (0.9800000, 0.0200000, 0.0480343),
        (0.9800000, 0.0600000, 0.0480475),
        (0.9800000, 0.1000000, 0.0480607),
        (0.9800000, 0.1400000, 0.0480739),
        (0.9800000, 0.1800000, 0.0480871),
        (0.9800000, 0.2200000, 0.0481003),
        (0.9800000, 0.2600000, 0.0481135),
        (0.9800000, 0.3000000, 0.0481267),
        (0.9800000, 0.3400000, 0.0481399),
        (0.9800000, 0.3800000, 0.0481531),
        (0.9800000, 0.4200000, 0.0481663),
        (0.9800000, 0.4600000, 0.0481795),
        (0.9800000, 0.5000000, 0.0481927),
        (0.9800000, 0.5400000, 0.0482059),
        (0.9800000, 0.5800000, 0.0482191),
        (0.9800000, 0.6200000, 0.0482323),
        (0.9800000, 0.6600000, 0.0482455),
        (0.9800000, 0.7000000, 0.0482587),
        (0.9800000, 0.7400000, 0.0482719),
        (0.9800000, 0.7800000, 0.0482851),
        (0.9800000, 0.8200000, 0.0482983),
        (0.9800000, 0.8600000, 0.0483115),
        (0.9800000, 0.9000000, 0.0483247),
        (0.9800000, 0.9400000, 0.0483379),
        (0.9800000, 0.9800000, 0.0483511),
        (0.9800000, 1.0200000, 0.0483643),
        (0.9800000, 1.0600000, 0.0483775),
        (0.9800000, 1.1000000, 0.0483907),
        (0.9800000, 1.1400000, 0.0484039),
        (0.9800000, 1.1800000, 0.0484171),
        (0.9800000, 1.2200000, 0.0484303),
        (0.9800000, 1.2600000, 0.0484435),
        (0.9800000, 1.3000000, 0.0484567),
        (0.9800000, 1.3400000, 0.0484699),
        (0.9800000, 1.3800000, 0.0484831),
        (0.9800000, 1.4200000, 0.0484963),
        (0.9800000, 1.4600000, 0.0485095),
        (0.9800000, 1.5000000, 0.0485227),
        (1.0200000, -1.5000000, 0.0487113),
        (1.0200000, -1.4600000, 0.0487245),
        (1.0200000, -1.4200000, 0.0487377),
        (1.0200000, -1.3800000, 0.0487509),
        (1.0200000, -1.3400000, 0.0487641),
        (1.0200000, -1.3000000, 0.0487773),
        (1.0200000, -1.2600000, 0.0487905),
        (1.0200000, -1.2200000, 0.0488037),
        (1.0200000, -1.1800000, 0.0488169),
        (1.0200000, -1.1400000, 0.0488301),
        (1.0200000, -1.1000000, 0.0488433),
        (1.0200000, -1.0600000, 0.0488565),
        (1.0200000, -1.0200000, 0.0488697),
        (1.0200000, -0.9800000, 0.0488829),
        (1.0200000, -0.9400000, 0.0488961),
        (1.0200000, -0.9000000, 0.0489093),
        (1.0200000, -0.8600000, 0.0489225),
        (1.0200000, -0.8200000, 0.0489357),
        (1.0200000, -0.7800000, 0.0489489),
        (1.0200000, -0.7400000, 0.0489621),
        (1.0200000, -0.7000000, 0.0489753),
        (1.0200000, -0.6600000, 0.0489885),
        (1.0200000, -0.6200000, 0.0490017),
        (1.0200000, -0.5800000, 0.0490149),
        (1.0200000, -0.5400000, 0.0490281),
        (1.0200000, -0.5000000, 0.0490413),
        (1.0200000, -0.4600000, 0.0490545),
        (1.0200000, -0.4200000, 0.0490677),
        (1.0200000, -0.3800000, 0.0490809),
        (1.0200000, -0.3400000, 0.0490941),
        (1.0200000, -0.3000000, 0.0491073),
        (1.0200000, -0.2600000, 0.0491205),
        (1.0200000, -0.2200000, 0.0491337),
        (1.0200000, -0.1800000, 0.0491469),
        (1.0200000, -0.1400000, 0.0491601),
        (1.0200000, -0.1000000, 0.0491733),
        (1.0200000, -0.0600000, 0.0491865),
        (1.0200000, -0.0200000, 0.0491997),
        (1.0200000, 0.0200000, 0.0492129),
        (1.0200000, 0.0600000, 0.0492261),
        (1.0200000, 0.1000000, 0.0492393),
        (1.0200000, 0.1400000, 0.0492525),
        (1.0200000, 0.1800000, 0.0492657),
        (1.0200000, 0.2200000, 0.0492789),
        (1.0200000, 0.2600000, 0.0492921),
        (1.0200000, 0.3000000, 0.0493053),
        (1.0200000, 0.3400000, 0.0493185),
        (1.0200000, 0.3800000, 0.0493317),
        (1.0200000, 0.4200000, 0.0493449),
        (1.0200000, 0.4600000, 0.0493581),
        (1.0200000, 0.5000000, 0.0493713),
        (1.0200000, 0.5400000, 0.0493845),
        (1.0200000, 0.5800000, 0.0493977),
        (1.0200000, 0.6200000, 0.0494109),
        (1.0200000, 0.6600000, 0.0494241),
        (1.0200000, 0.7000000, 0.0494373),
        (1.0200000, 0.7400000, 0.0494505),
        (1.0200000, 0.7800000, 0.0494637),
        (1.0200000, 0.8200000, 0.0494769),
        (1.0200000, 0.8600000, 0.0494901),
        (1.0200000, 0.9000000, 0.0495033),
        (1.0200000, 0.9400000, 0.0495165),
        (1.0200000, 0.9800000, 0.0495297),
        (1.0200000, 1.0200000, 0.0495429),
        (1.0200000, 1.0600000, 0.0495561),
        (1.0200000, 1.1000000, 0.0495693),
        (1.0200000, 1.1400000, 0.0495825),
        (1.0200000, 1.1800000, 0.0495957),
        (1.0200000, 1.2200000, 0.0496089),
        (1.0200000, 1.2600000, 0.0496221),
        (1.0200000, 1.3000000, 0.0496353),
        (1.0200000, 1.3400000, 0.0496485),
        (1.0200000, 1.3800000, 0.0496617),
        (1.0200000, 1.4200000, 0.0496749),
        (1.0200000, 1.4600000, 0.0496881),
        (1.0200000, 1.5000000, 0.0497013),
        (1.0600000, -1.5000000, 0.0498899),
        (1.0600000, -1.4600000, 0.0499031),
        (1.0600000, -1.4200000, 0.0499163),
        (1.0600000, -1.3800000, 0.0499295),
        (1.0600000, -1.3400000, 0.0499427),
        (1.0600000, -1.3000000, 0.0499559),
        (1.0600000, -1.2600000, 0.0499691),
        (1.0600000, -1.2200000, 0.0499823),
        (1.0600000, -1.1800000, 0.0499955),
        (1.0600000, -1.1400000, 0.0500087),
        (1.0600000, -1.1000000, 0.0500219),
        (1.0600000, -1.0600000, 0.0500351),
        (1.0600000, -1.0200000, 0.0500483),
        (1.0600000, -0.9800000, 0.0500615),
        (1.0600000, -0.9400000, 0.0500747),
        (1.0600000, -0.9000000, 0.0500879),
        (1.0600000, -0.8600000, 0.0501011),
        (1.0600000, -0.8200000, 0.0501143),
        (1.0600000, -0.7800000, 0.0501275),
        (1.0600000, -0.7400000, 0.0501407),
        (1.0600000, -0.7000000, 0.0501539),
        (1.0600000, -0.6600000, 0.0501671),
        (1.0600000, -0.6200000, 0.0501803),
        (1.0600000, -0.5800000, 0.0501935),
        (1.0600000, -0.5400000, 0.0502067),
        (1.0600000, -0.5000000, 0.0502199),
        (1.0600000, -0.4600000, 0.0502331),
        (1.0600000, -0.4200000, 0.0502463),
        (1.0600000, -0.3800000, 0.0502595),
        (1.0600000, -0.3400000, 0.0502727),
        (1.0600000, -0.3000000, 0.0502859),
        (1.0600000, -0.2600000, 0.0502991),
        (1.0600000, -0.2200000, 0.0503123),
        (1.0600000, -0.1800000, 0.0503255),
        (1.0600000, -0.1400000, 0.0503387),
        (1.0600000, -0.1000000, 0.0503519),
        (1.0600000, -0.0600000, 0.0503651),
        (1.0600000, -0.0200000, 0.0503783),
        (1.0600000, 0.0200000, 0.0503915),
        (1.0600000, 0.0600000, 0.0504047),
        (1.0600000, 0.1000000, 0.0504179),
        (1.0600000, 0.1400000, 0.0504311),
        (1.0600000, 0.1800000, 0.0504443),
        (1.0600000, 0.2200000, 0.0504575),
        (1.0600000, 0.2600000, 0.0504707),
        (1.0600000, 0.3000000, 0.0504839),
        (1.0600000, 0.3400000, 0.0504971),
        (1.0600000, 0.3800000, 0.0505103),
        (1.0600000, 0.4200000, 0.0505235),
        (1.0600000, 0.4600000, 0.0505367),
        (1.0600000, 0.5000000, 0.0505499),
        (1.0600000, 0.5400000, 0.0505631),
        (1.0600000, 0.5800000, 0.0505763),
        (1.0600000, 0.6200000, 0.0505895),
        (1.0600000, 0.6600000, 0.0506027),
        (1.0600000, 0.7000000, 0.0506159),
        (1.0600000, 0.7400000, 0.0506291),
        (1.0600000, 0.7800000, 0.0506423),
        (1.0600000, 0.8200000, 0.0506555),
        (1.0600000, 0.8600000, 0.0506687),
        (1.0600000, 0.9000000, 0.0506819),
        (1.0600000, 0.9400000, 0.0506951),
        (1.0600000, 0.9800000, 0.0507083),
        (1.0600000, 1.0200000, 0.0507215),
        (1.0600000, 1.0600000, 0.0507347),
        (1.0600000, 1.1000000, 0.0507479),
        (1.0600000, 1.1400000, 0.0507611),
        (1.0600000, 1.1800000, 0.0507743),
        (1.0600000, 1.2200000, 0.0507875),
        (1.0600000, 1.2600000, 0.0508007),
        (1.0600000, 1.3000000, 0.0508139),
        (1.0600000, 1.3400000, 0.0508271),
        (1.0600000, 1.3800000, 0.0508403),
        (1.0600000, 1.4200000, 0.0508535),
        (1.0600000, 1.4600000, 0.0508667),
        (1.0600000, 1.5000000, 0.0508799),
        (1.1000000, -1.5000000, 0.0510685),
        (1.1000000, -1.4600000, 0.0510817),
        (1.1000000, -1.4200000, 0.0510949),
        (1.1000000, -1.3800000, 0.0511081),
        (1.1000000, -1.3400000, 0.0511213),
        (1.1000000, -1.3000000, 0.0511345),
        (1.1000000, -1.2600000, 0.0511477),
        (1.1000000, -1.2200000, 0.0511609),
        (1.1000000, -1.1800000, 0.0511741),
        (1.1000000, -1.1400000, 0.0511873),
        (1.1000000, -1.1000000, 0.0512005),
        (1.1000000, -1.0600000, 0.0512137),
        (1.1000000, -1.0200000, 0.0512269),
        (1.1000000, -0.9800000, 0.0512401),
        (1.1000000, -0.9400000, 0.0512533),
        (1.1000000, -0.9000000, 0.0512665),
        (1.1000000, -0.8600000, 0.0512797),
        (1.1000000, -0.8200000, 0.0512929),
        (1.1000000, -0.7800000, 0.0513061),
        (1.1000000, -0.7400000, 0.0513193),
        (1.1000000, -0.7000000, 0.0513325),
        (1.1000000, -0.6600000, 0.0513457),
        (1.1000000, -0.6200000, 0.0513589),
        (1.1000000, -0.5800000, 0.0513721),
        (1.1000000, -0.5400000, 0.0513853),
        (1.1000000, -0.5000000, 0.0513985),
        (1.1000000, -0.4600000, 0.0514117),
        (1.1000000, -0.4200000, 0.0514249),
        (1.1000000, -0.3800000, 0.0514381),
        (1.1000000, -0.3400000, 0.0514513),
        (1.1000000, -0.3000000, 0.0514645),
        (1.1000000, -0.2600000, 0.0514777),
        (1.1000000, -0.2200000, 0.0514909),
        (1.1000000, -0.1800000, 0.0515041),
        (1.1000000, -0.1400000, 0.0515173),
        (1.1000000, -0.1000000, 0.0515305),
        (1.1000000, -0.0600000, 0.0515437),
        (1.1000000, -0.0200000, 0.0515569),
        (1.1000000, 0.0200000, 0.0515701),
        (1.1000000, 0.0600000, 0.0515833),
        (1.1000000, 0.1000000, 0.0515965),
        (1.1000000, 0.1400000, 0.0516097),
        (1.1000000, 0.1800000, 0.0516229),
        (1.1000000, 0.2200000, 0.0516361),
        (1.1000000, 0.2600000, 0.0516493),
        (1.1000000, 0.3000000, 0.0516625),
        (1.1000000, 0.3400000, 0.0516757),
        (1.1000000, 0.3800000, 0.0516889),
        (1.1000000, 0.4200000, 0.0517021),
        (1.1000000, 0.4600000, 0.0517153),
        (1.1000000, 0.5000000, 0.0517285),
        (1.1000000, 0.5400000, 0.0517417),
        (1.1000000, 0.5800000, 0.0517549),
        (1.1000000, 0.6200000, 0.0517681),
        (1.1000000, 0.6600000, 0.0517813),
        (1.1000000, 0.7000000, 0.0517945),
        (1.1000000, 0.7400000, 0.0518077),
        (1.1000000, 0.7800000, 0.0518209),
        (1.1000000, 0.8200000, 0.0518341),
        (1.1000000, 0.8600000, 0.0518473),
        (1.1000000, 0.9000000, 0.0518605),
        (1.1000000, 0.9400000, 0.0518737),
        (1.1000000, 0.9800000, 0.0518869),
        (1.1000000, 1.0200000, 0.0519001),
        (1.1000000, 1.0600000, 0.0519133),
        (1.1000000, 1.1000000, 0.0519265),
        (1.1000000, 1.1400000, 0.0519397),
        (1.1000000, 1.1800000, 0.0519529),
        (1.1000000, 1.2200000, 0.0519661),
        (1.1000000, 1.2600000, 0.0519793),
        (1.1000000, 1.3000000, 0.0519925),
        (1.1000000, 1.3400000, 0.0520057),
        (1.1000000, 1.3800000, 0.0520189),
        (1.1000000, 1.4200000, 0.0520321),
        (1.1000000, 1.4600000, 0.0520453),
        (1.1000000, 1.5000000, 0.0520585),
        (1.1400000, -1.5000000, 0.0522471),
        (1.1400000, -1.4600000, 0.0522603),
        (1.1400000, -1.4200000, 0.0522735),
        (1.1400000, -1.3800000, 0.0522867),
        (1.1400000, -1.3400000, 0.0522999),
        (1.1400000, -1.3000000, 0.0523131),
        (1.1400000, -1.2600000, 0.0523263),
        (1.1400000, -1.2200000, 0.0523395),
        (1.1400000, -1.1800000, 0.0523527),
        (1.1400000, -1.1400000, 0.0523659),
        (1.1400000, -1.1000000, 0.0523791),
        (1.1400000, -1.0600000, 0.0523923),
        (1.1400000, -1.0200000, 0.0524055),
        (1.1400000, -0.9800000, 0.0524187),
        (1.1400000, -0.9400000, 0.0524319),
        (1.1400000, -0.9000000, 0.0524451),
        (1.1400000, -0.8600000, 0.0524583),
        (1.1400000, -0.8200000, 0.0524715),
        (1.1400000, -0.7800000, 0.0524847),
        (1.1400000, -0.7400000, 0.0524979),
        (1.1400000, -0.7000000, 0.0525111),
        (1.1400000, -0.6600000, 0.0525243),
        (1.1400000, -0.6200000, 0.0525375),
        (1.1400000, -0.5800000, 0.0525507),
        (1.1400000, -0.5400000, 0.0525639),
        (1.1400000, -0.5000000, 0.0525771),
        (1.1400000, -0.4600000, 0.0525903),
        (1.1400000, -0.4200000, 0.0526035),
        (1.1400000, -0.3800000, 0.0526167),
        (1.1400000, -0.3400000, 0.0526299),
        (1.1400000, -0.3000000, 0.0526431),
        (1.1400000, -0.2600000, 0.0526563),
        (1.1400000, -0.2200000, 0.0526695),
        (1.1400000, -0.1800000, 0.0526827),
        (1.1400000, -0.1400000, 0.0526959),
        (1.1400000, -0.1000000, 0.0527091),
        (1.1400000, -0.0600000, 0.0527223),
        (1.1400000, -0.0200000, 0.0527355),
        (1.1400000, 0.0200000, 0.0527487),
        (1.1400000, 0.0600000, 0.0527619),
        (1.1400000, 0.1000000, 0.0527751),
        (1.1400000, 0.1400000, 0.0527883),
        (1.1400000, 0.1800000, 0.0528015),
        (1.1400000, 0.2200000, 0.0528147),
        (1.1400000, 0.2600000, 0.0528279),
        (1.1400000, 0.3000000, 0.0528411),
        (1.1400000, 0.3400000, 0.0528543),
        (1.1400000, 0.3800000, 0.0528675),
        (1.1400000, 0.4200000, 0.0528807),
        (1.1400000, 0.4600000, 0.0528939),
        (1.1400000, 0.5000000, 0.0529071),
        (1.1400000, 0.5400000, 0.0529203),
        (1.1400000, 0.5800000, 0.0529335),
        (1.1400000, 0.6200000, 0.0529467),
        (1.1400000, 0.6600000, 0.0529599),
        (1.1400000, 0.7000000, 0.0529731),
        (1.1400000, 0.7400000, 0.0529863),
        (1.1400000, 0.7800000, 0.0529995),
        (1.1400000, 0.8200000, 0.0530127),
        (1.1400000, 0.8600000, 0.0530259),
        (1.1400000, 0.9000000, 0.0530391),
        (1.1400000, 0.9400000, 0.0530523),
        (1.1400000, 0.9800000, 0.0530655),
        (1.1400000, 1.0200000, 0.0530787),
        (1.1400000, 1.0600000, 0.0530919),
        (1.1400000, 1.1000000, 0.0531051),
        (1.1400000, 1.1400000, 0.0531183),
        (1.1400000, 1.1800000, 0.0531315),
        (1.1400000, 1.2200000, 0.0531447),
        (1.1400000, 1.2600000, 0.0531579),
        (1.1400000, 1.3000000, 0.0531711),
        (1.1400000, 1.3400000, 0.0531843),
        (1.1400000, 1.3800000, 0.0531975),
        (1.1400000, 1.4200000, 0.0532107),
        (1.1400000, 1.4600000, 0.0532239),
        (1.1400000, 1.5000000, 0.0532371),
        (1.1800000, -1.5000000, 0.0534257),
        (1.1800000, -1.4600000, 0.0534389),
        (1.1800000, -1.4200000, 0.0534521),
        (1.1800000, -1.3800000, 0.0534653),
        (1.1800000, -1.3400000, 0.0534785),
        (1.1800000, -1.3000000, 0.0534917),
        (1.1800000, -1.2600000, 0.0535049),
        (1.1800000, -1.2200000, 0.0535181),
        (1.1800000, -1.1800000, 0.0535313),
        (1.1800000, -1.1400000, 0.0535445),
        (1.1800000, -1.1000000, 0.0535577),
        (1.1800000, -1.0600000, 0.0535709),
        (1.1800000, -1.0200000, 0.0535841),
        (1.1800000, -0.9800000, 0.0535973),
        (1.1800000, -0.9400000, 0.0536105),
        (1.1800000, -0.9000000, 0.0536237),
        (1.1800000, -0.8600000, 0.0536369),
        (1.1800000, -0.8200000, 0.0536501),
        (1.1800000, -0.7800000, 0.0536633),
        (1.1800000, -0.7400000, 0.0536765),
        (1.1800000, -0.7000000, 0.0536897),
        (1.1800000, -0.6600000, 0.0537029),
        (1.1800000, -0.6200000, 0.0537161),
        (1.1800000, -0.5800000, 0.0537293),
        (1.1800000, -0.5400000, 0.0537425),
        (1.1800000, -0.5000000, 0.0537557),
        (1.1800000, -0.4600000, 0.0537689),
        (1.1800000, -0.4200000, 0.0537821),
        (1.1800000, -0.3800000, 0.0537953),
        (1.1800000, -0.3400000, 0.0538085),
        (1.1800000, -0.3000000, 0.0538217),
        (1.1800000, -0.2600000, 0.0538349),
        (1.1800000, -0.2200000, 0.0538481),
        (1.1800000, -0.1800000, 0.0538613),
        (1.1800000, -0.1400000, 0.0538745),
        (1.1800000, -0.1000000, 0.0538877),
        (1.1800000, -0.0600000, 0.0539009),
        (1.1800000, -0.0200000, 0.0539141),
        (1.1800000, 0.0200000, 0.0539273),
        (1.1800000, 0.0600000, 0.0539405),
        (1.1800000, 0.1000000, 0.0539537),
        (1.1800000, 0.1400000, 0.0539669),
        (1.1800000, 0.1800000, 0.0539801),
        (1.1800000, 0.2200000, 0.0539933),
        (1.1800000, 0.2600000, 0.0540065),
        (1.1800000, 0.3000000, 0.0540197),
        (1.1800000, 0.3400000, 0.0540329),
        (1.1800000, 0.3800000, 0.0540461),
        (1.1800000, 0.4200000, 0.0540593),
        (1.1800000, 0.4600000, 0.0540725),
        (1.1800000, 0.5000000, 0.0540857),
        (1.1800000, 0.5400000, 0.0540989),
        (1.1800000, 0.5800000, 0.0541121),
        (1.1800000, 0.6200000, 0.0541253),
        (1.1800000, 0.6600000, 0.0541385),
        (1.1800000, 0.7000000, 0.0541517),
        (1.1800000, 0.7400000, 0.0541649),
        (1.1800000, 0.7800000, 0.0541781),
        (1.1800000, 0.8200000, 0.0541913),
        (1.1800000, 0.8600000, 0.0542045),
        (1.1800000, 0.9000000, 0.0542177),
        (1.1800000, 0.9400000, 0.0542309),
        (1.1800000, 0.9800000, 0.0542441),
        (1.1800000, 1.0200000, 0.0542573),
        (1.1800000, 1.0600000, 0.0542705),
        (1.1800000, 1.1000000, 0.0542837),
        (1.1800000, 1.1400000, 0.0542969),
        (1.1800000, 1.1800000, 0.0543101),
        (1.1800000, 1.2200000, 0.0543233),
        (1.1800000, 1.2600000, 0.0543365),
        (1.1800000, 1.3000000, 0.0543497),
        (1.1800000, 1.3400000, 0.0543629),
        (1.1800000, 1.3800000, 0.0543761),
        (1.1800000, 1.4200000, 0.0543893),
        (1.1800000, 1.4600000, 0.0544025),
        (1.1800000, 1.5000000, 0.0544157),
        (1.2200000, -1.5000000, 0.0546043),
        (1.2200000, -1.4600000, 0.0546175),
        (1.2200000, -1.4200000, 0.0546307),
        (1.2200000, -1.3800000, 0.0546439),
        (1.2200000, -1.3400000, 0.0546571),
        (1.2200000, -1.3000000, 0.0546703),
        (1.2200000, -1.2600000, 0.0546835),
        (1.2200000, -1.2200000, 0.0546967),
        (1.2200000, -1.1800000, 0.0547099),
        (1.2200000, -1.1400000, 0.0547231),
        (1.2200000, -1.1000000, 0.0547363),
        (1.2200000, -1.0600000, 0.0547495),
        (1.2200000, -1.0200000, 0.0547627),
        (1.2200000, -0.9800000, 0.0547759),
        (1.2200000, -0.9400000, 0.0547891),
        (1.2200000, -0.9000000, 0.0548023),
        (1.2200000, -0.8600000, 0.0548155),
        (1.2200000, -0.8200000, 0.0548287),
        (1.2200000, -0.7800000, 0.0548419),
        (1.2200000, -0.7400000, 0.0548551),
        (1.2200000, -0.7000000, 0.0548683),
        (1.2200000, -0.6600000, 0.0548815),
        (1.2200000, -0.6200000, 0.0548947),
        (1.2200000, -0.5800000, 0.0549079),
        (1.2200000, -0.5400000, 0.0549211),
        (1.2200000, -0.5000000, 0.0549343),
        (1.2200000, -0.4600000, 0.0549475),
        (1.2200000, -0.4200000, 0.0549607),
        (1.2200000, -0.3800000, 0.0549739),
        (1.2200000, -0.3400000, 0.0549871),
        (1.2200000, -0.3000000, 0.0550003),
        (1.2200000, -0.2600000, 0.0550135),
        (1.2200000, -0.2200000, 0.0550267),
        (1.2200000, -0.1800000, 0.0550399),
        (1.2200000, -0.1400000, 0.0550531),
        (1.2200000, -0.1000000, 0.0550663),
        (1.2200000, -0.0600000, 0.0550795),
        (1.2200000, -0.0200000, 0.0550927),
        (1.2200000, 0.0200000, 0.0551059),
        (1.2200000, 0.0600000, 0.0551191),
        (1.2200000, 0.1000000, 0.0551323),
        (1.2200000, 0.1400000, 0.0551455),
        (1.2200000, 0.1800000, 0.0551587),
        (1.2200000, 0.2200000, 0.0551719),
        (1.2200000, 0.2600000, 0.0551851),
        (1.2200000, 0.3000000, 0.0551983),
        (1.2200000, 0.3400000, 0.0552115),
        (1.2200000, 0.3800000, 0.0552247),
        (1.2200000, 0.4200000, 0.0552379),
        (1.2200000, 0.4600000, 0.0552511),
        (1.2200000, 0.5000000, 0.0552643),
        (1.2200000, 0.5400000, 0.0552775),
        (1.2200000, 0.5800000, 0.0552907),
        (1.2200000, 0.6200000, 0.0553039),
        (1.2200000, 0.6600000, 0.0553171),
        (1.2200000, 0.7000000, 0.0553303),
        (1.2200000, 0.7400000, 0.0553435),
        (1.2200000, 0.7800000, 0.0553567),
        (1.2200000, 0.8200000, 0.0553699),
        (1.2200000, 0.8600000, 0.0553831),
        (1.2200000, 0.9000000, 0.0553963),
        (1.2200000, 0.9400000, 0.0554095),
        (1.2200000, 0.9800000, 0.0554227),
        (1.2200000, 1.0200000, 0.0554359),
        (1.2200000, 1.0600000, 0.0554491),
        (1.2200000, 1.1000000, 0.0554623),
        (1.2200000, 1.1400000, 0.0554755),
        (1.2200000, 1.1800000, 0.0554887),
        (1.2200000, 1.2200000, 0.0555019),
        (1.2200000, 1.2600000, 0.0555151),
        (1.2200000, 1.3000000, 0.0555283),
        (1.2200000, 1.3400000, 0.0555415),
        (1.2200000, 1.3800000, 0.0555547),
        (1.2200000, 1.4200000, 0.0555679),
        (1.2200000, 1.4600000, 0.0555811),
        (1.2200000, 1.5000000, 0.0555943),
        (1.2600000, -1.5000000, 0.0557829),
        (1.2600000, -1.4600000, 0.0557961),
        (1.2600000, -1.4200000, 0.0558093),
        (1.2600000, -1.3800000, 0.0558225),
        (1.2600000, -1.3400000, 0.0558357),
        (1.2600000, -1.3000000, 0.0558489),
        (1.2600000, -1.2600000, 0.0558621),
        (1.2600000, -1.2200000, 0.0558753),
        (1.2600000, -1.1800000, 0.0558885),
        (1.2600000, -1.1400000, 0.0559017),
        (1.2600000, -1.1000000, 0.0559149),
        (1.2600000, -1.0600000, 0.0559281),
        (1.2600000, -1.0200000, 0.0559413),
        (1.2600000, -0.9800000, 0.0559545),
        (1.2600000, -0.9400000, 0.0559677),
        (1.2600000, -0.9000000, 0.0559809),
        (1.2600000, -0.8600000, 0.0559941),
        (1.2600000, -0.8200000, 0.0560073),
        (1.2600000, -0.7800000, 0.0560205),
        (1.2600000, -0.7400000, 0.0560337),
        (1.2600000, -0.7000000, 0.0560469),
        (1.2600000, -0.6600000, 0.0560601),
        (1.2600000, -0.6200000, 0.0560733),
        (1.2600000, -0.5800000, 0.0560865),
        (1.2600000, -0.5400000, 0.0560997),
        (1.2600000, -0.5000000, 0.0561129),
        (1.2600000, -0.4600000, 0.0561261),
        (1.2600000, -0.4200000, 0.0561393),
        (1.2600000, -0.3800000, 0.0561525),
        (1.2600000, -0.3400000, 0.0561657),
        (1.2600000, -0.3000000, 0.0561789),
        (1.2600000, -0.2600000, 0.0561921),
        (1.2600000, -0.2200000, 0.0562053),
        (1.2600000, -0.1800000, 0.0562185),
        (1.2600000, -0.1400000, 0.0562317),
        (1.2600000, -0.1000000, 0.0562449),
        (1.2600000, -0.0600000, 0.0562581),
        (1.2600000, -0.0200000, 0.0562713),
        (1.2600000, 0.0200000, 0.0562845),
        (1.2600000, 0.0600000, 0.0562977),
        (1.2600000, 0.1000000, 0.0563109),
        (1.2600000, 0.1400000, 0.0563241),
        (1.2600000, 0.1800000, 0.0563373),
        (1.2600000, 0.2200000, 0.0563505),
        (1.2600000, 0.2600000, 0.0563637),
        (1.2600000, 0.3000000, 0.0563769),
        (1.2600000, 0.3400000, 0.0563901),
        (1.2600000, 0.3800000, 0.0564033),
        (1.2600000, 0.4200000, 0.0564165),
        (1.2600000, 0.4600000, 0.0564297),
        (1.2600000, 0.5000000, 0.0564429),
        (1.2600000, 0.5400000, 0.0564561),
        (1.2600000, 0.5800000, 0.0564693),
        (1.2600000, 0.6200000, 0.0564825),
        (1.2600000, 0.6600000, 0.0564957),
        (1.2600000, 0.7000000, 0.0565089),
        (1.2600000, 0.7400000, 0.0565221),
        (1.2600000, 0.7800000, 0.0565352),
        (1.2600000, 0.8200000, 0.0565484),
        (1.2600000, 0.8600000, 0.0565616),
        (1.2600000, 0.9000000, 0.0565748),
        (1.2600000, 0.9400000, 0.0565880),
        (1.2600000, 0.9800000, 0.0566012),
        (1.2600000, 1.0200000, 0.0566144),
        (1.2600000, 1.0600000, 0.0566276),
        (1.2600000, 1.1000000, 0.0566408),
        (1.2600000, 1.1400000, 0.0566540),
        (1.2600000, 1.1800000, 0.0566672),
        (1.2600000, 1.2200000, 0.0566804),
        (1.2600000, 1.2600000, 0.0566936),
        (1.2600000, 1.3000000, 0.0567068),
        (1.2600000, 1.3400000, 0.0567200),
        (1.2600000, 1.3800000, 0.0567332),
        (1.2600000, 1.4200000, 0.0567464),
        (1.2600000, 1.4600000, 0.0567596),
        (1.2600000, 1.5000000, 0.0567728),
        (1.3000000, -1.5000000, 0.0569615),
        (1.3000000, -1.4600000, 0.0569747),
        (1.3000000, -1.4200000, 0.0569879),
        (1.3000000, -1.3800000, 0.0570011),
        (1.3000000, -1.3400000, 0.0570143),
        (1.3000000, -1.3000000, 0.0570275),
        (1.3000000, -1.2600000, 0.0570407),
        (1.3000000, -1.2200000, 0.0570539),
        (1.3000000, -1.1800000, 0.0570671),
        (1.3000000, -1.1400000, 0.0570803),
        (1.3000000, -1.1000000, 0.0570935),
        (1.3000000, -1.0600000, 0.0571067),
        (1.3000000, -1.0200000, 0.0571199),
        (1.3000000, -0.9800000, 0.0571331),
        (1.3000000, -0.9400000, 0.0571463),
        (1.3000000, -0.9000000, 0.0571595),
        (1.3000000, -0.8600000, 0.0571727),
        (1.3000000, -0.8200000, 0.0571859),
        (1.3000000, -0.7800000, 0.0571991),
        (1.3000000, -0.7400000, 0.0572123),
        (1.3000000, -0.7000000, 0.0572255),
        (1.3000000, -0.6600000, 0.0572387),
        (1.3000000, -0.6200000, 0.0572519),
        (1.3000000, -0.5800000, 0.0572651),
        (1.3000000, -0.5400000, 0.0572783),
        (1.3000000, -0.5000000, 0.0572915),
        (1.3000000, -0.4600000, 0.0573047),
        (1.3000000, -0.4200000, 0.0573179),
        (1.3000000, -0.3800000, 0.0573311),
        (1.3000000, -0.3400000, 0.0573443),
        (1.3000000, -0.3000000, 0.0573575),
        (1.3000000, -0.2600000, 0.0573707),
        (1.3000000, -0.2200000, 0.0573839),
        (1.3000000, -0.1800000, 0.0573971),
        (1.3000000, -0.1400000, 0.0574103),
        (1.3000000, -0.1000000, 0.0574235),
        (1.3000000, -0.0600000, 0.0574367),
        (1.3000000, -0.0200000, 0.0574499),
        (1.3000000, 0.0200000, 0.0574630),
        (1.3000000, 0.0600000, 0.0574762),
        (1.3000000, 0.1000000, 0.0574894),
        (1.3000000, 0.1400000, 0.0575026),
        (1.3000000, 0.1800000, 0.0575158),
        (1.3000000, 0.2200000, 0.0575290),
        (1.3000000, 0.2600000, 0.0575422),
        (1.3000000, 0.3000000, 0.0575554),
        (1.3000000, 0.3400000, 0.0575686),
        (1.3000000, 0.3800000, 0.0575818),
        (1.3000000, 0.4200000, 0.0575950),
        (1.3000000, 0.4600000, 0.0576082),
        (1.3000000, 0.5000000, 0.0576214),
        (1.3000000, 0.5400000, 0.0576346),
        (1.3000000, 0.5800000, 0.0576478),
        (1.3000000, 0.6200000, 0.0576610),
        (1.3000000, 0.6600000, 0.0576742),
        (1.3000000, 0.7000000, 0.0576874),
        (1.3000000, 0.7400000, 0.0577006),
        (1.3000000, 0.7800000, 0.0577138),
        (1.3000000, 0.8200000, 0.0577270),
        (1.3000000, 0.8600000, 0.0577402),
        (1.3000000, 0.9000000, 0.0577534),
        (1.3000000, 0.9400000, 0.0577666),
        (1.3000000, 0.9800000, 0.0577798),
        (1.3000000, 1.0200000, 0.0577930),
        (1.3000000, 1.0600000, 0.0578062),
        (1.3000000, 1.1000000, 0.0578194),
        (1.3000000, 1.1400000, 0.0578326),
        (1.3000000, 1.1800000, 0.0578458),
        (1.3000000, 1.2200000, 0.0578590),
        (1.3000000, 1.2600000, 0.0578722),
        (1.3000000, 1.3000000, 0.0578854),
        (1.3000000, 1.3400000, 0.0578986),
        (1.3000000, 1.3800000, 0.0579118),
        (1.3000000, 1.4200000, 0.0579250),
        (1.3000000, 1.4600000, 0.0579382),
        (1.3000000, 1.5000000, 0.0579514),
        (1.3400000, -1.5000000, 0.0581401),
        (1.3400000, -1.4600000, 0.0581533),
        (1.3400000, -1.4200000, 0.0581665),
        (1.3400000, -1.3800000, 0.0581797),
        (1.3400000, -1.3400000, 0.0581929),
        (1.3400000, -1.3000000, 0.0582061),
        (1.3400000, -1.2600000, 0.0582193),
        (1.3400000, -1.2200000, 0.0582325),
        (1.3400000, -1.1800000, 0.0582457),
        (1.3400000, -1.1400000, 0.0582589),
        (1.3400000, -1.1000000, 0.0582721),
        (1.3400000, -1.0600000, 0.0582853),
        (1.3400000, -1.0200000, 0.0582985),
        (1.3400000, -0.9800000, 0.0583117),
        (1.3400000, -0.9400000, 0.0583249),
        (1.3400000, -0.9000000, 0.0583381),
        (1.3400000, -0.8600000, 0.0583513),
        (1.3400000, -0.8200000, 0.0583645),
        (1.3400000, -0.7800000, 0.0583777),
        (1.3400000, -0.7400000, 0.0583908),
        (1.3400000, -0.7000000, 0.0584040),
        (1.3400000, -0.6600000, 0.0584172),
        (1.3400000, -0.6200000, 0.0584304),
        (1.3400000, -0.5800000, 0.0584436),
        (1.3400000, -0.5400000, 0.0584568),
        (1.3400000, -0.5000000, 0.0584700),
        (1.3400000, -0.4600000, 0.0584832),
        (1.3400000, -0.4200000, 0.0584964),
        (1.3400000, -0.3800000, 0.0585096),
        (1.3400000, -0.3400000, 0.0585228),
        (1.3400000, -0.3000000, 0.0585360),
        (1.3400000, -0.2600000, 0.0585492),
        (1.3400000, -0.2200000, 0.0585624),
        (1.3400000, -0.1800000, 0.0585756),
        (1.3400000, -0.1400000, 0.0585888),
        (1.3400000, -0.1000000, 0.0586020),
        (1.3400000, -0.0600000, 0.0586152),
        (1.3400000, -0.0200000, 0.0586284),
        (1.3400000, 0.0200000, 0.0586416),
        (1.3400000, 0.0600000, 0.0586548),
        (1.3400000, 0.1000000, 0.0586680),
        (1.3400000, 0.1400000, 0.0586812),
        (1.3400000, 0.1800000, 0.0586944),
        (1.3400000, 0.2200000, 0.0587076),
        (1.3400000, 0.2600000, 0.0587208),
        (1.3400000, 0.3000000, 0.0587340),
        (1.3400000, 0.3400000, 0.0587472),
        (1.3400000, 0.3800000, 0.0587604),
        (1.3400000, 0.4200000, 0.0587736),
        (1.3400000, 0.4600000, 0.0587868),
        (1.3400000, 0.5000000, 0.0588000),
        (1.3400000, 0.5400000, 0.0588132),
        (1.3400000, 0.5800000, 0.0588264),
        (1.3400000, 0.6200000, 0.0588396),
        (1.3400000, 0.6600000, 0.0588528),
        (1.3400000, 0.7000000, 0.0588660),
        (1.3400000, 0.7400000, 0.0588792),
        (1.3400000, 0.7800000, 0.0588924),
        (1.3400000, 0.8200000, 0.0589056),
        (1.3400000, 0.8600000, 0.0589188),
        (1.3400000, 0.9000000, 0.0589320),
        (1.3400000, 0.9400000, 0.0589452),
        (1.3400000, 0.9800000, 0.0589584),
        (1.3400000, 1.0200000, 0.0589716),
        (1.3400000, 1.0600000, 0.0589848),
        (1.3400000, 1.1000000, 0.0589980),
        (1.3400000, 1.1400000, 0.0590112),
        (1.3400000, 1.1800000, 0.0590244),
        (1.3400000, 1.2200000, 0.0590376),
        (1.3400000, 1.2600000, 0.0590508),
        (1.3400000, 1.3000000, 0.0590640),
        (1.3400000, 1.3400000, 0.0590772),
        (1.3400000, 1.3800000, 0.0590904),
        (1.3400000, 1.4200000, 0.0591036),
        (1.3400000, 1.4600000, 0.0591168),
        (1.3400000, 1.5000000, 0.0591300),
        (1.3800000, -1.5000000, 0.0593186),
        (1.3800000, -1.4600000, 0.0593318),
        (1.3800000, -1.4200000, 0.0593450),
        (1.3800000, -1.3800000, 0.0593582),
        (1.3800000, -1.3400000, 0.0593714),
        (1.3800000, -1.3000000, 0.0593846),
        (1.3800000, -1.2600000, 0.0593978),
        (1.3800000, -1.2200000, 0.0594110),
        (1.3800000, -1.1800000, 0.0594242),
        (1.3800000, -1.1400000, 0.0594374),
        (1.3800000, -1.1000000, 0.0594506),
        (1.3800000, -1.0600000, 0.0594638),
        (1.3800000, -1.0200000, 0.0594770),
        (1.3800000, -0.9800000, 0.0594902),
        (1.3800000, -0.9400000, 0.0595034),
        (1.3800000, -0.9000000, 0.0595166),
        (1.3800000, -0.8600000, 0.0595298),
        (1.3800000, -0.8200000, 0.0595430),
        (1.3800000, -0.7800000, 0.0595562),
        (1.3800000, -0.7400000, 0.0595694),
        (1.3800000, -0.7000000, 0.0595826),
        (1.3800000, -0.6600000, 0.0595958),
        (1.3800000, -0.6200000, 0.0596090),
        (1.3800000, -0.5800000, 0.0596222),
        (1.3800000, -0.5400000, 0.0596354),
        (1.3800000, -0.5000000, 0.0596486),
        (1.3800000, -0.4600000, 0.0596618),
        (1.3800000, -0.4200000, 0.0596750),
        (1.3800000, -0.3800000, 0.0596882),
        (1.3800000, -0.3400000, 0.0597014),
        (1.3800000, -0.3000000, 0.0597146),
        (1.3800000, -0.2600000, 0.0597278),
        (1.3800000, -0.2200000, 0.0597410),
        (1.3800000, -0.1800000, 0.0597542),
        (1.3800000, -0.1400000, 0.0597674),
        (1.3800000, -0.1000000, 0.0597806),
        (1.3800000, -0.0600000, 0.0597938),
        (1.3800000, -0.0200000, 0.0598070),
        (1.3800000, 0.0200000, 0.0598202),
        (1.3800000, 0.0600000, 0.0598334),
        (1.3800000, 0.1000000, 0.0598466),
        (1.3800000, 0.1400000, 0.0598598),
        (1.3800000, 0.1800000, 0.0598730),
        (1.3800000, 0.2200000, 0.0598862),
        (1.3800000, 0.2600000, 0.0598994),
        (1.3800000, 0.3000000, 0.0599126),
        (1.3800000, 0.3400000, 0.0599258),
        (1.3800000, 0.3800000, 0.0599390),
        (1.3800000, 0.4200000, 0.0599522),
        (1.3800000, 0.4600000, 0.0599654),
        (1.3800000, 0.5000000, 0.0599786),
        (1.3800000, 0.5400000, 0.0599918),
        (1.3800000, 0.5800000, 0.0600050),
        (1.3800000, 0.6200000, 0.0600182),
        (1.3800000, 0.6600000, 0.0600314),
        (1.3800000, 0.7000000, 0.0600446),
        (1.3800000, 0.7400000, 0.0600578),
        (1.3800000, 0.7800000, 0.0600710),
        (1.3800000, 0.8200000, 0.0600842),
        (1.3800000, 0.8600000, 0.0600974),
        (1.3800000, 0.9000000, 0.0601106),
        (1.3800000, 0.9400000, 0.0601238),
        (1.3800000, 0.9800000, 0.0601370),
        (1.3800000, 1.0200000, 0.0601502),
        (1.3800000, 1.0600000, 0.0601634),
        (1.3800000, 1.1000000, 0.0601766),
        (1.3800000, 1.1400000, 0.0601898),
        (1.3800000, 1.1800000, 0.0602030),
        (1.3800000, 1.2200000, 0.0602162),
        (1.3800000, 1.2600000, 0.0602294),
        (1.3800000, 1.3000000, 0.0602426),
        (1.3800000, 1.3400000, 0.0602558),
        (1.3800000, 1.3800000, 0.0602690),
        (1.3800000, 1.4200000, 0.0602822),
        (1.3800000, 1.4600000, 0.0602954),
        (1.3800000, 1.5000000, 0.0603086),
        (1.4200000, -1.5000000, 0.0604972),
        (1.4200000, -1.4600000, 0.0605104),
        (1.4200000, -1.4200000, 0.0605236),
        (1.4200000, -1.3800000, 0.0605368),
        (1.4200000, -1.3400000, 0.0605500),
        (1.4200000, -1.3000000, 0.0605632),
        (1.4200000, -1.2600000, 0.0605764),
        (1.4200000, -1.2200000, 0.0605896),
        (1.4200000, -1.1800000, 0.0606028),
        (1.4200000, -1.1400000, 0.0606160),
        (1.4200000, -1.1000000, 0.0606292),
        (1.4200000, -1.0600000, 0.0606424),
        (1.4200000, -1.0200000, 0.0606556),
        (1.4200000, -0.9800000, 0.0606688),
        (1.4200000, -0.9400000, 0.0606820),
        (1.4200000, -0.9000000, 0.0606952),
        (1.4200000, -0.8600000, 0.0607084),
        (1.4200000, -0.8200000, 0.0607216),
        (1.4200000, -0.7800000, 0.0607348),
        (1.4200000, -0.7400000, 0.0607480),
        (1.4200000, -0.7000000, 0.0607612),
        (1.4200000, -0.6600000, 0.0607744),
        (1.4200000, -0.6200000, 0.0607876),
        (1.4200000, -0.5800000, 0.0608008),
        (1.4200000, -0.5400000, 0.0608140),
        (1.4200000, -0.5000000, 0.0608272),
        (1.4200000, -0.4600000, 0.0608404),
        (1.4200000, -0.4200000, 0.0608536),
        (1.4200000, -0.3800000, 0.0608668),
        (1.4200000, -0.3400000, 0.0608800),
        (1.4200000, -0.3000000, 0.0608932),
        (1.4200000, -0.2600000, 0.0609064),
        (1.4200000, -0.2200000, 0.0609196),
        (1.4200000, -0.1800000, 0.0609328),
        (1.4200000, -0.1400000, 0.0609460),
        (1.4200000, -0.1000000, 0.0609592),
        (1.4200000, -0.0600000, 0.0609724),
        (1.4200000, -0.0200000, 0.0609856),
        (1.4200000, 0.0200000, 0.0609988),
        (1.4200000, 0.0600000, 0.0610120),
        (1.4200000, 0.1000000, 0.0610252),
        (1.4200000, 0.1400000, 0.0610384),
        (1.4200000, 0.1800000, 0.0610516),
        (1.4200000, 0.2200000, 0.0610648),
        (1.4200000, 0.2600000, 0.0610780),
        (1.4200000, 0.3000000, 0.0610912),
        (1.4200000, 0.3400000, 0.0611044),
        (1.4200000, 0.3800000, 0.0611176),
        (1.4200000, 0.4200000, 0.0611308),
        (1.4200000, 0.4600000, 0.0611440),
        (1.4200000, 0.5000000, 0.0611572),
        (1.4200000, 0.5400000, 0.0611704),
        (1.4200000, 0.5800000, 0.0611836),
        (1.4200000, 0.6200000, 0.0611968),
        (1.4200000, 0.6600000, 0.0612100),
        (1.4200000, 0.7000000, 0.0612232),
        (1.4200000, 0.7400000, 0.0612364),
        (1.4200000, 0.7800000, 0.0612496),
        (1.4200000, 0.8200000, 0.0612628),
        (1.4200000, 0.8600000, 0.0612760),
        (1.4200000, 0.9000000, 0.0612892),
        (1.4200000, 0.9400000, 0.0613024),
        (1.4200000, 0.9800000, 0.0613156),
        (1.4200000, 1.0200000, 0.0613288),
        (1.4200000, 1.0600000, 0.0613420),
        (1.4200000, 1.1000000, 0.0613552),
        (1.4200000, 1.1400000, 0.0613684),
        (1.4200000, 1.1800000, 0.0613816),
        (1.4200000, 1.2200000, 0.0613948),
        (1.4200000, 1.2600000, 0.0614080),
        (1.4200000, 1.3000000, 0.0614212),
        (1.4200000, 1.3400000, 0.0614344),
        (1.4200000, 1.3800000, 0.0614476),
        (1.4200000, 1.4200000, 0.0614608),
        (1.4200000, 1.4600000, 0.0614740),
        (1.4200000, 1.5000000, 0.0614872),
        (1.4600000, -1.5000000, 0.0616758),
        (1.4600000, -1.4600000, 0.0616890),
        (1.4600000, -1.4200000, 0.0617022),
        (1.4600000, -1.3800000, 0.0617154),
        (1.4600000, -1.3400000, 0.0617286),
        (1.4600000, -1.3000000, 0.0617418),
        (1.4600000, -1.2600000, 0.0617550),
        (1.4600000, -1.2200000, 0.0617682),
        (1.4600000, -1.1800000, 0.0617814),
        (1.4600000, -1.1400000, 0.0617946),
        (1.4600000, -1.1000000, 0.0618078),
        (1.4600000, -1.0600000, 0.0618210),
        (1.4600000, -1.0200000, 0.0618342),
        (1.4600000, -0.9800000, 0.0618474),
        (1.4600000, -0.9400000, 0.0618606),
        (1.4600000, -0.9000000, 0.0618738),
        (1.4600000, -0.8600000, 0.0618870),
        (1.4600000, -0.8200000, 0.0619002),
        (1.4600000, -0.7800000, 0.0619134),
        (1.4600000, -0.7400000, 0.0619266),
        (1.4600000, -0.7000000, 0.0619398),
        (1.4600000, -0.6600000, 0.0619530),
        (1.4600000, -0.6200000, 0.0619662),
        (1.4600000, -0.5800000, 0.0619794),
        (1.4600000, -0.5400000, 0.0619926),
        (1.4600000, -0.5000000, 0.0620058),
        (1.4600000, -0.4600000, 0.0620190),
        (1.4600000, -0.4200000, 0.0620322),
        (1.4600000, -0.3800000, 0.0620454),
        (1.4600000, -0.3400000, 0.0620586),
        (1.4600000, -0.3000000, 0.0620718),
        (1.4600000, -0.2600000, 0.0620850),
        (1.4600000, -0.2200000, 0.0620982),
        (1.4600000, -0.1800000, 0.0621114),
        (1.4600000, -0.1400000, 0.0621246),
        (1.4600000, -0.1000000, 0.0621378),
        (1.4600000, -0.0600000, 0.0621510),
        (1.4600000, -0.0200000, 0.0621642),
        (1.4600000, 0.0200000, 0.0621774),
        (1.4600000, 0.0600000, 0.0621906),
        (1.4600000, 0.1000000, 0.0622038),
        (1.4600000, 0.1400000, 0.0622170),
        (1.4600000, 0.1800000, 0.0622302),
        (1.4600000, 0.2200000, 0.0622434),
        (1.4600000, 0.2600000, 0.0622566),
        (1.4600000, 0.3000000, 0.0622698),
        (1.4600000, 0.3400000, 0.0622830),
        (1.4600000, 0.3800000, 0.0622962),
        (1.4600000, 0.4200000, 0.0623094),
        (1.4600000, 0.4600000, 0.0623226),
        (1.4600000, 0.5000000, 0.0623358),
        (1.4600000, 0.5400000, 0.0623490),
        (1.4600000, 0.5800000, 0.0623622),
        (1.4600000, 0.6200000, 0.0623754),
        (1.4600000, 0.6600000, 0.0623886),
        (1.4600000, 0.7000000, 0.0624018),
        (1.4600000, 0.7400000, 0.0624150),
        (1.4600000, 0.7800000, 0.0624282),
        (1.4600000, 0.8200000, 0.0624414),
        (1.4600000, 0.8600000, 0.0624546),
        (1.4600000, 0.9000000, 0.0624678),
        (1.4600000, 0.9400000, 0.0624810),
        (1.4600000, 0.9800000, 0.0624942),
        (1.4600000, 1.0200000, 0.0625074),
        (1.4600000, 1.0600000, 0.0625206),
        (1.4600000, 1.1000000, 0.0625338),
        (1.4600000, 1.1400000, 0.0625470),
        (1.4600000, 1.1800000, 0.0625602),
        (1.4600000, 1.2200000, 0.0625734),
        (1.4600000, 1.2600000, 0.0625866),
        (1.4600000, 1.3000000, 0.0625998),
        (1.4600000, 1.3400000, 0.0626130),
        (1.4600000, 1.3800000, 0.0626262),
        (1.4600000, 1.4200000, 0.0626394),
        (1.4600000, 1.4600000, 0.0626526),
        (1.4600000, 1.5000000, 0.0626658),
        (1.5000000, -1.5000000, 0.0628544),
        (1.5000000, -1.4600000, 0.0628676),
        (1.5000000, -1.4200000, 0.0628808),
        (1.5000000, -1.3800000, 0.0628940),
        (1.5000000, -1.3400000, 0.0629072),
        (1.5000000, -1.3000000, 0.0629204),
        (1.5000000, -1.2600000, 0.0629336),
        (1.5000000, -1.2200000, 0.0629468),
        (1.5000000, -1.1800000, 0.0629600),
        (1.5000000, -1.1400000, 0.0629732),
        (1.5000000, -1.1000000, 0.0629864),
        (1.5000000, -1.0600000, 0.0629996),
        (1.5000000, -1.0200000, 0.0630128),
        (1.5000000, -0.9800000, 0.0630260),
        (1.5000000, -0.9400000, 0.0630392),
        (1.5000000, -0.9000000, 0.0630524),
        (1.5000000, -0.8600000, 0.0630656),
        (1.5000000, -0.8200000, 0.0630788),
        (1.5000000, -0.7800000, 0.0630920),
        (1.5000000, -0.7400000, 0.0631052),
        (1.5000000, -0.7000000, 0.0631184),
        (1.5000000, -0.6600000, 0.0631316),
        (1.5000000, -0.6200000, 0.0631448),
        (1.5000000, -0.5800000, 0.0631580),
        (1.5000000, -0.5400000, 0.0631712),
        (1.5000000, -0.5000000, 0.0631844),
        (1.5000000, -0.4600000, 0.0631976),
        (1.5000000, -0.4200000, 0.0632108),
        (1.5000000, -0.3800000, 0.0632240),
        (1.5000000, -0.3400000, 0.0632372),
        (1.5000000, -0.3000000, 0.0632504),
        (1.5000000, -0.2600000, 0.0632636),
        (1.5000000, -0.2200000, 0.0632768),
        (1.5000000, -0.1800000, 0.0632900),
        (1.5000000, -0.1400000, 0.0633032),
        (1.5000000, -0.1000000, 0.0633164),
        (1.5000000, -0.0600000, 0.0633296),
        (1.5000000, -0.0200000, 0.0633428),
        (1.5000000, 0.0200000, 0.0633560),
        (1.5000000, 0.0600000, 0.0633692),
        (1.5000000, 0.1000000, 0.0633824),
        (1.5000000, 0.1400000, 0.0633956),
        (1.5000000, 0.1800000, 0.0634088),
        (1.5000000, 0.2200000, 0.0634220),
        (1.5000000, 0.2600000, 0.0634352),
        (1.5000000, 0.3000000, 0.0634484),
        (1.5000000, 0.3400000, 0.0634616),
        (1.5000000, 0.3800000, 0.0634748),
        (1.5000000, 0.4200000, 0.0634880),
        (1.5000000, 0.4600000, 0.0635012),
        (1.5000000, 0.5000000, 0.0635144),
        (1.5000000, 0.5400000, 0.0635276),
        (1.5000000, 0.5800000, 0.0635408),
        (1.5000000, 0.6200000, 0.0635540),
        (1.5000000, 0.6600000, 0.0635672),
        (1.5000000, 0.7000000, 0.0635804),
        (1.5000000, 0.7400000, 0.0635936),
        (1.5000000, 0.7800000, 0.0636068),
        (1.5000000, 0.8200000, 0.0636200),
        (1.5000000, 0.8600000, 0.0636332),
        (1.5000000, 0.9000000, 0.0636464),
        (1.5000000, 0.9400000, 0.0636596),
        (1.5000000, 0.9800000, 0.0636728),
        (1.5000000, 1.0200000, 0.0636860),
        (1.5000000, 1.0600000, 0.0636992),
        (1.5000000, 1.1000000, 0.0637124),
        (1.5000000, 1.1400000, 0.0637256),
        (1.5000000, 1.1800000, 0.0637388),
        (1.5000000, 1.2200000, 0.0637520),
        (1.5000000, 1.2600000, 0.0637652),
        (1.5000000, 1.3000000, 0.0637784),
        (1.5000000, 1.3400000, 0.0637916),
        (1.5000000, 1.3800000, 0.0638048),
        (1.5000000, 1.4200000, 0.0638180),
        (1.5000000, 1.4600000, 0.0638312),
        (1.5000000, 1.5000000, 0.0638444)
    ]
    int[] faceVertexCounts = [3, 3, 3, 3, 3, 3, 3, 3, 3, 3, 3, 3, 3, 3, 3, 3, 3, 3, 3, 3, 3, 3, 3, 3, 3, 3, 3, 3, 3, 3, 3, 3, 3, 3, 3, 3, 3, 3, 3, 3, 3, 3, 3, 3, 3, 3, 3, 3, 3, 3, 3, 3, 3, 3, 3, 3, 3, 3, 3, 3, 3, 3, 3, 3, 3, 3, 3, 3, 3, 3, 3, 3, 3, 3, 3, 3, 3, 3, 3, 3, 3, 3, 3, 3, 3, 3, 3, 3, 3, 3, 3, 3, 3, 3, 3, 3, 3, 3, 3, 3, 3, 3, 3, 3, 3, 3, 3, 3, 3, 3, 3, 3, 3, 3, 3, 3, 3, 3, 3, 3, 3, 3, 3, 3, 3, 3, 3, 3, 3, 3, 3, 3, 3, 3, 3, 3, 3, 3, 3, 3, 3, 3, 3, 3, 3, 3, 3, 3, 3, 3, 3, 3, 3, 3, 3, 3, 3, 3, 3, 3, 3, 3, 3, 3, 3, 3, 3, 3, 3, 3, 3, 3, 3, 3, 3, 3, 3, 3, 3, 3, 3, 3, 3, 3, 3, 3, 3, 3, 3, 3, 3, 3, 3, 3, 3, 3, 3, 3, 3, 3, 3, 3, 3, 3, 3, 3, 3, 3, 3, 3, 3, 3, 3, 3, 3, 3, 3, 3, 3, 3, 3, 3, 3, 3, 3, 3, 3, 3, 3, 3, 3, 3, 3, 3, 3, 3, 3, 3, 3, 3, 3, 3, 3, 3, 3, 3, 3, 3, 3, 3, 3, 3, 3, 3, 3, 3, 3, 3, 3, 3, 3, 3, 3, 3, 3, 3, 3, 3, 3, 3, 3, 3, 3, 3, 3, 3, 3, 3, 3, 3, 3, 3, 3, 3, 3, 3, 3, 3, 3, 3, 3, 3, 3, 3, 3, 3, 3, 3, 3, 3, 3, 3, 3, 3, 3, 3, 3, 3, 3, 3, 3, 3, 3, 3, 3, 3, 3, 3, 3, 3, 3, 3, 3, 3, 3, 3, 3, 3, 3, 3, 3, 3, 3, 3, 3, 3, 3, 3, 3, 3, 3, 3, 3, 3, 3, 3, 3, 3, 3, 3, 3, 3, 3, 3, 3, 3, 3, 3, 3, 3, 3, 3, 3, 3, 3, 3, 3, 3, 3, 3, 3, 3, 3, 3, 3, 3, 3, 3, 3, 3, 3, 3, 3, 3, 3, 3, 3, 3, 3, 3, 3, 3, 3, 3, 3, 3, 3, 3, 3, 3, 3, 3, 3, 3, 3, 3, 3, 3, 3, 3, 3, 3, 3, 3, 3, 3, 3, 3, 3, 3, 3, 3, 3, 3, 3, 3, 3, 3, 3, 3, 3, 3, 3, 3, 3, 3, 3, 3, 3, 3, 3, 3, 3, 3, 3, 3, 3, 3, 3, 3, 3, 3, 3, 3, 3, 3, 3, 3, 3, 3, 3, 3, 3, 3, 3, 3, 3, 3, 3, 3, 3, 3, 3, 3, 3, 3, 3, 3, 3, 3, 3, 3, 3, 3, 3, 3, 3, 3, 3, 3, 3, 3, 3, 3, 3, 3, 3, 3, 3, 3, 3, 3, 3, 3, 3, 3, 3, 3, 3, 3, 3, 3, 3, 3, 3, 3, 3, 3, 3, 3, 3, 3, 3, 3, 3, 3, 3, 3, 3, 3, 3, 3, 3, 3, 3, 3, 3, 3, 3, 3, 3, 3, 3, 3, 3, 3, 3, 3, 3, 3, 3, 3, 3, 3, 3, 3, 3, 3, 3, 3, 3, 3, 3, 3, 3, 3, 3, 3, 3, 3, 3, 3, 3, 3, 3, 3, 3, 3, 3, 3, 3, 3, 3, 3, 3, 3, 3, 3, 3, 3, 3, 3, 3, 3, 3, 3, 3, 3, 3, 3, 3, 3, 3, 3, 3, 3, 3, 3, 3, 3, 3, 3, 3, 3, 3, 3, 3, 3, 3, 3, 3, 3, 3, 3, 3, 3, 3, 3, 3, 3, 3, 3, 3, 3, 3, 3, 3, 3, 3, 3, 3, 3, 3, 3, 3, 3, 3, 3, 3, 3, 3, 3, 3, 3, 3, 3, 3, 3, 3, 3, 3, 3, 3, 3, 3, 3, 3, 3, 3, 3, 3, 3, 3, 3, 3, 3, 3, 3, 3, 3, 3, 3, 3, 3, 3, 3, 3, 3, 3, 3, 3, 3, 3, 3, 3, 3, 3, 3, 3, 3, 3, 3, 3, 3, 3, 3, 3, 3, 3, 3, 3, 3, 3, 3, 3, 3, 3, 3, 3, 3, 3, 3, 3, 3, 3, 3, 3, 3, 3, 3, 3, 3, 3, 3, 3, 3, 3, 3, 3, 3, 3, 3, 3, 3, 3, 3, 3, 3, 3, 3, 3, 3, 3, 3, 3, 3, 3, 3, 3, 3, 3, 3, 3, 3, 3, 3, 3, 3, 3, 3, 3, 3, 3, 3, 3, 3, 3, 3, 3, 3, 3, 3, 3, 3, 3, 3, 3, 3, 3, 3, 3, 3, 3, 3, 3, 3, 3, 3, 3, 3, 3, 3, 3, 3, 3, 3, 3, 3, 3, 3, 3, 3, 3, 3, 3, 3, 3, 3, 3, 3, 3, 3, 3, 3, 3, 3, 3, 3, 3, 3, 3, 3, 3, 3, 3, 3, 3, 3, 3, 3, 3, 3, 3, 3, 3, 3, 3, 3, 3, 3, 3, 3, 3, 3, 3, 3, 3, 3, 3, 3, 3, 3, 3, 3, 3, 3, 3, 3, 3, 3, 3, 3, 3, 3, 3, 3, 3, 3, 3, 3, 3, 3, 3, 3, 3, 3, 3, 3, 3, 3, 3, 3, 3, 3, 3, 3, 3, 3, 3, 3, 3, 3, 3, 3, 3, 3, 3, 3, 3, 3, 3, 3, 3, 3, 3, 3, 3, 3, 3, 3, 3, 3, 3, 3, 3, 3, 3, 3, 3, 3, 3, 3, 3, 3, 3, 3, 3, 3, 3, 3, 3, 3, 3, 3, 3, 3, 3, 3, 3, 3, 3, 3, 3, 3, 3, 3, 3, 3, 3, 3, 3, 3, 3, 3, 3, 3, 3, 3, 3, 3, 3, 3, 3, 3, 3, 3, 3, 3, 3, 3, 3, 3, 3, 3, 3, 3, 3, 3, 3, 3, 3, 3, 3, 3, 3, 3, 3, 3, 3, 3, 3, 3, 3, 3, 3, 3, 3, 3, 3, 3, 3, 3, 3, 3, 3, 3, 3, 3, 3, 3, 3, 3, 3, 3, 3, 3, 3, 3, 3, 3, 3, 3, 3, 3, 3, 3, 3, 3, 3, 3, 3, 3, 3, 3, 3, 3, 3, 3, 3, 3, 3, 3, 3, 3, 3, 3, 3, 3, 3, 3, 3, 3, 3, 3, 3, 3, 3, 3, 3, 3, 3, 3, 3, 3, 3, 3, 3, 3, 3, 3, 3, 3, 3, 3, 3, 3, 3, 3, 3, 3, 3, 3, 3, 3, 3, 3, 3, 3, 3, 3, 3, 3, 3, 3, 3, 3, 3, 3, 3, 3, 3, 3, 3, 3, 3, 3, 3, 3, 3, 3, 3, 3, 3, 3, 3, 3, 3, 3, 3, 3, 3, 3, 3, 3, 3, 3, 3, 3, 3, 3, 3, 3, 3, 3, 3, 3, 3, 3, 3, 3, 3, 3, 3, 3, 3, 3, 3, 3, 3, 3, 3, 3, 3, 3, 3, 3, 3, 3, 3, 3, 3, 3, 3, 3, 3, 3, 3, 3, 3, 3, 3, 3, 3, 3, 3, 3, 3, 3, 3, 3, 3, 3, 3, 3, 3, 3, 3, 3, 3, 3, 3, 3, 3, 3, 3, 3, 3, 3, 3, 3, 3, 3, 3, 3, 3, 3, 3, 3, 3, 3, 3, 3, 3, 3, 3, 3, 3, 3, 3, 3, 3, 3, 3, 3, 3, 3, 3, 3, 3, 3, 3, 3, 3, 3, 3, 3, 3, 3, 3, 3, 3, 3, 3, 3, 3, 3, 3, 3, 3, 3, 3, 3, 3, 3, 3, 3, 3, 3, 3, 3, 3, 3, 3, 3, 3, 3, 3, 3, 3, 3, 3, 3, 3, 3, 3, 3, 3, 3, 3, 3, 3, 3, 3, 3, 3, 3, 3, 3, 3, 3, 3, 3, 3, 3, 3, 3, 3, 3, 3, 3, 3, 3, 3, 3, 3, 3, 3, 3, 3, 3, 3, 3, 3, 3, 3, 3, 3, 3, 3, 3, 3, 3, 3, 3, 3, 3, 3, 3, 3, 3, 3, 3, 3, 3, 3, 3, 3, 3, 3, 3, 3, 3, 3, 3, 3, 3, 3, 3, 3, 3, 3, 3, 3, 3, 3, 3, 3, 3, 3, 3, 3, 3, 3, 3, 3, 3, 3, 3, 3, 3, 3, 3, 3, 3, 3, 3, 3, 3, 3, 3, 3, 3, 3, 3, 3, 3, 3, 3, 3, 3, 3, 3, 3, 3, 3, 3, 3, 3, 3, 3, 3, 3, 3, 3, 3, 3, 3, 3, 3, 3, 3, 3, 3, 3, 3, 3, 3, 3, 3, 3, 3, 3, 3, 3, 3, 3, 3, 3, 3, 3, 3, 3, 3, 3, 3, 3, 3, 3, 3, 3, 3, 3, 3, 3, 3, 3, 3, 3, 3, 3, 3, 3, 3, 3, 3, 3, 3, 3, 3, 3, 3, 3, 3, 3, 3, 3, 3, 3, 3, 3, 3, 3, 3, 3, 3, 3, 3, 3, 3, 3, 3, 3, 3, 3, 3, 3, 3, 3, 3, 3, 3, 3, 3, 3, 3, 3, 3, 3, 3, 3, 3, 3, 3, 3, 3, 3, 3, 3, 3, 3, 3, 3, 3, 3, 3, 3, 3, 3, 3, 3, 3, 3, 3, 3, 3, 3, 3, 3, 3, 3, 3, 3, 3, 3, 3, 3, 3, 3, 3, 3, 3, 3, 3, 3, 3, 3, 3, 3, 3, 3, 3, 3, 3, 3, 3, 3, 3, 3, 3, 3, 3, 3, 3, 3, 3, 3, 3, 3, 3, 3, 3, 3, 3, 3, 3, 3, 3, 3, 3, 3, 3, 3, 3, 3, 3, 3, 3, 3, 3, 3, 3, 3, 3, 3, 3, 3, 3, 3, 3, 3, 3, 3, 3, 3, 3, 3, 3, 3, 3, 3, 3, 3, 3, 3, 3, 3, 3, 3, 3, 3, 3, 3, 3, 3, 3, 3, 3, 3, 3, 3, 3, 3, 3, 3, 3, 3, 3, 3, 3, 3, 3, 3, 3, 3, 3, 3, 3, 3, 3, 3, 3, 3, 3, 3, 3, 3, 3, 3, 3, 3, 3, 3, 3, 3, 3, 3, 3, 3, 3, 3, 3, 3, 3, 3, 3, 3, 3, 3, 3, 3, 3, 3, 3, 3, 3, 3, 3, 3, 3, 3, 3, 3, 3, 3, 3, 3, 3, 3, 3, 3, 3, 3, 3, 3, 3, 3, 3, 3, 3, 3, 3, 3, 3, 3, 3, 3, 3, 3, 3, 3, 3, 3, 3, 3, 3, 3, 3, 3, 3, 3, 3, 3, 3, 3, 3, 3, 3, 3, 3, 3, 3, 3, 3, 3, 3, 3, 3, 3, 3, 3, 3, 3, 3, 3, 3, 3, 3, 3, 3, 3, 3, 3, 3, 3, 3, 3, 3, 3, 3, 3, 3, 3, 3, 3, 3, 3, 3, 3, 3, 3, 3, 3, 3, 3, 3, 3, 3, 3, 3, 3, 3, 3, 3, 3, 3, 3, 3, 3, 3, 3, 3, 3, 3, 3, 3, 3, 3, 3, 3, 3, 3, 3, 3, 3, 3, 3, 3, 3, 3, 3, 3, 3, 3, 3, 3, 3, 3, 3, 3, 3, 3, 3, 3, 3, 3, 3, 3, 3, 3, 3, 3, 3, 3, 3, 3, 3, 3, 3, 3, 3, 3, 3, 3, 3, 3, 3, 3, 3, 3, 3, 3, 3, 3, 3, 3, 3, 3, 3, 3, 3, 3, 3, 3, 3, 3, 3, 3, 3, 3, 3, 3, 3, 3, 3, 3, 3, 3, 3, 3, 3, 3, 3, 3, 3, 3, 3, 3, 3, 3, 3, 3, 3, 3, 3, 3, 3, 3, 3, 3, 3, 3, 3, 3, 3, 3, 3, 3, 3, 3, 3, 3, 3, 3, 3, 3, 3, 3, 3, 3, 3, 3, 3, 3, 3, 3, 3, 3, 3, 3, 3, 3, 3, 3, 3, 3, 3, 3, 3, 3, 3, 3, 3, 3, 3, 3, 3, 3, 3, 3, 3, 3, 3, 3, 3, 3, 3, 3, 3, 3, 3, 3, 3, 3, 3, 3, 3, 3, 3, 3, 3, 3, 3, 3, 3, 3, 3, 3, 3, 3, 3, 3, 3, 3, 3, 3, 3, 3, 3, 3, 3, 3, 3, 3, 3, 3, 3, 3, 3, 3, 3, 3, 3, 3, 3, 3, 3, 3, 3, 3, 3, 3, 3, 3, 3, 3, 3, 3, 3, 3, 3, 3, 3, 3, 3, 3, 3, 3, 3, 3, 3, 3, 3, 3, 3, 3, 3, 3, 3, 3, 3, 3, 3, 3, 3, 3, 3, 3, 3, 3, 3, 3, 3, 3, 3, 3, 3, 3, 3, 3, 3, 3, 3, 3, 3, 3, 3, 3, 3, 3, 3, 3, 3, 3, 3, 3, 3, 3, 3, 3, 3, 3, 3, 3, 3, 3, 3, 3, 3, 3, 3, 3, 3, 3, 3, 3, 3, 3, 3, 3, 3, 3, 3, 3, 3, 3, 3, 3, 3, 3, 3, 3, 3, 3, 3, 3, 3, 3, 3, 3, 3, 3, 3, 3, 3, 3, 3, 3, 3, 3, 3, 3, 3, 3, 3, 3, 3, 3, 3, 3, 3, 3, 3, 3, 3, 3, 3, 3, 3, 3, 3, 3, 3, 3, 3, 3, 3, 3, 3, 3, 3, 3, 3, 3, 3, 3, 3, 3, 3, 3, 3, 3, 3, 3, 3, 3, 3, 3, 3, 3, 3, 3, 3, 3, 3, 3, 3, 3, 3, 3, 3, 3, 3, 3, 3, 3, 3, 3, 3, 3, 3, 3, 3, 3, 3, 3, 3, 3, 3, 3, 3, 3, 3, 3, 3, 3, 3, 3, 3, 3, 3, 3, 3, 3, 3, 3, 3, 3, 3, 3, 3, 3, 3, 3, 3, 3, 3, 3, 3, 3, 3, 3, 3, 3, 3, 3, 3, 3, 3, 3, 3, 3, 3, 3, 3, 3, 3, 3, 3, 3, 3, 3, 3, 3, 3, 3, 3, 3, 3, 3, 3, 3, 3, 3, 3, 3, 3, 3, 3, 3, 3, 3, 3, 3, 3, 3, 3, 3, 3, 3, 3, 3, 3, 3, 3, 3, 3, 3, 3, 3, 3, 3, 3, 3, 3, 3, 3, 3, 3, 3, 3, 3, 3, 3, 3, 3, 3, 3, 3, 3, 3, 3, 3, 3, 3, 3, 3, 3, 3, 3, 3, 3, 3, 3, 3, 3, 3, 3, 3, 3, 3, 3, 3, 3, 3, 3, 3, 3, 3, 3, 3, 3, 3, 3, 3, 3, 3, 3, 3, 3, 3, 3, 3, 3, 3, 3, 3, 3, 3, 3, 3, 3, 3, 3, 3, 3, 3, 3, 3, 3, 3, 3, 3, 3, 3, 3, 3, 3, 3, 3, 3, 3, 3, 3, 3, 3, 3, 3, 3, 3, 3, 3, 3, 3, 3, 3, 3, 3, 3, 3, 3, 3, 3, 3, 3, 3, 3, 3, 3, 3, 3, 3, 3, 3, 3, 3, 3, 3, 3, 3, 3, 3, 3, 3, 3, 3, 3, 3, 3, 3, 3, 3, 3, 3, 3, 3, 3, 3, 3, 3, 3, 3, 3, 3, 3, 3, 3, 3, 3, 3, 3, 3, 3, 3, 3, 3, 3, 3, 3, 3, 3, 3, 3, 3, 3, 3, 3, 3, 3, 3, 3, 3, 3, 3, 3, 3, 3, 3, 3, 3, 3, 3, 3, 3, 3, 3, 3, 3, 3, 3, 3, 3, 3, 3, 3, 3, 3, 3, 3, 3, 3, 3, 3, 3, 3, 3, 3, 3, 3, 3, 3, 3, 3, 3, 3, 3, 3, 3, 3, 3, 3, 3, 3, 3, 3, 3, 3, 3, 3, 3, 3, 3, 3, 3, 3, 3, 3, 3, 3, 3, 3, 3, 3, 3, 3, 3, 3, 3, 3, 3, 3, 3, 3, 3, 3, 3, 3, 3, 3, 3, 3, 3, 3, 3, 3, 3, 3, 3, 3, 3, 3, 3, 3, 3, 3, 3, 3, 3, 3, 3, 3, 3, 3, 3, 3, 3, 3, 3, 3, 3, 3, 3, 3, 3, 3, 3, 3, 3, 3, 3, 3, 3, 3, 3, 3, 3, 3, 3, 3, 3, 3, 3, 3, 3, 3, 3, 3, 3, 3, 3, 3, 3, 3, 3, 3, 3, 3, 3, 3, 3, 3, 3, 3, 3, 3, 3, 3, 3, 3, 3, 3, 3, 3, 3, 3, 3, 3, 3, 3, 3, 3, 3, 3, 3, 3, 3, 3, 3, 3, 3, 3, 3, 3, 3, 3, 3, 3, 3, 3, 3, 3, 3, 3, 3, 3, 3, 3, 3, 3, 3, 3, 3, 3, 3, 3, 3, 3, 3, 3, 3, 3, 3, 3, 3, 3, 3, 3, 3, 3, 3, 3, 3, 3, 3, 3, 3, 3, 3, 3, 3, 3, 3, 3, 3, 3, 3, 3, 3, 3, 3, 3, 3, 3, 3, 3, 3, 3, 3, 3, 3, 3, 3, 3, 3, 3, 3, 3, 3, 3, 3, 3, 3, 3, 3, 3, 3, 3, 3, 3, 3, 3, 3, 3, 3, 3, 3, 3, 3, 3, 3, 3, 3, 3, 3, 3, 3, 3, 3, 3, 3, 3, 3, 3, 3, 3, 3, 3, 3, 3, 3, 3, 3, 3, 3, 3, 3, 3, 3, 3, 3, 3, 3, 3, 3, 3, 3, 3, 3, 3, 3, 3, 3, 3, 3, 3, 3, 3, 3, 3, 3, 3, 3, 3, 3, 3, 3, 3, 3, 3, 3, 3, 3, 3, 3, 3, 3, 3, 3, 3, 3, 3, 3, 3, 3, 3, 3, 3, 3, 3, 3, 3, 3, 3, 3, 3, 3, 3, 3, 3, 3, 3, 3, 3, 3, 3, 3, 3, 3, 3, 3, 3, 3, 3, 3, 3, 3, 3, 3, 3, 3, 3, 3, 3, 3, 3, 3, 3, 3, 3, 3, 3, 3, 3, 3, 3, 3, 3, 3, 3, 3, 3, 3, 3, 3, 3, 3, 3, 3, 3, 3, 3, 3, 3, 3, 3, 3, 3, 3, 3, 3, 3, 3, 3, 3, 3, 3, 3, 3, 3, 3, 3, 3, 3, 3, 3, 3, 3, 3, 3, 3, 3, 3, 3, 3, 3, 3, 3, 3, 3, 3, 3, 3, 3, 3, 3, 3, 3, 3, 3, 3, 3, 3, 3, 3, 3, 3, 3, 3, 3, 3, 3, 3, 3, 3, 3, 3, 3, 3, 3, 3, 3, 3, 3, 3, 3, 3, 3, 3, 3, 3, 3, 3, 3, 3, 3, 3, 3, 3, 3, 3, 3, 3, 3, 3, 3, 3, 3, 3, 3, 3, 3, 3, 3, 3, 3, 3, 3, 3, 3, 3, 3, 3, 3, 3, 3, 3, 3, 3, 3, 3, 3, 3, 3, 3, 3, 3, 3, 3, 3, 3, 3, 3, 3, 3, 3, 3, 3, 3, 3, 3, 3, 3, 3, 3, 3, 3, 3, 3, 3, 3, 3, 3, 3, 3, 3, 3, 3, 3, 3, 3, 3, 3, 3, 3, 3, 3, 3, 3, 3, 3, 3, 3, 3, 3, 3, 3, 3, 3, 3, 3, 3, 3, 3, 3, 3, 3, 3, 3, 3, 3, 3, 3, 3, 3, 3, 3, 3, 3, 3, 3, 3, 3, 3, 3, 3, 3, 3, 3, 3, 3, 3, 3, 3, 3, 3, 3, 3, 3, 3, 3, 3, 3, 3, 3, 3, 3, 3, 3, 3, 3, 3, 3, 3, 3, 3, 3, 3, 3, 3, 3, 3, 3, 3, 3, 3, 3, 3, 3, 3, 3, 3, 3, 3, 3, 3, 3, 3, 3, 3, 3, 3, 3, 3, 3, 3, 3, 3, 3, 3, 3, 3, 3, 3, 3, 3, 3, 3, 3, 3, 3, 3, 3, 3, 3, 3, 3, 3, 3, 3, 3, 3, 3, 3, 3, 3, 3, 3, 3, 3, 3, 3, 3, 3, 3, 3, 3, 3, 3, 3, 3, 3, 3, 3, 3, 3, 3, 3, 3, 3, 3, 3, 3, 3, 3, 3, 3, 3, 3, 3, 3, 3, 3, 3, 3, 3, 3, 3, 3, 3, 3, 3, 3, 3, 3, 3, 3, 3, 3, 3, 3, 3, 3, 3, 3, 3, 3, 3, 3, 3, 3, 3, 3, 3, 3, 3, 3, 3, 3, 3, 3, 3, 3, 3, 3, 3, 3, 3, 3, 3, 3, 3, 3, 3, 3, 3, 3, 3, 3, 3, 3, 3, 3, 3, 3, 3, 3, 3, 3, 3, 3, 3, 3, 3, 3, 3, 3, 3, 3, 3, 3, 3, 3, 3, 3, 3, 3, 3, 3, 3, 3, 3, 3, 3, 3, 3, 3, 3, 3, 3, 3, 3, 3, 3, 3, 3, 3, 3, 3, 3, 3, 3, 3, 3, 3, 3, 3, 3, 3, 3, 3, 3, 3, 3, 3, 3, 3, 3, 3, 3, 3, 3, 3, 3, 3, 3, 3, 3, 3, 3, 3, 3, 3, 3, 3, 3, 3, 3, 3, 3, 3, 3, 3, 3, 3, 3, 3, 3, 3, 3, 3, 3, 3, 3, 3, 3, 3, 3, 3, 3, 3, 3, 3, 3, 3, 3, 3, 3, 3, 3, 3, 3, 3, 3, 3, 3, 3, 3, 3, 3, 3, 3, 3, 3, 3, 3, 3, 3, 3, 3, 3, 3, 3, 3, 3, 3, 3, 3, 3, 3, 3, 3, 3, 3, 3, 3, 3, 3, 3, 3, 3, 3, 3, 3, 3, 3, 3, 3, 3, 3, 3, 3, 3, 3, 3, 3, 3, 3, 3, 3, 3, 3, 3, 3, 3, 3, 3, 3, 3, 3, 3, 3, 3, 3, 3, 3, 3, 3, 3, 3, 3, 3, 3, 3, 3, 3, 3, 3, 3, 3, 3, 3, 3, 3, 3, 3, 3, 3, 3, 3, 3, 3, 3, 3, 3, 3, 3, 3, 3, 3, 3, 3, 3, 3, 3, 3, 3, 3, 3, 3, 3, 3, 3, 3, 3, 3, 3, 3, 3, 3, 3, 3, 3, 3, 3, 3, 3, 3, 3, 3, 3, 3, 3, 3, 3, 3, 3, 3, 3, 3, 3, 3, 3, 3, 3, 3, 3, 3, 3, 3, 3, 3, 3, 3, 3, 3, 3, 3, 3, 3, 3, 3, 3, 3, 3, 3, 3, 3, 3, 3, 3, 3, 3, 3, 3, 3, 3, 3, 3, 3, 3, 3, 3, 3, 3, 3, 3, 3, 3, 3, 3, 3, 3, 3, 3, 3, 3, 3, 3, 3, 3, 3, 3, 3, 3, 3, 3, 3, 3, 3, 3, 3, 3, 3, 3, 3, 3, 3, 3, 3, 3, 3, 3, 3, 3, 3, 3, 3, 3, 3, 3, 3, 3, 3, 3, 3, 3, 3, 3, 3, 3, 3, 3, 3, 3, 3, 3, 3, 3, 3, 3, 3, 3, 3, 3, 3, 3, 3, 3, 3, 3, 3, 3, 3, 3, 3, 3, 3, 3, 3, 3, 3, 3, 3, 3, 3, 3, 3, 3, 3, 3, 3, 3, 3, 3, 3, 3, 3, 3, 3, 3, 3, 3, 3, 3, 3, 3, 3, 3, 3, 3, 3, 3, 3, 3, 3, 3, 3, 3, 3, 3, 3, 3, 3, 3, 3, 3, 3, 3, 3, 3, 3, 3, 3, 3, 3, 3, 3, 3, 3, 3, 3, 3, 3, 3, 3, 3, 3, 3, 3, 3, 3, 3, 3, 3, 3, 3, 3, 3, 3, 3, 3, 3, 3, 3, 3, 3, 3, 3, 3, 3, 3, 3, 3, 3, 3, 3, 3, 3, 3, 3, 3, 3, 3, 3, 3, 3, 3, 3, 3, 3, 3, 3, 3, 3, 3, 3, 3, 3, 3, 3, 3, 3, 3, 3, 3, 3, 3, 3, 3, 3, 3, 3, 3, 3, 3, 3, 3, 3, 3, 3, 3, 3, 3, 3, 3, 3, 3, 3, 3, 3, 3, 3, 3, 3, 3, 3, 3, 3, 3, 3, 3, 3, 3, 3, 3, 3, 3, 3, 3, 3, 3, 3, 3, 3, 3, 3, 3, 3, 3, 3, 3, 3, 3, 3, 3, 3, 3, 3, 3, 3, 3, 3, 3, 3, 3, 3, 3, 3, 3, 3, 3, 3, 3, 3, 3, 3, 3, 3, 3, 3, 3, 3, 3, 3, 3, 3, 3, 3, 3, 3, 3, 3, 3, 3, 3, 3, 3, 3, 3, 3, 3, 3, 3, 3, 3, 3, 3, 3, 3, 3, 3, 3, 3, 3, 3, 3, 3, 3, 3, 3, 3, 3, 3, 3, 3, 3, 3, 3, 3, 3, 3, 3, 3, 3, 3, 3, 3, 3, 3, 3, 3, 3, 3, 3, 3, 3, 3, 3, 3, 3, 3, 3, 3, 3, 3, 3, 3, 3, 3, 3, 3, 3, 3, 3, 3, 3, 3, 3, 3, 3, 3, 3, 3, 3, 3, 3, 3, 3, 3, 3, 3, 3, 3, 3, 3, 3, 3, 3, 3, 3, 3, 3, 3, 3, 3, 3, 3, 3, 3, 3, 3, 3, 3, 3, 3, 3, 3, 3, 3, 3, 3, 3, 3, 3, 3, 3, 3, 3, 3, 3, 3, 3, 3, 3, 3, 3, 3, 3, 3, 3, 3, 3, 3, 3, 3, 3, 3, 3, 3, 3, 3, 3, 3, 3, 3, 3, 3, 3, 3, 3, 3, 3, 3, 3, 3, 3, 3, 3, 3, 3, 3, 3, 3, 3, 3, 3, 3, 3, 3, 3, 3, 3, 3, 3, 3, 3, 3, 3, 3, 3, 3, 3, 3, 3, 3, 3, 3, 3, 3, 3, 3, 3, 3, 3, 3, 3, 3, 3, 3, 3, 3, 3, 3, 3, 3, 3, 3, 3, 3, 3, 3, 3, 3, 3, 3, 3, 3, 3, 3, 3, 3, 3, 3, 3, 3, 3, 3, 3, 3, 3, 3, 3, 3, 3, 3, 3, 3, 3, 3, 3, 3, 3, 3, 3, 3, 3, 3, 3, 3, 3, 3, 3, 3, 3, 3, 3, 3, 3, 3, 3, 3, 3, 3, 3, 3, 3, 3, 3, 3, 3, 3, 3, 3, 3, 3, 3, 3, 3, 3, 3, 3, 3, 3, 3, 3, 3, 3, 3, 3, 3, 3, 3, 3, 3, 3, 3, 3, 3, 3, 3, 3, 3, 3, 3, 3, 3, 3, 3, 3, 3, 3, 3, 3, 3, 3, 3, 3, 3, 3, 3, 3, 3, 3, 3, 3, 3, 3, 3, 3, 3, 3, 3, 3, 3, 3, 3, 3, 3, 3, 3, 3, 3, 3, 3, 3, 3, 3, 3, 3, 3, 3, 3, 3, 3, 3, 3, 3, 3, 3, 3, 3, 3, 3, 3, 3, 3, 3, 3, 3, 3, 3, 3, 3, 3, 3, 3, 3, 3, 3, 3, 3, 3, 3, 3, 3, 3, 3, 3, 3, 3, 3, 3, 3, 3, 3, 3, 3, 3, 3, 3, 3, 3, 3, 3, 3, 3, 3, 3, 3, 3, 3, 3, 3, 3, 3, 3, 3, 3, 3, 3, 3, 3, 3, 3, 3, 3, 3, 3, 3, 3, 3, 3, 3, 3, 3, 3, 3, 3, 3, 3, 3, 3, 3, 3, 3, 3, 3, 3, 3, 3, 3, 3, 3, 3, 3, 3, 3, 3, 3, 3, 3, 3, 3, 3, 3, 3, 3, 3, 3, 3, 3, 3, 3, 3, 3, 3, 3, 3, 3, 3, 3, 3, 3, 3, 3, 3, 3, 3, 3, 3, 3, 3, 3, 3, 3, 3, 3, 3, 3, 3, 3, 3, 3, 3, 3, 3, 3, 3, 3, 3, 3, 3, 3, 3, 3, 3, 3, 3, 3, 3, 3, 3, 3, 3, 3, 3, 3, 3, 3, 3, 3, 3, 3, 3, 3, 3, 3, 3, 3, 3, 3, 3, 3, 3, 3, 3, 3, 3, 3, 3, 3, 3, 3, 3, 3, 3, 3, 3, 3, 3, 3, 3, 3, 3, 3, 3, 3, 3, 3, 3, 3, 3, 3, 3, 3, 3, 3, 3, 3, 3, 3, 3, 3, 3, 3, 3, 3, 3, 3, 3, 3, 3, 3, 3, 3, 3, 3, 3, 3, 3, 3, 3, 3, 3, 3, 3, 3, 3, 3, 3, 3, 3, 3, 3, 3, 3, 3, 3, 3, 3, 3, 3, 3, 3, 3, 3, 3, 3, 3, 3, 3, 3, 3, 3, 3, 3, 3, 3, 3, 3, 3, 3, 3, 3, 3, 3, 3, 3, 3, 3, 3, 3, 3, 3, 3, 3, 3, 3, 3, 3, 3, 3, 3, 3, 3, 3, 3, 3, 3, 3, 3, 3, 3, 3, 3, 3, 3, 3, 3, 3, 3, 3, 3, 3, 3, 3, 3, 3, 3, 3, 3, 3, 3, 3, 3, 3, 3, 3, 3, 3, 3, 3, 3, 3, 3, 3, 3, 3, 3, 3, 3, 3, 3, 3, 3, 3, 3, 3, 3, 3, 3, 3, 3, 3, 3, 3, 3, 3, 3, 3, 3, 3, 3, 3, 3, 3, 3, 3, 3, 3, 3, 3, 3, 3, 3, 3, 3, 3, 3, 3, 3, 3, 3, 3, 3, 3, 3, 3, 3, 3, 3, 3, 3, 3, 3, 3, 3, 3, 3, 3, 3, 3, 3, 3, 3, 3, 3, 3, 3, 3, 3, 3, 3, 3, 3, 3, 3, 3, 3, 3, 3, 3, 3, 3, 3, 3, 3, 3, 3, 3, 3, 3, 3, 3, 3, 3, 3, 3, 3, 3, 3, 3, 3, 3, 3, 3, 3, 3, 3, 3, 3, 3, 3, 3, 3, 3, 3, 3, 3, 3, 3, 3, 3, 3, 3, 3, 3, 3, 3, 3, 3, 3, 3, 3, 3, 3, 3, 3, 3, 3, 3, 3, 3, 3, 3, 3, 3, 3, 3, 3, 3, 3, 3, 3, 3, 3, 3, 3, 3, 3, 3, 3, 3, 3, 3, 3, 3, 3, 3, 3, 3, 3, 3, 3, 3, 3, 3, 3, 3, 3, 3, 3, 3, 3, 3, 3, 3, 3, 3, 3, 3, 3, 3, 3, 3, 3, 3, 3, 3, 3, 3, 3, 3, 3, 3, 3, 3, 3, 3, 3, 3, 3, 3, 3, 3, 3, 3, 3, 3, 3, 3, 3, 3, 3, 3, 3, 3, 3, 3, 3, 3, 3, 3, 3, 3, 3, 3, 3, 3, 3, 3, 3, 3, 3, 3, 3, 3, 3, 3, 3, 3, 3, 3, 3, 3, 3, 3, 3, 3, 3, 3, 3, 3, 3, 3, 3, 3, 3, 3, 3, 3, 3, 3, 3, 3, 3, 3, 3, 3, 3, 3, 3, 3, 3, 3, 3, 3, 3, 3, 3, 3, 3, 3, 3, 3, 3, 3, 3, 3, 3, 3, 3, 3, 3, 3, 3, 3, 3, 3, 3, 3, 3, 3, 3, 3, 3, 3, 3, 3, 3, 3, 3, 3, 3, 3, 3, 3, 3, 3, 3, 3, 3, 3, 3, 3, 3, 3, 3, 3, 3, 3, 3, 3, 3, 3, 3, 3, 3, 3, 3, 3, 3, 3, 3, 3, 3, 3, 3, 3, 3, 3, 3, 3, 3, 3, 3, 3, 3, 3, 3, 3, 3, 3, 3, 3, 3, 3, 3, 3, 3, 3, 3, 3, 3, 3, 3, 3, 3, 3, 3, 3, 3, 3, 3, 3, 3, 3, 3, 3, 3, 3, 3, 3, 3, 3, 3, 3, 3, 3, 3, 3, 3, 3, 3, 3, 3, 3, 3, 3, 3, 3, 3, 3, 3, 3, 3, 3, 3, 3, 3, 3, 3, 3, 3, 3, 3, 3, 3, 3, 3, 3, 3, 3, 3, 3, 3, 3, 3, 3, 3, 3, 3, 3, 3, 3, 3, 3, 3, 3, 3, 3, 3, 3, 3, 3, 3, 3, 3, 3, 3, 3, 3, 3, 3, 3, 3, 3, 3, 3, 3, 3, 3, 3, 3, 3, 3, 3, 3, 3, 3, 3, 3, 3, 3, 3, 3, 3, 3, 3, 3, 3, 3, 3, 3, 3, 3, 3, 3, 3, 3, 3, 3, 3, 3, 3, 3, 3, 3, 3, 3, 3, 3, 3, 3, 3, 3, 3, 3, 3, 3, 3, 3, 3, 3, 3, 3, 3, 3, 3, 3, 3, 3, 3, 3, 3, 3, 3, 3, 3, 3, 3, 3, 3, 3, 3, 3, 3, 3, 3, 3, 3, 3, 3, 3, 3, 3, 3, 3, 3, 3, 3, 3, 3, 3, 3, 3, 3, 3, 3, 3, 3, 3, 3, 3, 3, 3, 3, 3, 3, 3, 3, 3, 3, 3, 3, 3, 3, 3, 3, 3, 3, 3, 3, 3, 3, 3, 3, 3, 3, 3, 3, 3, 3, 3, 3, 3, 3, 3, 3, 3, 3, 3, 3, 3, 3, 3, 3, 3, 3, 3, 3, 3, 3, 3, 3, 3, 3, 3, 3, 3, 3, 3, 3, 3, 3, 3, 3, 3, 3, 3, 3, 3, 3, 3, 3, 3, 3, 3, 3, 3, 3, 3, 3, 3, 3, 3, 3, 3, 3, 3, 3, 3, 3, 3, 3, 3, 3, 3, 3, 3, 3, 3, 3, 3, 3, 3, 3, 3, 3, 3, 3, 3, 3, 3, 3, 3, 3, 3, 3, 3, 3, 3, 3, 3, 3, 3, 3, 3, 3, 3, 3, 3, 3, 3, 3, 3, 3, 3, 3, 3, 3, 3, 3, 3, 3, 3, 3, 3, 3, 3, 3, 3, 3, 3, 3, 3, 3, 3, 3, 3, 3, 3, 3, 3, 3, 3, 3, 3, 3, 3, 3, 3, 3, 3, 3, 3, 3, 3, 3, 3, 3, 3, 3, 3, 3, 3, 3, 3, 3, 3, 3, 3, 3, 3, 3, 3, 3, 3, 3, 3, 3, 3, 3, 3, 3, 3, 3, 3, 3, 3, 3, 3, 3, 3, 3, 3, 3, 3, 3, 3, 3, 3, 3, 3, 3, 3, 3, 3, 3, 3, 3, 3, 3, 3, 3, 3, 3, 3, 3, 3, 3, 3, 3, 3, 3, 3, 3, 3, 3, 3, 3, 3, 3, 3, 3, 3, 3, 3, 3, 3, 3, 3, 3, 3, 3, 3, 3, 3, 3, 3, 3, 3, 3, 3, 3, 3, 3, 3, 3, 3, 3, 3, 3, 3, 3, 3, 3, 3, 3, 3, 3, 3, 3, 3, 3, 3, 3, 3, 3, 3, 3, 3, 3, 3, 3, 3, 3, 3, 3, 3, 3, 3, 3, 3, 3, 3, 3, 3, 3, 3, 3, 3, 3, 3, 3, 3, 3, 3, 3, 3, 3, 3, 3, 3, 3, 3, 3, 3, 3, 3, 3, 3, 3, 3, 3, 3, 3, 3, 3, 3, 3, 3, 3, 3, 3, 3, 3, 3, 3, 3, 3, 3, 3, 3, 3, 3, 3, 3, 3, 3, 3, 3, 3, 3, 3, 3, 3, 3, 3, 3, 3, 3, 3, 3, 3, 3, 3, 3, 3, 3, 3, 3, 3, 3, 3, 3, 3, 3, 3, 3, 3, 3, 3, 3, 3, 3, 3, 3, 3, 3, 3, 3, 3, 3, 3, 3, 3, 3, 3, 3, 3, 3, 3, 3, 3, 3, 3, 3, 3, 3, 3, 3, 3, 3, 3, 3, 3, 3, 3, 3, 3, 3, 3, 3, 3, 3, 3, 3, 3, 3, 3, 3, 3, 3, 3, 3, 3, 3, 3, 3, 3, 3, 3, 3, 3, 3, 3, 3, 3, 3, 3, 3, 3, 3, 3, 3, 3, 3, 3, 3, 3, 3, 3, 3, 3, 3, 3, 3, 3, 3, 3, 3, 3, 3, 3, 3, 3, 3, 3, 3, 3, 3, 3, 3, 3, 3, 3, 3, 3, 3, 3, 3, 3, 3, 3, 3, 3, 3, 3, 3, 3, 3, 3, 3, 3, 3, 3, 3, 3, 3, 3, 3, 3, 3, 3, 3, 3, 3, 3, 3, 3, 3, 3, 3, 3, 3, 3, 3, 3, 3, 3, 3, 3, 3, 3, 3, 3, 3, 3, 3, 3, 3, 3, 3, 3, 3, 3, 3, 3, 3, 3, 3, 3, 3, 3, 3, 3, 3, 3, 3, 3, 3, 3, 3, 3, 3, 3, 3, 3, 3, 3, 3, 3, 3, 3, 3, 3, 3, 3, 3, 3, 3, 3, 3, 3, 3, 3, 3, 3, 3, 3, 3, 3, 3, 3, 3, 3, 3, 3, 3, 3, 3, 3, 3, 3, 3, 3, 3, 3, 3, 3, 3, 3, 3, 3, 3, 3, 3, 3, 3, 3, 3, 3, 3, 3, 3, 3, 3, 3, 3, 3, 3, 3, 3, 3, 3, 3, 3, 3, 3, 3, 3, 3, 3, 3, 3, 3, 3, 3, 3, 3, 3, 3, 3, 3, 3, 3, 3, 3, 3, 3, 3, 3, 3, 3, 3, 3, 3, 3, 3, 3, 3, 3, 3, 3, 3, 3, 3, 3, 3, 3, 3, 3, 3, 3, 3, 3, 3, 3, 3, 3, 3, 3, 3, 3, 3, 3, 3, 3, 3, 3, 3, 3, 3, 3, 3, 3, 3, 3, 3, 3, 3, 3, 3, 3, 3, 3, 3, 3, 3, 3, 3, 3, 3, 3, 3, 3, 3, 3, 3, 3, 3, 3, 3, 3, 3, 3, 3, 3, 3, 3, 3, 3, 3, 3, 3, 3, 3, 3, 3, 3, 3, 3, 3, 3, 3, 3, 3, 3, 3, 3, 3, 3, 3, 3, 3, 3, 3, 3, 3, 3, 3, 3, 3, 3, 3, 3, 3, 3, 3, 3, 3, 3, 3, 3, 3, 3, 3, 3, 3, 3, 3, 3, 3, 3, 3, 3, 3, 3, 3, 3, 3, 3, 3, 3, 3, 3, 3, 3, 3, 3, 3, 3, 3, 3, 3, 3, 3, 3, 3, 3, 3, 3, 3, 3, 3, 3, 3, 3, 3, 3, 3, 3, 3, 3, 3, 3, 3, 3, 3, 3, 3, 3, 3, 3, 3, 3, 3, 3, 3, 3, 3, 3, 3, 3, 3, 3, 3, 3, 3, 3, 3, 3, 3, 3, 3, 3, 3, 3, 3, 3, 3, 3, 3, 3, 3, 3, 3, 3, 3, 3, 3, 3, 3, 3, 3, 3, 3, 3, 3, 3, 3, 3, 3, 3, 3, 3, 3, 3, 3, 3, 3, 3, 3, 3, 3, 3, 3, 3, 3, 3, 3, 3, 3, 3, 3, 3, 3, 3, 3, 3, 3, 3, 3, 3, 3, 3, 3, 3, 3, 3, 3, 3, 3, 3, 3, 3, 3, 3, 3, 3, 3, 3, 3, 3, 3, 3, 3, 3, 3, 3, 3, 3, 3, 3, 3, 3, 3, 3, 3, 3, 3, 3, 3, 3, 3, 3, 3, 3, 3, 3, 3, 3, 3, 3, 3, 3, 3, 3, 3, 3, 3, 3, 3, 3, 3, 3, 3, 3, 3, 3, 3, 3, 3, 3, 3, 3, 3, 3, 3, 3, 3, 3, 3, 3, 3, 3, 3, 3, 3, 3, 3, 3, 3, 3, 3, 3, 3, 3, 3, 3, 3, 3, 3, 3, 3, 3, 3, 3, 3, 3, 3, 3, 3, 3, 3, 3, 3, 3, 3, 3, 3, 3, 3, 3, 3, 3, 3, 3, 3, 3, 3, 3, 3, 3, 3, 3, 3, 3, 3, 3, 3, 3, 3, 3, 3, 3, 3, 3, 3, 3, 3, 3, 3, 3, 3, 3, 3, 3, 3, 3, 3, 3, 3, 3, 3, 3, 3, 3, 3, 3, 3, 3, 3, 3, 3, 3, 3, 3, 3, 3, 3, 3, 3, 3, 3, 3, 3, 3, 3, 3, 3, 3, 3, 3, 3, 3, 3, 3, 3, 3, 3, 3, 3, 3, 3, 3, 3, 3, 3, 3, 3, 3, 3, 3, 3, 3, 3, 3, 3, 3, 3, 3, 3, 3, 3, 3, 3, 3, 3, 3, 3, 3, 3, 3, 3, 3, 3, 3, 3, 3, 3, 3, 3, 3, 3, 3, 3, 3, 3, 3, 3, 3, 3, 3, 3, 3, 3, 3, 3, 3, 3, 3, 3, 3, 3, 3, 3, 3, 3, 3, 3, 3, 3, 3, 3, 3, 3, 3, 3, 3, 3, 3, 3, 3, 3, 3, 3, 3, 3, 3, 3, 3, 3, 3, 3, 3, 3, 3, 3, 3, 3, 3, 3, 3, 3, 3, 3, 3, 3, 3, 3, 3, 3, 3, 3, 3, 3, 3, 3, 3, 3, 3, 3, 3, 3, 3, 3, 3, 3, 3, 3, 3, 3, 3, 3, 3, 3, 3, 3, 3, 3, 3, 3, 3, 3, 3, 3, 3, 3, 3, 3, 3, 3, 3, 3, 3, 3, 3, 3, 3, 3, 3, 3, 3, 3, 3, 3, 3, 3, 3, 3, 3, 3, 3, 3, 3, 3, 3, 3, 3, 3, 3, 3, 3, 3, 3, 3, 3, 3, 3, 3, 3, 3, 3, 3, 3, 3, 3, 3, 3, 3, 3, 3, 3, 3, 3, 3, 3, 3, 3, 3, 3, 3, 3, 3, 3, 3, 3, 3, 3, 3, 3, 3, 3, 3, 3, 3, 3, 3, 3, 3, 3, 3, 3, 3, 3, 3, 3, 3, 3, 3, 3, 3, 3, 3, 3, 3, 3, 3, 3, 3, 3, 3, 3, 3, 3, 3, 3, 3, 3, 3, 3, 3, 3, 3, 3, 3, 3, 3, 3, 3, 3, 3, 3, 3, 3, 3, 3, 3, 3, 3, 3, 3, 3, 3, 3, 3, 3, 3, 3, 3, 3, 3, 3, 3, 3, 3, 3, 3, 3, 3, 3, 3, 3, 3, 3, 3, 3, 3, 3, 3, 3, 3, 3, 3, 3, 3, 3, 3, 3, 3, 3, 3, 3, 3, 3, 3, 3, 3, 3, 3, 3, 3, 3, 3, 3, 3, 3, 3, 3, 3, 3, 3, 3, 3, 3, 3, 3, 3, 3, 3, 3, 3, 3, 3, 3, 3, 3, 3, 3, 3, 3, 3, 3, 3, 3, 3, 3, 3, 3, 3, 3, 3, 3, 3, 3, 3, 3, 3, 3, 3, 3, 3, 3, 3, 3, 3, 3, 3, 3, 3, 3, 3, 3, 3, 3, 3, 3, 3, 3, 3, 3, 3, 3, 3, 3, 3, 3, 3, 3, 3, 3, 3, 3, 3, 3, 3, 3, 3, 3, 3, 3, 3, 3, 3, 3, 3, 3, 3, 3, 3, 3, 3, 3, 3, 3, 3, 3, 3, 3, 3, 3, 3, 3, 3, 3, 3, 3, 3, 3, 3, 3, 3, 3, 3, 3, 3, 3, 3, 3, 3, 3, 3, 3, 3, 3, 3, 3, 3, 3, 3, 3, 3, 3, 3, 3, 3, 3, 3, 3, 3, 3, 3, 3, 3, 3, 3, 3, 3, 3, 3, 3, 3, 3, 3, 3, 3, 3, 3, 3, 3, 3, 3, 3, 3, 3, 3, 3, 3, 3, 3, 3, 3, 3, 3, 3, 3, 3, 3, 3, 3, 3, 3, 3, 3, 3, 3, 3, 3, 3, 3, 3, 3, 3, 3, 3, 3, 3, 3, 3, 3, 3, 3, 3, 3, 3, 3, 3, 3, 3, 3, 3, 3, 3, 3, 3, 3, 3, 3, 3, 3, 3, 3, 3, 3, 3, 3, 3, 3, 3, 3, 3, 3, 3, 3, 3, 3, 3, 3, 3, 3, 3, 3, 3, 3, 3, 3, 3, 3, 3, 3, 3, 3, 3, 3, 3, 3, 3, 3, 3, 3, 3, 3, 3, 3, 3, 3, 3, 3, 3, 3, 3, 3, 3, 3, 3, 3, 3, 3, 3, 3, 3, 3, 3, 3, 3, 3, 3, 3, 3, 3, 3, 3, 3, 3, 3, 3, 3, 3, 3, 3, 3, 3, 3, 3, 3, 3, 3, 3, 3, 3, 3, 3, 3, 3, 3, 3, 3, 3, 3, 3, 3, 3, 3, 3, 3, 3, 3, 3, 3, 3, 3, 3, 3, 3, 3, 3, 3, 3, 3, 3, 3, 3, 3, 3, 3, 3, 3, 3, 3, 3, 3, 3, 3, 3, 3, 3, 3, 3, 3, 3, 3, 3, 3, 3, 3, 3, 3, 3, 3, 3, 3, 3, 3, 3, 3, 3, 3, 3, 3, 3, 3, 3, 3, 3, 3, 3, 3, 3, 3, 3, 3, 3, 3, 3, 3, 3, 3, 3, 3, 3, 3, 3, 3, 3, 3, 3, 3, 3, 3, 3, 3, 3, 3, 3, 3, 3, 3, 3, 3, 3, 3, 3, 3, 3, 3, 3, 3, 3, 3, 3, 3, 3, 3, 3, 3, 3, 3, 3, 3, 3, 3, 3, 3, 3, 3, 3, 3, 3, 3, 3, 3, 3, 3, 3, 3, 3, 3, 3, 3, 3, 3, 3, 3, 3, 3, 3, 3, 3, 3, 3, 3, 3, 3, 3, 3, 3, 3, 3, 3, 3, 3, 3, 3, 3, 3, 3, 3, 3, 3, 3, 3, 3, 3, 3, 3, 3, 3, 3, 3, 3, 3, 3, 3, 3, 3, 3, 3, 3, 3, 3, 3, 3, 3, 3, 3, 3, 3, 3, 3, 3, 3, 3, 3, 3, 3, 3, 3, 3, 3, 3, 3, 3, 3, 3, 3, 3, 3, 3, 3, 3, 3, 3, 3, 3, 3, 3, 3, 3, 3, 3, 3, 3, 3, 3, 3, 3, 3, 3, 3, 3, 3, 3, 3, 3, 3, 3, 3, 3, 3, 3, 3, 3, 3, 3, 3, 3, 3, 3, 3, 3, 3, 3, 3, 3, 3, 3, 3, 3, 3, 3, 3, 3, 3, 3, 3, 3, 3, 3, 3, 3, 3, 3, 3, 3, 3, 3, 3, 3, 3, 3, 3, 3, 3, 3, 3, 3, 3, 3, 3, 3, 3, 3, 3, 3, 3, 3, 3, 3, 3, 3, 3, 3, 3, 3, 3, 3, 3, 3, 3, 3, 3, 3, 3, 3, 3, 3, 3, 3, 3, 3, 3, 3, 3, 3, 3, 3, 3, 3, 3, 3, 3, 3, 3, 3, 3, 3, 3, 3, 3, 3, 3, 3, 3, 3, 3, 3, 3, 3, 3, 3, 3, 3, 3, 3, 3, 3, 3, 3, 3, 3, 3, 3, 3, 3, 3, 3, 3, 3, 3, 3, 3, 3, 3, 3, 3, 3, 3, 3, 3, 3, 3, 3, 3, 3, 3, 3, 3, 3, 3, 3, 3, 3, 3, 3, 3, 3, 3, 3, 3, 3, 3, 3, 3, 3, 3, 3, 3, 3, 3, 3, 3, 3, 3, 3, 3, 3, 3, 3, 3, 3, 3, 3, 3, 3, 3, 3, 3, 3, 3, 3, 3, 3, 3, 3, 3, 3, 3, 3, 3, 3, 3, 3, 3, 3, 3, 3, 3, 3, 3, 3, 3, 3, 3, 3, 3, 3, 3, 3, 3, 3, 3, 3, 3, 3, 3, 3, 3, 3, 3, 3, 3, 3, 3, 3, 3, 3, 3, 3, 3, 3, 3, 3, 3, 3, 3, 3, 3, 3, 3, 3, 3, 3, 3, 3, 3, 3, 3, 3, 3, 3, 3, 3, 3, 3, 3, 3, 3, 3, 3, 3, 3, 3, 3, 3, 3, 3, 3, 3, 3, 3, 3, 3, 3, 3, 3, 3, 3, 3, 3, 3, 3, 3, 3, 3, 3, 3, 3, 3, 3, 3, 3, 3, 3, 3, 3, 3, 3, 3, 3, 3, 3, 3, 3, 3, 3, 3, 3, 3, 3, 3, 3, 3, 3, 3, 3, 3, 3, 3, 3, 3, 3, 3, 3, 3, 3, 3, 3, 3, 3, 3, 3, 3, 3, 3, 3, 3, 3, 3, 3, 3, 3, 3, 3, 3, 3, 3, 3, 3, 3, 3, 3, 3, 3, 3, 3, 3, 3, 3, 3, 3, 3, 3, 3, 3, 3, 3, 3, 3, 3, 3, 3, 3, 3, 3, 3, 3, 3, 3, 3, 3, 3, 3, 3, 3, 3, 3, 3, 3, 3, 3, 3, 3, 3, 3, 3, 3, 3, 3, 3, 3, 3, 3, 3, 3, 3, 3, 3, 3, 3, 3, 3, 3, 3, 3, 3, 3, 3, 3, 3, 3, 3, 3, 3, 3, 3, 3, 3, 3, 3, 3, 3, 3, 3, 3, 3, 3, 3, 3, 3, 3, 3, 3, 3, 3, 3, 3, 3, 3, 3, 3, 3, 3, 3, 3, 3, 3, 3, 3, 3, 3, 3, 3, 3, 3, 3, 3, 3, 3, 3, 3, 3, 3, 3, 3, 3, 3, 3, 3, 3, 3, 3, 3, 3, 3, 3, 3, 3, 3, 3, 3, 3, 3, 3, 3, 3, 3, 3, 3, 3, 3, 3, 3, 3, 3, 3, 3, 3, 3, 3, 3, 3, 3, 3, 3, 3, 3, 3, 3, 3, 3, 3, 3, 3, 3, 3, 3, 3, 3, 3, 3, 3, 3, 3, 3, 3, 3, 3, 3, 3, 3, 3, 3, 3, 3, 3, 3, 3, 3, 3, 3, 3, 3, 3, 3, 3, 3, 3, 3, 3, 3, 3, 3, 3, 3, 3, 3, 3, 3, 3, 3, 3, 3, 3, 3, 3, 3, 3, 3, 3, 3, 3, 3, 3, 3, 3, 3, 3, 3, 3, 3, 3, 3, 3, 3, 3, 3, 3, 3, 3, 3, 3, 3, 3, 3, 3, 3, 3, 3, 3, 3, 3, 3, 3, 3, 3, 3, 3, 3, 3, 3, 3, 3, 3, 3, 3, 3, 3, 3, 3, 3, 3, 3, 3, 3, 3, 3, 3, 3, 3, 3, 3, 3, 3, 3, 3, 3, 3, 3, 3, 3, 3, 3, 3, 3, 3, 3, 3, 3, 3, 3, 3, 3, 3, 3, 3, 3, 3, 3, 3, 3, 3, 3, 3, 3, 3, 3, 3, 3, 3, 3, 3, 3, 3, 3, 3, 3, 3, 3, 3, 3, 3, 3, 3, 3, 3, 3, 3, 3, 3, 3, 3, 3, 3, 3, 3, 3, 3, 3, 3, 3, 3, 3, 3, 3, 3, 3, 3, 3, 3, 3, 3, 3, 3, 3, 3, 3, 3, 3, 3, 3, 3, 3, 3, 3, 3, 3, 3, 3, 3, 3, 3, 3, 3, 3, 3, 3, 3, 3, 3, 3, 3, 3, 3, 3, 3, 3, 3, 3, 3, 3, 3, 3, 3, 3, 3, 3, 3, 3, 3, 3, 3, 3, 3, 3, 3, 3, 3, 3, 3, 3, 3, 3, 3, 3, 3, 3, 3, 3, 3, 3, 3, 3, 3, 3, 3, 3, 3, 3, 3, 3, 3, 3, 3, 3, 3, 3, 3, 3, 3, 3, 3, 3, 3, 3, 3, 3, 3, 3, 3, 3, 3, 3, 3, 3, 3, 3, 3, 3, 3, 3, 3, 3, 3, 3, 3, 3, 3, 3, 3, 3, 3, 3, 3, 3, 3, 3, 3, 3, 3, 3, 3, 3, 3, 3, 3, 3, 3, 3, 3, 3, 3, 3, 3, 3, 3, 3, 3, 3, 3, 3, 3, 3, 3, 3, 3, 3, 3, 3, 3, 3, 3, 3, 3, 3, 3, 3, 3, 3, 3, 3, 3, 3, 3, 3, 3, 3, 3, 3, 3, 3, 3, 3, 3, 3, 3, 3, 3, 3, 3, 3, 3, 3, 3, 3, 3, 3, 3, 3, 3, 3, 3, 3, 3, 3, 3, 3, 3, 3, 3, 3, 3, 3, 3, 3, 3, 3, 3, 3, 3, 3, 3, 3, 3, 3, 3, 3, 3, 3, 3, 3, 3, 3, 3, 3, 3, 3, 3, 3, 3, 3, 3, 3, 3, 3, 3, 3, 3, 3, 3, 3, 3, 3, 3, 3, 3, 3, 3, 3, 3, 3, 3, 3, 3, 3, 3, 3, 3, 3, 3, 3, 3, 3, 3, 3, 3, 3, 3, 3, 3, 3, 3, 3, 3, 3, 3, 3, 3, 3, 3, 3, 3, 3, 3, 3, 3, 3, 3, 3, 3, 3, 3, 3, 3, 3, 3, 3, 3, 3, 3, 3, 3, 3, 3, 3, 3, 3, 3, 3, 3, 3, 3, 3, 3, 3, 3, 3, 3, 3, 3, 3, 3, 3, 3, 3, 3, 3, 3, 3, 3, 3, 3, 3, 3, 3, 3, 3, 3, 3, 3, 3, 3, 3, 3, 3, 3, 3, 3, 3, 3, 3, 3, 3, 3, 3, 3, 3, 3, 3, 3, 3, 3, 3, 3, 3, 3, 3, 3, 3, 3, 3, 3, 3, 3, 3, 3, 3, 3, 3, 3, 3, 3, 3, 3, 3, 3, 3, 3, 3, 3, 3, 3, 3, 3, 3, 3, 3, 3, 3, 3, 3, 3, 3, 3, 3, 3, 3, 3, 3, 3, 3, 3, 3, 3, 3, 3, 3, 3, 3, 3, 3, 3, 3, 3, 3, 3, 3, 3, 3, 3, 3, 3, 3, 3, 3, 3, 3, 3, 3, 3, 3, 3, 3, 3, 3, 3, 3, 3, 3, 3, 3, 3, 3, 3, 3, 3, 3, 3, 3, 3, 3, 3, 3, 3, 3, 3, 3, 3, 3, 3, 3, 3, 3, 3, 3, 3, 3, 3, 3, 3, 3, 3, 3, 3, 3, 3, 3, 3, 3, 3, 3, 3, 3, 3, 3, 3, 3, 3, 3, 3, 3, 3, 3, 3, 3, 3, 3, 3, 3, 3, 3, 3, 3, 3, 3, 3, 3, 3, 3, 3, 3, 3, 3, 3, 3, 3, 3, 3, 3, 3, 3, 3, 3, 3, 3, 3, 3, 3, 3, 3, 3, 3, 3, 3, 3, 3, 3, 3, 3, 3, 3, 3, 3, 3, 3, 3, 3, 3, 3, 3, 3, 3, 3, 3, 3, 3, 3, 3, 3, 3, 3, 3, 3, 3, 3, 3, 3, 3, 3, 3, 3, 3, 3, 3, 3, 3, 3, 3, 3, 3, 3, 3, 3, 3, 3, 3, 3, 3, 3, 3, 3, 3, 3, 3, 3, 3, 3, 3, 3, 3, 3, 3, 3, 3, 3, 3, 3, 3, 3, 3, 3, 3, 3, 3, 3, 3, 3, 3, 3, 3, 3, 3, 3, 3, 3, 3, 3, 3, 3, 3, 3, 3, 3, 3, 3, 3, 3, 3, 3, 3, 3, 3, 3, 3, 3, 3, 3, 3, 3, 3, 3, 3, 3, 3, 3, 3, 3, 3, 3, 3, 3, 3, 3, 3, 3, 3, 3, 3, 3, 3, 3, 3, 3, 3, 3, 3, 3, 3, 3, 3, 3, 3, 3, 3, 3, 3, 3, 3, 3, 3, 3, 3, 3, 3, 3, 3, 3, 3, 3, 3, 3, 3, 3, 3, 3, 3, 3, 3, 3, 3, 3, 3, 3, 3, 3, 3, 3, 3, 3, 3, 3, 3, 3, 3, 3, 3, 3, 3, 3, 3, 3, 3, 3, 3, 3, 3, 3, 3, 3, 3, 3, 3, 3, 3, 3, 3, 3, 3, 3, 3, 3, 3, 3, 3, 3, 3, 3, 3, 3, 3, 3, 3, 3, 3, 3, 3, 3, 3, 3, 3, 3, 3, 3, 3, 3, 3, 3, 3, 3, 3, 3, 3, 3, 3, 3, 3, 3, 3, 3, 3, 3, 3, 3, 3, 3, 3, 3, 3, 3, 3, 3, 3, 3, 3, 3, 3, 3, 3, 3, 3, 3, 3, 3, 3, 3, 3, 3, 3, 3, 3, 3, 3, 3, 3, 3, 3, 3, 3, 3, 3, 3, 3, 3, 3, 3, 3, 3, 3, 3, 3, 3, 3, 3, 3, 3, 3, 3, 3, 3, 3, 3, 3, 3, 3, 3, 3, 3, 3, 3, 3, 3, 3, 3, 3, 3, 3, 3, 3, 3, 3, 3, 3, 3, 3, 3, 3, 3, 3, 3, 3, 3, 3, 3, 3, 3, 3, 3, 3, 3, 3, 3, 3, 3, 3, 3, 3, 3, 3, 3, 3, 3, 3, 3, 3, 3, 3, 3, 3, 3, 3, 3, 3, 3, 3, 3, 3, 3, 3, 3, 3, 3, 3, 3, 3, 3, 3, 3, 3, 3, 3, 3, 3, 3, 3, 3, 3, 3, 3, 3, 3, 3, 3, 3, 3, 3, 3, 3, 3, 3, 3, 3, 3, 3, 3, 3, 3, 3, 3, 3, 3, 3, 3, 3, 3, 3, 3, 3, 3, 3, 3, 3, 3, 3, 3, 3, 3, 3, 3, 3, 3, 3, 3, 3, 3, 3, 3, 3, 3, 3, 3, 3, 3, 3, 3, 3, 3, 3, 3, 3, 3, 3, 3, 3, 3, 3, 3, 3, 3, 3, 3, 3, 3, 3, 3, 3, 3, 3, 3, 3, 3, 3, 3, 3, 3, 3, 3, 3, 3, 3, 3, 3, 3, 3, 3, 3, 3, 3, 3, 3, 3, 3, 3, 3, 3, 3, 3, 3, 3, 3, 3, 3, 3, 3, 3, 3, 3, 3, 3, 3, 3, 3, 3, 3, 3, 3, 3, 3, 3, 3, 3, 3, 3, 3, 3, 3, 3, 3, 3, 3, 3, 3, 3, 3, 3, 3, 3, 3, 3, 3, 3, 3, 3, 3, 3, 3, 3, 3, 3, 3, 3, 3, 3, 3, 3, 3, 3, 3, 3, 3, 3, 3, 3, 3, 3, 3, 3, 3, 3, 3, 3, 3, 3, 3, 3, 3, 3, 3, 3, 3, 3, 3, 3, 3, 3, 3, 3, 3, 3, 3, 3, 3, 3, 3, 3, 3, 3, 3, 3, 3, 3, 3, 3, 3, 3, 3, 3, 3, 3, 3, 3, 3, 3, 3, 3, 3, 3, 3, 3, 3, 3, 3, 3, 3, 3, 3, 3, 3, 3, 3, 3, 3, 3, 3, 3, 3, 3, 3, 3, 3, 3, 3, 3, 3, 3, 3, 3, 3, 3, 3, 3, 3, 3, 3, 3, 3, 3, 3, 3, 3, 3, 3, 3, 3, 3, 3, 3, 3, 3, 3, 3, 3, 3, 3, 3, 3, 3, 3, 3, 3, 3, 3, 3, 3, 3, 3, 3, 3, 3, 3, 3, 3, 3, 3, 3, 3, 3, 3, 3, 3, 3, 3, 3, 3, 3, 3, 3, 3, 3, 3, 3, 3, 3, 3, 3, 3, 3, 3, 3, 3, 3, 3, 3, 3, 3, 3, 3, 3, 3, 3, 3, 3, 3, 3, 3, 3, 3, 3, 3, 3, 3, 3, 3, 3, 3, 3, 3, 3, 3, 3, 3, 3, 3, 3, 3, 3, 3, 3, 3, 3, 3, 3, 3, 3, 3, 3, 3, 3, 3, 3, 3, 3, 3, 3, 3, 3, 3, 3, 3, 3, 3, 3, 3, 3, 3, 3, 3, 3, 3, 3, 3, 3, 3, 3, 3, 3, 3, 3, 3, 3, 3, 3, 3, 3, 3, 3, 3, 3, 3, 3, 3, 3, 3, 3, 3, 3, 3, 3, 3, 3, 3, 3, 3, 3, 3, 3, 3, 3, 3, 3, 3, 3, 3, 3, 3, 3, 3, 3, 3, 3, 3, 3, 3, 3, 3, 3, 3, 3, 3, 3, 3, 3, 3, 3, 3, 3, 3, 3, 3, 3, 3, 3, 3, 3, 3, 3, 3, 3, 3, 3, 3, 3, 3, 3, 3, 3, 3, 3, 3, 3, 3, 3, 3, 3, 3, 3, 3, 3, 3, 3, 3, 3, 3, 3, 3, 3, 3, 3, 3, 3, 3, 3, 3, 3, 3, 3, 3, 3, 3, 3, 3, 3, 3, 3, 3, 3, 3, 3, 3, 3, 3, 3, 3, 3, 3, 3, 3, 3, 3, 3, 3, 3, 3, 3, 3, 3, 3, 3, 3, 3, 3, 3, 3, 3, 3, 3, 3, 3, 3, 3, 3, 3, 3, 3, 3, 3, 3, 3, 3, 3, 3, 3, 3, 3, 3, 3, 3, 3, 3, 3, 3, 3, 3, 3, 3, 3, 3, 3, 3, 3, 3, 3, 3, 3, 3, 3, 3, 3, 3, 3, 3, 3, 3, 3, 3, 3, 3, 3, 3, 3, 3, 3, 3, 3, 3, 3, 3, 3, 3, 3, 3, 3, 3, 3, 3, 3, 3, 3, 3, 3, 3, 3, 3, 3, 3, 3, 3, 3, 3, 3, 3, 3, 3, 3, 3, 3, 3, 3, 3, 3, 3, 3, 3, 3, 3, 3, 3, 3, 3, 3, 3, 3, 3, 3, 3, 3, 3, 3, 3, 3, 3, 3, 3, 3, 3, 3, 3, 3, 3, 3, 3, 3, 3, 3, 3, 3, 3, 3, 3, 3, 3, 3, 3, 3, 3, 3, 3, 3, 3, 3, 3, 3, 3, 3, 3, 3, 3, 3, 3, 3, 3, 3, 3, 3, 3, 3, 3, 3, 3, 3, 3, 3, 3, 3, 3, 3, 3, 3, 3, 3, 3, 3, 3, 3, 3, 3, 3, 3, 3, 3, 3, 3, 3, 3, 3, 3, 3, 3, 3, 3, 3, 3, 3, 3, 3, 3, 3, 3, 3, 3, 3, 3, 3, 3, 3, 3, 3, 3, 3, 3, 3, 3, 3, 3, 3, 3, 3, 3, 3, 3, 3, 3, 3, 3, 3, 3, 3, 3, 3, 3, 3, 3, 3, 3, 3, 3, 3, 3, 3, 3, 3, 3, 3, 3, 3, 3, 3, 3, 3, 3, 3, 3, 3, 3, 3, 3, 3, 3, 3, 3, 3, 3, 3, 3, 3, 3, 3, 3, 3, 3, 3, 3, 3, 3, 3, 3, 3, 3, 3, 3, 3, 3, 3, 3, 3, 3, 3, 3, 3, 3, 3, 3, 3, 3, 3, 3, 3, 3, 3, 3, 3, 3, 3, 3, 3, 3, 3, 3, 3, 3, 3, 3, 3, 3, 3, 3, 3, 3, 3, 3, 3, 3, 3, 3, 3, 3, 3, 3, 3, 3, 3, 3, 3, 3, 3, 3, 3, 3, 3, 3, 3, 3, 3, 3, 3, 3, 3, 3, 3, 3, 3, 3, 3, 3, 3, 3, 3, 3, 3, 3, 3, 3, 3, 3, 3, 3, 3, 3, 3, 3, 3, 3, 3, 3, 3, 3, 3, 3, 3, 3, 3, 3, 3, 3, 3, 3, 3, 3, 3, 3, 3, 3, 3, 3, 3, 3, 3, 3, 3, 3, 3, 3, 3, 3, 3, 3, 3, 3, 3, 3, 3, 3, 3, 3, 3, 3, 3, 3, 3, 3, 3, 3, 3, 3, 3, 3, 3, 3, 3, 3, 3, 3, 3, 3, 3, 3, 3, 3, 3, 3, 3, 3, 3, 3, 3, 3, 3, 3, 3, 3, 3, 3, 3, 3, 3, 3, 3, 3, 3, 3, 3, 3, 3, 3, 3, 3, 3, 3, 3, 3, 3, 3, 3, 3, 3, 3, 3, 3, 3, 3, 3, 3, 3, 3, 3, 3, 3, 3, 3, 3, 3, 3, 3, 3, 3, 3, 3, 3, 3, 3, 3, 3, 3, 3, 3, 3, 3, 3, 3, 3, 3, 3, 3, 3, 3, 3, 3, 3, 3, 3, 3, 3, 3, 3, 3, 3, 3, 3, 3, 3, 3, 3, 3, 3, 3, 3, 3, 3, 3, 3, 3, 3, 3, 3, 3, 3, 3, 3, 3, 3, 3, 3, 3, 3, 3, 3, 3, 3, 3, 3, 3, 3, 3, 3, 3, 3, 3, 3, 3, 3, 3, 3, 3, 3, 3, 3, 3, 3, 3, 3, 3, 3, 3, 3, 3, 3, 3, 3, 3, 3, 3, 3, 3, 3, 3, 3, 3, 3, 3, 3, 3, 3, 3, 3, 3, 3, 3, 3, 3, 3, 3, 3, 3, 3, 3, 3, 3, 3, 3, 3, 3, 3, 3, 3, 3, 3, 3, 3, 3, 3, 3, 3, 3, 3, 3, 3, 3, 3, 3, 3, 3, 3, 3, 3, 3, 3, 3, 3, 3, 3, 3, 3, 3, 3, 3, 3, 3, 3, 3, 3, 3, 3, 3, 3, 3, 3, 3, 3, 3, 3, 3, 3, 3, 3, 3, 3, 3, 3, 3, 3, 3, 3, 3, 3, 3, 3, 3, 3, 3, 3, 3, 3, 3, 3, 3, 3, 3, 3, 3, 3, 3, 3, 3, 3, 3, 3, 3, 3, 3, 3, 3, 3, 3, 3, 3, 3, 3, 3, 3, 3, 3, 3, 3, 3, 3, 3, 3, 3, 3, 3, 3, 3, 3, 3, 3, 3, 3, 3, 3, 3, 3, 3, 3, 3, 3, 3, 3, 3, 3, 3, 3, 3, 3, 3, 3, 3, 3, 3, 3, 3, 3, 3, 3, 3, 3, 3, 3, 3, 3, 3, 3, 3, 3, 3, 3, 3, 3, 3, 3, 3, 3, 3, 3, 3, 3, 3, 3, 3, 3, 3, 3, 3, 3, 3, 3, 3, 3, 3, 3, 3, 3, 3, 3, 3, 3, 3, 3, 3, 3, 3, 3, 3, 3, 3, 3, 3, 3, 3, 3, 3, 3, 3, 3, 3, 3, 3, 3, 3, 3, 3, 3, 3, 3, 3, 3, 3, 3, 3, 3, 3, 3, 3, 3, 3, 3, 3, 3, 3, 3, 3, 3, 3, 3, 3, 3, 3, 3, 3, 3, 3, 3, 3, 3, 3, 3, 3, 3, 3, 3, 3, 3, 3, 3, 3, 3, 3, 3, 3, 3, 3, 3, 3, 3, 3, 3, 3, 3, 3, 3, 3, 3, 3, 3, 3, 3, 3, 3, 3, 3, 3, 3, 3, 3, 3, 3, 3, 3, 3, 3, 3, 3, 3, 3, 3, 3, 3, 3, 3, 3, 3, 3, 3, 3, 3, 3, 3, 3, 3, 3, 3, 3, 3, 3, 3, 3, 3, 3, 3, 3, 3, 3, 3, 3, 3, 3, 3, 3, 3, 3, 3, 3, 3, 3, 3, 3, 3, 3, 3, 3, 3, 3, 3, 3, 3, 3, 3, 3, 3, 3, 3, 3, 3, 3, 3, 3, 3, 3, 3, 3, 3, 3, 3, 3, 3, 3, 3, 3, 3, 3, 3, 3, 3, 3, 3, 3, 3, 3, 3, 3, 3, 3, 3, 3, 3, 3, 3, 3, 3, 3, 3, 3, 3, 3, 3, 3, 3, 3, 3, 3, 3, 3, 3, 3, 3, 3, 3, 3, 3, 3, 3, 3, 3, 3, 3, 3, 3, 3, 3, 3, 3, 3, 3, 3, 3, 3, 3, 3, 3, 3, 3, 3, 3, 3, 3, 3, 3, 3, 3, 3, 3, 3, 3, 3, 3, 3, 3, 3, 3, 3, 3, 3, 3, 3, 3, 3, 3, 3, 3, 3, 3, 3, 3, 3, 3, 3, 3, 3, 3, 3, 3, 3, 3, 3, 3, 3, 3, 3, 3, 3, 3, 3, 3, 3, 3, 3, 3, 3, 3, 3, 3, 3, 3, 3, 3, 3, 3, 3, 3, 3, 3, 3, 3, 3, 3, 3, 3, 3, 3, 3, 3, 3, 3, 3, 3, 3, 3, 3, 3, 3, 3, 3, 3, 3, 3, 3, 3, 3, 3, 3, 3, 3, 3, 3, 3, 3, 3, 3, 3, 3, 3, 3, 3, 3, 3, 3, 3, 3, 3, 3, 3, 3, 3, 3, 3, 3, 3, 3, 3, 3, 3, 3, 3, 3, 3, 3, 3, 3, 3, 3, 3, 3, 3, 3, 3, 3, 3, 3, 3, 3, 3, 3, 3, 3, 3, 3, 3, 3, 3, 3, 3, 3, 3, 3, 3, 3, 3, 3, 3, 3, 3, 3, 3, 3, 3, 3, 3, 3, 3, 3, 3, 3, 3, 3, 3, 3, 3, 3, 3, 3, 3, 3, 3, 3, 3, 3, 3, 3, 3, 3, 3, 3, 3, 3, 3, 3, 3, 3, 3, 3, 3, 3, 3, 3, 3, 3, 3, 3, 3, 3, 3, 3, 3, 3, 3, 3, 3, 3, 3, 3, 3, 3, 3, 3, 3, 3, 3, 3, 3, 3, 3, 3, 3, 3, 3, 3, 3, 3, 3, 3, 3, 3, 3, 3, 3, 3, 3, 3, 3, 3, 3, 3, 3, 3, 3, 3, 3, 3, 3, 3, 3, 3, 3, 3, 3, 3, 3, 3, 3, 3, 3, 3, 3, 3, 3, 3, 3, 3, 3, 3, 3, 3, 3, 3, 3, 3, 3, 3, 3, 3, 3, 3, 3, 3, 3, 3, 3, 3, 3, 3, 3, 3, 3, 3, 3, 3, 3, 3, 3, 3, 3, 3, 3, 3, 3, 3, 3, 3, 3, 3, 3, 3, 3, 3, 3, 3, 3, 3, 3, 3, 3, 3, 3, 3, 3, 3, 3, 3, 3, 3, 3, 3, 3, 3, 3, 3, 3, 3, 3, 3, 3, 3, 3, 3, 3, 3, 3, 3, 3, 3, 3, 3, 3, 3, 3, 3, 3, 3, 3, 3, 3, 3, 3, 3, 3, 3, 3, 3, 3, 3, 3, 3, 3, 3, 3, 3, 3, 3, 3, 3, 3, 3, 3, 3, 3, 3, 3, 3, 3, 3, 3, 3, 3, 3, 3, 3, 3, 3, 3, 3, 3, 3, 3, 3, 3, 3, 3, 3, 3, 3, 3, 3, 3, 3, 3, 3, 3, 3, 3, 3, 3, 3, 3, 3, 3, 3, 3, 3, 3, 3, 3, 3, 3, 3, 3, 3, 3, 3, 3, 3, 3, 3, 3, 3, 3, 3, 3, 3, 3, 3, 3, 3, 3, 3, 3, 3, 3, 3, 3, 3, 3, 3, 3, 3, 3, 3, 3, 3, 3, 3, 3, 3, 3, 3, 3, 3, 3, 3, 3, 3, 3, 3, 3, 3, 3, 3, 3, 3, 3, 3, 3, 3, 3, 3, 3, 3, 3, 3, 3, 3, 3, 3, 3, 3, 3, 3, 3, 3, 3, 3, 3, 3, 3, 3, 3, 3, 3, 3, 3, 3, 3, 3, 3, 3, 3, 3, 3, 3, 3, 3, 3, 3, 3, 3, 3, 3, 3, 3, 3, 3, 3, 3, 3, 3, 3, 3, 3, 3, 3, 3, 3, 3, 3, 3, 3, 3, 3, 3, 3, 3, 3, 3, 3, 3, 3, 3, 3, 3, 3, 3, 3, 3, 3, 3, 3, 3, 3, 3, 3, 3, 3, 3, 3, 3, 3, 3, 3, 3, 3, 3, 3, 3, 3, 3, 3, 3, 3, 3, 3, 3, 3, 3, 3, 3, 3, 3, 3, 3, 3, 3, 3, 3, 3, 3, 3, 3, 3, 3, 3, 3, 3, 3, 3, 3, 3, 3, 3, 3, 3, 3, 3, 3, 3, 3, 3, 3, 3, 3, 3, 3, 3, 3]
    int[] faceVertexIndices = [0, 76, 1, 76, 77, 1, 1, 77, 2, 77, 78, 2, 2, 78, 3, 78, 79, 3, 3, 79, 4, 79, 80, 4, 4, 80, 5, 80, 81, 5, 5, 81, 6, 81, 82, 6, 6, 82, 7, 82, 83, 7, 7, 83, 8, 83, 84, 8, 8, 84, 9, 84, 85, 9, 9, 85, 10, 85, 86, 10, 10, 86, 11, 86, 87, 11, 11, 87, 12, 87, 88, 12, 12, 88, 13, 88, 89, 13, 13, 89, 14, 89, 90, 14, 14, 90, 15, 90, 91, 15, 15, 91, 16, 91, 92, 16, 16, 92, 17, 92, 93, 17, 17, 93, 18, 93, 94, 18, 18, 94, 19, 94, 95, 19, 19, 95, 20, 95, 96, 20, 20, 96, 21, 96, 97, 21, 21, 97, 22, 97, 98, 22, 22, 98, 23, 98, 99, 23, 23, 99, 24, 99, 100, 24, 24, 100, 25, 100, 101, 25, 25, 101, 26, 101, 102, 26, 26, 102, 27, 102, 103, 27, 27, 103, 28, 103, 104, 28, 28, 104, 29, 104, 105, 29, 29, 105, 30, 105, 106, 30, 30, 106, 31, 106, 107, 31, 31, 107, 32, 107, 108, 32, 32, 108, 33, 108, 109, 33, 33, 109, 34, 109, 110, 34, 34, 110, 35, 110, 111, 35, 35, 111, 36, 111, 112, 36, 36, 112, 37, 112, 113, 37, 37, 113, 38, 113, 114, 38, 38, 114, 39, 114, 115, 39, 39, 115, 40, 115, 116, 40, 40, 116, 41, 116, 117, 41, 41, 117, 42, 117, 118, 42, 42, 118, 43, 118, 119, 43, 43, 119, 44, 119, 120, 44, 44, 120, 45, 120, 121, 45, 45, 121, 46, 121, 122, 46, 46, 122, 47, 122, 123, 47, 47, 123, 48, 123, 124, 48, 48, 124, 49, 124, 125, 49, 49, 125, 50, 125, 126, 50, 50, 126, 51, 126, 127, 51, 51, 127, 52, 127, 128, 52, 52, 128, 53, 128, 129, 53, 53, 129, 54, 129, 130, 54, 54, 130, 55, 130, 131, 55, 55, 131, 56, 131, 132, 56, 56, 132, 57, 132, 133, 57, 57, 133, 58, 133, 134, 58, 58, 134, 59, 134, 135, 59, 59, 135, 60, 135, 136, 60, 60, 136, 61, 136, 137, 61, 61, 137, 62, 137, 138, 62, 62, 138, 63, 138, 139, 63, 63, 139, 64, 139, 140, 64, 64, 140, 65, 140, 141, 65, 65, 141, 66, 141, 142, 66, 66, 142, 67, 142, 143, 67, 67, 143, 68, 143, 144, 68, 68, 144, 69, 144, 145, 69, 69, 145, 70, 145, 146, 70, 70, 146, 71, 146, 147, 71, 71, 147, 72, 147, 148, 72, 72, 148, 73, 148, 149, 73, 73, 149, 74, 149, 150, 74, 74, 150, 75, 150, 151, 75, 76, 152, 77, 152, 153, 77, 77, 153, 78, 153, 154, 78, 78, 154, 79, 154, 155, 79, 79, 155, 80, 155, 156, 80, 80, 156, 81, 156, 157, 81, 81, 157, 82, 157, 158, 82, 82, 158, 83, 158, 159, 83, 83, 159, 84, 159, 160, 84, 84, 160, 85, 160, 161, 85, 85, 161, 86, 161, 162, 86, 86, 162, 87, 162, 163, 87, 87, 163, 88, 163, 164, 88, 88, 164, 89, 164, 165, 89, 89, 165, 90, 165, 166, 90, 90, 166, 91, 166, 167, 91, 91, 167, 92, 167, 168, 92, 92, 168, 93, 168, 169, 93, 93, 169, 94, 169, 170, 94, 94, 170, 95, 170, 171, 95, 95, 171, 96, 171, 172, 96, 96, 172, 97, 172, 173, 97, 97, 173, 98, 173, 174, 98, 98, 174, 99, 174, 175, 99, 99, 175, 100, 175, 176, 100, 100, 176, 101, 176, 177, 101, 101, 177, 102, 177, 178, 102, 102, 178, 103, 178, 179, 103, 103, 179, 104, 179, 180, 104, 104, 180, 105, 180, 181, 105, 105, 181, 106, 181, 182, 106, 106, 182, 107, 182, 183, 107, 107, 183, 108, 183, 184, 108, 108, 184, 109, 184, 185, 109, 109, 185, 110, 185, 186, 110, 110, 186, 111, 186, 187, 111, 111, 187, 112, 187, 188, 112, 112, 188, 113, 188, 189, 113, 113, 189, 114, 189, 190, 114, 114, 190, 115, 190, 191, 115, 115, 191, 116, 191, 192, 116, 116, 192, 117, 192, 193, 117, 117, 193, 118, 193, 194, 118, 118, 194, 119, 194, 195, 119, 119, 195, 120, 195, 196, 120, 120, 196, 121, 196, 197, 121, 121, 197, 122, 197, 198, 122, 122, 198, 123, 198, 199, 123, 123, 199, 124, 199, 200, 124, 124, 200, 125, 200, 201, 125, 125, 201, 126, 201, 202, 126, 126, 202, 127, 202, 203, 127, 127, 203, 128, 203, 204, 128, 128, 204, 129, 204, 205, 129, 129, 205, 130, 205, 206, 130, 130, 206, 131, 206, 207, 131, 131, 207, 132, 207, 208, 132, 132, 208, 133, 208, 209, 133, 133, 209, 134, 209, 210, 134, 134, 210, 135, 210, 211, 135, 135, 211, 136, 211, 212, 136, 136, 212, 137, 212, 213, 137, 137, 213, 138, 213, 214, 138, 138, 214, 139, 214, 215, 139, 139, 215, 140, 215, 216, 140, 140, 216, 141, 216, 217, 141, 141, 217, 142, 217, 218, 142, 142, 218, 143, 218, 219, 143, 143, 219, 144, 219, 220, 144, 144, 220, 145, 220, 221, 145, 145, 221, 146, 221, 222, 146, 146, 222, 147, 222, 223, 147, 147, 223, 148, 223, 224, 148, 148, 224, 149, 224, 225, 149, 149, 225, 150, 225, 226, 150, 150, 226, 151, 226, 227, 151, 152, 228, 153, 228, 229, 153, 153, 229, 154, 229, 230, 154, 154, 230, 155, 230, 231, 155, 155, 231, 156, 231, 232, 156, 156, 232, 157, 232, 233, 157, 157, 233, 158, 233, 234, 158, 158, 234, 159, 234, 235, 159, 159, 235, 160, 235, 236, 160, 160, 236, 161, 236, 237, 161, 161, 237, 162, 237, 238, 162, 162, 238, 163, 238, 239, 163, 163, 239, 164, 239, 240, 164, 164, 240, 165, 240, 241, 165, 165, 241, 166, 241, 242, 166, 166, 242, 167, 242, 243, 167, 167, 243, 168, 243, 244, 168, 168, 244, 169, 244, 245, 169, 169, 245, 170, 245, 246, 170, 170, 246, 171, 246, 247, 171, 171, 247, 172, 247, 248, 172, 172, 248, 173, 248, 249, 173, 173, 249, 174, 249, 250, 174, 174, 250, 175, 250, 251, 175, 175, 251, 176, 251, 252, 176, 176, 252, 177, 252, 253, 177, 177, 253, 178, 253, 254, 178, 178, 254, 179, 254, 255, 179, 179, 255, 180, 255, 256, 180, 180, 256, 181, 256, 257, 181, 181, 257, 182, 257, 258, 182, 182, 258, 183, 258, 259, 183, 183, 259, 184, 259, 260, 184, 184, 260, 185, 260, 261, 185, 185, 261, 186, 261, 262, 186, 186, 262, 187, 262, 263, 187, 187, 263, 188, 263, 264, 188, 188, 264, 189, 264, 265, 189, 189, 265, 190, 265, 266, 190, 190, 266, 191, 266, 267, 191, 191, 267, 192, 267, 268, 192, 192, 268, 193, 268, 269, 193, 193, 269, 194, 269, 270, 194, 194, 270, 195, 270, 271, 195, 195, 271, 196, 271, 272, 196, 196, 272, 197, 272, 273, 197, 197, 273, 198, 273, 274, 198, 198, 274, 199, 274, 275, 199, 199, 275, 200, 275, 276, 200, 200, 276, 201, 276, 277, 201, 201, 277, 202, 277, 278, 202, 202, 278, 203, 278, 279, 203, 203, 279, 204, 279, 280, 204, 204, 280, 205, 280, 281, 205, 205, 281, 206, 281, 282, 206, 206, 282, 207, 282, 283, 207, 207, 283, 208, 283, 284, 208, 208, 284, 209, 284, 285, 209, 209, 285, 210, 285, 286, 210, 210, 286, 211, 286, 287, 211, 211, 287, 212, 287, 288, 212, 212, 288, 213, 288, 289, 213, 213, 289, 214, 289, 290, 214, 214, 290, 215, 290, 291, 215, 215, 291, 216, 291, 292, 216, 216, 292, 217, 292, 293, 217, 217, 293, 218, 293, 294, 218, 218, 294, 219, 294, 295, 219, 219, 295, 220, 295, 296, 220, 220, 296, 221, 296, 297, 221, 221, 297, 222, 297, 298, 222, 222, 298, 223, 298, 299, 223, 223, 299, 224, 299, 300, 224, 224, 300, 225, 300, 301, 225, 225, 301, 226, 301, 302, 226, 226, 302, 227, 302, 303, 227, 228, 304, 229, 304, 305, 229, 229, 305, 230, 305, 306, 230, 230, 306, 231, 306, 307, 231, 231, 307, 232, 307, 308, 232, 232, 308, 233, 308, 309, 233, 233, 309, 234, 309, 310, 234, 234, 310, 235, 310, 311, 235, 235, 311, 236, 311, 312, 236, 236, 312, 237, 312, 313, 237, 237, 313, 238, 313, 314, 238, 238, 314, 239, 314, 315, 239, 239, 315, 240, 315, 316, 240, 240, 316, 241, 316, 317, 241, 241, 317, 242, 317, 318, 242, 242, 318, 243, 318, 319, 243, 243, 319, 244, 319, 320, 244, 244, 320, 245, 320, 321, 245, 245, 321, 246, 321, 322, 246, 246, 322, 247, 322, 323, 247, 247, 323, 248, 323, 324, 248, 248, 324, 249, 324, 325, 249, 249, 325, 250, 325, 326, 250, 250, 326, 251, 326, 327, 251, 251, 327, 252, 327, 328, 252, 252, 328, 253, 328, 329, 253, 253, 329, 254, 329, 330, 254, 254, 330, 255, 330, 331, 255, 255, 331, 256, 331, 332, 256, 256, 332, 257, 332, 333, 257, 257, 333, 258, 333, 334, 258, 258, 334, 259, 334, 335, 259, 259, 335, 260, 335, 336, 260, 260, 336, 261, 336, 337, 261, 261, 337, 262, 337, 338, 262, 262, 338, 263, 338, 339, 263, 263, 339, 264, 339, 340, 264, 264, 340, 265, 340, 341, 265, 265, 341, 266, 341, 342, 266, 266, 342, 267, 342, 343, 267, 267, 343, 268, 343, 344, 268, 268, 344, 269, 344, 345, 269, 269, 345, 270, 345, 346, 270, 270, 346, 271, 346, 347, 271, 271, 347, 272, 347, 348, 272, 272, 348, 273, 348, 349, 273, 273, 349, 274, 349, 350, 274, 274, 350, 275, 350, 351, 275, 275, 351, 276, 351, 352, 276, 276, 352, 277, 352, 353, 277, 277, 353, 278, 353, 354, 278, 278, 354, 279, 354, 355, 279, 279, 355, 280, 355, 356, 280, 280, 356, 281, 356, 357, 281, 281, 357, 282, 357, 358, 282, 282, 358, 283, 358, 359, 283, 283, 359, 284, 359, 360, 284, 284, 360, 285, 360, 361, 285, 285, 361, 286, 361, 362, 286, 286, 362, 287, 362, 363, 287, 287, 363, 288, 363, 364, 288, 288, 364, 289, 364, 365, 289, 289, 365, 290, 365, 366, 290, 290, 366, 291, 366, 367, 291, 291, 367, 292, 367, 368, 292, 292, 368, 293, 368, 369, 293, 293, 369, 294, 369, 370, 294, 294, 370, 295, 370, 371, 295, 295, 371, 296, 371, 372, 296, 296, 372, 297, 372, 373, 297, 297, 373, 298, 373, 374, 298, 298, 374, 299, 374, 375, 299, 299, 375, 300, 375, 376, 300, 300, 376, 301, 376, 377, 301, 301, 377, 302, 377, 378, 302, 302, 378, 303, 378, 379, 303, 304, 380, 305, 380, 381, 305, 305, 381, 306, 381, 382, 306, 306, 382, 307, 382, 383, 307, 307, 383, 308, 383, 384, 308, 308, 384, 309, 384, 385, 309, 309, 385, 310, 385, 386, 310, 310, 386, 311, 386, 387, 311, 311, 387, 312, 387, 388, 312, 312, 388, 313, 388, 389, 313, 313, 389, 314, 389, 390, 314, 314, 390, 315, 390, 391, 315, 315, 391, 316, 391, 392, 316, 316, 392, 317, 392, 393, 317, 317, 393, 318, 393, 394, 318, 318, 394, 319, 394, 395, 319, 319, 395, 320, 395, 396, 320, 320, 396, 321, 396, 397, 321, 321, 397, 322, 397, 398, 322, 322, 398, 323, 398, 399, 323, 323, 399, 324, 399, 400, 324, 324, 400, 325, 400, 401, 325, 325, 401, 326, 401, 402, 326, 326, 402, 327, 402, 403, 327, 327, 403, 328, 403, 404, 328, 328, 404, 329, 404, 405, 329, 329, 405, 330, 405, 406, 330, 330, 406, 331, 406, 407, 331, 331, 407, 332, 407, 408, 332, 332, 408, 333, 408, 409, 333, 333, 409, 334, 409, 410, 334, 334, 410, 335, 410, 411, 335, 335, 411, 336, 411, 412, 336, 336, 412, 337, 412, 413, 337, 337, 413, 338, 413, 414, 338, 338, 414, 339, 414, 415, 339, 339, 415, 340, 415, 416, 340, 340, 416, 341, 416, 417, 341, 341, 417, 342, 417, 418, 342, 342, 418, 343, 418, 419, 343, 343, 419, 344, 419, 420, 344, 344, 420, 345, 420, 421, 345, 345, 421, 346, 421, 422, 346, 346, 422, 347, 422, 423, 347, 347, 423, 348, 423, 424, 348, 348, 424, 349, 424, 425, 349, 349, 425, 350, 425, 426, 350, 350, 426, 351, 426, 427, 351, 351, 427, 352, 427, 428, 352, 352, 428, 353, 428, 429, 353, 353, 429, 354, 429, 430, 354, 354, 430, 355, 430, 431, 355, 355, 431, 356, 431, 432, 356, 356, 432, 357, 432, 433, 357, 357, 433, 358, 433, 434, 358, 358, 434, 359, 434, 435, 359, 359, 435, 360, 435, 436, 360, 360, 436, 361, 436, 437, 361, 361, 437, 362, 437, 438, 362, 362, 438, 363, 438, 439, 363, 363, 439, 364, 439, 440, 364, 364, 440, 365, 440, 441, 365, 365, 441, 366, 441, 442, 366, 366, 442, 367, 442, 443, 367, 367, 443, 368, 443, 444, 368, 368, 444, 369, 444, 445, 369, 369, 445, 370, 445, 446, 370, 370, 446, 371, 446, 447, 371, 371, 447, 372, 447, 448, 372, 372, 448, 373, 448, 449, 373, 373, 449, 374, 449, 450, 374, 374, 450, 375, 450, 451, 375, 375, 451, 376, 451, 452, 376, 376, 452, 377, 452, 453, 377, 377, 453, 378, 453, 454, 378, 378, 454, 379, 454, 455, 379, 380, 456, 381, 456, 457, 381, 381, 457, 382, 457, 458, 382, 382, 458, 383, 458, 459, 383, 383, 459, 384, 459, 460, 384, 384, 460, 385, 460, 461, 385, 385, 461, 386, 461, 462, 386, 386, 462, 387, 462, 463, 387, 387, 463, 388, 463, 464, 388, 388, 464, 389, 464, 465, 389, 389, 465, 390, 465, 466, 390, 390, 466, 391, 466, 467, 391, 391, 467, 392, 467, 468, 392, 392, 468, 393, 468, 469, 393, 393, 469, 394, 469, 470, 394, 394, 470, 395, 470, 471, 395, 395, 471, 396, 471, 472, 396, 396, 472, 397, 472, 473, 397, 397, 473, 398, 473, 474, 398, 398, 474, 399, 474, 475, 399, 399, 475, 400, 475, 476, 400, 400, 476, 401, 476, 477, 401, 401, 477, 402, 477, 478, 402, 402, 478, 403, 478, 479, 403, 403, 479, 404, 479, 480, 404, 404, 480, 405, 480, 481, 405, 405, 481, 406, 481, 482, 406, 406, 482, 407, 482, 483, 407, 407, 483, 408, 483, 484, 408, 408, 484, 409, 484, 485, 409, 409, 485, 410, 485, 486, 410, 410, 486, 411, 486, 487, 411, 411, 487, 412, 487, 488, 412, 412, 488, 413, 488, 489, 413, 413, 489, 414, 489, 490, 414, 414, 490, 415, 490, 491, 415, 415, 491, 416, 491, 492, 416, 416, 492, 417, 492, 493, 417, 417, 493, 418, 493, 494, 418, 418, 494, 419, 494, 495, 419, 419, 495, 420, 495, 496, 420, 420, 496, 421, 496, 497, 421, 421, 497, 422, 497, 498, 422, 422, 498, 423, 498, 499, 423, 423, 499, 424, 499, 500, 424, 424, 500, 425, 500, 501, 425, 425, 501, 426, 501, 502, 426, 426, 502, 427, 502, 503, 427, 427, 503, 428, 503, 504, 428, 428, 504, 429, 504, 505, 429, 429, 505, 430, 505, 506, 430, 430, 506, 431, 506, 507, 431, 431, 507, 432, 507, 508, 432, 432, 508, 433, 508, 509, 433, 433, 509, 434, 509, 510, 434, 434, 510, 435, 510, 511, 435, 435, 511, 436, 511, 512, 436, 436, 512, 437, 512, 513, 437, 437, 513, 438, 513, 514, 438, 438, 514, 439, 514, 515, 439, 439, 515, 440, 515, 516, 440, 440, 516, 441, 516, 517, 441, 441, 517, 442, 517, 518, 442, 442, 518, 443, 518, 519, 443, 443, 519, 444, 519, 520, 444, 444, 520, 445, 520, 521, 445, 445, 521, 446, 521, 522, 446, 446, 522, 447, 522, 523, 447, 447, 523, 448, 523, 524, 448, 448, 524, 449, 524, 525, 449, 449, 525, 450, 525, 526, 450, 450, 526, 451, 526, 527, 451, 451, 527, 452, 527, 528, 452, 452, 528, 453, 528, 529, 453, 453, 529, 454, 529, 530, 454, 454, 530, 455, 530, 531, 455, 456, 532, 457, 532, 533, 457, 457, 533, 458, 533, 534, 458, 458, 534, 459, 534, 535, 459, 459, 535, 460, 535, 536, 460, 460, 536, 461, 536, 537, 461, 461, 537, 462, 537, 538, 462, 462, 538, 463, 538, 539, 463, 463, 539, 464, 539, 540, 464, 464, 540, 465, 540, 541, 465, 465, 541, 466, 541, 542, 466, 466, 542, 467, 542, 543, 467, 467, 543, 468, 543, 544, 468, 468, 544, 469, 544, 545, 469, 469, 545, 470, 545, 546, 470, 470, 546, 471, 546, 547, 471, 471, 547, 472, 547, 548, 472, 472, 548, 473, 548, 549, 473, 473, 549, 474, 549, 550, 474, 474, 550, 475, 550, 551, 475, 475, 551, 476, 551, 552, 476, 476, 552, 477, 552, 553, 477, 477, 553, 478, 553, 554, 478, 478, 554, 479, 554, 555, 479, 479, 555, 480, 555, 556, 480, 480, 556, 481, 556, 557, 481, 481, 557, 482, 557, 558, 482, 482, 558, 483, 558, 559, 483, 483, 559, 484, 559, 560, 484, 484, 560, 485, 560, 561, 485, 485, 561, 486, 561, 562, 486, 486, 562, 487, 562, 563, 487, 487, 563, 488, 563, 564, 488, 488, 564, 489, 564, 565, 489, 489, 565, 490, 565, 566, 490, 490, 566, 491, 566, 567, 491, 491, 567, 492, 567, 568, 492, 492, 568, 493, 568, 569, 493, 493, 569, 494, 569, 570, 494, 494, 570, 495, 570, 571, 495, 495, 571, 496, 571, 572, 496, 496, 572, 497, 572, 573, 497, 497, 573, 498, 573, 574, 498, 498, 574, 499, 574, 575, 499, 499, 575, 500, 575, 576, 500, 500, 576, 501, 576, 577, 501, 501, 577, 502, 577, 578, 502, 502, 578, 503, 578, 579, 503, 503, 579, 504, 579, 580, 504, 504, 580, 505, 580, 581, 505, 505, 581, 506, 581, 582, 506, 506, 582, 507, 582, 583, 507, 507, 583, 508, 583, 584, 508, 508, 584, 509, 584, 585, 509, 509, 585, 510, 585, 586, 510, 510, 586, 511, 586, 587, 511, 511, 587, 512, 587, 588, 512, 512, 588, 513, 588, 589, 513, 513, 589, 514, 589, 590, 514, 514, 590, 515, 590, 591, 515, 515, 591, 516, 591, 592, 516, 516, 592, 517, 592, 593, 517, 517, 593, 518, 593, 594, 518, 518, 594, 519, 594, 595, 519, 519, 595, 520, 595, 596, 520, 520, 596, 521, 596, 597, 521, 521, 597, 522, 597, 598, 522, 522, 598, 523, 598, 599, 523, 523, 599, 524, 599, 600, 524, 524, 600, 525, 600, 601, 525, 525, 601, 526, 601, 602, 526, 526, 602, 527, 602, 603, 527, 527, 603, 528, 603, 604, 528, 528, 604, 529, 604, 605, 529, 529, 605, 530, 605, 606, 530, 530, 606, 531, 606, 607, 531, 532, 608, 533, 608, 609, 533, 533, 609, 534, 609, 610, 534, 534, 610, 535, 610, 611, 535, 535, 611, 536, 611, 612, 536, 536, 612, 537, 612, 613, 537, 537, 613, 538, 613, 614, 538, 538, 614, 539, 614, 615, 539, 539, 615, 540, 615, 616, 540, 540, 616, 541, 616, 617, 541, 541, 617, 542, 617, 618, 542, 542, 618, 543, 618, 619, 543, 543, 619, 544, 619, 620, 544, 544, 620, 545, 620, 621, 545, 545, 621, 546, 621, 622, 546, 546, 622, 547, 622, 623, 547, 547, 623, 548, 623, 624, 548, 548, 624, 549, 624, 625, 549, 549, 625, 550, 625, 626, 550, 550, 626, 551, 626, 627, 551, 551, 627, 552, 627, 628, 552, 552, 628, 553, 628, 629, 553, 553, 629, 554, 629, 630, 554, 554, 630, 555, 630, 631, 555, 555, 631, 556, 631, 632, 556, 556, 632, 557, 632, 633, 557, 557, 633, 558, 633, 634, 558, 558, 634, 559, 634, 635, 559, 559, 635, 560, 635, 636, 560, 560, 636, 561, 636, 637, 561, 561, 637, 562, 637, 638, 562, 562, 638, 563, 638, 639, 563, 563, 639, 564, 639, 640, 564, 564, 640, 565, 640, 641, 565, 565, 641, 566, 641, 642, 566, 566, 642, 567, 642, 643, 567, 567, 643, 568, 643, 644, 568, 568, 644, 569, 644, 645, 569, 569, 645, 570, 645, 646, 570, 570, 646, 571, 646, 647, 571, 571, 647, 572, 647, 648, 572, 572, 648, 573, 648, 649, 573, 573, 649, 574, 649, 650, 574, 574, 650, 575, 650, 651, 575, 575, 651, 576, 651, 652, 576, 576, 652, 577, 652, 653, 577, 577, 653, 578, 653, 654, 578, 578, 654, 579, 654, 655, 579, 579, 655, 580, 655, 656, 580, 580, 656, 581, 656, 657, 581, 581, 657, 582, 657, 658, 582, 582, 658, 583, 658, 659, 583, 583, 659, 584, 659, 660, 584, 584, 660, 585, 660, 661, 585, 585, 661, 586, 661, 662, 586, 586, 662, 587, 662, 663, 587, 587, 663, 588, 663, 664, 588, 588, 664, 589, 664, 665, 589, 589, 665, 590, 665, 666, 590, 590, 666, 591, 666, 667, 591, 591, 667, 592, 667, 668, 592, 592, 668, 593, 668, 669, 593, 593, 669, 594, 669, 670, 594, 594, 670, 595, 670, 671, 595, 595, 671, 596, 671, 672, 596, 596, 672, 597, 672, 673, 597, 597, 673, 598, 673, 674, 598, 598, 674, 599, 674, 675, 599, 599, 675, 600, 675, 676, 600, 600, 676, 601, 676, 677, 601, 601, 677, 602, 677, 678, 602, 602, 678, 603, 678, 679, 603, 603, 679, 604, 679, 680, 604, 604, 680, 605, 680, 681, 605, 605, 681, 606, 681, 682, 606, 606, 682, 607, 682, 683, 607, 608, 684, 609, 684, 685, 609, 609, 685, 610, 685, 686, 610, 610, 686, 611, 686, 687, 611, 611, 687, 612, 687, 688, 612, 612, 688, 613, 688, 689, 613, 613, 689, 614, 689, 690, 614, 614, 690, 615, 690, 691, 615, 615, 691, 616, 691, 692, 616, 616, 692, 617, 692, 693, 617, 617, 693, 618, 693, 694, 618, 618, 694, 619, 694, 695, 619, 619, 695, 620, 695, 696, 620, 620, 696, 621, 696, 697, 621, 621, 697, 622, 697, 698, 622, 622, 698, 623, 698, 699, 623, 623, 699, 624, 699, 700, 624, 624, 700, 625, 700, 701, 625, 625, 701, 626, 701, 702, 626, 626, 702, 627, 702, 703, 627, 627, 703, 628, 703, 704, 628, 628, 704, 629, 704, 705, 629, 629, 705, 630, 705, 706, 630, 630, 706, 631, 706, 707, 631, 631, 707, 632, 707, 708, 632, 632, 708, 633, 708, 709, 633, 633, 709, 634, 709, 710, 634, 634, 710, 635, 710, 711, 635, 635, 711, 636, 711, 712, 636, 636, 712, 637, 712, 713, 637, 637, 713, 638, 713, 714, 638, 638, 714, 639, 714, 715, 639, 639, 715, 640, 715, 716, 640, 640, 716, 641, 716, 717, 641, 641, 717, 642, 717, 718, 642, 642, 718, 643, 718, 719, 643, 643, 719, 644, 719, 720, 644, 644, 720, 645, 720, 721, 645, 645, 721, 646, 721, 722, 646, 646, 722, 647, 722, 723, 647, 647, 723, 648, 723, 724, 648, 648, 724, 649, 724, 725, 649, 649, 725, 650, 725, 726, 650, 650, 726, 651, 726, 727, 651, 651, 727, 652, 727, 728, 652, 652, 728, 653, 728, 729, 653, 653, 729, 654, 729, 730, 654, 654, 730, 655, 730, 731, 655, 655, 731, 656, 731, 732, 656, 656, 732, 657, 732, 733, 657, 657, 733, 658, 733, 734, 658, 658, 734, 659, 734, 735, 659, 659, 735, 660, 735, 736, 660, 660, 736, 661, 736, 737, 661, 661, 737, 662, 737, 738, 662, 662, 738, 663, 738, 739, 663, 663, 739, 664, 739, 740, 664, 664, 740, 665, 740, 741, 665, 665, 741, 666, 741, 742, 666, 666, 742, 667, 742, 743, 667, 667, 743, 668, 743, 744, 668, 668, 744, 669, 744, 745, 669, 669, 745, 670, 745, 746, 670, 670, 746, 671, 746, 747, 671, 671, 747, 672, 747, 748, 672, 672, 748, 673, 748, 749, 673, 673, 749, 674, 749, 750, 674, 674, 750, 675, 750, 751, 675, 675, 751, 676, 751, 752, 676, 676, 752, 677, 752, 753, 677, 677, 753, 678, 753, 754, 678, 678, 754, 679, 754, 755, 679, 679, 755, 680, 755, 756, 680, 680, 756, 681, 756, 757, 681, 681, 757, 682, 757, 758, 682, 682, 758, 683, 758, 759, 683, 684, 760, 685, 760, 761, 685, 685, 761, 686, 761, 762, 686, 686, 762, 687, 762, 763, 687, 687, 763, 688, 763, 764, 688, 688, 764, 689, 764, 765, 689, 689, 765, 690, 765, 766, 690, 690, 766, 691, 766, 767, 691, 691, 767, 692, 767, 768, 692, 692, 768, 693, 768, 769, 693, 693, 769, 694, 769, 770, 694, 694, 770, 695, 770, 771, 695, 695, 771, 696, 771, 772, 696, 696, 772, 697, 772, 773, 697, 697, 773, 698, 773, 774, 698, 698, 774, 699, 774, 775, 699, 699, 775, 700, 775, 776, 700, 700, 776, 701, 776, 777, 701, 701, 777, 702, 777, 778, 702, 702, 778, 703, 778, 779, 703, 703, 779, 704, 779, 780, 704, 704, 780, 705, 780, 781, 705, 705, 781, 706, 781, 782, 706, 706, 782, 707, 782, 783, 707, 707, 783, 708, 783, 784, 708, 708, 784, 709, 784, 785, 709, 709, 785, 710, 785, 786, 710, 710, 786, 711, 786, 787, 711, 711, 787, 712, 787, 788, 712, 712, 788, 713, 788, 789, 713, 713, 789, 714, 789, 790, 714, 714, 790, 715, 790, 791, 715, 715, 791, 716, 791, 792, 716, 716, 792, 717, 792, 793, 717, 717, 793, 718, 793, 794, 718, 718, 794, 719, 794, 795, 719, 719, 795, 720, 795, 796, 720, 720, 796, 721, 796, 797, 721, 721, 797, 722, 797, 798, 722, 722, 798, 723, 798, 799, 723, 723, 799, 724, 799, 800, 724, 724, 800, 725, 800, 801, 725, 725, 801, 726, 801, 802, 726, 726, 802, 727, 802, 803, 727, 727, 803, 728, 803, 804, 728, 728, 804, 729, 804, 805, 729, 729, 805, 730, 805, 806, 730, 730, 806, 731, 806, 807, 731, 731, 807, 732, 807, 808, 732, 732, 808, 733, 808, 809, 733, 733, 809, 734, 809, 810, 734, 734, 810, 735, 810, 811, 735, 735, 811, 736, 811, 812, 736, 736, 812, 737, 812, 813, 737, 737, 813, 738, 813, 814, 738, 738, 814, 739, 814, 815, 739, 739, 815, 740, 815, 816, 740, 740, 816, 741, 816, 817, 741, 741, 817, 742, 817, 818, 742, 742, 818, 743, 818, 819, 743, 743, 819, 744, 819, 820, 744, 744, 820, 745, 820, 821, 745, 745, 821, 746, 821, 822, 746, 746, 822, 747, 822, 823, 747, 747, 823, 748, 823, 824, 748, 748, 824, 749, 824, 825, 749, 749, 825, 750, 825, 826, 750, 750, 826, 751, 826, 827, 751, 751, 827, 752, 827, 828, 752, 752, 828, 753, 828, 829, 753, 753, 829, 754, 829, 830, 754, 754, 830, 755, 830, 831, 755, 755, 831, 756, 831, 832, 756, 756, 832, 757, 832, 833, 757, 757, 833, 758, 833, 834, 758, 758, 834, 759, 834, 835, 759, 760, 836, 761, 836, 837, 761, 761, 837, 762, 837, 838, 762, 762, 838, 763, 838, 839, 763, 763, 839, 764, 839, 840, 764, 764, 840, 765, 840, 841, 765, 765, 841, 766, 841, 842, 766, 766, 842, 767, 842, 843, 767, 767, 843, 768, 843, 844, 768, 768, 844, 769, 844, 845, 769, 769, 845, 770, 845, 846, 770, 770, 846, 771, 846, 847, 771, 771, 847, 772, 847, 848, 772, 772, 848, 773, 848, 849, 773, 773, 849, 774, 849, 850, 774, 774, 850, 775, 850, 851, 775, 775, 851, 776, 851, 852, 776, 776, 852, 777, 852, 853, 777, 777, 853, 778, 853, 854, 778, 778, 854, 779, 854, 855, 779, 779, 855, 780, 855, 856, 780, 780, 856, 781, 856, 857, 781, 781, 857, 782, 857, 858, 782, 782, 858, 783, 858, 859, 783, 783, 859, 784, 859, 860, 784, 784, 860, 785, 860, 861, 785, 785, 861, 786, 861, 862, 786, 786, 862, 787, 862, 863, 787, 787, 863, 788, 863, 864, 788, 788, 864, 789, 864, 865, 789, 789, 865, 790, 865, 866, 790, 790, 866, 791, 866, 867, 791, 791, 867, 792, 867, 868, 792, 792, 868, 793, 868, 869, 793, 793, 869, 794, 869, 870, 794, 794, 870, 795, 870, 871, 795, 795, 871, 796, 871, 872, 796, 796, 872, 797, 872, 873, 797, 797, 873, 798, 873, 874, 798, 798, 874, 799, 874, 875, 799, 799, 875, 800, 875, 876, 800, 800, 876, 801, 876, 877, 801, 801, 877, 802, 877, 878, 802, 802, 878, 803, 878, 879, 803, 803, 879, 804, 879, 880, 804, 804, 880, 805, 880, 881, 805, 805, 881, 806, 881, 882, 806, 806, 882, 807, 882, 883, 807, 807, 883, 808, 883, 884, 808, 808, 884, 809, 884, 885, 809, 809, 885, 810, 885, 886, 810, 810, 886, 811, 886, 887, 811, 811, 887, 812, 887, 888, 812, 812, 888, 813, 888, 889, 813, 813, 889, 814, 889, 890, 814, 814, 890, 815, 890, 891, 815, 815, 891, 816, 891, 892, 816, 816, 892, 817, 892, 893, 817, 817, 893, 818, 893, 894, 818, 818, 894, 819, 894, 895, 819, 819, 895, 820, 895, 896, 820, 820, 896, 821, 896, 897, 821, 821, 897, 822, 897, 898, 822, 822, 898, 823, 898, 899, 823, 823, 899, 824, 899, 900, 824, 824, 900, 825, 900, 901, 825, 825, 901, 826, 901, 902, 826, 826, 902, 827, 902, 903, 827, 827, 903, 828, 903, 904, 828, 828, 904, 829, 904, 905, 829, 829, 905, 830, 905, 906, 830, 830, 906, 831, 906, 907, 831, 831, 907, 832, 907, 908, 832, 832, 908, 833, 908, 909, 833, 833, 909, 834, 909, 910, 834, 834, 910, 835, 910, 911, 835, 836, 912, 837, 912, 913, 837, 837, 913, 838, 913, 914, 838, 838, 914, 839, 914, 915, 839, 839, 915, 840, 915, 916, 840, 840, 916, 841, 916, 917, 841, 841, 917, 842, 917, 918, 842, 842, 918, 843, 918, 919, 843, 843, 919, 844, 919, 920, 844, 844, 920, 845, 920, 921, 845, 845, 921, 846, 921, 922, 846, 846, 922, 847, 922, 923, 847, 847, 923, 848, 923, 924, 848, 848, 924, 849, 924, 925, 849, 849, 925, 850, 925, 926, 850, 850, 926, 851, 926, 927, 851, 851, 927, 852, 927, 928, 852, 852, 928, 853, 928, 929, 853, 853, 929, 854, 929, 930, 854, 854, 930, 855, 930, 931, 855, 855, 931, 856, 931, 932, 856, 856, 932, 857, 932, 933, 857, 857, 933, 858, 933, 934, 858, 858, 934, 859, 934, 935, 859, 859, 935, 860, 935, 936, 860, 860, 936, 861, 936, 937, 861, 861, 937, 862, 937, 938, 862, 862, 938, 863, 938, 939, 863, 863, 939, 864, 939, 940, 864, 864, 940, 865, 940, 941, 865, 865, 941, 866, 941, 942, 866, 866, 942, 867, 942, 943, 867, 867, 943, 868, 943, 944, 868, 868, 944, 869, 944, 945, 869, 869, 945, 870, 945, 946, 870, 870, 946, 871, 946, 947, 871, 871, 947, 872, 947, 948, 872, 872, 948, 873, 948, 949, 873, 873, 949, 874, 949, 950, 874, 874, 950, 875, 950, 951, 875, 875, 951, 876, 951, 952, 876, 876, 952, 877, 952, 953, 877, 877, 953, 878, 953, 954, 878, 878, 954, 879, 954, 955, 879, 879, 955, 880, 955, 956, 880, 880, 956, 881, 956, 957, 881, 881, 957, 882, 957, 958, 882, 882, 958, 883, 958, 959, 883, 883, 959, 884, 959, 960, 884, 884, 960, 885, 960, 961, 885, 885, 961, 886, 961, 962, 886, 886, 962, 887, 962, 963, 887, 887, 963, 888, 963, 964, 888, 888, 964, 889, 964, 965, 889, 889, 965, 890, 965, 966, 890, 890, 966, 891, 966, 967, 891, 891, 967, 892, 967, 968, 892, 892, 968, 893, 968, 969, 893, 893, 969, 894, 969, 970, 894, 894, 970, 895, 970, 971, 895, 895, 971, 896, 971, 972, 896, 896, 972, 897, 972, 973, 897, 897, 973, 898, 973, 974, 898, 898, 974, 899, 974, 975, 899, 899, 975, 900, 975, 976, 900, 900, 976, 901, 976, 977, 901, 901, 977, 902, 977, 978, 902, 902, 978, 903, 978, 979, 903, 903, 979, 904, 979, 980, 904, 904, 980, 905, 980, 981, 905, 905, 981, 906, 981, 982, 906, 906, 982, 907, 982, 983, 907, 907, 983, 908, 983, 984, 908, 908, 984, 909, 984, 985, 909, 909, 985, 910, 985, 986, 910, 910, 986, 911, 986, 987, 911, 912, 988, 913, 988, 989, 913, 913, 989, 914, 989, 990, 914, 914, 990, 915, 990, 991, 915, 915, 991, 916, 991, 992, 916, 916, 992, 917, 992, 993, 917, 917, 993, 918, 993, 994, 918, 918, 994, 919, 994, 995, 919, 919, 995, 920, 995, 996, 920, 920, 996, 921, 996, 997, 921, 921, 997, 922, 997, 998, 922, 922, 998, 923, 998, 999, 923, 923, 999, 924, 999, 1000, 924, 924, 1000, 925, 1000, 1001, 925, 925, 1001, 926, 1001, 1002, 926, 926, 1002, 927, 1002, 1003, 927, 927, 1003, 928, 1003, 1004, 928, 928, 1004, 929, 1004, 1005, 929, 929, 1005, 930, 1005, 1006, 930, 930, 1006, 931, 1006, 1007, 931, 931, 1007, 932, 1007, 1008, 932, 932, 1008, 933, 1008, 1009, 933, 933, 1009, 934, 1009, 1010, 934, 934, 1010, 935, 1010, 1011, 935, 935, 1011, 936, 1011, 1012, 936, 936, 1012, 937, 1012, 1013, 937, 937, 1013, 938, 1013, 1014, 938, 938, 1014, 939, 1014, 1015, 939, 939, 1015, 940, 1015, 1016, 940, 940, 1016, 941, 1016, 1017, 941, 941, 1017, 942, 1017, 1018, 942, 942, 1018, 943, 1018, 1019, 943, 943, 1019, 944, 1019, 1020, 944, 944, 1020, 945, 1020, 1021, 945, 945, 1021, 946, 1021, 1022, 946, 946, 1022, 947, 1022, 1023, 947, 947, 1023, 948, 1023, 1024, 948, 948, 1024, 949, 1024, 1025, 949, 949, 1025, 950, 1025, 1026, 950, 950, 1026, 951, 1026, 1027, 951, 951, 1027, 952, 1027, 1028, 952, 952, 1028, 953, 1028, 1029, 953, 953, 1029, 954, 1029, 1030, 954, 954, 1030, 955, 1030, 1031, 955, 955, 1031, 956, 1031, 1032, 956, 956, 1032, 957, 1032, 1033, 957, 957, 1033, 958, 1033, 1034, 958, 958, 1034, 959, 1034, 1035, 959, 959, 1035, 960, 1035, 1036, 960, 960, 1036, 961, 1036, 1037, 961, 961, 1037, 962, 1037, 1038, 962, 962, 1038, 963, 1038, 1039, 963, 963, 1039, 964, 1039, 1040, 964, 964, 1040, 965, 1040, 1041, 965, 965, 1041, 966, 1041, 1042, 966, 966, 1042, 967, 1042, 1043, 967, 967, 1043, 968, 1043, 1044, 968, 968, 1044, 969, 1044, 1045, 969, 969, 1045, 970, 1045, 1046, 970, 970, 1046, 971, 1046, 1047, 971, 971, 1047, 972, 1047, 1048, 972, 972, 1048, 973, 1048, 1049, 973, 973, 1049, 974, 1049, 1050, 974, 974, 1050, 975, 1050, 1051, 975, 975, 1051, 976, 1051, 1052, 976, 976, 1052, 977, 1052, 1053, 977, 977, 1053, 978, 1053, 1054, 978, 978, 1054, 979, 1054, 1055, 979, 979, 1055, 980, 1055, 1056, 980, 980, 1056, 981, 1056, 1057, 981, 981, 1057, 982, 1057, 1058, 982, 982, 1058, 983, 1058, 1059, 983, 983, 1059, 984, 1059, 1060, 984, 984, 1060, 985, 1060, 1061, 985, 985, 1061, 986, 1061, 1062, 986, 986, 1062, 987, 1062, 1063, 987, 988, 1064, 989, 1064, 1065, 989, 989, 1065, 990, 1065, 1066, 990, 990, 1066, 991, 1066, 1067, 991, 991, 1067, 992, 1067, 1068, 992, 992, 1068, 993, 1068, 1069, 993, 993, 1069, 994, 1069, 1070, 994, 994, 1070, 995, 1070, 1071, 995, 995, 1071, 996, 1071, 1072, 996, 996, 1072, 997, 1072, 1073, 997, 997, 1073, 998, 1073, 1074, 998, 998, 1074, 999, 1074, 1075, 999, 999, 1075, 1000, 1075, 1076, 1000, 1000, 1076, 1001, 1076, 1077, 1001, 1001, 1077, 1002, 1077, 1078, 1002, 1002, 1078, 1003, 1078, 1079, 1003, 1003, 1079, 1004, 1079, 1080, 1004, 1004, 1080, 1005, 1080, 1081, 1005, 1005, 1081, 1006, 1081, 1082, 1006, 1006, 1082, 1007, 1082, 1083, 1007, 1007, 1083, 1008, 1083, 1084, 1008, 1008, 1084, 1009, 1084, 1085, 1009, 1009, 1085, 1010, 1085, 1086, 1010, 1010, 1086, 1011, 1086, 1087, 1011, 1011, 1087, 1012, 1087, 1088, 1012, 1012, 1088, 1013, 1088, 1089, 1013, 1013, 1089, 1014, 1089, 1090, 1014, 1014, 1090, 1015, 1090, 1091, 1015, 1015, 1091, 1016, 1091, 1092, 1016, 1016, 1092, 1017, 1092, 1093, 1017, 1017, 1093, 1018, 1093, 1094, 1018, 1018, 1094, 1019, 1094, 1095, 1019, 1019, 1095, 1020, 1095, 1096, 1020, 1020, 1096, 1021, 1096, 1097, 1021, 1021, 1097, 1022, 1097, 1098, 1022, 1022, 1098, 1023, 1098, 1099, 1023, 1023, 1099, 1024, 1099, 1100, 1024, 1024, 1100, 1025, 1100, 1101, 1025, 1025, 1101, 1026, 1101, 1102, 1026, 1026, 1102, 1027, 1102, 1103, 1027, 1027, 1103, 1028, 1103, 1104, 1028, 1028, 1104, 1029, 1104, 1105, 1029, 1029, 1105, 1030, 1105, 1106, 1030, 1030, 1106, 1031, 1106, 1107, 1031, 1031, 1107, 1032, 1107, 1108, 1032, 1032, 1108, 1033, 1108, 1109, 1033, 1033, 1109, 1034, 1109, 1110, 1034, 1034, 1110, 1035, 1110, 1111, 1035, 1035, 1111, 1036, 1111, 1112, 1036, 1036, 1112, 1037, 1112, 1113, 1037, 1037, 1113, 1038, 1113, 1114, 1038, 1038, 1114, 1039, 1114, 1115, 1039, 1039, 1115, 1040, 1115, 1116, 1040, 1040, 1116, 1041, 1116, 1117, 1041, 1041, 1117, 1042, 1117, 1118, 1042, 1042, 1118, 1043, 1118, 1119, 1043, 1043, 1119, 1044, 1119, 1120, 1044, 1044, 1120, 1045, 1120, 1121, 1045, 1045, 1121, 1046, 1121, 1122, 1046, 1046, 1122, 1047, 1122, 1123, 1047, 1047, 1123, 1048, 1123, 1124, 1048, 1048, 1124, 1049, 1124, 1125, 1049, 1049, 1125, 1050, 1125, 1126, 1050, 1050, 1126, 1051, 1126, 1127, 1051, 1051, 1127, 1052, 1127, 1128, 1052, 1052, 1128, 1053, 1128, 1129, 1053, 1053, 1129, 1054, 1129, 1130, 1054, 1054, 1130, 1055, 1130, 1131, 1055, 1055, 1131, 1056, 1131, 1132, 1056, 1056, 1132, 1057, 1132, 1133, 1057, 1057, 1133, 1058, 1133, 1134, 1058, 1058, 1134, 1059, 1134, 1135, 1059, 1059, 1135, 1060, 1135, 1136, 1060, 1060, 1136, 1061, 1136, 1137, 1061, 1061, 1137, 1062, 1137, 1138, 1062, 1062, 1138, 1063, 1138, 1139, 1063, 1064, 1140, 1065, 1140, 1141, 1065, 1065, 1141, 1066, 1141, 1142, 1066, 1066, 1142, 1067, 1142, 1143, 1067, 1067, 1143, 1068, 1143, 1144, 1068, 1068, 1144, 1069, 1144, 1145, 1069, 1069, 1145, 1070, 1145, 1146, 1070, 1070, 1146, 1071, 1146, 1147, 1071, 1071, 1147, 1072, 1147, 1148, 1072, 1072, 1148, 1073, 1148, 1149, 1073, 1073, 1149, 1074, 1149, 1150, 1074, 1074, 1150, 1075, 1150, 1151, 1075, 1075, 1151, 1076, 1151, 1152, 1076, 1076, 1152, 1077, 1152, 1153, 1077, 1077, 1153, 1078, 1153, 1154, 1078, 1078, 1154, 1079, 1154, 1155, 1079, 1079, 1155, 1080, 1155, 1156, 1080, 1080, 1156, 1081, 1156, 1157, 1081, 1081, 1157, 1082, 1157, 1158, 1082, 1082, 1158, 1083, 1158, 1159, 1083, 1083, 1159, 1084, 1159, 1160, 1084, 1084, 1160, 1085, 1160, 1161, 1085, 1085, 1161, 1086, 1161, 1162, 1086, 1086, 1162, 1087, 1162, 1163, 1087, 1087, 1163, 1088, 1163, 1164, 1088, 1088, 1164, 1089, 1164, 1165, 1089, 1089, 1165, 1090, 1165, 1166, 1090, 1090, 1166, 1091, 1166, 1167, 1091, 1091, 1167, 1092, 1167, 1168, 1092, 1092, 1168, 1093, 1168, 1169, 1093, 1093, 1169, 1094, 1169, 1170, 1094, 1094, 1170, 1095, 1170, 1171, 1095, 1095, 1171, 1096, 1171, 1172, 1096, 1096, 1172, 1097, 1172, 1173, 1097, 1097, 1173, 1098, 1173, 1174, 1098, 1098, 1174, 1099, 1174, 1175, 1099, 1099, 1175, 1100, 1175, 1176, 1100, 1100, 1176, 1101, 1176, 1177, 1101, 1101, 1177, 1102, 1177, 1178, 1102, 1102, 1178, 1103, 1178, 1179, 1103, 1103, 1179, 1104, 1179, 1180, 1104, 1104, 1180, 1105, 1180, 1181, 1105, 1105, 1181, 1106, 1181, 1182, 1106, 1106, 1182, 1107, 1182, 1183, 1107, 1107, 1183, 1108, 1183, 1184, 1108, 1108, 1184, 1109, 1184, 1185, 1109, 1109, 1185, 1110, 1185, 1186, 1110, 1110, 1186, 1111, 1186, 1187, 1111, 1111, 1187, 1112, 1187, 1188, 1112, 1112, 1188, 1113, 1188, 1189, 1113, 1113, 1189, 1114, 1189, 1190, 1114, 1114, 1190, 1115, 1190, 1191, 1115, 1115, 1191, 1116, 1191, 1192, 1116, 1116, 1192, 1117, 1192, 1193, 1117, 1117, 1193, 1118, 1193, 1194, 1118, 1118, 1194, 1119, 1194, 1195, 1119, 1119, 1195, 1120, 1195, 1196, 1120, 1120, 1196, 1121, 1196, 1197, 1121, 1121, 1197, 1122, 1197, 1198, 1122, 1122, 1198, 1123, 1198, 1199, 1123, 1123, 1199, 1124, 1199, 1200, 1124, 1124, 1200, 1125, 1200, 1201, 1125, 1125, 1201, 1126, 1201, 1202, 1126, 1126, 1202, 1127, 1202, 1203, 1127, 1127, 1203, 1128, 1203, 1204, 1128, 1128, 1204, 1129, 1204, 1205, 1129, 1129, 1205, 1130, 1205, 1206, 1130, 1130, 1206, 1131, 1206, 1207, 1131, 1131, 1207, 1132, 1207, 1208, 1132, 1132, 1208, 1133, 1208, 1209, 1133, 1133, 1209, 1134, 1209, 1210, 1134, 1134, 1210, 1135, 1210, 1211, 1135, 1135, 1211, 1136, 1211, 1212, 1136, 1136, 1212, 1137, 1212, 1213, 1137, 1137, 1213, 1138, 1213, 1214, 1138, 1138, 1214, 1139, 1214, 1215, 1139, 1140, 1216, 1141, 1216, 1217, 1141, 1141, 1217, 1142, 1217, 1218, 1142, 1142, 1218, 1143, 1218, 1219, 1143, 1143, 1219, 1144, 1219, 1220, 1144, 1144, 1220, 1145, 1220, 1221, 1145, 1145, 1221, 1146, 1221, 1222, 1146, 1146, 1222, 1147, 1222, 1223, 1147, 1147, 1223, 1148, 1223, 1224, 1148, 1148, 1224, 1149, 1224, 1225, 1149, 1149, 1225, 1150, 1225, 1226, 1150, 1150, 1226, 1151, 1226, 1227, 1151, 1151, 1227, 1152, 1227, 1228, 1152, 1152, 1228, 1153, 1228, 1229, 1153, 1153, 1229, 1154, 1229, 1230, 1154, 1154, 1230, 1155, 1230, 1231, 1155, 1155, 1231, 1156, 1231, 1232, 1156, 1156, 1232, 1157, 1232, 1233, 1157, 1157, 1233, 1158, 1233, 1234, 1158, 1158, 1234, 1159, 1234, 1235, 1159, 1159, 1235, 1160, 1235, 1236, 1160, 1160, 1236, 1161, 1236, 1237, 1161, 1161, 1237, 1162, 1237, 1238, 1162, 1162, 1238, 1163, 1238, 1239, 1163, 1163, 1239, 1164, 1239, 1240, 1164, 1164, 1240, 1165, 1240, 1241, 1165, 1165, 1241, 1166, 1241, 1242, 1166, 1166, 1242, 1167, 1242, 1243, 1167, 1167, 1243, 1168, 1243, 1244, 1168, 1168, 1244, 1169, 1244, 1245, 1169, 1169, 1245, 1170, 1245, 1246, 1170, 1170, 1246, 1171, 1246, 1247, 1171, 1171, 1247, 1172, 1247, 1248, 1172, 1172, 1248, 1173, 1248, 1249, 1173, 1173, 1249, 1174, 1249, 1250, 1174, 1174, 1250, 1175, 1250, 1251, 1175, 1175, 1251, 1176, 1251, 1252, 1176, 1176, 1252, 1177, 1252, 1253, 1177, 1177, 1253, 1178, 1253, 1254, 1178, 1178, 1254, 1179, 1254, 1255, 1179, 1179, 1255, 1180, 1255, 1256, 1180, 1180, 1256, 1181, 1256, 1257, 1181, 1181, 1257, 1182, 1257, 1258, 1182, 1182, 1258, 1183, 1258, 1259, 1183, 1183, 1259, 1184, 1259, 1260, 1184, 1184, 1260, 1185, 1260, 1261, 1185, 1185, 1261, 1186, 1261, 1262, 1186, 1186, 1262, 1187, 1262, 1263, 1187, 1187, 1263, 1188, 1263, 1264, 1188, 1188, 1264, 1189, 1264, 1265, 1189, 1189, 1265, 1190, 1265, 1266, 1190, 1190, 1266, 1191, 1266, 1267, 1191, 1191, 1267, 1192, 1267, 1268, 1192, 1192, 1268, 1193, 1268, 1269, 1193, 1193, 1269, 1194, 1269, 1270, 1194, 1194, 1270, 1195, 1270, 1271, 1195, 1195, 1271, 1196, 1271, 1272, 1196, 1196, 1272, 1197, 1272, 1273, 1197, 1197, 1273, 1198, 1273, 1274, 1198, 1198, 1274, 1199, 1274, 1275, 1199, 1199, 1275, 1200, 1275, 1276, 1200, 1200, 1276, 1201, 1276, 1277, 1201, 1201, 1277, 1202, 1277, 1278, 1202, 1202, 1278, 1203, 1278, 1279, 1203, 1203, 1279, 1204, 1279, 1280, 1204, 1204, 1280, 1205, 1280, 1281, 1205, 1205, 1281, 1206, 1281, 1282, 1206, 1206, 1282, 1207, 1282, 1283, 1207, 1207, 1283, 1208, 1283, 1284, 1208, 1208, 1284, 1209, 1284, 1285, 1209, 1209, 1285, 1210, 1285, 1286, 1210, 1210, 1286, 1211, 1286, 1287, 1211, 1211, 1287, 1212, 1287, 1288, 1212, 1212, 1288, 1213, 1288, 1289, 1213, 1213, 1289, 1214, 1289, 1290, 1214, 1214, 1290, 1215, 1290, 1291, 1215, 1216, 1292, 1217, 1292, 1293, 1217, 1217, 1293, 1218, 1293, 1294, 1218, 1218, 1294, 1219, 1294, 1295, 1219, 1219, 1295, 1220, 1295, 1296, 1220, 1220, 1296, 1221, 1296, 1297, 1221, 1221, 1297, 1222, 1297, 1298, 1222, 1222, 1298, 1223, 1298, 1299, 1223, 1223, 1299, 1224, 1299, 1300, 1224, 1224, 1300, 1225, 1300, 1301, 1225, 1225, 1301, 1226, 1301, 1302, 1226, 1226, 1302, 1227, 1302, 1303, 1227, 1227, 1303, 1228, 1303, 1304, 1228, 1228, 1304, 1229, 1304, 1305, 1229, 1229, 1305, 1230, 1305, 1306, 1230, 1230, 1306, 1231, 1306, 1307, 1231, 1231, 1307, 1232, 1307, 1308, 1232, 1232, 1308, 1233, 1308, 1309, 1233, 1233, 1309, 1234, 1309, 1310, 1234, 1234, 1310, 1235, 1310, 1311, 1235, 1235, 1311, 1236, 1311, 1312, 1236, 1236, 1312, 1237, 1312, 1313, 1237, 1237, 1313, 1238, 1313, 1314, 1238, 1238, 1314, 1239, 1314, 1315, 1239, 1239, 1315, 1240, 1315, 1316, 1240, 1240, 1316, 1241, 1316, 1317, 1241, 1241, 1317, 1242, 1317, 1318, 1242, 1242, 1318, 1243, 1318, 1319, 1243, 1243, 1319, 1244, 1319, 1320, 1244, 1244, 1320, 1245, 1320, 1321, 1245, 1245, 1321, 1246, 1321, 1322, 1246, 1246, 1322, 1247, 1322, 1323, 1247, 1247, 1323, 1248, 1323, 1324, 1248, 1248, 1324, 1249, 1324, 1325, 1249, 1249, 1325, 1250, 1325, 1326, 1250, 1250, 1326, 1251, 1326, 1327, 1251, 1251, 1327, 1252, 1327, 1328, 1252, 1252, 1328, 1253, 1328, 1329, 1253, 1253, 1329, 1254, 1329, 1330, 1254, 1254, 1330, 1255, 1330, 1331, 1255, 1255, 1331, 1256, 1331, 1332, 1256, 1256, 1332, 1257, 1332, 1333, 1257, 1257, 1333, 1258, 1333, 1334, 1258, 1258, 1334, 1259, 1334, 1335, 1259, 1259, 1335, 1260, 1335, 1336, 1260, 1260, 1336, 1261, 1336, 1337, 1261, 1261, 1337, 1262, 1337, 1338, 1262, 1262, 1338, 1263, 1338, 1339, 1263, 1263, 1339, 1264, 1339, 1340, 1264, 1264, 1340, 1265, 1340, 1341, 1265, 1265, 1341, 1266, 1341, 1342, 1266, 1266, 1342, 1267, 1342, 1343, 1267, 1267, 1343, 1268, 1343, 1344, 1268, 1268, 1344, 1269, 1344, 1345, 1269, 1269, 1345, 1270, 1345, 1346, 1270, 1270, 1346, 1271, 1346, 1347, 1271, 1271, 1347, 1272, 1347, 1348, 1272, 1272, 1348, 1273, 1348, 1349, 1273, 1273, 1349, 1274, 1349, 1350, 1274, 1274, 1350, 1275, 1350, 1351, 1275, 1275, 1351, 1276, 1351, 1352, 1276, 1276, 1352, 1277, 1352, 1353, 1277, 1277, 1353, 1278, 1353, 1354, 1278, 1278, 1354, 1279, 1354, 1355, 1279, 1279, 1355, 1280, 1355, 1356, 1280, 1280, 1356, 1281, 1356, 1357, 1281, 1281, 1357, 1282, 1357, 1358, 1282, 1282, 1358, 1283, 1358, 1359, 1283, 1283, 1359, 1284, 1359, 1360, 1284, 1284, 1360, 1285, 1360, 1361, 1285, 1285, 1361, 1286, 1361, 1362, 1286, 1286, 1362, 1287, 1362, 1363, 1287, 1287, 1363, 1288, 1363, 1364, 1288, 1288, 1364, 1289, 1364, 1365, 1289, 1289, 1365, 1290, 1365, 1366, 1290, 1290, 1366, 1291, 1366, 1367, 1291, 1292, 1368, 1293, 1368, 1369, 1293, 1293, 1369, 1294, 1369, 1370, 1294, 1294, 1370, 1295, 1370, 1371, 1295, 1295, 1371, 1296, 1371, 1372, 1296, 1296, 1372, 1297, 1372, 1373, 1297, 1297, 1373, 1298, 1373, 1374, 1298, 1298, 1374, 1299, 1374, 1375, 1299, 1299, 1375, 1300, 1375, 1376, 1300, 1300, 1376, 1301, 1376, 1377, 1301, 1301, 1377, 1302, 1377, 1378, 1302, 1302, 1378, 1303, 1378, 1379, 1303, 1303, 1379, 1304, 1379, 1380, 1304, 1304, 1380, 1305, 1380, 1381, 1305, 1305, 1381, 1306, 1381, 1382, 1306, 1306, 1382, 1307, 1382, 1383, 1307, 1307, 1383, 1308, 1383, 1384, 1308, 1308, 1384, 1309, 1384, 1385, 1309, 1309, 1385, 1310, 1385, 1386, 1310, 1310, 1386, 1311, 1386, 1387, 1311, 1311, 1387, 1312, 1387, 1388, 1312, 1312, 1388, 1313, 1388, 1389, 1313, 1313, 1389, 1314, 1389, 1390, 1314, 1314, 1390, 1315, 1390, 1391, 1315, 1315, 1391, 1316, 1391, 1392, 1316, 1316, 1392, 1317, 1392, 1393, 1317, 1317, 1393, 1318, 1393, 1394, 1318, 1318, 1394, 1319, 1394, 1395, 1319, 1319, 1395, 1320, 1395, 1396, 1320, 1320, 1396, 1321, 1396, 1397, 1321, 1321, 1397, 1322, 1397, 1398, 1322, 1322, 1398, 1323, 1398, 1399, 1323, 1323, 1399, 1324, 1399, 1400, 1324, 1324, 1400, 1325, 1400, 1401, 1325, 1325, 1401, 1326, 1401, 1402, 1326, 1326, 1402, 1327, 1402, 1403, 1327, 1327, 1403, 1328, 1403, 1404, 1328, 1328, 1404, 1329, 1404, 1405, 1329, 1329, 1405, 1330, 1405, 1406, 1330, 1330, 1406, 1331, 1406, 1407, 1331, 1331, 1407, 1332, 1407, 1408, 1332, 1332, 1408, 1333, 1408, 1409, 1333, 1333, 1409, 1334, 1409, 1410, 1334, 1334, 1410, 1335, 1410, 1411, 1335, 1335, 1411, 1336, 1411, 1412, 1336, 1336, 1412, 1337, 1412, 1413, 1337, 1337, 1413, 1338, 1413, 1414, 1338, 1338, 1414, 1339, 1414, 1415, 1339, 1339, 1415, 1340, 1415, 1416, 1340, 1340, 1416, 1341, 1416, 1417, 1341, 1341, 1417, 1342, 1417, 1418, 1342, 1342, 1418, 1343, 1418, 1419, 1343, 1343, 1419, 1344, 1419, 1420, 1344, 1344, 1420, 1345, 1420, 1421, 1345, 1345, 1421, 1346, 1421, 1422, 1346, 1346, 1422, 1347, 1422, 1423, 1347, 1347, 1423, 1348, 1423, 1424, 1348, 1348, 1424, 1349, 1424, 1425, 1349, 1349, 1425, 1350, 1425, 1426, 1350, 1350, 1426, 1351, 1426, 1427, 1351, 1351, 1427, 1352, 1427, 1428, 1352, 1352, 1428, 1353, 1428, 1429, 1353, 1353, 1429, 1354, 1429, 1430, 1354, 1354, 1430, 1355, 1430, 1431, 1355, 1355, 1431, 1356, 1431, 1432, 1356, 1356, 1432, 1357, 1432, 1433, 1357, 1357, 1433, 1358, 1433, 1434, 1358, 1358, 1434, 1359, 1434, 1435, 1359, 1359, 1435, 1360, 1435, 1436, 1360, 1360, 1436, 1361, 1436, 1437, 1361, 1361, 1437, 1362, 1437, 1438, 1362, 1362, 1438, 1363, 1438, 1439, 1363, 1363, 1439, 1364, 1439, 1440, 1364, 1364, 1440, 1365, 1440, 1441, 1365, 1365, 1441, 1366, 1441, 1442, 1366, 1366, 1442, 1367, 1442, 1443, 1367, 1368, 1444, 1369, 1444, 1445, 1369, 1369, 1445, 1370, 1445, 1446, 1370, 1370, 1446, 1371, 1446, 1447, 1371, 1371, 1447, 1372, 1447, 1448, 1372, 1372, 1448, 1373, 1448, 1449, 1373, 1373, 1449, 1374, 1449, 1450, 1374, 1374, 1450, 1375, 1450, 1451, 1375, 1375, 1451, 1376, 1451, 1452, 1376, 1376, 1452, 1377, 1452, 1453, 1377, 1377, 1453, 1378, 1453, 1454, 1378, 1378, 1454, 1379, 1454, 1455, 1379, 1379, 1455, 1380, 1455, 1456, 1380, 1380, 1456, 1381, 1456, 1457, 1381, 1381, 1457, 1382, 1457, 1458, 1382, 1382, 1458, 1383, 1458, 1459, 1383, 1383, 1459, 1384, 1459, 1460, 1384, 1384, 1460, 1385, 1460, 1461, 1385, 1385, 1461, 1386, 1461, 1462, 1386, 1386, 1462, 1387, 1462, 1463, 1387, 1387, 1463, 1388, 1463, 1464, 1388, 1388, 1464, 1389, 1464, 1465, 1389, 1389, 1465, 1390, 1465, 1466, 1390, 1390, 1466, 1391, 1466, 1467, 1391, 1391, 1467, 1392, 1467, 1468, 1392, 1392, 1468, 1393, 1468, 1469, 1393, 1393, 1469, 1394, 1469, 1470, 1394, 1394, 1470, 1395, 1470, 1471, 1395, 1395, 1471, 1396, 1471, 1472, 1396, 1396, 1472, 1397, 1472, 1473, 1397, 1397, 1473, 1398, 1473, 1474, 1398, 1398, 1474, 1399, 1474, 1475, 1399, 1399, 1475, 1400, 1475, 1476, 1400, 1400, 1476, 1401, 1476, 1477, 1401, 1401, 1477, 1402, 1477, 1478, 1402, 1402, 1478, 1403, 1478, 1479, 1403, 1403, 1479, 1404, 1479, 1480, 1404, 1404, 1480, 1405, 1480, 1481, 1405, 1405, 1481, 1406, 1481, 1482, 1406, 1406, 1482, 1407, 1482, 1483, 1407, 1407, 1483, 1408, 1483, 1484, 1408, 1408, 1484, 1409, 1484, 1485, 1409, 1409, 1485, 1410, 1485, 1486, 1410, 1410, 1486, 1411, 1486, 1487, 1411, 1411, 1487, 1412, 1487, 1488, 1412, 1412, 1488, 1413, 1488, 1489, 1413, 1413, 1489, 1414, 1489, 1490, 1414, 1414, 1490, 1415, 1490, 1491, 1415, 1415, 1491, 1416, 1491, 1492, 1416, 1416, 1492, 1417, 1492, 1493, 1417, 1417, 1493, 1418, 1493, 1494, 1418, 1418, 1494, 1419, 1494, 1495, 1419, 1419, 1495, 1420, 1495, 1496, 1420, 1420, 1496, 1421, 1496, 1497, 1421, 1421, 1497, 1422, 1497, 1498, 1422, 1422, 1498, 1423, 1498, 1499, 1423, 1423, 1499, 1424, 1499, 1500, 1424, 1424, 1500, 1425, 1500, 1501, 1425, 1425, 1501, 1426, 1501, 1502, 1426, 1426, 1502, 1427, 1502, 1503, 1427, 1427, 1503, 1428, 1503, 1504, 1428, 1428, 1504, 1429, 1504, 1505, 1429, 1429, 1505, 1430, 1505, 1506, 1430, 1430, 1506, 1431, 1506, 1507, 1431, 1431, 1507, 1432, 1507, 1508, 1432, 1432, 1508, 1433, 1508, 1509, 1433, 1433, 1509, 1434, 1509, 1510, 1434, 1434, 1510, 1435, 1510, 1511, 1435, 1435, 1511, 1436, 1511, 1512, 1436, 1436, 1512, 1437, 1512, 1513, 1437, 1437, 1513, 1438, 1513, 1514, 1438, 1438, 1514, 1439, 1514, 1515, 1439, 1439, 1515, 1440, 1515, 1516, 1440, 1440, 1516, 1441, 1516, 1517, 1441, 1441, 1517, 1442, 1517, 1518, 1442, 1442, 1518, 1443, 1518, 1519, 1443, 1444, 1520, 1445, 1520, 1521, 1445, 1445, 1521, 1446, 1521, 1522, 1446, 1446, 1522, 1447, 1522, 1523, 1447, 1447, 1523, 1448, 1523, 1524, 1448, 1448, 1524, 1449, 1524, 1525, 1449, 1449, 1525, 1450, 1525, 1526, 1450, 1450, 1526, 1451, 1526, 1527, 1451, 1451, 1527, 1452, 1527, 1528, 1452, 1452, 1528, 1453, 1528, 1529, 1453, 1453, 1529, 1454, 1529, 1530, 1454, 1454, 1530, 1455, 1530, 1531, 1455, 1455, 1531, 1456, 1531, 1532, 1456, 1456, 1532, 1457, 1532, 1533, 1457, 1457, 1533, 1458, 1533, 1534, 1458, 1458, 1534, 1459, 1534, 1535, 1459, 1459, 1535, 1460, 1535, 1536, 1460, 1460, 1536, 1461, 1536, 1537, 1461, 1461, 1537, 1462, 1537, 1538, 1462, 1462, 1538, 1463, 1538, 1539, 1463, 1463, 1539, 1464, 1539, 1540, 1464, 1464, 1540, 1465, 1540, 1541, 1465, 1465, 1541, 1466, 1541, 1542, 1466, 1466, 1542, 1467, 1542, 1543, 1467, 1467, 1543, 1468, 1543, 1544, 1468, 1468, 1544, 1469, 1544, 1545, 1469, 1469, 1545, 1470, 1545, 1546, 1470, 1470, 1546, 1471, 1546, 1547, 1471, 1471, 1547, 1472, 1547, 1548, 1472, 1472, 1548, 1473, 1548, 1549, 1473, 1473, 1549, 1474, 1549, 1550, 1474, 1474, 1550, 1475, 1550, 1551, 1475, 1475, 1551, 1476, 1551, 1552, 1476, 1476, 1552, 1477, 1552, 1553, 1477, 1477, 1553, 1478, 1553, 1554, 1478, 1478, 1554, 1479, 1554, 1555, 1479, 1479, 1555, 1480, 1555, 1556, 1480, 1480, 1556, 1481, 1556, 1557, 1481, 1481, 1557, 1482, 1557, 1558, 1482, 1482, 1558, 1483, 1558, 1559, 1483, 1483, 1559, 1484, 1559, 1560, 1484, 1484, 1560, 1485, 1560, 1561, 1485, 1485, 1561, 1486, 1561, 1562, 1486, 1486, 1562, 1487, 1562, 1563, 1487, 1487, 1563, 1488, 1563, 1564, 1488, 1488, 1564, 1489, 1564, 1565, 1489, 1489, 1565, 1490, 1565, 1566, 1490, 1490, 1566, 1491, 1566, 1567, 1491, 1491, 1567, 1492, 1567, 1568, 1492, 1492, 1568, 1493, 1568, 1569, 1493, 1493, 1569, 1494, 1569, 1570, 1494, 1494, 1570, 1495, 1570, 1571, 1495, 1495, 1571, 1496, 1571, 1572, 1496, 1496, 1572, 1497, 1572, 1573, 1497, 1497, 1573, 1498, 1573, 1574, 1498, 1498, 1574, 1499, 1574, 1575, 1499, 1499, 1575, 1500, 1575, 1576, 1500, 1500, 1576, 1501, 1576, 1577, 1501, 1501, 1577, 1502, 1577, 1578, 1502, 1502, 1578, 1503, 1578, 1579, 1503, 1503, 1579, 1504, 1579, 1580, 1504, 1504, 1580, 1505, 1580, 1581, 1505, 1505, 1581, 1506, 1581, 1582, 1506, 1506, 1582, 1507, 1582, 1583, 1507, 1507, 1583, 1508, 1583, 1584, 1508, 1508, 1584, 1509, 1584, 1585, 1509, 1509, 1585, 1510, 1585, 1586, 1510, 1510, 1586, 1511, 1586, 1587, 1511, 1511, 1587, 1512, 1587, 1588, 1512, 1512, 1588, 1513, 1588, 1589, 1513, 1513, 1589, 1514, 1589, 1590, 1514, 1514, 1590, 1515, 1590, 1591, 1515, 1515, 1591, 1516, 1591, 1592, 1516, 1516, 1592, 1517, 1592, 1593, 1517, 1517, 1593, 1518, 1593, 1594, 1518, 1518, 1594, 1519, 1594, 1595, 1519, 1520, 1596, 1521, 1596, 1597, 1521, 1521, 1597, 1522, 1597, 1598, 1522, 1522, 1598, 1523, 1598, 1599, 1523, 1523, 1599, 1524, 1599, 1600, 1524, 1524, 1600, 1525, 1600, 1601, 1525, 1525, 1601, 1526, 1601, 1602, 1526, 1526, 1602, 1527, 1602, 1603, 1527, 1527, 1603, 1528, 1603, 1604, 1528, 1528, 1604, 1529, 1604, 1605, 1529, 1529, 1605, 1530, 1605, 1606, 1530, 1530, 1606, 1531, 1606, 1607, 1531, 1531, 1607, 1532, 1607, 1608, 1532, 1532, 1608, 1533, 1608, 1609, 1533, 1533, 1609, 1534, 1609, 1610, 1534, 1534, 1610, 1535, 1610, 1611, 1535, 1535, 1611, 1536, 1611, 1612, 1536, 1536, 1612, 1537, 1612, 1613, 1537, 1537, 1613, 1538, 1613, 1614, 1538, 1538, 1614, 1539, 1614, 1615, 1539, 1539, 1615, 1540, 1615, 1616, 1540, 1540, 1616, 1541, 1616, 1617, 1541, 1541, 1617, 1542, 1617, 1618, 1542, 1542, 1618, 1543, 1618, 1619, 1543, 1543, 1619, 1544, 1619, 1620, 1544, 1544, 1620, 1545, 1620, 1621, 1545, 1545, 1621, 1546, 1621, 1622, 1546, 1546, 1622, 1547, 1622, 1623, 1547, 1547, 1623, 1548, 1623, 1624, 1548, 1548, 1624, 1549, 1624, 1625, 1549, 1549, 1625, 1550, 1625, 1626, 1550, 1550, 1626, 1551, 1626, 1627, 1551, 1551, 1627, 1552, 1627, 1628, 1552, 1552, 1628, 1553, 1628, 1629, 1553, 1553, 1629, 1554, 1629, 1630, 1554, 1554, 1630, 1555, 1630, 1631, 1555, 1555, 1631, 1556, 1631, 1632, 1556, 1556, 1632, 1557, 1632, 1633, 1557, 1557, 1633, 1558, 1633, 1634, 1558, 1558, 1634, 1559, 1634, 1635, 1559, 1559, 1635, 1560, 1635, 1636, 1560, 1560, 1636, 1561, 1636, 1637, 1561, 1561, 1637, 1562, 1637, 1638, 1562, 1562, 1638, 1563, 1638, 1639, 1563, 1563, 1639, 1564, 1639, 1640, 1564, 1564, 1640, 1565, 1640, 1641, 1565, 1565, 1641, 1566, 1641, 1642, 1566, 1566, 1642, 1567, 1642, 1643, 1567, 1567, 1643, 1568, 1643, 1644, 1568, 1568, 1644, 1569, 1644, 1645, 1569, 1569, 1645, 1570, 1645, 1646, 1570, 1570, 1646, 1571, 1646, 1647, 1571, 1571, 1647, 1572, 1647, 1648, 1572, 1572, 1648, 1573, 1648, 1649, 1573, 1573, 1649, 1574, 1649, 1650, 1574, 1574, 1650, 1575, 1650, 1651, 1575, 1575, 1651, 1576, 1651, 1652, 1576, 1576, 1652, 1577, 1652, 1653, 1577, 1577, 1653, 1578, 1653, 1654, 1578, 1578, 1654, 1579, 1654, 1655, 1579, 1579, 1655, 1580, 1655, 1656, 1580, 1580, 1656, 1581, 1656, 1657, 1581, 1581, 1657, 1582, 1657, 1658, 1582, 1582, 1658, 1583, 1658, 1659, 1583, 1583, 1659, 1584, 1659, 1660, 1584, 1584, 1660, 1585, 1660, 1661, 1585, 1585, 1661, 1586, 1661, 1662, 1586, 1586, 1662, 1587, 1662, 1663, 1587, 1587, 1663, 1588, 1663, 1664, 1588, 1588, 1664, 1589, 1664, 1665, 1589, 1589, 1665, 1590, 1665, 1666, 1590, 1590, 1666, 1591, 1666, 1667, 1591, 1591, 1667, 1592, 1667, 1668, 1592, 1592, 1668, 1593, 1668, 1669, 1593, 1593, 1669, 1594, 1669, 1670, 1594, 1594, 1670, 1595, 1670, 1671, 1595, 1596, 1672, 1597, 1672, 1673, 1597, 1597, 1673, 1598, 1673, 1674, 1598, 1598, 1674, 1599, 1674, 1675, 1599, 1599, 1675, 1600, 1675, 1676, 1600, 1600, 1676, 1601, 1676, 1677, 1601, 1601, 1677, 1602, 1677, 1678, 1602, 1602, 1678, 1603, 1678, 1679, 1603, 1603, 1679, 1604, 1679, 1680, 1604, 1604, 1680, 1605, 1680, 1681, 1605, 1605, 1681, 1606, 1681, 1682, 1606, 1606, 1682, 1607, 1682, 1683, 1607, 1607, 1683, 1608, 1683, 1684, 1608, 1608, 1684, 1609, 1684, 1685, 1609, 1609, 1685, 1610, 1685, 1686, 1610, 1610, 1686, 1611, 1686, 1687, 1611, 1611, 1687, 1612, 1687, 1688, 1612, 1612, 1688, 1613, 1688, 1689, 1613, 1613, 1689, 1614, 1689, 1690, 1614, 1614, 1690, 1615, 1690, 1691, 1615, 1615, 1691, 1616, 1691, 1692, 1616, 1616, 1692, 1617, 1692, 1693, 1617, 1617, 1693, 1618, 1693, 1694, 1618, 1618, 1694, 1619, 1694, 1695, 1619, 1619, 1695, 1620, 1695, 1696, 1620, 1620, 1696, 1621, 1696, 1697, 1621, 1621, 1697, 1622, 1697, 1698, 1622, 1622, 1698, 1623, 1698, 1699, 1623, 1623, 1699, 1624, 1699, 1700, 1624, 1624, 1700, 1625, 1700, 1701, 1625, 1625, 1701, 1626, 1701, 1702, 1626, 1626, 1702, 1627, 1702, 1703, 1627, 1627, 1703, 1628, 1703, 1704, 1628, 1628, 1704, 1629, 1704, 1705, 1629, 1629, 1705, 1630, 1705, 1706, 1630, 1630, 1706, 1631, 1706, 1707, 1631, 1631, 1707, 1632, 1707, 1708, 1632, 1632, 1708, 1633, 1708, 1709, 1633, 1633, 1709, 1634, 1709, 1710, 1634, 1634, 1710, 1635, 1710, 1711, 1635, 1635, 1711, 1636, 1711, 1712, 1636, 1636, 1712, 1637, 1712, 1713, 1637, 1637, 1713, 1638, 1713, 1714, 1638, 1638, 1714, 1639, 1714, 1715, 1639, 1639, 1715, 1640, 1715, 1716, 1640, 1640, 1716, 1641, 1716, 1717, 1641, 1641, 1717, 1642, 1717, 1718, 1642, 1642, 1718, 1643, 1718, 1719, 1643, 1643, 1719, 1644, 1719, 1720, 1644, 1644, 1720, 1645, 1720, 1721, 1645, 1645, 1721, 1646, 1721, 1722, 1646, 1646, 1722, 1647, 1722, 1723, 1647, 1647, 1723, 1648, 1723, 1724, 1648, 1648, 1724, 1649, 1724, 1725, 1649, 1649, 1725, 1650, 1725, 1726, 1650, 1650, 1726, 1651, 1726, 1727, 1651, 1651, 1727, 1652, 1727, 1728, 1652, 1652, 1728, 1653, 1728, 1729, 1653, 1653, 1729, 1654, 1729, 1730, 1654, 1654, 1730, 1655, 1730, 1731, 1655, 1655, 1731, 1656, 1731, 1732, 1656, 1656, 1732, 1657, 1732, 1733, 1657, 1657, 1733, 1658, 1733, 1734, 1658, 1658, 1734, 1659, 1734, 1735, 1659, 1659, 1735, 1660, 1735, 1736, 1660, 1660, 1736, 1661, 1736, 1737, 1661, 1661, 1737, 1662, 1737, 1738, 1662, 1662, 1738, 1663, 1738, 1739, 1663, 1663, 1739, 1664, 1739, 1740, 1664, 1664, 1740, 1665, 1740, 1741, 1665, 1665, 1741, 1666, 1741, 1742, 1666, 1666, 1742, 1667, 1742, 1743, 1667, 1667, 1743, 1668, 1743, 1744, 1668, 1668, 1744, 1669, 1744, 1745, 1669, 1669, 1745, 1670, 1745, 1746, 1670, 1670, 1746, 1671, 1746, 1747, 1671, 1672, 1748, 1673, 1748, 1749, 1673, 1673, 1749, 1674, 1749, 1750, 1674, 1674, 1750, 1675, 1750, 1751, 1675, 1675, 1751, 1676, 1751, 1752, 1676, 1676, 1752, 1677, 1752, 1753, 1677, 1677, 1753, 1678, 1753, 1754, 1678, 1678, 1754, 1679, 1754, 1755, 1679, 1679, 1755, 1680, 1755, 1756, 1680, 1680, 1756, 1681, 1756, 1757, 1681, 1681, 1757, 1682, 1757, 1758, 1682, 1682, 1758, 1683, 1758, 1759, 1683, 1683, 1759, 1684, 1759, 1760, 1684, 1684, 1760, 1685, 1760, 1761, 1685, 1685, 1761, 1686, 1761, 1762, 1686, 1686, 1762, 1687, 1762, 1763, 1687, 1687, 1763, 1688, 1763, 1764, 1688, 1688, 1764, 1689, 1764, 1765, 1689, 1689, 1765, 1690, 1765, 1766, 1690, 1690, 1766, 1691, 1766, 1767, 1691, 1691, 1767, 1692, 1767, 1768, 1692, 1692, 1768, 1693, 1768, 1769, 1693, 1693, 1769, 1694, 1769, 1770, 1694, 1694, 1770, 1695, 1770, 1771, 1695, 1695, 1771, 1696, 1771, 1772, 1696, 1696, 1772, 1697, 1772, 1773, 1697, 1697, 1773, 1698, 1773, 1774, 1698, 1698, 1774, 1699, 1774, 1775, 1699, 1699, 1775, 1700, 1775, 1776, 1700, 1700, 1776, 1701, 1776, 1777, 1701, 1701, 1777, 1702, 1777, 1778, 1702, 1702, 1778, 1703, 1778, 1779, 1703, 1703, 1779, 1704, 1779, 1780, 1704, 1704, 1780, 1705, 1780, 1781, 1705, 1705, 1781, 1706, 1781, 1782, 1706, 1706, 1782, 1707, 1782, 1783, 1707, 1707, 1783, 1708, 1783, 1784, 1708, 1708, 1784, 1709, 1784, 1785, 1709, 1709, 1785, 1710, 1785, 1786, 1710, 1710, 1786, 1711, 1786, 1787, 1711, 1711, 1787, 1712, 1787, 1788, 1712, 1712, 1788, 1713, 1788, 1789, 1713, 1713, 1789, 1714, 1789, 1790, 1714, 1714, 1790, 1715, 1790, 1791, 1715, 1715, 1791, 1716, 1791, 1792, 1716, 1716, 1792, 1717, 1792, 1793, 1717, 1717, 1793, 1718, 1793, 1794, 1718, 1718, 1794, 1719, 1794, 1795, 1719, 1719, 1795, 1720, 1795, 1796, 1720, 1720, 1796, 1721, 1796, 1797, 1721, 1721, 1797, 1722, 1797, 1798, 1722, 1722, 1798, 1723, 1798, 1799, 1723, 1723, 1799, 1724, 1799, 1800, 1724, 1724, 1800, 1725, 1800, 1801, 1725, 1725, 1801, 1726, 1801, 1802, 1726, 1726, 1802, 1727, 1802, 1803, 1727, 1727, 1803, 1728, 1803, 1804, 1728, 1728, 1804, 1729, 1804, 1805, 1729, 1729, 1805, 1730, 1805, 1806, 1730, 1730, 1806, 1731, 1806, 1807, 1731, 1731, 1807, 1732, 1807, 1808, 1732, 1732, 1808, 1733, 1808, 1809, 1733, 1733, 1809, 1734, 1809, 1810, 1734, 1734, 1810, 1735, 1810, 1811, 1735, 1735, 1811, 1736, 1811, 1812, 1736, 1736, 1812, 1737, 1812, 1813, 1737, 1737, 1813, 1738, 1813, 1814, 1738, 1738, 1814, 1739, 1814, 1815, 1739, 1739, 1815, 1740, 1815, 1816, 1740, 1740, 1816, 1741, 1816, 1817, 1741, 1741, 1817, 1742, 1817, 1818, 1742, 1742, 1818, 1743, 1818, 1819, 1743, 1743, 1819, 1744, 1819, 1820, 1744, 1744, 1820, 1745, 1820, 1821, 1745, 1745, 1821, 1746, 1821, 1822, 1746, 1746, 1822, 1747, 1822, 1823, 1747, 1748, 1824, 1749, 1824, 1825, 1749, 1749, 1825, 1750, 1825, 1826, 1750, 1750, 1826, 1751, 1826, 1827, 1751, 1751, 1827, 1752, 1827, 1828, 1752, 1752, 1828, 1753, 1828, 1829, 1753, 1753, 1829, 1754, 1829, 1830, 1754, 1754, 1830, 1755, 1830, 1831, 1755, 1755, 1831, 1756, 1831, 1832, 1756, 1756, 1832, 1757, 1832, 1833, 1757, 1757, 1833, 1758, 1833, 1834, 1758, 1758, 1834, 1759, 1834, 1835, 1759, 1759, 1835, 1760, 1835, 1836, 1760, 1760, 1836, 1761, 1836, 1837, 1761, 1761, 1837, 1762, 1837, 1838, 1762, 1762, 1838, 1763, 1838, 1839, 1763, 1763, 1839, 1764, 1839, 1840, 1764, 1764, 1840, 1765, 1840, 1841, 1765, 1765, 1841, 1766, 1841, 1842, 1766, 1766, 1842, 1767, 1842, 1843, 1767, 1767, 1843, 1768, 1843, 1844, 1768, 1768, 1844, 1769, 1844, 1845, 1769, 1769, 1845, 1770, 1845, 1846, 1770, 1770, 1846, 1771, 1846, 1847, 1771, 1771, 1847, 1772, 1847, 1848, 1772, 1772, 1848, 1773, 1848, 1849, 1773, 1773, 1849, 1774, 1849, 1850, 1774, 1774, 1850, 1775, 1850, 1851, 1775, 1775, 1851, 1776, 1851, 1852, 1776, 1776, 1852, 1777, 1852, 1853, 1777, 1777, 1853, 1778, 1853, 1854, 1778, 1778, 1854, 1779, 1854, 1855, 1779, 1779, 1855, 1780, 1855, 1856, 1780, 1780, 1856, 1781, 1856, 1857, 1781, 1781, 1857, 1782, 1857, 1858, 1782, 1782, 1858, 1783, 1858, 1859, 1783, 1783, 1859, 1784, 1859, 1860, 1784, 1784, 1860, 1785, 1860, 1861, 1785, 1785, 1861, 1786, 1861, 1862, 1786, 1786, 1862, 1787, 1862, 1863, 1787, 1787, 1863, 1788, 1863, 1864, 1788, 1788, 1864, 1789, 1864, 1865, 1789, 1789, 1865, 1790, 1865, 1866, 1790, 1790, 1866, 1791, 1866, 1867, 1791, 1791, 1867, 1792, 1867, 1868, 1792, 1792, 1868, 1793, 1868, 1869, 1793, 1793, 1869, 1794, 1869, 1870, 1794, 1794, 1870, 1795, 1870, 1871, 1795, 1795, 1871, 1796, 1871, 1872, 1796, 1796, 1872, 1797, 1872, 1873, 1797, 1797, 1873, 1798, 1873, 1874, 1798, 1798, 1874, 1799, 1874, 1875, 1799, 1799, 1875, 1800, 1875, 1876, 1800, 1800, 1876, 1801, 1876, 1877, 1801, 1801, 1877, 1802, 1877, 1878, 1802, 1802, 1878, 1803, 1878, 1879, 1803, 1803, 1879, 1804, 1879, 1880, 1804, 1804, 1880, 1805, 1880, 1881, 1805, 1805, 1881, 1806, 1881, 1882, 1806, 1806, 1882, 1807, 1882, 1883, 1807, 1807, 1883, 1808, 1883, 1884, 1808, 1808, 1884, 1809, 1884, 1885, 1809, 1809, 1885, 1810, 1885, 1886, 1810, 1810, 1886, 1811, 1886, 1887, 1811, 1811, 1887, 1812, 1887, 1888, 1812, 1812, 1888, 1813, 1888, 1889, 1813, 1813, 1889, 1814, 1889, 1890, 1814, 1814, 1890, 1815, 1890, 1891, 1815, 1815, 1891, 1816, 1891, 1892, 1816, 1816, 1892, 1817, 1892, 1893, 1817, 1817, 1893, 1818, 1893, 1894, 1818, 1818, 1894, 1819, 1894, 1895, 1819, 1819, 1895, 1820, 1895, 1896, 1820, 1820, 1896, 1821, 1896, 1897, 1821, 1821, 1897, 1822, 1897, 1898, 1822, 1822, 1898, 1823, 1898, 1899, 1823, 1824, 1900, 1825, 1900, 1901, 1825, 1825, 1901, 1826, 1901, 1902, 1826, 1826, 1902, 1827, 1902, 1903, 1827, 1827, 1903, 1828, 1903, 1904, 1828, 1828, 1904, 1829, 1904, 1905, 1829, 1829, 1905, 1830, 1905, 1906, 1830, 1830, 1906, 1831, 1906, 1907, 1831, 1831, 1907, 1832, 1907, 1908, 1832, 1832, 1908, 1833, 1908, 1909, 1833, 1833, 1909, 1834, 1909, 1910, 1834, 1834, 1910, 1835, 1910, 1911, 1835, 1835, 1911, 1836, 1911, 1912, 1836, 1836, 1912, 1837, 1912, 1913, 1837, 1837, 1913, 1838, 1913, 1914, 1838, 1838, 1914, 1839, 1914, 1915, 1839, 1839, 1915, 1840, 1915, 1916, 1840, 1840, 1916, 1841, 1916, 1917, 1841, 1841, 1917, 1842, 1917, 1918, 1842, 1842, 1918, 1843, 1918, 1919, 1843, 1843, 1919, 1844, 1919, 1920, 1844, 1844, 1920, 1845, 1920, 1921, 1845, 1845, 1921, 1846, 1921, 1922, 1846, 1846, 1922, 1847, 1922, 1923, 1847, 1847, 1923, 1848, 1923, 1924, 1848, 1848, 1924, 1849, 1924, 1925, 1849, 1849, 1925, 1850, 1925, 1926, 1850, 1850, 1926, 1851, 1926, 1927, 1851, 1851, 1927, 1852, 1927, 1928, 1852, 1852, 1928, 1853, 1928, 1929, 1853, 1853, 1929, 1854, 1929, 1930, 1854, 1854, 1930, 1855, 1930, 1931, 1855, 1855, 1931, 1856, 1931, 1932, 1856, 1856, 1932, 1857, 1932, 1933, 1857, 1857, 1933, 1858, 1933, 1934, 1858, 1858, 1934, 1859, 1934, 1935, 1859, 1859, 1935, 1860, 1935, 1936, 1860, 1860, 1936, 1861, 1936, 1937, 1861, 1861, 1937, 1862, 1937, 1938, 1862, 1862, 1938, 1863, 1938, 1939, 1863, 1863, 1939, 1864, 1939, 1940, 1864, 1864, 1940, 1865, 1940, 1941, 1865, 1865, 1941, 1866, 1941, 1942, 1866, 1866, 1942, 1867, 1942, 1943, 1867, 1867, 1943, 1868, 1943, 1944, 1868, 1868, 1944, 1869, 1944, 1945, 1869, 1869, 1945, 1870, 1945, 1946, 1870, 1870, 1946, 1871, 1946, 1947, 1871, 1871, 1947, 1872, 1947, 1948, 1872, 1872, 1948, 1873, 1948, 1949, 1873, 1873, 1949, 1874, 1949, 1950, 1874, 1874, 1950, 1875, 1950, 1951, 1875, 1875, 1951, 1876, 1951, 1952, 1876, 1876, 1952, 1877, 1952, 1953, 1877, 1877, 1953, 1878, 1953, 1954, 1878, 1878, 1954, 1879, 1954, 1955, 1879, 1879, 1955, 1880, 1955, 1956, 1880, 1880, 1956, 1881, 1956, 1957, 1881, 1881, 1957, 1882, 1957, 1958, 1882, 1882, 1958, 1883, 1958, 1959, 1883, 1883, 1959, 1884, 1959, 1960, 1884, 1884, 1960, 1885, 1960, 1961, 1885, 1885, 1961, 1886, 1961, 1962, 1886, 1886, 1962, 1887, 1962, 1963, 1887, 1887, 1963, 1888, 1963, 1964, 1888, 1888, 1964, 1889, 1964, 1965, 1889, 1889, 1965, 1890, 1965, 1966, 1890, 1890, 1966, 1891, 1966, 1967, 1891, 1891, 1967, 1892, 1967, 1968, 1892, 1892, 1968, 1893, 1968, 1969, 1893, 1893, 1969, 1894, 1969, 1970, 1894, 1894, 1970, 1895, 1970, 1971, 1895, 1895, 1971, 1896, 1971, 1972, 1896, 1896, 1972, 1897, 1972, 1973, 1897, 1897, 1973, 1898, 1973, 1974, 1898, 1898, 1974, 1899, 1974, 1975, 1899, 1900, 1976, 1901, 1976, 1977, 1901, 1901, 1977, 1902, 1977, 1978, 1902, 1902, 1978, 1903, 1978, 1979, 1903, 1903, 1979, 1904, 1979, 1980, 1904, 1904, 1980, 1905, 1980, 1981, 1905, 1905, 1981, 1906, 1981, 1982, 1906, 1906, 1982, 1907, 1982, 1983, 1907, 1907, 1983, 1908, 1983, 1984, 1908, 1908, 1984, 1909, 1984, 1985, 1909, 1909, 1985, 1910, 1985, 1986, 1910, 1910, 1986, 1911, 1986, 1987, 1911, 1911, 1987, 1912, 1987, 1988, 1912, 1912, 1988, 1913, 1988, 1989, 1913, 1913, 1989, 1914, 1989, 1990, 1914, 1914, 1990, 1915, 1990, 1991, 1915, 1915, 1991, 1916, 1991, 1992, 1916, 1916, 1992, 1917, 1992, 1993, 1917, 1917, 1993, 1918, 1993, 1994, 1918, 1918, 1994, 1919, 1994, 1995, 1919, 1919, 1995, 1920, 1995, 1996, 1920, 1920, 1996, 1921, 1996, 1997, 1921, 1921, 1997, 1922, 1997, 1998, 1922, 1922, 1998, 1923, 1998, 1999, 1923, 1923, 1999, 1924, 1999, 2000, 1924, 1924, 2000, 1925, 2000, 2001, 1925, 1925, 2001, 1926, 2001, 2002, 1926, 1926, 2002, 1927, 2002, 2003, 1927, 1927, 2003, 1928, 2003, 2004, 1928, 1928, 2004, 1929, 2004, 2005, 1929, 1929, 2005, 1930, 2005, 2006, 1930, 1930, 2006, 1931, 2006, 2007, 1931, 1931, 2007, 1932, 2007, 2008, 1932, 1932, 2008, 1933, 2008, 2009, 1933, 1933, 2009, 1934, 2009, 2010, 1934, 1934, 2010, 1935, 2010, 2011, 1935, 1935, 2011, 1936, 2011, 2012, 1936, 1936, 2012, 1937, 2012, 2013, 1937, 1937, 2013, 1938, 2013, 2014, 1938, 1938, 2014, 1939, 2014, 2015, 1939, 1939, 2015, 1940, 2015, 2016, 1940, 1940, 2016, 1941, 2016, 2017, 1941, 1941, 2017, 1942, 2017, 2018, 1942, 1942, 2018, 1943, 2018, 2019, 1943, 1943, 2019, 1944, 2019, 2020, 1944, 1944, 2020, 1945, 2020, 2021, 1945, 1945, 2021, 1946, 2021, 2022, 1946, 1946, 2022, 1947, 2022, 2023, 1947, 1947, 2023, 1948, 2023, 2024, 1948, 1948, 2024, 1949, 2024, 2025, 1949, 1949, 2025, 1950, 2025, 2026, 1950, 1950, 2026, 1951, 2026, 2027, 1951, 1951, 2027, 1952, 2027, 2028, 1952, 1952, 2028, 1953, 2028, 2029, 1953, 1953, 2029, 1954, 2029, 2030, 1954, 1954, 2030, 1955, 2030, 2031, 1955, 1955, 2031, 1956, 2031, 2032, 1956, 1956, 2032, 1957, 2032, 2033, 1957, 1957, 2033, 1958, 2033, 2034, 1958, 1958, 2034, 1959, 2034, 2035, 1959, 1959, 2035, 1960, 2035, 2036, 1960, 1960, 2036, 1961, 2036, 2037, 1961, 1961, 2037, 1962, 2037, 2038, 1962, 1962, 2038, 1963, 2038, 2039, 1963, 1963, 2039, 1964, 2039, 2040, 1964, 1964, 2040, 1965, 2040, 2041, 1965, 1965, 2041, 1966, 2041, 2042, 1966, 1966, 2042, 1967, 2042, 2043, 1967, 1967, 2043, 1968, 2043, 2044, 1968, 1968, 2044, 1969, 2044, 2045, 1969, 1969, 2045, 1970, 2045, 2046, 1970, 1970, 2046, 1971, 2046, 2047, 1971, 1971, 2047, 1972, 2047, 2048, 1972, 1972, 2048, 1973, 2048, 2049, 1973, 1973, 2049, 1974, 2049, 2050, 1974, 1974, 2050, 1975, 2050, 2051, 1975, 1976, 2052, 1977, 2052, 2053, 1977, 1977, 2053, 1978, 2053, 2054, 1978, 1978, 2054, 1979, 2054, 2055, 1979, 1979, 2055, 1980, 2055, 2056, 1980, 1980, 2056, 1981, 2056, 2057, 1981, 1981, 2057, 1982, 2057, 2058, 1982, 1982, 2058, 1983, 2058, 2059, 1983, 1983, 2059, 1984, 2059, 2060, 1984, 1984, 2060, 1985, 2060, 2061, 1985, 1985, 2061, 1986, 2061, 2062, 1986, 1986, 2062, 1987, 2062, 2063, 1987, 1987, 2063, 1988, 2063, 2064, 1988, 1988, 2064, 1989, 2064, 2065, 1989, 1989, 2065, 1990, 2065, 2066, 1990, 1990, 2066, 1991, 2066, 2067, 1991, 1991, 2067, 1992, 2067, 2068, 1992, 1992, 2068, 1993, 2068, 2069, 1993, 1993, 2069, 1994, 2069, 2070, 1994, 1994, 2070, 1995, 2070, 2071, 1995, 1995, 2071, 1996, 2071, 2072, 1996, 1996, 2072, 1997, 2072, 2073, 1997, 1997, 2073, 1998, 2073, 2074, 1998, 1998, 2074, 1999, 2074, 2075, 1999, 1999, 2075, 2000, 2075, 2076, 2000, 2000, 2076, 2001, 2076, 2077, 2001, 2001, 2077, 2002, 2077, 2078, 2002, 2002, 2078, 2003, 2078, 2079, 2003, 2003, 2079, 2004, 2079, 2080, 2004, 2004, 2080, 2005, 2080, 2081, 2005, 2005, 2081, 2006, 2081, 2082, 2006, 2006, 2082, 2007, 2082, 2083, 2007, 2007, 2083, 2008, 2083, 2084, 2008, 2008, 2084, 2009, 2084, 2085, 2009, 2009, 2085, 2010, 2085, 2086, 2010, 2010, 2086, 2011, 2086, 2087, 2011, 2011, 2087, 2012, 2087, 2088, 2012, 2012, 2088, 2013, 2088, 2089, 2013, 2013, 2089, 2014, 2089, 2090, 2014, 2014, 2090, 2015, 2090, 2091, 2015, 2015, 2091, 2016, 2091, 2092, 2016, 2016, 2092, 2017, 2092, 2093, 2017, 2017, 2093, 2018, 2093, 2094, 2018, 2018, 2094, 2019, 2094, 2095, 2019, 2019, 2095, 2020, 2095, 2096, 2020, 2020, 2096, 2021, 2096, 2097, 2021, 2021, 2097, 2022, 2097, 2098, 2022, 2022, 2098, 2023, 2098, 2099, 2023, 2023, 2099, 2024, 2099, 2100, 2024, 2024, 2100, 2025, 2100, 2101, 2025, 2025, 2101, 2026, 2101, 2102, 2026, 2026, 2102, 2027, 2102, 2103, 2027, 2027, 2103, 2028, 2103, 2104, 2028, 2028, 2104, 2029, 2104, 2105, 2029, 2029, 2105, 2030, 2105, 2106, 2030, 2030, 2106, 2031, 2106, 2107, 2031, 2031, 2107, 2032, 2107, 2108, 2032, 2032, 2108, 2033, 2108, 2109, 2033, 2033, 2109, 2034, 2109, 2110, 2034, 2034, 2110, 2035, 2110, 2111, 2035, 2035, 2111, 2036, 2111, 2112, 2036, 2036, 2112, 2037, 2112, 2113, 2037, 2037, 2113, 2038, 2113, 2114, 2038, 2038, 2114, 2039, 2114, 2115, 2039, 2039, 2115, 2040, 2115, 2116, 2040, 2040, 2116, 2041, 2116, 2117, 2041, 2041, 2117, 2042, 2117, 2118, 2042, 2042, 2118, 2043, 2118, 2119, 2043, 2043, 2119, 2044, 2119, 2120, 2044, 2044, 2120, 2045, 2120, 2121, 2045, 2045, 2121, 2046, 2121, 2122, 2046, 2046, 2122, 2047, 2122, 2123, 2047, 2047, 2123, 2048, 2123, 2124, 2048, 2048, 2124, 2049, 2124, 2125, 2049, 2049, 2125, 2050, 2125, 2126, 2050, 2050, 2126, 2051, 2126, 2127, 2051, 2052, 2128, 2053, 2128, 2129, 2053, 2053, 2129, 2054, 2129, 2130, 2054, 2054, 2130, 2055, 2130, 2131, 2055, 2055, 2131, 2056, 2131, 2132, 2056, 2056, 2132, 2057, 2132, 2133, 2057, 2057, 2133, 2058, 2133, 2134, 2058, 2058, 2134, 2059, 2134, 2135, 2059, 2059, 2135, 2060, 2135, 2136, 2060, 2060, 2136, 2061, 2136, 2137, 2061, 2061, 2137, 2062, 2137, 2138, 2062, 2062, 2138, 2063, 2138, 2139, 2063, 2063, 2139, 2064, 2139, 2140, 2064, 2064, 2140, 2065, 2140, 2141, 2065, 2065, 2141, 2066, 2141, 2142, 2066, 2066, 2142, 2067, 2142, 2143, 2067, 2067, 2143, 2068, 2143, 2144, 2068, 2068, 2144, 2069, 2144, 2145, 2069, 2069, 2145, 2070, 2145, 2146, 2070, 2070, 2146, 2071, 2146, 2147, 2071, 2071, 2147, 2072, 2147, 2148, 2072, 2072, 2148, 2073, 2148, 2149, 2073, 2073, 2149, 2074, 2149, 2150, 2074, 2074, 2150, 2075, 2150, 2151, 2075, 2075, 2151, 2076, 2151, 2152, 2076, 2076, 2152, 2077, 2152, 2153, 2077, 2077, 2153, 2078, 2153, 2154, 2078, 2078, 2154, 2079, 2154, 2155, 2079, 2079, 2155, 2080, 2155, 2156, 2080, 2080, 2156, 2081, 2156, 2157, 2081, 2081, 2157, 2082, 2157, 2158, 2082, 2082, 2158, 2083, 2158, 2159, 2083, 2083, 2159, 2084, 2159, 2160, 2084, 2084, 2160, 2085, 2160, 2161, 2085, 2085, 2161, 2086, 2161, 2162, 2086, 2086, 2162, 2087, 2162, 2163, 2087, 2087, 2163, 2088, 2163, 2164, 2088, 2088, 2164, 2089, 2164, 2165, 2089, 2089, 2165, 2090, 2165, 2166, 2090, 2090, 2166, 2091, 2166, 2167, 2091, 2091, 2167, 2092, 2167, 2168, 2092, 2092, 2168, 2093, 2168, 2169, 2093, 2093, 2169, 2094, 2169, 2170, 2094, 2094, 2170, 2095, 2170, 2171, 2095, 2095, 2171, 2096, 2171, 2172, 2096, 2096, 2172, 2097, 2172, 2173, 2097, 2097, 2173, 2098, 2173, 2174, 2098, 2098, 2174, 2099, 2174, 2175, 2099, 2099, 2175, 2100, 2175, 2176, 2100, 2100, 2176, 2101, 2176, 2177, 2101, 2101, 2177, 2102, 2177, 2178, 2102, 2102, 2178, 2103, 2178, 2179, 2103, 2103, 2179, 2104, 2179, 2180, 2104, 2104, 2180, 2105, 2180, 2181, 2105, 2105, 2181, 2106, 2181, 2182, 2106, 2106, 2182, 2107, 2182, 2183, 2107, 2107, 2183, 2108, 2183, 2184, 2108, 2108, 2184, 2109, 2184, 2185, 2109, 2109, 2185, 2110, 2185, 2186, 2110, 2110, 2186, 2111, 2186, 2187, 2111, 2111, 2187, 2112, 2187, 2188, 2112, 2112, 2188, 2113, 2188, 2189, 2113, 2113, 2189, 2114, 2189, 2190, 2114, 2114, 2190, 2115, 2190, 2191, 2115, 2115, 2191, 2116, 2191, 2192, 2116, 2116, 2192, 2117, 2192, 2193, 2117, 2117, 2193, 2118, 2193, 2194, 2118, 2118, 2194, 2119, 2194, 2195, 2119, 2119, 2195, 2120, 2195, 2196, 2120, 2120, 2196, 2121, 2196, 2197, 2121, 2121, 2197, 2122, 2197, 2198, 2122, 2122, 2198, 2123, 2198, 2199, 2123, 2123, 2199, 2124, 2199, 2200, 2124, 2124, 2200, 2125, 2200, 2201, 2125, 2125, 2201, 2126, 2201, 2202, 2126, 2126, 2202, 2127, 2202, 2203, 2127, 2128, 2204, 2129, 2204, 2205, 2129, 2129, 2205, 2130, 2205, 2206, 2130, 2130, 2206, 2131, 2206, 2207, 2131, 2131, 2207, 2132, 2207, 2208, 2132, 2132, 2208, 2133, 2208, 2209, 2133, 2133, 2209, 2134, 2209, 2210, 2134, 2134, 2210, 2135, 2210, 2211, 2135, 2135, 2211, 2136, 2211, 2212, 2136, 2136, 2212, 2137, 2212, 2213, 2137, 2137, 2213, 2138, 2213, 2214, 2138, 2138, 2214, 2139, 2214, 2215, 2139, 2139, 2215, 2140, 2215, 2216, 2140, 2140, 2216, 2141, 2216, 2217, 2141, 2141, 2217, 2142, 2217, 2218, 2142, 2142, 2218, 2143, 2218, 2219, 2143, 2143, 2219, 2144, 2219, 2220, 2144, 2144, 2220, 2145, 2220, 2221, 2145, 2145, 2221, 2146, 2221, 2222, 2146, 2146, 2222, 2147, 2222, 2223, 2147, 2147, 2223, 2148, 2223, 2224, 2148, 2148, 2224, 2149, 2224, 2225, 2149, 2149, 2225, 2150, 2225, 2226, 2150, 2150, 2226, 2151, 2226, 2227, 2151, 2151, 2227, 2152, 2227, 2228, 2152, 2152, 2228, 2153, 2228, 2229, 2153, 2153, 2229, 2154, 2229, 2230, 2154, 2154, 2230, 2155, 2230, 2231, 2155, 2155, 2231, 2156, 2231, 2232, 2156, 2156, 2232, 2157, 2232, 2233, 2157, 2157, 2233, 2158, 2233, 2234, 2158, 2158, 2234, 2159, 2234, 2235, 2159, 2159, 2235, 2160, 2235, 2236, 2160, 2160, 2236, 2161, 2236, 2237, 2161, 2161, 2237, 2162, 2237, 2238, 2162, 2162, 2238, 2163, 2238, 2239, 2163, 2163, 2239, 2164, 2239, 2240, 2164, 2164, 2240, 2165, 2240, 2241, 2165, 2165, 2241, 2166, 2241, 2242, 2166, 2166, 2242, 2167, 2242, 2243, 2167, 2167, 2243, 2168, 2243, 2244, 2168, 2168, 2244, 2169, 2244, 2245, 2169, 2169, 2245, 2170, 2245, 2246, 2170, 2170, 2246, 2171, 2246, 2247, 2171, 2171, 2247, 2172, 2247, 2248, 2172, 2172, 2248, 2173, 2248, 2249, 2173, 2173, 2249, 2174, 2249, 2250, 2174, 2174, 2250, 2175, 2250, 2251, 2175, 2175, 2251, 2176, 2251, 2252, 2176, 2176, 2252, 2177, 2252, 2253, 2177, 2177, 2253, 2178, 2253, 2254, 2178, 2178, 2254, 2179, 2254, 2255, 2179, 2179, 2255, 2180, 2255, 2256, 2180, 2180, 2256, 2181, 2256, 2257, 2181, 2181, 2257, 2182, 2257, 2258, 2182, 2182, 2258, 2183, 2258, 2259, 2183, 2183, 2259, 2184, 2259, 2260, 2184, 2184, 2260, 2185, 2260, 2261, 2185, 2185, 2261, 2186, 2261, 2262, 2186, 2186, 2262, 2187, 2262, 2263, 2187, 2187, 2263, 2188, 2263, 2264, 2188, 2188, 2264, 2189, 2264, 2265, 2189, 2189, 2265, 2190, 2265, 2266, 2190, 2190, 2266, 2191, 2266, 2267, 2191, 2191, 2267, 2192, 2267, 2268, 2192, 2192, 2268, 2193, 2268, 2269, 2193, 2193, 2269, 2194, 2269, 2270, 2194, 2194, 2270, 2195, 2270, 2271, 2195, 2195, 2271, 2196, 2271, 2272, 2196, 2196, 2272, 2197, 2272, 2273, 2197, 2197, 2273, 2198, 2273, 2274, 2198, 2198, 2274, 2199, 2274, 2275, 2199, 2199, 2275, 2200, 2275, 2276, 2200, 2200, 2276, 2201, 2276, 2277, 2201, 2201, 2277, 2202, 2277, 2278, 2202, 2202, 2278, 2203, 2278, 2279, 2203, 2204, 2280, 2205, 2280, 2281, 2205, 2205, 2281, 2206, 2281, 2282, 2206, 2206, 2282, 2207, 2282, 2283, 2207, 2207, 2283, 2208, 2283, 2284, 2208, 2208, 2284, 2209, 2284, 2285, 2209, 2209, 2285, 2210, 2285, 2286, 2210, 2210, 2286, 2211, 2286, 2287, 2211, 2211, 2287, 2212, 2287, 2288, 2212, 2212, 2288, 2213, 2288, 2289, 2213, 2213, 2289, 2214, 2289, 2290, 2214, 2214, 2290, 2215, 2290, 2291, 2215, 2215, 2291, 2216, 2291, 2292, 2216, 2216, 2292, 2217, 2292, 2293, 2217, 2217, 2293, 2218, 2293, 2294, 2218, 2218, 2294, 2219, 2294, 2295, 2219, 2219, 2295, 2220, 2295, 2296, 2220, 2220, 2296, 2221, 2296, 2297, 2221, 2221, 2297, 2222, 2297, 2298, 2222, 2222, 2298, 2223, 2298, 2299, 2223, 2223, 2299, 2224, 2299, 2300, 2224, 2224, 2300, 2225, 2300, 2301, 2225, 2225, 2301, 2226, 2301, 2302, 2226, 2226, 2302, 2227, 2302, 2303, 2227, 2227, 2303, 2228, 2303, 2304, 2228, 2228, 2304, 2229, 2304, 2305, 2229, 2229, 2305, 2230, 2305, 2306, 2230, 2230, 2306, 2231, 2306, 2307, 2231, 2231, 2307, 2232, 2307, 2308, 2232, 2232, 2308, 2233, 2308, 2309, 2233, 2233, 2309, 2234, 2309, 2310, 2234, 2234, 2310, 2235, 2310, 2311, 2235, 2235, 2311, 2236, 2311, 2312, 2236, 2236, 2312, 2237, 2312, 2313, 2237, 2237, 2313, 2238, 2313, 2314, 2238, 2238, 2314, 2239, 2314, 2315, 2239, 2239, 2315, 2240, 2315, 2316, 2240, 2240, 2316, 2241, 2316, 2317, 2241, 2241, 2317, 2242, 2317, 2318, 2242, 2242, 2318, 2243, 2318, 2319, 2243, 2243, 2319, 2244, 2319, 2320, 2244, 2244, 2320, 2245, 2320, 2321, 2245, 2245, 2321, 2246, 2321, 2322, 2246, 2246, 2322, 2247, 2322, 2323, 2247, 2247, 2323, 2248, 2323, 2324, 2248, 2248, 2324, 2249, 2324, 2325, 2249, 2249, 2325, 2250, 2325, 2326, 2250, 2250, 2326, 2251, 2326, 2327, 2251, 2251, 2327, 2252, 2327, 2328, 2252, 2252, 2328, 2253, 2328, 2329, 2253, 2253, 2329, 2254, 2329, 2330, 2254, 2254, 2330, 2255, 2330, 2331, 2255, 2255, 2331, 2256, 2331, 2332, 2256, 2256, 2332, 2257, 2332, 2333, 2257, 2257, 2333, 2258, 2333, 2334, 2258, 2258, 2334, 2259, 2334, 2335, 2259, 2259, 2335, 2260, 2335, 2336, 2260, 2260, 2336, 2261, 2336, 2337, 2261, 2261, 2337, 2262, 2337, 2338, 2262, 2262, 2338, 2263, 2338, 2339, 2263, 2263, 2339, 2264, 2339, 2340, 2264, 2264, 2340, 2265, 2340, 2341, 2265, 2265, 2341, 2266, 2341, 2342, 2266, 2266, 2342, 2267, 2342, 2343, 2267, 2267, 2343, 2268, 2343, 2344, 2268, 2268, 2344, 2269, 2344, 2345, 2269, 2269, 2345, 2270, 2345, 2346, 2270, 2270, 2346, 2271, 2346, 2347, 2271, 2271, 2347, 2272, 2347, 2348, 2272, 2272, 2348, 2273, 2348, 2349, 2273, 2273, 2349, 2274, 2349, 2350, 2274, 2274, 2350, 2275, 2350, 2351, 2275, 2275, 2351, 2276, 2351, 2352, 2276, 2276, 2352, 2277, 2352, 2353, 2277, 2277, 2353, 2278, 2353, 2354, 2278, 2278, 2354, 2279, 2354, 2355, 2279, 2280, 2356, 2281, 2356, 2357, 2281, 2281, 2357, 2282, 2357, 2358, 2282, 2282, 2358, 2283, 2358, 2359, 2283, 2283, 2359, 2284, 2359, 2360, 2284, 2284, 2360, 2285, 2360, 2361, 2285, 2285, 2361, 2286, 2361, 2362, 2286, 2286, 2362, 2287, 2362, 2363, 2287, 2287, 2363, 2288, 2363, 2364, 2288, 2288, 2364, 2289, 2364, 2365, 2289, 2289, 2365, 2290, 2365, 2366, 2290, 2290, 2366, 2291, 2366, 2367, 2291, 2291, 2367, 2292, 2367, 2368, 2292, 2292, 2368, 2293, 2368, 2369, 2293, 2293, 2369, 2294, 2369, 2370, 2294, 2294, 2370, 2295, 2370, 2371, 2295, 2295, 2371, 2296, 2371, 2372, 2296, 2296, 2372, 2297, 2372, 2373, 2297, 2297, 2373, 2298, 2373, 2374, 2298, 2298, 2374, 2299, 2374, 2375, 2299, 2299, 2375, 2300, 2375, 2376, 2300, 2300, 2376, 2301, 2376, 2377, 2301, 2301, 2377, 2302, 2377, 2378, 2302, 2302, 2378, 2303, 2378, 2379, 2303, 2303, 2379, 2304, 2379, 2380, 2304, 2304, 2380, 2305, 2380, 2381, 2305, 2305, 2381, 2306, 2381, 2382, 2306, 2306, 2382, 2307, 2382, 2383, 2307, 2307, 2383, 2308, 2383, 2384, 2308, 2308, 2384, 2309, 2384, 2385, 2309, 2309, 2385, 2310, 2385, 2386, 2310, 2310, 2386, 2311, 2386, 2387, 2311, 2311, 2387, 2312, 2387, 2388, 2312, 2312, 2388, 2313, 2388, 2389, 2313, 2313, 2389, 2314, 2389, 2390, 2314, 2314, 2390, 2315, 2390, 2391, 2315, 2315, 2391, 2316, 2391, 2392, 2316, 2316, 2392, 2317, 2392, 2393, 2317, 2317, 2393, 2318, 2393, 2394, 2318, 2318, 2394, 2319, 2394, 2395, 2319, 2319, 2395, 2320, 2395, 2396, 2320, 2320, 2396, 2321, 2396, 2397, 2321, 2321, 2397, 2322, 2397, 2398, 2322, 2322, 2398, 2323, 2398, 2399, 2323, 2323, 2399, 2324, 2399, 2400, 2324, 2324, 2400, 2325, 2400, 2401, 2325, 2325, 2401, 2326, 2401, 2402, 2326, 2326, 2402, 2327, 2402, 2403, 2327, 2327, 2403, 2328, 2403, 2404, 2328, 2328, 2404, 2329, 2404, 2405, 2329, 2329, 2405, 2330, 2405, 2406, 2330, 2330, 2406, 2331, 2406, 2407, 2331, 2331, 2407, 2332, 2407, 2408, 2332, 2332, 2408, 2333, 2408, 2409, 2333, 2333, 2409, 2334, 2409, 2410, 2334, 2334, 2410, 2335, 2410, 2411, 2335, 2335, 2411, 2336, 2411, 2412, 2336, 2336, 2412, 2337, 2412, 2413, 2337, 2337, 2413, 2338, 2413, 2414, 2338, 2338, 2414, 2339, 2414, 2415, 2339, 2339, 2415, 2340, 2415, 2416, 2340, 2340, 2416, 2341, 2416, 2417, 2341, 2341, 2417, 2342, 2417, 2418, 2342, 2342, 2418, 2343, 2418, 2419, 2343, 2343, 2419, 2344, 2419, 2420, 2344, 2344, 2420, 2345, 2420, 2421, 2345, 2345, 2421, 2346, 2421, 2422, 2346, 2346, 2422, 2347, 2422, 2423, 2347, 2347, 2423, 2348, 2423, 2424, 2348, 2348, 2424, 2349, 2424, 2425, 2349, 2349, 2425, 2350, 2425, 2426, 2350, 2350, 2426, 2351, 2426, 2427, 2351, 2351, 2427, 2352, 2427, 2428, 2352, 2352, 2428, 2353, 2428, 2429, 2353, 2353, 2429, 2354, 2429, 2430, 2354, 2354, 2430, 2355, 2430, 2431, 2355, 2356, 2432, 2357, 2432, 2433, 2357, 2357, 2433, 2358, 2433, 2434, 2358, 2358, 2434, 2359, 2434, 2435, 2359, 2359, 2435, 2360, 2435, 2436, 2360, 2360, 2436, 2361, 2436, 2437, 2361, 2361, 2437, 2362, 2437, 2438, 2362, 2362, 2438, 2363, 2438, 2439, 2363, 2363, 2439, 2364, 2439, 2440, 2364, 2364, 2440, 2365, 2440, 2441, 2365, 2365, 2441, 2366, 2441, 2442, 2366, 2366, 2442, 2367, 2442, 2443, 2367, 2367, 2443, 2368, 2443, 2444, 2368, 2368, 2444, 2369, 2444, 2445, 2369, 2369, 2445, 2370, 2445, 2446, 2370, 2370, 2446, 2371, 2446, 2447, 2371, 2371, 2447, 2372, 2447, 2448, 2372, 2372, 2448, 2373, 2448, 2449, 2373, 2373, 2449, 2374, 2449, 2450, 2374, 2374, 2450, 2375, 2450, 2451, 2375, 2375, 2451, 2376, 2451, 2452, 2376, 2376, 2452, 2377, 2452, 2453, 2377, 2377, 2453, 2378, 2453, 2454, 2378, 2378, 2454, 2379, 2454, 2455, 2379, 2379, 2455, 2380, 2455, 2456, 2380, 2380, 2456, 2381, 2456, 2457, 2381, 2381, 2457, 2382, 2457, 2458, 2382, 2382, 2458, 2383, 2458, 2459, 2383, 2383, 2459, 2384, 2459, 2460, 2384, 2384, 2460, 2385, 2460, 2461, 2385, 2385, 2461, 2386, 2461, 2462, 2386, 2386, 2462, 2387, 2462, 2463, 2387, 2387, 2463, 2388, 2463, 2464, 2388, 2388, 2464, 2389, 2464, 2465, 2389, 2389, 2465, 2390, 2465, 2466, 2390, 2390, 2466, 2391, 2466, 2467, 2391, 2391, 2467, 2392, 2467, 2468, 2392, 2392, 2468, 2393, 2468, 2469, 2393, 2393, 2469, 2394, 2469, 2470, 2394, 2394, 2470, 2395, 2470, 2471, 2395, 2395, 2471, 2396, 2471, 2472, 2396, 2396, 2472, 2397, 2472, 2473, 2397, 2397, 2473, 2398, 2473, 2474, 2398, 2398, 2474, 2399, 2474, 2475, 2399, 2399, 2475, 2400, 2475, 2476, 2400, 2400, 2476, 2401, 2476, 2477, 2401, 2401, 2477, 2402, 2477, 2478, 2402, 2402, 2478, 2403, 2478, 2479, 2403, 2403, 2479, 2404, 2479, 2480, 2404, 2404, 2480, 2405, 2480, 2481, 2405, 2405, 2481, 2406, 2481, 2482, 2406, 2406, 2482, 2407, 2482, 2483, 2407, 2407, 2483, 2408, 2483, 2484, 2408, 2408, 2484, 2409, 2484, 2485, 2409, 2409, 2485, 2410, 2485, 2486, 2410, 2410, 2486, 2411, 2486, 2487, 2411, 2411, 2487, 2412, 2487, 2488, 2412, 2412, 2488, 2413, 2488, 2489, 2413, 2413, 2489, 2414, 2489, 2490, 2414, 2414, 2490, 2415, 2490, 2491, 2415, 2415, 2491, 2416, 2491, 2492, 2416, 2416, 2492, 2417, 2492, 2493, 2417, 2417, 2493, 2418, 2493, 2494, 2418, 2418, 2494, 2419, 2494, 2495, 2419, 2419, 2495, 2420, 2495, 2496, 2420, 2420, 2496, 2421, 2496, 2497, 2421, 2421, 2497, 2422, 2497, 2498, 2422, 2422, 2498, 2423, 2498, 2499, 2423, 2423, 2499, 2424, 2499, 2500, 2424, 2424, 2500, 2425, 2500, 2501, 2425, 2425, 2501, 2426, 2501, 2502, 2426, 2426, 2502, 2427, 2502, 2503, 2427, 2427, 2503, 2428, 2503, 2504, 2428, 2428, 2504, 2429, 2504, 2505, 2429, 2429, 2505, 2430, 2505, 2506, 2430, 2430, 2506, 2431, 2506, 2507, 2431, 2432, 2508, 2433, 2508, 2509, 2433, 2433, 2509, 2434, 2509, 2510, 2434, 2434, 2510, 2435, 2510, 2511, 2435, 2435, 2511, 2436, 2511, 2512, 2436, 2436, 2512, 2437, 2512, 2513, 2437, 2437, 2513, 2438, 2513, 2514, 2438, 2438, 2514, 2439, 2514, 2515, 2439, 2439, 2515, 2440, 2515, 2516, 2440, 2440, 2516, 2441, 2516, 2517, 2441, 2441, 2517, 2442, 2517, 2518, 2442, 2442, 2518, 2443, 2518, 2519, 2443, 2443, 2519, 2444, 2519, 2520, 2444, 2444, 2520, 2445, 2520, 2521, 2445, 2445, 2521, 2446, 2521, 2522, 2446, 2446, 2522, 2447, 2522, 2523, 2447, 2447, 2523, 2448, 2523, 2524, 2448, 2448, 2524, 2449, 2524, 2525, 2449, 2449, 2525, 2450, 2525, 2526, 2450, 2450, 2526, 2451, 2526, 2527, 2451, 2451, 2527, 2452, 2527, 2528, 2452, 2452, 2528, 2453, 2528, 2529, 2453, 2453, 2529, 2454, 2529, 2530, 2454, 2454, 2530, 2455, 2530, 2531, 2455, 2455, 2531, 2456, 2531, 2532, 2456, 2456, 2532, 2457, 2532, 2533, 2457, 2457, 2533, 2458, 2533, 2534, 2458, 2458, 2534, 2459, 2534, 2535, 2459, 2459, 2535, 2460, 2535, 2536, 2460, 2460, 2536, 2461, 2536, 2537, 2461, 2461, 2537, 2462, 2537, 2538, 2462, 2462, 2538, 2463, 2538, 2539, 2463, 2463, 2539, 2464, 2539, 2540, 2464, 2464, 2540, 2465, 2540, 2541, 2465, 2465, 2541, 2466, 2541, 2542, 2466, 2466, 2542, 2467, 2542, 2543, 2467, 2467, 2543, 2468, 2543, 2544, 2468, 2468, 2544, 2469, 2544, 2545, 2469, 2469, 2545, 2470, 2545, 2546, 2470, 2470, 2546, 2471, 2546, 2547, 2471, 2471, 2547, 2472, 2547, 2548, 2472, 2472, 2548, 2473, 2548, 2549, 2473, 2473, 2549, 2474, 2549, 2550, 2474, 2474, 2550, 2475, 2550, 2551, 2475, 2475, 2551, 2476, 2551, 2552, 2476, 2476, 2552, 2477, 2552, 2553, 2477, 2477, 2553, 2478, 2553, 2554, 2478, 2478, 2554, 2479, 2554, 2555, 2479, 2479, 2555, 2480, 2555, 2556, 2480, 2480, 2556, 2481, 2556, 2557, 2481, 2481, 2557, 2482, 2557, 2558, 2482, 2482, 2558, 2483, 2558, 2559, 2483, 2483, 2559, 2484, 2559, 2560, 2484, 2484, 2560, 2485, 2560, 2561, 2485, 2485, 2561, 2486, 2561, 2562, 2486, 2486, 2562, 2487, 2562, 2563, 2487, 2487, 2563, 2488, 2563, 2564, 2488, 2488, 2564, 2489, 2564, 2565, 2489, 2489, 2565, 2490, 2565, 2566, 2490, 2490, 2566, 2491, 2566, 2567, 2491, 2491, 2567, 2492, 2567, 2568, 2492, 2492, 2568, 2493, 2568, 2569, 2493, 2493, 2569, 2494, 2569, 2570, 2494, 2494, 2570, 2495, 2570, 2571, 2495, 2495, 2571, 2496, 2571, 2572, 2496, 2496, 2572, 2497, 2572, 2573, 2497, 2497, 2573, 2498, 2573, 2574, 2498, 2498, 2574, 2499, 2574, 2575, 2499, 2499, 2575, 2500, 2575, 2576, 2500, 2500, 2576, 2501, 2576, 2577, 2501, 2501, 2577, 2502, 2577, 2578, 2502, 2502, 2578, 2503, 2578, 2579, 2503, 2503, 2579, 2504, 2579, 2580, 2504, 2504, 2580, 2505, 2580, 2581, 2505, 2505, 2581, 2506, 2581, 2582, 2506, 2506, 2582, 2507, 2582, 2583, 2507, 2508, 2584, 2509, 2584, 2585, 2509, 2509, 2585, 2510, 2585, 2586, 2510, 2510, 2586, 2511, 2586, 2587, 2511, 2511, 2587, 2512, 2587, 2588, 2512, 2512, 2588, 2513, 2588, 2589, 2513, 2513, 2589, 2514, 2589, 2590, 2514, 2514, 2590, 2515, 2590, 2591, 2515, 2515, 2591, 2516, 2591, 2592, 2516, 2516, 2592, 2517, 2592, 2593, 2517, 2517, 2593, 2518, 2593, 2594, 2518, 2518, 2594, 2519, 2594, 2595, 2519, 2519, 2595, 2520, 2595, 2596, 2520, 2520, 2596, 2521, 2596, 2597, 2521, 2521, 2597, 2522, 2597, 2598, 2522, 2522, 2598, 2523, 2598, 2599, 2523, 2523, 2599, 2524, 2599, 2600, 2524, 2524, 2600, 2525, 2600, 2601, 2525, 2525, 2601, 2526, 2601, 2602, 2526, 2526, 2602, 2527, 2602, 2603, 2527, 2527, 2603, 2528, 2603, 2604, 2528, 2528, 2604, 2529, 2604, 2605, 2529, 2529, 2605, 2530, 2605, 2606, 2530, 2530, 2606, 2531, 2606, 2607, 2531, 2531, 2607, 2532, 2607, 2608, 2532, 2532, 2608, 2533, 2608, 2609, 2533, 2533, 2609, 2534, 2609, 2610, 2534, 2534, 2610, 2535, 2610, 2611, 2535, 2535, 2611, 2536, 2611, 2612, 2536, 2536, 2612, 2537, 2612, 2613, 2537, 2537, 2613, 2538, 2613, 2614, 2538, 2538, 2614, 2539, 2614, 2615, 2539, 2539, 2615, 2540, 2615, 2616, 2540, 2540, 2616, 2541, 2616, 2617, 2541, 2541, 2617, 2542, 2617, 2618, 2542, 2542, 2618, 2543, 2618, 2619, 2543, 2543, 2619, 2544, 2619, 2620, 2544, 2544, 2620, 2545, 2620, 2621, 2545, 2545, 2621, 2546, 2621, 2622, 2546, 2546, 2622, 2547, 2622, 2623, 2547, 2547, 2623, 2548, 2623, 2624, 2548, 2548, 2624, 2549, 2624, 2625, 2549, 2549, 2625, 2550, 2625, 2626, 2550, 2550, 2626, 2551, 2626, 2627, 2551, 2551, 2627, 2552, 2627, 2628, 2552, 2552, 2628, 2553, 2628, 2629, 2553, 2553, 2629, 2554, 2629, 2630, 2554, 2554, 2630, 2555, 2630, 2631, 2555, 2555, 2631, 2556, 2631, 2632, 2556, 2556, 2632, 2557, 2632, 2633, 2557, 2557, 2633, 2558, 2633, 2634, 2558, 2558, 2634, 2559, 2634, 2635, 2559, 2559, 2635, 2560, 2635, 2636, 2560, 2560, 2636, 2561, 2636, 2637, 2561, 2561, 2637, 2562, 2637, 2638, 2562, 2562, 2638, 2563, 2638, 2639, 2563, 2563, 2639, 2564, 2639, 2640, 2564, 2564, 2640, 2565, 2640, 2641, 2565, 2565, 2641, 2566, 2641, 2642, 2566, 2566, 2642, 2567, 2642, 2643, 2567, 2567, 2643, 2568, 2643, 2644, 2568, 2568, 2644, 2569, 2644, 2645, 2569, 2569, 2645, 2570, 2645, 2646, 2570, 2570, 2646, 2571, 2646, 2647, 2571, 2571, 2647, 2572, 2647, 2648, 2572, 2572, 2648, 2573, 2648, 2649, 2573, 2573, 2649, 2574, 2649, 2650, 2574, 2574, 2650, 2575, 2650, 2651, 2575, 2575, 2651, 2576, 2651, 2652, 2576, 2576, 2652, 2577, 2652, 2653, 2577, 2577, 2653, 2578, 2653, 2654, 2578, 2578, 2654, 2579, 2654, 2655, 2579, 2579, 2655, 2580, 2655, 2656, 2580, 2580, 2656, 2581, 2656, 2657, 2581, 2581, 2657, 2582, 2657, 2658, 2582, 2582, 2658, 2583, 2658, 2659, 2583, 2584, 2660, 2585, 2660, 2661, 2585, 2585, 2661, 2586, 2661, 2662, 2586, 2586, 2662, 2587, 2662, 2663, 2587, 2587, 2663, 2588, 2663, 2664, 2588, 2588, 2664, 2589, 2664, 2665, 2589, 2589, 2665, 2590, 2665, 2666, 2590, 2590, 2666, 2591, 2666, 2667, 2591, 2591, 2667, 2592, 2667, 2668, 2592, 2592, 2668, 2593, 2668, 2669, 2593, 2593, 2669, 2594, 2669, 2670, 2594, 2594, 2670, 2595, 2670, 2671, 2595, 2595, 2671, 2596, 2671, 2672, 2596, 2596, 2672, 2597, 2672, 2673, 2597, 2597, 2673, 2598, 2673, 2674, 2598, 2598, 2674, 2599, 2674, 2675, 2599, 2599, 2675, 2600, 2675, 2676, 2600, 2600, 2676, 2601, 2676, 2677, 2601, 2601, 2677, 2602, 2677, 2678, 2602, 2602, 2678, 2603, 2678, 2679, 2603, 2603, 2679, 2604, 2679, 2680, 2604, 2604, 2680, 2605, 2680, 2681, 2605, 2605, 2681, 2606, 2681, 2682, 2606, 2606, 2682, 2607, 2682, 2683, 2607, 2607, 2683, 2608, 2683, 2684, 2608, 2608, 2684, 2609, 2684, 2685, 2609, 2609, 2685, 2610, 2685, 2686, 2610, 2610, 2686, 2611, 2686, 2687, 2611, 2611, 2687, 2612, 2687, 2688, 2612, 2612, 2688, 2613, 2688, 2689, 2613, 2613, 2689, 2614, 2689, 2690, 2614, 2614, 2690, 2615, 2690, 2691, 2615, 2615, 2691, 2616, 2691, 2692, 2616, 2616, 2692, 2617, 2692, 2693, 2617, 2617, 2693, 2618, 2693, 2694, 2618, 2618, 2694, 2619, 2694, 2695, 2619, 2619, 2695, 2620, 2695, 2696, 2620, 2620, 2696, 2621, 2696, 2697, 2621, 2621, 2697, 2622, 2697, 2698, 2622, 2622, 2698, 2623, 2698, 2699, 2623, 2623, 2699, 2624, 2699, 2700, 2624, 2624, 2700, 2625, 2700, 2701, 2625, 2625, 2701, 2626, 2701, 2702, 2626, 2626, 2702, 2627, 2702, 2703, 2627, 2627, 2703, 2628, 2703, 2704, 2628, 2628, 2704, 2629, 2704, 2705, 2629, 2629, 2705, 2630, 2705, 2706, 2630, 2630, 2706, 2631, 2706, 2707, 2631, 2631, 2707, 2632, 2707, 2708, 2632, 2632, 2708, 2633, 2708, 2709, 2633, 2633, 2709, 2634, 2709, 2710, 2634, 2634, 2710, 2635, 2710, 2711, 2635, 2635, 2711, 2636, 2711, 2712, 2636, 2636, 2712, 2637, 2712, 2713, 2637, 2637, 2713, 2638, 2713, 2714, 2638, 2638, 2714, 2639, 2714, 2715, 2639, 2639, 2715, 2640, 2715, 2716, 2640, 2640, 2716, 2641, 2716, 2717, 2641, 2641, 2717, 2642, 2717, 2718, 2642, 2642, 2718, 2643, 2718, 2719, 2643, 2643, 2719, 2644, 2719, 2720, 2644, 2644, 2720, 2645, 2720, 2721, 2645, 2645, 2721, 2646, 2721, 2722, 2646, 2646, 2722, 2647, 2722, 2723, 2647, 2647, 2723, 2648, 2723, 2724, 2648, 2648, 2724, 2649, 2724, 2725, 2649, 2649, 2725, 2650, 2725, 2726, 2650, 2650, 2726, 2651, 2726, 2727, 2651, 2651, 2727, 2652, 2727, 2728, 2652, 2652, 2728, 2653, 2728, 2729, 2653, 2653, 2729, 2654, 2729, 2730, 2654, 2654, 2730, 2655, 2730, 2731, 2655, 2655, 2731, 2656, 2731, 2732, 2656, 2656, 2732, 2657, 2732, 2733, 2657, 2657, 2733, 2658, 2733, 2734, 2658, 2658, 2734, 2659, 2734, 2735, 2659, 2660, 2736, 2661, 2736, 2737, 2661, 2661, 2737, 2662, 2737, 2738, 2662, 2662, 2738, 2663, 2738, 2739, 2663, 2663, 2739, 2664, 2739, 2740, 2664, 2664, 2740, 2665, 2740, 2741, 2665, 2665, 2741, 2666, 2741, 2742, 2666, 2666, 2742, 2667, 2742, 2743, 2667, 2667, 2743, 2668, 2743, 2744, 2668, 2668, 2744, 2669, 2744, 2745, 2669, 2669, 2745, 2670, 2745, 2746, 2670, 2670, 2746, 2671, 2746, 2747, 2671, 2671, 2747, 2672, 2747, 2748, 2672, 2672, 2748, 2673, 2748, 2749, 2673, 2673, 2749, 2674, 2749, 2750, 2674, 2674, 2750, 2675, 2750, 2751, 2675, 2675, 2751, 2676, 2751, 2752, 2676, 2676, 2752, 2677, 2752, 2753, 2677, 2677, 2753, 2678, 2753, 2754, 2678, 2678, 2754, 2679, 2754, 2755, 2679, 2679, 2755, 2680, 2755, 2756, 2680, 2680, 2756, 2681, 2756, 2757, 2681, 2681, 2757, 2682, 2757, 2758, 2682, 2682, 2758, 2683, 2758, 2759, 2683, 2683, 2759, 2684, 2759, 2760, 2684, 2684, 2760, 2685, 2760, 2761, 2685, 2685, 2761, 2686, 2761, 2762, 2686, 2686, 2762, 2687, 2762, 2763, 2687, 2687, 2763, 2688, 2763, 2764, 2688, 2688, 2764, 2689, 2764, 2765, 2689, 2689, 2765, 2690, 2765, 2766, 2690, 2690, 2766, 2691, 2766, 2767, 2691, 2691, 2767, 2692, 2767, 2768, 2692, 2692, 2768, 2693, 2768, 2769, 2693, 2693, 2769, 2694, 2769, 2770, 2694, 2694, 2770, 2695, 2770, 2771, 2695, 2695, 2771, 2696, 2771, 2772, 2696, 2696, 2772, 2697, 2772, 2773, 2697, 2697, 2773, 2698, 2773, 2774, 2698, 2698, 2774, 2699, 2774, 2775, 2699, 2699, 2775, 2700, 2775, 2776, 2700, 2700, 2776, 2701, 2776, 2777, 2701, 2701, 2777, 2702, 2777, 2778, 2702, 2702, 2778, 2703, 2778, 2779, 2703, 2703, 2779, 2704, 2779, 2780, 2704, 2704, 2780, 2705, 2780, 2781, 2705, 2705, 2781, 2706, 2781, 2782, 2706, 2706, 2782, 2707, 2782, 2783, 2707, 2707, 2783, 2708, 2783, 2784, 2708, 2708, 2784, 2709, 2784, 2785, 2709, 2709, 2785, 2710, 2785, 2786, 2710, 2710, 2786, 2711, 2786, 2787, 2711, 2711, 2787, 2712, 2787, 2788, 2712, 2712, 2788, 2713, 2788, 2789, 2713, 2713, 2789, 2714, 2789, 2790, 2714, 2714, 2790, 2715, 2790, 2791, 2715, 2715, 2791, 2716, 2791, 2792, 2716, 2716, 2792, 2717, 2792, 2793, 2717, 2717, 2793, 2718, 2793, 2794, 2718, 2718, 2794, 2719, 2794, 2795, 2719, 2719, 2795, 2720, 2795, 2796, 2720, 2720, 2796, 2721, 2796, 2797, 2721, 2721, 2797, 2722, 2797, 2798, 2722, 2722, 2798, 2723, 2798, 2799, 2723, 2723, 2799, 2724, 2799, 2800, 2724, 2724, 2800, 2725, 2800, 2801, 2725, 2725, 2801, 2726, 2801, 2802, 2726, 2726, 2802, 2727, 2802, 2803, 2727, 2727, 2803, 2728, 2803, 2804, 2728, 2728, 2804, 2729, 2804, 2805, 2729, 2729, 2805, 2730, 2805, 2806, 2730, 2730, 2806, 2731, 2806, 2807, 2731, 2731, 2807, 2732, 2807, 2808, 2732, 2732, 2808, 2733, 2808, 2809, 2733, 2733, 2809, 2734, 2809, 2810, 2734, 2734, 2810, 2735, 2810, 2811, 2735, 2736, 2812, 2737, 2812, 2813, 2737, 2737, 2813, 2738, 2813, 2814, 2738, 2738, 2814, 2739, 2814, 2815, 2739, 2739, 2815, 2740, 2815, 2816, 2740, 2740, 2816, 2741, 2816, 2817, 2741, 2741, 2817, 2742, 2817, 2818, 2742, 2742, 2818, 2743, 2818, 2819, 2743, 2743, 2819, 2744, 2819, 2820, 2744, 2744, 2820, 2745, 2820, 2821, 2745, 2745, 2821, 2746, 2821, 2822, 2746, 2746, 2822, 2747, 2822, 2823, 2747, 2747, 2823, 2748, 2823, 2824, 2748, 2748, 2824, 2749, 2824, 2825, 2749, 2749, 2825, 2750, 2825, 2826, 2750, 2750, 2826, 2751, 2826, 2827, 2751, 2751, 2827, 2752, 2827, 2828, 2752, 2752, 2828, 2753, 2828, 2829, 2753, 2753, 2829, 2754, 2829, 2830, 2754, 2754, 2830, 2755, 2830, 2831, 2755, 2755, 2831, 2756, 2831, 2832, 2756, 2756, 2832, 2757, 2832, 2833, 2757, 2757, 2833, 2758, 2833, 2834, 2758, 2758, 2834, 2759, 2834, 2835, 2759, 2759, 2835, 2760, 2835, 2836, 2760, 2760, 2836, 2761, 2836, 2837, 2761, 2761, 2837, 2762, 2837, 2838, 2762, 2762, 2838, 2763, 2838, 2839, 2763, 2763, 2839, 2764, 2839, 2840, 2764, 2764, 2840, 2765, 2840, 2841, 2765, 2765, 2841, 2766, 2841, 2842, 2766, 2766, 2842, 2767, 2842, 2843, 2767, 2767, 2843, 2768, 2843, 2844, 2768, 2768, 2844, 2769, 2844, 2845, 2769, 2769, 2845, 2770, 2845, 2846, 2770, 2770, 2846, 2771, 2846, 2847, 2771, 2771, 2847, 2772, 2847, 2848, 2772, 2772, 2848, 2773, 2848, 2849, 2773, 2773, 2849, 2774, 2849, 2850, 2774, 2774, 2850, 2775, 2850, 2851, 2775, 2775, 2851, 2776, 2851, 2852, 2776, 2776, 2852, 2777, 2852, 2853, 2777, 2777, 2853, 2778, 2853, 2854, 2778, 2778, 2854, 2779, 2854, 2855, 2779, 2779, 2855, 2780, 2855, 2856, 2780, 2780, 2856, 2781, 2856, 2857, 2781, 2781, 2857, 2782, 2857, 2858, 2782, 2782, 2858, 2783, 2858, 2859, 2783, 2783, 2859, 2784, 2859, 2860, 2784, 2784, 2860, 2785, 2860, 2861, 2785, 2785, 2861, 2786, 2861, 2862, 2786, 2786, 2862, 2787, 2862, 2863, 2787, 2787, 2863, 2788, 2863, 2864, 2788, 2788, 2864, 2789, 2864, 2865, 2789, 2789, 2865, 2790, 2865, 2866, 2790, 2790, 2866, 2791, 2866, 2867, 2791, 2791, 2867, 2792, 2867, 2868, 2792, 2792, 2868, 2793, 2868, 2869, 2793, 2793, 2869, 2794, 2869, 2870, 2794, 2794, 2870, 2795, 2870, 2871, 2795, 2795, 2871, 2796, 2871, 2872, 2796, 2796, 2872, 2797, 2872, 2873, 2797, 2797, 2873, 2798, 2873, 2874, 2798, 2798, 2874, 2799, 2874, 2875, 2799, 2799, 2875, 2800, 2875, 2876, 2800, 2800, 2876, 2801, 2876, 2877, 2801, 2801, 2877, 2802, 2877, 2878, 2802, 2802, 2878, 2803, 2878, 2879, 2803, 2803, 2879, 2804, 2879, 2880, 2804, 2804, 2880, 2805, 2880, 2881, 2805, 2805, 2881, 2806, 2881, 2882, 2806, 2806, 2882, 2807, 2882, 2883, 2807, 2807, 2883, 2808, 2883, 2884, 2808, 2808, 2884, 2809, 2884, 2885, 2809, 2809, 2885, 2810, 2885, 2886, 2810, 2810, 2886, 2811, 2886, 2887, 2811, 2812, 2888, 2813, 2888, 2889, 2813, 2813, 2889, 2814, 2889, 2890, 2814, 2814, 2890, 2815, 2890, 2891, 2815, 2815, 2891, 2816, 2891, 2892, 2816, 2816, 2892, 2817, 2892, 2893, 2817, 2817, 2893, 2818, 2893, 2894, 2818, 2818, 2894, 2819, 2894, 2895, 2819, 2819, 2895, 2820, 2895, 2896, 2820, 2820, 2896, 2821, 2896, 2897, 2821, 2821, 2897, 2822, 2897, 2898, 2822, 2822, 2898, 2823, 2898, 2899, 2823, 2823, 2899, 2824, 2899, 2900, 2824, 2824, 2900, 2825, 2900, 2901, 2825, 2825, 2901, 2826, 2901, 2902, 2826, 2826, 2902, 2827, 2902, 2903, 2827, 2827, 2903, 2828, 2903, 2904, 2828, 2828, 2904, 2829, 2904, 2905, 2829, 2829, 2905, 2830, 2905, 2906, 2830, 2830, 2906, 2831, 2906, 2907, 2831, 2831, 2907, 2832, 2907, 2908, 2832, 2832, 2908, 2833, 2908, 2909, 2833, 2833, 2909, 2834, 2909, 2910, 2834, 2834, 2910, 2835, 2910, 2911, 2835, 2835, 2911, 2836, 2911, 2912, 2836, 2836, 2912, 2837, 2912, 2913, 2837, 2837, 2913, 2838, 2913, 2914, 2838, 2838, 2914, 2839, 2914, 2915, 2839, 2839, 2915, 2840, 2915, 2916, 2840, 2840, 2916, 2841, 2916, 2917, 2841, 2841, 2917, 2842, 2917, 2918, 2842, 2842, 2918, 2843, 2918, 2919, 2843, 2843, 2919, 2844, 2919, 2920, 2844, 2844, 2920, 2845, 2920, 2921, 2845, 2845, 2921, 2846, 2921, 2922, 2846, 2846, 2922, 2847, 2922, 2923, 2847, 2847, 2923, 2848, 2923, 2924, 2848, 2848, 2924, 2849, 2924, 2925, 2849, 2849, 2925, 2850, 2925, 2926, 2850, 2850, 2926, 2851, 2926, 2927, 2851, 2851, 2927, 2852, 2927, 2928, 2852, 2852, 2928, 2853, 2928, 2929, 2853, 2853, 2929, 2854, 2929, 2930, 2854, 2854, 2930, 2855, 2930, 2931, 2855, 2855, 2931, 2856, 2931, 2932, 2856, 2856, 2932, 2857, 2932, 2933, 2857, 2857, 2933, 2858, 2933, 2934, 2858, 2858, 2934, 2859, 2934, 2935, 2859, 2859, 2935, 2860, 2935, 2936, 2860, 2860, 2936, 2861, 2936, 2937, 2861, 2861, 2937, 2862, 2937, 2938, 2862, 2862, 2938, 2863, 2938, 2939, 2863, 2863, 2939, 2864, 2939, 2940, 2864, 2864, 2940, 2865, 2940, 2941, 2865, 2865, 2941, 2866, 2941, 2942, 2866, 2866, 2942, 2867, 2942, 2943, 2867, 2867, 2943, 2868, 2943, 2944, 2868, 2868, 2944, 2869, 2944, 2945, 2869, 2869, 2945, 2870, 2945, 2946, 2870, 2870, 2946, 2871, 2946, 2947, 2871, 2871, 2947, 2872, 2947, 2948, 2872, 2872, 2948, 2873, 2948, 2949, 2873, 2873, 2949, 2874, 2949, 2950, 2874, 2874, 2950, 2875, 2950, 2951, 2875, 2875, 2951, 2876, 2951, 2952, 2876, 2876, 2952, 2877, 2952, 2953, 2877, 2877, 2953, 2878, 2953, 2954, 2878, 2878, 2954, 2879, 2954, 2955, 2879, 2879, 2955, 2880, 2955, 2956, 2880, 2880, 2956, 2881, 2956, 2957, 2881, 2881, 2957, 2882, 2957, 2958, 2882, 2882, 2958, 2883, 2958, 2959, 2883, 2883, 2959, 2884, 2959, 2960, 2884, 2884, 2960, 2885, 2960, 2961, 2885, 2885, 2961, 2886, 2961, 2962, 2886, 2886, 2962, 2887, 2962, 2963, 2887, 2888, 2964, 2889, 2964, 2965, 2889, 2889, 2965, 2890, 2965, 2966, 2890, 2890, 2966, 2891, 2966, 2967, 2891, 2891, 2967, 2892, 2967, 2968, 2892, 2892, 2968, 2893, 2968, 2969, 2893, 2893, 2969, 2894, 2969, 2970, 2894, 2894, 2970, 2895, 2970, 2971, 2895, 2895, 2971, 2896, 2971, 2972, 2896, 2896, 2972, 2897, 2972, 2973, 2897, 2897, 2973, 2898, 2973, 2974, 2898, 2898, 2974, 2899, 2974, 2975, 2899, 2899, 2975, 2900, 2975, 2976, 2900, 2900, 2976, 2901, 2976, 2977, 2901, 2901, 2977, 2902, 2977, 2978, 2902, 2902, 2978, 2903, 2978, 2979, 2903, 2903, 2979, 2904, 2979, 2980, 2904, 2904, 2980, 2905, 2980, 2981, 2905, 2905, 2981, 2906, 2981, 2982, 2906, 2906, 2982, 2907, 2982, 2983, 2907, 2907, 2983, 2908, 2983, 2984, 2908, 2908, 2984, 2909, 2984, 2985, 2909, 2909, 2985, 2910, 2985, 2986, 2910, 2910, 2986, 2911, 2986, 2987, 2911, 2911, 2987, 2912, 2987, 2988, 2912, 2912, 2988, 2913, 2988, 2989, 2913, 2913, 2989, 2914, 2989, 2990, 2914, 2914, 2990, 2915, 2990, 2991, 2915, 2915, 2991, 2916, 2991, 2992, 2916, 2916, 2992, 2917, 2992, 2993, 2917, 2917, 2993, 2918, 2993, 2994, 2918, 2918, 2994, 2919, 2994, 2995, 2919, 2919, 2995, 2920, 2995, 2996, 2920, 2920, 2996, 2921, 2996, 2997, 2921, 2921, 2997, 2922, 2997, 2998, 2922, 2922, 2998, 2923, 2998, 2999, 2923, 2923, 2999, 2924, 2999, 3000, 2924, 2924, 3000, 2925, 3000, 3001, 2925, 2925, 3001, 2926, 3001, 3002, 2926, 2926, 3002, 2927, 3002, 3003, 2927, 2927, 3003, 2928, 3003, 3004, 2928, 2928, 3004, 2929, 3004, 3005, 2929, 2929, 3005, 2930, 3005, 3006, 2930, 2930, 3006, 2931, 3006, 3007, 2931, 2931, 3007, 2932, 3007, 3008, 2932, 2932, 3008, 2933, 3008, 3009, 2933, 2933, 3009, 2934, 3009, 3010, 2934, 2934, 3010, 2935, 3010, 3011, 2935, 2935, 3011, 2936, 3011, 3012, 2936, 2936, 3012, 2937, 3012, 3013, 2937, 2937, 3013, 2938, 3013, 3014, 2938, 2938, 3014, 2939, 3014, 3015, 2939, 2939, 3015, 2940, 3015, 3016, 2940, 2940, 3016, 2941, 3016, 3017, 2941, 2941, 3017, 2942, 3017, 3018, 2942, 2942, 3018, 2943, 3018, 3019, 2943, 2943, 3019, 2944, 3019, 3020, 2944, 2944, 3020, 2945, 3020, 3021, 2945, 2945, 3021, 2946, 3021, 3022, 2946, 2946, 3022, 2947, 3022, 3023, 2947, 2947, 3023, 2948, 3023, 3024, 2948, 2948, 3024, 2949, 3024, 3025, 2949, 2949, 3025, 2950, 3025, 3026, 2950, 2950, 3026, 2951, 3026, 3027, 2951, 2951, 3027, 2952, 3027, 3028, 2952, 2952, 3028, 2953, 3028, 3029, 2953, 2953, 3029, 2954, 3029, 3030, 2954, 2954, 3030, 2955, 3030, 3031, 2955, 2955, 3031, 2956, 3031, 3032, 2956, 2956, 3032, 2957, 3032, 3033, 2957, 2957, 3033, 2958, 3033, 3034, 2958, 2958, 3034, 2959, 3034, 3035, 2959, 2959, 3035, 2960, 3035, 3036, 2960, 2960, 3036, 2961, 3036, 3037, 2961, 2961, 3037, 2962, 3037, 3038, 2962, 2962, 3038, 2963, 3038, 3039, 2963, 2964, 3040, 2965, 3040, 3041, 2965, 2965, 3041, 2966, 3041, 3042, 2966, 2966, 3042, 2967, 3042, 3043, 2967, 2967, 3043, 2968, 3043, 3044, 2968, 2968, 3044, 2969, 3044, 3045, 2969, 2969, 3045, 2970, 3045, 3046, 2970, 2970, 3046, 2971, 3046, 3047, 2971, 2971, 3047, 2972, 3047, 3048, 2972, 2972, 3048, 2973, 3048, 3049, 2973, 2973, 3049, 2974, 3049, 3050, 2974, 2974, 3050, 2975, 3050, 3051, 2975, 2975, 3051, 2976, 3051, 3052, 2976, 2976, 3052, 2977, 3052, 3053, 2977, 2977, 3053, 2978, 3053, 3054, 2978, 2978, 3054, 2979, 3054, 3055, 2979, 2979, 3055, 2980, 3055, 3056, 2980, 2980, 3056, 2981, 3056, 3057, 2981, 2981, 3057, 2982, 3057, 3058, 2982, 2982, 3058, 2983, 3058, 3059, 2983, 2983, 3059, 2984, 3059, 3060, 2984, 2984, 3060, 2985, 3060, 3061, 2985, 2985, 3061, 2986, 3061, 3062, 2986, 2986, 3062, 2987, 3062, 3063, 2987, 2987, 3063, 2988, 3063, 3064, 2988, 2988, 3064, 2989, 3064, 3065, 2989, 2989, 3065, 2990, 3065, 3066, 2990, 2990, 3066, 2991, 3066, 3067, 2991, 2991, 3067, 2992, 3067, 3068, 2992, 2992, 3068, 2993, 3068, 3069, 2993, 2993, 3069, 2994, 3069, 3070, 2994, 2994, 3070, 2995, 3070, 3071, 2995, 2995, 3071, 2996, 3071, 3072, 2996, 2996, 3072, 2997, 3072, 3073, 2997, 2997, 3073, 2998, 3073, 3074, 2998, 2998, 3074, 2999, 3074, 3075, 2999, 2999, 3075, 3000, 3075, 3076, 3000, 3000, 3076, 3001, 3076, 3077, 3001, 3001, 3077, 3002, 3077, 3078, 3002, 3002, 3078, 3003, 3078, 3079, 3003, 3003, 3079, 3004, 3079, 3080, 3004, 3004, 3080, 3005, 3080, 3081, 3005, 3005, 3081, 3006, 3081, 3082, 3006, 3006, 3082, 3007, 3082, 3083, 3007, 3007, 3083, 3008, 3083, 3084, 3008, 3008, 3084, 3009, 3084, 3085, 3009, 3009, 3085, 3010, 3085, 3086, 3010, 3010, 3086, 3011, 3086, 3087, 3011, 3011, 3087, 3012, 3087, 3088, 3012, 3012, 3088, 3013, 3088, 3089, 3013, 3013, 3089, 3014, 3089, 3090, 3014, 3014, 3090, 3015, 3090, 3091, 3015, 3015, 3091, 3016, 3091, 3092, 3016, 3016, 3092, 3017, 3092, 3093, 3017, 3017, 3093, 3018, 3093, 3094, 3018, 3018, 3094, 3019, 3094, 3095, 3019, 3019, 3095, 3020, 3095, 3096, 3020, 3020, 3096, 3021, 3096, 3097, 3021, 3021, 3097, 3022, 3097, 3098, 3022, 3022, 3098, 3023, 3098, 3099, 3023, 3023, 3099, 3024, 3099, 3100, 3024, 3024, 3100, 3025, 3100, 3101, 3025, 3025, 3101, 3026, 3101, 3102, 3026, 3026, 3102, 3027, 3102, 3103, 3027, 3027, 3103, 3028, 3103, 3104, 3028, 3028, 3104, 3029, 3104, 3105, 3029, 3029, 3105, 3030, 3105, 3106, 3030, 3030, 3106, 3031, 3106, 3107, 3031, 3031, 3107, 3032, 3107, 3108, 3032, 3032, 3108, 3033, 3108, 3109, 3033, 3033, 3109, 3034, 3109, 3110, 3034, 3034, 3110, 3035, 3110, 3111, 3035, 3035, 3111, 3036, 3111, 3112, 3036, 3036, 3112, 3037, 3112, 3113, 3037, 3037, 3113, 3038, 3113, 3114, 3038, 3038, 3114, 3039, 3114, 3115, 3039, 3040, 3116, 3041, 3116, 3117, 3041, 3041, 3117, 3042, 3117, 3118, 3042, 3042, 3118, 3043, 3118, 3119, 3043, 3043, 3119, 3044, 3119, 3120, 3044, 3044, 3120, 3045, 3120, 3121, 3045, 3045, 3121, 3046, 3121, 3122, 3046, 3046, 3122, 3047, 3122, 3123, 3047, 3047, 3123, 3048, 3123, 3124, 3048, 3048, 3124, 3049, 3124, 3125, 3049, 3049, 3125, 3050, 3125, 3126, 3050, 3050, 3126, 3051, 3126, 3127, 3051, 3051, 3127, 3052, 3127, 3128, 3052, 3052, 3128, 3053, 3128, 3129, 3053, 3053, 3129, 3054, 3129, 3130, 3054, 3054, 3130, 3055, 3130, 3131, 3055, 3055, 3131, 3056, 3131, 3132, 3056, 3056, 3132, 3057, 3132, 3133, 3057, 3057, 3133, 3058, 3133, 3134, 3058, 3058, 3134, 3059, 3134, 3135, 3059, 3059, 3135, 3060, 3135, 3136, 3060, 3060, 3136, 3061, 3136, 3137, 3061, 3061, 3137, 3062, 3137, 3138, 3062, 3062, 3138, 3063, 3138, 3139, 3063, 3063, 3139, 3064, 3139, 3140, 3064, 3064, 3140, 3065, 3140, 3141, 3065, 3065, 3141, 3066, 3141, 3142, 3066, 3066, 3142, 3067, 3142, 3143, 3067, 3067, 3143, 3068, 3143, 3144, 3068, 3068, 3144, 3069, 3144, 3145, 3069, 3069, 3145, 3070, 3145, 3146, 3070, 3070, 3146, 3071, 3146, 3147, 3071, 3071, 3147, 3072, 3147, 3148, 3072, 3072, 3148, 3073, 3148, 3149, 3073, 3073, 3149, 3074, 3149, 3150, 3074, 3074, 3150, 3075, 3150, 3151, 3075, 3075, 3151, 3076, 3151, 3152, 3076, 3076, 3152, 3077, 3152, 3153, 3077, 3077, 3153, 3078, 3153, 3154, 3078, 3078, 3154, 3079, 3154, 3155, 3079, 3079, 3155, 3080, 3155, 3156, 3080, 3080, 3156, 3081, 3156, 3157, 3081, 3081, 3157, 3082, 3157, 3158, 3082, 3082, 3158, 3083, 3158, 3159, 3083, 3083, 3159, 3084, 3159, 3160, 3084, 3084, 3160, 3085, 3160, 3161, 3085, 3085, 3161, 3086, 3161, 3162, 3086, 3086, 3162, 3087, 3162, 3163, 3087, 3087, 3163, 3088, 3163, 3164, 3088, 3088, 3164, 3089, 3164, 3165, 3089, 3089, 3165, 3090, 3165, 3166, 3090, 3090, 3166, 3091, 3166, 3167, 3091, 3091, 3167, 3092, 3167, 3168, 3092, 3092, 3168, 3093, 3168, 3169, 3093, 3093, 3169, 3094, 3169, 3170, 3094, 3094, 3170, 3095, 3170, 3171, 3095, 3095, 3171, 3096, 3171, 3172, 3096, 3096, 3172, 3097, 3172, 3173, 3097, 3097, 3173, 3098, 3173, 3174, 3098, 3098, 3174, 3099, 3174, 3175, 3099, 3099, 3175, 3100, 3175, 3176, 3100, 3100, 3176, 3101, 3176, 3177, 3101, 3101, 3177, 3102, 3177, 3178, 3102, 3102, 3178, 3103, 3178, 3179, 3103, 3103, 3179, 3104, 3179, 3180, 3104, 3104, 3180, 3105, 3180, 3181, 3105, 3105, 3181, 3106, 3181, 3182, 3106, 3106, 3182, 3107, 3182, 3183, 3107, 3107, 3183, 3108, 3183, 3184, 3108, 3108, 3184, 3109, 3184, 3185, 3109, 3109, 3185, 3110, 3185, 3186, 3110, 3110, 3186, 3111, 3186, 3187, 3111, 3111, 3187, 3112, 3187, 3188, 3112, 3112, 3188, 3113, 3188, 3189, 3113, 3113, 3189, 3114, 3189, 3190, 3114, 3114, 3190, 3115, 3190, 3191, 3115, 3116, 3192, 3117, 3192, 3193, 3117, 3117, 3193, 3118, 3193, 3194, 3118, 3118, 3194, 3119, 3194, 3195, 3119, 3119, 3195, 3120, 3195, 3196, 3120, 3120, 3196, 3121, 3196, 3197, 3121, 3121, 3197, 3122, 3197, 3198, 3122, 3122, 3198, 3123, 3198, 3199, 3123, 3123, 3199, 3124, 3199, 3200, 3124, 3124, 3200, 3125, 3200, 3201, 3125, 3125, 3201, 3126, 3201, 3202, 3126, 3126, 3202, 3127, 3202, 3203, 3127, 3127, 3203, 3128, 3203, 3204, 3128, 3128, 3204, 3129, 3204, 3205, 3129, 3129, 3205, 3130, 3205, 3206, 3130, 3130, 3206, 3131, 3206, 3207, 3131, 3131, 3207, 3132, 3207, 3208, 3132, 3132, 3208, 3133, 3208, 3209, 3133, 3133, 3209, 3134, 3209, 3210, 3134, 3134, 3210, 3135, 3210, 3211, 3135, 3135, 3211, 3136, 3211, 3212, 3136, 3136, 3212, 3137, 3212, 3213, 3137, 3137, 3213, 3138, 3213, 3214, 3138, 3138, 3214, 3139, 3214, 3215, 3139, 3139, 3215, 3140, 3215, 3216, 3140, 3140, 3216, 3141, 3216, 3217, 3141, 3141, 3217, 3142, 3217, 3218, 3142, 3142, 3218, 3143, 3218, 3219, 3143, 3143, 3219, 3144, 3219, 3220, 3144, 3144, 3220, 3145, 3220, 3221, 3145, 3145, 3221, 3146, 3221, 3222, 3146, 3146, 3222, 3147, 3222, 3223, 3147, 3147, 3223, 3148, 3223, 3224, 3148, 3148, 3224, 3149, 3224, 3225, 3149, 3149, 3225, 3150, 3225, 3226, 3150, 3150, 3226, 3151, 3226, 3227, 3151, 3151, 3227, 3152, 3227, 3228, 3152, 3152, 3228, 3153, 3228, 3229, 3153, 3153, 3229, 3154, 3229, 3230, 3154, 3154, 3230, 3155, 3230, 3231, 3155, 3155, 3231, 3156, 3231, 3232, 3156, 3156, 3232, 3157, 3232, 3233, 3157, 3157, 3233, 3158, 3233, 3234, 3158, 3158, 3234, 3159, 3234, 3235, 3159, 3159, 3235, 3160, 3235, 3236, 3160, 3160, 3236, 3161, 3236, 3237, 3161, 3161, 3237, 3162, 3237, 3238, 3162, 3162, 3238, 3163, 3238, 3239, 3163, 3163, 3239, 3164, 3239, 3240, 3164, 3164, 3240, 3165, 3240, 3241, 3165, 3165, 3241, 3166, 3241, 3242, 3166, 3166, 3242, 3167, 3242, 3243, 3167, 3167, 3243, 3168, 3243, 3244, 3168, 3168, 3244, 3169, 3244, 3245, 3169, 3169, 3245, 3170, 3245, 3246, 3170, 3170, 3246, 3171, 3246, 3247, 3171, 3171, 3247, 3172, 3247, 3248, 3172, 3172, 3248, 3173, 3248, 3249, 3173, 3173, 3249, 3174, 3249, 3250, 3174, 3174, 3250, 3175, 3250, 3251, 3175, 3175, 3251, 3176, 3251, 3252, 3176, 3176, 3252, 3177, 3252, 3253, 3177, 3177, 3253, 3178, 3253, 3254, 3178, 3178, 3254, 3179, 3254, 3255, 3179, 3179, 3255, 3180, 3255, 3256, 3180, 3180, 3256, 3181, 3256, 3257, 3181, 3181, 3257, 3182, 3257, 3258, 3182, 3182, 3258, 3183, 3258, 3259, 3183, 3183, 3259, 3184, 3259, 3260, 3184, 3184, 3260, 3185, 3260, 3261, 3185, 3185, 3261, 3186, 3261, 3262, 3186, 3186, 3262, 3187, 3262, 3263, 3187, 3187, 3263, 3188, 3263, 3264, 3188, 3188, 3264, 3189, 3264, 3265, 3189, 3189, 3265, 3190, 3265, 3266, 3190, 3190, 3266, 3191, 3266, 3267, 3191, 3192, 3268, 3193, 3268, 3269, 3193, 3193, 3269, 3194, 3269, 3270, 3194, 3194, 3270, 3195, 3270, 3271, 3195, 3195, 3271, 3196, 3271, 3272, 3196, 3196, 3272, 3197, 3272, 3273, 3197, 3197, 3273, 3198, 3273, 3274, 3198, 3198, 3274, 3199, 3274, 3275, 3199, 3199, 3275, 3200, 3275, 3276, 3200, 3200, 3276, 3201, 3276, 3277, 3201, 3201, 3277, 3202, 3277, 3278, 3202, 3202, 3278, 3203, 3278, 3279, 3203, 3203, 3279, 3204, 3279, 3280, 3204, 3204, 3280, 3205, 3280, 3281, 3205, 3205, 3281, 3206, 3281, 3282, 3206, 3206, 3282, 3207, 3282, 3283, 3207, 3207, 3283, 3208, 3283, 3284, 3208, 3208, 3284, 3209, 3284, 3285, 3209, 3209, 3285, 3210, 3285, 3286, 3210, 3210, 3286, 3211, 3286, 3287, 3211, 3211, 3287, 3212, 3287, 3288, 3212, 3212, 3288, 3213, 3288, 3289, 3213, 3213, 3289, 3214, 3289, 3290, 3214, 3214, 3290, 3215, 3290, 3291, 3215, 3215, 3291, 3216, 3291, 3292, 3216, 3216, 3292, 3217, 3292, 3293, 3217, 3217, 3293, 3218, 3293, 3294, 3218, 3218, 3294, 3219, 3294, 3295, 3219, 3219, 3295, 3220, 3295, 3296, 3220, 3220, 3296, 3221, 3296, 3297, 3221, 3221, 3297, 3222, 3297, 3298, 3222, 3222, 3298, 3223, 3298, 3299, 3223, 3223, 3299, 3224, 3299, 3300, 3224, 3224, 3300, 3225, 3300, 3301, 3225, 3225, 3301, 3226, 3301, 3302, 3226, 3226, 3302, 3227, 3302, 3303, 3227, 3227, 3303, 3228, 3303, 3304, 3228, 3228, 3304, 3229, 3304, 3305, 3229, 3229, 3305, 3230, 3305, 3306, 3230, 3230, 3306, 3231, 3306, 3307, 3231, 3231, 3307, 3232, 3307, 3308, 3232, 3232, 3308, 3233, 3308, 3309, 3233, 3233, 3309, 3234, 3309, 3310, 3234, 3234, 3310, 3235, 3310, 3311, 3235, 3235, 3311, 3236, 3311, 3312, 3236, 3236, 3312, 3237, 3312, 3313, 3237, 3237, 3313, 3238, 3313, 3314, 3238, 3238, 3314, 3239, 3314, 3315, 3239, 3239, 3315, 3240, 3315, 3316, 3240, 3240, 3316, 3241, 3316, 3317, 3241, 3241, 3317, 3242, 3317, 3318, 3242, 3242, 3318, 3243, 3318, 3319, 3243, 3243, 3319, 3244, 3319, 3320, 3244, 3244, 3320, 3245, 3320, 3321, 3245, 3245, 3321, 3246, 3321, 3322, 3246, 3246, 3322, 3247, 3322, 3323, 3247, 3247, 3323, 3248, 3323, 3324, 3248, 3248, 3324, 3249, 3324, 3325, 3249, 3249, 3325, 3250, 3325, 3326, 3250, 3250, 3326, 3251, 3326, 3327, 3251, 3251, 3327, 3252, 3327, 3328, 3252, 3252, 3328, 3253, 3328, 3329, 3253, 3253, 3329, 3254, 3329, 3330, 3254, 3254, 3330, 3255, 3330, 3331, 3255, 3255, 3331, 3256, 3331, 3332, 3256, 3256, 3332, 3257, 3332, 3333, 3257, 3257, 3333, 3258, 3333, 3334, 3258, 3258, 3334, 3259, 3334, 3335, 3259, 3259, 3335, 3260, 3335, 3336, 3260, 3260, 3336, 3261, 3336, 3337, 3261, 3261, 3337, 3262, 3337, 3338, 3262, 3262, 3338, 3263, 3338, 3339, 3263, 3263, 3339, 3264, 3339, 3340, 3264, 3264, 3340, 3265, 3340, 3341, 3265, 3265, 3341, 3266, 3341, 3342, 3266, 3266, 3342, 3267, 3342, 3343, 3267, 3268, 3344, 3269, 3344, 3345, 3269, 3269, 3345, 3270, 3345, 3346, 3270, 3270, 3346, 3271, 3346, 3347, 3271, 3271, 3347, 3272, 3347, 3348, 3272, 3272, 3348, 3273, 3348, 3349, 3273, 3273, 3349, 3274, 3349, 3350, 3274, 3274, 3350, 3275, 3350, 3351, 3275, 3275, 3351, 3276, 3351, 3352, 3276, 3276, 3352, 3277, 3352, 3353, 3277, 3277, 3353, 3278, 3353, 3354, 3278, 3278, 3354, 3279, 3354, 3355, 3279, 3279, 3355, 3280, 3355, 3356, 3280, 3280, 3356, 3281, 3356, 3357, 3281, 3281, 3357, 3282, 3357, 3358, 3282, 3282, 3358, 3283, 3358, 3359, 3283, 3283, 3359, 3284, 3359, 3360, 3284, 3284, 3360, 3285, 3360, 3361, 3285, 3285, 3361, 3286, 3361, 3362, 3286, 3286, 3362, 3287, 3362, 3363, 3287, 3287, 3363, 3288, 3363, 3364, 3288, 3288, 3364, 3289, 3364, 3365, 3289, 3289, 3365, 3290, 3365, 3366, 3290, 3290, 3366, 3291, 3366, 3367, 3291, 3291, 3367, 3292, 3367, 3368, 3292, 3292, 3368, 3293, 3368, 3369, 3293, 3293, 3369, 3294, 3369, 3370, 3294, 3294, 3370, 3295, 3370, 3371, 3295, 3295, 3371, 3296, 3371, 3372, 3296, 3296, 3372, 3297, 3372, 3373, 3297, 3297, 3373, 3298, 3373, 3374, 3298, 3298, 3374, 3299, 3374, 3375, 3299, 3299, 3375, 3300, 3375, 3376, 3300, 3300, 3376, 3301, 3376, 3377, 3301, 3301, 3377, 3302, 3377, 3378, 3302, 3302, 3378, 3303, 3378, 3379, 3303, 3303, 3379, 3304, 3379, 3380, 3304, 3304, 3380, 3305, 3380, 3381, 3305, 3305, 3381, 3306, 3381, 3382, 3306, 3306, 3382, 3307, 3382, 3383, 3307, 3307, 3383, 3308, 3383, 3384, 3308, 3308, 3384, 3309, 3384, 3385, 3309, 3309, 3385, 3310, 3385, 3386, 3310, 3310, 3386, 3311, 3386, 3387, 3311, 3311, 3387, 3312, 3387, 3388, 3312, 3312, 3388, 3313, 3388, 3389, 3313, 3313, 3389, 3314, 3389, 3390, 3314, 3314, 3390, 3315, 3390, 3391, 3315, 3315, 3391, 3316, 3391, 3392, 3316, 3316, 3392, 3317, 3392, 3393, 3317, 3317, 3393, 3318, 3393, 3394, 3318, 3318, 3394, 3319, 3394, 3395, 3319, 3319, 3395, 3320, 3395, 3396, 3320, 3320, 3396, 3321, 3396, 3397, 3321, 3321, 3397, 3322, 3397, 3398, 3322, 3322, 3398, 3323, 3398, 3399, 3323, 3323, 3399, 3324, 3399, 3400, 3324, 3324, 3400, 3325, 3400, 3401, 3325, 3325, 3401, 3326, 3401, 3402, 3326, 3326, 3402, 3327, 3402, 3403, 3327, 3327, 3403, 3328, 3403, 3404, 3328, 3328, 3404, 3329, 3404, 3405, 3329, 3329, 3405, 3330, 3405, 3406, 3330, 3330, 3406, 3331, 3406, 3407, 3331, 3331, 3407, 3332, 3407, 3408, 3332, 3332, 3408, 3333, 3408, 3409, 3333, 3333, 3409, 3334, 3409, 3410, 3334, 3334, 3410, 3335, 3410, 3411, 3335, 3335, 3411, 3336, 3411, 3412, 3336, 3336, 3412, 3337, 3412, 3413, 3337, 3337, 3413, 3338, 3413, 3414, 3338, 3338, 3414, 3339, 3414, 3415, 3339, 3339, 3415, 3340, 3415, 3416, 3340, 3340, 3416, 3341, 3416, 3417, 3341, 3341, 3417, 3342, 3417, 3418, 3342, 3342, 3418, 3343, 3418, 3419, 3343, 3344, 3420, 3345, 3420, 3421, 3345, 3345, 3421, 3346, 3421, 3422, 3346, 3346, 3422, 3347, 3422, 3423, 3347, 3347, 3423, 3348, 3423, 3424, 3348, 3348, 3424, 3349, 3424, 3425, 3349, 3349, 3425, 3350, 3425, 3426, 3350, 3350, 3426, 3351, 3426, 3427, 3351, 3351, 3427, 3352, 3427, 3428, 3352, 3352, 3428, 3353, 3428, 3429, 3353, 3353, 3429, 3354, 3429, 3430, 3354, 3354, 3430, 3355, 3430, 3431, 3355, 3355, 3431, 3356, 3431, 3432, 3356, 3356, 3432, 3357, 3432, 3433, 3357, 3357, 3433, 3358, 3433, 3434, 3358, 3358, 3434, 3359, 3434, 3435, 3359, 3359, 3435, 3360, 3435, 3436, 3360, 3360, 3436, 3361, 3436, 3437, 3361, 3361, 3437, 3362, 3437, 3438, 3362, 3362, 3438, 3363, 3438, 3439, 3363, 3363, 3439, 3364, 3439, 3440, 3364, 3364, 3440, 3365, 3440, 3441, 3365, 3365, 3441, 3366, 3441, 3442, 3366, 3366, 3442, 3367, 3442, 3443, 3367, 3367, 3443, 3368, 3443, 3444, 3368, 3368, 3444, 3369, 3444, 3445, 3369, 3369, 3445, 3370, 3445, 3446, 3370, 3370, 3446, 3371, 3446, 3447, 3371, 3371, 3447, 3372, 3447, 3448, 3372, 3372, 3448, 3373, 3448, 3449, 3373, 3373, 3449, 3374, 3449, 3450, 3374, 3374, 3450, 3375, 3450, 3451, 3375, 3375, 3451, 3376, 3451, 3452, 3376, 3376, 3452, 3377, 3452, 3453, 3377, 3377, 3453, 3378, 3453, 3454, 3378, 3378, 3454, 3379, 3454, 3455, 3379, 3379, 3455, 3380, 3455, 3456, 3380, 3380, 3456, 3381, 3456, 3457, 3381, 3381, 3457, 3382, 3457, 3458, 3382, 3382, 3458, 3383, 3458, 3459, 3383, 3383, 3459, 3384, 3459, 3460, 3384, 3384, 3460, 3385, 3460, 3461, 3385, 3385, 3461, 3386, 3461, 3462, 3386, 3386, 3462, 3387, 3462, 3463, 3387, 3387, 3463, 3388, 3463, 3464, 3388, 3388, 3464, 3389, 3464, 3465, 3389, 3389, 3465, 3390, 3465, 3466, 3390, 3390, 3466, 3391, 3466, 3467, 3391, 3391, 3467, 3392, 3467, 3468, 3392, 3392, 3468, 3393, 3468, 3469, 3393, 3393, 3469, 3394, 3469, 3470, 3394, 3394, 3470, 3395, 3470, 3471, 3395, 3395, 3471, 3396, 3471, 3472, 3396, 3396, 3472, 3397, 3472, 3473, 3397, 3397, 3473, 3398, 3473, 3474, 3398, 3398, 3474, 3399, 3474, 3475, 3399, 3399, 3475, 3400, 3475, 3476, 3400, 3400, 3476, 3401, 3476, 3477, 3401, 3401, 3477, 3402, 3477, 3478, 3402, 3402, 3478, 3403, 3478, 3479, 3403, 3403, 3479, 3404, 3479, 3480, 3404, 3404, 3480, 3405, 3480, 3481, 3405, 3405, 3481, 3406, 3481, 3482, 3406, 3406, 3482, 3407, 3482, 3483, 3407, 3407, 3483, 3408, 3483, 3484, 3408, 3408, 3484, 3409, 3484, 3485, 3409, 3409, 3485, 3410, 3485, 3486, 3410, 3410, 3486, 3411, 3486, 3487, 3411, 3411, 3487, 3412, 3487, 3488, 3412, 3412, 3488, 3413, 3488, 3489, 3413, 3413, 3489, 3414, 3489, 3490, 3414, 3414, 3490, 3415, 3490, 3491, 3415, 3415, 3491, 3416, 3491, 3492, 3416, 3416, 3492, 3417, 3492, 3493, 3417, 3417, 3493, 3418, 3493, 3494, 3418, 3418, 3494, 3419, 3494, 3495, 3419, 3420, 3496, 3421, 3496, 3497, 3421, 3421, 3497, 3422, 3497, 3498, 3422, 3422, 3498, 3423, 3498, 3499, 3423, 3423, 3499, 3424, 3499, 3500, 3424, 3424, 3500, 3425, 3500, 3501, 3425, 3425, 3501, 3426, 3501, 3502, 3426, 3426, 3502, 3427, 3502, 3503, 3427, 3427, 3503, 3428, 3503, 3504, 3428, 3428, 3504, 3429, 3504, 3505, 3429, 3429, 3505, 3430, 3505, 3506, 3430, 3430, 3506, 3431, 3506, 3507, 3431, 3431, 3507, 3432, 3507, 3508, 3432, 3432, 3508, 3433, 3508, 3509, 3433, 3433, 3509, 3434, 3509, 3510, 3434, 3434, 3510, 3435, 3510, 3511, 3435, 3435, 3511, 3436, 3511, 3512, 3436, 3436, 3512, 3437, 3512, 3513, 3437, 3437, 3513, 3438, 3513, 3514, 3438, 3438, 3514, 3439, 3514, 3515, 3439, 3439, 3515, 3440, 3515, 3516, 3440, 3440, 3516, 3441, 3516, 3517, 3441, 3441, 3517, 3442, 3517, 3518, 3442, 3442, 3518, 3443, 3518, 3519, 3443, 3443, 3519, 3444, 3519, 3520, 3444, 3444, 3520, 3445, 3520, 3521, 3445, 3445, 3521, 3446, 3521, 3522, 3446, 3446, 3522, 3447, 3522, 3523, 3447, 3447, 3523, 3448, 3523, 3524, 3448, 3448, 3524, 3449, 3524, 3525, 3449, 3449, 3525, 3450, 3525, 3526, 3450, 3450, 3526, 3451, 3526, 3527, 3451, 3451, 3527, 3452, 3527, 3528, 3452, 3452, 3528, 3453, 3528, 3529, 3453, 3453, 3529, 3454, 3529, 3530, 3454, 3454, 3530, 3455, 3530, 3531, 3455, 3455, 3531, 3456, 3531, 3532, 3456, 3456, 3532, 3457, 3532, 3533, 3457, 3457, 3533, 3458, 3533, 3534, 3458, 3458, 3534, 3459, 3534, 3535, 3459, 3459, 3535, 3460, 3535, 3536, 3460, 3460, 3536, 3461, 3536, 3537, 3461, 3461, 3537, 3462, 3537, 3538, 3462, 3462, 3538, 3463, 3538, 3539, 3463, 3463, 3539, 3464, 3539, 3540, 3464, 3464, 3540, 3465, 3540, 3541, 3465, 3465, 3541, 3466, 3541, 3542, 3466, 3466, 3542, 3467, 3542, 3543, 3467, 3467, 3543, 3468, 3543, 3544, 3468, 3468, 3544, 3469, 3544, 3545, 3469, 3469, 3545, 3470, 3545, 3546, 3470, 3470, 3546, 3471, 3546, 3547, 3471, 3471, 3547, 3472, 3547, 3548, 3472, 3472, 3548, 3473, 3548, 3549, 3473, 3473, 3549, 3474, 3549, 3550, 3474, 3474, 3550, 3475, 3550, 3551, 3475, 3475, 3551, 3476, 3551, 3552, 3476, 3476, 3552, 3477, 3552, 3553, 3477, 3477, 3553, 3478, 3553, 3554, 3478, 3478, 3554, 3479, 3554, 3555, 3479, 3479, 3555, 3480, 3555, 3556, 3480, 3480, 3556, 3481, 3556, 3557, 3481, 3481, 3557, 3482, 3557, 3558, 3482, 3482, 3558, 3483, 3558, 3559, 3483, 3483, 3559, 3484, 3559, 3560, 3484, 3484, 3560, 3485, 3560, 3561, 3485, 3485, 3561, 3486, 3561, 3562, 3486, 3486, 3562, 3487, 3562, 3563, 3487, 3487, 3563, 3488, 3563, 3564, 3488, 3488, 3564, 3489, 3564, 3565, 3489, 3489, 3565, 3490, 3565, 3566, 3490, 3490, 3566, 3491, 3566, 3567, 3491, 3491, 3567, 3492, 3567, 3568, 3492, 3492, 3568, 3493, 3568, 3569, 3493, 3493, 3569, 3494, 3569, 3570, 3494, 3494, 3570, 3495, 3570, 3571, 3495, 3496, 3572, 3497, 3572, 3573, 3497, 3497, 3573, 3498, 3573, 3574, 3498, 3498, 3574, 3499, 3574, 3575, 3499, 3499, 3575, 3500, 3575, 3576, 3500, 3500, 3576, 3501, 3576, 3577, 3501, 3501, 3577, 3502, 3577, 3578, 3502, 3502, 3578, 3503, 3578, 3579, 3503, 3503, 3579, 3504, 3579, 3580, 3504, 3504, 3580, 3505, 3580, 3581, 3505, 3505, 3581, 3506, 3581, 3582, 3506, 3506, 3582, 3507, 3582, 3583, 3507, 3507, 3583, 3508, 3583, 3584, 3508, 3508, 3584, 3509, 3584, 3585, 3509, 3509, 3585, 3510, 3585, 3586, 3510, 3510, 3586, 3511, 3586, 3587, 3511, 3511, 3587, 3512, 3587, 3588, 3512, 3512, 3588, 3513, 3588, 3589, 3513, 3513, 3589, 3514, 3589, 3590, 3514, 3514, 3590, 3515, 3590, 3591, 3515, 3515, 3591, 3516, 3591, 3592, 3516, 3516, 3592, 3517, 3592, 3593, 3517, 3517, 3593, 3518, 3593, 3594, 3518, 3518, 3594, 3519, 3594, 3595, 3519, 3519, 3595, 3520, 3595, 3596, 3520, 3520, 3596, 3521, 3596, 3597, 3521, 3521, 3597, 3522, 3597, 3598, 3522, 3522, 3598, 3523, 3598, 3599, 3523, 3523, 3599, 3524, 3599, 3600, 3524, 3524, 3600, 3525, 3600, 3601, 3525, 3525, 3601, 3526, 3601, 3602, 3526, 3526, 3602, 3527, 3602, 3603, 3527, 3527, 3603, 3528, 3603, 3604, 3528, 3528, 3604, 3529, 3604, 3605, 3529, 3529, 3605, 3530, 3605, 3606, 3530, 3530, 3606, 3531, 3606, 3607, 3531, 3531, 3607, 3532, 3607, 3608, 3532, 3532, 3608, 3533, 3608, 3609, 3533, 3533, 3609, 3534, 3609, 3610, 3534, 3534, 3610, 3535, 3610, 3611, 3535, 3535, 3611, 3536, 3611, 3612, 3536, 3536, 3612, 3537, 3612, 3613, 3537, 3537, 3613, 3538, 3613, 3614, 3538, 3538, 3614, 3539, 3614, 3615, 3539, 3539, 3615, 3540, 3615, 3616, 3540, 3540, 3616, 3541, 3616, 3617, 3541, 3541, 3617, 3542, 3617, 3618, 3542, 3542, 3618, 3543, 3618, 3619, 3543, 3543, 3619, 3544, 3619, 3620, 3544, 3544, 3620, 3545, 3620, 3621, 3545, 3545, 3621, 3546, 3621, 3622, 3546, 3546, 3622, 3547, 3622, 3623, 3547, 3547, 3623, 3548, 3623, 3624, 3548, 3548, 3624, 3549, 3624, 3625, 3549, 3549, 3625, 3550, 3625, 3626, 3550, 3550, 3626, 3551, 3626, 3627, 3551, 3551, 3627, 3552, 3627, 3628, 3552, 3552, 3628, 3553, 3628, 3629, 3553, 3553, 3629, 3554, 3629, 3630, 3554, 3554, 3630, 3555, 3630, 3631, 3555, 3555, 3631, 3556, 3631, 3632, 3556, 3556, 3632, 3557, 3632, 3633, 3557, 3557, 3633, 3558, 3633, 3634, 3558, 3558, 3634, 3559, 3634, 3635, 3559, 3559, 3635, 3560, 3635, 3636, 3560, 3560, 3636, 3561, 3636, 3637, 3561, 3561, 3637, 3562, 3637, 3638, 3562, 3562, 3638, 3563, 3638, 3639, 3563, 3563, 3639, 3564, 3639, 3640, 3564, 3564, 3640, 3565, 3640, 3641, 3565, 3565, 3641, 3566, 3641, 3642, 3566, 3566, 3642, 3567, 3642, 3643, 3567, 3567, 3643, 3568, 3643, 3644, 3568, 3568, 3644, 3569, 3644, 3645, 3569, 3569, 3645, 3570, 3645, 3646, 3570, 3570, 3646, 3571, 3646, 3647, 3571, 3572, 3648, 3573, 3648, 3649, 3573, 3573, 3649, 3574, 3649, 3650, 3574, 3574, 3650, 3575, 3650, 3651, 3575, 3575, 3651, 3576, 3651, 3652, 3576, 3576, 3652, 3577, 3652, 3653, 3577, 3577, 3653, 3578, 3653, 3654, 3578, 3578, 3654, 3579, 3654, 3655, 3579, 3579, 3655, 3580, 3655, 3656, 3580, 3580, 3656, 3581, 3656, 3657, 3581, 3581, 3657, 3582, 3657, 3658, 3582, 3582, 3658, 3583, 3658, 3659, 3583, 3583, 3659, 3584, 3659, 3660, 3584, 3584, 3660, 3585, 3660, 3661, 3585, 3585, 3661, 3586, 3661, 3662, 3586, 3586, 3662, 3587, 3662, 3663, 3587, 3587, 3663, 3588, 3663, 3664, 3588, 3588, 3664, 3589, 3664, 3665, 3589, 3589, 3665, 3590, 3665, 3666, 3590, 3590, 3666, 3591, 3666, 3667, 3591, 3591, 3667, 3592, 3667, 3668, 3592, 3592, 3668, 3593, 3668, 3669, 3593, 3593, 3669, 3594, 3669, 3670, 3594, 3594, 3670, 3595, 3670, 3671, 3595, 3595, 3671, 3596, 3671, 3672, 3596, 3596, 3672, 3597, 3672, 3673, 3597, 3597, 3673, 3598, 3673, 3674, 3598, 3598, 3674, 3599, 3674, 3675, 3599, 3599, 3675, 3600, 3675, 3676, 3600, 3600, 3676, 3601, 3676, 3677, 3601, 3601, 3677, 3602, 3677, 3678, 3602, 3602, 3678, 3603, 3678, 3679, 3603, 3603, 3679, 3604, 3679, 3680, 3604, 3604, 3680, 3605, 3680, 3681, 3605, 3605, 3681, 3606, 3681, 3682, 3606, 3606, 3682, 3607, 3682, 3683, 3607, 3607, 3683, 3608, 3683, 3684, 3608, 3608, 3684, 3609, 3684, 3685, 3609, 3609, 3685, 3610, 3685, 3686, 3610, 3610, 3686, 3611, 3686, 3687, 3611, 3611, 3687, 3612, 3687, 3688, 3612, 3612, 3688, 3613, 3688, 3689, 3613, 3613, 3689, 3614, 3689, 3690, 3614, 3614, 3690, 3615, 3690, 3691, 3615, 3615, 3691, 3616, 3691, 3692, 3616, 3616, 3692, 3617, 3692, 3693, 3617, 3617, 3693, 3618, 3693, 3694, 3618, 3618, 3694, 3619, 3694, 3695, 3619, 3619, 3695, 3620, 3695, 3696, 3620, 3620, 3696, 3621, 3696, 3697, 3621, 3621, 3697, 3622, 3697, 3698, 3622, 3622, 3698, 3623, 3698, 3699, 3623, 3623, 3699, 3624, 3699, 3700, 3624, 3624, 3700, 3625, 3700, 3701, 3625, 3625, 3701, 3626, 3701, 3702, 3626, 3626, 3702, 3627, 3702, 3703, 3627, 3627, 3703, 3628, 3703, 3704, 3628, 3628, 3704, 3629, 3704, 3705, 3629, 3629, 3705, 3630, 3705, 3706, 3630, 3630, 3706, 3631, 3706, 3707, 3631, 3631, 3707, 3632, 3707, 3708, 3632, 3632, 3708, 3633, 3708, 3709, 3633, 3633, 3709, 3634, 3709, 3710, 3634, 3634, 3710, 3635, 3710, 3711, 3635, 3635, 3711, 3636, 3711, 3712, 3636, 3636, 3712, 3637, 3712, 3713, 3637, 3637, 3713, 3638, 3713, 3714, 3638, 3638, 3714, 3639, 3714, 3715, 3639, 3639, 3715, 3640, 3715, 3716, 3640, 3640, 3716, 3641, 3716, 3717, 3641, 3641, 3717, 3642, 3717, 3718, 3642, 3642, 3718, 3643, 3718, 3719, 3643, 3643, 3719, 3644, 3719, 3720, 3644, 3644, 3720, 3645, 3720, 3721, 3645, 3645, 3721, 3646, 3721, 3722, 3646, 3646, 3722, 3647, 3722, 3723, 3647, 3648, 3724, 3649, 3724, 3725, 3649, 3649, 3725, 3650, 3725, 3726, 3650, 3650, 3726, 3651, 3726, 3727, 3651, 3651, 3727, 3652, 3727, 3728, 3652, 3652, 3728, 3653, 3728, 3729, 3653, 3653, 3729, 3654, 3729, 3730, 3654, 3654, 3730, 3655, 3730, 3731, 3655, 3655, 3731, 3656, 3731, 3732, 3656, 3656, 3732, 3657, 3732, 3733, 3657, 3657, 3733, 3658, 3733, 3734, 3658, 3658, 3734, 3659, 3734, 3735, 3659, 3659, 3735, 3660, 3735, 3736, 3660, 3660, 3736, 3661, 3736, 3737, 3661, 3661, 3737, 3662, 3737, 3738, 3662, 3662, 3738, 3663, 3738, 3739, 3663, 3663, 3739, 3664, 3739, 3740, 3664, 3664, 3740, 3665, 3740, 3741, 3665, 3665, 3741, 3666, 3741, 3742, 3666, 3666, 3742, 3667, 3742, 3743, 3667, 3667, 3743, 3668, 3743, 3744, 3668, 3668, 3744, 3669, 3744, 3745, 3669, 3669, 3745, 3670, 3745, 3746, 3670, 3670, 3746, 3671, 3746, 3747, 3671, 3671, 3747, 3672, 3747, 3748, 3672, 3672, 3748, 3673, 3748, 3749, 3673, 3673, 3749, 3674, 3749, 3750, 3674, 3674, 3750, 3675, 3750, 3751, 3675, 3675, 3751, 3676, 3751, 3752, 3676, 3676, 3752, 3677, 3752, 3753, 3677, 3677, 3753, 3678, 3753, 3754, 3678, 3678, 3754, 3679, 3754, 3755, 3679, 3679, 3755, 3680, 3755, 3756, 3680, 3680, 3756, 3681, 3756, 3757, 3681, 3681, 3757, 3682, 3757, 3758, 3682, 3682, 3758, 3683, 3758, 3759, 3683, 3683, 3759, 3684, 3759, 3760, 3684, 3684, 3760, 3685, 3760, 3761, 3685, 3685, 3761, 3686, 3761, 3762, 3686, 3686, 3762, 3687, 3762, 3763, 3687, 3687, 3763, 3688, 3763, 3764, 3688, 3688, 3764, 3689, 3764, 3765, 3689, 3689, 3765, 3690, 3765, 3766, 3690, 3690, 3766, 3691, 3766, 3767, 3691, 3691, 3767, 3692, 3767, 3768, 3692, 3692, 3768, 3693, 3768, 3769, 3693, 3693, 3769, 3694, 3769, 3770, 3694, 3694, 3770, 3695, 3770, 3771, 3695, 3695, 3771, 3696, 3771, 3772, 3696, 3696, 3772, 3697, 3772, 3773, 3697, 3697, 3773, 3698, 3773, 3774, 3698, 3698, 3774, 3699, 3774, 3775, 3699, 3699, 3775, 3700, 3775, 3776, 3700, 3700, 3776, 3701, 3776, 3777, 3701, 3701, 3777, 3702, 3777, 3778, 3702, 3702, 3778, 3703, 3778, 3779, 3703, 3703, 3779, 3704, 3779, 3780, 3704, 3704, 3780, 3705, 3780, 3781, 3705, 3705, 3781, 3706, 3781, 3782, 3706, 3706, 3782, 3707, 3782, 3783, 3707, 3707, 3783, 3708, 3783, 3784, 3708, 3708, 3784, 3709, 3784, 3785, 3709, 3709, 3785, 3710, 3785, 3786, 3710, 3710, 3786, 3711, 3786, 3787, 3711, 3711, 3787, 3712, 3787, 3788, 3712, 3712, 3788, 3713, 3788, 3789, 3713, 3713, 3789, 3714, 3789, 3790, 3714, 3714, 3790, 3715, 3790, 3791, 3715, 3715, 3791, 3716, 3791, 3792, 3716, 3716, 3792, 3717, 3792, 3793, 3717, 3717, 3793, 3718, 3793, 3794, 3718, 3718, 3794, 3719, 3794, 3795, 3719, 3719, 3795, 3720, 3795, 3796, 3720, 3720, 3796, 3721, 3796, 3797, 3721, 3721, 3797, 3722, 3797, 3798, 3722, 3722, 3798, 3723, 3798, 3799, 3723, 3724, 3800, 3725, 3800, 3801, 3725, 3725, 3801, 3726, 3801, 3802, 3726, 3726, 3802, 3727, 3802, 3803, 3727, 3727, 3803, 3728, 3803, 3804, 3728, 3728, 3804, 3729, 3804, 3805, 3729, 3729, 3805, 3730, 3805, 3806, 3730, 3730, 3806, 3731, 3806, 3807, 3731, 3731, 3807, 3732, 3807, 3808, 3732, 3732, 3808, 3733, 3808, 3809, 3733, 3733, 3809, 3734, 3809, 3810, 3734, 3734, 3810, 3735, 3810, 3811, 3735, 3735, 3811, 3736, 3811, 3812, 3736, 3736, 3812, 3737, 3812, 3813, 3737, 3737, 3813, 3738, 3813, 3814, 3738, 3738, 3814, 3739, 3814, 3815, 3739, 3739, 3815, 3740, 3815, 3816, 3740, 3740, 3816, 3741, 3816, 3817, 3741, 3741, 3817, 3742, 3817, 3818, 3742, 3742, 3818, 3743, 3818, 3819, 3743, 3743, 3819, 3744, 3819, 3820, 3744, 3744, 3820, 3745, 3820, 3821, 3745, 3745, 3821, 3746, 3821, 3822, 3746, 3746, 3822, 3747, 3822, 3823, 3747, 3747, 3823, 3748, 3823, 3824, 3748, 3748, 3824, 3749, 3824, 3825, 3749, 3749, 3825, 3750, 3825, 3826, 3750, 3750, 3826, 3751, 3826, 3827, 3751, 3751, 3827, 3752, 3827, 3828, 3752, 3752, 3828, 3753, 3828, 3829, 3753, 3753, 3829, 3754, 3829, 3830, 3754, 3754, 3830, 3755, 3830, 3831, 3755, 3755, 3831, 3756, 3831, 3832, 3756, 3756, 3832, 3757, 3832, 3833, 3757, 3757, 3833, 3758, 3833, 3834, 3758, 3758, 3834, 3759, 3834, 3835, 3759, 3759, 3835, 3760, 3835, 3836, 3760, 3760, 3836, 3761, 3836, 3837, 3761, 3761, 3837, 3762, 3837, 3838, 3762, 3762, 3838, 3763, 3838, 3839, 3763, 3763, 3839, 3764, 3839, 3840, 3764, 3764, 3840, 3765, 3840, 3841, 3765, 3765, 3841, 3766, 3841, 3842, 3766, 3766, 3842, 3767, 3842, 3843, 3767, 3767, 3843, 3768, 3843, 3844, 3768, 3768, 3844, 3769, 3844, 3845, 3769, 3769, 3845, 3770, 3845, 3846, 3770, 3770, 3846, 3771, 3846, 3847, 3771, 3771, 3847, 3772, 3847, 3848, 3772, 3772, 3848, 3773, 3848, 3849, 3773, 3773, 3849, 3774, 3849, 3850, 3774, 3774, 3850, 3775, 3850, 3851, 3775, 3775, 3851, 3776, 3851, 3852, 3776, 3776, 3852, 3777, 3852, 3853, 3777, 3777, 3853, 3778, 3853, 3854, 3778, 3778, 3854, 3779, 3854, 3855, 3779, 3779, 3855, 3780, 3855, 3856, 3780, 3780, 3856, 3781, 3856, 3857, 3781, 3781, 3857, 3782, 3857, 3858, 3782, 3782, 3858, 3783, 3858, 3859, 3783, 3783, 3859, 3784, 3859, 3860, 3784, 3784, 3860, 3785, 3860, 3861, 3785, 3785, 3861, 3786, 3861, 3862, 3786, 3786, 3862, 3787, 3862, 3863, 3787, 3787, 3863, 3788, 3863, 3864, 3788, 3788, 3864, 3789, 3864, 3865, 3789, 3789, 3865, 3790, 3865, 3866, 3790, 3790, 3866, 3791, 3866, 3867, 3791, 3791, 3867, 3792, 3867, 3868, 3792, 3792, 3868, 3793, 3868, 3869, 3793, 3793, 3869, 3794, 3869, 3870, 3794, 3794, 3870, 3795, 3870, 3871, 3795, 3795, 3871, 3796, 3871, 3872, 3796, 3796, 3872, 3797, 3872, 3873, 3797, 3797, 3873, 3798, 3873, 3874, 3798, 3798, 3874, 3799, 3874, 3875, 3799, 3800, 3876, 3801, 3876, 3877, 3801, 3801, 3877, 3802, 3877, 3878, 3802, 3802, 3878, 3803, 3878, 3879, 3803, 3803, 3879, 3804, 3879, 3880, 3804, 3804, 3880, 3805, 3880, 3881, 3805, 3805, 3881, 3806, 3881, 3882, 3806, 3806, 3882, 3807, 3882, 3883, 3807, 3807, 3883, 3808, 3883, 3884, 3808, 3808, 3884, 3809, 3884, 3885, 3809, 3809, 3885, 3810, 3885, 3886, 3810, 3810, 3886, 3811, 3886, 3887, 3811, 3811, 3887, 3812, 3887, 3888, 3812, 3812, 3888, 3813, 3888, 3889, 3813, 3813, 3889, 3814, 3889, 3890, 3814, 3814, 3890, 3815, 3890, 3891, 3815, 3815, 3891, 3816, 3891, 3892, 3816, 3816, 3892, 3817, 3892, 3893, 3817, 3817, 3893, 3818, 3893, 3894, 3818, 3818, 3894, 3819, 3894, 3895, 3819, 3819, 3895, 3820, 3895, 3896, 3820, 3820, 3896, 3821, 3896, 3897, 3821, 3821, 3897, 3822, 3897, 3898, 3822, 3822, 3898, 3823, 3898, 3899, 3823, 3823, 3899, 3824, 3899, 3900, 3824, 3824, 3900, 3825, 3900, 3901, 3825, 3825, 3901, 3826, 3901, 3902, 3826, 3826, 3902, 3827, 3902, 3903, 3827, 3827, 3903, 3828, 3903, 3904, 3828, 3828, 3904, 3829, 3904, 3905, 3829, 3829, 3905, 3830, 3905, 3906, 3830, 3830, 3906, 3831, 3906, 3907, 3831, 3831, 3907, 3832, 3907, 3908, 3832, 3832, 3908, 3833, 3908, 3909, 3833, 3833, 3909, 3834, 3909, 3910, 3834, 3834, 3910, 3835, 3910, 3911, 3835, 3835, 3911, 3836, 3911, 3912, 3836, 3836, 3912, 3837, 3912, 3913, 3837, 3837, 3913, 3838, 3913, 3914, 3838, 3838, 3914, 3839, 3914, 3915, 3839, 3839, 3915, 3840, 3915, 3916, 3840, 3840, 3916, 3841, 3916, 3917, 3841, 3841, 3917, 3842, 3917, 3918, 3842, 3842, 3918, 3843, 3918, 3919, 3843, 3843, 3919, 3844, 3919, 3920, 3844, 3844, 3920, 3845, 3920, 3921, 3845, 3845, 3921, 3846, 3921, 3922, 3846, 3846, 3922, 3847, 3922, 3923, 3847, 3847, 3923, 3848, 3923, 3924, 3848, 3848, 3924, 3849, 3924, 3925, 3849, 3849, 3925, 3850, 3925, 3926, 3850, 3850, 3926, 3851, 3926, 3927, 3851, 3851, 3927, 3852, 3927, 3928, 3852, 3852, 3928, 3853, 3928, 3929, 3853, 3853, 3929, 3854, 3929, 3930, 3854, 3854, 3930, 3855, 3930, 3931, 3855, 3855, 3931, 3856, 3931, 3932, 3856, 3856, 3932, 3857, 3932, 3933, 3857, 3857, 3933, 3858, 3933, 3934, 3858, 3858, 3934, 3859, 3934, 3935, 3859, 3859, 3935, 3860, 3935, 3936, 3860, 3860, 3936, 3861, 3936, 3937, 3861, 3861, 3937, 3862, 3937, 3938, 3862, 3862, 3938, 3863, 3938, 3939, 3863, 3863, 3939, 3864, 3939, 3940, 3864, 3864, 3940, 3865, 3940, 3941, 3865, 3865, 3941, 3866, 3941, 3942, 3866, 3866, 3942, 3867, 3942, 3943, 3867, 3867, 3943, 3868, 3943, 3944, 3868, 3868, 3944, 3869, 3944, 3945, 3869, 3869, 3945, 3870, 3945, 3946, 3870, 3870, 3946, 3871, 3946, 3947, 3871, 3871, 3947, 3872, 3947, 3948, 3872, 3872, 3948, 3873, 3948, 3949, 3873, 3873, 3949, 3874, 3949, 3950, 3874, 3874, 3950, 3875, 3950, 3951, 3875, 3876, 3952, 3877, 3952, 3953, 3877, 3877, 3953, 3878, 3953, 3954, 3878, 3878, 3954, 3879, 3954, 3955, 3879, 3879, 3955, 3880, 3955, 3956, 3880, 3880, 3956, 3881, 3956, 3957, 3881, 3881, 3957, 3882, 3957, 3958, 3882, 3882, 3958, 3883, 3958, 3959, 3883, 3883, 3959, 3884, 3959, 3960, 3884, 3884, 3960, 3885, 3960, 3961, 3885, 3885, 3961, 3886, 3961, 3962, 3886, 3886, 3962, 3887, 3962, 3963, 3887, 3887, 3963, 3888, 3963, 3964, 3888, 3888, 3964, 3889, 3964, 3965, 3889, 3889, 3965, 3890, 3965, 3966, 3890, 3890, 3966, 3891, 3966, 3967, 3891, 3891, 3967, 3892, 3967, 3968, 3892, 3892, 3968, 3893, 3968, 3969, 3893, 3893, 3969, 3894, 3969, 3970, 3894, 3894, 3970, 3895, 3970, 3971, 3895, 3895, 3971, 3896, 3971, 3972, 3896, 3896, 3972, 3897, 3972, 3973, 3897, 3897, 3973, 3898, 3973, 3974, 3898, 3898, 3974, 3899, 3974, 3975, 3899, 3899, 3975, 3900, 3975, 3976, 3900, 3900, 3976, 3901, 3976, 3977, 3901, 3901, 3977, 3902, 3977, 3978, 3902, 3902, 3978, 3903, 3978, 3979, 3903, 3903, 3979, 3904, 3979, 3980, 3904, 3904, 3980, 3905, 3980, 3981, 3905, 3905, 3981, 3906, 3981, 3982, 3906, 3906, 3982, 3907, 3982, 3983, 3907, 3907, 3983, 3908, 3983, 3984, 3908, 3908, 3984, 3909, 3984, 3985, 3909, 3909, 3985, 3910, 3985, 3986, 3910, 3910, 3986, 3911, 3986, 3987, 3911, 3911, 3987, 3912, 3987, 3988, 3912, 3912, 3988, 3913, 3988, 3989, 3913, 3913, 3989, 3914, 3989, 3990, 3914, 3914, 3990, 3915, 3990, 3991, 3915, 3915, 3991, 3916, 3991, 3992, 3916, 3916, 3992, 3917, 3992, 3993, 3917, 3917, 3993, 3918, 3993, 3994, 3918, 3918, 3994, 3919, 3994, 3995, 3919, 3919, 3995, 3920, 3995, 3996, 3920, 3920, 3996, 3921, 3996, 3997, 3921, 3921, 3997, 3922, 3997, 3998, 3922, 3922, 3998, 3923, 3998, 3999, 3923, 3923, 3999, 3924, 3999, 4000, 3924, 3924, 4000, 3925, 4000, 4001, 3925, 3925, 4001, 3926, 4001, 4002, 3926, 3926, 4002, 3927, 4002, 4003, 3927, 3927, 4003, 3928, 4003, 4004, 3928, 3928, 4004, 3929, 4004, 4005, 3929, 3929, 4005, 3930, 4005, 4006, 3930, 3930, 4006, 3931, 4006, 4007, 3931, 3931, 4007, 3932, 4007, 4008, 3932, 3932, 4008, 3933, 4008, 4009, 3933, 3933, 4009, 3934, 4009, 4010, 3934, 3934, 4010, 3935, 4010, 4011, 3935, 3935, 4011, 3936, 4011, 4012, 3936, 3936, 4012, 3937, 4012, 4013, 3937, 3937, 4013, 3938, 4013, 4014, 3938, 3938, 4014, 3939, 4014, 4015, 3939, 3939, 4015, 3940, 4015, 4016, 3940, 3940, 4016, 3941, 4016, 4017, 3941, 3941, 4017, 3942, 4017, 4018, 3942, 3942, 4018, 3943, 4018, 4019, 3943, 3943, 4019, 3944, 4019, 4020, 3944, 3944, 4020, 3945, 4020, 4021, 3945, 3945, 4021, 3946, 4021, 4022, 3946, 3946, 4022, 3947, 4022, 4023, 3947, 3947, 4023, 3948, 4023, 4024, 3948, 3948, 4024, 3949, 4024, 4025, 3949, 3949, 4025, 3950, 4025, 4026, 3950, 3950, 4026, 3951, 4026, 4027, 3951, 3952, 4028, 3953, 4028, 4029, 3953, 3953, 4029, 3954, 4029, 4030, 3954, 3954, 4030, 3955, 4030, 4031, 3955, 3955, 4031, 3956, 4031, 4032, 3956, 3956, 4032, 3957, 4032, 4033, 3957, 3957, 4033, 3958, 4033, 4034, 3958, 3958, 4034, 3959, 4034, 4035, 3959, 3959, 4035, 3960, 4035, 4036, 3960, 3960, 4036, 3961, 4036, 4037, 3961, 3961, 4037, 3962, 4037, 4038, 3962, 3962, 4038, 3963, 4038, 4039, 3963, 3963, 4039, 3964, 4039, 4040, 3964, 3964, 4040, 3965, 4040, 4041, 3965, 3965, 4041, 3966, 4041, 4042, 3966, 3966, 4042, 3967, 4042, 4043, 3967, 3967, 4043, 3968, 4043, 4044, 3968, 3968, 4044, 3969, 4044, 4045, 3969, 3969, 4045, 3970, 4045, 4046, 3970, 3970, 4046, 3971, 4046, 4047, 3971, 3971, 4047, 3972, 4047, 4048, 3972, 3972, 4048, 3973, 4048, 4049, 3973, 3973, 4049, 3974, 4049, 4050, 3974, 3974, 4050, 3975, 4050, 4051, 3975, 3975, 4051, 3976, 4051, 4052, 3976, 3976, 4052, 3977, 4052, 4053, 3977, 3977, 4053, 3978, 4053, 4054, 3978, 3978, 4054, 3979, 4054, 4055, 3979, 3979, 4055, 3980, 4055, 4056, 3980, 3980, 4056, 3981, 4056, 4057, 3981, 3981, 4057, 3982, 4057, 4058, 3982, 3982, 4058, 3983, 4058, 4059, 3983, 3983, 4059, 3984, 4059, 4060, 3984, 3984, 4060, 3985, 4060, 4061, 3985, 3985, 4061, 3986, 4061, 4062, 3986, 3986, 4062, 3987, 4062, 4063, 3987, 3987, 4063, 3988, 4063, 4064, 3988, 3988, 4064, 3989, 4064, 4065, 3989, 3989, 4065, 3990, 4065, 4066, 3990, 3990, 4066, 3991, 4066, 4067, 3991, 3991, 4067, 3992, 4067, 4068, 3992, 3992, 4068, 3993, 4068, 4069, 3993, 3993, 4069, 3994, 4069, 4070, 3994, 3994, 4070, 3995, 4070, 4071, 3995, 3995, 4071, 3996, 4071, 4072, 3996, 3996, 4072, 3997, 4072, 4073, 3997, 3997, 4073, 3998, 4073, 4074, 3998, 3998, 4074, 3999, 4074, 4075, 3999, 3999, 4075, 4000, 4075, 4076, 4000, 4000, 4076, 4001, 4076, 4077, 4001, 4001, 4077, 4002, 4077, 4078, 4002, 4002, 4078, 4003, 4078, 4079, 4003, 4003, 4079, 4004, 4079, 4080, 4004, 4004, 4080, 4005, 4080, 4081, 4005, 4005, 4081, 4006, 4081, 4082, 4006, 4006, 4082, 4007, 4082, 4083, 4007, 4007, 4083, 4008, 4083, 4084, 4008, 4008, 4084, 4009, 4084, 4085, 4009, 4009, 4085, 4010, 4085, 4086, 4010, 4010, 4086, 4011, 4086, 4087, 4011, 4011, 4087, 4012, 4087, 4088, 4012, 4012, 4088, 4013, 4088, 4089, 4013, 4013, 4089, 4014, 4089, 4090, 4014, 4014, 4090, 4015, 4090, 4091, 4015, 4015, 4091, 4016, 4091, 4092, 4016, 4016, 4092, 4017, 4092, 4093, 4017, 4017, 4093, 4018, 4093, 4094, 4018, 4018, 4094, 4019, 4094, 4095, 4019, 4019, 4095, 4020, 4095, 4096, 4020, 4020, 4096, 4021, 4096, 4097, 4021, 4021, 4097, 4022, 4097, 4098, 4022, 4022, 4098, 4023, 4098, 4099, 4023, 4023, 4099, 4024, 4099, 4100, 4024, 4024, 4100, 4025, 4100, 4101, 4025, 4025, 4101, 4026, 4101, 4102, 4026, 4026, 4102, 4027, 4102, 4103, 4027, 4028, 4104, 4029, 4104, 4105, 4029, 4029, 4105, 4030, 4105, 4106, 4030, 4030, 4106, 4031, 4106, 4107, 4031, 4031, 4107, 4032, 4107, 4108, 4032, 4032, 4108, 4033, 4108, 4109, 4033, 4033, 4109, 4034, 4109, 4110, 4034, 4034, 4110, 4035, 4110, 4111, 4035, 4035, 4111, 4036, 4111, 4112, 4036, 4036, 4112, 4037, 4112, 4113, 4037, 4037, 4113, 4038, 4113, 4114, 4038, 4038, 4114, 4039, 4114, 4115, 4039, 4039, 4115, 4040, 4115, 4116, 4040, 4040, 4116, 4041, 4116, 4117, 4041, 4041, 4117, 4042, 4117, 4118, 4042, 4042, 4118, 4043, 4118, 4119, 4043, 4043, 4119, 4044, 4119, 4120, 4044, 4044, 4120, 4045, 4120, 4121, 4045, 4045, 4121, 4046, 4121, 4122, 4046, 4046, 4122, 4047, 4122, 4123, 4047, 4047, 4123, 4048, 4123, 4124, 4048, 4048, 4124, 4049, 4124, 4125, 4049, 4049, 4125, 4050, 4125, 4126, 4050, 4050, 4126, 4051, 4126, 4127, 4051, 4051, 4127, 4052, 4127, 4128, 4052, 4052, 4128, 4053, 4128, 4129, 4053, 4053, 4129, 4054, 4129, 4130, 4054, 4054, 4130, 4055, 4130, 4131, 4055, 4055, 4131, 4056, 4131, 4132, 4056, 4056, 4132, 4057, 4132, 4133, 4057, 4057, 4133, 4058, 4133, 4134, 4058, 4058, 4134, 4059, 4134, 4135, 4059, 4059, 4135, 4060, 4135, 4136, 4060, 4060, 4136, 4061, 4136, 4137, 4061, 4061, 4137, 4062, 4137, 4138, 4062, 4062, 4138, 4063, 4138, 4139, 4063, 4063, 4139, 4064, 4139, 4140, 4064, 4064, 4140, 4065, 4140, 4141, 4065, 4065, 4141, 4066, 4141, 4142, 4066, 4066, 4142, 4067, 4142, 4143, 4067, 4067, 4143, 4068, 4143, 4144, 4068, 4068, 4144, 4069, 4144, 4145, 4069, 4069, 4145, 4070, 4145, 4146, 4070, 4070, 4146, 4071, 4146, 4147, 4071, 4071, 4147, 4072, 4147, 4148, 4072, 4072, 4148, 4073, 4148, 4149, 4073, 4073, 4149, 4074, 4149, 4150, 4074, 4074, 4150, 4075, 4150, 4151, 4075, 4075, 4151, 4076, 4151, 4152, 4076, 4076, 4152, 4077, 4152, 4153, 4077, 4077, 4153, 4078, 4153, 4154, 4078, 4078, 4154, 4079, 4154, 4155, 4079, 4079, 4155, 4080, 4155, 4156, 4080, 4080, 4156, 4081, 4156, 4157, 4081, 4081, 4157, 4082, 4157, 4158, 4082, 4082, 4158, 4083, 4158, 4159, 4083, 4083, 4159, 4084, 4159, 4160, 4084, 4084, 4160, 4085, 4160, 4161, 4085, 4085, 4161, 4086, 4161, 4162, 4086, 4086, 4162, 4087, 4162, 4163, 4087, 4087, 4163, 4088, 4163, 4164, 4088, 4088, 4164, 4089, 4164, 4165, 4089, 4089, 4165, 4090, 4165, 4166, 4090, 4090, 4166, 4091, 4166, 4167, 4091, 4091, 4167, 4092, 4167, 4168, 4092, 4092, 4168, 4093, 4168, 4169, 4093, 4093, 4169, 4094, 4169, 4170, 4094, 4094, 4170, 4095, 4170, 4171, 4095, 4095, 4171, 4096, 4171, 4172, 4096, 4096, 4172, 4097, 4172, 4173, 4097, 4097, 4173, 4098, 4173, 4174, 4098, 4098, 4174, 4099, 4174, 4175, 4099, 4099, 4175, 4100, 4175, 4176, 4100, 4100, 4176, 4101, 4176, 4177, 4101, 4101, 4177, 4102, 4177, 4178, 4102, 4102, 4178, 4103, 4178, 4179, 4103, 4104, 4180, 4105, 4180, 4181, 4105, 4105, 4181, 4106, 4181, 4182, 4106, 4106, 4182, 4107, 4182, 4183, 4107, 4107, 4183, 4108, 4183, 4184, 4108, 4108, 4184, 4109, 4184, 4185, 4109, 4109, 4185, 4110, 4185, 4186, 4110, 4110, 4186, 4111, 4186, 4187, 4111, 4111, 4187, 4112, 4187, 4188, 4112, 4112, 4188, 4113, 4188, 4189, 4113, 4113, 4189, 4114, 4189, 4190, 4114, 4114, 4190, 4115, 4190, 4191, 4115, 4115, 4191, 4116, 4191, 4192, 4116, 4116, 4192, 4117, 4192, 4193, 4117, 4117, 4193, 4118, 4193, 4194, 4118, 4118, 4194, 4119, 4194, 4195, 4119, 4119, 4195, 4120, 4195, 4196, 4120, 4120, 4196, 4121, 4196, 4197, 4121, 4121, 4197, 4122, 4197, 4198, 4122, 4122, 4198, 4123, 4198, 4199, 4123, 4123, 4199, 4124, 4199, 4200, 4124, 4124, 4200, 4125, 4200, 4201, 4125, 4125, 4201, 4126, 4201, 4202, 4126, 4126, 4202, 4127, 4202, 4203, 4127, 4127, 4203, 4128, 4203, 4204, 4128, 4128, 4204, 4129, 4204, 4205, 4129, 4129, 4205, 4130, 4205, 4206, 4130, 4130, 4206, 4131, 4206, 4207, 4131, 4131, 4207, 4132, 4207, 4208, 4132, 4132, 4208, 4133, 4208, 4209, 4133, 4133, 4209, 4134, 4209, 4210, 4134, 4134, 4210, 4135, 4210, 4211, 4135, 4135, 4211, 4136, 4211, 4212, 4136, 4136, 4212, 4137, 4212, 4213, 4137, 4137, 4213, 4138, 4213, 4214, 4138, 4138, 4214, 4139, 4214, 4215, 4139, 4139, 4215, 4140, 4215, 4216, 4140, 4140, 4216, 4141, 4216, 4217, 4141, 4141, 4217, 4142, 4217, 4218, 4142, 4142, 4218, 4143, 4218, 4219, 4143, 4143, 4219, 4144, 4219, 4220, 4144, 4144, 4220, 4145, 4220, 4221, 4145, 4145, 4221, 4146, 4221, 4222, 4146, 4146, 4222, 4147, 4222, 4223, 4147, 4147, 4223, 4148, 4223, 4224, 4148, 4148, 4224, 4149, 4224, 4225, 4149, 4149, 4225, 4150, 4225, 4226, 4150, 4150, 4226, 4151, 4226, 4227, 4151, 4151, 4227, 4152, 4227, 4228, 4152, 4152, 4228, 4153, 4228, 4229, 4153, 4153, 4229, 4154, 4229, 4230, 4154, 4154, 4230, 4155, 4230, 4231, 4155, 4155, 4231, 4156, 4231, 4232, 4156, 4156, 4232, 4157, 4232, 4233, 4157, 4157, 4233, 4158, 4233, 4234, 4158, 4158, 4234, 4159, 4234, 4235, 4159, 4159, 4235, 4160, 4235, 4236, 4160, 4160, 4236, 4161, 4236, 4237, 4161, 4161, 4237, 4162, 4237, 4238, 4162, 4162, 4238, 4163, 4238, 4239, 4163, 4163, 4239, 4164, 4239, 4240, 4164, 4164, 4240, 4165, 4240, 4241, 4165, 4165, 4241, 4166, 4241, 4242, 4166, 4166, 4242, 4167, 4242, 4243, 4167, 4167, 4243, 4168, 4243, 4244, 4168, 4168, 4244, 4169, 4244, 4245, 4169, 4169, 4245, 4170, 4245, 4246, 4170, 4170, 4246, 4171, 4246, 4247, 4171, 4171, 4247, 4172, 4247, 4248, 4172, 4172, 4248, 4173, 4248, 4249, 4173, 4173, 4249, 4174, 4249, 4250, 4174, 4174, 4250, 4175, 4250, 4251, 4175, 4175, 4251, 4176, 4251, 4252, 4176, 4176, 4252, 4177, 4252, 4253, 4177, 4177, 4253, 4178, 4253, 4254, 4178, 4178, 4254, 4179, 4254, 4255, 4179, 4180, 4256, 4181, 4256, 4257, 4181, 4181, 4257, 4182, 4257, 4258, 4182, 4182, 4258, 4183, 4258, 4259, 4183, 4183, 4259, 4184, 4259, 4260, 4184, 4184, 4260, 4185, 4260, 4261, 4185, 4185, 4261, 4186, 4261, 4262, 4186, 4186, 4262, 4187, 4262, 4263, 4187, 4187, 4263, 4188, 4263, 4264, 4188, 4188, 4264, 4189, 4264, 4265, 4189, 4189, 4265, 4190, 4265, 4266, 4190, 4190, 4266, 4191, 4266, 4267, 4191, 4191, 4267, 4192, 4267, 4268, 4192, 4192, 4268, 4193, 4268, 4269, 4193, 4193, 4269, 4194, 4269, 4270, 4194, 4194, 4270, 4195, 4270, 4271, 4195, 4195, 4271, 4196, 4271, 4272, 4196, 4196, 4272, 4197, 4272, 4273, 4197, 4197, 4273, 4198, 4273, 4274, 4198, 4198, 4274, 4199, 4274, 4275, 4199, 4199, 4275, 4200, 4275, 4276, 4200, 4200, 4276, 4201, 4276, 4277, 4201, 4201, 4277, 4202, 4277, 4278, 4202, 4202, 4278, 4203, 4278, 4279, 4203, 4203, 4279, 4204, 4279, 4280, 4204, 4204, 4280, 4205, 4280, 4281, 4205, 4205, 4281, 4206, 4281, 4282, 4206, 4206, 4282, 4207, 4282, 4283, 4207, 4207, 4283, 4208, 4283, 4284, 4208, 4208, 4284, 4209, 4284, 4285, 4209, 4209, 4285, 4210, 4285, 4286, 4210, 4210, 4286, 4211, 4286, 4287, 4211, 4211, 4287, 4212, 4287, 4288, 4212, 4212, 4288, 4213, 4288, 4289, 4213, 4213, 4289, 4214, 4289, 4290, 4214, 4214, 4290, 4215, 4290, 4291, 4215, 4215, 4291, 4216, 4291, 4292, 4216, 4216, 4292, 4217, 4292, 4293, 4217, 4217, 4293, 4218, 4293, 4294, 4218, 4218, 4294, 4219, 4294, 4295, 4219, 4219, 4295, 4220, 4295, 4296, 4220, 4220, 4296, 4221, 4296, 4297, 4221, 4221, 4297, 4222, 4297, 4298, 4222, 4222, 4298, 4223, 4298, 4299, 4223, 4223, 4299, 4224, 4299, 4300, 4224, 4224, 4300, 4225, 4300, 4301, 4225, 4225, 4301, 4226, 4301, 4302, 4226, 4226, 4302, 4227, 4302, 4303, 4227, 4227, 4303, 4228, 4303, 4304, 4228, 4228, 4304, 4229, 4304, 4305, 4229, 4229, 4305, 4230, 4305, 4306, 4230, 4230, 4306, 4231, 4306, 4307, 4231, 4231, 4307, 4232, 4307, 4308, 4232, 4232, 4308, 4233, 4308, 4309, 4233, 4233, 4309, 4234, 4309, 4310, 4234, 4234, 4310, 4235, 4310, 4311, 4235, 4235, 4311, 4236, 4311, 4312, 4236, 4236, 4312, 4237, 4312, 4313, 4237, 4237, 4313, 4238, 4313, 4314, 4238, 4238, 4314, 4239, 4314, 4315, 4239, 4239, 4315, 4240, 4315, 4316, 4240, 4240, 4316, 4241, 4316, 4317, 4241, 4241, 4317, 4242, 4317, 4318, 4242, 4242, 4318, 4243, 4318, 4319, 4243, 4243, 4319, 4244, 4319, 4320, 4244, 4244, 4320, 4245, 4320, 4321, 4245, 4245, 4321, 4246, 4321, 4322, 4246, 4246, 4322, 4247, 4322, 4323, 4247, 4247, 4323, 4248, 4323, 4324, 4248, 4248, 4324, 4249, 4324, 4325, 4249, 4249, 4325, 4250, 4325, 4326, 4250, 4250, 4326, 4251, 4326, 4327, 4251, 4251, 4327, 4252, 4327, 4328, 4252, 4252, 4328, 4253, 4328, 4329, 4253, 4253, 4329, 4254, 4329, 4330, 4254, 4254, 4330, 4255, 4330, 4331, 4255, 4256, 4332, 4257, 4332, 4333, 4257, 4257, 4333, 4258, 4333, 4334, 4258, 4258, 4334, 4259, 4334, 4335, 4259, 4259, 4335, 4260, 4335, 4336, 4260, 4260, 4336, 4261, 4336, 4337, 4261, 4261, 4337, 4262, 4337, 4338, 4262, 4262, 4338, 4263, 4338, 4339, 4263, 4263, 4339, 4264, 4339, 4340, 4264, 4264, 4340, 4265, 4340, 4341, 4265, 4265, 4341, 4266, 4341, 4342, 4266, 4266, 4342, 4267, 4342, 4343, 4267, 4267, 4343, 4268, 4343, 4344, 4268, 4268, 4344, 4269, 4344, 4345, 4269, 4269, 4345, 4270, 4345, 4346, 4270, 4270, 4346, 4271, 4346, 4347, 4271, 4271, 4347, 4272, 4347, 4348, 4272, 4272, 4348, 4273, 4348, 4349, 4273, 4273, 4349, 4274, 4349, 4350, 4274, 4274, 4350, 4275, 4350, 4351, 4275, 4275, 4351, 4276, 4351, 4352, 4276, 4276, 4352, 4277, 4352, 4353, 4277, 4277, 4353, 4278, 4353, 4354, 4278, 4278, 4354, 4279, 4354, 4355, 4279, 4279, 4355, 4280, 4355, 4356, 4280, 4280, 4356, 4281, 4356, 4357, 4281, 4281, 4357, 4282, 4357, 4358, 4282, 4282, 4358, 4283, 4358, 4359, 4283, 4283, 4359, 4284, 4359, 4360, 4284, 4284, 4360, 4285, 4360, 4361, 4285, 4285, 4361, 4286, 4361, 4362, 4286, 4286, 4362, 4287, 4362, 4363, 4287, 4287, 4363, 4288, 4363, 4364, 4288, 4288, 4364, 4289, 4364, 4365, 4289, 4289, 4365, 4290, 4365, 4366, 4290, 4290, 4366, 4291, 4366, 4367, 4291, 4291, 4367, 4292, 4367, 4368, 4292, 4292, 4368, 4293, 4368, 4369, 4293, 4293, 4369, 4294, 4369, 4370, 4294, 4294, 4370, 4295, 4370, 4371, 4295, 4295, 4371, 4296, 4371, 4372, 4296, 4296, 4372, 4297, 4372, 4373, 4297, 4297, 4373, 4298, 4373, 4374, 4298, 4298, 4374, 4299, 4374, 4375, 4299, 4299, 4375, 4300, 4375, 4376, 4300, 4300, 4376, 4301, 4376, 4377, 4301, 4301, 4377, 4302, 4377, 4378, 4302, 4302, 4378, 4303, 4378, 4379, 4303, 4303, 4379, 4304, 4379, 4380, 4304, 4304, 4380, 4305, 4380, 4381, 4305, 4305, 4381, 4306, 4381, 4382, 4306, 4306, 4382, 4307, 4382, 4383, 4307, 4307, 4383, 4308, 4383, 4384, 4308, 4308, 4384, 4309, 4384, 4385, 4309, 4309, 4385, 4310, 4385, 4386, 4310, 4310, 4386, 4311, 4386, 4387, 4311, 4311, 4387, 4312, 4387, 4388, 4312, 4312, 4388, 4313, 4388, 4389, 4313, 4313, 4389, 4314, 4389, 4390, 4314, 4314, 4390, 4315, 4390, 4391, 4315, 4315, 4391, 4316, 4391, 4392, 4316, 4316, 4392, 4317, 4392, 4393, 4317, 4317, 4393, 4318, 4393, 4394, 4318, 4318, 4394, 4319, 4394, 4395, 4319, 4319, 4395, 4320, 4395, 4396, 4320, 4320, 4396, 4321, 4396, 4397, 4321, 4321, 4397, 4322, 4397, 4398, 4322, 4322, 4398, 4323, 4398, 4399, 4323, 4323, 4399, 4324, 4399, 4400, 4324, 4324, 4400, 4325, 4400, 4401, 4325, 4325, 4401, 4326, 4401, 4402, 4326, 4326, 4402, 4327, 4402, 4403, 4327, 4327, 4403, 4328, 4403, 4404, 4328, 4328, 4404, 4329, 4404, 4405, 4329, 4329, 4405, 4330, 4405, 4406, 4330, 4330, 4406, 4331, 4406, 4407, 4331, 4332, 4408, 4333, 4408, 4409, 4333, 4333, 4409, 4334, 4409, 4410, 4334, 4334, 4410, 4335, 4410, 4411, 4335, 4335, 4411, 4336, 4411, 4412, 4336, 4336, 4412, 4337, 4412, 4413, 4337, 4337, 4413, 4338, 4413, 4414, 4338, 4338, 4414, 4339, 4414, 4415, 4339, 4339, 4415, 4340, 4415, 4416, 4340, 4340, 4416, 4341, 4416, 4417, 4341, 4341, 4417, 4342, 4417, 4418, 4342, 4342, 4418, 4343, 4418, 4419, 4343, 4343, 4419, 4344, 4419, 4420, 4344, 4344, 4420, 4345, 4420, 4421, 4345, 4345, 4421, 4346, 4421, 4422, 4346, 4346, 4422, 4347, 4422, 4423, 4347, 4347, 4423, 4348, 4423, 4424, 4348, 4348, 4424, 4349, 4424, 4425, 4349, 4349, 4425, 4350, 4425, 4426, 4350, 4350, 4426, 4351, 4426, 4427, 4351, 4351, 4427, 4352, 4427, 4428, 4352, 4352, 4428, 4353, 4428, 4429, 4353, 4353, 4429, 4354, 4429, 4430, 4354, 4354, 4430, 4355, 4430, 4431, 4355, 4355, 4431, 4356, 4431, 4432, 4356, 4356, 4432, 4357, 4432, 4433, 4357, 4357, 4433, 4358, 4433, 4434, 4358, 4358, 4434, 4359, 4434, 4435, 4359, 4359, 4435, 4360, 4435, 4436, 4360, 4360, 4436, 4361, 4436, 4437, 4361, 4361, 4437, 4362, 4437, 4438, 4362, 4362, 4438, 4363, 4438, 4439, 4363, 4363, 4439, 4364, 4439, 4440, 4364, 4364, 4440, 4365, 4440, 4441, 4365, 4365, 4441, 4366, 4441, 4442, 4366, 4366, 4442, 4367, 4442, 4443, 4367, 4367, 4443, 4368, 4443, 4444, 4368, 4368, 4444, 4369, 4444, 4445, 4369, 4369, 4445, 4370, 4445, 4446, 4370, 4370, 4446, 4371, 4446, 4447, 4371, 4371, 4447, 4372, 4447, 4448, 4372, 4372, 4448, 4373, 4448, 4449, 4373, 4373, 4449, 4374, 4449, 4450, 4374, 4374, 4450, 4375, 4450, 4451, 4375, 4375, 4451, 4376, 4451, 4452, 4376, 4376, 4452, 4377, 4452, 4453, 4377, 4377, 4453, 4378, 4453, 4454, 4378, 4378, 4454, 4379, 4454, 4455, 4379, 4379, 4455, 4380, 4455, 4456, 4380, 4380, 4456, 4381, 4456, 4457, 4381, 4381, 4457, 4382, 4457, 4458, 4382, 4382, 4458, 4383, 4458, 4459, 4383, 4383, 4459, 4384, 4459, 4460, 4384, 4384, 4460, 4385, 4460, 4461, 4385, 4385, 4461, 4386, 4461, 4462, 4386, 4386, 4462, 4387, 4462, 4463, 4387, 4387, 4463, 4388, 4463, 4464, 4388, 4388, 4464, 4389, 4464, 4465, 4389, 4389, 4465, 4390, 4465, 4466, 4390, 4390, 4466, 4391, 4466, 4467, 4391, 4391, 4467, 4392, 4467, 4468, 4392, 4392, 4468, 4393, 4468, 4469, 4393, 4393, 4469, 4394, 4469, 4470, 4394, 4394, 4470, 4395, 4470, 4471, 4395, 4395, 4471, 4396, 4471, 4472, 4396, 4396, 4472, 4397, 4472, 4473, 4397, 4397, 4473, 4398, 4473, 4474, 4398, 4398, 4474, 4399, 4474, 4475, 4399, 4399, 4475, 4400, 4475, 4476, 4400, 4400, 4476, 4401, 4476, 4477, 4401, 4401, 4477, 4402, 4477, 4478, 4402, 4402, 4478, 4403, 4478, 4479, 4403, 4403, 4479, 4404, 4479, 4480, 4404, 4404, 4480, 4405, 4480, 4481, 4405, 4405, 4481, 4406, 4481, 4482, 4406, 4406, 4482, 4407, 4482, 4483, 4407, 4408, 4484, 4409, 4484, 4485, 4409, 4409, 4485, 4410, 4485, 4486, 4410, 4410, 4486, 4411, 4486, 4487, 4411, 4411, 4487, 4412, 4487, 4488, 4412, 4412, 4488, 4413, 4488, 4489, 4413, 4413, 4489, 4414, 4489, 4490, 4414, 4414, 4490, 4415, 4490, 4491, 4415, 4415, 4491, 4416, 4491, 4492, 4416, 4416, 4492, 4417, 4492, 4493, 4417, 4417, 4493, 4418, 4493, 4494, 4418, 4418, 4494, 4419, 4494, 4495, 4419, 4419, 4495, 4420, 4495, 4496, 4420, 4420, 4496, 4421, 4496, 4497, 4421, 4421, 4497, 4422, 4497, 4498, 4422, 4422, 4498, 4423, 4498, 4499, 4423, 4423, 4499, 4424, 4499, 4500, 4424, 4424, 4500, 4425, 4500, 4501, 4425, 4425, 4501, 4426, 4501, 4502, 4426, 4426, 4502, 4427, 4502, 4503, 4427, 4427, 4503, 4428, 4503, 4504, 4428, 4428, 4504, 4429, 4504, 4505, 4429, 4429, 4505, 4430, 4505, 4506, 4430, 4430, 4506, 4431, 4506, 4507, 4431, 4431, 4507, 4432, 4507, 4508, 4432, 4432, 4508, 4433, 4508, 4509, 4433, 4433, 4509, 4434, 4509, 4510, 4434, 4434, 4510, 4435, 4510, 4511, 4435, 4435, 4511, 4436, 4511, 4512, 4436, 4436, 4512, 4437, 4512, 4513, 4437, 4437, 4513, 4438, 4513, 4514, 4438, 4438, 4514, 4439, 4514, 4515, 4439, 4439, 4515, 4440, 4515, 4516, 4440, 4440, 4516, 4441, 4516, 4517, 4441, 4441, 4517, 4442, 4517, 4518, 4442, 4442, 4518, 4443, 4518, 4519, 4443, 4443, 4519, 4444, 4519, 4520, 4444, 4444, 4520, 4445, 4520, 4521, 4445, 4445, 4521, 4446, 4521, 4522, 4446, 4446, 4522, 4447, 4522, 4523, 4447, 4447, 4523, 4448, 4523, 4524, 4448, 4448, 4524, 4449, 4524, 4525, 4449, 4449, 4525, 4450, 4525, 4526, 4450, 4450, 4526, 4451, 4526, 4527, 4451, 4451, 4527, 4452, 4527, 4528, 4452, 4452, 4528, 4453, 4528, 4529, 4453, 4453, 4529, 4454, 4529, 4530, 4454, 4454, 4530, 4455, 4530, 4531, 4455, 4455, 4531, 4456, 4531, 4532, 4456, 4456, 4532, 4457, 4532, 4533, 4457, 4457, 4533, 4458, 4533, 4534, 4458, 4458, 4534, 4459, 4534, 4535, 4459, 4459, 4535, 4460, 4535, 4536, 4460, 4460, 4536, 4461, 4536, 4537, 4461, 4461, 4537, 4462, 4537, 4538, 4462, 4462, 4538, 4463, 4538, 4539, 4463, 4463, 4539, 4464, 4539, 4540, 4464, 4464, 4540, 4465, 4540, 4541, 4465, 4465, 4541, 4466, 4541, 4542, 4466, 4466, 4542, 4467, 4542, 4543, 4467, 4467, 4543, 4468, 4543, 4544, 4468, 4468, 4544, 4469, 4544, 4545, 4469, 4469, 4545, 4470, 4545, 4546, 4470, 4470, 4546, 4471, 4546, 4547, 4471, 4471, 4547, 4472, 4547, 4548, 4472, 4472, 4548, 4473, 4548, 4549, 4473, 4473, 4549, 4474, 4549, 4550, 4474, 4474, 4550, 4475, 4550, 4551, 4475, 4475, 4551, 4476, 4551, 4552, 4476, 4476, 4552, 4477, 4552, 4553, 4477, 4477, 4553, 4478, 4553, 4554, 4478, 4478, 4554, 4479, 4554, 4555, 4479, 4479, 4555, 4480, 4555, 4556, 4480, 4480, 4556, 4481, 4556, 4557, 4481, 4481, 4557, 4482, 4557, 4558, 4482, 4482, 4558, 4483, 4558, 4559, 4483, 4484, 4560, 4485, 4560, 4561, 4485, 4485, 4561, 4486, 4561, 4562, 4486, 4486, 4562, 4487, 4562, 4563, 4487, 4487, 4563, 4488, 4563, 4564, 4488, 4488, 4564, 4489, 4564, 4565, 4489, 4489, 4565, 4490, 4565, 4566, 4490, 4490, 4566, 4491, 4566, 4567, 4491, 4491, 4567, 4492, 4567, 4568, 4492, 4492, 4568, 4493, 4568, 4569, 4493, 4493, 4569, 4494, 4569, 4570, 4494, 4494, 4570, 4495, 4570, 4571, 4495, 4495, 4571, 4496, 4571, 4572, 4496, 4496, 4572, 4497, 4572, 4573, 4497, 4497, 4573, 4498, 4573, 4574, 4498, 4498, 4574, 4499, 4574, 4575, 4499, 4499, 4575, 4500, 4575, 4576, 4500, 4500, 4576, 4501, 4576, 4577, 4501, 4501, 4577, 4502, 4577, 4578, 4502, 4502, 4578, 4503, 4578, 4579, 4503, 4503, 4579, 4504, 4579, 4580, 4504, 4504, 4580, 4505, 4580, 4581, 4505, 4505, 4581, 4506, 4581, 4582, 4506, 4506, 4582, 4507, 4582, 4583, 4507, 4507, 4583, 4508, 4583, 4584, 4508, 4508, 4584, 4509, 4584, 4585, 4509, 4509, 4585, 4510, 4585, 4586, 4510, 4510, 4586, 4511, 4586, 4587, 4511, 4511, 4587, 4512, 4587, 4588, 4512, 4512, 4588, 4513, 4588, 4589, 4513, 4513, 4589, 4514, 4589, 4590, 4514, 4514, 4590, 4515, 4590, 4591, 4515, 4515, 4591, 4516, 4591, 4592, 4516, 4516, 4592, 4517, 4592, 4593, 4517, 4517, 4593, 4518, 4593, 4594, 4518, 4518, 4594, 4519, 4594, 4595, 4519, 4519, 4595, 4520, 4595, 4596, 4520, 4520, 4596, 4521, 4596, 4597, 4521, 4521, 4597, 4522, 4597, 4598, 4522, 4522, 4598, 4523, 4598, 4599, 4523, 4523, 4599, 4524, 4599, 4600, 4524, 4524, 4600, 4525, 4600, 4601, 4525, 4525, 4601, 4526, 4601, 4602, 4526, 4526, 4602, 4527, 4602, 4603, 4527, 4527, 4603, 4528, 4603, 4604, 4528, 4528, 4604, 4529, 4604, 4605, 4529, 4529, 4605, 4530, 4605, 4606, 4530, 4530, 4606, 4531, 4606, 4607, 4531, 4531, 4607, 4532, 4607, 4608, 4532, 4532, 4608, 4533, 4608, 4609, 4533, 4533, 4609, 4534, 4609, 4610, 4534, 4534, 4610, 4535, 4610, 4611, 4535, 4535, 4611, 4536, 4611, 4612, 4536, 4536, 4612, 4537, 4612, 4613, 4537, 4537, 4613, 4538, 4613, 4614, 4538, 4538, 4614, 4539, 4614, 4615, 4539, 4539, 4615, 4540, 4615, 4616, 4540, 4540, 4616, 4541, 4616, 4617, 4541, 4541, 4617, 4542, 4617, 4618, 4542, 4542, 4618, 4543, 4618, 4619, 4543, 4543, 4619, 4544, 4619, 4620, 4544, 4544, 4620, 4545, 4620, 4621, 4545, 4545, 4621, 4546, 4621, 4622, 4546, 4546, 4622, 4547, 4622, 4623, 4547, 4547, 4623, 4548, 4623, 4624, 4548, 4548, 4624, 4549, 4624, 4625, 4549, 4549, 4625, 4550, 4625, 4626, 4550, 4550, 4626, 4551, 4626, 4627, 4551, 4551, 4627, 4552, 4627, 4628, 4552, 4552, 4628, 4553, 4628, 4629, 4553, 4553, 4629, 4554, 4629, 4630, 4554, 4554, 4630, 4555, 4630, 4631, 4555, 4555, 4631, 4556, 4631, 4632, 4556, 4556, 4632, 4557, 4632, 4633, 4557, 4557, 4633, 4558, 4633, 4634, 4558, 4558, 4634, 4559, 4634, 4635, 4559, 4560, 4636, 4561, 4636, 4637, 4561, 4561, 4637, 4562, 4637, 4638, 4562, 4562, 4638, 4563, 4638, 4639, 4563, 4563, 4639, 4564, 4639, 4640, 4564, 4564, 4640, 4565, 4640, 4641, 4565, 4565, 4641, 4566, 4641, 4642, 4566, 4566, 4642, 4567, 4642, 4643, 4567, 4567, 4643, 4568, 4643, 4644, 4568, 4568, 4644, 4569, 4644, 4645, 4569, 4569, 4645, 4570, 4645, 4646, 4570, 4570, 4646, 4571, 4646, 4647, 4571, 4571, 4647, 4572, 4647, 4648, 4572, 4572, 4648, 4573, 4648, 4649, 4573, 4573, 4649, 4574, 4649, 4650, 4574, 4574, 4650, 4575, 4650, 4651, 4575, 4575, 4651, 4576, 4651, 4652, 4576, 4576, 4652, 4577, 4652, 4653, 4577, 4577, 4653, 4578, 4653, 4654, 4578, 4578, 4654, 4579, 4654, 4655, 4579, 4579, 4655, 4580, 4655, 4656, 4580, 4580, 4656, 4581, 4656, 4657, 4581, 4581, 4657, 4582, 4657, 4658, 4582, 4582, 4658, 4583, 4658, 4659, 4583, 4583, 4659, 4584, 4659, 4660, 4584, 4584, 4660, 4585, 4660, 4661, 4585, 4585, 4661, 4586, 4661, 4662, 4586, 4586, 4662, 4587, 4662, 4663, 4587, 4587, 4663, 4588, 4663, 4664, 4588, 4588, 4664, 4589, 4664, 4665, 4589, 4589, 4665, 4590, 4665, 4666, 4590, 4590, 4666, 4591, 4666, 4667, 4591, 4591, 4667, 4592, 4667, 4668, 4592, 4592, 4668, 4593, 4668, 4669, 4593, 4593, 4669, 4594, 4669, 4670, 4594, 4594, 4670, 4595, 4670, 4671, 4595, 4595, 4671, 4596, 4671, 4672, 4596, 4596, 4672, 4597, 4672, 4673, 4597, 4597, 4673, 4598, 4673, 4674, 4598, 4598, 4674, 4599, 4674, 4675, 4599, 4599, 4675, 4600, 4675, 4676, 4600, 4600, 4676, 4601, 4676, 4677, 4601, 4601, 4677, 4602, 4677, 4678, 4602, 4602, 4678, 4603, 4678, 4679, 4603, 4603, 4679, 4604, 4679, 4680, 4604, 4604, 4680, 4605, 4680, 4681, 4605, 4605, 4681, 4606, 4681, 4682, 4606, 4606, 4682, 4607, 4682, 4683, 4607, 4607, 4683, 4608, 4683, 4684, 4608, 4608, 4684, 4609, 4684, 4685, 4609, 4609, 4685, 4610, 4685, 4686, 4610, 4610, 4686, 4611, 4686, 4687, 4611, 4611, 4687, 4612, 4687, 4688, 4612, 4612, 4688, 4613, 4688, 4689, 4613, 4613, 4689, 4614, 4689, 4690, 4614, 4614, 4690, 4615, 4690, 4691, 4615, 4615, 4691, 4616, 4691, 4692, 4616, 4616, 4692, 4617, 4692, 4693, 4617, 4617, 4693, 4618, 4693, 4694, 4618, 4618, 4694, 4619, 4694, 4695, 4619, 4619, 4695, 4620, 4695, 4696, 4620, 4620, 4696, 4621, 4696, 4697, 4621, 4621, 4697, 4622, 4697, 4698, 4622, 4622, 4698, 4623, 4698, 4699, 4623, 4623, 4699, 4624, 4699, 4700, 4624, 4624, 4700, 4625, 4700, 4701, 4625, 4625, 4701, 4626, 4701, 4702, 4626, 4626, 4702, 4627, 4702, 4703, 4627, 4627, 4703, 4628, 4703, 4704, 4628, 4628, 4704, 4629, 4704, 4705, 4629, 4629, 4705, 4630, 4705, 4706, 4630, 4630, 4706, 4631, 4706, 4707, 4631, 4631, 4707, 4632, 4707, 4708, 4632, 4632, 4708, 4633, 4708, 4709, 4633, 4633, 4709, 4634, 4709, 4710, 4634, 4634, 4710, 4635, 4710, 4711, 4635, 4636, 4712, 4637, 4712, 4713, 4637, 4637, 4713, 4638, 4713, 4714, 4638, 4638, 4714, 4639, 4714, 4715, 4639, 4639, 4715, 4640, 4715, 4716, 4640, 4640, 4716, 4641, 4716, 4717, 4641, 4641, 4717, 4642, 4717, 4718, 4642, 4642, 4718, 4643, 4718, 4719, 4643, 4643, 4719, 4644, 4719, 4720, 4644, 4644, 4720, 4645, 4720, 4721, 4645, 4645, 4721, 4646, 4721, 4722, 4646, 4646, 4722, 4647, 4722, 4723, 4647, 4647, 4723, 4648, 4723, 4724, 4648, 4648, 4724, 4649, 4724, 4725, 4649, 4649, 4725, 4650, 4725, 4726, 4650, 4650, 4726, 4651, 4726, 4727, 4651, 4651, 4727, 4652, 4727, 4728, 4652, 4652, 4728, 4653, 4728, 4729, 4653, 4653, 4729, 4654, 4729, 4730, 4654, 4654, 4730, 4655, 4730, 4731, 4655, 4655, 4731, 4656, 4731, 4732, 4656, 4656, 4732, 4657, 4732, 4733, 4657, 4657, 4733, 4658, 4733, 4734, 4658, 4658, 4734, 4659, 4734, 4735, 4659, 4659, 4735, 4660, 4735, 4736, 4660, 4660, 4736, 4661, 4736, 4737, 4661, 4661, 4737, 4662, 4737, 4738, 4662, 4662, 4738, 4663, 4738, 4739, 4663, 4663, 4739, 4664, 4739, 4740, 4664, 4664, 4740, 4665, 4740, 4741, 4665, 4665, 4741, 4666, 4741, 4742, 4666, 4666, 4742, 4667, 4742, 4743, 4667, 4667, 4743, 4668, 4743, 4744, 4668, 4668, 4744, 4669, 4744, 4745, 4669, 4669, 4745, 4670, 4745, 4746, 4670, 4670, 4746, 4671, 4746, 4747, 4671, 4671, 4747, 4672, 4747, 4748, 4672, 4672, 4748, 4673, 4748, 4749, 4673, 4673, 4749, 4674, 4749, 4750, 4674, 4674, 4750, 4675, 4750, 4751, 4675, 4675, 4751, 4676, 4751, 4752, 4676, 4676, 4752, 4677, 4752, 4753, 4677, 4677, 4753, 4678, 4753, 4754, 4678, 4678, 4754, 4679, 4754, 4755, 4679, 4679, 4755, 4680, 4755, 4756, 4680, 4680, 4756, 4681, 4756, 4757, 4681, 4681, 4757, 4682, 4757, 4758, 4682, 4682, 4758, 4683, 4758, 4759, 4683, 4683, 4759, 4684, 4759, 4760, 4684, 4684, 4760, 4685, 4760, 4761, 4685, 4685, 4761, 4686, 4761, 4762, 4686, 4686, 4762, 4687, 4762, 4763, 4687, 4687, 4763, 4688, 4763, 4764, 4688, 4688, 4764, 4689, 4764, 4765, 4689, 4689, 4765, 4690, 4765, 4766, 4690, 4690, 4766, 4691, 4766, 4767, 4691, 4691, 4767, 4692, 4767, 4768, 4692, 4692, 4768, 4693, 4768, 4769, 4693, 4693, 4769, 4694, 4769, 4770, 4694, 4694, 4770, 4695, 4770, 4771, 4695, 4695, 4771, 4696, 4771, 4772, 4696, 4696, 4772, 4697, 4772, 4773, 4697, 4697, 4773, 4698, 4773, 4774, 4698, 4698, 4774, 4699, 4774, 4775, 4699, 4699, 4775, 4700, 4775, 4776, 4700, 4700, 4776, 4701, 4776, 4777, 4701, 4701, 4777, 4702, 4777, 4778, 4702, 4702, 4778, 4703, 4778, 4779, 4703, 4703, 4779, 4704, 4779, 4780, 4704, 4704, 4780, 4705, 4780, 4781, 4705, 4705, 4781, 4706, 4781, 4782, 4706, 4706, 4782, 4707, 4782, 4783, 4707, 4707, 4783, 4708, 4783, 4784, 4708, 4708, 4784, 4709, 4784, 4785, 4709, 4709, 4785, 4710, 4785, 4786, 4710, 4710, 4786, 4711, 4786, 4787, 4711, 4712, 4788, 4713, 4788, 4789, 4713, 4713, 4789, 4714, 4789, 4790, 4714, 4714, 4790, 4715, 4790, 4791, 4715, 4715, 4791, 4716, 4791, 4792, 4716, 4716, 4792, 4717, 4792, 4793, 4717, 4717, 4793, 4718, 4793, 4794, 4718, 4718, 4794, 4719, 4794, 4795, 4719, 4719, 4795, 4720, 4795, 4796, 4720, 4720, 4796, 4721, 4796, 4797, 4721, 4721, 4797, 4722, 4797, 4798, 4722, 4722, 4798, 4723, 4798, 4799, 4723, 4723, 4799, 4724, 4799, 4800, 4724, 4724, 4800, 4725, 4800, 4801, 4725, 4725, 4801, 4726, 4801, 4802, 4726, 4726, 4802, 4727, 4802, 4803, 4727, 4727, 4803, 4728, 4803, 4804, 4728, 4728, 4804, 4729, 4804, 4805, 4729, 4729, 4805, 4730, 4805, 4806, 4730, 4730, 4806, 4731, 4806, 4807, 4731, 4731, 4807, 4732, 4807, 4808, 4732, 4732, 4808, 4733, 4808, 4809, 4733, 4733, 4809, 4734, 4809, 4810, 4734, 4734, 4810, 4735, 4810, 4811, 4735, 4735, 4811, 4736, 4811, 4812, 4736, 4736, 4812, 4737, 4812, 4813, 4737, 4737, 4813, 4738, 4813, 4814, 4738, 4738, 4814, 4739, 4814, 4815, 4739, 4739, 4815, 4740, 4815, 4816, 4740, 4740, 4816, 4741, 4816, 4817, 4741, 4741, 4817, 4742, 4817, 4818, 4742, 4742, 4818, 4743, 4818, 4819, 4743, 4743, 4819, 4744, 4819, 4820, 4744, 4744, 4820, 4745, 4820, 4821, 4745, 4745, 4821, 4746, 4821, 4822, 4746, 4746, 4822, 4747, 4822, 4823, 4747, 4747, 4823, 4748, 4823, 4824, 4748, 4748, 4824, 4749, 4824, 4825, 4749, 4749, 4825, 4750, 4825, 4826, 4750, 4750, 4826, 4751, 4826, 4827, 4751, 4751, 4827, 4752, 4827, 4828, 4752, 4752, 4828, 4753, 4828, 4829, 4753, 4753, 4829, 4754, 4829, 4830, 4754, 4754, 4830, 4755, 4830, 4831, 4755, 4755, 4831, 4756, 4831, 4832, 4756, 4756, 4832, 4757, 4832, 4833, 4757, 4757, 4833, 4758, 4833, 4834, 4758, 4758, 4834, 4759, 4834, 4835, 4759, 4759, 4835, 4760, 4835, 4836, 4760, 4760, 4836, 4761, 4836, 4837, 4761, 4761, 4837, 4762, 4837, 4838, 4762, 4762, 4838, 4763, 4838, 4839, 4763, 4763, 4839, 4764, 4839, 4840, 4764, 4764, 4840, 4765, 4840, 4841, 4765, 4765, 4841, 4766, 4841, 4842, 4766, 4766, 4842, 4767, 4842, 4843, 4767, 4767, 4843, 4768, 4843, 4844, 4768, 4768, 4844, 4769, 4844, 4845, 4769, 4769, 4845, 4770, 4845, 4846, 4770, 4770, 4846, 4771, 4846, 4847, 4771, 4771, 4847, 4772, 4847, 4848, 4772, 4772, 4848, 4773, 4848, 4849, 4773, 4773, 4849, 4774, 4849, 4850, 4774, 4774, 4850, 4775, 4850, 4851, 4775, 4775, 4851, 4776, 4851, 4852, 4776, 4776, 4852, 4777, 4852, 4853, 4777, 4777, 4853, 4778, 4853, 4854, 4778, 4778, 4854, 4779, 4854, 4855, 4779, 4779, 4855, 4780, 4855, 4856, 4780, 4780, 4856, 4781, 4856, 4857, 4781, 4781, 4857, 4782, 4857, 4858, 4782, 4782, 4858, 4783, 4858, 4859, 4783, 4783, 4859, 4784, 4859, 4860, 4784, 4784, 4860, 4785, 4860, 4861, 4785, 4785, 4861, 4786, 4861, 4862, 4786, 4786, 4862, 4787, 4862, 4863, 4787, 4788, 4864, 4789, 4864, 4865, 4789, 4789, 4865, 4790, 4865, 4866, 4790, 4790, 4866, 4791, 4866, 4867, 4791, 4791, 4867, 4792, 4867, 4868, 4792, 4792, 4868, 4793, 4868, 4869, 4793, 4793, 4869, 4794, 4869, 4870, 4794, 4794, 4870, 4795, 4870, 4871, 4795, 4795, 4871, 4796, 4871, 4872, 4796, 4796, 4872, 4797, 4872, 4873, 4797, 4797, 4873, 4798, 4873, 4874, 4798, 4798, 4874, 4799, 4874, 4875, 4799, 4799, 4875, 4800, 4875, 4876, 4800, 4800, 4876, 4801, 4876, 4877, 4801, 4801, 4877, 4802, 4877, 4878, 4802, 4802, 4878, 4803, 4878, 4879, 4803, 4803, 4879, 4804, 4879, 4880, 4804, 4804, 4880, 4805, 4880, 4881, 4805, 4805, 4881, 4806, 4881, 4882, 4806, 4806, 4882, 4807, 4882, 4883, 4807, 4807, 4883, 4808, 4883, 4884, 4808, 4808, 4884, 4809, 4884, 4885, 4809, 4809, 4885, 4810, 4885, 4886, 4810, 4810, 4886, 4811, 4886, 4887, 4811, 4811, 4887, 4812, 4887, 4888, 4812, 4812, 4888, 4813, 4888, 4889, 4813, 4813, 4889, 4814, 4889, 4890, 4814, 4814, 4890, 4815, 4890, 4891, 4815, 4815, 4891, 4816, 4891, 4892, 4816, 4816, 4892, 4817, 4892, 4893, 4817, 4817, 4893, 4818, 4893, 4894, 4818, 4818, 4894, 4819, 4894, 4895, 4819, 4819, 4895, 4820, 4895, 4896, 4820, 4820, 4896, 4821, 4896, 4897, 4821, 4821, 4897, 4822, 4897, 4898, 4822, 4822, 4898, 4823, 4898, 4899, 4823, 4823, 4899, 4824, 4899, 4900, 4824, 4824, 4900, 4825, 4900, 4901, 4825, 4825, 4901, 4826, 4901, 4902, 4826, 4826, 4902, 4827, 4902, 4903, 4827, 4827, 4903, 4828, 4903, 4904, 4828, 4828, 4904, 4829, 4904, 4905, 4829, 4829, 4905, 4830, 4905, 4906, 4830, 4830, 4906, 4831, 4906, 4907, 4831, 4831, 4907, 4832, 4907, 4908, 4832, 4832, 4908, 4833, 4908, 4909, 4833, 4833, 4909, 4834, 4909, 4910, 4834, 4834, 4910, 4835, 4910, 4911, 4835, 4835, 4911, 4836, 4911, 4912, 4836, 4836, 4912, 4837, 4912, 4913, 4837, 4837, 4913, 4838, 4913, 4914, 4838, 4838, 4914, 4839, 4914, 4915, 4839, 4839, 4915, 4840, 4915, 4916, 4840, 4840, 4916, 4841, 4916, 4917, 4841, 4841, 4917, 4842, 4917, 4918, 4842, 4842, 4918, 4843, 4918, 4919, 4843, 4843, 4919, 4844, 4919, 4920, 4844, 4844, 4920, 4845, 4920, 4921, 4845, 4845, 4921, 4846, 4921, 4922, 4846, 4846, 4922, 4847, 4922, 4923, 4847, 4847, 4923, 4848, 4923, 4924, 4848, 4848, 4924, 4849, 4924, 4925, 4849, 4849, 4925, 4850, 4925, 4926, 4850, 4850, 4926, 4851, 4926, 4927, 4851, 4851, 4927, 4852, 4927, 4928, 4852, 4852, 4928, 4853, 4928, 4929, 4853, 4853, 4929, 4854, 4929, 4930, 4854, 4854, 4930, 4855, 4930, 4931, 4855, 4855, 4931, 4856, 4931, 4932, 4856, 4856, 4932, 4857, 4932, 4933, 4857, 4857, 4933, 4858, 4933, 4934, 4858, 4858, 4934, 4859, 4934, 4935, 4859, 4859, 4935, 4860, 4935, 4936, 4860, 4860, 4936, 4861, 4936, 4937, 4861, 4861, 4937, 4862, 4937, 4938, 4862, 4862, 4938, 4863, 4938, 4939, 4863, 4864, 4940, 4865, 4940, 4941, 4865, 4865, 4941, 4866, 4941, 4942, 4866, 4866, 4942, 4867, 4942, 4943, 4867, 4867, 4943, 4868, 4943, 4944, 4868, 4868, 4944, 4869, 4944, 4945, 4869, 4869, 4945, 4870, 4945, 4946, 4870, 4870, 4946, 4871, 4946, 4947, 4871, 4871, 4947, 4872, 4947, 4948, 4872, 4872, 4948, 4873, 4948, 4949, 4873, 4873, 4949, 4874, 4949, 4950, 4874, 4874, 4950, 4875, 4950, 4951, 4875, 4875, 4951, 4876, 4951, 4952, 4876, 4876, 4952, 4877, 4952, 4953, 4877, 4877, 4953, 4878, 4953, 4954, 4878, 4878, 4954, 4879, 4954, 4955, 4879, 4879, 4955, 4880, 4955, 4956, 4880, 4880, 4956, 4881, 4956, 4957, 4881, 4881, 4957, 4882, 4957, 4958, 4882, 4882, 4958, 4883, 4958, 4959, 4883, 4883, 4959, 4884, 4959, 4960, 4884, 4884, 4960, 4885, 4960, 4961, 4885, 4885, 4961, 4886, 4961, 4962, 4886, 4886, 4962, 4887, 4962, 4963, 4887, 4887, 4963, 4888, 4963, 4964, 4888, 4888, 4964, 4889, 4964, 4965, 4889, 4889, 4965, 4890, 4965, 4966, 4890, 4890, 4966, 4891, 4966, 4967, 4891, 4891, 4967, 4892, 4967, 4968, 4892, 4892, 4968, 4893, 4968, 4969, 4893, 4893, 4969, 4894, 4969, 4970, 4894, 4894, 4970, 4895, 4970, 4971, 4895, 4895, 4971, 4896, 4971, 4972, 4896, 4896, 4972, 4897, 4972, 4973, 4897, 4897, 4973, 4898, 4973, 4974, 4898, 4898, 4974, 4899, 4974, 4975, 4899, 4899, 4975, 4900, 4975, 4976, 4900, 4900, 4976, 4901, 4976, 4977, 4901, 4901, 4977, 4902, 4977, 4978, 4902, 4902, 4978, 4903, 4978, 4979, 4903, 4903, 4979, 4904, 4979, 4980, 4904, 4904, 4980, 4905, 4980, 4981, 4905, 4905, 4981, 4906, 4981, 4982, 4906, 4906, 4982, 4907, 4982, 4983, 4907, 4907, 4983, 4908, 4983, 4984, 4908, 4908, 4984, 4909, 4984, 4985, 4909, 4909, 4985, 4910, 4985, 4986, 4910, 4910, 4986, 4911, 4986, 4987, 4911, 4911, 4987, 4912, 4987, 4988, 4912, 4912, 4988, 4913, 4988, 4989, 4913, 4913, 4989, 4914, 4989, 4990, 4914, 4914, 4990, 4915, 4990, 4991, 4915, 4915, 4991, 4916, 4991, 4992, 4916, 4916, 4992, 4917, 4992, 4993, 4917, 4917, 4993, 4918, 4993, 4994, 4918, 4918, 4994, 4919, 4994, 4995, 4919, 4919, 4995, 4920, 4995, 4996, 4920, 4920, 4996, 4921, 4996, 4997, 4921, 4921, 4997, 4922, 4997, 4998, 4922, 4922, 4998, 4923, 4998, 4999, 4923, 4923, 4999, 4924, 4999, 5000, 4924, 4924, 5000, 4925, 5000, 5001, 4925, 4925, 5001, 4926, 5001, 5002, 4926, 4926, 5002, 4927, 5002, 5003, 4927, 4927, 5003, 4928, 5003, 5004, 4928, 4928, 5004, 4929, 5004, 5005, 4929, 4929, 5005, 4930, 5005, 5006, 4930, 4930, 5006, 4931, 5006, 5007, 4931, 4931, 5007, 4932, 5007, 5008, 4932, 4932, 5008, 4933, 5008, 5009, 4933, 4933, 5009, 4934, 5009, 5010, 4934, 4934, 5010, 4935, 5010, 5011, 4935, 4935, 5011, 4936, 5011, 5012, 4936, 4936, 5012, 4937, 5012, 5013, 4937, 4937, 5013, 4938, 5013, 5014, 4938, 4938, 5014, 4939, 5014, 5015, 4939, 4940, 5016, 4941, 5016, 5017, 4941, 4941, 5017, 4942, 5017, 5018, 4942, 4942, 5018, 4943, 5018, 5019, 4943, 4943, 5019, 4944, 5019, 5020, 4944, 4944, 5020, 4945, 5020, 5021, 4945, 4945, 5021, 4946, 5021, 5022, 4946, 4946, 5022, 4947, 5022, 5023, 4947, 4947, 5023, 4948, 5023, 5024, 4948, 4948, 5024, 4949, 5024, 5025, 4949, 4949, 5025, 4950, 5025, 5026, 4950, 4950, 5026, 4951, 5026, 5027, 4951, 4951, 5027, 4952, 5027, 5028, 4952, 4952, 5028, 4953, 5028, 5029, 4953, 4953, 5029, 4954, 5029, 5030, 4954, 4954, 5030, 4955, 5030, 5031, 4955, 4955, 5031, 4956, 5031, 5032, 4956, 4956, 5032, 4957, 5032, 5033, 4957, 4957, 5033, 4958, 5033, 5034, 4958, 4958, 5034, 4959, 5034, 5035, 4959, 4959, 5035, 4960, 5035, 5036, 4960, 4960, 5036, 4961, 5036, 5037, 4961, 4961, 5037, 4962, 5037, 5038, 4962, 4962, 5038, 4963, 5038, 5039, 4963, 4963, 5039, 4964, 5039, 5040, 4964, 4964, 5040, 4965, 5040, 5041, 4965, 4965, 5041, 4966, 5041, 5042, 4966, 4966, 5042, 4967, 5042, 5043, 4967, 4967, 5043, 4968, 5043, 5044, 4968, 4968, 5044, 4969, 5044, 5045, 4969, 4969, 5045, 4970, 5045, 5046, 4970, 4970, 5046, 4971, 5046, 5047, 4971, 4971, 5047, 4972, 5047, 5048, 4972, 4972, 5048, 4973, 5048, 5049, 4973, 4973, 5049, 4974, 5049, 5050, 4974, 4974, 5050, 4975, 5050, 5051, 4975, 4975, 5051, 4976, 5051, 5052, 4976, 4976, 5052, 4977, 5052, 5053, 4977, 4977, 5053, 4978, 5053, 5054, 4978, 4978, 5054, 4979, 5054, 5055, 4979, 4979, 5055, 4980, 5055, 5056, 4980, 4980, 5056, 4981, 5056, 5057, 4981, 4981, 5057, 4982, 5057, 5058, 4982, 4982, 5058, 4983, 5058, 5059, 4983, 4983, 5059, 4984, 5059, 5060, 4984, 4984, 5060, 4985, 5060, 5061, 4985, 4985, 5061, 4986, 5061, 5062, 4986, 4986, 5062, 4987, 5062, 5063, 4987, 4987, 5063, 4988, 5063, 5064, 4988, 4988, 5064, 4989, 5064, 5065, 4989, 4989, 5065, 4990, 5065, 5066, 4990, 4990, 5066, 4991, 5066, 5067, 4991, 4991, 5067, 4992, 5067, 5068, 4992, 4992, 5068, 4993, 5068, 5069, 4993, 4993, 5069, 4994, 5069, 5070, 4994, 4994, 5070, 4995, 5070, 5071, 4995, 4995, 5071, 4996, 5071, 5072, 4996, 4996, 5072, 4997, 5072, 5073, 4997, 4997, 5073, 4998, 5073, 5074, 4998, 4998, 5074, 4999, 5074, 5075, 4999, 4999, 5075, 5000, 5075, 5076, 5000, 5000, 5076, 5001, 5076, 5077, 5001, 5001, 5077, 5002, 5077, 5078, 5002, 5002, 5078, 5003, 5078, 5079, 5003, 5003, 5079, 5004, 5079, 5080, 5004, 5004, 5080, 5005, 5080, 5081, 5005, 5005, 5081, 5006, 5081, 5082, 5006, 5006, 5082, 5007, 5082, 5083, 5007, 5007, 5083, 5008, 5083, 5084, 5008, 5008, 5084, 5009, 5084, 5085, 5009, 5009, 5085, 5010, 5085, 5086, 5010, 5010, 5086, 5011, 5086, 5087, 5011, 5011, 5087, 5012, 5087, 5088, 5012, 5012, 5088, 5013, 5088, 5089, 5013, 5013, 5089, 5014, 5089, 5090, 5014, 5014, 5090, 5015, 5090, 5091, 5015, 5016, 5092, 5017, 5092, 5093, 5017, 5017, 5093, 5018, 5093, 5094, 5018, 5018, 5094, 5019, 5094, 5095, 5019, 5019, 5095, 5020, 5095, 5096, 5020, 5020, 5096, 5021, 5096, 5097, 5021, 5021, 5097, 5022, 5097, 5098, 5022, 5022, 5098, 5023, 5098, 5099, 5023, 5023, 5099, 5024, 5099, 5100, 5024, 5024, 5100, 5025, 5100, 5101, 5025, 5025, 5101, 5026, 5101, 5102, 5026, 5026, 5102, 5027, 5102, 5103, 5027, 5027, 5103, 5028, 5103, 5104, 5028, 5028, 5104, 5029, 5104, 5105, 5029, 5029, 5105, 5030, 5105, 5106, 5030, 5030, 5106, 5031, 5106, 5107, 5031, 5031, 5107, 5032, 5107, 5108, 5032, 5032, 5108, 5033, 5108, 5109, 5033, 5033, 5109, 5034, 5109, 5110, 5034, 5034, 5110, 5035, 5110, 5111, 5035, 5035, 5111, 5036, 5111, 5112, 5036, 5036, 5112, 5037, 5112, 5113, 5037, 5037, 5113, 5038, 5113, 5114, 5038, 5038, 5114, 5039, 5114, 5115, 5039, 5039, 5115, 5040, 5115, 5116, 5040, 5040, 5116, 5041, 5116, 5117, 5041, 5041, 5117, 5042, 5117, 5118, 5042, 5042, 5118, 5043, 5118, 5119, 5043, 5043, 5119, 5044, 5119, 5120, 5044, 5044, 5120, 5045, 5120, 5121, 5045, 5045, 5121, 5046, 5121, 5122, 5046, 5046, 5122, 5047, 5122, 5123, 5047, 5047, 5123, 5048, 5123, 5124, 5048, 5048, 5124, 5049, 5124, 5125, 5049, 5049, 5125, 5050, 5125, 5126, 5050, 5050, 5126, 5051, 5126, 5127, 5051, 5051, 5127, 5052, 5127, 5128, 5052, 5052, 5128, 5053, 5128, 5129, 5053, 5053, 5129, 5054, 5129, 5130, 5054, 5054, 5130, 5055, 5130, 5131, 5055, 5055, 5131, 5056, 5131, 5132, 5056, 5056, 5132, 5057, 5132, 5133, 5057, 5057, 5133, 5058, 5133, 5134, 5058, 5058, 5134, 5059, 5134, 5135, 5059, 5059, 5135, 5060, 5135, 5136, 5060, 5060, 5136, 5061, 5136, 5137, 5061, 5061, 5137, 5062, 5137, 5138, 5062, 5062, 5138, 5063, 5138, 5139, 5063, 5063, 5139, 5064, 5139, 5140, 5064, 5064, 5140, 5065, 5140, 5141, 5065, 5065, 5141, 5066, 5141, 5142, 5066, 5066, 5142, 5067, 5142, 5143, 5067, 5067, 5143, 5068, 5143, 5144, 5068, 5068, 5144, 5069, 5144, 5145, 5069, 5069, 5145, 5070, 5145, 5146, 5070, 5070, 5146, 5071, 5146, 5147, 5071, 5071, 5147, 5072, 5147, 5148, 5072, 5072, 5148, 5073, 5148, 5149, 5073, 5073, 5149, 5074, 5149, 5150, 5074, 5074, 5150, 5075, 5150, 5151, 5075, 5075, 5151, 5076, 5151, 5152, 5076, 5076, 5152, 5077, 5152, 5153, 5077, 5077, 5153, 5078, 5153, 5154, 5078, 5078, 5154, 5079, 5154, 5155, 5079, 5079, 5155, 5080, 5155, 5156, 5080, 5080, 5156, 5081, 5156, 5157, 5081, 5081, 5157, 5082, 5157, 5158, 5082, 5082, 5158, 5083, 5158, 5159, 5083, 5083, 5159, 5084, 5159, 5160, 5084, 5084, 5160, 5085, 5160, 5161, 5085, 5085, 5161, 5086, 5161, 5162, 5086, 5086, 5162, 5087, 5162, 5163, 5087, 5087, 5163, 5088, 5163, 5164, 5088, 5088, 5164, 5089, 5164, 5165, 5089, 5089, 5165, 5090, 5165, 5166, 5090, 5090, 5166, 5091, 5166, 5167, 5091, 5092, 5168, 5093, 5168, 5169, 5093, 5093, 5169, 5094, 5169, 5170, 5094, 5094, 5170, 5095, 5170, 5171, 5095, 5095, 5171, 5096, 5171, 5172, 5096, 5096, 5172, 5097, 5172, 5173, 5097, 5097, 5173, 5098, 5173, 5174, 5098, 5098, 5174, 5099, 5174, 5175, 5099, 5099, 5175, 5100, 5175, 5176, 5100, 5100, 5176, 5101, 5176, 5177, 5101, 5101, 5177, 5102, 5177, 5178, 5102, 5102, 5178, 5103, 5178, 5179, 5103, 5103, 5179, 5104, 5179, 5180, 5104, 5104, 5180, 5105, 5180, 5181, 5105, 5105, 5181, 5106, 5181, 5182, 5106, 5106, 5182, 5107, 5182, 5183, 5107, 5107, 5183, 5108, 5183, 5184, 5108, 5108, 5184, 5109, 5184, 5185, 5109, 5109, 5185, 5110, 5185, 5186, 5110, 5110, 5186, 5111, 5186, 5187, 5111, 5111, 5187, 5112, 5187, 5188, 5112, 5112, 5188, 5113, 5188, 5189, 5113, 5113, 5189, 5114, 5189, 5190, 5114, 5114, 5190, 5115, 5190, 5191, 5115, 5115, 5191, 5116, 5191, 5192, 5116, 5116, 5192, 5117, 5192, 5193, 5117, 5117, 5193, 5118, 5193, 5194, 5118, 5118, 5194, 5119, 5194, 5195, 5119, 5119, 5195, 5120, 5195, 5196, 5120, 5120, 5196, 5121, 5196, 5197, 5121, 5121, 5197, 5122, 5197, 5198, 5122, 5122, 5198, 5123, 5198, 5199, 5123, 5123, 5199, 5124, 5199, 5200, 5124, 5124, 5200, 5125, 5200, 5201, 5125, 5125, 5201, 5126, 5201, 5202, 5126, 5126, 5202, 5127, 5202, 5203, 5127, 5127, 5203, 5128, 5203, 5204, 5128, 5128, 5204, 5129, 5204, 5205, 5129, 5129, 5205, 5130, 5205, 5206, 5130, 5130, 5206, 5131, 5206, 5207, 5131, 5131, 5207, 5132, 5207, 5208, 5132, 5132, 5208, 5133, 5208, 5209, 5133, 5133, 5209, 5134, 5209, 5210, 5134, 5134, 5210, 5135, 5210, 5211, 5135, 5135, 5211, 5136, 5211, 5212, 5136, 5136, 5212, 5137, 5212, 5213, 5137, 5137, 5213, 5138, 5213, 5214, 5138, 5138, 5214, 5139, 5214, 5215, 5139, 5139, 5215, 5140, 5215, 5216, 5140, 5140, 5216, 5141, 5216, 5217, 5141, 5141, 5217, 5142, 5217, 5218, 5142, 5142, 5218, 5143, 5218, 5219, 5143, 5143, 5219, 5144, 5219, 5220, 5144, 5144, 5220, 5145, 5220, 5221, 5145, 5145, 5221, 5146, 5221, 5222, 5146, 5146, 5222, 5147, 5222, 5223, 5147, 5147, 5223, 5148, 5223, 5224, 5148, 5148, 5224, 5149, 5224, 5225, 5149, 5149, 5225, 5150, 5225, 5226, 5150, 5150, 5226, 5151, 5226, 5227, 5151, 5151, 5227, 5152, 5227, 5228, 5152, 5152, 5228, 5153, 5228, 5229, 5153, 5153, 5229, 5154, 5229, 5230, 5154, 5154, 5230, 5155, 5230, 5231, 5155, 5155, 5231, 5156, 5231, 5232, 5156, 5156, 5232, 5157, 5232, 5233, 5157, 5157, 5233, 5158, 5233, 5234, 5158, 5158, 5234, 5159, 5234, 5235, 5159, 5159, 5235, 5160, 5235, 5236, 5160, 5160, 5236, 5161, 5236, 5237, 5161, 5161, 5237, 5162, 5237, 5238, 5162, 5162, 5238, 5163, 5238, 5239, 5163, 5163, 5239, 5164, 5239, 5240, 5164, 5164, 5240, 5165, 5240, 5241, 5165, 5165, 5241, 5166, 5241, 5242, 5166, 5166, 5242, 5167, 5242, 5243, 5167, 5168, 5244, 5169, 5244, 5245, 5169, 5169, 5245, 5170, 5245, 5246, 5170, 5170, 5246, 5171, 5246, 5247, 5171, 5171, 5247, 5172, 5247, 5248, 5172, 5172, 5248, 5173, 5248, 5249, 5173, 5173, 5249, 5174, 5249, 5250, 5174, 5174, 5250, 5175, 5250, 5251, 5175, 5175, 5251, 5176, 5251, 5252, 5176, 5176, 5252, 5177, 5252, 5253, 5177, 5177, 5253, 5178, 5253, 5254, 5178, 5178, 5254, 5179, 5254, 5255, 5179, 5179, 5255, 5180, 5255, 5256, 5180, 5180, 5256, 5181, 5256, 5257, 5181, 5181, 5257, 5182, 5257, 5258, 5182, 5182, 5258, 5183, 5258, 5259, 5183, 5183, 5259, 5184, 5259, 5260, 5184, 5184, 5260, 5185, 5260, 5261, 5185, 5185, 5261, 5186, 5261, 5262, 5186, 5186, 5262, 5187, 5262, 5263, 5187, 5187, 5263, 5188, 5263, 5264, 5188, 5188, 5264, 5189, 5264, 5265, 5189, 5189, 5265, 5190, 5265, 5266, 5190, 5190, 5266, 5191, 5266, 5267, 5191, 5191, 5267, 5192, 5267, 5268, 5192, 5192, 5268, 5193, 5268, 5269, 5193, 5193, 5269, 5194, 5269, 5270, 5194, 5194, 5270, 5195, 5270, 5271, 5195, 5195, 5271, 5196, 5271, 5272, 5196, 5196, 5272, 5197, 5272, 5273, 5197, 5197, 5273, 5198, 5273, 5274, 5198, 5198, 5274, 5199, 5274, 5275, 5199, 5199, 5275, 5200, 5275, 5276, 5200, 5200, 5276, 5201, 5276, 5277, 5201, 5201, 5277, 5202, 5277, 5278, 5202, 5202, 5278, 5203, 5278, 5279, 5203, 5203, 5279, 5204, 5279, 5280, 5204, 5204, 5280, 5205, 5280, 5281, 5205, 5205, 5281, 5206, 5281, 5282, 5206, 5206, 5282, 5207, 5282, 5283, 5207, 5207, 5283, 5208, 5283, 5284, 5208, 5208, 5284, 5209, 5284, 5285, 5209, 5209, 5285, 5210, 5285, 5286, 5210, 5210, 5286, 5211, 5286, 5287, 5211, 5211, 5287, 5212, 5287, 5288, 5212, 5212, 5288, 5213, 5288, 5289, 5213, 5213, 5289, 5214, 5289, 5290, 5214, 5214, 5290, 5215, 5290, 5291, 5215, 5215, 5291, 5216, 5291, 5292, 5216, 5216, 5292, 5217, 5292, 5293, 5217, 5217, 5293, 5218, 5293, 5294, 5218, 5218, 5294, 5219, 5294, 5295, 5219, 5219, 5295, 5220, 5295, 5296, 5220, 5220, 5296, 5221, 5296, 5297, 5221, 5221, 5297, 5222, 5297, 5298, 5222, 5222, 5298, 5223, 5298, 5299, 5223, 5223, 5299, 5224, 5299, 5300, 5224, 5224, 5300, 5225, 5300, 5301, 5225, 5225, 5301, 5226, 5301, 5302, 5226, 5226, 5302, 5227, 5302, 5303, 5227, 5227, 5303, 5228, 5303, 5304, 5228, 5228, 5304, 5229, 5304, 5305, 5229, 5229, 5305, 5230, 5305, 5306, 5230, 5230, 5306, 5231, 5306, 5307, 5231, 5231, 5307, 5232, 5307, 5308, 5232, 5232, 5308, 5233, 5308, 5309, 5233, 5233, 5309, 5234, 5309, 5310, 5234, 5234, 5310, 5235, 5310, 5311, 5235, 5235, 5311, 5236, 5311, 5312, 5236, 5236, 5312, 5237, 5312, 5313, 5237, 5237, 5313, 5238, 5313, 5314, 5238, 5238, 5314, 5239, 5314, 5315, 5239, 5239, 5315, 5240, 5315, 5316, 5240, 5240, 5316, 5241, 5316, 5317, 5241, 5241, 5317, 5242, 5317, 5318, 5242, 5242, 5318, 5243, 5318, 5319, 5243, 5244, 5320, 5245, 5320, 5321, 5245, 5245, 5321, 5246, 5321, 5322, 5246, 5246, 5322, 5247, 5322, 5323, 5247, 5247, 5323, 5248, 5323, 5324, 5248, 5248, 5324, 5249, 5324, 5325, 5249, 5249, 5325, 5250, 5325, 5326, 5250, 5250, 5326, 5251, 5326, 5327, 5251, 5251, 5327, 5252, 5327, 5328, 5252, 5252, 5328, 5253, 5328, 5329, 5253, 5253, 5329, 5254, 5329, 5330, 5254, 5254, 5330, 5255, 5330, 5331, 5255, 5255, 5331, 5256, 5331, 5332, 5256, 5256, 5332, 5257, 5332, 5333, 5257, 5257, 5333, 5258, 5333, 5334, 5258, 5258, 5334, 5259, 5334, 5335, 5259, 5259, 5335, 5260, 5335, 5336, 5260, 5260, 5336, 5261, 5336, 5337, 5261, 5261, 5337, 5262, 5337, 5338, 5262, 5262, 5338, 5263, 5338, 5339, 5263, 5263, 5339, 5264, 5339, 5340, 5264, 5264, 5340, 5265, 5340, 5341, 5265, 5265, 5341, 5266, 5341, 5342, 5266, 5266, 5342, 5267, 5342, 5343, 5267, 5267, 5343, 5268, 5343, 5344, 5268, 5268, 5344, 5269, 5344, 5345, 5269, 5269, 5345, 5270, 5345, 5346, 5270, 5270, 5346, 5271, 5346, 5347, 5271, 5271, 5347, 5272, 5347, 5348, 5272, 5272, 5348, 5273, 5348, 5349, 5273, 5273, 5349, 5274, 5349, 5350, 5274, 5274, 5350, 5275, 5350, 5351, 5275, 5275, 5351, 5276, 5351, 5352, 5276, 5276, 5352, 5277, 5352, 5353, 5277, 5277, 5353, 5278, 5353, 5354, 5278, 5278, 5354, 5279, 5354, 5355, 5279, 5279, 5355, 5280, 5355, 5356, 5280, 5280, 5356, 5281, 5356, 5357, 5281, 5281, 5357, 5282, 5357, 5358, 5282, 5282, 5358, 5283, 5358, 5359, 5283, 5283, 5359, 5284, 5359, 5360, 5284, 5284, 5360, 5285, 5360, 5361, 5285, 5285, 5361, 5286, 5361, 5362, 5286, 5286, 5362, 5287, 5362, 5363, 5287, 5287, 5363, 5288, 5363, 5364, 5288, 5288, 5364, 5289, 5364, 5365, 5289, 5289, 5365, 5290, 5365, 5366, 5290, 5290, 5366, 5291, 5366, 5367, 5291, 5291, 5367, 5292, 5367, 5368, 5292, 5292, 5368, 5293, 5368, 5369, 5293, 5293, 5369, 5294, 5369, 5370, 5294, 5294, 5370, 5295, 5370, 5371, 5295, 5295, 5371, 5296, 5371, 5372, 5296, 5296, 5372, 5297, 5372, 5373, 5297, 5297, 5373, 5298, 5373, 5374, 5298, 5298, 5374, 5299, 5374, 5375, 5299, 5299, 5375, 5300, 5375, 5376, 5300, 5300, 5376, 5301, 5376, 5377, 5301, 5301, 5377, 5302, 5377, 5378, 5302, 5302, 5378, 5303, 5378, 5379, 5303, 5303, 5379, 5304, 5379, 5380, 5304, 5304, 5380, 5305, 5380, 5381, 5305, 5305, 5381, 5306, 5381, 5382, 5306, 5306, 5382, 5307, 5382, 5383, 5307, 5307, 5383, 5308, 5383, 5384, 5308, 5308, 5384, 5309, 5384, 5385, 5309, 5309, 5385, 5310, 5385, 5386, 5310, 5310, 5386, 5311, 5386, 5387, 5311, 5311, 5387, 5312, 5387, 5388, 5312, 5312, 5388, 5313, 5388, 5389, 5313, 5313, 5389, 5314, 5389, 5390, 5314, 5314, 5390, 5315, 5390, 5391, 5315, 5315, 5391, 5316, 5391, 5392, 5316, 5316, 5392, 5317, 5392, 5393, 5317, 5317, 5393, 5318, 5393, 5394, 5318, 5318, 5394, 5319, 5394, 5395, 5319, 5320, 5396, 5321, 5396, 5397, 5321, 5321, 5397, 5322, 5397, 5398, 5322, 5322, 5398, 5323, 5398, 5399, 5323, 5323, 5399, 5324, 5399, 5400, 5324, 5324, 5400, 5325, 5400, 5401, 5325, 5325, 5401, 5326, 5401, 5402, 5326, 5326, 5402, 5327, 5402, 5403, 5327, 5327, 5403, 5328, 5403, 5404, 5328, 5328, 5404, 5329, 5404, 5405, 5329, 5329, 5405, 5330, 5405, 5406, 5330, 5330, 5406, 5331, 5406, 5407, 5331, 5331, 5407, 5332, 5407, 5408, 5332, 5332, 5408, 5333, 5408, 5409, 5333, 5333, 5409, 5334, 5409, 5410, 5334, 5334, 5410, 5335, 5410, 5411, 5335, 5335, 5411, 5336, 5411, 5412, 5336, 5336, 5412, 5337, 5412, 5413, 5337, 5337, 5413, 5338, 5413, 5414, 5338, 5338, 5414, 5339, 5414, 5415, 5339, 5339, 5415, 5340, 5415, 5416, 5340, 5340, 5416, 5341, 5416, 5417, 5341, 5341, 5417, 5342, 5417, 5418, 5342, 5342, 5418, 5343, 5418, 5419, 5343, 5343, 5419, 5344, 5419, 5420, 5344, 5344, 5420, 5345, 5420, 5421, 5345, 5345, 5421, 5346, 5421, 5422, 5346, 5346, 5422, 5347, 5422, 5423, 5347, 5347, 5423, 5348, 5423, 5424, 5348, 5348, 5424, 5349, 5424, 5425, 5349, 5349, 5425, 5350, 5425, 5426, 5350, 5350, 5426, 5351, 5426, 5427, 5351, 5351, 5427, 5352, 5427, 5428, 5352, 5352, 5428, 5353, 5428, 5429, 5353, 5353, 5429, 5354, 5429, 5430, 5354, 5354, 5430, 5355, 5430, 5431, 5355, 5355, 5431, 5356, 5431, 5432, 5356, 5356, 5432, 5357, 5432, 5433, 5357, 5357, 5433, 5358, 5433, 5434, 5358, 5358, 5434, 5359, 5434, 5435, 5359, 5359, 5435, 5360, 5435, 5436, 5360, 5360, 5436, 5361, 5436, 5437, 5361, 5361, 5437, 5362, 5437, 5438, 5362, 5362, 5438, 5363, 5438, 5439, 5363, 5363, 5439, 5364, 5439, 5440, 5364, 5364, 5440, 5365, 5440, 5441, 5365, 5365, 5441, 5366, 5441, 5442, 5366, 5366, 5442, 5367, 5442, 5443, 5367, 5367, 5443, 5368, 5443, 5444, 5368, 5368, 5444, 5369, 5444, 5445, 5369, 5369, 5445, 5370, 5445, 5446, 5370, 5370, 5446, 5371, 5446, 5447, 5371, 5371, 5447, 5372, 5447, 5448, 5372, 5372, 5448, 5373, 5448, 5449, 5373, 5373, 5449, 5374, 5449, 5450, 5374, 5374, 5450, 5375, 5450, 5451, 5375, 5375, 5451, 5376, 5451, 5452, 5376, 5376, 5452, 5377, 5452, 5453, 5377, 5377, 5453, 5378, 5453, 5454, 5378, 5378, 5454, 5379, 5454, 5455, 5379, 5379, 5455, 5380, 5455, 5456, 5380, 5380, 5456, 5381, 5456, 5457, 5381, 5381, 5457, 5382, 5457, 5458, 5382, 5382, 5458, 5383, 5458, 5459, 5383, 5383, 5459, 5384, 5459, 5460, 5384, 5384, 5460, 5385, 5460, 5461, 5385, 5385, 5461, 5386, 5461, 5462, 5386, 5386, 5462, 5387, 5462, 5463, 5387, 5387, 5463, 5388, 5463, 5464, 5388, 5388, 5464, 5389, 5464, 5465, 5389, 5389, 5465, 5390, 5465, 5466, 5390, 5390, 5466, 5391, 5466, 5467, 5391, 5391, 5467, 5392, 5467, 5468, 5392, 5392, 5468, 5393, 5468, 5469, 5393, 5393, 5469, 5394, 5469, 5470, 5394, 5394, 5470, 5395, 5470, 5471, 5395, 5396, 5472, 5397, 5472, 5473, 5397, 5397, 5473, 5398, 5473, 5474, 5398, 5398, 5474, 5399, 5474, 5475, 5399, 5399, 5475, 5400, 5475, 5476, 5400, 5400, 5476, 5401, 5476, 5477, 5401, 5401, 5477, 5402, 5477, 5478, 5402, 5402, 5478, 5403, 5478, 5479, 5403, 5403, 5479, 5404, 5479, 5480, 5404, 5404, 5480, 5405, 5480, 5481, 5405, 5405, 5481, 5406, 5481, 5482, 5406, 5406, 5482, 5407, 5482, 5483, 5407, 5407, 5483, 5408, 5483, 5484, 5408, 5408, 5484, 5409, 5484, 5485, 5409, 5409, 5485, 5410, 5485, 5486, 5410, 5410, 5486, 5411, 5486, 5487, 5411, 5411, 5487, 5412, 5487, 5488, 5412, 5412, 5488, 5413, 5488, 5489, 5413, 5413, 5489, 5414, 5489, 5490, 5414, 5414, 5490, 5415, 5490, 5491, 5415, 5415, 5491, 5416, 5491, 5492, 5416, 5416, 5492, 5417, 5492, 5493, 5417, 5417, 5493, 5418, 5493, 5494, 5418, 5418, 5494, 5419, 5494, 5495, 5419, 5419, 5495, 5420, 5495, 5496, 5420, 5420, 5496, 5421, 5496, 5497, 5421, 5421, 5497, 5422, 5497, 5498, 5422, 5422, 5498, 5423, 5498, 5499, 5423, 5423, 5499, 5424, 5499, 5500, 5424, 5424, 5500, 5425, 5500, 5501, 5425, 5425, 5501, 5426, 5501, 5502, 5426, 5426, 5502, 5427, 5502, 5503, 5427, 5427, 5503, 5428, 5503, 5504, 5428, 5428, 5504, 5429, 5504, 5505, 5429, 5429, 5505, 5430, 5505, 5506, 5430, 5430, 5506, 5431, 5506, 5507, 5431, 5431, 5507, 5432, 5507, 5508, 5432, 5432, 5508, 5433, 5508, 5509, 5433, 5433, 5509, 5434, 5509, 5510, 5434, 5434, 5510, 5435, 5510, 5511, 5435, 5435, 5511, 5436, 5511, 5512, 5436, 5436, 5512, 5437, 5512, 5513, 5437, 5437, 5513, 5438, 5513, 5514, 5438, 5438, 5514, 5439, 5514, 5515, 5439, 5439, 5515, 5440, 5515, 5516, 5440, 5440, 5516, 5441, 5516, 5517, 5441, 5441, 5517, 5442, 5517, 5518, 5442, 5442, 5518, 5443, 5518, 5519, 5443, 5443, 5519, 5444, 5519, 5520, 5444, 5444, 5520, 5445, 5520, 5521, 5445, 5445, 5521, 5446, 5521, 5522, 5446, 5446, 5522, 5447, 5522, 5523, 5447, 5447, 5523, 5448, 5523, 5524, 5448, 5448, 5524, 5449, 5524, 5525, 5449, 5449, 5525, 5450, 5525, 5526, 5450, 5450, 5526, 5451, 5526, 5527, 5451, 5451, 5527, 5452, 5527, 5528, 5452, 5452, 5528, 5453, 5528, 5529, 5453, 5453, 5529, 5454, 5529, 5530, 5454, 5454, 5530, 5455, 5530, 5531, 5455, 5455, 5531, 5456, 5531, 5532, 5456, 5456, 5532, 5457, 5532, 5533, 5457, 5457, 5533, 5458, 5533, 5534, 5458, 5458, 5534, 5459, 5534, 5535, 5459, 5459, 5535, 5460, 5535, 5536, 5460, 5460, 5536, 5461, 5536, 5537, 5461, 5461, 5537, 5462, 5537, 5538, 5462, 5462, 5538, 5463, 5538, 5539, 5463, 5463, 5539, 5464, 5539, 5540, 5464, 5464, 5540, 5465, 5540, 5541, 5465, 5465, 5541, 5466, 5541, 5542, 5466, 5466, 5542, 5467, 5542, 5543, 5467, 5467, 5543, 5468, 5543, 5544, 5468, 5468, 5544, 5469, 5544, 5545, 5469, 5469, 5545, 5470, 5545, 5546, 5470, 5470, 5546, 5471, 5546, 5547, 5471, 5472, 5548, 5473, 5548, 5549, 5473, 5473, 5549, 5474, 5549, 5550, 5474, 5474, 5550, 5475, 5550, 5551, 5475, 5475, 5551, 5476, 5551, 5552, 5476, 5476, 5552, 5477, 5552, 5553, 5477, 5477, 5553, 5478, 5553, 5554, 5478, 5478, 5554, 5479, 5554, 5555, 5479, 5479, 5555, 5480, 5555, 5556, 5480, 5480, 5556, 5481, 5556, 5557, 5481, 5481, 5557, 5482, 5557, 5558, 5482, 5482, 5558, 5483, 5558, 5559, 5483, 5483, 5559, 5484, 5559, 5560, 5484, 5484, 5560, 5485, 5560, 5561, 5485, 5485, 5561, 5486, 5561, 5562, 5486, 5486, 5562, 5487, 5562, 5563, 5487, 5487, 5563, 5488, 5563, 5564, 5488, 5488, 5564, 5489, 5564, 5565, 5489, 5489, 5565, 5490, 5565, 5566, 5490, 5490, 5566, 5491, 5566, 5567, 5491, 5491, 5567, 5492, 5567, 5568, 5492, 5492, 5568, 5493, 5568, 5569, 5493, 5493, 5569, 5494, 5569, 5570, 5494, 5494, 5570, 5495, 5570, 5571, 5495, 5495, 5571, 5496, 5571, 5572, 5496, 5496, 5572, 5497, 5572, 5573, 5497, 5497, 5573, 5498, 5573, 5574, 5498, 5498, 5574, 5499, 5574, 5575, 5499, 5499, 5575, 5500, 5575, 5576, 5500, 5500, 5576, 5501, 5576, 5577, 5501, 5501, 5577, 5502, 5577, 5578, 5502, 5502, 5578, 5503, 5578, 5579, 5503, 5503, 5579, 5504, 5579, 5580, 5504, 5504, 5580, 5505, 5580, 5581, 5505, 5505, 5581, 5506, 5581, 5582, 5506, 5506, 5582, 5507, 5582, 5583, 5507, 5507, 5583, 5508, 5583, 5584, 5508, 5508, 5584, 5509, 5584, 5585, 5509, 5509, 5585, 5510, 5585, 5586, 5510, 5510, 5586, 5511, 5586, 5587, 5511, 5511, 5587, 5512, 5587, 5588, 5512, 5512, 5588, 5513, 5588, 5589, 5513, 5513, 5589, 5514, 5589, 5590, 5514, 5514, 5590, 5515, 5590, 5591, 5515, 5515, 5591, 5516, 5591, 5592, 5516, 5516, 5592, 5517, 5592, 5593, 5517, 5517, 5593, 5518, 5593, 5594, 5518, 5518, 5594, 5519, 5594, 5595, 5519, 5519, 5595, 5520, 5595, 5596, 5520, 5520, 5596, 5521, 5596, 5597, 5521, 5521, 5597, 5522, 5597, 5598, 5522, 5522, 5598, 5523, 5598, 5599, 5523, 5523, 5599, 5524, 5599, 5600, 5524, 5524, 5600, 5525, 5600, 5601, 5525, 5525, 5601, 5526, 5601, 5602, 5526, 5526, 5602, 5527, 5602, 5603, 5527, 5527, 5603, 5528, 5603, 5604, 5528, 5528, 5604, 5529, 5604, 5605, 5529, 5529, 5605, 5530, 5605, 5606, 5530, 5530, 5606, 5531, 5606, 5607, 5531, 5531, 5607, 5532, 5607, 5608, 5532, 5532, 5608, 5533, 5608, 5609, 5533, 5533, 5609, 5534, 5609, 5610, 5534, 5534, 5610, 5535, 5610, 5611, 5535, 5535, 5611, 5536, 5611, 5612, 5536, 5536, 5612, 5537, 5612, 5613, 5537, 5537, 5613, 5538, 5613, 5614, 5538, 5538, 5614, 5539, 5614, 5615, 5539, 5539, 5615, 5540, 5615, 5616, 5540, 5540, 5616, 5541, 5616, 5617, 5541, 5541, 5617, 5542, 5617, 5618, 5542, 5542, 5618, 5543, 5618, 5619, 5543, 5543, 5619, 5544, 5619, 5620, 5544, 5544, 5620, 5545, 5620, 5621, 5545, 5545, 5621, 5546, 5621, 5622, 5546, 5546, 5622, 5547, 5622, 5623, 5547, 5548, 5624, 5549, 5624, 5625, 5549, 5549, 5625, 5550, 5625, 5626, 5550, 5550, 5626, 5551, 5626, 5627, 5551, 5551, 5627, 5552, 5627, 5628, 5552, 5552, 5628, 5553, 5628, 5629, 5553, 5553, 5629, 5554, 5629, 5630, 5554, 5554, 5630, 5555, 5630, 5631, 5555, 5555, 5631, 5556, 5631, 5632, 5556, 5556, 5632, 5557, 5632, 5633, 5557, 5557, 5633, 5558, 5633, 5634, 5558, 5558, 5634, 5559, 5634, 5635, 5559, 5559, 5635, 5560, 5635, 5636, 5560, 5560, 5636, 5561, 5636, 5637, 5561, 5561, 5637, 5562, 5637, 5638, 5562, 5562, 5638, 5563, 5638, 5639, 5563, 5563, 5639, 5564, 5639, 5640, 5564, 5564, 5640, 5565, 5640, 5641, 5565, 5565, 5641, 5566, 5641, 5642, 5566, 5566, 5642, 5567, 5642, 5643, 5567, 5567, 5643, 5568, 5643, 5644, 5568, 5568, 5644, 5569, 5644, 5645, 5569, 5569, 5645, 5570, 5645, 5646, 5570, 5570, 5646, 5571, 5646, 5647, 5571, 5571, 5647, 5572, 5647, 5648, 5572, 5572, 5648, 5573, 5648, 5649, 5573, 5573, 5649, 5574, 5649, 5650, 5574, 5574, 5650, 5575, 5650, 5651, 5575, 5575, 5651, 5576, 5651, 5652, 5576, 5576, 5652, 5577, 5652, 5653, 5577, 5577, 5653, 5578, 5653, 5654, 5578, 5578, 5654, 5579, 5654, 5655, 5579, 5579, 5655, 5580, 5655, 5656, 5580, 5580, 5656, 5581, 5656, 5657, 5581, 5581, 5657, 5582, 5657, 5658, 5582, 5582, 5658, 5583, 5658, 5659, 5583, 5583, 5659, 5584, 5659, 5660, 5584, 5584, 5660, 5585, 5660, 5661, 5585, 5585, 5661, 5586, 5661, 5662, 5586, 5586, 5662, 5587, 5662, 5663, 5587, 5587, 5663, 5588, 5663, 5664, 5588, 5588, 5664, 5589, 5664, 5665, 5589, 5589, 5665, 5590, 5665, 5666, 5590, 5590, 5666, 5591, 5666, 5667, 5591, 5591, 5667, 5592, 5667, 5668, 5592, 5592, 5668, 5593, 5668, 5669, 5593, 5593, 5669, 5594, 5669, 5670, 5594, 5594, 5670, 5595, 5670, 5671, 5595, 5595, 5671, 5596, 5671, 5672, 5596, 5596, 5672, 5597, 5672, 5673, 5597, 5597, 5673, 5598, 5673, 5674, 5598, 5598, 5674, 5599, 5674, 5675, 5599, 5599, 5675, 5600, 5675, 5676, 5600, 5600, 5676, 5601, 5676, 5677, 5601, 5601, 5677, 5602, 5677, 5678, 5602, 5602, 5678, 5603, 5678, 5679, 5603, 5603, 5679, 5604, 5679, 5680, 5604, 5604, 5680, 5605, 5680, 5681, 5605, 5605, 5681, 5606, 5681, 5682, 5606, 5606, 5682, 5607, 5682, 5683, 5607, 5607, 5683, 5608, 5683, 5684, 5608, 5608, 5684, 5609, 5684, 5685, 5609, 5609, 5685, 5610, 5685, 5686, 5610, 5610, 5686, 5611, 5686, 5687, 5611, 5611, 5687, 5612, 5687, 5688, 5612, 5612, 5688, 5613, 5688, 5689, 5613, 5613, 5689, 5614, 5689, 5690, 5614, 5614, 5690, 5615, 5690, 5691, 5615, 5615, 5691, 5616, 5691, 5692, 5616, 5616, 5692, 5617, 5692, 5693, 5617, 5617, 5693, 5618, 5693, 5694, 5618, 5618, 5694, 5619, 5694, 5695, 5619, 5619, 5695, 5620, 5695, 5696, 5620, 5620, 5696, 5621, 5696, 5697, 5621, 5621, 5697, 5622, 5697, 5698, 5622, 5622, 5698, 5623, 5698, 5699, 5623, 5624, 5700, 5625, 5700, 5701, 5625, 5625, 5701, 5626, 5701, 5702, 5626, 5626, 5702, 5627, 5702, 5703, 5627, 5627, 5703, 5628, 5703, 5704, 5628, 5628, 5704, 5629, 5704, 5705, 5629, 5629, 5705, 5630, 5705, 5706, 5630, 5630, 5706, 5631, 5706, 5707, 5631, 5631, 5707, 5632, 5707, 5708, 5632, 5632, 5708, 5633, 5708, 5709, 5633, 5633, 5709, 5634, 5709, 5710, 5634, 5634, 5710, 5635, 5710, 5711, 5635, 5635, 5711, 5636, 5711, 5712, 5636, 5636, 5712, 5637, 5712, 5713, 5637, 5637, 5713, 5638, 5713, 5714, 5638, 5638, 5714, 5639, 5714, 5715, 5639, 5639, 5715, 5640, 5715, 5716, 5640, 5640, 5716, 5641, 5716, 5717, 5641, 5641, 5717, 5642, 5717, 5718, 5642, 5642, 5718, 5643, 5718, 5719, 5643, 5643, 5719, 5644, 5719, 5720, 5644, 5644, 5720, 5645, 5720, 5721, 5645, 5645, 5721, 5646, 5721, 5722, 5646, 5646, 5722, 5647, 5722, 5723, 5647, 5647, 5723, 5648, 5723, 5724, 5648, 5648, 5724, 5649, 5724, 5725, 5649, 5649, 5725, 5650, 5725, 5726, 5650, 5650, 5726, 5651, 5726, 5727, 5651, 5651, 5727, 5652, 5727, 5728, 5652, 5652, 5728, 5653, 5728, 5729, 5653, 5653, 5729, 5654, 5729, 5730, 5654, 5654, 5730, 5655, 5730, 5731, 5655, 5655, 5731, 5656, 5731, 5732, 5656, 5656, 5732, 5657, 5732, 5733, 5657, 5657, 5733, 5658, 5733, 5734, 5658, 5658, 5734, 5659, 5734, 5735, 5659, 5659, 5735, 5660, 5735, 5736, 5660, 5660, 5736, 5661, 5736, 5737, 5661, 5661, 5737, 5662, 5737, 5738, 5662, 5662, 5738, 5663, 5738, 5739, 5663, 5663, 5739, 5664, 5739, 5740, 5664, 5664, 5740, 5665, 5740, 5741, 5665, 5665, 5741, 5666, 5741, 5742, 5666, 5666, 5742, 5667, 5742, 5743, 5667, 5667, 5743, 5668, 5743, 5744, 5668, 5668, 5744, 5669, 5744, 5745, 5669, 5669, 5745, 5670, 5745, 5746, 5670, 5670, 5746, 5671, 5746, 5747, 5671, 5671, 5747, 5672, 5747, 5748, 5672, 5672, 5748, 5673, 5748, 5749, 5673, 5673, 5749, 5674, 5749, 5750, 5674, 5674, 5750, 5675, 5750, 5751, 5675, 5675, 5751, 5676, 5751, 5752, 5676, 5676, 5752, 5677, 5752, 5753, 5677, 5677, 5753, 5678, 5753, 5754, 5678, 5678, 5754, 5679, 5754, 5755, 5679, 5679, 5755, 5680, 5755, 5756, 5680, 5680, 5756, 5681, 5756, 5757, 5681, 5681, 5757, 5682, 5757, 5758, 5682, 5682, 5758, 5683, 5758, 5759, 5683, 5683, 5759, 5684, 5759, 5760, 5684, 5684, 5760, 5685, 5760, 5761, 5685, 5685, 5761, 5686, 5761, 5762, 5686, 5686, 5762, 5687, 5762, 5763, 5687, 5687, 5763, 5688, 5763, 5764, 5688, 5688, 5764, 5689, 5764, 5765, 5689, 5689, 5765, 5690, 5765, 5766, 5690, 5690, 5766, 5691, 5766, 5767, 5691, 5691, 5767, 5692, 5767, 5768, 5692, 5692, 5768, 5693, 5768, 5769, 5693, 5693, 5769, 5694, 5769, 5770, 5694, 5694, 5770, 5695, 5770, 5771, 5695, 5695, 5771, 5696, 5771, 5772, 5696, 5696, 5772, 5697, 5772, 5773, 5697, 5697, 5773, 5698, 5773, 5774, 5698, 5698, 5774, 5699, 5774, 5775, 5699]
}
