time="2026-09-14T19:50:01-05:00" level=warning msg="No services to build"
time="2026-09-14T19:50:01-05:00" level=warning msg="No services to build"
 Container hexapod-reference-physics-f60f61d985f548ea9948d12c50db254f Creating 
 Container hexapod-reference-physics-f60f61d985f548ea9948d12c50db254f Created 
The '--headless' CLI argument is deprecated. Omit '--viz' for default headless. If config visualizers are enabled and you want to force headless, use '--viz none'.
Loading user config located at: '/isaac-sim/kit/data/Kit/IsaacLab/3.0/user.config.json'
2026-09-15T00:50:02Z [0ms] [Warning] [omni.ext.plugin] [ext: logs] Extensions config 'extension.toml' doesn't exist '/output/logs' or '/output/logs/config'
2026-09-15T00:50:02Z [0ms] [Warning] [omni.ext.plugin] [ext: standing] Extensions config 'extension.toml' doesn't exist '/output/standing' or '/output/standing/config'
2026-09-15T00:50:02Z [0ms] [Warning] [omni.ext.plugin] [ext: isaaclab_visualizers] Extensions config 'extension.toml' doesn't exist '/workspace/isaaclab/source/isaaclab_visualizers' or '/workspace/isaaclab/source/isaaclab_visualizers/config'
2026-09-15T00:50:02Z [0ms] [Warning] [omni.ext.plugin] [ext: jobs] Extensions config 'extension.toml' doesn't exist '/output/jobs' or '/output/jobs/config'
2026-09-15T00:50:02Z [109ms] [Warning] [carb.omniclient.plugin]  45: OmniHub: ThreadId(02) Hub encountered error. Trying to reconnect to Hub. retry_reason="Hub failed to launch: Io(\"child exited with exit status: 1 without writing file \\\"/tmp/hub-ubuntu-91F86C55.config.json\\\"\")"
2026-09-15T00:50:02Z [181ms] [Warning] [carb.omniclient.plugin]  45: OmniHub: ThreadId(02) Hub encountered error. Trying to reconnect to Hub. retry_reason="Hub failed to launch: Io(\"child exited with exit status: 1 without writing file \\\"/tmp/hub-ubuntu-91F86C55.config.json\\\"\")"
2026-09-15T00:50:02Z [264ms] [Warning] [carb.omniclient.plugin]  45: OmniHub: ThreadId(02) Hub encountered error. Trying to reconnect to Hub. retry_reason="Hub failed to launch: Io(\"child exited with exit status: 1 without writing file \\\"/tmp/hub-ubuntu-91F86C55.config.json\\\"\")"
2026-09-15T00:50:02Z [357ms] [Warning] [carb.omniclient.plugin]  45: OmniHub: ThreadId(02) Hub encountered error. Trying to reconnect to Hub. retry_reason="Hub failed to launch: Io(\"child exited with exit status: 1 without writing file \\\"/tmp/hub-ubuntu-91F86C55.config.json\\\"\")"
2026-09-15T00:50:02Z [460ms] [Warning] [carb.omniclient.plugin]  45: OmniHub: ThreadId(02) Hub encountered error. Trying to reconnect to Hub. retry_reason="Hub failed to launch: Io(\"child exited with exit status: 1 without writing file \\\"/tmp/hub-ubuntu-91F86C55.config.json\\\"\")"
2026-09-15T00:50:03Z [574ms] [Warning] [carb.omniclient.plugin]  45: OmniHub: ThreadId(02) Hub encountered error. Trying to reconnect to Hub. retry_reason="Hub failed to launch: Io(\"child exited with exit status: 1 without writing file \\\"/tmp/hub-ubuntu-91F86C55.config.json\\\"\")"
2026-09-15T00:50:03Z [698ms] [Warning] [carb.omniclient.plugin]  45: OmniHub: ThreadId(02) Hub encountered error. Trying to reconnect to Hub. retry_reason="Hub failed to launch: Io(\"child exited with exit status: 1 without writing file \\\"/tmp/hub-ubuntu-91F86C55.config.json\\\"\")"
2026-09-15T00:50:03Z [831ms] [Warning] [carb.omniclient.plugin]  45: OmniHub: ThreadId(02) Hub encountered error. Trying to reconnect to Hub. retry_reason="Hub failed to launch: Io(\"child exited with exit status: 1 without writing file \\\"/tmp/hub-ubuntu-91F86C55.config.json\\\"\")"
2026-09-15T00:50:03Z [974ms] [Warning] [carb.omniclient.plugin]  45: OmniHub: ThreadId(02) Hub encountered error. Trying to reconnect to Hub. retry_reason="Hub failed to launch: Io(\"child exited with exit status: 1 without writing file \\\"/tmp/hub-ubuntu-91F86C55.config.json\\\"\")"
2026-09-15T00:50:03Z [1,126ms] [Warning] [carb.omniclient.plugin]  45: OmniHub: ThreadId(02) Hub encountered error. Trying to reconnect to Hub. retry_reason="Hub failed to launch: Io(\"child exited with exit status: 1 without writing file \\\"/tmp/hub-ubuntu-91F86C55.config.json\\\"\")"
2026-09-15T00:50:03Z [1,289ms] [Warning] [carb.omniclient.plugin]  45: OmniHub: ThreadId(02) Hub encountered error. Trying to reconnect to Hub. retry_reason="Hub failed to launch: Io(\"child exited with exit status: 1 without writing file \\\"/tmp/hub-ubuntu-91F86C55.config.json\\\"\")"
2026-09-15T00:50:03Z [1,461ms] [Warning] [carb.omniclient.plugin]  45: OmniHub: ThreadId(02) Hub encountered error. Trying to reconnect to Hub. retry_reason="Hub failed to launch: Io(\"child exited with exit status: 1 without writing file \\\"/tmp/hub-ubuntu-91F86C55.config.json\\\"\")"
2026-09-15T00:50:04Z [1,644ms] [Warning] [carb.omniclient.plugin]  45: OmniHub: ThreadId(02) Hub encountered error. Trying to reconnect to Hub. retry_reason="Hub failed to launch: Io(\"child exited with exit status: 1 without writing file \\\"/tmp/hub-ubuntu-91F86C55.config.json\\\"\")"
2026-09-15T00:50:04Z [1,836ms] [Warning] [carb.omniclient.plugin]  45: OmniHub: ThreadId(02) Hub encountered error. Trying to reconnect to Hub. retry_reason="Hub failed to launch: Io(\"child exited with exit status: 1 without writing file \\\"/tmp/hub-ubuntu-91F86C55.config.json\\\"\")"
2026-09-15T00:50:04Z [2,039ms] [Warning] [carb.omniclient.plugin]  45: OmniHub: ThreadId(02) Hub encountered error. Trying to reconnect to Hub. retry_reason="Hub failed to launch: Io(\"child exited with exit status: 1 without writing file \\\"/tmp/hub-ubuntu-91F86C55.config.json\\\"\")"
2026-09-15T00:50:04Z [2,251ms] [Warning] [carb.omniclient.plugin]  45: OmniHub: ThreadId(02) Hub encountered error. Trying to reconnect to Hub. retry_reason="Hub failed to launch: Io(\"child exited with exit status: 1 without writing file \\\"/tmp/hub-ubuntu-91F86C55.config.json\\\"\")"
2026-09-15T00:50:04Z [2,474ms] [Warning] [carb.omniclient.plugin]  45: OmniHub: ThreadId(02) Hub encountered error. Trying to reconnect to Hub. retry_reason="Hub failed to launch: Io(\"child exited with exit status: 1 without writing file \\\"/tmp/hub-ubuntu-91F86C55.config.json\\\"\")"
2026-09-15T00:50:05Z [2,706ms] [Warning] [carb.omniclient.plugin]  45: OmniHub: ThreadId(02) Hub encountered error. Trying to reconnect to Hub. retry_reason="Hub failed to launch: Io(\"child exited with exit status: 1 without writing file \\\"/tmp/hub-ubuntu-91F86C55.config.json\\\"\")"
2026-09-15T00:50:05Z [2,949ms] [Warning] [carb.omniclient.plugin]  45: OmniHub: ThreadId(02) Hub encountered error. Trying to reconnect to Hub. retry_reason="Hub failed to launch: Io(\"child exited with exit status: 1 without writing file \\\"/tmp/hub-ubuntu-91F86C55.config.json\\\"\")"
2026-09-15T00:50:05Z [3,202ms] [Warning] [carb.omniclient.plugin]  45: OmniHub: ThreadId(02) Hub encountered error. Trying to reconnect to Hub. retry_reason="Hub failed to launch: Io(\"child exited with exit status: 1 without writing file \\\"/tmp/hub-ubuntu-91F86C55.config.json\\\"\")"
2026-09-15T00:50:05Z [3,464ms] [Warning] [carb.omniclient.plugin]  45: OmniHub: ThreadId(02) Hub encountered error. Trying to reconnect to Hub. retry_reason="Hub failed to launch: Io(\"child exited with exit status: 1 without writing file \\\"/tmp/hub-ubuntu-91F86C55.config.json\\\"\")"
2026-09-15T00:50:06Z [3,736ms] [Warning] [carb.omniclient.plugin]  45: OmniHub: ThreadId(02) Hub encountered error. Trying to reconnect to Hub. retry_reason="Hub failed to launch: Io(\"child exited with exit status: 1 without writing file \\\"/tmp/hub-ubuntu-91F86C55.config.json\\\"\")"
2026-09-15T00:50:06Z [4,020ms] [Warning] [carb.omniclient.plugin]  45: OmniHub: ThreadId(02) Hub encountered error. Trying to reconnect to Hub. retry_reason="Hub failed to launch: Io(\"child exited with exit status: 1 without writing file \\\"/tmp/hub-ubuntu-91F86C55.config.json\\\"\")"
2026-09-15T00:50:06Z [4,313ms] [Warning] [carb.omniclient.plugin]  45: OmniHub: ThreadId(02) Hub encountered error. Trying to reconnect to Hub. retry_reason="Hub failed to launch: Io(\"child exited with exit status: 1 without writing file \\\"/tmp/hub-ubuntu-91F86C55.config.json\\\"\")"
2026-09-15T00:50:07Z [4,614ms] [Warning] [carb.omniclient.plugin]  45: OmniHub: ThreadId(02) Hub encountered error. Trying to reconnect to Hub. retry_reason="Hub failed to launch: Io(\"child exited with exit status: 1 without writing file \\\"/tmp/hub-ubuntu-91F86C55.config.json\\\"\")"
2026-09-15T00:50:07Z [4,925ms] [Warning] [carb.omniclient.plugin]  45: OmniHub: ThreadId(02) Hub encountered error. Trying to reconnect to Hub. retry_reason="Hub failed to launch: Io(\"child exited with exit status: 1 without writing file \\\"/tmp/hub-ubuntu-91F86C55.config.json\\\"\")"
2026-09-15T00:50:07Z [5,249ms] [Warning] [carb.omniclient.plugin]  45: OmniHub: ThreadId(02) Hub encountered error. Trying to reconnect to Hub. retry_reason="Hub failed to launch: Io(\"child exited with exit status: 1 without writing file \\\"/tmp/hub-ubuntu-91F86C55.config.json\\\"\")"
2026-09-15T00:50:08Z [5,581ms] [Warning] [carb.omniclient.plugin]  45: OmniHub: ThreadId(02) Hub encountered error. Trying to reconnect to Hub. retry_reason="Hub failed to launch: Io(\"child exited with exit status: 1 without writing file \\\"/tmp/hub-ubuntu-91F86C55.config.json\\\"\")"
2026-09-15T00:50:08Z [5,924ms] [Warning] [carb.omniclient.plugin]  45: OmniHub: ThreadId(02) Hub encountered error. Trying to reconnect to Hub. retry_reason="Hub failed to launch: Io(\"child exited with exit status: 1 without writing file \\\"/tmp/hub-ubuntu-91F86C55.config.json\\\"\")"
2026-09-15T00:50:08Z [6,277ms] [Warning] [carb.omniclient.plugin]  45: OmniHub: ThreadId(02) Hub encountered error. Trying to reconnect to Hub. retry_reason="Hub failed to launch: Io(\"child exited with exit status: 1 without writing file \\\"/tmp/hub-ubuntu-91F86C55.config.json\\\"\")"
2026-09-15T00:50:09Z [6,640ms] [Warning] [carb.omniclient.plugin]  45: OmniHub: ThreadId(02) Hub encountered error. Trying to reconnect to Hub. retry_reason="Hub failed to launch: Io(\"child exited with exit status: 1 without writing file \\\"/tmp/hub-ubuntu-91F86C55.config.json\\\"\")"
2026-09-15T00:50:09Z [7,012ms] [Warning] [carb.omniclient.plugin]  45: OmniHub: ThreadId(02) Hub encountered error. Trying to reconnect to Hub. retry_reason="Hub failed to launch: Io(\"child exited with exit status: 1 without writing file \\\"/tmp/hub-ubuntu-91F86C55.config.json\\\"\")"
2026-09-15T00:50:09Z [7,394ms] [Warning] [carb.omniclient.plugin]  45: OmniHub: ThreadId(02) Hub encountered error. Trying to reconnect to Hub. retry_reason="Hub failed to launch: Io(\"child exited with exit status: 1 without writing file \\\"/tmp/hub-ubuntu-91F86C55.config.json\\\"\")"
2026-09-15T00:50:10Z [7,787ms] [Warning] [carb.omniclient.plugin]  45: OmniHub: ThreadId(02) Hub encountered error. Trying to reconnect to Hub. retry_reason="Hub failed to launch: Io(\"child exited with exit status: 1 without writing file \\\"/tmp/hub-ubuntu-91F86C55.config.json\\\"\")"
2026-09-15T00:50:10Z [8,190ms] [Warning] [carb.omniclient.plugin]  45: OmniHub: ThreadId(02) Hub encountered error. Trying to reconnect to Hub. retry_reason="Hub failed to launch: Io(\"child exited with exit status: 1 without writing file \\\"/tmp/hub-ubuntu-91F86C55.config.json\\\"\")"
2026-09-15T00:50:11Z [8,604ms] [Warning] [carb.omniclient.plugin]  45: OmniHub: ThreadId(02) Hub encountered error. Trying to reconnect to Hub. retry_reason="Hub failed to launch: Io(\"child exited with exit status: 1 without writing file \\\"/tmp/hub-ubuntu-91F86C55.config.json\\\"\")"
2026-09-15T00:50:11Z [9,027ms] [Warning] [carb.omniclient.plugin]  45: OmniHub: ThreadId(02) Hub encountered error. Trying to reconnect to Hub. retry_reason="Hub failed to launch: Io(\"child exited with exit status: 1 without writing file \\\"/tmp/hub-ubuntu-91F86C55.config.json\\\"\")"
2026-09-15T00:50:11Z [9,460ms] [Warning] [carb.omniclient.plugin]  45: OmniHub: ThreadId(02) Hub encountered error. Trying to reconnect to Hub. retry_reason="Hub failed to launch: Io(\"child exited with exit status: 1 without writing file \\\"/tmp/hub-ubuntu-91F86C55.config.json\\\"\")"
2026-09-15T00:50:12Z [9,903ms] [Warning] [carb.omniclient.plugin]  45: OmniHub: ThreadId(02) Hub encountered error. Trying to reconnect to Hub. retry_reason="Hub failed to launch: Io(\"child exited with exit status: 1 without writing file \\\"/tmp/hub-ubuntu-91F86C55.config.json\\\"\")"
WARNING: All log messages before absl::InitializeLog() is called are written to STDERR
E0000 00:00:1789433412.814222      11 descriptor_database.cc:633] File already exists in database: grpc/health/v1/health.proto
W0000 00:00:1789433412.814244      11 message.cc:301] Protobuf GeneratedMessageFactory: File is already registered: grpc/health/v1/health.proto
2026-09-15T00:50:12Z [10,381ms] [Warning] [omni.platforminfo.plugin] failed to open the default display.  Can't verify X Server version.
2026-09-15T00:50:12Z [10,389ms] [Warning] [omni.usd_config.extension] Enable omni.materialx.libs extension to use MaterialX
/workspace/isaaclab/_isaac_sim/kit/python/lib/python3.12/site-packages/torch/cuda/__init__.py:435: UserWarning: 
    Found GPU0 NVIDIA GB10 which is of cuda capability 12.1.
    Minimum and Maximum cuda capability supported by this version of PyTorch is
    (8.0) - (12.0)
    
  queued_call()
[ISAACLAB] AppLauncher initialization complete
REFERENCE_SCREEN_APP_READY
2026-09-15T00:50:32Z [30,448ms] [Warning] [usdrt.population.plugin] Last global time was not created. Did you call setEnableUsdNoticeHandling?
2026-09-15T00:50:33Z [31,291ms] [Warning] [omni.physx.tensors.plugin] Failed to find contact report API at '/Robot_000/joints'
2026-09-15T00:50:33Z [31,291ms] [Warning] [omni.physx.tensors.plugin] Failed to find contact report API at '/Robot_001/joints'
2026-09-15T00:50:33Z [31,291ms] [Warning] [omni.physx.tensors.plugin] Failed to find contact report API at '/Robot_002/joints'
2026-09-15T00:50:33Z [31,291ms] [Warning] [omni.physx.tensors.plugin] Failed to find contact report API at '/Robot_003/joints'
2026-09-15T00:50:33Z [31,291ms] [Warning] [omni.physx.tensors.plugin] Failed to find contact report API at '/Robot_004/joints'
2026-09-15T00:50:33Z [31,291ms] [Warning] [omni.physx.tensors.plugin] Failed to find contact report API at '/Robot_005/joints'
2026-09-15T00:50:33Z [31,291ms] [Warning] [omni.physx.tensors.plugin] Failed to find contact report API at '/Robot_006/joints'
2026-09-15T00:50:33Z [31,291ms] [Warning] [omni.physx.tensors.plugin] Failed to find contact report API at '/Robot_007/joints'
2026-09-15T00:50:33Z [31,291ms] [Warning] [omni.physx.tensors.plugin] Failed to find contact report API at '/Robot_008/joints'
2026-09-15T00:50:33Z [31,291ms] [Warning] [omni.physx.tensors.plugin] Failed to find contact report API at '/Robot_009/joints'
2026-09-15T00:50:33Z [31,291ms] [Warning] [omni.physx.tensors.plugin] Failed to find contact report API at '/Robot_010/joints'
2026-09-15T00:50:33Z [31,291ms] [Warning] [omni.physx.tensors.plugin] Failed to find contact report API at '/Robot_011/joints'
2026-09-15T00:50:33Z [31,292ms] [Warning] [omni.physx.tensors.plugin] Failed to find contact report API at '/Robot_012/joints'
2026-09-15T00:50:33Z [31,292ms] [Warning] [omni.physx.tensors.plugin] Failed to find contact report API at '/Robot_013/joints'
2026-09-15T00:50:33Z [31,292ms] [Warning] [omni.physx.tensors.plugin] Failed to find contact report API at '/Robot_014/joints'
2026-09-15T00:50:33Z [31,292ms] [Warning] [omni.physx.tensors.plugin] Failed to find contact report API at '/Robot_015/joints'
2026-09-15T00:50:33Z [31,292ms] [Warning] [omni.physx.tensors.plugin] Failed to find contact report API at '/Robot_016/joints'
2026-09-15T00:50:33Z [31,292ms] [Warning] [omni.physx.tensors.plugin] Failed to find contact report API at '/Robot_017/joints'
2026-09-15T00:50:33Z [31,292ms] [Warning] [omni.physx.tensors.plugin] Failed to find contact report API at '/Robot_018/joints'
2026-09-15T00:50:33Z [31,292ms] [Warning] [omni.physx.tensors.plugin] Failed to find contact report API at '/Robot_019/joints'
2026-09-15T00:50:33Z [31,292ms] [Warning] [omni.physx.tensors.plugin] Failed to find contact report API at '/Robot_020/joints'
2026-09-15T00:50:33Z [31,292ms] [Warning] [omni.physx.tensors.plugin] Failed to find contact report API at '/Robot_021/joints'
2026-09-15T00:50:33Z [31,292ms] [Warning] [omni.physx.tensors.plugin] Failed to find contact report API at '/Robot_022/joints'
2026-09-15T00:50:33Z [31,292ms] [Warning] [omni.physx.tensors.plugin] Failed to find contact report API at '/Robot_023/joints'
2026-09-15T00:50:33Z [31,292ms] [Warning] [omni.physx.tensors.plugin] Failed to find contact report API at '/Robot_024/joints'
2026-09-15T00:50:33Z [31,292ms] [Warning] [omni.physx.tensors.plugin] Failed to find contact report API at '/Robot_025/joints'
2026-09-15T00:50:33Z [31,292ms] [Warning] [omni.physx.tensors.plugin] Failed to find contact report API at '/Robot_026/joints'
2026-09-15T00:50:33Z [31,292ms] [Warning] [omni.physx.tensors.plugin] Failed to find contact report API at '/Robot_027/joints'
2026-09-15T00:50:33Z [31,292ms] [Warning] [omni.physx.tensors.plugin] Failed to find contact report API at '/Robot_028/joints'
2026-09-15T00:50:33Z [31,292ms] [Warning] [omni.physx.tensors.plugin] Failed to find contact report API at '/Robot_029/joints'
2026-09-15T00:50:33Z [31,292ms] [Warning] [omni.physx.tensors.plugin] Failed to find contact report API at '/Robot_030/joints'
2026-09-15T00:50:33Z [31,292ms] [Warning] [omni.physx.tensors.plugin] Failed to find contact report API at '/Robot_031/joints'
2026-09-15T00:50:33Z [31,292ms] [Warning] [omni.physx.tensors.plugin] Failed to find contact report API at '/Robot_032/joints'
2026-09-15T00:50:33Z [31,292ms] [Warning] [omni.physx.tensors.plugin] Failed to find contact report API at '/Robot_033/joints'
2026-09-15T00:50:33Z [31,292ms] [Warning] [omni.physx.tensors.plugin] Failed to find contact report API at '/Robot_034/joints'
2026-09-15T00:50:33Z [31,292ms] [Warning] [omni.physx.tensors.plugin] Failed to find contact report API at '/Robot_035/joints'
2026-09-15T00:50:33Z [31,292ms] [Warning] [omni.physx.tensors.plugin] Failed to find contact report API at '/Robot_036/joints'
2026-09-15T00:50:33Z [31,292ms] [Warning] [omni.physx.tensors.plugin] Failed to find contact report API at '/Robot_037/joints'
2026-09-15T00:50:33Z [31,292ms] [Warning] [omni.physx.tensors.plugin] Failed to find contact report API at '/Robot_038/joints'
2026-09-15T00:50:33Z [31,292ms] [Warning] [omni.physx.tensors.plugin] Failed to find contact report API at '/Robot_039/joints'
2026-09-15T00:50:33Z [31,292ms] [Warning] [omni.physx.tensors.plugin] Failed to find contact report API at '/Robot_040/joints'
2026-09-15T00:50:33Z [31,292ms] [Warning] [omni.physx.tensors.plugin] Failed to find contact report API at '/Robot_041/joints'
2026-09-15T00:50:33Z [31,292ms] [Warning] [omni.physx.tensors.plugin] Failed to find contact report API at '/Robot_042/joints'
2026-09-15T00:50:33Z [31,292ms] [Warning] [omni.physx.tensors.plugin] Failed to find contact report API at '/Robot_043/joints'
2026-09-15T00:50:33Z [31,292ms] [Warning] [omni.physx.tensors.plugin] Failed to find contact report API at '/Robot_044/joints'
2026-09-15T00:50:33Z [31,292ms] [Warning] [omni.physx.tensors.plugin] Failed to find contact report API at '/Robot_045/joints'
2026-09-15T00:50:33Z [31,292ms] [Warning] [omni.physx.tensors.plugin] Failed to find contact report API at '/Robot_046/joints'
2026-09-15T00:50:33Z [31,292ms] [Warning] [omni.physx.tensors.plugin] Failed to find contact report API at '/Robot_047/joints'
2026-09-15T00:50:33Z [31,292ms] [Warning] [omni.physx.tensors.plugin] Failed to find contact report API at '/Robot_048/joints'
2026-09-15T00:50:33Z [31,292ms] [Warning] [omni.physx.tensors.plugin] Failed to find contact report API at '/Robot_049/joints'
2026-09-15T00:50:33Z [31,292ms] [Warning] [omni.physx.tensors.plugin] Failed to find contact report API at '/Robot_050/joints'
2026-09-15T00:50:33Z [31,292ms] [Warning] [omni.physx.tensors.plugin] Failed to find contact report API at '/Robot_051/joints'
2026-09-15T00:50:33Z [31,292ms] [Warning] [omni.physx.tensors.plugin] Failed to find contact report API at '/Robot_052/joints'
2026-09-15T00:50:33Z [31,292ms] [Warning] [omni.physx.tensors.plugin] Failed to find contact report API at '/Robot_053/joints'
2026-09-15T00:50:33Z [31,292ms] [Warning] [omni.physx.tensors.plugin] Failed to find contact report API at '/Robot_054/joints'
2026-09-15T00:50:33Z [31,292ms] [Warning] [omni.physx.tensors.plugin] Failed to find contact report API at '/Robot_055/joints'
2026-09-15T00:50:33Z [31,292ms] [Warning] [omni.physx.tensors.plugin] Failed to find contact report API at '/Robot_056/joints'
2026-09-15T00:50:33Z [31,293ms] [Warning] [omni.physx.tensors.plugin] Failed to find contact report API at '/Robot_057/joints'
2026-09-15T00:50:33Z [31,293ms] [Warning] [omni.physx.tensors.plugin] Failed to find contact report API at '/Robot_058/joints'
2026-09-15T00:50:33Z [31,293ms] [Warning] [omni.physx.tensors.plugin] Failed to find contact report API at '/Robot_059/joints'
2026-09-15T00:50:33Z [31,293ms] [Warning] [omni.physx.tensors.plugin] Failed to find contact report API at '/Robot_060/joints'
2026-09-15T00:50:33Z [31,293ms] [Warning] [omni.physx.tensors.plugin] Failed to find contact report API at '/Robot_061/joints'
2026-09-15T00:50:33Z [31,293ms] [Warning] [omni.physx.tensors.plugin] Failed to find contact report API at '/Robot_062/joints'
2026-09-15T00:50:33Z [31,293ms] [Warning] [omni.physx.tensors.plugin] Failed to find contact report API at '/Robot_063/joints'
2026-09-15T00:50:33Z [31,293ms] [Warning] [omni.physx.tensors.plugin] Failed to find contact report API at '/Robot_064/joints'
2026-09-15T00:50:33Z [31,293ms] [Warning] [omni.physx.tensors.plugin] Failed to find contact report API at '/Robot_065/joints'
2026-09-15T00:50:33Z [31,293ms] [Warning] [omni.physx.tensors.plugin] Failed to find contact report API at '/Robot_066/joints'
2026-09-15T00:50:33Z [31,293ms] [Warning] [omni.physx.tensors.plugin] Failed to find contact report API at '/Robot_067/joints'
2026-09-15T00:50:33Z [31,293ms] [Warning] [omni.physx.tensors.plugin] Failed to find contact report API at '/Robot_068/joints'
2026-09-15T00:50:33Z [31,293ms] [Warning] [omni.physx.tensors.plugin] Failed to find contact report API at '/Robot_069/joints'
2026-09-15T00:50:33Z [31,293ms] [Warning] [omni.physx.tensors.plugin] Failed to find contact report API at '/Robot_070/joints'
2026-09-15T00:50:33Z [31,293ms] [Warning] [omni.physx.tensors.plugin] Failed to find contact report API at '/Robot_071/joints'
2026-09-15T00:50:33Z [31,293ms] [Warning] [omni.physx.tensors.plugin] Failed to find contact report API at '/Robot_072/joints'
2026-09-15T00:50:33Z [31,293ms] [Warning] [omni.physx.tensors.plugin] Failed to find contact report API at '/Robot_073/joints'
2026-09-15T00:50:33Z [31,293ms] [Warning] [omni.physx.tensors.plugin] Failed to find contact report API at '/Robot_074/joints'
2026-09-15T00:50:33Z [31,293ms] [Warning] [omni.physx.tensors.plugin] Failed to find contact report API at '/Robot_075/joints'
2026-09-15T00:50:33Z [31,293ms] [Warning] [omni.physx.tensors.plugin] Failed to find contact report API at '/Robot_076/joints'
2026-09-15T00:50:33Z [31,293ms] [Warning] [omni.physx.tensors.plugin] Failed to find contact report API at '/Robot_077/joints'
2026-09-15T00:50:33Z [31,293ms] [Warning] [omni.physx.tensors.plugin] Failed to find contact report API at '/Robot_078/joints'
2026-09-15T00:50:33Z [31,293ms] [Warning] [omni.physx.tensors.plugin] Failed to find contact report API at '/Robot_079/joints'
2026-09-15T00:50:33Z [31,293ms] [Warning] [omni.physx.tensors.plugin] Failed to find contact report API at '/Robot_080/joints'
2026-09-15T00:50:33Z [31,293ms] [Warning] [omni.physx.tensors.plugin] Failed to find contact report API at '/Robot_081/joints'
2026-09-15T00:50:33Z [31,293ms] [Warning] [omni.physx.tensors.plugin] Failed to find contact report API at '/Robot_082/joints'
2026-09-15T00:50:33Z [31,293ms] [Warning] [omni.physx.tensors.plugin] Failed to find contact report API at '/Robot_083/joints'
2026-09-15T00:50:33Z [31,293ms] [Warning] [omni.physx.tensors.plugin] Failed to find contact report API at '/Robot_084/joints'
2026-09-15T00:50:33Z [31,293ms] [Warning] [omni.physx.tensors.plugin] Failed to find contact report API at '/Robot_085/joints'
2026-09-15T00:50:33Z [31,293ms] [Warning] [omni.physx.tensors.plugin] Failed to find contact report API at '/Robot_086/joints'
2026-09-15T00:50:33Z [31,293ms] [Warning] [omni.physx.tensors.plugin] Failed to find contact report API at '/Robot_087/joints'
2026-09-15T00:50:33Z [31,293ms] [Warning] [omni.physx.tensors.plugin] Failed to find contact report API at '/Robot_088/joints'
2026-09-15T00:50:33Z [31,293ms] [Warning] [omni.physx.tensors.plugin] Failed to find contact report API at '/Robot_089/joints'
2026-09-15T00:50:33Z [31,293ms] [Warning] [omni.physx.tensors.plugin] Failed to find contact report API at '/Robot_090/joints'
2026-09-15T00:50:33Z [31,293ms] [Warning] [omni.physx.tensors.plugin] Failed to find contact report API at '/Robot_091/joints'
2026-09-15T00:50:33Z [31,293ms] [Warning] [omni.physx.tensors.plugin] Failed to find contact report API at '/Robot_092/joints'
2026-09-15T00:50:33Z [31,293ms] [Warning] [omni.physx.tensors.plugin] Failed to find contact report API at '/Robot_093/joints'
2026-09-15T00:50:33Z [31,293ms] [Warning] [omni.physx.tensors.plugin] Failed to find contact report API at '/Robot_094/joints'
2026-09-15T00:50:33Z [31,293ms] [Warning] [omni.physx.tensors.plugin] Failed to find contact report API at '/Robot_095/joints'
2026-09-15T00:50:33Z [31,293ms] [Warning] [omni.physx.tensors.plugin] Failed to find contact report API at '/Robot_096/joints'
2026-09-15T00:50:33Z [31,293ms] [Warning] [omni.physx.tensors.plugin] Failed to find contact report API at '/Robot_097/joints'
2026-09-15T00:50:33Z [31,293ms] [Warning] [omni.physx.tensors.plugin] Failed to find contact report API at '/Robot_098/joints'
2026-09-15T00:50:33Z [31,293ms] [Warning] [omni.physx.tensors.plugin] Failed to find contact report API at '/Robot_099/joints'
2026-09-15T00:50:33Z [31,293ms] [Warning] [omni.physx.tensors.plugin] Failed to find contact report API at '/Robot_100/joints'
2026-09-15T00:50:33Z [31,293ms] [Warning] [omni.physx.tensors.plugin] Failed to find contact report API at '/Robot_101/joints'
2026-09-15T00:50:33Z [31,293ms] [Warning] [omni.physx.tensors.plugin] Failed to find contact report API at '/Robot_102/joints'
2026-09-15T00:50:33Z [31,293ms] [Warning] [omni.physx.tensors.plugin] Failed to find contact report API at '/Robot_103/joints'
2026-09-15T00:50:33Z [31,293ms] [Warning] [omni.physx.tensors.plugin] Failed to find contact report API at '/Robot_104/joints'
2026-09-15T00:50:33Z [31,293ms] [Warning] [omni.physx.tensors.plugin] Failed to find contact report API at '/Robot_105/joints'
2026-09-15T00:50:33Z [31,293ms] [Warning] [omni.physx.tensors.plugin] Failed to find contact report API at '/Robot_106/joints'
2026-09-15T00:50:33Z [31,294ms] [Warning] [omni.physx.tensors.plugin] Failed to find contact report API at '/Robot_107/joints'
2026-09-15T00:50:33Z [31,294ms] [Warning] [omni.physx.tensors.plugin] Failed to find contact report API at '/Robot_108/joints'
2026-09-15T00:50:33Z [31,294ms] [Warning] [omni.physx.tensors.plugin] Failed to find contact report API at '/Robot_109/joints'
2026-09-15T00:50:33Z [31,294ms] [Warning] [omni.physx.tensors.plugin] Failed to find contact report API at '/Robot_110/joints'
2026-09-15T00:50:33Z [31,294ms] [Warning] [omni.physx.tensors.plugin] Failed to find contact report API at '/Robot_111/joints'
2026-09-15T00:50:33Z [31,294ms] [Warning] [omni.physx.tensors.plugin] Failed to find contact report API at '/Robot_112/joints'
2026-09-15T00:50:33Z [31,294ms] [Warning] [omni.physx.tensors.plugin] Failed to find contact report API at '/Robot_113/joints'
2026-09-15T00:50:33Z [31,294ms] [Warning] [omni.physx.tensors.plugin] Failed to find contact report API at '/Robot_114/joints'
2026-09-15T00:50:33Z [31,294ms] [Warning] [omni.physx.tensors.plugin] Failed to find contact report API at '/Robot_115/joints'
2026-09-15T00:50:33Z [31,294ms] [Warning] [omni.physx.tensors.plugin] Failed to find contact report API at '/Robot_116/joints'
2026-09-15T00:50:33Z [31,294ms] [Warning] [omni.physx.tensors.plugin] Failed to find contact report API at '/Robot_117/joints'
2026-09-15T00:50:33Z [31,294ms] [Warning] [omni.physx.tensors.plugin] Failed to find contact report API at '/Robot_118/joints'
2026-09-15T00:50:33Z [31,294ms] [Warning] [omni.physx.tensors.plugin] Failed to find contact report API at '/Robot_119/joints'
2026-09-15T00:50:33Z [31,294ms] [Warning] [omni.physx.tensors.plugin] Failed to find contact report API at '/Robot_120/joints'
2026-09-15T00:50:33Z [31,294ms] [Warning] [omni.physx.tensors.plugin] Failed to find contact report API at '/Robot_121/joints'
2026-09-15T00:50:33Z [31,294ms] [Warning] [omni.physx.tensors.plugin] Failed to find contact report API at '/Robot_122/joints'
2026-09-15T00:50:33Z [31,294ms] [Warning] [omni.physx.tensors.plugin] Failed to find contact report API at '/Robot_123/joints'
2026-09-15T00:50:33Z [31,294ms] [Warning] [omni.physx.tensors.plugin] Failed to find contact report API at '/Robot_124/joints'
2026-09-15T00:50:33Z [31,294ms] [Warning] [omni.physx.tensors.plugin] Failed to find contact report API at '/Robot_125/joints'
2026-09-15T00:50:33Z [31,294ms] [Warning] [omni.physx.tensors.plugin] Failed to find contact report API at '/Robot_126/joints'
2026-09-15T00:50:33Z [31,294ms] [Warning] [omni.physx.tensors.plugin] Failed to find contact report API at '/Robot_127/joints'
PAPER_PPO {"policy_loss": 0.0004867032791177432, "value_loss": 67.31680552164714, "entropy": -15.850045363108316, "estimator_loss": 0.0024284411144132414, "approx_kl": 0.013268414975350917, "actor_grad_norm": 23.708470662434895, "critic_grad_norm": 97.57376925150554, "model_grad_norm": 102.44029839833577, "clip_fraction": 0.18185764799515405, "discriminator_loss": 0.05454978048801422, "expert_score": 0.9723353326320648, "policy_score": -0.9732000380754471, "gradient_penalty": 0.0029726969747571274, "discriminator_expert_loss": 0.0046430544898612425, "discriminator_policy_loss": 0.03504324029199779, "ppo_batches": 6, "discriminator_batches": 20, "target_kl": 0.02, "kl_initial": 1.20165294092515e-11, "kl_final": 0.019479727661648173, "kl_max": 0.019479727661648173, "kl_max_step_increase": 0.011850261695515348, "kl_after_model_steps": [0.011850261707531878, 0.017291472437601818, 0.019224283941748424, 0.018176552439261688, 0.016144806601145645, 0.019479727661648173], "early_stopped": true, "final_full_rollout_k3": 0.018213264644145966, "stop_reason": "backtracking_exhausted", "learning_rate": 0.0001, "discriminator_learning_rate": 0.0003, "rollback_kl_steps": true, "model_proposals": 7, "accepted_model_steps": 6, "rejected_model_trials": 14, "model_trial_attempts": [{"proposal": 1, "retry": 0, "learning_rate": 0.0001, "kl": 0.04748379347646432, "accepted": false}, {"proposal": 1, "retry": 1, "learning_rate": 5e-05, "kl": 0.011850261707531878, "accepted": true}, {"proposal": 2, "retry": 0, "learning_rate": 0.0001, "kl": 0.0428808177834827, "accepted": false}, {"proposal": 2, "retry": 1, "learning_rate": 5e-05, "kl": 0.024276017045106586, "accepted": false}, {"proposal": 2, "retry": 2, "learning_rate": 2.5e-05, "kl": 0.017291472437601818, "accepted": true}, {"proposal": 3, "retry": 0, "learning_rate": 0.0001, "kl": 0.028116126766525223, "accepted": false}, {"proposal": 3, "retry": 1, "learning_rate": 5e-05, "kl": 0.019224283941748424, "accepted": true}, {"proposal": 4, "retry": 0, "learning_rate": 0.0001, "kl": 0.035865097981430075, "accepted": false}, {"proposal": 4, "retry": 1, "learning_rate": 5e-05, "kl": 0.020606107554228394, "accepted": false}, {"proposal": 4, "retry": 2, "learning_rate": 2.5e-05, "kl": 0.018176552439261688, "accepted": true}, {"proposal": 5, "retry": 0, "learning_rate": 0.0001, "kl": 0.052097344014355715, "accepted": false}, {"proposal": 5, "retry": 1, "learning_rate": 5e-05, "kl": 0.021131245046328663, "accepted": false}, {"proposal": 5, "retry": 2, "learning_rate": 2.5e-05, "kl": 0.016144806601145645, "accepted": true}, {"proposal": 6, "retry": 0, "learning_rate": 0.0001, "kl": 0.07233861459907322, "accepted": false}, {"proposal": 6, "retry": 1, "learning_rate": 5e-05, "kl": 0.02996397545701514, "accepted": false}, {"proposal": 6, "retry": 2, "learning_rate": 2.5e-05, "kl": 0.019479727661648173, "accepted": true}, {"proposal": 7, "retry": 0, "learning_rate": 0.0001, "kl": 0.05138524461505518, "accepted": false}, {"proposal": 7, "retry": 1, "learning_rate": 5e-05, "kl": 0.02774313582058808, "accepted": false}, {"proposal": 7, "retry": 2, "learning_rate": 2.5e-05, "kl": 0.021689686385348544, "accepted": false}, {"proposal": 7, "retry": 3, "learning_rate": 1.25e-05, "kl": 0.020104388017092512, "accepted": false}], "consecutive_zero_accepted_updates": 0, "empirical_kl_scope": "Mean whole-actor KL on the fixed collected rollout; no bound on physical motion or unseen states.", "normalizer_policy_kl": 0.0, "normalizer_policy_kl_samples": 128, "normalizer_policy_kl_scope": "Same current observations and weights, before/after statistics update; reporting only", "update": 201, "transitions": 617472, "episodes": 625, "optimizer_steps": 559, "discriminator_steps": 4020, "reward": 0.2914791703224182, "task_reward": 0.16576769948005676, "style_reward": 0.12571147084236145, "action_std": 0.1003105640411377, "raw_action_abs_mean": 0.482525497674942, "raw_action_clip_fraction": 0.10651765018701553, "return_mean": 38.811927795410156, "return_std": 5.187967300415039, "explained_variance": -2.672100782394409, "terminated": 2, "truncated": 0, "elapsed_s": 3.474438003031537, "transitions_per_s": 177718.5258338873, "allocation_new_transitions": 3072, "allocation_new_transitions_per_s": 884.1717703178473}
PAPER_TASK {"schema": "canonical_paper_walking_task_v1", "reward_version": "canonical_quiet_quadratic_log_tail_v2", "controls_completed": 24, "command_draws": 130, "zero_command_draws": 20, "zero_draw_fraction": 0.15384615384615385, "remaining_controls": [76, 130, 157, 125, 174, 176, 144, 109, 216, 193, 167, 157, 110, 215, 127, 209, 187, 197, 137, 110, 115, 185, 154, 97, 219, 219, 224, 185, 147, 149, 152, 165, 214, 169, 220, 183, 172, 86, 140, 202, 204, 209, 100, 174, 201, 88, 170, 176, 179, 207, 192, 172, 166, 132, 108, 218, 184, 190, 195, 184, 155, 142, 169, 194, 215, 222, 147, 84, 126, 222, 224, 116, 124, 149, 211, 151, 178, 134, 127, 166, 204, 104, 134, 122, 170, 212, 142, 110, 100, 98, 100, 193, 219, 211, 96, 77, 157, 221, 170, 189, 90, 163, 174, 211, 173, 109, 150, 202, 192, 86, 130, 172, 215, 136, 98, 178, 133, 88, 148, 77, 217, 158, 182, 159, 212, 195, 106, 129], "commands": [[0.0, 0.0, 0.20000000298023224], [0.0353553406894207, 0.0353553406894207, 0.0], [0.03999999910593033, 0.0, -0.15000000596046448], [-0.01767767034471035, 0.01767767034471035, 0.0], [0.0, 0.0, 0.0], [0.01767767034471035, 0.01767767034471035, 0.0], [0.02500000037252903, 0.0, 0.0], [-0.01767767034471035, -0.01767767034471035, 0.0], [0.0, 0.0, 0.0], [-0.02500000037252903, 3.0616169246677665e-18, 0.0], [-0.02500000037252903, 3.0616169246677665e-18, 0.0], [0.0353553406894207, -0.0353553406894207, 0.0], [0.0, 0.0, 0.0], [0.05000000074505806, 0.0, 0.0], [0.05000000074505806, 0.0, 0.0], [-9.184851394388759e-18, -0.05000000074505806, 0.0], [0.0, 0.0, 0.0], [0.02500000037252903, 0.0, 0.0], [-9.184851394388759e-18, -0.05000000074505806, 0.0], [0.02500000037252903, 0.0, 0.0], [-4.5924256971943795e-18, -0.02500000037252903, 0.0], [0.0353553406894207, -0.0353553406894207, 0.0], [0.05000000074505806, 0.0, 0.0], [1.5308084623338832e-18, 0.02500000037252903, 0.0], [0.05000000074505806, 0.0, 0.0], [0.0, 0.0, 0.0], [0.0, 0.0, -0.20000000298023224], [0.0, 0.0, 0.0], [0.01767767034471035, 0.01767767034471035, 0.0], [1.5308084623338832e-18, 0.02500000037252903, 0.0], [0.0, 0.0, 0.0], [0.03999999910593033, 0.0, 0.15000000596046448], [0.0353553406894207, -0.0353553406894207, 0.0], [0.0, 0.0, 0.0], [0.0, 0.0, 0.0], [-4.5924256971943795e-18, -0.02500000037252903, 0.0], [1.5308084623338832e-18, 0.02500000037252903, 0.0], [0.0, 0.0, -0.20000000298023224], [0.03999999910593033, 0.0, 0.15000000596046448], [-0.0353553406894207, 0.0353553406894207, 0.0], [-9.184851394388759e-18, -0.05000000074505806, 0.0], [-0.0353553406894207, 0.0353553406894207, 0.0], [-0.01767767034471035, -0.01767767034471035, 0.0], [3.0616169246677665e-18, 0.05000000074505806, 0.0], [0.0353553406894207, -0.0353553406894207, 0.0], [0.05000000074505806, 0.0, 0.0], [-0.02500000037252903, 3.0616169246677665e-18, 0.0], [-0.01767767034471035, 0.01767767034471035, 0.0], [-0.01767767034471035, -0.01767767034471035, 0.0], [0.0, 0.0, -0.20000000298023224], [0.0, 0.0, 0.20000000298023224], [-4.5924256971943795e-18, -0.02500000037252903, 0.0], [0.01767767034471035, 0.01767767034471035, 0.0], [0.01767767034471035, 0.01767767034471035, 0.0], [-0.02500000037252903, 3.0616169246677665e-18, 0.0], [0.0, 0.0, 0.0], [0.01767767034471035, -0.01767767034471035, 0.0], [1.5308084623338832e-18, 0.02500000037252903, 0.0], [0.0353553406894207, 0.0353553406894207, 0.0], [-0.0353553406894207, -0.0353553406894207, 0.0], [0.0, 0.0, 0.0], [0.0, 0.0, 0.0], [0.05000000074505806, 0.0, 0.0], [3.0616169246677665e-18, 0.05000000074505806, 0.0], [-0.05000000074505806, 6.123233849335533e-18, 0.0], [-0.05000000074505806, 6.123233849335533e-18, 0.0], [0.03999999910593033, 0.0, 0.15000000596046448], [0.0, 0.0, 0.0], [-0.01767767034471035, 0.01767767034471035, 0.0], [-0.0353553406894207, 0.0353553406894207, 0.0], [-0.0353553406894207, -0.0353553406894207, 0.0], [0.0, 0.0, 0.0], [0.02500000037252903, 0.0, 0.0], [0.0, 0.0, 0.20000000298023224], [-0.0353553406894207, 0.0353553406894207, 0.0], [1.5308084623338832e-18, 0.02500000037252903, 0.0], [-0.02500000037252903, 3.0616169246677665e-18, 0.0], [-0.02500000037252903, 3.0616169246677665e-18, 0.0], [0.0, 0.0, 0.20000000298023224], [0.0, 0.0, 0.0], [0.0, 0.0, 0.20000000298023224], [1.5308084623338832e-18, 0.02500000037252903, 0.0], [0.0, 0.0, -0.20000000298023224], [0.03999999910593033, 0.0, -0.15000000596046448], [0.03999999910593033, 0.0, -0.15000000596046448], [0.01767767034471035, 0.01767767034471035, 0.0], [-0.01767767034471035, -0.01767767034471035, 0.0], [0.0, 0.0, 0.20000000298023224], [0.0, 0.0, 0.20000000298023224], [0.03999999910593033, 0.0, 0.15000000596046448], [-0.05000000074505806, 6.123233849335533e-18, 0.0], [0.03999999910593033, 0.0, 0.15000000596046448], [3.0616169246677665e-18, 0.05000000074505806, 0.0], [-9.184851394388759e-18, -0.05000000074505806, 0.0], [0.03999999910593033, 0.0, -0.15000000596046448], [-0.05000000074505806, 6.123233849335533e-18, 0.0], [0.0, 0.0, 0.20000000298023224], [0.0, 0.0, -0.20000000298023224], [0.0353553406894207, 0.0353553406894207, 0.0], [0.0353553406894207, 0.0353553406894207, 0.0], [-0.01767767034471035, -0.01767767034471035, 0.0], [0.01767767034471035, -0.01767767034471035, 0.0], [0.0, 0.0, 0.0], [0.03999999910593033, 0.0, 0.15000000596046448], [1.5308084623338832e-18, 0.02500000037252903, 0.0], [0.01767767034471035, 0.01767767034471035, 0.0], [3.0616169246677665e-18, 0.05000000074505806, 0.0], [0.0, 0.0, -0.20000000298023224], [0.0, 0.0, 0.0], [0.03999999910593033, 0.0, -0.15000000596046448], [3.0616169246677665e-18, 0.05000000074505806, 0.0], [-4.5924256971943795e-18, -0.02500000037252903, 0.0], [1.5308084623338832e-18, 0.02500000037252903, 0.0], [-0.0353553406894207, -0.0353553406894207, 0.0], [-0.05000000074505806, 6.123233849335533e-18, 0.0], [0.0, 0.0, 0.0], [0.03999999910593033, 0.0, -0.15000000596046448], [0.03999999910593033, 0.0, 0.15000000596046448], [0.05000000074505806, 0.0, 0.0], [0.03999999910593033, 0.0, 0.15000000596046448], [0.0, 0.0, 0.0], [3.0616169246677665e-18, 0.05000000074505806, 0.0], [0.0, 0.0, -0.20000000298023224], [0.0, 0.0, 0.20000000298023224], [0.03999999910593033, 0.0, 0.15000000596046448], [0.0353553406894207, 0.0353553406894207, 0.0], [0.0, 0.0, 0.0], [0.0353553406894207, -0.0353553406894207, 0.0]], "stage2_complete": false, "proximity": {"checks": 58, "minimum_sphere_gap_m": 0.9910581707954407, "failure": null, "collision_filter_present": false}, "cumulative_metrics": {"environment_controls": 3072, "signed_navigation_velocity_error_mps": [-0.007229224778711796, -0.020269053056836128], "absolute_navigation_velocity_error_mps": [0.05053908750414848, 0.047410380095243454], "achieved_planar_speed_mps": 0.07659216970205307, "requested_planar_speed_mps": 0.027265626937150955, "signed_command_direction_speed_mps": 0.022670015692710876, "moving_command_rows": 2208, "signed_yaw_error_rad_s": -0.24480293691158295, "absolute_yaw_error_rad_s": 0.2830744981765747, "requested_saturation_fraction": 0.018342195078730583, "terminations": 2, "truncations": 0, "zero_command_rows": 480, "nonfoot_event_rows": 0, "moving_signed_command_direction_speed_mps": 0.03154088857708915, "nonfoot_event_fraction": 0.0, "task_reward_sum": 509.23832972021773, "task_reward_mean": 0.16576768545580003, "reward_components": {"linear_tracking": {"sum": 420.05927121583784, "absolute_sum": 420.05927121583784, "mean": 0.1367380440155722, "mean_absolute": 0.1367380440155722}, "yaw_tracking": {"sum": 362.3648675740232, "absolute_sum": 362.3648675740232, "mean": 0.11795731366341901, "mean_absolute": 0.11795731366341901}, "quiet_joint_rate": {"sum": -189.7130952477455, "absolute_sum": 189.7130952477455, "mean": -0.06175556485929216, "mean_absolute": 0.06175556485929216}, "quiet_target_motion": {"sum": -62.17435526102781, "absolute_sum": 62.17435526102781, "mean": -0.02023904793653249, "mean_absolute": 0.02023904793653249}, "tilt": {"sum": -0.6516716997592396, "absolute_sum": 0.6516716997592396, "mean": -0.00021213271476537747, "mean_absolute": 0.00021213271476537747}, "roll_pitch_rate": {"sum": -0.7538162193305542, "absolute_sum": 0.7538162193305542, "mean": -0.0002453828838966648, "mean_absolute": 0.0002453828838966648}, "vertical_velocity": {"sum": -0.8257464656136781, "absolute_sum": 0.8257464656136781, "mean": -0.0002687976776086192, "mean_absolute": 0.0002687976776086192}, "height": {"sum": -1.0076662756386692, "absolute_sum": 1.0076662756386692, "mean": -0.000328016365767796, "mean_absolute": 0.000328016365767796}, "effort": {"sum": -4.606218276610889, "absolute_sum": 4.606218276610889, "mean": -0.001499420011917607, "mean_absolute": 0.001499420011917607}, "target_motion": {"sum": -9.453240008093417, "absolute_sum": 9.453240008093417, "mean": -0.0030772265651345756, "mean_absolute": 0.0030772265651345756}, "nonfoot_contact": {"sum": 0.0, "absolute_sum": 0.0, "mean": 0.0, "mean_absolute": 0.0}, "termination": {"sum": -4.0, "absolute_sum": 4.0, "mean": -0.0013020833333333333, "mean_absolute": 0.0013020833333333333}}, "command_classes": {"zero": {"environment_controls": 480, "time_fraction": 0.15625, "task_reward_mean": -0.22142269623145694, "reward_component_means": {"linear_tracking": 0.19252236649034918, "yaw_tracking": 0.11635924574778785, "quiet_joint_rate": -0.3952356150994698, "quiet_target_motion": -0.12952990679380794, "tilt": -0.00021017329063993743, "roll_pitch_rate": -0.0002850275497767877, "vertical_velocity": -0.0002608129338295391, "height": -0.0002816392280252327, "effort": -0.001432981171198359, "target_motion": -0.0030681504741854344, "nonfoot_contact": 0.0, "termination": 0.0}, "reward_component_mean_absolute": {"linear_tracking": 0.19252236649034918, "yaw_tracking": 0.11635924574778785, "quiet_joint_rate": 0.3952356150994698, "quiet_target_motion": 0.12952990679380794, "tilt": 0.00021017329063993743, "roll_pitch_rate": 0.0002850275497767877, "vertical_velocity": 0.0002608129338295391, "height": 0.0002816392280252327, "effort": 0.001432981171198359, "target_motion": 0.0030681504741854344, "nonfoot_contact": 0.0, "termination": 0.0}, "requested_planar_speed_mps": 0.0, "moving_command_rows": 0, "moving_signed_command_direction_speed_mps": null, "nonfoot_event_fraction": 0.0}, "linear_0.025": {"environment_controls": 912, "time_fraction": 0.296875, "task_reward_mean": 0.2793814445346167, "reward_component_means": {"linear_tracking": 0.1584584945283964, "yaw_tracking": 0.12638332131989397, "quiet_joint_rate": 0.0, "quiet_target_motion": 0.0, "tilt": -0.00019745112791785964, "roll_pitch_rate": -0.0002372131712211681, "vertical_velocity": -0.000256384640636388, "height": -0.0002749408598521413, "effort": -0.0014143404345575842, "target_motion": -0.003080041891511779, "nonfoot_contact": 0.0, "termination": 0.0}, "reward_component_mean_absolute": {"linear_tracking": 0.1584584945283964, "yaw_tracking": 0.12638332131989397, "quiet_joint_rate": 0.0, "quiet_target_motion": 0.0, "tilt": 0.00019745112791785964, "roll_pitch_rate": 0.0002372131712211681, "vertical_velocity": 0.000256384640636388, "height": 0.0002749408598521413, "effort": 0.0014143404345575842, "target_motion": 0.003080041891511779, "nonfoot_contact": 0.0, "termination": 0.0}, "requested_planar_speed_mps": 0.02500000037252903, "moving_command_rows": 912, "moving_signed_command_direction_speed_mps": 0.017654471696080993, "nonfoot_event_fraction": 0.0}, "linear_0.05": {"environment_controls": 912, "time_fraction": 0.296875, "task_reward_mean": 0.20152096324658997, "reward_component_means": {"linear_tracking": 0.07828598702225639, "yaw_tracking": 0.13121888620884198, "quiet_joint_rate": 0.0, "quiet_target_motion": 0.0, "tilt": -0.00024837761666376826, "roll_pitch_rate": -0.00024216276918237174, "vertical_velocity": -0.0002726358790322416, "height": -0.00040145310153386705, "effort": -0.0015821633073676167, "target_motion": -0.003044135377039263, "nonfoot_contact": 0.0, "termination": -0.0021929824561403508}, "reward_component_mean_absolute": {"linear_tracking": 0.07828598702225639, "yaw_tracking": 0.13121888620884198, "quiet_joint_rate": 0.0, "quiet_target_motion": 0.0, "tilt": 0.00024837761666376826, "roll_pitch_rate": 0.00024216276918237174, "vertical_velocity": 0.0002726358790322416, "height": 0.00040145310153386705, "effort": 0.0015821633073676167, "target_motion": 0.003044135377039263, "nonfoot_contact": 0.0, "termination": 0.0021929824561403508}, "requested_planar_speed_mps": 0.05000000074505806, "moving_command_rows": 912, "moving_signed_command_direction_speed_mps": 0.03112730973356392, "nonfoot_event_fraction": 0.0}, "yaw": {"environment_controls": 384, "time_fraction": 0.125, "task_reward_mean": 0.2788321667458149, "reward_component_means": {"linear_tracking": 0.19768641626899078, "yaw_tracking": 0.0866610478044087, "quiet_joint_rate": 0.0, "quiet_target_motion": 0.0, "tilt": -0.00018688748507347344, "roll_pitch_rate": -0.00021651879561135345, "vertical_velocity": -0.0002730695927383083, "height": -0.00039266322252279155, "effort": -0.001414226310904117, "target_motion": -0.00303193221619343, "nonfoot_contact": 0.0, "termination": 0.0}, "reward_component_mean_absolute": {"linear_tracking": 0.19768641626899078, "yaw_tracking": 0.0866610478044087, "quiet_joint_rate": 0.0, "quiet_target_motion": 0.0, "tilt": 0.00018688748507347344, "roll_pitch_rate": 0.00021651879561135345, "vertical_velocity": 0.0002730695927383083, "height": 0.00039266322252279155, "effort": 0.001414226310904117, "target_motion": 0.00303193221619343, "nonfoot_contact": 0.0, "termination": 0.0}, "requested_planar_speed_mps": 0.0, "moving_command_rows": 0, "moving_signed_command_direction_speed_mps": null, "nonfoot_event_fraction": 0.0}, "arc": {"environment_controls": 384, "time_fraction": 0.125, "task_reward_mean": 0.18194446870954076, "reward_component_means": {"linear_tracking": 0.09329683405984994, "yaw_tracking": 0.09974316143746086, "quiet_joint_rate": 0.0, "quiet_target_motion": 0.0, "tilt": -0.00018861435136825812, "roll_pitch_rate": -0.000251741979882573, "vertical_velocity": -0.00029487192663072624, "height": -0.00027298301029626506, "effort": -0.0016732109333664387, "target_motion": -0.0032057711993426588, "nonfoot_contact": 0.0, "termination": -0.005208333333333333}, "reward_component_mean_absolute": {"linear_tracking": 0.09329683405984994, "yaw_tracking": 0.09974316143746086, "quiet_joint_rate": 0.0, "quiet_target_motion": 0.0, "tilt": 0.00018861435136825812, "roll_pitch_rate": 0.000251741979882573, "vertical_velocity": 0.00029487192663072624, "height": 0.00027298301029626506, "effort": 0.0016732109333664387, "target_motion": 0.0032057711993426588, "nonfoot_contact": 0.0, "termination": 0.005208333333333333}, "requested_planar_speed_mps": 0.03999999910593033, "moving_command_rows": 384, "moving_signed_command_direction_speed_mps": 0.06550337842285596, "nonfoot_event_fraction": 0.0}, "other": {"environment_controls": 0, "time_fraction": 0.0, "task_reward_mean": null, "reward_component_means": {"linear_tracking": null, "yaw_tracking": null, "quiet_joint_rate": null, "quiet_target_motion": null, "tilt": null, "roll_pitch_rate": null, "vertical_velocity": null, "height": null, "effort": null, "target_motion": null, "nonfoot_contact": null, "termination": null}, "reward_component_mean_absolute": {"linear_tracking": null, "yaw_tracking": null, "quiet_joint_rate": null, "quiet_target_motion": null, "tilt": null, "roll_pitch_rate": null, "vertical_velocity": null, "height": null, "effort": null, "target_motion": null, "nonfoot_contact": null, "termination": null}, "requested_planar_speed_mps": null, "moving_command_rows": 0, "moving_signed_command_direction_speed_mps": null, "nonfoot_event_fraction": null}}, "zero_hold_joint_rate_rms_rad_s": [0.9823414620580839, 1.1558912705070736, 0.7213601938564376, 0.7621362625559241, 1.389080763812863, 2.0672127742177793, 0.8301291233167213, 0.9211223716996686, 0.7022546074766057, 1.3100645008550207, 1.0630451091215465, 1.0779246790209187, 1.068460458192326, 0.8936856176168624, 0.9131561239743172, 0.9291512668324903, 1.0037935492937085, 1.3910461771889884], "zero_hold_worst_joint_rate_rms_rad_s": 2.0672127742177793, "zero_hold_all_joint_rate_rms_rad_s": 1.1111623623319582, "diagnostic_scope": "Time-weighted 50Hz control endpoints; nonfoot events use each control's maximum 400Hz body/coxa/femur floor force >1N. These are reporting metrics, not Stage2 admission.", "termination_reasons": {"rows": {"height": 0, "tilt": 0, "joint_limit": 2, "timeout": 0}, "multiple_physical_reason_rows": 0, "unattributed_termination_rows": 0, "termination_flag_mismatch_rows": 0, "scope": "Counts returned terminal rows with each measured predicate; reasons may overlap. Timeout counts returned truncations separately."}, "actual_target_slew": {"environment_controls": 2943, "excluded_first_or_reset_rows": 129, "limit_rad_per_control": 0.04, "occupancy_tolerance_rad": 2e-06, "by_joint": {"lf_coxa_yaw": {"at_limit_rows": 1465, "at_limit_fraction": 0.4977913693510024, "beyond_limit_rows": 0}, "lf_femur_pitch": {"at_limit_rows": 1452, "at_limit_fraction": 0.49337410805300713, "beyond_limit_rows": 0}, "lf_tibia_pitch": {"at_limit_rows": 1311, "at_limit_fraction": 0.4454638124362895, "beyond_limit_rows": 0}, "lm_coxa_yaw": {"at_limit_rows": 1528, "at_limit_fraction": 0.5191980971797485, "beyond_limit_rows": 0}, "lm_femur_pitch": {"at_limit_rows": 1306, "at_limit_fraction": 0.4437648657832144, "beyond_limit_rows": 0}, "lm_tibia_pitch": {"at_limit_rows": 1459, "at_limit_fraction": 0.4957526333673123, "beyond_limit_rows": 0}, "lr_coxa_yaw": {"at_limit_rows": 1501, "at_limit_fraction": 0.5100237852531431, "beyond_limit_rows": 0}, "lr_femur_pitch": {"at_limit_rows": 1151, "at_limit_fraction": 0.3910975195378865, "beyond_limit_rows": 0}, "lr_tibia_pitch": {"at_limit_rows": 1188, "at_limit_fraction": 0.4036697247706422, "beyond_limit_rows": 0}, "rf_coxa_yaw": {"at_limit_rows": 1386, "at_limit_fraction": 0.4709480122324159, "beyond_limit_rows": 0}, "rf_femur_pitch": {"at_limit_rows": 1446, "at_limit_fraction": 0.49133537206931704, "beyond_limit_rows": 0}, "rf_tibia_pitch": {"at_limit_rows": 1313, "at_limit_fraction": 0.44614339109751955, "beyond_limit_rows": 0}, "rm_coxa_yaw": {"at_limit_rows": 1262, "at_limit_fraction": 0.4288141352361536, "beyond_limit_rows": 0}, "rm_femur_pitch": {"at_limit_rows": 1297, "at_limit_fraction": 0.44070676180767926, "beyond_limit_rows": 0}, "rm_tibia_pitch": {"at_limit_rows": 1261, "at_limit_fraction": 0.42847434590553857, "beyond_limit_rows": 0}, "rr_coxa_yaw": {"at_limit_rows": 1422, "at_limit_fraction": 0.4831804281345566, "beyond_limit_rows": 0}, "rr_femur_pitch": {"at_limit_rows": 1353, "at_limit_fraction": 0.4597349643221203, "beyond_limit_rows": 0}, "rr_tibia_pitch": {"at_limit_rows": 1503, "at_limit_fraction": 0.5107033639143731, "beyond_limit_rows": 0}}}}, "interval_metrics": {"environment_controls": 3072, "signed_navigation_velocity_error_mps": [-0.007229224778711796, -0.020269053056836128], "absolute_navigation_velocity_error_mps": [0.05053908750414848, 0.047410380095243454], "achieved_planar_speed_mps": 0.07659216970205307, "requested_planar_speed_mps": 0.027265626937150955, "signed_command_direction_speed_mps": 0.022670015692710876, "moving_command_rows": 2208, "signed_yaw_error_rad_s": -0.24480293691158295, "absolute_yaw_error_rad_s": 0.2830744981765747, "requested_saturation_fraction": 0.018342195078730583, "terminations": 2, "truncations": 0, "zero_command_rows": 480, "nonfoot_event_rows": 0, "moving_signed_command_direction_speed_mps": 0.03154088857708915, "nonfoot_event_fraction": 0.0, "task_reward_sum": 509.23832972021773, "task_reward_mean": 0.16576768545580003, "reward_components": {"linear_tracking": {"sum": 420.05927121583784, "absolute_sum": 420.05927121583784, "mean": 0.1367380440155722, "mean_absolute": 0.1367380440155722}, "yaw_tracking": {"sum": 362.3648675740232, "absolute_sum": 362.3648675740232, "mean": 0.11795731366341901, "mean_absolute": 0.11795731366341901}, "quiet_joint_rate": {"sum": -189.7130952477455, "absolute_sum": 189.7130952477455, "mean": -0.06175556485929216, "mean_absolute": 0.06175556485929216}, "quiet_target_motion": {"sum": -62.17435526102781, "absolute_sum": 62.17435526102781, "mean": -0.02023904793653249, "mean_absolute": 0.02023904793653249}, "tilt": {"sum": -0.6516716997592396, "absolute_sum": 0.6516716997592396, "mean": -0.00021213271476537747, "mean_absolute": 0.00021213271476537747}, "roll_pitch_rate": {"sum": -0.7538162193305542, "absolute_sum": 0.7538162193305542, "mean": -0.0002453828838966648, "mean_absolute": 0.0002453828838966648}, "vertical_velocity": {"sum": -0.8257464656136781, "absolute_sum": 0.8257464656136781, "mean": -0.0002687976776086192, "mean_absolute": 0.0002687976776086192}, "height": {"sum": -1.0076662756386692, "absolute_sum": 1.0076662756386692, "mean": -0.000328016365767796, "mean_absolute": 0.000328016365767796}, "effort": {"sum": -4.606218276610889, "absolute_sum": 4.606218276610889, "mean": -0.001499420011917607, "mean_absolute": 0.001499420011917607}, "target_motion": {"sum": -9.453240008093417, "absolute_sum": 9.453240008093417, "mean": -0.0030772265651345756, "mean_absolute": 0.0030772265651345756}, "nonfoot_contact": {"sum": 0.0, "absolute_sum": 0.0, "mean": 0.0, "mean_absolute": 0.0}, "termination": {"sum": -4.0, "absolute_sum": 4.0, "mean": -0.0013020833333333333, "mean_absolute": 0.0013020833333333333}}, "command_classes": {"zero": {"environment_controls": 480, "time_fraction": 0.15625, "task_reward_mean": -0.22142269623145694, "reward_component_means": {"linear_tracking": 0.19252236649034918, "yaw_tracking": 0.11635924574778785, "quiet_joint_rate": -0.3952356150994698, "quiet_target_motion": -0.12952990679380794, "tilt": -0.00021017329063993743, "roll_pitch_rate": -0.0002850275497767877, "vertical_velocity": -0.0002608129338295391, "height": -0.0002816392280252327, "effort": -0.001432981171198359, "target_motion": -0.0030681504741854344, "nonfoot_contact": 0.0, "termination": 0.0}, "reward_component_mean_absolute": {"linear_tracking": 0.19252236649034918, "yaw_tracking": 0.11635924574778785, "quiet_joint_rate": 0.3952356150994698, "quiet_target_motion": 0.12952990679380794, "tilt": 0.00021017329063993743, "roll_pitch_rate": 0.0002850275497767877, "vertical_velocity": 0.0002608129338295391, "height": 0.0002816392280252327, "effort": 0.001432981171198359, "target_motion": 0.0030681504741854344, "nonfoot_contact": 0.0, "termination": 0.0}, "requested_planar_speed_mps": 0.0, "moving_command_rows": 0, "moving_signed_command_direction_speed_mps": null, "nonfoot_event_fraction": 0.0}, "linear_0.025": {"environment_controls": 912, "time_fraction": 0.296875, "task_reward_mean": 0.2793814445346167, "reward_component_means": {"linear_tracking": 0.1584584945283964, "yaw_tracking": 0.12638332131989397, "quiet_joint_rate": 0.0, "quiet_target_motion": 0.0, "tilt": -0.00019745112791785964, "roll_pitch_rate": -0.0002372131712211681, "vertical_velocity": -0.000256384640636388, "height": -0.0002749408598521413, "effort": -0.0014143404345575842, "target_motion": -0.003080041891511779, "nonfoot_contact": 0.0, "termination": 0.0}, "reward_component_mean_absolute": {"linear_tracking": 0.1584584945283964, "yaw_tracking": 0.12638332131989397, "quiet_joint_rate": 0.0, "quiet_target_motion": 0.0, "tilt": 0.00019745112791785964, "roll_pitch_rate": 0.0002372131712211681, "vertical_velocity": 0.000256384640636388, "height": 0.0002749408598521413, "effort": 0.0014143404345575842, "target_motion": 0.003080041891511779, "nonfoot_contact": 0.0, "termination": 0.0}, "requested_planar_speed_mps": 0.02500000037252903, "moving_command_rows": 912, "moving_signed_command_direction_speed_mps": 0.017654471696080993, "nonfoot_event_fraction": 0.0}, "linear_0.05": {"environment_controls": 912, "time_fraction": 0.296875, "task_reward_mean": 0.20152096324658997, "reward_component_means": {"linear_tracking": 0.07828598702225639, "yaw_tracking": 0.13121888620884198, "quiet_joint_rate": 0.0, "quiet_target_motion": 0.0, "tilt": -0.00024837761666376826, "roll_pitch_rate": -0.00024216276918237174, "vertical_velocity": -0.0002726358790322416, "height": -0.00040145310153386705, "effort": -0.0015821633073676167, "target_motion": -0.003044135377039263, "nonfoot_contact": 0.0, "termination": -0.0021929824561403508}, "reward_component_mean_absolute": {"linear_tracking": 0.07828598702225639, "yaw_tracking": 0.13121888620884198, "quiet_joint_rate": 0.0, "quiet_target_motion": 0.0, "tilt": 0.00024837761666376826, "roll_pitch_rate": 0.00024216276918237174, "vertical_velocity": 0.0002726358790322416, "height": 0.00040145310153386705, "effort": 0.0015821633073676167, "target_motion": 0.003044135377039263, "nonfoot_contact": 0.0, "termination": 0.0021929824561403508}, "requested_planar_speed_mps": 0.05000000074505806, "moving_command_rows": 912, "moving_signed_command_direction_speed_mps": 0.03112730973356392, "nonfoot_event_fraction": 0.0}, "yaw": {"environment_controls": 384, "time_fraction": 0.125, "task_reward_mean": 0.2788321667458149, "reward_component_means": {"linear_tracking": 0.19768641626899078, "yaw_tracking": 0.0866610478044087, "quiet_joint_rate": 0.0, "quiet_target_motion": 0.0, "tilt": -0.00018688748507347344, "roll_pitch_rate": -0.00021651879561135345, "vertical_velocity": -0.0002730695927383083, "height": -0.00039266322252279155, "effort": -0.001414226310904117, "target_motion": -0.00303193221619343, "nonfoot_contact": 0.0, "termination": 0.0}, "reward_component_mean_absolute": {"linear_tracking": 0.19768641626899078, "yaw_tracking": 0.0866610478044087, "quiet_joint_rate": 0.0, "quiet_target_motion": 0.0, "tilt": 0.00018688748507347344, "roll_pitch_rate": 0.00021651879561135345, "vertical_velocity": 0.0002730695927383083, "height": 0.00039266322252279155, "effort": 0.001414226310904117, "target_motion": 0.00303193221619343, "nonfoot_contact": 0.0, "termination": 0.0}, "requested_planar_speed_mps": 0.0, "moving_command_rows": 0, "moving_signed_command_direction_speed_mps": null, "nonfoot_event_fraction": 0.0}, "arc": {"environment_controls": 384, "time_fraction": 0.125, "task_reward_mean": 0.18194446870954076, "reward_component_means": {"linear_tracking": 0.09329683405984994, "yaw_tracking": 0.09974316143746086, "quiet_joint_rate": 0.0, "quiet_target_motion": 0.0, "tilt": -0.00018861435136825812, "roll_pitch_rate": -0.000251741979882573, "vertical_velocity": -0.00029487192663072624, "height": -0.00027298301029626506, "effort": -0.0016732109333664387, "target_motion": -0.0032057711993426588, "nonfoot_contact": 0.0, "termination": -0.005208333333333333}, "reward_component_mean_absolute": {"linear_tracking": 0.09329683405984994, "yaw_tracking": 0.09974316143746086, "quiet_joint_rate": 0.0, "quiet_target_motion": 0.0, "tilt": 0.00018861435136825812, "roll_pitch_rate": 0.000251741979882573, "vertical_velocity": 0.00029487192663072624, "height": 0.00027298301029626506, "effort": 0.0016732109333664387, "target_motion": 0.0032057711993426588, "nonfoot_contact": 0.0, "termination": 0.005208333333333333}, "requested_planar_speed_mps": 0.03999999910593033, "moving_command_rows": 384, "moving_signed_command_direction_speed_mps": 0.06550337842285596, "nonfoot_event_fraction": 0.0}, "other": {"environment_controls": 0, "time_fraction": 0.0, "task_reward_mean": null, "reward_component_means": {"linear_tracking": null, "yaw_tracking": null, "quiet_joint_rate": null, "quiet_target_motion": null, "tilt": null, "roll_pitch_rate": null, "vertical_velocity": null, "height": null, "effort": null, "target_motion": null, "nonfoot_contact": null, "termination": null}, "reward_component_mean_absolute": {"linear_tracking": null, "yaw_tracking": null, "quiet_joint_rate": null, "quiet_target_motion": null, "tilt": null, "roll_pitch_rate": null, "vertical_velocity": null, "height": null, "effort": null, "target_motion": null, "nonfoot_contact": null, "termination": null}, "requested_planar_speed_mps": null, "moving_command_rows": 0, "moving_signed_command_direction_speed_mps": null, "nonfoot_event_fraction": null}}, "zero_hold_joint_rate_rms_rad_s": [0.9823414620580839, 1.1558912705070736, 0.7213601938564376, 0.7621362625559241, 1.389080763812863, 2.0672127742177793, 0.8301291233167213, 0.9211223716996686, 0.7022546074766057, 1.3100645008550207, 1.0630451091215465, 1.0779246790209187, 1.068460458192326, 0.8936856176168624, 0.9131561239743172, 0.9291512668324903, 1.0037935492937085, 1.3910461771889884], "zero_hold_worst_joint_rate_rms_rad_s": 2.0672127742177793, "zero_hold_all_joint_rate_rms_rad_s": 1.1111623623319582, "diagnostic_scope": "Time-weighted 50Hz control endpoints; nonfoot events use each control's maximum 400Hz body/coxa/femur floor force >1N. These are reporting metrics, not Stage2 admission.", "termination_reasons": {"rows": {"height": 0, "tilt": 0, "joint_limit": 2, "timeout": 0}, "multiple_physical_reason_rows": 0, "unattributed_termination_rows": 0, "termination_flag_mismatch_rows": 0, "scope": "Counts returned terminal rows with each measured predicate; reasons may overlap. Timeout counts returned truncations separately."}, "actual_target_slew": {"environment_controls": 2943, "excluded_first_or_reset_rows": 129, "limit_rad_per_control": 0.04, "occupancy_tolerance_rad": 2e-06, "by_joint": {"lf_coxa_yaw": {"at_limit_rows": 1465, "at_limit_fraction": 0.4977913693510024, "beyond_limit_rows": 0}, "lf_femur_pitch": {"at_limit_rows": 1452, "at_limit_fraction": 0.49337410805300713, "beyond_limit_rows": 0}, "lf_tibia_pitch": {"at_limit_rows": 1311, "at_limit_fraction": 0.4454638124362895, "beyond_limit_rows": 0}, "lm_coxa_yaw": {"at_limit_rows": 1528, "at_limit_fraction": 0.5191980971797485, "beyond_limit_rows": 0}, "lm_femur_pitch": {"at_limit_rows": 1306, "at_limit_fraction": 0.4437648657832144, "beyond_limit_rows": 0}, "lm_tibia_pitch": {"at_limit_rows": 1459, "at_limit_fraction": 0.4957526333673123, "beyond_limit_rows": 0}, "lr_coxa_yaw": {"at_limit_rows": 1501, "at_limit_fraction": 0.5100237852531431, "beyond_limit_rows": 0}, "lr_femur_pitch": {"at_limit_rows": 1151, "at_limit_fraction": 0.3910975195378865, "beyond_limit_rows": 0}, "lr_tibia_pitch": {"at_limit_rows": 1188, "at_limit_fraction": 0.4036697247706422, "beyond_limit_rows": 0}, "rf_coxa_yaw": {"at_limit_rows": 1386, "at_limit_fraction": 0.4709480122324159, "beyond_limit_rows": 0}, "rf_femur_pitch": {"at_limit_rows": 1446, "at_limit_fraction": 0.49133537206931704, "beyond_limit_rows": 0}, "rf_tibia_pitch": {"at_limit_rows": 1313, "at_limit_fraction": 0.44614339109751955, "beyond_limit_rows": 0}, "rm_coxa_yaw": {"at_limit_rows": 1262, "at_limit_fraction": 0.4288141352361536, "beyond_limit_rows": 0}, "rm_femur_pitch": {"at_limit_rows": 1297, "at_limit_fraction": 0.44070676180767926, "beyond_limit_rows": 0}, "rm_tibia_pitch": {"at_limit_rows": 1261, "at_limit_fraction": 0.42847434590553857, "beyond_limit_rows": 0}, "rr_coxa_yaw": {"at_limit_rows": 1422, "at_limit_fraction": 0.4831804281345566, "beyond_limit_rows": 0}, "rr_femur_pitch": {"at_limit_rows": 1353, "at_limit_fraction": 0.4597349643221203, "beyond_limit_rows": 0}, "rr_tibia_pitch": {"at_limit_rows": 1503, "at_limit_fraction": 0.5107033639143731, "beyond_limit_rows": 0}}}}}
PAPER_PPO {"policy_loss": 0.017398918668429058, "value_loss": 7.882927258809407, "entropy": -15.849801699320475, "estimator_loss": 0.0010117301911426086, "approx_kl": 0.007917279455189904, "actor_grad_norm": 33.048699061075844, "critic_grad_norm": 45.85955937703451, "model_grad_norm": 56.98251469930013, "clip_fraction": 0.11979166666666667, "discriminator_loss": 0.022734971111640336, "expert_score": 0.9961073845624924, "policy_score": -0.9942242264747619, "gradient_penalty": 0.0020682696253061295, "discriminator_expert_loss": 0.0014134860946796834, "discriminator_policy_loss": 0.01098013697192073, "ppo_batches": 3, "discriminator_batches": 20, "target_kl": 0.02, "kl_initial": 2.0724303675077882e-11, "kl_final": 0.01761911408826488, "kl_max": 0.01761911408826488, "kl_max_step_increase": 0.00896854824800538, "kl_after_model_steps": [0.008968548268729684, 0.0151523707400155, 0.01761911408826488], "early_stopped": true, "final_full_rollout_k3": 0.017531119287014008, "stop_reason": "backtracking_exhausted", "learning_rate": 0.0001, "discriminator_learning_rate": 0.0003, "rollback_kl_steps": true, "model_proposals": 4, "accepted_model_steps": 3, "rejected_model_trials": 8, "model_trial_attempts": [{"proposal": 1, "retry": 0, "learning_rate": 0.0001, "kl": 0.035957342674735035, "accepted": false}, {"proposal": 1, "retry": 1, "learning_rate": 5e-05, "kl": 0.008968548268729684, "accepted": true}, {"proposal": 2, "retry": 0, "learning_rate": 0.0001, "kl": 0.04502023988908965, "accepted": false}, {"proposal": 2, "retry": 1, "learning_rate": 5e-05, "kl": 0.023220373743211183, "accepted": false}, {"proposal": 2, "retry": 2, "learning_rate": 2.5e-05, "kl": 0.0151523707400155, "accepted": true}, {"proposal": 3, "retry": 0, "learning_rate": 0.0001, "kl": 0.062415120677725394, "accepted": false}, {"proposal": 3, "retry": 1, "learning_rate": 5e-05, "kl": 0.01761911408826488, "accepted": true}, {"proposal": 4, "retry": 0, "learning_rate": 0.0001, "kl": 0.06136397059346941, "accepted": false}, {"proposal": 4, "retry": 1, "learning_rate": 5e-05, "kl": 0.0348438405509537, "accepted": false}, {"proposal": 4, "retry": 2, "learning_rate": 2.5e-05, "kl": 0.025068696899758887, "accepted": false}, {"proposal": 4, "retry": 3, "learning_rate": 1.25e-05, "kl": 0.02105315797728685, "accepted": false}], "consecutive_zero_accepted_updates": 0, "empirical_kl_scope": "Mean whole-actor KL on the fixed collected rollout; no bound on physical motion or unseen states.", "normalizer_policy_kl": 0.0, "normalizer_policy_kl_samples": 128, "normalizer_policy_kl_scope": "Same current observations and weights, before/after statistics update; reporting only", "update": 202, "transitions": 620544, "episodes": 625, "optimizer_steps": 562, "discriminator_steps": 4040, "reward": 0.3722878098487854, "task_reward": 0.30957409739494324, "style_reward": 0.06271368265151978, "action_std": 0.10031167417764664, "raw_action_abs_mean": 0.7103356122970581, "raw_action_clip_fraction": 0.25757738947868347, "return_mean": 45.01163864135742, "return_std": 4.579705715179443, "explained_variance": 0.26831167936325073, "terminated": 0, "truncated": 0, "elapsed_s": 6.372399617917836, "transitions_per_s": 97379.95687765123, "allocation_new_transitions": 6144, "allocation_new_transitions_per_s": 964.157988887636}
PAPER_TASK {"schema": "canonical_paper_walking_task_v1", "reward_version": "canonical_quiet_quadratic_log_tail_v2", "controls_completed": 48, "command_draws": 130, "zero_command_draws": 20, "zero_draw_fraction": 0.15384615384615385, "remaining_controls": [52, 106, 133, 101, 150, 152, 120, 85, 192, 169, 143, 133, 86, 191, 103, 185, 163, 173, 113, 86, 91, 161, 130, 73, 195, 195, 200, 161, 123, 125, 128, 141, 190, 145, 196, 159, 148, 62, 116, 178, 180, 185, 76, 150, 177, 64, 146, 152, 155, 183, 168, 148, 142, 108, 84, 194, 160, 166, 171, 160, 131, 118, 145, 170, 191, 198, 123, 60, 102, 198, 200, 92, 100, 125, 187, 127, 154, 110, 103, 142, 180, 80, 110, 98, 146, 188, 118, 86, 76, 74, 76, 169, 195, 187, 72, 53, 133, 197, 146, 165, 66, 139, 150, 187, 149, 85, 126, 178, 168, 62, 106, 148, 191, 112, 74, 154, 109, 64, 124, 53, 193, 134, 158, 135, 188, 171, 82, 105], "commands": [[0.0, 0.0, 0.20000000298023224], [0.0353553406894207, 0.0353553406894207, 0.0], [0.03999999910593033, 0.0, -0.15000000596046448], [-0.01767767034471035, 0.01767767034471035, 0.0], [0.0, 0.0, 0.0], [0.01767767034471035, 0.01767767034471035, 0.0], [0.02500000037252903, 0.0, 0.0], [-0.01767767034471035, -0.01767767034471035, 0.0], [0.0, 0.0, 0.0], [-0.02500000037252903, 3.0616169246677665e-18, 0.0], [-0.02500000037252903, 3.0616169246677665e-18, 0.0], [0.0353553406894207, -0.0353553406894207, 0.0], [0.0, 0.0, 0.0], [0.05000000074505806, 0.0, 0.0], [0.05000000074505806, 0.0, 0.0], [-9.184851394388759e-18, -0.05000000074505806, 0.0], [0.0, 0.0, 0.0], [0.02500000037252903, 0.0, 0.0], [-9.184851394388759e-18, -0.05000000074505806, 0.0], [0.02500000037252903, 0.0, 0.0], [-4.5924256971943795e-18, -0.02500000037252903, 0.0], [0.0353553406894207, -0.0353553406894207, 0.0], [0.05000000074505806, 0.0, 0.0], [1.5308084623338832e-18, 0.02500000037252903, 0.0], [0.05000000074505806, 0.0, 0.0], [0.0, 0.0, 0.0], [0.0, 0.0, -0.20000000298023224], [0.0, 0.0, 0.0], [0.01767767034471035, 0.01767767034471035, 0.0], [1.5308084623338832e-18, 0.02500000037252903, 0.0], [0.0, 0.0, 0.0], [0.03999999910593033, 0.0, 0.15000000596046448], [0.0353553406894207, -0.0353553406894207, 0.0], [0.0, 0.0, 0.0], [0.0, 0.0, 0.0], [-4.5924256971943795e-18, -0.02500000037252903, 0.0], [1.5308084623338832e-18, 0.02500000037252903, 0.0], [0.0, 0.0, -0.20000000298023224], [0.03999999910593033, 0.0, 0.15000000596046448], [-0.0353553406894207, 0.0353553406894207, 0.0], [-9.184851394388759e-18, -0.05000000074505806, 0.0], [-0.0353553406894207, 0.0353553406894207, 0.0], [-0.01767767034471035, -0.01767767034471035, 0.0], [3.0616169246677665e-18, 0.05000000074505806, 0.0], [0.0353553406894207, -0.0353553406894207, 0.0], [0.05000000074505806, 0.0, 0.0], [-0.02500000037252903, 3.0616169246677665e-18, 0.0], [-0.01767767034471035, 0.01767767034471035, 0.0], [-0.01767767034471035, -0.01767767034471035, 0.0], [0.0, 0.0, -0.20000000298023224], [0.0, 0.0, 0.20000000298023224], [-4.5924256971943795e-18, -0.02500000037252903, 0.0], [0.01767767034471035, 0.01767767034471035, 0.0], [0.01767767034471035, 0.01767767034471035, 0.0], [-0.02500000037252903, 3.0616169246677665e-18, 0.0], [0.0, 0.0, 0.0], [0.01767767034471035, -0.01767767034471035, 0.0], [1.5308084623338832e-18, 0.02500000037252903, 0.0], [0.0353553406894207, 0.0353553406894207, 0.0], [-0.0353553406894207, -0.0353553406894207, 0.0], [0.0, 0.0, 0.0], [0.0, 0.0, 0.0], [0.05000000074505806, 0.0, 0.0], [3.0616169246677665e-18, 0.05000000074505806, 0.0], [-0.05000000074505806, 6.123233849335533e-18, 0.0], [-0.05000000074505806, 6.123233849335533e-18, 0.0], [0.03999999910593033, 0.0, 0.15000000596046448], [0.0, 0.0, 0.0], [-0.01767767034471035, 0.01767767034471035, 0.0], [-0.0353553406894207, 0.0353553406894207, 0.0], [-0.0353553406894207, -0.0353553406894207, 0.0], [0.0, 0.0, 0.0], [0.02500000037252903, 0.0, 0.0], [0.0, 0.0, 0.20000000298023224], [-0.0353553406894207, 0.0353553406894207, 0.0], [1.5308084623338832e-18, 0.02500000037252903, 0.0], [-0.02500000037252903, 3.0616169246677665e-18, 0.0], [-0.02500000037252903, 3.0616169246677665e-18, 0.0], [0.0, 0.0, 0.20000000298023224], [0.0, 0.0, 0.0], [0.0, 0.0, 0.20000000298023224], [1.5308084623338832e-18, 0.02500000037252903, 0.0], [0.0, 0.0, -0.20000000298023224], [0.03999999910593033, 0.0, -0.15000000596046448], [0.03999999910593033, 0.0, -0.15000000596046448], [0.01767767034471035, 0.01767767034471035, 0.0], [-0.01767767034471035, -0.01767767034471035, 0.0], [0.0, 0.0, 0.20000000298023224], [0.0, 0.0, 0.20000000298023224], [0.03999999910593033, 0.0, 0.15000000596046448], [-0.05000000074505806, 6.123233849335533e-18, 0.0], [0.03999999910593033, 0.0, 0.15000000596046448], [3.0616169246677665e-18, 0.05000000074505806, 0.0], [-9.184851394388759e-18, -0.05000000074505806, 0.0], [0.03999999910593033, 0.0, -0.15000000596046448], [-0.05000000074505806, 6.123233849335533e-18, 0.0], [0.0, 0.0, 0.20000000298023224], [0.0, 0.0, -0.20000000298023224], [0.0353553406894207, 0.0353553406894207, 0.0], [0.0353553406894207, 0.0353553406894207, 0.0], [-0.01767767034471035, -0.01767767034471035, 0.0], [0.01767767034471035, -0.01767767034471035, 0.0], [0.0, 0.0, 0.0], [0.03999999910593033, 0.0, 0.15000000596046448], [1.5308084623338832e-18, 0.02500000037252903, 0.0], [0.01767767034471035, 0.01767767034471035, 0.0], [3.0616169246677665e-18, 0.05000000074505806, 0.0], [0.0, 0.0, -0.20000000298023224], [0.0, 0.0, 0.0], [0.03999999910593033, 0.0, -0.15000000596046448], [3.0616169246677665e-18, 0.05000000074505806, 0.0], [-4.5924256971943795e-18, -0.02500000037252903, 0.0], [1.5308084623338832e-18, 0.02500000037252903, 0.0], [-0.0353553406894207, -0.0353553406894207, 0.0], [-0.05000000074505806, 6.123233849335533e-18, 0.0], [0.0, 0.0, 0.0], [0.03999999910593033, 0.0, -0.15000000596046448], [0.03999999910593033, 0.0, 0.15000000596046448], [0.05000000074505806, 0.0, 0.0], [0.03999999910593033, 0.0, 0.15000000596046448], [0.0, 0.0, 0.0], [3.0616169246677665e-18, 0.05000000074505806, 0.0], [0.0, 0.0, -0.20000000298023224], [0.0, 0.0, 0.20000000298023224], [0.03999999910593033, 0.0, 0.15000000596046448], [0.0353553406894207, 0.0353553406894207, 0.0], [0.0, 0.0, 0.0], [0.0353553406894207, -0.0353553406894207, 0.0]], "stage2_complete": false, "proximity": {"checks": 106, "minimum_sphere_gap_m": 0.99067622423172, "failure": null, "collision_filter_present": false}, "cumulative_metrics": {"environment_controls": 6144, "signed_navigation_velocity_error_mps": [-0.008501933887600899, -0.00492938794195652], "absolute_navigation_velocity_error_mps": [0.04825369641184807, 0.04188951849937439], "achieved_planar_speed_mps": 0.06441909074783325, "requested_planar_speed_mps": 0.027304690331220627, "signed_command_direction_speed_mps": 0.006041200831532478, "moving_command_rows": 4416, "signed_yaw_error_rad_s": -0.13595670461654663, "absolute_yaw_error_rad_s": 0.2070164978504181, "requested_saturation_fraction": 0.022502757608890533, "terminations": 2, "truncations": 0, "zero_command_rows": 960, "nonfoot_event_rows": 0, "moving_signed_command_direction_speed_mps": 0.008405146799511709, "nonfoot_event_fraction": 0.0, "task_reward_sum": 1460.2499182047322, "task_reward_mean": 0.23767088512446813, "reward_components": {"linear_tracking": {"sum": 1005.1382994884166, "absolute_sum": 1005.1382994884166, "mean": 0.16359672843235948, "mean_absolute": 0.16359672843235948}, "yaw_tracking": {"sum": 981.6506275307918, "absolute_sum": 981.6506275307918, "mean": 0.15977386515800648, "mean_absolute": 0.15977386515800648}, "quiet_joint_rate": {"sum": -366.9903701245785, "absolute_sum": 366.9903701245785, "mean": -0.059731505554130614, "mean_absolute": 0.059731505554130614}, "quiet_target_motion": {"sum": -122.34532962739468, "absolute_sum": 122.34532962739468, "mean": -0.019912976827375434, "mean_absolute": 0.019912976827375434}, "tilt": {"sum": -2.071697705219452, "absolute_sum": 2.071697705219452, "mean": -0.0003371903817088952, "mean_absolute": 0.0003371903817088952}, "roll_pitch_rate": {"sum": -1.550770723680606, "absolute_sum": 1.550770723680606, "mean": -0.00025240408914072363, "mean_absolute": 0.00025240408914072363}, "vertical_velocity": {"sum": -1.2295432863925226, "absolute_sum": 1.2295432863925226, "mean": -0.00020012097760294966, "mean_absolute": 0.00020012097760294966}, "height": {"sum": -2.7396683988666064, "absolute_sum": 2.7396683988666064, "mean": -0.00044590957012802837, "mean_absolute": 0.00044590957012802837}, "effort": {"sum": -9.140968380954291, "absolute_sum": 9.140968380954291, "mean": -0.0014877878224209458, "mean_absolute": 0.0014877878224209458}, "target_motion": {"sum": -16.470663116750075, "absolute_sum": 16.470663116750075, "mean": -0.0026807719916585406, "mean_absolute": 0.0026807719916585406}, "nonfoot_contact": {"sum": 0.0, "absolute_sum": 0.0, "mean": 0.0, "mean_absolute": 0.0}, "termination": {"sum": -4.0, "absolute_sum": 4.0, "mean": -0.0006510416666666666, "mean_absolute": 0.0006510416666666666}}, "command_classes": {"zero": {"environment_controls": 960, "time_fraction": 0.15625, "task_reward_mean": -0.09745566072100094, "reward_component_means": {"linear_tracking": 0.24271157542946706, "yaw_tracking": 0.1747762225396167, "quiet_joint_rate": -0.3822816355464359, "quiet_target_motion": -0.12744305169520279, "tilt": -0.00028900131411465854, "roll_pitch_rate": -0.0002610735164324307, "vertical_velocity": -0.00022380854969952853, "height": -0.0002636496672697636, "effort": -0.0013986603059417272, "target_motion": -0.0027825773090929336, "nonfoot_contact": 0.0, "termination": 0.0}, "reward_component_mean_absolute": {"linear_tracking": 0.24271157542946706, "yaw_tracking": 0.1747762225396167, "quiet_joint_rate": 0.3822816355464359, "quiet_target_motion": 0.12744305169520279, "tilt": 0.00028900131411465854, "roll_pitch_rate": 0.0002610735164324307, "vertical_velocity": 0.00022380854969952853, "height": 0.0002636496672697636, "effort": 0.0013986603059417272, "target_motion": 0.0027825773090929336, "nonfoot_contact": 0.0, "termination": 0.0}, "requested_planar_speed_mps": 0.0, "moving_command_rows": 0, "moving_signed_command_direction_speed_mps": null, "nonfoot_event_fraction": 0.0}, "linear_0.025": {"environment_controls": 1824, "time_fraction": 0.296875, "task_reward_mean": 0.35488580662767116, "reward_component_means": {"linear_tracking": 0.18481239083942466, "yaw_tracking": 0.17523954457423793, "quiet_joint_rate": 0.0, "quiet_target_motion": 0.0, "tilt": -0.0003189213124634309, "roll_pitch_rate": -0.000265443922913061, "vertical_velocity": -0.0001930309588714204, "height": -0.0003147869782792779, "effort": -0.001376574904797005, "target_motion": -0.0026973717460446337, "nonfoot_contact": 0.0, "termination": 0.0}, "reward_component_mean_absolute": {"linear_tracking": 0.18481239083942466, "yaw_tracking": 0.17523954457423793, "quiet_joint_rate": 0.0, "quiet_target_motion": 0.0, "tilt": 0.0003189213124634309, "roll_pitch_rate": 0.000265443922913061, "vertical_velocity": 0.0001930309588714204, "height": 0.0003147869782792779, "effort": 0.001376574904797005, "target_motion": 0.0026973717460446337, "nonfoot_contact": 0.0, "termination": 0.0}, "requested_planar_speed_mps": 0.02500000037252903, "moving_command_rows": 1824, "moving_signed_command_direction_speed_mps": 0.004631883264259909, "nonfoot_event_fraction": 0.0}, "linear_0.05": {"environment_controls": 1848, "time_fraction": 0.30078125, "task_reward_mean": 0.2653377735456885, "reward_component_means": {"linear_tracking": 0.09503441944577838, "yaw_tracking": 0.17690253283111643, "quiet_joint_rate": 0.0, "quiet_target_motion": 0.0, "tilt": -0.00039297676925567637, "roll_pitch_rate": -0.00023932531242078038, "vertical_velocity": -0.00018246743238712753, "height": -0.0005791378353056608, "effort": -0.0015306666998984645, "target_motion": -0.002592353809226654, "nonfoot_contact": 0.0, "termination": -0.0010822510822510823}, "reward_component_mean_absolute": {"linear_tracking": 0.09503441944577838, "yaw_tracking": 0.17690253283111643, "quiet_joint_rate": 0.0, "quiet_target_motion": 0.0, "tilt": 0.00039297676925567637, "roll_pitch_rate": 0.00023932531242078038, "vertical_velocity": 0.00018246743238712753, "height": 0.0005791378353056608, "effort": 0.0015306666998984645, "target_motion": 0.002592353809226654, "nonfoot_contact": 0.0, "termination": 0.0010822510822510823}, "requested_planar_speed_mps": 0.05000000074505806, "moving_command_rows": 1848, "moving_signed_command_direction_speed_mps": 0.008901114752018645, "nonfoot_event_fraction": 0.0}, "yaw": {"environment_controls": 768, "time_fraction": 0.125, "task_reward_mean": 0.3463463516183462, "reward_component_means": {"linear_tracking": 0.24947267194440892, "yaw_tracking": 0.10247703373403898, "quiet_joint_rate": 0.0, "quiet_target_motion": 0.0, "tilt": -0.00028977562086700037, "roll_pitch_rate": -0.00022098923528757197, "vertical_velocity": -0.00022183848715697437, "height": -0.0006778765612869081, "effort": -0.0015052895841165537, "target_motion": -0.0026875859534432798, "nonfoot_contact": 0.0, "termination": 0.0}, "reward_component_mean_absolute": {"linear_tracking": 0.24947267194440892, "yaw_tracking": 0.10247703373403898, "quiet_joint_rate": 0.0, "quiet_target_motion": 0.0, "tilt": 0.00028977562086700037, "roll_pitch_rate": 0.00022098923528757197, "vertical_velocity": 0.00022183848715697437, "height": 0.0006778765612869081, "effort": 0.0015052895841165537, "target_motion": 0.0026875859534432798, "nonfoot_contact": 0.0, "termination": 0.0}, "requested_planar_speed_mps": 0.0, "moving_command_rows": 0, "moving_signed_command_direction_speed_mps": null, "nonfoot_event_fraction": 0.0}, "arc": {"environment_controls": 744, "time_fraction": 0.12109375, "task_reward_mean": 0.20182451297405743, "reward_component_means": {"linear_tracking": 0.09115425671493717, "yaw_tracking": 0.11909984141089333, "quiet_joint_rate": 0.0, "quiet_target_motion": 0.0, "tilt": -0.00035453659049158035, "roll_pitch_rate": -0.0002741633366365483, "vertical_velocity": -0.00020836940391335564, "height": -0.0004321738591304087, "effort": -0.0017508701597938442, "target_motion": -0.0027212997090593433, "nonfoot_contact": 0.0, "termination": -0.002688172043010753}, "reward_component_mean_absolute": {"linear_tracking": 0.09115425671493717, "yaw_tracking": 0.11909984141089333, "quiet_joint_rate": 0.0, "quiet_target_motion": 0.0, "tilt": 0.00035453659049158035, "roll_pitch_rate": 0.0002741633366365483, "vertical_velocity": 0.00020836940391335564, "height": 0.0004321738591304087, "effort": 0.0017508701597938442, "target_motion": 0.0027212997090593433, "nonfoot_contact": 0.0, "termination": 0.002688172043010753}, "requested_planar_speed_mps": 0.03999999910593033, "moving_command_rows": 744, "moving_signed_command_direction_speed_mps": 0.016423807971644052, "nonfoot_event_fraction": 0.0}, "other": {"environment_controls": 0, "time_fraction": 0.0, "task_reward_mean": null, "reward_component_means": {"linear_tracking": null, "yaw_tracking": null, "quiet_joint_rate": null, "quiet_target_motion": null, "tilt": null, "roll_pitch_rate": null, "vertical_velocity": null, "height": null, "effort": null, "target_motion": null, "nonfoot_contact": null, "termination": null}, "reward_component_mean_absolute": {"linear_tracking": null, "yaw_tracking": null, "quiet_joint_rate": null, "quiet_target_motion": null, "tilt": null, "roll_pitch_rate": null, "vertical_velocity": null, "height": null, "effort": null, "target_motion": null, "nonfoot_contact": null, "termination": null}, "requested_planar_speed_mps": null, "moving_command_rows": 0, "moving_signed_command_direction_speed_mps": null, "nonfoot_event_fraction": null}}, "zero_hold_joint_rate_rms_rad_s": [0.7782594869091098, 1.0566835870905735, 0.5699275187092624, 0.6288310773351176, 1.2792646766608387, 1.7650490304407267, 0.7719590733905063, 0.9108813897836425, 0.7387158650697246, 0.9815698277083398, 1.0191117703331114, 1.0509680526759906, 0.8050686955697314, 0.9320124297453765, 1.067453023257854, 0.7012126062460128, 0.9895301859314574, 1.1843134841321417], "zero_hold_worst_joint_rate_rms_rad_s": 1.7650490304407267, "zero_hold_all_joint_rate_rms_rad_s": 0.9944866127855725, "diagnostic_scope": "Time-weighted 50Hz control endpoints; nonfoot events use each control's maximum 400Hz body/coxa/femur floor force >1N. These are reporting metrics, not Stage2 admission.", "termination_reasons": {"rows": {"height": 0, "tilt": 0, "joint_limit": 2, "timeout": 0}, "multiple_physical_reason_rows": 0, "unattributed_termination_rows": 0, "termination_flag_mismatch_rows": 0, "scope": "Counts returned terminal rows with each measured predicate; reasons may overlap. Timeout counts returned truncations separately."}, "actual_target_slew": {"environment_controls": 6014, "excluded_first_or_reset_rows": 130, "limit_rad_per_control": 0.04, "occupancy_tolerance_rad": 2e-06, "by_joint": {"lf_coxa_yaw": {"at_limit_rows": 1879, "at_limit_fraction": 0.31243764549384767, "beyond_limit_rows": 0}, "lf_femur_pitch": {"at_limit_rows": 2470, "at_limit_fraction": 0.41070834718989024, "beyond_limit_rows": 0}, "lf_tibia_pitch": {"at_limit_rows": 2499, "at_limit_fraction": 0.41553042899900233, "beyond_limit_rows": 0}, "lm_coxa_yaw": {"at_limit_rows": 2679, "at_limit_fraction": 0.44546059195211174, "beyond_limit_rows": 0}, "lm_femur_pitch": {"at_limit_rows": 2423, "at_limit_fraction": 0.40289324908546725, "beyond_limit_rows": 0}, "lm_tibia_pitch": {"at_limit_rows": 2662, "at_limit_fraction": 0.4426338543398736, "beyond_limit_rows": 0}, "lr_coxa_yaw": {"at_limit_rows": 2549, "at_limit_fraction": 0.42384436315264384, "beyond_limit_rows": 0}, "lr_femur_pitch": {"at_limit_rows": 2228, "at_limit_fraction": 0.37046890588626535, "beyond_limit_rows": 0}, "lr_tibia_pitch": {"at_limit_rows": 2318, "at_limit_fraction": 0.3854339873628201, "beyond_limit_rows": 0}, "rf_coxa_yaw": {"at_limit_rows": 1865, "at_limit_fraction": 0.3101097439308281, "beyond_limit_rows": 0}, "rf_femur_pitch": {"at_limit_rows": 2537, "at_limit_fraction": 0.42184901895576987, "beyond_limit_rows": 0}, "rf_tibia_pitch": {"at_limit_rows": 2390, "at_limit_fraction": 0.39740605254406386, "beyond_limit_rows": 0}, "rm_coxa_yaw": {"at_limit_rows": 1780, "at_limit_fraction": 0.2959760558696375, "beyond_limit_rows": 0}, "rm_femur_pitch": {"at_limit_rows": 2427, "at_limit_fraction": 0.40355836381775856, "beyond_limit_rows": 0}, "rm_tibia_pitch": {"at_limit_rows": 2427, "at_limit_fraction": 0.40355836381775856, "beyond_limit_rows": 0}, "rr_coxa_yaw": {"at_limit_rows": 1955, "at_limit_fraction": 0.32507482540738275, "beyond_limit_rows": 0}, "rr_femur_pitch": {"at_limit_rows": 2481, "at_limit_fraction": 0.4125374127036914, "beyond_limit_rows": 0}, "rr_tibia_pitch": {"at_limit_rows": 2589, "at_limit_fraction": 0.430495510475557, "beyond_limit_rows": 0}}}}, "interval_metrics": {"environment_controls": 3072, "signed_navigation_velocity_error_mps": [-0.009774639271199703, 0.010410275310277939], "absolute_navigation_velocity_error_mps": [0.04596829414367676, 0.036368656903505325], "achieved_planar_speed_mps": 0.05224601924419403, "requested_planar_speed_mps": 0.02734375, "signed_command_direction_speed_mps": -0.01058761402964592, "moving_command_rows": 2208, "signed_yaw_error_rad_s": -0.027110515162348747, "absolute_yaw_error_rad_s": 0.13095849752426147, "requested_saturation_fraction": 0.026663322001695633, "terminations": 0, "truncations": 0, "zero_command_rows": 480, "nonfoot_event_rows": 0, "moving_signed_command_direction_speed_mps": -0.014730594978065736, "nonfoot_event_fraction": 0.0, "task_reward_sum": 951.0115884845145, "task_reward_mean": 0.30957408479313625, "reward_components": {"linear_tracking": {"sum": 585.0790282725789, "absolute_sum": 585.0790282725789, "mean": 0.19045541284914677, "mean_absolute": 0.19045541284914677}, "yaw_tracking": {"sum": 619.2857599567685, "absolute_sum": 619.2857599567685, "mean": 0.20159041665259392, "mean_absolute": 0.20159041665259392}, "quiet_joint_rate": {"sum": -177.27727487683296, "absolute_sum": 177.27727487683296, "mean": -0.05770744624896906, "mean_absolute": 0.05770744624896906}, "quiet_target_motion": {"sum": -60.17097436636686, "absolute_sum": 60.17097436636686, "mean": -0.01958690571821838, "mean_absolute": 0.01958690571821838}, "tilt": {"sum": -1.4200260054602127, "absolute_sum": 1.4200260054602127, "mean": -0.000462248048652413, "mean_absolute": 0.000462248048652413}, "roll_pitch_rate": {"sum": -0.7969545043500519, "absolute_sum": 0.7969545043500519, "mean": -0.00025942529438478253, "mean_absolute": 0.00025942529438478253}, "vertical_velocity": {"sum": -0.4037968207788446, "absolute_sum": 0.4037968207788446, "mean": -0.00013144427759728013, "mean_absolute": 0.00013144427759728013}, "height": {"sum": -1.7320021232279375, "absolute_sum": 1.7320021232279375, "mean": -0.0005638027744882609, "mean_absolute": 0.0005638027744882609}, "effort": {"sum": -4.534750104343402, "absolute_sum": 4.534750104343402, "mean": -0.0014761556329242846, "mean_absolute": 0.0014761556329242846}, "target_motion": {"sum": -7.017423108656658, "absolute_sum": 7.017423108656658, "mean": -0.0022843174181825057, "mean_absolute": 0.0022843174181825057}, "nonfoot_contact": {"sum": 0.0, "absolute_sum": 0.0, "mean": 0.0, "mean_absolute": 0.0}, "termination": {"sum": 0.0, "absolute_sum": 0.0, "mean": 0.0, "mean_absolute": 0.0}}, "command_classes": {"zero": {"environment_controls": 480, "time_fraction": 0.15625, "task_reward_mean": 0.02651137478945505, "reward_component_means": {"linear_tracking": 0.2929007843685849, "yaw_tracking": 0.23319319933144556, "quiet_joint_rate": -0.369327655993402, "quiet_target_motion": -0.12535619659659764, "tilt": -0.00036782933758937965, "roll_pitch_rate": -0.00023711948308807369, "vertical_velocity": -0.00018680416556951794, "height": -0.0002456601065142946, "effort": -0.0013643394406850954, "target_motion": -0.002497004144000433, "nonfoot_contact": 0.0, "termination": 0.0}, "reward_component_mean_absolute": {"linear_tracking": 0.2929007843685849, "yaw_tracking": 0.23319319933144556, "quiet_joint_rate": 0.369327655993402, "quiet_target_motion": 0.12535619659659764, "tilt": 0.00036782933758937965, "roll_pitch_rate": 0.00023711948308807369, "vertical_velocity": 0.00018680416556951794, "height": 0.0002456601065142946, "effort": 0.0013643394406850954, "target_motion": 0.002497004144000433, "nonfoot_contact": 0.0, "termination": 0.0}, "requested_planar_speed_mps": 0.0, "moving_command_rows": 0, "moving_signed_command_direction_speed_mps": null, "nonfoot_event_fraction": 0.0}, "linear_0.025": {"environment_controls": 912, "time_fraction": 0.296875, "task_reward_mean": 0.4303901687207256, "reward_component_means": {"linear_tracking": 0.21116628715045285, "yaw_tracking": 0.2240957678285819, "quiet_joint_rate": 0.0, "quiet_target_motion": 0.0, "tilt": -0.0004403914970090022, "roll_pitch_rate": -0.0002936746746049539, "vertical_velocity": -0.00012967727710645285, "height": -0.00035463309670641455, "effort": -0.0013388093750364262, "target_motion": -0.002314701600577488, "nonfoot_contact": 0.0, "termination": 0.0}, "reward_component_mean_absolute": {"linear_tracking": 0.21116628715045285, "yaw_tracking": 0.2240957678285819, "quiet_joint_rate": 0.0, "quiet_target_motion": 0.0, "tilt": 0.0004403914970090022, "roll_pitch_rate": 0.0002936746746049539, "vertical_velocity": 0.00012967727710645285, "height": 0.00035463309670641455, "effort": 0.0013388093750364262, "target_motion": 0.002314701600577488, "nonfoot_contact": 0.0, "termination": 0.0}, "requested_planar_speed_mps": 0.02500000037252903, "moving_command_rows": 912, "moving_signed_command_direction_speed_mps": -0.008390705167561177, "nonfoot_event_fraction": 0.0}, "linear_0.05": {"environment_controls": 936, "time_fraction": 0.3046875, "task_reward_mean": 0.3275182553755794, "reward_component_means": {"linear_tracking": 0.11135340488408185, "yaw_tracking": 0.22141480389897358, "quiet_joint_rate": 0.0, "quiet_target_motion": 0.0, "tilt": -0.0005338682512683048, "roll_pitch_rate": -0.0002365606109607683, "vertical_velocity": -9.461099719445229e-05, "height": -0.000752266550262793, "effort": -0.0014804905182618545, "target_motion": -0.0021521563841784713, "nonfoot_contact": 0.0, "termination": 0.0}, "reward_component_mean_absolute": {"linear_tracking": 0.11135340488408185, "yaw_tracking": 0.22141480389897358, "quiet_joint_rate": 0.0, "quiet_target_motion": 0.0, "tilt": 0.0005338682512683048, "roll_pitch_rate": 0.0002365606109607683, "vertical_velocity": 9.461099719445229e-05, "height": 0.000752266550262793, "effort": 0.0014804905182618545, "target_motion": 0.0021521563841784713, "nonfoot_contact": 0.0, "termination": 0.0}, "requested_planar_speed_mps": 0.05000000074505806, "moving_command_rows": 936, "moving_signed_command_direction_speed_mps": -0.012755177794102394, "nonfoot_event_fraction": 0.0}, "yaw": {"environment_controls": 384, "time_fraction": 0.125, "task_reward_mean": 0.41386053649087745, "reward_component_means": {"linear_tracking": 0.30125892761982703, "yaw_tracking": 0.11829301966366927, "quiet_joint_rate": 0.0, "quiet_target_motion": 0.0, "tilt": -0.00039266375666052733, "roll_pitch_rate": -0.0002254596749637905, "vertical_velocity": -0.00017060738157564044, "height": -0.0009630899000510248, "effort": -0.0015963528573289902, "target_motion": -0.0023432396906931294, "nonfoot_contact": 0.0, "termination": 0.0}, "reward_component_mean_absolute": {"linear_tracking": 0.30125892761982703, "yaw_tracking": 0.11829301966366927, "quiet_joint_rate": 0.0, "quiet_target_motion": 0.0, "tilt": 0.00039266375666052733, "roll_pitch_rate": 0.0002254596749637905, "vertical_velocity": 0.00017060738157564044, "height": 0.0009630899000510248, "effort": 0.0015963528573289902, "target_motion": 0.0023432396906931294, "nonfoot_contact": 0.0, "termination": 0.0}, "requested_planar_speed_mps": 0.0, "moving_command_rows": 0, "moving_signed_command_direction_speed_mps": null, "nonfoot_event_fraction": 0.0}, "arc": {"environment_controls": 360, "time_fraction": 0.1171875, "task_reward_mean": 0.22302989352287517, "reward_component_means": {"linear_tracking": 0.08886884088036348, "yaw_tracking": 0.13974696671588793, "quiet_joint_rate": 0.0, "quiet_target_motion": 0.0, "tilt": -0.000531520312223124, "roll_pitch_rate": -0.00029807945050745526, "vertical_velocity": -0.00011610004634816034, "height": -0.0006019774312201619, "effort": -0.0018337066679830767, "target_motion": -0.0022045301194238065, "nonfoot_contact": 0.0, "termination": 0.0}, "reward_component_mean_absolute": {"linear_tracking": 0.08886884088036348, "yaw_tracking": 0.13974696671588793, "quiet_joint_rate": 0.0, "quiet_target_motion": 0.0, "tilt": 0.000531520312223124, "roll_pitch_rate": 0.00029807945050745526, "vertical_velocity": 0.00011610004634816034, "height": 0.0006019774312201619, "effort": 0.0018337066679830767, "target_motion": 0.0022045301194238065, "nonfoot_contact": 0.0, "termination": 0.0}, "requested_planar_speed_mps": 0.03999999910593033, "moving_command_rows": 360, "moving_signed_command_direction_speed_mps": -0.03592773384298198, "nonfoot_event_fraction": 0.0}, "other": {"environment_controls": 0, "time_fraction": 0.0, "task_reward_mean": null, "reward_component_means": {"linear_tracking": null, "yaw_tracking": null, "quiet_joint_rate": null, "quiet_target_motion": null, "tilt": null, "roll_pitch_rate": null, "vertical_velocity": null, "height": null, "effort": null, "target_motion": null, "nonfoot_contact": null, "termination": null}, "reward_component_mean_absolute": {"linear_tracking": null, "yaw_tracking": null, "quiet_joint_rate": null, "quiet_target_motion": null, "tilt": null, "roll_pitch_rate": null, "vertical_velocity": null, "height": null, "effort": null, "target_motion": null, "nonfoot_contact": null, "termination": null}, "requested_planar_speed_mps": null, "moving_command_rows": 0, "moving_signed_command_direction_speed_mps": null, "nonfoot_event_fraction": null}}, "zero_hold_joint_rate_rms_rad_s": [0.4963677163652445, 0.9471408433906473, 0.3595472484717359, 0.45826342309001367, 1.1590905303337582, 1.3990809504207857, 0.7090326230867446, 0.900523952409228, 0.7734602283823663, 0.45900943011472595, 0.9731971520898195, 1.0233015595848454, 0.39327275325420413, 0.9688242127778023, 1.202105572307552, 0.34652007396430917, 0.9750581973069242, 0.9328383516570957], "zero_hold_worst_joint_rate_rms_rad_s": 1.3990809504207857, "zero_hold_all_joint_rate_rms_rad_s": 0.8621632389265413, "diagnostic_scope": "Time-weighted 50Hz control endpoints; nonfoot events use each control's maximum 400Hz body/coxa/femur floor force >1N. These are reporting metrics, not Stage2 admission.", "termination_reasons": {"rows": {"height": 0, "tilt": 0, "joint_limit": 0, "timeout": 0}, "multiple_physical_reason_rows": 0, "unattributed_termination_rows": 0, "termination_flag_mismatch_rows": 0, "scope": "Counts returned terminal rows with each measured predicate; reasons may overlap. Timeout counts returned truncations separately."}, "actual_target_slew": {"environment_controls": 3071, "excluded_first_or_reset_rows": 1, "limit_rad_per_control": 0.04, "occupancy_tolerance_rad": 2e-06, "by_joint": {"lf_coxa_yaw": {"at_limit_rows": 414, "at_limit_fraction": 0.1348095083034842, "beyond_limit_rows": 0}, "lf_femur_pitch": {"at_limit_rows": 1018, "at_limit_fraction": 0.33148811462064476, "beyond_limit_rows": 0}, "lf_tibia_pitch": {"at_limit_rows": 1188, "at_limit_fraction": 0.3868446760013025, "beyond_limit_rows": 0}, "lm_coxa_yaw": {"at_limit_rows": 1151, "at_limit_fraction": 0.3747964832302182, "beyond_limit_rows": 0}, "lm_femur_pitch": {"at_limit_rows": 1117, "at_limit_fraction": 0.36372517095408663, "beyond_limit_rows": 0}, "lm_tibia_pitch": {"at_limit_rows": 1203, "at_limit_fraction": 0.3917290784760664, "beyond_limit_rows": 0}, "lr_coxa_yaw": {"at_limit_rows": 1048, "at_limit_fraction": 0.34125691957017257, "beyond_limit_rows": 0}, "lr_femur_pitch": {"at_limit_rows": 1077, "at_limit_fraction": 0.3507000976880495, "beyond_limit_rows": 0}, "lr_tibia_pitch": {"at_limit_rows": 1130, "at_limit_fraction": 0.36795831976554866, "beyond_limit_rows": 0}, "rf_coxa_yaw": {"at_limit_rows": 479, "at_limit_fraction": 0.15597525236079454, "beyond_limit_rows": 0}, "rf_femur_pitch": {"at_limit_rows": 1091, "at_limit_fraction": 0.35525887333116246, "beyond_limit_rows": 0}, "rf_tibia_pitch": {"at_limit_rows": 1077, "at_limit_fraction": 0.3507000976880495, "beyond_limit_rows": 0}, "rm_coxa_yaw": {"at_limit_rows": 518, "at_limit_fraction": 0.1686746987951807, "beyond_limit_rows": 0}, "rm_femur_pitch": {"at_limit_rows": 1130, "at_limit_fraction": 0.36795831976554866, "beyond_limit_rows": 0}, "rm_tibia_pitch": {"at_limit_rows": 1166, "at_limit_fraction": 0.3796808857049821, "beyond_limit_rows": 0}, "rr_coxa_yaw": {"at_limit_rows": 533, "at_limit_fraction": 0.17355910126994464, "beyond_limit_rows": 0}, "rr_femur_pitch": {"at_limit_rows": 1128, "at_limit_fraction": 0.36730706610224684, "beyond_limit_rows": 0}, "rr_tibia_pitch": {"at_limit_rows": 1086, "at_limit_fraction": 0.3536307391729078, "beyond_limit_rows": 0}}}}}
PAPER_PPO {"policy_loss": 0.012279616047938665, "value_loss": 19.619606018066406, "entropy": -15.849618911743164, "estimator_loss": 0.000818106074196597, "approx_kl": 0.01204118686210783, "actor_grad_norm": 34.8758659362793, "critic_grad_norm": 51.05212529500326, "model_grad_norm": 68.12294006347656, "clip_fraction": 0.1753472238779068, "discriminator_loss": 0.022241080226376653, "expert_score": 0.997795769572258, "policy_score": -1.0128546178340911, "gradient_penalty": 0.00172726969467476, "discriminator_expert_loss": 0.001566424747579731, "discriminator_policy_loss": 0.012038306868635117, "ppo_batches": 3, "discriminator_batches": 20, "target_kl": 0.02, "kl_initial": 2.239082855758079e-11, "kl_final": 0.01964884252969018, "kl_max": 0.019682745202615003, "kl_max_step_increase": 0.01620846817713908, "kl_after_model_steps": [0.01620846819952991, 0.019682745202615003, 0.01964884252969018], "early_stopped": true, "final_full_rollout_k3": 0.01949203759431839, "stop_reason": "backtracking_exhausted", "learning_rate": 0.0001, "discriminator_learning_rate": 0.0003, "rollback_kl_steps": true, "model_proposals": 4, "accepted_model_steps": 3, "rejected_model_trials": 8, "model_trial_attempts": [{"proposal": 1, "retry": 0, "learning_rate": 0.0001, "kl": 0.06481607069571517, "accepted": false}, {"proposal": 1, "retry": 1, "learning_rate": 5e-05, "kl": 0.01620846819952991, "accepted": true}, {"proposal": 2, "retry": 0, "learning_rate": 0.0001, "kl": 0.043375596455417054, "accepted": false}, {"proposal": 2, "retry": 1, "learning_rate": 5e-05, "kl": 0.025373600953229963, "accepted": false}, {"proposal": 2, "retry": 2, "learning_rate": 2.5e-05, "kl": 0.019682745202615003, "accepted": true}, {"proposal": 3, "retry": 0, "learning_rate": 0.0001, "kl": 0.04305631815229127, "accepted": false}, {"proposal": 3, "retry": 1, "learning_rate": 5e-05, "kl": 0.01964884252969018, "accepted": true}, {"proposal": 4, "retry": 0, "learning_rate": 0.0001, "kl": 0.08755441324191515, "accepted": false}, {"proposal": 4, "retry": 1, "learning_rate": 5e-05, "kl": 0.03568028334088881, "accepted": false}, {"proposal": 4, "retry": 2, "learning_rate": 2.5e-05, "kl": 0.02316799345319547, "accepted": false}, {"proposal": 4, "retry": 3, "learning_rate": 1.25e-05, "kl": 0.020282238605560683, "accepted": false}], "consecutive_zero_accepted_updates": 0, "empirical_kl_scope": "Mean whole-actor KL on the fixed collected rollout; no bound on physical motion or unseen states.", "normalizer_policy_kl": 0.0, "normalizer_policy_kl_samples": 128, "normalizer_policy_kl_scope": "Same current observations and weights, before/after statistics update; reporting only", "update": 203, "transitions": 623616, "episodes": 628, "optimizer_steps": 565, "discriminator_steps": 4060, "reward": 0.40176182985305786, "task_reward": 0.3599584102630615, "style_reward": 0.041803356260061264, "action_std": 0.10031257569789886, "raw_action_abs_mean": 0.7389779090881348, "raw_action_clip_fraction": 0.30640551447868347, "return_mean": 44.03997039794922, "return_std": 5.17625093460083, "explained_variance": -0.4779444932937622, "terminated": 3, "truncated": 0, "elapsed_s": 9.299516732105985, "transitions_per_s": 67058.96854263467, "allocation_new_transitions": 9216, "allocation_new_transitions_per_s": 991.0192395463251}
PAPER_TASK {"schema": "canonical_paper_walking_task_v1", "reward_version": "canonical_quiet_quadratic_log_tail_v2", "controls_completed": 72, "command_draws": 133, "zero_command_draws": 20, "zero_draw_fraction": 0.15037593984962405, "remaining_controls": [28, 82, 109, 77, 126, 128, 96, 61, 168, 145, 119, 109, 62, 167, 79, 161, 139, 149, 89, 62, 67, 137, 106, 49, 171, 171, 176, 137, 99, 101, 104, 117, 166, 121, 172, 135, 124, 38, 92, 154, 156, 161, 52, 167, 153, 40, 122, 128, 131, 159, 144, 124, 118, 84, 60, 170, 136, 142, 147, 136, 107, 94, 121, 146, 167, 174, 99, 36, 78, 174, 176, 68, 76, 101, 163, 103, 130, 205, 79, 118, 156, 56, 86, 74, 122, 164, 94, 62, 52, 212, 52, 145, 171, 163, 48, 29, 109, 173, 122, 141, 42, 115, 126, 163, 125, 61, 102, 154, 144, 38, 82, 124, 167, 88, 50, 130, 85, 40, 100, 29, 169, 110, 134, 111, 164, 147, 58, 81], "commands": [[0.0, 0.0, 0.20000000298023224], [0.0353553406894207, 0.0353553406894207, 0.0], [0.03999999910593033, 0.0, -0.15000000596046448], [-0.01767767034471035, 0.01767767034471035, 0.0], [0.0, 0.0, 0.0], [0.01767767034471035, 0.01767767034471035, 0.0], [0.02500000037252903, 0.0, 0.0], [-0.01767767034471035, -0.01767767034471035, 0.0], [0.0, 0.0, 0.0], [-0.02500000037252903, 3.0616169246677665e-18, 0.0], [-0.02500000037252903, 3.0616169246677665e-18, 0.0], [0.0353553406894207, -0.0353553406894207, 0.0], [0.0, 0.0, 0.0], [0.05000000074505806, 0.0, 0.0], [0.05000000074505806, 0.0, 0.0], [-9.184851394388759e-18, -0.05000000074505806, 0.0], [0.0, 0.0, 0.0], [0.02500000037252903, 0.0, 0.0], [-9.184851394388759e-18, -0.05000000074505806, 0.0], [0.02500000037252903, 0.0, 0.0], [-4.5924256971943795e-18, -0.02500000037252903, 0.0], [0.0353553406894207, -0.0353553406894207, 0.0], [0.05000000074505806, 0.0, 0.0], [1.5308084623338832e-18, 0.02500000037252903, 0.0], [0.05000000074505806, 0.0, 0.0], [0.0, 0.0, 0.0], [0.0, 0.0, -0.20000000298023224], [0.0, 0.0, 0.0], [0.01767767034471035, 0.01767767034471035, 0.0], [1.5308084623338832e-18, 0.02500000037252903, 0.0], [0.0, 0.0, 0.0], [0.03999999910593033, 0.0, 0.15000000596046448], [0.0353553406894207, -0.0353553406894207, 0.0], [0.0, 0.0, 0.0], [0.0, 0.0, 0.0], [-4.5924256971943795e-18, -0.02500000037252903, 0.0], [1.5308084623338832e-18, 0.02500000037252903, 0.0], [0.0, 0.0, -0.20000000298023224], [0.03999999910593033, 0.0, 0.15000000596046448], [-0.0353553406894207, 0.0353553406894207, 0.0], [-9.184851394388759e-18, -0.05000000074505806, 0.0], [-0.0353553406894207, 0.0353553406894207, 0.0], [-0.01767767034471035, -0.01767767034471035, 0.0], [0.03999999910593033, 0.0, 0.15000000596046448], [0.0353553406894207, -0.0353553406894207, 0.0], [0.05000000074505806, 0.0, 0.0], [-0.02500000037252903, 3.0616169246677665e-18, 0.0], [-0.01767767034471035, 0.01767767034471035, 0.0], [-0.01767767034471035, -0.01767767034471035, 0.0], [0.0, 0.0, -0.20000000298023224], [0.0, 0.0, 0.20000000298023224], [-4.5924256971943795e-18, -0.02500000037252903, 0.0], [0.01767767034471035, 0.01767767034471035, 0.0], [0.01767767034471035, 0.01767767034471035, 0.0], [-0.02500000037252903, 3.0616169246677665e-18, 0.0], [0.0, 0.0, 0.0], [0.01767767034471035, -0.01767767034471035, 0.0], [1.5308084623338832e-18, 0.02500000037252903, 0.0], [0.0353553406894207, 0.0353553406894207, 0.0], [-0.0353553406894207, -0.0353553406894207, 0.0], [0.0, 0.0, 0.0], [0.0, 0.0, 0.0], [0.05000000074505806, 0.0, 0.0], [3.0616169246677665e-18, 0.05000000074505806, 0.0], [-0.05000000074505806, 6.123233849335533e-18, 0.0], [-0.05000000074505806, 6.123233849335533e-18, 0.0], [0.03999999910593033, 0.0, 0.15000000596046448], [0.0, 0.0, 0.0], [-0.01767767034471035, 0.01767767034471035, 0.0], [-0.0353553406894207, 0.0353553406894207, 0.0], [-0.0353553406894207, -0.0353553406894207, 0.0], [0.0, 0.0, 0.0], [0.02500000037252903, 0.0, 0.0], [0.0, 0.0, 0.20000000298023224], [-0.0353553406894207, 0.0353553406894207, 0.0], [1.5308084623338832e-18, 0.02500000037252903, 0.0], [-0.02500000037252903, 3.0616169246677665e-18, 0.0], [0.01767767034471035, -0.01767767034471035, 0.0], [0.0, 0.0, 0.20000000298023224], [0.0, 0.0, 0.0], [0.0, 0.0, 0.20000000298023224], [1.5308084623338832e-18, 0.02500000037252903, 0.0], [0.0, 0.0, -0.20000000298023224], [0.03999999910593033, 0.0, -0.15000000596046448], [0.03999999910593033, 0.0, -0.15000000596046448], [0.01767767034471035, 0.01767767034471035, 0.0], [-0.01767767034471035, -0.01767767034471035, 0.0], [0.0, 0.0, 0.20000000298023224], [0.0, 0.0, 0.20000000298023224], [-0.02500000037252903, 3.0616169246677665e-18, 0.0], [-0.05000000074505806, 6.123233849335533e-18, 0.0], [0.03999999910593033, 0.0, 0.15000000596046448], [3.0616169246677665e-18, 0.05000000074505806, 0.0], [-9.184851394388759e-18, -0.05000000074505806, 0.0], [0.03999999910593033, 0.0, -0.15000000596046448], [-0.05000000074505806, 6.123233849335533e-18, 0.0], [0.0, 0.0, 0.20000000298023224], [0.0, 0.0, -0.20000000298023224], [0.0353553406894207, 0.0353553406894207, 0.0], [0.0353553406894207, 0.0353553406894207, 0.0], [-0.01767767034471035, -0.01767767034471035, 0.0], [0.01767767034471035, -0.01767767034471035, 0.0], [0.0, 0.0, 0.0], [0.03999999910593033, 0.0, 0.15000000596046448], [1.5308084623338832e-18, 0.02500000037252903, 0.0], [0.01767767034471035, 0.01767767034471035, 0.0], [3.0616169246677665e-18, 0.05000000074505806, 0.0], [0.0, 0.0, -0.20000000298023224], [0.0, 0.0, 0.0], [0.03999999910593033, 0.0, -0.15000000596046448], [3.0616169246677665e-18, 0.05000000074505806, 0.0], [-4.5924256971943795e-18, -0.02500000037252903, 0.0], [1.5308084623338832e-18, 0.02500000037252903, 0.0], [-0.0353553406894207, -0.0353553406894207, 0.0], [-0.05000000074505806, 6.123233849335533e-18, 0.0], [0.0, 0.0, 0.0], [0.03999999910593033, 0.0, -0.15000000596046448], [0.03999999910593033, 0.0, 0.15000000596046448], [0.05000000074505806, 0.0, 0.0], [0.03999999910593033, 0.0, 0.15000000596046448], [0.0, 0.0, 0.0], [3.0616169246677665e-18, 0.05000000074505806, 0.0], [0.0, 0.0, -0.20000000298023224], [0.0, 0.0, 0.20000000298023224], [0.03999999910593033, 0.0, 0.15000000596046448], [0.0353553406894207, 0.0353553406894207, 0.0], [0.0, 0.0, 0.0], [0.0353553406894207, -0.0353553406894207, 0.0]], "stage2_complete": false, "proximity": {"checks": 163, "minimum_sphere_gap_m": 0.99067622423172, "failure": null, "collision_filter_present": false}, "cumulative_metrics": {"environment_controls": 9216, "signed_navigation_velocity_error_mps": [-0.007409351412206888, -0.0025468182284384966], "absolute_navigation_velocity_error_mps": [0.043830711394548416, 0.03750498592853546], "achieved_planar_speed_mps": 0.05608530342578888, "requested_planar_speed_mps": 0.02728244662284851, "signed_command_direction_speed_mps": 0.0040239752270281315, "moving_command_rows": 6624, "signed_yaw_error_rad_s": -0.09374610334634781, "absolute_yaw_error_rad_s": 0.17930611968040466, "requested_saturation_fraction": 0.022774403914809227, "terminations": 5, "truncations": 0, "zero_command_rows": 1440, "nonfoot_event_rows": 0, "moving_signed_command_direction_speed_mps": 0.005598572081713639, "nonfoot_event_fraction": 0.0, "task_reward_sum": 2566.0422552116215, "task_reward_mean": 0.27843340442834436, "reward_components": {"linear_tracking": {"sum": 1725.7257114238935, "absolute_sum": 1725.7257114238935, "mean": 0.18725322389582177, "mean_absolute": 0.18725322389582177}, "yaw_tracking": {"sum": 1616.6452228860664, "absolute_sum": 1616.6452228860664, "mean": 0.17541723338607493, "mean_absolute": 0.17541723338607493}, "quiet_joint_rate": {"sum": -535.1907564103603, "absolute_sum": 535.1907564103603, "mean": -0.058071913672999166, "mean_absolute": 0.058071913672999166}, "quiet_target_motion": {"sum": -181.0481627061963, "absolute_sum": 181.0481627061963, "mean": -0.019644982932529982, "mean_absolute": 0.019644982932529982}, "tilt": {"sum": -3.4140994098264246, "absolute_sum": 3.4140994098264246, "mean": -0.0003704534949898464, "mean_absolute": 0.0003704534949898464}, "roll_pitch_rate": {"sum": -2.1835102567134195, "absolute_sum": 2.1835102567134195, "mean": -0.00023692602611907765, "mean_absolute": 0.00023692602611907765}, "vertical_velocity": {"sum": -1.5991867759518388, "absolute_sum": 1.5991867759518388, "mean": -0.0001735228706544964, "mean_absolute": 0.0001735228706544964}, "height": {"sum": -6.1858537293895495, "absolute_sum": 6.1858537293895495, "mean": -0.0006712080869563313, "mean_absolute": 0.0006712080869563313}, "effort": {"sum": -13.60805563255417, "absolute_sum": 13.60805563255417, "mean": -0.0014765685365184646, "mean_absolute": 0.0014765685365184646}, "target_motion": {"sum": -23.099057423853083, "absolute_sum": 23.099057423853083, "mean": -0.0025064081406090586, "mean_absolute": 0.0025064081406090586}, "nonfoot_contact": {"sum": 0.0, "absolute_sum": 0.0, "mean": 0.0, "mean_absolute": 0.0}, "termination": {"sum": -10.0, "absolute_sum": 10.0, "mean": -0.0010850694444444445, "mean_absolute": 0.0010850694444444445}}, "command_classes": {"zero": {"environment_controls": 1440, "time_fraction": 0.15625, "task_reward_mean": -0.03131523674148613, "reward_component_means": {"linear_tracking": 0.2726689478202777, "yaw_tracking": 0.1985208698685858, "quiet_joint_rate": -0.3716602475071947, "quiet_target_motion": -0.12572789076819188, "tilt": -0.00031032475708494937, "roll_pitch_rate": -0.00024443442799719527, "vertical_velocity": -0.00017545804233295087, "height": -0.0004249349265256563, "effort": -0.0013792506731331539, "target_motion": -0.0025825130399122526, "nonfoot_contact": 0.0, "termination": 0.0}, "reward_component_mean_absolute": {"linear_tracking": 0.2726689478202777, "yaw_tracking": 0.1985208698685858, "quiet_joint_rate": 0.3716602475071947, "quiet_target_motion": 0.12572789076819188, "tilt": 0.00031032475708494937, "roll_pitch_rate": 0.00024443442799719527, "vertical_velocity": 0.00017545804233295087, "height": 0.0004249349265256563, "effort": 0.0013792506731331539, "target_motion": 0.0025825130399122526, "nonfoot_contact": 0.0, "termination": 0.0}, "requested_planar_speed_mps": 0.0, "moving_command_rows": 0, "moving_signed_command_direction_speed_mps": null, "nonfoot_event_fraction": 0.0}, "linear_0.025": {"environment_controls": 2757, "time_fraction": 0.2991536458333333, "task_reward_mean": 0.3957369797257132, "reward_component_means": {"linear_tracking": 0.21173820791950906, "yaw_tracking": 0.19003191177237233, "quiet_joint_rate": 0.0, "quiet_target_motion": 0.0, "tilt": -0.00035040188258239223, "roll_pitch_rate": -0.0002571890330975195, "vertical_velocity": -0.00018986583342616562, "height": -0.0005522951084483696, "effort": -0.001393279709675062, "target_motion": -0.0025646826112680886, "nonfoot_contact": 0.0, "termination": -0.0007254261878853826}, "reward_component_mean_absolute": {"linear_tracking": 0.21173820791950906, "yaw_tracking": 0.19003191177237233, "quiet_joint_rate": 0.0, "quiet_target_motion": 0.0, "tilt": 0.00035040188258239223, "roll_pitch_rate": 0.0002571890330975195, "vertical_velocity": 0.00018986583342616562, "height": 0.0005522951084483696, "effort": 0.001393279709675062, "target_motion": 0.0025646826112680886, "nonfoot_contact": 0.0, "termination": 0.0007254261878853826}, "requested_planar_speed_mps": 0.02500000037252903, "moving_command_rows": 2757, "moving_signed_command_direction_speed_mps": 0.003607733625488023, "nonfoot_event_fraction": 0.0}, "linear_0.05": {"environment_controls": 2783, "time_fraction": 0.3019748263888889, "task_reward_mean": 0.2921151554375449, "reward_component_means": {"linear_tracking": 0.10495675028416275, "yaw_tracking": 0.19410843917037465, "quiet_joint_rate": 0.0, "quiet_target_motion": 0.0, "tilt": -0.0004428610071216521, "roll_pitch_rate": -0.00022010423772495443, "vertical_velocity": -0.00015412715921636757, "height": -0.000765381700573247, "effort": -0.001506440875485561, "target_motion": -0.0024238214656358242, "nonfoot_contact": 0.0, "termination": -0.001437297879985627}, "reward_component_mean_absolute": {"linear_tracking": 0.10495675028416275, "yaw_tracking": 0.19410843917037465, "quiet_joint_rate": 0.0, "quiet_target_motion": 0.0, "tilt": 0.0004428610071216521, "roll_pitch_rate": 0.00022010423772495443, "vertical_velocity": 0.00015412715921636757, "height": 0.000765381700573247, "effort": 0.001506440875485561, "target_motion": 0.0024238214656358242, "nonfoot_contact": 0.0, "termination": 0.001437297879985627}, "requested_planar_speed_mps": 0.05000000074505806, "moving_command_rows": 2783, "moving_signed_command_direction_speed_mps": 0.0061107482150949835, "nonfoot_event_fraction": 0.0}, "yaw": {"environment_controls": 1152, "time_fraction": 0.125, "task_reward_mean": 0.39820122007283015, "reward_component_means": {"linear_tracking": 0.2941672891246132, "yaw_tracking": 0.10977124244452909, "quiet_joint_rate": 0.0, "quiet_target_motion": 0.0, "tilt": -0.000313363657813304, "roll_pitch_rate": -0.00019910371995844996, "vertical_velocity": -0.00017514191979449634, "height": -0.0011009386699013025, "effort": -0.0015222366373248203, "target_motion": -0.002426528349638425, "nonfoot_contact": 0.0, "termination": 0.0}, "reward_component_mean_absolute": {"linear_tracking": 0.2941672891246132, "yaw_tracking": 0.10977124244452909, "quiet_joint_rate": 0.0, "quiet_target_motion": 0.0, "tilt": 0.000313363657813304, "roll_pitch_rate": 0.00019910371995844996, "vertical_velocity": 0.00017514191979449634, "height": 0.0011009386699013025, "effort": 0.0015222366373248203, "target_motion": 0.002426528349638425, "nonfoot_contact": 0.0, "termination": 0.0}, "requested_planar_speed_mps": 0.0, "moving_command_rows": 0, "moving_signed_command_direction_speed_mps": null, "nonfoot_event_fraction": 0.0}, "arc": {"environment_controls": 1084, "time_fraction": 0.11762152777777778, "task_reward_mean": 0.2291559593256295, "reward_component_means": {"linear_tracking": 0.10917420130648321, "yaw_tracking": 0.12933296311035233, "quiet_joint_rate": 0.0, "quiet_target_motion": 0.0, "tilt": -0.00037610392317708325, "roll_pitch_rate": -0.0002587979125156037, "vertical_velocity": -0.00017746099311258327, "height": -0.0006023350560690066, "effort": -0.0016924547426141817, "target_motion": -0.0025540155806875963, "nonfoot_contact": 0.0, "termination": -0.0036900369003690036}, "reward_component_mean_absolute": {"linear_tracking": 0.10917420130648321, "yaw_tracking": 0.12933296311035233, "quiet_joint_rate": 0.0, "quiet_target_motion": 0.0, "tilt": 0.00037610392317708325, "roll_pitch_rate": 0.0002587979125156037, "vertical_velocity": 0.00017746099311258327, "height": 0.0006023350560690066, "effort": 0.0016924547426141817, "target_motion": 0.0025540155806875963, "nonfoot_contact": 0.0, "termination": 0.0036900369003690036}, "requested_planar_speed_mps": 0.03999999910593033, "moving_command_rows": 1084, "moving_signed_command_direction_speed_mps": 0.009347054964198638, "nonfoot_event_fraction": 0.0}, "other": {"environment_controls": 0, "time_fraction": 0.0, "task_reward_mean": null, "reward_component_means": {"linear_tracking": null, "yaw_tracking": null, "quiet_joint_rate": null, "quiet_target_motion": null, "tilt": null, "roll_pitch_rate": null, "vertical_velocity": null, "height": null, "effort": null, "target_motion": null, "nonfoot_contact": null, "termination": null}, "reward_component_mean_absolute": {"linear_tracking": null, "yaw_tracking": null, "quiet_joint_rate": null, "quiet_target_motion": null, "tilt": null, "roll_pitch_rate": null, "vertical_velocity": null, "height": null, "effort": null, "target_motion": null, "nonfoot_contact": null, "termination": null}, "requested_planar_speed_mps": null, "moving_command_rows": 0, "moving_signed_command_direction_speed_mps": null, "nonfoot_event_fraction": null}}, "zero_hold_joint_rate_rms_rad_s": [0.661897937399564, 0.999290244355373, 0.5023410569262049, 0.5587988993269039, 1.171460025774745, 1.6802723523723129, 0.7090876120695553, 0.8726723208694467, 0.7809627706586554, 0.8257663570158057, 0.9449976869010288, 0.9842259862765141, 0.670197960333591, 0.8967409588315339, 1.0248087525411531, 0.5935808501711687, 0.9070759131310502, 1.1340396237654766], "zero_hold_worst_joint_rate_rms_rad_s": 1.6802723523723129, "zero_hold_all_joint_rate_rms_rad_s": 0.9243471087821532, "diagnostic_scope": "Time-weighted 50Hz control endpoints; nonfoot events use each control's maximum 400Hz body/coxa/femur floor force >1N. These are reporting metrics, not Stage2 admission.", "termination_reasons": {"rows": {"height": 0, "tilt": 0, "joint_limit": 5, "timeout": 0}, "multiple_physical_reason_rows": 0, "unattributed_termination_rows": 0, "termination_flag_mismatch_rows": 0, "scope": "Counts returned terminal rows with each measured predicate; reasons may overlap. Timeout counts returned truncations separately."}, "actual_target_slew": {"environment_controls": 9083, "excluded_first_or_reset_rows": 133, "limit_rad_per_control": 0.04, "occupancy_tolerance_rad": 2e-06, "by_joint": {"lf_coxa_yaw": {"at_limit_rows": 2462, "at_limit_fraction": 0.27105581856214905, "beyond_limit_rows": 0}, "lf_femur_pitch": {"at_limit_rows": 3278, "at_limit_fraction": 0.36089397776065174, "beyond_limit_rows": 0}, "lf_tibia_pitch": {"at_limit_rows": 3557, "at_limit_fraction": 0.3916107013101398, "beyond_limit_rows": 0}, "lm_coxa_yaw": {"at_limit_rows": 3873, "at_limit_fraction": 0.4264009688428933, "beyond_limit_rows": 0}, "lm_femur_pitch": {"at_limit_rows": 3395, "at_limit_fraction": 0.37377518441043706, "beyond_limit_rows": 0}, "lm_tibia_pitch": {"at_limit_rows": 3803, "at_limit_fraction": 0.41869426400968845, "beyond_limit_rows": 0}, "lr_coxa_yaw": {"at_limit_rows": 3604, "at_limit_fraction": 0.3967852031267202, "beyond_limit_rows": 0}, "lr_femur_pitch": {"at_limit_rows": 3168, "at_limit_fraction": 0.34878344159418695, "beyond_limit_rows": 0}, "lr_tibia_pitch": {"at_limit_rows": 3328, "at_limit_fraction": 0.36639876692722667, "beyond_limit_rows": 0}, "rf_coxa_yaw": {"at_limit_rows": 2446, "at_limit_fraction": 0.2692942860288451, "beyond_limit_rows": 0}, "rf_femur_pitch": {"at_limit_rows": 3502, "at_limit_fraction": 0.3855554332269074, "beyond_limit_rows": 0}, "rf_tibia_pitch": {"at_limit_rows": 3320, "at_limit_fraction": 0.3655180006605747, "beyond_limit_rows": 0}, "rm_coxa_yaw": {"at_limit_rows": 2359, "at_limit_fraction": 0.25971595287900473, "beyond_limit_rows": 0}, "rm_femur_pitch": {"at_limit_rows": 3360, "at_limit_fraction": 0.36992183199383466, "beyond_limit_rows": 0}, "rm_tibia_pitch": {"at_limit_rows": 3395, "at_limit_fraction": 0.37377518441043706, "beyond_limit_rows": 0}, "rr_coxa_yaw": {"at_limit_rows": 2593, "at_limit_fraction": 0.28547836617857536, "beyond_limit_rows": 0}, "rr_femur_pitch": {"at_limit_rows": 3528, "at_limit_fraction": 0.3884179235935264, "beyond_limit_rows": 0}, "rr_tibia_pitch": {"at_limit_rows": 3661, "at_limit_fraction": 0.4030606627766157, "beyond_limit_rows": 0}}}}, "interval_metrics": {"environment_controls": 3072, "signed_navigation_velocity_error_mps": [-0.005224183201789856, 0.002218319568783045], "absolute_navigation_velocity_error_mps": [0.034984737634658813, 0.0287359356880188], "achieved_planar_speed_mps": 0.039417702704668045, "requested_planar_speed_mps": 0.02723795920610428, "signed_command_direction_speed_mps": -1.0477476280357223e-05, "moving_command_rows": 2208, "signed_yaw_error_rad_s": -0.00932488963007927, "absolute_yaw_error_rad_s": 0.12388541549444199, "requested_saturation_fraction": 0.023317690938711166, "terminations": 3, "truncations": 0, "zero_command_rows": 480, "nonfoot_event_rows": 0, "moving_signed_command_direction_speed_mps": -1.4577353882500113e-05, "nonfoot_event_fraction": 0.0, "task_reward_sum": 1105.7923370068893, "task_reward_mean": 0.35995844303609675, "reward_components": {"linear_tracking": {"sum": 720.5874119354766, "absolute_sum": 720.5874119354766, "mean": 0.23456621482274628, "mean_absolute": 0.23456621482274628}, "yaw_tracking": {"sum": 634.9945953552744, "absolute_sum": 634.9945953552744, "mean": 0.20670396984221173, "mean_absolute": 0.20670396984221173}, "quiet_joint_rate": {"sum": -168.20038628578186, "absolute_sum": 168.20038628578186, "mean": -0.054752729910736285, "mean_absolute": 0.054752729910736285}, "quiet_target_motion": {"sum": -58.70283307880163, "absolute_sum": 58.70283307880163, "mean": -0.019108995142839074, "mean_absolute": 0.019108995142839074}, "tilt": {"sum": -1.3424017046069725, "absolute_sum": 1.3424017046069725, "mean": -0.00043697972155174884, "mean_absolute": 0.00043697972155174884}, "roll_pitch_rate": {"sum": -0.6327395330328134, "absolute_sum": 0.6327395330328134, "mean": -0.0002059699000757856, "mean_absolute": 0.0002059699000757856}, "vertical_velocity": {"sum": -0.36964348955931603, "absolute_sum": 0.36964348955931603, "mean": -0.00012032665675758985, "mean_absolute": 0.00012032665675758985}, "height": {"sum": -3.446185330522944, "absolute_sum": 3.446185330522944, "mean": -0.0011218051206129374, "mean_absolute": 0.0011218051206129374}, "effort": {"sum": -4.467087251599878, "absolute_sum": 4.467087251599878, "mean": -0.001454129964713502, "mean_absolute": 0.001454129964713502}, "target_motion": {"sum": -6.628394307103008, "absolute_sum": 6.628394307103008, "mean": -0.0021576804385100936, "mean_absolute": 0.0021576804385100936}, "nonfoot_contact": {"sum": 0.0, "absolute_sum": 0.0, "mean": 0.0, "mean_absolute": 0.0}, "termination": {"sum": -6.0, "absolute_sum": 6.0, "mean": -0.001953125, "mean_absolute": 0.001953125}}, "command_classes": {"zero": {"environment_controls": 480, "time_fraction": 0.15625, "task_reward_mean": 0.10096561121754348, "reward_component_means": {"linear_tracking": 0.3325836926018989, "yaw_tracking": 0.24601016452652402, "quiet_joint_rate": -0.3504174714287122, "quiet_target_motion": -0.12229756891417007, "tilt": -0.00035297164302553103, "roll_pitch_rate": -0.00021115625112672436, "vertical_velocity": -7.87570275997955e-05, "height": -0.0007475054450374419, "effort": -0.0013404314075160073, "target_motion": -0.0021823845015508897, "nonfoot_contact": 0.0, "termination": 0.0}, "reward_component_mean_absolute": {"linear_tracking": 0.3325836926018989, "yaw_tracking": 0.24601016452652402, "quiet_joint_rate": 0.3504174714287122, "quiet_target_motion": 0.12229756891417007, "tilt": 0.00035297164302553103, "roll_pitch_rate": 0.00021115625112672436, "vertical_velocity": 7.87570275997955e-05, "height": 0.0007475054450374419, "effort": 0.0013404314075160073, "target_motion": 0.0021823845015508897, "nonfoot_contact": 0.0, "termination": 0.0}, "requested_planar_speed_mps": 0.0, "moving_command_rows": 0, "moving_signed_command_direction_speed_mps": null, "nonfoot_event_fraction": 0.0}, "linear_0.025": {"environment_controls": 933, "time_fraction": 0.3037109375, "task_reward_mean": 0.4756003663611138, "reward_component_means": {"linear_tracking": 0.26437774742012426, "yaw_tracking": 0.21895075182531676, "quiet_joint_rate": 0.0, "quiet_target_motion": 0.0, "tilt": -0.0004119458910464709, "roll_pitch_rate": -0.00024105085622340634, "vertical_velocity": -0.00018367806406695362, "height": -0.0010166196844702594, "effort": -0.0014259373346456683, "target_motion": -0.0023052774860457758, "nonfoot_contact": 0.0, "termination": -0.0021436227224008574}, "reward_component_mean_absolute": {"linear_tracking": 0.26437774742012426, "yaw_tracking": 0.21895075182531676, "quiet_joint_rate": 0.0, "quiet_target_motion": 0.0, "tilt": 0.0004119458910464709, "roll_pitch_rate": 0.00024105085622340634, "vertical_velocity": 0.00018367806406695362, "height": 0.0010166196844702594, "effort": 0.0014259373346456683, "target_motion": 0.0023052774860457758, "nonfoot_contact": 0.0, "termination": 0.0021436227224008574}, "requested_planar_speed_mps": 0.02500000037252903, "moving_command_rows": 933, "moving_signed_command_direction_speed_mps": 0.001605537547117263, "nonfoot_event_fraction": 0.0}, "linear_0.05": {"environment_controls": 935, "time_fraction": 0.3043619791666667, "task_reward_mean": 0.34503986317674346, "reward_component_means": {"linear_tracking": 0.1245679453529695, "yaw_tracking": 0.22811540699384977, "quiet_joint_rate": 0.0, "quiet_target_motion": 0.0, "tilt": -0.0005414557360802865, "roll_pitch_rate": -0.00018211434891438074, "vertical_velocity": -9.81134428318067e-05, "height": -0.001133487222513888, "effort": -0.0014585592460577043, "target_motion": -0.002090722245362184, "nonfoot_contact": 0.0, "termination": -0.0021390374331550803}, "reward_component_mean_absolute": {"linear_tracking": 0.1245679453529695, "yaw_tracking": 0.22811540699384977, "quiet_joint_rate": 0.0, "quiet_target_motion": 0.0, "tilt": 0.0005414557360802865, "roll_pitch_rate": 0.00018211434891438074, "vertical_velocity": 9.81134428318067e-05, "height": 0.001133487222513888, "effort": 0.0014585592460577043, "target_motion": 0.002090722245362184, "nonfoot_contact": 0.0, "termination": 0.0021390374331550803}, "requested_planar_speed_mps": 0.05000000074505806, "moving_command_rows": 935, "moving_signed_command_direction_speed_mps": 0.0005956708244693946, "nonfoot_event_fraction": 0.0}, "yaw": {"environment_controls": 384, "time_fraction": 0.125, "task_reward_mean": 0.501910956981798, "reward_component_means": {"linear_tracking": 0.3835565234850217, "yaw_tracking": 0.1243596598655093, "quiet_joint_rate": 0.0, "quiet_target_motion": 0.0, "tilt": -0.00036053973170591114, "roll_pitch_rate": -0.00015533268930020597, "vertical_velocity": -8.174878506954032e-05, "height": -0.001947062887130091, "effort": -0.0015561307437413536, "target_motion": -0.0019044131420287158, "nonfoot_contact": 0.0, "termination": 0.0}, "reward_component_mean_absolute": {"linear_tracking": 0.3835565234850217, "yaw_tracking": 0.1243596598655093, "quiet_joint_rate": 0.0, "quiet_target_motion": 0.0, "tilt": 0.00036053973170591114, "roll_pitch_rate": 0.00015533268930020597, "vertical_velocity": 8.174878506954032e-05, "height": 0.001947062887130091, "effort": 0.0015561307437413536, "target_motion": 0.0019044131420287158, "nonfoot_contact": 0.0, "termination": 0.0}, "requested_planar_speed_mps": 0.0, "moving_command_rows": 0, "moving_signed_command_direction_speed_mps": null, "nonfoot_event_fraction": 0.0}, "arc": {"environment_controls": 340, "time_fraction": 0.11067708333333333, "task_reward_mean": 0.2889635948714225, "reward_component_means": {"linear_tracking": 0.14860608005974865, "yaw_tracking": 0.15172544118210968, "quiet_joint_rate": 0.0, "quiet_target_motion": 0.0, "tilt": -0.00042329832175947796, "roll_pitch_rate": -0.00022517474914506613, "vertical_velocity": -0.00010982611771324613, "height": -0.0009746877928993504, "effort": -0.0015646280650210376, "target_motion": -0.0021879585468388327, "nonfoot_contact": 0.0, "termination": -0.0058823529411764705}, "reward_component_mean_absolute": {"linear_tracking": 0.14860608005974865, "yaw_tracking": 0.15172544118210968, "quiet_joint_rate": 0.0, "quiet_target_motion": 0.0, "tilt": 0.00042329832175947796, "roll_pitch_rate": 0.00022517474914506613, "vertical_velocity": 0.00010982611771324613, "height": 0.0009746877928993504, "effort": 0.0015646280650210376, "target_motion": 0.0021879585468388327, "nonfoot_contact": 0.0, "termination": 0.0058823529411764705}, "requested_planar_speed_mps": 0.03999999910593033, "moving_command_rows": 340, "moving_signed_command_direction_speed_mps": -0.006138545734446619, "nonfoot_event_fraction": 0.0}, "other": {"environment_controls": 0, "time_fraction": 0.0, "task_reward_mean": null, "reward_component_means": {"linear_tracking": null, "yaw_tracking": null, "quiet_joint_rate": null, "quiet_target_motion": null, "tilt": null, "roll_pitch_rate": null, "vertical_velocity": null, "height": null, "effort": null, "target_motion": null, "nonfoot_contact": null, "termination": null}, "reward_component_mean_absolute": {"linear_tracking": null, "yaw_tracking": null, "quiet_joint_rate": null, "quiet_target_motion": null, "tilt": null, "roll_pitch_rate": null, "vertical_velocity": null, "height": null, "effort": null, "target_motion": null, "nonfoot_contact": null, "termination": null}, "requested_planar_speed_mps": null, "moving_command_rows": 0, "moving_signed_command_direction_speed_mps": null, "nonfoot_event_fraction": null}}, "zero_hold_joint_rate_rms_rad_s": [0.320859752342561, 0.8732597385304438, 0.32772680582615843, 0.38198374575626665, 0.9186509402706657, 1.496378753765523, 0.5626491826988238, 0.7907345485854522, 0.8592475131492133, 0.34454546260646857, 0.775812015814339, 0.8348860285660573, 0.22632876293838194, 0.8216682440854918, 0.9336953593813123, 0.27132349465744887, 0.7141569567038439, 1.0261290110975358], "zero_hold_worst_joint_rate_rms_rad_s": 1.496378753765523, "zero_hold_all_joint_rate_rms_rad_s": 0.765013389766699, "diagnostic_scope": "Time-weighted 50Hz control endpoints; nonfoot events use each control's maximum 400Hz body/coxa/femur floor force >1N. These are reporting metrics, not Stage2 admission.", "termination_reasons": {"rows": {"height": 0, "tilt": 0, "joint_limit": 3, "timeout": 0}, "multiple_physical_reason_rows": 0, "unattributed_termination_rows": 0, "termination_flag_mismatch_rows": 0, "scope": "Counts returned terminal rows with each measured predicate; reasons may overlap. Timeout counts returned truncations separately."}, "actual_target_slew": {"environment_controls": 3069, "excluded_first_or_reset_rows": 3, "limit_rad_per_control": 0.04, "occupancy_tolerance_rad": 2e-06, "by_joint": {"lf_coxa_yaw": {"at_limit_rows": 583, "at_limit_fraction": 0.18996415770609318, "beyond_limit_rows": 0}, "lf_femur_pitch": {"at_limit_rows": 808, "at_limit_fraction": 0.26327794069729554, "beyond_limit_rows": 0}, "lf_tibia_pitch": {"at_limit_rows": 1058, "at_limit_fraction": 0.34473769957640926, "beyond_limit_rows": 0}, "lm_coxa_yaw": {"at_limit_rows": 1194, "at_limit_fraction": 0.3890518084066471, "beyond_limit_rows": 0}, "lm_femur_pitch": {"at_limit_rows": 972, "at_limit_fraction": 0.31671554252199413, "beyond_limit_rows": 0}, "lm_tibia_pitch": {"at_limit_rows": 1141, "at_limit_fraction": 0.37178233952427503, "beyond_limit_rows": 0}, "lr_coxa_yaw": {"at_limit_rows": 1055, "at_limit_fraction": 0.3437601824698599, "beyond_limit_rows": 0}, "lr_femur_pitch": {"at_limit_rows": 940, "at_limit_fraction": 0.3062886933854676, "beyond_limit_rows": 0}, "lr_tibia_pitch": {"at_limit_rows": 1010, "at_limit_fraction": 0.32909742587161944, "beyond_limit_rows": 0}, "rf_coxa_yaw": {"at_limit_rows": 581, "at_limit_fraction": 0.1893124796350603, "beyond_limit_rows": 0}, "rf_femur_pitch": {"at_limit_rows": 965, "at_limit_fraction": 0.31443466927337893, "beyond_limit_rows": 0}, "rf_tibia_pitch": {"at_limit_rows": 930, "at_limit_fraction": 0.30303030303030304, "beyond_limit_rows": 0}, "rm_coxa_yaw": {"at_limit_rows": 579, "at_limit_fraction": 0.18866080156402737, "beyond_limit_rows": 0}, "rm_femur_pitch": {"at_limit_rows": 933, "at_limit_fraction": 0.3040078201368524, "beyond_limit_rows": 0}, "rm_tibia_pitch": {"at_limit_rows": 968, "at_limit_fraction": 0.3154121863799283, "beyond_limit_rows": 0}, "rr_coxa_yaw": {"at_limit_rows": 638, "at_limit_fraction": 0.2078853046594982, "beyond_limit_rows": 0}, "rr_femur_pitch": {"at_limit_rows": 1047, "at_limit_fraction": 0.3411534701857282, "beyond_limit_rows": 0}, "rr_tibia_pitch": {"at_limit_rows": 1072, "at_limit_fraction": 0.3492994460736396, "beyond_limit_rows": 0}}}}}
PAPER_PPO {"policy_loss": 0.006273352354764938, "value_loss": 17.252132415771484, "entropy": -15.84938907623291, "estimator_loss": 0.0006967094843275845, "approx_kl": 0.012904284009709954, "actor_grad_norm": 31.91081123352051, "critic_grad_norm": 44.55329360961914, "model_grad_norm": 55.62126007080078, "clip_fraction": 0.16510416716337203, "discriminator_loss": 0.019324263744056224, "expert_score": 0.9924737691879273, "policy_score": -0.9875592172145844, "gradient_penalty": 0.0014318042725790293, "discriminator_expert_loss": 0.0016220696736127139, "discriminator_policy_loss": 0.010543172748293727, "ppo_batches": 5, "discriminator_batches": 20, "target_kl": 0.02, "kl_initial": 2.3420718995558382e-11, "kl_final": 0.019121183589835472, "kl_max": 0.019995431464255684, "kl_max_step_increase": 0.010627255907029374, "kl_after_model_steps": [0.006713644602153703, 0.017340900509183077, 0.019995431464255684, 0.019045033192568853, 0.019121183589835472], "early_stopped": true, "final_full_rollout_k3": 0.018644122406840324, "stop_reason": "backtracking_exhausted", "learning_rate": 0.0001, "discriminator_learning_rate": 0.0003, "rollback_kl_steps": true, "model_proposals": 6, "accepted_model_steps": 5, "rejected_model_trials": 11, "model_trial_attempts": [{"proposal": 1, "retry": 0, "learning_rate": 0.0001, "kl": 0.026778046096846798, "accepted": false}, {"proposal": 1, "retry": 1, "learning_rate": 5e-05, "kl": 0.006713644602153703, "accepted": true}, {"proposal": 2, "retry": 0, "learning_rate": 0.0001, "kl": 0.0344215866689114, "accepted": false}, {"proposal": 2, "retry": 1, "learning_rate": 5e-05, "kl": 0.017340900509183077, "accepted": true}, {"proposal": 3, "retry": 0, "learning_rate": 0.0001, "kl": 0.033924893973371124, "accepted": false}, {"proposal": 3, "retry": 1, "learning_rate": 5e-05, "kl": 0.023645076432940927, "accepted": false}, {"proposal": 3, "retry": 2, "learning_rate": 2.5e-05, "kl": 0.019995431464255684, "accepted": true}, {"proposal": 4, "retry": 0, "learning_rate": 0.0001, "kl": 0.03321439472034006, "accepted": false}, {"proposal": 4, "retry": 1, "learning_rate": 5e-05, "kl": 0.020926486648103863, "accepted": false}, {"proposal": 4, "retry": 2, "learning_rate": 2.5e-05, "kl": 0.019045033192568853, "accepted": true}, {"proposal": 5, "retry": 0, "learning_rate": 0.0001, "kl": 0.042650998253956976, "accepted": false}, {"proposal": 5, "retry": 1, "learning_rate": 5e-05, "kl": 0.019121183589835472, "accepted": true}, {"proposal": 6, "retry": 0, "learning_rate": 0.0001, "kl": 0.06127463889853113, "accepted": false}, {"proposal": 6, "retry": 1, "learning_rate": 5e-05, "kl": 0.03022259616998534, "accepted": false}, {"proposal": 6, "retry": 2, "learning_rate": 2.5e-05, "kl": 0.02218728423960995, "accepted": false}, {"proposal": 6, "retry": 3, "learning_rate": 1.25e-05, "kl": 0.02003418057016368, "accepted": false}], "consecutive_zero_accepted_updates": 0, "empirical_kl_scope": "Mean whole-actor KL on the fixed collected rollout; no bound on physical motion or unseen states.", "normalizer_policy_kl": 0.0, "normalizer_policy_kl_samples": 128, "normalizer_policy_kl_scope": "Same current observations and weights, before/after statistics update; reporting only", "update": 204, "transitions": 626688, "episodes": 631, "optimizer_steps": 570, "discriminator_steps": 4080, "reward": 0.47192108631134033, "task_reward": 0.3979894518852234, "style_reward": 0.07393164187669754, "action_std": 0.10031421482563019, "raw_action_abs_mean": 0.7625505924224854, "raw_action_clip_fraction": 0.34894025325775146, "return_mean": 43.728126525878906, "return_std": 4.767055988311768, "explained_variance": -0.5444904565811157, "terminated": 3, "truncated": 0, "elapsed_s": 12.392261727945879, "transitions_per_s": 50570.91382977745, "allocation_new_transitions": 12288, "allocation_new_transitions_per_s": 991.5865456819107}
PAPER_TASK {"schema": "canonical_paper_walking_task_v1", "reward_version": "canonical_quiet_quadratic_log_tail_v2", "controls_completed": 96, "command_draws": 136, "zero_command_draws": 21, "zero_draw_fraction": 0.15441176470588236, "remaining_controls": [4, 58, 85, 53, 102, 104, 72, 37, 144, 121, 95, 85, 38, 143, 55, 137, 115, 125, 65, 38, 43, 113, 82, 25, 119, 147, 220, 113, 75, 77, 80, 215, 142, 97, 148, 111, 100, 14, 68, 130, 132, 137, 28, 143, 129, 16, 98, 104, 107, 135, 120, 100, 94, 60, 36, 146, 112, 118, 123, 112, 83, 70, 97, 122, 143, 150, 75, 12, 54, 150, 152, 44, 52, 77, 139, 79, 106, 181, 55, 94, 132, 32, 62, 50, 98, 140, 70, 38, 28, 188, 28, 121, 147, 139, 24, 5, 85, 149, 98, 117, 18, 91, 102, 139, 101, 37, 78, 130, 120, 14, 58, 100, 143, 64, 26, 106, 61, 16, 76, 5, 145, 86, 110, 87, 140, 123, 34, 57], "commands": [[0.0, 0.0, 0.20000000298023224], [0.0353553406894207, 0.0353553406894207, 0.0], [0.03999999910593033, 0.0, -0.15000000596046448], [-0.01767767034471035, 0.01767767034471035, 0.0], [0.0, 0.0, 0.0], [0.01767767034471035, 0.01767767034471035, 0.0], [0.02500000037252903, 0.0, 0.0], [-0.01767767034471035, -0.01767767034471035, 0.0], [0.0, 0.0, 0.0], [-0.02500000037252903, 3.0616169246677665e-18, 0.0], [-0.02500000037252903, 3.0616169246677665e-18, 0.0], [0.0353553406894207, -0.0353553406894207, 0.0], [0.0, 0.0, 0.0], [0.05000000074505806, 0.0, 0.0], [0.05000000074505806, 0.0, 0.0], [-9.184851394388759e-18, -0.05000000074505806, 0.0], [0.0, 0.0, 0.0], [0.02500000037252903, 0.0, 0.0], [-9.184851394388759e-18, -0.05000000074505806, 0.0], [0.02500000037252903, 0.0, 0.0], [-4.5924256971943795e-18, -0.02500000037252903, 0.0], [0.0353553406894207, -0.0353553406894207, 0.0], [0.05000000074505806, 0.0, 0.0], [1.5308084623338832e-18, 0.02500000037252903, 0.0], [-0.0353553406894207, 0.0353553406894207, 0.0], [0.0, 0.0, 0.0], [0.0, 0.0, 0.0], [0.0, 0.0, 0.0], [0.01767767034471035, 0.01767767034471035, 0.0], [1.5308084623338832e-18, 0.02500000037252903, 0.0], [0.0, 0.0, 0.0], [0.03999999910593033, 0.0, -0.15000000596046448], [0.0353553406894207, -0.0353553406894207, 0.0], [0.0, 0.0, 0.0], [0.0, 0.0, 0.0], [-4.5924256971943795e-18, -0.02500000037252903, 0.0], [1.5308084623338832e-18, 0.02500000037252903, 0.0], [0.0, 0.0, -0.20000000298023224], [0.03999999910593033, 0.0, 0.15000000596046448], [-0.0353553406894207, 0.0353553406894207, 0.0], [-9.184851394388759e-18, -0.05000000074505806, 0.0], [-0.0353553406894207, 0.0353553406894207, 0.0], [-0.01767767034471035, -0.01767767034471035, 0.0], [0.03999999910593033, 0.0, 0.15000000596046448], [0.0353553406894207, -0.0353553406894207, 0.0], [0.05000000074505806, 0.0, 0.0], [-0.02500000037252903, 3.0616169246677665e-18, 0.0], [-0.01767767034471035, 0.01767767034471035, 0.0], [-0.01767767034471035, -0.01767767034471035, 0.0], [0.0, 0.0, -0.20000000298023224], [0.0, 0.0, 0.20000000298023224], [-4.5924256971943795e-18, -0.02500000037252903, 0.0], [0.01767767034471035, 0.01767767034471035, 0.0], [0.01767767034471035, 0.01767767034471035, 0.0], [-0.02500000037252903, 3.0616169246677665e-18, 0.0], [0.0, 0.0, 0.0], [0.01767767034471035, -0.01767767034471035, 0.0], [1.5308084623338832e-18, 0.02500000037252903, 0.0], [0.0353553406894207, 0.0353553406894207, 0.0], [-0.0353553406894207, -0.0353553406894207, 0.0], [0.0, 0.0, 0.0], [0.0, 0.0, 0.0], [0.05000000074505806, 0.0, 0.0], [3.0616169246677665e-18, 0.05000000074505806, 0.0], [-0.05000000074505806, 6.123233849335533e-18, 0.0], [-0.05000000074505806, 6.123233849335533e-18, 0.0], [0.03999999910593033, 0.0, 0.15000000596046448], [0.0, 0.0, 0.0], [-0.01767767034471035, 0.01767767034471035, 0.0], [-0.0353553406894207, 0.0353553406894207, 0.0], [-0.0353553406894207, -0.0353553406894207, 0.0], [0.0, 0.0, 0.0], [0.02500000037252903, 0.0, 0.0], [0.0, 0.0, 0.20000000298023224], [-0.0353553406894207, 0.0353553406894207, 0.0], [1.5308084623338832e-18, 0.02500000037252903, 0.0], [-0.02500000037252903, 3.0616169246677665e-18, 0.0], [0.01767767034471035, -0.01767767034471035, 0.0], [0.0, 0.0, 0.20000000298023224], [0.0, 0.0, 0.0], [0.0, 0.0, 0.20000000298023224], [1.5308084623338832e-18, 0.02500000037252903, 0.0], [0.0, 0.0, -0.20000000298023224], [0.03999999910593033, 0.0, -0.15000000596046448], [0.03999999910593033, 0.0, -0.15000000596046448], [0.01767767034471035, 0.01767767034471035, 0.0], [-0.01767767034471035, -0.01767767034471035, 0.0], [0.0, 0.0, 0.20000000298023224], [0.0, 0.0, 0.20000000298023224], [-0.02500000037252903, 3.0616169246677665e-18, 0.0], [-0.05000000074505806, 6.123233849335533e-18, 0.0], [0.03999999910593033, 0.0, 0.15000000596046448], [3.0616169246677665e-18, 0.05000000074505806, 0.0], [-9.184851394388759e-18, -0.05000000074505806, 0.0], [0.03999999910593033, 0.0, -0.15000000596046448], [-0.05000000074505806, 6.123233849335533e-18, 0.0], [0.0, 0.0, 0.20000000298023224], [0.0, 0.0, -0.20000000298023224], [0.0353553406894207, 0.0353553406894207, 0.0], [0.0353553406894207, 0.0353553406894207, 0.0], [-0.01767767034471035, -0.01767767034471035, 0.0], [0.01767767034471035, -0.01767767034471035, 0.0], [0.0, 0.0, 0.0], [0.03999999910593033, 0.0, 0.15000000596046448], [1.5308084623338832e-18, 0.02500000037252903, 0.0], [0.01767767034471035, 0.01767767034471035, 0.0], [3.0616169246677665e-18, 0.05000000074505806, 0.0], [0.0, 0.0, -0.20000000298023224], [0.0, 0.0, 0.0], [0.03999999910593033, 0.0, -0.15000000596046448], [3.0616169246677665e-18, 0.05000000074505806, 0.0], [-4.5924256971943795e-18, -0.02500000037252903, 0.0], [1.5308084623338832e-18, 0.02500000037252903, 0.0], [-0.0353553406894207, -0.0353553406894207, 0.0], [-0.05000000074505806, 6.123233849335533e-18, 0.0], [0.0, 0.0, 0.0], [0.03999999910593033, 0.0, -0.15000000596046448], [0.03999999910593033, 0.0, 0.15000000596046448], [0.05000000074505806, 0.0, 0.0], [0.03999999910593033, 0.0, 0.15000000596046448], [0.0, 0.0, 0.0], [3.0616169246677665e-18, 0.05000000074505806, 0.0], [0.0, 0.0, -0.20000000298023224], [0.0, 0.0, 0.20000000298023224], [0.03999999910593033, 0.0, 0.15000000596046448], [0.0353553406894207, 0.0353553406894207, 0.0], [0.0, 0.0, 0.0], [0.0353553406894207, -0.0353553406894207, 0.0]], "stage2_complete": false, "proximity": {"checks": 220, "minimum_sphere_gap_m": 0.99067622423172, "failure": null, "collision_filter_present": false}, "cumulative_metrics": {"environment_controls": 12288, "signed_navigation_velocity_error_mps": [-0.0064616939052939415, -0.0018724779365584254], "absolute_navigation_velocity_error_mps": [0.04065115377306938, 0.03504486382007599], "achieved_planar_speed_mps": 0.05079714581370354, "requested_planar_speed_mps": 0.027248956263065338, "signed_command_direction_speed_mps": 0.0033577517606317997, "moving_command_rows": 8832, "signed_yaw_error_rad_s": -0.07334785163402557, "absolute_yaw_error_rad_s": 0.16229784488677979, "requested_saturation_fraction": 0.022841280326247215, "terminations": 8, "truncations": 0, "zero_command_rows": 1934, "nonfoot_event_rows": 0, "moving_signed_command_direction_speed_mps": 0.004671653107452321, "nonfoot_event_fraction": 0.0, "task_reward_sum": 3788.665804485907, "task_reward_mean": 0.30832241247443903, "reward_components": {"linear_tracking": {"sum": 2533.6973023408937, "absolute_sum": 2533.6973023408937, "mean": 0.20619281431810657, "mean_absolute": 0.20619281431810657}, "yaw_tracking": {"sum": 2284.2153410478245, "absolute_sum": 2284.2153410478245, "mean": 0.18588992033266802, "mean_absolute": 0.18588992033266802}, "quiet_joint_rate": {"sum": -704.5122896581888, "absolute_sum": 704.5122896581888, "mean": -0.05733335690577709, "mean_absolute": 0.05733335690577709}, "quiet_target_motion": {"sum": -241.43723583966494, "absolute_sum": 241.43723583966494, "mean": -0.019648212552056066, "mean_absolute": 0.019648212552056066}, "tilt": {"sum": -4.718928167961382, "absolute_sum": 4.718928167961382, "mean": -0.00038402735741873225, "mean_absolute": 0.00038402735741873225}, "roll_pitch_rate": {"sum": -2.678302777006068, "absolute_sum": 2.678302777006068, "mean": -0.00021796083797249901, "mean_absolute": 0.00021796083797249901}, "vertical_velocity": {"sum": -1.8728906186257293, "absolute_sum": 1.8728906186257293, "mean": -0.00015241622872930738, "mean_absolute": 0.00015241622872930738}, "height": {"sum": -10.924144246738226, "absolute_sum": 10.924144246738226, "mean": -0.0008890091346629416, "mean_absolute": 0.0008890091346629416}, "effort": {"sum": -17.97170008894318, "absolute_sum": 17.97170008894318, "mean": -0.0014625406973423811, "mean_absolute": 0.0014625406973423811}, "target_motion": {"sum": -29.13134777318919, "absolute_sum": 29.13134777318919, "mean": -0.0023707151508129223, "mean_absolute": 0.0023707151508129223}, "nonfoot_contact": {"sum": 0.0, "absolute_sum": 0.0, "mean": 0.0, "mean_absolute": 0.0}, "termination": {"sum": -16.0, "absolute_sum": 16.0, "mean": -0.0013020833333333333, "mean_absolute": 0.0013020833333333333}}, "command_classes": {"zero": {"environment_controls": 1934, "time_fraction": 0.15738932291666666, "task_reward_mean": 0.016806377668483634, "reward_component_means": {"linear_tracking": 0.29946139129068583, "yaw_tracking": 0.21150154800597282, "quiet_joint_rate": -0.36427729558334476, "quiet_target_motion": -0.1248382811994131, "tilt": -0.00032325498696331016, "roll_pitch_rate": -0.00023192571041769905, "vertical_velocity": -0.00015148457796852605, "height": -0.0004990785566175844, "effort": -0.0013572898522965819, "target_motion": -0.0024779503106540732, "nonfoot_contact": 0.0, "termination": 0.0}, "reward_component_mean_absolute": {"linear_tracking": 0.29946139129068583, "yaw_tracking": 0.21150154800597282, "quiet_joint_rate": 0.36427729558334476, "quiet_target_motion": 0.1248382811994131, "tilt": 0.00032325498696331016, "roll_pitch_rate": 0.00023192571041769905, "vertical_velocity": 0.00015148457796852605, "height": 0.0004990785566175844, "effort": 0.0013572898522965819, "target_motion": 0.0024779503106540732, "nonfoot_contact": 0.0, "termination": 0.0}, "requested_planar_speed_mps": 0.0, "moving_command_rows": 0, "moving_signed_command_direction_speed_mps": null, "nonfoot_event_fraction": 0.0}, "linear_0.025": {"environment_controls": 3693, "time_fraction": 0.300537109375, "task_reward_mean": 0.42774856660198957, "reward_component_means": {"linear_tracking": 0.23084448853831258, "yaw_tracking": 0.2028737400137657, "quiet_joint_rate": 0.0, "quiet_target_motion": 0.0, "tilt": -0.0003617421537544097, "roll_pitch_rate": -0.00022777199756294407, "vertical_velocity": -0.000162539201132592, "height": -0.0008778819340545387, "effort": -0.0014105341887510733, "target_motion": -0.002387627540008086, "nonfoot_contact": 0.0, "termination": -0.0005415651232060655}, "reward_component_mean_absolute": {"linear_tracking": 0.23084448853831258, "yaw_tracking": 0.2028737400137657, "quiet_joint_rate": 0.0, "quiet_target_motion": 0.0, "tilt": 0.0003617421537544097, "roll_pitch_rate": 0.00022777199756294407, "vertical_velocity": 0.000162539201132592, "height": 0.0008778819340545387, "effort": 0.0014105341887510733, "target_motion": 0.002387627540008086, "nonfoot_contact": 0.0, "termination": 0.0005415651232060655}, "requested_planar_speed_mps": 0.02500000037252903, "moving_command_rows": 3693, "moving_signed_command_direction_speed_mps": 0.002494757938967999, "nonfoot_event_fraction": 0.0}, "linear_0.05": {"environment_controls": 3695, "time_fraction": 0.3006998697916667, "task_reward_mean": 0.3115560323296112, "reward_component_means": {"linear_tracking": 0.1124770217790575, "yaw_tracking": 0.20624640405123731, "quiet_joint_rate": 0.0, "quiet_target_motion": 0.0, "tilt": -0.00046908211439971865, "roll_pitch_rate": -0.00020864574169205085, "vertical_velocity": -0.00013892932547340112, "height": -0.0009475233356397412, "effort": -0.0014760787164948689, "target_motion": -0.002303318329440891, "nonfoot_contact": 0.0, "termination": -0.0016238159675236806}, "reward_component_mean_absolute": {"linear_tracking": 0.1124770217790575, "yaw_tracking": 0.20624640405123731, "quiet_joint_rate": 0.0, "quiet_target_motion": 0.0, "tilt": 0.00046908211439971865, "roll_pitch_rate": 0.00020864574169205085, "vertical_velocity": 0.00013892932547340112, "height": 0.0009475233356397412, "effort": 0.0014760787164948689, "target_motion": 0.002303318329440891, "nonfoot_contact": 0.0, "termination": 0.0016238159675236806}, "requested_planar_speed_mps": 0.05000000074505806, "moving_command_rows": 3695, "moving_signed_command_direction_speed_mps": 0.005066960233630758, "nonfoot_event_fraction": 0.0}, "yaw": {"environment_controls": 1522, "time_fraction": 0.12386067708333333, "task_reward_mean": 0.43410764975059024, "reward_component_means": {"linear_tracking": 0.329894048682151, "yaw_tracking": 0.11131033317135709, "quiet_joint_rate": 0.0, "quiet_target_motion": 0.0, "tilt": -0.00032930664252130935, "roll_pitch_rate": -0.00018207631028698137, "vertical_velocity": -0.00014713598909533616, "height": -0.0013443139655643212, "effort": -0.001505860321879968, "target_motion": -0.002273979269786684, "nonfoot_contact": 0.0, "termination": -0.001314060446780552}, "reward_component_mean_absolute": {"linear_tracking": 0.329894048682151, "yaw_tracking": 0.11131033317135709, "quiet_joint_rate": 0.0, "quiet_target_motion": 0.0, "tilt": 0.00032930664252130935, "roll_pitch_rate": 0.00018207631028698137, "vertical_velocity": 0.00014713598909533616, "height": 0.0013443139655643212, "effort": 0.001505860321879968, "target_motion": 0.002273979269786684, "nonfoot_contact": 0.0, "termination": 0.001314060446780552}, "requested_planar_speed_mps": 0.0, "moving_command_rows": 0, "moving_signed_command_direction_speed_mps": null, "nonfoot_event_fraction": 0.0}, "arc": {"environment_controls": 1444, "time_fraction": 0.11751302083333333, "task_reward_mean": 0.25247606041246556, "reward_component_means": {"linear_tracking": 0.12765161900614103, "yaw_tracking": 0.13467024603691738, "quiet_joint_rate": 0.0, "quiet_target_motion": 0.0, "tilt": -0.0003624488412291631, "roll_pitch_rate": -0.00023582431180704423, "vertical_velocity": -0.0001678513448923952, "height": -0.0008100857029076631, "effort": -0.0016562108644002944, "target_motion": -0.0024582587889438543, "nonfoot_contact": 0.0, "termination": -0.004155124653739612}, "reward_component_mean_absolute": {"linear_tracking": 0.12765161900614103, "yaw_tracking": 0.13467024603691738, "quiet_joint_rate": 0.0, "quiet_target_motion": 0.0, "tilt": 0.0003624488412291631, "roll_pitch_rate": 0.00023582431180704423, "vertical_velocity": 0.0001678513448923952, "height": 0.0008100857029076631, "effort": 0.0016562108644002944, "target_motion": 0.0024582587889438543, "nonfoot_contact": 0.0, "termination": 0.004155124653739612}, "requested_planar_speed_mps": 0.03999999910593033, "moving_command_rows": 1444, "moving_signed_command_direction_speed_mps": 0.009227479995252376, "nonfoot_event_fraction": 0.0}, "other": {"environment_controls": 0, "time_fraction": 0.0, "task_reward_mean": null, "reward_component_means": {"linear_tracking": null, "yaw_tracking": null, "quiet_joint_rate": null, "quiet_target_motion": null, "tilt": null, "roll_pitch_rate": null, "vertical_velocity": null, "height": null, "effort": null, "target_motion": null, "nonfoot_contact": null, "termination": null}, "reward_component_mean_absolute": {"linear_tracking": null, "yaw_tracking": null, "quiet_joint_rate": null, "quiet_target_motion": null, "tilt": null, "roll_pitch_rate": null, "vertical_velocity": null, "height": null, "effort": null, "target_motion": null, "nonfoot_contact": null, "termination": null}, "requested_planar_speed_mps": null, "moving_command_rows": 0, "moving_signed_command_direction_speed_mps": null, "nonfoot_event_fraction": null}}, "zero_hold_joint_rate_rms_rad_s": [0.587064923631313, 0.9665019120286438, 0.47940024626811206, 0.5202057839667206, 1.12061721592938, 1.5126148492407168, 0.6693834249269154, 0.8510654019270157, 0.7812850146434778, 0.7310280777595246, 0.9019316445725148, 0.940041757638521, 0.5948874246241033, 0.864146657868859, 0.9967486091907444, 0.5294395597693701, 0.868288423611785, 1.067485051451011], "zero_hold_worst_joint_rate_rms_rad_s": 1.5126148492407168, "zero_hold_all_joint_rate_rms_rad_s": 0.8693948762239766, "diagnostic_scope": "Time-weighted 50Hz control endpoints; nonfoot events use each control's maximum 400Hz body/coxa/femur floor force >1N. These are reporting metrics, not Stage2 admission.", "termination_reasons": {"rows": {"height": 0, "tilt": 0, "joint_limit": 8, "timeout": 0}, "multiple_physical_reason_rows": 0, "unattributed_termination_rows": 0, "termination_flag_mismatch_rows": 0, "scope": "Counts returned terminal rows with each measured predicate; reasons may overlap. Timeout counts returned truncations separately."}, "actual_target_slew": {"environment_controls": 12152, "excluded_first_or_reset_rows": 136, "limit_rad_per_control": 0.04, "occupancy_tolerance_rad": 2e-06, "by_joint": {"lf_coxa_yaw": {"at_limit_rows": 3081, "at_limit_fraction": 0.2535385121790652, "beyond_limit_rows": 0}, "lf_femur_pitch": {"at_limit_rows": 3932, "at_limit_fraction": 0.3235681369321922, "beyond_limit_rows": 0}, "lf_tibia_pitch": {"at_limit_rows": 4539, "at_limit_fraction": 0.3735187623436471, "beyond_limit_rows": 0}, "lm_coxa_yaw": {"at_limit_rows": 5077, "at_limit_fraction": 0.41779131007241604, "beyond_limit_rows": 0}, "lm_femur_pitch": {"at_limit_rows": 4184, "at_limit_fraction": 0.34430546412113233, "beyond_limit_rows": 0}, "lm_tibia_pitch": {"at_limit_rows": 4699, "at_limit_fraction": 0.3866853192890059, "beyond_limit_rows": 0}, "lr_coxa_yaw": {"at_limit_rows": 4680, "at_limit_fraction": 0.38512179065174457, "beyond_limit_rows": 0}, "lr_femur_pitch": {"at_limit_rows": 3897, "at_limit_fraction": 0.320687952600395, "beyond_limit_rows": 0}, "lr_tibia_pitch": {"at_limit_rows": 4182, "at_limit_fraction": 0.3441408821593153, "beyond_limit_rows": 0}, "rf_coxa_yaw": {"at_limit_rows": 3035, "at_limit_fraction": 0.2497531270572745, "beyond_limit_rows": 0}, "rf_femur_pitch": {"at_limit_rows": 4334, "at_limit_fraction": 0.35664911125740617, "beyond_limit_rows": 0}, "rf_tibia_pitch": {"at_limit_rows": 4113, "at_limit_fraction": 0.33846280447662935, "beyond_limit_rows": 0}, "rm_coxa_yaw": {"at_limit_rows": 2968, "at_limit_fraction": 0.24423963133640553, "beyond_limit_rows": 0}, "rm_femur_pitch": {"at_limit_rows": 4160, "at_limit_fraction": 0.3423304805793285, "beyond_limit_rows": 0}, "rm_tibia_pitch": {"at_limit_rows": 4159, "at_limit_fraction": 0.34224818959842, "beyond_limit_rows": 0}, "rr_coxa_yaw": {"at_limit_rows": 3168, "at_limit_fraction": 0.260697827518104, "beyond_limit_rows": 0}, "rr_femur_pitch": {"at_limit_rows": 4450, "at_limit_fraction": 0.3661948650427913, "beyond_limit_rows": 0}, "rr_tibia_pitch": {"at_limit_rows": 4650, "at_limit_fraction": 0.3826530612244898, "beyond_limit_rows": 0}}}}, "interval_metrics": {"environment_controls": 3072, "signed_navigation_velocity_error_mps": [-0.0036187225487083197, 0.00015054350660648197], "absolute_navigation_velocity_error_mps": [0.031112484633922577, 0.02766449563205242], "achieved_planar_speed_mps": 0.03493272885680199, "requested_planar_speed_mps": 0.027148431167006493, "signed_command_direction_speed_mps": 0.0013590817106887698, "moving_command_rows": 2208, "signed_yaw_error_rad_s": -0.012153047136962414, "absolute_yaw_error_rad_s": 0.11127287149429321, "requested_saturation_fraction": 0.023041903972625732, "terminations": 3, "truncations": 0, "zero_command_rows": 494, "nonfoot_event_rows": 0, "moving_signed_command_direction_speed_mps": 0.0018908961846683678, "nonfoot_event_fraction": 0.0, "task_reward_sum": 1222.6235492742853, "task_reward_mean": 0.39798943661272307, "reward_components": {"linear_tracking": {"sum": 807.9715909170005, "absolute_sum": 807.9715909170005, "mean": 0.2630115855849611, "mean_absolute": 0.2630115855849611}, "yaw_tracking": {"sum": 667.570118161758, "absolute_sum": 667.570118161758, "mean": 0.2173079811724473, "mean_absolute": 0.2173079811724473}, "quiet_joint_rate": {"sum": -169.32153324782848, "absolute_sum": 169.32153324782848, "mean": -0.05511768660411084, "mean_absolute": 0.05511768660411084}, "quiet_target_motion": {"sum": -60.38907313346863, "absolute_sum": 60.38907313346863, "mean": -0.01965790141063432, "mean_absolute": 0.01965790141063432}, "tilt": {"sum": -1.304828758134957, "absolute_sum": 1.304828758134957, "mean": -0.0004247489447053896, "mean_absolute": 0.0004247489447053896}, "roll_pitch_rate": {"sum": -0.4947925202926484, "absolute_sum": 0.4947925202926484, "mean": -0.00016106527353276315, "mean_absolute": 0.00016106527353276315}, "vertical_velocity": {"sum": -0.2737038426738902, "absolute_sum": 0.2737038426738902, "mean": -8.90963029537403e-05, "mean_absolute": 8.90963029537403e-05}, "height": {"sum": -4.738290517348676, "absolute_sum": 4.738290517348676, "mean": -0.0015424122777827722, "mean_absolute": 0.0015424122777827722}, "effort": {"sum": -4.363644456389011, "absolute_sum": 4.363644456389011, "mean": -0.0014204571798141312, "mean_absolute": 0.0014204571798141312}, "target_motion": {"sum": -6.032290349336108, "absolute_sum": 6.032290349336108, "mean": -0.0019636361814245142, "mean_absolute": 0.0019636361814245142}, "nonfoot_contact": {"sum": 0.0, "absolute_sum": 0.0, "mean": 0.0, "mean_absolute": 0.0}, "termination": {"sum": -6.0, "absolute_sum": 6.0, "mean": -0.001953125, "mean_absolute": 0.001953125}}, "command_classes": {"zero": {"environment_controls": 494, "time_fraction": 0.16080729166666666, "task_reward_mean": 0.15707990955179632, "reward_component_means": {"linear_tracking": 0.37756082164977034, "yaw_tracking": 0.24933996200969213, "quiet_joint_rate": -0.34275614017779044, "quiet_target_motion": -0.12224508731471383, "tilt": -0.0003609463453131877, "roll_pitch_rate": -0.00019546305188637404, "vertical_velocity": -8.160241463902871e-05, "height": -0.0007152057374523544, "effort": -0.0012932745041090029, "target_motion": -0.00217315207152092, "nonfoot_contact": 0.0, "termination": 0.0}, "reward_component_mean_absolute": {"linear_tracking": 0.37756082164977034, "yaw_tracking": 0.24933996200969213, "quiet_joint_rate": 0.34275614017779044, "quiet_target_motion": 0.12224508731471383, "tilt": 0.0003609463453131877, "roll_pitch_rate": 0.00019546305188637404, "vertical_velocity": 8.160241463902871e-05, "height": 0.0007152057374523544, "effort": 0.0012932745041090029, "target_motion": 0.00217315207152092, "nonfoot_contact": 0.0, "termination": 0.0}, "requested_planar_speed_mps": 0.0, "moving_command_rows": 0, "moving_signed_command_direction_speed_mps": null, "nonfoot_event_fraction": 0.0}, "linear_0.025": {"environment_controls": 936, "time_fraction": 0.3046875, "task_reward_mean": 0.5220391061510214, "reward_component_means": {"linear_tracking": 0.2871222830533142, "yaw_tracking": 0.24069950973761345, "quiet_joint_rate": 0.0, "quiet_target_motion": 0.0, "tilt": -0.0003951450678796792, "roll_pitch_rate": -0.00014112374225437087, "vertical_velocity": -8.204825537043134e-05, "height": -0.0018369021030675825, "effort": -0.0014613574780807353, "target_motion": -0.001866109557674937, "nonfoot_contact": 0.0, "termination": 0.0}, "reward_component_mean_absolute": {"linear_tracking": 0.2871222830533142, "yaw_tracking": 0.24069950973761345, "quiet_joint_rate": 0.0, "quiet_target_motion": 0.0, "tilt": 0.0003951450678796792, "roll_pitch_rate": 0.00014112374225437087, "vertical_velocity": 8.204825537043134e-05, "height": 0.0018369021030675825, "effort": 0.0014613574780807353, "target_motion": 0.001866109557674937, "nonfoot_contact": 0.0, "termination": 0.0}, "requested_planar_speed_mps": 0.02500000037252903, "moving_command_rows": 936, "moving_signed_command_direction_speed_mps": -0.00078352621459579, "nonfoot_event_fraction": 0.0}, "linear_0.05": {"environment_controls": 912, "time_fraction": 0.296875, "task_reward_mean": 0.37088055030178285, "reward_component_means": {"linear_tracking": 0.13542539411490412, "yaw_tracking": 0.24328582977869428, "quiet_joint_rate": 0.0, "quiet_target_motion": 0.0, "tilt": -0.0005490967432975905, "roll_pitch_rate": -0.00017367973899515325, "vertical_velocity": -9.255260254941456e-05, "height": -0.001503334925979712, "effort": -0.0013834275229958606, "target_motion": -0.0019355987811618355, "nonfoot_contact": 0.0, "termination": -0.0021929824561403508}, "reward_component_mean_absolute": {"linear_tracking": 0.13542539411490412, "yaw_tracking": 0.24328582977869428, "quiet_joint_rate": 0.0, "quiet_target_motion": 0.0, "tilt": 0.0005490967432975905, "roll_pitch_rate": 0.00017367973899515325, "vertical_velocity": 9.255260254941456e-05, "height": 0.001503334925979712, "effort": 0.0013834275229958606, "target_motion": 0.0019355987811618355, "nonfoot_contact": 0.0, "termination": 0.0021929824561403508}, "requested_planar_speed_mps": 0.05000000074505806, "moving_command_rows": 912, "moving_signed_command_direction_speed_mps": 0.0018818045840529713, "nonfoot_event_fraction": 0.0}, "yaw": {"environment_controls": 370, "time_fraction": 0.12044270833333333, "task_reward_mean": 0.545902803774319, "reward_component_means": {"linear_tracking": 0.44112979735859287, "yaw_tracking": 0.11610231294785942, "quiet_joint_rate": 0.0, "quiet_target_motion": 0.0, "tilt": -0.00037894534085542337, "roll_pitch_rate": -0.00012906124017473324, "vertical_velocity": -5.993914540497801e-05, "height": -0.0021020662374664776, "effort": -0.0014548724424408598, "target_motion": -0.0017990156481942363, "nonfoot_contact": 0.0, "termination": -0.005405405405405406}, "reward_component_mean_absolute": {"linear_tracking": 0.44112979735859287, "yaw_tracking": 0.11610231294785942, "quiet_joint_rate": 0.0, "quiet_target_motion": 0.0, "tilt": 0.00037894534085542337, "roll_pitch_rate": 0.00012906124017473324, "vertical_velocity": 5.993914540497801e-05, "height": 0.0021020662374664776, "effort": 0.0014548724424408598, "target_motion": 0.0017990156481942363, "nonfoot_contact": 0.0, "termination": 0.005405405405405406}, "requested_planar_speed_mps": 0.0, "moving_command_rows": 0, "moving_signed_command_direction_speed_mps": null, "nonfoot_event_fraction": 0.0}, "arc": {"environment_controls": 360, "time_fraction": 0.1171875, "task_reward_mean": 0.32269547590727193, "reward_component_means": {"linear_tracking": 0.18328917674622186, "yaw_tracking": 0.15074139796024105, "quiet_joint_rate": 0.0, "quiet_target_motion": 0.0, "tilt": -0.0003213318722526479, "roll_pitch_rate": -0.0001666482474512707, "vertical_velocity": -0.00013891562636271775, "height": -0.0014356459839440622, "effort": -0.0015470765200007008, "target_motion": -0.0021699244493599205, "nonfoot_contact": 0.0, "termination": -0.005555555555555556}, "reward_component_mean_absolute": {"linear_tracking": 0.18328917674622186, "yaw_tracking": 0.15074139796024105, "quiet_joint_rate": 0.0, "quiet_target_motion": 0.0, "tilt": 0.0003213318722526479, "roll_pitch_rate": 0.0001666482474512707, "vertical_velocity": 0.00013891562636271775, "height": 0.0014356459839440622, "effort": 0.0015470765200007008, "target_motion": 0.0021699244493599205, "nonfoot_contact": 0.0, "termination": 0.005555555555555556}, "requested_planar_speed_mps": 0.03999999910593033, "moving_command_rows": 360, "moving_signed_command_direction_speed_mps": 0.008867426477647516, "nonfoot_event_fraction": 0.0}, "other": {"environment_controls": 0, "time_fraction": 0.0, "task_reward_mean": null, "reward_component_means": {"linear_tracking": null, "yaw_tracking": null, "quiet_joint_rate": null, "quiet_target_motion": null, "tilt": null, "roll_pitch_rate": null, "vertical_velocity": null, "height": null, "effort": null, "target_motion": null, "nonfoot_contact": null, "termination": null}, "reward_component_mean_absolute": {"linear_tracking": null, "yaw_tracking": null, "quiet_joint_rate": null, "quiet_target_motion": null, "tilt": null, "roll_pitch_rate": null, "vertical_velocity": null, "height": null, "effort": null, "target_motion": null, "nonfoot_contact": null, "termination": null}, "requested_planar_speed_mps": null, "moving_command_rows": 0, "moving_signed_command_direction_speed_mps": null, "nonfoot_event_fraction": null}}, "zero_hold_joint_rate_rms_rad_s": [0.2687016231460281, 0.863852296483553, 0.40518340660883934, 0.38630043608543296, 0.9571227150322901, 0.8529838847006955, 0.5371537978405088, 0.7846941345141512, 0.7822235918518637, 0.3232297024459348, 0.7626423709220562, 0.7973959265232509, 0.2759864387273976, 0.7612125011489194, 0.9100302254424094, 0.26520650258442696, 0.7437699021927676, 0.8440480032675108], "zero_hold_worst_joint_rate_rms_rad_s": 0.9571227150322901, "zero_hold_all_joint_rate_rms_rad_s": 0.6844834014008178, "diagnostic_scope": "Time-weighted 50Hz control endpoints; nonfoot events use each control's maximum 400Hz body/coxa/femur floor force >1N. These are reporting metrics, not Stage2 admission.", "termination_reasons": {"rows": {"height": 0, "tilt": 0, "joint_limit": 3, "timeout": 0}, "multiple_physical_reason_rows": 0, "unattributed_termination_rows": 0, "termination_flag_mismatch_rows": 0, "scope": "Counts returned terminal rows with each measured predicate; reasons may overlap. Timeout counts returned truncations separately."}, "actual_target_slew": {"environment_controls": 3069, "excluded_first_or_reset_rows": 3, "limit_rad_per_control": 0.04, "occupancy_tolerance_rad": 2e-06, "by_joint": {"lf_coxa_yaw": {"at_limit_rows": 619, "at_limit_fraction": 0.20169436298468557, "beyond_limit_rows": 0}, "lf_femur_pitch": {"at_limit_rows": 654, "at_limit_fraction": 0.2130987292277615, "beyond_limit_rows": 0}, "lf_tibia_pitch": {"at_limit_rows": 982, "at_limit_fraction": 0.3199739328771587, "beyond_limit_rows": 0}, "lm_coxa_yaw": {"at_limit_rows": 1204, "at_limit_fraction": 0.39231019876181167, "beyond_limit_rows": 0}, "lm_femur_pitch": {"at_limit_rows": 789, "at_limit_fraction": 0.2570869990224829, "beyond_limit_rows": 0}, "lm_tibia_pitch": {"at_limit_rows": 896, "at_limit_fraction": 0.29195177582274356, "beyond_limit_rows": 0}, "lr_coxa_yaw": {"at_limit_rows": 1076, "at_limit_fraction": 0.35060280221570544, "beyond_limit_rows": 0}, "lr_femur_pitch": {"at_limit_rows": 729, "at_limit_fraction": 0.2375366568914956, "beyond_limit_rows": 0}, "lr_tibia_pitch": {"at_limit_rows": 854, "at_limit_fraction": 0.27826653633105247, "beyond_limit_rows": 0}, "rf_coxa_yaw": {"at_limit_rows": 589, "at_limit_fraction": 0.1919191919191919, "beyond_limit_rows": 0}, "rf_femur_pitch": {"at_limit_rows": 832, "at_limit_fraction": 0.27109807754969045, "beyond_limit_rows": 0}, "rf_tibia_pitch": {"at_limit_rows": 793, "at_limit_fraction": 0.2583903551645487, "beyond_limit_rows": 0}, "rm_coxa_yaw": {"at_limit_rows": 609, "at_limit_fraction": 0.198435972629521, "beyond_limit_rows": 0}, "rm_femur_pitch": {"at_limit_rows": 800, "at_limit_fraction": 0.2606712284131639, "beyond_limit_rows": 0}, "rm_tibia_pitch": {"at_limit_rows": 764, "at_limit_fraction": 0.24894102313457153, "beyond_limit_rows": 0}, "rr_coxa_yaw": {"at_limit_rows": 575, "at_limit_fraction": 0.18735744542196156, "beyond_limit_rows": 0}, "rr_femur_pitch": {"at_limit_rows": 922, "at_limit_fraction": 0.30042359074617137, "beyond_limit_rows": 0}, "rr_tibia_pitch": {"at_limit_rows": 989, "at_limit_fraction": 0.32225480612577384, "beyond_limit_rows": 0}}}}}
PAPER_PPO {"policy_loss": 0.009694643318653107, "value_loss": 12.99490737915039, "entropy": -15.849215507507324, "estimator_loss": 0.000672434747684747, "approx_kl": 1.9402555118119835e-09, "actor_grad_norm": 39.058502197265625, "critic_grad_norm": 41.8047981262207, "model_grad_norm": 57.211952209472656, "clip_fraction": 0.0, "discriminator_loss": 0.011292317206971348, "expert_score": 0.9983260244131088, "policy_score": -1.0021492689847946, "gradient_penalty": 0.0009616108378395438, "discriminator_expert_loss": 0.001215403398964554, "discriminator_policy_loss": 0.0052688595373183485, "ppo_batches": 1, "discriminator_batches": 20, "target_kl": 0.02, "kl_initial": 2.4322380517335464e-11, "kl_final": 0.019022226506834185, "kl_max": 0.019022226506834185, "kl_max_step_increase": 0.019022226482511805, "kl_after_model_steps": [0.019022226506834185], "early_stopped": true, "final_full_rollout_k3": 0.019407078623771667, "stop_reason": "backtracking_exhausted", "learning_rate": 0.0001, "discriminator_learning_rate": 0.0003, "rollback_kl_steps": true, "model_proposals": 2, "accepted_model_steps": 1, "rejected_model_trials": 5, "model_trial_attempts": [{"proposal": 1, "retry": 0, "learning_rate": 0.0001, "kl": 0.07650101655870788, "accepted": false}, {"proposal": 1, "retry": 1, "learning_rate": 5e-05, "kl": 0.019022226506834185, "accepted": true}, {"proposal": 2, "retry": 0, "learning_rate": 0.0001, "kl": 0.08789799630154323, "accepted": false}, {"proposal": 2, "retry": 1, "learning_rate": 5e-05, "kl": 0.04606082959733327, "accepted": false}, {"proposal": 2, "retry": 2, "learning_rate": 2.5e-05, "kl": 0.030697253416325874, "accepted": false}, {"proposal": 2, "retry": 3, "learning_rate": 1.25e-05, "kl": 0.024399267520174565, "accepted": false}], "consecutive_zero_accepted_updates": 0, "empirical_kl_scope": "Mean whole-actor KL on the fixed collected rollout; no bound on physical motion or unseen states.", "normalizer_policy_kl": 0.0, "normalizer_policy_kl_samples": 128, "normalizer_policy_kl_scope": "Same current observations and weights, before/after statistics update; reporting only", "update": 205, "transitions": 629760, "episodes": 634, "optimizer_steps": 571, "discriminator_steps": 4100, "reward": 0.44165071845054626, "task_reward": 0.4034867286682129, "style_reward": 0.03816399723291397, "action_std": 0.1003146767616272, "raw_action_abs_mean": 0.7783961892127991, "raw_action_clip_fraction": 0.3698459267616272, "return_mean": 43.228450775146484, "return_std": 4.281535625457764, "explained_variance": -0.22148382663726807, "terminated": 3, "truncated": 0, "elapsed_s": 16.00073893298395, "transitions_per_s": 39358.182308806485, "allocation_new_transitions": 15360, "allocation_new_transitions_per_s": 959.9556660684508}
PAPER_TASK {"schema": "canonical_paper_walking_task_v1", "reward_version": "canonical_quiet_quadratic_log_tail_v2", "controls_completed": 120, "command_draws": 149, "zero_command_draws": 23, "zero_draw_fraction": 0.15436241610738255, "remaining_controls": [195, 34, 61, 29, 78, 80, 48, 13, 120, 97, 71, 61, 14, 188, 31, 113, 91, 101, 41, 14, 19, 89, 58, 1, 95, 123, 196, 89, 51, 53, 56, 191, 118, 73, 124, 87, 76, 102, 44, 106, 108, 113, 4, 119, 105, 129, 74, 80, 83, 111, 96, 76, 70, 36, 12, 122, 88, 94, 99, 88, 59, 46, 73, 98, 119, 126, 51, 137, 30, 126, 128, 20, 28, 53, 115, 55, 82, 157, 31, 70, 108, 8, 38, 26, 74, 116, 46, 14, 4, 164, 4, 97, 123, 115, 236, 107, 61, 125, 74, 93, 129, 67, 78, 115, 77, 13, 54, 106, 96, 129, 34, 76, 119, 40, 2, 82, 37, 203, 52, 129, 121, 62, 86, 63, 116, 99, 10, 217], "commands": [[0.02500000037252903, 0.0, 0.0], [0.0353553406894207, 0.0353553406894207, 0.0], [0.03999999910593033, 0.0, -0.15000000596046448], [-0.01767767034471035, 0.01767767034471035, 0.0], [0.0, 0.0, 0.0], [0.01767767034471035, 0.01767767034471035, 0.0], [0.02500000037252903, 0.0, 0.0], [-0.01767767034471035, -0.01767767034471035, 0.0], [0.0, 0.0, 0.0], [-0.02500000037252903, 3.0616169246677665e-18, 0.0], [-0.02500000037252903, 3.0616169246677665e-18, 0.0], [0.0353553406894207, -0.0353553406894207, 0.0], [0.0, 0.0, 0.0], [0.0, 0.0, 0.0], [0.05000000074505806, 0.0, 0.0], [-9.184851394388759e-18, -0.05000000074505806, 0.0], [0.0, 0.0, 0.0], [0.02500000037252903, 0.0, 0.0], [-9.184851394388759e-18, -0.05000000074505806, 0.0], [0.02500000037252903, 0.0, 0.0], [-4.5924256971943795e-18, -0.02500000037252903, 0.0], [0.0353553406894207, -0.0353553406894207, 0.0], [0.05000000074505806, 0.0, 0.0], [1.5308084623338832e-18, 0.02500000037252903, 0.0], [-0.0353553406894207, 0.0353553406894207, 0.0], [0.0, 0.0, 0.0], [0.0, 0.0, 0.0], [0.0, 0.0, 0.0], [0.01767767034471035, 0.01767767034471035, 0.0], [1.5308084623338832e-18, 0.02500000037252903, 0.0], [0.0, 0.0, 0.0], [0.03999999910593033, 0.0, -0.15000000596046448], [0.0353553406894207, -0.0353553406894207, 0.0], [0.0, 0.0, 0.0], [0.0, 0.0, 0.0], [-4.5924256971943795e-18, -0.02500000037252903, 0.0], [1.5308084623338832e-18, 0.02500000037252903, 0.0], [0.03999999910593033, 0.0, 0.15000000596046448], [0.03999999910593033, 0.0, 0.15000000596046448], [-0.0353553406894207, 0.0353553406894207, 0.0], [-9.184851394388759e-18, -0.05000000074505806, 0.0], [-0.0353553406894207, 0.0353553406894207, 0.0], [-0.01767767034471035, -0.01767767034471035, 0.0], [0.03999999910593033, 0.0, 0.15000000596046448], [0.0353553406894207, -0.0353553406894207, 0.0], [1.5308084623338832e-18, 0.02500000037252903, 0.0], [-0.02500000037252903, 3.0616169246677665e-18, 0.0], [-0.01767767034471035, 0.01767767034471035, 0.0], [-0.01767767034471035, -0.01767767034471035, 0.0], [0.0, 0.0, -0.20000000298023224], [0.0, 0.0, 0.20000000298023224], [-4.5924256971943795e-18, -0.02500000037252903, 0.0], [0.01767767034471035, 0.01767767034471035, 0.0], [0.01767767034471035, 0.01767767034471035, 0.0], [-0.02500000037252903, 3.0616169246677665e-18, 0.0], [0.0, 0.0, 0.0], [0.01767767034471035, -0.01767767034471035, 0.0], [1.5308084623338832e-18, 0.02500000037252903, 0.0], [0.0353553406894207, 0.0353553406894207, 0.0], [-0.0353553406894207, -0.0353553406894207, 0.0], [0.0, 0.0, 0.0], [0.0, 0.0, 0.0], [0.05000000074505806, 0.0, 0.0], [3.0616169246677665e-18, 0.05000000074505806, 0.0], [-0.05000000074505806, 6.123233849335533e-18, 0.0], [-0.05000000074505806, 6.123233849335533e-18, 0.0], [0.03999999910593033, 0.0, 0.15000000596046448], [0.0, 0.0, -0.20000000298023224], [-0.01767767034471035, 0.01767767034471035, 0.0], [-0.0353553406894207, 0.0353553406894207, 0.0], [-0.0353553406894207, -0.0353553406894207, 0.0], [0.0, 0.0, 0.0], [0.02500000037252903, 0.0, 0.0], [0.0, 0.0, 0.20000000298023224], [-0.0353553406894207, 0.0353553406894207, 0.0], [1.5308084623338832e-18, 0.02500000037252903, 0.0], [-0.02500000037252903, 3.0616169246677665e-18, 0.0], [0.01767767034471035, -0.01767767034471035, 0.0], [0.0, 0.0, 0.20000000298023224], [0.0, 0.0, 0.0], [0.0, 0.0, 0.20000000298023224], [1.5308084623338832e-18, 0.02500000037252903, 0.0], [0.0, 0.0, -0.20000000298023224], [0.03999999910593033, 0.0, -0.15000000596046448], [0.03999999910593033, 0.0, -0.15000000596046448], [0.01767767034471035, 0.01767767034471035, 0.0], [-0.01767767034471035, -0.01767767034471035, 0.0], [0.0, 0.0, 0.20000000298023224], [0.0, 0.0, 0.20000000298023224], [-0.02500000037252903, 3.0616169246677665e-18, 0.0], [-0.05000000074505806, 6.123233849335533e-18, 0.0], [0.03999999910593033, 0.0, 0.15000000596046448], [3.0616169246677665e-18, 0.05000000074505806, 0.0], [-9.184851394388759e-18, -0.05000000074505806, 0.0], [-0.0353553406894207, 0.0353553406894207, 0.0], [-9.184851394388759e-18, -0.05000000074505806, 0.0], [0.0, 0.0, 0.20000000298023224], [0.0, 0.0, -0.20000000298023224], [0.0353553406894207, 0.0353553406894207, 0.0], [0.0353553406894207, 0.0353553406894207, 0.0], [0.0353553406894207, 0.0353553406894207, 0.0], [0.01767767034471035, -0.01767767034471035, 0.0], [0.0, 0.0, 0.0], [0.03999999910593033, 0.0, 0.15000000596046448], [1.5308084623338832e-18, 0.02500000037252903, 0.0], [0.01767767034471035, 0.01767767034471035, 0.0], [3.0616169246677665e-18, 0.05000000074505806, 0.0], [0.0, 0.0, -0.20000000298023224], [0.0, 0.0, 0.0], [0.02500000037252903, 0.0, 0.0], [3.0616169246677665e-18, 0.05000000074505806, 0.0], [-4.5924256971943795e-18, -0.02500000037252903, 0.0], [1.5308084623338832e-18, 0.02500000037252903, 0.0], [-0.0353553406894207, -0.0353553406894207, 0.0], [-0.05000000074505806, 6.123233849335533e-18, 0.0], [0.0, 0.0, 0.0], [0.03999999910593033, 0.0, -0.15000000596046448], [0.01767767034471035, -0.01767767034471035, 0.0], [0.05000000074505806, 0.0, 0.0], [0.0, 0.0, 0.0], [0.0, 0.0, 0.0], [3.0616169246677665e-18, 0.05000000074505806, 0.0], [0.0, 0.0, -0.20000000298023224], [0.0, 0.0, 0.20000000298023224], [0.03999999910593033, 0.0, 0.15000000596046448], [0.0353553406894207, 0.0353553406894207, 0.0], [0.0, 0.0, 0.0], [-0.05000000074505806, 6.123233849335533e-18, 0.0]], "stage2_complete": false, "proximity": {"checks": 277, "minimum_sphere_gap_m": 0.99067622423172, "failure": null, "collision_filter_present": false}, "cumulative_metrics": {"environment_controls": 15360, "signed_navigation_velocity_error_mps": [-0.0057612997479736805, -0.0014708064263686538], "absolute_navigation_velocity_error_mps": [0.03866460919380188, 0.033553432673215866], "achieved_planar_speed_mps": 0.04750487208366394, "requested_planar_speed_mps": 0.027194349095225334, "signed_command_direction_speed_mps": 0.002676165197044611, "moving_command_rows": 11044, "signed_yaw_error_rad_s": -0.062462810426950455, "absolute_yaw_error_rad_s": 0.15131741762161255, "requested_saturation_fraction": 0.023315437138080597, "terminations": 11, "truncations": 0, "zero_command_rows": 2452, "nonfoot_event_rows": 0, "moving_signed_command_direction_speed_mps": 0.0037220103192144582, "nonfoot_event_fraction": 0.0, "task_reward_sum": 5028.177003878169, "task_reward_mean": 0.32735527368998496, "reward_components": {"linear_tracking": {"sum": 3365.4125225488924, "absolute_sum": 3365.4125225488924, "mean": 0.21910237777011018, "mean_absolute": 0.21910237777011018}, "yaw_tracking": {"sum": 2963.748880230895, "absolute_sum": 2963.748880230895, "mean": 0.1929524010566989, "mean_absolute": 0.1929524010566989}, "quiet_joint_rate": {"sum": -889.1073040664196, "absolute_sum": 889.1073040664196, "mean": -0.05788459010849086, "mean_absolute": 0.05788459010849086}, "quiet_target_motion": {"sum": -305.09167889505625, "absolute_sum": 305.09167889505625, "mean": -0.01986273951139689, "mean_absolute": 0.01986273951139689}, "tilt": {"sum": -6.0784100084161965, "absolute_sum": 6.0784100084161965, "mean": -0.0003957298182562628, "mean_absolute": 0.0003957298182562628}, "roll_pitch_rate": {"sum": -3.144261423825264, "absolute_sum": 3.144261423825264, "mean": -0.0002047045197802906, "mean_absolute": 0.0002047045197802906}, "vertical_velocity": {"sum": -2.1121740240408426, "absolute_sum": 2.1121740240408426, "mean": -0.00013751132969015904, "mean_absolute": 0.00013751132969015904}, "height": {"sum": -16.252883756226314, "absolute_sum": 16.252883756226314, "mean": -0.0010581304528793174, "mean_absolute": 0.0010581304528793174}, "effort": {"sum": -22.338299520233704, "absolute_sum": 22.338299520233704, "mean": -0.001454316375015215, "mean_absolute": 0.001454316375015215}, "target_motion": {"sum": -34.85938552810694, "absolute_sum": 34.85938552810694, "mean": -0.0022694912453194624, "mean_absolute": 0.0022694912453194624}, "nonfoot_contact": {"sum": 0.0, "absolute_sum": 0.0, "mean": 0.0, "mean_absolute": 0.0}, "termination": {"sum": -22.0, "absolute_sum": 22.0, "mean": -0.0014322916666666666, "mean_absolute": 0.0014322916666666666}}, "command_classes": {"zero": {"environment_controls": 2452, "time_fraction": 0.15963541666666667, "task_reward_mean": 0.03264361307109276, "reward_component_means": {"linear_tracking": 0.3091286809963033, "yaw_tracking": 0.2156177340418188, "quiet_joint_rate": -0.36260493640555447, "quiet_target_motion": -0.12442564392131168, "tilt": -0.00033771530029234697, "roll_pitch_rate": -0.00022886427644596346, "vertical_velocity": -0.0001512308692432065, "height": -0.0005568513972765066, "effort": -0.0013606507754794215, "target_motion": -0.0024369084961955636, "nonfoot_contact": 0.0, "termination": 0.0}, "reward_component_mean_absolute": {"linear_tracking": 0.3091286809963033, "yaw_tracking": 0.2156177340418188, "quiet_joint_rate": 0.36260493640555447, "quiet_target_motion": 0.12442564392131168, "tilt": 0.00033771530029234697, "roll_pitch_rate": 0.00022886427644596346, "vertical_velocity": 0.0001512308692432065, "height": 0.0005568513972765066, "effort": 0.0013606507754794215, "target_motion": 0.0024369084961955636, "nonfoot_contact": 0.0, "termination": 0.0}, "requested_planar_speed_mps": 0.0, "moving_command_rows": 0, "moving_signed_command_direction_speed_mps": null, "nonfoot_event_fraction": 0.0}, "linear_0.025": {"environment_controls": 4669, "time_fraction": 0.30397135416666665, "task_reward_mean": 0.45614276883153165, "reward_component_means": {"linear_tracking": 0.24943775075129598, "yaw_tracking": 0.21263947254190704, "quiet_joint_rate": 0.0, "quiet_target_motion": 0.0, "tilt": -0.00036796051919003024, "roll_pitch_rate": -0.0002070585883100721, "vertical_velocity": -0.00014418274582524588, "height": -0.0011263280824248762, "effort": -0.001406954191019043, "target_motion": -0.0022536128632583956, "nonfoot_contact": 0.0, "termination": -0.00042835724994645533}, "reward_component_mean_absolute": {"linear_tracking": 0.24943775075129598, "yaw_tracking": 0.21263947254190704, "quiet_joint_rate": 0.0, "quiet_target_motion": 0.0, "tilt": 0.00036796051919003024, "roll_pitch_rate": 0.0002070585883100721, "vertical_velocity": 0.00014418274582524588, "height": 0.0011263280824248762, "effort": 0.001406954191019043, "target_motion": 0.0022536128632583956, "nonfoot_contact": 0.0, "termination": 0.00042835724994645533}, "requested_planar_speed_mps": 0.02500000037252903, "moving_command_rows": 4669, "moving_signed_command_direction_speed_mps": 0.0018505084760425138, "nonfoot_event_fraction": 0.0}, "linear_0.05": {"environment_controls": 4598, "time_fraction": 0.29934895833333336, "task_reward_mean": 0.3205172759360764, "reward_component_means": {"linear_tracking": 0.1141106749829206, "yaw_tracking": 0.21457969738087437, "quiet_joint_rate": 0.0, "quiet_target_motion": 0.0, "tilt": -0.0004883650580046068, "roll_pitch_rate": -0.00019628898432020155, "vertical_velocity": -0.00012253563309693708, "height": -0.0010923185033278986, "effort": -0.0014567811059489645, "target_motion": -0.0022069766049418846, "nonfoot_contact": 0.0, "termination": -0.0026098303610265334}, "reward_component_mean_absolute": {"linear_tracking": 0.1141106749829206, "yaw_tracking": 0.21457969738087437, "quiet_joint_rate": 0.0, "quiet_target_motion": 0.0, "tilt": 0.0004883650580046068, "roll_pitch_rate": 0.00019628898432020155, "vertical_velocity": 0.00012253563309693708, "height": 0.0010923185033278986, "effort": 0.0014567811059489645, "target_motion": 0.0022069766049418846, "nonfoot_contact": 0.0, "termination": 0.0026098303610265334}, "requested_planar_speed_mps": 0.05000000074505806, "moving_command_rows": 4598, "moving_signed_command_direction_speed_mps": 0.004148214194627974, "nonfoot_event_fraction": 0.0}, "yaw": {"environment_controls": 1864, "time_fraction": 0.12135416666666667, "task_reward_mean": 0.46802861977040333, "reward_component_means": {"linear_tracking": 0.3617011688875526, "yaw_tracking": 0.11320454265347182, "quiet_joint_rate": 0.0, "quiet_target_motion": 0.0, "tilt": -0.00034217239503147597, "roll_pitch_rate": -0.00017289633923909734, "vertical_velocity": -0.00012908651524015614, "height": -0.0015029509772263201, "effort": -0.0014929998624445499, "target_motion": -0.0021640248524377077, "nonfoot_contact": 0.0, "termination": -0.001072961373390558}, "reward_component_mean_absolute": {"linear_tracking": 0.3617011688875526, "yaw_tracking": 0.11320454265347182, "quiet_joint_rate": 0.0, "quiet_target_motion": 0.0, "tilt": 0.00034217239503147597, "roll_pitch_rate": 0.00017289633923909734, "vertical_velocity": 0.00012908651524015614, "height": 0.0015029509772263201, "effort": 0.0014929998624445499, "target_motion": 0.0021640248524377077, "nonfoot_contact": 0.0, "termination": 0.001072961373390558}, "requested_planar_speed_mps": 0.0, "moving_command_rows": 0, "moving_signed_command_direction_speed_mps": null, "nonfoot_event_fraction": 0.0}, "arc": {"environment_controls": 1777, "time_fraction": 0.11569010416666667, "task_reward_mean": 0.26576279963270516, "reward_component_means": {"linear_tracking": 0.13726070687129344, "yaw_tracking": 0.13764197129930164, "quiet_joint_rate": 0.0, "quiet_target_motion": 0.0, "tilt": -0.00036522934550211445, "roll_pitch_rate": -0.00022032309674399029, "vertical_velocity": -0.00014863848453070265, "height": -0.001015575246714145, "effort": -0.0016610486393586219, "target_motion": -0.002352586765568541, "nonfoot_contact": 0.0, "termination": -0.0033764772087788407}, "reward_component_mean_absolute": {"linear_tracking": 0.13726070687129344, "yaw_tracking": 0.13764197129930164, "quiet_joint_rate": 0.0, "quiet_target_motion": 0.0, "tilt": 0.00036522934550211445, "roll_pitch_rate": 0.00022032309674399029, "vertical_velocity": 0.00014863848453070265, "height": 0.001015575246714145, "effort": 0.0016610486393586219, "target_motion": 0.002352586765568541, "nonfoot_contact": 0.0, "termination": 0.0033764772087788407}, "requested_planar_speed_mps": 0.03999999910593033, "moving_command_rows": 1777, "moving_signed_command_direction_speed_mps": 0.007536504796771276, "nonfoot_event_fraction": 0.0}, "other": {"environment_controls": 0, "time_fraction": 0.0, "task_reward_mean": null, "reward_component_means": {"linear_tracking": null, "yaw_tracking": null, "quiet_joint_rate": null, "quiet_target_motion": null, "tilt": null, "roll_pitch_rate": null, "vertical_velocity": null, "height": null, "effort": null, "target_motion": null, "nonfoot_contact": null, "termination": null}, "reward_component_mean_absolute": {"linear_tracking": null, "yaw_tracking": null, "quiet_joint_rate": null, "quiet_target_motion": null, "tilt": null, "roll_pitch_rate": null, "vertical_velocity": null, "height": null, "effort": null, "target_motion": null, "nonfoot_contact": null, "termination": null}, "requested_planar_speed_mps": null, "moving_command_rows": 0, "moving_signed_command_direction_speed_mps": null, "nonfoot_event_fraction": null}}, "zero_hold_joint_rate_rms_rad_s": [0.5648015770244917, 0.945528301152806, 0.46084233061561736, 0.49722715391237954, 1.110259449728738, 1.4975080840276827, 0.6639216749339898, 0.8452562426968155, 0.9726929589588935, 0.689405872627855, 0.9014013227545222, 1.0091450694486193, 0.5690243920745995, 0.8516765525733571, 0.9664762471882787, 0.510116531837909, 0.8766516739511047, 1.1601560073253365], "zero_hold_worst_joint_rate_rms_rad_s": 1.4975080840276827, "zero_hold_all_joint_rate_rms_rad_s": 0.8791826666896546, "diagnostic_scope": "Time-weighted 50Hz control endpoints; nonfoot events use each control's maximum 400Hz body/coxa/femur floor force >1N. These are reporting metrics, not Stage2 admission.", "termination_reasons": {"rows": {"height": 0, "tilt": 0, "joint_limit": 11, "timeout": 0}, "multiple_physical_reason_rows": 0, "unattributed_termination_rows": 0, "termination_flag_mismatch_rows": 0, "scope": "Counts returned terminal rows with each measured predicate; reasons may overlap. Timeout counts returned truncations separately."}, "actual_target_slew": {"environment_controls": 15221, "excluded_first_or_reset_rows": 139, "limit_rad_per_control": 0.04, "occupancy_tolerance_rad": 2e-06, "by_joint": {"lf_coxa_yaw": {"at_limit_rows": 3710, "at_limit_fraction": 0.24374219827869392, "beyond_limit_rows": 0}, "lf_femur_pitch": {"at_limit_rows": 4463, "at_limit_fraction": 0.2932133236975232, "beyond_limit_rows": 0}, "lf_tibia_pitch": {"at_limit_rows": 5441, "at_limit_fraction": 0.35746665790683924, "beyond_limit_rows": 0}, "lm_coxa_yaw": {"at_limit_rows": 6264, "at_limit_fraction": 0.41153669272715326, "beyond_limit_rows": 0}, "lm_femur_pitch": {"at_limit_rows": 4884, "at_limit_fraction": 0.3208724788121674, "beyond_limit_rows": 0}, "lm_tibia_pitch": {"at_limit_rows": 5551, "at_limit_fraction": 0.36469351553774393, "beyond_limit_rows": 0}, "lr_coxa_yaw": {"at_limit_rows": 5717, "at_limit_fraction": 0.3755995006898364, "beyond_limit_rows": 0}, "lr_femur_pitch": {"at_limit_rows": 4564, "at_limit_fraction": 0.29984889297680833, "beyond_limit_rows": 0}, "lr_tibia_pitch": {"at_limit_rows": 4968, "at_limit_fraction": 0.32639117009394913, "beyond_limit_rows": 0}, "rf_coxa_yaw": {"at_limit_rows": 3630, "at_limit_fraction": 0.23848630181985414, "beyond_limit_rows": 0}, "rf_femur_pitch": {"at_limit_rows": 5086, "at_limit_fraction": 0.3341436173707378, "beyond_limit_rows": 0}, "rf_tibia_pitch": {"at_limit_rows": 4829, "at_limit_fraction": 0.31725904999671506, "beyond_limit_rows": 0}, "rm_coxa_yaw": {"at_limit_rows": 3542, "at_limit_fraction": 0.2327048157151304, "beyond_limit_rows": 0}, "rm_femur_pitch": {"at_limit_rows": 4878, "at_limit_fraction": 0.3204782865777544, "beyond_limit_rows": 0}, "rm_tibia_pitch": {"at_limit_rows": 4905, "at_limit_fraction": 0.32225215163261284, "beyond_limit_rows": 0}, "rr_coxa_yaw": {"at_limit_rows": 3818, "at_limit_fraction": 0.2508376584981276, "beyond_limit_rows": 0}, "rr_femur_pitch": {"at_limit_rows": 5294, "at_limit_fraction": 0.34780894816372115, "beyond_limit_rows": 0}, "rr_tibia_pitch": {"at_limit_rows": 5529, "at_limit_fraction": 0.36324814401156297, "beyond_limit_rows": 0}}}}, "interval_metrics": {"environment_controls": 3072, "signed_navigation_velocity_error_mps": [-0.002959717996418476, 0.00013588044384960085], "absolute_navigation_velocity_error_mps": [0.030718421563506126, 0.027587687596678734], "achieved_planar_speed_mps": 0.034335725009441376, "requested_planar_speed_mps": 0.026975907385349274, "signed_command_direction_speed_mps": -5.018185402150266e-05, "moving_command_rows": 2212, "signed_yaw_error_rad_s": -0.018922636285424232, "absolute_yaw_error_rad_s": 0.10739558190107346, "requested_saturation_fraction": 0.025212040171027184, "terminations": 3, "truncations": 0, "zero_command_rows": 518, "nonfoot_event_rows": 0, "moving_signed_command_direction_speed_mps": -6.969180814395171e-05, "nonfoot_event_fraction": 0.0, "task_reward_sum": 1239.511199392262, "task_reward_mean": 0.4034867185521686, "reward_components": {"linear_tracking": {"sum": 831.7152202079982, "absolute_sum": 831.7152202079982, "mean": 0.2707406315781244, "mean_absolute": 0.2707406315781244}, "yaw_tracking": {"sum": 679.5335391830705, "absolute_sum": 679.5335391830705, "mean": 0.22120232395282244, "mean_absolute": 0.22120232395282244}, "quiet_joint_rate": {"sum": -184.59501440823078, "absolute_sum": 184.59501440823078, "mean": -0.06008952291934596, "mean_absolute": 0.06008952291934596}, "quiet_target_motion": {"sum": -63.65444305539131, "absolute_sum": 63.65444305539131, "mean": -0.02072084734876019, "mean_absolute": 0.02072084734876019}, "tilt": {"sum": -1.359481840454815, "absolute_sum": 1.359481840454815, "mean": -0.0004425396616063851, "mean_absolute": 0.0004425396616063851}, "roll_pitch_rate": {"sum": -0.4659586468191961, "absolute_sum": 0.4659586468191961, "mean": -0.00015167924701145705, "mean_absolute": 0.00015167924701145705}, "vertical_velocity": {"sum": -0.23928340541511278, "absolute_sum": 0.23928340541511278, "mean": -7.789173353356535e-05, "mean_absolute": 7.789173353356535e-05}, "height": {"sum": -5.328739509488089, "absolute_sum": 5.328739509488089, "mean": -0.0017346157257448205, "mean_absolute": 0.0017346157257448205}, "effort": {"sum": -4.366599431290524, "absolute_sum": 4.366599431290524, "mean": -0.0014214190857065507, "mean_absolute": 0.0014214190857065507}, "target_motion": {"sum": -5.72803775491775, "absolute_sum": 5.72803775491775, "mean": -0.0018645956233456218, "mean_absolute": 0.0018645956233456218}, "nonfoot_contact": {"sum": 0.0, "absolute_sum": 0.0, "mean": 0.0, "mean_absolute": 0.0}, "termination": {"sum": -6.0, "absolute_sum": 6.0, "mean": -0.001953125, "mean_absolute": 0.001953125}}, "command_classes": {"zero": {"environment_controls": 518, "time_fraction": 0.16861979166666666, "task_reward_mean": 0.09177336841596931, "reward_component_means": {"linear_tracking": 0.3452223842601335, "yaw_tracking": 0.2309858880829889, "quiet_joint_rate": -0.3563610316761212, "quiet_target_motion": -0.12288502520345813, "tilt": -0.00039170419214245726, "roll_pitch_rate": -0.0002174341349375916, "vertical_velocity": -0.00015028362469732227, "height": -0.0007725515398138729, "effort": -0.0013731990871311823, "target_motion": -0.0022836751580435216, "nonfoot_contact": 0.0, "termination": 0.0}, "reward_component_mean_absolute": {"linear_tracking": 0.3452223842601335, "yaw_tracking": 0.2309858880829889, "quiet_joint_rate": 0.3563610316761212, "quiet_target_motion": 0.12288502520345813, "tilt": 0.00039170419214245726, "roll_pitch_rate": 0.0002174341349375916, "vertical_velocity": 0.00015028362469732227, "height": 0.0007725515398138729, "effort": 0.0013731990871311823, "target_motion": 0.0022836751580435216, "nonfoot_contact": 0.0, "termination": 0.0}, "requested_planar_speed_mps": 0.0, "moving_command_rows": 0, "moving_signed_command_direction_speed_mps": null, "nonfoot_event_fraction": 0.0}, "linear_0.025": {"environment_controls": 976, "time_fraction": 0.3177083333333333, "task_reward_mean": 0.5635810770627806, "reward_component_means": {"linear_tracking": 0.3197911496780866, "yaw_tracking": 0.2495911633476714, "quiet_joint_rate": 0.0, "quiet_target_motion": 0.0, "tilt": -0.00039148964168362303, "roll_pitch_rate": -0.00012868295268419493, "vertical_velocity": -7.472537958546197e-05, "height": -0.002066401469649934, "effort": -0.0013934081545186451, "target_motion": -0.0017465265914995785, "nonfoot_contact": 0.0, "termination": 0.0}, "reward_component_mean_absolute": {"linear_tracking": 0.3197911496780866, "yaw_tracking": 0.2495911633476714, "quiet_joint_rate": 0.0, "quiet_target_motion": 0.0, "tilt": 0.00039148964168362303, "roll_pitch_rate": 0.00012868295268419493, "vertical_velocity": 7.472537958546197e-05, "height": 0.002066401469649934, "effort": 0.0013934081545186451, "target_motion": 0.0017465265914995785, "nonfoot_contact": 0.0, "termination": 0.0}, "requested_planar_speed_mps": 0.02500000037252903, "moving_command_rows": 976, "moving_signed_command_direction_speed_mps": -0.0005872100348015606, "nonfoot_event_fraction": 0.0}, "linear_0.05": {"environment_controls": 903, "time_fraction": 0.2939453125, "task_reward_mean": 0.3571859305605379, "reward_component_means": {"linear_tracking": 0.12079544639850665, "yaw_tracking": 0.2486788323232984, "quiet_joint_rate": 0.0, "quiet_target_motion": 0.0, "tilt": -0.0005672692403081084, "roll_pitch_rate": -0.00014572617314746262, "vertical_velocity": -5.5454023649501175e-05, "height": -0.0016848081429820965, "effort": -0.0013778169077572518, "target_motion": -0.0018127543767870343, "nonfoot_contact": 0.0, "termination": -0.006644518272425249}, "reward_component_mean_absolute": {"linear_tracking": 0.12079544639850665, "yaw_tracking": 0.2486788323232984, "quiet_joint_rate": 0.0, "quiet_target_motion": 0.0, "tilt": 0.0005672692403081084, "roll_pitch_rate": 0.00014572617314746262, "vertical_velocity": 5.5454023649501175e-05, "height": 0.0016848081429820965, "effort": 0.0013778169077572518, "target_motion": 0.0018127543767870343, "nonfoot_contact": 0.0, "termination": 0.006644518272425249}, "requested_planar_speed_mps": 0.05000000074505806, "moving_command_rows": 903, "moving_signed_command_direction_speed_mps": 0.00038878272827660537, "nonfoot_event_fraction": 0.0}, "yaw": {"environment_controls": 342, "time_fraction": 0.111328125, "task_reward_mean": 0.618986854770858, "reward_component_means": {"linear_tracking": 0.5032521541291354, "yaw_tracking": 0.1216343287113041, "quiet_joint_rate": 0.0, "quiet_target_motion": 0.0, "tilt": -0.0003994287556176561, "roll_pitch_rate": -0.0001320427838739526, "vertical_velocity": -4.876107896067082e-05, "height": -0.0022089320642133454, "effort": -0.0014357670575886835, "target_motion": -0.0016746955448203333, "nonfoot_contact": 0.0, "termination": 0.0}, "reward_component_mean_absolute": {"linear_tracking": 0.5032521541291354, "yaw_tracking": 0.1216343287113041, "quiet_joint_rate": 0.0, "quiet_target_motion": 0.0, "tilt": 0.0003994287556176561, "roll_pitch_rate": 0.0001320427838739526, "vertical_velocity": 4.876107896067082e-05, "height": 0.0022089320642133454, "effort": 0.0014357670575886835, "target_motion": 0.0016746955448203333, "nonfoot_contact": 0.0, "termination": 0.0}, "requested_planar_speed_mps": 0.0, "moving_command_rows": 0, "moving_signed_command_direction_speed_mps": null, "nonfoot_event_fraction": 0.0}, "arc": {"environment_controls": 333, "time_fraction": 0.1083984375, "task_reward_mean": 0.32337856970485523, "reward_component_means": {"linear_tracking": 0.1789289437400023, "yaw_tracking": 0.15052837153618714, "quiet_joint_rate": 0.0, "quiet_target_motion": 0.0, "tilt": -0.00037728654721425194, "roll_pitch_rate": -0.00015310461460870528, "vertical_velocity": -6.532506001933931e-05, "height": -0.0019066470222593704, "effort": -0.0016820268586974355, "target_motion": -0.0018943573308719864, "nonfoot_contact": 0.0, "termination": 0.0}, "reward_component_mean_absolute": {"linear_tracking": 0.1789289437400023, "yaw_tracking": 0.15052837153618714, "quiet_joint_rate": 0.0, "quiet_target_motion": 0.0, "tilt": 0.00037728654721425194, "roll_pitch_rate": 0.00015310461460870528, "vertical_velocity": 6.532506001933931e-05, "height": 0.0019066470222593704, "effort": 0.0016820268586974355, "target_motion": 0.0018943573308719864, "nonfoot_contact": 0.0, "termination": 0.0}, "requested_planar_speed_mps": 0.03999999910593033, "moving_command_rows": 333, "moving_signed_command_direction_speed_mps": 0.0002038675997541363, "nonfoot_event_fraction": 0.0}, "other": {"environment_controls": 0, "time_fraction": 0.0, "task_reward_mean": null, "reward_component_means": {"linear_tracking": null, "yaw_tracking": null, "quiet_joint_rate": null, "quiet_target_motion": null, "tilt": null, "roll_pitch_rate": null, "vertical_velocity": null, "height": null, "effort": null, "target_motion": null, "nonfoot_contact": null, "termination": null}, "reward_component_mean_absolute": {"linear_tracking": null, "yaw_tracking": null, "quiet_joint_rate": null, "quiet_target_motion": null, "tilt": null, "roll_pitch_rate": null, "vertical_velocity": null, "height": null, "effort": null, "target_motion": null, "nonfoot_contact": null, "termination": null}, "requested_planar_speed_mps": null, "moving_command_rows": 0, "moving_signed_command_direction_speed_mps": null, "nonfoot_event_fraction": null}}, "zero_hold_joint_rate_rms_rad_s": [0.47249879941033207, 0.8627274478768088, 0.38370358859685927, 0.3999330216289018, 1.07070273278919, 1.4397055488395298, 0.6431199841128964, 0.8232050513270978, 1.4831023328993236, 0.504524156474999, 0.8994185549826165, 1.2333980560973927, 0.4597816120276721, 0.8034097277373228, 0.8439097180038868, 0.43037292242174063, 0.9071955862256802, 1.4548936627149813], "zero_hold_worst_joint_rate_rms_rad_s": 1.4831023328993236, "zero_hold_all_joint_rate_rms_rad_s": 0.9148013370798528, "diagnostic_scope": "Time-weighted 50Hz control endpoints; nonfoot events use each control's maximum 400Hz body/coxa/femur floor force >1N. These are reporting metrics, not Stage2 admission.", "termination_reasons": {"rows": {"height": 0, "tilt": 0, "joint_limit": 3, "timeout": 0}, "multiple_physical_reason_rows": 0, "unattributed_termination_rows": 0, "termination_flag_mismatch_rows": 0, "scope": "Counts returned terminal rows with each measured predicate; reasons may overlap. Timeout counts returned truncations separately."}, "actual_target_slew": {"environment_controls": 3069, "excluded_first_or_reset_rows": 3, "limit_rad_per_control": 0.04, "occupancy_tolerance_rad": 2e-06, "by_joint": {"lf_coxa_yaw": {"at_limit_rows": 629, "at_limit_fraction": 0.2049527533398501, "beyond_limit_rows": 0}, "lf_femur_pitch": {"at_limit_rows": 531, "at_limit_fraction": 0.17302052785923755, "beyond_limit_rows": 0}, "lf_tibia_pitch": {"at_limit_rows": 902, "at_limit_fraction": 0.2939068100358423, "beyond_limit_rows": 0}, "lm_coxa_yaw": {"at_limit_rows": 1187, "at_limit_fraction": 0.38677093515803196, "beyond_limit_rows": 0}, "lm_femur_pitch": {"at_limit_rows": 700, "at_limit_fraction": 0.22808732486151842, "beyond_limit_rows": 0}, "lm_tibia_pitch": {"at_limit_rows": 852, "at_limit_fraction": 0.2776148582600195, "beyond_limit_rows": 0}, "lr_coxa_yaw": {"at_limit_rows": 1037, "at_limit_fraction": 0.3378950798305637, "beyond_limit_rows": 0}, "lr_femur_pitch": {"at_limit_rows": 667, "at_limit_fraction": 0.2173346366894754, "beyond_limit_rows": 0}, "lr_tibia_pitch": {"at_limit_rows": 786, "at_limit_fraction": 0.2561094819159335, "beyond_limit_rows": 0}, "rf_coxa_yaw": {"at_limit_rows": 595, "at_limit_fraction": 0.19387422613229066, "beyond_limit_rows": 0}, "rf_femur_pitch": {"at_limit_rows": 752, "at_limit_fraction": 0.24503095470837408, "beyond_limit_rows": 0}, "rf_tibia_pitch": {"at_limit_rows": 716, "at_limit_fraction": 0.23330074942978168, "beyond_limit_rows": 0}, "rm_coxa_yaw": {"at_limit_rows": 574, "at_limit_fraction": 0.1870316063864451, "beyond_limit_rows": 0}, "rm_femur_pitch": {"at_limit_rows": 718, "at_limit_fraction": 0.2339524275008146, "beyond_limit_rows": 0}, "rm_tibia_pitch": {"at_limit_rows": 746, "at_limit_fraction": 0.24307592049527532, "beyond_limit_rows": 0}, "rr_coxa_yaw": {"at_limit_rows": 650, "at_limit_fraction": 0.21179537308569565, "beyond_limit_rows": 0}, "rr_femur_pitch": {"at_limit_rows": 844, "at_limit_fraction": 0.2750081459758879, "beyond_limit_rows": 0}, "rr_tibia_pitch": {"at_limit_rows": 879, "at_limit_fraction": 0.28641251221896386, "beyond_limit_rows": 0}}}}}
PAPER_PPO {"policy_loss": -0.007321745855733752, "value_loss": 4.328474855422973, "entropy": -15.848594570159912, "estimator_loss": 0.0005298164309351705, "approx_kl": 0.016253712272737177, "actor_grad_norm": 31.014076805114748, "critic_grad_norm": 25.027429080009462, "model_grad_norm": 40.86238508224487, "clip_fraction": 0.24218750819563867, "discriminator_loss": 0.005796251655556262, "expert_score": 0.9989275246858597, "policy_score": -0.9997639894485474, "gradient_penalty": 0.0006838016270194203, "discriminator_expert_loss": 0.0004193268221570179, "discriminator_policy_loss": 0.0019579166953917594, "ppo_batches": 20, "discriminator_batches": 20, "target_kl": 0.02, "kl_initial": 2.5542811789291964e-11, "kl_final": 0.017118207158393725, "kl_max": 0.01987713596109525, "kl_max_step_increase": 0.009256621687015756, "kl_after_model_steps": [0.0059473342588954635, 0.015203955945911219, 0.01832888702450792, 0.017569542884884427, 0.01789697263474205, 0.018130487573951692, 0.01987713596109525, 0.019363789691592866, 0.018637277708554764, 0.01917146604142996, 0.019019793009872825, 0.01704190240372096, 0.017794670224819467, 0.018483092312598783, 0.01623132453708826, 0.018036686107397032, 0.01734299333672222, 0.016080187628080708, 0.01566130476455552, 0.017118207158393725], "early_stopped": false, "final_full_rollout_k3": 0.01683753728866577, "stop_reason": null, "learning_rate": 0.0001, "discriminator_learning_rate": 0.0003, "rollback_kl_steps": true, "model_proposals": 20, "accepted_model_steps": 20, "rejected_model_trials": 38, "model_trial_attempts": [{"proposal": 1, "retry": 0, "learning_rate": 0.0001, "kl": 0.09529743388092815, "accepted": false}, {"proposal": 1, "retry": 1, "learning_rate": 5e-05, "kl": 0.02380103111666819, "accepted": false}, {"proposal": 1, "retry": 2, "learning_rate": 2.5e-05, "kl": 0.0059473342588954635, "accepted": true}, {"proposal": 2, "retry": 0, "learning_rate": 0.0001, "kl": 0.07389161108739878, "accepted": false}, {"proposal": 2, "retry": 1, "learning_rate": 5e-05, "kl": 0.029603778216914848, "accepted": false}, {"proposal": 2, "retry": 2, "learning_rate": 2.5e-05, "kl": 0.015203955945911219, "accepted": true}, {"proposal": 3, "retry": 0, "learning_rate": 0.0001, "kl": 0.041908985250670966, "accepted": false}, {"proposal": 3, "retry": 1, "learning_rate": 5e-05, "kl": 0.02381959118413033, "accepted": false}, {"proposal": 3, "retry": 2, "learning_rate": 2.5e-05, "kl": 0.01832888702450792, "accepted": true}, {"proposal": 4, "retry": 0, "learning_rate": 0.0001, "kl": 0.03972275967764977, "accepted": false}, {"proposal": 4, "retry": 1, "learning_rate": 5e-05, "kl": 0.017569542884884427, "accepted": true}, {"proposal": 5, "retry": 0, "learning_rate": 0.0001, "kl": 0.0353917241436245, "accepted": false}, {"proposal": 5, "retry": 1, "learning_rate": 5e-05, "kl": 0.02098105227310544, "accepted": false}, {"proposal": 5, "retry": 2, "learning_rate": 2.5e-05, "kl": 0.01789697263474205, "accepted": true}, {"proposal": 6, "retry": 0, "learning_rate": 0.0001, "kl": 0.03177639656983295, "accepted": false}, {"proposal": 6, "retry": 1, "learning_rate": 5e-05, "kl": 0.018130487573951692, "accepted": true}, {"proposal": 7, "retry": 0, "learning_rate": 0.0001, "kl": 0.03341610748720412, "accepted": false}, {"proposal": 7, "retry": 1, "learning_rate": 5e-05, "kl": 0.01987713596109525, "accepted": true}, {"proposal": 8, "retry": 0, "learning_rate": 0.0001, "kl": 0.04947643511525725, "accepted": false}, {"proposal": 8, "retry": 1, "learning_rate": 5e-05, "kl": 0.02506181302954509, "accepted": false}, {"proposal": 8, "retry": 2, "learning_rate": 2.5e-05, "kl": 0.020058153808711326, "accepted": false}, {"proposal": 8, "retry": 3, "learning_rate": 1.25e-05, "kl": 0.019363789691592866, "accepted": true}, {"proposal": 9, "retry": 0, "learning_rate": 0.0001, "kl": 0.0765737970224175, "accepted": false}, {"proposal": 9, "retry": 1, "learning_rate": 5e-05, "kl": 0.029993080158519918, "accepted": false}, {"proposal": 9, "retry": 2, "learning_rate": 2.5e-05, "kl": 0.0201691388686953, "accepted": false}, {"proposal": 9, "retry": 3, "learning_rate": 1.25e-05, "kl": 0.018637277708554764, "accepted": true}, {"proposal": 10, "retry": 0, "learning_rate": 0.0001, "kl": 0.07705764834530028, "accepted": false}, {"proposal": 10, "retry": 1, "learning_rate": 5e-05, "kl": 0.03237067873994006, "accepted": false}, {"proposal": 10, "retry": 2, "learning_rate": 2.5e-05, "kl": 0.02163789100996365, "accepted": false}, {"proposal": 10, "retry": 3, "learning_rate": 1.25e-05, "kl": 0.01917146604142996, "accepted": true}, {"proposal": 11, "retry": 0, "learning_rate": 0.0001, "kl": 0.0684223773138026, "accepted": false}, {"proposal": 11, "retry": 1, "learning_rate": 5e-05, "kl": 0.029353589079389973, "accepted": false}, {"proposal": 11, "retry": 2, "learning_rate": 2.5e-05, "kl": 0.020664145775722894, "accepted": false}, {"proposal": 11, "retry": 3, "learning_rate": 1.25e-05, "kl": 0.019019793009872825, "accepted": true}, {"proposal": 12, "retry": 0, "learning_rate": 0.0001, "kl": 0.04102612603856221, "accepted": false}, {"proposal": 12, "retry": 1, "learning_rate": 5e-05, "kl": 0.02003337807184285, "accepted": false}, {"proposal": 12, "retry": 2, "learning_rate": 2.5e-05, "kl": 0.01704190240372096, "accepted": true}, {"proposal": 13, "retry": 0, "learning_rate": 0.0001, "kl": 0.029993699547751794, "accepted": false}, {"proposal": 13, "retry": 1, "learning_rate": 5e-05, "kl": 0.017794670224819467, "accepted": true}, {"proposal": 14, "retry": 0, "learning_rate": 0.0001, "kl": 0.0242393153638015, "accepted": false}, {"proposal": 14, "retry": 1, "learning_rate": 5e-05, "kl": 0.018483092312598783, "accepted": true}, {"proposal": 15, "retry": 0, "learning_rate": 0.0001, "kl": 0.02633493087664704, "accepted": false}, {"proposal": 15, "retry": 1, "learning_rate": 5e-05, "kl": 0.01623132453708826, "accepted": true}, {"proposal": 16, "retry": 0, "learning_rate": 0.0001, "kl": 0.03310107869911594, "accepted": false}, {"proposal": 16, "retry": 1, "learning_rate": 5e-05, "kl": 0.018036686107397032, "accepted": true}, {"proposal": 17, "retry": 0, "learning_rate": 0.0001, "kl": 0.03650928170054099, "accepted": false}, {"proposal": 17, "retry": 1, "learning_rate": 5e-05, "kl": 0.02019066428474495, "accepted": false}, {"proposal": 17, "retry": 2, "learning_rate": 2.5e-05, "kl": 0.01734299333672222, "accepted": true}, {"proposal": 18, "retry": 0, "learning_rate": 0.0001, "kl": 0.045520037928086905, "accepted": false}, {"proposal": 18, "retry": 1, "learning_rate": 5e-05, "kl": 0.020355524847977053, "accepted": false}, {"proposal": 18, "retry": 2, "learning_rate": 2.5e-05, "kl": 0.016080187628080708, "accepted": true}, {"proposal": 19, "retry": 0, "learning_rate": 0.0001, "kl": 0.0705212670419102, "accepted": false}, {"proposal": 19, "retry": 1, "learning_rate": 5e-05, "kl": 0.024538012331087617, "accepted": false}, {"proposal": 19, "retry": 2, "learning_rate": 2.5e-05, "kl": 0.01566130476455552, "accepted": true}, {"proposal": 20, "retry": 0, "learning_rate": 0.0001, "kl": 0.07454504273251912, "accepted": false}, {"proposal": 20, "retry": 1, "learning_rate": 5e-05, "kl": 0.03157306329047084, "accepted": false}, {"proposal": 20, "retry": 2, "learning_rate": 2.5e-05, "kl": 0.020252795858081294, "accepted": false}, {"proposal": 20, "retry": 3, "learning_rate": 1.25e-05, "kl": 0.017118207158393725, "accepted": true}], "consecutive_zero_accepted_updates": 0, "empirical_kl_scope": "Mean whole-actor KL on the fixed collected rollout; no bound on physical motion or unseen states.", "normalizer_policy_kl": 0.0, "normalizer_policy_kl_samples": 128, "normalizer_policy_kl_scope": "Same current observations and weights, before/after statistics update; reporting only", "update": 206, "transitions": 632832, "episodes": 634, "optimizer_steps": 591, "discriminator_steps": 4120, "reward": 0.4422970712184906, "task_reward": 0.42108726501464844, "style_reward": 0.021209757775068283, "action_std": 0.10032130777835846, "raw_action_abs_mean": 0.794030487537384, "raw_action_clip_fraction": 0.3948025107383728, "return_mean": 43.46354293823242, "return_std": 3.130702257156372, "explained_variance": 0.10841232538223267, "terminated": 0, "truncated": 0, "elapsed_s": 19.343090790091082, "transitions_per_s": 32716.177929753703, "allocation_new_transitions": 18432, "allocation_new_transitions_per_s": 952.898386303506}
PAPER_TASK {"schema": "canonical_paper_walking_task_v1", "reward_version": "canonical_quiet_quadratic_log_tail_v2", "controls_completed": 144, "command_draws": 164, "zero_command_draws": 25, "zero_draw_fraction": 0.1524390243902439, "remaining_controls": [171, 10, 37, 5, 54, 56, 24, 129, 96, 73, 47, 37, 125, 164, 7, 89, 67, 77, 17, 118, 219, 65, 34, 167, 71, 99, 172, 65, 27, 29, 32, 167, 94, 49, 100, 63, 52, 78, 20, 82, 84, 89, 95, 95, 81, 105, 50, 56, 59, 87, 72, 52, 46, 12, 227, 98, 64, 70, 75, 64, 35, 22, 49, 74, 95, 102, 27, 113, 6, 102, 104, 120, 4, 29, 91, 31, 58, 133, 7, 46, 84, 176, 14, 2, 50, 92, 22, 129, 108, 140, 164, 73, 99, 91, 212, 83, 37, 101, 50, 69, 105, 43, 54, 91, 53, 166, 30, 82, 72, 105, 10, 52, 95, 16, 198, 58, 13, 179, 28, 105, 97, 38, 62, 39, 92, 75, 176, 193], "commands": [[0.02500000037252903, 0.0, 0.0], [0.0353553406894207, 0.0353553406894207, 0.0], [0.03999999910593033, 0.0, -0.15000000596046448], [-0.01767767034471035, 0.01767767034471035, 0.0], [0.0, 0.0, 0.0], [0.01767767034471035, 0.01767767034471035, 0.0], [0.02500000037252903, 0.0, 0.0], [-9.184851394388759e-18, -0.05000000074505806, 0.0], [0.0, 0.0, 0.0], [-0.02500000037252903, 3.0616169246677665e-18, 0.0], [-0.02500000037252903, 3.0616169246677665e-18, 0.0], [0.0353553406894207, -0.0353553406894207, 0.0], [0.01767767034471035, 0.01767767034471035, 0.0], [0.0, 0.0, 0.0], [0.05000000074505806, 0.0, 0.0], [-9.184851394388759e-18, -0.05000000074505806, 0.0], [0.0, 0.0, 0.0], [0.02500000037252903, 0.0, 0.0], [-9.184851394388759e-18, -0.05000000074505806, 0.0], [-0.02500000037252903, 3.0616169246677665e-18, 0.0], [0.0353553406894207, -0.0353553406894207, 0.0], [0.0353553406894207, -0.0353553406894207, 0.0], [0.05000000074505806, 0.0, 0.0], [0.0, 0.0, -0.20000000298023224], [-0.0353553406894207, 0.0353553406894207, 0.0], [0.0, 0.0, 0.0], [0.0, 0.0, 0.0], [0.0, 0.0, 0.0], [0.01767767034471035, 0.01767767034471035, 0.0], [1.5308084623338832e-18, 0.02500000037252903, 0.0], [0.0, 0.0, 0.0], [0.03999999910593033, 0.0, -0.15000000596046448], [0.0353553406894207, -0.0353553406894207, 0.0], [0.0, 0.0, 0.0], [0.0, 0.0, 0.0], [-4.5924256971943795e-18, -0.02500000037252903, 0.0], [1.5308084623338832e-18, 0.02500000037252903, 0.0], [0.03999999910593033, 0.0, 0.15000000596046448], [0.03999999910593033, 0.0, 0.15000000596046448], [-0.0353553406894207, 0.0353553406894207, 0.0], [-9.184851394388759e-18, -0.05000000074505806, 0.0], [-0.0353553406894207, 0.0353553406894207, 0.0], [0.0, 0.0, 0.0], [0.03999999910593033, 0.0, 0.15000000596046448], [0.0353553406894207, -0.0353553406894207, 0.0], [1.5308084623338832e-18, 0.02500000037252903, 0.0], [-0.02500000037252903, 3.0616169246677665e-18, 0.0], [-0.01767767034471035, 0.01767767034471035, 0.0], [-0.01767767034471035, -0.01767767034471035, 0.0], [0.0, 0.0, -0.20000000298023224], [0.0, 0.0, 0.20000000298023224], [-4.5924256971943795e-18, -0.02500000037252903, 0.0], [0.01767767034471035, 0.01767767034471035, 0.0], [0.01767767034471035, 0.01767767034471035, 0.0], [1.5308084623338832e-18, 0.02500000037252903, 0.0], [0.0, 0.0, 0.0], [0.01767767034471035, -0.01767767034471035, 0.0], [1.5308084623338832e-18, 0.02500000037252903, 0.0], [0.0353553406894207, 0.0353553406894207, 0.0], [-0.0353553406894207, -0.0353553406894207, 0.0], [0.0, 0.0, 0.0], [0.0, 0.0, 0.0], [0.05000000074505806, 0.0, 0.0], [3.0616169246677665e-18, 0.05000000074505806, 0.0], [-0.05000000074505806, 6.123233849335533e-18, 0.0], [-0.05000000074505806, 6.123233849335533e-18, 0.0], [0.03999999910593033, 0.0, 0.15000000596046448], [0.0, 0.0, -0.20000000298023224], [-0.01767767034471035, 0.01767767034471035, 0.0], [-0.0353553406894207, 0.0353553406894207, 0.0], [-0.0353553406894207, -0.0353553406894207, 0.0], [-4.5924256971943795e-18, -0.02500000037252903, 0.0], [0.02500000037252903, 0.0, 0.0], [0.0, 0.0, 0.20000000298023224], [-0.0353553406894207, 0.0353553406894207, 0.0], [1.5308084623338832e-18, 0.02500000037252903, 0.0], [-0.02500000037252903, 3.0616169246677665e-18, 0.0], [0.01767767034471035, -0.01767767034471035, 0.0], [0.0, 0.0, 0.20000000298023224], [0.0, 0.0, 0.0], [0.0, 0.0, 0.20000000298023224], [-9.184851394388759e-18, -0.05000000074505806, 0.0], [0.0, 0.0, -0.20000000298023224], [0.03999999910593033, 0.0, -0.15000000596046448], [0.03999999910593033, 0.0, -0.15000000596046448], [0.01767767034471035, 0.01767767034471035, 0.0], [-0.01767767034471035, -0.01767767034471035, 0.0], [0.0, 0.0, 0.0], [0.01767767034471035, 0.01767767034471035, 0.0], [-0.02500000037252903, 3.0616169246677665e-18, 0.0], [0.0353553406894207, 0.0353553406894207, 0.0], [0.03999999910593033, 0.0, 0.15000000596046448], [3.0616169246677665e-18, 0.05000000074505806, 0.0], [-9.184851394388759e-18, -0.05000000074505806, 0.0], [-0.0353553406894207, 0.0353553406894207, 0.0], [-9.184851394388759e-18, -0.05000000074505806, 0.0], [0.0, 0.0, 0.20000000298023224], [0.0, 0.0, -0.20000000298023224], [0.0353553406894207, 0.0353553406894207, 0.0], [0.0353553406894207, 0.0353553406894207, 0.0], [0.0353553406894207, 0.0353553406894207, 0.0], [0.01767767034471035, -0.01767767034471035, 0.0], [0.0, 0.0, 0.0], [0.03999999910593033, 0.0, 0.15000000596046448], [1.5308084623338832e-18, 0.02500000037252903, 0.0], [0.01767767034471035, 0.01767767034471035, 0.0], [3.0616169246677665e-18, 0.05000000074505806, 0.0], [0.0, 0.0, -0.20000000298023224], [0.0, 0.0, 0.0], [0.02500000037252903, 0.0, 0.0], [3.0616169246677665e-18, 0.05000000074505806, 0.0], [-4.5924256971943795e-18, -0.02500000037252903, 0.0], [1.5308084623338832e-18, 0.02500000037252903, 0.0], [-0.0353553406894207, -0.0353553406894207, 0.0], [0.0, 0.0, 0.20000000298023224], [0.0, 0.0, 0.0], [0.03999999910593033, 0.0, -0.15000000596046448], [0.01767767034471035, -0.01767767034471035, 0.0], [0.05000000074505806, 0.0, 0.0], [0.0, 0.0, 0.0], [0.0, 0.0, 0.0], [3.0616169246677665e-18, 0.05000000074505806, 0.0], [0.0, 0.0, -0.20000000298023224], [0.0, 0.0, 0.20000000298023224], [0.03999999910593033, 0.0, 0.15000000596046448], [0.0353553406894207, 0.0353553406894207, 0.0], [-0.02500000037252903, 3.0616169246677665e-18, 0.0], [-0.05000000074505806, 6.123233849335533e-18, 0.0]], "stage2_complete": false, "proximity": {"checks": 325, "minimum_sphere_gap_m": 0.99067622423172, "failure": null, "collision_filter_present": false}, "cumulative_metrics": {"environment_controls": 18432, "signed_navigation_velocity_error_mps": [-0.005339221563190222, -0.001259701093658805], "absolute_navigation_velocity_error_mps": [0.037008486688137054, 0.03234324976801872], "achieved_planar_speed_mps": 0.044970374554395676, "requested_planar_speed_mps": 0.027118608355522156, "signed_command_direction_speed_mps": 0.002390892943367362, "moving_command_rows": 13235, "signed_yaw_error_rad_s": -0.053560901433229446, "absolute_yaw_error_rad_s": 0.14373064041137695, "requested_saturation_fraction": 0.023586701601743698, "terminations": 11, "truncations": 0, "zero_command_rows": 2982, "nonfoot_event_rows": 0, "moving_signed_command_direction_speed_mps": 0.0033297263692837593, "nonfoot_event_fraction": 0.0, "task_reward_sum": 6321.757182830013, "task_reward_mean": 0.3429772777143019, "reward_components": {"linear_tracking": {"sum": 4239.782055718683, "absolute_sum": 4239.782055718683, "mean": 0.23002289798820982, "mean_absolute": 0.23002289798820982}, "yaw_tracking": {"sum": 3644.4120906284247, "absolute_sum": 3644.4120906284247, "mean": 0.19772201012524004, "mean_absolute": 0.19772201012524004}, "quiet_joint_rate": {"sum": -1069.1044876873493, "absolute_sum": 1069.1044876873493, "mean": -0.058002630625398725, "mean_absolute": 0.058002630625398725}, "quiet_target_motion": {"sum": -368.7995376139879, "absolute_sum": 368.7995376139879, "mean": -0.020008655469508894, "mean_absolute": 0.020008655469508894}, "tilt": {"sum": -7.532861599889696, "absolute_sum": 7.532861599889696, "mean": -0.00040868389756346004, "mean_absolute": 0.00040868389756346004}, "roll_pitch_rate": {"sum": -3.6135088285630097, "absolute_sum": 3.6135088285630097, "mean": -0.00019604540085519802, "mean_absolute": 0.00019604540085519802}, "vertical_velocity": {"sum": -2.3154122978571645, "absolute_sum": 2.3154122978571645, "mean": -0.0001256191567847854, "mean_absolute": 0.0001256191567847854}, "height": {"sum": -22.05685793116586, "absolute_sum": 22.05685793116586, "mean": -0.001196661129078009, "mean_absolute": 0.001196661129078009}, "effort": {"sum": -26.615189430805913, "absolute_sum": 26.615189430805913, "mean": -0.001443966440473411, "mean_absolute": 0.001443966440473411}, "target_motion": {"sum": -40.399106847187795, "absolute_sum": 40.399106847187795, "mean": -0.0021917918211364906, "mean_absolute": 0.0021917918211364906}, "nonfoot_contact": {"sum": 0.0, "absolute_sum": 0.0, "mean": 0.0, "mean_absolute": 0.0}, "termination": {"sum": -22.0, "absolute_sum": 22.0, "mean": -0.001193576388888889, "mean_absolute": 0.001193576388888889}}, "command_classes": {"zero": {"environment_controls": 2982, "time_fraction": 0.16178385416666666, "task_reward_mean": 0.050921785172967006, "reward_component_means": {"linear_tracking": 0.3198103168261734, "yaw_tracking": 0.21846891522929363, "quiet_joint_rate": -0.3585192782318408, "quiet_target_motion": -0.1236752305881918, "tilt": -0.0003538045765857308, "roll_pitch_rate": -0.00022416257181664116, "vertical_velocity": -0.00014426724163103284, "height": -0.000696189517331133, "effort": -0.0013745698464141263, "target_motion": -0.0023699438681419674, "nonfoot_contact": 0.0, "termination": 0.0}, "reward_component_mean_absolute": {"linear_tracking": 0.3198103168261734, "yaw_tracking": 0.21846891522929363, "quiet_joint_rate": 0.3585192782318408, "quiet_target_motion": 0.1236752305881918, "tilt": 0.0003538045765857308, "roll_pitch_rate": 0.00022416257181664116, "vertical_velocity": 0.00014426724163103284, "height": 0.000696189517331133, "effort": 0.0013745698464141263, "target_motion": 0.0023699438681419674, "nonfoot_contact": 0.0, "termination": 0.0}, "requested_planar_speed_mps": 0.0, "moving_command_rows": 0, "moving_signed_command_direction_speed_mps": null, "nonfoot_event_fraction": 0.0}, "linear_0.025": {"environment_controls": 5650, "time_fraction": 0.3065321180555556, "task_reward_mean": 0.4793943839523719, "reward_component_means": {"linear_tracking": 0.2666617405072187, "yaw_tracking": 0.21864993683359024, "quiet_joint_rate": 0.0, "quiet_target_motion": 0.0, "tilt": -0.0003699672821907442, "roll_pitch_rate": -0.0001956757181844715, "vertical_velocity": -0.00013014338414571282, "height": -0.0013117731157298688, "effort": -0.001396283577372726, "target_motion": -0.0021594680998068966, "nonfoot_contact": 0.0, "termination": -0.00035398230088495576}, "reward_component_mean_absolute": {"linear_tracking": 0.2666617405072187, "yaw_tracking": 0.21864993683359024, "quiet_joint_rate": 0.0, "quiet_target_motion": 0.0, "tilt": 0.0003699672821907442, "roll_pitch_rate": 0.0001956757181844715, "vertical_velocity": 0.00013014338414571282, "height": 0.0013117731157298688, "effort": 0.001396283577372726, "target_motion": 0.0021594680998068966, "nonfoot_contact": 0.0, "termination": 0.00035398230088495576}, "requested_planar_speed_mps": 0.02500000037252903, "moving_command_rows": 5650, "moving_signed_command_direction_speed_mps": 0.001879557869974995, "nonfoot_event_fraction": 0.0}, "linear_0.05": {"environment_controls": 5520, "time_fraction": 0.2994791666666667, "task_reward_mean": 0.3296578360907902, "reward_component_means": {"linear_tracking": 0.11753659769396768, "yaw_tracking": 0.2198785914420728, "quiet_joint_rate": 0.0, "quiet_target_motion": 0.0, "tilt": -0.0004985416055643981, "roll_pitch_rate": -0.00018543162968322213, "vertical_velocity": -0.00011161934875571798, "height": -0.0012119053912603903, "effort": -0.0014396251493620355, "target_motion": -0.002136316566601095, "nonfoot_contact": 0.0, "termination": -0.002173913043478261}, "reward_component_mean_absolute": {"linear_tracking": 0.11753659769396768, "yaw_tracking": 0.2198785914420728, "quiet_joint_rate": 0.0, "quiet_target_motion": 0.0, "tilt": 0.0004985416055643981, "roll_pitch_rate": 0.00018543162968322213, "vertical_velocity": 0.00011161934875571798, "height": 0.0012119053912603903, "effort": 0.0014396251493620355, "target_motion": 0.002136316566601095, "nonfoot_contact": 0.0, "termination": 0.002173913043478261}, "requested_planar_speed_mps": 0.05000000074505806, "moving_command_rows": 5520, "moving_signed_command_direction_speed_mps": 0.00374885558687271, "nonfoot_event_fraction": 0.0}, "yaw": {"environment_controls": 2215, "time_fraction": 0.12017144097222222, "task_reward_mean": 0.4828599210508992, "reward_component_means": {"linear_tracking": 0.37438486522604403, "yaw_tracking": 0.11523978840633022, "quiet_joint_rate": 0.0, "quiet_target_motion": 0.0, "tilt": -0.0003916690787790872, "roll_pitch_rate": -0.00017083109256048508, "vertical_velocity": -0.00011478130338869111, "height": -0.0016144249651612195, "effort": -0.0014827101734044023, "target_motion": -0.002087382019973627, "nonfoot_contact": 0.0, "termination": -0.0009029345372460496}, "reward_component_mean_absolute": {"linear_tracking": 0.37438486522604403, "yaw_tracking": 0.11523978840633022, "quiet_joint_rate": 0.0, "quiet_target_motion": 0.0, "tilt": 0.0003916690787790872, "roll_pitch_rate": 0.00017083109256048508, "vertical_velocity": 0.00011478130338869111, "height": 0.0016144249651612195, "effort": 0.0014827101734044023, "target_motion": 0.002087382019973627, "nonfoot_contact": 0.0, "termination": 0.0009029345372460496}, "requested_planar_speed_mps": 0.0, "moving_command_rows": 0, "moving_signed_command_direction_speed_mps": null, "nonfoot_event_fraction": 0.0}, "arc": {"environment_controls": 2065, "time_fraction": 0.1120334201388889, "task_reward_mean": 0.277038338868969, "reward_component_means": {"linear_tracking": 0.14595852848952026, "yaw_tracking": 0.13974803207003517, "quiet_joint_rate": 0.0, "quiet_target_motion": 0.0, "tilt": -0.0003719150295022694, "roll_pitch_rate": -0.00021187155728361322, "vertical_velocity": -0.00013535974370587452, "height": -0.0011155610794291605, "effort": -0.00164469059470891, "target_motion": -0.002283254647263851, "nonfoot_contact": 0.0, "termination": -0.0029055690072639223}, "reward_component_mean_absolute": {"linear_tracking": 0.14595852848952026, "yaw_tracking": 0.13974803207003517, "quiet_joint_rate": 0.0, "quiet_target_motion": 0.0, "tilt": 0.0003719150295022694, "roll_pitch_rate": 0.00021187155728361322, "vertical_velocity": 0.00013535974370587452, "height": 0.0011155610794291605, "effort": 0.00164469059470891, "target_motion": 0.002283254647263851, "nonfoot_contact": 0.0, "termination": 0.0029055690072639223}, "requested_planar_speed_mps": 0.03999999910593033, "moving_command_rows": 2065, "moving_signed_command_direction_speed_mps": 0.006177115589624441, "nonfoot_event_fraction": 0.0}, "other": {"environment_controls": 0, "time_fraction": 0.0, "task_reward_mean": null, "reward_component_means": {"linear_tracking": null, "yaw_tracking": null, "quiet_joint_rate": null, "quiet_target_motion": null, "tilt": null, "roll_pitch_rate": null, "vertical_velocity": null, "height": null, "effort": null, "target_motion": null, "nonfoot_contact": null, "termination": null}, "reward_component_mean_absolute": {"linear_tracking": null, "yaw_tracking": null, "quiet_joint_rate": null, "quiet_target_motion": null, "tilt": null, "roll_pitch_rate": null, "vertical_velocity": null, "height": null, "effort": null, "target_motion": null, "nonfoot_contact": null, "termination": null}, "requested_planar_speed_mps": null, "moving_command_rows": 0, "moving_signed_command_direction_speed_mps": null, "nonfoot_event_fraction": null}}, "zero_hold_joint_rate_rms_rad_s": [0.5447068812882142, 0.9217277241499503, 0.44413738682275, 0.49347128158172837, 1.213401604087888, 1.6841384920123956, 0.6531697561942988, 0.8424500796606308, 0.9894779260423179, 0.6486501881107828, 0.8861689773191418, 1.0070589564336496, 0.5505780983875821, 0.8345797090891756, 0.932588894164919, 0.4918250177734524, 0.8671048053373457, 1.1670686262685757], "zero_hold_worst_joint_rate_rms_rad_s": 1.6841384920123956, "zero_hold_all_joint_rate_rms_rad_s": 0.8961816677130457, "diagnostic_scope": "Time-weighted 50Hz control endpoints; nonfoot events use each control's maximum 400Hz body/coxa/femur floor force >1N. These are reporting metrics, not Stage2 admission.", "termination_reasons": {"rows": {"height": 0, "tilt": 0, "joint_limit": 11, "timeout": 0}, "multiple_physical_reason_rows": 0, "unattributed_termination_rows": 0, "termination_flag_mismatch_rows": 0, "scope": "Counts returned terminal rows with each measured predicate; reasons may overlap. Timeout counts returned truncations separately."}, "actual_target_slew": {"environment_controls": 18293, "excluded_first_or_reset_rows": 139, "limit_rad_per_control": 0.04, "occupancy_tolerance_rad": 2e-06, "by_joint": {"lf_coxa_yaw": {"at_limit_rows": 4357, "at_limit_fraction": 0.23817853823867052, "beyond_limit_rows": 0}, "lf_femur_pitch": {"at_limit_rows": 4944, "at_limit_fraction": 0.27026731536653364, "beyond_limit_rows": 0}, "lf_tibia_pitch": {"at_limit_rows": 6306, "at_limit_fraction": 0.3447220248182365, "beyond_limit_rows": 0}, "lm_coxa_yaw": {"at_limit_rows": 7488, "at_limit_fraction": 0.409336904826983, "beyond_limit_rows": 0}, "lm_femur_pitch": {"at_limit_rows": 5571, "at_limit_fraction": 0.30454272125949816, "beyond_limit_rows": 0}, "lm_tibia_pitch": {"at_limit_rows": 6297, "at_limit_fraction": 0.34423003334608865, "beyond_limit_rows": 0}, "lr_coxa_yaw": {"at_limit_rows": 6738, "at_limit_fraction": 0.36833761548133165, "beyond_limit_rows": 0}, "lr_femur_pitch": {"at_limit_rows": 5198, "at_limit_fraction": 0.2841524080249276, "beyond_limit_rows": 0}, "lr_tibia_pitch": {"at_limit_rows": 5743, "at_limit_fraction": 0.3139452249494342, "beyond_limit_rows": 0}, "rf_coxa_yaw": {"at_limit_rows": 4257, "at_limit_fraction": 0.232711966325917, "beyond_limit_rows": 0}, "rf_femur_pitch": {"at_limit_rows": 5752, "at_limit_fraction": 0.314437216421582, "beyond_limit_rows": 0}, "rf_tibia_pitch": {"at_limit_rows": 5487, "at_limit_fraction": 0.2999508008527852, "beyond_limit_rows": 0}, "rm_coxa_yaw": {"at_limit_rows": 4193, "at_limit_fraction": 0.22921336030175476, "beyond_limit_rows": 0}, "rm_femur_pitch": {"at_limit_rows": 5559, "at_limit_fraction": 0.30388673262996774, "beyond_limit_rows": 0}, "rm_tibia_pitch": {"at_limit_rows": 5597, "at_limit_fraction": 0.3059640299568141, "beyond_limit_rows": 0}, "rr_coxa_yaw": {"at_limit_rows": 4485, "at_limit_fraction": 0.24517575028699504, "beyond_limit_rows": 0}, "rr_femur_pitch": {"at_limit_rows": 6040, "at_limit_fraction": 0.33018094353031213, "beyond_limit_rows": 0}, "rr_tibia_pitch": {"at_limit_rows": 6348, "at_limit_fraction": 0.347017985021593, "beyond_limit_rows": 0}}}}, "interval_metrics": {"environment_controls": 3072, "signed_navigation_velocity_error_mps": [-0.0032288269139826298, -0.0002041737752733752], "absolute_navigation_velocity_error_mps": [0.02872786484658718, 0.026292337104678154], "achieved_planar_speed_mps": 0.032297901809215546, "requested_planar_speed_mps": 0.026739908382296562, "signed_command_direction_speed_mps": 0.0009645333047956228, "moving_command_rows": 2191, "signed_yaw_error_rad_s": -0.00905139371752739, "absolute_yaw_error_rad_s": 0.10579673945903778, "requested_saturation_fraction": 0.0249430350959301, "terminations": 0, "truncations": 0, "zero_command_rows": 530, "nonfoot_event_rows": 0, "moving_signed_command_direction_speed_mps": 0.0013523717626956063, "nonfoot_event_fraction": 0.0, "task_reward_sum": 1293.5801789518446, "task_reward_mean": 0.4210872978358869, "reward_components": {"linear_tracking": {"sum": 874.3695331697912, "absolute_sum": 874.3695331697912, "mean": 0.2846254990787081, "mean_absolute": 0.2846254990787081}, "yaw_tracking": {"sum": 680.6632103975298, "absolute_sum": 680.6632103975298, "mean": 0.22157005546794592, "mean_absolute": 0.22157005546794592}, "quiet_joint_rate": {"sum": -179.99718362092972, "absolute_sum": 179.99718362092972, "mean": -0.05859283320993806, "mean_absolute": 0.05859283320993806}, "quiet_target_motion": {"sum": -63.707858718931675, "absolute_sum": 63.707858718931675, "mean": -0.020738235260068905, "mean_absolute": 0.020738235260068905}, "tilt": {"sum": -1.4544515914734997, "absolute_sum": 1.4544515914734997, "mean": -0.0004734542940994465, "mean_absolute": 0.0004734542940994465}, "roll_pitch_rate": {"sum": -0.46924740473774584, "absolute_sum": 0.46924740473774584, "mean": -0.00015274980622973498, "mean_absolute": 0.00015274980622973498}, "vertical_velocity": {"sum": -0.2032382738163209, "absolute_sum": 0.2032382738163209, "mean": -6.615829225791696e-05, "mean_absolute": 6.615829225791696e-05}, "height": {"sum": -5.803974174939555, "absolute_sum": 5.803974174939555, "mean": -0.0018893145100714697, "mean_absolute": 0.0018893145100714697}, "effort": {"sum": -4.2768899105722085, "absolute_sum": 4.2768899105722085, "mean": -0.0013922167677643908, "mean_absolute": 0.0013922167677643908}, "target_motion": {"sum": -5.539721319080854, "absolute_sum": 5.539721319080854, "mean": -0.0018032947002216322, "mean_absolute": 0.0018032947002216322}, "nonfoot_contact": {"sum": 0.0, "absolute_sum": 0.0, "mean": 0.0, "mean_absolute": 0.0}, "termination": {"sum": 0.0, "absolute_sum": 0.0, "mean": 0.0, "mean_absolute": 0.0}}, "command_classes": {"zero": {"environment_controls": 530, "time_fraction": 0.17252604166666666, "task_reward_mean": 0.13548419648201537, "reward_component_means": {"linear_tracking": 0.3692279980617238, "yaw_tracking": 0.2316596629117243, "quiet_joint_rate": -0.33961732758665986, "quiet_target_motion": -0.12020350701685222, "tilt": -0.00042824024728644255, "roll_pitch_rate": -0.00020241053455041802, "vertical_velocity": -0.00011205060973471247, "height": -0.0013408254991687624, "effort": -0.0014389652462856281, "target_motion": -0.0020601377021279713, "nonfoot_contact": 0.0, "termination": 0.0}, "reward_component_mean_absolute": {"linear_tracking": 0.3692279980617238, "yaw_tracking": 0.2316596629117243, "quiet_joint_rate": 0.33961732758665986, "quiet_target_motion": 0.12020350701685222, "tilt": 0.00042824024728644255, "roll_pitch_rate": 0.00020241053455041802, "vertical_velocity": 0.00011205060973471247, "height": 0.0013408254991687624, "effort": 0.0014389652462856281, "target_motion": 0.0020601377021279713, "nonfoot_contact": 0.0, "termination": 0.0}, "requested_planar_speed_mps": 0.0, "moving_command_rows": 0, "moving_signed_command_direction_speed_mps": null, "nonfoot_event_fraction": 0.0}, "linear_0.025": {"environment_controls": 981, "time_fraction": 0.3193359375, "task_reward_mean": 0.5900587988343321, "reward_component_means": {"linear_tracking": 0.3486380994984553, "yaw_tracking": 0.24725631581204985, "quiet_joint_rate": 0.0, "quiet_target_motion": 0.0, "tilt": -0.00037951832852135955, "roll_pitch_rate": -0.00014149975425335087, "vertical_velocity": -6.3324036865652e-05, "height": -0.0021943856136921627, "effort": -0.001345497547694179, "target_motion": -0.0017113927679464993, "nonfoot_contact": 0.0, "termination": 0.0}, "reward_component_mean_absolute": {"linear_tracking": 0.3486380994984553, "yaw_tracking": 0.24725631581204985, "quiet_joint_rate": 0.0, "quiet_target_motion": 0.0, "tilt": 0.00037951832852135955, "roll_pitch_rate": 0.00014149975425335087, "vertical_velocity": 6.3324036865652e-05, "height": 0.0021943856136921627, "effort": 0.001345497547694179, "target_motion": 0.0017113927679464993, "nonfoot_contact": 0.0, "termination": 0.0}, "requested_planar_speed_mps": 0.02500000037252903, "moving_command_rows": 981, "moving_signed_command_direction_speed_mps": 0.002017816402361086, "nonfoot_event_fraction": 0.0}, "linear_0.05": {"environment_controls": 922, "time_fraction": 0.3001302083333333, "task_reward_mean": 0.37524167078859305, "reward_component_means": {"linear_tracking": 0.1346216222334409, "yaw_tracking": 0.246304095664839, "quiet_joint_rate": 0.0, "quiet_target_motion": 0.0, "tilt": -0.0005492918937204941, "roll_pitch_rate": -0.00013128616697082382, "vertical_velocity": -5.7180004503087435e-05, "height": -0.0018082833855267656, "effort": -0.0013540686543656155, "target_motion": -0.0017839360283245786, "nonfoot_contact": 0.0, "termination": 0.0}, "reward_component_mean_absolute": {"linear_tracking": 0.1346216222334409, "yaw_tracking": 0.246304095664839, "quiet_joint_rate": 0.0, "quiet_target_motion": 0.0, "tilt": 0.0005492918937204941, "roll_pitch_rate": 0.00013128616697082382, "vertical_velocity": 5.7180004503087435e-05, "height": 0.0018082833855267656, "effort": 0.0013540686543656155, "target_motion": 0.0017839360283245786, "nonfoot_contact": 0.0, "termination": 0.0}, "requested_planar_speed_mps": 0.05000000074505806, "moving_command_rows": 922, "moving_signed_command_direction_speed_mps": 0.0017572602740107755, "nonfoot_event_fraction": 0.0}, "yaw": {"environment_controls": 351, "time_fraction": 0.1142578125, "task_reward_mean": 0.5616221591900568, "reward_component_means": {"linear_tracking": 0.44174215860196425, "yaw_tracking": 0.12604804505398848, "quiet_joint_rate": 0.0, "quiet_target_motion": 0.0, "tilt": -0.0006545232625555752, "roll_pitch_rate": -0.00015986351475725632, "vertical_velocity": -3.8812884895440947e-05, "height": -0.002206412183140287, "effort": -0.0014280663546840753, "target_motion": -0.00168036709201623, "nonfoot_contact": 0.0, "termination": 0.0}, "reward_component_mean_absolute": {"linear_tracking": 0.44174215860196425, "yaw_tracking": 0.12604804505398848, "quiet_joint_rate": 0.0, "quiet_target_motion": 0.0, "tilt": 0.0006545232625555752, "roll_pitch_rate": 0.00015986351475725632, "vertical_velocity": 3.8812884895440947e-05, "height": 0.002206412183140287, "effort": 0.0014280663546840753, "target_motion": 0.00168036709201623, "nonfoot_contact": 0.0, "termination": 0.0}, "requested_planar_speed_mps": 0.0, "moving_command_rows": 0, "moving_signed_command_direction_speed_mps": null, "nonfoot_event_fraction": 0.0}, "arc": {"environment_controls": 288, "time_fraction": 0.09375, "task_reward_mean": 0.346609982003833, "reward_component_means": {"linear_tracking": 0.19962529590476016, "yaw_tracking": 0.15274271953390123, "quiet_joint_rate": 0.0, "quiet_target_motion": 0.0, "tilt": -0.0004131666283504476, "roll_pitch_rate": -0.0001597243849881617, "vertical_velocity": -5.342806854712582e-05, "height": -0.0017324875542020163, "effort": -0.001543759187269542, "target_motion": -0.0018554658478630397, "nonfoot_contact": 0.0, "termination": 0.0}, "reward_component_mean_absolute": {"linear_tracking": 0.19962529590476016, "yaw_tracking": 0.15274271953390123, "quiet_joint_rate": 0.0, "quiet_target_motion": 0.0, "tilt": 0.0004131666283504476, "roll_pitch_rate": 0.0001597243849881617, "vertical_velocity": 5.342806854712582e-05, "height": 0.0017324875542020163, "effort": 0.001543759187269542, "target_motion": 0.0018554658478630397, "nonfoot_contact": 0.0, "termination": 0.0}, "requested_planar_speed_mps": 0.03999999910593033, "moving_command_rows": 288, "moving_signed_command_direction_speed_mps": -0.0022105046225280806, "nonfoot_event_fraction": 0.0}, "other": {"environment_controls": 0, "time_fraction": 0.0, "task_reward_mean": null, "reward_component_means": {"linear_tracking": null, "yaw_tracking": null, "quiet_joint_rate": null, "quiet_target_motion": null, "tilt": null, "roll_pitch_rate": null, "vertical_velocity": null, "height": null, "effort": null, "target_motion": null, "nonfoot_contact": null, "termination": null}, "reward_component_mean_absolute": {"linear_tracking": null, "yaw_tracking": null, "quiet_joint_rate": null, "quiet_target_motion": null, "tilt": null, "roll_pitch_rate": null, "vertical_velocity": null, "height": null, "effort": null, "target_motion": null, "nonfoot_contact": null, "termination": null}, "requested_planar_speed_mps": null, "moving_command_rows": 0, "moving_signed_command_direction_speed_mps": null, "nonfoot_event_fraction": null}}, "zero_hold_joint_rate_rms_rad_s": [0.43995292397190117, 0.8024811014300289, 0.3568158659150065, 0.475709267699822, 1.6065940254434423, 2.3629326535611206, 0.6009283344974738, 0.8293440368966102, 1.06369047455549, 0.41043021911123023, 0.8119872637709181, 0.9973509430264895, 0.4556195002829746, 0.7504300896843724, 0.7563017803114901, 0.39636272451112126, 0.8214943067470482, 1.1985304845431644], "zero_hold_worst_joint_rate_rms_rad_s": 2.3629326535611206, "zero_hold_all_joint_rate_rms_rad_s": 0.9709604041396525, "diagnostic_scope": "Time-weighted 50Hz control endpoints; nonfoot events use each control's maximum 400Hz body/coxa/femur floor force >1N. These are reporting metrics, not Stage2 admission.", "termination_reasons": {"rows": {"height": 0, "tilt": 0, "joint_limit": 0, "timeout": 0}, "multiple_physical_reason_rows": 0, "unattributed_termination_rows": 0, "termination_flag_mismatch_rows": 0, "scope": "Counts returned terminal rows with each measured predicate; reasons may overlap. Timeout counts returned truncations separately."}, "actual_target_slew": {"environment_controls": 3072, "excluded_first_or_reset_rows": 0, "limit_rad_per_control": 0.04, "occupancy_tolerance_rad": 2e-06, "by_joint": {"lf_coxa_yaw": {"at_limit_rows": 647, "at_limit_fraction": 0.21061197916666666, "beyond_limit_rows": 0}, "lf_femur_pitch": {"at_limit_rows": 481, "at_limit_fraction": 0.15657552083333334, "beyond_limit_rows": 0}, "lf_tibia_pitch": {"at_limit_rows": 865, "at_limit_fraction": 0.2815755208333333, "beyond_limit_rows": 0}, "lm_coxa_yaw": {"at_limit_rows": 1224, "at_limit_fraction": 0.3984375, "beyond_limit_rows": 0}, "lm_femur_pitch": {"at_limit_rows": 687, "at_limit_fraction": 0.2236328125, "beyond_limit_rows": 0}, "lm_tibia_pitch": {"at_limit_rows": 746, "at_limit_fraction": 0.24283854166666666, "beyond_limit_rows": 0}, "lr_coxa_yaw": {"at_limit_rows": 1021, "at_limit_fraction": 0.3323567708333333, "beyond_limit_rows": 0}, "lr_femur_pitch": {"at_limit_rows": 634, "at_limit_fraction": 0.20638020833333334, "beyond_limit_rows": 0}, "lr_tibia_pitch": {"at_limit_rows": 775, "at_limit_fraction": 0.2522786458333333, "beyond_limit_rows": 0}, "rf_coxa_yaw": {"at_limit_rows": 627, "at_limit_fraction": 0.2041015625, "beyond_limit_rows": 0}, "rf_femur_pitch": {"at_limit_rows": 666, "at_limit_fraction": 0.216796875, "beyond_limit_rows": 0}, "rf_tibia_pitch": {"at_limit_rows": 658, "at_limit_fraction": 0.21419270833333334, "beyond_limit_rows": 0}, "rm_coxa_yaw": {"at_limit_rows": 651, "at_limit_fraction": 0.2119140625, "beyond_limit_rows": 0}, "rm_femur_pitch": {"at_limit_rows": 681, "at_limit_fraction": 0.2216796875, "beyond_limit_rows": 0}, "rm_tibia_pitch": {"at_limit_rows": 692, "at_limit_fraction": 0.22526041666666666, "beyond_limit_rows": 0}, "rr_coxa_yaw": {"at_limit_rows": 667, "at_limit_fraction": 0.21712239583333334, "beyond_limit_rows": 0}, "rr_femur_pitch": {"at_limit_rows": 746, "at_limit_fraction": 0.24283854166666666, "beyond_limit_rows": 0}, "rr_tibia_pitch": {"at_limit_rows": 819, "at_limit_fraction": 0.2666015625, "beyond_limit_rows": 0}}}}}
PAPER_PPO {"policy_loss": -0.02383902668952942, "value_loss": 3.863840103149414, "entropy": -15.847942352294922, "estimator_loss": 0.00043635276961140335, "approx_kl": 3.570070017389071e-09, "actor_grad_norm": 23.026084899902344, "critic_grad_norm": 22.484989166259766, "model_grad_norm": 32.18346405029297, "clip_fraction": 0.0, "discriminator_loss": 0.0051807979820296165, "expert_score": 0.9973251700401307, "policy_score": -0.9968850493431092, "gradient_penalty": 0.0006335533893434331, "discriminator_expert_loss": 0.00035362387643544935, "discriminator_policy_loss": 0.0016594070824794472, "ppo_batches": 1, "discriminator_batches": 20, "target_kl": 0.02, "kl_initial": 2.645721525254089e-11, "kl_final": 0.01808642386704561, "kl_max": 0.01808642386704561, "kl_max_step_increase": 0.018086423840588395, "kl_after_model_steps": [0.01808642386704561], "early_stopped": true, "final_full_rollout_k3": 0.017933785915374756, "stop_reason": "backtracking_exhausted", "learning_rate": 0.0001, "discriminator_learning_rate": 0.0003, "rollback_kl_steps": true, "model_proposals": 2, "accepted_model_steps": 1, "rejected_model_trials": 5, "model_trial_attempts": [{"proposal": 1, "retry": 0, "learning_rate": 0.0001, "kl": 0.07263663539072873, "accepted": false}, {"proposal": 1, "retry": 1, "learning_rate": 5e-05, "kl": 0.01808642386704561, "accepted": true}, {"proposal": 2, "retry": 0, "learning_rate": 0.0001, "kl": 0.08649920663139801, "accepted": false}, {"proposal": 2, "retry": 1, "learning_rate": 5e-05, "kl": 0.04451326777258935, "accepted": false}, {"proposal": 2, "retry": 2, "learning_rate": 2.5e-05, "kl": 0.02935720274304511, "accepted": false}, {"proposal": 2, "retry": 3, "learning_rate": 1.25e-05, "kl": 0.023236387535319515, "accepted": false}], "consecutive_zero_accepted_updates": 0, "empirical_kl_scope": "Mean whole-actor KL on the fixed collected rollout; no bound on physical motion or unseen states.", "normalizer_policy_kl": 0.0, "normalizer_policy_kl_samples": 128, "normalizer_policy_kl_scope": "Same current observations and weights, before/after statistics update; reporting only", "update": 207, "transitions": 635904, "episodes": 634, "optimizer_steps": 592, "discriminator_steps": 4140, "reward": 0.448672890663147, "task_reward": 0.4252111315727234, "style_reward": 0.02346176467835903, "action_std": 0.10032190382480621, "raw_action_abs_mean": 0.8079505562782288, "raw_action_clip_fraction": 0.4197048544883728, "return_mean": 43.440513610839844, "return_std": 2.3635833263397217, "explained_variance": -0.5364073514938354, "terminated": 0, "truncated": 0, "elapsed_s": 22.28374670492485, "transitions_per_s": 28536.673317124947, "allocation_new_transitions": 21504, "allocation_new_transitions_per_s": 965.0082764245152}
PAPER_TASK {"schema": "canonical_paper_walking_task_v1", "reward_version": "canonical_quiet_quadratic_log_tail_v2", "controls_completed": 168, "command_draws": 181, "zero_command_draws": 28, "zero_draw_fraction": 0.15469613259668508, "remaining_controls": [147, 141, 13, 218, 30, 32, 101, 105, 72, 49, 23, 13, 101, 140, 188, 65, 43, 53, 128, 94, 195, 41, 10, 143, 47, 75, 148, 41, 3, 5, 8, 143, 70, 25, 76, 39, 28, 54, 176, 58, 60, 65, 71, 71, 57, 81, 26, 32, 35, 63, 48, 28, 22, 201, 203, 74, 40, 46, 51, 40, 11, 182, 25, 50, 71, 78, 3, 89, 85, 78, 80, 96, 101, 5, 67, 7, 34, 109, 104, 22, 60, 152, 134, 103, 26, 68, 131, 105, 84, 116, 140, 49, 75, 67, 188, 59, 13, 77, 26, 45, 81, 19, 30, 67, 29, 142, 6, 58, 48, 81, 95, 28, 71, 94, 174, 34, 137, 155, 4, 81, 73, 14, 38, 15, 68, 51, 152, 169], "commands": [[0.02500000037252903, 0.0, 0.0], [0.03999999910593033, 0.0, 0.15000000596046448], [0.03999999910593033, 0.0, -0.15000000596046448], [0.0, 0.0, 0.0], [0.0, 0.0, 0.0], [0.01767767034471035, 0.01767767034471035, 0.0], [0.0, 0.0, 0.0], [-9.184851394388759e-18, -0.05000000074505806, 0.0], [0.0, 0.0, 0.0], [-0.02500000037252903, 3.0616169246677665e-18, 0.0], [-0.02500000037252903, 3.0616169246677665e-18, 0.0], [0.0353553406894207, -0.0353553406894207, 0.0], [0.01767767034471035, 0.01767767034471035, 0.0], [0.0, 0.0, 0.0], [3.0616169246677665e-18, 0.05000000074505806, 0.0], [-9.184851394388759e-18, -0.05000000074505806, 0.0], [0.0, 0.0, 0.0], [0.02500000037252903, 0.0, 0.0], [0.03999999910593033, 0.0, -0.15000000596046448], [-0.02500000037252903, 3.0616169246677665e-18, 0.0], [0.0353553406894207, -0.0353553406894207, 0.0], [0.0353553406894207, -0.0353553406894207, 0.0], [0.05000000074505806, 0.0, 0.0], [0.0, 0.0, -0.20000000298023224], [-0.0353553406894207, 0.0353553406894207, 0.0], [0.0, 0.0, 0.0], [0.0, 0.0, 0.0], [0.0, 0.0, 0.0], [0.01767767034471035, 0.01767767034471035, 0.0], [1.5308084623338832e-18, 0.02500000037252903, 0.0], [0.0, 0.0, 0.0], [0.03999999910593033, 0.0, -0.15000000596046448], [0.0353553406894207, -0.0353553406894207, 0.0], [0.0, 0.0, 0.0], [0.0, 0.0, 0.0], [-4.5924256971943795e-18, -0.02500000037252903, 0.0], [1.5308084623338832e-18, 0.02500000037252903, 0.0], [0.03999999910593033, 0.0, 0.15000000596046448], [3.0616169246677665e-18, 0.05000000074505806, 0.0], [-0.0353553406894207, 0.0353553406894207, 0.0], [-9.184851394388759e-18, -0.05000000074505806, 0.0], [-0.0353553406894207, 0.0353553406894207, 0.0], [0.0, 0.0, 0.0], [0.03999999910593033, 0.0, 0.15000000596046448], [0.0353553406894207, -0.0353553406894207, 0.0], [1.5308084623338832e-18, 0.02500000037252903, 0.0], [-0.02500000037252903, 3.0616169246677665e-18, 0.0], [-0.01767767034471035, 0.01767767034471035, 0.0], [-0.01767767034471035, -0.01767767034471035, 0.0], [0.0, 0.0, -0.20000000298023224], [0.0, 0.0, 0.20000000298023224], [-4.5924256971943795e-18, -0.02500000037252903, 0.0], [0.01767767034471035, 0.01767767034471035, 0.0], [-0.0353553406894207, -0.0353553406894207, 0.0], [1.5308084623338832e-18, 0.02500000037252903, 0.0], [0.0, 0.0, 0.0], [0.01767767034471035, -0.01767767034471035, 0.0], [1.5308084623338832e-18, 0.02500000037252903, 0.0], [0.0353553406894207, 0.0353553406894207, 0.0], [-0.0353553406894207, -0.0353553406894207, 0.0], [0.0, 0.0, 0.0], [0.01767767034471035, 0.01767767034471035, 0.0], [0.05000000074505806, 0.0, 0.0], [3.0616169246677665e-18, 0.05000000074505806, 0.0], [-0.05000000074505806, 6.123233849335533e-18, 0.0], [-0.05000000074505806, 6.123233849335533e-18, 0.0], [0.03999999910593033, 0.0, 0.15000000596046448], [0.0, 0.0, -0.20000000298023224], [0.03999999910593033, 0.0, -0.15000000596046448], [-0.0353553406894207, 0.0353553406894207, 0.0], [-0.0353553406894207, -0.0353553406894207, 0.0], [-4.5924256971943795e-18, -0.02500000037252903, 0.0], [0.0353553406894207, -0.0353553406894207, 0.0], [0.0, 0.0, 0.20000000298023224], [-0.0353553406894207, 0.0353553406894207, 0.0], [1.5308084623338832e-18, 0.02500000037252903, 0.0], [-0.02500000037252903, 3.0616169246677665e-18, 0.0], [0.01767767034471035, -0.01767767034471035, 0.0], [-0.0353553406894207, 0.0353553406894207, 0.0], [0.0, 0.0, 0.0], [0.0, 0.0, 0.20000000298023224], [-9.184851394388759e-18, -0.05000000074505806, 0.0], [1.5308084623338832e-18, 0.02500000037252903, 0.0], [-9.184851394388759e-18, -0.05000000074505806, 0.0], [0.03999999910593033, 0.0, -0.15000000596046448], [0.01767767034471035, 0.01767767034471035, 0.0], [3.0616169246677665e-18, 0.05000000074505806, 0.0], [0.0, 0.0, 0.0], [0.01767767034471035, 0.01767767034471035, 0.0], [-0.02500000037252903, 3.0616169246677665e-18, 0.0], [0.0353553406894207, 0.0353553406894207, 0.0], [0.03999999910593033, 0.0, 0.15000000596046448], [3.0616169246677665e-18, 0.05000000074505806, 0.0], [-9.184851394388759e-18, -0.05000000074505806, 0.0], [-0.0353553406894207, 0.0353553406894207, 0.0], [-9.184851394388759e-18, -0.05000000074505806, 0.0], [0.0, 0.0, 0.20000000298023224], [0.0, 0.0, -0.20000000298023224], [0.0353553406894207, 0.0353553406894207, 0.0], [0.0353553406894207, 0.0353553406894207, 0.0], [0.0353553406894207, 0.0353553406894207, 0.0], [0.01767767034471035, -0.01767767034471035, 0.0], [0.0, 0.0, 0.0], [0.03999999910593033, 0.0, 0.15000000596046448], [1.5308084623338832e-18, 0.02500000037252903, 0.0], [0.01767767034471035, 0.01767767034471035, 0.0], [3.0616169246677665e-18, 0.05000000074505806, 0.0], [0.0, 0.0, -0.20000000298023224], [0.0, 0.0, 0.0], [0.02500000037252903, 0.0, 0.0], [0.01767767034471035, -0.01767767034471035, 0.0], [-4.5924256971943795e-18, -0.02500000037252903, 0.0], [1.5308084623338832e-18, 0.02500000037252903, 0.0], [0.0353553406894207, 0.0353553406894207, 0.0], [0.0, 0.0, 0.20000000298023224], [0.0, 0.0, 0.0], [0.0, 0.0, 0.0], [0.01767767034471035, -0.01767767034471035, 0.0], [0.05000000074505806, 0.0, 0.0], [0.0, 0.0, 0.0], [0.0, 0.0, 0.0], [3.0616169246677665e-18, 0.05000000074505806, 0.0], [0.0, 0.0, -0.20000000298023224], [0.0, 0.0, 0.20000000298023224], [0.03999999910593033, 0.0, 0.15000000596046448], [0.0353553406894207, 0.0353553406894207, 0.0], [-0.02500000037252903, 3.0616169246677665e-18, 0.0], [-0.05000000074505806, 6.123233849335533e-18, 0.0]], "stage2_complete": false, "proximity": {"checks": 373, "minimum_sphere_gap_m": 0.99067622423172, "failure": null, "collision_filter_present": false}, "cumulative_metrics": {"environment_controls": 21504, "signed_navigation_velocity_error_mps": [-0.005178970750421286, -0.0009418627596460283], "absolute_navigation_velocity_error_mps": [0.03577493503689766, 0.03149612620472908], "achieved_planar_speed_mps": 0.042909566313028336, "requested_planar_speed_mps": 0.027205411344766617, "signed_command_direction_speed_mps": 0.002133353613317013, "moving_command_rows": 15466, "signed_yaw_error_rad_s": -0.04669853299856186, "absolute_yaw_error_rad_s": 0.13746142387390137, "requested_saturation_fraction": 0.023945486173033714, "terminations": 11, "truncations": 0, "zero_command_rows": 3514, "nonfoot_event_rows": 0, "moving_signed_command_direction_speed_mps": 0.002966224356584629, "nonfoot_event_fraction": 0.0, "task_reward_sum": 7628.005752779078, "task_reward_mean": 0.35472496990230085, "reward_components": {"linear_tracking": {"sum": 5101.613565273094, "absolute_sum": 5101.613565273094, "mean": 0.23724021415890503, "mean_absolute": 0.23724021415890503}, "yaw_tracking": {"sum": 4342.577246369743, "absolute_sum": 4342.577246369743, "mean": 0.20194276629323582, "mean_absolute": 0.20194276629323582}, "quiet_joint_rate": {"sum": -1241.7335115671158, "absolute_sum": 1241.7335115671158, "mean": -0.05774430392332198, "mean_absolute": 0.05774430392332198}, "quiet_target_motion": {"sum": -431.7662650644779, "absolute_sum": 431.7662650644779, "mean": -0.02007841634414425, "mean_absolute": 0.02007841634414425}, "tilt": {"sum": -8.897177944045685, "absolute_sum": 8.897177944045685, "mean": -0.0004137452540943864, "mean_absolute": 0.0004137452540943864}, "roll_pitch_rate": {"sum": -3.997090032174587, "absolute_sum": 3.997090032174587, "mean": -0.00018587658259740453, "mean_absolute": 0.00018587658259740453}, "vertical_velocity": {"sum": -2.4953760699463303, "absolute_sum": 2.4953760699463303, "mean": -0.00011604241396699825, "mean_absolute": 0.00011604241396699825}, "height": {"sum": -28.694255120208464, "absolute_sum": 28.694255120208464, "mean": -0.0013343682626585037, "mean_absolute": 0.0013343682626585037}, "effort": {"sum": -30.917537581648503, "absolute_sum": 30.917537581648503, "mean": -0.0014377575140275532, "mean_absolute": 0.0014377575140275532}, "target_motion": {"sum": -45.683845531566476, "absolute_sum": 45.683845531566476, "mean": -0.002124434781043828, "mean_absolute": 0.002124434781043828}, "nonfoot_contact": {"sum": 0.0, "absolute_sum": 0.0, "mean": 0.0, "mean_absolute": 0.0}, "termination": {"sum": -22.0, "absolute_sum": 22.0, "mean": -0.0010230654761904762, "mean_absolute": 0.0010230654761904762}}, "command_classes": {"zero": {"environment_controls": 3514, "time_fraction": 0.16341145833333334, "task_reward_mean": 0.07943581808873919, "reward_component_means": {"linear_tracking": 0.33797338468544186, "yaw_tracking": 0.2229161947546217, "quiet_joint_rate": -0.35336753317220143, "quiet_target_motion": -0.12287030878328911, "tilt": -0.00036467446678001573, "roll_pitch_rate": -0.00021334780543984304, "vertical_velocity": -0.00012999659095696764, "height": -0.000834454496002726, "effort": -0.0013823592024802143, "target_motion": -0.002291086117188909, "nonfoot_contact": 0.0, "termination": 0.0}, "reward_component_mean_absolute": {"linear_tracking": 0.33797338468544186, "yaw_tracking": 0.2229161947546217, "quiet_joint_rate": 0.35336753317220143, "quiet_target_motion": 0.12287030878328911, "tilt": 0.00036467446678001573, "roll_pitch_rate": 0.00021334780543984304, "vertical_velocity": 0.00012999659095696764, "height": 0.000834454496002726, "effort": 0.0013823592024802143, "target_motion": 0.002291086117188909, "nonfoot_contact": 0.0, "termination": 0.0}, "requested_planar_speed_mps": 0.0, "moving_command_rows": 0, "moving_signed_command_direction_speed_mps": null, "nonfoot_event_fraction": 0.0}, "linear_0.025": {"environment_controls": 6589, "time_fraction": 0.3064081101190476, "task_reward_mean": 0.4907057574666373, "reward_component_means": {"linear_tracking": 0.27466915388936275, "yaw_tracking": 0.22199300777024775, "quiet_joint_rate": 0.0, "quiet_target_motion": 0.0, "tilt": -0.00036212143655673214, "roll_pitch_rate": -0.00018243135883471467, "vertical_velocity": -0.00012166296285071728, "height": -0.0015063651090521588, "effort": -0.0013943310355076731, "target_motion": -0.0020859562930589824, "nonfoot_contact": 0.0, "termination": -0.00030353619669145547}, "reward_component_mean_absolute": {"linear_tracking": 0.27466915388936275, "yaw_tracking": 0.22199300777024775, "quiet_joint_rate": 0.0, "quiet_target_motion": 0.0, "tilt": 0.00036212143655673214, "roll_pitch_rate": 0.00018243135883471467, "vertical_velocity": 0.00012166296285071728, "height": 0.0015063651090521588, "effort": 0.0013943310355076731, "target_motion": 0.0020859562930589824, "nonfoot_contact": 0.0, "termination": 0.00030353619669145547}, "requested_planar_speed_mps": 0.02500000037252903, "moving_command_rows": 6589, "moving_signed_command_direction_speed_mps": 0.0019059620283647183, "nonfoot_event_fraction": 0.0}, "linear_0.05": {"environment_controls": 6522, "time_fraction": 0.3032924107142857, "task_reward_mean": 0.3372920081690548, "reward_component_means": {"linear_tracking": 0.11960025452344393, "yaw_tracking": 0.2251435781962137, "quiet_joint_rate": 0.0, "quiet_target_motion": 0.0, "tilt": -0.0005046860280737698, "roll_pitch_rate": -0.0001763569376280877, "vertical_velocity": -0.00010120325108980245, "height": -0.0013390454055680293, "effort": -0.0014278131338035659, "target_motion": -0.0020627933109203735, "nonfoot_contact": 0.0, "termination": -0.0018399264029438822}, "reward_component_mean_absolute": {"linear_tracking": 0.11960025452344393, "yaw_tracking": 0.2251435781962137, "quiet_joint_rate": 0.0, "quiet_target_motion": 0.0, "tilt": 0.0005046860280737698, "roll_pitch_rate": 0.0001763569376280877, "vertical_velocity": 0.00010120325108980245, "height": 0.0013390454055680293, "effort": 0.0014278131338035659, "target_motion": 0.0020627933109203735, "nonfoot_contact": 0.0, "termination": 0.0018399264029438822}, "requested_planar_speed_mps": 0.05000000074505806, "moving_command_rows": 6522, "moving_signed_command_direction_speed_mps": 0.0032106465489460034, "nonfoot_event_fraction": 0.0}, "yaw": {"environment_controls": 2524, "time_fraction": 0.1173735119047619, "task_reward_mean": 0.4939910994929176, "reward_component_means": {"linear_tracking": 0.3851916947883304, "yaw_tracking": 0.11549361201485905, "quiet_joint_rate": 0.0, "quiet_target_motion": 0.0, "tilt": -0.000415640162877827, "roll_pitch_rate": -0.00016620019928102042, "vertical_velocity": -0.00010762147346874113, "height": -0.0016952113623118568, "effort": -0.0014755709944669038, "target_motion": -0.0020415706478561853, "nonfoot_contact": 0.0, "termination": -0.000792393026941363}, "reward_component_mean_absolute": {"linear_tracking": 0.3851916947883304, "yaw_tracking": 0.11549361201485905, "quiet_joint_rate": 0.0, "quiet_target_motion": 0.0, "tilt": 0.000415640162877827, "roll_pitch_rate": 0.00016620019928102042, "vertical_velocity": 0.00010762147346874113, "height": 0.0016952113623118568, "effort": 0.0014755709944669038, "target_motion": 0.0020415706478561853, "nonfoot_contact": 0.0, "termination": 0.000792393026941363}, "requested_planar_speed_mps": 0.0, "moving_command_rows": 0, "moving_signed_command_direction_speed_mps": null, "nonfoot_event_fraction": 0.0}, "arc": {"environment_controls": 2355, "time_fraction": 0.10951450892857142, "task_reward_mean": 0.2840577663137477, "reward_component_means": {"linear_tracking": 0.14943666193791633, "yaw_tracking": 0.1429492637293543, "quiet_joint_rate": 0.0, "quiet_target_motion": 0.0, "tilt": -0.00037751833380366887, "roll_pitch_rate": -0.0002019772273041869, "vertical_velocity": -0.00012961638405833333, "height": -0.0011993947788197094, "effort": -0.0016289349055081317, "target_motion": -0.002242947181226041, "nonfoot_contact": 0.0, "termination": -0.0025477707006369425}, "reward_component_mean_absolute": {"linear_tracking": 0.14943666193791633, "yaw_tracking": 0.1429492637293543, "quiet_joint_rate": 0.0, "quiet_target_motion": 0.0, "tilt": 0.00037751833380366887, "roll_pitch_rate": 0.0002019772273041869, "vertical_velocity": 0.00012961638405833333, "height": 0.0011993947788197094, "effort": 0.0016289349055081317, "target_motion": 0.002242947181226041, "nonfoot_contact": 0.0, "termination": 0.0025477707006369425}, "requested_planar_speed_mps": 0.03999999910593033, "moving_command_rows": 2355, "moving_signed_command_direction_speed_mps": 0.005255798429646245, "nonfoot_event_fraction": 0.0}, "other": {"environment_controls": 0, "time_fraction": 0.0, "task_reward_mean": null, "reward_component_means": {"linear_tracking": null, "yaw_tracking": null, "quiet_joint_rate": null, "quiet_target_motion": null, "tilt": null, "roll_pitch_rate": null, "vertical_velocity": null, "height": null, "effort": null, "target_motion": null, "nonfoot_contact": null, "termination": null}, "reward_component_mean_absolute": {"linear_tracking": null, "yaw_tracking": null, "quiet_joint_rate": null, "quiet_target_motion": null, "tilt": null, "roll_pitch_rate": null, "vertical_velocity": null, "height": null, "effort": null, "target_motion": null, "nonfoot_contact": null, "termination": null}, "requested_planar_speed_mps": null, "moving_command_rows": 0, "moving_signed_command_direction_speed_mps": null, "nonfoot_event_fraction": null}}, "zero_hold_joint_rate_rms_rad_s": [0.518961866478702, 0.892614409860333, 0.42561007942113527, 0.4774441266588012, 1.1526518503975347, 1.6031345566079767, 0.6275785408544873, 0.8111668227349658, 0.954472036045737, 0.6115790719638757, 0.8576511542639936, 0.9712875532193002, 0.5181774370541037, 0.8215722879606487, 0.9627228471440195, 0.46614959191569927, 0.8400541674214439, 1.182182754117761], "zero_hold_worst_joint_rate_rms_rad_s": 1.6031345566079767, "zero_hold_all_joint_rate_rms_rad_s": 0.868605184096671, "diagnostic_scope": "Time-weighted 50Hz control endpoints; nonfoot events use each control's maximum 400Hz body/coxa/femur floor force >1N. These are reporting metrics, not Stage2 admission.", "termination_reasons": {"rows": {"height": 0, "tilt": 0, "joint_limit": 11, "timeout": 0}, "multiple_physical_reason_rows": 0, "unattributed_termination_rows": 0, "termination_flag_mismatch_rows": 0, "scope": "Counts returned terminal rows with each measured predicate; reasons may overlap. Timeout counts returned truncations separately."}, "actual_target_slew": {"environment_controls": 21365, "excluded_first_or_reset_rows": 139, "limit_rad_per_control": 0.04, "occupancy_tolerance_rad": 2e-06, "by_joint": {"lf_coxa_yaw": {"at_limit_rows": 5024, "at_limit_fraction": 0.2351509478118418, "beyond_limit_rows": 0}, "lf_femur_pitch": {"at_limit_rows": 5326, "at_limit_fraction": 0.24928621577346127, "beyond_limit_rows": 0}, "lf_tibia_pitch": {"at_limit_rows": 7183, "at_limit_fraction": 0.3362040720805055, "beyond_limit_rows": 0}, "lm_coxa_yaw": {"at_limit_rows": 8637, "at_limit_fraction": 0.40425930259770654, "beyond_limit_rows": 0}, "lm_femur_pitch": {"at_limit_rows": 6217, "at_limit_fraction": 0.29098993681254387, "beyond_limit_rows": 0}, "lm_tibia_pitch": {"at_limit_rows": 6967, "at_limit_fraction": 0.326094079101334, "beyond_limit_rows": 0}, "lr_coxa_yaw": {"at_limit_rows": 7745, "at_limit_fraction": 0.3625087760355722, "beyond_limit_rows": 0}, "lr_femur_pitch": {"at_limit_rows": 5771, "at_limit_fraction": 0.2701146735314767, "beyond_limit_rows": 0}, "lr_tibia_pitch": {"at_limit_rows": 6455, "at_limit_fraction": 0.3021296512988533, "beyond_limit_rows": 0}, "rf_coxa_yaw": {"at_limit_rows": 4921, "at_limit_fraction": 0.23032997893751464, "beyond_limit_rows": 0}, "rf_femur_pitch": {"at_limit_rows": 6387, "at_limit_fraction": 0.29894687573133627, "beyond_limit_rows": 0}, "rf_tibia_pitch": {"at_limit_rows": 6076, "at_limit_fraction": 0.2843903580622513, "beyond_limit_rows": 0}, "rm_coxa_yaw": {"at_limit_rows": 4879, "at_limit_fraction": 0.22836414696934237, "beyond_limit_rows": 0}, "rm_femur_pitch": {"at_limit_rows": 6181, "at_limit_fraction": 0.289304937982682, "beyond_limit_rows": 0}, "rm_tibia_pitch": {"at_limit_rows": 6184, "at_limit_fraction": 0.2894453545518371, "beyond_limit_rows": 0}, "rr_coxa_yaw": {"at_limit_rows": 5196, "at_limit_fraction": 0.24320149777673766, "beyond_limit_rows": 0}, "rr_femur_pitch": {"at_limit_rows": 6750, "at_limit_fraction": 0.3159372805991107, "beyond_limit_rows": 0}, "rr_tibia_pitch": {"at_limit_rows": 7115, "at_limit_fraction": 0.3330212965129885, "beyond_limit_rows": 0}}}}, "interval_metrics": {"environment_controls": 3072, "signed_navigation_velocity_error_mps": [-0.004217463545501232, 0.0009651666041463614], "absolute_navigation_velocity_error_mps": [0.02837364189326763, 0.026413407176733017], "achieved_planar_speed_mps": 0.0305447056889534, "requested_planar_speed_mps": 0.02772623673081398, "signed_command_direction_speed_mps": 0.0005881176330149174, "moving_command_rows": 2231, "signed_yaw_error_rad_s": -0.005524349398910999, "absolute_yaw_error_rad_s": 0.09984611719846725, "requested_saturation_fraction": 0.026098176836967468, "terminations": 0, "truncations": 0, "zero_command_rows": 532, "nonfoot_event_rows": 0, "moving_signed_command_direction_speed_mps": 0.0008098150611686768, "nonfoot_event_fraction": 0.0, "task_reward_sum": 1306.2485699490644, "task_reward_mean": 0.4252111230302944, "reward_components": {"linear_tracking": {"sum": 861.8315095544106, "absolute_sum": 861.8315095544106, "mean": 0.2805441111830764, "mean_absolute": 0.2805441111830764}, "yaw_tracking": {"sum": 698.1651557413181, "absolute_sum": 698.1651557413181, "mean": 0.22726730330121034, "mean_absolute": 0.22726730330121034}, "quiet_joint_rate": {"sum": -172.62902387976646, "absolute_sum": 172.62902387976646, "mean": -0.05619434371086148, "mean_absolute": 0.05619434371086148}, "quiet_target_motion": {"sum": -62.96672745049, "absolute_sum": 62.96672745049, "mean": -0.02049698159195638, "mean_absolute": 0.02049698159195638}, "tilt": {"sum": -1.3643163441559896, "absolute_sum": 1.3643163441559896, "mean": -0.0004441133932799445, "mean_absolute": 0.0004441133932799445}, "roll_pitch_rate": {"sum": -0.3835812036115773, "absolute_sum": 0.3835812036115773, "mean": -0.00012486367305064366, "mean_absolute": 0.00012486367305064366}, "vertical_velocity": {"sum": -0.17996377208916725, "absolute_sum": 0.17996377208916725, "mean": -5.85819570602758e-05, "mean_absolute": 5.85819570602758e-05}, "height": {"sum": -6.6373971890426136, "absolute_sum": 6.6373971890426136, "mean": -0.0021606110641414758, "mean_absolute": 0.0021606110641414758}, "effort": {"sum": -4.30234815084259, "absolute_sum": 4.30234815084259, "mean": -0.0014005039553524057, "mean_absolute": 0.0014005039553524057}, "target_motion": {"sum": -5.284738684378681, "absolute_sum": 5.284738684378681, "mean": -0.0017202925404878517, "mean_absolute": 0.0017202925404878517}, "nonfoot_contact": {"sum": 0.0, "absolute_sum": 0.0, "mean": 0.0, "mean_absolute": 0.0}, "termination": {"sum": 0.0, "absolute_sum": 0.0, "mean": 0.0, "mean_absolute": 0.0}}, "command_classes": {"zero": {"environment_controls": 532, "time_fraction": 0.17317708333333334, "task_reward_mean": 0.2392644762745148, "reward_component_means": {"linear_tracking": 0.4397821597913413, "yaw_tracking": 0.24784436683080285, "quiet_joint_rate": -0.3244906463905385, "quiet_target_motion": -0.11835851024528195, "tilt": -0.000425603061816402, "roll_pitch_rate": -0.00015272819390673784, "vertical_velocity": -5.00058384944442e-05, "height": -0.001609466086977708, "effort": -0.0014260205930611818, "target_motion": -0.001849067671057292, "nonfoot_contact": 0.0, "termination": 0.0}, "reward_component_mean_absolute": {"linear_tracking": 0.4397821597913413, "yaw_tracking": 0.24784436683080285, "quiet_joint_rate": 0.3244906463905385, "quiet_target_motion": 0.11835851024528195, "tilt": 0.000425603061816402, "roll_pitch_rate": 0.00015272819390673784, "vertical_velocity": 5.00058384944442e-05, "height": 0.001609466086977708, "effort": 0.0014260205930611818, "target_motion": 0.001849067671057292, "nonfoot_contact": 0.0, "termination": 0.0}, "requested_planar_speed_mps": 0.0, "moving_command_rows": 0, "moving_signed_command_direction_speed_mps": null, "nonfoot_event_fraction": 0.0}, "linear_0.025": {"environment_controls": 939, "time_fraction": 0.3056640625, "task_reward_mean": 0.5587667376110459, "reward_component_means": {"linear_tracking": 0.32285007573080443, "yaw_tracking": 0.2421083973252157, "quiet_joint_rate": 0.0, "quiet_target_motion": 0.0, "tilt": -0.00031491267422215454, "roll_pitch_rate": -0.00010273952675151333, "vertical_velocity": -7.063593375942344e-05, "height": -0.002677232800501508, "effort": -0.0013825825141684307, "target_motion": -0.00164363285522542, "nonfoot_contact": 0.0, "termination": 0.0}, "reward_component_mean_absolute": {"linear_tracking": 0.32285007573080443, "yaw_tracking": 0.2421083973252157, "quiet_joint_rate": 0.0, "quiet_target_motion": 0.0, "tilt": 0.00031491267422215454, "roll_pitch_rate": 0.00010273952675151333, "vertical_velocity": 7.063593375942344e-05, "height": 0.002677232800501508, "effort": 0.0013825825141684307, "target_motion": 0.00164363285522542, "nonfoot_contact": 0.0, "termination": 0.0}, "requested_planar_speed_mps": 0.02500000037252903, "moving_command_rows": 939, "moving_signed_command_direction_speed_mps": 0.00206483688981513, "nonfoot_event_fraction": 0.0}, "linear_0.05": {"environment_controls": 1002, "time_fraction": 0.326171875, "task_reward_mean": 0.3793485250073985, "reward_component_means": {"linear_tracking": 0.13096890292534913, "yaw_tracking": 0.25414829564417557, "quiet_joint_rate": 0.0, "quiet_target_motion": 0.0, "tilt": -0.0005385355412990513, "roll_pitch_rate": -0.00012636462211477233, "vertical_velocity": -4.3821156163800674e-05, "height": -0.00203945746043646, "effort": -0.0013627409522838523, "target_motion": -0.001657755016152326, "nonfoot_contact": 0.0, "termination": 0.0}, "reward_component_mean_absolute": {"linear_tracking": 0.13096890292534913, "yaw_tracking": 0.25414829564417557, "quiet_joint_rate": 0.0, "quiet_target_motion": 0.0, "tilt": 0.0005385355412990513, "roll_pitch_rate": 0.00012636462211477233, "vertical_velocity": 4.3821156163800674e-05, "height": 0.00203945746043646, "effort": 0.0013627409522838523, "target_motion": 0.001657755016152326, "nonfoot_contact": 0.0, "termination": 0.0}, "requested_planar_speed_mps": 0.05000000074505806, "moving_command_rows": 1002, "moving_signed_command_direction_speed_mps": 0.00024566262743360627, "nonfoot_event_fraction": 0.0}, "yaw": {"environment_controls": 309, "time_fraction": 0.1005859375, "task_reward_mean": 0.5737825566096515, "reward_component_means": {"linear_tracking": 0.4626581267639431, "yaw_tracking": 0.1173130919271289, "quiet_joint_rate": 0.0, "quiet_target_motion": 0.0, "tilt": -0.0005874717204141012, "roll_pitch_rate": -0.00013300463742336926, "vertical_velocity": -5.629777355712568e-05, "height": -0.002274311264216911, "effort": -0.0014243953266786864, "target_motion": -0.001713181685914005, "nonfoot_contact": 0.0, "termination": 0.0}, "reward_component_mean_absolute": {"linear_tracking": 0.4626581267639431, "yaw_tracking": 0.1173130919271289, "quiet_joint_rate": 0.0, "quiet_target_motion": 0.0, "tilt": 0.0005874717204141012, "roll_pitch_rate": 0.00013300463742336926, "vertical_velocity": 5.629777355712568e-05, "height": 0.002274311264216911, "effort": 0.0014243953266786864, "target_motion": 0.001713181685914005, "nonfoot_contact": 0.0, "termination": 0.0}, "requested_planar_speed_mps": 0.0, "moving_command_rows": 0, "moving_signed_command_direction_speed_mps": null, "nonfoot_event_fraction": 0.0}, "arc": {"environment_controls": 290, "time_fraction": 0.09440104166666667, "task_reward_mean": 0.33404093070501656, "reward_component_means": {"linear_tracking": 0.1742033708032193, "yaw_tracking": 0.16574424088967835, "quiet_joint_rate": 0.0, "quiet_target_motion": 0.0, "tilt": -0.00041741772477742737, "roll_pitch_rate": -0.0001315227741748235, "vertical_velocity": -8.871970243015242e-05, "height": -0.0017963485348248232, "effort": -0.0015167435324060377, "target_motion": -0.001955930224784393, "nonfoot_contact": 0.0, "termination": 0.0}, "reward_component_mean_absolute": {"linear_tracking": 0.1742033708032193, "yaw_tracking": 0.16574424088967835, "quiet_joint_rate": 0.0, "quiet_target_motion": 0.0, "tilt": 0.00041741772477742737, "roll_pitch_rate": 0.0001315227741748235, "vertical_velocity": 8.871970243015242e-05, "height": 0.0017963485348248232, "effort": 0.0015167435324060377, "target_motion": 0.001955930224784393, "nonfoot_contact": 0.0, "termination": 0.0}, "requested_planar_speed_mps": 0.03999999910593033, "moving_command_rows": 290, "moving_signed_command_direction_speed_mps": -0.0013046151405433192, "nonfoot_event_fraction": 0.0}, "other": {"environment_controls": 0, "time_fraction": 0.0, "task_reward_mean": null, "reward_component_means": {"linear_tracking": null, "yaw_tracking": null, "quiet_joint_rate": null, "quiet_target_motion": null, "tilt": null, "roll_pitch_rate": null, "vertical_velocity": null, "height": null, "effort": null, "target_motion": null, "nonfoot_contact": null, "termination": null}, "reward_component_mean_absolute": {"linear_tracking": null, "yaw_tracking": null, "quiet_joint_rate": null, "quiet_target_motion": null, "tilt": null, "roll_pitch_rate": null, "vertical_velocity": null, "height": null, "effort": null, "target_motion": null, "nonfoot_contact": null, "termination": null}, "requested_planar_speed_mps": null, "moving_command_rows": 0, "moving_signed_command_direction_speed_mps": null, "nonfoot_event_fraction": null}}, "zero_hold_joint_rate_rms_rad_s": [0.3403321212349051, 0.7075888673381251, 0.30136404599553185, 0.3751390791373165, 0.7231332209174365, 1.0380074284173613, 0.4584072965895638, 0.6066534619357404, 0.727722749065636, 0.33490548961854694, 0.6758816639594902, 0.7394085168413163, 0.27277580383181516, 0.7444668909464903, 1.1166781057175421, 0.2818263886015329, 0.6684619758938409, 1.2635590617269539], "zero_hold_worst_joint_rate_rms_rad_s": 1.2635590617269539, "zero_hold_all_joint_rate_rms_rad_s": 0.6940358620468656, "diagnostic_scope": "Time-weighted 50Hz control endpoints; nonfoot events use each control's maximum 400Hz body/coxa/femur floor force >1N. These are reporting metrics, not Stage2 admission.", "termination_reasons": {"rows": {"height": 0, "tilt": 0, "joint_limit": 0, "timeout": 0}, "multiple_physical_reason_rows": 0, "unattributed_termination_rows": 0, "termination_flag_mismatch_rows": 0, "scope": "Counts returned terminal rows with each measured predicate; reasons may overlap. Timeout counts returned truncations separately."}, "actual_target_slew": {"environment_controls": 3072, "excluded_first_or_reset_rows": 0, "limit_rad_per_control": 0.04, "occupancy_tolerance_rad": 2e-06, "by_joint": {"lf_coxa_yaw": {"at_limit_rows": 667, "at_limit_fraction": 0.21712239583333334, "beyond_limit_rows": 0}, "lf_femur_pitch": {"at_limit_rows": 382, "at_limit_fraction": 0.12434895833333333, "beyond_limit_rows": 0}, "lf_tibia_pitch": {"at_limit_rows": 877, "at_limit_fraction": 0.2854817708333333, "beyond_limit_rows": 0}, "lm_coxa_yaw": {"at_limit_rows": 1149, "at_limit_fraction": 0.3740234375, "beyond_limit_rows": 0}, "lm_femur_pitch": {"at_limit_rows": 646, "at_limit_fraction": 0.21028645833333334, "beyond_limit_rows": 0}, "lm_tibia_pitch": {"at_limit_rows": 670, "at_limit_fraction": 0.21809895833333334, "beyond_limit_rows": 0}, "lr_coxa_yaw": {"at_limit_rows": 1007, "at_limit_fraction": 0.3277994791666667, "beyond_limit_rows": 0}, "lr_femur_pitch": {"at_limit_rows": 573, "at_limit_fraction": 0.1865234375, "beyond_limit_rows": 0}, "lr_tibia_pitch": {"at_limit_rows": 712, "at_limit_fraction": 0.23177083333333334, "beyond_limit_rows": 0}, "rf_coxa_yaw": {"at_limit_rows": 664, "at_limit_fraction": 0.21614583333333334, "beyond_limit_rows": 0}, "rf_femur_pitch": {"at_limit_rows": 635, "at_limit_fraction": 0.20670572916666666, "beyond_limit_rows": 0}, "rf_tibia_pitch": {"at_limit_rows": 589, "at_limit_fraction": 0.19173177083333334, "beyond_limit_rows": 0}, "rm_coxa_yaw": {"at_limit_rows": 686, "at_limit_fraction": 0.22330729166666666, "beyond_limit_rows": 0}, "rm_femur_pitch": {"at_limit_rows": 622, "at_limit_fraction": 0.20247395833333334, "beyond_limit_rows": 0}, "rm_tibia_pitch": {"at_limit_rows": 587, "at_limit_fraction": 0.19108072916666666, "beyond_limit_rows": 0}, "rr_coxa_yaw": {"at_limit_rows": 711, "at_limit_fraction": 0.2314453125, "beyond_limit_rows": 0}, "rr_femur_pitch": {"at_limit_rows": 710, "at_limit_fraction": 0.23111979166666666, "beyond_limit_rows": 0}, "rr_tibia_pitch": {"at_limit_rows": 767, "at_limit_fraction": 0.24967447916666666, "beyond_limit_rows": 0}}}}}
PAPER_PPO {"policy_loss": 0.00959475920535624, "value_loss": 5.902407765388489, "entropy": -15.847746849060059, "estimator_loss": 0.0003942800249205902, "approx_kl": 0.011904330283869058, "actor_grad_norm": 33.309326171875, "critic_grad_norm": 26.241365432739258, "model_grad_norm": 42.69160270690918, "clip_fraction": 0.1562500037252903, "discriminator_loss": 0.005340079707093537, "expert_score": 0.9989006280899048, "policy_score": -0.9984966486692428, "gradient_penalty": 0.0006794922170229256, "discriminator_expert_loss": 0.00041478787097730673, "discriminator_policy_loss": 0.0015278306149411947, "ppo_batches": 4, "discriminator_batches": 20, "target_kl": 0.02, "kl_initial": 2.733293803242285e-11, "kl_final": 0.018817163190513454, "kl_max": 0.018817163190513454, "kl_max_step_increase": 0.014142727123853059, "kl_after_model_steps": [0.014142727151185997, 0.018428296048719994, 0.017280390525627257, 0.018817163190513454], "early_stopped": true, "final_full_rollout_k3": 0.01851501315832138, "stop_reason": "backtracking_exhausted", "learning_rate": 0.0001, "discriminator_learning_rate": 0.0003, "rollback_kl_steps": true, "model_proposals": 5, "accepted_model_steps": 4, "rejected_model_trials": 11, "model_trial_attempts": [{"proposal": 1, "retry": 0, "learning_rate": 0.0001, "kl": 0.05678679973471057, "accepted": false}, {"proposal": 1, "retry": 1, "learning_rate": 5e-05, "kl": 0.014142727151185997, "accepted": true}, {"proposal": 2, "retry": 0, "learning_rate": 0.0001, "kl": 0.04460725769359573, "accepted": false}, {"proposal": 2, "retry": 1, "learning_rate": 5e-05, "kl": 0.02493310209552041, "accepted": false}, {"proposal": 2, "retry": 2, "learning_rate": 2.5e-05, "kl": 0.018428296048719994, "accepted": true}, {"proposal": 3, "retry": 0, "learning_rate": 0.0001, "kl": 0.03863870904544301, "accepted": false}, {"proposal": 3, "retry": 1, "learning_rate": 5e-05, "kl": 0.020270676433763197, "accepted": false}, {"proposal": 3, "retry": 2, "learning_rate": 2.5e-05, "kl": 0.017280390525627257, "accepted": true}, {"proposal": 4, "retry": 0, "learning_rate": 0.0001, "kl": 0.06923981691036518, "accepted": false}, {"proposal": 4, "retry": 1, "learning_rate": 5e-05, "kl": 0.028008277274875693, "accepted": false}, {"proposal": 4, "retry": 2, "learning_rate": 2.5e-05, "kl": 0.018817163190513454, "accepted": true}, {"proposal": 5, "retry": 0, "learning_rate": 0.0001, "kl": 0.10254487848984431, "accepted": false}, {"proposal": 5, "retry": 1, "learning_rate": 5e-05, "kl": 0.040785838952343736, "accepted": false}, {"proposal": 5, "retry": 2, "learning_rate": 2.5e-05, "kl": 0.02480917383023739, "accepted": false}, {"proposal": 5, "retry": 3, "learning_rate": 1.25e-05, "kl": 0.020562857642631042, "accepted": false}], "consecutive_zero_accepted_updates": 0, "empirical_kl_scope": "Mean whole-actor KL on the fixed collected rollout; no bound on physical motion or unseen states.", "normalizer_policy_kl": 0.0, "normalizer_policy_kl_samples": 128, "normalizer_policy_kl_scope": "Same current observations and weights, before/after statistics update; reporting only", "update": 208, "transitions": 638976, "episodes": 635, "optimizer_steps": 596, "discriminator_steps": 4160, "reward": 0.4398955702781677, "task_reward": 0.41587430238723755, "style_reward": 0.02402130328118801, "action_std": 0.10032294690608978, "raw_action_abs_mean": 0.8198853731155396, "raw_action_clip_fraction": 0.44109880924224854, "return_mean": 43.27520751953125, "return_std": 3.4693174362182617, "explained_variance": 0.01015627384185791, "terminated": 1, "truncated": 0, "elapsed_s": 25.30888733593747, "transitions_per_s": 25247.099626251966, "allocation_new_transitions": 24576, "allocation_new_transitions_per_s": 971.0422933173833}
PAPER_TASK {"schema": "canonical_paper_walking_task_v1", "reward_version": "canonical_quiet_quadratic_log_tail_v2", "controls_completed": 192, "command_draws": 201, "zero_command_draws": 31, "zero_draw_fraction": 0.15422885572139303, "remaining_controls": [123, 117, 143, 194, 6, 8, 77, 81, 48, 25, 151, 141, 77, 116, 164, 41, 19, 29, 104, 70, 171, 17, 224, 119, 23, 51, 124, 17, 83, 84, 84, 119, 46, 1, 52, 15, 4, 30, 152, 34, 36, 41, 47, 167, 33, 57, 2, 8, 11, 39, 24, 4, 119, 177, 179, 50, 16, 22, 27, 16, 151, 158, 1, 26, 47, 54, 136, 65, 61, 54, 56, 72, 77, 111, 43, 98, 10, 85, 80, 98, 36, 128, 110, 79, 2, 44, 107, 81, 60, 92, 116, 25, 51, 43, 164, 35, 159, 53, 2, 21, 57, 131, 6, 43, 5, 118, 125, 34, 24, 57, 71, 4, 47, 70, 150, 10, 113, 131, 81, 57, 49, 97, 14, 199, 44, 27, 128, 145], "commands": [[0.02500000037252903, 0.0, 0.0], [0.03999999910593033, 0.0, 0.15000000596046448], [0.05000000074505806, 0.0, 0.0], [0.0, 0.0, 0.0], [0.0, 0.0, 0.0], [0.01767767034471035, 0.01767767034471035, 0.0], [0.0, 0.0, 0.0], [-9.184851394388759e-18, -0.05000000074505806, 0.0], [0.0, 0.0, 0.0], [-0.02500000037252903, 3.0616169246677665e-18, 0.0], [0.0, 0.0, 0.0], [1.5308084623338832e-18, 0.02500000037252903, 0.0], [0.01767767034471035, 0.01767767034471035, 0.0], [0.0, 0.0, 0.0], [3.0616169246677665e-18, 0.05000000074505806, 0.0], [-9.184851394388759e-18, -0.05000000074505806, 0.0], [0.0, 0.0, 0.0], [0.02500000037252903, 0.0, 0.0], [0.03999999910593033, 0.0, -0.15000000596046448], [-0.02500000037252903, 3.0616169246677665e-18, 0.0], [0.0353553406894207, -0.0353553406894207, 0.0], [0.0353553406894207, -0.0353553406894207, 0.0], [0.0, 0.0, -0.20000000298023224], [0.0, 0.0, -0.20000000298023224], [-0.0353553406894207, 0.0353553406894207, 0.0], [0.0, 0.0, 0.0], [0.0, 0.0, 0.0], [0.0, 0.0, 0.0], [-0.05000000074505806, 6.123233849335533e-18, 0.0], [-9.184851394388759e-18, -0.05000000074505806, 0.0], [-9.184851394388759e-18, -0.05000000074505806, 0.0], [0.03999999910593033, 0.0, -0.15000000596046448], [0.0353553406894207, -0.0353553406894207, 0.0], [0.0, 0.0, 0.0], [0.0, 0.0, 0.0], [-4.5924256971943795e-18, -0.02500000037252903, 0.0], [1.5308084623338832e-18, 0.02500000037252903, 0.0], [0.03999999910593033, 0.0, 0.15000000596046448], [3.0616169246677665e-18, 0.05000000074505806, 0.0], [-0.0353553406894207, 0.0353553406894207, 0.0], [-9.184851394388759e-18, -0.05000000074505806, 0.0], [-0.0353553406894207, 0.0353553406894207, 0.0], [0.0, 0.0, 0.0], [-9.184851394388759e-18, -0.05000000074505806, 0.0], [0.0353553406894207, -0.0353553406894207, 0.0], [1.5308084623338832e-18, 0.02500000037252903, 0.0], [-0.02500000037252903, 3.0616169246677665e-18, 0.0], [-0.01767767034471035, 0.01767767034471035, 0.0], [-0.01767767034471035, -0.01767767034471035, 0.0], [0.0, 0.0, -0.20000000298023224], [0.0, 0.0, 0.20000000298023224], [-4.5924256971943795e-18, -0.02500000037252903, 0.0], [-0.02500000037252903, 3.0616169246677665e-18, 0.0], [-0.0353553406894207, -0.0353553406894207, 0.0], [1.5308084623338832e-18, 0.02500000037252903, 0.0], [0.0, 0.0, 0.0], [0.01767767034471035, -0.01767767034471035, 0.0], [1.5308084623338832e-18, 0.02500000037252903, 0.0], [0.0353553406894207, 0.0353553406894207, 0.0], [-0.0353553406894207, -0.0353553406894207, 0.0], [-0.01767767034471035, -0.01767767034471035, 0.0], [0.01767767034471035, 0.01767767034471035, 0.0], [0.05000000074505806, 0.0, 0.0], [3.0616169246677665e-18, 0.05000000074505806, 0.0], [-0.05000000074505806, 6.123233849335533e-18, 0.0], [-0.05000000074505806, 6.123233849335533e-18, 0.0], [-0.0353553406894207, 0.0353553406894207, 0.0], [0.0, 0.0, -0.20000000298023224], [0.03999999910593033, 0.0, -0.15000000596046448], [-0.0353553406894207, 0.0353553406894207, 0.0], [-0.0353553406894207, -0.0353553406894207, 0.0], [-4.5924256971943795e-18, -0.02500000037252903, 0.0], [0.0353553406894207, -0.0353553406894207, 0.0], [0.02500000037252903, 0.0, 0.0], [-0.0353553406894207, 0.0353553406894207, 0.0], [0.05000000074505806, 0.0, 0.0], [-0.02500000037252903, 3.0616169246677665e-18, 0.0], [0.01767767034471035, -0.01767767034471035, 0.0], [-0.0353553406894207, 0.0353553406894207, 0.0], [3.0616169246677665e-18, 0.05000000074505806, 0.0], [0.0, 0.0, 0.20000000298023224], [-9.184851394388759e-18, -0.05000000074505806, 0.0], [1.5308084623338832e-18, 0.02500000037252903, 0.0], [-9.184851394388759e-18, -0.05000000074505806, 0.0], [0.03999999910593033, 0.0, -0.15000000596046448], [0.01767767034471035, 0.01767767034471035, 0.0], [3.0616169246677665e-18, 0.05000000074505806, 0.0], [0.0, 0.0, 0.0], [0.01767767034471035, 0.01767767034471035, 0.0], [-0.02500000037252903, 3.0616169246677665e-18, 0.0], [0.0353553406894207, 0.0353553406894207, 0.0], [0.03999999910593033, 0.0, 0.15000000596046448], [3.0616169246677665e-18, 0.05000000074505806, 0.0], [-9.184851394388759e-18, -0.05000000074505806, 0.0], [-0.0353553406894207, 0.0353553406894207, 0.0], [-9.184851394388759e-18, -0.05000000074505806, 0.0], [0.0, 0.0, 0.0], [0.0, 0.0, -0.20000000298023224], [0.0353553406894207, 0.0353553406894207, 0.0], [0.0353553406894207, 0.0353553406894207, 0.0], [0.0353553406894207, 0.0353553406894207, 0.0], [0.0353553406894207, -0.0353553406894207, 0.0], [0.0, 0.0, 0.0], [0.03999999910593033, 0.0, 0.15000000596046448], [1.5308084623338832e-18, 0.02500000037252903, 0.0], [0.01767767034471035, 0.01767767034471035, 0.0], [0.0, 0.0, 0.0], [0.0, 0.0, -0.20000000298023224], [0.0, 0.0, 0.0], [0.02500000037252903, 0.0, 0.0], [0.01767767034471035, -0.01767767034471035, 0.0], [-4.5924256971943795e-18, -0.02500000037252903, 0.0], [1.5308084623338832e-18, 0.02500000037252903, 0.0], [0.0353553406894207, 0.0353553406894207, 0.0], [0.0, 0.0, 0.20000000298023224], [0.0, 0.0, 0.0], [0.0, 0.0, 0.0], [0.01767767034471035, -0.01767767034471035, 0.0], [-0.0353553406894207, -0.0353553406894207, 0.0], [0.0, 0.0, 0.0], [0.0, 0.0, 0.0], [-0.01767767034471035, 0.01767767034471035, 0.0], [0.0, 0.0, -0.20000000298023224], [3.0616169246677665e-18, 0.05000000074505806, 0.0], [0.03999999910593033, 0.0, 0.15000000596046448], [0.0353553406894207, 0.0353553406894207, 0.0], [-0.02500000037252903, 3.0616169246677665e-18, 0.0], [-0.05000000074505806, 6.123233849335533e-18, 0.0]], "stage2_complete": false, "proximity": {"checks": 424, "minimum_sphere_gap_m": 0.99067622423172, "failure": null, "collision_filter_present": false}, "cumulative_metrics": {"environment_controls": 24576, "signed_navigation_velocity_error_mps": [-0.004780233837664127, -0.0008711088448762894], "absolute_navigation_velocity_error_mps": [0.034764260053634644, 0.030968792736530304], "achieved_planar_speed_mps": 0.04131384566426277, "requested_planar_speed_mps": 0.027380583807826042, "signed_command_direction_speed_mps": 0.0019403854385018349, "moving_command_rows": 17724, "signed_yaw_error_rad_s": -0.04106441140174866, "absolute_yaw_error_rad_s": 0.13257092237472534, "requested_saturation_fraction": 0.02421739511191845, "terminations": 12, "truncations": 0, "zero_command_rows": 4065, "nonfoot_event_rows": 0, "moving_signed_command_direction_speed_mps": 0.002690527181468326, "nonfoot_event_fraction": 0.0, "task_reward_sum": 8905.571565367398, "task_reward_mean": 0.36236863465850416, "reward_components": {"linear_tracking": {"sum": 5941.0862155975055, "absolute_sum": 5941.0862155975055, "mean": 0.24174341697580995, "mean_absolute": 0.24174341697580995}, "yaw_tracking": {"sum": 5043.861413413673, "absolute_sum": 5043.861413413673, "mean": 0.20523524631403292, "mean_absolute": 0.20523524631403292}, "quiet_joint_rate": {"sum": -1418.995701238513, "absolute_sum": 1418.995701238513, "mean": -0.057739082895447304, "mean_absolute": 0.057739082895447304}, "quiet_target_motion": {"sum": -497.22008007764816, "absolute_sum": 497.22008007764816, "mean": -0.020231936852117844, "mean_absolute": 0.020231936852117844}, "tilt": {"sum": -10.195425958852342, "absolute_sum": 10.195425958852342, "mean": -0.00041485294428923915, "mean_absolute": 0.00041485294428923915}, "roll_pitch_rate": {"sum": -4.355173189409726, "absolute_sum": 4.355173189409726, "mean": -0.00017721245074095565, "mean_absolute": 0.00017721245074095565}, "vertical_velocity": {"sum": -2.6757602207583027, "absolute_sum": 2.6757602207583027, "mean": -0.00010887696210767834, "mean_absolute": 0.00010887696210767834}, "height": {"sum": -36.0189076899352, "absolute_sum": 36.0189076899352, "mean": -0.0014656131058730143, "mean_absolute": 0.0014656131058730143}, "effort": {"sum": -35.18577377278416, "absolute_sum": 35.18577377278416, "mean": -0.0014317127999993555, "mean_absolute": 0.0014317127999993555}, "target_motion": {"sum": -50.729242049092136, "absolute_sum": 50.729242049092136, "mean": -0.002064178143273606, "mean_absolute": 0.002064178143273606}, "nonfoot_contact": {"sum": 0.0, "absolute_sum": 0.0, "mean": 0.0, "mean_absolute": 0.0}, "termination": {"sum": -24.0, "absolute_sum": 24.0, "mean": -0.0009765625, "mean_absolute": 0.0009765625}}, "command_classes": {"zero": {"environment_controls": 4065, "time_fraction": 0.1654052734375, "task_reward_mean": 0.09518998854516961, "reward_component_means": {"linear_tracking": 0.3469972841208509, "yaw_tracking": 0.2248964551723347, "quiet_joint_rate": -0.3490764332690069, "quiet_target_motion": -0.12231736287273018, "tilt": -0.0003702877277022669, "roll_pitch_rate": -0.00020524679016892773, "vertical_velocity": -0.00012778262129852142, "height": -0.0009734777007426956, "effort": -0.0013905568737596094, "target_motion": -0.002242602324315151, "nonfoot_contact": 0.0, "termination": 0.0}, "reward_component_mean_absolute": {"linear_tracking": 0.3469972841208509, "yaw_tracking": 0.2248964551723347, "quiet_joint_rate": 0.3490764332690069, "quiet_target_motion": 0.12231736287273018, "tilt": 0.0003702877277022669, "roll_pitch_rate": 0.00020524679016892773, "vertical_velocity": 0.00012778262129852142, "height": 0.0009734777007426956, "effort": 0.0013905568737596094, "target_motion": 0.002242602324315151, "nonfoot_contact": 0.0, "termination": 0.0}, "requested_planar_speed_mps": 0.0, "moving_command_rows": 0, "moving_signed_command_direction_speed_mps": null, "nonfoot_event_fraction": 0.0}, "linear_0.025": {"environment_controls": 7491, "time_fraction": 0.3048095703125, "task_reward_mean": 0.49968707005175006, "reward_component_means": {"linear_tracking": 0.2805709397187441, "yaw_tracking": 0.22510645622298506, "quiet_joint_rate": 0.0, "quiet_target_motion": 0.0, "tilt": -0.000349581183771008, "roll_pitch_rate": -0.00017004312285179757, "vertical_velocity": -0.00011181567813148853, "height": -0.0016899348231926602, "effort": -0.0013879648243515922, "target_motion": -0.002013999184843196, "nonfoot_contact": 0.0, "termination": -0.00026698705112802027}, "reward_component_mean_absolute": {"linear_tracking": 0.2805709397187441, "yaw_tracking": 0.22510645622298506, "quiet_joint_rate": 0.0, "quiet_target_motion": 0.0, "tilt": 0.000349581183771008, "roll_pitch_rate": 0.00017004312285179757, "vertical_velocity": 0.00011181567813148853, "height": 0.0016899348231926602, "effort": 0.0013879648243515922, "target_motion": 0.002013999184843196, "nonfoot_contact": 0.0, "termination": 0.00026698705112802027}, "requested_planar_speed_mps": 0.02500000037252903, "moving_command_rows": 7491, "moving_signed_command_direction_speed_mps": 0.0015672706344939168, "nonfoot_event_fraction": 0.0}, "linear_0.05": {"environment_controls": 7631, "time_fraction": 0.3105061848958333, "task_reward_mean": 0.34176288349365996, "reward_component_means": {"linear_tracking": 0.12065558495398017, "yaw_tracking": 0.22832098932004616, "quiet_joint_rate": 0.0, "quiet_target_motion": 0.0, "tilt": -0.0005141068245825156, "roll_pitch_rate": -0.00017061826794567898, "vertical_velocity": -9.426850323792e-05, "height": -0.0014361163591303557, "effort": -0.0014206633209104184, "target_motion": -0.0020053845971085955, "nonfoot_contact": 0.0, "termination": -0.001572533088717075}, "reward_component_mean_absolute": {"linear_tracking": 0.12065558495398017, "yaw_tracking": 0.22832098932004616, "quiet_joint_rate": 0.0, "quiet_target_motion": 0.0, "tilt": 0.0005141068245825156, "roll_pitch_rate": 0.00017061826794567898, "vertical_velocity": 9.426850323792e-05, "height": 0.0014361163591303557, "effort": 0.0014206633209104184, "target_motion": 0.0020053845971085955, "nonfoot_contact": 0.0, "termination": 0.001572533088717075}, "requested_planar_speed_mps": 0.05000000074505806, "moving_command_rows": 7631, "moving_signed_command_direction_speed_mps": 0.003003319839465456, "nonfoot_event_fraction": 0.0}, "yaw": {"environment_controls": 2787, "time_fraction": 0.1134033203125, "task_reward_mean": 0.5064527507689102, "reward_component_means": {"linear_tracking": 0.3971060115127635, "yaw_tracking": 0.11599599817100813, "quiet_joint_rate": 0.0, "quiet_target_motion": 0.0, "tilt": -0.0004128297680230885, "roll_pitch_rate": -0.00015925213509843236, "vertical_velocity": -9.947129883011088e-05, "height": -0.0018059034009361241, "effort": -0.0014661799735303561, "target_motion": -0.0019880050969583955, "nonfoot_contact": 0.0, "termination": -0.0007176175098672408}, "reward_component_mean_absolute": {"linear_tracking": 0.3971060115127635, "yaw_tracking": 0.11599599817100813, "quiet_joint_rate": 0.0, "quiet_target_motion": 0.0, "tilt": 0.0004128297680230885, "roll_pitch_rate": 0.00015925213509843236, "vertical_velocity": 9.947129883011088e-05, "height": 0.0018059034009361241, "effort": 0.0014661799735303561, "target_motion": 0.0019880050969583955, "nonfoot_contact": 0.0, "termination": 0.0007176175098672408}, "requested_planar_speed_mps": 0.0, "moving_command_rows": 0, "moving_signed_command_direction_speed_mps": null, "nonfoot_event_fraction": 0.0}, "arc": {"environment_controls": 2602, "time_fraction": 0.10587565104166667, "task_reward_mean": 0.2905426748042091, "reward_component_means": {"linear_tracking": 0.15423832565074544, "yaw_tracking": 0.14519083134814742, "quiet_joint_rate": 0.0, "quiet_target_motion": 0.0, "tilt": -0.0003834696219233212, "roll_pitch_rate": -0.00019263191809277955, "vertical_velocity": -0.00012379829448452967, "height": -0.001310669623730673, "effort": -0.001617444348054214, "target_motion": -0.002183910699973837, "nonfoot_contact": 0.0, "termination": -0.0030745580322828594}, "reward_component_mean_absolute": {"linear_tracking": 0.15423832565074544, "yaw_tracking": 0.14519083134814742, "quiet_joint_rate": 0.0, "quiet_target_motion": 0.0, "tilt": 0.0003834696219233212, "roll_pitch_rate": 0.00019263191809277955, "vertical_velocity": 0.00012379829448452967, "height": 0.001310669623730673, "effort": 0.001617444348054214, "target_motion": 0.002183910699973837, "nonfoot_contact": 0.0, "termination": 0.0030745580322828594}, "requested_planar_speed_mps": 0.03999999910593033, "moving_command_rows": 2602, "moving_signed_command_direction_speed_mps": 0.005006973768789309, "nonfoot_event_fraction": 0.0}, "other": {"environment_controls": 0, "time_fraction": 0.0, "task_reward_mean": null, "reward_component_means": {"linear_tracking": null, "yaw_tracking": null, "quiet_joint_rate": null, "quiet_target_motion": null, "tilt": null, "roll_pitch_rate": null, "vertical_velocity": null, "height": null, "effort": null, "target_motion": null, "nonfoot_contact": null, "termination": null}, "reward_component_mean_absolute": {"linear_tracking": null, "yaw_tracking": null, "quiet_joint_rate": null, "quiet_target_motion": null, "tilt": null, "roll_pitch_rate": null, "vertical_velocity": null, "height": null, "effort": null, "target_motion": null, "nonfoot_contact": null, "termination": null}, "requested_planar_speed_mps": null, "moving_command_rows": 0, "moving_signed_command_direction_speed_mps": null, "nonfoot_event_fraction": null}}, "zero_hold_joint_rate_rms_rad_s": [0.5095574287723008, 0.8697155371860025, 0.4148103810490459, 0.46394942340226825, 1.1203064374777616, 1.566774850852792, 0.6140065994713548, 0.7981992998075796, 0.9331436940253028, 0.5836389668577817, 0.8494670802515372, 0.9509087591463009, 0.5071905775253696, 0.8205483576812121, 0.9622509627774143, 0.4530555379348275, 0.8295558101203322, 1.1717692268148343], "zero_hold_worst_joint_rate_rms_rad_s": 1.566774850852792, "zero_hold_all_joint_rate_rms_rad_s": 0.8526922805675861, "diagnostic_scope": "Time-weighted 50Hz control endpoints; nonfoot events use each control's maximum 400Hz body/coxa/femur floor force >1N. These are reporting metrics, not Stage2 admission.", "termination_reasons": {"rows": {"height": 0, "tilt": 0, "joint_limit": 12, "timeout": 0}, "multiple_physical_reason_rows": 0, "unattributed_termination_rows": 0, "termination_flag_mismatch_rows": 0, "scope": "Counts returned terminal rows with each measured predicate; reasons may overlap. Timeout counts returned truncations separately."}, "actual_target_slew": {"environment_controls": 24436, "excluded_first_or_reset_rows": 140, "limit_rad_per_control": 0.04, "occupancy_tolerance_rad": 2e-06, "by_joint": {"lf_coxa_yaw": {"at_limit_rows": 5778, "at_limit_fraction": 0.236454411523981, "beyond_limit_rows": 0}, "lf_femur_pitch": {"at_limit_rows": 5671, "at_limit_fraction": 0.23207562612538876, "beyond_limit_rows": 0}, "lf_tibia_pitch": {"at_limit_rows": 7989, "at_limit_fraction": 0.3269356686855459, "beyond_limit_rows": 0}, "lm_coxa_yaw": {"at_limit_rows": 9826, "at_limit_fraction": 0.4021116385660501, "beyond_limit_rows": 0}, "lm_femur_pitch": {"at_limit_rows": 6748, "at_limit_fraction": 0.2761499427074808, "beyond_limit_rows": 0}, "lm_tibia_pitch": {"at_limit_rows": 7550, "at_limit_fraction": 0.30897037158291046, "beyond_limit_rows": 0}, "lr_coxa_yaw": {"at_limit_rows": 8741, "at_limit_fraction": 0.35770993615976426, "beyond_limit_rows": 0}, "lr_femur_pitch": {"at_limit_rows": 6230, "at_limit_fraction": 0.2549517105909314, "beyond_limit_rows": 0}, "lr_tibia_pitch": {"at_limit_rows": 7103, "at_limit_fraction": 0.2906776886560812, "beyond_limit_rows": 0}, "rf_coxa_yaw": {"at_limit_rows": 5624, "at_limit_fraction": 0.2301522344082501, "beyond_limit_rows": 0}, "rf_femur_pitch": {"at_limit_rows": 6927, "at_limit_fraction": 0.2834752005238173, "beyond_limit_rows": 0}, "rf_tibia_pitch": {"at_limit_rows": 6621, "at_limit_fraction": 0.270952692748404, "beyond_limit_rows": 0}, "rm_coxa_yaw": {"at_limit_rows": 5582, "at_limit_fraction": 0.22843345883123262, "beyond_limit_rows": 0}, "rm_femur_pitch": {"at_limit_rows": 6685, "at_limit_fraction": 0.2735717793419545, "beyond_limit_rows": 0}, "rm_tibia_pitch": {"at_limit_rows": 6727, "at_limit_fraction": 0.27529055491897203, "beyond_limit_rows": 0}, "rr_coxa_yaw": {"at_limit_rows": 5973, "at_limit_fraction": 0.24443444098870518, "beyond_limit_rows": 0}, "rr_femur_pitch": {"at_limit_rows": 7386, "at_limit_fraction": 0.3022589621869373, "beyond_limit_rows": 0}, "rr_tibia_pitch": {"at_limit_rows": 7825, "at_limit_fraction": 0.32022425928957277, "beyond_limit_rows": 0}}}}, "interval_metrics": {"environment_controls": 3072, "signed_navigation_velocity_error_mps": [-0.0019890761468559504, -0.000375833100406453], "absolute_navigation_velocity_error_mps": [0.02768954634666443, 0.027277454733848572], "achieved_planar_speed_mps": 0.030143756419420242, "requested_planar_speed_mps": 0.028606772422790527, "signed_command_direction_speed_mps": 0.0005896086804568768, "moving_command_rows": 2258, "signed_yaw_error_rad_s": -0.001625526463612914, "absolute_yaw_error_rad_s": 0.098337322473526, "requested_saturation_fraction": 0.026120785623788834, "terminations": 1, "truncations": 0, "zero_command_rows": 551, "nonfoot_event_rows": 0, "moving_signed_command_direction_speed_mps": 0.0008021602592589624, "nonfoot_event_fraction": 0.0, "task_reward_sum": 1277.5658125883201, "task_reward_mean": 0.4158742879519271, "reward_components": {"linear_tracking": {"sum": 839.472650324411, "absolute_sum": 839.472650324411, "mean": 0.2732658366941442, "mean_absolute": 0.2732658366941442}, "yaw_tracking": {"sum": 701.2841670439304, "absolute_sum": 701.2841670439304, "mean": 0.22828260645961276, "mean_absolute": 0.22828260645961276}, "quiet_joint_rate": {"sum": -177.2621896713972, "absolute_sum": 177.2621896713972, "mean": -0.05770253570032461, "mean_absolute": 0.05770253570032461}, "quiet_target_motion": {"sum": -65.45381501317024, "absolute_sum": 65.45381501317024, "mean": -0.021306580407933023, "mean_absolute": 0.021306580407933023}, "tilt": {"sum": -1.2982480148066564, "absolute_sum": 1.2982480148066564, "mean": -0.00042260677565320845, "mean_absolute": 0.00042260677565320845}, "roll_pitch_rate": {"sum": -0.3580831572351393, "absolute_sum": 0.3580831572351393, "mean": -0.00011656352774581356, "mean_absolute": 0.00011656352774581356}, "vertical_velocity": {"sum": -0.18038415081197332, "absolute_sum": 0.18038415081197332, "mean": -5.871879909243923e-05, "mean_absolute": 5.871879909243923e-05}, "height": {"sum": -7.324652569726725, "absolute_sum": 7.324652569726725, "mean": -0.0023843270083745848, "mean_absolute": 0.0023843270083745848}, "effort": {"sum": -4.2682361911356566, "absolute_sum": 4.2682361911356566, "mean": -0.0013893998018019715, "mean_absolute": 0.0013893998018019715}, "target_motion": {"sum": -5.04539651752566, "absolute_sum": 5.04539651752566, "mean": -0.0016423816788820507, "mean_absolute": 0.0016423816788820507}, "nonfoot_contact": {"sum": 0.0, "absolute_sum": 0.0, "mean": 0.0, "mean_absolute": 0.0}, "termination": {"sum": -2.0, "absolute_sum": 2.0, "mean": -0.0006510416666666666, "mean_absolute": 0.0006510416666666666}}, "command_classes": {"zero": {"environment_controls": 551, "time_fraction": 0.17936197916666666, "task_reward_mean": 0.19566213915115238, "reward_component_means": {"linear_tracking": 0.40454716182688977, "yaw_tracking": 0.23752555700145161, "quiet_joint_rate": -0.32170996310598404, "quiet_target_motion": -0.11879095283696958, "tilt": -0.0004060862737654077, "roll_pitch_rate": -0.00015358260203463293, "vertical_velocity": -0.00011366303984701498, "height": -0.0018600975581950607, "effort": -0.0014428374851494351, "target_motion": -0.0019333971552436702, "nonfoot_contact": 0.0, "termination": 0.0}, "reward_component_mean_absolute": {"linear_tracking": 0.40454716182688977, "yaw_tracking": 0.23752555700145161, "quiet_joint_rate": 0.32170996310598404, "quiet_target_motion": 0.11879095283696958, "tilt": 0.0004060862737654077, "roll_pitch_rate": 0.00015358260203463293, "vertical_velocity": 0.00011366303984701498, "height": 0.0018600975581950607, "effort": 0.0014428374851494351, "target_motion": 0.0019333971552436702, "nonfoot_contact": 0.0, "termination": 0.0}, "requested_planar_speed_mps": 0.0, "moving_command_rows": 0, "moving_signed_command_direction_speed_mps": null, "nonfoot_event_fraction": 0.0}, "linear_0.025": {"environment_controls": 902, "time_fraction": 0.2936197916666667, "task_reward_mean": 0.5652944632039762, "reward_component_means": {"linear_tracking": 0.32368276547239555, "yaw_tracking": 0.24784981748139528, "quiet_joint_rate": 0.0, "quiet_target_motion": 0.0, "tilt": -0.0002579761664704137, "roll_pitch_rate": -7.954856975707385e-05, "vertical_velocity": -3.988246414590313e-05, "height": -0.0030308891984385192, "effort": -0.0013414604282236354, "target_motion": -0.0014883612845839774, "nonfoot_contact": 0.0, "termination": 0.0}, "reward_component_mean_absolute": {"linear_tracking": 0.32368276547239555, "yaw_tracking": 0.24784981748139528, "quiet_joint_rate": 0.0, "quiet_target_motion": 0.0, "tilt": 0.0002579761664704137, "roll_pitch_rate": 7.954856975707385e-05, "vertical_velocity": 3.988246414590313e-05, "height": 0.0030308891984385192, "effort": 0.0013414604282236354, "target_motion": 0.0014883612845839774, "nonfoot_contact": 0.0, "termination": 0.0}, "requested_planar_speed_mps": 0.02500000037252903, "moving_command_rows": 902, "moving_signed_command_direction_speed_mps": -0.0009068286939037674, "nonfoot_event_fraction": 0.0}, "linear_0.05": {"environment_controls": 1109, "time_fraction": 0.3610026041666667, "task_reward_mean": 0.36805598436568415, "reward_component_means": {"linear_tracking": 0.12686195561940605, "yaw_tracking": 0.24700726105100662, "quiet_joint_rate": 0.0, "quiet_target_motion": 0.0, "tilt": -0.0005695102824995941, "roll_pitch_rate": -0.00013686930160783421, "vertical_velocity": -5.348543246246693e-05, "height": -0.002006988098655596, "effort": -0.0013786154582511698, "target_motion": -0.0016677654524012767, "nonfoot_contact": 0.0, "termination": 0.0}, "reward_component_mean_absolute": {"linear_tracking": 0.12686195561940605, "yaw_tracking": 0.24700726105100662, "quiet_joint_rate": 0.0, "quiet_target_motion": 0.0, "tilt": 0.0005695102824995941, "roll_pitch_rate": 0.00013686930160783421, "vertical_velocity": 5.348543246246693e-05, "height": 0.002006988098655596, "effort": 0.0013786154582511698, "target_motion": 0.0016677654524012767, "nonfoot_contact": 0.0, "termination": 0.0}, "requested_planar_speed_mps": 0.05000000074505806, "moving_command_rows": 1109, "moving_signed_command_direction_speed_mps": 0.0017840368825383767, "nonfoot_event_fraction": 0.0}, "yaw": {"environment_controls": 263, "time_fraction": 0.08561197916666667, "task_reward_mean": 0.6260466968548615, "reward_component_means": {"linear_tracking": 0.5114472107997186, "yaw_tracking": 0.120817377099222, "quiet_joint_rate": 0.0, "quiet_target_motion": 0.0, "tilt": -0.0003858585261471949, "roll_pitch_rate": -9.257185374157965e-05, "vertical_velocity": -2.1254413705005315e-05, "height": -0.0028682102659081787, "effort": -0.0013760547383826495, "target_motion": -0.0014739387453765655, "nonfoot_contact": 0.0, "termination": 0.0}, "reward_component_mean_absolute": {"linear_tracking": 0.5114472107997186, "yaw_tracking": 0.120817377099222, "quiet_joint_rate": 0.0, "quiet_target_motion": 0.0, "tilt": 0.0003858585261471949, "roll_pitch_rate": 9.257185374157965e-05, "vertical_velocity": 2.1254413705005315e-05, "height": 0.0028682102659081787, "effort": 0.0013760547383826495, "target_motion": 0.0014739387453765655, "nonfoot_contact": 0.0, "termination": 0.0}, "requested_planar_speed_mps": 0.0, "moving_command_rows": 0, "moving_signed_command_direction_speed_mps": null, "nonfoot_event_fraction": 0.0}, "arc": {"environment_controls": 247, "time_fraction": 0.08040364583333333, "task_reward_mean": 0.3523724703306732, "reward_component_means": {"linear_tracking": 0.20001937036213235, "yaw_tracking": 0.16656286269332082, "quiet_joint_rate": 0.0, "quiet_target_motion": 0.0, "tilt": -0.0004402116604730427, "roll_pitch_rate": -0.0001035298808747057, "vertical_velocity": -6.832622587599668e-05, "height": -0.002371609946667188, "effort": -0.0015078886282000586, "target_motion": -0.0016210325082777225, "nonfoot_contact": 0.0, "termination": -0.008097165991902834}, "reward_component_mean_absolute": {"linear_tracking": 0.20001937036213235, "yaw_tracking": 0.16656286269332082, "quiet_joint_rate": 0.0, "quiet_target_motion": 0.0, "tilt": 0.0004402116604730427, "roll_pitch_rate": 0.0001035298808747057, "vertical_velocity": 6.832622587599668e-05, "height": 0.002371609946667188, "effort": 0.0015078886282000586, "target_motion": 0.0016210325082777225, "nonfoot_contact": 0.0, "termination": 0.008097165991902834}, "requested_planar_speed_mps": 0.03999999910593033, "moving_command_rows": 247, "moving_signed_command_direction_speed_mps": 0.0026345766986756083, "nonfoot_event_fraction": 0.0}, "other": {"environment_controls": 0, "time_fraction": 0.0, "task_reward_mean": null, "reward_component_means": {"linear_tracking": null, "yaw_tracking": null, "quiet_joint_rate": null, "quiet_target_motion": null, "tilt": null, "roll_pitch_rate": null, "vertical_velocity": null, "height": null, "effort": null, "target_motion": null, "nonfoot_contact": null, "termination": null}, "reward_component_mean_absolute": {"linear_tracking": null, "yaw_tracking": null, "quiet_joint_rate": null, "quiet_target_motion": null, "tilt": null, "roll_pitch_rate": null, "vertical_velocity": null, "height": null, "effort": null, "target_motion": null, "nonfoot_contact": null, "termination": null}, "requested_planar_speed_mps": null, "moving_command_rows": 0, "moving_signed_command_direction_speed_mps": null, "nonfoot_event_fraction": null}}, "zero_hold_joint_rate_rms_rad_s": [0.44492866790288393, 0.7064268769624132, 0.3379107426687095, 0.3663747684235186, 0.8866873667640518, 1.3113857589678217, 0.5191711751317295, 0.7099486115781445, 0.7835821660847705, 0.3572968779198112, 0.7952943925039776, 0.8089548460103628, 0.4305765119954821, 0.8139879468861563, 0.959236061353038, 0.358467585180435, 0.7591950130598635, 1.1030466611727727], "zero_hold_worst_joint_rate_rms_rad_s": 1.3113857589678217, "zero_hold_all_joint_rate_rms_rad_s": 0.7432356048577559, "diagnostic_scope": "Time-weighted 50Hz control endpoints; nonfoot events use each control's maximum 400Hz body/coxa/femur floor force >1N. These are reporting metrics, not Stage2 admission.", "termination_reasons": {"rows": {"height": 0, "tilt": 0, "joint_limit": 1, "timeout": 0}, "multiple_physical_reason_rows": 0, "unattributed_termination_rows": 0, "termination_flag_mismatch_rows": 0, "scope": "Counts returned terminal rows with each measured predicate; reasons may overlap. Timeout counts returned truncations separately."}, "actual_target_slew": {"environment_controls": 3071, "excluded_first_or_reset_rows": 1, "limit_rad_per_control": 0.04, "occupancy_tolerance_rad": 2e-06, "by_joint": {"lf_coxa_yaw": {"at_limit_rows": 754, "at_limit_fraction": 0.24552263106479974, "beyond_limit_rows": 0}, "lf_femur_pitch": {"at_limit_rows": 345, "at_limit_fraction": 0.11234125691957017, "beyond_limit_rows": 0}, "lf_tibia_pitch": {"at_limit_rows": 806, "at_limit_fraction": 0.262455226310648, "beyond_limit_rows": 0}, "lm_coxa_yaw": {"at_limit_rows": 1189, "at_limit_fraction": 0.38717030283295345, "beyond_limit_rows": 0}, "lm_femur_pitch": {"at_limit_rows": 531, "at_limit_fraction": 0.1729078476066428, "beyond_limit_rows": 0}, "lm_tibia_pitch": {"at_limit_rows": 583, "at_limit_fraction": 0.18984044285249105, "beyond_limit_rows": 0}, "lr_coxa_yaw": {"at_limit_rows": 996, "at_limit_fraction": 0.32432432432432434, "beyond_limit_rows": 0}, "lr_femur_pitch": {"at_limit_rows": 459, "at_limit_fraction": 0.14946271572777597, "beyond_limit_rows": 0}, "lr_tibia_pitch": {"at_limit_rows": 648, "at_limit_fraction": 0.21100618690980136, "beyond_limit_rows": 0}, "rf_coxa_yaw": {"at_limit_rows": 703, "at_limit_fraction": 0.2289156626506024, "beyond_limit_rows": 0}, "rf_femur_pitch": {"at_limit_rows": 540, "at_limit_fraction": 0.17583848909150113, "beyond_limit_rows": 0}, "rf_tibia_pitch": {"at_limit_rows": 545, "at_limit_fraction": 0.1774666232497558, "beyond_limit_rows": 0}, "rm_coxa_yaw": {"at_limit_rows": 703, "at_limit_fraction": 0.2289156626506024, "beyond_limit_rows": 0}, "rm_femur_pitch": {"at_limit_rows": 504, "at_limit_fraction": 0.16411592315206774, "beyond_limit_rows": 0}, "rm_tibia_pitch": {"at_limit_rows": 543, "at_limit_fraction": 0.1768153695864539, "beyond_limit_rows": 0}, "rr_coxa_yaw": {"at_limit_rows": 777, "at_limit_fraction": 0.25301204819277107, "beyond_limit_rows": 0}, "rr_femur_pitch": {"at_limit_rows": 636, "at_limit_fraction": 0.20709866492999024, "beyond_limit_rows": 0}, "rr_tibia_pitch": {"at_limit_rows": 710, "at_limit_fraction": 0.2311950504721589, "beyond_limit_rows": 0}}}}}
PAPER_PPO {"policy_loss": -0.005126406787894666, "value_loss": 4.159474233786265, "entropy": -15.847500562667847, "estimator_loss": 0.00036643827237033594, "approx_kl": 0.01628292343553363, "actor_grad_norm": 32.05048116048177, "critic_grad_norm": 21.386263370513916, "model_grad_norm": 39.50946092605591, "clip_fraction": 0.24055990080038706, "discriminator_loss": 0.0042997020878829065, "expert_score": 0.998884430527687, "policy_score": -0.9996178776025773, "gradient_penalty": 0.0004786265271832235, "discriminator_expert_loss": 0.000318841861007968, "discriminator_policy_loss": 0.0015877275029197336, "ppo_batches": 12, "discriminator_batches": 20, "target_kl": 0.02, "kl_initial": 2.8006986197796437e-11, "kl_final": 0.01983755071720922, "kl_max": 0.01983755071720922, "kl_max_step_increase": 0.01297599914083375, "kl_after_model_steps": [0.012975999168840735, 0.018952116897697456, 0.01931797646638911, 0.018306660372258296, 0.01648656886437639, 0.017509469739367747, 0.017876359072653836, 0.018863171748435985, 0.019338048899280612, 0.017792137237013124, 0.016550953211608654, 0.01983755071720922], "early_stopped": true, "final_full_rollout_k3": 0.020470380783081055, "stop_reason": "backtracking_exhausted", "learning_rate": 0.0001, "discriminator_learning_rate": 0.0003, "rollback_kl_steps": true, "model_proposals": 13, "accepted_model_steps": 12, "rejected_model_trials": 30, "model_trial_attempts": [{"proposal": 1, "retry": 0, "learning_rate": 0.0001, "kl": 0.05194807105275581, "accepted": false}, {"proposal": 1, "retry": 1, "learning_rate": 5e-05, "kl": 0.012975999168840735, "accepted": true}, {"proposal": 2, "retry": 0, "learning_rate": 0.0001, "kl": 0.04983277075538982, "accepted": false}, {"proposal": 2, "retry": 1, "learning_rate": 5e-05, "kl": 0.027088671728134634, "accepted": false}, {"proposal": 2, "retry": 2, "learning_rate": 2.5e-05, "kl": 0.018952116897697456, "accepted": true}, {"proposal": 3, "retry": 0, "learning_rate": 0.0001, "kl": 0.03842931186272773, "accepted": false}, {"proposal": 3, "retry": 1, "learning_rate": 5e-05, "kl": 0.023963362516702575, "accepted": false}, {"proposal": 3, "retry": 2, "learning_rate": 2.5e-05, "kl": 0.020275097608259858, "accepted": false}, {"proposal": 3, "retry": 3, "learning_rate": 1.25e-05, "kl": 0.01931797646638911, "accepted": true}, {"proposal": 4, "retry": 0, "learning_rate": 0.0001, "kl": 0.03922481146902535, "accepted": false}, {"proposal": 4, "retry": 1, "learning_rate": 5e-05, "kl": 0.02128918466057364, "accepted": false}, {"proposal": 4, "retry": 2, "learning_rate": 2.5e-05, "kl": 0.018306660372258296, "accepted": true}, {"proposal": 5, "retry": 0, "learning_rate": 0.0001, "kl": 0.05636093680855884, "accepted": false}, {"proposal": 5, "retry": 1, "learning_rate": 5e-05, "kl": 0.022234769706946392, "accepted": false}, {"proposal": 5, "retry": 2, "learning_rate": 2.5e-05, "kl": 0.01648656886437639, "accepted": true}, {"proposal": 6, "retry": 0, "learning_rate": 0.0001, "kl": 0.08433105931866776, "accepted": false}, {"proposal": 6, "retry": 1, "learning_rate": 5e-05, "kl": 0.03335682038244425, "accepted": false}, {"proposal": 6, "retry": 2, "learning_rate": 2.5e-05, "kl": 0.0206616778195285, "accepted": false}, {"proposal": 6, "retry": 3, "learning_rate": 1.25e-05, "kl": 0.017509469739367747, "accepted": true}, {"proposal": 7, "retry": 0, "learning_rate": 0.0001, "kl": 0.1035251246612768, "accepted": false}, {"proposal": 7, "retry": 1, "learning_rate": 5e-05, "kl": 0.03682494631406431, "accepted": false}, {"proposal": 7, "retry": 2, "learning_rate": 2.5e-05, "kl": 0.021221658584765952, "accepted": false}, {"proposal": 7, "retry": 3, "learning_rate": 1.25e-05, "kl": 0.017876359072653836, "accepted": true}, {"proposal": 8, "retry": 0, "learning_rate": 0.0001, "kl": 0.06852762515776874, "accepted": false}, {"proposal": 8, "retry": 1, "learning_rate": 5e-05, "kl": 0.02766191145436673, "accepted": false}, {"proposal": 8, "retry": 2, "learning_rate": 2.5e-05, "kl": 0.018863171748435985, "accepted": true}, {"proposal": 9, "retry": 0, "learning_rate": 0.0001, "kl": 0.04299832231008244, "accepted": false}, {"proposal": 9, "retry": 1, "learning_rate": 5e-05, "kl": 0.023521781084486843, "accepted": false}, {"proposal": 9, "retry": 2, "learning_rate": 2.5e-05, "kl": 0.019338048899280612, "accepted": true}, {"proposal": 10, "retry": 0, "learning_rate": 0.0001, "kl": 0.04411975850301103, "accepted": false}, {"proposal": 10, "retry": 1, "learning_rate": 5e-05, "kl": 0.02140323425635123, "accepted": false}, {"proposal": 10, "retry": 2, "learning_rate": 2.5e-05, "kl": 0.017792137237013124, "accepted": true}, {"proposal": 11, "retry": 0, "learning_rate": 0.0001, "kl": 0.06075808537121802, "accepted": false}, {"proposal": 11, "retry": 1, "learning_rate": 5e-05, "kl": 0.02329108385803071, "accepted": false}, {"proposal": 11, "retry": 2, "learning_rate": 2.5e-05, "kl": 0.016550953211608654, "accepted": true}, {"proposal": 12, "retry": 0, "learning_rate": 0.0001, "kl": 0.08193074761462053, "accepted": false}, {"proposal": 12, "retry": 1, "learning_rate": 5e-05, "kl": 0.03180278265180694, "accepted": false}, {"proposal": 12, "retry": 2, "learning_rate": 2.5e-05, "kl": 0.01983755071720922, "accepted": true}, {"proposal": 13, "retry": 0, "learning_rate": 0.0001, "kl": 0.07837658288343768, "accepted": false}, {"proposal": 13, "retry": 1, "learning_rate": 5e-05, "kl": 0.03688376177449482, "accepted": false}, {"proposal": 13, "retry": 2, "learning_rate": 2.5e-05, "kl": 0.025317271060394875, "accepted": false}, {"proposal": 13, "retry": 3, "learning_rate": 1.25e-05, "kl": 0.021818210999736964, "accepted": false}], "consecutive_zero_accepted_updates": 0, "empirical_kl_scope": "Mean whole-actor KL on the fixed collected rollout; no bound on physical motion or unseen states.", "normalizer_policy_kl": 0.0, "normalizer_policy_kl_samples": 128, "normalizer_policy_kl_scope": "Same current observations and weights, before/after statistics update; reporting only", "update": 209, "transitions": 642048, "episodes": 635, "optimizer_steps": 608, "discriminator_steps": 4180, "reward": 0.4450933635234833, "task_reward": 0.41868847608566284, "style_reward": 0.026404913514852524, "action_std": 0.10032457858324051, "raw_action_abs_mean": 0.8398783802986145, "raw_action_clip_fraction": 0.47204136848449707, "return_mean": 43.38624572753906, "return_std": 2.7648894786834717, "explained_variance": -0.11733853816986084, "terminated": 0, "truncated": 0, "elapsed_s": 28.626582785043865, "transitions_per_s": 22428.38430353769, "allocation_new_transitions": 27648, "allocation_new_transitions_per_s": 965.8155920183693}
PAPER_TASK {"schema": "canonical_paper_walking_task_v1", "reward_version": "canonical_quiet_quadratic_log_tail_v2", "controls_completed": 216, "command_draws": 229, "zero_command_draws": 35, "zero_draw_fraction": 0.15283842794759825, "remaining_controls": [99, 93, 119, 170, 93, 95, 53, 57, 24, 1, 127, 117, 53, 92, 140, 17, 177, 5, 80, 46, 147, 224, 200, 95, 103, 27, 100, 222, 59, 60, 60, 95, 22, 168, 28, 233, 85, 6, 128, 10, 12, 17, 23, 143, 9, 33, 198, 199, 87, 15, 107, 113, 95, 153, 155, 26, 192, 230, 3, 226, 127, 134, 117, 2, 23, 30, 112, 41, 37, 30, 32, 48, 53, 87, 19, 74, 126, 61, 56, 74, 12, 104, 86, 55, 102, 20, 83, 57, 36, 68, 92, 1, 27, 19, 140, 11, 135, 29, 132, 222, 33, 107, 181, 19, 117, 94, 101, 10, 143, 33, 47, 98, 23, 46, 126, 211, 89, 107, 57, 33, 25, 73, 192, 175, 20, 3, 104, 121], "commands": [[0.02500000037252903, 0.0, 0.0], [0.03999999910593033, 0.0, 0.15000000596046448], [0.05000000074505806, 0.0, 0.0], [0.0, 0.0, 0.0], [-9.184851394388759e-18, -0.05000000074505806, 0.0], [-0.02500000037252903, 3.0616169246677665e-18, 0.0], [0.0, 0.0, 0.0], [-9.184851394388759e-18, -0.05000000074505806, 0.0], [0.0, 0.0, 0.0], [-0.02500000037252903, 3.0616169246677665e-18, 0.0], [0.0, 0.0, 0.0], [1.5308084623338832e-18, 0.02500000037252903, 0.0], [0.01767767034471035, 0.01767767034471035, 0.0], [0.0, 0.0, 0.0], [3.0616169246677665e-18, 0.05000000074505806, 0.0], [-9.184851394388759e-18, -0.05000000074505806, 0.0], [1.5308084623338832e-18, 0.02500000037252903, 0.0], [0.02500000037252903, 0.0, 0.0], [0.03999999910593033, 0.0, -0.15000000596046448], [-0.02500000037252903, 3.0616169246677665e-18, 0.0], [0.0353553406894207, -0.0353553406894207, 0.0], [0.0353553406894207, 0.0353553406894207, 0.0], [0.0, 0.0, -0.20000000298023224], [0.0, 0.0, -0.20000000298023224], [0.0, 0.0, 0.0], [0.0, 0.0, 0.0], [0.0, 0.0, 0.0], [-0.0353553406894207, -0.0353553406894207, 0.0], [-0.05000000074505806, 6.123233849335533e-18, 0.0], [-9.184851394388759e-18, -0.05000000074505806, 0.0], [-9.184851394388759e-18, -0.05000000074505806, 0.0], [0.03999999910593033, 0.0, -0.15000000596046448], [0.0353553406894207, -0.0353553406894207, 0.0], [-0.0353553406894207, 0.0353553406894207, 0.0], [0.0, 0.0, 0.0], [-0.02500000037252903, 3.0616169246677665e-18, 0.0], [0.0, 0.0, 0.0], [0.03999999910593033, 0.0, 0.15000000596046448], [3.0616169246677665e-18, 0.05000000074505806, 0.0], [-0.0353553406894207, 0.0353553406894207, 0.0], [-9.184851394388759e-18, -0.05000000074505806, 0.0], [-0.0353553406894207, 0.0353553406894207, 0.0], [0.0, 0.0, 0.0], [-9.184851394388759e-18, -0.05000000074505806, 0.0], [0.0353553406894207, -0.0353553406894207, 0.0], [1.5308084623338832e-18, 0.02500000037252903, 0.0], [-0.01767767034471035, -0.01767767034471035, 0.0], [0.0, 0.0, 0.0], [0.0, 0.0, -0.20000000298023224], [0.0, 0.0, -0.20000000298023224], [-0.01767767034471035, 0.01767767034471035, 0.0], [0.03999999910593033, 0.0, -0.15000000596046448], [-0.02500000037252903, 3.0616169246677665e-18, 0.0], [-0.0353553406894207, -0.0353553406894207, 0.0], [1.5308084623338832e-18, 0.02500000037252903, 0.0], [0.0, 0.0, 0.0], [0.0, 0.0, 0.0], [-0.02500000037252903, 3.0616169246677665e-18, 0.0], [0.0353553406894207, 0.0353553406894207, 0.0], [-0.01767767034471035, 0.01767767034471035, 0.0], [-0.01767767034471035, -0.01767767034471035, 0.0], [0.01767767034471035, 0.01767767034471035, 0.0], [-0.01767767034471035, -0.01767767034471035, 0.0], [3.0616169246677665e-18, 0.05000000074505806, 0.0], [-0.05000000074505806, 6.123233849335533e-18, 0.0], [-0.05000000074505806, 6.123233849335533e-18, 0.0], [-0.0353553406894207, 0.0353553406894207, 0.0], [0.0, 0.0, -0.20000000298023224], [0.03999999910593033, 0.0, -0.15000000596046448], [-0.0353553406894207, 0.0353553406894207, 0.0], [-0.0353553406894207, -0.0353553406894207, 0.0], [-4.5924256971943795e-18, -0.02500000037252903, 0.0], [0.0353553406894207, -0.0353553406894207, 0.0], [0.02500000037252903, 0.0, 0.0], [-0.0353553406894207, 0.0353553406894207, 0.0], [0.05000000074505806, 0.0, 0.0], [0.0353553406894207, 0.0353553406894207, 0.0], [0.01767767034471035, -0.01767767034471035, 0.0], [-0.0353553406894207, 0.0353553406894207, 0.0], [3.0616169246677665e-18, 0.05000000074505806, 0.0], [0.0, 0.0, 0.20000000298023224], [-9.184851394388759e-18, -0.05000000074505806, 0.0], [1.5308084623338832e-18, 0.02500000037252903, 0.0], [-9.184851394388759e-18, -0.05000000074505806, 0.0], [-4.5924256971943795e-18, -0.02500000037252903, 0.0], [0.01767767034471035, 0.01767767034471035, 0.0], [3.0616169246677665e-18, 0.05000000074505806, 0.0], [0.0, 0.0, 0.0], [0.01767767034471035, 0.01767767034471035, 0.0], [-0.02500000037252903, 3.0616169246677665e-18, 0.0], [0.0353553406894207, 0.0353553406894207, 0.0], [0.03999999910593033, 0.0, 0.15000000596046448], [3.0616169246677665e-18, 0.05000000074505806, 0.0], [-9.184851394388759e-18, -0.05000000074505806, 0.0], [-0.0353553406894207, 0.0353553406894207, 0.0], [-9.184851394388759e-18, -0.05000000074505806, 0.0], [0.0, 0.0, 0.0], [0.0, 0.0, -0.20000000298023224], [-0.05000000074505806, 6.123233849335533e-18, 0.0], [0.0, 0.0, -0.20000000298023224], [0.0353553406894207, 0.0353553406894207, 0.0], [0.0353553406894207, -0.0353553406894207, 0.0], [-0.02500000037252903, 3.0616169246677665e-18, 0.0], [0.03999999910593033, 0.0, 0.15000000596046448], [1.5308084623338832e-18, 0.02500000037252903, 0.0], [0.01767767034471035, 0.01767767034471035, 0.0], [0.0, 0.0, 0.0], [0.0, 0.0, -0.20000000298023224], [0.03999999910593033, 0.0, -0.15000000596046448], [0.02500000037252903, 0.0, 0.0], [0.01767767034471035, -0.01767767034471035, 0.0], [0.03999999910593033, 0.0, -0.15000000596046448], [1.5308084623338832e-18, 0.02500000037252903, 0.0], [0.0353553406894207, 0.0353553406894207, 0.0], [0.0, 0.0, 0.20000000298023224], [-4.5924256971943795e-18, -0.02500000037252903, 0.0], [0.0, 0.0, 0.0], [0.01767767034471035, -0.01767767034471035, 0.0], [-0.0353553406894207, -0.0353553406894207, 0.0], [0.0, 0.0, 0.0], [0.0, 0.0, 0.0], [-0.01767767034471035, 0.01767767034471035, 0.0], [0.0, 0.0, 0.20000000298023224], [3.0616169246677665e-18, 0.05000000074505806, 0.0], [0.03999999910593033, 0.0, 0.15000000596046448], [0.0353553406894207, 0.0353553406894207, 0.0], [-0.02500000037252903, 3.0616169246677665e-18, 0.0], [-0.05000000074505806, 6.123233849335533e-18, 0.0]], "stage2_complete": false, "proximity": {"checks": 472, "minimum_sphere_gap_m": 0.99067622423172, "failure": null, "collision_filter_present": false}, "cumulative_metrics": {"environment_controls": 27648, "signed_navigation_velocity_error_mps": [-0.00436277873814106, -0.0006167980027385056], "absolute_navigation_velocity_error_mps": [0.034030165523290634, 0.03064430132508278], "achieved_planar_speed_mps": 0.04008873179554939, "requested_planar_speed_mps": 0.027636364102363586, "signed_command_direction_speed_mps": 0.0017329497495666146, "moving_command_rows": 20028, "signed_yaw_error_rad_s": -0.03650187700986862, "absolute_yaw_error_rad_s": 0.1290123015642166, "requested_saturation_fraction": 0.0242241770029068, "terminations": 12, "truncations": 0, "zero_command_rows": 4577, "nonfoot_event_rows": 0, "moving_signed_command_direction_speed_mps": 0.002392279424047382, "nonfoot_event_fraction": 0.0, "task_reward_sum": 10191.782526953612, "task_reward_mean": 0.3686263934806717, "reward_components": {"linear_tracking": {"sum": 6770.053845085285, "absolute_sum": 6770.053845085285, "mean": 0.24486595215152215, "mean_absolute": 0.24486595215152215}, "yaw_tracking": {"sum": 5738.599368849808, "absolute_sum": 5738.599368849808, "mean": 0.20755929430157002, "mean_absolute": 0.20755929430157002}, "quiet_joint_rate": {"sum": -1578.333449870348, "absolute_sum": 1578.333449870348, "mean": -0.05708671331996339, "mean_absolute": 0.05708671331996339}, "quiet_target_motion": {"sum": -556.3726103976369, "absolute_sum": 556.3726103976369, "mean": -0.02012343064227564, "mean_absolute": 0.02012343064227564}, "tilt": {"sum": -11.372433969729311, "absolute_sum": 11.372433969729311, "mean": -0.0004113293536505104, "mean_absolute": 0.0004113293536505104}, "roll_pitch_rate": {"sum": -4.649667685804251, "absolute_sum": 4.649667685804251, "mean": -0.0001681737444228968, "mean_absolute": 0.0001681737444228968}, "vertical_velocity": {"sum": -2.8425776771518274, "absolute_sum": 2.8425776771518274, "mean": -0.0001028131393645771, "mean_absolute": 0.0001028131393645771}, "height": {"sum": -44.30617962402383, "absolute_sum": 44.30617962402383, "mean": -0.0016025093903365099, "mean_absolute": 0.0016025093903365099}, "effort": {"sum": -39.4573704922077, "absolute_sum": 39.4573704922077, "mean": -0.0014271329026406142, "mean_absolute": 0.0014271329026406142}, "target_motion": {"sum": -55.536396858376975, "absolute_sum": 55.536396858376975, "mean": -0.002008694909518843, "mean_absolute": 0.002008694909518843}, "nonfoot_contact": {"sum": 0.0, "absolute_sum": 0.0, "mean": 0.0, "mean_absolute": 0.0}, "termination": {"sum": -24.0, "absolute_sum": 24.0, "mean": -0.0008680555555555555, "mean_absolute": 0.0008680555555555555}}, "command_classes": {"zero": {"environment_controls": 4577, "time_fraction": 0.16554542824074073, "task_reward_mean": 0.10792678420055273, "reward_component_means": {"linear_tracking": 0.3542565027074051, "yaw_tracking": 0.22550160961623322, "quiet_joint_rate": -0.3448401682041398, "quiet_target_motion": -0.12155835927411773, "tilt": -0.00037031880880857547, "roll_pitch_rate": -0.00019504808624752666, "vertical_velocity": -0.00012256105385871654, "height": -0.0011683788244491544, "effort": -0.0013991110054226554, "target_motion": -0.0021773823557979808, "nonfoot_contact": 0.0, "termination": 0.0}, "reward_component_mean_absolute": {"linear_tracking": 0.3542565027074051, "yaw_tracking": 0.22550160961623322, "quiet_joint_rate": 0.3448401682041398, "quiet_target_motion": 0.12155835927411773, "tilt": 0.00037031880880857547, "roll_pitch_rate": 0.00019504808624752666, "vertical_velocity": 0.00012256105385871654, "height": 0.0011683788244491544, "effort": 0.0013991110054226554, "target_motion": 0.0021773823557979808, "nonfoot_contact": 0.0, "termination": 0.0}, "requested_planar_speed_mps": 0.0, "moving_command_rows": 0, "moving_signed_command_direction_speed_mps": null, "nonfoot_event_fraction": 0.0}, "linear_0.025": {"environment_controls": 8358, "time_fraction": 0.3023003472222222, "task_reward_mean": 0.5083341009330681, "reward_component_means": {"linear_tracking": 0.28737667258295096, "yaw_tracking": 0.22697765204454437, "quiet_joint_rate": 0.0, "quiet_target_motion": 0.0, "tilt": -0.0003367031808969659, "roll_pitch_rate": -0.00016000524521693956, "vertical_velocity": -0.00010500879381195578, "height": -0.0018387279735650433, "effort": -0.0013828686638719426, "target_motion": -0.001957618095248515, "nonfoot_contact": 0.0, "termination": -0.00023929169657812874}, "reward_component_mean_absolute": {"linear_tracking": 0.28737667258295096, "yaw_tracking": 0.22697765204454437, "quiet_joint_rate": 0.0, "quiet_target_motion": 0.0, "tilt": 0.0003367031808969659, "roll_pitch_rate": 0.00016000524521693956, "vertical_velocity": 0.00010500879381195578, "height": 0.0018387279735650433, "effort": 0.0013828686638719426, "target_motion": 0.001957618095248515, "nonfoot_contact": 0.0, "termination": 0.00023929169657812874}, "requested_planar_speed_mps": 0.02500000037252903, "moving_command_rows": 8358, "moving_signed_command_direction_speed_mps": 0.001512817144651635, "nonfoot_event_fraction": 0.0}, "linear_0.05": {"environment_controls": 8834, "time_fraction": 0.3195167824074074, "task_reward_mean": 0.3442314924685793, "reward_component_means": {"linear_tracking": 0.12055023418770348, "yaw_tracking": 0.23073065037001553, "quiet_joint_rate": 0.0, "quiet_target_motion": 0.0, "tilt": -0.0005127604484678908, "roll_pitch_rate": -0.00016291375054201392, "vertical_velocity": -8.967745915408377e-05, "height": -0.0015494661705837097, "effort": -0.0014188666401146331, "target_motion": -0.001957319717833598, "nonfoot_contact": 0.0, "termination": -0.0013583880461851936}, "reward_component_mean_absolute": {"linear_tracking": 0.12055023418770348, "yaw_tracking": 0.23073065037001553, "quiet_joint_rate": 0.0, "quiet_target_motion": 0.0, "tilt": 0.0005127604484678908, "roll_pitch_rate": 0.00016291375054201392, "vertical_velocity": 8.967745915408377e-05, "height": 0.0015494661705837097, "effort": 0.0014188666401146331, "target_motion": 0.001957319717833598, "nonfoot_contact": 0.0, "termination": 0.0013583880461851936}, "requested_planar_speed_mps": 0.05000000074505806, "moving_command_rows": 8834, "moving_signed_command_direction_speed_mps": 0.0026022199132501042, "nonfoot_event_fraction": 0.0}, "yaw": {"environment_controls": 3043, "time_fraction": 0.11006221064814815, "task_reward_mean": 0.5156865305348531, "reward_component_means": {"linear_tracking": 0.4055621779494647, "yaw_tracking": 0.11673603993415471, "quiet_joint_rate": 0.0, "quiet_target_motion": 0.0, "tilt": -0.0004045709914254422, "roll_pitch_rate": -0.00015153582188284567, "vertical_velocity": -9.287248186611351e-05, "height": -0.0019171249028226232, "effort": -0.0014495220945858931, "target_motion": -0.00193881521982285, "nonfoot_contact": 0.0, "termination": -0.0006572461386789353}, "reward_component_mean_absolute": {"linear_tracking": 0.4055621779494647, "yaw_tracking": 0.11673603993415471, "quiet_joint_rate": 0.0, "quiet_target_motion": 0.0, "tilt": 0.0004045709914254422, "roll_pitch_rate": 0.00015153582188284567, "vertical_velocity": 9.287248186611351e-05, "height": 0.0019171249028226232, "effort": 0.0014495220945858931, "target_motion": 0.00193881521982285, "nonfoot_contact": 0.0, "termination": 0.0006572461386789353}, "requested_planar_speed_mps": 0.0, "moving_command_rows": 0, "moving_signed_command_direction_speed_mps": null, "nonfoot_event_fraction": 0.0}, "arc": {"environment_controls": 2836, "time_fraction": 0.10257523148148148, "task_reward_mean": 0.2958286682595594, "reward_component_means": {"linear_tracking": 0.15784948040577945, "yaw_tracking": 0.14664913644557742, "quiet_joint_rate": 0.0, "quiet_target_motion": 0.0, "tilt": -0.00038874621551574504, "roll_pitch_rate": -0.00018311183965038458, "vertical_velocity": -0.00011605451286121157, "height": -0.00143463544119806, "effort": -0.0016045343776970983, "target_motion": -0.002121991775225525, "nonfoot_contact": 0.0, "termination": -0.0028208744710860366}, "reward_component_mean_absolute": {"linear_tracking": 0.15784948040577945, "yaw_tracking": 0.14664913644557742, "quiet_joint_rate": 0.0, "quiet_target_motion": 0.0, "tilt": 0.00038874621551574504, "roll_pitch_rate": 0.00018311183965038458, "vertical_velocity": 0.00011605451286121157, "height": 0.00143463544119806, "effort": 0.0016045343776970983, "target_motion": 0.002121991775225525, "nonfoot_contact": 0.0, "termination": 0.0028208744710860366}, "requested_planar_speed_mps": 0.03999999910593033, "moving_command_rows": 2836, "moving_signed_command_direction_speed_mps": 0.004330196014164733, "nonfoot_event_fraction": 0.0}, "other": {"environment_controls": 0, "time_fraction": 0.0, "task_reward_mean": null, "reward_component_means": {"linear_tracking": null, "yaw_tracking": null, "quiet_joint_rate": null, "quiet_target_motion": null, "tilt": null, "roll_pitch_rate": null, "vertical_velocity": null, "height": null, "effort": null, "target_motion": null, "nonfoot_contact": null, "termination": null}, "reward_component_mean_absolute": {"linear_tracking": null, "yaw_tracking": null, "quiet_joint_rate": null, "quiet_target_motion": null, "tilt": null, "roll_pitch_rate": null, "vertical_velocity": null, "height": null, "effort": null, "target_motion": null, "nonfoot_contact": null, "termination": null}, "requested_planar_speed_mps": null, "moving_command_rows": 0, "moving_signed_command_direction_speed_mps": null, "nonfoot_event_fraction": null}}, "zero_hold_joint_rate_rms_rad_s": [0.50725443681332, 0.8364088568705371, 0.40489023030759147, 0.4557310996124231, 1.0864193854854682, 1.538136555504778, 0.6039079786434366, 0.7816329958806287, 0.9246624083262635, 0.5645136722879965, 0.8321048943462778, 0.9263458479247548, 0.5008637200090502, 0.8040606619742048, 0.919710517872816, 0.44667207861575303, 0.8187007497838358, 1.1978862483603043], "zero_hold_worst_joint_rate_rms_rad_s": 1.538136555504778, "zero_hold_all_joint_rate_rms_rad_s": 0.8374065494737017, "diagnostic_scope": "Time-weighted 50Hz control endpoints; nonfoot events use each control's maximum 400Hz body/coxa/femur floor force >1N. These are reporting metrics, not Stage2 admission.", "termination_reasons": {"rows": {"height": 0, "tilt": 0, "joint_limit": 12, "timeout": 0}, "multiple_physical_reason_rows": 0, "unattributed_termination_rows": 0, "termination_flag_mismatch_rows": 0, "scope": "Counts returned terminal rows with each measured predicate; reasons may overlap. Timeout counts returned truncations separately."}, "actual_target_slew": {"environment_controls": 27508, "excluded_first_or_reset_rows": 140, "limit_rad_per_control": 0.04, "occupancy_tolerance_rad": 2e-06, "by_joint": {"lf_coxa_yaw": {"at_limit_rows": 6594, "at_limit_fraction": 0.23971208375745237, "beyond_limit_rows": 0}, "lf_femur_pitch": {"at_limit_rows": 5873, "at_limit_fraction": 0.21350152682855897, "beyond_limit_rows": 0}, "lf_tibia_pitch": {"at_limit_rows": 8721, "at_limit_fraction": 0.3170350443507343, "beyond_limit_rows": 0}, "lm_coxa_yaw": {"at_limit_rows": 10879, "at_limit_fraction": 0.39548494983277593, "beyond_limit_rows": 0}, "lm_femur_pitch": {"at_limit_rows": 7214, "at_limit_fraction": 0.26225098153264503, "beyond_limit_rows": 0}, "lm_tibia_pitch": {"at_limit_rows": 8108, "at_limit_fraction": 0.2947506180020358, "beyond_limit_rows": 0}, "lr_coxa_yaw": {"at_limit_rows": 9702, "at_limit_fraction": 0.3526973971208376, "beyond_limit_rows": 0}, "lr_femur_pitch": {"at_limit_rows": 6665, "at_limit_fraction": 0.24229315108332122, "beyond_limit_rows": 0}, "lr_tibia_pitch": {"at_limit_rows": 7686, "at_limit_fraction": 0.2794096262905337, "beyond_limit_rows": 0}, "rf_coxa_yaw": {"at_limit_rows": 6439, "at_limit_fraction": 0.2340773593136542, "beyond_limit_rows": 0}, "rf_femur_pitch": {"at_limit_rows": 7389, "at_limit_fraction": 0.2686127671949978, "beyond_limit_rows": 0}, "rf_tibia_pitch": {"at_limit_rows": 7131, "at_limit_fraction": 0.25923367747564346, "beyond_limit_rows": 0}, "rm_coxa_yaw": {"at_limit_rows": 6377, "at_limit_fraction": 0.23182346953613495, "beyond_limit_rows": 0}, "rm_femur_pitch": {"at_limit_rows": 7132, "at_limit_fraction": 0.25927003053657116, "beyond_limit_rows": 0}, "rm_tibia_pitch": {"at_limit_rows": 7144, "at_limit_fraction": 0.25970626726770396, "beyond_limit_rows": 0}, "rr_coxa_yaw": {"at_limit_rows": 6738, "at_limit_fraction": 0.24494692453104552, "beyond_limit_rows": 0}, "rr_femur_pitch": {"at_limit_rows": 7973, "at_limit_fraction": 0.2898429547767922, "beyond_limit_rows": 0}, "rr_tibia_pitch": {"at_limit_rows": 8478, "at_limit_fraction": 0.3082012505452959, "beyond_limit_rows": 0}}}}, "interval_metrics": {"environment_controls": 3072, "signed_navigation_velocity_error_mps": [-0.001023146091029048, 0.0014176906552165747], "absolute_navigation_velocity_error_mps": [0.028157396242022514, 0.02804836630821228], "achieved_planar_speed_mps": 0.03028794378042221, "requested_planar_speed_mps": 0.029682617634534836, "signed_command_direction_speed_mps": 7.345980702666566e-05, "moving_command_rows": 2304, "signed_yaw_error_rad_s": -1.5787858274052269e-06, "absolute_yaw_error_rad_s": 0.10054343193769455, "requested_saturation_fraction": 0.02427843026816845, "terminations": 0, "truncations": 0, "zero_command_rows": 512, "nonfoot_event_rows": 0, "moving_signed_command_direction_speed_mps": 9.794641513731032e-05, "nonfoot_event_fraction": 0.0, "task_reward_sum": 1286.2109615862137, "task_reward_mean": 0.41868846405801224, "reward_components": {"linear_tracking": {"sum": 828.967629487777, "absolute_sum": 828.967629487777, "mean": 0.2698462335572191, "mean_absolute": 0.2698462335572191}, "yaw_tracking": {"sum": 694.7379554361355, "absolute_sum": 694.7379554361355, "mean": 0.22615167820186702, "mean_absolute": 0.22615167820186702}, "quiet_joint_rate": {"sum": -159.33774863183498, "absolute_sum": 159.33774863183498, "mean": -0.05186775671609212, "mean_absolute": 0.05186775671609212}, "quiet_target_motion": {"sum": -59.15253031998873, "absolute_sum": 59.15253031998873, "mean": -0.019255380963538, "mean_absolute": 0.019255380963538}, "tilt": {"sum": -1.1770080108769698, "absolute_sum": 1.1770080108769698, "mean": -0.0003831406285406803, "mean_absolute": 0.0003831406285406803}, "roll_pitch_rate": {"sum": -0.29449449639452485, "absolute_sum": 0.29449449639452485, "mean": -9.586409387842606e-05, "mean_absolute": 9.586409387842606e-05}, "vertical_velocity": {"sum": -0.16681745639352488, "absolute_sum": 0.16681745639352488, "mean": -5.4302557419767214e-05, "mean_absolute": 5.4302557419767214e-05}, "height": {"sum": -8.287271934088633, "absolute_sum": 8.287271934088633, "mean": -0.0026976796660444767, "mean_absolute": 0.0026976796660444767}, "effort": {"sum": -4.271596719423542, "absolute_sum": 4.271596719423542, "mean": -0.0013904937237706843, "mean_absolute": 0.0013904937237706843}, "target_motion": {"sum": -4.807154809284839, "absolute_sum": 4.807154809284839, "mean": -0.0015648290394807418, "mean_absolute": 0.0015648290394807418}, "nonfoot_contact": {"sum": 0.0, "absolute_sum": 0.0, "mean": 0.0, "mean_absolute": 0.0}, "termination": {"sum": 0.0, "absolute_sum": 0.0, "mean": 0.0, "mean_absolute": 0.0}}, "command_classes": {"zero": {"environment_controls": 512, "time_fraction": 0.16666666666666666, "task_reward_mean": 0.20904997626917066, "reward_component_means": {"linear_tracking": 0.4118907283994808, "yaw_tracking": 0.23030620495695064, "quiet_joint_rate": -0.3112065402965527, "quiet_target_motion": -0.11553228578122798, "tilt": -0.0003705655757951856, "roll_pitch_rate": -0.00011407595452780916, "vertical_velocity": -8.110466393135971e-05, "height": -0.002715787160126411, "effort": -0.0014670261327864864, "target_motion": -0.0016595714729419342, "nonfoot_contact": 0.0, "termination": 0.0}, "reward_component_mean_absolute": {"linear_tracking": 0.4118907283994808, "yaw_tracking": 0.23030620495695064, "quiet_joint_rate": 0.3112065402965527, "quiet_target_motion": 0.11553228578122798, "tilt": 0.0003705655757951856, "roll_pitch_rate": 0.00011407595452780916, "vertical_velocity": 8.110466393135971e-05, "height": 0.002715787160126411, "effort": 0.0014670261327864864, "target_motion": 0.0016595714729419342, "nonfoot_contact": 0.0, "termination": 0.0}, "requested_planar_speed_mps": 0.0, "moving_command_rows": 0, "moving_signed_command_direction_speed_mps": null, "nonfoot_event_fraction": 0.0}, "linear_0.025": {"environment_controls": 867, "time_fraction": 0.2822265625, "task_reward_mean": 0.5830456445685394, "reward_component_means": {"linear_tracking": 0.34617914649964504, "yaw_tracking": 0.24314504293185785, "quiet_joint_rate": 0.0, "quiet_target_motion": 0.0, "tilt": -0.0002254354536426989, "roll_pitch_rate": -7.327659312614212e-05, "vertical_velocity": -4.6196371161875265e-05, "height": -0.0031243213869900934, "effort": -0.0013388371319768386, "target_motion": -0.001470477677539454, "nonfoot_contact": 0.0, "termination": 0.0}, "reward_component_mean_absolute": {"linear_tracking": 0.34617914649964504, "yaw_tracking": 0.24314504293185785, "quiet_joint_rate": 0.0, "quiet_target_motion": 0.0, "tilt": 0.0002254354536426989, "roll_pitch_rate": 7.327659312614212e-05, "vertical_velocity": 4.6196371161875265e-05, "height": 0.0031243213869900934, "effort": 0.0013388371319768386, "target_motion": 0.001470477677539454, "nonfoot_contact": 0.0, "termination": 0.0}, "requested_planar_speed_mps": 0.02500000037252903, "moving_command_rows": 867, "moving_signed_command_direction_speed_mps": 0.0010423314555991167, "nonfoot_event_fraction": 0.0}, "linear_0.05": {"environment_controls": 1203, "time_fraction": 0.3916015625, "task_reward_mean": 0.3598906405048301, "reward_component_means": {"linear_tracking": 0.11988196178748955, "yaw_tracking": 0.24601587353902318, "quiet_joint_rate": 0.0, "quiet_target_motion": 0.0, "tilt": -0.0005042199695562516, "roll_pitch_rate": -0.00011404162061070214, "vertical_velocity": -6.055505067216012e-05, "height": -0.0022684789812242277, "effort": -0.0014074697397383749, "target_motion": -0.0016524293655912831, "nonfoot_contact": 0.0, "termination": 0.0}, "reward_component_mean_absolute": {"linear_tracking": 0.11988196178748955, "yaw_tracking": 0.24601587353902318, "quiet_joint_rate": 0.0, "quiet_target_motion": 0.0, "tilt": 0.0005042199695562516, "roll_pitch_rate": 0.00011404162061070214, "vertical_velocity": 6.055505067216012e-05, "height": 0.0022684789812242277, "effort": 0.0014074697397383749, "target_motion": 0.0016524293655912831, "nonfoot_contact": 0.0, "termination": 0.0}, "requested_planar_speed_mps": 0.05000000074505806, "moving_command_rows": 1203, "moving_signed_command_direction_speed_mps": 5.791938378264912e-05, "nonfoot_event_fraction": 0.0}, "yaw": {"environment_controls": 256, "time_fraction": 0.08333333333333333, "task_reward_mean": 0.6162120938461157, "reward_component_means": {"linear_tracking": 0.4976220836490219, "yaw_tracking": 0.12479266647278564, "quiet_joint_rate": 0.0, "quiet_target_motion": 0.0, "tilt": -0.00031466001338778526, "roll_pitch_rate": -6.753049011784529e-05, "vertical_velocity": -2.103301749634541e-05, "height": -0.0031279621128135343, "effort": -0.0012681724515459791, "target_motion": -0.00140329886210111, "nonfoot_contact": 0.0, "termination": 0.0}, "reward_component_mean_absolute": {"linear_tracking": 0.4976220836490219, "yaw_tracking": 0.12479266647278564, "quiet_joint_rate": 0.0, "quiet_target_motion": 0.0, "tilt": 0.00031466001338778526, "roll_pitch_rate": 6.753049011784529e-05, "vertical_velocity": 2.103301749634541e-05, "height": 0.0031279621128135343, "effort": 0.0012681724515459791, "target_motion": 0.00140329886210111, "nonfoot_contact": 0.0, "termination": 0.0}, "requested_planar_speed_mps": 0.0, "moving_command_rows": 0, "moving_signed_command_direction_speed_mps": null, "nonfoot_event_fraction": 0.0}, "arc": {"environment_controls": 234, "time_fraction": 0.076171875, "task_reward_mean": 0.3546071083058054, "reward_component_means": {"linear_tracking": 0.19800428669893533, "yaw_tracking": 0.16286499056315393, "quiet_joint_rate": 0.0, "quiet_target_motion": 0.0, "tilt": -0.0004474201322998761, "roll_pitch_rate": -7.725182209862509e-05, "vertical_velocity": -2.994630865662312e-05, "height": -0.0028130929499593474, "effort": -0.0014609799209910517, "target_motion": -0.001433474500887454, "nonfoot_contact": 0.0, "termination": 0.0}, "reward_component_mean_absolute": {"linear_tracking": 0.19800428669893533, "yaw_tracking": 0.16286499056315393, "quiet_joint_rate": 0.0, "quiet_target_motion": 0.0, "tilt": 0.0004474201322998761, "roll_pitch_rate": 7.725182209862509e-05, "vertical_velocity": 2.994630865662312e-05, "height": 0.0028130929499593474, "effort": 0.0014609799209910517, "target_motion": 0.001433474500887454, "nonfoot_contact": 0.0, "termination": 0.0}, "requested_planar_speed_mps": 0.03999999910593033, "moving_command_rows": 234, "moving_signed_command_direction_speed_mps": -0.0031953412402504194, "nonfoot_event_fraction": 0.0}, "other": {"environment_controls": 0, "time_fraction": 0.0, "task_reward_mean": null, "reward_component_means": {"linear_tracking": null, "yaw_tracking": null, "quiet_joint_rate": null, "quiet_target_motion": null, "tilt": null, "roll_pitch_rate": null, "vertical_velocity": null, "height": null, "effort": null, "target_motion": null, "nonfoot_contact": null, "termination": null}, "reward_component_mean_absolute": {"linear_tracking": null, "yaw_tracking": null, "quiet_joint_rate": null, "quiet_target_motion": null, "tilt": null, "roll_pitch_rate": null, "vertical_velocity": null, "height": null, "effort": null, "target_motion": null, "nonfoot_contact": null, "termination": null}, "requested_planar_speed_mps": null, "moving_command_rows": 0, "moving_signed_command_direction_speed_mps": null, "nonfoot_event_fraction": null}}, "zero_hold_joint_rate_rms_rad_s": [0.48858486515681476, 0.4984151426525607, 0.31523960686978136, 0.3842949439307506, 0.765897695882862, 1.2883683069200764, 0.5167740977214008, 0.6349479634252978, 0.8543429678376996, 0.3799146757677591, 0.6786752873465893, 0.7014426498991407, 0.4474685414308179, 0.6586705451426611, 0.4585182204587717, 0.39232217894639276, 0.7267866416940788, 1.3879088813899094], "zero_hold_worst_joint_rate_rms_rad_s": 1.3879088813899094, "zero_hold_all_joint_rate_rms_rad_s": 0.7043711742798556, "diagnostic_scope": "Time-weighted 50Hz control endpoints; nonfoot events use each control's maximum 400Hz body/coxa/femur floor force >1N. These are reporting metrics, not Stage2 admission.", "termination_reasons": {"rows": {"height": 0, "tilt": 0, "joint_limit": 0, "timeout": 0}, "multiple_physical_reason_rows": 0, "unattributed_termination_rows": 0, "termination_flag_mismatch_rows": 0, "scope": "Counts returned terminal rows with each measured predicate; reasons may overlap. Timeout counts returned truncations separately."}, "actual_target_slew": {"environment_controls": 3072, "excluded_first_or_reset_rows": 0, "limit_rad_per_control": 0.04, "occupancy_tolerance_rad": 2e-06, "by_joint": {"lf_coxa_yaw": {"at_limit_rows": 816, "at_limit_fraction": 0.265625, "beyond_limit_rows": 0}, "lf_femur_pitch": {"at_limit_rows": 202, "at_limit_fraction": 0.06575520833333333, "beyond_limit_rows": 0}, "lf_tibia_pitch": {"at_limit_rows": 732, "at_limit_fraction": 0.23828125, "beyond_limit_rows": 0}, "lm_coxa_yaw": {"at_limit_rows": 1053, "at_limit_fraction": 0.3427734375, "beyond_limit_rows": 0}, "lm_femur_pitch": {"at_limit_rows": 466, "at_limit_fraction": 0.15169270833333334, "beyond_limit_rows": 0}, "lm_tibia_pitch": {"at_limit_rows": 558, "at_limit_fraction": 0.181640625, "beyond_limit_rows": 0}, "lr_coxa_yaw": {"at_limit_rows": 961, "at_limit_fraction": 0.3128255208333333, "beyond_limit_rows": 0}, "lr_femur_pitch": {"at_limit_rows": 435, "at_limit_fraction": 0.1416015625, "beyond_limit_rows": 0}, "lr_tibia_pitch": {"at_limit_rows": 583, "at_limit_fraction": 0.18977864583333334, "beyond_limit_rows": 0}, "rf_coxa_yaw": {"at_limit_rows": 815, "at_limit_fraction": 0.2652994791666667, "beyond_limit_rows": 0}, "rf_femur_pitch": {"at_limit_rows": 462, "at_limit_fraction": 0.150390625, "beyond_limit_rows": 0}, "rf_tibia_pitch": {"at_limit_rows": 510, "at_limit_fraction": 0.166015625, "beyond_limit_rows": 0}, "rm_coxa_yaw": {"at_limit_rows": 795, "at_limit_fraction": 0.2587890625, "beyond_limit_rows": 0}, "rm_femur_pitch": {"at_limit_rows": 447, "at_limit_fraction": 0.1455078125, "beyond_limit_rows": 0}, "rm_tibia_pitch": {"at_limit_rows": 417, "at_limit_fraction": 0.1357421875, "beyond_limit_rows": 0}, "rr_coxa_yaw": {"at_limit_rows": 765, "at_limit_fraction": 0.2490234375, "beyond_limit_rows": 0}, "rr_femur_pitch": {"at_limit_rows": 587, "at_limit_fraction": 0.19108072916666666, "beyond_limit_rows": 0}, "rr_tibia_pitch": {"at_limit_rows": 653, "at_limit_fraction": 0.21256510416666666, "beyond_limit_rows": 0}}}}}
PAPER_PPO {"policy_loss": -0.006844718536526403, "value_loss": 6.237379410687615, "entropy": -15.846900547251982, "estimator_loss": 0.00031836537356652757, "approx_kl": 0.016070312190362635, "actor_grad_norm": 26.864063823924344, "critic_grad_norm": 21.532315618851605, "model_grad_norm": 34.688784318811756, "clip_fraction": 0.2330729242633371, "discriminator_loss": 0.004086095001548528, "expert_score": 0.9980890035629273, "policy_score": -0.9961612164974213, "gradient_penalty": 0.00042494165973039344, "discriminator_expert_loss": 0.0002641309671162162, "discriminator_policy_loss": 0.0016972557350527495, "ppo_batches": 17, "discriminator_batches": 20, "target_kl": 0.02, "kl_initial": 2.8775223559542963e-11, "kl_final": 0.01954407266333049, "kl_max": 0.01966367141753863, "kl_max_step_increase": 0.009117381295685921, "kl_after_model_steps": [0.0057252723264042795, 0.0148426536220902, 0.01767881969721558, 0.018415694321724827, 0.018116350877160934, 0.018472162152633337, 0.017378216152912948, 0.01917189428084002, 0.01966367141753863, 0.019105410678279346, 0.017216985921779768, 0.01643749283315903, 0.016403117181803893, 0.016299367857911924, 0.016180677093774565, 0.017630085151075968, 0.01954407266333049], "early_stopped": true, "final_full_rollout_k3": 0.02048579230904579, "stop_reason": "backtracking_exhausted", "learning_rate": 0.0001, "discriminator_learning_rate": 0.0003, "rollback_kl_steps": true, "model_proposals": 18, "accepted_model_steps": 17, "rejected_model_trials": 32, "model_trial_attempts": [{"proposal": 1, "retry": 0, "learning_rate": 0.0001, "kl": 0.09183057238802037, "accepted": false}, {"proposal": 1, "retry": 1, "learning_rate": 5e-05, "kl": 0.022920479748971812, "accepted": false}, {"proposal": 1, "retry": 2, "learning_rate": 2.5e-05, "kl": 0.0057252723264042795, "accepted": true}, {"proposal": 2, "retry": 0, "learning_rate": 0.0001, "kl": 0.07316260582735033, "accepted": false}, {"proposal": 2, "retry": 1, "learning_rate": 5e-05, "kl": 0.02911357186607335, "accepted": false}, {"proposal": 2, "retry": 2, "learning_rate": 2.5e-05, "kl": 0.0148426536220902, "accepted": true}, {"proposal": 3, "retry": 0, "learning_rate": 0.0001, "kl": 0.0592310686058178, "accepted": false}, {"proposal": 3, "retry": 1, "learning_rate": 5e-05, "kl": 0.03084617192538848, "accepted": false}, {"proposal": 3, "retry": 2, "learning_rate": 2.5e-05, "kl": 0.021292244815686978, "accepted": false}, {"proposal": 3, "retry": 3, "learning_rate": 1.25e-05, "kl": 0.01767881969721558, "accepted": true}, {"proposal": 4, "retry": 0, "learning_rate": 0.0001, "kl": 0.03814048719786848, "accepted": false}, {"proposal": 4, "retry": 1, "learning_rate": 5e-05, "kl": 0.02207709115428204, "accepted": false}, {"proposal": 4, "retry": 2, "learning_rate": 2.5e-05, "kl": 0.018415694321724827, "accepted": true}, {"proposal": 5, "retry": 0, "learning_rate": 0.0001, "kl": 0.035602180154601475, "accepted": false}, {"proposal": 5, "retry": 1, "learning_rate": 5e-05, "kl": 0.018116350877160934, "accepted": true}, {"proposal": 6, "retry": 0, "learning_rate": 0.0001, "kl": 0.041502904577493956, "accepted": false}, {"proposal": 6, "retry": 1, "learning_rate": 5e-05, "kl": 0.02249197523712908, "accepted": false}, {"proposal": 6, "retry": 2, "learning_rate": 2.5e-05, "kl": 0.018472162152633337, "accepted": true}, {"proposal": 7, "retry": 0, "learning_rate": 0.0001, "kl": 0.03793819417791457, "accepted": false}, {"proposal": 7, "retry": 1, "learning_rate": 5e-05, "kl": 0.017378216152912948, "accepted": true}, {"proposal": 8, "retry": 0, "learning_rate": 0.0001, "kl": 0.034404456667445085, "accepted": false}, {"proposal": 8, "retry": 1, "learning_rate": 5e-05, "kl": 0.01917189428084002, "accepted": true}, {"proposal": 9, "retry": 0, "learning_rate": 0.0001, "kl": 0.052131091936816434, "accepted": false}, {"proposal": 9, "retry": 1, "learning_rate": 5e-05, "kl": 0.025305890327558346, "accepted": false}, {"proposal": 9, "retry": 2, "learning_rate": 2.5e-05, "kl": 0.01966367141753863, "accepted": true}, {"proposal": 10, "retry": 0, "learning_rate": 0.0001, "kl": 0.035671190528294185, "accepted": false}, {"proposal": 10, "retry": 1, "learning_rate": 5e-05, "kl": 0.02158212360549962, "accepted": false}, {"proposal": 10, "retry": 2, "learning_rate": 2.5e-05, "kl": 0.019105410678279346, "accepted": true}, {"proposal": 11, "retry": 0, "learning_rate": 0.0001, "kl": 0.048345669837116884, "accepted": false}, {"proposal": 11, "retry": 1, "learning_rate": 5e-05, "kl": 0.021452126561326827, "accepted": false}, {"proposal": 11, "retry": 2, "learning_rate": 2.5e-05, "kl": 0.017216985921779768, "accepted": true}, {"proposal": 12, "retry": 0, "learning_rate": 0.0001, "kl": 0.05492162707660711, "accepted": false}, {"proposal": 12, "retry": 1, "learning_rate": 5e-05, "kl": 0.02246754256569658, "accepted": false}, {"proposal": 12, "retry": 2, "learning_rate": 2.5e-05, "kl": 0.01643749283315903, "accepted": true}, {"proposal": 13, "retry": 0, "learning_rate": 0.0001, "kl": 0.049595586016936755, "accepted": false}, {"proposal": 13, "retry": 1, "learning_rate": 5e-05, "kl": 0.02192520941942972, "accepted": false}, {"proposal": 13, "retry": 2, "learning_rate": 2.5e-05, "kl": 0.016403117181803893, "accepted": true}, {"proposal": 14, "retry": 0, "learning_rate": 0.0001, "kl": 0.026172553263406728, "accepted": false}, {"proposal": 14, "retry": 1, "learning_rate": 5e-05, "kl": 0.016299367857911924, "accepted": true}, {"proposal": 15, "retry": 0, "learning_rate": 0.0001, "kl": 0.024153589523752877, "accepted": false}, {"proposal": 15, "retry": 1, "learning_rate": 5e-05, "kl": 0.016180677093774565, "accepted": true}, {"proposal": 16, "retry": 0, "learning_rate": 0.0001, "kl": 0.028142067084264616, "accepted": false}, {"proposal": 16, "retry": 1, "learning_rate": 5e-05, "kl": 0.017630085151075968, "accepted": true}, {"proposal": 17, "retry": 0, "learning_rate": 0.0001, "kl": 0.03139368481084862, "accepted": false}, {"proposal": 17, "retry": 1, "learning_rate": 5e-05, "kl": 0.01954407266333049, "accepted": true}, {"proposal": 18, "retry": 0, "learning_rate": 0.0001, "kl": 0.0474775149661682, "accepted": false}, {"proposal": 18, "retry": 1, "learning_rate": 5e-05, "kl": 0.027215658691145644, "accepted": false}, {"proposal": 18, "retry": 2, "learning_rate": 2.5e-05, "kl": 0.02181140122833028, "accepted": false}, {"proposal": 18, "retry": 3, "learning_rate": 1.25e-05, "kl": 0.020286343785015547, "accepted": false}], "consecutive_zero_accepted_updates": 0, "empirical_kl_scope": "Mean whole-actor KL on the fixed collected rollout; no bound on physical motion or unseen states.", "normalizer_policy_kl": 0.0, "normalizer_policy_kl_samples": 128, "normalizer_policy_kl_scope": "Same current observations and weights, before/after statistics update; reporting only", "update": 210, "transitions": 645120, "episodes": 636, "optimizer_steps": 625, "discriminator_steps": 4200, "reward": 0.48218461871147156, "task_reward": 0.44264110922813416, "style_reward": 0.0395435132086277, "action_std": 0.10033134371042252, "raw_action_abs_mean": 0.8508026003837585, "raw_action_clip_fraction": 0.49667245149612427, "return_mean": 43.241119384765625, "return_std": 3.174962282180786, "explained_variance": -0.24248194694519043, "terminated": 1, "truncated": 0, "elapsed_s": 32.04951710696332, "transitions_per_s": 20128.85242067614, "allocation_new_transitions": 30720, "allocation_new_transitions_per_s": 958.516781936959}
PAPER_TASK {"schema": "canonical_paper_walking_task_v1", "reward_version": "canonical_quiet_quadratic_log_tail_v2", "controls_completed": 240, "command_draws": 256, "zero_command_draws": 39, "zero_draw_fraction": 0.15234375, "remaining_controls": [75, 69, 95, 146, 69, 71, 29, 33, 226, 207, 103, 93, 29, 68, 116, 113, 153, 169, 56, 22, 123, 200, 176, 71, 79, 3, 76, 198, 35, 36, 36, 71, 226, 144, 4, 209, 61, 179, 104, 161, 101, 218, 181, 119, 176, 9, 174, 175, 63, 238, 83, 89, 71, 129, 131, 2, 168, 206, 138, 202, 103, 110, 93, 154, 185, 6, 88, 17, 13, 6, 8, 24, 29, 63, 192, 50, 102, 37, 32, 50, 170, 80, 62, 31, 78, 137, 59, 33, 12, 44, 68, 192, 3, 156, 116, 113, 111, 5, 108, 198, 9, 83, 157, 238, 93, 70, 77, 234, 119, 9, 23, 74, 203, 22, 102, 187, 65, 83, 33, 9, 1, 49, 168, 151, 141, 98, 80, 97], "commands": [[0.02500000037252903, 0.0, 0.0], [0.03999999910593033, 0.0, 0.15000000596046448], [0.05000000074505806, 0.0, 0.0], [0.0, 0.0, 0.0], [-9.184851394388759e-18, -0.05000000074505806, 0.0], [-0.02500000037252903, 3.0616169246677665e-18, 0.0], [0.0, 0.0, 0.0], [-9.184851394388759e-18, -0.05000000074505806, 0.0], [-0.02500000037252903, 3.0616169246677665e-18, 0.0], [-0.01767767034471035, 0.01767767034471035, 0.0], [0.0, 0.0, 0.0], [1.5308084623338832e-18, 0.02500000037252903, 0.0], [0.01767767034471035, 0.01767767034471035, 0.0], [0.0, 0.0, 0.0], [3.0616169246677665e-18, 0.05000000074505806, 0.0], [0.0353553406894207, 0.0353553406894207, 0.0], [1.5308084623338832e-18, 0.02500000037252903, 0.0], [0.0, 0.0, -0.20000000298023224], [0.03999999910593033, 0.0, -0.15000000596046448], [-0.02500000037252903, 3.0616169246677665e-18, 0.0], [0.0353553406894207, -0.0353553406894207, 0.0], [0.0353553406894207, 0.0353553406894207, 0.0], [0.0, 0.0, -0.20000000298023224], [0.0, 0.0, -0.20000000298023224], [0.0, 0.0, 0.0], [0.0, 0.0, 0.0], [0.0, 0.0, 0.0], [-0.0353553406894207, -0.0353553406894207, 0.0], [-0.05000000074505806, 6.123233849335533e-18, 0.0], [-9.184851394388759e-18, -0.05000000074505806, 0.0], [-9.184851394388759e-18, -0.05000000074505806, 0.0], [0.03999999910593033, 0.0, -0.15000000596046448], [0.03999999910593033, 0.0, 0.15000000596046448], [-0.0353553406894207, 0.0353553406894207, 0.0], [0.0, 0.0, 0.0], [-0.02500000037252903, 3.0616169246677665e-18, 0.0], [0.0, 0.0, 0.0], [0.05000000074505806, 0.0, 0.0], [3.0616169246677665e-18, 0.05000000074505806, 0.0], [-0.0353553406894207, -0.0353553406894207, 0.0], [0.0, 0.0, 0.0], [1.5308084623338832e-18, 0.02500000037252903, 0.0], [0.0, 0.0, 0.0], [-9.184851394388759e-18, -0.05000000074505806, 0.0], [-0.05000000074505806, 6.123233849335533e-18, 0.0], [1.5308084623338832e-18, 0.02500000037252903, 0.0], [-0.01767767034471035, -0.01767767034471035, 0.0], [0.0, 0.0, 0.0], [0.0, 0.0, -0.20000000298023224], [0.03999999910593033, 0.0, 0.15000000596046448], [-0.01767767034471035, 0.01767767034471035, 0.0], [0.03999999910593033, 0.0, -0.15000000596046448], [-0.02500000037252903, 3.0616169246677665e-18, 0.0], [-0.0353553406894207, -0.0353553406894207, 0.0], [1.5308084623338832e-18, 0.02500000037252903, 0.0], [0.0, 0.0, 0.0], [0.0, 0.0, 0.0], [-0.02500000037252903, 3.0616169246677665e-18, 0.0], [0.0, 0.0, 0.0], [-0.01767767034471035, 0.01767767034471035, 0.0], [-0.01767767034471035, -0.01767767034471035, 0.0], [0.01767767034471035, 0.01767767034471035, 0.0], [-0.01767767034471035, -0.01767767034471035, 0.0], [0.0, 0.0, -0.20000000298023224], [-0.0353553406894207, -0.0353553406894207, 0.0], [-0.05000000074505806, 6.123233849335533e-18, 0.0], [-0.0353553406894207, 0.0353553406894207, 0.0], [0.0, 0.0, -0.20000000298023224], [0.03999999910593033, 0.0, -0.15000000596046448], [-0.0353553406894207, 0.0353553406894207, 0.0], [-0.0353553406894207, -0.0353553406894207, 0.0], [-4.5924256971943795e-18, -0.02500000037252903, 0.0], [0.0353553406894207, -0.0353553406894207, 0.0], [0.02500000037252903, 0.0, 0.0], [0.0, 0.0, 0.0], [0.05000000074505806, 0.0, 0.0], [0.0353553406894207, 0.0353553406894207, 0.0], [0.01767767034471035, -0.01767767034471035, 0.0], [-0.0353553406894207, 0.0353553406894207, 0.0], [3.0616169246677665e-18, 0.05000000074505806, 0.0], [-4.5924256971943795e-18, -0.02500000037252903, 0.0], [-9.184851394388759e-18, -0.05000000074505806, 0.0], [1.5308084623338832e-18, 0.02500000037252903, 0.0], [-9.184851394388759e-18, -0.05000000074505806, 0.0], [-4.5924256971943795e-18, -0.02500000037252903, 0.0], [-0.01767767034471035, 0.01767767034471035, 0.0], [3.0616169246677665e-18, 0.05000000074505806, 0.0], [0.0, 0.0, 0.0], [0.01767767034471035, 0.01767767034471035, 0.0], [-0.02500000037252903, 3.0616169246677665e-18, 0.0], [0.0353553406894207, 0.0353553406894207, 0.0], [-0.05000000074505806, 6.123233849335533e-18, 0.0], [3.0616169246677665e-18, 0.05000000074505806, 0.0], [0.0353553406894207, -0.0353553406894207, 0.0], [-0.0353553406894207, 0.0353553406894207, 0.0], [3.0616169246677665e-18, 0.05000000074505806, 0.0], [0.0, 0.0, 0.0], [0.0, 0.0, -0.20000000298023224], [-0.05000000074505806, 6.123233849335533e-18, 0.0], [0.0, 0.0, -0.20000000298023224], [0.0353553406894207, 0.0353553406894207, 0.0], [0.0353553406894207, -0.0353553406894207, 0.0], [-0.02500000037252903, 3.0616169246677665e-18, 0.0], [-0.0353553406894207, 0.0353553406894207, 0.0], [1.5308084623338832e-18, 0.02500000037252903, 0.0], [0.01767767034471035, 0.01767767034471035, 0.0], [0.0, 0.0, 0.0], [-0.05000000074505806, 6.123233849335533e-18, 0.0], [0.03999999910593033, 0.0, -0.15000000596046448], [0.02500000037252903, 0.0, 0.0], [0.01767767034471035, -0.01767767034471035, 0.0], [0.03999999910593033, 0.0, -0.15000000596046448], [0.01767767034471035, 0.01767767034471035, 0.0], [0.0353553406894207, 0.0353553406894207, 0.0], [0.0, 0.0, 0.20000000298023224], [-4.5924256971943795e-18, -0.02500000037252903, 0.0], [0.0, 0.0, 0.0], [0.01767767034471035, -0.01767767034471035, 0.0], [-0.0353553406894207, -0.0353553406894207, 0.0], [0.0, 0.0, 0.0], [0.0, 0.0, 0.0], [-0.01767767034471035, 0.01767767034471035, 0.0], [0.0, 0.0, 0.20000000298023224], [3.0616169246677665e-18, 0.05000000074505806, 0.0], [-4.5924256971943795e-18, -0.02500000037252903, 0.0], [-0.01767767034471035, -0.01767767034471035, 0.0], [-0.02500000037252903, 3.0616169246677665e-18, 0.0], [-0.05000000074505806, 6.123233849335533e-18, 0.0]], "stage2_complete": false, "proximity": {"checks": 523, "minimum_sphere_gap_m": 0.99067622423172, "failure": null, "collision_filter_present": false}, "cumulative_metrics": {"environment_controls": 30720, "signed_navigation_velocity_error_mps": [-0.003876330330967903, -0.00043689069570973516], "absolute_navigation_velocity_error_mps": [0.03333541378378868, 0.030272148549556732], "achieved_planar_speed_mps": 0.03896014392375946, "requested_planar_speed_mps": 0.02777230739593506, "signed_command_direction_speed_mps": 0.0016241316916421056, "moving_command_rows": 22310, "signed_yaw_error_rad_s": -0.03252321481704712, "absolute_yaw_error_rad_s": 0.12550094723701477, "requested_saturation_fraction": 0.023855024948716164, "terminations": 13, "truncations": 0, "zero_command_rows": 5095, "nonfoot_event_rows": 0, "moving_signed_command_direction_speed_mps": 0.0022363650656556143, "nonfoot_event_fraction": 0.0, "task_reward_sum": 11551.575947068399, "task_reward_mean": 0.37602786286029943, "reward_components": {"linear_tracking": {"sum": 7639.880924801781, "absolute_sum": 7639.880924801781, "mean": 0.2486940405208913, "mean_absolute": 0.2486940405208913}, "yaw_tracking": {"sum": 6456.040232113464, "absolute_sum": 6456.040232113464, "mean": 0.21015755963911018, "mean_absolute": 0.21015755963911018}, "quiet_joint_rate": {"sum": -1726.0459446758032, "absolute_sum": 1726.0459446758032, "mean": -0.0561863914282488, "mean_absolute": 0.0561863914282488}, "quiet_target_motion": {"sum": -615.0932431817055, "absolute_sum": 615.0932431817055, "mean": -0.020022566509821142, "mean_absolute": 0.020022566509821142}, "tilt": {"sum": -12.373357545778374, "absolute_sum": 12.373357545778374, "mean": -0.00040277856594330644, "mean_absolute": 0.00040277856594330644}, "roll_pitch_rate": {"sum": -4.890404702267259, "absolute_sum": 4.890404702267259, "mean": -0.00015919286140192898, "mean_absolute": 0.00015919286140192898}, "vertical_velocity": {"sum": -2.9461964242038317, "absolute_sum": 2.9461964242038317, "mean": -9.590483151705181e-05, "mean_absolute": 9.590483151705181e-05}, "height": {"sum": -53.39822949223131, "absolute_sum": 53.39822949223131, "mean": -0.0017382236162835712, "mean_absolute": 0.0017382236162835712}, "effort": {"sum": -43.58922089599946, "absolute_sum": 43.58922089599946, "mean": -0.0014189199510416491, "mean_absolute": 0.0014189199510416491}, "target_motion": {"sum": -60.00861314316717, "absolute_sum": 60.00861314316717, "mean": -0.0019534053757541397, "mean_absolute": 0.0019534053757541397}, "nonfoot_contact": {"sum": 0.0, "absolute_sum": 0.0, "mean": 0.0, "mean_absolute": 0.0}, "termination": {"sum": -26.0, "absolute_sum": 26.0, "mean": -0.0008463541666666667, "mean_absolute": 0.0008463541666666667}}, "command_classes": {"zero": {"environment_controls": 5095, "time_fraction": 0.16585286458333334, "task_reward_mean": 0.12614906240602858, "reward_component_means": {"linear_tracking": 0.3634789609680739, "yaw_tracking": 0.2276751655313356, "quiet_joint_rate": -0.3387725112219437, "quiet_target_motion": -0.1207248759924839, "tilt": -0.00036246332786260305, "roll_pitch_rate": -0.00018294937583159034, "vertical_velocity": -0.00011313115914076408, "height": -0.001357696580326958, "effort": -0.0013876908490800671, "target_motion": -0.00210374484537255, "nonfoot_contact": 0.0, "termination": 0.0}, "reward_component_mean_absolute": {"linear_tracking": 0.3634789609680739, "yaw_tracking": 0.2276751655313356, "quiet_joint_rate": 0.3387725112219437, "quiet_target_motion": 0.1207248759924839, "tilt": 0.00036246332786260305, "roll_pitch_rate": 0.00018294937583159034, "vertical_velocity": 0.00011313115914076408, "height": 0.001357696580326958, "effort": 0.0013876908490800671, "target_motion": 0.00210374484537255, "nonfoot_contact": 0.0, "termination": 0.0}, "requested_planar_speed_mps": 0.0, "moving_command_rows": 0, "moving_signed_command_direction_speed_mps": null, "nonfoot_event_fraction": 0.0}, "linear_0.025": {"environment_controls": 9269, "time_fraction": 0.30172526041666664, "task_reward_mean": 0.5170660293141215, "reward_component_means": {"linear_tracking": 0.29386390461764134, "yaw_tracking": 0.2292526191552189, "quiet_joint_rate": 0.0, "quiet_target_motion": 0.0, "tilt": -0.0003236869153498963, "roll_pitch_rate": -0.0001494871963091005, "vertical_velocity": -9.716124952262663e-05, "height": -0.00198644137894785, "effort": -0.0013784743828458613, "target_motion": -0.001899470449924777, "nonfoot_contact": 0.0, "termination": -0.00021577300679684973}, "reward_component_mean_absolute": {"linear_tracking": 0.29386390461764134, "yaw_tracking": 0.2292526191552189, "quiet_joint_rate": 0.0, "quiet_target_motion": 0.0, "tilt": 0.0003236869153498963, "roll_pitch_rate": 0.0001494871963091005, "vertical_velocity": 9.716124952262663e-05, "height": 0.00198644137894785, "effort": 0.0013784743828458613, "target_motion": 0.001899470449924777, "nonfoot_contact": 0.0, "termination": 0.00021577300679684973}, "requested_planar_speed_mps": 0.02500000037252903, "moving_command_rows": 9269, "moving_signed_command_direction_speed_mps": 0.0014380518962374374, "nonfoot_event_fraction": 0.0}, "linear_0.05": {"environment_controls": 9980, "time_fraction": 0.3248697916666667, "task_reward_mean": 0.34679795441274647, "reward_component_means": {"linear_tracking": 0.12048179913440282, "yaw_tracking": 0.23325448677643018, "quiet_joint_rate": 0.0, "quiet_target_motion": 0.0, "tilt": -0.0005081223088767307, "roll_pitch_rate": -0.00015567302117274455, "vertical_velocity": -8.385718999151293e-05, "height": -0.0016652251365997395, "effort": -0.0014164467520998356, "target_motion": -0.0019066025123667609, "nonfoot_contact": 0.0, "termination": -0.0012024048096192384}, "reward_component_mean_absolute": {"linear_tracking": 0.12048179913440282, "yaw_tracking": 0.23325448677643018, "quiet_joint_rate": 0.0, "quiet_target_motion": 0.0, "tilt": 0.0005081223088767307, "roll_pitch_rate": 0.00015567302117274455, "vertical_velocity": 8.385718999151293e-05, "height": 0.0016652251365997395, "effort": 0.0014164467520998356, "target_motion": 0.0019066025123667609, "nonfoot_contact": 0.0, "termination": 0.0012024048096192384}, "requested_planar_speed_mps": 0.05000000074505806, "moving_command_rows": 9980, "moving_signed_command_direction_speed_mps": 0.002409180239592734, "nonfoot_event_fraction": 0.0}, "yaw": {"environment_controls": 3315, "time_fraction": 0.10791015625, "task_reward_mean": 0.5233772463248804, "reward_component_means": {"linear_tracking": 0.41296350205625554, "yaw_tracking": 0.11758773124225771, "quiet_joint_rate": 0.0, "quiet_target_motion": 0.0, "tilt": -0.000392005875099914, "roll_pitch_rate": -0.0001447939417873184, "vertical_velocity": -8.637462620229057e-05, "height": -0.0020197758941222907, "effort": -0.001427991212272176, "target_motion": -0.0018964089626614228, "nonfoot_contact": 0.0, "termination": -0.0012066365007541479}, "reward_component_mean_absolute": {"linear_tracking": 0.41296350205625554, "yaw_tracking": 0.11758773124225771, "quiet_joint_rate": 0.0, "quiet_target_motion": 0.0, "tilt": 0.000392005875099914, "roll_pitch_rate": 0.0001447939417873184, "vertical_velocity": 8.637462620229057e-05, "height": 0.0020197758941222907, "effort": 0.001427991212272176, "target_motion": 0.0018964089626614228, "nonfoot_contact": 0.0, "termination": 0.0012066365007541479}, "requested_planar_speed_mps": 0.0, "moving_command_rows": 0, "moving_signed_command_direction_speed_mps": null, "nonfoot_event_fraction": 0.0}, "arc": {"environment_controls": 3061, "time_fraction": 0.09964192708333333, "task_reward_mean": 0.3005953256422423, "reward_component_means": {"linear_tracking": 0.16097638748471008, "yaw_tracking": 0.14812467483983266, "quiet_joint_rate": 0.0, "quiet_target_motion": 0.0, "tilt": -0.0003775866557968753, "roll_pitch_rate": -0.00017610981427223206, "vertical_velocity": -0.00011302806422101252, "height": -0.0015530664232986178, "effort": -0.001591613038451358, "target_motion": -0.002080807831100417, "nonfoot_contact": 0.0, "termination": -0.0026135249918327343}, "reward_component_mean_absolute": {"linear_tracking": 0.16097638748471008, "yaw_tracking": 0.14812467483983266, "quiet_joint_rate": 0.0, "quiet_target_motion": 0.0, "tilt": 0.0003775866557968753, "roll_pitch_rate": 0.00017610981427223206, "vertical_velocity": 0.00011302806422101252, "height": 0.0015530664232986178, "effort": 0.001591613038451358, "target_motion": 0.002080807831100417, "nonfoot_contact": 0.0, "termination": 0.0026135249918327343}, "requested_planar_speed_mps": 0.03999999910593033, "moving_command_rows": 3061, "moving_signed_command_direction_speed_mps": 0.00409029166854507, "nonfoot_event_fraction": 0.0}, "other": {"environment_controls": 0, "time_fraction": 0.0, "task_reward_mean": null, "reward_component_means": {"linear_tracking": null, "yaw_tracking": null, "quiet_joint_rate": null, "quiet_target_motion": null, "tilt": null, "roll_pitch_rate": null, "vertical_velocity": null, "height": null, "effort": null, "target_motion": null, "nonfoot_contact": null, "termination": null}, "reward_component_mean_absolute": {"linear_tracking": null, "yaw_tracking": null, "quiet_joint_rate": null, "quiet_target_motion": null, "tilt": null, "roll_pitch_rate": null, "vertical_velocity": null, "height": null, "effort": null, "target_motion": null, "nonfoot_contact": null, "termination": null}, "requested_planar_speed_mps": null, "moving_command_rows": 0, "moving_signed_command_direction_speed_mps": null, "nonfoot_event_fraction": null}}, "zero_hold_joint_rate_rms_rad_s": [0.49408571194686884, 0.803693423435043, 0.4242783681416682, 0.4443789999376661, 1.0419105789725867, 1.4709807096752396, 0.5937656940836047, 0.7567755289469222, 0.8929472608843972, 0.5449963408515498, 0.8056371817724137, 0.9018472481277648, 0.4872788622128702, 0.7777585220612091, 0.906920993062156, 0.4381304416024165, 0.790557544532449, 1.1674791452937303], "zero_hold_worst_joint_rate_rms_rad_s": 1.4709807096752396, "zero_hold_all_joint_rate_rms_rad_s": 0.8111622237353725, "diagnostic_scope": "Time-weighted 50Hz control endpoints; nonfoot events use each control's maximum 400Hz body/coxa/femur floor force >1N. These are reporting metrics, not Stage2 admission.", "termination_reasons": {"rows": {"height": 0, "tilt": 0, "joint_limit": 13, "timeout": 0}, "multiple_physical_reason_rows": 0, "unattributed_termination_rows": 0, "termination_flag_mismatch_rows": 0, "scope": "Counts returned terminal rows with each measured predicate; reasons may overlap. Timeout counts returned truncations separately."}, "actual_target_slew": {"environment_controls": 30579, "excluded_first_or_reset_rows": 141, "limit_rad_per_control": 0.04, "occupancy_tolerance_rad": 2e-06, "by_joint": {"lf_coxa_yaw": {"at_limit_rows": 7432, "at_limit_fraction": 0.24304261094214985, "beyond_limit_rows": 0}, "lf_femur_pitch": {"at_limit_rows": 6033, "at_limit_fraction": 0.19729225939370157, "beyond_limit_rows": 0}, "lf_tibia_pitch": {"at_limit_rows": 9420, "at_limit_fraction": 0.3080545472383008, "beyond_limit_rows": 0}, "lm_coxa_yaw": {"at_limit_rows": 11951, "at_limit_fraction": 0.390823767945322, "beyond_limit_rows": 0}, "lm_femur_pitch": {"at_limit_rows": 7557, "at_limit_fraction": 0.2471303835965859, "beyond_limit_rows": 0}, "lm_tibia_pitch": {"at_limit_rows": 8537, "at_limit_fraction": 0.2791785212073645, "beyond_limit_rows": 0}, "lr_coxa_yaw": {"at_limit_rows": 10709, "at_limit_fraction": 0.35020765885084537, "beyond_limit_rows": 0}, "lr_femur_pitch": {"at_limit_rows": 7050, "at_limit_fraction": 0.23055037771019327, "beyond_limit_rows": 0}, "lr_tibia_pitch": {"at_limit_rows": 8181, "at_limit_fraction": 0.26753654468753063, "beyond_limit_rows": 0}, "rf_coxa_yaw": {"at_limit_rows": 7297, "at_limit_fraction": 0.2386278164753589, "beyond_limit_rows": 0}, "rf_femur_pitch": {"at_limit_rows": 7748, "at_limit_fraction": 0.2533765002125642, "beyond_limit_rows": 0}, "rf_tibia_pitch": {"at_limit_rows": 7507, "at_limit_fraction": 0.24549527453481146, "beyond_limit_rows": 0}, "rm_coxa_yaw": {"at_limit_rows": 7184, "at_limit_fraction": 0.2349324699957487, "beyond_limit_rows": 0}, "rm_femur_pitch": {"at_limit_rows": 7478, "at_limit_fraction": 0.24454691127898232, "beyond_limit_rows": 0}, "rm_tibia_pitch": {"at_limit_rows": 7494, "at_limit_fraction": 0.24507014617875011, "beyond_limit_rows": 0}, "rr_coxa_yaw": {"at_limit_rows": 7623, "at_limit_fraction": 0.24928872755812811, "beyond_limit_rows": 0}, "rr_femur_pitch": {"at_limit_rows": 8426, "at_limit_fraction": 0.27554857909022534, "beyond_limit_rows": 0}, "rr_tibia_pitch": {"at_limit_rows": 8989, "at_limit_fraction": 0.2939599071258053, "beyond_limit_rows": 0}}}}, "interval_metrics": {"environment_controls": 3072, "signed_navigation_velocity_error_mps": [0.0005017059156671166, 0.0011822737287729979], "absolute_navigation_velocity_error_mps": [0.027082648128271103, 0.026922762393951416], "achieved_planar_speed_mps": 0.028802907094359398, "requested_planar_speed_mps": 0.02899576723575592, "signed_command_direction_speed_mps": 0.0006447697523981333, "moving_command_rows": 2282, "signed_yaw_error_rad_s": 0.0032847661059349775, "absolute_yaw_error_rad_s": 0.09389863908290863, "requested_saturation_fraction": 0.020532678812742233, "terminations": 1, "truncations": 0, "zero_command_rows": 518, "nonfoot_event_rows": 0, "moving_signed_command_direction_speed_mps": 0.0008679808544942083, "nonfoot_event_fraction": 0.0, "task_reward_sum": 1359.7934201147873, "task_reward_mean": 0.442641087276949, "reward_components": {"linear_tracking": {"sum": 869.8270797164975, "absolute_sum": 869.8270797164975, "mean": 0.283146835845214, "mean_absolute": 0.283146835845214}, "yaw_tracking": {"sum": 717.440863263656, "absolute_sum": 717.440863263656, "mean": 0.23354194767697134, "mean_absolute": 0.23354194767697134}, "quiet_joint_rate": {"sum": -147.7124948054552, "absolute_sum": 147.7124948054552, "mean": -0.04808349440281745, "mean_absolute": 0.04808349440281745}, "quiet_target_motion": {"sum": -58.720632784068584, "absolute_sum": 58.720632784068584, "mean": -0.019114789317730658, "mean_absolute": 0.019114789317730658}, "tilt": {"sum": -1.0009235760490625, "absolute_sum": 1.0009235760490625, "mean": -0.00032582147657847087, "mean_absolute": 0.00032582147657847087}, "roll_pitch_rate": {"sum": -0.24073701646300721, "absolute_sum": 0.24073701646300721, "mean": -7.83649142132185e-05, "mean_absolute": 7.83649142132185e-05}, "vertical_velocity": {"sum": -0.10361874705200333, "absolute_sum": 0.10361874705200333, "mean": -3.3730060889324e-05, "mean_absolute": 3.3730060889324e-05}, "height": {"sum": -9.092049868207488, "absolute_sum": 9.092049868207488, "mean": -0.002959651649807125, "mean_absolute": 0.002959651649807125}, "effort": {"sum": -4.131850403791759, "absolute_sum": 4.131850403791759, "mean": -0.0013450033866509632, "mean_absolute": 0.0013450033866509632}, "target_motion": {"sum": -4.472216284790193, "absolute_sum": 4.472216284790193, "mean": -0.0014557995718718075, "mean_absolute": 0.0014557995718718075}, "nonfoot_contact": {"sum": 0.0, "absolute_sum": 0.0, "mean": 0.0, "mean_absolute": 0.0}, "termination": {"sum": -2.0, "absolute_sum": 2.0, "mean": -0.0006510416666666666, "mean_absolute": 0.0006510416666666666}}, "command_classes": {"zero": {"environment_controls": 518, "time_fraction": 0.16861979166666666, "task_reward_mean": 0.28715942407873707, "reward_component_means": {"linear_tracking": 0.4449677475686166, "yaw_tracking": 0.24688050418659355, "quiet_joint_rate": -0.28515925638118766, "quiet_target_motion": -0.11336029494993935, "tilt": -0.0002930530261450049, "roll_pitch_rate": -7.604629171239997e-05, "vertical_velocity": -2.980948322557394e-05, "height": -0.0030304907283051578, "effort": -0.0012867834058753844, "target_motion": -0.001453090626806534, "nonfoot_contact": 0.0, "termination": 0.0}, "reward_component_mean_absolute": {"linear_tracking": 0.4449677475686166, "yaw_tracking": 0.24688050418659355, "quiet_joint_rate": 0.28515925638118766, "quiet_target_motion": 0.11336029494993935, "tilt": 0.0002930530261450049, "roll_pitch_rate": 7.604629171239997e-05, "vertical_velocity": 2.980948322557394e-05, "height": 0.0030304907283051578, "effort": 0.0012867834058753844, "target_motion": 0.001453090626806534, "nonfoot_contact": 0.0, "termination": 0.0}, "requested_planar_speed_mps": 0.0, "moving_command_rows": 0, "moving_signed_command_direction_speed_mps": null, "nonfoot_event_fraction": 0.0}, "linear_0.025": {"environment_controls": 911, "time_fraction": 0.2965494791666667, "task_reward_mean": 0.5971773985883734, "reward_component_means": {"linear_tracking": 0.3533812321104426, "yaw_tracking": 0.25012438107730256, "quiet_joint_rate": 0.0, "quiet_target_motion": 0.0, "tilt": -0.00020426875130773617, "roll_pitch_rate": -5.298900446308644e-05, "vertical_velocity": -2.5163691706805616e-05, "height": -0.003341642962031821, "effort": -0.0013381589044529011, "target_motion": -0.0013659929311368487, "nonfoot_contact": 0.0, "termination": 0.0}, "reward_component_mean_absolute": {"linear_tracking": 0.3533812321104426, "yaw_tracking": 0.25012438107730256, "quiet_joint_rate": 0.0, "quiet_target_motion": 0.0, "tilt": 0.00020426875130773617, "roll_pitch_rate": 5.298900446308644e-05, "vertical_velocity": 2.5163691706805616e-05, "height": 0.003341642962031821, "effort": 0.0013381589044529011, "target_motion": 0.0013659929311368487, "nonfoot_contact": 0.0, "termination": 0.0}, "requested_planar_speed_mps": 0.02500000037252903, "moving_command_rows": 911, "moving_signed_command_direction_speed_mps": 0.0007521156215438433, "nonfoot_event_fraction": 0.0}, "linear_0.05": {"environment_controls": 1146, "time_fraction": 0.373046875, "task_reward_mean": 0.3665816584395986, "reward_component_means": {"linear_tracking": 0.1199542640027642, "yaw_tracking": 0.25270960965100875, "quiet_joint_rate": 0.0, "quiet_target_motion": 0.0, "tilt": -0.0004723689710509822, "roll_pitch_rate": -9.9857486052216e-05, "vertical_velocity": -3.899134550447039e-05, "height": -0.002557559085801836, "effort": -0.0013977929207536573, "target_motion": -0.001515646322930425, "nonfoot_contact": 0.0, "termination": 0.0}, "reward_component_mean_absolute": {"linear_tracking": 0.1199542640027642, "yaw_tracking": 0.25270960965100875, "quiet_joint_rate": 0.0, "quiet_target_motion": 0.0, "tilt": 0.0004723689710509822, "roll_pitch_rate": 9.9857486052216e-05, "vertical_velocity": 3.899134550447039e-05, "height": 0.002557559085801836, "effort": 0.0013977929207536573, "target_motion": 0.001515646322930425, "nonfoot_contact": 0.0, "termination": 0.0}, "requested_planar_speed_mps": 0.05000000074505806, "moving_command_rows": 1146, "moving_signed_command_direction_speed_mps": 0.0009211239768621872, "nonfoot_event_fraction": 0.0}, "yaw": {"environment_controls": 272, "time_fraction": 0.08854166666666667, "task_reward_mean": 0.6094171292258098, "reward_component_means": {"linear_tracking": 0.49576581550097804, "yaw_tracking": 0.12711602775166017, "quiet_joint_rate": 0.0, "quiet_target_motion": 0.0, "tilt": -0.0002514336362080669, "roll_pitch_rate": -6.936915821860702e-05, "vertical_velocity": -1.3679865963271372e-05, "height": -0.003168183859287322, "effort": -0.0011871144663874636, "target_motion": -0.0014219889606679585, "nonfoot_contact": 0.0, "termination": -0.007352941176470588}, "reward_component_mean_absolute": {"linear_tracking": 0.49576581550097804, "yaw_tracking": 0.12711602775166017, "quiet_joint_rate": 0.0, "quiet_target_motion": 0.0, "tilt": 0.0002514336362080669, "roll_pitch_rate": 6.936915821860702e-05, "vertical_velocity": 1.3679865963271372e-05, "height": 0.003168183859287322, "effort": 0.0011871144663874636, "target_motion": 0.0014219889606679585, "nonfoot_contact": 0.0, "termination": 0.007352941176470588}, "requested_planar_speed_mps": 0.0, "moving_command_rows": 0, "moving_signed_command_direction_speed_mps": null, "nonfoot_event_fraction": 0.0}, "arc": {"environment_controls": 225, "time_fraction": 0.0732421875, "task_reward_mean": 0.3606763938079692, "reward_component_means": {"linear_tracking": 0.20038931404403154, "yaw_tracking": 0.16672301655586733, "quiet_joint_rate": 0.0, "quiet_target_motion": 0.0, "tilt": -0.00023692660529592204, "roll_pitch_rate": -8.785317439471838e-05, "vertical_velocity": -7.488136047165889e-05, "height": -0.003045823157686093, "effort": -0.0014287467357806034, "target_motion": -0.0015617070953723871, "nonfoot_contact": 0.0, "termination": 0.0}, "reward_component_mean_absolute": {"linear_tracking": 0.20038931404403154, "yaw_tracking": 0.16672301655586733, "quiet_joint_rate": 0.0, "quiet_target_motion": 0.0, "tilt": 0.00023692660529592204, "roll_pitch_rate": 8.785317439471838e-05, "vertical_velocity": 7.488136047165889e-05, "height": 0.003045823157686093, "effort": 0.0014287467357806034, "target_motion": 0.0015617070953723871, "nonfoot_contact": 0.0, "termination": 0.0}, "requested_planar_speed_mps": 0.03999999910593033, "moving_command_rows": 225, "moving_signed_command_direction_speed_mps": 0.0010664306722012245, "nonfoot_event_fraction": 0.0}, "other": {"environment_controls": 0, "time_fraction": 0.0, "task_reward_mean": null, "reward_component_means": {"linear_tracking": null, "yaw_tracking": null, "quiet_joint_rate": null, "quiet_target_motion": null, "tilt": null, "roll_pitch_rate": null, "vertical_velocity": null, "height": null, "effort": null, "target_motion": null, "nonfoot_contact": null, "termination": null}, "reward_component_mean_absolute": {"linear_tracking": null, "yaw_tracking": null, "quiet_joint_rate": null, "quiet_target_motion": null, "tilt": null, "roll_pitch_rate": null, "vertical_velocity": null, "height": null, "effort": null, "target_motion": null, "nonfoot_contact": null, "termination": null}, "requested_planar_speed_mps": null, "moving_command_rows": 0, "moving_signed_command_direction_speed_mps": null, "nonfoot_event_fraction": null}}, "zero_hold_joint_rate_rms_rad_s": [0.3572213901222688, 0.4145091915193609, 0.5675019734937932, 0.3273929767333275, 0.4985551316538493, 0.6150005911964884, 0.4952036272362942, 0.48457796838990813, 0.5366583913203976, 0.3250881616882473, 0.5157893576998048, 0.6462076525007195, 0.34471646993545635, 0.48712253707553566, 0.7849098279621426, 0.3538071270307176, 0.47413685599471, 0.8529329145675609], "zero_hold_worst_joint_rate_rms_rad_s": 0.8529329145675609, "zero_hold_all_joint_rate_rms_rad_s": 0.5250652662771977, "diagnostic_scope": "Time-weighted 50Hz control endpoints; nonfoot events use each control's maximum 400Hz body/coxa/femur floor force >1N. These are reporting metrics, not Stage2 admission.", "termination_reasons": {"rows": {"height": 0, "tilt": 0, "joint_limit": 1, "timeout": 0}, "multiple_physical_reason_rows": 0, "unattributed_termination_rows": 0, "termination_flag_mismatch_rows": 0, "scope": "Counts returned terminal rows with each measured predicate; reasons may overlap. Timeout counts returned truncations separately."}, "actual_target_slew": {"environment_controls": 3071, "excluded_first_or_reset_rows": 1, "limit_rad_per_control": 0.04, "occupancy_tolerance_rad": 2e-06, "by_joint": {"lf_coxa_yaw": {"at_limit_rows": 838, "at_limit_fraction": 0.2728752849234777, "beyond_limit_rows": 0}, "lf_femur_pitch": {"at_limit_rows": 160, "at_limit_fraction": 0.052100293064148484, "beyond_limit_rows": 0}, "lf_tibia_pitch": {"at_limit_rows": 699, "at_limit_fraction": 0.2276131553239987, "beyond_limit_rows": 0}, "lm_coxa_yaw": {"at_limit_rows": 1072, "at_limit_fraction": 0.34907196352979486, "beyond_limit_rows": 0}, "lm_femur_pitch": {"at_limit_rows": 343, "at_limit_fraction": 0.11169000325626832, "beyond_limit_rows": 0}, "lm_tibia_pitch": {"at_limit_rows": 429, "at_limit_fraction": 0.13969391077824814, "beyond_limit_rows": 0}, "lr_coxa_yaw": {"at_limit_rows": 1007, "at_limit_fraction": 0.32790621947248455, "beyond_limit_rows": 0}, "lr_femur_pitch": {"at_limit_rows": 385, "at_limit_fraction": 0.1253663301856073, "beyond_limit_rows": 0}, "lr_tibia_pitch": {"at_limit_rows": 495, "at_limit_fraction": 0.16118528166720938, "beyond_limit_rows": 0}, "rf_coxa_yaw": {"at_limit_rows": 858, "at_limit_fraction": 0.2793878215564963, "beyond_limit_rows": 0}, "rf_femur_pitch": {"at_limit_rows": 359, "at_limit_fraction": 0.11690003256268316, "beyond_limit_rows": 0}, "rf_tibia_pitch": {"at_limit_rows": 376, "at_limit_fraction": 0.12243568870074895, "beyond_limit_rows": 0}, "rm_coxa_yaw": {"at_limit_rows": 807, "at_limit_fraction": 0.26278085314229893, "beyond_limit_rows": 0}, "rm_femur_pitch": {"at_limit_rows": 346, "at_limit_fraction": 0.1126668837512211, "beyond_limit_rows": 0}, "rm_tibia_pitch": {"at_limit_rows": 350, "at_limit_fraction": 0.11396939107782482, "beyond_limit_rows": 0}, "rr_coxa_yaw": {"at_limit_rows": 885, "at_limit_fraction": 0.2881797460110713, "beyond_limit_rows": 0}, "rr_femur_pitch": {"at_limit_rows": 453, "at_limit_fraction": 0.1475089547378704, "beyond_limit_rows": 0}, "rr_tibia_pitch": {"at_limit_rows": 511, "at_limit_fraction": 0.16639531097362423, "beyond_limit_rows": 0}}}}}
PAPER_PPO {"policy_loss": -0.01833614893257618, "value_loss": 3.122049331665039, "entropy": -15.846141815185547, "estimator_loss": 0.00024504007888026536, "approx_kl": 4.113341667277837e-09, "actor_grad_norm": 25.941757202148438, "critic_grad_norm": 46.222232818603516, "model_grad_norm": 53.00442886352539, "clip_fraction": 0.0, "discriminator_loss": 0.0038587919902056456, "expert_score": 0.998613154888153, "policy_score": -0.9978796064853668, "gradient_penalty": 0.0003975665575126186, "discriminator_expert_loss": 0.0002570136814028956, "discriminator_policy_loss": 0.001613945484859869, "ppo_batches": 1, "discriminator_batches": 20, "target_kl": 0.02, "kl_initial": 2.8923968616612984e-11, "kl_final": 0.01950116935752426, "kl_max": 0.01950116935752426, "kl_max_step_increase": 0.01950116932860029, "kl_after_model_steps": [0.01950116935752426], "early_stopped": true, "final_full_rollout_k3": 0.01831507682800293, "stop_reason": "backtracking_exhausted", "learning_rate": 0.0001, "discriminator_learning_rate": 0.0003, "rollback_kl_steps": true, "model_proposals": 2, "accepted_model_steps": 1, "rejected_model_trials": 4, "model_trial_attempts": [{"proposal": 1, "retry": 0, "learning_rate": 0.0001, "kl": 0.01950116935752426, "accepted": true}, {"proposal": 2, "retry": 0, "learning_rate": 0.0001, "kl": 0.028655267131838597, "accepted": false}, {"proposal": 2, "retry": 1, "learning_rate": 5e-05, "kl": 0.02286422316525912, "accepted": false}, {"proposal": 2, "retry": 2, "learning_rate": 2.5e-05, "kl": 0.02087942562829824, "accepted": false}, {"proposal": 2, "retry": 3, "learning_rate": 1.25e-05, "kl": 0.020114446862021157, "accepted": false}], "consecutive_zero_accepted_updates": 0, "empirical_kl_scope": "Mean whole-actor KL on the fixed collected rollout; no bound on physical motion or unseen states.", "normalizer_policy_kl": 0.0, "normalizer_policy_kl_samples": 128, "normalizer_policy_kl_scope": "Same current observations and weights, before/after statistics update; reporting only", "update": 211, "transitions": 648192, "episodes": 636, "optimizer_steps": 626, "discriminator_steps": 4220, "reward": 0.4883679747581482, "task_reward": 0.45319420099258423, "style_reward": 0.035173773765563965, "action_std": 0.10033265501260757, "raw_action_abs_mean": 0.8524489402770996, "raw_action_clip_fraction": 0.5069987177848816, "return_mean": 43.52385711669922, "return_std": 2.0985450744628906, "explained_variance": -0.09496212005615234, "terminated": 0, "truncated": 0, "elapsed_s": 36.10225997213274, "transitions_per_s": 17954.33306669272, "allocation_new_transitions": 33792, "allocation_new_transitions_per_s": 936.0078849934595}
PAPER_TASK {"schema": "canonical_paper_walking_task_v1", "reward_version": "canonical_quiet_quadratic_log_tail_v2", "controls_completed": 264, "command_draws": 276, "zero_command_draws": 42, "zero_draw_fraction": 0.15217391304347827, "remaining_controls": [51, 45, 71, 122, 45, 47, 5, 9, 202, 183, 79, 69, 5, 44, 92, 89, 129, 145, 32, 106, 99, 176, 152, 47, 55, 113, 52, 174, 11, 12, 12, 47, 202, 120, 215, 185, 37, 155, 80, 137, 77, 194, 157, 95, 152, 100, 150, 151, 39, 214, 59, 65, 47, 105, 107, 93, 144, 182, 114, 178, 79, 86, 69, 130, 161, 231, 64, 217, 108, 94, 204, 132, 5, 39, 168, 26, 78, 13, 8, 26, 146, 56, 38, 7, 54, 113, 35, 9, 143, 20, 44, 168, 144, 132, 92, 89, 87, 119, 84, 174, 201, 59, 133, 214, 69, 46, 53, 210, 95, 194, 110, 50, 179, 172, 78, 163, 41, 59, 9, 146, 159, 25, 144, 127, 117, 74, 56, 73], "commands": [[0.02500000037252903, 0.0, 0.0], [0.03999999910593033, 0.0, 0.15000000596046448], [0.05000000074505806, 0.0, 0.0], [0.0, 0.0, 0.0], [-9.184851394388759e-18, -0.05000000074505806, 0.0], [-0.02500000037252903, 3.0616169246677665e-18, 0.0], [0.0, 0.0, 0.0], [-9.184851394388759e-18, -0.05000000074505806, 0.0], [-0.02500000037252903, 3.0616169246677665e-18, 0.0], [-0.01767767034471035, 0.01767767034471035, 0.0], [0.0, 0.0, 0.0], [1.5308084623338832e-18, 0.02500000037252903, 0.0], [0.01767767034471035, 0.01767767034471035, 0.0], [0.0, 0.0, 0.0], [3.0616169246677665e-18, 0.05000000074505806, 0.0], [0.0353553406894207, 0.0353553406894207, 0.0], [1.5308084623338832e-18, 0.02500000037252903, 0.0], [0.0, 0.0, -0.20000000298023224], [0.03999999910593033, 0.0, -0.15000000596046448], [0.0, 0.0, 0.0], [0.0353553406894207, -0.0353553406894207, 0.0], [0.0353553406894207, 0.0353553406894207, 0.0], [0.0, 0.0, -0.20000000298023224], [0.0, 0.0, -0.20000000298023224], [0.0, 0.0, 0.0], [0.05000000074505806, 0.0, 0.0], [0.0, 0.0, 0.0], [-0.0353553406894207, -0.0353553406894207, 0.0], [-0.05000000074505806, 6.123233849335533e-18, 0.0], [-9.184851394388759e-18, -0.05000000074505806, 0.0], [-9.184851394388759e-18, -0.05000000074505806, 0.0], [0.03999999910593033, 0.0, -0.15000000596046448], [0.03999999910593033, 0.0, 0.15000000596046448], [-0.0353553406894207, 0.0353553406894207, 0.0], [0.0, 0.0, 0.0], [-0.02500000037252903, 3.0616169246677665e-18, 0.0], [0.0, 0.0, 0.0], [0.05000000074505806, 0.0, 0.0], [3.0616169246677665e-18, 0.05000000074505806, 0.0], [-0.0353553406894207, -0.0353553406894207, 0.0], [0.0, 0.0, 0.0], [1.5308084623338832e-18, 0.02500000037252903, 0.0], [0.0, 0.0, 0.0], [-9.184851394388759e-18, -0.05000000074505806, 0.0], [-0.05000000074505806, 6.123233849335533e-18, 0.0], [0.0, 0.0, 0.0], [-0.01767767034471035, -0.01767767034471035, 0.0], [0.0, 0.0, 0.0], [0.0, 0.0, -0.20000000298023224], [0.03999999910593033, 0.0, 0.15000000596046448], [-0.01767767034471035, 0.01767767034471035, 0.0], [0.03999999910593033, 0.0, -0.15000000596046448], [-0.02500000037252903, 3.0616169246677665e-18, 0.0], [-0.0353553406894207, -0.0353553406894207, 0.0], [1.5308084623338832e-18, 0.02500000037252903, 0.0], [0.02500000037252903, 0.0, 0.0], [0.0, 0.0, 0.0], [-0.02500000037252903, 3.0616169246677665e-18, 0.0], [0.0, 0.0, 0.0], [-0.01767767034471035, 0.01767767034471035, 0.0], [-0.01767767034471035, -0.01767767034471035, 0.0], [0.01767767034471035, 0.01767767034471035, 0.0], [-0.01767767034471035, -0.01767767034471035, 0.0], [0.0, 0.0, -0.20000000298023224], [-0.0353553406894207, -0.0353553406894207, 0.0], [-0.02500000037252903, 3.0616169246677665e-18, 0.0], [-0.0353553406894207, 0.0353553406894207, 0.0], [1.5308084623338832e-18, 0.02500000037252903, 0.0], [3.0616169246677665e-18, 0.05000000074505806, 0.0], [-0.05000000074505806, 6.123233849335533e-18, 0.0], [-0.01767767034471035, 0.01767767034471035, 0.0], [-0.0353553406894207, 0.0353553406894207, 0.0], [0.0353553406894207, -0.0353553406894207, 0.0], [0.02500000037252903, 0.0, 0.0], [0.0, 0.0, 0.0], [0.05000000074505806, 0.0, 0.0], [0.0353553406894207, 0.0353553406894207, 0.0], [0.01767767034471035, -0.01767767034471035, 0.0], [-0.0353553406894207, 0.0353553406894207, 0.0], [3.0616169246677665e-18, 0.05000000074505806, 0.0], [-4.5924256971943795e-18, -0.02500000037252903, 0.0], [-9.184851394388759e-18, -0.05000000074505806, 0.0], [1.5308084623338832e-18, 0.02500000037252903, 0.0], [-9.184851394388759e-18, -0.05000000074505806, 0.0], [-4.5924256971943795e-18, -0.02500000037252903, 0.0], [-0.01767767034471035, 0.01767767034471035, 0.0], [3.0616169246677665e-18, 0.05000000074505806, 0.0], [0.0, 0.0, 0.0], [0.03999999910593033, 0.0, 0.15000000596046448], [-0.02500000037252903, 3.0616169246677665e-18, 0.0], [0.0353553406894207, 0.0353553406894207, 0.0], [-0.05000000074505806, 6.123233849335533e-18, 0.0], [0.0, 0.0, 0.20000000298023224], [0.0353553406894207, -0.0353553406894207, 0.0], [-0.0353553406894207, 0.0353553406894207, 0.0], [3.0616169246677665e-18, 0.05000000074505806, 0.0], [0.0, 0.0, 0.0], [-0.02500000037252903, 3.0616169246677665e-18, 0.0], [-0.05000000074505806, 6.123233849335533e-18, 0.0], [0.0, 0.0, -0.20000000298023224], [0.01767767034471035, 0.01767767034471035, 0.0], [0.0353553406894207, -0.0353553406894207, 0.0], [-0.02500000037252903, 3.0616169246677665e-18, 0.0], [-0.0353553406894207, 0.0353553406894207, 0.0], [1.5308084623338832e-18, 0.02500000037252903, 0.0], [0.01767767034471035, 0.01767767034471035, 0.0], [0.0, 0.0, 0.0], [-0.05000000074505806, 6.123233849335533e-18, 0.0], [0.03999999910593033, 0.0, -0.15000000596046448], [0.01767767034471035, 0.01767767034471035, 0.0], [3.0616169246677665e-18, 0.05000000074505806, 0.0], [0.03999999910593033, 0.0, -0.15000000596046448], [0.01767767034471035, 0.01767767034471035, 0.0], [0.01767767034471035, 0.01767767034471035, 0.0], [0.0, 0.0, 0.20000000298023224], [-4.5924256971943795e-18, -0.02500000037252903, 0.0], [0.0, 0.0, 0.0], [0.01767767034471035, -0.01767767034471035, 0.0], [-0.0353553406894207, -0.0353553406894207, 0.0], [0.03999999910593033, 0.0, -0.15000000596046448], [1.5308084623338832e-18, 0.02500000037252903, 0.0], [-0.01767767034471035, 0.01767767034471035, 0.0], [0.0, 0.0, 0.20000000298023224], [3.0616169246677665e-18, 0.05000000074505806, 0.0], [-4.5924256971943795e-18, -0.02500000037252903, 0.0], [-0.01767767034471035, -0.01767767034471035, 0.0], [-0.02500000037252903, 3.0616169246677665e-18, 0.0], [-0.05000000074505806, 6.123233849335533e-18, 0.0]], "stage2_complete": false, "proximity": {"checks": 571, "minimum_sphere_gap_m": 0.99067622423172, "failure": null, "collision_filter_present": false}, "cumulative_metrics": {"environment_controls": 33792, "signed_navigation_velocity_error_mps": [-0.0034570705611258745, -0.0004330255906097591], "absolute_navigation_velocity_error_mps": [0.03282175213098526, 0.02984515205025673], "achieved_planar_speed_mps": 0.03799354285001755, "requested_planar_speed_mps": 0.02789403311908245, "signed_command_direction_speed_mps": 0.0014783291844651103, "moving_command_rows": 24683, "signed_yaw_error_rad_s": -0.028968913480639458, "absolute_yaw_error_rad_s": 0.12258100509643555, "requested_saturation_fraction": 0.023307621479034424, "terminations": 13, "truncations": 0, "zero_command_rows": 5559, "nonfoot_event_rows": 0, "moving_signed_command_direction_speed_mps": 0.002023890296886051, "nonfoot_event_fraction": 0.0, "task_reward_sum": 12943.788499403803, "task_reward_mean": 0.3830429835287584, "reward_components": {"linear_tracking": {"sum": 8523.15176400428, "absolute_sum": 8523.15176400428, "mean": 0.2522239513495585, "mean_absolute": 0.2522239513495585}, "yaw_tracking": {"sum": 7170.708062631283, "absolute_sum": 7170.708062631283, "mean": 0.2122013512852534, "mean_absolute": 0.2122013512852534}, "quiet_joint_rate": {"sum": -1859.8558448776603, "absolute_sum": 1859.8558448776603, "mean": -0.055038347682222426, "mean_absolute": 0.055038347682222426}, "quiet_target_motion": {"sum": -667.8465451598167, "absolute_sum": 667.8465451598167, "mean": -0.019763451265382835, "mean_absolute": 0.019763451265382835}, "tilt": {"sum": -13.27173379443929, "absolute_sum": 13.27173379443929, "mean": -0.0003927478040494582, "mean_absolute": 0.0003927478040494582}, "roll_pitch_rate": {"sum": -5.113281099122632, "absolute_sum": 5.113281099122632, "mean": -0.0001513163204049074, "mean_absolute": 0.0001513163204049074}, "vertical_velocity": {"sum": -3.036049171230776, "absolute_sum": 3.036049171230776, "mean": -8.984520511454711e-05, "mean_absolute": 8.984520511454711e-05}, "height": {"sum": -62.94632878314968, "absolute_sum": 62.94632878314968, "mean": -0.0018627583091604429, "mean_absolute": 0.0018627583091604429}, "effort": {"sum": -47.66731315398647, "absolute_sum": 47.66731315398647, "mean": -0.0014106094091496943, "mean_absolute": 0.0014106094091496943}, "target_motion": {"sum": -64.33423258919356, "absolute_sum": 64.33423258919356, "mean": -0.0019038302731177073, "mean_absolute": 0.0019038302731177073}, "nonfoot_contact": {"sum": 0.0, "absolute_sum": 0.0, "mean": 0.0, "mean_absolute": 0.0}, "termination": {"sum": -26.0, "absolute_sum": 26.0, "mean": -0.0007694128787878788, "mean_absolute": 0.0007694128787878788}}, "command_classes": {"zero": {"environment_controls": 5559, "time_fraction": 0.16450639204545456, "task_reward_mean": 0.13930088121817463, "reward_component_means": {"linear_tracking": 0.37037820384618025, "yaw_tracking": 0.22919756158217824, "quiet_joint_rate": -0.3345666207730995, "quiet_target_motion": -0.1201378926353331, "tilt": -0.00035843213080650186, "roll_pitch_rate": -0.0001752181987242349, "vertical_velocity": -0.0001073448100806339, "height": -0.0014931870870299436, "effort": -0.0013832208572573574, "target_motion": -0.0020529670462190275, "nonfoot_contact": 0.0, "termination": 0.0}, "reward_component_mean_absolute": {"linear_tracking": 0.37037820384618025, "yaw_tracking": 0.22919756158217824, "quiet_joint_rate": 0.3345666207730995, "quiet_target_motion": 0.1201378926353331, "tilt": 0.00035843213080650186, "roll_pitch_rate": 0.0001752181987242349, "vertical_velocity": 0.0001073448100806339, "height": 0.0014931870870299436, "effort": 0.0013832208572573574, "target_motion": 0.0020529670462190275, "nonfoot_contact": 0.0, "termination": 0.0}, "requested_planar_speed_mps": 0.0, "moving_command_rows": 0, "moving_signed_command_direction_speed_mps": null, "nonfoot_event_fraction": 0.0}, "linear_0.025": {"environment_controls": 10345, "time_fraction": 0.30613754734848486, "task_reward_mean": 0.5233374116948701, "reward_component_means": {"linear_tracking": 0.298461027296418, "yaw_tracking": 0.23095298670299447, "quiet_joint_rate": 0.0, "quiet_target_motion": 0.0, "tilt": -0.00031041207430452996, "roll_pitch_rate": -0.00013987148461765147, "vertical_velocity": -9.06372924656723e-05, "height": -0.002123689916226326, "effort": -0.0013728025497500055, "target_motion": -0.001845859035164752, "nonfoot_contact": 0.0, "termination": -0.00019333011116481392}, "reward_component_mean_absolute": {"linear_tracking": 0.298461027296418, "yaw_tracking": 0.23095298670299447, "quiet_joint_rate": 0.0, "quiet_target_motion": 0.0, "tilt": 0.00031041207430452996, "roll_pitch_rate": 0.00013987148461765147, "vertical_velocity": 9.06372924656723e-05, "height": 0.002123689916226326, "effort": 0.0013728025497500055, "target_motion": 0.001845859035164752, "nonfoot_contact": 0.0, "termination": 0.00019333011116481392}, "requested_planar_speed_mps": 0.02500000037252903, "moving_command_rows": 10345, "moving_signed_command_direction_speed_mps": 0.0012709669155723806, "nonfoot_event_fraction": 0.0}, "linear_0.05": {"environment_controls": 11045, "time_fraction": 0.32685250946969696, "task_reward_mean": 0.3493859007208675, "reward_component_means": {"linear_tracking": 0.12117188684892072, "yaw_tracking": 0.23508273645228087, "quiet_joint_rate": 0.0, "quiet_target_motion": 0.0, "tilt": -0.0004998310420839094, "roll_pitch_rate": -0.0001490660017896014, "vertical_velocity": -7.821583681313357e-05, "height": -0.001778580096025929, "effort": -0.001414428423353948, "target_motion": -0.0018621369381277115, "nonfoot_contact": 0.0, "termination": -0.001086464463558171}, "reward_component_mean_absolute": {"linear_tracking": 0.12117188684892072, "yaw_tracking": 0.23508273645228087, "quiet_joint_rate": 0.0, "quiet_target_motion": 0.0, "tilt": 0.0004998310420839094, "roll_pitch_rate": 0.0001490660017896014, "vertical_velocity": 7.821583681313357e-05, "height": 0.001778580096025929, "effort": 0.001414428423353948, "target_motion": 0.0018621369381277115, "nonfoot_contact": 0.0, "termination": 0.001086464463558171}, "requested_planar_speed_mps": 0.05000000074505806, "moving_command_rows": 11045, "moving_signed_command_direction_speed_mps": 0.0021890181903889768, "nonfoot_event_fraction": 0.0}, "yaw": {"environment_controls": 3550, "time_fraction": 0.10505445075757576, "task_reward_mean": 0.5332988406986024, "reward_component_means": {"linear_tracking": 0.42238730779523104, "yaw_tracking": 0.1180042860979233, "quiet_joint_rate": 0.0, "quiet_target_motion": 0.0, "tilt": -0.0003806995703317272, "roll_pitch_rate": -0.00014021686678149413, "vertical_velocity": -8.185397609891256e-05, "height": -0.002096838438176956, "effort": -0.0014079967936608303, "target_motion": -0.0018583871423665263, "nonfoot_contact": 0.0, "termination": -0.0011267605633802818}, "reward_component_mean_absolute": {"linear_tracking": 0.42238730779523104, "yaw_tracking": 0.1180042860979233, "quiet_joint_rate": 0.0, "quiet_target_motion": 0.0, "tilt": 0.0003806995703317272, "roll_pitch_rate": 0.00014021686678149413, "vertical_velocity": 8.185397609891256e-05, "height": 0.002096838438176956, "effort": 0.0014079967936608303, "target_motion": 0.0018583871423665263, "nonfoot_contact": 0.0, "termination": 0.0011267605633802818}, "requested_planar_speed_mps": 0.0, "moving_command_rows": 0, "moving_signed_command_direction_speed_mps": null, "nonfoot_event_fraction": 0.0}, "arc": {"environment_controls": 3293, "time_fraction": 0.09744910037878787, "task_reward_mean": 0.3046799935580076, "reward_component_means": {"linear_tracking": 0.1636263493843063, "yaw_tracking": 0.14940362301561053, "quiet_joint_rate": 0.0, "quiet_target_motion": 0.0, "tilt": -0.00036315801278808795, "roll_pitch_rate": -0.00016643448442288294, "vertical_velocity": -0.000105436091309733, "height": -0.0016969134427131216, "effort": -0.001565622677767601, "target_motion": -0.002023018592001484, "nonfoot_contact": 0.0, "termination": -0.0024293956878226543}, "reward_component_mean_absolute": {"linear_tracking": 0.1636263493843063, "yaw_tracking": 0.14940362301561053, "quiet_joint_rate": 0.0, "quiet_target_motion": 0.0, "tilt": 0.00036315801278808795, "roll_pitch_rate": 0.00016643448442288294, "vertical_velocity": 0.000105436091309733, "height": 0.0016969134427131216, "effort": 0.001565622677767601, "target_motion": 0.002023018592001484, "nonfoot_contact": 0.0, "termination": 0.0024293956878226543}, "requested_planar_speed_mps": 0.03999999910593033, "moving_command_rows": 3293, "moving_signed_command_direction_speed_mps": 0.003835355464195527, "nonfoot_event_fraction": 0.0}, "other": {"environment_controls": 0, "time_fraction": 0.0, "task_reward_mean": null, "reward_component_means": {"linear_tracking": null, "yaw_tracking": null, "quiet_joint_rate": null, "quiet_target_motion": null, "tilt": null, "roll_pitch_rate": null, "vertical_velocity": null, "height": null, "effort": null, "target_motion": null, "nonfoot_contact": null, "termination": null}, "reward_component_mean_absolute": {"linear_tracking": null, "yaw_tracking": null, "quiet_joint_rate": null, "quiet_target_motion": null, "tilt": null, "roll_pitch_rate": null, "vertical_velocity": null, "height": null, "effort": null, "target_motion": null, "nonfoot_contact": null, "termination": null}, "requested_planar_speed_mps": null, "moving_command_rows": 0, "moving_signed_command_direction_speed_mps": null, "nonfoot_event_fraction": null}}, "zero_hold_joint_rate_rms_rad_s": [0.48333096390288105, 0.7802074783077324, 0.4145630332030582, 0.4350194230641417, 1.0142471606290575, 1.4341137341455665, 0.5781026079849612, 0.7404363971022705, 0.9072997115289497, 0.5304264680103489, 0.7857939366841702, 0.8771474340335987, 0.4786050004903534, 0.7607493847568016, 0.8721025142622374, 0.4322721976219749, 0.7735318614732996, 1.2075680436330767], "zero_hold_worst_joint_rate_rms_rad_s": 1.4341137341455665, "zero_hold_all_joint_rate_rms_rad_s": 0.7984174069838145, "diagnostic_scope": "Time-weighted 50Hz control endpoints; nonfoot events use each control's maximum 400Hz body/coxa/femur floor force >1N. These are reporting metrics, not Stage2 admission.", "termination_reasons": {"rows": {"height": 0, "tilt": 0, "joint_limit": 13, "timeout": 0}, "multiple_physical_reason_rows": 0, "unattributed_termination_rows": 0, "termination_flag_mismatch_rows": 0, "scope": "Counts returned terminal rows with each measured predicate; reasons may overlap. Timeout counts returned truncations separately."}, "actual_target_slew": {"environment_controls": 33651, "excluded_first_or_reset_rows": 141, "limit_rad_per_control": 0.04, "occupancy_tolerance_rad": 2e-06, "by_joint": {"lf_coxa_yaw": {"at_limit_rows": 8305, "at_limit_fraction": 0.24679801491783304, "beyond_limit_rows": 0}, "lf_femur_pitch": {"at_limit_rows": 6172, "at_limit_fraction": 0.18341208285043534, "beyond_limit_rows": 0}, "lf_tibia_pitch": {"at_limit_rows": 10080, "at_limit_fraction": 0.29954533297673175, "beyond_limit_rows": 0}, "lm_coxa_yaw": {"at_limit_rows": 13044, "at_limit_fraction": 0.38762592493536596, "beyond_limit_rows": 0}, "lm_femur_pitch": {"at_limit_rows": 7857, "at_limit_fraction": 0.23348488900775607, "beyond_limit_rows": 0}, "lm_tibia_pitch": {"at_limit_rows": 8908, "at_limit_fraction": 0.2647172446584054, "beyond_limit_rows": 0}, "lr_coxa_yaw": {"at_limit_rows": 11700, "at_limit_fraction": 0.3476865472051351, "beyond_limit_rows": 0}, "lr_femur_pitch": {"at_limit_rows": 7358, "at_limit_fraction": 0.2186562063534516, "beyond_limit_rows": 0}, "lr_tibia_pitch": {"at_limit_rows": 8662, "at_limit_fraction": 0.2574069121274256, "beyond_limit_rows": 0}, "rf_coxa_yaw": {"at_limit_rows": 8157, "at_limit_fraction": 0.24239992867968263, "beyond_limit_rows": 0}, "rf_femur_pitch": {"at_limit_rows": 8075, "at_limit_fraction": 0.23996315116935604, "beyond_limit_rows": 0}, "rf_tibia_pitch": {"at_limit_rows": 7832, "at_limit_fraction": 0.23274196903509553, "beyond_limit_rows": 0}, "rm_coxa_yaw": {"at_limit_rows": 8049, "at_limit_fraction": 0.23919051439778907, "beyond_limit_rows": 0}, "rm_femur_pitch": {"at_limit_rows": 7810, "at_limit_fraction": 0.23208819945915427, "beyond_limit_rows": 0}, "rm_tibia_pitch": {"at_limit_rows": 7759, "at_limit_fraction": 0.23057264271492675, "beyond_limit_rows": 0}, "rr_coxa_yaw": {"at_limit_rows": 8488, "at_limit_fraction": 0.25223618911770823, "beyond_limit_rows": 0}, "rr_femur_pitch": {"at_limit_rows": 8843, "at_limit_fraction": 0.262785652729488, "beyond_limit_rows": 0}, "rr_tibia_pitch": {"at_limit_rows": 9451, "at_limit_fraction": 0.2808534664645924, "beyond_limit_rows": 0}}}}, "interval_metrics": {"environment_controls": 3072, "signed_navigation_velocity_error_mps": [0.0007355220150202513, -0.0003943738993257284], "absolute_navigation_velocity_error_mps": [0.027685195207595825, 0.025575226172804832], "achieved_planar_speed_mps": 0.028327520936727524, "requested_planar_speed_mps": 0.02911132574081421, "signed_command_direction_speed_mps": 2.030587893386837e-05, "moving_command_rows": 2373, "signed_yaw_error_rad_s": 0.006574125960469246, "absolute_yaw_error_rad_s": 0.09338156878948212, "requested_saturation_fraction": 0.017833566293120384, "terminations": 0, "truncations": 0, "zero_command_rows": 464, "nonfoot_event_rows": 0, "moving_signed_command_direction_speed_mps": 2.6287224299049797e-05, "nonfoot_event_fraction": 0.0, "task_reward_sum": 1392.2125523354043, "task_reward_mean": 0.4531941902133478, "reward_components": {"linear_tracking": {"sum": 883.2708392025016, "absolute_sum": 883.2708392025016, "mean": 0.287523059636231, "mean_absolute": 0.287523059636231}, "yaw_tracking": {"sum": 714.6678305178177, "absolute_sum": 714.6678305178177, "mean": 0.23263926774668545, "mean_absolute": 0.23263926774668545}, "quiet_joint_rate": {"sum": -133.8099002018571, "absolute_sum": 133.8099002018571, "mean": -0.043557910221958686, "mean_absolute": 0.043557910221958686}, "quiet_target_motion": {"sum": -52.75330197811127, "absolute_sum": 52.75330197811127, "mean": -0.01717229882099976, "mean_absolute": 0.01717229882099976}, "tilt": {"sum": -0.898376248660917, "absolute_sum": 0.898376248660917, "mean": -0.0002924401851109756, "mean_absolute": 0.0002924401851109756}, "roll_pitch_rate": {"sum": -0.22287639685537286, "absolute_sum": 0.22287639685537286, "mean": -7.255091043469168e-05, "mean_absolute": 7.255091043469168e-05}, "vertical_velocity": {"sum": -0.08985274702694376, "absolute_sum": 0.08985274702694376, "mean": -2.9248941089499923e-05, "mean_absolute": 2.9248941089499923e-05}, "height": {"sum": -9.548099290918358, "absolute_sum": 9.548099290918358, "mean": -0.0031081052379291533, "mean_absolute": 0.0031081052379291533}, "effort": {"sum": -4.078092257987009, "absolute_sum": 4.078092257987009, "mean": -0.0013275039902301462, "mean_absolute": 0.0013275039902301462}, "target_motion": {"sum": -4.325619446026394, "absolute_sum": 4.325619446026394, "mean": -0.0014080792467533836, "mean_absolute": 0.0014080792467533836}, "nonfoot_contact": {"sum": 0.0, "absolute_sum": 0.0, "mean": 0.0, "mean_absolute": 0.0}, "termination": {"sum": 0.0, "absolute_sum": 0.0, "mean": 0.0, "mean_absolute": 0.0}}, "command_classes": {"zero": {"environment_controls": 464, "time_fraction": 0.15104166666666666, "task_reward_mean": 0.2837157882179248, "reward_component_means": {"linear_tracking": 0.44613605398400724, "yaw_tracking": 0.24591438890770248, "quiet_joint_rate": -0.2883834056074506, "quiet_target_motion": -0.11369246115972256, "tilt": -0.0003141671545115982, "roll_pitch_rate": -9.032520871997647e-05, "vertical_velocity": -4.3807205638040805e-05, "height": -0.0029809546121413915, "effort": -0.001334137649635146, "target_motion": -0.001495396169737997, "nonfoot_contact": 0.0, "termination": 0.0}, "reward_component_mean_absolute": {"linear_tracking": 0.44613605398400724, "yaw_tracking": 0.24591438890770248, "quiet_joint_rate": 0.2883834056074506, "quiet_target_motion": 0.11369246115972256, "tilt": 0.0003141671545115982, "roll_pitch_rate": 9.032520871997647e-05, "vertical_velocity": 4.3807205638040805e-05, "height": 0.0029809546121413915, "effort": 0.001334137649635146, "target_motion": 0.001495396169737997, "nonfoot_contact": 0.0, "termination": 0.0}, "requested_planar_speed_mps": 0.0, "moving_command_rows": 0, "moving_signed_command_direction_speed_mps": null, "nonfoot_event_fraction": 0.0}, "linear_0.025": {"environment_controls": 1076, "time_fraction": 0.3502604166666667, "task_reward_mean": 0.5773610578725273, "reward_component_means": {"linear_tracking": 0.3380620775841328, "yaw_tracking": 0.24560048372932505, "quiet_joint_rate": 0.0, "quiet_target_motion": 0.0, "tilt": -0.00019605844823622075, "roll_pitch_rate": -5.70387414317398e-05, "vertical_velocity": -3.44378891562768e-05, "height": -0.0033059916746224173, "effort": -0.001323943608332266, "target_motion": -0.0013840335673109677, "nonfoot_contact": 0.0, "termination": 0.0}, "reward_component_mean_absolute": {"linear_tracking": 0.3380620775841328, "yaw_tracking": 0.24560048372932505, "quiet_joint_rate": 0.0, "quiet_target_motion": 0.0, "tilt": 0.00019605844823622075, "roll_pitch_rate": 5.70387414317398e-05, "vertical_velocity": 3.44378891562768e-05, "height": 0.0033059916746224173, "effort": 0.001323943608332266, "target_motion": 0.0013840335673109677, "nonfoot_contact": 0.0, "termination": 0.0}, "requested_planar_speed_mps": 0.02500000037252903, "moving_command_rows": 1076, "moving_signed_command_direction_speed_mps": -0.0001683552831120161, "nonfoot_event_fraction": 0.0}, "linear_0.05": {"environment_controls": 1065, "time_fraction": 0.3466796875, "task_reward_mean": 0.37363726612466863, "reward_component_means": {"linear_tracking": 0.12763862430515394, "yaw_tracking": 0.252215066748046, "quiet_joint_rate": 0.0, "quiet_target_motion": 0.0, "tilt": -0.00042213447626949016, "roll_pitch_rate": -8.715233658418482e-05, "vertical_velocity": -2.5351325338742988e-05, "height": -0.0028408171806018705, "effort": -0.0013955148826178356, "target_motion": -0.0014454548433805627, "nonfoot_contact": 0.0, "termination": 0.0}, "reward_component_mean_absolute": {"linear_tracking": 0.12763862430515394, "yaw_tracking": 0.252215066748046, "quiet_joint_rate": 0.0, "quiet_target_motion": 0.0, "tilt": 0.00042213447626949016, "roll_pitch_rate": 8.715233658418482e-05, "vertical_velocity": 2.5351325338742988e-05, "height": 0.0028408171806018705, "effort": 0.0013955148826178356, "target_motion": 0.0014454548433805627, "nonfoot_contact": 0.0, "termination": 0.0}, "requested_planar_speed_mps": 0.05000000074505806, "moving_command_rows": 1065, "moving_signed_command_direction_speed_mps": 0.0001259034006673834, "nonfoot_event_fraction": 0.0}, "yaw": {"environment_controls": 235, "time_fraction": 0.07649739583333333, "task_reward_mean": 0.6732566506938732, "reward_component_means": {"linear_tracking": 0.5553231206663112, "yaw_tracking": 0.12388036842358874, "quiet_joint_rate": 0.0, "quiet_target_motion": 0.0, "tilt": -0.0002212085051975173, "roll_pitch_rate": -7.56508938269946e-05, "vertical_velocity": -1.8083954427856727e-05, "height": -0.003183912197926806, "effort": -0.0011259478672922768, "target_motion": -0.0013220367837385176, "nonfoot_contact": 0.0, "termination": 0.0}, "reward_component_mean_absolute": {"linear_tracking": 0.5553231206663112, "yaw_tracking": 0.12388036842358874, "quiet_joint_rate": 0.0, "quiet_target_motion": 0.0, "tilt": 0.0002212085051975173, "roll_pitch_rate": 7.56508938269946e-05, "vertical_velocity": 1.8083954427856727e-05, "height": 0.003183912197926806, "effort": 0.0011259478672922768, "target_motion": 0.0013220367837385176, "nonfoot_contact": 0.0, "termination": 0.0}, "requested_planar_speed_mps": 0.0, "moving_command_rows": 0, "moving_signed_command_direction_speed_mps": null, "nonfoot_event_fraction": 0.0}, "arc": {"environment_controls": 232, "time_fraction": 0.07552083333333333, "task_reward_mean": 0.35857296118799775, "reward_component_means": {"linear_tracking": 0.19858985530958237, "yaw_tracking": 0.1662780211451624, "quiet_joint_rate": 0.0, "quiet_target_motion": 0.0, "tilt": -0.00017278699446956173, "roll_pitch_rate": -3.877851602263443e-05, "vertical_velocity": -5.267862510480127e-06, "height": -0.0035948260566260343, "effort": -0.0012227067551254455, "target_motion": -0.001260549364062548, "nonfoot_contact": 0.0, "termination": 0.0}, "reward_component_mean_absolute": {"linear_tracking": 0.19858985530958237, "yaw_tracking": 0.1662780211451624, "quiet_joint_rate": 0.0, "quiet_target_motion": 0.0, "tilt": 0.00017278699446956173, "roll_pitch_rate": 3.877851602263443e-05, "vertical_velocity": 5.267862510480127e-06, "height": 0.0035948260566260343, "effort": 0.0012227067551254455, "target_motion": 0.001260549364062548, "nonfoot_contact": 0.0, "termination": 0.0}, "requested_planar_speed_mps": 0.03999999910593033, "moving_command_rows": 232, "moving_signed_command_direction_speed_mps": 0.0004717359749112551, "nonfoot_event_fraction": 0.0}, "other": {"environment_controls": 0, "time_fraction": 0.0, "task_reward_mean": null, "reward_component_means": {"linear_tracking": null, "yaw_tracking": null, "quiet_joint_rate": null, "quiet_target_motion": null, "tilt": null, "roll_pitch_rate": null, "vertical_velocity": null, "height": null, "effort": null, "target_motion": null, "nonfoot_contact": null, "termination": null}, "reward_component_mean_absolute": {"linear_tracking": null, "yaw_tracking": null, "quiet_joint_rate": null, "quiet_target_motion": null, "tilt": null, "roll_pitch_rate": null, "vertical_velocity": null, "height": null, "effort": null, "target_motion": null, "nonfoot_contact": null, "termination": null}, "requested_planar_speed_mps": null, "moving_command_rows": 0, "moving_signed_command_direction_speed_mps": null, "nonfoot_event_fraction": null}}, "zero_hold_joint_rate_rms_rad_s": [0.3437762990503383, 0.44749496439767344, 0.2870099409531686, 0.3144245202868368, 0.6357017512079068, 0.9384226709465622, 0.36421536935738436, 0.5287967332759742, 1.0520974827977003, 0.33060497396583777, 0.5203017419971866, 0.5356217925033202, 0.37022678993327185, 0.5398069972308975, 0.2835356395214152, 0.3617579511443036, 0.553119760406809, 1.5823138291824503], "zero_hold_worst_joint_rate_rms_rad_s": 1.5823138291824503, "zero_hold_all_joint_rate_rms_rad_s": 0.6420408716442827, "diagnostic_scope": "Time-weighted 50Hz control endpoints; nonfoot events use each control's maximum 400Hz body/coxa/femur floor force >1N. These are reporting metrics, not Stage2 admission.", "termination_reasons": {"rows": {"height": 0, "tilt": 0, "joint_limit": 0, "timeout": 0}, "multiple_physical_reason_rows": 0, "unattributed_termination_rows": 0, "termination_flag_mismatch_rows": 0, "scope": "Counts returned terminal rows with each measured predicate; reasons may overlap. Timeout counts returned truncations separately."}, "actual_target_slew": {"environment_controls": 3072, "excluded_first_or_reset_rows": 0, "limit_rad_per_control": 0.04, "occupancy_tolerance_rad": 2e-06, "by_joint": {"lf_coxa_yaw": {"at_limit_rows": 873, "at_limit_fraction": 0.2841796875, "beyond_limit_rows": 0}, "lf_femur_pitch": {"at_limit_rows": 139, "at_limit_fraction": 0.045247395833333336, "beyond_limit_rows": 0}, "lf_tibia_pitch": {"at_limit_rows": 660, "at_limit_fraction": 0.21484375, "beyond_limit_rows": 0}, "lm_coxa_yaw": {"at_limit_rows": 1093, "at_limit_fraction": 0.3557942708333333, "beyond_limit_rows": 0}, "lm_femur_pitch": {"at_limit_rows": 300, "at_limit_fraction": 0.09765625, "beyond_limit_rows": 0}, "lm_tibia_pitch": {"at_limit_rows": 371, "at_limit_fraction": 0.12076822916666667, "beyond_limit_rows": 0}, "lr_coxa_yaw": {"at_limit_rows": 991, "at_limit_fraction": 0.3225911458333333, "beyond_limit_rows": 0}, "lr_femur_pitch": {"at_limit_rows": 308, "at_limit_fraction": 0.10026041666666667, "beyond_limit_rows": 0}, "lr_tibia_pitch": {"at_limit_rows": 481, "at_limit_fraction": 0.15657552083333334, "beyond_limit_rows": 0}, "rf_coxa_yaw": {"at_limit_rows": 860, "at_limit_fraction": 0.2799479166666667, "beyond_limit_rows": 0}, "rf_femur_pitch": {"at_limit_rows": 327, "at_limit_fraction": 0.1064453125, "beyond_limit_rows": 0}, "rf_tibia_pitch": {"at_limit_rows": 325, "at_limit_fraction": 0.10579427083333333, "beyond_limit_rows": 0}, "rm_coxa_yaw": {"at_limit_rows": 865, "at_limit_fraction": 0.2815755208333333, "beyond_limit_rows": 0}, "rm_femur_pitch": {"at_limit_rows": 332, "at_limit_fraction": 0.10807291666666667, "beyond_limit_rows": 0}, "rm_tibia_pitch": {"at_limit_rows": 265, "at_limit_fraction": 0.08626302083333333, "beyond_limit_rows": 0}, "rr_coxa_yaw": {"at_limit_rows": 865, "at_limit_fraction": 0.2815755208333333, "beyond_limit_rows": 0}, "rr_femur_pitch": {"at_limit_rows": 417, "at_limit_fraction": 0.1357421875, "beyond_limit_rows": 0}, "rr_tibia_pitch": {"at_limit_rows": 462, "at_limit_fraction": 0.150390625, "beyond_limit_rows": 0}}}}}
PAPER_PPO {"policy_loss": -0.0006523907650262117, "value_loss": 1.8333427965641023, "entropy": -15.845267057418823, "estimator_loss": 0.0002247948053991422, "approx_kl": 0.016561579964278893, "actor_grad_norm": 36.8578782081604, "critic_grad_norm": 37.51798229217529, "model_grad_norm": 53.18019485473633, "clip_fraction": 0.24440105110406876, "discriminator_loss": 0.0037701594992540777, "expert_score": 1.0004721373319625, "policy_score": -1.0044554799795151, "gradient_penalty": 0.00037619552458636465, "discriminator_expert_loss": 0.00025296010899182874, "discriminator_policy_loss": 0.0016362218069843949, "ppo_batches": 20, "discriminator_batches": 20, "target_kl": 0.02, "kl_initial": 2.972929328207372e-11, "kl_final": 0.0169956022064063, "kl_max": 0.019983049706829053, "kl_max_step_increase": 0.01039363129200696, "kl_after_model_steps": [0.007304706586772518, 0.017698337878779478, 0.01862297411153814, 0.014883092478426185, 0.015946583334423413, 0.01701455435445135, 0.01874288181716542, 0.018643376564491436, 0.017829646223099273, 0.016460692835250767, 0.019524631334132143, 0.015785025698988424, 0.019823454110935057, 0.019875310792669357, 0.017823808184874224, 0.01977324654622319, 0.019983049706829053, 0.017543894303211696, 0.0177789628897216, 0.0169956022064063], "early_stopped": false, "final_full_rollout_k3": 0.016959674656391144, "stop_reason": null, "learning_rate": 0.0001, "discriminator_learning_rate": 0.0003, "rollback_kl_steps": true, "model_proposals": 20, "accepted_model_steps": 20, "rejected_model_trials": 28, "model_trial_attempts": [{"proposal": 1, "retry": 0, "learning_rate": 0.0001, "kl": 0.029253939152825915, "accepted": false}, {"proposal": 1, "retry": 1, "learning_rate": 5e-05, "kl": 0.007304706586772518, "accepted": true}, {"proposal": 2, "retry": 0, "learning_rate": 0.0001, "kl": 0.03573301799807509, "accepted": false}, {"proposal": 2, "retry": 1, "learning_rate": 5e-05, "kl": 0.017698337878779478, "accepted": true}, {"proposal": 3, "retry": 0, "learning_rate": 0.0001, "kl": 0.023064666011479776, "accepted": false}, {"proposal": 3, "retry": 1, "learning_rate": 5e-05, "kl": 0.01862297411153814, "accepted": true}, {"proposal": 4, "retry": 0, "learning_rate": 0.0001, "kl": 0.027594812191758446, "accepted": false}, {"proposal": 4, "retry": 1, "learning_rate": 5e-05, "kl": 0.014883092478426185, "accepted": true}, {"proposal": 5, "retry": 0, "learning_rate": 0.0001, "kl": 0.041627679797734345, "accepted": false}, {"proposal": 5, "retry": 1, "learning_rate": 5e-05, "kl": 0.02076672424918977, "accepted": false}, {"proposal": 5, "retry": 2, "learning_rate": 2.5e-05, "kl": 0.015946583334423413, "accepted": true}, {"proposal": 6, "retry": 0, "learning_rate": 0.0001, "kl": 0.04069151009533738, "accepted": false}, {"proposal": 6, "retry": 1, "learning_rate": 5e-05, "kl": 0.021497460441715858, "accepted": false}, {"proposal": 6, "retry": 2, "learning_rate": 2.5e-05, "kl": 0.01701455435445135, "accepted": true}, {"proposal": 7, "retry": 0, "learning_rate": 0.0001, "kl": 0.03430720321030441, "accepted": false}, {"proposal": 7, "retry": 1, "learning_rate": 5e-05, "kl": 0.01874288181716542, "accepted": true}, {"proposal": 8, "retry": 0, "learning_rate": 0.0001, "kl": 0.0365486510164398, "accepted": false}, {"proposal": 8, "retry": 1, "learning_rate": 5e-05, "kl": 0.021576666030186632, "accepted": false}, {"proposal": 8, "retry": 2, "learning_rate": 2.5e-05, "kl": 0.018643376564491436, "accepted": true}, {"proposal": 9, "retry": 0, "learning_rate": 0.0001, "kl": 0.04304607031616532, "accepted": false}, {"proposal": 9, "retry": 1, "learning_rate": 5e-05, "kl": 0.021620530033945307, "accepted": false}, {"proposal": 9, "retry": 2, "learning_rate": 2.5e-05, "kl": 0.017829646223099273, "accepted": true}, {"proposal": 10, "retry": 0, "learning_rate": 0.0001, "kl": 0.04941197328127792, "accepted": false}, {"proposal": 10, "retry": 1, "learning_rate": 5e-05, "kl": 0.0212799291398231, "accepted": false}, {"proposal": 10, "retry": 2, "learning_rate": 2.5e-05, "kl": 0.016460692835250767, "accepted": true}, {"proposal": 11, "retry": 0, "learning_rate": 0.0001, "kl": 0.0381525023137245, "accepted": false}, {"proposal": 11, "retry": 1, "learning_rate": 5e-05, "kl": 0.019524631334132143, "accepted": true}, {"proposal": 12, "retry": 0, "learning_rate": 0.0001, "kl": 0.03160411638187367, "accepted": false}, {"proposal": 12, "retry": 1, "learning_rate": 5e-05, "kl": 0.015785025698988424, "accepted": true}, {"proposal": 13, "retry": 0, "learning_rate": 0.0001, "kl": 0.08234189679838169, "accepted": false}, {"proposal": 13, "retry": 1, "learning_rate": 5e-05, "kl": 0.03223626131358165, "accepted": false}, {"proposal": 13, "retry": 2, "learning_rate": 2.5e-05, "kl": 0.019823454110935057, "accepted": true}, {"proposal": 14, "retry": 0, "learning_rate": 0.0001, "kl": 0.028287223652566102, "accepted": false}, {"proposal": 14, "retry": 1, "learning_rate": 5e-05, "kl": 0.021754066773184352, "accepted": false}, {"proposal": 14, "retry": 2, "learning_rate": 2.5e-05, "kl": 0.02021422984734166, "accepted": false}, {"proposal": 14, "retry": 3, "learning_rate": 1.25e-05, "kl": 0.019875310792669357, "accepted": true}, {"proposal": 15, "retry": 0, "learning_rate": 0.0001, "kl": 0.017823808184874224, "accepted": true}, {"proposal": 16, "retry": 0, "learning_rate": 0.0001, "kl": 0.01977324654622319, "accepted": true}, {"proposal": 17, "retry": 0, "learning_rate": 0.0001, "kl": 0.03800733109302357, "accepted": false}, {"proposal": 17, "retry": 1, "learning_rate": 5e-05, "kl": 0.02308690914334715, "accepted": false}, {"proposal": 17, "retry": 2, "learning_rate": 2.5e-05, "kl": 0.019983049706829053, "accepted": true}, {"proposal": 18, "retry": 0, "learning_rate": 0.0001, "kl": 0.0411487542143964, "accepted": false}, {"proposal": 18, "retry": 1, "learning_rate": 5e-05, "kl": 0.02024201214002915, "accepted": false}, {"proposal": 18, "retry": 2, "learning_rate": 2.5e-05, "kl": 0.017543894303211696, "accepted": true}, {"proposal": 19, "retry": 0, "learning_rate": 0.0001, "kl": 0.03519952158775769, "accepted": false}, {"proposal": 19, "retry": 1, "learning_rate": 5e-05, "kl": 0.0177789628897216, "accepted": true}, {"proposal": 20, "retry": 0, "learning_rate": 0.0001, "kl": 0.030025092144583113, "accepted": false}, {"proposal": 20, "retry": 1, "learning_rate": 5e-05, "kl": 0.0169956022064063, "accepted": true}], "consecutive_zero_accepted_updates": 0, "empirical_kl_scope": "Mean whole-actor KL on the fixed collected rollout; no bound on physical motion or unseen states.", "normalizer_policy_kl": 0.0, "normalizer_policy_kl_samples": 128, "normalizer_policy_kl_scope": "Same current observations and weights, before/after statistics update; reporting only", "update": 212, "transitions": 651264, "episodes": 636, "optimizer_steps": 646, "discriminator_steps": 4240, "reward": 0.480696439743042, "task_reward": 0.44455644488334656, "style_reward": 0.03613997623324394, "action_std": 0.10033968836069107, "raw_action_abs_mean": 0.8584142923355103, "raw_action_clip_fraction": 0.517198383808136, "return_mean": 43.493186950683594, "return_std": 2.240432024002075, "explained_variance": 0.2819119095802307, "terminated": 0, "truncated": 0, "elapsed_s": 39.398311579134315, "transitions_per_s": 16530.251523390536, "allocation_new_transitions": 36864, "allocation_new_transitions_per_s": 935.6746145315398}
PAPER_TASK {"schema": "canonical_paper_walking_task_v1", "reward_version": "canonical_quiet_quadratic_log_tail_v2", "controls_completed": 288, "command_draws": 289, "zero_command_draws": 44, "zero_draw_fraction": 0.1522491349480969, "remaining_controls": [27, 21, 47, 98, 21, 23, 92, 224, 178, 159, 55, 45, 210, 20, 68, 65, 105, 121, 8, 82, 75, 152, 128, 23, 31, 89, 28, 150, 152, 182, 149, 23, 178, 96, 191, 161, 13, 131, 56, 113, 53, 170, 133, 71, 128, 76, 126, 127, 15, 190, 35, 41, 23, 81, 83, 69, 120, 158, 90, 154, 55, 62, 45, 106, 137, 207, 40, 193, 84, 70, 180, 108, 135, 15, 144, 2, 54, 144, 116, 2, 122, 32, 14, 210, 30, 89, 11, 214, 119, 243, 20, 144, 120, 108, 68, 65, 63, 95, 60, 150, 177, 35, 109, 190, 45, 22, 29, 186, 71, 170, 86, 26, 155, 148, 54, 139, 17, 35, 100, 122, 135, 1, 120, 103, 93, 50, 32, 49], "commands": [[0.02500000037252903, 0.0, 0.0], [0.03999999910593033, 0.0, 0.15000000596046448], [0.05000000074505806, 0.0, 0.0], [0.0, 0.0, 0.0], [-9.184851394388759e-18, -0.05000000074505806, 0.0], [-0.02500000037252903, 3.0616169246677665e-18, 0.0], [0.01767767034471035, 0.01767767034471035, 0.0], [-0.0353553406894207, 0.0353553406894207, 0.0], [-0.02500000037252903, 3.0616169246677665e-18, 0.0], [-0.01767767034471035, 0.01767767034471035, 0.0], [0.0, 0.0, 0.0], [1.5308084623338832e-18, 0.02500000037252903, 0.0], [-0.0353553406894207, -0.0353553406894207, 0.0], [0.0, 0.0, 0.0], [3.0616169246677665e-18, 0.05000000074505806, 0.0], [0.0353553406894207, 0.0353553406894207, 0.0], [1.5308084623338832e-18, 0.02500000037252903, 0.0], [0.0, 0.0, -0.20000000298023224], [0.03999999910593033, 0.0, -0.15000000596046448], [0.0, 0.0, 0.0], [0.0353553406894207, -0.0353553406894207, 0.0], [0.0353553406894207, 0.0353553406894207, 0.0], [0.0, 0.0, -0.20000000298023224], [0.0, 0.0, -0.20000000298023224], [0.0, 0.0, 0.0], [0.05000000074505806, 0.0, 0.0], [0.0, 0.0, 0.0], [-0.0353553406894207, -0.0353553406894207, 0.0], [-9.184851394388759e-18, -0.05000000074505806, 0.0], [0.0, 0.0, 0.0], [-0.05000000074505806, 6.123233849335533e-18, 0.0], [0.03999999910593033, 0.0, -0.15000000596046448], [0.03999999910593033, 0.0, 0.15000000596046448], [-0.0353553406894207, 0.0353553406894207, 0.0], [0.0, 0.0, 0.0], [-0.02500000037252903, 3.0616169246677665e-18, 0.0], [0.0, 0.0, 0.0], [0.05000000074505806, 0.0, 0.0], [3.0616169246677665e-18, 0.05000000074505806, 0.0], [-0.0353553406894207, -0.0353553406894207, 0.0], [0.0, 0.0, 0.0], [1.5308084623338832e-18, 0.02500000037252903, 0.0], [0.0, 0.0, 0.0], [-9.184851394388759e-18, -0.05000000074505806, 0.0], [-0.05000000074505806, 6.123233849335533e-18, 0.0], [0.0, 0.0, 0.0], [-0.01767767034471035, -0.01767767034471035, 0.0], [0.0, 0.0, 0.0], [0.0, 0.0, -0.20000000298023224], [0.03999999910593033, 0.0, 0.15000000596046448], [-0.01767767034471035, 0.01767767034471035, 0.0], [0.03999999910593033, 0.0, -0.15000000596046448], [-0.02500000037252903, 3.0616169246677665e-18, 0.0], [-0.0353553406894207, -0.0353553406894207, 0.0], [1.5308084623338832e-18, 0.02500000037252903, 0.0], [0.02500000037252903, 0.0, 0.0], [0.0, 0.0, 0.0], [-0.02500000037252903, 3.0616169246677665e-18, 0.0], [0.0, 0.0, 0.0], [-0.01767767034471035, 0.01767767034471035, 0.0], [-0.01767767034471035, -0.01767767034471035, 0.0], [0.01767767034471035, 0.01767767034471035, 0.0], [-0.01767767034471035, -0.01767767034471035, 0.0], [0.0, 0.0, -0.20000000298023224], [-0.0353553406894207, -0.0353553406894207, 0.0], [-0.02500000037252903, 3.0616169246677665e-18, 0.0], [-0.0353553406894207, 0.0353553406894207, 0.0], [1.5308084623338832e-18, 0.02500000037252903, 0.0], [3.0616169246677665e-18, 0.05000000074505806, 0.0], [-0.05000000074505806, 6.123233849335533e-18, 0.0], [-0.01767767034471035, 0.01767767034471035, 0.0], [-0.0353553406894207, 0.0353553406894207, 0.0], [0.03999999910593033, 0.0, 0.15000000596046448], [0.02500000037252903, 0.0, 0.0], [0.0, 0.0, 0.0], [0.05000000074505806, 0.0, 0.0], [0.0353553406894207, 0.0353553406894207, 0.0], [3.0616169246677665e-18, 0.05000000074505806, 0.0], [0.0, 0.0, 0.0], [3.0616169246677665e-18, 0.05000000074505806, 0.0], [-4.5924256971943795e-18, -0.02500000037252903, 0.0], [-9.184851394388759e-18, -0.05000000074505806, 0.0], [1.5308084623338832e-18, 0.02500000037252903, 0.0], [0.01767767034471035, 0.01767767034471035, 0.0], [-4.5924256971943795e-18, -0.02500000037252903, 0.0], [-0.01767767034471035, 0.01767767034471035, 0.0], [3.0616169246677665e-18, 0.05000000074505806, 0.0], [0.0353553406894207, -0.0353553406894207, 0.0], [0.03999999910593033, 0.0, 0.15000000596046448], [3.0616169246677665e-18, 0.05000000074505806, 0.0], [0.0353553406894207, 0.0353553406894207, 0.0], [-0.05000000074505806, 6.123233849335533e-18, 0.0], [0.0, 0.0, 0.20000000298023224], [0.0353553406894207, -0.0353553406894207, 0.0], [-0.0353553406894207, 0.0353553406894207, 0.0], [3.0616169246677665e-18, 0.05000000074505806, 0.0], [0.0, 0.0, 0.0], [-0.02500000037252903, 3.0616169246677665e-18, 0.0], [-0.05000000074505806, 6.123233849335533e-18, 0.0], [0.0, 0.0, -0.20000000298023224], [0.01767767034471035, 0.01767767034471035, 0.0], [0.0353553406894207, -0.0353553406894207, 0.0], [-0.02500000037252903, 3.0616169246677665e-18, 0.0], [-0.0353553406894207, 0.0353553406894207, 0.0], [1.5308084623338832e-18, 0.02500000037252903, 0.0], [0.01767767034471035, 0.01767767034471035, 0.0], [0.0, 0.0, 0.0], [-0.05000000074505806, 6.123233849335533e-18, 0.0], [0.03999999910593033, 0.0, -0.15000000596046448], [0.01767767034471035, 0.01767767034471035, 0.0], [3.0616169246677665e-18, 0.05000000074505806, 0.0], [0.03999999910593033, 0.0, -0.15000000596046448], [0.01767767034471035, 0.01767767034471035, 0.0], [0.01767767034471035, 0.01767767034471035, 0.0], [0.0, 0.0, 0.20000000298023224], [-4.5924256971943795e-18, -0.02500000037252903, 0.0], [0.0, 0.0, 0.0], [0.01767767034471035, -0.01767767034471035, 0.0], [-0.0353553406894207, -0.0353553406894207, 0.0], [0.03999999910593033, 0.0, -0.15000000596046448], [1.5308084623338832e-18, 0.02500000037252903, 0.0], [-0.01767767034471035, 0.01767767034471035, 0.0], [0.0, 0.0, 0.20000000298023224], [3.0616169246677665e-18, 0.05000000074505806, 0.0], [-4.5924256971943795e-18, -0.02500000037252903, 0.0], [-0.01767767034471035, -0.01767767034471035, 0.0], [-0.02500000037252903, 3.0616169246677665e-18, 0.0], [-0.05000000074505806, 6.123233849335533e-18, 0.0]], "stage2_complete": false, "proximity": {"checks": 619, "minimum_sphere_gap_m": 0.99067622423172, "failure": null, "collision_filter_present": false}, "cumulative_metrics": {"environment_controls": 36864, "signed_navigation_velocity_error_mps": [-0.0030879457481205463, -0.0005676749278791249], "absolute_navigation_velocity_error_mps": [0.03242117911577225, 0.029483148828148842], "achieved_planar_speed_mps": 0.03716929256916046, "requested_planar_speed_mps": 0.028012564405798912, "signed_command_direction_speed_mps": 0.0013658460229635239, "moving_command_rows": 27065, "signed_yaw_error_rad_s": -0.026447312906384468, "absolute_yaw_error_rad_s": 0.12017533928155899, "requested_saturation_fraction": 0.022757638245821, "terminations": 13, "truncations": 0, "zero_command_rows": 6033, "nonfoot_event_rows": 0, "moving_signed_command_direction_speed_mps": 0.0018603556471801694, "nonfoot_event_fraction": 0.0, "task_reward_sum": 14309.465906777012, "task_reward_mean": 0.38816910554408124, "reward_components": {"linear_tracking": {"sum": 9377.8640381532, "absolute_sum": 9377.8640381532, "mean": 0.25439084304886067, "mean_absolute": 0.25439084304886067}, "yaw_tracking": {"sum": 7886.5139345813795, "absolute_sum": 7886.5139345813795, "mean": 0.21393538233998968, "mean_absolute": 0.21393538233998968}, "quiet_joint_rate": {"sum": -1991.8002485111356, "absolute_sum": 1991.8002485111356, "mean": -0.05403103972740711, "mean_absolute": 0.05403103972740711}, "quiet_target_motion": {"sum": -721.3797614872456, "absolute_sum": 721.3797614872456, "mean": -0.019568678425760783, "mean_absolute": 0.019568678425760783}, "tilt": {"sum": -14.060484071214166, "absolute_sum": 14.060484071214166, "mean": -0.0003814150409943079, "mean_absolute": 0.0003814150409943079}, "roll_pitch_rate": {"sum": -5.31089424235037, "absolute_sum": 5.31089424235037, "mean": -0.00014406722662625788, "mean_absolute": 0.00014406722662625788}, "vertical_velocity": {"sum": -3.119977170631162, "absolute_sum": 3.119977170631162, "mean": -8.463479738040262e-05, "mean_absolute": 8.463479738040262e-05}, "height": {"sum": -72.9822599589854, "absolute_sum": 72.9822599589854, "mean": -0.0019797705066999078, "mean_absolute": 0.0019797705066999078}, "effort": {"sum": -51.68329312048445, "absolute_sum": 51.68329312048445, "mean": -0.001401999053832586, "mean_absolute": 0.001401999053832586}, "target_motion": {"sum": -68.57514711601107, "absolute_sum": 68.57514711601107, "mean": -0.0018602199195966544, "mean_absolute": 0.0018602199195966544}, "nonfoot_contact": {"sum": 0.0, "absolute_sum": 0.0, "mean": 0.0, "mean_absolute": 0.0}, "termination": {"sum": -26.0, "absolute_sum": 26.0, "mean": -0.0007052951388888889, "mean_absolute": 0.0007052951388888889}}, "command_classes": {"zero": {"environment_controls": 6033, "time_fraction": 0.16365559895833334, "task_reward_mean": 0.15366906201498448, "reward_component_means": {"linear_tracking": 0.37784959147028485, "yaw_tracking": 0.23114949162179863, "quiet_joint_rate": -0.33015087825478795, "quiet_target_motion": -0.11957231252896496, "tilt": -0.0003573023617292642, "roll_pitch_rate": -0.00016798524649486258, "vertical_velocity": -0.00010039267469705313, "height": -0.0016056279220705958, "effort": -0.0013732923026083949, "target_motion": -0.0020022290695069383, "nonfoot_contact": 0.0, "termination": 0.0}, "reward_component_mean_absolute": {"linear_tracking": 0.37784959147028485, "yaw_tracking": 0.23114949162179863, "quiet_joint_rate": 0.33015087825478795, "quiet_target_motion": 0.11957231252896496, "tilt": 0.0003573023617292642, "roll_pitch_rate": 0.00016798524649486258, "vertical_velocity": 0.00010039267469705313, "height": 0.0016056279220705958, "effort": 0.0013732923026083949, "target_motion": 0.0020022290695069383, "nonfoot_contact": 0.0, "termination": 0.0}, "requested_planar_speed_mps": 0.0, "moving_command_rows": 0, "moving_signed_command_direction_speed_mps": null, "nonfoot_event_fraction": 0.0}, "linear_0.025": {"environment_controls": 11403, "time_fraction": 0.309326171875, "task_reward_mean": 0.5272536409439553, "reward_component_means": {"linear_tracking": 0.30112097426625295, "yaw_tracking": 0.2322411952249153, "quiet_joint_rate": 0.0, "quiet_target_motion": 0.0, "tilt": -0.00029985876149654184, "roll_pitch_rate": -0.0001321727012929674, "vertical_velocity": -8.498654528958851e-05, "height": -0.002246111577359205, "effort": -0.0013699104143954336, "target_motion": -0.0018000962441230939, "nonfoot_contact": 0.0, "termination": -0.00017539244058581075}, "reward_component_mean_absolute": {"linear_tracking": 0.30112097426625295, "yaw_tracking": 0.2322411952249153, "quiet_joint_rate": 0.0, "quiet_target_motion": 0.0, "tilt": 0.00029985876149654184, "roll_pitch_rate": 0.0001321727012929674, "vertical_velocity": 8.498654528958851e-05, "height": 0.002246111577359205, "effort": 0.0013699104143954336, "target_motion": 0.0018000962441230939, "nonfoot_contact": 0.0, "termination": 0.00017539244058581075}, "requested_planar_speed_mps": 0.02500000037252903, "moving_command_rows": 11403, "moving_signed_command_direction_speed_mps": 0.0011925102932840764, "nonfoot_event_fraction": 0.0}, "linear_0.05": {"environment_controls": 12110, "time_fraction": 0.3285047743055556, "task_reward_mean": 0.3505685582255093, "reward_component_means": {"linear_tracking": 0.12093615763422144, "yaw_tracking": 0.23644856271720288, "quiet_joint_rate": 0.0, "quiet_target_motion": 0.0, "tilt": -0.0004852553519903625, "roll_pitch_rate": -0.00014208617816500465, "vertical_velocity": -7.326706032260936e-05, "height": -0.0018958208277090106, "effort": -0.0014074924757896065, "target_motion": -0.0018213237744299803, "nonfoot_contact": 0.0, "termination": -0.000990916597853014}, "reward_component_mean_absolute": {"linear_tracking": 0.12093615763422144, "yaw_tracking": 0.23644856271720288, "quiet_joint_rate": 0.0, "quiet_target_motion": 0.0, "tilt": 0.0004852553519903625, "roll_pitch_rate": 0.00014208617816500465, "vertical_velocity": 7.326706032260936e-05, "height": 0.0018958208277090106, "effort": 0.0014074924757896065, "target_motion": 0.0018213237744299803, "nonfoot_contact": 0.0, "termination": 0.000990916597853014}, "requested_planar_speed_mps": 0.05000000074505806, "moving_command_rows": 12110, "moving_signed_command_direction_speed_mps": 0.0019809889863204185, "nonfoot_event_fraction": 0.0}, "yaw": {"environment_controls": 3766, "time_fraction": 0.10215928819444445, "task_reward_mean": 0.5366639606373343, "reward_component_means": {"linear_tracking": 0.4256325489957824, "yaw_tracking": 0.11809306359513384, "quiet_joint_rate": 0.0, "quiet_target_motion": 0.0, "tilt": -0.00036492013657329144, "roll_pitch_rate": -0.00013514590535280117, "vertical_velocity": -8.188588188881216e-05, "height": -0.002176429629309484, "effort": -0.0014032103735934867, "target_motion": -0.0018379253585600868, "nonfoot_contact": 0.0, "termination": -0.0010621348911311736}, "reward_component_mean_absolute": {"linear_tracking": 0.4256325489957824, "yaw_tracking": 0.11809306359513384, "quiet_joint_rate": 0.0, "quiet_target_motion": 0.0, "tilt": 0.00036492013657329144, "roll_pitch_rate": 0.00013514590535280117, "vertical_velocity": 8.188588188881216e-05, "height": 0.002176429629309484, "effort": 0.0014032103735934867, "target_motion": 0.0018379253585600868, "nonfoot_contact": 0.0, "termination": 0.0010621348911311736}, "requested_planar_speed_mps": 0.0, "moving_command_rows": 0, "moving_signed_command_direction_speed_mps": null, "nonfoot_event_fraction": 0.0}, "arc": {"environment_controls": 3552, "time_fraction": 0.09635416666666667, "task_reward_mean": 0.3107110000240904, "reward_component_means": {"linear_tracking": 0.16811540956822923, "yaw_tracking": 0.15079170339886178, "quiet_joint_rate": 0.0, "quiet_target_motion": 0.0, "tilt": -0.00034765144105240557, "roll_pitch_rate": -0.00015784088971461185, "vertical_velocity": -9.84122343881181e-05, "height": -0.0018379144653634144, "effort": -0.0015337578982915737, "target_motion": -0.0019682837441598313, "nonfoot_contact": 0.0, "termination": -0.0022522522522522522}, "reward_component_mean_absolute": {"linear_tracking": 0.16811540956822923, "yaw_tracking": 0.15079170339886178, "quiet_joint_rate": 0.0, "quiet_target_motion": 0.0, "tilt": 0.00034765144105240557, "roll_pitch_rate": 0.00015784088971461185, "vertical_velocity": 9.84122343881181e-05, "height": 0.0018379144653634144, "effort": 0.0015337578982915737, "target_motion": 0.0019682837441598313, "nonfoot_contact": 0.0, "termination": 0.0022522522522522522}, "requested_planar_speed_mps": 0.03999999910593033, "moving_command_rows": 3552, "moving_signed_command_direction_speed_mps": 0.0035930613998515467, "nonfoot_event_fraction": 0.0}, "other": {"environment_controls": 0, "time_fraction": 0.0, "task_reward_mean": null, "reward_component_means": {"linear_tracking": null, "yaw_tracking": null, "quiet_joint_rate": null, "quiet_target_motion": null, "tilt": null, "roll_pitch_rate": null, "vertical_velocity": null, "height": null, "effort": null, "target_motion": null, "nonfoot_contact": null, "termination": null}, "reward_component_mean_absolute": {"linear_tracking": null, "yaw_tracking": null, "quiet_joint_rate": null, "quiet_target_motion": null, "tilt": null, "roll_pitch_rate": null, "vertical_velocity": null, "height": null, "effort": null, "target_motion": null, "nonfoot_contact": null, "termination": null}, "requested_planar_speed_mps": null, "moving_command_rows": 0, "moving_signed_command_direction_speed_mps": null, "nonfoot_event_fraction": null}}, "zero_hold_joint_rate_rms_rad_s": [0.4698792386744408, 0.7584351260898291, 0.4054239698700478, 0.42460695508738133, 0.9818458257236986, 1.3943122503171017, 0.561777668391813, 0.7193374204561538, 0.9202979882946688, 0.516157646479561, 0.7663935371649605, 0.852116154687909, 0.46361575052124077, 0.7410483965150193, 0.8409799277588718, 0.4224754090117938, 0.7521308861293102, 1.17885072326066], "zero_hold_worst_joint_rate_rms_rad_s": 1.3943122503171017, "zero_hold_all_joint_rate_rms_rad_s": 0.7786698539859188, "diagnostic_scope": "Time-weighted 50Hz control endpoints; nonfoot events use each control's maximum 400Hz body/coxa/femur floor force >1N. These are reporting metrics, not Stage2 admission.", "termination_reasons": {"rows": {"height": 0, "tilt": 0, "joint_limit": 13, "timeout": 0}, "multiple_physical_reason_rows": 0, "unattributed_termination_rows": 0, "termination_flag_mismatch_rows": 0, "scope": "Counts returned terminal rows with each measured predicate; reasons may overlap. Timeout counts returned truncations separately."}, "actual_target_slew": {"environment_controls": 36723, "excluded_first_or_reset_rows": 141, "limit_rad_per_control": 0.04, "occupancy_tolerance_rad": 2e-06, "by_joint": {"lf_coxa_yaw": {"at_limit_rows": 9220, "at_limit_fraction": 0.2510688124608556, "beyond_limit_rows": 0}, "lf_femur_pitch": {"at_limit_rows": 6274, "at_limit_fraction": 0.17084660839256052, "beyond_limit_rows": 0}, "lf_tibia_pitch": {"at_limit_rows": 10724, "at_limit_fraction": 0.2920240721073986, "beyond_limit_rows": 0}, "lm_coxa_yaw": {"at_limit_rows": 14174, "at_limit_fraction": 0.3859706450998012, "beyond_limit_rows": 0}, "lm_femur_pitch": {"at_limit_rows": 8131, "at_limit_fraction": 0.2214143724641233, "beyond_limit_rows": 0}, "lm_tibia_pitch": {"at_limit_rows": 9237, "at_limit_fraction": 0.251531737603137, "beyond_limit_rows": 0}, "lr_coxa_yaw": {"at_limit_rows": 12696, "at_limit_fraction": 0.3457233886120415, "beyond_limit_rows": 0}, "lr_femur_pitch": {"at_limit_rows": 7625, "at_limit_fraction": 0.20763554175857094, "beyond_limit_rows": 0}, "lr_tibia_pitch": {"at_limit_rows": 9125, "at_limit_fraction": 0.24848187784222422, "beyond_limit_rows": 0}, "rf_coxa_yaw": {"at_limit_rows": 9066, "at_limit_fraction": 0.24687525528960053, "beyond_limit_rows": 0}, "rf_femur_pitch": {"at_limit_rows": 8347, "at_limit_fraction": 0.2272962448601694, "beyond_limit_rows": 0}, "rf_tibia_pitch": {"at_limit_rows": 8085, "at_limit_fraction": 0.22016175149089126, "beyond_limit_rows": 0}, "rm_coxa_yaw": {"at_limit_rows": 8982, "at_limit_fraction": 0.24458786046891595, "beyond_limit_rows": 0}, "rm_femur_pitch": {"at_limit_rows": 8104, "at_limit_fraction": 0.22067913841461753, "beyond_limit_rows": 0}, "rm_tibia_pitch": {"at_limit_rows": 7996, "at_limit_fraction": 0.2177382022165945, "beyond_limit_rows": 0}, "rr_coxa_yaw": {"at_limit_rows": 9385, "at_limit_fraction": 0.25556190943005747, "beyond_limit_rows": 0}, "rr_femur_pitch": {"at_limit_rows": 9201, "at_limit_fraction": 0.25055142553712934, "beyond_limit_rows": 0}, "rr_tibia_pitch": {"at_limit_rows": 9870, "at_limit_fraction": 0.2687688914304387, "beyond_limit_rows": 0}}}}, "interval_metrics": {"environment_controls": 3072, "signed_navigation_velocity_error_mps": [0.0009724285919219255, -0.002048816764727235], "absolute_navigation_velocity_error_mps": [0.0280148945748806, 0.025501100346446037], "achieved_planar_speed_mps": 0.0281025692820549, "requested_planar_speed_mps": 0.029316406697034836, "signed_command_direction_speed_mps": 0.00012852909276261926, "moving_command_rows": 2382, "signed_yaw_error_rad_s": 0.001290243468247354, "absolute_yaw_error_rad_s": 0.09371314942836761, "requested_saturation_fraction": 0.016707807779312134, "terminations": 0, "truncations": 0, "zero_command_rows": 474, "nonfoot_event_rows": 0, "moving_signed_command_direction_speed_mps": 0.00016576045041682863, "nonfoot_event_fraction": 0.0, "task_reward_sum": 1365.6774073732086, "task_reward_mean": 0.444556447712633, "reward_components": {"linear_tracking": {"sum": 854.7122741489183, "absolute_sum": 854.7122741489183, "mean": 0.2782266517411843, "mean_absolute": 0.2782266517411843}, "yaw_tracking": {"sum": 715.8058719500964, "absolute_sum": 715.8058719500964, "mean": 0.23300972394208866, "mean_absolute": 0.23300972394208866}, "quiet_joint_rate": {"sum": -131.9444036334753, "absolute_sum": 131.9444036334753, "mean": -0.04295065222443858, "mean_absolute": 0.04295065222443858}, "quiet_target_motion": {"sum": -53.53321632742882, "absolute_sum": 53.53321632742882, "mean": -0.017426177189918235, "mean_absolute": 0.017426177189918235}, "tilt": {"sum": -0.7887502767748765, "absolute_sum": 0.7887502767748765, "mean": -0.00025675464738765514, "mean_absolute": 0.00025675464738765514}, "roll_pitch_rate": {"sum": -0.1976131432277386, "absolute_sum": 0.1976131432277386, "mean": -6.432719506111282e-05, "mean_absolute": 6.432719506111282e-05}, "vertical_velocity": {"sum": -0.08392799940038624, "absolute_sum": 0.08392799940038624, "mean": -2.732031230481323e-05, "mean_absolute": 2.732031230481323e-05}, "height": {"sum": -10.035931175835714, "absolute_sum": 10.035931175835714, "mean": -0.0032669046796340215, "mean_absolute": 0.0032669046796340215}, "effort": {"sum": -4.01597996649798, "absolute_sum": 4.01597996649798, "mean": -0.0013072851453443946, "mean_absolute": 0.0013072851453443946}, "target_motion": {"sum": -4.240914526817505, "absolute_sum": 4.240914526817505, "mean": -0.0013805060308650734, "mean_absolute": 0.0013805060308650734}, "nonfoot_contact": {"sum": 0.0, "absolute_sum": 0.0, "mean": 0.0, "mean_absolute": 0.0}, "termination": {"sum": 0.0, "absolute_sum": 0.0, "mean": 0.0, "mean_absolute": 0.0}}, "command_classes": {"zero": {"environment_controls": 474, "time_fraction": 0.154296875, "task_reward_mean": 0.32217690389149506, "reward_component_means": {"linear_tracking": 0.4654728906314608, "yaw_tracking": 0.2540414306307644, "quiet_joint_rate": -0.2783637207457285, "quiet_target_motion": -0.11293927495238147, "tilt": -0.0003440526016019136, "roll_pitch_rate": -8.315828142507214e-05, "vertical_velocity": -1.8859086938982628e-05, "height": -0.0029243169558068488, "effort": -0.0012568517218202447, "target_motion": -0.0014071817856619944, "nonfoot_contact": 0.0, "termination": 0.0}, "reward_component_mean_absolute": {"linear_tracking": 0.4654728906314608, "yaw_tracking": 0.2540414306307644, "quiet_joint_rate": 0.2783637207457285, "quiet_target_motion": 0.11293927495238147, "tilt": 0.0003440526016019136, "roll_pitch_rate": 8.315828142507214e-05, "vertical_velocity": 1.8859086938982628e-05, "height": 0.0029243169558068488, "effort": 0.0012568517218202447, "target_motion": 0.0014071817856619944, "nonfoot_contact": 0.0, "termination": 0.0}, "requested_planar_speed_mps": 0.0, "moving_command_rows": 0, "moving_signed_command_direction_speed_mps": null, "nonfoot_event_fraction": 0.0}, "linear_0.025": {"environment_controls": 1058, "time_fraction": 0.3444010416666667, "task_reward_mean": 0.5655460715505588, "reward_component_means": {"linear_tracking": 0.32712962398548007, "yaw_tracking": 0.2448371471712963, "quiet_joint_rate": 0.0, "quiet_target_motion": 0.0, "tilt": -0.00019666970573223444, "roll_pitch_rate": -5.689490025907611e-05, "vertical_velocity": -2.973420168222844e-05, "height": -0.0034431362318201072, "effort": -0.0013416314538632517, "target_motion": -0.0013526330368206789, "nonfoot_contact": 0.0, "termination": 0.0}, "reward_component_mean_absolute": {"linear_tracking": 0.32712962398548007, "yaw_tracking": 0.2448371471712963, "quiet_joint_rate": 0.0, "quiet_target_motion": 0.0, "tilt": 0.00019666970573223444, "roll_pitch_rate": 5.689490025907611e-05, "vertical_velocity": 2.973420168222844e-05, "height": 0.0034431362318201072, "effort": 0.0013416314538632517, "target_motion": 0.0013526330368206789, "nonfoot_contact": 0.0, "termination": 0.0}, "requested_planar_speed_mps": 0.02500000037252903, "moving_command_rows": 1058, "moving_signed_command_direction_speed_mps": 0.00042537063584314414, "nonfoot_event_fraction": 0.0}, "linear_0.05": {"environment_controls": 1065, "time_fraction": 0.3466796875, "task_reward_mean": 0.3628337715013486, "reward_component_means": {"linear_tracking": 0.11849143540290341, "yaw_tracking": 0.2506133994271218, "quiet_joint_rate": 0.0, "quiet_target_motion": 0.0, "tilt": -0.0003340924439309958, "roll_pitch_rate": -6.969918104418695e-05, "vertical_velocity": -2.1943833714308937e-05, "height": -0.0031117117961969327, "effort": -0.0013355605125519067, "target_motion": -0.0013980548607760454, "nonfoot_contact": 0.0, "termination": 0.0}, "reward_component_mean_absolute": {"linear_tracking": 0.11849143540290341, "yaw_tracking": 0.2506133994271218, "quiet_joint_rate": 0.0, "quiet_target_motion": 0.0, "tilt": 0.0003340924439309958, "roll_pitch_rate": 6.969918104418695e-05, "vertical_velocity": 2.1943833714308937e-05, "height": 0.0031117117961969327, "effort": 0.0013355605125519067, "target_motion": 0.0013980548607760454, "nonfoot_contact": 0.0, "termination": 0.0}, "requested_planar_speed_mps": 0.05000000074505806, "moving_command_rows": 1065, "moving_signed_command_direction_speed_mps": -0.00017645942582721503, "nonfoot_event_fraction": 0.0}, "yaw": {"environment_controls": 216, "time_fraction": 0.0703125, "task_reward_mean": 0.5919703300007515, "reward_component_means": {"linear_tracking": 0.4789686890974365, "yaw_tracking": 0.11955213820206646, "quiet_joint_rate": 0.0, "quiet_target_motion": 0.0, "tilt": -0.00010558222063603737, "roll_pitch_rate": -5.1803715205300804e-05, "vertical_velocity": -8.24102594542919e-05, "height": -0.00348452559468205, "effort": -0.0013245446734126071, "target_motion": -0.0015016321524820308, "nonfoot_contact": 0.0, "termination": 0.0}, "reward_component_mean_absolute": {"linear_tracking": 0.4789686890974365, "yaw_tracking": 0.11955213820206646, "quiet_joint_rate": 0.0, "quiet_target_motion": 0.0, "tilt": 0.00010558222063603737, "roll_pitch_rate": 5.1803715205300804e-05, "vertical_velocity": 8.24102594542919e-05, "height": 0.00348452559468205, "effort": 0.0013245446734126071, "target_motion": 0.0015016321524820308, "nonfoot_contact": 0.0, "termination": 0.0}, "requested_planar_speed_mps": 0.0, "moving_command_rows": 0, "moving_signed_command_direction_speed_mps": null, "nonfoot_event_fraction": 0.0}, "arc": {"environment_controls": 259, "time_fraction": 0.08430989583333333, "task_reward_mean": 0.38739093937857155, "reward_component_means": {"linear_tracking": 0.22519060333524937, "yaw_tracking": 0.16844015398591355, "quiet_joint_rate": 0.0, "quiet_target_motion": 0.0, "tilt": -0.00015049645755587195, "roll_pitch_rate": -4.857947128087952e-05, "vertical_velocity": -9.108910670442948e-06, "height": -0.0036306417533457105, "effort": -0.0011286199878106562, "target_motion": -0.001272369250173107, "nonfoot_contact": 0.0, "termination": 0.0}, "reward_component_mean_absolute": {"linear_tracking": 0.22519060333524937, "yaw_tracking": 0.16844015398591355, "quiet_joint_rate": 0.0, "quiet_target_motion": 0.0, "tilt": 0.00015049645755587195, "roll_pitch_rate": 4.857947128087952e-05, "vertical_velocity": 9.108910670442948e-06, "height": 0.0036306417533457105, "effort": 0.0011286199878106562, "target_motion": 0.001272369250173107, "nonfoot_contact": 0.0, "termination": 0.0}, "requested_planar_speed_mps": 0.03999999910593033, "moving_command_rows": 259, "moving_signed_command_direction_speed_mps": 0.0005124654389066536, "nonfoot_event_fraction": 0.0}, "other": {"environment_controls": 0, "time_fraction": 0.0, "task_reward_mean": null, "reward_component_means": {"linear_tracking": null, "yaw_tracking": null, "quiet_joint_rate": null, "quiet_target_motion": null, "tilt": null, "roll_pitch_rate": null, "vertical_velocity": null, "height": null, "effort": null, "target_motion": null, "nonfoot_contact": null, "termination": null}, "reward_component_mean_absolute": {"linear_tracking": null, "yaw_tracking": null, "quiet_joint_rate": null, "quiet_target_motion": null, "tilt": null, "roll_pitch_rate": null, "vertical_velocity": null, "height": null, "effort": null, "target_motion": null, "nonfoot_contact": null, "termination": null}, "requested_planar_speed_mps": null, "moving_command_rows": 0, "moving_signed_command_direction_speed_mps": null, "nonfoot_event_fraction": null}}, "zero_hold_joint_rate_rms_rad_s": [0.26534554336201754, 0.4270157710454185, 0.27655220158019206, 0.2744395500933712, 0.4533321238437861, 0.7898339625483088, 0.31202044980219057, 0.39526159217426154, 1.060919741827532, 0.30212685913786225, 0.483939762805105, 0.46739069486621737, 0.22204735231850392, 0.4496243453626769, 0.28630489159902717, 0.28333554732756544, 0.42752632877841645, 0.7654811510066614], "zero_hold_worst_joint_rate_rms_rad_s": 1.060919741827532, "zero_hold_all_joint_rate_rms_rad_s": 0.49099813038681267, "diagnostic_scope": "Time-weighted 50Hz control endpoints; nonfoot events use each control's maximum 400Hz body/coxa/femur floor force >1N. These are reporting metrics, not Stage2 admission.", "termination_reasons": {"rows": {"height": 0, "tilt": 0, "joint_limit": 0, "timeout": 0}, "multiple_physical_reason_rows": 0, "unattributed_termination_rows": 0, "termination_flag_mismatch_rows": 0, "scope": "Counts returned terminal rows with each measured predicate; reasons may overlap. Timeout counts returned truncations separately."}, "actual_target_slew": {"environment_controls": 3072, "excluded_first_or_reset_rows": 0, "limit_rad_per_control": 0.04, "occupancy_tolerance_rad": 2e-06, "by_joint": {"lf_coxa_yaw": {"at_limit_rows": 915, "at_limit_fraction": 0.2978515625, "beyond_limit_rows": 0}, "lf_femur_pitch": {"at_limit_rows": 102, "at_limit_fraction": 0.033203125, "beyond_limit_rows": 0}, "lf_tibia_pitch": {"at_limit_rows": 644, "at_limit_fraction": 0.20963541666666666, "beyond_limit_rows": 0}, "lm_coxa_yaw": {"at_limit_rows": 1130, "at_limit_fraction": 0.3678385416666667, "beyond_limit_rows": 0}, "lm_femur_pitch": {"at_limit_rows": 274, "at_limit_fraction": 0.08919270833333333, "beyond_limit_rows": 0}, "lm_tibia_pitch": {"at_limit_rows": 329, "at_limit_fraction": 0.10709635416666667, "beyond_limit_rows": 0}, "lr_coxa_yaw": {"at_limit_rows": 996, "at_limit_fraction": 0.32421875, "beyond_limit_rows": 0}, "lr_femur_pitch": {"at_limit_rows": 267, "at_limit_fraction": 0.0869140625, "beyond_limit_rows": 0}, "lr_tibia_pitch": {"at_limit_rows": 463, "at_limit_fraction": 0.15071614583333334, "beyond_limit_rows": 0}, "rf_coxa_yaw": {"at_limit_rows": 909, "at_limit_fraction": 0.2958984375, "beyond_limit_rows": 0}, "rf_femur_pitch": {"at_limit_rows": 272, "at_limit_fraction": 0.08854166666666667, "beyond_limit_rows": 0}, "rf_tibia_pitch": {"at_limit_rows": 253, "at_limit_fraction": 0.08235677083333333, "beyond_limit_rows": 0}, "rm_coxa_yaw": {"at_limit_rows": 933, "at_limit_fraction": 0.3037109375, "beyond_limit_rows": 0}, "rm_femur_pitch": {"at_limit_rows": 294, "at_limit_fraction": 0.095703125, "beyond_limit_rows": 0}, "rm_tibia_pitch": {"at_limit_rows": 237, "at_limit_fraction": 0.0771484375, "beyond_limit_rows": 0}, "rr_coxa_yaw": {"at_limit_rows": 897, "at_limit_fraction": 0.2919921875, "beyond_limit_rows": 0}, "rr_femur_pitch": {"at_limit_rows": 358, "at_limit_fraction": 0.11653645833333333, "beyond_limit_rows": 0}, "rr_tibia_pitch": {"at_limit_rows": 419, "at_limit_fraction": 0.13639322916666666, "beyond_limit_rows": 0}}}}}
PAPER_PPO {"policy_loss": 0.0009734073817526223, "value_loss": 1.593936026096344, "entropy": -15.844267463684082, "estimator_loss": 0.00016911072816583328, "approx_kl": 0.015906816379477585, "actor_grad_norm": 36.38876819610596, "critic_grad_norm": 44.780589962005614, "model_grad_norm": 58.30479183197021, "clip_fraction": 0.22213542088866234, "discriminator_loss": 0.003756230906583369, "expert_score": 1.0014476716518401, "policy_score": -1.0096052438020706, "gradient_penalty": 0.0003696279731229879, "discriminator_expert_loss": 0.0002549680615629768, "discriminator_policy_loss": 0.00165312297467608, "ppo_batches": 20, "discriminator_batches": 20, "target_kl": 0.02, "kl_initial": 2.9605330918262375e-11, "kl_final": 0.018697483282522454, "kl_max": 0.019749388505893185, "kl_max_step_increase": 0.01585541604757116, "kl_after_model_steps": [0.01585541607717649, 0.01822505564116815, 0.014567067565429026, 0.016053868757131086, 0.018427620523730755, 0.013437462756302632, 0.018164282737856703, 0.01579888127266294, 0.016656306136967017, 0.018784681345718455, 0.019749388505893185, 0.008890744718405896, 0.01265823840862663, 0.016394118221567788, 0.018172662591279927, 0.016373156103483888, 0.016652297773141096, 0.01889679827770242, 0.0194376824279846, 0.018697483282522454], "early_stopped": false, "final_full_rollout_k3": 0.018412265926599503, "stop_reason": null, "learning_rate": 0.0001, "discriminator_learning_rate": 0.0003, "rollback_kl_steps": true, "model_proposals": 20, "accepted_model_steps": 20, "rejected_model_trials": 20, "model_trial_attempts": [{"proposal": 1, "retry": 0, "learning_rate": 0.0001, "kl": 0.01585541607717649, "accepted": true}, {"proposal": 2, "retry": 0, "learning_rate": 0.0001, "kl": 0.022697725985760867, "accepted": false}, {"proposal": 2, "retry": 1, "learning_rate": 5e-05, "kl": 0.01822505564116815, "accepted": true}, {"proposal": 3, "retry": 0, "learning_rate": 0.0001, "kl": 0.02016662034050263, "accepted": false}, {"proposal": 3, "retry": 1, "learning_rate": 5e-05, "kl": 0.014567067565429026, "accepted": true}, {"proposal": 4, "retry": 0, "learning_rate": 0.0001, "kl": 0.032755459698837475, "accepted": false}, {"proposal": 4, "retry": 1, "learning_rate": 5e-05, "kl": 0.016053868757131086, "accepted": true}, {"proposal": 5, "retry": 0, "learning_rate": 0.0001, "kl": 0.04300140769314542, "accepted": false}, {"proposal": 5, "retry": 1, "learning_rate": 5e-05, "kl": 0.023710320106939242, "accepted": false}, {"proposal": 5, "retry": 2, "learning_rate": 2.5e-05, "kl": 0.018427620523730755, "accepted": true}, {"proposal": 6, "retry": 0, "learning_rate": 0.0001, "kl": 0.03474481461993742, "accepted": false}, {"proposal": 6, "retry": 1, "learning_rate": 5e-05, "kl": 0.013437462756302632, "accepted": true}, {"proposal": 7, "retry": 0, "learning_rate": 0.0001, "kl": 0.03741915338429081, "accepted": false}, {"proposal": 7, "retry": 1, "learning_rate": 5e-05, "kl": 0.018164282737856703, "accepted": true}, {"proposal": 8, "retry": 0, "learning_rate": 0.0001, "kl": 0.01579888127266294, "accepted": true}, {"proposal": 9, "retry": 0, "learning_rate": 0.0001, "kl": 0.027392346634771927, "accepted": false}, {"proposal": 9, "retry": 1, "learning_rate": 5e-05, "kl": 0.016656306136967017, "accepted": true}, {"proposal": 10, "retry": 0, "learning_rate": 0.0001, "kl": 0.048043843865091196, "accepted": false}, {"proposal": 10, "retry": 1, "learning_rate": 5e-05, "kl": 0.024715942836384244, "accepted": false}, {"proposal": 10, "retry": 2, "learning_rate": 2.5e-05, "kl": 0.018784681345718455, "accepted": true}, {"proposal": 11, "retry": 0, "learning_rate": 0.0001, "kl": 0.034900674390915105, "accepted": false}, {"proposal": 11, "retry": 1, "learning_rate": 5e-05, "kl": 0.022755404573112245, "accepted": false}, {"proposal": 11, "retry": 2, "learning_rate": 2.5e-05, "kl": 0.019749388505893185, "accepted": true}, {"proposal": 12, "retry": 0, "learning_rate": 0.0001, "kl": 0.008890744718405896, "accepted": true}, {"proposal": 13, "retry": 0, "learning_rate": 0.0001, "kl": 0.021193431261398672, "accepted": false}, {"proposal": 13, "retry": 1, "learning_rate": 5e-05, "kl": 0.01265823840862663, "accepted": true}, {"proposal": 14, "retry": 0, "learning_rate": 0.0001, "kl": 0.023490952386249143, "accepted": false}, {"proposal": 14, "retry": 1, "learning_rate": 5e-05, "kl": 0.016394118221567788, "accepted": true}, {"proposal": 15, "retry": 0, "learning_rate": 0.0001, "kl": 0.025517163692853385, "accepted": false}, {"proposal": 15, "retry": 1, "learning_rate": 5e-05, "kl": 0.018172662591279927, "accepted": true}, {"proposal": 16, "retry": 0, "learning_rate": 0.0001, "kl": 0.02007398210226867, "accepted": false}, {"proposal": 16, "retry": 1, "learning_rate": 5e-05, "kl": 0.016373156103483888, "accepted": true}, {"proposal": 17, "retry": 0, "learning_rate": 0.0001, "kl": 0.016652297773141096, "accepted": true}, {"proposal": 18, "retry": 0, "learning_rate": 0.0001, "kl": 0.027310136945965114, "accepted": false}, {"proposal": 18, "retry": 1, "learning_rate": 5e-05, "kl": 0.01889679827770242, "accepted": true}, {"proposal": 19, "retry": 0, "learning_rate": 0.0001, "kl": 0.02761218146838148, "accepted": false}, {"proposal": 19, "retry": 1, "learning_rate": 5e-05, "kl": 0.0194376824279846, "accepted": true}, {"proposal": 20, "retry": 0, "learning_rate": 0.0001, "kl": 0.030407880183026748, "accepted": false}, {"proposal": 20, "retry": 1, "learning_rate": 5e-05, "kl": 0.020275901207360468, "accepted": false}, {"proposal": 20, "retry": 2, "learning_rate": 2.5e-05, "kl": 0.018697483282522454, "accepted": true}], "consecutive_zero_accepted_updates": 0, "empirical_kl_scope": "Mean whole-actor KL on the fixed collected rollout; no bound on physical motion or unseen states.", "normalizer_policy_kl": 0.0, "normalizer_policy_kl_samples": 128, "normalizer_policy_kl_scope": "Same current observations and weights, before/after statistics update; reporting only", "update": 213, "transitions": 654336, "episodes": 636, "optimizer_steps": 666, "discriminator_steps": 4260, "reward": 0.48758649826049805, "task_reward": 0.46319398283958435, "style_reward": 0.02439253032207489, "action_std": 0.10034257918596268, "raw_action_abs_mean": 0.8641625642776489, "raw_action_clip_fraction": 0.526964008808136, "return_mean": 43.609703063964844, "return_std": 2.1019885540008545, "explained_variance": 0.3566051125526428, "terminated": 0, "truncated": 0, "elapsed_s": 42.773517485009506, "transitions_per_s": 15297.689749956147, "allocation_new_transitions": 39936, "allocation_new_transitions_per_s": 933.6618157250231}
PAPER_TASK {"schema": "canonical_paper_walking_task_v1", "reward_version": "canonical_quiet_quadratic_log_tail_v2", "controls_completed": 312, "command_draws": 308, "zero_command_draws": 47, "zero_draw_fraction": 0.1525974025974026, "remaining_controls": [3, 113, 23, 74, 110, 222, 68, 200, 154, 135, 31, 21, 186, 108, 44, 41, 81, 97, 163, 58, 51, 128, 104, 223, 7, 65, 4, 126, 128, 158, 125, 147, 154, 72, 167, 137, 224, 107, 32, 89, 29, 146, 109, 47, 104, 52, 102, 103, 191, 166, 11, 17, 117, 57, 59, 45, 96, 134, 66, 130, 31, 38, 21, 82, 113, 183, 16, 169, 60, 46, 156, 84, 111, 186, 120, 128, 30, 120, 92, 193, 98, 8, 148, 186, 6, 65, 177, 190, 95, 219, 239, 120, 96, 84, 44, 41, 39, 71, 36, 126, 153, 11, 85, 166, 21, 136, 5, 162, 47, 146, 62, 2, 131, 124, 30, 115, 101, 11, 76, 98, 111, 216, 96, 79, 69, 26, 8, 25], "commands": [[0.02500000037252903, 0.0, 0.0], [-0.01767767034471035, 0.01767767034471035, 0.0], [0.05000000074505806, 0.0, 0.0], [0.0, 0.0, 0.0], [-0.05000000074505806, 6.123233849335533e-18, 0.0], [0.0353553406894207, 0.0353553406894207, 0.0], [0.01767767034471035, 0.01767767034471035, 0.0], [-0.0353553406894207, 0.0353553406894207, 0.0], [-0.02500000037252903, 3.0616169246677665e-18, 0.0], [-0.01767767034471035, 0.01767767034471035, 0.0], [0.0, 0.0, 0.0], [1.5308084623338832e-18, 0.02500000037252903, 0.0], [-0.0353553406894207, -0.0353553406894207, 0.0], [0.0, 0.0, 0.0], [3.0616169246677665e-18, 0.05000000074505806, 0.0], [0.0353553406894207, 0.0353553406894207, 0.0], [1.5308084623338832e-18, 0.02500000037252903, 0.0], [0.0, 0.0, -0.20000000298023224], [0.01767767034471035, -0.01767767034471035, 0.0], [0.0, 0.0, 0.0], [0.0353553406894207, -0.0353553406894207, 0.0], [0.0353553406894207, 0.0353553406894207, 0.0], [0.0, 0.0, -0.20000000298023224], [-4.5924256971943795e-18, -0.02500000037252903, 0.0], [0.0, 0.0, 0.0], [0.05000000074505806, 0.0, 0.0], [0.0, 0.0, 0.0], [-0.0353553406894207, -0.0353553406894207, 0.0], [-9.184851394388759e-18, -0.05000000074505806, 0.0], [0.0, 0.0, 0.0], [-0.05000000074505806, 6.123233849335533e-18, 0.0], [0.0, 0.0, 0.0], [0.03999999910593033, 0.0, 0.15000000596046448], [-0.0353553406894207, 0.0353553406894207, 0.0], [0.0, 0.0, 0.0], [-0.02500000037252903, 3.0616169246677665e-18, 0.0], [0.01767767034471035, -0.01767767034471035, 0.0], [0.05000000074505806, 0.0, 0.0], [3.0616169246677665e-18, 0.05000000074505806, 0.0], [-0.0353553406894207, -0.0353553406894207, 0.0], [0.0, 0.0, 0.0], [1.5308084623338832e-18, 0.02500000037252903, 0.0], [0.0, 0.0, 0.0], [-9.184851394388759e-18, -0.05000000074505806, 0.0], [-0.05000000074505806, 6.123233849335533e-18, 0.0], [0.0, 0.0, 0.0], [-0.01767767034471035, -0.01767767034471035, 0.0], [0.0, 0.0, 0.0], [1.5308084623338832e-18, 0.02500000037252903, 0.0], [0.03999999910593033, 0.0, 0.15000000596046448], [-0.01767767034471035, 0.01767767034471035, 0.0], [0.03999999910593033, 0.0, -0.15000000596046448], [0.02500000037252903, 0.0, 0.0], [-0.0353553406894207, -0.0353553406894207, 0.0], [1.5308084623338832e-18, 0.02500000037252903, 0.0], [0.02500000037252903, 0.0, 0.0], [0.0, 0.0, 0.0], [-0.02500000037252903, 3.0616169246677665e-18, 0.0], [0.0, 0.0, 0.0], [-0.01767767034471035, 0.01767767034471035, 0.0], [-0.01767767034471035, -0.01767767034471035, 0.0], [0.01767767034471035, 0.01767767034471035, 0.0], [-0.01767767034471035, -0.01767767034471035, 0.0], [0.0, 0.0, -0.20000000298023224], [-0.0353553406894207, -0.0353553406894207, 0.0], [-0.02500000037252903, 3.0616169246677665e-18, 0.0], [-0.0353553406894207, 0.0353553406894207, 0.0], [1.5308084623338832e-18, 0.02500000037252903, 0.0], [3.0616169246677665e-18, 0.05000000074505806, 0.0], [-0.05000000074505806, 6.123233849335533e-18, 0.0], [-0.01767767034471035, 0.01767767034471035, 0.0], [-0.0353553406894207, 0.0353553406894207, 0.0], [0.03999999910593033, 0.0, 0.15000000596046448], [-9.184851394388759e-18, -0.05000000074505806, 0.0], [0.0, 0.0, 0.0], [-0.01767767034471035, 0.01767767034471035, 0.0], [0.0353553406894207, 0.0353553406894207, 0.0], [3.0616169246677665e-18, 0.05000000074505806, 0.0], [0.0, 0.0, 0.0], [0.01767767034471035, 0.01767767034471035, 0.0], [-4.5924256971943795e-18, -0.02500000037252903, 0.0], [-9.184851394388759e-18, -0.05000000074505806, 0.0], [-0.0353553406894207, 0.0353553406894207, 0.0], [0.01767767034471035, 0.01767767034471035, 0.0], [-4.5924256971943795e-18, -0.02500000037252903, 0.0], [-0.01767767034471035, 0.01767767034471035, 0.0], [0.0, 0.0, 0.0], [0.0353553406894207, -0.0353553406894207, 0.0], [0.03999999910593033, 0.0, 0.15000000596046448], [3.0616169246677665e-18, 0.05000000074505806, 0.0], [0.0353553406894207, 0.0353553406894207, 0.0], [-0.05000000074505806, 6.123233849335533e-18, 0.0], [0.0, 0.0, 0.20000000298023224], [0.0353553406894207, -0.0353553406894207, 0.0], [-0.0353553406894207, 0.0353553406894207, 0.0], [3.0616169246677665e-18, 0.05000000074505806, 0.0], [0.0, 0.0, 0.0], [-0.02500000037252903, 3.0616169246677665e-18, 0.0], [-0.05000000074505806, 6.123233849335533e-18, 0.0], [0.0, 0.0, -0.20000000298023224], [0.01767767034471035, 0.01767767034471035, 0.0], [0.0353553406894207, -0.0353553406894207, 0.0], [-0.02500000037252903, 3.0616169246677665e-18, 0.0], [-0.0353553406894207, 0.0353553406894207, 0.0], [1.5308084623338832e-18, 0.02500000037252903, 0.0], [-0.05000000074505806, 6.123233849335533e-18, 0.0], [0.0, 0.0, 0.0], [-0.05000000074505806, 6.123233849335533e-18, 0.0], [0.03999999910593033, 0.0, -0.15000000596046448], [0.01767767034471035, 0.01767767034471035, 0.0], [3.0616169246677665e-18, 0.05000000074505806, 0.0], [0.03999999910593033, 0.0, -0.15000000596046448], [0.01767767034471035, 0.01767767034471035, 0.0], [0.01767767034471035, 0.01767767034471035, 0.0], [0.0, 0.0, 0.20000000298023224], [-4.5924256971943795e-18, -0.02500000037252903, 0.0], [0.01767767034471035, -0.01767767034471035, 0.0], [0.01767767034471035, -0.01767767034471035, 0.0], [-0.0353553406894207, -0.0353553406894207, 0.0], [0.03999999910593033, 0.0, -0.15000000596046448], [1.5308084623338832e-18, 0.02500000037252903, 0.0], [-9.184851394388759e-18, -0.05000000074505806, 0.0], [0.0, 0.0, 0.20000000298023224], [3.0616169246677665e-18, 0.05000000074505806, 0.0], [-4.5924256971943795e-18, -0.02500000037252903, 0.0], [-0.01767767034471035, -0.01767767034471035, 0.0], [-0.02500000037252903, 3.0616169246677665e-18, 0.0], [-0.05000000074505806, 6.123233849335533e-18, 0.0]], "stage2_complete": false, "proximity": {"checks": 667, "minimum_sphere_gap_m": 0.99067622423172, "failure": null, "collision_filter_present": false}, "cumulative_metrics": {"environment_controls": 39936, "signed_navigation_velocity_error_mps": [-0.002823046874254942, -0.00076922687003389], "absolute_navigation_velocity_error_mps": [0.031995341181755066, 0.029149742797017097], "achieved_planar_speed_mps": 0.03636836260557175, "requested_planar_speed_mps": 0.028114117681980133, "signed_command_direction_speed_mps": 0.0012675054604187608, "moving_command_rows": 29455, "signed_yaw_error_rad_s": -0.024295208975672722, "absolute_yaw_error_rad_s": 0.11767245829105377, "requested_saturation_fraction": 0.022108811885118484, "terminations": 13, "truncations": 0, "zero_command_rows": 6509, "nonfoot_event_rows": 0, "moving_signed_command_direction_speed_mps": 0.0017185225653039249, "nonfoot_event_fraction": 0.0, "task_reward_sum": 15732.397739080887, "task_reward_mean": 0.39394024787362, "reward_components": {"linear_tracking": {"sum": 10279.697371523474, "absolute_sum": 10279.697371523474, "mean": 0.25740428113790753, "mean_absolute": 0.25740428113790753}, "yaw_tracking": {"sum": 8615.083662021803, "absolute_sum": 8615.083662021803, "mean": 0.21572224714597865, "mean_absolute": 0.21572224714597865}, "quiet_joint_rate": {"sum": -2125.89112406224, "absolute_sum": 2125.89112406224, "mean": -0.05323245002159055, "mean_absolute": 0.05323245002159055}, "quiet_target_motion": {"sum": -775.5420111566782, "absolute_sum": 775.5420111566782, "mean": -0.019419621673594706, "mean_absolute": 0.019419621673594706}, "tilt": {"sum": -14.733514857704005, "absolute_sum": 14.733514857704005, "mean": -0.0003689281564929889, "mean_absolute": 0.0003689281564929889}, "roll_pitch_rate": {"sum": -5.484085651552719, "absolute_sum": 5.484085651552719, "mean": -0.0001373218562588321, "mean_absolute": 0.0001373218562588321}, "vertical_velocity": {"sum": -3.1748143195922984, "absolute_sum": 3.1748143195922984, "mean": -7.949755407632959e-05, "mean_absolute": 7.949755407632959e-05}, "height": {"sum": -83.39778891926414, "absolute_sum": 83.39778891926414, "mean": -0.002088285980550484, "mean_absolute": 0.002088285980550484}, "effort": {"sum": -55.50165386700246, "absolute_sum": 55.50165386700246, "mean": -0.0013897649706280663, "mean_absolute": 0.0013897649706280663}, "target_motion": {"sum": -72.65830337267107, "absolute_sum": 72.65830337267107, "mean": -0.0018193685740352332, "mean_absolute": 0.0018193685740352332}, "nonfoot_contact": {"sum": 0.0, "absolute_sum": 0.0, "mean": 0.0, "mean_absolute": 0.0}, "termination": {"sum": -26.0, "absolute_sum": 26.0, "mean": -0.0006510416666666666, "mean_absolute": 0.0006510416666666666}}, "command_classes": {"zero": {"environment_controls": 6509, "time_fraction": 0.16298577724358973, "task_reward_mean": 0.16798346547531262, "reward_component_means": {"linear_tracking": 0.3867755469618933, "yaw_tracking": 0.23260261094957232, "quiet_joint_rate": -0.3266079465451283, "quiet_target_motion": -0.11914917977518485, "tilt": -0.00035744468193414896, "roll_pitch_rate": -0.00016276026044958724, "vertical_velocity": -9.487690731887851e-05, "height": -0.0016969450006398385, "effort": -0.0013623421353793773, "target_motion": -0.001963196337550094, "nonfoot_contact": 0.0, "termination": 0.0}, "reward_component_mean_absolute": {"linear_tracking": 0.3867755469618933, "yaw_tracking": 0.23260261094957232, "quiet_joint_rate": 0.3266079465451283, "quiet_target_motion": 0.11914917977518485, "tilt": 0.00035744468193414896, "roll_pitch_rate": 0.00016276026044958724, "vertical_velocity": 9.487690731887851e-05, "height": 0.0016969450006398385, "effort": 0.0013623421353793773, "target_motion": 0.001963196337550094, "nonfoot_contact": 0.0, "termination": 0.0}, "requested_planar_speed_mps": 0.0, "moving_command_rows": 0, "moving_signed_command_direction_speed_mps": null, "nonfoot_event_fraction": 0.0}, "linear_0.025": {"environment_controls": 12481, "time_fraction": 0.3125250400641026, "task_reward_mean": 0.5331378927066314, "reward_component_means": {"linear_tracking": 0.30531633430548044, "yaw_tracking": 0.23394576363822095, "quiet_joint_rate": 0.0, "quiet_target_motion": 0.0, "tilt": -0.00029033898363090016, "roll_pitch_rate": -0.00012528466115481785, "vertical_velocity": -7.913834074737293e-05, "height": -0.0023505921451915796, "effort": -0.001360670865735344, "target_motion": -0.001757936984560293, "nonfoot_contact": 0.0, "termination": -0.00016024357022674467}, "reward_component_mean_absolute": {"linear_tracking": 0.30531633430548044, "yaw_tracking": 0.23394576363822095, "quiet_joint_rate": 0.0, "quiet_target_motion": 0.0, "tilt": 0.00029033898363090016, "roll_pitch_rate": 0.00012528466115481785, "vertical_velocity": 7.913834074737293e-05, "height": 0.0023505921451915796, "effort": 0.001360670865735344, "target_motion": 0.001757936984560293, "nonfoot_contact": 0.0, "termination": 0.00016024357022674467}, "requested_planar_speed_mps": 0.02500000037252903, "moving_command_rows": 12481, "moving_signed_command_direction_speed_mps": 0.0010999105229853139, "nonfoot_event_fraction": 0.0}, "linear_0.05": {"environment_controls": 13178, "time_fraction": 0.32997796474358976, "task_reward_mean": 0.35196277739386567, "reward_component_means": {"linear_tracking": 0.12108075912240054, "yaw_tracking": 0.23765796276275017, "quiet_joint_rate": 0.0, "quiet_target_motion": 0.0, "tilt": -0.00046729327979286805, "roll_pitch_rate": -0.00013528088809829187, "vertical_velocity": -6.907039121410377e-05, "height": -0.0020116727644043527, "effort": -0.0013984754737454957, "target_motion": -0.001783543222235353, "nonfoot_contact": 0.0, "termination": -0.0009106085900743664}, "reward_component_mean_absolute": {"linear_tracking": 0.12108075912240054, "yaw_tracking": 0.23765796276275017, "quiet_joint_rate": 0.0, "quiet_target_motion": 0.0, "tilt": 0.00046729327979286805, "roll_pitch_rate": 0.00013528088809829187, "vertical_velocity": 6.907039121410377e-05, "height": 0.0020116727644043527, "effort": 0.0013984754737454957, "target_motion": 0.001783543222235353, "nonfoot_contact": 0.0, "termination": 0.0009106085900743664}, "requested_planar_speed_mps": 0.05000000074505806, "moving_command_rows": 13178, "moving_signed_command_direction_speed_mps": 0.001839982412075226, "nonfoot_event_fraction": 0.0}, "yaw": {"environment_controls": 3972, "time_fraction": 0.09945913461538461, "task_reward_mean": 0.5404882510680981, "reward_component_means": {"linear_tracking": 0.4287310970197693, "yaw_tracking": 0.11878294143319391, "quiet_joint_rate": 0.0, "quiet_target_motion": 0.0, "tilt": -0.00034672739748592266, "roll_pitch_rate": -0.00012902572573069533, "vertical_velocity": -7.776116235881581e-05, "height": -0.0022732437413484443, "effort": -0.0013913803618521427, "target_motion": -0.0018005999940734912, "nonfoot_contact": 0.0, "termination": -0.0010070493454179255}, "reward_component_mean_absolute": {"linear_tracking": 0.4287310970197693, "yaw_tracking": 0.11878294143319391, "quiet_joint_rate": 0.0, "quiet_target_motion": 0.0, "tilt": 0.00034672739748592266, "roll_pitch_rate": 0.00012902572573069533, "vertical_velocity": 7.776116235881581e-05, "height": 0.0022732437413484443, "effort": 0.0013913803618521427, "target_motion": 0.0018005999940734912, "nonfoot_contact": 0.0, "termination": 0.0010070493454179255}, "requested_planar_speed_mps": 0.0, "moving_command_rows": 0, "moving_signed_command_direction_speed_mps": null, "nonfoot_event_fraction": 0.0}, "arc": {"environment_controls": 3796, "time_fraction": 0.09505208333333333, "task_reward_mean": 0.3160997127744372, "reward_component_means": {"linear_tracking": 0.17202318408964443, "yaw_tracking": 0.15214270672345392, "quiet_joint_rate": 0.0, "quiet_target_motion": 0.0, "tilt": -0.0003287656755460661, "roll_pitch_rate": -0.00014904624195243975, "vertical_velocity": -9.23229575018651e-05, "height": -0.0019693059841956765, "effort": -0.001500517187112859, "target_motion": -0.0019187384478880668, "nonfoot_contact": 0.0, "termination": -0.002107481559536354}, "reward_component_mean_absolute": {"linear_tracking": 0.17202318408964443, "yaw_tracking": 0.15214270672345392, "quiet_joint_rate": 0.0, "quiet_target_motion": 0.0, "tilt": 0.0003287656755460661, "roll_pitch_rate": 0.00014904624195243975, "vertical_velocity": 9.23229575018651e-05, "height": 0.0019693059841956765, "effort": 0.001500517187112859, "target_motion": 0.0019187384478880668, "nonfoot_contact": 0.0, "termination": 0.002107481559536354}, "requested_planar_speed_mps": 0.03999999910593033, "moving_command_rows": 3796, "moving_signed_command_direction_speed_mps": 0.003330824735858819, "nonfoot_event_fraction": 0.0}, "other": {"environment_controls": 0, "time_fraction": 0.0, "task_reward_mean": null, "reward_component_means": {"linear_tracking": null, "yaw_tracking": null, "quiet_joint_rate": null, "quiet_target_motion": null, "tilt": null, "roll_pitch_rate": null, "vertical_velocity": null, "height": null, "effort": null, "target_motion": null, "nonfoot_contact": null, "termination": null}, "reward_component_mean_absolute": {"linear_tracking": null, "yaw_tracking": null, "quiet_joint_rate": null, "quiet_target_motion": null, "tilt": null, "roll_pitch_rate": null, "vertical_velocity": null, "height": null, "effort": null, "target_motion": null, "nonfoot_contact": null, "termination": null}, "requested_planar_speed_mps": null, "moving_command_rows": 0, "moving_signed_command_direction_speed_mps": null, "nonfoot_event_fraction": null}}, "zero_hold_joint_rate_rms_rad_s": [0.45892841818436736, 0.7406124292343346, 0.3977058332239239, 0.41467644933355907, 0.9561087307007509, 1.3534046938630664, 0.5473239922271482, 0.7032186819560108, 0.9011586334473183, 0.5041976158387724, 0.7511064711203769, 0.8309614581591805, 0.4510840869489135, 0.7232745160247257, 0.815080692092561, 0.41384308223969435, 0.7347190319961847, 1.1442995973295282], "zero_hold_worst_joint_rate_rms_rad_s": 1.3534046938630664, "zero_hold_all_joint_rate_rms_rad_s": 0.7587122100174483, "diagnostic_scope": "Time-weighted 50Hz control endpoints; nonfoot events use each control's maximum 400Hz body/coxa/femur floor force >1N. These are reporting metrics, not Stage2 admission.", "termination_reasons": {"rows": {"height": 0, "tilt": 0, "joint_limit": 13, "timeout": 0}, "multiple_physical_reason_rows": 0, "unattributed_termination_rows": 0, "termination_flag_mismatch_rows": 0, "scope": "Counts returned terminal rows with each measured predicate; reasons may overlap. Timeout counts returned truncations separately."}, "actual_target_slew": {"environment_controls": 39795, "excluded_first_or_reset_rows": 141, "limit_rad_per_control": 0.04, "occupancy_tolerance_rad": 2e-06, "by_joint": {"lf_coxa_yaw": {"at_limit_rows": 10160, "at_limit_fraction": 0.2553084558361603, "beyond_limit_rows": 0}, "lf_femur_pitch": {"at_limit_rows": 6348, "at_limit_fraction": 0.15951752732755373, "beyond_limit_rows": 0}, "lf_tibia_pitch": {"at_limit_rows": 11341, "at_limit_fraction": 0.2849855509486116, "beyond_limit_rows": 0}, "lm_coxa_yaw": {"at_limit_rows": 15265, "at_limit_fraction": 0.3835909033798216, "beyond_limit_rows": 0}, "lm_femur_pitch": {"at_limit_rows": 8342, "at_limit_fraction": 0.2096243246639025, "beyond_limit_rows": 0}, "lm_tibia_pitch": {"at_limit_rows": 9525, "at_limit_fraction": 0.2393516773464003, "beyond_limit_rows": 0}, "lr_coxa_yaw": {"at_limit_rows": 13690, "at_limit_fraction": 0.3440130669682121, "beyond_limit_rows": 0}, "lr_femur_pitch": {"at_limit_rows": 7844, "at_limit_fraction": 0.1971101897223269, "beyond_limit_rows": 0}, "lr_tibia_pitch": {"at_limit_rows": 9614, "at_limit_fraction": 0.24158813921346903, "beyond_limit_rows": 0}, "rf_coxa_yaw": {"at_limit_rows": 9962, "at_limit_fraction": 0.250332956401558, "beyond_limit_rows": 0}, "rf_femur_pitch": {"at_limit_rows": 8550, "at_limit_fraction": 0.21485111194873727, "beyond_limit_rows": 0}, "rf_tibia_pitch": {"at_limit_rows": 8296, "at_limit_fraction": 0.20846840055283328, "beyond_limit_rows": 0}, "rm_coxa_yaw": {"at_limit_rows": 9925, "at_limit_fraction": 0.24940319135569794, "beyond_limit_rows": 0}, "rm_femur_pitch": {"at_limit_rows": 8334, "at_limit_fraction": 0.20942329438371654, "beyond_limit_rows": 0}, "rm_tibia_pitch": {"at_limit_rows": 8206, "at_limit_fraction": 0.2062068099007413, "beyond_limit_rows": 0}, "rr_coxa_yaw": {"at_limit_rows": 10344, "at_limit_fraction": 0.25993215228043726, "beyond_limit_rows": 0}, "rr_femur_pitch": {"at_limit_rows": 9469, "at_limit_fraction": 0.23794446538509864, "beyond_limit_rows": 0}, "rr_tibia_pitch": {"at_limit_rows": 10231, "at_limit_fraction": 0.25709259957281066, "beyond_limit_rows": 0}}}}, "interval_metrics": {"environment_controls": 3072, "signed_navigation_velocity_error_mps": [0.0003557346644811332, -0.0031878487206995487], "absolute_navigation_velocity_error_mps": [0.026885254308581352, 0.025148864835500717], "achieved_planar_speed_mps": 0.02675721049308777, "requested_planar_speed_mps": 0.029332686215639114, "signed_command_direction_speed_mps": 8.742070349399e-05, "moving_command_rows": 2390, "signed_yaw_error_rad_s": 0.0015300207305699587, "absolute_yaw_error_rad_s": 0.08763821423053741, "requested_saturation_fraction": 0.01432291604578495, "terminations": 0, "truncations": 0, "zero_command_rows": 476, "nonfoot_event_rows": 0, "moving_signed_command_direction_speed_mps": 0.00011236676573047072, "nonfoot_event_fraction": 0.0, "task_reward_sum": 1422.9318323038751, "task_reward_mean": 0.46319395582808437, "reward_components": {"linear_tracking": {"sum": 901.8333333702737, "absolute_sum": 901.8333333702737, "mean": 0.2935655382064693, "mean_absolute": 0.2935655382064693}, "yaw_tracking": {"sum": 728.5697274404229, "absolute_sum": 728.5697274404229, "mean": 0.23716462481784598, "mean_absolute": 0.23716462481784598}, "quiet_joint_rate": {"sum": -134.09087555110455, "absolute_sum": 134.09087555110455, "mean": -0.04364937355179185, "mean_absolute": 0.04364937355179185}, "quiet_target_motion": {"sum": -54.16224966943264, "absolute_sum": 54.16224966943264, "mean": -0.017630940647601772, "mean_absolute": 0.017630940647601772}, "tilt": {"sum": -0.6730307864898405, "absolute_sum": 0.6730307864898405, "mean": -0.00021908554247716163, "mean_absolute": 0.00021908554247716163}, "roll_pitch_rate": {"sum": -0.17319140920234855, "absolute_sum": 0.17319140920234855, "mean": -5.6377411849722836e-05, "mean_absolute": 5.6377411849722836e-05}, "vertical_velocity": {"sum": -0.05483714896113666, "absolute_sum": 0.05483714896113666, "mean": -1.7850634427453338e-05, "mean_absolute": 1.7850634427453338e-05}, "height": {"sum": -10.415528960278781, "absolute_sum": 10.415528960278781, "mean": -0.0033904716667574157, "mean_absolute": 0.0033904716667574157}, "effort": {"sum": -3.8183607465180103, "absolute_sum": 3.8183607465180103, "mean": -0.0012429559721738315, "mean_absolute": 0.0012429559721738315}, "target_motion": {"sum": -4.083156256660004, "absolute_sum": 4.083156256660004, "mean": -0.0013291524272981785, "mean_absolute": 0.0013291524272981785}, "nonfoot_contact": {"sum": 0.0, "absolute_sum": 0.0, "mean": 0.0, "mean_absolute": 0.0}, "termination": {"sum": 0.0, "absolute_sum": 0.0, "mean": 0.0, "mean_absolute": 0.0}}, "command_classes": {"zero": {"environment_controls": 476, "time_fraction": 0.15494791666666666, "task_reward_mean": 0.34940950765211853, "reward_component_means": {"linear_tracking": 0.49990640721583024, "yaw_tracking": 0.251019982597595, "quiet_joint_rate": -0.28170352006534566, "quiet_target_motion": -0.11378623880132907, "tilt": -0.00035924850083345517, "roll_pitch_rate": -9.653685538415427e-05, "vertical_velocity": -2.4968032124492894e-05, "height": -0.0028543314187243767, "effort": -0.0012235556671174807, "target_motion": -0.0014684810604584137, "nonfoot_contact": 0.0, "termination": 0.0}, "reward_component_mean_absolute": {"linear_tracking": 0.49990640721583024, "yaw_tracking": 0.251019982597595, "quiet_joint_rate": 0.28170352006534566, "quiet_target_motion": 0.11378623880132907, "tilt": 0.00035924850083345517, "roll_pitch_rate": 9.653685538415427e-05, "vertical_velocity": 2.4968032124492894e-05, "height": 0.0028543314187243767, "effort": 0.0012235556671174807, "target_motion": 0.0014684810604584137, "nonfoot_contact": 0.0, "termination": 0.0}, "requested_planar_speed_mps": 0.0, "moving_command_rows": 0, "moving_signed_command_direction_speed_mps": null, "nonfoot_event_fraction": 0.0}, "linear_0.025": {"environment_controls": 1078, "time_fraction": 0.3509114583333333, "task_reward_mean": 0.5953810493390945, "reward_component_means": {"linear_tracking": 0.3496945258892569, "yaw_tracking": 0.2519765554906555, "quiet_joint_rate": 0.0, "quiet_target_motion": 0.0, "tilt": -0.0001896395151690155, "roll_pitch_rate": -5.2423509303872685e-05, "vertical_velocity": -1.727648880406651e-05, "height": -0.003455779450379493, "effort": -0.0012629356399737471, "target_motion": -0.0013119796220420951, "nonfoot_contact": 0.0, "termination": 0.0}, "reward_component_mean_absolute": {"linear_tracking": 0.3496945258892569, "yaw_tracking": 0.2519765554906555, "quiet_joint_rate": 0.0, "quiet_target_motion": 0.0, "tilt": 0.0001896395151690155, "roll_pitch_rate": 5.2423509303872685e-05, "vertical_velocity": 1.727648880406651e-05, "height": 0.003455779450379493, "effort": 0.0012629356399737471, "target_motion": 0.0013119796220420951, "nonfoot_contact": 0.0, "termination": 0.0}, "requested_planar_speed_mps": 0.02500000037252903, "moving_command_rows": 1078, "moving_signed_command_direction_speed_mps": 0.000120397368331521, "nonfoot_event_fraction": 0.0}, "linear_0.05": {"environment_controls": 1068, "time_fraction": 0.34765625, "task_reward_mean": 0.367771760660528, "reward_component_means": {"linear_tracking": 0.12272038835634128, "yaw_tracking": 0.25137129099456434, "quiet_joint_rate": 0.0, "quiet_target_motion": 0.0, "tilt": -0.00026362221770330106, "roll_pitch_rate": -5.8116035375546504e-05, "vertical_velocity": -2.1484564524962614e-05, "height": -0.0033253122338618357, "effort": -0.0012962321265973847, "target_motion": -0.0013551513804030153, "nonfoot_contact": 0.0, "termination": 0.0}, "reward_component_mean_absolute": {"linear_tracking": 0.12272038835634128, "yaw_tracking": 0.25137129099456434, "quiet_joint_rate": 0.0, "quiet_target_motion": 0.0, "tilt": 0.00026362221770330106, "roll_pitch_rate": 5.8116035375546504e-05, "vertical_velocity": 2.1484564524962614e-05, "height": 0.0033253122338618357, "effort": 0.0012962321265973847, "target_motion": 0.0013551513804030153, "nonfoot_contact": 0.0, "termination": 0.0}, "requested_planar_speed_mps": 0.05000000074505806, "moving_command_rows": 1068, "moving_signed_command_direction_speed_mps": 0.00024111573219762363, "nonfoot_event_fraction": 0.0}, "yaw": {"environment_controls": 206, "time_fraction": 0.06705729166666667, "task_reward_mean": 0.6104022207877879, "reward_component_means": {"linear_tracking": 0.48537736817673344, "yaw_tracking": 0.13139497996782612, "quiet_joint_rate": 0.0, "quiet_target_motion": 0.0, "tilt": -1.4135866403249377e-05, "roll_pitch_rate": -1.7139335163459442e-05, "vertical_velocity": -2.354882019173785e-06, "height": -0.00404315610027429, "effort": -0.0011751093705031045, "target_motion": -0.0011182343501098073, "nonfoot_contact": 0.0, "termination": 0.0}, "reward_component_mean_absolute": {"linear_tracking": 0.48537736817673344, "yaw_tracking": 0.13139497996782612, "quiet_joint_rate": 0.0, "quiet_target_motion": 0.0, "tilt": 1.4135866403249377e-05, "roll_pitch_rate": 1.7139335163459442e-05, "vertical_velocity": 2.354882019173785e-06, "height": 0.00404315610027429, "effort": 0.0011751093705031045, "target_motion": 0.0011182343501098073, "nonfoot_contact": 0.0, "termination": 0.0}, "requested_planar_speed_mps": 0.0, "moving_command_rows": 0, "moving_signed_command_direction_speed_mps": null, "nonfoot_event_fraction": 0.0}, "arc": {"environment_controls": 244, "time_fraction": 0.07942708333333333, "task_reward_mean": 0.39454523609096154, "reward_component_means": {"linear_tracking": 0.22891013122106557, "yaw_tracking": 0.17180977151423815, "quiet_joint_rate": 0.0, "quiet_target_motion": 0.0, "tilt": -5.38384662078779e-05, "roll_pitch_rate": -2.101923846377067e-05, "vertical_velocity": -3.6790579118215614e-06, "height": -0.0038820218649013934, "effort": -0.001016619621101408, "target_motion": -0.0011974888890466393, "nonfoot_contact": 0.0, "termination": 0.0}, "reward_component_mean_absolute": {"linear_tracking": 0.22891013122106557, "yaw_tracking": 0.17180977151423815, "quiet_joint_rate": 0.0, "quiet_target_motion": 0.0, "tilt": 5.38384662078779e-05, "roll_pitch_rate": 2.101923846377067e-05, "vertical_velocity": 3.6790579118215614e-06, "height": 0.0038820218649013934, "effort": 0.001016619621101408, "target_motion": 0.0011974888890466393, "nonfoot_contact": 0.0, "termination": 0.0}, "requested_planar_speed_mps": 0.03999999910593033, "moving_command_rows": 244, "moving_signed_command_direction_speed_mps": -0.00048665325800252725, "nonfoot_event_fraction": 0.0}, "other": {"environment_controls": 0, "time_fraction": 0.0, "task_reward_mean": null, "reward_component_means": {"linear_tracking": null, "yaw_tracking": null, "quiet_joint_rate": null, "quiet_target_motion": null, "tilt": null, "roll_pitch_rate": null, "vertical_velocity": null, "height": null, "effort": null, "target_motion": null, "nonfoot_contact": null, "termination": null}, "reward_component_mean_absolute": {"linear_tracking": null, "yaw_tracking": null, "quiet_joint_rate": null, "quiet_target_motion": null, "tilt": null, "roll_pitch_rate": null, "vertical_velocity": null, "height": null, "effort": null, "target_motion": null, "nonfoot_contact": null, "termination": null}, "requested_planar_speed_mps": null, "moving_command_rows": 0, "moving_signed_command_direction_speed_mps": null, "nonfoot_event_fraction": null}}, "zero_hold_joint_rate_rms_rad_s": [0.28583503704805285, 0.4581317983596261, 0.28214491040564127, 0.25753041178945835, 0.5310181748284086, 0.6380241880102182, 0.31046070361575756, 0.45154803375477653, 0.6084729107215965, 0.31550565054925017, 0.5197493092919999, 0.48910741056563256, 0.24123478319837227, 0.43960664320704673, 0.3474822152869648, 0.2824271143681852, 0.4600952688003588, 0.5404462144959127], "zero_hold_worst_joint_rate_rms_rad_s": 0.6380241880102182, "zero_hold_all_joint_rate_rms_rad_s": 0.43216034664819747, "diagnostic_scope": "Time-weighted 50Hz control endpoints; nonfoot events use each control's maximum 400Hz body/coxa/femur floor force >1N. These are reporting metrics, not Stage2 admission.", "termination_reasons": {"rows": {"height": 0, "tilt": 0, "joint_limit": 0, "timeout": 0}, "multiple_physical_reason_rows": 0, "unattributed_termination_rows": 0, "termination_flag_mismatch_rows": 0, "scope": "Counts returned terminal rows with each measured predicate; reasons may overlap. Timeout counts returned truncations separately."}, "actual_target_slew": {"environment_controls": 3072, "excluded_first_or_reset_rows": 0, "limit_rad_per_control": 0.04, "occupancy_tolerance_rad": 2e-06, "by_joint": {"lf_coxa_yaw": {"at_limit_rows": 940, "at_limit_fraction": 0.3059895833333333, "beyond_limit_rows": 0}, "lf_femur_pitch": {"at_limit_rows": 74, "at_limit_fraction": 0.024088541666666668, "beyond_limit_rows": 0}, "lf_tibia_pitch": {"at_limit_rows": 617, "at_limit_fraction": 0.20084635416666666, "beyond_limit_rows": 0}, "lm_coxa_yaw": {"at_limit_rows": 1091, "at_limit_fraction": 0.3551432291666667, "beyond_limit_rows": 0}, "lm_femur_pitch": {"at_limit_rows": 211, "at_limit_fraction": 0.06868489583333333, "beyond_limit_rows": 0}, "lm_tibia_pitch": {"at_limit_rows": 288, "at_limit_fraction": 0.09375, "beyond_limit_rows": 0}, "lr_coxa_yaw": {"at_limit_rows": 994, "at_limit_fraction": 0.3235677083333333, "beyond_limit_rows": 0}, "lr_femur_pitch": {"at_limit_rows": 219, "at_limit_fraction": 0.0712890625, "beyond_limit_rows": 0}, "lr_tibia_pitch": {"at_limit_rows": 489, "at_limit_fraction": 0.1591796875, "beyond_limit_rows": 0}, "rf_coxa_yaw": {"at_limit_rows": 896, "at_limit_fraction": 0.2916666666666667, "beyond_limit_rows": 0}, "rf_femur_pitch": {"at_limit_rows": 203, "at_limit_fraction": 0.06608072916666667, "beyond_limit_rows": 0}, "rf_tibia_pitch": {"at_limit_rows": 211, "at_limit_fraction": 0.06868489583333333, "beyond_limit_rows": 0}, "rm_coxa_yaw": {"at_limit_rows": 943, "at_limit_fraction": 0.3069661458333333, "beyond_limit_rows": 0}, "rm_femur_pitch": {"at_limit_rows": 230, "at_limit_fraction": 0.07486979166666667, "beyond_limit_rows": 0}, "rm_tibia_pitch": {"at_limit_rows": 210, "at_limit_fraction": 0.068359375, "beyond_limit_rows": 0}, "rr_coxa_yaw": {"at_limit_rows": 959, "at_limit_fraction": 0.3121744791666667, "beyond_limit_rows": 0}, "rr_femur_pitch": {"at_limit_rows": 268, "at_limit_fraction": 0.08723958333333333, "beyond_limit_rows": 0}, "rr_tibia_pitch": {"at_limit_rows": 361, "at_limit_fraction": 0.11751302083333333, "beyond_limit_rows": 0}}}}}
PAPER_PPO {"policy_loss": -0.006336277851369232, "value_loss": 2.122051614522934, "entropy": -15.843586015701295, "estimator_loss": 0.00019594173718360253, "approx_kl": 0.01627914736745879, "actor_grad_norm": 35.84583911895752, "critic_grad_norm": 33.481213665008546, "model_grad_norm": 49.75831127166748, "clip_fraction": 0.2356770895421505, "discriminator_loss": 0.003623203607276082, "expert_score": 1.001008465886116, "policy_score": -1.006138950586319, "gradient_penalty": 0.0003576973977033049, "discriminator_expert_loss": 0.00023842309819883668, "discriminator_policy_loss": 0.0015962934645358472, "ppo_batches": 20, "discriminator_batches": 20, "target_kl": 0.02, "kl_initial": 2.99138459228937e-11, "kl_final": 0.018864486004292955, "kl_max": 0.01989888028906291, "kl_max_step_increase": 0.010291820941778735, "kl_after_model_steps": [0.01029182097169258, 0.018855172311911056, 0.018812520875686488, 0.015498361102507394, 0.018289721439974243, 0.018793521648481797, 0.017186484552028133, 0.01866520437116182, 0.01989888028906291, 0.01958341802644903, 0.014163570278102175, 0.016400880556659753, 0.017331873339044308, 0.014731669059329228, 0.018784248715079686, 0.01851666919852939, 0.015707686502105984, 0.01802048584724051, 0.018912462491733246, 0.018864486004292955], "early_stopped": false, "final_full_rollout_k3": 0.01985030621290207, "stop_reason": null, "learning_rate": 0.0001, "discriminator_learning_rate": 0.0003, "rollback_kl_steps": true, "model_proposals": 20, "accepted_model_steps": 20, "rejected_model_trials": 23, "model_trial_attempts": [{"proposal": 1, "retry": 0, "learning_rate": 0.0001, "kl": 0.0412499446930764, "accepted": false}, {"proposal": 1, "retry": 1, "learning_rate": 5e-05, "kl": 0.01029182097169258, "accepted": true}, {"proposal": 2, "retry": 0, "learning_rate": 0.0001, "kl": 0.037670556072124925, "accepted": false}, {"proposal": 2, "retry": 1, "learning_rate": 5e-05, "kl": 0.018855172311911056, "accepted": true}, {"proposal": 3, "retry": 0, "learning_rate": 0.0001, "kl": 0.044341388909148134, "accepted": false}, {"proposal": 3, "retry": 1, "learning_rate": 5e-05, "kl": 0.023059284630368857, "accepted": false}, {"proposal": 3, "retry": 2, "learning_rate": 2.5e-05, "kl": 0.018812520875686488, "accepted": true}, {"proposal": 4, "retry": 0, "learning_rate": 0.0001, "kl": 0.024212562144932063, "accepted": false}, {"proposal": 4, "retry": 1, "learning_rate": 5e-05, "kl": 0.015498361102507394, "accepted": true}, {"proposal": 5, "retry": 0, "learning_rate": 0.0001, "kl": 0.04150976565018376, "accepted": false}, {"proposal": 5, "retry": 1, "learning_rate": 5e-05, "kl": 0.018289721439974243, "accepted": true}, {"proposal": 6, "retry": 0, "learning_rate": 0.0001, "kl": 0.024950047186531796, "accepted": false}, {"proposal": 6, "retry": 1, "learning_rate": 5e-05, "kl": 0.020071098342882846, "accepted": false}, {"proposal": 6, "retry": 2, "learning_rate": 2.5e-05, "kl": 0.018793521648481797, "accepted": true}, {"proposal": 7, "retry": 0, "learning_rate": 0.0001, "kl": 0.0312886737689148, "accepted": false}, {"proposal": 7, "retry": 1, "learning_rate": 5e-05, "kl": 0.017186484552028133, "accepted": true}, {"proposal": 8, "retry": 0, "learning_rate": 0.0001, "kl": 0.043461751930392464, "accepted": false}, {"proposal": 8, "retry": 1, "learning_rate": 5e-05, "kl": 0.023533113540253642, "accepted": false}, {"proposal": 8, "retry": 2, "learning_rate": 2.5e-05, "kl": 0.01866520437116182, "accepted": true}, {"proposal": 9, "retry": 0, "learning_rate": 0.0001, "kl": 0.03526337464922437, "accepted": false}, {"proposal": 9, "retry": 1, "learning_rate": 5e-05, "kl": 0.01989888028906291, "accepted": true}, {"proposal": 10, "retry": 0, "learning_rate": 0.0001, "kl": 0.025635989380647546, "accepted": false}, {"proposal": 10, "retry": 1, "learning_rate": 5e-05, "kl": 0.01958341802644903, "accepted": true}, {"proposal": 11, "retry": 0, "learning_rate": 0.0001, "kl": 0.014163570278102175, "accepted": true}, {"proposal": 12, "retry": 0, "learning_rate": 0.0001, "kl": 0.02492864822371623, "accepted": false}, {"proposal": 12, "retry": 1, "learning_rate": 5e-05, "kl": 0.016400880556659753, "accepted": true}, {"proposal": 13, "retry": 0, "learning_rate": 0.0001, "kl": 0.017331873339044308, "accepted": true}, {"proposal": 14, "retry": 0, "learning_rate": 0.0001, "kl": 0.031025345747102653, "accepted": false}, {"proposal": 14, "retry": 1, "learning_rate": 5e-05, "kl": 0.014731669059329228, "accepted": true}, {"proposal": 15, "retry": 0, "learning_rate": 0.0001, "kl": 0.03069639475818875, "accepted": false}, {"proposal": 15, "retry": 1, "learning_rate": 5e-05, "kl": 0.018784248715079686, "accepted": true}, {"proposal": 16, "retry": 0, "learning_rate": 0.0001, "kl": 0.030656658576683093, "accepted": false}, {"proposal": 16, "retry": 1, "learning_rate": 5e-05, "kl": 0.02040894921387269, "accepted": false}, {"proposal": 16, "retry": 2, "learning_rate": 2.5e-05, "kl": 0.01851666919852939, "accepted": true}, {"proposal": 17, "retry": 0, "learning_rate": 0.0001, "kl": 0.03015839444141971, "accepted": false}, {"proposal": 17, "retry": 1, "learning_rate": 5e-05, "kl": 0.015707686502105984, "accepted": true}, {"proposal": 18, "retry": 0, "learning_rate": 0.0001, "kl": 0.05717995920500072, "accepted": false}, {"proposal": 18, "retry": 1, "learning_rate": 5e-05, "kl": 0.02568697324092978, "accepted": false}, {"proposal": 18, "retry": 2, "learning_rate": 2.5e-05, "kl": 0.01802048584724051, "accepted": true}, {"proposal": 19, "retry": 0, "learning_rate": 0.0001, "kl": 0.018912462491733246, "accepted": true}, {"proposal": 20, "retry": 0, "learning_rate": 0.0001, "kl": 0.032077700798035305, "accepted": false}, {"proposal": 20, "retry": 1, "learning_rate": 5e-05, "kl": 0.021042667221275263, "accepted": false}, {"proposal": 20, "retry": 2, "learning_rate": 2.5e-05, "kl": 0.018864486004292955, "accepted": true}], "consecutive_zero_accepted_updates": 0, "empirical_kl_scope": "Mean whole-actor KL on the fixed collected rollout; no bound on physical motion or unseen states.", "normalizer_policy_kl": 0.0, "normalizer_policy_kl_samples": 128, "normalizer_policy_kl_scope": "Same current observations and weights, before/after statistics update; reporting only", "update": 214, "transitions": 657408, "episodes": 636, "optimizer_steps": 686, "discriminator_steps": 4280, "reward": 0.4847874641418457, "task_reward": 0.45600971579551697, "style_reward": 0.028777744621038437, "action_std": 0.10035107284784317, "raw_action_abs_mean": 0.8719640970230103, "raw_action_clip_fraction": 0.5409071445465088, "return_mean": 43.32806396484375, "return_std": 2.04537034034729, "explained_variance": -0.012615799903869629, "terminated": 0, "truncated": 0, "elapsed_s": 46.28421265911311, "transitions_per_s": 14203.720064157988, "allocation_new_transitions": 43008, "allocation_new_transitions_per_s": 929.2153313000553}
PAPER_TASK {"schema": "canonical_paper_walking_task_v1", "reward_version": "canonical_quiet_quadratic_log_tail_v2", "controls_completed": 336, "command_draws": 325, "zero_command_draws": 49, "zero_draw_fraction": 0.15076923076923077, "remaining_controls": [198, 89, 220, 50, 86, 198, 44, 176, 130, 111, 7, 106, 162, 84, 20, 17, 57, 73, 139, 34, 27, 104, 80, 199, 171, 41, 137, 102, 104, 134, 101, 123, 130, 48, 143, 113, 200, 83, 8, 65, 5, 122, 85, 23, 80, 28, 78, 79, 167, 142, 149, 197, 93, 33, 35, 21, 72, 110, 42, 106, 7, 14, 180, 58, 89, 159, 209, 145, 36, 22, 132, 60, 87, 162, 96, 104, 6, 96, 68, 169, 74, 186, 124, 162, 114, 41, 153, 166, 71, 195, 215, 96, 72, 60, 20, 17, 15, 47, 12, 102, 129, 160, 61, 142, 161, 112, 136, 138, 23, 122, 38, 223, 107, 100, 6, 91, 77, 175, 52, 74, 87, 192, 72, 55, 45, 2, 115, 1], "commands": [[-4.5924256971943795e-18, -0.02500000037252903, 0.0], [-0.01767767034471035, 0.01767767034471035, 0.0], [1.5308084623338832e-18, 0.02500000037252903, 0.0], [0.0, 0.0, 0.0], [-0.05000000074505806, 6.123233849335533e-18, 0.0], [0.0353553406894207, 0.0353553406894207, 0.0], [0.01767767034471035, 0.01767767034471035, 0.0], [-0.0353553406894207, 0.0353553406894207, 0.0], [-0.02500000037252903, 3.0616169246677665e-18, 0.0], [-0.01767767034471035, 0.01767767034471035, 0.0], [0.0, 0.0, 0.0], [-0.0353553406894207, -0.0353553406894207, 0.0], [-0.0353553406894207, -0.0353553406894207, 0.0], [0.0, 0.0, 0.0], [3.0616169246677665e-18, 0.05000000074505806, 0.0], [0.0353553406894207, 0.0353553406894207, 0.0], [1.5308084623338832e-18, 0.02500000037252903, 0.0], [0.0, 0.0, -0.20000000298023224], [0.01767767034471035, -0.01767767034471035, 0.0], [0.0, 0.0, 0.0], [0.0353553406894207, -0.0353553406894207, 0.0], [0.0353553406894207, 0.0353553406894207, 0.0], [0.0, 0.0, -0.20000000298023224], [-4.5924256971943795e-18, -0.02500000037252903, 0.0], [0.0, 0.0, 0.0], [0.05000000074505806, 0.0, 0.0], [0.01767767034471035, -0.01767767034471035, 0.0], [-0.0353553406894207, -0.0353553406894207, 0.0], [-9.184851394388759e-18, -0.05000000074505806, 0.0], [0.0, 0.0, 0.0], [-0.05000000074505806, 6.123233849335533e-18, 0.0], [0.0, 0.0, 0.0], [0.03999999910593033, 0.0, 0.15000000596046448], [-0.0353553406894207, 0.0353553406894207, 0.0], [0.0, 0.0, 0.0], [-0.02500000037252903, 3.0616169246677665e-18, 0.0], [0.01767767034471035, -0.01767767034471035, 0.0], [0.05000000074505806, 0.0, 0.0], [3.0616169246677665e-18, 0.05000000074505806, 0.0], [-0.0353553406894207, -0.0353553406894207, 0.0], [0.0, 0.0, 0.0], [1.5308084623338832e-18, 0.02500000037252903, 0.0], [0.0, 0.0, 0.0], [-9.184851394388759e-18, -0.05000000074505806, 0.0], [-0.05000000074505806, 6.123233849335533e-18, 0.0], [0.0, 0.0, 0.0], [-0.01767767034471035, -0.01767767034471035, 0.0], [0.0, 0.0, 0.0], [1.5308084623338832e-18, 0.02500000037252903, 0.0], [0.03999999910593033, 0.0, 0.15000000596046448], [0.05000000074505806, 0.0, 0.0], [0.0, 0.0, 0.0], [0.02500000037252903, 0.0, 0.0], [-0.0353553406894207, -0.0353553406894207, 0.0], [1.5308084623338832e-18, 0.02500000037252903, 0.0], [0.02500000037252903, 0.0, 0.0], [0.0, 0.0, 0.0], [-0.02500000037252903, 3.0616169246677665e-18, 0.0], [0.0, 0.0, 0.0], [-0.01767767034471035, 0.01767767034471035, 0.0], [-0.01767767034471035, -0.01767767034471035, 0.0], [0.01767767034471035, 0.01767767034471035, 0.0], [-0.0353553406894207, -0.0353553406894207, 0.0], [0.0, 0.0, -0.20000000298023224], [-0.0353553406894207, -0.0353553406894207, 0.0], [-0.02500000037252903, 3.0616169246677665e-18, 0.0], [0.03999999910593033, 0.0, -0.15000000596046448], [1.5308084623338832e-18, 0.02500000037252903, 0.0], [3.0616169246677665e-18, 0.05000000074505806, 0.0], [-0.05000000074505806, 6.123233849335533e-18, 0.0], [-0.01767767034471035, 0.01767767034471035, 0.0], [-0.0353553406894207, 0.0353553406894207, 0.0], [0.03999999910593033, 0.0, 0.15000000596046448], [-9.184851394388759e-18, -0.05000000074505806, 0.0], [0.0, 0.0, 0.0], [-0.01767767034471035, 0.01767767034471035, 0.0], [0.0353553406894207, 0.0353553406894207, 0.0], [3.0616169246677665e-18, 0.05000000074505806, 0.0], [0.0, 0.0, 0.0], [0.01767767034471035, 0.01767767034471035, 0.0], [-4.5924256971943795e-18, -0.02500000037252903, 0.0], [1.5308084623338832e-18, 0.02500000037252903, 0.0], [-0.0353553406894207, 0.0353553406894207, 0.0], [0.01767767034471035, 0.01767767034471035, 0.0], [0.03999999910593033, 0.0, -0.15000000596046448], [-0.01767767034471035, 0.01767767034471035, 0.0], [0.0, 0.0, 0.0], [0.0353553406894207, -0.0353553406894207, 0.0], [0.03999999910593033, 0.0, 0.15000000596046448], [3.0616169246677665e-18, 0.05000000074505806, 0.0], [0.0353553406894207, 0.0353553406894207, 0.0], [-0.05000000074505806, 6.123233849335533e-18, 0.0], [0.0, 0.0, 0.20000000298023224], [0.0353553406894207, -0.0353553406894207, 0.0], [-0.0353553406894207, 0.0353553406894207, 0.0], [3.0616169246677665e-18, 0.05000000074505806, 0.0], [0.0, 0.0, 0.0], [-0.02500000037252903, 3.0616169246677665e-18, 0.0], [-0.05000000074505806, 6.123233849335533e-18, 0.0], [0.0, 0.0, -0.20000000298023224], [0.01767767034471035, 0.01767767034471035, 0.0], [-0.02500000037252903, 3.0616169246677665e-18, 0.0], [-0.02500000037252903, 3.0616169246677665e-18, 0.0], [-0.0353553406894207, 0.0353553406894207, 0.0], [-0.0353553406894207, -0.0353553406894207, 0.0], [-0.05000000074505806, 6.123233849335533e-18, 0.0], [3.0616169246677665e-18, 0.05000000074505806, 0.0], [-0.05000000074505806, 6.123233849335533e-18, 0.0], [0.03999999910593033, 0.0, -0.15000000596046448], [0.01767767034471035, 0.01767767034471035, 0.0], [3.0616169246677665e-18, 0.05000000074505806, 0.0], [-0.02500000037252903, 3.0616169246677665e-18, 0.0], [0.01767767034471035, 0.01767767034471035, 0.0], [0.01767767034471035, 0.01767767034471035, 0.0], [0.0, 0.0, 0.20000000298023224], [-4.5924256971943795e-18, -0.02500000037252903, 0.0], [0.01767767034471035, -0.01767767034471035, 0.0], [-0.05000000074505806, 6.123233849335533e-18, 0.0], [-0.0353553406894207, -0.0353553406894207, 0.0], [0.03999999910593033, 0.0, -0.15000000596046448], [1.5308084623338832e-18, 0.02500000037252903, 0.0], [-9.184851394388759e-18, -0.05000000074505806, 0.0], [0.0, 0.0, 0.20000000298023224], [3.0616169246677665e-18, 0.05000000074505806, 0.0], [-4.5924256971943795e-18, -0.02500000037252903, 0.0], [-0.01767767034471035, -0.01767767034471035, 0.0], [3.0616169246677665e-18, 0.05000000074505806, 0.0], [-0.05000000074505806, 6.123233849335533e-18, 0.0]], "stage2_complete": false, "proximity": {"checks": 715, "minimum_sphere_gap_m": 0.99067622423172, "failure": null, "collision_filter_present": false}, "cumulative_metrics": {"environment_controls": 43008, "signed_navigation_velocity_error_mps": [-0.0024562254548072815, -0.000910404312890023], "absolute_navigation_velocity_error_mps": [0.03164162114262581, 0.028917500749230385], "achieved_planar_speed_mps": 0.03573281317949295, "requested_planar_speed_mps": 0.028273824602365494, "signed_command_direction_speed_mps": 0.0012378930114209652, "moving_command_rows": 31911, "signed_yaw_error_rad_s": -0.022760700434446335, "absolute_yaw_error_rad_s": 0.11563821136951447, "requested_saturation_fraction": 0.021509403362870216, "terminations": 13, "truncations": 0, "zero_command_rows": 6957, "nonfoot_event_rows": 0, "moving_signed_command_direction_speed_mps": 0.0016683680634278137, "nonfoot_event_fraction": 0.0, "task_reward_sum": 17133.25950345391, "task_reward_mean": 0.3983737793771836, "reward_components": {"linear_tracking": {"sum": 11148.144626894036, "absolute_sum": 11148.144626894036, "mean": 0.25921095207621925, "mean_absolute": 0.25921095207621925}, "yaw_tracking": {"sum": 9343.529780726563, "absolute_sum": 9343.529780726563, "mean": 0.2172509714640663, "mean_absolute": 0.2172509714640663}, "quiet_joint_rate": {"sum": -2251.751766972244, "absolute_sum": 2251.751766972244, "mean": -0.05235657940318647, "mean_absolute": 0.05235657940318647}, "quiet_target_motion": {"sum": -826.1846029162407, "absolute_sum": 826.1846029162407, "mean": -0.019210021459175983, "mean_absolute": 0.019210021459175983}, "tilt": {"sum": -15.345386653772358, "absolute_sum": 15.345386653772358, "mean": -0.00035680307509701356, "mean_absolute": 0.00035680307509701356}, "roll_pitch_rate": {"sum": -5.637948283425929, "absolute_sum": 5.637948283425929, "mean": -0.00013109068739364604, "mean_absolute": 0.00013109068739364604}, "vertical_velocity": {"sum": -3.2378774991374515, "absolute_sum": 3.2378774991374515, "mean": -7.528547012503375e-05, "mean_absolute": 7.528547012503375e-05}, "height": {"sum": -94.21420530761884, "absolute_sum": 94.21420530761884, "mean": -0.002190620473112417, "mean_absolute": 0.002190620473112417}, "effort": {"sum": -59.345091330455034, "absolute_sum": 59.345091330455034, "mean": -0.0013798616845808926, "mean_absolute": 0.0013798616845808926}, "target_motion": {"sum": -76.69802689954668, "absolute_sum": 76.69802689954668, "mean": -0.0017833432593830608, "mean_absolute": 0.0017833432593830608}, "nonfoot_contact": {"sum": 0.0, "absolute_sum": 0.0, "mean": 0.0, "mean_absolute": 0.0}, "termination": {"sum": -26.0, "absolute_sum": 26.0, "mean": -0.0006045386904761905, "mean_absolute": 0.0006045386904761905}}, "command_classes": {"zero": {"environment_controls": 6957, "time_fraction": 0.16176060267857142, "task_reward_mean": 0.17851213319666356, "reward_component_means": {"linear_tracking": 0.39328243032789895, "yaw_tracking": 0.2333212009330065, "quiet_joint_rate": -0.3236670643915831, "quiet_target_motion": -0.11875587220299565, "tilt": -0.00035667303354765056, "roll_pitch_rate": -0.0001580429829710932, "vertical_velocity": -9.073885994072416e-05, "height": -0.0017794264811031727, "effort": -0.0013551480806544963, "target_motion": -0.0019285312080410365, "nonfoot_contact": 0.0, "termination": 0.0}, "reward_component_mean_absolute": {"linear_tracking": 0.39328243032789895, "yaw_tracking": 0.2333212009330065, "quiet_joint_rate": 0.3236670643915831, "quiet_target_motion": 0.11875587220299565, "tilt": 0.00035667303354765056, "roll_pitch_rate": 0.0001580429829710932, "vertical_velocity": 9.073885994072416e-05, "height": 0.0017794264811031727, "effort": 0.0013551480806544963, "target_motion": 0.0019285312080410365, "nonfoot_contact": 0.0, "termination": 0.0}, "requested_planar_speed_mps": 0.0, "moving_command_rows": 0, "moving_signed_command_direction_speed_mps": null, "nonfoot_event_fraction": 0.0}, "linear_0.025": {"environment_controls": 13588, "time_fraction": 0.31594122023809523, "task_reward_mean": 0.5381023674418591, "reward_component_means": {"linear_tracking": 0.3090433047289383, "yaw_tracking": 0.23521206265527794, "quiet_joint_rate": 0.0, "quiet_target_motion": 0.0, "tilt": -0.00027917691843190086, "roll_pitch_rate": -0.00011878845066247637, "vertical_velocity": -7.427125089560476e-05, "height": -0.0024576122551925777, "effort": -0.0013552590596068404, "target_motion": -0.0017207035325479932, "nonfoot_contact": 0.0, "termination": -0.00014718869590815426}, "reward_component_mean_absolute": {"linear_tracking": 0.3090433047289383, "yaw_tracking": 0.23521206265527794, "quiet_joint_rate": 0.0, "quiet_target_motion": 0.0, "tilt": 0.00027917691843190086, "roll_pitch_rate": 0.00011878845066247637, "vertical_velocity": 7.427125089560476e-05, "height": 0.0024576122551925777, "effort": 0.0013552590596068404, "target_motion": 0.0017207035325479932, "nonfoot_contact": 0.0, "termination": 0.00014718869590815426}, "requested_planar_speed_mps": 0.02500000037252903, "moving_command_rows": 13588, "moving_signed_command_direction_speed_mps": 0.0011207671961209825, "nonfoot_event_fraction": 0.0}, "linear_0.05": {"environment_controls": 14338, "time_fraction": 0.33337983630952384, "task_reward_mean": 0.3526768958825976, "reward_component_means": {"linear_tracking": 0.12076183814896782, "yaw_tracking": 0.2386584873819903, "quiet_joint_rate": 0.0, "quiet_target_motion": 0.0, "tilt": -0.00044930076066124837, "roll_pitch_rate": -0.0001283538690905884, "vertical_velocity": -6.53571253231947e-05, "height": -0.002127509763754638, "effort": -0.0013888461493629762, "target_motion": -0.0017471253302961994, "nonfoot_contact": 0.0, "termination": -0.0008369368112707491}, "reward_component_mean_absolute": {"linear_tracking": 0.12076183814896782, "yaw_tracking": 0.2386584873819903, "quiet_joint_rate": 0.0, "quiet_target_motion": 0.0, "tilt": 0.00044930076066124837, "roll_pitch_rate": 0.0001283538690905884, "vertical_velocity": 6.53571253231947e-05, "height": 0.002127509763754638, "effort": 0.0013888461493629762, "target_motion": 0.0017471253302961994, "nonfoot_contact": 0.0, "termination": 0.0008369368112707491}, "requested_planar_speed_mps": 0.05000000074505806, "moving_command_rows": 14338, "moving_signed_command_direction_speed_mps": 0.001746405834812709, "nonfoot_event_fraction": 0.0}, "yaw": {"environment_controls": 4140, "time_fraction": 0.09626116071428571, "task_reward_mean": 0.5430044232058375, "reward_component_means": {"linear_tracking": 0.43099412819869254, "yaw_tracking": 0.11900427081645319, "quiet_joint_rate": 0.0, "quiet_target_motion": 0.0, "tilt": -0.0003330021499324772, "roll_pitch_rate": -0.00012445074983174158, "vertical_velocity": -7.471459876957729e-05, "height": -0.0023429653581447238, "effort": -0.0013769538299731572, "target_motion": -0.0017757059178453733, "nonfoot_contact": 0.0, "termination": -0.000966183574879227}, "reward_component_mean_absolute": {"linear_tracking": 0.43099412819869254, "yaw_tracking": 0.11900427081645319, "quiet_joint_rate": 0.0, "quiet_target_motion": 0.0, "tilt": 0.0003330021499324772, "roll_pitch_rate": 0.00012445074983174158, "vertical_velocity": 7.471459876957729e-05, "height": 0.0023429653581447238, "effort": 0.0013769538299731572, "target_motion": 0.0017757059178453733, "nonfoot_contact": 0.0, "termination": 0.000966183574879227}, "requested_planar_speed_mps": 0.0, "moving_command_rows": 0, "moving_signed_command_direction_speed_mps": null, "nonfoot_event_fraction": 0.0}, "arc": {"environment_controls": 3985, "time_fraction": 0.09265718005952381, "task_reward_mean": 0.3199237085992197, "reward_component_means": {"linear_tracking": 0.1749057486382785, "yaw_tracking": 0.15299613681621713, "quiet_joint_rate": 0.0, "quiet_target_motion": 0.0, "tilt": -0.000313639444077102, "roll_pitch_rate": -0.00014273071617817754, "vertical_velocity": -8.808044957850424e-05, "height": -0.002066897962257021, "effort": -0.0014775912385818653, "target_motion": -0.0018817089584131242, "nonfoot_contact": 0.0, "termination": -0.0020075282308657464}, "reward_component_mean_absolute": {"linear_tracking": 0.1749057486382785, "yaw_tracking": 0.15299613681621713, "quiet_joint_rate": 0.0, "quiet_target_motion": 0.0, "tilt": 0.000313639444077102, "roll_pitch_rate": 0.00014273071617817754, "vertical_velocity": 8.808044957850424e-05, "height": 0.002066897962257021, "effort": 0.0014775912385818653, "target_motion": 0.0018817089584131242, "nonfoot_contact": 0.0, "termination": 0.0020075282308657464}, "requested_planar_speed_mps": 0.03999999910593033, "moving_command_rows": 3985, "moving_signed_command_direction_speed_mps": 0.003254790903791325, "nonfoot_event_fraction": 0.0}, "other": {"environment_controls": 0, "time_fraction": 0.0, "task_reward_mean": null, "reward_component_means": {"linear_tracking": null, "yaw_tracking": null, "quiet_joint_rate": null, "quiet_target_motion": null, "tilt": null, "roll_pitch_rate": null, "vertical_velocity": null, "height": null, "effort": null, "target_motion": null, "nonfoot_contact": null, "termination": null}, "reward_component_mean_absolute": {"linear_tracking": null, "yaw_tracking": null, "quiet_joint_rate": null, "quiet_target_motion": null, "tilt": null, "roll_pitch_rate": null, "vertical_velocity": null, "height": null, "effort": null, "target_motion": null, "nonfoot_contact": null, "termination": null}, "requested_planar_speed_mps": null, "moving_command_rows": 0, "moving_signed_command_direction_speed_mps": null, "nonfoot_event_fraction": null}}, "zero_hold_joint_rate_rms_rad_s": [0.45331635094597983, 0.7237010709223105, 0.39118182489625825, 0.4085903319823311, 0.9358963625445398, 1.3231878707342577, 0.5376454616540852, 0.69170180299866, 0.8875539434391807, 0.49608866929350703, 0.7372940439840158, 0.8133136535412067, 0.442379984241962, 0.7121597835626498, 0.7937761013183202, 0.4094350469568886, 0.7240876207939366, 1.146213422999514], "zero_hold_worst_joint_rate_rms_rad_s": 1.3231878707342577, "zero_hold_all_joint_rate_rms_rad_s": 0.7461413791329461, "diagnostic_scope": "Time-weighted 50Hz control endpoints; nonfoot events use each control's maximum 400Hz body/coxa/femur floor force >1N. These are reporting metrics, not Stage2 admission.", "termination_reasons": {"rows": {"height": 0, "tilt": 0, "joint_limit": 13, "timeout": 0}, "multiple_physical_reason_rows": 0, "unattributed_termination_rows": 0, "termination_flag_mismatch_rows": 0, "scope": "Counts returned terminal rows with each measured predicate; reasons may overlap. Timeout counts returned truncations separately."}, "actual_target_slew": {"environment_controls": 42867, "excluded_first_or_reset_rows": 141, "limit_rad_per_control": 0.04, "occupancy_tolerance_rad": 2e-06, "by_joint": {"lf_coxa_yaw": {"at_limit_rows": 11126, "at_limit_fraction": 0.2595469708633681, "beyond_limit_rows": 0}, "lf_femur_pitch": {"at_limit_rows": 6423, "at_limit_fraction": 0.14983553782629996, "beyond_limit_rows": 0}, "lf_tibia_pitch": {"at_limit_rows": 11921, "at_limit_fraction": 0.2780927053444374, "beyond_limit_rows": 0}, "lm_coxa_yaw": {"at_limit_rows": 16350, "at_limit_fraction": 0.38141227517670934, "beyond_limit_rows": 0}, "lm_femur_pitch": {"at_limit_rows": 8521, "at_limit_fraction": 0.19877761448200248, "beyond_limit_rows": 0}, "lm_tibia_pitch": {"at_limit_rows": 9779, "at_limit_fraction": 0.2281241981011034, "beyond_limit_rows": 0}, "lr_coxa_yaw": {"at_limit_rows": 14735, "at_limit_fraction": 0.34373760701705275, "beyond_limit_rows": 0}, "lr_femur_pitch": {"at_limit_rows": 8045, "at_limit_fraction": 0.18767350176126157, "beyond_limit_rows": 0}, "lr_tibia_pitch": {"at_limit_rows": 10051, "at_limit_fraction": 0.23446940537009822, "beyond_limit_rows": 0}, "rf_coxa_yaw": {"at_limit_rows": 10895, "at_limit_fraction": 0.25415821027830265, "beyond_limit_rows": 0}, "rf_femur_pitch": {"at_limit_rows": 8757, "at_limit_fraction": 0.2042830149065715, "beyond_limit_rows": 0}, "rf_tibia_pitch": {"at_limit_rows": 8492, "at_limit_fraction": 0.1981011034128817, "beyond_limit_rows": 0}, "rm_coxa_yaw": {"at_limit_rows": 10851, "at_limit_fraction": 0.25313177969067113, "beyond_limit_rows": 0}, "rm_femur_pitch": {"at_limit_rows": 8554, "at_limit_fraction": 0.1995474374227261, "beyond_limit_rows": 0}, "rm_tibia_pitch": {"at_limit_rows": 8371, "at_limit_fraction": 0.19527841929689504, "beyond_limit_rows": 0}, "rr_coxa_yaw": {"at_limit_rows": 11279, "at_limit_fraction": 0.2631161499521777, "beyond_limit_rows": 0}, "rr_femur_pitch": {"at_limit_rows": 9763, "at_limit_fraction": 0.22775095061469194, "beyond_limit_rows": 0}, "rr_tibia_pitch": {"at_limit_rows": 10603, "at_limit_fraction": 0.24734644365129355, "beyond_limit_rows": 0}}}}, "interval_metrics": {"environment_controls": 3072, "signed_navigation_velocity_error_mps": [0.002312455326318741, -0.0027457126416265965], "absolute_navigation_velocity_error_mps": [0.027043189853429794, 0.025898277759552002], "achieved_planar_speed_mps": 0.027470648288726807, "requested_planar_speed_mps": 0.030349938198924065, "signed_command_direction_speed_mps": 0.0008529333281330764, "moving_command_rows": 2456, "signed_yaw_error_rad_s": -0.0028121122159063816, "absolute_yaw_error_rad_s": 0.08919334411621094, "requested_saturation_fraction": 0.013717086985707283, "terminations": 0, "truncations": 0, "zero_command_rows": 448, "nonfoot_event_rows": 0, "moving_signed_command_direction_speed_mps": 0.0010668612015545, "nonfoot_event_fraction": 0.0, "task_reward_sum": 1400.861764373025, "task_reward_mean": 0.45600968892351074, "reward_components": {"linear_tracking": {"sum": 868.4472553705618, "absolute_sum": 868.4472553705618, "mean": 0.28269767427427145, "mean_absolute": 0.28269767427427145}, "yaw_tracking": {"sum": 728.44611870476, "absolute_sum": 728.44611870476, "mean": 0.23712438759920573, "mean_absolute": 0.23712438759920573}, "quiet_joint_rate": {"sum": -125.86064291000366, "absolute_sum": 125.86064291000366, "mean": -0.04097026136393348, "mean_absolute": 0.04097026136393348}, "quiet_target_motion": {"sum": -50.64259175956249, "absolute_sum": 50.64259175956249, "mean": -0.016485218671732582, "mean_absolute": 0.016485218671732582}, "tilt": {"sum": -0.6118717960683532, "absolute_sum": 0.6118717960683532, "mean": -0.0001991770169493337, "mean_absolute": 0.0001991770169493337}, "roll_pitch_rate": {"sum": -0.15386263187320992, "absolute_sum": 0.15386263187320992, "mean": -5.0085492146227185e-05, "mean_absolute": 5.0085492146227185e-05}, "vertical_velocity": {"sum": -0.063063179545153, "absolute_sum": 0.063063179545153, "mean": -2.0528378758187825e-05, "mean_absolute": 2.0528378758187825e-05}, "height": {"sum": -10.816416388354723, "absolute_sum": 10.816416388354723, "mean": -0.003520968876417553, "mean_absolute": 0.003520968876417553}, "effort": {"sum": -3.843437463452574, "absolute_sum": 3.843437463452574, "mean": -0.0012511189659676347, "mean_absolute": 0.0012511189659676347}, "target_motion": {"sum": -4.039723526875605, "absolute_sum": 4.039723526875605, "mean": -0.0013150141689048194, "mean_absolute": 0.0013150141689048194}, "nonfoot_contact": {"sum": 0.0, "absolute_sum": 0.0, "mean": 0.0, "mean_absolute": 0.0}, "termination": {"sum": 0.0, "absolute_sum": 0.0, "mean": 0.0, "mean_absolute": 0.0}}, "command_classes": {"zero": {"environment_controls": 448, "time_fraction": 0.14583333333333334, "task_reward_mean": 0.3314833345320949, "reward_component_means": {"linear_tracking": 0.48782105494694056, "yaw_tracking": 0.24376160763428548, "quiet_joint_rate": -0.2809389350669725, "quiet_target_motion": -0.11304149946330913, "tilt": -0.00034546174036077993, "roll_pitch_rate": -8.950557424895557e-05, "vertical_velocity": -3.061709568981682e-05, "height": -0.0029778013836385337, "effort": -0.001250625531091438, "target_motion": -0.001424880922383766, "nonfoot_contact": 0.0, "termination": 0.0}, "reward_component_mean_absolute": {"linear_tracking": 0.48782105494694056, "yaw_tracking": 0.24376160763428548, "quiet_joint_rate": 0.2809389350669725, "quiet_target_motion": 0.11304149946330913, "tilt": 0.00034546174036077993, "roll_pitch_rate": 8.950557424895557e-05, "vertical_velocity": 3.061709568981682e-05, "height": 0.0029778013836385337, "effort": 0.001250625531091438, "target_motion": 0.001424880922383766, "nonfoot_contact": 0.0, "termination": 0.0}, "requested_planar_speed_mps": 0.0, "moving_command_rows": 0, "moving_signed_command_direction_speed_mps": null, "nonfoot_event_fraction": 0.0}, "linear_0.025": {"environment_controls": 1107, "time_fraction": 0.3603515625, "task_reward_mean": 0.5940749141178998, "reward_component_means": {"linear_tracking": 0.3510634653930562, "yaw_tracking": 0.24948909791443602, "quiet_joint_rate": 0.0, "quiet_target_motion": 0.0, "tilt": -0.00015332891865890144, "roll_pitch_rate": -4.5546171389744554e-05, "vertical_velocity": -1.939668139251688e-05, "height": -0.0036642229082390586, "effort": -0.0012942430232113099, "target_motion": -0.0013009106557950454, "nonfoot_contact": 0.0, "termination": 0.0}, "reward_component_mean_absolute": {"linear_tracking": 0.3510634653930562, "yaw_tracking": 0.24948909791443602, "quiet_joint_rate": 0.0, "quiet_target_motion": 0.0, "tilt": 0.00015332891865890144, "roll_pitch_rate": 4.5546171389744554e-05, "vertical_velocity": 1.939668139251688e-05, "height": 0.0036642229082390586, "effort": 0.0012942430232113099, "target_motion": 0.0013009106557950454, "nonfoot_contact": 0.0, "termination": 0.0}, "requested_planar_speed_mps": 0.02500000037252903, "moving_command_rows": 1107, "moving_signed_command_direction_speed_mps": 0.0013559181784211446, "nonfoot_event_fraction": 0.0}, "linear_0.05": {"environment_controls": 1160, "time_fraction": 0.3776041666666667, "task_reward_mean": 0.3607895281623471, "reward_component_means": {"linear_tracking": 0.11713878591802249, "yaw_tracking": 0.25002479206504774, "quiet_joint_rate": 0.0, "quiet_target_motion": 0.0, "tilt": -0.00024489953900910734, "roll_pitch_rate": -4.966054453583293e-05, "vertical_velocity": -2.317314436595329e-05, "height": -0.0034434580201667653, "effort": -0.0012794537039208709, "target_motion": -0.0013334055199736433, "nonfoot_contact": 0.0, "termination": 0.0}, "reward_component_mean_absolute": {"linear_tracking": 0.11713878591802249, "yaw_tracking": 0.25002479206504774, "quiet_joint_rate": 0.0, "quiet_target_motion": 0.0, "tilt": 0.00024489953900910734, "roll_pitch_rate": 4.966054453583293e-05, "vertical_velocity": 2.317314436595329e-05, "height": 0.0034434580201667653, "effort": 0.0012794537039208709, "target_motion": 0.0013334055199736433, "nonfoot_contact": 0.0, "termination": 0.0}, "requested_planar_speed_mps": 0.05000000074505806, "moving_command_rows": 1160, "moving_signed_command_direction_speed_mps": 0.0006833436493252521, "nonfoot_event_fraction": 0.0}, "yaw": {"environment_controls": 168, "time_fraction": 0.0546875, "task_reward_mean": 0.6024939216052493, "reward_component_means": {"linear_tracking": 0.4844986510718064, "yaw_tracking": 0.12423712980636906, "quiet_joint_rate": 0.0, "quiet_target_motion": 0.0, "tilt": -8.498082776015841e-06, "roll_pitch_rate": -1.628524822076353e-05, "vertical_velocity": -2.685131052581028e-06, "height": -0.003991383583828186, "effort": -0.0010358693976914289, "target_motion": -0.0011871388298805826, "nonfoot_contact": 0.0, "termination": 0.0}, "reward_component_mean_absolute": {"linear_tracking": 0.4844986510718064, "yaw_tracking": 0.12423712980636906, "quiet_joint_rate": 0.0, "quiet_target_motion": 0.0, "tilt": 8.498082776015841e-06, "roll_pitch_rate": 1.628524822076353e-05, "vertical_velocity": 2.685131052581028e-06, "height": 0.003991383583828186, "effort": 0.0010358693976914289, "target_motion": 0.0011871388298805826, "nonfoot_contact": 0.0, "termination": 0.0}, "requested_planar_speed_mps": 0.0, "moving_command_rows": 0, "moving_signed_command_direction_speed_mps": null, "nonfoot_event_fraction": 0.0}, "arc": {"environment_controls": 189, "time_fraction": 0.0615234375, "task_reward_mean": 0.3967273496091366, "reward_component_means": {"linear_tracking": 0.23280106623941618, "yaw_tracking": 0.17013698672166183, "quiet_joint_rate": 0.0, "quiet_target_motion": 0.0, "tilt": -9.834287166056818e-06, "roll_pitch_rate": -1.5885553008339318e-05, "vertical_velocity": -2.871137001372793e-06, "height": -0.004026999278240418, "effort": -0.001017131446922326, "target_motion": -0.0011379843973185098, "nonfoot_contact": 0.0, "termination": 0.0}, "reward_component_mean_absolute": {"linear_tracking": 0.23280106623941618, "yaw_tracking": 0.17013698672166183, "quiet_joint_rate": 0.0, "quiet_target_motion": 0.0, "tilt": 9.834287166056818e-06, "roll_pitch_rate": 1.5885553008339318e-05, "vertical_velocity": 2.871137001372793e-06, "height": 0.004026999278240418, "effort": 0.001017131446922326, "target_motion": 0.0011379843973185098, "nonfoot_contact": 0.0, "termination": 0.0}, "requested_planar_speed_mps": 0.03999999910593033, "moving_command_rows": 189, "moving_signed_command_direction_speed_mps": 0.0017276775359172096, "nonfoot_event_fraction": 0.0}, "other": {"environment_controls": 0, "time_fraction": 0.0, "task_reward_mean": null, "reward_component_means": {"linear_tracking": null, "yaw_tracking": null, "quiet_joint_rate": null, "quiet_target_motion": null, "tilt": null, "roll_pitch_rate": null, "vertical_velocity": null, "height": null, "effort": null, "target_motion": null, "nonfoot_contact": null, "termination": null}, "reward_component_mean_absolute": {"linear_tracking": null, "yaw_tracking": null, "quiet_joint_rate": null, "quiet_target_motion": null, "tilt": null, "roll_pitch_rate": null, "vertical_velocity": null, "height": null, "effort": null, "target_motion": null, "nonfoot_contact": null, "termination": null}, "requested_planar_speed_mps": null, "moving_command_rows": 0, "moving_signed_command_direction_speed_mps": null, "nonfoot_event_fraction": null}}, "zero_hold_joint_rate_rms_rad_s": [0.3620956497683337, 0.4049116772543221, 0.2797259081704916, 0.30683617933940033, 0.565937012934359, 0.7587795673172298, 0.3694519361050715, 0.49501597761904215, 0.6589310242108786, 0.3581273655439024, 0.4948826151286774, 0.489773720856693, 0.28759474996828527, 0.524755946937402, 0.3634327527191985, 0.33898478527029297, 0.5467813323885246, 1.1736674285792041], "zero_hold_worst_joint_rate_rms_rad_s": 1.1736674285792041, "zero_hold_all_joint_rate_rms_rad_s": 0.5309216040691036, "diagnostic_scope": "Time-weighted 50Hz control endpoints; nonfoot events use each control's maximum 400Hz body/coxa/femur floor force >1N. These are reporting metrics, not Stage2 admission.", "termination_reasons": {"rows": {"height": 0, "tilt": 0, "joint_limit": 0, "timeout": 0}, "multiple_physical_reason_rows": 0, "unattributed_termination_rows": 0, "termination_flag_mismatch_rows": 0, "scope": "Counts returned terminal rows with each measured predicate; reasons may overlap. Timeout counts returned truncations separately."}, "actual_target_slew": {"environment_controls": 3072, "excluded_first_or_reset_rows": 0, "limit_rad_per_control": 0.04, "occupancy_tolerance_rad": 2e-06, "by_joint": {"lf_coxa_yaw": {"at_limit_rows": 966, "at_limit_fraction": 0.314453125, "beyond_limit_rows": 0}, "lf_femur_pitch": {"at_limit_rows": 75, "at_limit_fraction": 0.0244140625, "beyond_limit_rows": 0}, "lf_tibia_pitch": {"at_limit_rows": 580, "at_limit_fraction": 0.18880208333333334, "beyond_limit_rows": 0}, "lm_coxa_yaw": {"at_limit_rows": 1085, "at_limit_fraction": 0.3531901041666667, "beyond_limit_rows": 0}, "lm_femur_pitch": {"at_limit_rows": 179, "at_limit_fraction": 0.058268229166666664, "beyond_limit_rows": 0}, "lm_tibia_pitch": {"at_limit_rows": 254, "at_limit_fraction": 0.08268229166666667, "beyond_limit_rows": 0}, "lr_coxa_yaw": {"at_limit_rows": 1045, "at_limit_fraction": 0.3401692708333333, "beyond_limit_rows": 0}, "lr_femur_pitch": {"at_limit_rows": 201, "at_limit_fraction": 0.0654296875, "beyond_limit_rows": 0}, "lr_tibia_pitch": {"at_limit_rows": 437, "at_limit_fraction": 0.14225260416666666, "beyond_limit_rows": 0}, "rf_coxa_yaw": {"at_limit_rows": 933, "at_limit_fraction": 0.3037109375, "beyond_limit_rows": 0}, "rf_femur_pitch": {"at_limit_rows": 207, "at_limit_fraction": 0.0673828125, "beyond_limit_rows": 0}, "rf_tibia_pitch": {"at_limit_rows": 196, "at_limit_fraction": 0.06380208333333333, "beyond_limit_rows": 0}, "rm_coxa_yaw": {"at_limit_rows": 926, "at_limit_fraction": 0.3014322916666667, "beyond_limit_rows": 0}, "rm_femur_pitch": {"at_limit_rows": 220, "at_limit_fraction": 0.07161458333333333, "beyond_limit_rows": 0}, "rm_tibia_pitch": {"at_limit_rows": 165, "at_limit_fraction": 0.0537109375, "beyond_limit_rows": 0}, "rr_coxa_yaw": {"at_limit_rows": 935, "at_limit_fraction": 0.3043619791666667, "beyond_limit_rows": 0}, "rr_femur_pitch": {"at_limit_rows": 294, "at_limit_fraction": 0.095703125, "beyond_limit_rows": 0}, "rr_tibia_pitch": {"at_limit_rows": 372, "at_limit_fraction": 0.12109375, "beyond_limit_rows": 0}}}}}
PAPER_PPO {"policy_loss": -0.0016239281074376776, "value_loss": 1.2987907111644745, "entropy": -15.84160828590393, "estimator_loss": 0.00018077993008773773, "approx_kl": 0.016282709769438953, "actor_grad_norm": 39.476501846313475, "critic_grad_norm": 32.651448655128476, "model_grad_norm": 52.443633270263675, "clip_fraction": 0.2447916731238365, "discriminator_loss": 0.0034409794956445695, "expert_score": 1.0000115573406219, "policy_score": -1.0028512984514237, "gradient_penalty": 0.00033884544536704196, "discriminator_expert_loss": 0.00022007858678989577, "discriminator_policy_loss": 0.001526673714397475, "ppo_batches": 20, "discriminator_batches": 20, "target_kl": 0.02, "kl_initial": 3.047485368802098e-11, "kl_final": 0.019750347625742754, "kl_max": 0.019812703352499017, "kl_max_step_increase": 0.014619578146814716, "kl_after_model_steps": [0.01461957817728957, 0.019068641034155447, 0.015927770756079932, 0.01817426657866475, 0.018985455367843514, 0.01292511401897291, 0.01849379270146511, 0.019812703352499017, 0.016848969751409627, 0.01886221115421398, 0.01878102119598274, 0.012125792150311891, 0.01966524087915391, 0.019596203517210517, 0.019654561478398856, 0.019221421368773056, 0.013691113306212345, 0.017119780555442346, 0.017692498614881556, 0.019750347625742754], "early_stopped": false, "final_full_rollout_k3": 0.019407637417316437, "stop_reason": null, "learning_rate": 0.0001, "discriminator_learning_rate": 0.0003, "rollback_kl_steps": true, "model_proposals": 20, "accepted_model_steps": 20, "rejected_model_trials": 21, "model_trial_attempts": [{"proposal": 1, "retry": 0, "learning_rate": 0.0001, "kl": 0.01461957817728957, "accepted": true}, {"proposal": 2, "retry": 0, "learning_rate": 0.0001, "kl": 0.0300184012203044, "accepted": false}, {"proposal": 2, "retry": 1, "learning_rate": 5e-05, "kl": 0.019068641034155447, "accepted": true}, {"proposal": 3, "retry": 0, "learning_rate": 0.0001, "kl": 0.022380235751076494, "accepted": false}, {"proposal": 3, "retry": 1, "learning_rate": 5e-05, "kl": 0.015927770756079932, "accepted": true}, {"proposal": 4, "retry": 0, "learning_rate": 0.0001, "kl": 0.01817426657866475, "accepted": true}, {"proposal": 5, "retry": 0, "learning_rate": 0.0001, "kl": 0.02748471217375826, "accepted": false}, {"proposal": 5, "retry": 1, "learning_rate": 5e-05, "kl": 0.020807794518396316, "accepted": false}, {"proposal": 5, "retry": 2, "learning_rate": 2.5e-05, "kl": 0.018985455367843514, "accepted": true}, {"proposal": 6, "retry": 0, "learning_rate": 0.0001, "kl": 0.021067212449909306, "accepted": false}, {"proposal": 6, "retry": 1, "learning_rate": 5e-05, "kl": 0.01292511401897291, "accepted": true}, {"proposal": 7, "retry": 0, "learning_rate": 0.0001, "kl": 0.044054803609223245, "accepted": false}, {"proposal": 7, "retry": 1, "learning_rate": 5e-05, "kl": 0.01849379270146511, "accepted": true}, {"proposal": 8, "retry": 0, "learning_rate": 0.0001, "kl": 0.040409873221511516, "accepted": false}, {"proposal": 8, "retry": 1, "learning_rate": 5e-05, "kl": 0.023901098901741136, "accepted": false}, {"proposal": 8, "retry": 2, "learning_rate": 2.5e-05, "kl": 0.019812703352499017, "accepted": true}, {"proposal": 9, "retry": 0, "learning_rate": 0.0001, "kl": 0.03379164202564184, "accepted": false}, {"proposal": 9, "retry": 1, "learning_rate": 5e-05, "kl": 0.016848969751409627, "accepted": true}, {"proposal": 10, "retry": 0, "learning_rate": 0.0001, "kl": 0.04082561040889651, "accepted": false}, {"proposal": 10, "retry": 1, "learning_rate": 5e-05, "kl": 0.01886221115421398, "accepted": true}, {"proposal": 11, "retry": 0, "learning_rate": 0.0001, "kl": 0.03698775765315571, "accepted": false}, {"proposal": 11, "retry": 1, "learning_rate": 5e-05, "kl": 0.021779637113383852, "accepted": false}, {"proposal": 11, "retry": 2, "learning_rate": 2.5e-05, "kl": 0.01878102119598274, "accepted": true}, {"proposal": 12, "retry": 0, "learning_rate": 0.0001, "kl": 0.012125792150311891, "accepted": true}, {"proposal": 13, "retry": 0, "learning_rate": 0.0001, "kl": 0.035550410741184146, "accepted": false}, {"proposal": 13, "retry": 1, "learning_rate": 5e-05, "kl": 0.01966524087915391, "accepted": true}, {"proposal": 14, "retry": 0, "learning_rate": 0.0001, "kl": 0.027861904960995172, "accepted": false}, {"proposal": 14, "retry": 1, "learning_rate": 5e-05, "kl": 0.020937170188668922, "accepted": false}, {"proposal": 14, "retry": 2, "learning_rate": 2.5e-05, "kl": 0.019596203517210517, "accepted": true}, {"proposal": 15, "retry": 0, "learning_rate": 0.0001, "kl": 0.019654561478398856, "accepted": true}, {"proposal": 16, "retry": 0, "learning_rate": 0.0001, "kl": 0.027037899841944536, "accepted": false}, {"proposal": 16, "retry": 1, "learning_rate": 5e-05, "kl": 0.02030920943179778, "accepted": false}, {"proposal": 16, "retry": 2, "learning_rate": 2.5e-05, "kl": 0.019221421368773056, "accepted": true}, {"proposal": 17, "retry": 0, "learning_rate": 0.0001, "kl": 0.023705000116739386, "accepted": false}, {"proposal": 17, "retry": 1, "learning_rate": 5e-05, "kl": 0.013691113306212345, "accepted": true}, {"proposal": 18, "retry": 0, "learning_rate": 0.0001, "kl": 0.034851332527852906, "accepted": false}, {"proposal": 18, "retry": 1, "learning_rate": 5e-05, "kl": 0.017119780555442346, "accepted": true}, {"proposal": 19, "retry": 0, "learning_rate": 0.0001, "kl": 0.029050408442377735, "accepted": false}, {"proposal": 19, "retry": 1, "learning_rate": 5e-05, "kl": 0.017692498614881556, "accepted": true}, {"proposal": 20, "retry": 0, "learning_rate": 0.0001, "kl": 0.03458455091791912, "accepted": false}, {"proposal": 20, "retry": 1, "learning_rate": 5e-05, "kl": 0.019750347625742754, "accepted": true}], "consecutive_zero_accepted_updates": 0, "empirical_kl_scope": "Mean whole-actor KL on the fixed collected rollout; no bound on physical motion or unseen states.", "normalizer_policy_kl": 0.0, "normalizer_policy_kl_samples": 128, "normalizer_policy_kl_scope": "Same current observations and weights, before/after statistics update; reporting only", "update": 215, "transitions": 660480, "episodes": 636, "optimizer_steps": 706, "discriminator_steps": 4300, "reward": 0.48447632789611816, "task_reward": 0.45288795232772827, "style_reward": 0.03158838674426079, "action_std": 0.10036168247461319, "raw_action_abs_mean": 0.8731437921524048, "raw_action_clip_fraction": 0.5457356572151184, "return_mean": 43.15703582763672, "return_std": 1.8610752820968628, "explained_variance": 0.2714191675186157, "terminated": 0, "truncated": 0, "elapsed_s": 49.64848999702372, "transitions_per_s": 13303.123620468496, "allocation_new_transitions": 46080, "allocation_new_transitions_per_s": 928.124903753616}
PAPER_TASK {"schema": "canonical_paper_walking_task_v1", "reward_version": "canonical_quiet_quadratic_log_tail_v2", "controls_completed": 360, "command_draws": 344, "zero_command_draws": 52, "zero_draw_fraction": 0.1511627906976744, "remaining_controls": [174, 65, 196, 26, 62, 174, 20, 152, 106, 87, 215, 82, 138, 60, 102, 94, 33, 49, 115, 10, 3, 80, 56, 175, 147, 17, 113, 78, 80, 110, 77, 99, 106, 24, 119, 89, 176, 59, 228, 41, 115, 98, 61, 150, 56, 4, 54, 55, 143, 118, 125, 173, 69, 9, 11, 232, 48, 86, 18, 82, 123, 104, 156, 34, 65, 135, 185, 121, 12, 247, 108, 36, 63, 138, 72, 80, 177, 72, 44, 145, 50, 162, 100, 138, 90, 17, 129, 142, 47, 171, 191, 72, 48, 36, 125, 185, 169, 23, 113, 78, 105, 136, 37, 118, 137, 88, 112, 114, 224, 98, 14, 199, 83, 76, 140, 67, 53, 151, 28, 50, 63, 168, 48, 31, 21, 179, 91, 88], "commands": [[-4.5924256971943795e-18, -0.02500000037252903, 0.0], [-0.01767767034471035, 0.01767767034471035, 0.0], [1.5308084623338832e-18, 0.02500000037252903, 0.0], [0.0, 0.0, 0.0], [-0.05000000074505806, 6.123233849335533e-18, 0.0], [0.0353553406894207, 0.0353553406894207, 0.0], [0.01767767034471035, 0.01767767034471035, 0.0], [-0.0353553406894207, 0.0353553406894207, 0.0], [-0.02500000037252903, 3.0616169246677665e-18, 0.0], [-0.01767767034471035, 0.01767767034471035, 0.0], [-0.05000000074505806, 6.123233849335533e-18, 0.0], [-0.0353553406894207, -0.0353553406894207, 0.0], [-0.0353553406894207, -0.0353553406894207, 0.0], [0.0, 0.0, 0.0], [0.0, 0.0, -0.20000000298023224], [-9.184851394388759e-18, -0.05000000074505806, 0.0], [1.5308084623338832e-18, 0.02500000037252903, 0.0], [0.0, 0.0, -0.20000000298023224], [0.01767767034471035, -0.01767767034471035, 0.0], [0.0, 0.0, 0.0], [0.0353553406894207, -0.0353553406894207, 0.0], [0.0353553406894207, 0.0353553406894207, 0.0], [0.0, 0.0, -0.20000000298023224], [-4.5924256971943795e-18, -0.02500000037252903, 0.0], [0.0, 0.0, 0.0], [0.05000000074505806, 0.0, 0.0], [0.01767767034471035, -0.01767767034471035, 0.0], [-0.0353553406894207, -0.0353553406894207, 0.0], [-9.184851394388759e-18, -0.05000000074505806, 0.0], [0.0, 0.0, 0.0], [-0.05000000074505806, 6.123233849335533e-18, 0.0], [0.0, 0.0, 0.0], [0.03999999910593033, 0.0, 0.15000000596046448], [-0.0353553406894207, 0.0353553406894207, 0.0], [0.0, 0.0, 0.0], [-0.02500000037252903, 3.0616169246677665e-18, 0.0], [0.01767767034471035, -0.01767767034471035, 0.0], [0.05000000074505806, 0.0, 0.0], [0.0353553406894207, 0.0353553406894207, 0.0], [-0.0353553406894207, -0.0353553406894207, 0.0], [-0.0353553406894207, -0.0353553406894207, 0.0], [1.5308084623338832e-18, 0.02500000037252903, 0.0], [0.0, 0.0, 0.0], [0.0, 0.0, 0.20000000298023224], [-0.05000000074505806, 6.123233849335533e-18, 0.0], [0.0, 0.0, 0.0], [-0.01767767034471035, -0.01767767034471035, 0.0], [0.0, 0.0, 0.0], [1.5308084623338832e-18, 0.02500000037252903, 0.0], [0.03999999910593033, 0.0, 0.15000000596046448], [0.05000000074505806, 0.0, 0.0], [0.0, 0.0, 0.0], [0.02500000037252903, 0.0, 0.0], [-0.0353553406894207, -0.0353553406894207, 0.0], [1.5308084623338832e-18, 0.02500000037252903, 0.0], [0.0, 0.0, 0.0], [0.0, 0.0, 0.0], [-0.02500000037252903, 3.0616169246677665e-18, 0.0], [0.0, 0.0, 0.0], [-0.01767767034471035, 0.01767767034471035, 0.0], [3.0616169246677665e-18, 0.05000000074505806, 0.0], [-0.01767767034471035, -0.01767767034471035, 0.0], [-0.0353553406894207, -0.0353553406894207, 0.0], [0.0, 0.0, -0.20000000298023224], [-0.0353553406894207, -0.0353553406894207, 0.0], [-0.02500000037252903, 3.0616169246677665e-18, 0.0], [0.03999999910593033, 0.0, -0.15000000596046448], [1.5308084623338832e-18, 0.02500000037252903, 0.0], [3.0616169246677665e-18, 0.05000000074505806, 0.0], [0.05000000074505806, 0.0, 0.0], [-0.01767767034471035, 0.01767767034471035, 0.0], [-0.0353553406894207, 0.0353553406894207, 0.0], [0.03999999910593033, 0.0, 0.15000000596046448], [-9.184851394388759e-18, -0.05000000074505806, 0.0], [0.0, 0.0, 0.0], [-0.01767767034471035, 0.01767767034471035, 0.0], [-0.01767767034471035, 0.01767767034471035, 0.0], [3.0616169246677665e-18, 0.05000000074505806, 0.0], [0.0, 0.0, 0.0], [0.01767767034471035, 0.01767767034471035, 0.0], [-4.5924256971943795e-18, -0.02500000037252903, 0.0], [1.5308084623338832e-18, 0.02500000037252903, 0.0], [-0.0353553406894207, 0.0353553406894207, 0.0], [0.01767767034471035, 0.01767767034471035, 0.0], [0.03999999910593033, 0.0, -0.15000000596046448], [-0.01767767034471035, 0.01767767034471035, 0.0], [0.0, 0.0, 0.0], [0.0353553406894207, -0.0353553406894207, 0.0], [0.03999999910593033, 0.0, 0.15000000596046448], [3.0616169246677665e-18, 0.05000000074505806, 0.0], [0.0353553406894207, 0.0353553406894207, 0.0], [-0.05000000074505806, 6.123233849335533e-18, 0.0], [0.0, 0.0, 0.20000000298023224], [0.0353553406894207, -0.0353553406894207, 0.0], [-0.01767767034471035, -0.01767767034471035, 0.0], [0.01767767034471035, -0.01767767034471035, 0.0], [0.01767767034471035, -0.01767767034471035, 0.0], [-0.02500000037252903, 3.0616169246677665e-18, 0.0], [0.0, 0.0, 0.0], [0.0, 0.0, -0.20000000298023224], [0.01767767034471035, 0.01767767034471035, 0.0], [-0.02500000037252903, 3.0616169246677665e-18, 0.0], [-0.02500000037252903, 3.0616169246677665e-18, 0.0], [-0.0353553406894207, 0.0353553406894207, 0.0], [-0.0353553406894207, -0.0353553406894207, 0.0], [-0.05000000074505806, 6.123233849335533e-18, 0.0], [3.0616169246677665e-18, 0.05000000074505806, 0.0], [-0.05000000074505806, 6.123233849335533e-18, 0.0], [0.01767767034471035, 0.01767767034471035, 0.0], [0.01767767034471035, 0.01767767034471035, 0.0], [3.0616169246677665e-18, 0.05000000074505806, 0.0], [-0.02500000037252903, 3.0616169246677665e-18, 0.0], [0.01767767034471035, 0.01767767034471035, 0.0], [0.01767767034471035, 0.01767767034471035, 0.0], [0.03999999910593033, 0.0, -0.15000000596046448], [-4.5924256971943795e-18, -0.02500000037252903, 0.0], [0.01767767034471035, -0.01767767034471035, 0.0], [-0.05000000074505806, 6.123233849335533e-18, 0.0], [-0.0353553406894207, -0.0353553406894207, 0.0], [0.03999999910593033, 0.0, -0.15000000596046448], [1.5308084623338832e-18, 0.02500000037252903, 0.0], [-9.184851394388759e-18, -0.05000000074505806, 0.0], [0.0, 0.0, 0.20000000298023224], [3.0616169246677665e-18, 0.05000000074505806, 0.0], [-4.5924256971943795e-18, -0.02500000037252903, 0.0], [0.0, 0.0, 0.0], [3.0616169246677665e-18, 0.05000000074505806, 0.0], [-9.184851394388759e-18, -0.05000000074505806, 0.0]], "stage2_complete": false, "proximity": {"checks": 763, "minimum_sphere_gap_m": 0.99067622423172, "failure": null, "collision_filter_present": false}, "cumulative_metrics": {"environment_controls": 46080, "signed_navigation_velocity_error_mps": [-0.002120871562510729, -0.0009611994028091431], "absolute_navigation_velocity_error_mps": [0.03135489299893379, 0.02881684899330139], "achieved_planar_speed_mps": 0.03525720164179802, "requested_planar_speed_mps": 0.02845129743218422, "signed_command_direction_speed_mps": 0.001165081630460918, "moving_command_rows": 34380, "signed_yaw_error_rad_s": -0.021225236356258392, "absolute_yaw_error_rad_s": 0.11377083510160446, "requested_saturation_fraction": 0.020816907286643982, "terminations": 13, "truncations": 0, "zero_command_rows": 7405, "nonfoot_event_rows": 0, "moving_signed_command_direction_speed_mps": 0.0015615752511715572, "nonfoot_event_fraction": 0.0, "task_reward_sum": 18524.531203058024, "task_reward_mean": 0.40200805562191894, "reward_components": {"linear_tracking": {"sum": 11994.885359829459, "absolute_sum": 11994.885359829459, "mean": 0.26030567187129905, "mean_absolute": 0.26030567187129905}, "yaw_tracking": {"sum": 10075.945963829403, "absolute_sum": 10075.945963829403, "mean": 0.21866202178449226, "mean_absolute": 0.21866202178449226}, "quiet_joint_rate": {"sum": -2370.143618531525, "absolute_sum": 2370.143618531525, "mean": -0.051435408388270945, "mean_absolute": 0.051435408388270945}, "quiet_target_motion": {"sum": -876.3092955499887, "absolute_sum": 876.3092955499887, "mean": -0.019017128809678575, "mean_absolute": 0.019017128809678575}, "tilt": {"sum": -15.890289493223566, "absolute_sum": 15.890289493223566, "mean": -0.0003448413518494697, "mean_absolute": 0.0003448413518494697}, "roll_pitch_rate": {"sum": -5.788561168206544, "absolute_sum": 5.788561168206544, "mean": -0.0001256198170183712, "mean_absolute": 0.0001256198170183712}, "vertical_velocity": {"sum": -3.2824886493814596, "absolute_sum": 3.2824886493814596, "mean": -7.12345627035907e-05, "mean_absolute": 7.12345627035907e-05}, "height": {"sum": -105.27398275208382, "absolute_sum": 105.27398275208382, "mean": -0.0022845916395851525, "mean_absolute": 0.0022845916395851525}, "effort": {"sum": -63.00814883095154, "absolute_sum": 63.00814883095154, "mean": -0.0013673643409494692, "mean_absolute": 0.0013673643409494692}, "target_motion": {"sum": -80.60373830884782, "absolute_sum": 80.60373830884782, "mean": -0.001749213070938538, "mean_absolute": 0.001749213070938538}, "nonfoot_contact": {"sum": 0.0, "absolute_sum": 0.0, "mean": 0.0, "mean_absolute": 0.0}, "termination": {"sum": -26.0, "absolute_sum": 26.0, "mean": -0.0005642361111111111, "mean_absolute": 0.0005642361111111111}}, "command_classes": {"zero": {"environment_controls": 7405, "time_fraction": 0.1606987847222222, "task_reward_mean": 0.19042860577500015, "reward_component_means": {"linear_tracking": 0.40000913183684117, "yaw_tracking": 0.23452551702758467, "quiet_joint_rate": -0.32007341236077314, "quiet_target_motion": -0.11834021546927599, "tilt": -0.0003521074426249051, "roll_pitch_rate": -0.00015213343464097497, "vertical_velocity": -8.610642190438477e-05, "height": -0.0018664099712786244, "effort": -0.0013433762968135107, "target_motion": -0.001892281043338176, "nonfoot_contact": 0.0, "termination": 0.0}, "reward_component_mean_absolute": {"linear_tracking": 0.40000913183684117, "yaw_tracking": 0.23452551702758467, "quiet_joint_rate": 0.32007341236077314, "quiet_target_motion": 0.11834021546927599, "tilt": 0.0003521074426249051, "roll_pitch_rate": 0.00015213343464097497, "vertical_velocity": 8.610642190438477e-05, "height": 0.0018664099712786244, "effort": 0.0013433762968135107, "target_motion": 0.001892281043338176, "nonfoot_contact": 0.0, "termination": 0.0}, "requested_planar_speed_mps": 0.0, "moving_command_rows": 0, "moving_signed_command_direction_speed_mps": null, "nonfoot_event_fraction": 0.0}, "linear_0.025": {"environment_controls": 14641, "time_fraction": 0.3177300347222222, "task_reward_mean": 0.5412835240306729, "reward_component_means": {"linear_tracking": 0.311296897699282, "yaw_tracking": 0.23616669351623312, "quiet_joint_rate": 0.0, "quiet_target_motion": 0.0, "tilt": -0.0002682444772928086, "roll_pitch_rate": -0.00011369345418390221, "vertical_velocity": -7.072063849795067e-05, "height": -0.0025544864514637296, "effort": -0.0013497001514769494, "target_motion": -0.0016866195769612365, "nonfoot_contact": 0.0, "termination": -0.00013660269107301413}, "reward_component_mean_absolute": {"linear_tracking": 0.311296897699282, "yaw_tracking": 0.23616669351623312, "quiet_joint_rate": 0.0, "quiet_target_motion": 0.0, "tilt": 0.0002682444772928086, "roll_pitch_rate": 0.00011369345418390221, "vertical_velocity": 7.072063849795067e-05, "height": 0.0025544864514637296, "effort": 0.0013497001514769494, "target_motion": 0.0016866195769612365, "nonfoot_contact": 0.0, "termination": 0.00013660269107301413}, "requested_planar_speed_mps": 0.02500000037252903, "moving_command_rows": 14641, "moving_signed_command_direction_speed_mps": 0.0010932330636321823, "nonfoot_event_fraction": 0.0}, "linear_0.05": {"environment_controls": 15545, "time_fraction": 0.3373480902777778, "task_reward_mean": 0.35378949493939643, "reward_component_means": {"linear_tracking": 0.12092703401427353, "yaw_tracking": 0.2395659006091673, "quiet_joint_rate": 0.0, "quiet_target_motion": 0.0, "tilt": -0.0004325816480641111, "roll_pitch_rate": -0.00012263789853400578, "vertical_velocity": -6.098880706181699e-05, "height": -0.0022297585236670508, "effort": -0.0013735207101081266, "target_motion": -0.001711999876645968, "nonfoot_contact": 0.0, "termination": -0.0007719523962688967}, "reward_component_mean_absolute": {"linear_tracking": 0.12092703401427353, "yaw_tracking": 0.2395659006091673, "quiet_joint_rate": 0.0, "quiet_target_motion": 0.0, "tilt": 0.0004325816480641111, "roll_pitch_rate": 0.00012263789853400578, "vertical_velocity": 6.098880706181699e-05, "height": 0.0022297585236670508, "effort": 0.0013735207101081266, "target_motion": 0.001711999876645968, "nonfoot_contact": 0.0, "termination": 0.0007719523962688967}, "requested_planar_speed_mps": 0.05000000074505806, "moving_command_rows": 15545, "moving_signed_command_direction_speed_mps": 0.0016059032337859657, "nonfoot_event_fraction": 0.0}, "yaw": {"environment_controls": 4295, "time_fraction": 0.09320746527777778, "task_reward_mean": 0.5452937384115963, "reward_component_means": {"linear_tracking": 0.4329303865824622, "yaw_tracking": 0.1193246314269406, "quiet_joint_rate": 0.0, "quiet_target_motion": 0.0, "tilt": -0.00032117350370400766, "roll_pitch_rate": -0.00012064221597162187, "vertical_velocity": -7.211869753846585e-05, "height": -0.002400927835365008, "effort": -0.001360198802699791, "target_motion": -0.0017549032172044779, "nonfoot_contact": 0.0, "termination": -0.0009313154831199069}, "reward_component_mean_absolute": {"linear_tracking": 0.4329303865824622, "yaw_tracking": 0.1193246314269406, "quiet_joint_rate": 0.0, "quiet_target_motion": 0.0, "tilt": 0.00032117350370400766, "roll_pitch_rate": 0.00012064221597162187, "vertical_velocity": 7.211869753846585e-05, "height": 0.002400927835365008, "effort": 0.001360198802699791, "target_motion": 0.0017549032172044779, "nonfoot_contact": 0.0, "termination": 0.0009313154831199069}, "requested_planar_speed_mps": 0.0, "moving_command_rows": 0, "moving_signed_command_direction_speed_mps": null, "nonfoot_event_fraction": 0.0}, "arc": {"environment_controls": 4194, "time_fraction": 0.091015625, "task_reward_mean": 0.3213593220434766, "reward_component_means": {"linear_tracking": 0.17545853725295693, "yaw_tracking": 0.1537951200574039, "quiet_joint_rate": 0.0, "quiet_target_motion": 0.0, "tilt": -0.00029843695063824896, "roll_pitch_rate": -0.00013659102805779118, "vertical_velocity": -8.384094306803467e-05, "height": -0.0021648544290863597, "effort": -0.0014559022744508932, "target_motion": -0.0018472228317320853, "nonfoot_contact": 0.0, "termination": -0.0019074868860276585}, "reward_component_mean_absolute": {"linear_tracking": 0.17545853725295693, "yaw_tracking": 0.1537951200574039, "quiet_joint_rate": 0.0, "quiet_target_motion": 0.0, "tilt": 0.00029843695063824896, "roll_pitch_rate": 0.00013659102805779118, "vertical_velocity": 8.384094306803467e-05, "height": 0.0021648544290863597, "effort": 0.0014559022744508932, "target_motion": 0.0018472228317320853, "nonfoot_contact": 0.0, "termination": 0.0019074868860276585}, "requested_planar_speed_mps": 0.03999999910593033, "moving_command_rows": 4194, "moving_signed_command_direction_speed_mps": 0.0030322284409719878, "nonfoot_event_fraction": 0.0}, "other": {"environment_controls": 0, "time_fraction": 0.0, "task_reward_mean": null, "reward_component_means": {"linear_tracking": null, "yaw_tracking": null, "quiet_joint_rate": null, "quiet_target_motion": null, "tilt": null, "roll_pitch_rate": null, "vertical_velocity": null, "height": null, "effort": null, "target_motion": null, "nonfoot_contact": null, "termination": null}, "reward_component_mean_absolute": {"linear_tracking": null, "yaw_tracking": null, "quiet_joint_rate": null, "quiet_target_motion": null, "tilt": null, "roll_pitch_rate": null, "vertical_velocity": null, "height": null, "effort": null, "target_motion": null, "nonfoot_contact": null, "termination": null}, "requested_planar_speed_mps": null, "moving_command_rows": 0, "moving_signed_command_direction_speed_mps": null, "nonfoot_event_fraction": null}}, "zero_hold_joint_rate_rms_rad_s": [0.444241902439906, 0.7067610761533477, 0.3869275427551815, 0.40079817978338284, 0.9119415815778511, 1.2858630244238707, 0.5263306679356217, 0.6766621461332515, 0.8736853885881055, 0.4861127301103014, 0.7212619305452911, 0.7939165677487945, 0.4326449232441861, 0.697629943851625, 0.7874612658923781, 0.40269422512843295, 0.7082202971429276, 1.1182020767359568], "zero_hold_worst_joint_rate_rms_rad_s": 1.2858630244238707, "zero_hold_all_joint_rate_rms_rad_s": 0.7297421138254918, "diagnostic_scope": "Time-weighted 50Hz control endpoints; nonfoot events use each control's maximum 400Hz body/coxa/femur floor force >1N. These are reporting metrics, not Stage2 admission.", "termination_reasons": {"rows": {"height": 0, "tilt": 0, "joint_limit": 13, "timeout": 0}, "multiple_physical_reason_rows": 0, "unattributed_termination_rows": 0, "termination_flag_mismatch_rows": 0, "scope": "Counts returned terminal rows with each measured predicate; reasons may overlap. Timeout counts returned truncations separately."}, "actual_target_slew": {"environment_controls": 45939, "excluded_first_or_reset_rows": 141, "limit_rad_per_control": 0.04, "occupancy_tolerance_rad": 2e-06, "by_joint": {"lf_coxa_yaw": {"at_limit_rows": 12087, "at_limit_fraction": 0.26310977600731406, "beyond_limit_rows": 0}, "lf_femur_pitch": {"at_limit_rows": 6472, "at_limit_fraction": 0.14088247458586386, "beyond_limit_rows": 0}, "lf_tibia_pitch": {"at_limit_rows": 12476, "at_limit_fraction": 0.27157752672021596, "beyond_limit_rows": 0}, "lm_coxa_yaw": {"at_limit_rows": 17439, "at_limit_fraction": 0.37961209429896164, "beyond_limit_rows": 0}, "lm_femur_pitch": {"at_limit_rows": 8659, "at_limit_fraction": 0.18848908334965933, "beyond_limit_rows": 0}, "lm_tibia_pitch": {"at_limit_rows": 9979, "at_limit_fraction": 0.21722283898212846, "beyond_limit_rows": 0}, "lr_coxa_yaw": {"at_limit_rows": 15724, "at_limit_fraction": 0.34227997997344306, "beyond_limit_rows": 0}, "lr_femur_pitch": {"at_limit_rows": 8214, "at_limit_fraction": 0.17880232482204664, "beyond_limit_rows": 0}, "lr_tibia_pitch": {"at_limit_rows": 10485, "at_limit_fraction": 0.22823744530790832, "beyond_limit_rows": 0}, "rf_coxa_yaw": {"at_limit_rows": 11902, "at_limit_fraction": 0.2590826966194301, "beyond_limit_rows": 0}, "rf_femur_pitch": {"at_limit_rows": 8924, "at_limit_fraction": 0.19425760247284443, "beyond_limit_rows": 0}, "rf_tibia_pitch": {"at_limit_rows": 8651, "at_limit_fraction": 0.18831493937612923, "beyond_limit_rows": 0}, "rm_coxa_yaw": {"at_limit_rows": 11859, "at_limit_fraction": 0.2581466727617057, "beyond_limit_rows": 0}, "rm_femur_pitch": {"at_limit_rows": 8723, "at_limit_fraction": 0.18988223513790026, "beyond_limit_rows": 0}, "rm_tibia_pitch": {"at_limit_rows": 8525, "at_limit_fraction": 0.1855721717930299, "beyond_limit_rows": 0}, "rr_coxa_yaw": {"at_limit_rows": 12299, "at_limit_fraction": 0.2677245913058621, "beyond_limit_rows": 0}, "rr_femur_pitch": {"at_limit_rows": 10003, "at_limit_fraction": 0.21774527090271883, "beyond_limit_rows": 0}, "rr_tibia_pitch": {"at_limit_rows": 10875, "at_limit_fraction": 0.23672696401750146, "beyond_limit_rows": 0}}}}, "interval_metrics": {"environment_controls": 3072, "signed_navigation_velocity_error_mps": [0.002574088517576456, -0.001672328682616353], "absolute_navigation_velocity_error_mps": [0.027340609580278397, 0.027407748624682426], "achieved_planar_speed_mps": 0.02859870158135891, "requested_planar_speed_mps": 0.030935876071453094, "signed_command_direction_speed_mps": 0.0001457239268347621, "moving_command_rows": 2469, "signed_yaw_error_rad_s": 0.00027129502268508077, "absolute_yaw_error_rad_s": 0.08762755244970322, "requested_saturation_fraction": 0.011121961288154125, "terminations": 0, "truncations": 0, "zero_command_rows": 448, "nonfoot_event_rows": 0, "moving_signed_command_direction_speed_mps": 0.00018131383687046342, "nonfoot_event_fraction": 0.0, "task_reward_sum": 1391.2716996041127, "task_reward_mean": 0.45288792304821374, "reward_components": {"linear_tracking": {"sum": 846.7407329354209, "absolute_sum": 846.7407329354209, "mean": 0.27563174900241566, "mean_absolute": 0.27563174900241566}, "yaw_tracking": {"sum": 732.41618310284, "absolute_sum": 732.41618310284, "mean": 0.23841672627045574, "mean_absolute": 0.23841672627045574}, "quiet_joint_rate": {"sum": -118.39185155928135, "absolute_sum": 118.39185155928135, "mean": -0.038539014179453566, "mean_absolute": 0.038539014179453566}, "quiet_target_motion": {"sum": -50.124692633748055, "absolute_sum": 50.124692633748055, "mean": -0.016316631716714863, "mean_absolute": 0.016316631716714863}, "tilt": {"sum": -0.5449028394512081, "absolute_sum": 0.5449028394512081, "mean": -0.0001773772263838568, "mean_absolute": 0.0001773772263838568}, "roll_pitch_rate": {"sum": -0.15061288478061563, "absolute_sum": 0.15061288478061563, "mean": -4.9027631764523315e-05, "mean_absolute": 4.9027631764523315e-05}, "vertical_velocity": {"sum": -0.04461115024400769, "absolute_sum": 0.04461115024400769, "mean": -1.452185880338792e-05, "mean_absolute": 1.452185880338792e-05}, "height": {"sum": -11.059777444464977, "absolute_sum": 11.059777444464977, "mean": -0.003600187970203443, "mean_absolute": 0.003600187970203443}, "effort": {"sum": -3.6630575004965067, "absolute_sum": 3.6630575004965067, "mean": -0.0011924015301095399, "mean_absolute": 0.0011924015301095399}, "target_motion": {"sum": -3.905711409301148, "absolute_sum": 3.905711409301148, "mean": -0.0012713904327152175, "mean_absolute": 0.0012713904327152175}, "nonfoot_contact": {"sum": 0.0, "absolute_sum": 0.0, "mean": 0.0, "mean_absolute": 0.0}, "termination": {"sum": 0.0, "absolute_sum": 0.0, "mean": 0.0, "mean_absolute": 0.0}}, "command_classes": {"zero": {"environment_controls": 448, "time_fraction": 0.14583333333333334, "task_reward_mean": 0.3754797212381423, "reward_component_means": {"linear_tracking": 0.5044681996888747, "yaw_tracking": 0.25322736316593364, "quiet_joint_rate": -0.2642675258019673, "quiet_target_motion": -0.1118854746289019, "tilt": -0.0002812082996571811, "roll_pitch_rate": -6.036395309492023e-05, "vertical_velocity": -1.4169208915962105e-05, "height": -0.0032171781434898266, "effort": -0.0011605720553364205, "target_motion": -0.0013293515883430831, "nonfoot_contact": 0.0, "termination": 0.0}, "reward_component_mean_absolute": {"linear_tracking": 0.5044681996888747, "yaw_tracking": 0.25322736316593364, "quiet_joint_rate": 0.2642675258019673, "quiet_target_motion": 0.1118854746289019, "tilt": 0.0002812082996571811, "roll_pitch_rate": 6.036395309492023e-05, "vertical_velocity": 1.4169208915962105e-05, "height": 0.0032171781434898266, "effort": 0.0011605720553364205, "target_motion": 0.0013293515883430831, "nonfoot_contact": 0.0, "termination": 0.0}, "requested_planar_speed_mps": 0.0, "moving_command_rows": 0, "moving_signed_command_direction_speed_mps": null, "nonfoot_event_fraction": 0.0}, "linear_0.025": {"environment_controls": 1053, "time_fraction": 0.3427734375, "task_reward_mean": 0.5823334345043701, "reward_component_means": {"linear_tracking": 0.3403774497230523, "yaw_tracking": 0.2484853299252162, "quiet_joint_rate": 0.0, "quiet_target_motion": 0.0, "tilt": -0.00012717134320165344, "roll_pitch_rate": -4.794719383170295e-05, "vertical_velocity": -2.4903239391280388e-05, "height": -0.0038045591759959395, "effort": -0.0012779675364067136, "target_motion": -0.0012467973656479865, "nonfoot_contact": 0.0, "termination": 0.0}, "reward_component_mean_absolute": {"linear_tracking": 0.3403774497230523, "yaw_tracking": 0.2484853299252162, "quiet_joint_rate": 0.0, "quiet_target_motion": 0.0, "tilt": 0.00012717134320165344, "roll_pitch_rate": 4.794719383170295e-05, "vertical_velocity": 2.4903239391280388e-05, "height": 0.0038045591759959395, "effort": 0.0012779675364067136, "target_motion": 0.0012467973656479865, "nonfoot_contact": 0.0, "termination": 0.0}, "requested_planar_speed_mps": 0.02500000037252903, "moving_command_rows": 1053, "moving_signed_command_direction_speed_mps": 0.000737930316948595, "nonfoot_event_fraction": 0.0}, "linear_0.05": {"environment_controls": 1207, "time_fraction": 0.3929036458333333, "task_reward_mean": 0.3670061024591827, "reward_component_means": {"linear_tracking": 0.12288940213088766, "yaw_tracking": 0.25034509766903795, "quiet_joint_rate": 0.0, "quiet_target_motion": 0.0, "tilt": -0.00023397465848850701, "roll_pitch_rate": -5.473766171521429e-05, "vertical_velocity": -9.097384334697222e-06, "height": -0.0034443755241841682, "effort": -0.0011914692204345293, "target_motion": -0.0012947432449665816, "nonfoot_contact": 0.0, "termination": 0.0}, "reward_component_mean_absolute": {"linear_tracking": 0.12288940213088766, "yaw_tracking": 0.25034509766903795, "quiet_joint_rate": 0.0, "quiet_target_motion": 0.0, "tilt": 0.00023397465848850701, "roll_pitch_rate": 5.473766171521429e-05, "vertical_velocity": 9.097384334697222e-06, "height": 0.0034443755241841682, "effort": 0.0011914692204345293, "target_motion": 0.0012947432449665816, "nonfoot_contact": 0.0, "termination": 0.0}, "requested_planar_speed_mps": 0.05000000074505806, "moving_command_rows": 1207, "moving_signed_command_direction_speed_mps": -6.313263491448478e-05, "nonfoot_event_fraction": 0.0}, "yaw": {"environment_controls": 155, "time_fraction": 0.050455729166666664, "task_reward_mean": 0.6064406090686398, "reward_component_means": {"linear_tracking": 0.4846472234134713, "yaw_tracking": 0.1278813599909265, "quiet_joint_rate": 0.0, "quiet_target_motion": 0.0, "tilt": -5.234178633917891e-06, "roll_pitch_rate": -1.89175051271344e-05, "vertical_velocity": -2.783013042973083e-06, "height": -0.0039490869043455005, "effort": -0.0009126774290756833, "target_motion": -0.0011992697936347536, "nonfoot_contact": 0.0, "termination": 0.0}, "reward_component_mean_absolute": {"linear_tracking": 0.4846472234134713, "yaw_tracking": 0.1278813599909265, "quiet_joint_rate": 0.0, "quiet_target_motion": 0.0, "tilt": 5.234178633917891e-06, "roll_pitch_rate": 1.89175051271344e-05, "vertical_velocity": 2.783013042973083e-06, "height": 0.0039490869043455005, "effort": 0.0009126774290756833, "target_motion": 0.0011992697936347536, "nonfoot_contact": 0.0, "termination": 0.0}, "requested_planar_speed_mps": 0.0, "moving_command_rows": 0, "moving_signed_command_direction_speed_mps": null, "nonfoot_event_fraction": 0.0}, "arc": {"environment_controls": 209, "time_fraction": 0.06803385416666667, "task_reward_mean": 0.34873214297823196, "reward_component_means": {"linear_tracking": 0.1859985498342656, "yaw_tracking": 0.1690293220484531, "quiet_joint_rate": 0.0, "quiet_target_motion": 0.0, "tilt": -8.571226457247173e-06, "roll_pitch_rate": -1.9525682795878882e-05, "vertical_velocity": -3.006333287072025e-06, "height": -0.004032588976047684, "effort": -0.0010423591066904935, "target_motion": -0.0011896763493208901, "nonfoot_contact": 0.0, "termination": 0.0}, "reward_component_mean_absolute": {"linear_tracking": 0.1859985498342656, "yaw_tracking": 0.1690293220484531, "quiet_joint_rate": 0.0, "quiet_target_motion": 0.0, "tilt": 8.571226457247173e-06, "roll_pitch_rate": 1.9525682795878882e-05, "vertical_velocity": 3.006333287072025e-06, "height": 0.004032588976047684, "effort": 0.0010423591066904935, "target_motion": 0.0011896763493208901, "nonfoot_contact": 0.0, "termination": 0.0}, "requested_planar_speed_mps": 0.03999999910593033, "moving_command_rows": 209, "moving_signed_command_direction_speed_mps": -0.0012113668429278145, "nonfoot_event_fraction": 0.0}, "other": {"environment_controls": 0, "time_fraction": 0.0, "task_reward_mean": null, "reward_component_means": {"linear_tracking": null, "yaw_tracking": null, "quiet_joint_rate": null, "quiet_target_motion": null, "tilt": null, "roll_pitch_rate": null, "vertical_velocity": null, "height": null, "effort": null, "target_motion": null, "nonfoot_contact": null, "termination": null}, "reward_component_mean_absolute": {"linear_tracking": null, "yaw_tracking": null, "quiet_joint_rate": null, "quiet_target_motion": null, "tilt": null, "roll_pitch_rate": null, "vertical_velocity": null, "height": null, "effort": null, "target_motion": null, "nonfoot_contact": null, "termination": null}, "requested_planar_speed_mps": null, "moving_command_rows": 0, "moving_signed_command_direction_speed_mps": null, "nonfoot_event_fraction": null}}, "zero_hold_joint_rate_rms_rad_s": [0.26621308486304385, 0.3510152809482137, 0.3135398944806642, 0.2503987869517417, 0.37980575419753415, 0.3757530057322247, 0.30012538040277165, 0.37187195975352483, 0.6196908795520187, 0.2900798963011789, 0.39634875621213983, 0.382331452203339, 0.23430518588147312, 0.410598155575133, 0.6819340595638579, 0.27775941535236004, 0.3855511086277299, 0.5151511799837049], "zero_hold_worst_joint_rate_rms_rad_s": 0.6819340595638579, "zero_hold_all_joint_rate_rms_rad_s": 0.3958136490852197, "diagnostic_scope": "Time-weighted 50Hz control endpoints; nonfoot events use each control's maximum 400Hz body/coxa/femur floor force >1N. These are reporting metrics, not Stage2 admission.", "termination_reasons": {"rows": {"height": 0, "tilt": 0, "joint_limit": 0, "timeout": 0}, "multiple_physical_reason_rows": 0, "unattributed_termination_rows": 0, "termination_flag_mismatch_rows": 0, "scope": "Counts returned terminal rows with each measured predicate; reasons may overlap. Timeout counts returned truncations separately."}, "actual_target_slew": {"environment_controls": 3072, "excluded_first_or_reset_rows": 0, "limit_rad_per_control": 0.04, "occupancy_tolerance_rad": 2e-06, "by_joint": {"lf_coxa_yaw": {"at_limit_rows": 961, "at_limit_fraction": 0.3128255208333333, "beyond_limit_rows": 0}, "lf_femur_pitch": {"at_limit_rows": 49, "at_limit_fraction": 0.015950520833333332, "beyond_limit_rows": 0}, "lf_tibia_pitch": {"at_limit_rows": 555, "at_limit_fraction": 0.1806640625, "beyond_limit_rows": 0}, "lm_coxa_yaw": {"at_limit_rows": 1089, "at_limit_fraction": 0.3544921875, "beyond_limit_rows": 0}, "lm_femur_pitch": {"at_limit_rows": 138, "at_limit_fraction": 0.044921875, "beyond_limit_rows": 0}, "lm_tibia_pitch": {"at_limit_rows": 200, "at_limit_fraction": 0.06510416666666667, "beyond_limit_rows": 0}, "lr_coxa_yaw": {"at_limit_rows": 989, "at_limit_fraction": 0.3219401041666667, "beyond_limit_rows": 0}, "lr_femur_pitch": {"at_limit_rows": 169, "at_limit_fraction": 0.055013020833333336, "beyond_limit_rows": 0}, "lr_tibia_pitch": {"at_limit_rows": 434, "at_limit_fraction": 0.14127604166666666, "beyond_limit_rows": 0}, "rf_coxa_yaw": {"at_limit_rows": 1007, "at_limit_fraction": 0.3277994791666667, "beyond_limit_rows": 0}, "rf_femur_pitch": {"at_limit_rows": 167, "at_limit_fraction": 0.054361979166666664, "beyond_limit_rows": 0}, "rf_tibia_pitch": {"at_limit_rows": 159, "at_limit_fraction": 0.0517578125, "beyond_limit_rows": 0}, "rm_coxa_yaw": {"at_limit_rows": 1008, "at_limit_fraction": 0.328125, "beyond_limit_rows": 0}, "rm_femur_pitch": {"at_limit_rows": 169, "at_limit_fraction": 0.055013020833333336, "beyond_limit_rows": 0}, "rm_tibia_pitch": {"at_limit_rows": 154, "at_limit_fraction": 0.050130208333333336, "beyond_limit_rows": 0}, "rr_coxa_yaw": {"at_limit_rows": 1020, "at_limit_fraction": 0.33203125, "beyond_limit_rows": 0}, "rr_femur_pitch": {"at_limit_rows": 240, "at_limit_fraction": 0.078125, "beyond_limit_rows": 0}, "rr_tibia_pitch": {"at_limit_rows": 272, "at_limit_fraction": 0.08854166666666667, "beyond_limit_rows": 0}}}}}
PAPER_PPO {"policy_loss": -0.000317510636523366, "value_loss": 1.3149843096733094, "entropy": -15.839923763275147, "estimator_loss": 0.0001377450917061651, "approx_kl": 0.015184034744743257, "actor_grad_norm": 40.5049072265625, "critic_grad_norm": 34.89093347787857, "model_grad_norm": 55.45214576721192, "clip_fraction": 0.22623698636889458, "discriminator_loss": 0.003411685430910438, "expert_score": 1.0006065547466279, "policy_score": -1.0054288864135743, "gradient_penalty": 0.0003324374250951223, "discriminator_expert_loss": 0.00022426595896831713, "discriminator_policy_loss": 0.0015252323762979358, "ppo_batches": 20, "discriminator_batches": 20, "target_kl": 0.02, "kl_initial": 3.038360033043076e-11, "kl_final": 0.01791989058182457, "kl_max": 0.019971863345968885, "kl_max_step_increase": 0.013552263348488863, "kl_after_model_steps": [0.013552263378872463, 0.015968155446920144, 0.01681510777511826, 0.015613106673869706, 0.01962784915947696, 0.01722963499571963, 0.01463118610826282, 0.013351512777781849, 0.0150347133537937, 0.016570618237345267, 0.016104022886686872, 0.01636043648680285, 0.019971863345968885, 0.01833367713338733, 0.01743872122366313, 0.015878757829636367, 0.015777367915587297, 0.012396416160475758, 0.014454067900023954, 0.01791989058182457], "early_stopped": false, "final_full_rollout_k3": 0.018022773787379265, "stop_reason": null, "learning_rate": 0.0001, "discriminator_learning_rate": 0.0003, "rollback_kl_steps": true, "model_proposals": 20, "accepted_model_steps": 20, "rejected_model_trials": 22, "model_trial_attempts": [{"proposal": 1, "retry": 0, "learning_rate": 0.0001, "kl": 0.013552263378872463, "accepted": true}, {"proposal": 2, "retry": 0, "learning_rate": 0.0001, "kl": 0.015968155446920144, "accepted": true}, {"proposal": 3, "retry": 0, "learning_rate": 0.0001, "kl": 0.020504868108389217, "accepted": false}, {"proposal": 3, "retry": 1, "learning_rate": 5e-05, "kl": 0.01681510777511826, "accepted": true}, {"proposal": 4, "retry": 0, "learning_rate": 0.0001, "kl": 0.024376991678062208, "accepted": false}, {"proposal": 4, "retry": 1, "learning_rate": 5e-05, "kl": 0.015613106673869706, "accepted": true}, {"proposal": 5, "retry": 0, "learning_rate": 0.0001, "kl": 0.03714289652134598, "accepted": false}, {"proposal": 5, "retry": 1, "learning_rate": 5e-05, "kl": 0.01962784915947696, "accepted": true}, {"proposal": 6, "retry": 0, "learning_rate": 0.0001, "kl": 0.02171946751393457, "accepted": false}, {"proposal": 6, "retry": 1, "learning_rate": 5e-05, "kl": 0.01722963499571963, "accepted": true}, {"proposal": 7, "retry": 0, "learning_rate": 0.0001, "kl": 0.022373821861139096, "accepted": false}, {"proposal": 7, "retry": 1, "learning_rate": 5e-05, "kl": 0.01463118610826282, "accepted": true}, {"proposal": 8, "retry": 0, "learning_rate": 0.0001, "kl": 0.021463656946017297, "accepted": false}, {"proposal": 8, "retry": 1, "learning_rate": 5e-05, "kl": 0.013351512777781849, "accepted": true}, {"proposal": 9, "retry": 0, "learning_rate": 0.0001, "kl": 0.0252502256295086, "accepted": false}, {"proposal": 9, "retry": 1, "learning_rate": 5e-05, "kl": 0.0150347133537937, "accepted": true}, {"proposal": 10, "retry": 0, "learning_rate": 0.0001, "kl": 0.03499915752070736, "accepted": false}, {"proposal": 10, "retry": 1, "learning_rate": 5e-05, "kl": 0.016570618237345267, "accepted": true}, {"proposal": 11, "retry": 0, "learning_rate": 0.0001, "kl": 0.04344663689073475, "accepted": false}, {"proposal": 11, "retry": 1, "learning_rate": 5e-05, "kl": 0.020435942722666165, "accepted": false}, {"proposal": 11, "retry": 2, "learning_rate": 2.5e-05, "kl": 0.016104022886686872, "accepted": true}, {"proposal": 12, "retry": 0, "learning_rate": 0.0001, "kl": 0.0641506692958553, "accepted": false}, {"proposal": 12, "retry": 1, "learning_rate": 5e-05, "kl": 0.024474592459436006, "accepted": false}, {"proposal": 12, "retry": 2, "learning_rate": 2.5e-05, "kl": 0.01636043648680285, "accepted": true}, {"proposal": 13, "retry": 0, "learning_rate": 0.0001, "kl": 0.072889411693016, "accepted": false}, {"proposal": 13, "retry": 1, "learning_rate": 5e-05, "kl": 0.03061178046062743, "accepted": false}, {"proposal": 13, "retry": 2, "learning_rate": 2.5e-05, "kl": 0.019971863345968885, "accepted": true}, {"proposal": 14, "retry": 0, "learning_rate": 0.0001, "kl": 0.025831852015483138, "accepted": false}, {"proposal": 14, "retry": 1, "learning_rate": 5e-05, "kl": 0.01833367713338733, "accepted": true}, {"proposal": 15, "retry": 0, "learning_rate": 0.0001, "kl": 0.026206609550600148, "accepted": false}, {"proposal": 15, "retry": 1, "learning_rate": 5e-05, "kl": 0.01743872122366313, "accepted": true}, {"proposal": 16, "retry": 0, "learning_rate": 0.0001, "kl": 0.02123009712299257, "accepted": false}, {"proposal": 16, "retry": 1, "learning_rate": 5e-05, "kl": 0.015878757829636367, "accepted": true}, {"proposal": 17, "retry": 0, "learning_rate": 0.0001, "kl": 0.03323681777026475, "accepted": false}, {"proposal": 17, "retry": 1, "learning_rate": 5e-05, "kl": 0.015777367915587297, "accepted": true}, {"proposal": 18, "retry": 0, "learning_rate": 0.0001, "kl": 0.025290945505957334, "accepted": false}, {"proposal": 18, "retry": 1, "learning_rate": 5e-05, "kl": 0.012396416160475758, "accepted": true}, {"proposal": 19, "retry": 0, "learning_rate": 0.0001, "kl": 0.044464267463300795, "accepted": false}, {"proposal": 19, "retry": 1, "learning_rate": 5e-05, "kl": 0.020492374038268472, "accepted": false}, {"proposal": 19, "retry": 2, "learning_rate": 2.5e-05, "kl": 0.014454067900023954, "accepted": true}, {"proposal": 20, "retry": 0, "learning_rate": 0.0001, "kl": 0.03296095063679273, "accepted": false}, {"proposal": 20, "retry": 1, "learning_rate": 5e-05, "kl": 0.01791989058182457, "accepted": true}], "consecutive_zero_accepted_updates": 0, "empirical_kl_scope": "Mean whole-actor KL on the fixed collected rollout; no bound on physical motion or unseen states.", "normalizer_policy_kl": 0.0, "normalizer_policy_kl_samples": 128, "normalizer_policy_kl_scope": "Same current observations and weights, before/after statistics update; reporting only", "update": 216, "transitions": 663552, "episodes": 636, "optimizer_steps": 726, "discriminator_steps": 4320, "reward": 0.4997587203979492, "task_reward": 0.46721547842025757, "style_reward": 0.03254327178001404, "action_std": 0.10036969184875488, "raw_action_abs_mean": 0.874563992023468, "raw_action_clip_fraction": 0.5523184537887573, "return_mean": 43.020870208740234, "return_std": 1.9564837217330933, "explained_variance": 0.37762391567230225, "terminated": 0, "truncated": 0, "elapsed_s": 53.010733609087765, "transitions_per_s": 12517.314038571343, "allocation_new_transitions": 49152, "allocation_new_transitions_per_s": 927.2084473015809}
PAPER_TASK {"schema": "canonical_paper_walking_task_v1", "reward_version": "canonical_quiet_quadratic_log_tail_v2", "controls_completed": 384, "command_draws": 358, "zero_command_draws": 54, "zero_draw_fraction": 0.15083798882681565, "remaining_controls": [150, 41, 172, 2, 38, 150, 143, 128, 82, 63, 191, 58, 114, 36, 78, 70, 9, 25, 91, 157, 128, 56, 32, 151, 123, 175, 89, 54, 56, 86, 53, 75, 82, 236, 95, 65, 152, 35, 204, 17, 91, 74, 37, 126, 32, 217, 30, 31, 119, 94, 101, 149, 45, 123, 88, 208, 24, 62, 207, 58, 99, 80, 132, 10, 41, 111, 161, 97, 230, 223, 84, 12, 39, 114, 48, 56, 153, 48, 20, 121, 26, 138, 76, 114, 66, 102, 105, 118, 23, 147, 167, 48, 24, 12, 101, 161, 145, 112, 89, 54, 81, 112, 13, 94, 113, 64, 88, 90, 200, 74, 179, 175, 59, 52, 116, 43, 29, 127, 4, 26, 39, 144, 24, 7, 181, 155, 67, 64], "commands": [[-4.5924256971943795e-18, -0.02500000037252903, 0.0], [-0.01767767034471035, 0.01767767034471035, 0.0], [1.5308084623338832e-18, 0.02500000037252903, 0.0], [0.0, 0.0, 0.0], [-0.05000000074505806, 6.123233849335533e-18, 0.0], [0.0353553406894207, 0.0353553406894207, 0.0], [-0.0353553406894207, -0.0353553406894207, 0.0], [-0.0353553406894207, 0.0353553406894207, 0.0], [-0.02500000037252903, 3.0616169246677665e-18, 0.0], [-0.01767767034471035, 0.01767767034471035, 0.0], [-0.05000000074505806, 6.123233849335533e-18, 0.0], [-0.0353553406894207, -0.0353553406894207, 0.0], [-0.0353553406894207, -0.0353553406894207, 0.0], [0.0, 0.0, 0.0], [0.0, 0.0, -0.20000000298023224], [-9.184851394388759e-18, -0.05000000074505806, 0.0], [1.5308084623338832e-18, 0.02500000037252903, 0.0], [0.0, 0.0, -0.20000000298023224], [0.01767767034471035, -0.01767767034471035, 0.0], [-0.01767767034471035, -0.01767767034471035, 0.0], [0.01767767034471035, 0.01767767034471035, 0.0], [0.0353553406894207, 0.0353553406894207, 0.0], [0.0, 0.0, -0.20000000298023224], [-4.5924256971943795e-18, -0.02500000037252903, 0.0], [0.0, 0.0, 0.0], [0.02500000037252903, 0.0, 0.0], [0.01767767034471035, -0.01767767034471035, 0.0], [-0.0353553406894207, -0.0353553406894207, 0.0], [-9.184851394388759e-18, -0.05000000074505806, 0.0], [0.0, 0.0, 0.0], [-0.05000000074505806, 6.123233849335533e-18, 0.0], [0.0, 0.0, 0.0], [0.03999999910593033, 0.0, 0.15000000596046448], [-0.05000000074505806, 6.123233849335533e-18, 0.0], [0.0, 0.0, 0.0], [-0.02500000037252903, 3.0616169246677665e-18, 0.0], [0.01767767034471035, -0.01767767034471035, 0.0], [0.05000000074505806, 0.0, 0.0], [0.0353553406894207, 0.0353553406894207, 0.0], [-0.0353553406894207, -0.0353553406894207, 0.0], [-0.0353553406894207, -0.0353553406894207, 0.0], [1.5308084623338832e-18, 0.02500000037252903, 0.0], [0.0, 0.0, 0.0], [0.0, 0.0, 0.20000000298023224], [-0.05000000074505806, 6.123233849335533e-18, 0.0], [0.03999999910593033, 0.0, -0.15000000596046448], [-0.01767767034471035, -0.01767767034471035, 0.0], [0.0, 0.0, 0.0], [1.5308084623338832e-18, 0.02500000037252903, 0.0], [0.03999999910593033, 0.0, 0.15000000596046448], [0.05000000074505806, 0.0, 0.0], [0.0, 0.0, 0.0], [0.02500000037252903, 0.0, 0.0], [0.0, 0.0, 0.0], [-0.0353553406894207, 0.0353553406894207, 0.0], [0.0, 0.0, 0.0], [0.0, 0.0, 0.0], [-0.02500000037252903, 3.0616169246677665e-18, 0.0], [0.0, 0.0, 0.0], [-0.01767767034471035, 0.01767767034471035, 0.0], [3.0616169246677665e-18, 0.05000000074505806, 0.0], [-0.01767767034471035, -0.01767767034471035, 0.0], [-0.0353553406894207, -0.0353553406894207, 0.0], [0.0, 0.0, -0.20000000298023224], [-0.0353553406894207, -0.0353553406894207, 0.0], [-0.02500000037252903, 3.0616169246677665e-18, 0.0], [0.03999999910593033, 0.0, -0.15000000596046448], [1.5308084623338832e-18, 0.02500000037252903, 0.0], [0.0, 0.0, -0.20000000298023224], [0.05000000074505806, 0.0, 0.0], [-0.01767767034471035, 0.01767767034471035, 0.0], [-0.0353553406894207, 0.0353553406894207, 0.0], [0.03999999910593033, 0.0, 0.15000000596046448], [-9.184851394388759e-18, -0.05000000074505806, 0.0], [0.0, 0.0, 0.0], [-0.01767767034471035, 0.01767767034471035, 0.0], [-0.01767767034471035, 0.01767767034471035, 0.0], [3.0616169246677665e-18, 0.05000000074505806, 0.0], [0.0, 0.0, 0.0], [0.01767767034471035, 0.01767767034471035, 0.0], [-4.5924256971943795e-18, -0.02500000037252903, 0.0], [1.5308084623338832e-18, 0.02500000037252903, 0.0], [-0.0353553406894207, 0.0353553406894207, 0.0], [0.01767767034471035, 0.01767767034471035, 0.0], [0.03999999910593033, 0.0, -0.15000000596046448], [-0.01767767034471035, -0.01767767034471035, 0.0], [0.0, 0.0, 0.0], [0.0353553406894207, -0.0353553406894207, 0.0], [0.03999999910593033, 0.0, 0.15000000596046448], [3.0616169246677665e-18, 0.05000000074505806, 0.0], [0.0353553406894207, 0.0353553406894207, 0.0], [-0.05000000074505806, 6.123233849335533e-18, 0.0], [0.0, 0.0, 0.20000000298023224], [0.0353553406894207, -0.0353553406894207, 0.0], [-0.01767767034471035, -0.01767767034471035, 0.0], [0.01767767034471035, -0.01767767034471035, 0.0], [0.01767767034471035, -0.01767767034471035, 0.0], [0.03999999910593033, 0.0, 0.15000000596046448], [0.0, 0.0, 0.0], [0.0, 0.0, -0.20000000298023224], [0.01767767034471035, 0.01767767034471035, 0.0], [-0.02500000037252903, 3.0616169246677665e-18, 0.0], [-0.02500000037252903, 3.0616169246677665e-18, 0.0], [-0.0353553406894207, 0.0353553406894207, 0.0], [-0.0353553406894207, -0.0353553406894207, 0.0], [-0.05000000074505806, 6.123233849335533e-18, 0.0], [3.0616169246677665e-18, 0.05000000074505806, 0.0], [-0.05000000074505806, 6.123233849335533e-18, 0.0], [0.01767767034471035, 0.01767767034471035, 0.0], [0.01767767034471035, 0.01767767034471035, 0.0], [-9.184851394388759e-18, -0.05000000074505806, 0.0], [-0.02500000037252903, 3.0616169246677665e-18, 0.0], [0.01767767034471035, 0.01767767034471035, 0.0], [0.01767767034471035, 0.01767767034471035, 0.0], [0.03999999910593033, 0.0, -0.15000000596046448], [-4.5924256971943795e-18, -0.02500000037252903, 0.0], [0.01767767034471035, -0.01767767034471035, 0.0], [-0.05000000074505806, 6.123233849335533e-18, 0.0], [-0.0353553406894207, -0.0353553406894207, 0.0], [0.03999999910593033, 0.0, -0.15000000596046448], [1.5308084623338832e-18, 0.02500000037252903, 0.0], [-9.184851394388759e-18, -0.05000000074505806, 0.0], [0.0, 0.0, 0.20000000298023224], [3.0616169246677665e-18, 0.05000000074505806, 0.0], [3.0616169246677665e-18, 0.05000000074505806, 0.0], [0.0, 0.0, 0.0], [3.0616169246677665e-18, 0.05000000074505806, 0.0], [-9.184851394388759e-18, -0.05000000074505806, 0.0]], "stage2_complete": false, "proximity": {"checks": 811, "minimum_sphere_gap_m": 0.99067622423172, "failure": null, "collision_filter_present": false}, "cumulative_metrics": {"environment_controls": 49152, "signed_navigation_velocity_error_mps": [-0.001842543832026422, -0.0009565299260430038], "absolute_navigation_velocity_error_mps": [0.031095413491129875, 0.0286320298910141], "achieved_planar_speed_mps": 0.03477693721652031, "requested_planar_speed_mps": 0.02853049337863922, "signed_command_direction_speed_mps": 0.00110432889778167, "moving_command_rows": 36811, "signed_yaw_error_rad_s": -0.01968417316675186, "absolute_yaw_error_rad_s": 0.11210702359676361, "requested_saturation_fraction": 0.02013637311756611, "terminations": 13, "truncations": 0, "zero_command_rows": 7842, "nonfoot_event_rows": 0, "moving_signed_command_direction_speed_mps": 0.0014745584451590107, "nonfoot_event_fraction": 0.0, "task_reward_sum": 19959.817112166376, "task_reward_mean": 0.40608351872083287, "reward_components": {"linear_tracking": {"sum": 12880.856264438613, "absolute_sum": 12880.856264438613, "mean": 0.262061691577934, "mean_absolute": 0.262061691577934}, "yaw_tracking": {"sum": 10805.760032947754, "absolute_sum": 10805.760032947754, "mean": 0.21984375067032377, "mean_absolute": 0.21984375067032377}, "quiet_joint_rate": {"sum": -2482.811610765755, "absolute_sum": 2482.811610765755, "mean": -0.05051293153413402, "mean_absolute": 0.05051293153413402}, "quiet_target_motion": {"sum": -924.8550117835402, "absolute_sum": 924.8550117835402, "mean": -0.01881622338426799, "mean_absolute": 0.01881622338426799}, "tilt": {"sum": -16.3751944045122, "absolute_sum": 16.3751944045122, "mean": -0.00033315418303450926, "mean_absolute": 0.00033315418303450926}, "roll_pitch_rate": {"sum": -5.917006817381286, "absolute_sum": 5.917006817381286, "mean": -0.00012038181187706067, "mean_absolute": 0.00012038181187706067}, "vertical_velocity": {"sum": -3.326041390186707, "absolute_sum": 3.326041390186707, "mean": -6.766848531467095e-05, "mean_absolute": 6.766848531467095e-05}, "height": {"sum": -116.51272569028346, "absolute_sum": 116.51272569028346, "mean": -0.0023704574725399467, "mean_absolute": 0.0023704574725399467}, "effort": {"sum": -66.55947026186914, "absolute_sum": 66.55947026186914, "mean": -0.0013541558891168037, "mean_absolute": 0.0013541558891168037}, "target_motion": {"sum": -84.44212668097316, "absolute_sum": 84.44212668097316, "mean": -0.0017179794653518303, "mean_absolute": 0.0017179794653518303}, "nonfoot_contact": {"sum": 0.0, "absolute_sum": 0.0, "mean": 0.0, "mean_absolute": 0.0}, "termination": {"sum": -26.0, "absolute_sum": 26.0, "mean": -0.0005289713541666666, "mean_absolute": 0.0005289713541666666}}, "command_classes": {"zero": {"environment_controls": 7842, "time_fraction": 0.1595458984375, "task_reward_mean": 0.20107267620913225, "reward_component_means": {"linear_tracking": 0.4055457668178194, "yaw_tracking": 0.23578058674998842, "quiet_joint_rate": -0.31660438800889507, "quiet_target_motion": -0.11793611473903855, "tilt": -0.0003423604389745369, "roll_pitch_rate": -0.00014648875983778355, "vertical_velocity": -8.2609374225477e-05, "height": -0.0019523461262406015, "effort": -0.0013304793747393716, "target_motion": -0.0018588899294385785, "nonfoot_contact": 0.0, "termination": 0.0}, "reward_component_mean_absolute": {"linear_tracking": 0.4055457668178194, "yaw_tracking": 0.23578058674998842, "quiet_joint_rate": 0.31660438800889507, "quiet_target_motion": 0.11793611473903855, "tilt": 0.0003423604389745369, "roll_pitch_rate": 0.00014648875983778355, "vertical_velocity": 8.2609374225477e-05, "height": 0.0019523461262406015, "effort": 0.0013304793747393716, "target_motion": 0.0018588899294385785, "nonfoot_contact": 0.0, "termination": 0.0}, "requested_planar_speed_mps": 0.0, "moving_command_rows": 0, "moving_signed_command_direction_speed_mps": null, "nonfoot_event_fraction": 0.0}, "linear_0.025": {"environment_controls": 15766, "time_fraction": 0.3207600911458333, "task_reward_mean": 0.5446962219181147, "reward_component_means": {"linear_tracking": 0.3138544291677005, "yaw_tracking": 0.23704375523588153, "quiet_joint_rate": 0.0, "quiet_target_motion": 0.0, "tilt": -0.0002565227152005083, "roll_pitch_rate": -0.00010823666285054889, "vertical_velocity": -6.668386748320037e-05, "height": -0.0026493584172780217, "effort": -0.0013401747796239643, "target_motion": -0.0016541310387099698, "nonfoot_contact": 0.0, "termination": -0.00012685525815045033}, "reward_component_mean_absolute": {"linear_tracking": 0.3138544291677005, "yaw_tracking": 0.23704375523588153, "quiet_joint_rate": 0.0, "quiet_target_motion": 0.0, "tilt": 0.0002565227152005083, "roll_pitch_rate": 0.00010823666285054889, "vertical_velocity": 6.668386748320037e-05, "height": 0.0026493584172780217, "effort": 0.0013401747796239643, "target_motion": 0.0016541310387099698, "nonfoot_contact": 0.0, "termination": 0.00012685525815045033}, "requested_planar_speed_mps": 0.02500000037252903, "moving_command_rows": 15766, "moving_signed_command_direction_speed_mps": 0.0009909424511321582, "nonfoot_event_fraction": 0.0}, "linear_0.05": {"environment_controls": 16638, "time_fraction": 0.3385009765625, "task_reward_mean": 0.35454494407830267, "reward_component_means": {"linear_tracking": 0.12074153731933766, "yaw_tracking": 0.2404708493671264, "quiet_joint_rate": 0.0, "quiet_target_motion": 0.0, "tilt": -0.00042141784104841076, "roll_pitch_rate": -0.0001180747406607139, "vertical_velocity": -5.796739417237321e-05, "height": -0.002304835709786079, "effort": -0.0013595040438054793, "target_motion": -0.0016844025006469236, "nonfoot_contact": 0.0, "termination": -0.000721240533717995}, "reward_component_mean_absolute": {"linear_tracking": 0.12074153731933766, "yaw_tracking": 0.2404708493671264, "quiet_joint_rate": 0.0, "quiet_target_motion": 0.0, "tilt": 0.00042141784104841076, "roll_pitch_rate": 0.0001180747406607139, "vertical_velocity": 5.796739417237321e-05, "height": 0.002304835709786079, "effort": 0.0013595040438054793, "target_motion": 0.0016844025006469236, "nonfoot_contact": 0.0, "termination": 0.000721240533717995}, "requested_planar_speed_mps": 0.05000000074505806, "moving_command_rows": 16638, "moving_signed_command_direction_speed_mps": 0.0015533868620938916, "nonfoot_event_fraction": 0.0}, "yaw": {"environment_controls": 4499, "time_fraction": 0.09153238932291667, "task_reward_mean": 0.548715857878399, "reward_component_means": {"linear_tracking": 0.436170503842388, "yaw_tracking": 0.11946898845428038, "quiet_joint_rate": 0.0, "quiet_target_motion": 0.0, "tilt": -0.0003068978988992207, "roll_pitch_rate": -0.0001158195890416766, "vertical_velocity": -6.894944863002729e-05, "height": -0.002472312165523126, "effort": -0.0013422405171036346, "target_motion": -0.0017283286121184053, "nonfoot_contact": 0.0, "termination": -0.0008890864636585908}, "reward_component_mean_absolute": {"linear_tracking": 0.436170503842388, "yaw_tracking": 0.11946898845428038, "quiet_joint_rate": 0.0, "quiet_target_motion": 0.0, "tilt": 0.0003068978988992207, "roll_pitch_rate": 0.0001158195890416766, "vertical_velocity": 6.894944863002729e-05, "height": 0.002472312165523126, "effort": 0.0013422405171036346, "target_motion": 0.0017283286121184053, "nonfoot_contact": 0.0, "termination": 0.0008890864636585908}, "requested_planar_speed_mps": 0.0, "moving_command_rows": 0, "moving_signed_command_direction_speed_mps": null, "nonfoot_event_fraction": 0.0}, "arc": {"environment_controls": 4407, "time_fraction": 0.08966064453125, "task_reward_mean": 0.32396939559874005, "reward_component_means": {"linear_tracking": 0.17724271297691396, "yaw_tracking": 0.15454773219409526, "quiet_joint_rate": 0.0, "quiet_target_motion": 0.0, "tilt": -0.0002844980775383748, "roll_pitch_rate": -0.00013074265260271662, "vertical_velocity": -7.992188544223724e-05, "height": -0.002260461445289343, "effort": -0.0014382770733666324, "target_motion": -0.0018118544738666266, "nonfoot_contact": 0.0, "termination": -0.0018152938506920807}, "reward_component_mean_absolute": {"linear_tracking": 0.17724271297691396, "yaw_tracking": 0.15454773219409526, "quiet_joint_rate": 0.0, "quiet_target_motion": 0.0, "tilt": 0.0002844980775383748, "roll_pitch_rate": 0.00013074265260271662, "vertical_velocity": 7.992188544223724e-05, "height": 0.002260461445289343, "effort": 0.0014382770733666324, "target_motion": 0.0018118544738666266, "nonfoot_contact": 0.0, "termination": 0.0018152938506920807}, "requested_planar_speed_mps": 0.03999999910593033, "moving_command_rows": 4407, "moving_signed_command_direction_speed_mps": 0.002907084553819053, "nonfoot_event_fraction": 0.0}, "other": {"environment_controls": 0, "time_fraction": 0.0, "task_reward_mean": null, "reward_component_means": {"linear_tracking": null, "yaw_tracking": null, "quiet_joint_rate": null, "quiet_target_motion": null, "tilt": null, "roll_pitch_rate": null, "vertical_velocity": null, "height": null, "effort": null, "target_motion": null, "nonfoot_contact": null, "termination": null}, "reward_component_mean_absolute": {"linear_tracking": null, "yaw_tracking": null, "quiet_joint_rate": null, "quiet_target_motion": null, "tilt": null, "roll_pitch_rate": null, "vertical_velocity": null, "height": null, "effort": null, "target_motion": null, "nonfoot_contact": null, "termination": null}, "requested_planar_speed_mps": null, "moving_command_rows": 0, "moving_signed_command_direction_speed_mps": null, "nonfoot_event_fraction": null}}, "zero_hold_joint_rate_rms_rad_s": [0.4370862334319855, 0.6924946427393567, 0.38612623480936115, 0.39449823684782376, 0.8919469836033642, 1.2548537951569168, 0.5162248678617564, 0.6651687947577742, 0.855282980915434, 0.4771719855691213, 0.7081535434501578, 0.7776291391481412, 0.42389894227261615, 0.6837463990119468, 0.7755649338257335, 0.39595839514129044, 0.6941806145050927, 1.0938925014092986], "zero_hold_worst_joint_rate_rms_rad_s": 1.2548537951569168, "zero_hold_all_joint_rate_rms_rad_s": 0.7150696252637637, "diagnostic_scope": "Time-weighted 50Hz control endpoints; nonfoot events use each control's maximum 400Hz body/coxa/femur floor force >1N. These are reporting metrics, not Stage2 admission.", "termination_reasons": {"rows": {"height": 0, "tilt": 0, "joint_limit": 13, "timeout": 0}, "multiple_physical_reason_rows": 0, "unattributed_termination_rows": 0, "termination_flag_mismatch_rows": 0, "scope": "Counts returned terminal rows with each measured predicate; reasons may overlap. Timeout counts returned truncations separately."}, "actual_target_slew": {"environment_controls": 49011, "excluded_first_or_reset_rows": 141, "limit_rad_per_control": 0.04, "occupancy_tolerance_rad": 2e-06, "by_joint": {"lf_coxa_yaw": {"at_limit_rows": 13048, "at_limit_fraction": 0.26622594927669296, "beyond_limit_rows": 0}, "lf_femur_pitch": {"at_limit_rows": 6518, "at_limit_fraction": 0.1329905531411316, "beyond_limit_rows": 0}, "lf_tibia_pitch": {"at_limit_rows": 12998, "at_limit_fraction": 0.2652057701332354, "beyond_limit_rows": 0}, "lm_coxa_yaw": {"at_limit_rows": 18593, "at_limit_fraction": 0.37936381628613985, "beyond_limit_rows": 0}, "lm_femur_pitch": {"at_limit_rows": 8802, "at_limit_fraction": 0.17959233641427436, "beyond_limit_rows": 0}, "lm_tibia_pitch": {"at_limit_rows": 10163, "at_limit_fraction": 0.20736161269918998, "beyond_limit_rows": 0}, "lr_coxa_yaw": {"at_limit_rows": 16767, "at_limit_fraction": 0.3421068739670686, "beyond_limit_rows": 0}, "lr_femur_pitch": {"at_limit_rows": 8373, "at_limit_fraction": 0.17083919936340822, "beyond_limit_rows": 0}, "lr_tibia_pitch": {"at_limit_rows": 10863, "at_limit_fraction": 0.22164412070759626, "beyond_limit_rows": 0}, "rf_coxa_yaw": {"at_limit_rows": 12904, "at_limit_fraction": 0.2632878333435351, "beyond_limit_rows": 0}, "rf_femur_pitch": {"at_limit_rows": 9069, "at_limit_fraction": 0.1850400930403379, "beyond_limit_rows": 0}, "rf_tibia_pitch": {"at_limit_rows": 8793, "at_limit_fraction": 0.17940870416845198, "beyond_limit_rows": 0}, "rm_coxa_yaw": {"at_limit_rows": 12874, "at_limit_fraction": 0.2626757258574606, "beyond_limit_rows": 0}, "rm_femur_pitch": {"at_limit_rows": 8872, "at_limit_fraction": 0.18102058721511496, "beyond_limit_rows": 0}, "rm_tibia_pitch": {"at_limit_rows": 8663, "at_limit_fraction": 0.17675623839546226, "beyond_limit_rows": 0}, "rr_coxa_yaw": {"at_limit_rows": 13267, "at_limit_fraction": 0.2706943339250372, "beyond_limit_rows": 0}, "rr_femur_pitch": {"at_limit_rows": 10227, "at_limit_fraction": 0.2086674420028157, "beyond_limit_rows": 0}, "rr_tibia_pitch": {"at_limit_rows": 11087, "at_limit_fraction": 0.22621452327028627, "beyond_limit_rows": 0}}}}, "interval_metrics": {"environment_controls": 3072, "signed_navigation_velocity_error_mps": [0.0023323767818510532, -0.0008864867850206792], "absolute_navigation_velocity_error_mps": [0.027203328907489777, 0.025859763845801353], "achieved_planar_speed_mps": 0.02757304161787033, "requested_planar_speed_mps": 0.02971842512488365, "signed_command_direction_speed_mps": 0.0001930383441504091, "moving_command_rows": 2431, "signed_yaw_error_rad_s": 0.00343176512978971, "absolute_yaw_error_rad_s": 0.08714979887008667, "requested_saturation_fraction": 0.00992838479578495, "terminations": 0, "truncations": 0, "zero_command_rows": 437, "nonfoot_event_rows": 0, "moving_signed_command_direction_speed_mps": 0.00024393821039498382, "nonfoot_event_fraction": 0.0, "task_reward_sum": 1435.285909108352, "task_reward_mean": 0.46721546520454166, "reward_components": {"linear_tracking": {"sum": 885.9709046091549, "absolute_sum": 885.9709046091549, "mean": 0.2884019871774593, "mean_absolute": 0.2884019871774593}, "yaw_tracking": {"sum": 729.8140691183507, "absolute_sum": 729.8140691183507, "mean": 0.23756968395779646, "mean_absolute": 0.23756968395779646}, "quiet_joint_rate": {"sum": -112.66799223423004, "absolute_sum": 112.66799223423004, "mean": -0.03667577872208009, "mean_absolute": 0.03667577872208009}, "quiet_target_motion": {"sum": -48.5457162335515, "absolute_sum": 48.5457162335515, "mean": -0.015802642003109213, "mean_absolute": 0.015802642003109213}, "tilt": {"sum": -0.4849049112886342, "absolute_sum": 0.4849049112886342, "mean": -0.0001578466508101023, "mean_absolute": 0.0001578466508101023}, "roll_pitch_rate": {"sum": -0.12844564917474144, "absolute_sum": 0.12844564917474144, "mean": -4.181173475740281e-05, "mean_absolute": 4.181173475740281e-05}, "vertical_velocity": {"sum": -0.04355274080524685, "absolute_sum": 0.04355274080524685, "mean": -1.4177324480874626e-05, "mean_absolute": 1.4177324480874626e-05}, "height": {"sum": -11.23874293819966, "absolute_sum": 11.23874293819966, "mean": -0.0036584449668618686, "mean_absolute": 0.0036584449668618686}, "effort": {"sum": -3.5513214309175964, "absolute_sum": 3.5513214309175964, "mean": -0.0011560291116268218, "mean_absolute": 0.0011560291116268218}, "target_motion": {"sum": -3.838388372125337, "absolute_sum": 3.838388372125337, "mean": -0.0012494753815512165, "mean_absolute": 0.0012494753815512165}, "nonfoot_contact": {"sum": 0.0, "absolute_sum": 0.0, "mean": 0.0, "mean_absolute": 0.0}, "termination": {"sum": 0.0, "absolute_sum": 0.0, "mean": 0.0, "mean_absolute": 0.0}}, "command_classes": {"zero": {"environment_controls": 437, "time_fraction": 0.14225260416666666, "task_reward_mean": 0.3814373022154212, "reward_component_means": {"linear_tracking": 0.4993644900080797, "yaw_tracking": 0.2570478437165783, "quiet_joint_rate": -0.2578214925268422, "quiet_target_motion": -0.11108859550011785, "tilt": -0.0001771966814665811, "roll_pitch_rate": -5.0839293207045556e-05, "vertical_velocity": -2.3351621222474846e-05, "height": -0.003408541154829708, "effort": -0.00111193999725882, "target_motion": -0.0012930748300643924, "nonfoot_contact": 0.0, "termination": 0.0}, "reward_component_mean_absolute": {"linear_tracking": 0.4993644900080797, "yaw_tracking": 0.2570478437165783, "quiet_joint_rate": 0.2578214925268422, "quiet_target_motion": 0.11108859550011785, "tilt": 0.0001771966814665811, "roll_pitch_rate": 5.0839293207045556e-05, "vertical_velocity": 2.3351621222474846e-05, "height": 0.003408541154829708, "effort": 0.00111193999725882, "target_motion": 0.0012930748300643924, "nonfoot_contact": 0.0, "termination": 0.0}, "requested_planar_speed_mps": 0.0, "moving_command_rows": 0, "moving_signed_command_direction_speed_mps": null, "nonfoot_event_fraction": 0.0}, "linear_0.025": {"environment_controls": 1125, "time_fraction": 0.3662109375, "task_reward_mean": 0.5891098306025896, "reward_component_means": {"linear_tracking": 0.34713871203802604, "yaw_tracking": 0.24845803135799038, "quiet_joint_rate": 0.0, "quiet_target_motion": 0.0, "tilt": -0.00010397309849529298, "roll_pitch_rate": -3.7220767817992474e-05, "vertical_velocity": -1.4148432437014197e-05, "height": -0.0038840432630442875, "effort": -0.001216209473579915, "target_motion": -0.001231317982232819, "nonfoot_contact": 0.0, "termination": 0.0}, "reward_component_mean_absolute": {"linear_tracking": 0.34713871203802604, "yaw_tracking": 0.24845803135799038, "quiet_joint_rate": 0.0, "quiet_target_motion": 0.0, "tilt": 0.00010397309849529298, "roll_pitch_rate": 3.7220767817992474e-05, "vertical_velocity": 1.4148432437014197e-05, "height": 0.0038840432630442875, "effort": 0.001216209473579915, "target_motion": 0.001231317982232819, "nonfoot_contact": 0.0, "termination": 0.0}, "requested_planar_speed_mps": 0.02500000037252903, "moving_command_rows": 1125, "moving_signed_command_direction_speed_mps": -0.0003402903111903773, "nonfoot_event_fraction": 0.0}, "linear_0.05": {"environment_controls": 1093, "time_fraction": 0.3557942708333333, "task_reward_mean": 0.36528918640611374, "reward_component_means": {"linear_tracking": 0.11810334324543278, "yaw_tracking": 0.25334132369692897, "quiet_joint_rate": 0.0, "quiet_target_motion": 0.0, "tilt": -0.0002626425619458837, "roll_pitch_rate": -5.317603147469162e-05, "vertical_velocity": -1.4995881485819243e-05, "height": -0.0033726077667122416, "effort": -0.0011601544759421178, "target_motion": -0.0012919036809715876, "nonfoot_contact": 0.0, "termination": 0.0}, "reward_component_mean_absolute": {"linear_tracking": 0.11810334324543278, "yaw_tracking": 0.25334132369692897, "quiet_joint_rate": 0.0, "quiet_target_motion": 0.0, "tilt": 0.0002626425619458837, "roll_pitch_rate": 5.317603147469162e-05, "vertical_velocity": 1.4995881485819243e-05, "height": 0.0033726077667122416, "effort": 0.0011601544759421178, "target_motion": 0.0012919036809715876, "nonfoot_contact": 0.0, "termination": 0.0}, "requested_planar_speed_mps": 0.05000000074505806, "moving_command_rows": 1093, "moving_signed_command_direction_speed_mps": 0.0008064820149271095, "nonfoot_event_fraction": 0.0}, "yaw": {"environment_controls": 204, "time_fraction": 0.06640625, "task_reward_mean": 0.6207648927309349, "reward_component_means": {"linear_tracking": 0.5043876785060217, "yaw_tracking": 0.12250826998577252, "quiet_joint_rate": 0.0, "quiet_target_motion": 0.0, "tilt": -6.3404349945160014e-06, "roll_pitch_rate": -1.42843799038584e-05, "vertical_velocity": -2.2243306803033246e-06, "height": -0.003975232253901149, "effort": -0.000964148180655149, "target_motion": -0.0011688289609189857, "nonfoot_contact": 0.0, "termination": 0.0}, "reward_component_mean_absolute": {"linear_tracking": 0.5043876785060217, "yaw_tracking": 0.12250826998577252, "quiet_joint_rate": 0.0, "quiet_target_motion": 0.0, "tilt": 6.3404349945160014e-06, "roll_pitch_rate": 1.42843799038584e-05, "vertical_velocity": 2.2243306803033246e-06, "height": 0.003975232253901149, "effort": 0.000964148180655149, "target_motion": 0.0011688289609189857, "nonfoot_contact": 0.0, "termination": 0.0}, "requested_planar_speed_mps": 0.0, "moving_command_rows": 0, "moving_signed_command_direction_speed_mps": null, "nonfoot_event_fraction": 0.0}, "arc": {"environment_controls": 213, "time_fraction": 0.0693359375, "task_reward_mean": 0.3753621115178709, "reward_component_means": {"linear_tracking": 0.21237338427398297, "yaw_tracking": 0.16936677116725787, "quiet_joint_rate": 0.0, "quiet_target_motion": 0.0, "tilt": -1.003970298028877e-05, "roll_pitch_rate": -1.558731617744573e-05, "vertical_velocity": -2.75508881033831e-06, "height": -0.004142977060103011, "effort": -0.0010912343815948481, "target_motion": -0.0011154465260368907, "nonfoot_contact": 0.0, "termination": 0.0}, "reward_component_mean_absolute": {"linear_tracking": 0.21237338427398297, "yaw_tracking": 0.16936677116725787, "quiet_joint_rate": 0.0, "quiet_target_motion": 0.0, "tilt": 1.003970298028877e-05, "roll_pitch_rate": 1.558731617744573e-05, "vertical_velocity": 2.75508881033831e-06, "height": 0.004142977060103011, "effort": 0.0010912343815948481, "target_motion": 0.0011154465260368907, "nonfoot_contact": 0.0, "termination": 0.0}, "requested_planar_speed_mps": 0.03999999910593033, "moving_command_rows": 213, "moving_signed_command_direction_speed_mps": 0.00044298378987816606, "nonfoot_event_fraction": 0.0}, "other": {"environment_controls": 0, "time_fraction": 0.0, "task_reward_mean": null, "reward_component_means": {"linear_tracking": null, "yaw_tracking": null, "quiet_joint_rate": null, "quiet_target_motion": null, "tilt": null, "roll_pitch_rate": null, "vertical_velocity": null, "height": null, "effort": null, "target_motion": null, "nonfoot_contact": null, "termination": null}, "reward_component_mean_absolute": {"linear_tracking": null, "yaw_tracking": null, "quiet_joint_rate": null, "quiet_target_motion": null, "tilt": null, "roll_pitch_rate": null, "vertical_velocity": null, "height": null, "effort": null, "target_motion": null, "nonfoot_contact": null, "termination": null}, "requested_planar_speed_mps": null, "moving_command_rows": 0, "moving_signed_command_direction_speed_mps": null, "nonfoot_event_fraction": null}}, "zero_hold_joint_rate_rms_rad_s": [0.2901385120460524, 0.37587838132548124, 0.3722858703815773, 0.26594839837123874, 0.4294110166317275, 0.4895186951394834, 0.2965757234907853, 0.4255822146208123, 0.4385935483922382, 0.2859263838642846, 0.4289240732628948, 0.41348927158722926, 0.22967228333630035, 0.3775309357041299, 0.5351816745295542, 0.2561747384237924, 0.38503321245991695, 0.5342076102862153], "zero_hold_worst_joint_rate_rms_rad_s": 0.5351816745295542, "zero_hold_all_joint_rate_rms_rad_s": 0.3900078102477876, "diagnostic_scope": "Time-weighted 50Hz control endpoints; nonfoot events use each control's maximum 400Hz body/coxa/femur floor force >1N. These are reporting metrics, not Stage2 admission.", "termination_reasons": {"rows": {"height": 0, "tilt": 0, "joint_limit": 0, "timeout": 0}, "multiple_physical_reason_rows": 0, "unattributed_termination_rows": 0, "termination_flag_mismatch_rows": 0, "scope": "Counts returned terminal rows with each measured predicate; reasons may overlap. Timeout counts returned truncations separately."}, "actual_target_slew": {"environment_controls": 3072, "excluded_first_or_reset_rows": 0, "limit_rad_per_control": 0.04, "occupancy_tolerance_rad": 2e-06, "by_joint": {"lf_coxa_yaw": {"at_limit_rows": 961, "at_limit_fraction": 0.3128255208333333, "beyond_limit_rows": 0}, "lf_femur_pitch": {"at_limit_rows": 46, "at_limit_fraction": 0.014973958333333334, "beyond_limit_rows": 0}, "lf_tibia_pitch": {"at_limit_rows": 522, "at_limit_fraction": 0.169921875, "beyond_limit_rows": 0}, "lm_coxa_yaw": {"at_limit_rows": 1154, "at_limit_fraction": 0.3756510416666667, "beyond_limit_rows": 0}, "lm_femur_pitch": {"at_limit_rows": 143, "at_limit_fraction": 0.046549479166666664, "beyond_limit_rows": 0}, "lm_tibia_pitch": {"at_limit_rows": 184, "at_limit_fraction": 0.059895833333333336, "beyond_limit_rows": 0}, "lr_coxa_yaw": {"at_limit_rows": 1043, "at_limit_fraction": 0.3395182291666667, "beyond_limit_rows": 0}, "lr_femur_pitch": {"at_limit_rows": 159, "at_limit_fraction": 0.0517578125, "beyond_limit_rows": 0}, "lr_tibia_pitch": {"at_limit_rows": 378, "at_limit_fraction": 0.123046875, "beyond_limit_rows": 0}, "rf_coxa_yaw": {"at_limit_rows": 1002, "at_limit_fraction": 0.326171875, "beyond_limit_rows": 0}, "rf_femur_pitch": {"at_limit_rows": 145, "at_limit_fraction": 0.047200520833333336, "beyond_limit_rows": 0}, "rf_tibia_pitch": {"at_limit_rows": 142, "at_limit_fraction": 0.046223958333333336, "beyond_limit_rows": 0}, "rm_coxa_yaw": {"at_limit_rows": 1015, "at_limit_fraction": 0.3304036458333333, "beyond_limit_rows": 0}, "rm_femur_pitch": {"at_limit_rows": 149, "at_limit_fraction": 0.048502604166666664, "beyond_limit_rows": 0}, "rm_tibia_pitch": {"at_limit_rows": 138, "at_limit_fraction": 0.044921875, "beyond_limit_rows": 0}, "rr_coxa_yaw": {"at_limit_rows": 968, "at_limit_fraction": 0.3151041666666667, "beyond_limit_rows": 0}, "rr_femur_pitch": {"at_limit_rows": 224, "at_limit_fraction": 0.07291666666666667, "beyond_limit_rows": 0}, "rr_tibia_pitch": {"at_limit_rows": 212, "at_limit_fraction": 0.06901041666666667, "beyond_limit_rows": 0}}}}}
PAPER_PPO {"policy_loss": -0.001316465635318309, "value_loss": 1.5558844566345216, "entropy": -15.838864946365357, "estimator_loss": 0.00010840820286830421, "approx_kl": 0.015466694658001268, "actor_grad_norm": 39.13812913894653, "critic_grad_norm": 46.16074800491333, "model_grad_norm": 61.082126235961915, "clip_fraction": 0.22812500577419997, "discriminator_loss": 0.0033992115524597464, "expert_score": 1.0019115447998046, "policy_score": -1.0094477772712707, "gradient_penalty": 0.0003231003909604624, "discriminator_expert_loss": 0.00024919781462813263, "discriminator_policy_loss": 0.0015345117804827168, "ppo_batches": 20, "discriminator_batches": 20, "target_kl": 0.02, "kl_initial": 3.0104045088627976e-11, "kl_final": 0.019520552638985833, "kl_max": 0.019520552638985833, "kl_max_step_increase": 0.011547270839954268, "kl_after_model_steps": [0.0060359336549297956, 0.017583204494884062, 0.01866375490070528, 0.011494482103771422, 0.017848953716098903, 0.018881968422657956, 0.01640493102140534, 0.016301992842102216, 0.015983656188765075, 0.01411245584429444, 0.016282021681576997, 0.01438636001538299, 0.016536876314155284, 0.01881038727886968, 0.014985862480355933, 0.011278991493638178, 0.017635169225715005, 0.01855903056109886, 0.019051781260165688, 0.019520552638985833], "early_stopped": false, "final_full_rollout_k3": 0.020367316901683807, "stop_reason": null, "learning_rate": 0.0001, "discriminator_learning_rate": 0.0003, "rollback_kl_steps": true, "model_proposals": 20, "accepted_model_steps": 20, "rejected_model_trials": 25, "model_trial_attempts": [{"proposal": 1, "retry": 0, "learning_rate": 0.0001, "kl": 0.024112234729079435, "accepted": false}, {"proposal": 1, "retry": 1, "learning_rate": 5e-05, "kl": 0.0060359336549297956, "accepted": true}, {"proposal": 2, "retry": 0, "learning_rate": 0.0001, "kl": 0.04130524808204826, "accepted": false}, {"proposal": 2, "retry": 1, "learning_rate": 5e-05, "kl": 0.017583204494884062, "accepted": true}, {"proposal": 3, "retry": 0, "learning_rate": 0.0001, "kl": 0.03568094296968217, "accepted": false}, {"proposal": 3, "retry": 1, "learning_rate": 5e-05, "kl": 0.023929222863302214, "accepted": false}, {"proposal": 3, "retry": 2, "learning_rate": 2.5e-05, "kl": 0.020081590937321238, "accepted": false}, {"proposal": 3, "retry": 3, "learning_rate": 1.25e-05, "kl": 0.01866375490070528, "accepted": true}, {"proposal": 4, "retry": 0, "learning_rate": 0.0001, "kl": 0.02055918137008316, "accepted": false}, {"proposal": 4, "retry": 1, "learning_rate": 5e-05, "kl": 0.011494482103771422, "accepted": true}, {"proposal": 5, "retry": 0, "learning_rate": 0.0001, "kl": 0.04711423714673407, "accepted": false}, {"proposal": 5, "retry": 1, "learning_rate": 5e-05, "kl": 0.017848953716098903, "accepted": true}, {"proposal": 6, "retry": 0, "learning_rate": 0.0001, "kl": 0.04253620911437004, "accepted": false}, {"proposal": 6, "retry": 1, "learning_rate": 5e-05, "kl": 0.02549881713305028, "accepted": false}, {"proposal": 6, "retry": 2, "learning_rate": 2.5e-05, "kl": 0.020501112989069, "accepted": false}, {"proposal": 6, "retry": 3, "learning_rate": 1.25e-05, "kl": 0.018881968422657956, "accepted": true}, {"proposal": 7, "retry": 0, "learning_rate": 0.0001, "kl": 0.0279962638044826, "accepted": false}, {"proposal": 7, "retry": 1, "learning_rate": 5e-05, "kl": 0.01640493102140534, "accepted": true}, {"proposal": 8, "retry": 0, "learning_rate": 0.0001, "kl": 0.04710085241638454, "accepted": false}, {"proposal": 8, "retry": 1, "learning_rate": 5e-05, "kl": 0.021381899623109962, "accepted": false}, {"proposal": 8, "retry": 2, "learning_rate": 2.5e-05, "kl": 0.016301992842102216, "accepted": true}, {"proposal": 9, "retry": 0, "learning_rate": 0.0001, "kl": 0.041117752424455055, "accepted": false}, {"proposal": 9, "retry": 1, "learning_rate": 5e-05, "kl": 0.02001707756805185, "accepted": false}, {"proposal": 9, "retry": 2, "learning_rate": 2.5e-05, "kl": 0.015983656188765075, "accepted": true}, {"proposal": 10, "retry": 0, "learning_rate": 0.0001, "kl": 0.06590528471433071, "accepted": false}, {"proposal": 10, "retry": 1, "learning_rate": 5e-05, "kl": 0.021848973944083017, "accepted": false}, {"proposal": 10, "retry": 2, "learning_rate": 2.5e-05, "kl": 0.01411245584429444, "accepted": true}, {"proposal": 11, "retry": 0, "learning_rate": 0.0001, "kl": 0.04372444843140859, "accepted": false}, {"proposal": 11, "retry": 1, "learning_rate": 5e-05, "kl": 0.021947071997883667, "accepted": false}, {"proposal": 11, "retry": 2, "learning_rate": 2.5e-05, "kl": 0.016282021681576997, "accepted": true}, {"proposal": 12, "retry": 0, "learning_rate": 0.0001, "kl": 0.022940283158309108, "accepted": false}, {"proposal": 12, "retry": 1, "learning_rate": 5e-05, "kl": 0.01438636001538299, "accepted": true}, {"proposal": 13, "retry": 0, "learning_rate": 0.0001, "kl": 0.028601796029321343, "accepted": false}, {"proposal": 13, "retry": 1, "learning_rate": 5e-05, "kl": 0.016536876314155284, "accepted": true}, {"proposal": 14, "retry": 0, "learning_rate": 0.0001, "kl": 0.0321180230666302, "accepted": false}, {"proposal": 14, "retry": 1, "learning_rate": 5e-05, "kl": 0.01881038727886968, "accepted": true}, {"proposal": 15, "retry": 0, "learning_rate": 0.0001, "kl": 0.014985862480355933, "accepted": true}, {"proposal": 16, "retry": 0, "learning_rate": 0.0001, "kl": 0.011278991493638178, "accepted": true}, {"proposal": 17, "retry": 0, "learning_rate": 0.0001, "kl": 0.017635169225715005, "accepted": true}, {"proposal": 18, "retry": 0, "learning_rate": 0.0001, "kl": 0.022575928251194005, "accepted": false}, {"proposal": 18, "retry": 1, "learning_rate": 5e-05, "kl": 0.01855903056109886, "accepted": true}, {"proposal": 19, "retry": 0, "learning_rate": 0.0001, "kl": 0.019051781260165688, "accepted": true}, {"proposal": 20, "retry": 0, "learning_rate": 0.0001, "kl": 0.02829735736486504, "accepted": false}, {"proposal": 20, "retry": 1, "learning_rate": 5e-05, "kl": 0.021218667000503913, "accepted": false}, {"proposal": 20, "retry": 2, "learning_rate": 2.5e-05, "kl": 0.019520552638985833, "accepted": true}], "consecutive_zero_accepted_updates": 0, "empirical_kl_scope": "Mean whole-actor KL on the fixed collected rollout; no bound on physical motion or unseen states.", "normalizer_policy_kl": 0.0, "normalizer_policy_kl_samples": 128, "normalizer_policy_kl_scope": "Same current observations and weights, before/after statistics update; reporting only", "update": 217, "transitions": 666624, "episodes": 636, "optimizer_steps": 746, "discriminator_steps": 4340, "reward": 0.49227070808410645, "task_reward": 0.4644615054130554, "style_reward": 0.027809223160147667, "action_std": 0.10037462413311005, "raw_action_abs_mean": 0.874862790107727, "raw_action_clip_fraction": 0.5552481412887573, "return_mean": 42.80413818359375, "return_std": 1.7601841688156128, "explained_variance": 0.0939059853553772, "terminated": 0, "truncated": 0, "elapsed_s": 56.437462931033224, "transitions_per_s": 11811.728688346902, "allocation_new_transitions": 52224, "allocation_new_transitions_per_s": 925.342800469573}
PAPER_TASK {"schema": "canonical_paper_walking_task_v1", "reward_version": "canonical_quiet_quadratic_log_tail_v2", "controls_completed": 408, "command_draws": 372, "zero_command_draws": 56, "zero_draw_fraction": 0.15053763440860216, "remaining_controls": [126, 17, 148, 173, 14, 126, 119, 104, 58, 39, 167, 34, 90, 12, 54, 46, 148, 1, 67, 133, 104, 32, 8, 127, 99, 151, 65, 30, 32, 62, 29, 51, 58, 212, 71, 41, 128, 11, 180, 235, 67, 50, 13, 102, 8, 193, 6, 7, 95, 70, 77, 125, 21, 99, 64, 184, 123, 38, 183, 34, 75, 56, 108, 117, 17, 87, 137, 73, 206, 199, 60, 193, 15, 90, 24, 32, 129, 24, 221, 97, 2, 114, 52, 90, 42, 78, 81, 94, 127, 123, 143, 24, 172, 113, 77, 137, 121, 88, 65, 30, 57, 88, 161, 70, 89, 40, 64, 66, 176, 50, 155, 151, 35, 28, 92, 19, 5, 103, 217, 2, 15, 120, 139, 180, 157, 131, 43, 40], "commands": [[-4.5924256971943795e-18, -0.02500000037252903, 0.0], [-0.01767767034471035, 0.01767767034471035, 0.0], [1.5308084623338832e-18, 0.02500000037252903, 0.0], [-9.184851394388759e-18, -0.05000000074505806, 0.0], [-0.05000000074505806, 6.123233849335533e-18, 0.0], [0.0353553406894207, 0.0353553406894207, 0.0], [-0.0353553406894207, -0.0353553406894207, 0.0], [-0.0353553406894207, 0.0353553406894207, 0.0], [-0.02500000037252903, 3.0616169246677665e-18, 0.0], [-0.01767767034471035, 0.01767767034471035, 0.0], [-0.05000000074505806, 6.123233849335533e-18, 0.0], [-0.0353553406894207, -0.0353553406894207, 0.0], [-0.0353553406894207, -0.0353553406894207, 0.0], [0.0, 0.0, 0.0], [0.0, 0.0, -0.20000000298023224], [-9.184851394388759e-18, -0.05000000074505806, 0.0], [-0.02500000037252903, 3.0616169246677665e-18, 0.0], [0.0, 0.0, -0.20000000298023224], [0.01767767034471035, -0.01767767034471035, 0.0], [-0.01767767034471035, -0.01767767034471035, 0.0], [0.01767767034471035, 0.01767767034471035, 0.0], [0.0353553406894207, 0.0353553406894207, 0.0], [0.0, 0.0, -0.20000000298023224], [-4.5924256971943795e-18, -0.02500000037252903, 0.0], [0.0, 0.0, 0.0], [0.02500000037252903, 0.0, 0.0], [0.01767767034471035, -0.01767767034471035, 0.0], [-0.0353553406894207, -0.0353553406894207, 0.0], [-9.184851394388759e-18, -0.05000000074505806, 0.0], [0.0, 0.0, 0.0], [-0.05000000074505806, 6.123233849335533e-18, 0.0], [0.0, 0.0, 0.0], [0.03999999910593033, 0.0, 0.15000000596046448], [-0.05000000074505806, 6.123233849335533e-18, 0.0], [0.0, 0.0, 0.0], [-0.02500000037252903, 3.0616169246677665e-18, 0.0], [0.01767767034471035, -0.01767767034471035, 0.0], [0.05000000074505806, 0.0, 0.0], [0.0353553406894207, 0.0353553406894207, 0.0], [0.0, 0.0, 0.0], [-0.0353553406894207, -0.0353553406894207, 0.0], [1.5308084623338832e-18, 0.02500000037252903, 0.0], [0.0, 0.0, 0.0], [0.0, 0.0, 0.20000000298023224], [-0.05000000074505806, 6.123233849335533e-18, 0.0], [0.03999999910593033, 0.0, -0.15000000596046448], [-0.01767767034471035, -0.01767767034471035, 0.0], [0.0, 0.0, 0.0], [1.5308084623338832e-18, 0.02500000037252903, 0.0], [0.03999999910593033, 0.0, 0.15000000596046448], [0.05000000074505806, 0.0, 0.0], [0.0, 0.0, 0.0], [0.02500000037252903, 0.0, 0.0], [0.0, 0.0, 0.0], [-0.0353553406894207, 0.0353553406894207, 0.0], [0.0, 0.0, 0.0], [0.01767767034471035, -0.01767767034471035, 0.0], [-0.02500000037252903, 3.0616169246677665e-18, 0.0], [0.0, 0.0, 0.0], [-0.01767767034471035, 0.01767767034471035, 0.0], [3.0616169246677665e-18, 0.05000000074505806, 0.0], [-0.01767767034471035, -0.01767767034471035, 0.0], [-0.0353553406894207, -0.0353553406894207, 0.0], [1.5308084623338832e-18, 0.02500000037252903, 0.0], [-0.0353553406894207, -0.0353553406894207, 0.0], [-0.02500000037252903, 3.0616169246677665e-18, 0.0], [0.03999999910593033, 0.0, -0.15000000596046448], [1.5308084623338832e-18, 0.02500000037252903, 0.0], [0.0, 0.0, -0.20000000298023224], [0.05000000074505806, 0.0, 0.0], [-0.01767767034471035, 0.01767767034471035, 0.0], [-0.01767767034471035, 0.01767767034471035, 0.0], [0.03999999910593033, 0.0, 0.15000000596046448], [-9.184851394388759e-18, -0.05000000074505806, 0.0], [0.0, 0.0, 0.0], [-0.01767767034471035, 0.01767767034471035, 0.0], [-0.01767767034471035, 0.01767767034471035, 0.0], [3.0616169246677665e-18, 0.05000000074505806, 0.0], [-0.01767767034471035, -0.01767767034471035, 0.0], [0.01767767034471035, 0.01767767034471035, 0.0], [-4.5924256971943795e-18, -0.02500000037252903, 0.0], [1.5308084623338832e-18, 0.02500000037252903, 0.0], [-0.0353553406894207, 0.0353553406894207, 0.0], [0.01767767034471035, 0.01767767034471035, 0.0], [0.03999999910593033, 0.0, -0.15000000596046448], [-0.01767767034471035, -0.01767767034471035, 0.0], [0.0, 0.0, 0.0], [0.0353553406894207, -0.0353553406894207, 0.0], [-0.01767767034471035, 0.01767767034471035, 0.0], [3.0616169246677665e-18, 0.05000000074505806, 0.0], [0.0353553406894207, 0.0353553406894207, 0.0], [-0.05000000074505806, 6.123233849335533e-18, 0.0], [-0.0353553406894207, -0.0353553406894207, 0.0], [-0.01767767034471035, -0.01767767034471035, 0.0], [-0.01767767034471035, -0.01767767034471035, 0.0], [0.01767767034471035, -0.01767767034471035, 0.0], [0.01767767034471035, -0.01767767034471035, 0.0], [0.03999999910593033, 0.0, 0.15000000596046448], [0.0, 0.0, 0.0], [0.0, 0.0, -0.20000000298023224], [0.01767767034471035, 0.01767767034471035, 0.0], [-0.02500000037252903, 3.0616169246677665e-18, 0.0], [0.0, 0.0, -0.20000000298023224], [-0.0353553406894207, 0.0353553406894207, 0.0], [-0.0353553406894207, -0.0353553406894207, 0.0], [-0.05000000074505806, 6.123233849335533e-18, 0.0], [3.0616169246677665e-18, 0.05000000074505806, 0.0], [-0.05000000074505806, 6.123233849335533e-18, 0.0], [0.01767767034471035, 0.01767767034471035, 0.0], [0.01767767034471035, 0.01767767034471035, 0.0], [-9.184851394388759e-18, -0.05000000074505806, 0.0], [-0.02500000037252903, 3.0616169246677665e-18, 0.0], [0.01767767034471035, 0.01767767034471035, 0.0], [0.01767767034471035, 0.01767767034471035, 0.0], [0.03999999910593033, 0.0, -0.15000000596046448], [-4.5924256971943795e-18, -0.02500000037252903, 0.0], [0.01767767034471035, -0.01767767034471035, 0.0], [-0.05000000074505806, 6.123233849335533e-18, 0.0], [0.0, 0.0, -0.20000000298023224], [0.03999999910593033, 0.0, -0.15000000596046448], [1.5308084623338832e-18, 0.02500000037252903, 0.0], [-9.184851394388759e-18, -0.05000000074505806, 0.0], [0.0, 0.0, -0.20000000298023224], [0.0, 0.0, 0.0], [3.0616169246677665e-18, 0.05000000074505806, 0.0], [0.0, 0.0, 0.0], [3.0616169246677665e-18, 0.05000000074505806, 0.0], [-9.184851394388759e-18, -0.05000000074505806, 0.0]], "stage2_complete": false, "proximity": {"checks": 859, "minimum_sphere_gap_m": 0.99067622423172, "failure": null, "collision_filter_present": false}, "cumulative_metrics": {"environment_controls": 52224, "signed_navigation_velocity_error_mps": [-0.001576119102537632, -0.0008839720394462347], "absolute_navigation_velocity_error_mps": [0.030879944562911987, 0.02840138040482998], "achieved_planar_speed_mps": 0.03429271653294563, "requested_planar_speed_mps": 0.028580551967024803, "signed_command_direction_speed_mps": 0.0010273322695866227, "moving_command_rows": 39220, "signed_yaw_error_rad_s": -0.018318261951208115, "absolute_yaw_error_rad_s": 0.11091339588165283, "requested_saturation_fraction": 0.019418885931372643, "terminations": 13, "truncations": 0, "zero_command_rows": 8272, "nonfoot_event_rows": 0, "moving_signed_command_direction_speed_mps": 0.0013679599554629474, "nonfoot_event_fraction": 0.0, "task_reward_sum": 21386.64283141808, "task_reward_mean": 0.4095175174520925, "reward_components": {"linear_tracking": {"sum": 13771.534547988245, "absolute_sum": 13771.534547988245, "mean": 0.26370125896117197, "mean_absolute": 0.26370125896117197}, "yaw_tracking": {"sum": 11523.012547881965, "absolute_sum": 11523.012547881965, "mean": 0.22064592041747022, "mean_absolute": 0.22064592041747022}, "quiet_joint_rate": {"sum": -2597.055492594838, "absolute_sum": 2597.055492594838, "mean": -0.04972915695072837, "mean_absolute": 0.04972915695072837}, "quiet_target_motion": {"sum": -972.6028152778745, "absolute_sum": 972.6028152778745, "mean": -0.018623675231270575, "mean_absolute": 0.018623675231270575}, "tilt": {"sum": -16.806015703225746, "absolute_sum": 16.806015703225746, "mean": -0.0003218063668663018, "mean_absolute": 0.0003218063668663018}, "roll_pitch_rate": {"sum": -6.029227328997395, "absolute_sum": 6.029227328997395, "mean": -0.00011544935908772586, "mean_absolute": 0.00011544935908772586}, "vertical_velocity": {"sum": -3.35541566087432, "absolute_sum": 3.35541566087432, "mean": -6.425045306514859e-05, "mean_absolute": 6.425045306514859e-05}, "height": {"sum": -127.85869235380619, "absolute_sum": 127.85869235380619, "mean": -0.0024482745931718405, "mean_absolute": 0.0024482745931718405}, "effort": {"sum": -69.96969934999652, "absolute_sum": 69.96969934999652, "mean": -0.0013397996964996269, "mean_absolute": 0.0013397996964996269}, "target_motion": {"sum": -88.22690964752837, "absolute_sum": 88.22690964752837, "mean": -0.0016893939500522437, "mean_absolute": 0.0016893939500522437}, "nonfoot_contact": {"sum": 0.0, "absolute_sum": 0.0, "mean": 0.0, "mean_absolute": 0.0}, "termination": {"sum": -26.0, "absolute_sum": 26.0, "mean": -0.0004978553921568627, "mean_absolute": 0.0004978553921568627}}, "command_classes": {"zero": {"environment_controls": 8272, "time_fraction": 0.15839460784313725, "task_reward_mean": 0.20818692848615067, "reward_component_means": {"linear_tracking": 0.40934966359370933, "yaw_tracking": 0.23611236291945012, "quiet_joint_rate": -0.3139573854684282, "quiet_target_motion": -0.1175777097773059, "tilt": -0.00033210670773904254, "roll_pitch_rate": -0.00014100676456505525, "vertical_velocity": -7.909594032186683e-05, "height": -0.002039119105587372, "effort": -0.0013210167335774947, "target_motion": -0.0018276568573992072, "nonfoot_contact": 0.0, "termination": 0.0}, "reward_component_mean_absolute": {"linear_tracking": 0.40934966359370933, "yaw_tracking": 0.23611236291945012, "quiet_joint_rate": 0.3139573854684282, "quiet_target_motion": 0.1175777097773059, "tilt": 0.00033210670773904254, "roll_pitch_rate": 0.00014100676456505525, "vertical_velocity": 7.909594032186683e-05, "height": 0.002039119105587372, "effort": 0.0013210167335774947, "target_motion": 0.0018276568573992072, "nonfoot_contact": 0.0, "termination": 0.0}, "requested_planar_speed_mps": 0.0, "moving_command_rows": 0, "moving_signed_command_direction_speed_mps": null, "nonfoot_event_fraction": 0.0}, "linear_0.025": {"environment_controls": 16878, "time_fraction": 0.3231847426470588, "task_reward_mean": 0.5483857246999865, "reward_component_means": {"linear_tracking": 0.3167628359101099, "yaw_tracking": 0.23783419583274099, "quiet_joint_rate": 0.0, "quiet_target_motion": 0.0, "tilt": -0.00024567623384294036, "roll_pitch_rate": -0.00010311505808956647, "vertical_velocity": -6.274792844255226e-05, "height": -0.0027302728173050003, "effort": -0.0013269522270846588, "target_motion": -0.0016240456437554048, "nonfoot_contact": 0.0, "termination": -0.00011849745230477545}, "reward_component_mean_absolute": {"linear_tracking": 0.3167628359101099, "yaw_tracking": 0.23783419583274099, "quiet_joint_rate": 0.0, "quiet_target_motion": 0.0, "tilt": 0.00024567623384294036, "roll_pitch_rate": 0.00010311505808956647, "vertical_velocity": 6.274792844255226e-05, "height": 0.0027302728173050003, "effort": 0.0013269522270846588, "target_motion": 0.0016240456437554048, "nonfoot_contact": 0.0, "termination": 0.00011849745230477545}, "requested_planar_speed_mps": 0.02500000037252903, "moving_command_rows": 16878, "moving_signed_command_direction_speed_mps": 0.0008897494041437453, "nonfoot_event_fraction": 0.0}, "linear_0.05": {"environment_controls": 17696, "time_fraction": 0.3388480392156863, "task_reward_mean": 0.35519066921233305, "reward_component_means": {"linear_tracking": 0.120635276447053, "yaw_tracking": 0.24118628122720592, "quiet_joint_rate": 0.0, "quiet_target_motion": 0.0, "tilt": -0.0004109893963251127, "roll_pitch_rate": -0.00011405880637055041, "vertical_velocity": -5.5299878088525496e-05, "height": -0.0023677993015017453, "effort": -0.0013438670265887393, "target_motion": -0.0016607548349487774, "nonfoot_contact": 0.0, "termination": -0.000678119349005425}, "reward_component_mean_absolute": {"linear_tracking": 0.120635276447053, "yaw_tracking": 0.24118628122720592, "quiet_joint_rate": 0.0, "quiet_target_motion": 0.0, "tilt": 0.0004109893963251127, "roll_pitch_rate": 0.00011405880637055041, "vertical_velocity": 5.5299878088525496e-05, "height": 0.0023677993015017453, "effort": 0.0013438670265887393, "target_motion": 0.0016607548349487774, "nonfoot_contact": 0.0, "termination": 0.000678119349005425}, "requested_planar_speed_mps": 0.05000000074505806, "moving_command_rows": 17696, "moving_signed_command_direction_speed_mps": 0.001461271428046663, "nonfoot_event_fraction": 0.0}, "yaw": {"environment_controls": 4732, "time_fraction": 0.09060968137254902, "task_reward_mean": 0.5497539454751958, "reward_component_means": {"linear_tracking": 0.43691657191179256, "yaw_tracking": 0.11972452962425423, "quiet_joint_rate": 0.0, "quiet_target_motion": 0.0, "tilt": -0.0002922355717128, "roll_pitch_rate": -0.00011085469671362579, "vertical_velocity": -6.568505663022893e-05, "height": -0.0025473302226802063, "effort": -0.0013245987485476511, "target_motion": -0.001701143531555038, "nonfoot_contact": 0.0, "termination": -0.0008453085376162299}, "reward_component_mean_absolute": {"linear_tracking": 0.43691657191179256, "yaw_tracking": 0.11972452962425423, "quiet_joint_rate": 0.0, "quiet_target_motion": 0.0, "tilt": 0.0002922355717128, "roll_pitch_rate": 0.00011085469671362579, "vertical_velocity": 6.568505663022893e-05, "height": 0.0025473302226802063, "effort": 0.0013245987485476511, "target_motion": 0.001701143531555038, "nonfoot_contact": 0.0, "termination": 0.0008453085376162299}, "requested_planar_speed_mps": 0.0, "moving_command_rows": 0, "moving_signed_command_direction_speed_mps": null, "nonfoot_event_fraction": 0.0}, "arc": {"environment_controls": 4646, "time_fraction": 0.08896292892156862, "task_reward_mean": 0.3275885805260866, "reward_component_means": {"linear_tracking": 0.1801162109247948, "yaw_tracking": 0.15522096809484764, "quiet_joint_rate": 0.0, "quiet_target_motion": 0.0, "tilt": -0.00027046458443673674, "roll_pitch_rate": -0.00012472973734339575, "vertical_velocity": -7.59074850731057e-05, "height": -0.002357944780201491, "effort": -0.0014199046621753756, "target_motion": -0.0017777359012583736, "nonfoot_contact": 0.0, "termination": -0.0017219113215669393}, "reward_component_mean_absolute": {"linear_tracking": 0.1801162109247948, "yaw_tracking": 0.15522096809484764, "quiet_joint_rate": 0.0, "quiet_target_motion": 0.0, "tilt": 0.00027046458443673674, "roll_pitch_rate": 0.00012472973734339575, "vertical_velocity": 7.59074850731057e-05, "height": 0.002357944780201491, "effort": 0.0014199046621753756, "target_motion": 0.0017777359012583736, "nonfoot_contact": 0.0, "termination": 0.0017219113215669393}, "requested_planar_speed_mps": 0.03999999910593033, "moving_command_rows": 4646, "moving_signed_command_direction_speed_mps": 0.0027497933317703212, "nonfoot_event_fraction": 0.0}, "other": {"environment_controls": 0, "time_fraction": 0.0, "task_reward_mean": null, "reward_component_means": {"linear_tracking": null, "yaw_tracking": null, "quiet_joint_rate": null, "quiet_target_motion": null, "tilt": null, "roll_pitch_rate": null, "vertical_velocity": null, "height": null, "effort": null, "target_motion": null, "nonfoot_contact": null, "termination": null}, "reward_component_mean_absolute": {"linear_tracking": null, "yaw_tracking": null, "quiet_joint_rate": null, "quiet_target_motion": null, "tilt": null, "roll_pitch_rate": null, "vertical_velocity": null, "height": null, "effort": null, "target_motion": null, "nonfoot_contact": null, "termination": null}, "requested_planar_speed_mps": null, "moving_command_rows": 0, "moving_signed_command_direction_speed_mps": null, "nonfoot_event_fraction": null}}, "zero_hold_joint_rate_rms_rad_s": [0.4331391413043852, 0.6775466717205907, 0.4289726535028256, 0.39116935917909684, 0.8720207844002238, 1.228087825452736, 0.5105331846253522, 0.652336799936585, 0.8387330432682524, 0.4711331297751995, 0.6944351043193417, 0.7613539912234503, 0.4195130757267946, 0.6709932839949462, 0.7586788494605973, 0.3925315049250425, 0.6814623916467821, 1.0905625499077407], "zero_hold_worst_joint_rate_rms_rad_s": 1.228087825452736, "zero_hold_all_joint_rate_rms_rad_s": 0.7045673381963012, "diagnostic_scope": "Time-weighted 50Hz control endpoints; nonfoot events use each control's maximum 400Hz body/coxa/femur floor force >1N. These are reporting metrics, not Stage2 admission.", "termination_reasons": {"rows": {"height": 0, "tilt": 0, "joint_limit": 13, "timeout": 0}, "multiple_physical_reason_rows": 0, "unattributed_termination_rows": 0, "termination_flag_mismatch_rows": 0, "scope": "Counts returned terminal rows with each measured predicate; reasons may overlap. Timeout counts returned truncations separately."}, "actual_target_slew": {"environment_controls": 52083, "excluded_first_or_reset_rows": 141, "limit_rad_per_control": 0.04, "occupancy_tolerance_rad": 2e-06, "by_joint": {"lf_coxa_yaw": {"at_limit_rows": 14030, "at_limit_fraction": 0.2693777240174337, "beyond_limit_rows": 0}, "lf_femur_pitch": {"at_limit_rows": 6554, "at_limit_fraction": 0.12583760536067432, "beyond_limit_rows": 0}, "lf_tibia_pitch": {"at_limit_rows": 13546, "at_limit_fraction": 0.26008486454313307, "beyond_limit_rows": 0}, "lm_coxa_yaw": {"at_limit_rows": 19705, "at_limit_fraction": 0.37833842136589674, "beyond_limit_rows": 0}, "lm_femur_pitch": {"at_limit_rows": 8901, "at_limit_fraction": 0.17090029376188007, "beyond_limit_rows": 0}, "lm_tibia_pitch": {"at_limit_rows": 10337, "at_limit_fraction": 0.1984716702186894, "beyond_limit_rows": 0}, "lr_coxa_yaw": {"at_limit_rows": 17739, "at_limit_fraction": 0.3405909797822706, "beyond_limit_rows": 0}, "lr_femur_pitch": {"at_limit_rows": 8539, "at_limit_fraction": 0.1639498492790354, "beyond_limit_rows": 0}, "lr_tibia_pitch": {"at_limit_rows": 11224, "at_limit_fraction": 0.21550217921394696, "beyond_limit_rows": 0}, "rf_coxa_yaw": {"at_limit_rows": 13882, "at_limit_fraction": 0.26653610583107734, "beyond_limit_rows": 0}, "rf_femur_pitch": {"at_limit_rows": 9212, "at_limit_fraction": 0.17687153197780467, "beyond_limit_rows": 0}, "rf_tibia_pitch": {"at_limit_rows": 8891, "at_limit_fraction": 0.1707082925330722, "beyond_limit_rows": 0}, "rm_coxa_yaw": {"at_limit_rows": 13845, "at_limit_fraction": 0.26582570128448824, "beyond_limit_rows": 0}, "rm_femur_pitch": {"at_limit_rows": 8978, "at_limit_fraction": 0.17237870322370064, "beyond_limit_rows": 0}, "rm_tibia_pitch": {"at_limit_rows": 8780, "at_limit_fraction": 0.16857707889330492, "beyond_limit_rows": 0}, "rr_coxa_yaw": {"at_limit_rows": 14295, "at_limit_fraction": 0.2744657565808421, "beyond_limit_rows": 0}, "rr_femur_pitch": {"at_limit_rows": 10443, "at_limit_fraction": 0.20050688324405277, "beyond_limit_rows": 0}, "rr_tibia_pitch": {"at_limit_rows": 11322, "at_limit_fraction": 0.21738379125626403, "beyond_limit_rows": 0}}}}, "interval_metrics": {"environment_controls": 3072, "signed_navigation_velocity_error_mps": [0.00268667284399271, 0.00027695397147908807], "absolute_navigation_velocity_error_mps": [0.027432529255747795, 0.024711012840270996], "achieved_planar_speed_mps": 0.02654523029923439, "requested_planar_speed_mps": 0.029381509870290756, "signed_command_direction_speed_mps": -0.00020461640087887645, "moving_command_rows": 2409, "signed_yaw_error_rad_s": 0.003536334028467536, "absolute_yaw_error_rad_s": 0.09181556105613708, "requested_saturation_fraction": 0.007939091883599758, "terminations": 0, "truncations": 0, "zero_command_rows": 430, "nonfoot_event_rows": 0, "moving_signed_command_direction_speed_mps": -0.0002609304572401591, "nonfoot_event_fraction": 0.0, "task_reward_sum": 1426.8257192517049, "task_reward_mean": 0.46446149715224766, "reward_components": {"linear_tracking": {"sum": 890.6782835496373, "absolute_sum": 890.6782835496373, "mean": 0.2899343370929809, "mean_absolute": 0.2899343370929809}, "yaw_tracking": {"sum": 717.2525149342105, "absolute_sum": 717.2525149342105, "mean": 0.2334806363718133, "mean_absolute": 0.2334806363718133}, "quiet_joint_rate": {"sum": -114.24388182908297, "absolute_sum": 114.24388182908297, "mean": -0.03718876361623794, "mean_absolute": 0.03718876361623794}, "quiet_target_motion": {"sum": -47.74780349433422, "absolute_sum": 47.74780349433422, "mean": -0.01554290478331192, "mean_absolute": 0.01554290478331192}, "tilt": {"sum": -0.4308212987135476, "absolute_sum": 0.4308212987135476, "mean": -0.00014024130817498294, "mean_absolute": 0.00014024130817498294}, "roll_pitch_rate": {"sum": -0.1122205116161088, "absolute_sum": 0.1122205116161088, "mean": -3.653011445836875e-05, "mean_absolute": 3.653011445836875e-05}, "vertical_velocity": {"sum": -0.02937427068761363, "absolute_sum": 0.02937427068761363, "mean": -9.561937072790895e-06, "mean_absolute": 9.561937072790895e-06}, "height": {"sum": -11.345966663522733, "absolute_sum": 11.345966663522733, "mean": -0.0036933485232821394, "mean_absolute": 0.0036933485232821394}, "effort": {"sum": -3.4102290881273802, "absolute_sum": 3.4102290881273802, "mean": -0.0011101006146247983, "mean_absolute": 0.0011101006146247983}, "target_motion": {"sum": -3.7847829665552126, "absolute_sum": 3.7847829665552126, "mean": -0.0012320257052588583, "mean_absolute": 0.0012320257052588583}, "nonfoot_contact": {"sum": 0.0, "absolute_sum": 0.0, "mean": 0.0, "mean_absolute": 0.0}, "termination": {"sum": 0.0, "absolute_sum": 0.0, "mean": 0.0, "mean_absolute": 0.0}}, "command_classes": {"zero": {"environment_controls": 430, "time_fraction": 0.13997395833333334, "task_reward_mean": 0.33793103629168186, "reward_component_means": {"linear_tracking": 0.4787221252600555, "yaw_tracking": 0.24216303436344697, "quiet_joint_rate": -0.26568344611414646, "quiet_target_motion": -0.11104140347519587, "tilt": -0.0001451072650675391, "roll_pitch_rate": -4.1030469381949885e-05, "vertical_velocity": -1.5020710851841237e-05, "height": -0.0036216160917207987, "effort": -0.0011484445661555456, "target_motion": -0.0012580527854625808, "nonfoot_contact": 0.0, "termination": 0.0}, "reward_component_mean_absolute": {"linear_tracking": 0.4787221252600555, "yaw_tracking": 0.24216303436344697, "quiet_joint_rate": 0.26568344611414646, "quiet_target_motion": 0.11104140347519587, "tilt": 0.0001451072650675391, "roll_pitch_rate": 4.1030469381949885e-05, "vertical_velocity": 1.5020710851841237e-05, "height": 0.0036216160917207987, "effort": 0.0011484445661555456, "target_motion": 0.0012580527854625808, "nonfoot_contact": 0.0, "termination": 0.0}, "requested_planar_speed_mps": 0.0, "moving_command_rows": 0, "moving_signed_command_direction_speed_mps": null, "nonfoot_event_fraction": 0.0}, "linear_0.025": {"environment_controls": 1112, "time_fraction": 0.3619791666666667, "task_reward_mean": 0.6006957074868486, "reward_component_means": {"linear_tracking": 0.3579983940943063, "yaw_tracking": 0.24904110810799832, "quiet_joint_rate": 0.0, "quiet_target_motion": 0.0, "tilt": -9.189419689742127e-05, "roll_pitch_rate": -3.0500651019738568e-05, "vertical_velocity": -6.943958195377749e-06, "height": -0.0038774818378313897, "effort": -0.0011394821161721672, "target_motion": -0.0011974931825560614, "nonfoot_contact": 0.0, "termination": 0.0}, "reward_component_mean_absolute": {"linear_tracking": 0.3579983940943063, "yaw_tracking": 0.24904110810799832, "quiet_joint_rate": 0.0, "quiet_target_motion": 0.0, "tilt": 9.189419689742127e-05, "roll_pitch_rate": 3.0500651019738568e-05, "vertical_velocity": 6.943958195377749e-06, "height": 0.0038774818378313897, "effort": 0.0011394821161721672, "target_motion": 0.0011974931825560614, "nonfoot_contact": 0.0, "termination": 0.0}, "requested_planar_speed_mps": 0.02500000037252903, "moving_command_rows": 1112, "moving_signed_command_direction_speed_mps": -0.0005449714401182312, "nonfoot_event_fraction": 0.0}, "linear_0.05": {"environment_controls": 1058, "time_fraction": 0.3444010416666667, "task_reward_mean": 0.36534527675486356, "reward_component_means": {"linear_tracking": 0.11896422881654956, "yaw_tracking": 0.2524370896279643, "quiet_joint_rate": 0.0, "quiet_target_motion": 0.0, "tilt": -0.00024699273913585687, "roll_pitch_rate": -5.0904633667582496e-05, "vertical_velocity": -1.335079245236459e-05, "height": -0.003357958317536956, "effort": -0.0010979608900555443, "target_motion": -0.0012888740581191375, "nonfoot_contact": 0.0, "termination": 0.0}, "reward_component_mean_absolute": {"linear_tracking": 0.11896422881654956, "yaw_tracking": 0.2524370896279643, "quiet_joint_rate": 0.0, "quiet_target_motion": 0.0, "tilt": 0.00024699273913585687, "roll_pitch_rate": 5.0904633667582496e-05, "vertical_velocity": 1.335079245236459e-05, "height": 0.003357958317536956, "effort": 0.0010979608900555443, "target_motion": 0.0012888740581191375, "nonfoot_contact": 0.0, "termination": 0.0}, "requested_planar_speed_mps": 0.05000000074505806, "moving_command_rows": 1058, "moving_signed_command_direction_speed_mps": 1.2673515307735373e-05, "nonfoot_event_fraction": 0.0}, "yaw": {"environment_controls": 233, "time_fraction": 0.07584635416666667, "task_reward_mean": 0.5697983922476805, "reward_component_means": {"linear_tracking": 0.4513224098699511, "yaw_tracking": 0.12465877736550895, "quiet_joint_rate": 0.0, "quiet_target_motion": 0.0, "tilt": -9.120507284873898e-06, "roll_pitch_rate": -1.4987526825640262e-05, "vertical_velocity": -2.65286947532415e-06, "height": -0.0039958548542240015, "effort": -0.0009839536123529332, "target_motion": -0.0011762264609344846, "nonfoot_contact": 0.0, "termination": 0.0}, "reward_component_mean_absolute": {"linear_tracking": 0.4513224098699511, "yaw_tracking": 0.12465877736550895, "quiet_joint_rate": 0.0, "quiet_target_motion": 0.0, "tilt": 9.120507284873898e-06, "roll_pitch_rate": 1.4987526825640262e-05, "vertical_velocity": 2.65286947532415e-06, "height": 0.0039958548542240015, "effort": 0.0009839536123529332, "target_motion": 0.0011762264609344846, "nonfoot_contact": 0.0, "termination": 0.0}, "requested_planar_speed_mps": 0.0, "moving_command_rows": 0, "moving_signed_command_direction_speed_mps": null, "nonfoot_event_fraction": 0.0}, "arc": {"environment_controls": 239, "time_fraction": 0.07779947916666667, "task_reward_mean": 0.3943239277010495, "reward_component_means": {"linear_tracking": 0.2331015894030832, "yaw_tracking": 0.1676349874028632, "quiet_joint_rate": 0.0, "quiet_target_motion": 0.0, "tilt": -1.1696366449628101e-05, "roll_pitch_rate": -1.3855605344119642e-05, "vertical_velocity": -1.884629731002425e-06, "height": -0.004155472215171514, "effort": -0.001081129699330738, "target_motion": -0.0011486122632476162, "nonfoot_contact": 0.0, "termination": 0.0}, "reward_component_mean_absolute": {"linear_tracking": 0.2331015894030832, "yaw_tracking": 0.1676349874028632, "quiet_joint_rate": 0.0, "quiet_target_motion": 0.0, "tilt": 1.1696366449628101e-05, "roll_pitch_rate": 1.3855605344119642e-05, "vertical_velocity": 1.884629731002425e-06, "height": 0.004155472215171514, "effort": 0.001081129699330738, "target_motion": 0.0011486122632476162, "nonfoot_contact": 0.0, "termination": 0.0}, "requested_planar_speed_mps": 0.03999999910593033, "moving_command_rows": 239, "moving_signed_command_direction_speed_mps": -0.0001505515032454146, "nonfoot_event_fraction": 0.0}, "other": {"environment_controls": 0, "time_fraction": 0.0, "task_reward_mean": null, "reward_component_means": {"linear_tracking": null, "yaw_tracking": null, "quiet_joint_rate": null, "quiet_target_motion": null, "tilt": null, "roll_pitch_rate": null, "vertical_velocity": null, "height": null, "effort": null, "target_motion": null, "nonfoot_contact": null, "termination": null}, "reward_component_mean_absolute": {"linear_tracking": null, "yaw_tracking": null, "quiet_joint_rate": null, "quiet_target_motion": null, "tilt": null, "roll_pitch_rate": null, "vertical_velocity": null, "height": null, "effort": null, "target_motion": null, "nonfoot_contact": null, "termination": null}, "requested_planar_speed_mps": null, "moving_command_rows": 0, "moving_signed_command_direction_speed_mps": null, "nonfoot_event_fraction": null}}, "zero_hold_joint_rate_rms_rad_s": [0.3535070861881885, 0.2925466140258591, 0.906054678112583, 0.3245243114669887, 0.3455393193153062, 0.544228855366216, 0.39251269672890243, 0.34237543325680264, 0.43838029022331904, 0.3428232833297756, 0.36239758075890577, 0.3505271323338944, 0.3294390619950655, 0.3676206853726273, 0.3211159730729646, 0.3237326007402617, 0.3812054858380069, 1.0279430214260445], "zero_hold_worst_joint_rate_rms_rad_s": 1.0279430214260445, "zero_hold_all_joint_rate_rms_rad_s": 0.4738234363178475, "diagnostic_scope": "Time-weighted 50Hz control endpoints; nonfoot events use each control's maximum 400Hz body/coxa/femur floor force >1N. These are reporting metrics, not Stage2 admission.", "termination_reasons": {"rows": {"height": 0, "tilt": 0, "joint_limit": 0, "timeout": 0}, "multiple_physical_reason_rows": 0, "unattributed_termination_rows": 0, "termination_flag_mismatch_rows": 0, "scope": "Counts returned terminal rows with each measured predicate; reasons may overlap. Timeout counts returned truncations separately."}, "actual_target_slew": {"environment_controls": 3072, "excluded_first_or_reset_rows": 0, "limit_rad_per_control": 0.04, "occupancy_tolerance_rad": 2e-06, "by_joint": {"lf_coxa_yaw": {"at_limit_rows": 982, "at_limit_fraction": 0.3196614583333333, "beyond_limit_rows": 0}, "lf_femur_pitch": {"at_limit_rows": 36, "at_limit_fraction": 0.01171875, "beyond_limit_rows": 0}, "lf_tibia_pitch": {"at_limit_rows": 548, "at_limit_fraction": 0.17838541666666666, "beyond_limit_rows": 0}, "lm_coxa_yaw": {"at_limit_rows": 1112, "at_limit_fraction": 0.3619791666666667, "beyond_limit_rows": 0}, "lm_femur_pitch": {"at_limit_rows": 99, "at_limit_fraction": 0.0322265625, "beyond_limit_rows": 0}, "lm_tibia_pitch": {"at_limit_rows": 174, "at_limit_fraction": 0.056640625, "beyond_limit_rows": 0}, "lr_coxa_yaw": {"at_limit_rows": 972, "at_limit_fraction": 0.31640625, "beyond_limit_rows": 0}, "lr_femur_pitch": {"at_limit_rows": 166, "at_limit_fraction": 0.054036458333333336, "beyond_limit_rows": 0}, "lr_tibia_pitch": {"at_limit_rows": 361, "at_limit_fraction": 0.11751302083333333, "beyond_limit_rows": 0}, "rf_coxa_yaw": {"at_limit_rows": 978, "at_limit_fraction": 0.318359375, "beyond_limit_rows": 0}, "rf_femur_pitch": {"at_limit_rows": 143, "at_limit_fraction": 0.046549479166666664, "beyond_limit_rows": 0}, "rf_tibia_pitch": {"at_limit_rows": 98, "at_limit_fraction": 0.031901041666666664, "beyond_limit_rows": 0}, "rm_coxa_yaw": {"at_limit_rows": 971, "at_limit_fraction": 0.3160807291666667, "beyond_limit_rows": 0}, "rm_femur_pitch": {"at_limit_rows": 106, "at_limit_fraction": 0.034505208333333336, "beyond_limit_rows": 0}, "rm_tibia_pitch": {"at_limit_rows": 117, "at_limit_fraction": 0.0380859375, "beyond_limit_rows": 0}, "rr_coxa_yaw": {"at_limit_rows": 1028, "at_limit_fraction": 0.3346354166666667, "beyond_limit_rows": 0}, "rr_femur_pitch": {"at_limit_rows": 216, "at_limit_fraction": 0.0703125, "beyond_limit_rows": 0}, "rr_tibia_pitch": {"at_limit_rows": 235, "at_limit_fraction": 0.07649739583333333, "beyond_limit_rows": 0}}}}}
PAPER_PPO {"policy_loss": 0.0008085964247584343, "value_loss": 1.262233519554138, "entropy": -15.838158798217773, "estimator_loss": 0.00010516259098949376, "approx_kl": 0.014754022522053378, "actor_grad_norm": 39.051486301422116, "critic_grad_norm": 29.495968437194826, "model_grad_norm": 51.549575614929196, "clip_fraction": 0.22389323636889458, "discriminator_loss": 0.003383444354403764, "expert_score": 1.0018793165683746, "policy_score": -1.0103524446487426, "gradient_penalty": 0.0003257353731896728, "discriminator_expert_loss": 0.00024533779251214585, "discriminator_policy_loss": 0.0015094296832103282, "ppo_batches": 20, "discriminator_batches": 20, "target_kl": 0.02, "kl_initial": 3.0122980643430365e-11, "kl_final": 0.01879852315968364, "kl_max": 0.019502634557368323, "kl_max_step_increase": 0.007917828763949416, "kl_after_model_steps": [0.007917828794072396, 0.01316523785614962, 0.017649088849278315, 0.014436003630548935, 0.015575264797912325, 0.019314479244907444, 0.01642833856769554, 0.01684312899754349, 0.014962247873553491, 0.01252140510521164, 0.012686039756516965, 0.013819684536438698, 0.015292750404083396, 0.014368453336247453, 0.013829602498142421, 0.015954641774619225, 0.019502634557368323, 0.018791736035017804, 0.018664554588322564, 0.01879852315968364], "early_stopped": false, "final_full_rollout_k3": 0.018865782767534256, "stop_reason": null, "learning_rate": 0.0001, "discriminator_learning_rate": 0.0003, "rollback_kl_steps": true, "model_proposals": 20, "accepted_model_steps": 20, "rejected_model_trials": 21, "model_trial_attempts": [{"proposal": 1, "retry": 0, "learning_rate": 0.0001, "kl": 0.007917828794072396, "accepted": true}, {"proposal": 2, "retry": 0, "learning_rate": 0.0001, "kl": 0.021868948182217296, "accepted": false}, {"proposal": 2, "retry": 1, "learning_rate": 5e-05, "kl": 0.01316523785614962, "accepted": true}, {"proposal": 3, "retry": 0, "learning_rate": 0.0001, "kl": 0.017649088849278315, "accepted": true}, {"proposal": 4, "retry": 0, "learning_rate": 0.0001, "kl": 0.014436003630548935, "accepted": true}, {"proposal": 5, "retry": 0, "learning_rate": 0.0001, "kl": 0.015575264797912325, "accepted": true}, {"proposal": 6, "retry": 0, "learning_rate": 0.0001, "kl": 0.019314479244907444, "accepted": true}, {"proposal": 7, "retry": 0, "learning_rate": 0.0001, "kl": 0.02438691550854686, "accepted": false}, {"proposal": 7, "retry": 1, "learning_rate": 5e-05, "kl": 0.01642833856769554, "accepted": true}, {"proposal": 8, "retry": 0, "learning_rate": 0.0001, "kl": 0.031579199235376755, "accepted": false}, {"proposal": 8, "retry": 1, "learning_rate": 5e-05, "kl": 0.01684312899754349, "accepted": true}, {"proposal": 9, "retry": 0, "learning_rate": 0.0001, "kl": 0.026529968939827998, "accepted": false}, {"proposal": 9, "retry": 1, "learning_rate": 5e-05, "kl": 0.014962247873553491, "accepted": true}, {"proposal": 10, "retry": 0, "learning_rate": 0.0001, "kl": 0.028085109125819768, "accepted": false}, {"proposal": 10, "retry": 1, "learning_rate": 5e-05, "kl": 0.01252140510521164, "accepted": true}, {"proposal": 11, "retry": 0, "learning_rate": 0.0001, "kl": 0.02407957805200231, "accepted": false}, {"proposal": 11, "retry": 1, "learning_rate": 5e-05, "kl": 0.012686039756516965, "accepted": true}, {"proposal": 12, "retry": 0, "learning_rate": 0.0001, "kl": 0.0288261610122636, "accepted": false}, {"proposal": 12, "retry": 1, "learning_rate": 5e-05, "kl": 0.013819684536438698, "accepted": true}, {"proposal": 13, "retry": 0, "learning_rate": 0.0001, "kl": 0.04236204842730888, "accepted": false}, {"proposal": 13, "retry": 1, "learning_rate": 5e-05, "kl": 0.020536496615101246, "accepted": false}, {"proposal": 13, "retry": 2, "learning_rate": 2.5e-05, "kl": 0.015292750404083396, "accepted": true}, {"proposal": 14, "retry": 0, "learning_rate": 0.0001, "kl": 0.02317170439067862, "accepted": false}, {"proposal": 14, "retry": 1, "learning_rate": 5e-05, "kl": 0.014368453336247453, "accepted": true}, {"proposal": 15, "retry": 0, "learning_rate": 0.0001, "kl": 0.03147635853653934, "accepted": false}, {"proposal": 15, "retry": 1, "learning_rate": 5e-05, "kl": 0.013829602498142421, "accepted": true}, {"proposal": 16, "retry": 0, "learning_rate": 0.0001, "kl": 0.08521012214210177, "accepted": false}, {"proposal": 16, "retry": 1, "learning_rate": 5e-05, "kl": 0.033987754311908445, "accepted": false}, {"proposal": 16, "retry": 2, "learning_rate": 2.5e-05, "kl": 0.02002283842090557, "accepted": false}, {"proposal": 16, "retry": 3, "learning_rate": 1.25e-05, "kl": 0.015954641774619225, "accepted": true}, {"proposal": 17, "retry": 0, "learning_rate": 0.0001, "kl": 0.06372086864701816, "accepted": false}, {"proposal": 17, "retry": 1, "learning_rate": 5e-05, "kl": 0.028656906383527046, "accepted": false}, {"proposal": 17, "retry": 2, "learning_rate": 2.5e-05, "kl": 0.019502634557368323, "accepted": true}, {"proposal": 18, "retry": 0, "learning_rate": 0.0001, "kl": 0.031192897028139967, "accepted": false}, {"proposal": 18, "retry": 1, "learning_rate": 5e-05, "kl": 0.018791736035017804, "accepted": true}, {"proposal": 19, "retry": 0, "learning_rate": 0.0001, "kl": 0.048214042281734454, "accepted": false}, {"proposal": 19, "retry": 1, "learning_rate": 5e-05, "kl": 0.018664554588322564, "accepted": true}, {"proposal": 20, "retry": 0, "learning_rate": 0.0001, "kl": 0.05040650675434202, "accepted": false}, {"proposal": 20, "retry": 1, "learning_rate": 5e-05, "kl": 0.025782991211480213, "accepted": false}, {"proposal": 20, "retry": 2, "learning_rate": 2.5e-05, "kl": 0.020030321939521718, "accepted": false}, {"proposal": 20, "retry": 3, "learning_rate": 1.25e-05, "kl": 0.01879852315968364, "accepted": true}], "consecutive_zero_accepted_updates": 0, "empirical_kl_scope": "Mean whole-actor KL on the fixed collected rollout; no bound on physical motion or unseen states.", "normalizer_policy_kl": 0.0, "normalizer_policy_kl_samples": 128, "normalizer_policy_kl_scope": "Same current observations and weights, before/after statistics update; reporting only", "update": 218, "transitions": 669696, "episodes": 636, "optimizer_steps": 766, "discriminator_steps": 4360, "reward": 0.5128477811813354, "task_reward": 0.48882806301116943, "style_reward": 0.024019664153456688, "action_std": 0.1003761813044548, "raw_action_abs_mean": 0.8724449872970581, "raw_action_clip_fraction": 0.551378071308136, "return_mean": 43.1938591003418, "return_std": 1.8520307540893555, "explained_variance": 0.36796700954437256, "terminated": 0, "truncated": 0, "elapsed_s": 59.801979301963, "transitions_per_s": 11198.55910819355, "allocation_new_transitions": 55296, "allocation_new_transitions_per_s": 924.6516694838712}
PAPER_TASK {"schema": "canonical_paper_walking_task_v1", "reward_version": "canonical_quiet_quadratic_log_tail_v2", "controls_completed": 432, "command_draws": 393, "zero_command_draws": 59, "zero_draw_fraction": 0.15012722646310434, "remaining_controls": [102, 136, 124, 149, 232, 102, 95, 80, 34, 15, 143, 10, 66, 108, 30, 22, 124, 102, 43, 109, 80, 8, 209, 103, 75, 127, 41, 6, 8, 38, 5, 27, 34, 188, 47, 17, 104, 152, 156, 211, 43, 26, 130, 78, 161, 169, 177, 89, 71, 46, 53, 101, 221, 75, 40, 160, 99, 14, 159, 10, 51, 32, 84, 93, 105, 63, 113, 49, 182, 175, 36, 169, 232, 66, 243, 8, 105, 146, 197, 73, 220, 90, 28, 66, 18, 54, 57, 70, 103, 99, 119, 122, 148, 89, 53, 113, 97, 64, 41, 6, 33, 64, 137, 46, 65, 16, 40, 42, 152, 26, 131, 127, 11, 4, 68, 153, 199, 79, 193, 136, 104, 96, 115, 156, 133, 107, 19, 16], "commands": [[-4.5924256971943795e-18, -0.02500000037252903, 0.0], [0.0, 0.0, 0.0], [1.5308084623338832e-18, 0.02500000037252903, 0.0], [-9.184851394388759e-18, -0.05000000074505806, 0.0], [0.0, 0.0, 0.20000000298023224], [0.0353553406894207, 0.0353553406894207, 0.0], [-0.0353553406894207, -0.0353553406894207, 0.0], [-0.0353553406894207, 0.0353553406894207, 0.0], [-0.02500000037252903, 3.0616169246677665e-18, 0.0], [-0.01767767034471035, 0.01767767034471035, 0.0], [-0.05000000074505806, 6.123233849335533e-18, 0.0], [-0.0353553406894207, -0.0353553406894207, 0.0], [-0.0353553406894207, -0.0353553406894207, 0.0], [1.5308084623338832e-18, 0.02500000037252903, 0.0], [0.0, 0.0, -0.20000000298023224], [-9.184851394388759e-18, -0.05000000074505806, 0.0], [-0.02500000037252903, 3.0616169246677665e-18, 0.0], [0.0, 0.0, 0.20000000298023224], [0.01767767034471035, -0.01767767034471035, 0.0], [-0.01767767034471035, -0.01767767034471035, 0.0], [0.01767767034471035, 0.01767767034471035, 0.0], [0.0353553406894207, 0.0353553406894207, 0.0], [0.0, 0.0, -0.20000000298023224], [-4.5924256971943795e-18, -0.02500000037252903, 0.0], [0.0, 0.0, 0.0], [0.02500000037252903, 0.0, 0.0], [0.01767767034471035, -0.01767767034471035, 0.0], [-0.0353553406894207, -0.0353553406894207, 0.0], [-9.184851394388759e-18, -0.05000000074505806, 0.0], [0.0, 0.0, 0.0], [-0.05000000074505806, 6.123233849335533e-18, 0.0], [0.0, 0.0, 0.0], [0.03999999910593033, 0.0, 0.15000000596046448], [-0.05000000074505806, 6.123233849335533e-18, 0.0], [0.0, 0.0, 0.0], [-0.02500000037252903, 3.0616169246677665e-18, 0.0], [0.01767767034471035, -0.01767767034471035, 0.0], [0.0, 0.0, 0.0], [0.0353553406894207, 0.0353553406894207, 0.0], [0.0, 0.0, 0.0], [-0.0353553406894207, -0.0353553406894207, 0.0], [1.5308084623338832e-18, 0.02500000037252903, 0.0], [0.0353553406894207, -0.0353553406894207, 0.0], [0.0, 0.0, 0.20000000298023224], [0.0, 0.0, -0.20000000298023224], [0.03999999910593033, 0.0, -0.15000000596046448], [-0.01767767034471035, 0.01767767034471035, 0.0], [0.0, 0.0, 0.20000000298023224], [1.5308084623338832e-18, 0.02500000037252903, 0.0], [0.03999999910593033, 0.0, 0.15000000596046448], [0.05000000074505806, 0.0, 0.0], [0.0, 0.0, 0.0], [0.03999999910593033, 0.0, 0.15000000596046448], [0.0, 0.0, 0.0], [-0.0353553406894207, 0.0353553406894207, 0.0], [0.0, 0.0, 0.0], [0.01767767034471035, -0.01767767034471035, 0.0], [-0.02500000037252903, 3.0616169246677665e-18, 0.0], [0.0, 0.0, 0.0], [-0.01767767034471035, 0.01767767034471035, 0.0], [3.0616169246677665e-18, 0.05000000074505806, 0.0], [-0.01767767034471035, -0.01767767034471035, 0.0], [-0.0353553406894207, -0.0353553406894207, 0.0], [1.5308084623338832e-18, 0.02500000037252903, 0.0], [0.03999999910593033, 0.0, -0.15000000596046448], [-0.02500000037252903, 3.0616169246677665e-18, 0.0], [0.03999999910593033, 0.0, -0.15000000596046448], [1.5308084623338832e-18, 0.02500000037252903, 0.0], [0.0, 0.0, -0.20000000298023224], [0.05000000074505806, 0.0, 0.0], [-0.01767767034471035, 0.01767767034471035, 0.0], [-0.01767767034471035, 0.01767767034471035, 0.0], [0.03999999910593033, 0.0, 0.15000000596046448], [-9.184851394388759e-18, -0.05000000074505806, 0.0], [0.01767767034471035, -0.01767767034471035, 0.0], [-0.01767767034471035, 0.01767767034471035, 0.0], [-0.01767767034471035, 0.01767767034471035, 0.0], [1.5308084623338832e-18, 0.02500000037252903, 0.0], [-0.01767767034471035, -0.01767767034471035, 0.0], [0.01767767034471035, 0.01767767034471035, 0.0], [0.0, 0.0, 0.0], [1.5308084623338832e-18, 0.02500000037252903, 0.0], [-0.0353553406894207, 0.0353553406894207, 0.0], [0.01767767034471035, 0.01767767034471035, 0.0], [0.03999999910593033, 0.0, -0.15000000596046448], [-0.01767767034471035, -0.01767767034471035, 0.0], [0.0, 0.0, 0.0], [0.0353553406894207, -0.0353553406894207, 0.0], [-0.01767767034471035, 0.01767767034471035, 0.0], [3.0616169246677665e-18, 0.05000000074505806, 0.0], [0.0353553406894207, 0.0353553406894207, 0.0], [3.0616169246677665e-18, 0.05000000074505806, 0.0], [-0.0353553406894207, -0.0353553406894207, 0.0], [-0.01767767034471035, -0.01767767034471035, 0.0], [-0.01767767034471035, -0.01767767034471035, 0.0], [0.01767767034471035, -0.01767767034471035, 0.0], [0.01767767034471035, -0.01767767034471035, 0.0], [0.03999999910593033, 0.0, 0.15000000596046448], [0.0, 0.0, 0.0], [0.0, 0.0, -0.20000000298023224], [0.01767767034471035, 0.01767767034471035, 0.0], [-0.02500000037252903, 3.0616169246677665e-18, 0.0], [0.0, 0.0, -0.20000000298023224], [-0.0353553406894207, 0.0353553406894207, 0.0], [-0.0353553406894207, -0.0353553406894207, 0.0], [-0.05000000074505806, 6.123233849335533e-18, 0.0], [3.0616169246677665e-18, 0.05000000074505806, 0.0], [-0.05000000074505806, 6.123233849335533e-18, 0.0], [0.01767767034471035, 0.01767767034471035, 0.0], [0.01767767034471035, 0.01767767034471035, 0.0], [-9.184851394388759e-18, -0.05000000074505806, 0.0], [-0.02500000037252903, 3.0616169246677665e-18, 0.0], [0.01767767034471035, 0.01767767034471035, 0.0], [0.01767767034471035, 0.01767767034471035, 0.0], [0.03999999910593033, 0.0, -0.15000000596046448], [0.03999999910593033, 0.0, -0.15000000596046448], [-0.02500000037252903, 3.0616169246677665e-18, 0.0], [-0.05000000074505806, 6.123233849335533e-18, 0.0], [0.0, 0.0, -0.20000000298023224], [-0.02500000037252903, 3.0616169246677665e-18, 0.0], [-0.01767767034471035, 0.01767767034471035, 0.0], [-9.184851394388759e-18, -0.05000000074505806, 0.0], [0.0, 0.0, -0.20000000298023224], [0.0, 0.0, 0.0], [3.0616169246677665e-18, 0.05000000074505806, 0.0], [0.0, 0.0, 0.0], [3.0616169246677665e-18, 0.05000000074505806, 0.0], [-9.184851394388759e-18, -0.05000000074505806, 0.0]], "stage2_complete": false, "proximity": {"checks": 907, "minimum_sphere_gap_m": 0.99067622423172, "failure": null, "collision_filter_present": false}, "cumulative_metrics": {"environment_controls": 55296, "signed_navigation_velocity_error_mps": [-0.001345149241387844, -0.0008611055673100054], "absolute_navigation_velocity_error_mps": [0.030617155134677887, 0.0282095056027174], "achieved_planar_speed_mps": 0.03389405086636543, "requested_planar_speed_mps": 0.028586620464920998, "signed_command_direction_speed_mps": 0.0009896674891933799, "moving_command_rows": 41623, "signed_yaw_error_rad_s": -0.01691841520369053, "absolute_yaw_error_rad_s": 0.10976135730743408, "requested_saturation_fraction": 0.018740681931376457, "terminations": 13, "truncations": 0, "zero_command_rows": 8682, "nonfoot_event_rows": 0, "moving_signed_command_direction_speed_mps": 0.0013147692284607004, "nonfoot_event_fraction": 0.0, "task_reward_sum": 22888.32262614777, "task_reward_mean": 0.4139236586036561, "reward_components": {"linear_tracking": {"sum": 14723.453869840601, "absolute_sum": 14723.453869840601, "mean": 0.2662661651808558, "mean_absolute": 0.2662661651808558}, "yaw_tracking": {"sum": 12243.420021272479, "absolute_sum": 12243.420021272479, "mean": 0.22141601600970195, "mean_absolute": 0.22141601600970195}, "quiet_joint_rate": {"sum": -2703.201593093574, "absolute_sum": 2703.201593093574, "mean": -0.04888602418065636, "mean_absolute": 0.04888602418065636}, "quiet_target_motion": {"sum": -1018.0682272538543, "absolute_sum": 1018.0682272538543, "mean": -0.018411245429214667, "mean_absolute": 0.018411245429214667}, "tilt": {"sum": -17.21645331730066, "absolute_sum": 17.21645331730066, "mean": -0.00031135079060511903, "mean_absolute": 0.00031135079060511903}, "roll_pitch_rate": {"sum": -6.146903754280379, "absolute_sum": 6.146903754280379, "mean": -0.000111163624028508, "mean_absolute": 0.000111163624028508}, "vertical_velocity": {"sum": -3.3831746629061725, "absolute_sum": 3.3831746629061725, "mean": -6.118299086563535e-05, "mean_absolute": 6.118299086563535e-05}, "height": {"sum": -139.2200059698852, "absolute_sum": 139.2200059698852, "mean": -0.0025177229088882594, "mean_absolute": 0.0025177229088882594}, "effort": {"sum": -73.27487965252658, "absolute_sum": 73.27487965252658, "mean": -0.001325138882605009, "mean_absolute": 0.001325138882605009}, "target_motion": {"sum": -92.04003410679434, "absolute_sum": 92.04003410679434, "mean": -0.001664497144581784, "mean_absolute": 0.001664497144581784}, "nonfoot_contact": {"sum": 0.0, "absolute_sum": 0.0, "mean": 0.0, "mean_absolute": 0.0}, "termination": {"sum": -26.0, "absolute_sum": 26.0, "mean": -0.00047019675925925923, "mean_absolute": 0.00047019675925925923}}, "command_classes": {"zero": {"environment_controls": 8682, "time_fraction": 0.1570095486111111, "task_reward_mean": 0.21680878101041606, "reward_component_means": {"linear_tracking": 0.4144073477850848, "yaw_tracking": 0.23677198095824528, "quiet_joint_rate": -0.3113570137172972, "quiet_target_motion": -0.11726194739159805, "tilt": -0.00032348988302692094, "roll_pitch_rate": -0.00013672178606602655, "vertical_velocity": -7.588448315369357e-05, "height": -0.0021058766336872633, "effort": -0.0013086939498072121, "target_motion": -0.001800919201018607, "nonfoot_contact": 0.0, "termination": 0.0}, "reward_component_mean_absolute": {"linear_tracking": 0.4144073477850848, "yaw_tracking": 0.23677198095824528, "quiet_joint_rate": 0.3113570137172972, "quiet_target_motion": 0.11726194739159805, "tilt": 0.00032348988302692094, "roll_pitch_rate": 0.00013672178606602655, "vertical_velocity": 7.588448315369357e-05, "height": 0.0021058766336872633, "effort": 0.0013086939498072121, "target_motion": 0.001800919201018607, "nonfoot_contact": 0.0, "termination": 0.0}, "requested_planar_speed_mps": 0.0, "moving_command_rows": 0, "moving_signed_command_direction_speed_mps": null, "nonfoot_event_fraction": 0.0}, "linear_0.025": {"environment_controls": 18075, "time_fraction": 0.3268771701388889, "task_reward_mean": 0.5520374067046165, "reward_component_means": {"linear_tracking": 0.31974203356651026, "yaw_tracking": 0.23851359581972575, "quiet_joint_rate": 0.0, "quiet_target_motion": 0.0, "tilt": -0.0002331000662441283, "roll_pitch_rate": -9.805111868480267e-05, "vertical_velocity": -5.896135649618995e-05, "height": -0.0028127353551945893, "effort": -0.001310279315987162, "target_motion": -0.0015944459515287706, "nonfoot_contact": 0.0, "termination": -0.00011065006915629322}, "reward_component_mean_absolute": {"linear_tracking": 0.31974203356651026, "yaw_tracking": 0.23851359581972575, "quiet_joint_rate": 0.0, "quiet_target_motion": 0.0, "tilt": 0.0002331000662441283, "roll_pitch_rate": 9.805111868480267e-05, "vertical_velocity": 5.896135649618995e-05, "height": 0.0028127353551945893, "effort": 0.001310279315987162, "target_motion": 0.0015944459515287706, "nonfoot_contact": 0.0, "termination": 0.00011065006915629322}, "requested_planar_speed_mps": 0.02500000037252903, "moving_command_rows": 18075, "moving_signed_command_direction_speed_mps": 0.0008999853790416158, "nonfoot_event_fraction": 0.0}, "linear_0.05": {"environment_controls": 18693, "time_fraction": 0.3380533854166667, "task_reward_mean": 0.3559815648666225, "reward_component_means": {"linear_tracking": 0.1207701112406537, "yaw_tracking": 0.24181353859212146, "quiet_joint_rate": 0.0, "quiet_target_motion": 0.0, "tilt": -0.000403180613384289, "roll_pitch_rate": -0.00011102979150994283, "vertical_velocity": -5.313976398249403e-05, "height": -0.00241760858714694, "effort": -0.0013311845626743381, "target_motion": -0.001643990204539973, "nonfoot_contact": 0.0, "termination": -0.0006419515326592842}, "reward_component_mean_absolute": {"linear_tracking": 0.1207701112406537, "yaw_tracking": 0.24181353859212146, "quiet_joint_rate": 0.0, "quiet_target_motion": 0.0, "tilt": 0.000403180613384289, "roll_pitch_rate": 0.00011102979150994283, "vertical_velocity": 5.313976398249403e-05, "height": 0.00241760858714694, "effort": 0.0013311845626743381, "target_motion": 0.001643990204539973, "nonfoot_contact": 0.0, "termination": 0.0006419515326592842}, "requested_planar_speed_mps": 0.05000000074505806, "moving_command_rows": 18693, "moving_signed_command_direction_speed_mps": 0.0013564751923830747, "nonfoot_event_fraction": 0.0}, "yaw": {"environment_controls": 4991, "time_fraction": 0.09025969328703703, "task_reward_mean": 0.554962294853627, "reward_component_means": {"linear_tracking": 0.44182454483538425, "yaw_tracking": 0.11999086724493815, "quiet_joint_rate": 0.0, "quiet_target_motion": 0.0, "tilt": -0.00027765036823898, "roll_pitch_rate": -0.0001058487864191242, "vertical_velocity": -6.239340624653222e-05, "height": -0.0026265056035968894, "effort": -0.001307262050786177, "target_motion": -0.0016720148140886772, "nonfoot_contact": 0.0, "termination": -0.0008014425966740132}, "reward_component_mean_absolute": {"linear_tracking": 0.44182454483538425, "yaw_tracking": 0.11999086724493815, "quiet_joint_rate": 0.0, "quiet_target_motion": 0.0, "tilt": 0.00027765036823898, "roll_pitch_rate": 0.0001058487864191242, "vertical_velocity": 6.239340624653222e-05, "height": 0.0026265056035968894, "effort": 0.001307262050786177, "target_motion": 0.0016720148140886772, "nonfoot_contact": 0.0, "termination": 0.0008014425966740132}, "requested_planar_speed_mps": 0.0, "moving_command_rows": 0, "moving_signed_command_direction_speed_mps": null, "nonfoot_event_fraction": 0.0}, "arc": {"environment_controls": 4855, "time_fraction": 0.0878002025462963, "task_reward_mean": 0.33032594388530684, "reward_component_means": {"linear_tracking": 0.18198352769534104, "yaw_tracking": 0.15603244960441523, "quiet_joint_rate": 0.0, "quiet_target_motion": 0.0, "tilt": -0.00026204372021113454, "roll_pitch_rate": -0.00012025541744883946, "vertical_velocity": -7.288814887661539e-05, "height": -0.002429525582694229, "effort": -0.0014049685310581258, "target_motion": -0.0017525660554245023, "nonfoot_contact": 0.0, "termination": -0.0016477857878475798}, "reward_component_mean_absolute": {"linear_tracking": 0.18198352769534104, "yaw_tracking": 0.15603244960441523, "quiet_joint_rate": 0.0, "quiet_target_motion": 0.0, "tilt": 0.00026204372021113454, "roll_pitch_rate": 0.00012025541744883946, "vertical_velocity": 7.288814887661539e-05, "height": 0.002429525582694229, "effort": 0.0014049685310581258, "target_motion": 0.0017525660554245023, "nonfoot_contact": 0.0, "termination": 0.0016477857878475798}, "requested_planar_speed_mps": 0.03999999910593033, "moving_command_rows": 4855, "moving_signed_command_direction_speed_mps": 0.0026984167041865523, "nonfoot_event_fraction": 0.0}, "other": {"environment_controls": 0, "time_fraction": 0.0, "task_reward_mean": null, "reward_component_means": {"linear_tracking": null, "yaw_tracking": null, "quiet_joint_rate": null, "quiet_target_motion": null, "tilt": null, "roll_pitch_rate": null, "vertical_velocity": null, "height": null, "effort": null, "target_motion": null, "nonfoot_contact": null, "termination": null}, "reward_component_mean_absolute": {"linear_tracking": null, "yaw_tracking": null, "quiet_joint_rate": null, "quiet_target_motion": null, "tilt": null, "roll_pitch_rate": null, "vertical_velocity": null, "height": null, "effort": null, "target_motion": null, "nonfoot_contact": null, "termination": null}, "requested_planar_speed_mps": null, "moving_command_rows": 0, "moving_signed_command_direction_speed_mps": null, "nonfoot_event_fraction": null}}, "zero_hold_joint_rate_rms_rad_s": [0.42768698981809883, 0.66555190303577, 0.42248724404868415, 0.3857872749659509, 0.8551336055379706, 1.201072003922289, 0.503321981042678, 0.6405541297531914, 0.8243623655449486, 0.46424769859270815, 0.6820111155322269, 0.7468871018455102, 0.4126014434173234, 0.6593183350903706, 0.7418978150426287, 0.3882072270797571, 0.6692804282125094, 1.0692225302890463], "zero_hold_worst_joint_rate_rms_rad_s": 1.201072003922289, "zero_hold_all_joint_rate_rms_rad_s": 0.6914550893083357, "diagnostic_scope": "Time-weighted 50Hz control endpoints; nonfoot events use each control's maximum 400Hz body/coxa/femur floor force >1N. These are reporting metrics, not Stage2 admission.", "termination_reasons": {"rows": {"height": 0, "tilt": 0, "joint_limit": 13, "timeout": 0}, "multiple_physical_reason_rows": 0, "unattributed_termination_rows": 0, "termination_flag_mismatch_rows": 0, "scope": "Counts returned terminal rows with each measured predicate; reasons may overlap. Timeout counts returned truncations separately."}, "actual_target_slew": {"environment_controls": 55155, "excluded_first_or_reset_rows": 141, "limit_rad_per_control": 0.04, "occupancy_tolerance_rad": 2e-06, "by_joint": {"lf_coxa_yaw": {"at_limit_rows": 15028, "at_limit_fraction": 0.2724684978696401, "beyond_limit_rows": 0}, "lf_femur_pitch": {"at_limit_rows": 6601, "at_limit_fraction": 0.11968089928383646, "beyond_limit_rows": 0}, "lf_tibia_pitch": {"at_limit_rows": 14101, "at_limit_fraction": 0.25566131810352644, "beyond_limit_rows": 0}, "lm_coxa_yaw": {"at_limit_rows": 20821, "at_limit_fraction": 0.3774997733659686, "beyond_limit_rows": 0}, "lm_femur_pitch": {"at_limit_rows": 9018, "at_limit_fraction": 0.1635028555887952, "beyond_limit_rows": 0}, "lm_tibia_pitch": {"at_limit_rows": 10488, "at_limit_fraction": 0.19015501767745444, "beyond_limit_rows": 0}, "lr_coxa_yaw": {"at_limit_rows": 18773, "at_limit_fraction": 0.3403680536669386, "beyond_limit_rows": 0}, "lr_femur_pitch": {"at_limit_rows": 8678, "at_limit_fraction": 0.15733840993563594, "beyond_limit_rows": 0}, "lr_tibia_pitch": {"at_limit_rows": 11550, "at_limit_fraction": 0.20940984498232254, "beyond_limit_rows": 0}, "rf_coxa_yaw": {"at_limit_rows": 14927, "at_limit_fraction": 0.27063729489620164, "beyond_limit_rows": 0}, "rf_femur_pitch": {"at_limit_rows": 9323, "at_limit_fraction": 0.16903272595412927, "beyond_limit_rows": 0}, "rf_tibia_pitch": {"at_limit_rows": 9016, "at_limit_fraction": 0.16346659414377662, "beyond_limit_rows": 0}, "rm_coxa_yaw": {"at_limit_rows": 14849, "at_limit_fraction": 0.2692230985404768, "beyond_limit_rows": 0}, "rm_femur_pitch": {"at_limit_rows": 9107, "at_limit_fraction": 0.16511648989212221, "beyond_limit_rows": 0}, "rm_tibia_pitch": {"at_limit_rows": 8892, "at_limit_fraction": 0.1612183845526244, "beyond_limit_rows": 0}, "rr_coxa_yaw": {"at_limit_rows": 15310, "at_limit_fraction": 0.27758136161726044, "beyond_limit_rows": 0}, "rr_femur_pitch": {"at_limit_rows": 10650, "at_limit_fraction": 0.19309219472395975, "beyond_limit_rows": 0}, "rr_tibia_pitch": {"at_limit_rows": 11527, "at_limit_fraction": 0.20899283836460883, "beyond_limit_rows": 0}}}}, "interval_metrics": {"environment_controls": 3072, "signed_navigation_velocity_error_mps": [0.002581339795142412, -0.0004723775200545788], "absolute_navigation_velocity_error_mps": [0.02614973485469818, 0.02494753710925579], "achieved_planar_speed_mps": 0.027116743847727776, "requested_planar_speed_mps": 0.028689777478575706, "signed_command_direction_speed_mps": 0.00034936523297801614, "moving_command_rows": 2403, "signed_yaw_error_rad_s": 0.006878972984850407, "absolute_yaw_error_rad_s": 0.0901765450835228, "requested_saturation_fraction": 0.007211191114038229, "terminations": 0, "truncations": 0, "zero_command_rows": 410, "nonfoot_event_rows": 0, "moving_signed_command_direction_speed_mps": 0.0004466292729766682, "nonfoot_event_fraction": 0.0, "task_reward_sum": 1501.6797947296873, "task_reward_mean": 0.4888280581802367, "reward_components": {"linear_tracking": {"sum": 951.9193218523549, "absolute_sum": 951.9193218523549, "mean": 0.3098695709154801, "mean_absolute": 0.3098695709154801}, "yaw_tracking": {"sum": 720.4074733905145, "absolute_sum": 720.4074733905145, "mean": 0.23450764107764144, "mean_absolute": 0.23450764107764144}, "quiet_joint_rate": {"sum": -106.1461004987359, "absolute_sum": 106.1461004987359, "mean": -0.03455276708943226, "mean_absolute": 0.03455276708943226}, "quiet_target_motion": {"sum": -45.465411975979805, "absolute_sum": 45.465411975979805, "mean": -0.014799938794264259, "mean_absolute": 0.014799938794264259}, "tilt": {"sum": -0.41043761407491863, "absolute_sum": 0.41043761407491863, "mean": -0.00013360599416501257, "mean_absolute": 0.00013360599416501257}, "roll_pitch_rate": {"sum": -0.1176764252829825, "absolute_sum": 0.1176764252829825, "mean": -3.83061280218042e-05, "mean_absolute": 3.83061280218042e-05}, "vertical_velocity": {"sum": -0.02775900203185254, "absolute_sum": 0.02775900203185254, "mean": -9.036133473910331e-06, "mean_absolute": 9.036133473910331e-06}, "height": {"sum": -11.361313616079023, "absolute_sum": 11.361313616079023, "mean": -0.0036983442760673904, "mean_absolute": 0.0036983442760673904}, "effort": {"sum": -3.3051803025300615, "absolute_sum": 3.3051803025300615, "mean": -0.0010759050463965043, "mean_absolute": 0.0010759050463965043}, "target_motion": {"sum": -3.813124459265964, "absolute_sum": 3.813124459265964, "mean": -0.0012412514515839728, "mean_absolute": 0.0012412514515839728}, "nonfoot_contact": {"sum": 0.0, "absolute_sum": 0.0, "mean": 0.0, "mean_absolute": 0.0}, "termination": {"sum": 0.0, "absolute_sum": 0.0, "mean": 0.0, "mean_absolute": 0.0}}, "command_classes": {"zero": {"environment_controls": 410, "time_fraction": 0.13346354166666666, "task_reward_mean": 0.3907599129146192, "reward_component_means": {"linear_tracking": 0.5164492102998605, "yaw_tracking": 0.2500801770970589, "quiet_joint_rate": -0.2588929280456973, "quiet_target_motion": -0.11089124872190197, "tilt": -0.00014964019029845796, "roll_pitch_rate": -5.026973205635491e-05, "vertical_velocity": -1.10913765802078e-05, "height": -0.0034527504689123825, "effort": -0.0010600742733492174, "target_motion": -0.0012614706800909848, "nonfoot_contact": 0.0, "termination": 0.0}, "reward_component_mean_absolute": {"linear_tracking": 0.5164492102998605, "yaw_tracking": 0.2500801770970589, "quiet_joint_rate": 0.2588929280456973, "quiet_target_motion": 0.11089124872190197, "tilt": 0.00014964019029845796, "roll_pitch_rate": 5.026973205635491e-05, "vertical_velocity": 1.10913765802078e-05, "height": 0.0034527504689123825, "effort": 0.0010600742733492174, "target_motion": 0.0012614706800909848, "nonfoot_contact": 0.0, "termination": 0.0}, "requested_planar_speed_mps": 0.0, "moving_command_rows": 0, "moving_signed_command_direction_speed_mps": null, "nonfoot_event_fraction": 0.0}, "linear_0.025": {"environment_controls": 1197, "time_fraction": 0.3896484375, "task_reward_mean": 0.603527038178423, "reward_component_means": {"linear_tracking": 0.3617494671878343, "yaw_tracking": 0.24809330591189682, "quiet_joint_rate": 0.0, "quiet_target_motion": 0.0, "tilt": -5.5772951179174664e-05, "roll_pitch_rate": -2.6648303919887442e-05, "vertical_velocity": -5.569743036955539e-06, "height": -0.003975477806740516, "effort": -0.0010751870908379966, "target_motion": -0.0011770828726639974, "nonfoot_contact": 0.0, "termination": 0.0}, "reward_component_mean_absolute": {"linear_tracking": 0.3617494671878343, "yaw_tracking": 0.24809330591189682, "quiet_joint_rate": 0.0, "quiet_target_motion": 0.0, "tilt": 5.5772951179174664e-05, "roll_pitch_rate": 2.6648303919887442e-05, "vertical_velocity": 5.569743036955539e-06, "height": 0.003975477806740516, "effort": 0.0010751870908379966, "target_motion": 0.0011770828726639974, "nonfoot_contact": 0.0, "termination": 0.0}, "requested_planar_speed_mps": 0.02500000037252903, "moving_command_rows": 1197, "moving_signed_command_direction_speed_mps": 0.0010443151905088315, "nonfoot_event_fraction": 0.0}, "linear_0.05": {"environment_controls": 997, "time_fraction": 0.3245442708333333, "task_reward_mean": 0.37001936777365, "reward_component_means": {"linear_tracking": 0.12316332739668011, "yaw_tracking": 0.2529468849607731, "quiet_joint_rate": 0.0, "quiet_target_motion": 0.0, "tilt": -0.0002645805903945032, "roll_pitch_rate": -5.7267056331094404e-05, "vertical_velocity": -1.4799363560896593e-05, "height": -0.003301685937976784, "effort": -0.00110608036866306, "target_motion": -0.0013464306260904235, "nonfoot_contact": 0.0, "termination": 0.0}, "reward_component_mean_absolute": {"linear_tracking": 0.12316332739668011, "yaw_tracking": 0.2529468849607731, "quiet_joint_rate": 0.0, "quiet_target_motion": 0.0, "tilt": 0.0002645805903945032, "roll_pitch_rate": 5.7267056331094404e-05, "vertical_velocity": 1.4799363560896593e-05, "height": 0.003301685937976784, "effort": 0.00110608036866306, "target_motion": 0.0013464306260904235, "nonfoot_contact": 0.0, "termination": 0.0}, "requested_planar_speed_mps": 0.05000000074505806, "moving_command_rows": 997, "moving_signed_command_direction_speed_mps": -0.0005035791569678398, "nonfoot_event_fraction": 0.0}, "yaw": {"environment_controls": 259, "time_fraction": 0.08430989583333333, "task_reward_mean": 0.6501202456595585, "reward_component_means": {"linear_tracking": 0.5314945366285727, "yaw_tracking": 0.12485692755797424, "quiet_joint_rate": 0.0, "quiet_target_motion": 0.0, "tilt": -1.1174758825404381e-05, "roll_pitch_rate": -1.43894523898522e-05, "vertical_velocity": -2.2540641011545486e-06, "height": -0.00407306121169629, "effort": -0.0009905158970900541, "target_motion": -0.0011398252733519237, "nonfoot_contact": 0.0, "termination": 0.0}, "reward_component_mean_absolute": {"linear_tracking": 0.5314945366285727, "yaw_tracking": 0.12485692755797424, "quiet_joint_rate": 0.0, "quiet_target_motion": 0.0, "tilt": 1.1174758825404381e-05, "roll_pitch_rate": 1.43894523898522e-05, "vertical_velocity": 2.2540641011545486e-06, "height": 0.00407306121169629, "effort": 0.0009905158970900541, "target_motion": 0.0011398252733519237, "nonfoot_contact": 0.0, "termination": 0.0}, "requested_planar_speed_mps": 0.0, "moving_command_rows": 0, "moving_signed_command_direction_speed_mps": null, "nonfoot_event_fraction": 0.0}, "arc": {"environment_controls": 209, "time_fraction": 0.06803385416666667, "task_reward_mean": 0.3911766145405088, "reward_component_means": {"linear_tracking": 0.22349335408748347, "yaw_tracking": 0.174071411774037, "quiet_joint_rate": 0.0, "quiet_target_motion": 0.0, "tilt": -7.485072886114532e-05, "roll_pitch_rate": -2.0792784768894146e-05, "vertical_velocity": -5.769316489562835e-06, "height": -0.00402074284767634, "effort": -0.0010729433388536145, "target_motion": -0.00119304881262945, "nonfoot_contact": 0.0, "termination": 0.0}, "reward_component_mean_absolute": {"linear_tracking": 0.22349335408748347, "yaw_tracking": 0.174071411774037, "quiet_joint_rate": 0.0, "quiet_target_motion": 0.0, "tilt": 7.485072886114532e-05, "roll_pitch_rate": 2.0792784768894146e-05, "vertical_velocity": 5.769316489562835e-06, "height": 0.00402074284767634, "effort": 0.0010729433388536145, "target_motion": 0.00119304881262945, "nonfoot_contact": 0.0, "termination": 0.0}, "requested_planar_speed_mps": 0.03999999910593033, "moving_command_rows": 209, "moving_signed_command_direction_speed_mps": 0.0015563314804822902, "nonfoot_event_fraction": 0.0}, "other": {"environment_controls": 0, "time_fraction": 0.0, "task_reward_mean": null, "reward_component_means": {"linear_tracking": null, "yaw_tracking": null, "quiet_joint_rate": null, "quiet_target_motion": null, "tilt": null, "roll_pitch_rate": null, "vertical_velocity": null, "height": null, "effort": null, "target_motion": null, "nonfoot_contact": null, "termination": null}, "reward_component_mean_absolute": {"linear_tracking": null, "yaw_tracking": null, "quiet_joint_rate": null, "quiet_target_motion": null, "tilt": null, "roll_pitch_rate": null, "vertical_velocity": null, "height": null, "effort": null, "target_motion": null, "nonfoot_contact": null, "termination": null}, "requested_planar_speed_mps": null, "moving_command_rows": 0, "moving_signed_command_direction_speed_mps": null, "nonfoot_event_fraction": null}}, "zero_hold_joint_rate_rms_rad_s": [0.29702672105586375, 0.3434051549395377, 0.25900660478102244, 0.25389872584704365, 0.3778838613936543, 0.34428835087137494, 0.32531030300788466, 0.3208742079831812, 0.4442748106575986, 0.29254897794172985, 0.34657902359952425, 0.3429540418742247, 0.23281877103270118, 0.34834869317678124, 0.20582936006874042, 0.2873836208707212, 0.34051827114726785, 0.4618937878328789], "zero_hold_worst_joint_rate_rms_rad_s": 0.4618937878328789, "zero_hold_all_joint_rate_rms_rad_s": 0.3298419843350272, "diagnostic_scope": "Time-weighted 50Hz control endpoints; nonfoot events use each control's maximum 400Hz body/coxa/femur floor force >1N. These are reporting metrics, not Stage2 admission.", "termination_reasons": {"rows": {"height": 0, "tilt": 0, "joint_limit": 0, "timeout": 0}, "multiple_physical_reason_rows": 0, "unattributed_termination_rows": 0, "termination_flag_mismatch_rows": 0, "scope": "Counts returned terminal rows with each measured predicate; reasons may overlap. Timeout counts returned truncations separately."}, "actual_target_slew": {"environment_controls": 3072, "excluded_first_or_reset_rows": 0, "limit_rad_per_control": 0.04, "occupancy_tolerance_rad": 2e-06, "by_joint": {"lf_coxa_yaw": {"at_limit_rows": 998, "at_limit_fraction": 0.3248697916666667, "beyond_limit_rows": 0}, "lf_femur_pitch": {"at_limit_rows": 47, "at_limit_fraction": 0.015299479166666666, "beyond_limit_rows": 0}, "lf_tibia_pitch": {"at_limit_rows": 555, "at_limit_fraction": 0.1806640625, "beyond_limit_rows": 0}, "lm_coxa_yaw": {"at_limit_rows": 1116, "at_limit_fraction": 0.36328125, "beyond_limit_rows": 0}, "lm_femur_pitch": {"at_limit_rows": 117, "at_limit_fraction": 0.0380859375, "beyond_limit_rows": 0}, "lm_tibia_pitch": {"at_limit_rows": 151, "at_limit_fraction": 0.049153645833333336, "beyond_limit_rows": 0}, "lr_coxa_yaw": {"at_limit_rows": 1034, "at_limit_fraction": 0.3365885416666667, "beyond_limit_rows": 0}, "lr_femur_pitch": {"at_limit_rows": 139, "at_limit_fraction": 0.045247395833333336, "beyond_limit_rows": 0}, "lr_tibia_pitch": {"at_limit_rows": 326, "at_limit_fraction": 0.10611979166666667, "beyond_limit_rows": 0}, "rf_coxa_yaw": {"at_limit_rows": 1045, "at_limit_fraction": 0.3401692708333333, "beyond_limit_rows": 0}, "rf_femur_pitch": {"at_limit_rows": 111, "at_limit_fraction": 0.0361328125, "beyond_limit_rows": 0}, "rf_tibia_pitch": {"at_limit_rows": 125, "at_limit_fraction": 0.040690104166666664, "beyond_limit_rows": 0}, "rm_coxa_yaw": {"at_limit_rows": 1004, "at_limit_fraction": 0.3268229166666667, "beyond_limit_rows": 0}, "rm_femur_pitch": {"at_limit_rows": 129, "at_limit_fraction": 0.0419921875, "beyond_limit_rows": 0}, "rm_tibia_pitch": {"at_limit_rows": 112, "at_limit_fraction": 0.036458333333333336, "beyond_limit_rows": 0}, "rr_coxa_yaw": {"at_limit_rows": 1015, "at_limit_fraction": 0.3304036458333333, "beyond_limit_rows": 0}, "rr_femur_pitch": {"at_limit_rows": 207, "at_limit_fraction": 0.0673828125, "beyond_limit_rows": 0}, "rr_tibia_pitch": {"at_limit_rows": 205, "at_limit_fraction": 0.06673177083333333, "beyond_limit_rows": 0}}}}}
PAPER_PPO {"policy_loss": 0.0016707654365745838, "value_loss": 1.2727420568466186, "entropy": -15.837815713882446, "estimator_loss": 0.00012987752743356395, "approx_kl": 0.016832807318617915, "actor_grad_norm": 41.55190563201904, "critic_grad_norm": 36.89924435615539, "model_grad_norm": 56.445268630981445, "clip_fraction": 0.22480469197034836, "discriminator_loss": 0.0032180815353058277, "expert_score": 1.0005350679159164, "policy_score": -1.0038166642189026, "gradient_penalty": 0.00031659382657380777, "discriminator_expert_loss": 0.00023008066709735432, "discriminator_policy_loss": 0.0014050317433429882, "ppo_batches": 20, "discriminator_batches": 20, "target_kl": 0.02, "kl_initial": 3.049044917733066e-11, "kl_final": 0.017492354537386245, "kl_max": 0.019828004097794248, "kl_max_step_increase": 0.010272146049721445, "kl_after_model_steps": [0.008627179007868614, 0.01889932505759006, 0.015733237443719527, 0.016349316140245408, 0.01830594276579097, 0.01978682884343571, 0.019828004097794248, 0.01778582856196134, 0.01744540419255435, 0.017944591206206784, 0.01710025316769823, 0.017034492799373566, 0.016609857740302526, 0.019159987921270744, 0.019798267332575975, 0.01808315711757014, 0.018594257451837053, 0.01872263605144711, 0.017996208488936894, 0.017492354537386245], "early_stopped": false, "final_full_rollout_k3": 0.01838735304772854, "stop_reason": null, "learning_rate": 0.0001, "discriminator_learning_rate": 0.0003, "rollback_kl_steps": true, "model_proposals": 20, "accepted_model_steps": 20, "rejected_model_trials": 21, "model_trial_attempts": [{"proposal": 1, "retry": 0, "learning_rate": 0.0001, "kl": 0.03445144498457643, "accepted": false}, {"proposal": 1, "retry": 1, "learning_rate": 5e-05, "kl": 0.008627179007868614, "accepted": true}, {"proposal": 2, "retry": 0, "learning_rate": 0.0001, "kl": 0.01889932505759006, "accepted": true}, {"proposal": 3, "retry": 0, "learning_rate": 0.0001, "kl": 0.025315847402754242, "accepted": false}, {"proposal": 3, "retry": 1, "learning_rate": 5e-05, "kl": 0.015733237443719527, "accepted": true}, {"proposal": 4, "retry": 0, "learning_rate": 0.0001, "kl": 0.03477935217598424, "accepted": false}, {"proposal": 4, "retry": 1, "learning_rate": 5e-05, "kl": 0.016349316140245408, "accepted": true}, {"proposal": 5, "retry": 0, "learning_rate": 0.0001, "kl": 0.04595800706418022, "accepted": false}, {"proposal": 5, "retry": 1, "learning_rate": 5e-05, "kl": 0.023899064305627882, "accepted": false}, {"proposal": 5, "retry": 2, "learning_rate": 2.5e-05, "kl": 0.01830594276579097, "accepted": true}, {"proposal": 6, "retry": 0, "learning_rate": 0.0001, "kl": 0.01978682884343571, "accepted": true}, {"proposal": 7, "retry": 0, "learning_rate": 0.0001, "kl": 0.02595507460569255, "accepted": false}, {"proposal": 7, "retry": 1, "learning_rate": 5e-05, "kl": 0.02086905581106734, "accepted": false}, {"proposal": 7, "retry": 2, "learning_rate": 2.5e-05, "kl": 0.019828004097794248, "accepted": true}, {"proposal": 8, "retry": 0, "learning_rate": 0.0001, "kl": 0.020059466895698992, "accepted": false}, {"proposal": 8, "retry": 1, "learning_rate": 5e-05, "kl": 0.01778582856196134, "accepted": true}, {"proposal": 9, "retry": 0, "learning_rate": 0.0001, "kl": 0.0261452276106306, "accepted": false}, {"proposal": 9, "retry": 1, "learning_rate": 5e-05, "kl": 0.01744540419255435, "accepted": true}, {"proposal": 10, "retry": 0, "learning_rate": 0.0001, "kl": 0.03376434910323878, "accepted": false}, {"proposal": 10, "retry": 1, "learning_rate": 5e-05, "kl": 0.020831885274722038, "accepted": false}, {"proposal": 10, "retry": 2, "learning_rate": 2.5e-05, "kl": 0.017944591206206784, "accepted": true}, {"proposal": 11, "retry": 0, "learning_rate": 0.0001, "kl": 0.02707823119963851, "accepted": false}, {"proposal": 11, "retry": 1, "learning_rate": 5e-05, "kl": 0.01710025316769823, "accepted": true}, {"proposal": 12, "retry": 0, "learning_rate": 0.0001, "kl": 0.023493460360514324, "accepted": false}, {"proposal": 12, "retry": 1, "learning_rate": 5e-05, "kl": 0.017034492799373566, "accepted": true}, {"proposal": 13, "retry": 0, "learning_rate": 0.0001, "kl": 0.016609857740302526, "accepted": true}, {"proposal": 14, "retry": 0, "learning_rate": 0.0001, "kl": 0.019159987921270744, "accepted": true}, {"proposal": 15, "retry": 0, "learning_rate": 0.0001, "kl": 0.019798267332575975, "accepted": true}, {"proposal": 16, "retry": 0, "learning_rate": 0.0001, "kl": 0.03545136893658257, "accepted": false}, {"proposal": 16, "retry": 1, "learning_rate": 5e-05, "kl": 0.020113013297606598, "accepted": false}, {"proposal": 16, "retry": 2, "learning_rate": 2.5e-05, "kl": 0.01808315711757014, "accepted": true}, {"proposal": 17, "retry": 0, "learning_rate": 0.0001, "kl": 0.043449336651329946, "accepted": false}, {"proposal": 17, "retry": 1, "learning_rate": 5e-05, "kl": 0.018594257451837053, "accepted": true}, {"proposal": 18, "retry": 0, "learning_rate": 0.0001, "kl": 0.03670953101205955, "accepted": false}, {"proposal": 18, "retry": 1, "learning_rate": 5e-05, "kl": 0.02178710579245365, "accepted": false}, {"proposal": 18, "retry": 2, "learning_rate": 2.5e-05, "kl": 0.01872263605144711, "accepted": true}, {"proposal": 19, "retry": 0, "learning_rate": 0.0001, "kl": 0.03577914540446401, "accepted": false}, {"proposal": 19, "retry": 1, "learning_rate": 5e-05, "kl": 0.017996208488936894, "accepted": true}, {"proposal": 20, "retry": 0, "learning_rate": 0.0001, "kl": 0.03700293637055856, "accepted": false}, {"proposal": 20, "retry": 1, "learning_rate": 5e-05, "kl": 0.020497739280958542, "accepted": false}, {"proposal": 20, "retry": 2, "learning_rate": 2.5e-05, "kl": 0.017492354537386245, "accepted": true}], "consecutive_zero_accepted_updates": 0, "empirical_kl_scope": "Mean whole-actor KL on the fixed collected rollout; no bound on physical motion or unseen states.", "normalizer_policy_kl": 0.0, "normalizer_policy_kl_samples": 128, "normalizer_policy_kl_scope": "Same current observations and weights, before/after statistics update; reporting only", "update": 219, "transitions": 672768, "episodes": 636, "optimizer_steps": 786, "discriminator_steps": 4380, "reward": 0.5046408176422119, "task_reward": 0.47595661878585815, "style_reward": 0.028684169054031372, "action_std": 0.10038064420223236, "raw_action_abs_mean": 0.8722015619277954, "raw_action_clip_fraction": 0.5568938255310059, "return_mean": 43.0975341796875, "return_std": 1.78885817527771, "explained_variance": 0.27809202671051025, "terminated": 0, "truncated": 0, "elapsed_s": 63.206617372110486, "transitions_per_s": 10643.948813765417, "allocation_new_transitions": 58368, "allocation_new_transitions_per_s": 923.447613979648}
PAPER_TASK {"schema": "canonical_paper_walking_task_v1", "reward_version": "canonical_quiet_quadratic_log_tail_v2", "controls_completed": 456, "command_draws": 411, "zero_command_draws": 62, "zero_draw_fraction": 0.15085158150851583, "remaining_controls": [78, 112, 100, 125, 208, 78, 71, 56, 10, 192, 119, 111, 42, 84, 6, 130, 100, 78, 19, 85, 56, 100, 185, 79, 51, 103, 17, 128, 175, 14, 188, 3, 10, 164, 23, 232, 80, 128, 132, 187, 19, 2, 106, 54, 137, 145, 153, 65, 47, 22, 29, 77, 197, 51, 16, 136, 75, 133, 135, 114, 27, 8, 60, 69, 81, 39, 89, 25, 158, 151, 12, 145, 208, 42, 219, 127, 81, 122, 173, 49, 196, 66, 4, 42, 213, 30, 33, 46, 79, 75, 95, 98, 124, 65, 29, 89, 73, 40, 17, 161, 9, 40, 113, 22, 41, 235, 16, 18, 128, 2, 107, 103, 236, 126, 44, 129, 175, 55, 169, 112, 80, 72, 91, 132, 109, 83, 146, 200], "commands": [[-4.5924256971943795e-18, -0.02500000037252903, 0.0], [0.0, 0.0, 0.0], [1.5308084623338832e-18, 0.02500000037252903, 0.0], [-9.184851394388759e-18, -0.05000000074505806, 0.0], [0.0, 0.0, 0.20000000298023224], [0.0353553406894207, 0.0353553406894207, 0.0], [-0.0353553406894207, -0.0353553406894207, 0.0], [-0.0353553406894207, 0.0353553406894207, 0.0], [-0.02500000037252903, 3.0616169246677665e-18, 0.0], [-4.5924256971943795e-18, -0.02500000037252903, 0.0], [-0.05000000074505806, 6.123233849335533e-18, 0.0], [0.05000000074505806, 0.0, 0.0], [-0.0353553406894207, -0.0353553406894207, 0.0], [1.5308084623338832e-18, 0.02500000037252903, 0.0], [0.0, 0.0, -0.20000000298023224], [0.0353553406894207, -0.0353553406894207, 0.0], [-0.02500000037252903, 3.0616169246677665e-18, 0.0], [0.0, 0.0, 0.20000000298023224], [0.01767767034471035, -0.01767767034471035, 0.0], [-0.01767767034471035, -0.01767767034471035, 0.0], [0.01767767034471035, 0.01767767034471035, 0.0], [0.0, 0.0, 0.20000000298023224], [0.0, 0.0, -0.20000000298023224], [-4.5924256971943795e-18, -0.02500000037252903, 0.0], [0.0, 0.0, 0.0], [0.02500000037252903, 0.0, 0.0], [0.01767767034471035, -0.01767767034471035, 0.0], [0.03999999910593033, 0.0, -0.15000000596046448], [-9.184851394388759e-18, -0.05000000074505806, 0.0], [0.0, 0.0, 0.0], [1.5308084623338832e-18, 0.02500000037252903, 0.0], [0.0, 0.0, 0.0], [0.03999999910593033, 0.0, 0.15000000596046448], [-0.05000000074505806, 6.123233849335533e-18, 0.0], [0.0, 0.0, 0.0], [0.0353553406894207, -0.0353553406894207, 0.0], [0.01767767034471035, -0.01767767034471035, 0.0], [0.0, 0.0, 0.0], [0.0353553406894207, 0.0353553406894207, 0.0], [0.0, 0.0, 0.0], [-0.0353553406894207, -0.0353553406894207, 0.0], [1.5308084623338832e-18, 0.02500000037252903, 0.0], [0.0353553406894207, -0.0353553406894207, 0.0], [0.0, 0.0, 0.20000000298023224], [0.0, 0.0, -0.20000000298023224], [0.03999999910593033, 0.0, -0.15000000596046448], [-0.01767767034471035, 0.01767767034471035, 0.0], [0.0, 0.0, 0.20000000298023224], [1.5308084623338832e-18, 0.02500000037252903, 0.0], [0.03999999910593033, 0.0, 0.15000000596046448], [0.05000000074505806, 0.0, 0.0], [0.0, 0.0, 0.0], [0.03999999910593033, 0.0, 0.15000000596046448], [0.0, 0.0, 0.0], [-0.0353553406894207, 0.0353553406894207, 0.0], [0.0, 0.0, 0.0], [0.01767767034471035, -0.01767767034471035, 0.0], [0.03999999910593033, 0.0, -0.15000000596046448], [0.0, 0.0, 0.0], [0.0, 0.0, 0.0], [3.0616169246677665e-18, 0.05000000074505806, 0.0], [-0.01767767034471035, -0.01767767034471035, 0.0], [-0.0353553406894207, -0.0353553406894207, 0.0], [1.5308084623338832e-18, 0.02500000037252903, 0.0], [0.03999999910593033, 0.0, -0.15000000596046448], [-0.02500000037252903, 3.0616169246677665e-18, 0.0], [0.03999999910593033, 0.0, -0.15000000596046448], [1.5308084623338832e-18, 0.02500000037252903, 0.0], [0.0, 0.0, -0.20000000298023224], [0.05000000074505806, 0.0, 0.0], [-0.01767767034471035, 0.01767767034471035, 0.0], [-0.01767767034471035, 0.01767767034471035, 0.0], [0.03999999910593033, 0.0, 0.15000000596046448], [-9.184851394388759e-18, -0.05000000074505806, 0.0], [0.01767767034471035, -0.01767767034471035, 0.0], [0.01767767034471035, 0.01767767034471035, 0.0], [-0.01767767034471035, 0.01767767034471035, 0.0], [1.5308084623338832e-18, 0.02500000037252903, 0.0], [-0.01767767034471035, -0.01767767034471035, 0.0], [0.01767767034471035, 0.01767767034471035, 0.0], [0.0, 0.0, 0.0], [1.5308084623338832e-18, 0.02500000037252903, 0.0], [-0.0353553406894207, 0.0353553406894207, 0.0], [0.01767767034471035, 0.01767767034471035, 0.0], [0.0353553406894207, 0.0353553406894207, 0.0], [-0.01767767034471035, -0.01767767034471035, 0.0], [0.0, 0.0, 0.0], [0.0353553406894207, -0.0353553406894207, 0.0], [-0.01767767034471035, 0.01767767034471035, 0.0], [3.0616169246677665e-18, 0.05000000074505806, 0.0], [0.0353553406894207, 0.0353553406894207, 0.0], [3.0616169246677665e-18, 0.05000000074505806, 0.0], [-0.0353553406894207, -0.0353553406894207, 0.0], [-0.01767767034471035, -0.01767767034471035, 0.0], [-0.01767767034471035, -0.01767767034471035, 0.0], [0.01767767034471035, -0.01767767034471035, 0.0], [0.01767767034471035, -0.01767767034471035, 0.0], [0.03999999910593033, 0.0, 0.15000000596046448], [0.0, 0.0, 0.0], [-0.05000000074505806, 6.123233849335533e-18, 0.0], [0.01767767034471035, 0.01767767034471035, 0.0], [-0.02500000037252903, 3.0616169246677665e-18, 0.0], [0.0, 0.0, -0.20000000298023224], [-0.0353553406894207, 0.0353553406894207, 0.0], [-0.0353553406894207, -0.0353553406894207, 0.0], [0.0, 0.0, 0.0], [3.0616169246677665e-18, 0.05000000074505806, 0.0], [-0.05000000074505806, 6.123233849335533e-18, 0.0], [0.01767767034471035, 0.01767767034471035, 0.0], [0.01767767034471035, 0.01767767034471035, 0.0], [-9.184851394388759e-18, -0.05000000074505806, 0.0], [-0.02500000037252903, 3.0616169246677665e-18, 0.0], [0.03999999910593033, 0.0, 0.15000000596046448], [0.0, 0.0, 0.0], [0.03999999910593033, 0.0, -0.15000000596046448], [0.03999999910593033, 0.0, -0.15000000596046448], [-0.02500000037252903, 3.0616169246677665e-18, 0.0], [-0.05000000074505806, 6.123233849335533e-18, 0.0], [0.0, 0.0, -0.20000000298023224], [-0.02500000037252903, 3.0616169246677665e-18, 0.0], [-0.01767767034471035, 0.01767767034471035, 0.0], [-9.184851394388759e-18, -0.05000000074505806, 0.0], [0.0, 0.0, -0.20000000298023224], [0.0, 0.0, 0.0], [3.0616169246677665e-18, 0.05000000074505806, 0.0], [0.0, 0.0, 0.0], [-9.184851394388759e-18, -0.05000000074505806, 0.0], [-0.0353553406894207, -0.0353553406894207, 0.0]], "stage2_complete": false, "proximity": {"checks": 955, "minimum_sphere_gap_m": 0.99067622423172, "failure": null, "collision_filter_present": false}, "cumulative_metrics": {"environment_controls": 58368, "signed_navigation_velocity_error_mps": [-0.0012723257532343268, -0.0007911125430837274], "absolute_navigation_velocity_error_mps": [0.0303787998855114, 0.028009211644530296], "achieved_planar_speed_mps": 0.03355958312749863, "requested_planar_speed_mps": 0.028557775542140007, "signed_command_direction_speed_mps": 0.0010071919532492757, "moving_command_rows": 43983, "signed_yaw_error_rad_s": -0.01577475108206272, "absolute_yaw_error_rad_s": 0.10905630141496658, "requested_saturation_fraction": 0.01814516820013523, "terminations": 13, "truncations": 0, "zero_command_rows": 9108, "nonfoot_event_rows": 0, "moving_signed_command_direction_speed_mps": 0.0013366019576899714, "nonfoot_event_fraction": 0.0, "task_reward_sum": 24350.46126682486, "task_reward_mean": 0.4171885496646255, "reward_components": {"linear_tracking": {"sum": 15656.275564030764, "absolute_sum": 15656.275564030764, "mean": 0.2682338878157683, "mean_absolute": 0.2682338878157683}, "yaw_tracking": {"sum": 12946.978224954357, "absolute_sum": 12946.978224954357, "mean": 0.2218163758387191, "mean_absolute": 0.2218163758387191}, "quiet_joint_rate": {"sum": -2811.512698791921, "absolute_sum": 2811.512698791921, "mean": -0.04816873455989448, "mean_absolute": 0.04816873455989448}, "quiet_target_motion": {"sum": -1064.8329917937517, "absolute_sum": 1064.8329917937517, "mean": -0.01824343804471203, "mean_absolute": 0.01824343804471203}, "tilt": {"sum": -17.568685711689163, "absolute_sum": 17.568685711689163, "mean": -0.000300998590181078, "mean_absolute": 0.000300998590181078}, "roll_pitch_rate": {"sum": -6.264232370478434, "absolute_sum": 6.264232370478434, "mean": -0.00010732306007535695, "mean_absolute": 0.00010732306007535695}, "vertical_velocity": {"sum": -3.4267779802823575, "absolute_sum": 3.4267779802823575, "mean": -5.870987493630684e-05, "mean_absolute": 5.870987493630684e-05}, "height": {"sum": -150.7758009134111, "absolute_sum": 150.7758009134111, "mean": -0.002583192861043913, "mean_absolute": 0.002583192861043913}, "effort": {"sum": -76.57388457348861, "absolute_sum": 76.57388457348861, "mean": -0.001311915511470131, "mean_absolute": 0.001311915511470131}, "target_motion": {"sum": -95.83745837938477, "absolute_sum": 95.83745837938477, "mean": -0.001641952069273999, "mean_absolute": 0.001641952069273999}, "nonfoot_contact": {"sum": 0.0, "absolute_sum": 0.0, "mean": 0.0, "mean_absolute": 0.0}, "termination": {"sum": -26.0, "absolute_sum": 26.0, "mean": -0.00044544956140350875, "mean_absolute": 0.00044544956140350875}}, "command_classes": {"zero": {"environment_controls": 9108, "time_fraction": 0.15604440789473684, "task_reward_mean": 0.22303209118364067, "reward_component_means": {"linear_tracking": 0.41708181292352103, "yaw_tracking": 0.2373150169667001, "quiet_joint_rate": -0.3086860670610366, "quiet_target_motion": -0.11691183484779882, "tilt": -0.0003107737409538931, "roll_pitch_rate": -0.00013147625103485344, "vertical_velocity": -7.259396437259258e-05, "height": -0.002186138964822295, "effort": -0.0012936000544416725, "target_motion": -0.0017722532452535073, "nonfoot_contact": 0.0, "termination": 0.0}, "reward_component_mean_absolute": {"linear_tracking": 0.41708181292352103, "yaw_tracking": 0.2373150169667001, "quiet_joint_rate": 0.3086860670610366, "quiet_target_motion": 0.11691183484779882, "tilt": 0.0003107737409538931, "roll_pitch_rate": 0.00013147625103485344, "vertical_velocity": 7.259396437259258e-05, "height": 0.002186138964822295, "effort": 0.0012936000544416725, "target_motion": 0.0017722532452535073, "nonfoot_contact": 0.0, "termination": 0.0}, "requested_planar_speed_mps": 0.0, "moving_command_rows": 0, "moving_signed_command_direction_speed_mps": null, "nonfoot_event_fraction": 0.0}, "linear_0.025": {"environment_controls": 19230, "time_fraction": 0.3294613486842105, "task_reward_mean": 0.5541944091594877, "reward_component_means": {"linear_tracking": 0.3211236433683463, "yaw_tracking": 0.23929407482352313, "quiet_joint_rate": 0.0, "quiet_target_motion": 0.0, "tilt": -0.00022262579244649683, "roll_pitch_rate": -9.385503704895318e-05, "vertical_velocity": -5.598903228606626e-05, "height": -0.002880713371671177, "effort": -0.0012952470960953142, "target_motion": -0.0015708750031206188, "nonfoot_contact": 0.0, "termination": -0.00010400416016640666}, "reward_component_mean_absolute": {"linear_tracking": 0.3211236433683463, "yaw_tracking": 0.23929407482352313, "quiet_joint_rate": 0.0, "quiet_target_motion": 0.0, "tilt": 0.00022262579244649683, "roll_pitch_rate": 9.385503704895318e-05, "vertical_velocity": 5.598903228606626e-05, "height": 0.002880713371671177, "effort": 0.0012952470960953142, "target_motion": 0.0015708750031206188, "nonfoot_contact": 0.0, "termination": 0.00010400416016640666}, "requested_planar_speed_mps": 0.02500000037252903, "moving_command_rows": 19230, "moving_signed_command_direction_speed_mps": 0.0009453404820606678, "nonfoot_event_fraction": 0.0}, "linear_0.05": {"environment_controls": 19599, "time_fraction": 0.33578330592105265, "task_reward_mean": 0.3568441211094606, "reward_component_means": {"linear_tracking": 0.12147964312951971, "yaw_tracking": 0.24194794609261933, "quiet_joint_rate": 0.0, "quiet_target_motion": 0.0, "tilt": -0.00039513733178619834, "roll_pitch_rate": -0.00010874821581118325, "vertical_velocity": -5.207553428210253e-05, "height": -0.0024608867673679632, "effort": -0.0013230799566957374, "target_motion": -0.0016312642847497165, "nonfoot_contact": 0.0, "termination": -0.0006122761365375785}, "reward_component_mean_absolute": {"linear_tracking": 0.12147964312951971, "yaw_tracking": 0.24194794609261933, "quiet_joint_rate": 0.0, "quiet_target_motion": 0.0, "tilt": 0.00039513733178619834, "roll_pitch_rate": 0.00010874821581118325, "vertical_velocity": 5.207553428210253e-05, "height": 0.0024608867673679632, "effort": 0.0013230799566957374, "target_motion": 0.0016312642847497165, "nonfoot_contact": 0.0, "termination": 0.0006122761365375785}, "requested_planar_speed_mps": 0.05000000074505806, "moving_command_rows": 19599, "moving_signed_command_direction_speed_mps": 0.0013958252260870372, "nonfoot_event_fraction": 0.0}, "yaw": {"environment_controls": 5277, "time_fraction": 0.09040912828947369, "task_reward_mean": 0.5595372055677239, "reward_component_means": {"linear_tracking": 0.4462182655900235, "yaw_tracking": 0.12013726400382972, "quiet_joint_rate": 0.0, "quiet_target_motion": 0.0, "tilt": -0.00026324330887416873, "roll_pitch_rate": -0.00010098356951106399, "vertical_velocity": -5.9142153308759246e-05, "height": -0.0027057745796012804, "effort": -0.0012897289238241916, "target_motion": -0.001641445648130768, "nonfoot_contact": 0.0, "termination": -0.0007580064430547659}, "reward_component_mean_absolute": {"linear_tracking": 0.4462182655900235, "yaw_tracking": 0.12013726400382972, "quiet_joint_rate": 0.0, "quiet_target_motion": 0.0, "tilt": 0.00026324330887416873, "roll_pitch_rate": 0.00010098356951106399, "vertical_velocity": 5.9142153308759246e-05, "height": 0.0027057745796012804, "effort": 0.0012897289238241916, "target_motion": 0.001641445648130768, "nonfoot_contact": 0.0, "termination": 0.0007580064430547659}, "requested_planar_speed_mps": 0.0, "moving_command_rows": 0, "moving_signed_command_direction_speed_mps": null, "nonfoot_event_fraction": 0.0}, "arc": {"environment_controls": 5154, "time_fraction": 0.08830180921052631, "task_reward_mean": 0.3328406536247793, "reward_component_means": {"linear_tracking": 0.18368518368956585, "yaw_tracking": 0.15676869498405993, "quiet_joint_rate": 0.0, "quiet_target_motion": 0.0, "tilt": -0.0002568166441071564, "roll_pitch_rate": -0.00011596191998609856, "vertical_velocity": -6.911166521351952e-05, "height": -0.002514364934880162, "effort": -0.0013867345784673948, "target_motion": -0.0017180427065600643, "nonfoot_contact": 0.0, "termination": -0.0015521924718665113}, "reward_component_mean_absolute": {"linear_tracking": 0.18368518368956585, "yaw_tracking": 0.15676869498405993, "quiet_joint_rate": 0.0, "quiet_target_motion": 0.0, "tilt": 0.0002568166441071564, "roll_pitch_rate": 0.00011596191998609856, "vertical_velocity": 6.911166521351952e-05, "height": 0.002514364934880162, "effort": 0.0013867345784673948, "target_motion": 0.0017180427065600643, "nonfoot_contact": 0.0, "termination": 0.0015521924718665113}, "requested_planar_speed_mps": 0.03999999910593033, "moving_command_rows": 5154, "moving_signed_command_direction_speed_mps": 0.002571223870580428, "nonfoot_event_fraction": 0.0}, "other": {"environment_controls": 0, "time_fraction": 0.0, "task_reward_mean": null, "reward_component_means": {"linear_tracking": null, "yaw_tracking": null, "quiet_joint_rate": null, "quiet_target_motion": null, "tilt": null, "roll_pitch_rate": null, "vertical_velocity": null, "height": null, "effort": null, "target_motion": null, "nonfoot_contact": null, "termination": null}, "reward_component_mean_absolute": {"linear_tracking": null, "yaw_tracking": null, "quiet_joint_rate": null, "quiet_target_motion": null, "tilt": null, "roll_pitch_rate": null, "vertical_velocity": null, "height": null, "effort": null, "target_motion": null, "nonfoot_contact": null, "termination": null}, "requested_planar_speed_mps": null, "moving_command_rows": 0, "moving_signed_command_direction_speed_mps": null, "nonfoot_event_fraction": null}}, "zero_hold_joint_rate_rms_rad_s": [0.42278452558985435, 0.6531130268487434, 0.4159731037680488, 0.3805279813150998, 0.8365880731186685, 1.1739366276265275, 0.49545888012238676, 0.6279190571111049, 0.8070654756714356, 0.45896152682526214, 0.6676376442564309, 0.7307373782616307, 0.40694043808018054, 0.6453376805106196, 0.7287479830782605, 0.38413985462105676, 0.6563807040734464, 1.0510847856895935], "zero_hold_worst_joint_rate_rms_rad_s": 1.1739366276265275, "zero_hold_all_joint_rate_rms_rad_s": 0.6781894956342354, "diagnostic_scope": "Time-weighted 50Hz control endpoints; nonfoot events use each control's maximum 400Hz body/coxa/femur floor force >1N. These are reporting metrics, not Stage2 admission.", "termination_reasons": {"rows": {"height": 0, "tilt": 0, "joint_limit": 13, "timeout": 0}, "multiple_physical_reason_rows": 0, "unattributed_termination_rows": 0, "termination_flag_mismatch_rows": 0, "scope": "Counts returned terminal rows with each measured predicate; reasons may overlap. Timeout counts returned truncations separately."}, "actual_target_slew": {"environment_controls": 58227, "excluded_first_or_reset_rows": 141, "limit_rad_per_control": 0.04, "occupancy_tolerance_rad": 2e-06, "by_joint": {"lf_coxa_yaw": {"at_limit_rows": 16072, "at_limit_fraction": 0.27602315077197864, "beyond_limit_rows": 0}, "lf_femur_pitch": {"at_limit_rows": 6645, "at_limit_fraction": 0.11412231439023134, "beyond_limit_rows": 0}, "lf_tibia_pitch": {"at_limit_rows": 14641, "at_limit_fraction": 0.2514469232486647, "beyond_limit_rows": 0}, "lm_coxa_yaw": {"at_limit_rows": 21881, "at_limit_fraction": 0.3757878647362907, "beyond_limit_rows": 0}, "lm_femur_pitch": {"at_limit_rows": 9127, "at_limit_fraction": 0.15674858742507772, "beyond_limit_rows": 0}, "lm_tibia_pitch": {"at_limit_rows": 10662, "at_limit_fraction": 0.1831109279200371, "beyond_limit_rows": 0}, "lr_coxa_yaw": {"at_limit_rows": 19831, "at_limit_fraction": 0.34058083019904856, "beyond_limit_rows": 0}, "lr_femur_pitch": {"at_limit_rows": 8805, "at_limit_fraction": 0.15121850687825236, "beyond_limit_rows": 0}, "lr_tibia_pitch": {"at_limit_rows": 11917, "at_limit_fraction": 0.20466450272210487, "beyond_limit_rows": 0}, "rf_coxa_yaw": {"at_limit_rows": 15888, "at_limit_fraction": 0.2728631047452213, "beyond_limit_rows": 0}, "rf_femur_pitch": {"at_limit_rows": 9445, "at_limit_fraction": 0.16220997131914747, "beyond_limit_rows": 0}, "rf_tibia_pitch": {"at_limit_rows": 9135, "at_limit_fraction": 0.1568859807305889, "beyond_limit_rows": 0}, "rm_coxa_yaw": {"at_limit_rows": 15855, "at_limit_fraction": 0.27229635735998764, "beyond_limit_rows": 0}, "rm_femur_pitch": {"at_limit_rows": 9232, "at_limit_fraction": 0.15855187455991207, "beyond_limit_rows": 0}, "rm_tibia_pitch": {"at_limit_rows": 8983, "at_limit_fraction": 0.1542755079258763, "beyond_limit_rows": 0}, "rr_coxa_yaw": {"at_limit_rows": 16349, "at_limit_fraction": 0.2807803939753036, "beyond_limit_rows": 0}, "rr_femur_pitch": {"at_limit_rows": 10859, "at_limit_fraction": 0.18649423806825013, "beyond_limit_rows": 0}, "rr_tibia_pitch": {"at_limit_rows": 11801, "at_limit_fraction": 0.20267229979219262, "beyond_limit_rows": 0}}}}, "interval_metrics": {"environment_controls": 3072, "signed_navigation_velocity_error_mps": [3.8494428736157715e-05, 0.0004687600885517895], "absolute_navigation_velocity_error_mps": [0.0260884128510952, 0.024403994902968407], "achieved_planar_speed_mps": 0.027539124712347984, "requested_planar_speed_mps": 0.028038738295435905, "signed_command_direction_speed_mps": 0.0013226316077634692, "moving_command_rows": 2360, "signed_yaw_error_rad_s": 0.0048112161457538605, "absolute_yaw_error_rad_s": 0.09636509418487549, "requested_saturation_fraction": 0.007425944320857525, "terminations": 0, "truncations": 0, "zero_command_rows": 426, "nonfoot_event_rows": 0, "moving_signed_command_direction_speed_mps": 0.0017216628427365584, "nonfoot_event_fraction": 0.0, "task_reward_sum": 1462.1386406770907, "task_reward_mean": 0.4759565887620738, "reward_components": {"linear_tracking": {"sum": 932.8216941901612, "absolute_sum": 932.8216941901612, "mean": 0.3036528952441931, "mean_absolute": 0.3036528952441931}, "yaw_tracking": {"sum": 703.5582036818785, "absolute_sum": 703.5582036818785, "mean": 0.22902285276102816, "mean_absolute": 0.22902285276102816}, "quiet_joint_rate": {"sum": -108.31110569834709, "absolute_sum": 108.31110569834709, "mean": -0.03525752138618069, "mean_absolute": 0.03525752138618069}, "quiet_target_motion": {"sum": -46.76476453989744, "absolute_sum": 46.76476453989744, "mean": -0.015222905123664532, "mean_absolute": 0.015222905123664532}, "tilt": {"sum": -0.3522323943884981, "absolute_sum": 0.3522323943884981, "mean": -0.00011465898254833924, "mean_absolute": 0.00011465898254833924}, "roll_pitch_rate": {"sum": -0.11732861619805535, "absolute_sum": 0.11732861619805535, "mean": -3.8192908918637806e-05, "mean_absolute": 3.8192908918637806e-05}, "vertical_velocity": {"sum": -0.04360331737618428, "absolute_sum": 0.04360331737618428, "mean": -1.419378820839332e-05, "mean_absolute": 1.419378820839332e-05}, "height": {"sum": -11.555794943525903, "absolute_sum": 11.555794943525903, "mean": -0.0037616519998456715, "mean_absolute": 0.0037616519998456715}, "effort": {"sum": -3.299004920962034, "absolute_sum": 3.299004920962034, "mean": -0.0010738948310423286, "mean_absolute": 0.0010738948310423286}, "target_motion": {"sum": -3.7974242725904332, "absolute_sum": 3.7974242725904332, "mean": -0.001236140713733865, "mean_absolute": 0.001236140713733865}, "nonfoot_contact": {"sum": 0.0, "absolute_sum": 0.0, "mean": 0.0, "mean_absolute": 0.0}, "termination": {"sum": 0.0, "absolute_sum": 0.0, "mean": 0.0, "mean_absolute": 0.0}}, "command_classes": {"zero": {"environment_controls": 426, "time_fraction": 0.138671875, "task_reward_mean": 0.34986490555907745, "reward_component_means": {"linear_tracking": 0.471588165815313, "yaw_tracking": 0.24838224378689913, "quiet_joint_rate": -0.25425142182710586, "quiet_target_motion": -0.10977644258191888, "tilt": -5.1615183493734455e-05, "roll_pitch_rate": -2.4570769484043487e-05, "vertical_velocity": -5.532264707055207e-06, "height": -0.003821907882461611, "effort": -0.0009859822150904624, "target_motion": -0.001188032991843661, "nonfoot_contact": 0.0, "termination": 0.0}, "reward_component_mean_absolute": {"linear_tracking": 0.471588165815313, "yaw_tracking": 0.24838224378689913, "quiet_joint_rate": 0.25425142182710586, "quiet_target_motion": 0.10977644258191888, "tilt": 5.1615183493734455e-05, "roll_pitch_rate": 2.4570769484043487e-05, "vertical_velocity": 5.532264707055207e-06, "height": 0.003821907882461611, "effort": 0.0009859822150904624, "target_motion": 0.001188032991843661, "nonfoot_contact": 0.0, "termination": 0.0}, "requested_planar_speed_mps": 0.0, "moving_command_rows": 0, "moving_signed_command_direction_speed_mps": null, "nonfoot_event_fraction": 0.0}, "linear_0.025": {"environment_controls": 1155, "time_fraction": 0.3759765625, "task_reward_mean": 0.5879500969272768, "reward_component_means": {"linear_tracking": 0.3427449396178591, "yaw_tracking": 0.25150806442840484, "quiet_joint_rate": 0.0, "quiet_target_motion": 0.0, "tilt": -5.871020899005644e-05, "roll_pitch_rate": -2.8189084176243718e-05, "vertical_velocity": -9.474088478286205e-06, "height": -0.0039445251879606374, "effort": -0.0010600026159696442, "target_motion": -0.0012020049663436967, "nonfoot_contact": 0.0, "termination": 0.0}, "reward_component_mean_absolute": {"linear_tracking": 0.3427449396178591, "yaw_tracking": 0.25150806442840484, "quiet_joint_rate": 0.0, "quiet_target_motion": 0.0, "tilt": 5.871020899005644e-05, "roll_pitch_rate": 2.8189084176243718e-05, "vertical_velocity": 9.474088478286205e-06, "height": 0.0039445251879606374, "effort": 0.0010600026159696442, "target_motion": 0.0012020049663436967, "nonfoot_contact": 0.0, "termination": 0.0}, "requested_planar_speed_mps": 0.02500000037252903, "moving_command_rows": 1155, "moving_signed_command_direction_speed_mps": 0.0016551183929432345, "nonfoot_event_fraction": 0.0}, "linear_0.05": {"environment_controls": 906, "time_fraction": 0.294921875, "task_reward_mean": 0.3746407699476204, "reward_component_means": {"linear_tracking": 0.13611902458489822, "yaw_tracking": 0.24472110217077236, "quiet_joint_rate": 0.0, "quiet_target_motion": 0.0, "tilt": -0.00022918472371433462, "roll_pitch_rate": -6.167371852982248e-05, "vertical_velocity": -3.011786784786543e-05, "height": -0.003353821671199741, "effort": -0.0011558620763889146, "target_motion": -0.0013686973767593569, "nonfoot_contact": 0.0, "termination": 0.0}, "reward_component_mean_absolute": {"linear_tracking": 0.13611902458489822, "yaw_tracking": 0.24472110217077236, "quiet_joint_rate": 0.0, "quiet_target_motion": 0.0, "tilt": 0.00022918472371433462, "roll_pitch_rate": 6.167371852982248e-05, "vertical_velocity": 3.011786784786543e-05, "height": 0.003353821671199741, "effort": 0.0011558620763889146, "target_motion": 0.0013686973767593569, "nonfoot_contact": 0.0, "termination": 0.0}, "requested_planar_speed_mps": 0.05000000074505806, "moving_command_rows": 906, "moving_signed_command_direction_speed_mps": 0.002207712842012171, "nonfoot_event_fraction": 0.0}, "yaw": {"environment_controls": 286, "time_fraction": 0.09309895833333333, "task_reward_mean": 0.639374196386108, "reward_component_means": {"linear_tracking": 0.5228933015564731, "yaw_tracking": 0.12269204100952126, "quiet_joint_rate": 0.0, "quiet_target_motion": 0.0, "tilt": -1.1825010658178575e-05, "roll_pitch_rate": -1.608043109103418e-05, "vertical_velocity": -2.4043791394412525e-06, "height": -0.004089101360153433, "effort": -0.0009837574669456278, "target_motion": -0.001107981636606554, "nonfoot_contact": 0.0, "termination": 0.0}, "reward_component_mean_absolute": {"linear_tracking": 0.5228933015564731, "yaw_tracking": 0.12269204100952126, "quiet_joint_rate": 0.0, "quiet_target_motion": 0.0, "tilt": 1.1825010658178575e-05, "roll_pitch_rate": 1.608043109103418e-05, "vertical_velocity": 2.4043791394412525e-06, "height": 0.004089101360153433, "effort": 0.0009837574669456278, "target_motion": 0.001107981636606554, "nonfoot_contact": 0.0, "termination": 0.0}, "requested_planar_speed_mps": 0.0, "moving_command_rows": 0, "moving_signed_command_direction_speed_mps": null, "nonfoot_event_fraction": 0.0}, "arc": {"environment_controls": 299, "time_fraction": 0.09733072916666667, "task_reward_mean": 0.37367314788945843, "reward_component_means": {"linear_tracking": 0.2113157517563265, "yaw_tracking": 0.16872344855655197, "quiet_joint_rate": 0.0, "quiet_target_motion": 0.0, "tilt": -0.00017194221439205965, "roll_pitch_rate": -4.6246434428884234e-05, "vertical_velocity": -7.791169613752241e-06, "height": -0.0038919403692035913, "effort": -0.0010906615355643864, "target_motion": -0.0011574712726575662, "nonfoot_contact": 0.0, "termination": 0.0}, "reward_component_mean_absolute": {"linear_tracking": 0.2113157517563265, "yaw_tracking": 0.16872344855655197, "quiet_joint_rate": 0.0, "quiet_target_motion": 0.0, "tilt": 0.00017194221439205965, "roll_pitch_rate": 4.6246434428884234e-05, "vertical_velocity": 7.791169613752241e-06, "height": 0.0038919403692035913, "effort": 0.0010906615355643864, "target_motion": 0.0011574712726575662, "nonfoot_contact": 0.0, "termination": 0.0}, "requested_planar_speed_mps": 0.03999999910593033, "moving_command_rows": 299, "moving_signed_command_direction_speed_mps": 0.0005059355523271399, "nonfoot_event_fraction": 0.0}, "other": {"environment_controls": 0, "time_fraction": 0.0, "task_reward_mean": null, "reward_component_means": {"linear_tracking": null, "yaw_tracking": null, "quiet_joint_rate": null, "quiet_target_motion": null, "tilt": null, "roll_pitch_rate": null, "vertical_velocity": null, "height": null, "effort": null, "target_motion": null, "nonfoot_contact": null, "termination": null}, "reward_component_mean_absolute": {"linear_tracking": null, "yaw_tracking": null, "quiet_joint_rate": null, "quiet_target_motion": null, "tilt": null, "roll_pitch_rate": null, "vertical_velocity": null, "height": null, "effort": null, "target_motion": null, "nonfoot_contact": null, "termination": null}, "requested_planar_speed_mps": null, "moving_command_rows": 0, "moving_signed_command_direction_speed_mps": null, "nonfoot_event_fraction": null}}, "zero_hold_joint_rate_rms_rad_s": [0.3062239092887978, 0.3037511806324972, 0.24843432862100015, 0.25032651635563913, 0.2459087382404622, 0.2543309401201739, 0.2922715515976085, 0.2600816314666329, 0.27613601804395105, 0.33344409631342864, 0.22445519271976136, 0.2182609205408385, 0.2665475758523672, 0.2114840484435481, 0.3700601973620477, 0.28903345341410747, 0.2869134042168343, 0.5665709637950002], "zero_hold_worst_joint_rate_rms_rad_s": 0.5665709637950002, "zero_hold_all_joint_rate_rms_rad_s": 0.2994138050209682, "diagnostic_scope": "Time-weighted 50Hz control endpoints; nonfoot events use each control's maximum 400Hz body/coxa/femur floor force >1N. These are reporting metrics, not Stage2 admission.", "termination_reasons": {"rows": {"height": 0, "tilt": 0, "joint_limit": 0, "timeout": 0}, "multiple_physical_reason_rows": 0, "unattributed_termination_rows": 0, "termination_flag_mismatch_rows": 0, "scope": "Counts returned terminal rows with each measured predicate; reasons may overlap. Timeout counts returned truncations separately."}, "actual_target_slew": {"environment_controls": 3072, "excluded_first_or_reset_rows": 0, "limit_rad_per_control": 0.04, "occupancy_tolerance_rad": 2e-06, "by_joint": {"lf_coxa_yaw": {"at_limit_rows": 1044, "at_limit_fraction": 0.33984375, "beyond_limit_rows": 0}, "lf_femur_pitch": {"at_limit_rows": 44, "at_limit_fraction": 0.014322916666666666, "beyond_limit_rows": 0}, "lf_tibia_pitch": {"at_limit_rows": 540, "at_limit_fraction": 0.17578125, "beyond_limit_rows": 0}, "lm_coxa_yaw": {"at_limit_rows": 1060, "at_limit_fraction": 0.3450520833333333, "beyond_limit_rows": 0}, "lm_femur_pitch": {"at_limit_rows": 109, "at_limit_fraction": 0.035481770833333336, "beyond_limit_rows": 0}, "lm_tibia_pitch": {"at_limit_rows": 174, "at_limit_fraction": 0.056640625, "beyond_limit_rows": 0}, "lr_coxa_yaw": {"at_limit_rows": 1058, "at_limit_fraction": 0.3444010416666667, "beyond_limit_rows": 0}, "lr_femur_pitch": {"at_limit_rows": 127, "at_limit_fraction": 0.041341145833333336, "beyond_limit_rows": 0}, "lr_tibia_pitch": {"at_limit_rows": 367, "at_limit_fraction": 0.11946614583333333, "beyond_limit_rows": 0}, "rf_coxa_yaw": {"at_limit_rows": 961, "at_limit_fraction": 0.3128255208333333, "beyond_limit_rows": 0}, "rf_femur_pitch": {"at_limit_rows": 122, "at_limit_fraction": 0.039713541666666664, "beyond_limit_rows": 0}, "rf_tibia_pitch": {"at_limit_rows": 119, "at_limit_fraction": 0.038736979166666664, "beyond_limit_rows": 0}, "rm_coxa_yaw": {"at_limit_rows": 1006, "at_limit_fraction": 0.3274739583333333, "beyond_limit_rows": 0}, "rm_femur_pitch": {"at_limit_rows": 125, "at_limit_fraction": 0.040690104166666664, "beyond_limit_rows": 0}, "rm_tibia_pitch": {"at_limit_rows": 91, "at_limit_fraction": 0.029622395833333332, "beyond_limit_rows": 0}, "rr_coxa_yaw": {"at_limit_rows": 1039, "at_limit_fraction": 0.3382161458333333, "beyond_limit_rows": 0}, "rr_femur_pitch": {"at_limit_rows": 209, "at_limit_fraction": 0.06803385416666667, "beyond_limit_rows": 0}, "rr_tibia_pitch": {"at_limit_rows": 274, "at_limit_fraction": 0.08919270833333333, "beyond_limit_rows": 0}}}}}
PAPER_PPO {"policy_loss": -0.0033408119052182883, "value_loss": 4.056790220737457, "entropy": -15.836565828323364, "estimator_loss": 0.0001316992285865126, "approx_kl": 0.01660824309801683, "actor_grad_norm": 30.331732082366944, "critic_grad_norm": 26.221300172805787, "model_grad_norm": 41.09391984939575, "clip_fraction": 0.24726563245058059, "discriminator_loss": 0.0038992493762634696, "expert_score": 0.9980947613716126, "policy_score": -0.9962072610855103, "gradient_penalty": 0.0003132007666863501, "discriminator_expert_loss": 0.00022512992363772356, "discriminator_policy_loss": 0.0021081155980937185, "ppo_batches": 20, "discriminator_batches": 20, "target_kl": 0.02, "kl_initial": 3.006809146284539e-11, "kl_final": 0.015930585006957453, "kl_max": 0.019604755388710565, "kl_max_step_increase": 0.009083463300692598, "kl_after_model_steps": [0.00908346333076069, 0.018135179090007596, 0.01877539207646176, 0.01814267691754075, 0.01759647027895696, 0.015271262935990935, 0.01739623808179569, 0.018533928460388004, 0.017754180256180026, 0.01870980446886774, 0.019604755388710565, 0.01758497618506232, 0.01896911212066134, 0.018525681843461893, 0.012106200390580838, 0.014569209919695238, 0.019115400107759077, 0.01833722538972953, 0.016349371226905447, 0.015930585006957453], "early_stopped": false, "final_full_rollout_k3": 0.015883605927228928, "stop_reason": null, "learning_rate": 0.0001, "discriminator_learning_rate": 0.0003, "rollback_kl_steps": true, "model_proposals": 20, "accepted_model_steps": 20, "rejected_model_trials": 32, "model_trial_attempts": [{"proposal": 1, "retry": 0, "learning_rate": 0.0001, "kl": 0.036268936109575226, "accepted": false}, {"proposal": 1, "retry": 1, "learning_rate": 5e-05, "kl": 0.00908346333076069, "accepted": true}, {"proposal": 2, "retry": 0, "learning_rate": 0.0001, "kl": 0.03711652935576108, "accepted": false}, {"proposal": 2, "retry": 1, "learning_rate": 5e-05, "kl": 0.018135179090007596, "accepted": true}, {"proposal": 3, "retry": 0, "learning_rate": 0.0001, "kl": 0.040728763593115586, "accepted": false}, {"proposal": 3, "retry": 1, "learning_rate": 5e-05, "kl": 0.022745455161413953, "accepted": false}, {"proposal": 3, "retry": 2, "learning_rate": 2.5e-05, "kl": 0.01877539207646176, "accepted": true}, {"proposal": 4, "retry": 0, "learning_rate": 0.0001, "kl": 0.028861047017777603, "accepted": false}, {"proposal": 4, "retry": 1, "learning_rate": 5e-05, "kl": 0.01814267691754075, "accepted": true}, {"proposal": 5, "retry": 0, "learning_rate": 0.0001, "kl": 0.035910760029887696, "accepted": false}, {"proposal": 5, "retry": 1, "learning_rate": 5e-05, "kl": 0.020377661528980698, "accepted": false}, {"proposal": 5, "retry": 2, "learning_rate": 2.5e-05, "kl": 0.01759647027895696, "accepted": true}, {"proposal": 6, "retry": 0, "learning_rate": 0.0001, "kl": 0.04007019348661793, "accepted": false}, {"proposal": 6, "retry": 1, "learning_rate": 5e-05, "kl": 0.015271262935990935, "accepted": true}, {"proposal": 7, "retry": 0, "learning_rate": 0.0001, "kl": 0.06023719094735297, "accepted": false}, {"proposal": 7, "retry": 1, "learning_rate": 5e-05, "kl": 0.029778982532879087, "accepted": false}, {"proposal": 7, "retry": 2, "learning_rate": 2.5e-05, "kl": 0.02052383346410319, "accepted": false}, {"proposal": 7, "retry": 3, "learning_rate": 1.25e-05, "kl": 0.01739623808179569, "accepted": true}, {"proposal": 8, "retry": 0, "learning_rate": 0.0001, "kl": 0.0323244410486393, "accepted": false}, {"proposal": 8, "retry": 1, "learning_rate": 5e-05, "kl": 0.021403534824746384, "accepted": false}, {"proposal": 8, "retry": 2, "learning_rate": 2.5e-05, "kl": 0.018533928460388004, "accepted": true}, {"proposal": 9, "retry": 0, "learning_rate": 0.0001, "kl": 0.028349479189726197, "accepted": false}, {"proposal": 9, "retry": 1, "learning_rate": 5e-05, "kl": 0.017754180256180026, "accepted": true}, {"proposal": 10, "retry": 0, "learning_rate": 0.0001, "kl": 0.030270970502972824, "accepted": false}, {"proposal": 10, "retry": 1, "learning_rate": 5e-05, "kl": 0.01870980446886774, "accepted": true}, {"proposal": 11, "retry": 0, "learning_rate": 0.0001, "kl": 0.03006804099750479, "accepted": false}, {"proposal": 11, "retry": 1, "learning_rate": 5e-05, "kl": 0.019604755388710565, "accepted": true}, {"proposal": 12, "retry": 0, "learning_rate": 0.0001, "kl": 0.0487254134641434, "accepted": false}, {"proposal": 12, "retry": 1, "learning_rate": 5e-05, "kl": 0.021748240060307667, "accepted": false}, {"proposal": 12, "retry": 2, "learning_rate": 2.5e-05, "kl": 0.01758497618506232, "accepted": true}, {"proposal": 13, "retry": 0, "learning_rate": 0.0001, "kl": 0.07705936119874403, "accepted": false}, {"proposal": 13, "retry": 1, "learning_rate": 5e-05, "kl": 0.029309996846621517, "accepted": false}, {"proposal": 13, "retry": 2, "learning_rate": 2.5e-05, "kl": 0.01896911212066134, "accepted": true}, {"proposal": 14, "retry": 0, "learning_rate": 0.0001, "kl": 0.0440787475047751, "accepted": false}, {"proposal": 14, "retry": 1, "learning_rate": 5e-05, "kl": 0.022556385840456245, "accepted": false}, {"proposal": 14, "retry": 2, "learning_rate": 2.5e-05, "kl": 0.018525681843461893, "accepted": true}, {"proposal": 15, "retry": 0, "learning_rate": 0.0001, "kl": 0.02897768465885675, "accepted": false}, {"proposal": 15, "retry": 1, "learning_rate": 5e-05, "kl": 0.012106200390580838, "accepted": true}, {"proposal": 16, "retry": 0, "learning_rate": 0.0001, "kl": 0.06181766952750315, "accepted": false}, {"proposal": 16, "retry": 1, "learning_rate": 5e-05, "kl": 0.023696535177519757, "accepted": false}, {"proposal": 16, "retry": 2, "learning_rate": 2.5e-05, "kl": 0.014569209919695238, "accepted": true}, {"proposal": 17, "retry": 0, "learning_rate": 0.0001, "kl": 0.03729908988115141, "accepted": false}, {"proposal": 17, "retry": 1, "learning_rate": 5e-05, "kl": 0.019115400107759077, "accepted": true}, {"proposal": 18, "retry": 0, "learning_rate": 0.0001, "kl": 0.03908810641396529, "accepted": false}, {"proposal": 18, "retry": 1, "learning_rate": 5e-05, "kl": 0.021398842550417727, "accepted": false}, {"proposal": 18, "retry": 2, "learning_rate": 2.5e-05, "kl": 0.01833722538972953, "accepted": true}, {"proposal": 19, "retry": 0, "learning_rate": 0.0001, "kl": 0.04521684417654191, "accepted": false}, {"proposal": 19, "retry": 1, "learning_rate": 5e-05, "kl": 0.020154028908158747, "accepted": false}, {"proposal": 19, "retry": 2, "learning_rate": 2.5e-05, "kl": 0.016349371226905447, "accepted": true}, {"proposal": 20, "retry": 0, "learning_rate": 0.0001, "kl": 0.05419149550133261, "accepted": false}, {"proposal": 20, "retry": 1, "learning_rate": 5e-05, "kl": 0.022076947596836583, "accepted": false}, {"proposal": 20, "retry": 2, "learning_rate": 2.5e-05, "kl": 0.015930585006957453, "accepted": true}], "consecutive_zero_accepted_updates": 0, "empirical_kl_scope": "Mean whole-actor KL on the fixed collected rollout; no bound on physical motion or unseen states.", "normalizer_policy_kl": 0.0, "normalizer_policy_kl_samples": 128, "normalizer_policy_kl_scope": "Same current observations and weights, before/after statistics update; reporting only", "update": 220, "transitions": 675840, "episodes": 637, "optimizer_steps": 806, "discriminator_steps": 4400, "reward": 0.4930656850337982, "task_reward": 0.45967480540275574, "style_reward": 0.033390872180461884, "action_std": 0.10039036720991135, "raw_action_abs_mean": 0.8722629547119141, "raw_action_clip_fraction": 0.5549225807189941, "return_mean": 42.68395233154297, "return_std": 2.7200863361358643, "explained_variance": -0.09782266616821289, "terminated": 1, "truncated": 0, "elapsed_s": 67.36797840101644, "transitions_per_s": 10032.065916791753, "allocation_new_transitions": 61440, "allocation_new_transitions_per_s": 912.0059924356138}
PAPER_TASK {"schema": "canonical_paper_walking_task_v1", "reward_version": "canonical_quiet_quadratic_log_tail_v2", "controls_completed": 480, "command_draws": 433, "zero_command_draws": 65, "zero_draw_fraction": 0.15011547344110854, "remaining_controls": [54, 88, 76, 101, 157, 54, 47, 32, 206, 168, 95, 87, 18, 60, 184, 106, 76, 54, 243, 61, 32, 76, 161, 55, 27, 79, 138, 104, 151, 166, 164, 179, 171, 140, 167, 208, 56, 104, 108, 163, 123, 126, 82, 30, 113, 121, 129, 41, 23, 164, 5, 53, 173, 27, 224, 112, 51, 109, 111, 90, 3, 226, 36, 45, 57, 15, 65, 1, 134, 127, 96, 121, 184, 18, 195, 103, 57, 98, 149, 25, 172, 42, 102, 18, 189, 6, 9, 22, 55, 51, 71, 74, 100, 41, 5, 65, 49, 16, 101, 137, 130, 16, 89, 239, 17, 211, 170, 241, 104, 112, 83, 79, 212, 102, 20, 105, 151, 31, 145, 88, 56, 48, 67, 108, 85, 59, 122, 176], "commands": [[-4.5924256971943795e-18, -0.02500000037252903, 0.0], [0.0, 0.0, 0.0], [1.5308084623338832e-18, 0.02500000037252903, 0.0], [-9.184851394388759e-18, -0.05000000074505806, 0.0], [0.01767767034471035, -0.01767767034471035, 0.0], [0.0353553406894207, 0.0353553406894207, 0.0], [-0.0353553406894207, -0.0353553406894207, 0.0], [-0.0353553406894207, 0.0353553406894207, 0.0], [3.0616169246677665e-18, 0.05000000074505806, 0.0], [-4.5924256971943795e-18, -0.02500000037252903, 0.0], [-0.05000000074505806, 6.123233849335533e-18, 0.0], [0.05000000074505806, 0.0, 0.0], [-0.0353553406894207, -0.0353553406894207, 0.0], [1.5308084623338832e-18, 0.02500000037252903, 0.0], [0.0, 0.0, 0.20000000298023224], [0.0353553406894207, -0.0353553406894207, 0.0], [-0.02500000037252903, 3.0616169246677665e-18, 0.0], [0.0, 0.0, 0.20000000298023224], [-0.0353553406894207, -0.0353553406894207, 0.0], [-0.01767767034471035, -0.01767767034471035, 0.0], [0.01767767034471035, 0.01767767034471035, 0.0], [0.0, 0.0, 0.20000000298023224], [0.0, 0.0, -0.20000000298023224], [-4.5924256971943795e-18, -0.02500000037252903, 0.0], [0.0, 0.0, 0.0], [0.02500000037252903, 0.0, 0.0], [0.0353553406894207, -0.0353553406894207, 0.0], [0.03999999910593033, 0.0, -0.15000000596046448], [-9.184851394388759e-18, -0.05000000074505806, 0.0], [0.0353553406894207, -0.0353553406894207, 0.0], [1.5308084623338832e-18, 0.02500000037252903, 0.0], [0.0, 0.0, 0.0], [-0.0353553406894207, -0.0353553406894207, 0.0], [-0.05000000074505806, 6.123233849335533e-18, 0.0], [-0.0353553406894207, 0.0353553406894207, 0.0], [0.0353553406894207, -0.0353553406894207, 0.0], [0.01767767034471035, -0.01767767034471035, 0.0], [0.0, 0.0, 0.0], [0.0353553406894207, 0.0353553406894207, 0.0], [0.0, 0.0, 0.0], [0.02500000037252903, 0.0, 0.0], [0.03999999910593033, 0.0, -0.15000000596046448], [0.0353553406894207, -0.0353553406894207, 0.0], [0.0, 0.0, 0.20000000298023224], [0.0, 0.0, -0.20000000298023224], [0.03999999910593033, 0.0, -0.15000000596046448], [-0.01767767034471035, 0.01767767034471035, 0.0], [0.0, 0.0, 0.20000000298023224], [1.5308084623338832e-18, 0.02500000037252903, 0.0], [0.03999999910593033, 0.0, -0.15000000596046448], [0.05000000074505806, 0.0, 0.0], [0.0, 0.0, 0.0], [0.03999999910593033, 0.0, 0.15000000596046448], [0.0, 0.0, 0.0], [1.5308084623338832e-18, 0.02500000037252903, 0.0], [0.0, 0.0, 0.0], [0.01767767034471035, -0.01767767034471035, 0.0], [0.03999999910593033, 0.0, -0.15000000596046448], [0.0, 0.0, 0.0], [0.0, 0.0, 0.0], [3.0616169246677665e-18, 0.05000000074505806, 0.0], [0.05000000074505806, 0.0, 0.0], [-0.0353553406894207, -0.0353553406894207, 0.0], [1.5308084623338832e-18, 0.02500000037252903, 0.0], [0.03999999910593033, 0.0, -0.15000000596046448], [-0.02500000037252903, 3.0616169246677665e-18, 0.0], [0.03999999910593033, 0.0, -0.15000000596046448], [1.5308084623338832e-18, 0.02500000037252903, 0.0], [0.0, 0.0, -0.20000000298023224], [0.05000000074505806, 0.0, 0.0], [0.0, 0.0, 0.0], [-0.01767767034471035, 0.01767767034471035, 0.0], [0.03999999910593033, 0.0, 0.15000000596046448], [-9.184851394388759e-18, -0.05000000074505806, 0.0], [0.01767767034471035, -0.01767767034471035, 0.0], [0.01767767034471035, 0.01767767034471035, 0.0], [-0.01767767034471035, 0.01767767034471035, 0.0], [1.5308084623338832e-18, 0.02500000037252903, 0.0], [-0.01767767034471035, -0.01767767034471035, 0.0], [0.01767767034471035, 0.01767767034471035, 0.0], [0.0, 0.0, 0.0], [1.5308084623338832e-18, 0.02500000037252903, 0.0], [0.01767767034471035, 0.01767767034471035, 0.0], [0.01767767034471035, 0.01767767034471035, 0.0], [0.0353553406894207, 0.0353553406894207, 0.0], [-0.01767767034471035, -0.01767767034471035, 0.0], [0.0, 0.0, 0.0], [0.0353553406894207, -0.0353553406894207, 0.0], [-0.01767767034471035, 0.01767767034471035, 0.0], [3.0616169246677665e-18, 0.05000000074505806, 0.0], [0.0353553406894207, 0.0353553406894207, 0.0], [3.0616169246677665e-18, 0.05000000074505806, 0.0], [-0.0353553406894207, -0.0353553406894207, 0.0], [-0.01767767034471035, -0.01767767034471035, 0.0], [-0.01767767034471035, -0.01767767034471035, 0.0], [0.01767767034471035, -0.01767767034471035, 0.0], [0.01767767034471035, -0.01767767034471035, 0.0], [0.03999999910593033, 0.0, 0.15000000596046448], [0.0, 0.0, 0.0], [-0.05000000074505806, 6.123233849335533e-18, 0.0], [0.0353553406894207, -0.0353553406894207, 0.0], [-0.02500000037252903, 3.0616169246677665e-18, 0.0], [0.0, 0.0, -0.20000000298023224], [0.05000000074505806, 0.0, 0.0], [-0.0353553406894207, -0.0353553406894207, 0.0], [0.0, 0.0, 0.0], [0.0, 0.0, 0.20000000298023224], [-0.05000000074505806, 6.123233849335533e-18, 0.0], [0.01767767034471035, 0.01767767034471035, 0.0], [0.0353553406894207, 0.0353553406894207, 0.0], [-9.184851394388759e-18, -0.05000000074505806, 0.0], [-0.02500000037252903, 3.0616169246677665e-18, 0.0], [0.03999999910593033, 0.0, 0.15000000596046448], [0.0, 0.0, 0.0], [0.03999999910593033, 0.0, -0.15000000596046448], [0.03999999910593033, 0.0, -0.15000000596046448], [-0.02500000037252903, 3.0616169246677665e-18, 0.0], [-0.05000000074505806, 6.123233849335533e-18, 0.0], [0.0, 0.0, -0.20000000298023224], [-0.02500000037252903, 3.0616169246677665e-18, 0.0], [-0.01767767034471035, 0.01767767034471035, 0.0], [-9.184851394388759e-18, -0.05000000074505806, 0.0], [0.0, 0.0, -0.20000000298023224], [0.0, 0.0, 0.0], [3.0616169246677665e-18, 0.05000000074505806, 0.0], [0.0, 0.0, 0.0], [-9.184851394388759e-18, -0.05000000074505806, 0.0], [-0.0353553406894207, -0.0353553406894207, 0.0]], "stage2_complete": false, "proximity": {"checks": 1006, "minimum_sphere_gap_m": 0.99067622423172, "failure": null, "collision_filter_present": false}, "cumulative_metrics": {"environment_controls": 61440, "signed_navigation_velocity_error_mps": [-0.0013247178867459297, -0.0007048665429465473], "absolute_navigation_velocity_error_mps": [0.03022557683289051, 0.027863549068570137], "achieved_planar_speed_mps": 0.03324754908680916, "requested_planar_speed_mps": 0.02855200693011284, "signed_command_direction_speed_mps": 0.0009364347788505256, "moving_command_rows": 46311, "signed_yaw_error_rad_s": -0.014898192137479782, "absolute_yaw_error_rad_s": 0.10847242176532745, "requested_saturation_fraction": 0.01757609099149704, "terminations": 14, "truncations": 0, "zero_command_rows": 9565, "nonfoot_event_rows": 0, "moving_signed_command_direction_speed_mps": 0.001242351333411637, "nonfoot_event_fraction": 0.0, "task_reward_sum": 25762.582255469286, "task_reward_mean": 0.4193128622309454, "reward_components": {"linear_tracking": {"sum": 16557.375069522, "absolute_sum": 16557.375069522, "mean": 0.269488526522168, "mean_absolute": 0.269488526522168}, "yaw_tracking": {"sum": 13645.911251033176, "absolute_sum": 13645.911251033176, "mean": 0.22210142010145142, "mean_absolute": 0.22210142010145142}, "quiet_joint_rate": {"sum": -2927.747813105583, "absolute_sum": 2927.747813105583, "mean": -0.047652145395598686, "mean_absolute": 0.047652145395598686}, "quiet_target_motion": {"sum": -1115.2173617482185, "absolute_sum": 1115.2173617482185, "mean": -0.018151324247204077, "mean_absolute": 0.018151324247204077}, "tilt": {"sum": -17.866691311612506, "absolute_sum": 17.866691311612506, "mean": -0.00029079901223327646, "mean_absolute": 0.00029079901223327646}, "roll_pitch_rate": {"sum": -6.365268031424634, "absolute_sum": 6.365268031424634, "mean": -0.00010360136769896866, "mean_absolute": 0.00010360136769896866}, "vertical_velocity": {"sum": -3.465741343526815, "absolute_sum": 3.465741343526815, "mean": -5.640855051313176e-05, "mean_absolute": 5.640855051313176e-05}, "height": {"sum": -162.51694517912418, "absolute_sum": 162.51694517912418, "mean": -0.0026451325712748075, "mean_absolute": 0.0026451325712748075}, "effort": {"sum": -79.82523688940273, "absolute_sum": 79.82523688940273, "mean": -0.0012992388816634559, "mean_absolute": 0.0012992388816634559}, "target_motion": {"sum": -99.69901829039009, "absolute_sum": 99.69901829039009, "mean": -0.0016227053758201512, "mean_absolute": 0.0016227053758201512}, "nonfoot_contact": {"sum": 0.0, "absolute_sum": 0.0, "mean": 0.0, "mean_absolute": 0.0}, "termination": {"sum": -28.0, "absolute_sum": 28.0, "mean": -0.0004557291666666667, "mean_absolute": 0.0004557291666666667}}, "command_classes": {"zero": {"environment_controls": 9565, "time_fraction": 0.15568033854166666, "task_reward_mean": 0.22998800961472585, "reward_component_means": {"linear_tracking": 0.4210245348380855, "yaw_tracking": 0.2374416780051623, "quiet_joint_rate": -0.30608968249927687, "quiet_target_motion": -0.11659355585449227, "tilt": -0.0002974641298421336, "roll_pitch_rate": -0.00012624814905210904, "vertical_velocity": -7.014167781114229e-05, "height": -0.0022730449622640225, "effort": -0.0012821091237174354, "target_motion": -0.0017459563864627792, "nonfoot_contact": 0.0, "termination": 0.0}, "reward_component_mean_absolute": {"linear_tracking": 0.4210245348380855, "yaw_tracking": 0.2374416780051623, "quiet_joint_rate": 0.30608968249927687, "quiet_target_motion": 0.11659355585449227, "tilt": 0.0002974641298421336, "roll_pitch_rate": 0.00012624814905210904, "vertical_velocity": 7.014167781114229e-05, "height": 0.0022730449622640225, "effort": 0.0012821091237174354, "target_motion": 0.0017459563864627792, "nonfoot_contact": 0.0, "termination": 0.0}, "requested_planar_speed_mps": 0.0, "moving_command_rows": 0, "moving_signed_command_direction_speed_mps": null, "nonfoot_event_fraction": 0.0}, "linear_0.025": {"environment_controls": 20263, "time_fraction": 0.32980143229166664, "task_reward_mean": 0.5558041529860149, "reward_component_means": {"linear_tracking": 0.3223828462266302, "yaw_tracking": 0.23964569609333883, "quiet_joint_rate": 0.0, "quiet_target_motion": 0.0, "tilt": -0.000214519261027664, "roll_pitch_rate": -9.039389016321876e-05, "vertical_velocity": -5.352397061013216e-05, "height": -0.0029319397512508516, "effort": -0.0012812826575658014, "target_motion": -0.0015540281907989735, "nonfoot_contact": 0.0, "termination": -9.870206780832058e-05}, "reward_component_mean_absolute": {"linear_tracking": 0.3223828462266302, "yaw_tracking": 0.23964569609333883, "quiet_joint_rate": 0.0, "quiet_target_motion": 0.0, "tilt": 0.000214519261027664, "roll_pitch_rate": 9.039389016321876e-05, "vertical_velocity": 5.352397061013216e-05, "height": 0.0029319397512508516, "effort": 0.0012812826575658014, "target_motion": 0.0015540281907989735, "nonfoot_contact": 0.0, "termination": 9.870206780832058e-05}, "requested_planar_speed_mps": 0.02500000037252903, "moving_command_rows": 20263, "moving_signed_command_direction_speed_mps": 0.0008659790456235299, "nonfoot_event_fraction": 0.0}, "linear_0.05": {"environment_controls": 20574, "time_fraction": 0.33486328125, "task_reward_mean": 0.35686917338693025, "reward_component_means": {"linear_tracking": 0.12113243794433463, "yaw_tracking": 0.2423029789455972, "quiet_joint_rate": 0.0, "quiet_target_motion": 0.0, "tilt": -0.0003849509162168293, "roll_pitch_rate": -0.00010591586010519778, "vertical_velocity": -5.047921760893577e-05, "height": -0.0025125808398714965, "effort": -0.0013127657937620687, "target_motion": -0.001616290595837504, "nonfoot_contact": 0.0, "termination": -0.0005832604257801109}, "reward_component_mean_absolute": {"linear_tracking": 0.12113243794433463, "yaw_tracking": 0.2423029789455972, "quiet_joint_rate": 0.0, "quiet_target_motion": 0.0, "tilt": 0.0003849509162168293, "roll_pitch_rate": 0.00010591586010519778, "vertical_velocity": 5.047921760893577e-05, "height": 0.0025125808398714965, "effort": 0.0013127657937620687, "target_motion": 0.001616290595837504, "nonfoot_contact": 0.0, "termination": 0.0005832604257801109}, "requested_planar_speed_mps": 0.05000000074505806, "moving_command_rows": 20574, "moving_signed_command_direction_speed_mps": 0.0013029270333876255, "nonfoot_event_fraction": 0.0}, "yaw": {"environment_controls": 5564, "time_fraction": 0.09055989583333333, "task_reward_mean": 0.5610247493593412, "reward_component_means": {"linear_tracking": 0.4474829103051211, "yaw_tracking": 0.12069130051616415, "quiet_joint_rate": 0.0, "quiet_target_motion": 0.0, "tilt": -0.00025028258795939797, "roll_pitch_rate": -9.682618639301582e-05, "vertical_velocity": -5.625127392627575e-05, "height": -0.0027768682105316334, "effort": -0.0012738998929530815, "target_motion": -0.0016169729083587122, "nonfoot_contact": 0.0, "termination": -0.0010783608914450035}, "reward_component_mean_absolute": {"linear_tracking": 0.4474829103051211, "yaw_tracking": 0.12069130051616415, "quiet_joint_rate": 0.0, "quiet_target_motion": 0.0, "tilt": 0.00025028258795939797, "roll_pitch_rate": 9.682618639301582e-05, "vertical_velocity": 5.625127392627575e-05, "height": 0.0027768682105316334, "effort": 0.0012738998929530815, "target_motion": 0.0016169729083587122, "nonfoot_contact": 0.0, "termination": 0.0010783608914450035}, "requested_planar_speed_mps": 0.0, "moving_command_rows": 0, "moving_signed_command_direction_speed_mps": null, "nonfoot_event_fraction": 0.0}, "arc": {"environment_controls": 5474, "time_fraction": 0.08909505208333333, "task_reward_mean": 0.33553513205165053, "reward_component_means": {"linear_tracking": 0.1855787521923768, "yaw_tracking": 0.1575032839013185, "quiet_joint_rate": 0.0, "quiet_target_motion": 0.0, "tilt": -0.00024882912930540894, "roll_pitch_rate": -0.00011110692043639537, "vertical_velocity": -6.553497763574861e-05, "height": -0.0025979251027692277, "effort": -0.001370553559652518, "target_motion": -0.0016915002270451822, "nonfoot_contact": 0.0, "termination": -0.0014614541468761417}, "reward_component_mean_absolute": {"linear_tracking": 0.1855787521923768, "yaw_tracking": 0.1575032839013185, "quiet_joint_rate": 0.0, "quiet_target_motion": 0.0, "tilt": 0.00024882912930540894, "roll_pitch_rate": 0.00011110692043639537, "vertical_velocity": 6.553497763574861e-05, "height": 0.0025979251027692277, "effort": 0.001370553559652518, "target_motion": 0.0016915002270451822, "nonfoot_contact": 0.0, "termination": 0.0014614541468761417}, "requested_planar_speed_mps": 0.03999999910593033, "moving_command_rows": 5474, "moving_signed_command_direction_speed_mps": 0.0024078879092509554, "nonfoot_event_fraction": 0.0}, "other": {"environment_controls": 0, "time_fraction": 0.0, "task_reward_mean": null, "reward_component_means": {"linear_tracking": null, "yaw_tracking": null, "quiet_joint_rate": null, "quiet_target_motion": null, "tilt": null, "roll_pitch_rate": null, "vertical_velocity": null, "height": null, "effort": null, "target_motion": null, "nonfoot_contact": null, "termination": null}, "reward_component_mean_absolute": {"linear_tracking": null, "yaw_tracking": null, "quiet_joint_rate": null, "quiet_target_motion": null, "tilt": null, "roll_pitch_rate": null, "vertical_velocity": null, "height": null, "effort": null, "target_motion": null, "nonfoot_contact": null, "termination": null}, "requested_planar_speed_mps": null, "moving_command_rows": 0, "moving_signed_command_direction_speed_mps": null, "nonfoot_event_fraction": null}}, "zero_hold_joint_rate_rms_rad_s": [0.4199664280424985, 0.6391711422811849, 0.4162495928106842, 0.37784368864902296, 0.8203897059712448, 1.160068925144767, 0.4901561886195148, 0.6190371891310198, 0.796550157744941, 0.4536189319027548, 0.6550331613393519, 0.7171436276198735, 0.4032869384181246, 0.6325204202387185, 0.7122508613952028, 0.38151178420137505, 0.6464177765617275, 1.0473600889429544], "zero_hold_worst_joint_rate_rms_rad_s": 1.160068925144767, "zero_hold_all_joint_rate_rms_rad_s": 0.6690465943620483, "diagnostic_scope": "Time-weighted 50Hz control endpoints; nonfoot events use each control's maximum 400Hz body/coxa/femur floor force >1N. These are reporting metrics, not Stage2 admission.", "termination_reasons": {"rows": {"height": 0, "tilt": 0, "joint_limit": 14, "timeout": 0}, "multiple_physical_reason_rows": 0, "unattributed_termination_rows": 0, "termination_flag_mismatch_rows": 0, "scope": "Counts returned terminal rows with each measured predicate; reasons may overlap. Timeout counts returned truncations separately."}, "actual_target_slew": {"environment_controls": 61298, "excluded_first_or_reset_rows": 142, "limit_rad_per_control": 0.04, "occupancy_tolerance_rad": 2e-06, "by_joint": {"lf_coxa_yaw": {"at_limit_rows": 17108, "at_limit_fraction": 0.27909556592384743, "beyond_limit_rows": 0}, "lf_femur_pitch": {"at_limit_rows": 6683, "at_limit_fraction": 0.10902476426637084, "beyond_limit_rows": 0}, "lf_tibia_pitch": {"at_limit_rows": 15213, "at_limit_fraction": 0.2481810173251982, "beyond_limit_rows": 0}, "lm_coxa_yaw": {"at_limit_rows": 22985, "at_limit_fraction": 0.3749714509445659, "beyond_limit_rows": 0}, "lm_femur_pitch": {"at_limit_rows": 9220, "at_limit_fraction": 0.1504127377728474, "beyond_limit_rows": 0}, "lm_tibia_pitch": {"at_limit_rows": 10802, "at_limit_fraction": 0.17622108388528174, "beyond_limit_rows": 0}, "lr_coxa_yaw": {"at_limit_rows": 20919, "at_limit_fraction": 0.3412672517863552, "beyond_limit_rows": 0}, "lr_femur_pitch": {"at_limit_rows": 8944, "at_limit_fraction": 0.14591014388723939, "beyond_limit_rows": 0}, "lr_tibia_pitch": {"at_limit_rows": 12249, "at_limit_fraction": 0.1998270742927991, "beyond_limit_rows": 0}, "rf_coxa_yaw": {"at_limit_rows": 16926, "at_limit_fraction": 0.2761264641587001, "beyond_limit_rows": 0}, "rf_femur_pitch": {"at_limit_rows": 9554, "at_limit_fraction": 0.1558615289242716, "beyond_limit_rows": 0}, "rf_tibia_pitch": {"at_limit_rows": 9232, "at_limit_fraction": 0.15060850272439558, "beyond_limit_rows": 0}, "rm_coxa_yaw": {"at_limit_rows": 16929, "at_limit_fraction": 0.27617540539658714, "beyond_limit_rows": 0}, "rm_femur_pitch": {"at_limit_rows": 9335, "at_limit_fraction": 0.15228881855851742, "beyond_limit_rows": 0}, "rm_tibia_pitch": {"at_limit_rows": 9051, "at_limit_fraction": 0.1476557147052106, "beyond_limit_rows": 0}, "rr_coxa_yaw": {"at_limit_rows": 17406, "at_limit_fraction": 0.2839570622206271, "beyond_limit_rows": 0}, "rr_femur_pitch": {"at_limit_rows": 11092, "at_limit_fraction": 0.18095207021436263, "beyond_limit_rows": 0}, "rr_tibia_pitch": {"at_limit_rows": 12058, "at_limit_fraction": 0.19671114881399065, "beyond_limit_rows": 0}}}}, "interval_metrics": {"environment_controls": 3072, "signed_navigation_velocity_error_mps": [-0.002320163417607546, 0.0009338049567304552], "absolute_navigation_velocity_error_mps": [0.02731437049806118, 0.025096021592617035], "achieved_planar_speed_mps": 0.027318820357322693, "requested_planar_speed_mps": 0.02844238094985485, "signed_command_direction_speed_mps": -0.0004079529317095876, "moving_command_rows": 2328, "signed_yaw_error_rad_s": 0.0017564044101163745, "absolute_yaw_error_rad_s": 0.0973786935210228, "requested_saturation_fraction": 0.0067635998129844666, "terminations": 1, "truncations": 0, "zero_command_rows": 457, "nonfoot_event_rows": 0, "moving_signed_command_direction_speed_mps": -0.0005383295977026137, "nonfoot_event_fraction": 0.0, "task_reward_sum": 1412.1209886444267, "task_reward_mean": 0.4596748009910243, "reward_components": {"linear_tracking": {"sum": 901.0995054912394, "absolute_sum": 901.0995054912394, "mean": 0.29332666194376283, "mean_absolute": 0.29332666194376283}, "yaw_tracking": {"sum": 698.9330260788192, "absolute_sum": 698.9330260788192, "mean": 0.22751726109336565, "mean_absolute": 0.22751726109336565}, "quiet_joint_rate": {"sum": -116.23511431366205, "absolute_sum": 116.23511431366205, "mean": -0.037836951273978535, "mean_absolute": 0.037836951273978535}, "quiet_target_motion": {"sum": -50.38436995446682, "absolute_sum": 50.38436995446682, "mean": -0.016401162094553, "mean_absolute": 0.016401162094553}, "tilt": {"sum": -0.29800559992334286, "absolute_sum": 0.29800559992334286, "mean": -9.70070312250465e-05, "mean_absolute": 9.70070312250465e-05}, "roll_pitch_rate": {"sum": -0.10103566094619976, "absolute_sum": 0.10103566094619976, "mean": -3.288921254759107e-05, "mean_absolute": 3.288921254759107e-05}, "vertical_velocity": {"sum": -0.03896336324445715, "absolute_sum": 0.03896336324445715, "mean": -1.2683386472805061e-05, "mean_absolute": 1.2683386472805061e-05}, "height": {"sum": -11.741144265713093, "absolute_sum": 11.741144265713093, "mean": -0.003821987065661814, "mean_absolute": 0.003821987065661814}, "effort": {"sum": -3.2513523159141187, "absolute_sum": 3.2513523159141187, "mean": -0.001058382915336627, "mean_absolute": 0.001058382915336627}, "target_motion": {"sum": -3.8615599110053154, "absolute_sum": 3.8615599110053154, "mean": -0.0012570182001970427, "mean_absolute": 0.0012570182001970427}, "nonfoot_contact": {"sum": 0.0, "absolute_sum": 0.0, "mean": 0.0, "mean_absolute": 0.0}, "termination": {"sum": -2.0, "absolute_sum": 2.0, "mean": -0.0006510416666666666, "mean_absolute": 0.0006510416666666666}}, "command_classes": {"zero": {"environment_controls": 457, "time_fraction": 0.14876302083333334, "task_reward_mean": 0.36861931173797263, "reward_component_means": {"linear_tracking": 0.49960289632135296, "yaw_tracking": 0.23996602973013736, "quiet_joint_rate": -0.2543437949970723, "quiet_target_motion": -0.11025026248242192, "tilt": -3.2203871623521755e-05, "roll_pitch_rate": -2.205219093649404e-05, "vertical_velocity": -2.1267660301975347e-05, "height": -0.004005079589614681, "effort": -0.0010530951258260757, "target_motion": -0.001221860566187173, "nonfoot_contact": 0.0, "termination": 0.0}, "reward_component_mean_absolute": {"linear_tracking": 0.49960289632135296, "yaw_tracking": 0.23996602973013736, "quiet_joint_rate": 0.2543437949970723, "quiet_target_motion": 0.11025026248242192, "tilt": 3.2203871623521755e-05, "roll_pitch_rate": 2.205219093649404e-05, "vertical_velocity": 2.1267660301975347e-05, "height": 0.004005079589614681, "effort": 0.0010530951258260757, "target_motion": 0.001221860566187173, "nonfoot_contact": 0.0, "termination": 0.0}, "requested_planar_speed_mps": 0.0, "moving_command_rows": 0, "moving_signed_command_direction_speed_mps": null, "nonfoot_event_fraction": 0.0}, "linear_0.025": {"environment_controls": 1033, "time_fraction": 0.3362630208333333, "task_reward_mean": 0.5857706329319176, "reward_component_means": {"linear_tracking": 0.34582376681210925, "yaw_tracking": 0.24619136600481614, "quiet_joint_rate": 0.0, "quiet_target_motion": 0.0, "tilt": -6.361064613496795e-05, "roll_pitch_rate": -2.596227872791093e-05, "vertical_velocity": -7.635165161716782e-06, "height": -0.003885553768014786, "effort": -0.0010213251039137864, "target_motion": -0.0012404132818490798, "nonfoot_contact": 0.0, "termination": 0.0}, "reward_component_mean_absolute": {"linear_tracking": 0.34582376681210925, "yaw_tracking": 0.24619136600481614, "quiet_joint_rate": 0.0, "quiet_target_motion": 0.0, "tilt": 6.361064613496795e-05, "roll_pitch_rate": 2.596227872791093e-05, "vertical_velocity": 7.635165161716782e-06, "height": 0.003885553768014786, "effort": 0.0010213251039137864, "target_motion": 0.0012404132818490798, "nonfoot_contact": 0.0, "termination": 0.0}, "requested_planar_speed_mps": 0.02500000037252903, "moving_command_rows": 1033, "moving_signed_command_direction_speed_mps": -0.0006113882561055705, "nonfoot_event_fraction": 0.0}, "linear_0.05": {"environment_controls": 975, "time_fraction": 0.3173828125, "task_reward_mean": 0.35737276270603524, "reward_component_means": {"linear_tracking": 0.11415307956029135, "yaw_tracking": 0.24943968549484197, "quiet_joint_rate": 0.0, "quiet_target_motion": 0.0, "tilt": -0.0001801882918639436, "roll_pitch_rate": -4.8981152944572694e-05, "vertical_velocity": -1.8390796606478862e-05, "height": -0.0035517112265348316, "effort": -0.0011054352508523524, "target_motion": -0.0013152964122575494, "nonfoot_contact": 0.0, "termination": 0.0}, "reward_component_mean_absolute": {"linear_tracking": 0.11415307956029135, "yaw_tracking": 0.24943968549484197, "quiet_joint_rate": 0.0, "quiet_target_motion": 0.0, "tilt": 0.0001801882918639436, "roll_pitch_rate": 4.8981152944572694e-05, "vertical_velocity": 1.8390796606478862e-05, "height": 0.0035517112265348316, "effort": 0.0011054352508523524, "target_motion": 0.0013152964122575494, "nonfoot_contact": 0.0, "termination": 0.0}, "requested_planar_speed_mps": 0.05000000074505806, "moving_command_rows": 975, "moving_signed_command_direction_speed_mps": -0.000564469560167009, "nonfoot_event_fraction": 0.0}, "yaw": {"environment_controls": 287, "time_fraction": 0.09342447916666667, "task_reward_mean": 0.5883758594233296, "reward_component_means": {"linear_tracking": 0.47073562863811796, "yaw_tracking": 0.13087823666804163, "quiet_joint_rate": 0.0, "quiet_target_motion": 0.0, "tilt": -1.1976928491644654e-05, "roll_pitch_rate": -2.0385382511690964e-05, "vertical_velocity": -3.097369740333675e-06, "height": -0.0040840497102510535, "effort": -0.0009828553079117984, "target_motion": -0.0011669985258599698, "nonfoot_contact": 0.0, "termination": -0.006968641114982578}, "reward_component_mean_absolute": {"linear_tracking": 0.47073562863811796, "yaw_tracking": 0.13087823666804163, "quiet_joint_rate": 0.0, "quiet_target_motion": 0.0, "tilt": 1.1976928491644654e-05, "roll_pitch_rate": 2.0385382511690964e-05, "vertical_velocity": 3.097369740333675e-06, "height": 0.0040840497102510535, "effort": 0.0009828553079117984, "target_motion": 0.0011669985258599698, "nonfoot_contact": 0.0, "termination": 0.006968641114982578}, "requested_planar_speed_mps": 0.0, "moving_command_rows": 0, "moving_signed_command_direction_speed_mps": null, "nonfoot_event_fraction": 0.0}, "arc": {"environment_controls": 320, "time_fraction": 0.10416666666666667, "task_reward_mean": 0.37893307521444514, "reward_component_means": {"linear_tracking": 0.21607703989077578, "yaw_tracking": 0.1693347566499142, "quiet_joint_rate": 0.0, "quiet_target_motion": 0.0, "tilt": -0.00012018021902976406, "roll_pitch_rate": -3.291108393898845e-05, "vertical_velocity": -7.927953336276001e-06, "height": -0.003943766056832487, "effort": -0.001109938025365409, "target_motion": -0.0012640004163586127, "nonfoot_contact": 0.0, "termination": 0.0}, "reward_component_mean_absolute": {"linear_tracking": 0.21607703989077578, "yaw_tracking": 0.1693347566499142, "quiet_joint_rate": 0.0, "quiet_target_motion": 0.0, "tilt": 0.00012018021902976406, "roll_pitch_rate": 3.291108393898845e-05, "vertical_velocity": 7.927953336276001e-06, "height": 0.003943766056832487, "effort": 0.001109938025365409, "target_motion": 0.0012640004163586127, "nonfoot_contact": 0.0, "termination": 0.0}, "requested_planar_speed_mps": 0.03999999910593033, "moving_command_rows": 320, "moving_signed_command_direction_speed_mps": -0.0002228419179118646, "nonfoot_event_fraction": 0.0}, "other": {"environment_controls": 0, "time_fraction": 0.0, "task_reward_mean": null, "reward_component_means": {"linear_tracking": null, "yaw_tracking": null, "quiet_joint_rate": null, "quiet_target_motion": null, "tilt": null, "roll_pitch_rate": null, "vertical_velocity": null, "height": null, "effort": null, "target_motion": null, "nonfoot_contact": null, "termination": null}, "reward_component_mean_absolute": {"linear_tracking": null, "yaw_tracking": null, "quiet_joint_rate": null, "quiet_target_motion": null, "tilt": null, "roll_pitch_rate": null, "vertical_velocity": null, "height": null, "effort": null, "target_motion": null, "nonfoot_contact": null, "termination": null}, "requested_planar_speed_mps": null, "moving_command_rows": 0, "moving_signed_command_direction_speed_mps": null, "nonfoot_event_fraction": null}}, "zero_hold_joint_rate_rms_rad_s": [0.3592200043838891, 0.22240456480831425, 0.4217222078345008, 0.3196788478543702, 0.3716342179784811, 0.8370665672645173, 0.3689048650921138, 0.4030837875762259, 0.5462804549097579, 0.3295460148502955, 0.3111337115907404, 0.3493286355195482, 0.3219383825039493, 0.2713966614518935, 0.18308251533623385, 0.32472820956781295, 0.3989624887796447, 0.9701489761606221], "zero_hold_worst_joint_rate_rms_rad_s": 0.9701489761606221, "zero_hold_all_joint_rate_rms_rad_s": 0.4495919472101498, "diagnostic_scope": "Time-weighted 50Hz control endpoints; nonfoot events use each control's maximum 400Hz body/coxa/femur floor force >1N. These are reporting metrics, not Stage2 admission.", "termination_reasons": {"rows": {"height": 0, "tilt": 0, "joint_limit": 1, "timeout": 0}, "multiple_physical_reason_rows": 0, "unattributed_termination_rows": 0, "termination_flag_mismatch_rows": 0, "scope": "Counts returned terminal rows with each measured predicate; reasons may overlap. Timeout counts returned truncations separately."}, "actual_target_slew": {"environment_controls": 3071, "excluded_first_or_reset_rows": 1, "limit_rad_per_control": 0.04, "occupancy_tolerance_rad": 2e-06, "by_joint": {"lf_coxa_yaw": {"at_limit_rows": 1036, "at_limit_fraction": 0.3373493975903614, "beyond_limit_rows": 0}, "lf_femur_pitch": {"at_limit_rows": 38, "at_limit_fraction": 0.012373819602735266, "beyond_limit_rows": 0}, "lf_tibia_pitch": {"at_limit_rows": 572, "at_limit_fraction": 0.18625854770433084, "beyond_limit_rows": 0}, "lm_coxa_yaw": {"at_limit_rows": 1104, "at_limit_fraction": 0.35949202214262455, "beyond_limit_rows": 0}, "lm_femur_pitch": {"at_limit_rows": 93, "at_limit_fraction": 0.03028329534353631, "beyond_limit_rows": 0}, "lm_tibia_pitch": {"at_limit_rows": 140, "at_limit_fraction": 0.045587756431129924, "beyond_limit_rows": 0}, "lr_coxa_yaw": {"at_limit_rows": 1088, "at_limit_fraction": 0.3542819928362097, "beyond_limit_rows": 0}, "lr_femur_pitch": {"at_limit_rows": 139, "at_limit_fraction": 0.045262129599479, "beyond_limit_rows": 0}, "lr_tibia_pitch": {"at_limit_rows": 332, "at_limit_fraction": 0.10810810810810811, "beyond_limit_rows": 0}, "rf_coxa_yaw": {"at_limit_rows": 1038, "at_limit_fraction": 0.3380006512536633, "beyond_limit_rows": 0}, "rf_femur_pitch": {"at_limit_rows": 109, "at_limit_fraction": 0.035493324649951155, "beyond_limit_rows": 0}, "rf_tibia_pitch": {"at_limit_rows": 97, "at_limit_fraction": 0.03158580267014002, "beyond_limit_rows": 0}, "rm_coxa_yaw": {"at_limit_rows": 1074, "at_limit_fraction": 0.34972321719309674, "beyond_limit_rows": 0}, "rm_femur_pitch": {"at_limit_rows": 103, "at_limit_fraction": 0.03353956366004559, "beyond_limit_rows": 0}, "rm_tibia_pitch": {"at_limit_rows": 68, "at_limit_fraction": 0.022142624552263106, "beyond_limit_rows": 0}, "rr_coxa_yaw": {"at_limit_rows": 1057, "at_limit_fraction": 0.34418756105503095, "beyond_limit_rows": 0}, "rr_femur_pitch": {"at_limit_rows": 233, "at_limit_fraction": 0.07587105177466623, "beyond_limit_rows": 0}, "rr_tibia_pitch": {"at_limit_rows": 257, "at_limit_fraction": 0.08368609573428851, "beyond_limit_rows": 0}}}}}
