time="2026-09-10T11:17:09-05:00" level=warning msg="No services to build"
time="2026-09-10T11:17:09-05:00" level=warning msg="No services to build"
 Container hexapod-reference-physics-20313565991e403dafd6ea2015c9bbea Creating 
 Container hexapod-reference-physics-20313565991e403dafd6ea2015c9bbea Created 
The '--headless' CLI argument is deprecated. Omit '--viz' for default headless. If config visualizers are enabled and you want to force headless, use '--viz none'.
Loading user config located at: '/isaac-sim/kit/data/Kit/IsaacLab/3.0/user.config.json'
2026-09-10T16:17:10Z [0ms] [Warning] [omni.ext.plugin] [ext: isaaclab_visualizers] Extensions config 'extension.toml' doesn't exist '/workspace/isaaclab/source/isaaclab_visualizers' or '/workspace/isaaclab/source/isaaclab_visualizers/config'
2026-09-10T16:17:10Z [0ms] [Warning] [omni.ext.plugin] [ext: initial_constant] Extensions config 'extension.toml' doesn't exist '/output/initial_constant' or '/output/initial_constant/config'
2026-09-10T16:17:10Z [0ms] [Warning] [omni.ext.plugin] [ext: logs] Extensions config 'extension.toml' doesn't exist '/output/logs' or '/output/logs/config'
2026-09-10T16:17:10Z [0ms] [Warning] [omni.ext.plugin] [ext: jobs] Extensions config 'extension.toml' doesn't exist '/output/jobs' or '/output/jobs/config'
2026-09-10T16:17:10Z [0ms] [Warning] [omni.ext.plugin] [ext: standing] Extensions config 'extension.toml' doesn't exist '/output/standing' or '/output/standing/config'
2026-09-10T16:17:10Z [0ms] [Warning] [omni.ext.plugin] [ext: initial_stop] Extensions config 'extension.toml' doesn't exist '/output/initial_stop' or '/output/initial_stop/config'
2026-09-10T16:17:10Z [110ms] [Warning] [carb.omniclient.plugin]  45: OmniHub: ThreadId(02) Hub encountered error. Trying to reconnect to Hub. retry_reason="Hub failed to launch: Io(\"child exited with exit status: 1 without writing file \\\"/tmp/hub-ubuntu-5AF77873.config.json\\\"\")"
2026-09-10T16:17:10Z [183ms] [Warning] [carb.omniclient.plugin]  45: OmniHub: ThreadId(02) Hub encountered error. Trying to reconnect to Hub. retry_reason="Hub failed to launch: Io(\"child exited with exit status: 1 without writing file \\\"/tmp/hub-ubuntu-5AF77873.config.json\\\"\")"
2026-09-10T16:17:10Z [266ms] [Warning] [carb.omniclient.plugin]  45: OmniHub: ThreadId(02) Hub encountered error. Trying to reconnect to Hub. retry_reason="Hub failed to launch: Io(\"child exited with exit status: 1 without writing file \\\"/tmp/hub-ubuntu-5AF77873.config.json\\\"\")"
2026-09-10T16:17:10Z [358ms] [Warning] [carb.omniclient.plugin]  45: OmniHub: ThreadId(02) Hub encountered error. Trying to reconnect to Hub. retry_reason="Hub failed to launch: Io(\"child exited with exit status: 1 without writing file \\\"/tmp/hub-ubuntu-5AF77873.config.json\\\"\")"
2026-09-10T16:17:10Z [460ms] [Warning] [carb.omniclient.plugin]  45: OmniHub: ThreadId(02) Hub encountered error. Trying to reconnect to Hub. retry_reason="Hub failed to launch: Io(\"child exited with exit status: 1 without writing file \\\"/tmp/hub-ubuntu-5AF77873.config.json\\\"\")"
2026-09-10T16:17:10Z [572ms] [Warning] [carb.omniclient.plugin]  45: OmniHub: ThreadId(02) Hub encountered error. Trying to reconnect to Hub. retry_reason="Hub failed to launch: Io(\"child exited with exit status: 1 without writing file \\\"/tmp/hub-ubuntu-5AF77873.config.json\\\"\")"
2026-09-10T16:17:10Z [694ms] [Warning] [carb.omniclient.plugin]  45: OmniHub: ThreadId(02) Hub encountered error. Trying to reconnect to Hub. retry_reason="Hub failed to launch: Io(\"child exited with exit status: 1 without writing file \\\"/tmp/hub-ubuntu-5AF77873.config.json\\\"\")"
2026-09-10T16:17:10Z [826ms] [Warning] [carb.omniclient.plugin]  45: OmniHub: ThreadId(02) Hub encountered error. Trying to reconnect to Hub. retry_reason="Hub failed to launch: Io(\"child exited with exit status: 1 without writing file \\\"/tmp/hub-ubuntu-5AF77873.config.json\\\"\")"
2026-09-10T16:17:11Z [968ms] [Warning] [carb.omniclient.plugin]  45: OmniHub: ThreadId(02) Hub encountered error. Trying to reconnect to Hub. retry_reason="Hub failed to launch: Io(\"child exited with exit status: 1 without writing file \\\"/tmp/hub-ubuntu-5AF77873.config.json\\\"\")"
2026-09-10T16:17:11Z [1,121ms] [Warning] [carb.omniclient.plugin]  45: OmniHub: ThreadId(02) Hub encountered error. Trying to reconnect to Hub. retry_reason="Hub failed to launch: Io(\"child exited with exit status: 1 without writing file \\\"/tmp/hub-ubuntu-5AF77873.config.json\\\"\")"
2026-09-10T16:17:11Z [1,285ms] [Warning] [carb.omniclient.plugin]  45: OmniHub: ThreadId(02) Hub encountered error. Trying to reconnect to Hub. retry_reason="Hub failed to launch: Io(\"child exited with exit status: 1 without writing file \\\"/tmp/hub-ubuntu-5AF77873.config.json\\\"\")"
2026-09-10T16:17:11Z [1,456ms] [Warning] [carb.omniclient.plugin]  45: OmniHub: ThreadId(02) Hub encountered error. Trying to reconnect to Hub. retry_reason="Hub failed to launch: Io(\"child exited with exit status: 1 without writing file \\\"/tmp/hub-ubuntu-5AF77873.config.json\\\"\")"
2026-09-10T16:17:11Z [1,639ms] [Warning] [carb.omniclient.plugin]  45: OmniHub: ThreadId(02) Hub encountered error. Trying to reconnect to Hub. retry_reason="Hub failed to launch: Io(\"child exited with exit status: 1 without writing file \\\"/tmp/hub-ubuntu-5AF77873.config.json\\\"\")"
2026-09-10T16:17:11Z [1,832ms] [Warning] [carb.omniclient.plugin]  45: OmniHub: ThreadId(02) Hub encountered error. Trying to reconnect to Hub. retry_reason="Hub failed to launch: Io(\"child exited with exit status: 1 without writing file \\\"/tmp/hub-ubuntu-5AF77873.config.json\\\"\")"
2026-09-10T16:17:12Z [2,034ms] [Warning] [carb.omniclient.plugin]  45: OmniHub: ThreadId(02) Hub encountered error. Trying to reconnect to Hub. retry_reason="Hub failed to launch: Io(\"child exited with exit status: 1 without writing file \\\"/tmp/hub-ubuntu-5AF77873.config.json\\\"\")"
2026-09-10T16:17:12Z [2,248ms] [Warning] [carb.omniclient.plugin]  45: OmniHub: ThreadId(02) Hub encountered error. Trying to reconnect to Hub. retry_reason="Hub failed to launch: Io(\"child exited with exit status: 1 without writing file \\\"/tmp/hub-ubuntu-5AF77873.config.json\\\"\")"
2026-09-10T16:17:12Z [2,470ms] [Warning] [carb.omniclient.plugin]  45: OmniHub: ThreadId(02) Hub encountered error. Trying to reconnect to Hub. retry_reason="Hub failed to launch: Io(\"child exited with exit status: 1 without writing file \\\"/tmp/hub-ubuntu-5AF77873.config.json\\\"\")"
2026-09-10T16:17:12Z [2,703ms] [Warning] [carb.omniclient.plugin]  45: OmniHub: ThreadId(02) Hub encountered error. Trying to reconnect to Hub. retry_reason="Hub failed to launch: Io(\"child exited with exit status: 1 without writing file \\\"/tmp/hub-ubuntu-5AF77873.config.json\\\"\")"
2026-09-10T16:17:12Z [2,946ms] [Warning] [carb.omniclient.plugin]  45: OmniHub: ThreadId(02) Hub encountered error. Trying to reconnect to Hub. retry_reason="Hub failed to launch: Io(\"child exited with exit status: 1 without writing file \\\"/tmp/hub-ubuntu-5AF77873.config.json\\\"\")"
2026-09-10T16:17:13Z [3,200ms] [Warning] [carb.omniclient.plugin]  45: OmniHub: ThreadId(02) Hub encountered error. Trying to reconnect to Hub. retry_reason="Hub failed to launch: Io(\"child exited with exit status: 1 without writing file \\\"/tmp/hub-ubuntu-5AF77873.config.json\\\"\")"
2026-09-10T16:17:13Z [3,463ms] [Warning] [carb.omniclient.plugin]  45: OmniHub: ThreadId(02) Hub encountered error. Trying to reconnect to Hub. retry_reason="Hub failed to launch: Io(\"child exited with exit status: 1 without writing file \\\"/tmp/hub-ubuntu-5AF77873.config.json\\\"\")"
2026-09-10T16:17:13Z [3,735ms] [Warning] [carb.omniclient.plugin]  45: OmniHub: ThreadId(02) Hub encountered error. Trying to reconnect to Hub. retry_reason="Hub failed to launch: Io(\"child exited with exit status: 1 without writing file \\\"/tmp/hub-ubuntu-5AF77873.config.json\\\"\")"
2026-09-10T16:17:14Z [4,018ms] [Warning] [carb.omniclient.plugin]  45: OmniHub: ThreadId(02) Hub encountered error. Trying to reconnect to Hub. retry_reason="Hub failed to launch: Io(\"child exited with exit status: 1 without writing file \\\"/tmp/hub-ubuntu-5AF77873.config.json\\\"\")"
2026-09-10T16:17:14Z [4,310ms] [Warning] [carb.omniclient.plugin]  45: OmniHub: ThreadId(02) Hub encountered error. Trying to reconnect to Hub. retry_reason="Hub failed to launch: Io(\"child exited with exit status: 1 without writing file \\\"/tmp/hub-ubuntu-5AF77873.config.json\\\"\")"
2026-09-10T16:17:14Z [4,614ms] [Warning] [carb.omniclient.plugin]  45: OmniHub: ThreadId(02) Hub encountered error. Trying to reconnect to Hub. retry_reason="Hub failed to launch: Io(\"child exited with exit status: 1 without writing file \\\"/tmp/hub-ubuntu-5AF77873.config.json\\\"\")"
2026-09-10T16:17:14Z [4,925ms] [Warning] [carb.omniclient.plugin]  45: OmniHub: ThreadId(02) Hub encountered error. Trying to reconnect to Hub. retry_reason="Hub failed to launch: Io(\"child exited with exit status: 1 without writing file \\\"/tmp/hub-ubuntu-5AF77873.config.json\\\"\")"
2026-09-10T16:17:15Z [5,249ms] [Warning] [carb.omniclient.plugin]  45: OmniHub: ThreadId(02) Hub encountered error. Trying to reconnect to Hub. retry_reason="Hub failed to launch: Io(\"child exited with exit status: 1 without writing file \\\"/tmp/hub-ubuntu-5AF77873.config.json\\\"\")"
2026-09-10T16:17:15Z [5,581ms] [Warning] [carb.omniclient.plugin]  45: OmniHub: ThreadId(02) Hub encountered error. Trying to reconnect to Hub. retry_reason="Hub failed to launch: Io(\"child exited with exit status: 1 without writing file \\\"/tmp/hub-ubuntu-5AF77873.config.json\\\"\")"
2026-09-10T16:17:15Z [5,924ms] [Warning] [carb.omniclient.plugin]  45: OmniHub: ThreadId(02) Hub encountered error. Trying to reconnect to Hub. retry_reason="Hub failed to launch: Io(\"child exited with exit status: 1 without writing file \\\"/tmp/hub-ubuntu-5AF77873.config.json\\\"\")"
2026-09-10T16:17:16Z [6,277ms] [Warning] [carb.omniclient.plugin]  45: OmniHub: ThreadId(02) Hub encountered error. Trying to reconnect to Hub. retry_reason="Hub failed to launch: Io(\"child exited with exit status: 1 without writing file \\\"/tmp/hub-ubuntu-5AF77873.config.json\\\"\")"
2026-09-10T16:17:16Z [6,639ms] [Warning] [carb.omniclient.plugin]  45: OmniHub: ThreadId(02) Hub encountered error. Trying to reconnect to Hub. retry_reason="Hub failed to launch: Io(\"child exited with exit status: 1 without writing file \\\"/tmp/hub-ubuntu-5AF77873.config.json\\\"\")"
2026-09-10T16:17:17Z [7,013ms] [Warning] [carb.omniclient.plugin]  45: OmniHub: ThreadId(02) Hub encountered error. Trying to reconnect to Hub. retry_reason="Hub failed to launch: Io(\"child exited with exit status: 1 without writing file \\\"/tmp/hub-ubuntu-5AF77873.config.json\\\"\")"
2026-09-10T16:17:17Z [7,396ms] [Warning] [carb.omniclient.plugin]  45: OmniHub: ThreadId(02) Hub encountered error. Trying to reconnect to Hub. retry_reason="Hub failed to launch: Io(\"child exited with exit status: 1 without writing file \\\"/tmp/hub-ubuntu-5AF77873.config.json\\\"\")"
2026-09-10T16:17:17Z [7,789ms] [Warning] [carb.omniclient.plugin]  45: OmniHub: ThreadId(02) Hub encountered error. Trying to reconnect to Hub. retry_reason="Hub failed to launch: Io(\"child exited with exit status: 1 without writing file \\\"/tmp/hub-ubuntu-5AF77873.config.json\\\"\")"
2026-09-10T16:17:18Z [8,192ms] [Warning] [carb.omniclient.plugin]  45: OmniHub: ThreadId(02) Hub encountered error. Trying to reconnect to Hub. retry_reason="Hub failed to launch: Io(\"child exited with exit status: 1 without writing file \\\"/tmp/hub-ubuntu-5AF77873.config.json\\\"\")"
2026-09-10T16:17:18Z [8,604ms] [Warning] [carb.omniclient.plugin]  45: OmniHub: ThreadId(02) Hub encountered error. Trying to reconnect to Hub. retry_reason="Hub failed to launch: Io(\"child exited with exit status: 1 without writing file \\\"/tmp/hub-ubuntu-5AF77873.config.json\\\"\")"
2026-09-10T16:17:19Z [9,027ms] [Warning] [carb.omniclient.plugin]  45: OmniHub: ThreadId(02) Hub encountered error. Trying to reconnect to Hub. retry_reason="Hub failed to launch: Io(\"child exited with exit status: 1 without writing file \\\"/tmp/hub-ubuntu-5AF77873.config.json\\\"\")"
2026-09-10T16:17:19Z [9,460ms] [Warning] [carb.omniclient.plugin]  45: OmniHub: ThreadId(02) Hub encountered error. Trying to reconnect to Hub. retry_reason="Hub failed to launch: Io(\"child exited with exit status: 1 without writing file \\\"/tmp/hub-ubuntu-5AF77873.config.json\\\"\")"
2026-09-10T16:17:19Z [9,901ms] [Warning] [carb.omniclient.plugin]  45: OmniHub: ThreadId(02) Hub encountered error. Trying to reconnect to Hub. retry_reason="Hub failed to launch: Io(\"child exited with exit status: 1 without writing file \\\"/tmp/hub-ubuntu-5AF77873.config.json\\\"\")"
WARNING: All log messages before absl::InitializeLog() is called are written to STDERR
E0000 00:00:1789057040.409231      11 descriptor_database.cc:633] File already exists in database: grpc/health/v1/health.proto
W0000 00:00:1789057040.409257      11 message.cc:301] Protobuf GeneratedMessageFactory: File is already registered: grpc/health/v1/health.proto
2026-09-10T16:17:20Z [10,373ms] [Warning] [omni.usd_config.extension] Enable omni.materialx.libs extension to use MaterialX
/workspace/isaaclab/_isaac_sim/kit/python/lib/python3.12/site-packages/torch/cuda/__init__.py:435: UserWarning: 
    Found GPU0 NVIDIA GB10 which is of cuda capability 12.1.
    Minimum and Maximum cuda capability supported by this version of PyTorch is
    (8.0) - (12.0)
    
  queued_call()
[ISAACLAB] AppLauncher initialization complete
REFERENCE_SCREEN_APP_READY
2026-09-10T16:17:24Z [14,200ms] [Warning] [isaaclab_physx.physics.physx_manager] TGS solver with enable_external_forces_every_iteration=False may cause noisy velocities.
[INFO]: Base environment:
	Environment device    : cuda:0
	Environment seed      : 157
	Physics step-size     : 0.0025
	Rendering step-size   : 0.02
	Environment step-size : 0.02
[INFO]: Registered backend 'physx' for factory Articulation.
[INFO]: Registered backend 'physx' for factory ContactSensor.
[INFO]: Time taken for scene creation Last: 1.477581 s, Mean: 1.477581 s, Std: 0.000000 s, N: 1
[INFO]: Scene manager:  <class InteractiveScene>
	Number of environments: 1024
	Environment spacing   : 2.0
	Source prim name      : /World/envs/env_0
	Global prim paths     : []
	Replicate physics     : True
[INFO]: Starting the simulation. This may take a few seconds. Please wait...
2026-09-10T16:17:28Z [18,932ms] [Warning] [usdrt.population.plugin] Last global time was not created. Did you call setEnableUsdNoticeHandling?
[INFO]: Simulation parameters for joints in /World/envs/env_.*/Robot:
+-------------------------------------------------------------------------------------------------------------------------------------------------------------------+
|                                                 Simulation Joint Information (Prim path: /World/envs/env_.*/Robot)                                                |
+-------+--------------+-----------+---------+----------+-----------------+------------------+------------------+-----------------+-----------------+---------------+
| Index | Name         | Stiffness | Damping | Armature | Static Friction | Dynamic Friction | Viscous Friction | Position Limits | Velocity Limits | Effort Limits |
+-------+--------------+-----------+---------+----------+-----------------+------------------+------------------+-----------------+-----------------+---------------+
|   0   | revolute_1_1 |   0.000   |  0.000  |  0.001   |      0.010      |      0.010       |      0.002       | [-0.873, 0.873] |      55.292     |     5.500     |
|   1   | revolute_1_7 |   0.000   |  0.000  |  0.001   |      0.010      |      0.010       |      0.002       | [-0.873, 0.873] |      55.292     |     5.500     |
|   2   | revolute_2_5 |   0.000   |  0.000  |  0.001   |      0.010      |      0.010       |      0.002       | [-0.873, 0.873] |      55.292     |     5.500     |
|   3   | revolute_3   |   0.000   |  0.000  |  0.001   |      0.010      |      0.010       |      0.002       | [-0.873, 0.873] |      55.292     |     5.500     |
|   4   | revolute_4   |   0.000   |  0.000  |  0.001   |      0.010      |      0.010       |      0.002       | [-0.873, 0.873] |      55.292     |     5.500     |
|   5   | revolute_5   |   0.000   |  0.000  |  0.001   |      0.010      |      0.010       |      0.002       | [-0.873, 0.873] |      55.292     |     5.500     |
|   6   | revolute_1   |   0.000   |  0.000  |  0.001   |      0.010      |      0.010       |      0.002       |  [0.000, 1.745] |      55.292     |     5.500     |
|   7   | revolute_1_6 |   0.000   |  0.000  |  0.001   |      0.010      |      0.010       |      0.002       |  [0.000, 1.745] |      55.292     |     5.500     |
|   8   | revolute_1_5 |   0.000   |  0.000  |  0.001   |      0.010      |      0.010       |      0.002       |  [0.000, 1.745] |      55.292     |     5.500     |
|   9   | revolute_1_3 |   0.000   |  0.000  |  0.001   |      0.010      |      0.010       |      0.002       |  [0.000, 1.745] |      55.292     |     5.500     |
|   10  | revolute_1_4 |   0.000   |  0.000  |  0.001   |      0.010      |      0.010       |      0.002       |  [0.000, 1.745] |      55.292     |     5.500     |
|   11  | revolute_1_2 |   0.000   |  0.000  |  0.001   |      0.010      |      0.010       |      0.002       |  [0.000, 1.745] |      55.292     |     5.500     |
|   12  | revolute_2   |   0.000   |  0.000  |  0.001   |      0.010      |      0.010       |      0.002       |  [0.000, 2.531] |      55.292     |     5.500     |
|   13  | revolute_2_6 |   0.000   |  0.000  |  0.001   |      0.010      |      0.010       |      0.002       |  [0.000, 2.531] |      55.292     |     5.500     |
|   14  | revolute_2_4 |   0.000   |  0.000  |  0.001   |      0.010      |      0.010       |      0.002       |  [0.000, 2.531] |      55.292     |     5.500     |
|   15  | revolute_2_2 |   0.000   |  0.000  |  0.001   |      0.010      |      0.010       |      0.002       |  [0.000, 2.531] |      55.292     |     5.500     |
|   16  | revolute_2_3 |   0.000   |  0.000  |  0.001   |      0.010      |      0.010       |      0.002       |  [0.000, 2.531] |      55.292     |     5.500     |
|   17  | revolute_2_1 |   0.000   |  0.000  |  0.001   |      0.010      |      0.010       |      0.002       |  [0.000, 2.531] |      55.292     |     5.500     |
+-------+--------------+-----------+---------+----------+-----------------+------------------+------------------+-----------------+-----------------+---------------+
[INFO]: Time taken for simulation start Last: 8.608484 s, Mean: 8.608484 s, Std: 0.000000 s, N: 1
[INFO]: Completed setting up the environment...
--------------------------------------------------------------------------------
Resolved observation sets: 
	 actor :  ['policy']
	 critic :  ['critic']
--------------------------------------------------------------------------------
Actor Model: MLPModel(
  (obs_normalizer): EmpiricalNormalization()
  (distribution): GaussianDistribution()
  (mlp): MLP(
    (0): Linear(in_features=315, out_features=256, bias=True)
    (1): ELU(alpha=1.0)
    (2): Linear(in_features=256, out_features=256, bias=True)
    (3): ELU(alpha=1.0)
    (4): Linear(in_features=256, out_features=128, bias=True)
    (5): ELU(alpha=1.0)
    (6): Linear(in_features=128, out_features=18, bias=True)
  )
)
Critic Model: MLPModel(
  (obs_normalizer): EmpiricalNormalization()
  (mlp): MLP(
    (0): Linear(in_features=318, out_features=256, bias=True)
    (1): ELU(alpha=1.0)
    (2): Linear(in_features=256, out_features=256, bias=True)
    (3): ELU(alpha=1.0)
    (4): Linear(in_features=256, out_features=128, bias=True)
    (5): ELU(alpha=1.0)
    (6): Linear(in_features=128, out_features=1, bias=True)
  )
)
Could not find git repository in /workspace/isaaclab/_isaac_sim/kit/python/lib/python3.12/site-packages/rsl_rl/__init__.py. Skipping.
################################################################################
[1m                          Learning iteration 1847/1897                          [0m 

                            Total steps: 24576 
                       Steps per second: 11255 
                        Collection time: 1.960s 
                          Learning time: 0.224s 
                        Mean value loss: 0.2812
                    Mean surrogate loss: 0.0099
                      Mean entropy loss: -15.9046
                Mean caps_temporal loss: 0.0000
                 Mean caps_spatial loss: 0.0000
                Mean caps_weighted loss: 0.0000
     Mean caps_valid_pair_fraction loss: 0.0000
                            Mean reward: 0.40
                    Mean episode length: 11.71
                        Mean action std: 0.10
                   Omni/linear_tracking: 0.6299
                      Omni/yaw_tracking: 0.4582
                   Omni/linear_progress: 0.0490
                      Omni/yaw_progress: 0.0243
                 Omni/vertical_velocity: 0.0085
                   Omni/roll_pitch_rate: 0.0433
                              Omni/tilt: 0.0001
                            Omni/height: 0.0000
                            Omni/torque: 0.4962
                     Omni/torque_excess: 0.0744
               Omni/worst_torque_excess: 0.7529
                        Omni/saturation: 0.1039
                    Omni/positive_power: 2.6312
                       Omni/action_rate: 4.1779
                Omni/joint_acceleration: 64422.1992
                              Omni/slip: 0.0065
                           Omni/nonfoot: 0.0000
                      Omni/joint_limits: 0.0000
                           Omni/airtime: -0.0025
                     Omni/stand_posture: 0.0025
              Omni/stand_joint_velocity: 0.8000
             Omni/stand_target_velocity: 3.2664
                  Omni/stand_raw_action: 0.1754
                      Omni/terminations: 0.0000
--------------------------------------------------------------------------------
                         Iteration time: 2.18s
                           Time elapsed: 00:00:02
                                    ETA: 00:01:46

################################################################################
[1m                          Learning iteration 1848/1897                          [0m 

                            Total steps: 49152 
                       Steps per second: 13101 
                        Collection time: 1.779s 
                          Learning time: 0.097s 
                        Mean value loss: 0.0265
                    Mean surrogate loss: -0.0101
                      Mean entropy loss: -15.9059
                Mean caps_temporal loss: 0.0000
                 Mean caps_spatial loss: 0.0000
                Mean caps_weighted loss: 0.0000
     Mean caps_valid_pair_fraction loss: 0.0000
                            Mean reward: 1.26
                    Mean episode length: 26.12
                        Mean action std: 0.10
                   Omni/linear_tracking: 0.6255
                      Omni/yaw_tracking: 0.5454
                   Omni/linear_progress: 0.0968
                      Omni/yaw_progress: 0.0732
                 Omni/vertical_velocity: 0.0026
                   Omni/roll_pitch_rate: 0.0636
                              Omni/tilt: 0.0003
                            Omni/height: 0.0000
                            Omni/torque: 0.5396
                     Omni/torque_excess: 0.0529
               Omni/worst_torque_excess: 0.6384
                        Omni/saturation: 0.1028
                    Omni/positive_power: 2.6929
                       Omni/action_rate: 5.0279
                Omni/joint_acceleration: 54768.0625
                              Omni/slip: 0.0091
                           Omni/nonfoot: 0.0000
                      Omni/joint_limits: 0.0031
                           Omni/airtime: -0.0074
                     Omni/stand_posture: 0.0096
              Omni/stand_joint_velocity: 0.7207
             Omni/stand_target_velocity: 2.9547
                  Omni/stand_raw_action: 0.3507
                      Omni/terminations: 0.0000
--------------------------------------------------------------------------------
                         Iteration time: 1.88s
                           Time elapsed: 00:00:04
                                    ETA: 00:01:37

################################################################################
[1m                          Learning iteration 1849/1897                          [0m 

                            Total steps: 73728 
                       Steps per second: 13162 
                        Collection time: 1.770s 
                          Learning time: 0.097s 
                        Mean value loss: 0.0292
                    Mean surrogate loss: -0.0060
                      Mean entropy loss: -15.9144
                Mean caps_temporal loss: 0.0000
                 Mean caps_spatial loss: 0.0000
                Mean caps_weighted loss: 0.0000
     Mean caps_valid_pair_fraction loss: 0.0000
                            Mean reward: 1.74
                    Mean episode length: 37.71
                        Mean action std: 0.10
                   Omni/linear_tracking: 0.5777
                      Omni/yaw_tracking: 0.5328
                   Omni/linear_progress: 0.0935
                      Omni/yaw_progress: 0.0982
                 Omni/vertical_velocity: 0.0021
                   Omni/roll_pitch_rate: 0.0735
                              Omni/tilt: 0.0005
                            Omni/height: 0.0000
                            Omni/torque: 0.5368
                     Omni/torque_excess: 0.0496
               Omni/worst_torque_excess: 0.6517
                        Omni/saturation: 0.1065
                    Omni/positive_power: 2.7707
                       Omni/action_rate: 5.0036
                Omni/joint_acceleration: 56648.8750
                              Omni/slip: 0.0075
                           Omni/nonfoot: 0.0000
                      Omni/joint_limits: 0.0059
                           Omni/airtime: -0.0076
                     Omni/stand_posture: 0.0181
              Omni/stand_joint_velocity: 0.7298
             Omni/stand_target_velocity: 2.8314
                  Omni/stand_raw_action: 0.4137
                      Omni/terminations: 0.0000
--------------------------------------------------------------------------------
                         Iteration time: 1.87s
                           Time elapsed: 00:00:05
                                    ETA: 00:01:32

################################################################################
[1m                          Learning iteration 1850/1897                          [0m 

                            Total steps: 98304 
                       Steps per second: 12880 
                        Collection time: 1.825s 
                          Learning time: 0.083s 
                        Mean value loss: 0.0287
                    Mean surrogate loss: -0.0088
                      Mean entropy loss: -15.9204
                Mean caps_temporal loss: 0.0000
                 Mean caps_spatial loss: 0.0000
                Mean caps_weighted loss: 0.0000
     Mean caps_valid_pair_fraction loss: 0.0000
                            Mean reward: 2.35
                    Mean episode length: 54.43
                        Mean action std: 0.10
                   Omni/linear_tracking: 0.5720
                      Omni/yaw_tracking: 0.5526
                   Omni/linear_progress: 0.1063
                      Omni/yaw_progress: 0.0310
                 Omni/vertical_velocity: 0.0019
                   Omni/roll_pitch_rate: 0.0758
                              Omni/tilt: 0.0006
                            Omni/height: 0.0000
                            Omni/torque: 0.5403
                     Omni/torque_excess: 0.0480
               Omni/worst_torque_excess: 0.6369
                        Omni/saturation: 0.1085
                    Omni/positive_power: 2.7570
                       Omni/action_rate: 4.9150
                Omni/joint_acceleration: 56824.6680
                              Omni/slip: 0.0072
                           Omni/nonfoot: 0.0000
                      Omni/joint_limits: 0.0091
                           Omni/airtime: -0.0035
                     Omni/stand_posture: 0.0288
              Omni/stand_joint_velocity: 0.8436
             Omni/stand_target_velocity: 3.1926
                  Omni/stand_raw_action: 0.5048
                      Omni/terminations: 0.0000
--------------------------------------------------------------------------------
                         Iteration time: 1.91s
                           Time elapsed: 00:00:07
                                    ETA: 00:01:30

################################################################################
[1m                          Learning iteration 1851/1897                          [0m 

                            Total steps: 122880 
                       Steps per second: 12880 
                        Collection time: 1.822s 
                          Learning time: 0.085s 
                        Mean value loss: 0.0247
                    Mean surrogate loss: -0.0081
                      Mean entropy loss: -15.9302
                Mean caps_temporal loss: 0.0000
                 Mean caps_spatial loss: 0.0000
                Mean caps_weighted loss: 0.0000
     Mean caps_valid_pair_fraction loss: 0.0000
                            Mean reward: 3.21
                    Mean episode length: 72.64
                        Mean action std: 0.10
                   Omni/linear_tracking: 0.5773
                      Omni/yaw_tracking: 0.5735
                   Omni/linear_progress: 0.1531
                      Omni/yaw_progress: 0.0301
                 Omni/vertical_velocity: 0.0018
                   Omni/roll_pitch_rate: 0.0757
                              Omni/tilt: 0.0006
                            Omni/height: 0.0000
                            Omni/torque: 0.5363
                     Omni/torque_excess: 0.0525
               Omni/worst_torque_excess: 0.6541
                        Omni/saturation: 0.1063
                    Omni/positive_power: 2.7431
                       Omni/action_rate: 4.8049
                Omni/joint_acceleration: 57603.0234
                              Omni/slip: 0.0101
                           Omni/nonfoot: 0.0000
                      Omni/joint_limits: 0.0148
                           Omni/airtime: -0.0029
                     Omni/stand_posture: 0.0304
              Omni/stand_joint_velocity: 0.7886
             Omni/stand_target_velocity: 2.9553
                  Omni/stand_raw_action: 0.4787
                      Omni/terminations: 0.0000
--------------------------------------------------------------------------------
                         Iteration time: 1.91s
                           Time elapsed: 00:00:09
                                    ETA: 00:01:27

################################################################################
[1m                          Learning iteration 1852/1897                          [0m 

                            Total steps: 147456 
                       Steps per second: 12485 
                        Collection time: 1.884s 
                          Learning time: 0.084s 
                        Mean value loss: 0.0231
                    Mean surrogate loss: -0.0083
                      Mean entropy loss: -15.9496
                Mean caps_temporal loss: 0.0000
                 Mean caps_spatial loss: 0.0000
                Mean caps_weighted loss: 0.0000
     Mean caps_valid_pair_fraction loss: 0.0000
                            Mean reward: 3.85
                    Mean episode length: 97.08
                        Mean action std: 0.10
                   Omni/linear_tracking: 0.5302
                      Omni/yaw_tracking: 0.5589
                   Omni/linear_progress: 0.0633
                      Omni/yaw_progress: 0.0267
                 Omni/vertical_velocity: 0.0017
                   Omni/roll_pitch_rate: 0.0830
                              Omni/tilt: 0.0007
                            Omni/height: 0.0000
                            Omni/torque: 0.5333
                     Omni/torque_excess: 0.0468
               Omni/worst_torque_excess: 0.6297
                        Omni/saturation: 0.1047
                    Omni/positive_power: 2.7719
                       Omni/action_rate: 4.8561
                Omni/joint_acceleration: 57388.8359
                              Omni/slip: 0.0077
                           Omni/nonfoot: 0.0000
                      Omni/joint_limits: 0.0153
                           Omni/airtime: -0.0009
                     Omni/stand_posture: 0.0385
              Omni/stand_joint_velocity: 0.8991
             Omni/stand_target_velocity: 3.3855
                  Omni/stand_raw_action: 0.5630
                      Omni/terminations: 0.0000
--------------------------------------------------------------------------------
                         Iteration time: 1.97s
                           Time elapsed: 00:00:11
                                    ETA: 00:01:25

################################################################################
[1m                          Learning iteration 1853/1897                          [0m 

                            Total steps: 172032 
                       Steps per second: 13118 
                        Collection time: 1.787s 
                          Learning time: 0.087s 
                        Mean value loss: 0.0232
                    Mean surrogate loss: -0.0087
                      Mean entropy loss: -15.9722
                Mean caps_temporal loss: 0.0000
                 Mean caps_spatial loss: 0.0000
                Mean caps_weighted loss: 0.0000
     Mean caps_valid_pair_fraction loss: 0.0000
                            Mean reward: 4.60
                    Mean episode length: 118.54
                        Mean action std: 0.10
                   Omni/linear_tracking: 0.5467
                      Omni/yaw_tracking: 0.5852
                   Omni/linear_progress: 0.1082
                      Omni/yaw_progress: 0.1502
                 Omni/vertical_velocity: 0.0017
                   Omni/roll_pitch_rate: 0.0817
                              Omni/tilt: 0.0008
                            Omni/height: 0.0000
                            Omni/torque: 0.5305
                     Omni/torque_excess: 0.0460
               Omni/worst_torque_excess: 0.6279
                        Omni/saturation: 0.1062
                    Omni/positive_power: 2.8044
                       Omni/action_rate: 4.7104
                Omni/joint_acceleration: 56441.9180
                              Omni/slip: 0.0079
                           Omni/nonfoot: 0.0000
                      Omni/joint_limits: 0.0200
                           Omni/airtime: -0.0027
                     Omni/stand_posture: 0.0325
              Omni/stand_joint_velocity: 0.7330
             Omni/stand_target_velocity: 2.7320
                  Omni/stand_raw_action: 0.4660
                      Omni/terminations: 0.0000
--------------------------------------------------------------------------------
                         Iteration time: 1.87s
                           Time elapsed: 00:00:13
                                    ETA: 00:01:23

################################################################################
[1m                          Learning iteration 1854/1897                          [0m 

                            Total steps: 196608 
                       Steps per second: 13319 
                        Collection time: 1.760s 
                          Learning time: 0.085s 
                        Mean value loss: 0.0222
                    Mean surrogate loss: -0.0114
                      Mean entropy loss: -15.9904
                Mean caps_temporal loss: 0.0000
                 Mean caps_spatial loss: 0.0000
                Mean caps_weighted loss: 0.0000
     Mean caps_valid_pair_fraction loss: 0.0000
                            Mean reward: 5.32
                    Mean episode length: 137.63
                        Mean action std: 0.10
                   Omni/linear_tracking: 0.5678
                      Omni/yaw_tracking: 0.5350
                   Omni/linear_progress: 0.1712
                      Omni/yaw_progress: 0.0520
                 Omni/vertical_velocity: 0.0016
                   Omni/roll_pitch_rate: 0.0815
                              Omni/tilt: 0.0006
                            Omni/height: 0.0000
                            Omni/torque: 0.5283
                     Omni/torque_excess: 0.0454
               Omni/worst_torque_excess: 0.6217
                        Omni/saturation: 0.1025
                    Omni/positive_power: 2.8496
                       Omni/action_rate: 4.7511
                Omni/joint_acceleration: 56813.9453
                              Omni/slip: 0.0078
                           Omni/nonfoot: 0.0000
                      Omni/joint_limits: 0.0197
                           Omni/airtime: -0.0023
                     Omni/stand_posture: 0.0334
              Omni/stand_joint_velocity: 0.7179
             Omni/stand_target_velocity: 2.7155
                  Omni/stand_raw_action: 0.4609
                      Omni/terminations: 0.0000
--------------------------------------------------------------------------------
                         Iteration time: 1.85s
                           Time elapsed: 00:00:15
                                    ETA: 00:01:21

################################################################################
[1m                          Learning iteration 1855/1897                          [0m 

                            Total steps: 221184 
                       Steps per second: 12771 
                        Collection time: 1.827s 
                          Learning time: 0.097s 
                        Mean value loss: 0.8373
                    Mean surrogate loss: -0.0067
                      Mean entropy loss: -16.0044
                Mean caps_temporal loss: 0.0000
                 Mean caps_spatial loss: 0.0000
                Mean caps_weighted loss: 0.0000
     Mean caps_valid_pair_fraction loss: 0.0000
                            Mean reward: 6.56
                    Mean episode length: 162.94
                        Mean action std: 0.10
                   Omni/linear_tracking: 0.5652
                      Omni/yaw_tracking: 0.5547
                   Omni/linear_progress: 0.1812
                      Omni/yaw_progress: 0.0802
                 Omni/vertical_velocity: 0.0018
                   Omni/roll_pitch_rate: 0.0848
                              Omni/tilt: 0.0006
                            Omni/height: 0.0000
                            Omni/torque: 0.5291
                     Omni/torque_excess: 0.0455
               Omni/worst_torque_excess: 0.6204
                        Omni/saturation: 0.1033
                    Omni/positive_power: 2.9601
                       Omni/action_rate: 4.6836
                Omni/joint_acceleration: 57745.3984
                              Omni/slip: 0.0085
                           Omni/nonfoot: 0.0000
                      Omni/joint_limits: 0.0229
                           Omni/airtime: -0.0022
                     Omni/stand_posture: 0.0341
              Omni/stand_joint_velocity: 0.7152
             Omni/stand_target_velocity: 2.6470
                  Omni/stand_raw_action: 0.4512
                      Omni/terminations: 0.0000
--------------------------------------------------------------------------------
                         Iteration time: 1.92s
                           Time elapsed: 00:00:17
                                    ETA: 00:01:19

################################################################################
[1m                          Learning iteration 1856/1897                          [0m 

                            Total steps: 245760 
                       Steps per second: 13110 
                        Collection time: 1.777s 
                          Learning time: 0.097s 
                        Mean value loss: 0.1723
                    Mean surrogate loss: -0.0102
                      Mean entropy loss: -16.0076
                Mean caps_temporal loss: 0.0000
                 Mean caps_spatial loss: 0.0000
                Mean caps_weighted loss: 0.0000
     Mean caps_valid_pair_fraction loss: 0.0000
                            Mean reward: 7.51
                    Mean episode length: 188.30
                        Mean action std: 0.10
                   Omni/linear_tracking: 0.5292
                      Omni/yaw_tracking: 0.5655
                   Omni/linear_progress: 0.0891
                      Omni/yaw_progress: 0.0552
                 Omni/vertical_velocity: 0.0016
                   Omni/roll_pitch_rate: 0.0888
                              Omni/tilt: 0.0007
                            Omni/height: 0.0000
                            Omni/torque: 0.5272
                     Omni/torque_excess: 0.0428
               Omni/worst_torque_excess: 0.6030
                        Omni/saturation: 0.1035
                    Omni/positive_power: 2.8031
                       Omni/action_rate: 4.7010
                Omni/joint_acceleration: 57278.1953
                              Omni/slip: 0.0079
                           Omni/nonfoot: 0.0000
                      Omni/joint_limits: 0.0213
                           Omni/airtime: -0.0008
                     Omni/stand_posture: 0.0411
              Omni/stand_joint_velocity: 0.8453
             Omni/stand_target_velocity: 3.1474
                  Omni/stand_raw_action: 0.5434
                      Omni/terminations: 0.0000
--------------------------------------------------------------------------------
                         Iteration time: 1.87s
                           Time elapsed: 00:00:19
                                    ETA: 00:01:16

################################################################################
[1m                          Learning iteration 1857/1897                          [0m 

                            Total steps: 270336 
                       Steps per second: 13289 
                        Collection time: 1.770s 
                          Learning time: 0.079s 
                        Mean value loss: 0.0508
                    Mean surrogate loss: -0.0063
                      Mean entropy loss: -16.0057
                Mean caps_temporal loss: 0.0000
                 Mean caps_spatial loss: 0.0000
                Mean caps_weighted loss: 0.0000
     Mean caps_valid_pair_fraction loss: 0.0000
                            Mean reward: 8.52
                    Mean episode length: 210.13
                        Mean action std: 0.10
                   Omni/linear_tracking: 0.5582
                      Omni/yaw_tracking: 0.5689
                   Omni/linear_progress: 0.1398
                      Omni/yaw_progress: 0.0426
                 Omni/vertical_velocity: 0.0016
                   Omni/roll_pitch_rate: 0.0793
                              Omni/tilt: 0.0006
                            Omni/height: 0.0000
                            Omni/torque: 0.5311
                     Omni/torque_excess: 0.0445
               Omni/worst_torque_excess: 0.6204
                        Omni/saturation: 0.1051
                    Omni/positive_power: 2.8706
                       Omni/action_rate: 4.7054
                Omni/joint_acceleration: 57355.5938
                              Omni/slip: 0.0076
                           Omni/nonfoot: 0.0000
                      Omni/joint_limits: 0.0219
                           Omni/airtime: -0.0015
                     Omni/stand_posture: 0.0386
              Omni/stand_joint_velocity: 0.7743
             Omni/stand_target_velocity: 2.8602
                  Omni/stand_raw_action: 0.4989
                      Omni/terminations: 0.0000
--------------------------------------------------------------------------------
                         Iteration time: 1.85s
                           Time elapsed: 00:00:21
                                    ETA: 00:01:14

################################################################################
[1m                          Learning iteration 1858/1897                          [0m 

                            Total steps: 294912 
                       Steps per second: 13308 
                        Collection time: 1.753s 
                          Learning time: 0.094s 
                        Mean value loss: 0.0730
                    Mean surrogate loss: -0.0064
                      Mean entropy loss: -16.0099
                Mean caps_temporal loss: 0.0000
                 Mean caps_spatial loss: 0.0000
                Mean caps_weighted loss: 0.0000
     Mean caps_valid_pair_fraction loss: 0.0000
                            Mean reward: 9.44
                    Mean episode length: 237.19
                        Mean action std: 0.10
                   Omni/linear_tracking: 0.5430
                      Omni/yaw_tracking: 0.5755
                   Omni/linear_progress: 0.1309
                      Omni/yaw_progress: 0.1364
                 Omni/vertical_velocity: 0.0016
                   Omni/roll_pitch_rate: 0.0857
                              Omni/tilt: 0.0007
                            Omni/height: 0.0000
                            Omni/torque: 0.5267
                     Omni/torque_excess: 0.0439
               Omni/worst_torque_excess: 0.6159
                        Omni/saturation: 0.1038
                    Omni/positive_power: 2.8621
                       Omni/action_rate: 4.7325
                Omni/joint_acceleration: 57055.5625
                              Omni/slip: 0.0079
                           Omni/nonfoot: 0.0000
                      Omni/joint_limits: 0.0213
                           Omni/airtime: -0.0015
                     Omni/stand_posture: 0.0384
              Omni/stand_joint_velocity: 0.7596
             Omni/stand_target_velocity: 2.8094
                  Omni/stand_raw_action: 0.4941
                      Omni/terminations: 0.0000
--------------------------------------------------------------------------------
                         Iteration time: 1.85s
                           Time elapsed: 00:00:22
                                    ETA: 00:01:12

################################################################################
[1m                          Learning iteration 1859/1897                          [0m 

                            Total steps: 319488 
                       Steps per second: 13414 
                        Collection time: 1.745s 
                          Learning time: 0.087s 
                        Mean value loss: 0.0541
                    Mean surrogate loss: -0.0048
                      Mean entropy loss: -16.0162
                Mean caps_temporal loss: 0.0000
                 Mean caps_spatial loss: 0.0000
                Mean caps_weighted loss: 0.0000
     Mean caps_valid_pair_fraction loss: 0.0000
                            Mean reward: 10.06
                    Mean episode length: 258.38
                        Mean action std: 0.10
                   Omni/linear_tracking: 0.5462
                      Omni/yaw_tracking: 0.5674
                   Omni/linear_progress: 0.1625
                      Omni/yaw_progress: 0.0837
                 Omni/vertical_velocity: 0.0016
                   Omni/roll_pitch_rate: 0.0852
                              Omni/tilt: 0.0008
                            Omni/height: 0.0000
                            Omni/torque: 0.5326
                     Omni/torque_excess: 0.0459
               Omni/worst_torque_excess: 0.6208
                        Omni/saturation: 0.1056
                    Omni/positive_power: 2.9026
                       Omni/action_rate: 4.8285
                Omni/joint_acceleration: 57381.8125
                              Omni/slip: 0.0079
                           Omni/nonfoot: 0.0000
                      Omni/joint_limits: 0.0195
                           Omni/airtime: -0.0008
                     Omni/stand_posture: 0.0372
              Omni/stand_joint_velocity: 0.7458
             Omni/stand_target_velocity: 2.7587
                  Omni/stand_raw_action: 0.4842
                      Omni/terminations: 0.0000
--------------------------------------------------------------------------------
                         Iteration time: 1.83s
                           Time elapsed: 00:00:24
                                    ETA: 00:01:10

################################################################################
[1m                          Learning iteration 1860/1897                          [0m 

                            Total steps: 344064 
                       Steps per second: 13015 
                        Collection time: 1.800s 
                          Learning time: 0.088s 
                        Mean value loss: 0.0331
                    Mean surrogate loss: -0.0089
                      Mean entropy loss: -16.0231
                Mean caps_temporal loss: 0.0000
                 Mean caps_spatial loss: 0.0000
                Mean caps_weighted loss: 0.0000
     Mean caps_valid_pair_fraction loss: 0.0000
                            Mean reward: 11.27
                    Mean episode length: 278.65
                        Mean action std: 0.10
                   Omni/linear_tracking: 0.5477
                      Omni/yaw_tracking: 0.5767
                   Omni/linear_progress: 0.1892
                      Omni/yaw_progress: 0.1710
                 Omni/vertical_velocity: 0.0016
                   Omni/roll_pitch_rate: 0.0866
                              Omni/tilt: 0.0010
                            Omni/height: 0.0000
                            Omni/torque: 0.5350
                     Omni/torque_excess: 0.0537
               Omni/worst_torque_excess: 0.6681
                        Omni/saturation: 0.1059
                    Omni/positive_power: 3.0221
                       Omni/action_rate: 4.5523
                Omni/joint_acceleration: 56737.4844
                              Omni/slip: 0.0104
                           Omni/nonfoot: 0.0000
                      Omni/joint_limits: 0.0253
                           Omni/airtime: -0.0021
                     Omni/stand_posture: 0.0310
              Omni/stand_joint_velocity: 0.5954
             Omni/stand_target_velocity: 2.2043
                  Omni/stand_raw_action: 0.3908
                      Omni/terminations: 0.0000
--------------------------------------------------------------------------------
                         Iteration time: 1.89s
                           Time elapsed: 00:00:26
                                    ETA: 00:01:08

################################################################################
[1m                          Learning iteration 1861/1897                          [0m 

                            Total steps: 368640 
                       Steps per second: 13192 
                        Collection time: 1.772s 
                          Learning time: 0.091s 
                        Mean value loss: 0.0660
                    Mean surrogate loss: -0.0070
                      Mean entropy loss: -16.0322
                Mean caps_temporal loss: 0.0000
                 Mean caps_spatial loss: 0.0000
                Mean caps_weighted loss: 0.0000
     Mean caps_valid_pair_fraction loss: 0.0000
                            Mean reward: 12.35
                    Mean episode length: 303.71
                        Mean action std: 0.10
                   Omni/linear_tracking: 0.5564
                      Omni/yaw_tracking: 0.5625
                   Omni/linear_progress: 0.1579
                      Omni/yaw_progress: 0.0231
                 Omni/vertical_velocity: 0.0016
                   Omni/roll_pitch_rate: 0.0846
                              Omni/tilt: 0.0008
                            Omni/height: 0.0000
                            Omni/torque: 0.5307
                     Omni/torque_excess: 0.0449
               Omni/worst_torque_excess: 0.6200
                        Omni/saturation: 0.1045
                    Omni/positive_power: 2.8856
                       Omni/action_rate: 4.7358
                Omni/joint_acceleration: 57629.4180
                              Omni/slip: 0.0091
                           Omni/nonfoot: 0.0000
                      Omni/joint_limits: 0.0220
                           Omni/airtime: -0.0009
                     Omni/stand_posture: 0.0402
              Omni/stand_joint_velocity: 0.7758
             Omni/stand_target_velocity: 2.8863
                  Omni/stand_raw_action: 0.5094
                      Omni/terminations: 0.0000
--------------------------------------------------------------------------------
                         Iteration time: 1.86s
                           Time elapsed: 00:00:28
                                    ETA: 00:01:06

################################################################################
[1m                          Learning iteration 1862/1897                          [0m 

                            Total steps: 393216 
                       Steps per second: 13232 
                        Collection time: 1.759s 
                          Learning time: 0.099s 
                        Mean value loss: 0.0439
                    Mean surrogate loss: -0.0082
                      Mean entropy loss: -16.0439
                Mean caps_temporal loss: 0.0000
                 Mean caps_spatial loss: 0.0000
                Mean caps_weighted loss: 0.0000
     Mean caps_valid_pair_fraction loss: 0.0000
                            Mean reward: 13.41
                    Mean episode length: 337.98
                        Mean action std: 0.10
                   Omni/linear_tracking: 0.5526
                      Omni/yaw_tracking: 0.5668
                   Omni/linear_progress: 0.1615
                      Omni/yaw_progress: 0.0596
                 Omni/vertical_velocity: 0.0016
                   Omni/roll_pitch_rate: 0.0866
                              Omni/tilt: 0.0009
                            Omni/height: 0.0000
                            Omni/torque: 0.5293
                     Omni/torque_excess: 0.0431
               Omni/worst_torque_excess: 0.6087
                        Omni/saturation: 0.1036
                    Omni/positive_power: 2.8679
                       Omni/action_rate: 4.7586
                Omni/joint_acceleration: 57330.5000
                              Omni/slip: 0.0080
                           Omni/nonfoot: 0.0000
                      Omni/joint_limits: 0.0205
                           Omni/airtime: -0.0015
                     Omni/stand_posture: 0.0393
              Omni/stand_joint_velocity: 0.7443
             Omni/stand_target_velocity: 2.7518
                  Omni/stand_raw_action: 0.4903
                      Omni/terminations: 0.0000
--------------------------------------------------------------------------------
                         Iteration time: 1.86s
                           Time elapsed: 00:00:30
                                    ETA: 00:01:04

################################################################################
[1m                          Learning iteration 1863/1897                          [0m 

                            Total steps: 417792 
                       Steps per second: 13168 
                        Collection time: 1.771s 
                          Learning time: 0.095s 
                        Mean value loss: 0.7678
                    Mean surrogate loss: -0.0038
                      Mean entropy loss: -16.0503
                Mean caps_temporal loss: 0.0000
                 Mean caps_spatial loss: 0.0000
                Mean caps_weighted loss: 0.0000
     Mean caps_valid_pair_fraction loss: 0.0000
                            Mean reward: 14.52
                    Mean episode length: 362.24
                        Mean action std: 0.10
                   Omni/linear_tracking: 0.5472
                      Omni/yaw_tracking: 0.5800
                   Omni/linear_progress: 0.1039
                      Omni/yaw_progress: 0.1544
                 Omni/vertical_velocity: 0.0016
                   Omni/roll_pitch_rate: 0.0833
                              Omni/tilt: 0.0007
                            Omni/height: 0.0000
                            Omni/torque: 0.5280
                     Omni/torque_excess: 0.0439
               Omni/worst_torque_excess: 0.6102
                        Omni/saturation: 0.1040
                    Omni/positive_power: 2.8465
                       Omni/action_rate: 4.6684
                Omni/joint_acceleration: 57256.9688
                              Omni/slip: 0.0076
                           Omni/nonfoot: 0.0000
                      Omni/joint_limits: 0.0229
                           Omni/airtime: -0.0014
                     Omni/stand_posture: 0.0387
              Omni/stand_joint_velocity: 0.7344
             Omni/stand_target_velocity: 2.7126
                  Omni/stand_raw_action: 0.4823
                      Omni/terminations: 0.0000
--------------------------------------------------------------------------------
                         Iteration time: 1.87s
                           Time elapsed: 00:00:32
                                    ETA: 00:01:02

################################################################################
[1m                          Learning iteration 1864/1897                          [0m 

                            Total steps: 442368 
                       Steps per second: 13670 
                        Collection time: 1.713s 
                          Learning time: 0.085s 
                        Mean value loss: 0.0920
                    Mean surrogate loss: -0.0068
                      Mean entropy loss: -16.0515
                Mean caps_temporal loss: 0.0000
                 Mean caps_spatial loss: 0.0000
                Mean caps_weighted loss: 0.0000
     Mean caps_valid_pair_fraction loss: 0.0000
                            Mean reward: 14.80
                    Mean episode length: 381.84
                        Mean action std: 0.10
                   Omni/linear_tracking: 0.5515
                      Omni/yaw_tracking: 0.5603
                   Omni/linear_progress: 0.1618
                      Omni/yaw_progress: 0.0473
                 Omni/vertical_velocity: 0.0015
                   Omni/roll_pitch_rate: 0.0848
                              Omni/tilt: 0.0008
                            Omni/height: 0.0000
                            Omni/torque: 0.5238
                     Omni/torque_excess: 0.0442
               Omni/worst_torque_excess: 0.6089
                        Omni/saturation: 0.1014
                    Omni/positive_power: 2.9188
                       Omni/action_rate: 4.6401
                Omni/joint_acceleration: 57156.4609
                              Omni/slip: 0.0101
                           Omni/nonfoot: 0.0000
                      Omni/joint_limits: 0.0251
                           Omni/airtime: -0.0014
                     Omni/stand_posture: 0.0376
              Omni/stand_joint_velocity: 0.7115
             Omni/stand_target_velocity: 2.6438
                  Omni/stand_raw_action: 0.4676
                      Omni/terminations: 0.0000
--------------------------------------------------------------------------------
                         Iteration time: 1.80s
                           Time elapsed: 00:00:34
                                    ETA: 00:01:00

################################################################################
[1m                          Learning iteration 1865/1897                          [0m 

                            Total steps: 466944 
                       Steps per second: 13556 
                        Collection time: 1.728s 
                          Learning time: 0.085s 
                        Mean value loss: 0.0586
                    Mean surrogate loss: -0.0087
                      Mean entropy loss: -16.0572
                Mean caps_temporal loss: 0.0000
                 Mean caps_spatial loss: 0.0000
                Mean caps_weighted loss: 0.0000
     Mean caps_valid_pair_fraction loss: 0.0000
                            Mean reward: 16.69
                    Mean episode length: 409.79
                        Mean action std: 0.10
                   Omni/linear_tracking: 0.5818
                      Omni/yaw_tracking: 0.5718
                   Omni/linear_progress: 0.2525
                      Omni/yaw_progress: 0.1283
                 Omni/vertical_velocity: 0.0016
                   Omni/roll_pitch_rate: 0.0829
                              Omni/tilt: 0.0010
                            Omni/height: 0.0000
                            Omni/torque: 0.5297
                     Omni/torque_excess: 0.0439
               Omni/worst_torque_excess: 0.6133
                        Omni/saturation: 0.1022
                    Omni/positive_power: 3.0410
                       Omni/action_rate: 4.6312
                Omni/joint_acceleration: 57309.9453
                              Omni/slip: 0.0097
                           Omni/nonfoot: 0.0000
                      Omni/joint_limits: 0.0234
                           Omni/airtime: -0.0032
                     Omni/stand_posture: 0.0314
              Omni/stand_joint_velocity: 0.5986
             Omni/stand_target_velocity: 2.2083
                  Omni/stand_raw_action: 0.3934
                      Omni/terminations: 0.0000
--------------------------------------------------------------------------------
                         Iteration time: 1.81s
                           Time elapsed: 00:00:35
                                    ETA: 00:00:58

################################################################################
[1m                          Learning iteration 1866/1897                          [0m 

                            Total steps: 491520 
                       Steps per second: 12810 
                        Collection time: 1.832s 
                          Learning time: 0.087s 
                        Mean value loss: 0.0751
                    Mean surrogate loss: -0.0050
                      Mean entropy loss: -16.0647
                Mean caps_temporal loss: 0.0000
                 Mean caps_spatial loss: 0.0000
                Mean caps_weighted loss: 0.0000
     Mean caps_valid_pair_fraction loss: 0.0000
                            Mean reward: 18.63
                    Mean episode length: 440.28
                        Mean action std: 0.10
                   Omni/linear_tracking: 0.5531
                      Omni/yaw_tracking: 0.5710
                   Omni/linear_progress: 0.1721
                      Omni/yaw_progress: 0.0800
                 Omni/vertical_velocity: 0.0015
                   Omni/roll_pitch_rate: 0.0867
                              Omni/tilt: 0.0008
                            Omni/height: 0.0000
                            Omni/torque: 0.5253
                     Omni/torque_excess: 0.0445
               Omni/worst_torque_excess: 0.6158
                        Omni/saturation: 0.1028
                    Omni/positive_power: 2.8810
                       Omni/action_rate: 4.6611
                Omni/joint_acceleration: 57537.6680
                              Omni/slip: 0.0082
                           Omni/nonfoot: 0.0000
                      Omni/joint_limits: 0.0233
                           Omni/airtime: -0.0035
                     Omni/stand_posture: 0.0382
              Omni/stand_joint_velocity: 0.7131
             Omni/stand_target_velocity: 2.6182
                  Omni/stand_raw_action: 0.4696
                      Omni/terminations: 0.0000
--------------------------------------------------------------------------------
                         Iteration time: 1.92s
                           Time elapsed: 00:00:37
                                    ETA: 00:00:56

################################################################################
[1m                          Learning iteration 1867/1897                          [0m 

                            Total steps: 516096 
                       Steps per second: 13024 
                        Collection time: 1.798s 
                          Learning time: 0.089s 
                        Mean value loss: 0.0709
                    Mean surrogate loss: -0.0090
                      Mean entropy loss: -16.0733
                Mean caps_temporal loss: 0.0000
                 Mean caps_spatial loss: 0.0000
                Mean caps_weighted loss: 0.0000
     Mean caps_valid_pair_fraction loss: 0.0000
                            Mean reward: 19.29
                    Mean episode length: 461.83
                        Mean action std: 0.10
                   Omni/linear_tracking: 0.5387
                      Omni/yaw_tracking: 0.5760
                   Omni/linear_progress: 0.0966
                      Omni/yaw_progress: 0.0468
                 Omni/vertical_velocity: 0.0016
                   Omni/roll_pitch_rate: 0.0871
                              Omni/tilt: 0.0008
                            Omni/height: 0.0000
                            Omni/torque: 0.5285
                     Omni/torque_excess: 0.0431
               Omni/worst_torque_excess: 0.6054
                        Omni/saturation: 0.1049
                    Omni/positive_power: 2.8061
                       Omni/action_rate: 4.7521
                Omni/joint_acceleration: 57493.7617
                              Omni/slip: 0.0069
                           Omni/nonfoot: 0.0000
                      Omni/joint_limits: 0.0209
                           Omni/airtime: -0.0020
                     Omni/stand_posture: 0.0453
              Omni/stand_joint_velocity: 0.8247
             Omni/stand_target_velocity: 3.0448
                  Omni/stand_raw_action: 0.5498
                      Omni/terminations: 0.0000
--------------------------------------------------------------------------------
                         Iteration time: 1.89s
                           Time elapsed: 00:00:39
                                    ETA: 00:00:54

################################################################################
[1m                          Learning iteration 1868/1897                          [0m 

                            Total steps: 540672 
                       Steps per second: 12475 
                        Collection time: 1.871s 
                          Learning time: 0.099s 
                        Mean value loss: 0.0909
                    Mean surrogate loss: -0.0086
                      Mean entropy loss: -16.0828
                Mean caps_temporal loss: 0.0000
                 Mean caps_spatial loss: 0.0000
                Mean caps_weighted loss: 0.0000
     Mean caps_valid_pair_fraction loss: 0.0000
                            Mean reward: 20.76
                    Mean episode length: 480.58
                        Mean action std: 0.10
                   Omni/linear_tracking: 0.5509
                      Omni/yaw_tracking: 0.5815
                   Omni/linear_progress: 0.1674
                      Omni/yaw_progress: 0.1371
                 Omni/vertical_velocity: 0.0015
                   Omni/roll_pitch_rate: 0.0881
                              Omni/tilt: 0.0008
                            Omni/height: 0.0000
                            Omni/torque: 0.5300
                     Omni/torque_excess: 0.0437
               Omni/worst_torque_excess: 0.6111
                        Omni/saturation: 0.1043
                    Omni/positive_power: 2.9527
                       Omni/action_rate: 4.6632
                Omni/joint_acceleration: 57463.0859
                              Omni/slip: 0.0081
                           Omni/nonfoot: 0.0000
                      Omni/joint_limits: 0.0232
                           Omni/airtime: -0.0060
                     Omni/stand_posture: 0.0353
              Omni/stand_joint_velocity: 0.6606
             Omni/stand_target_velocity: 2.4329
                  Omni/stand_raw_action: 0.4358
                      Omni/terminations: 0.0000
--------------------------------------------------------------------------------
                         Iteration time: 1.97s
                           Time elapsed: 00:00:41
                                    ETA: 00:00:52

################################################################################
[1m                          Learning iteration 1869/1897                          [0m 

                            Total steps: 565248 
                       Steps per second: 13069 
                        Collection time: 1.792s 
                          Learning time: 0.088s 
                        Mean value loss: 0.0830
                    Mean surrogate loss: -0.0070
                      Mean entropy loss: -16.0896
                Mean caps_temporal loss: 0.0000
                 Mean caps_spatial loss: 0.0000
                Mean caps_weighted loss: 0.0000
     Mean caps_valid_pair_fraction loss: 0.0000
                            Mean reward: 21.78
                    Mean episode length: 506.66
                        Mean action std: 0.10
                   Omni/linear_tracking: 0.5674
                      Omni/yaw_tracking: 0.5761
                   Omni/linear_progress: 0.2400
                      Omni/yaw_progress: 0.0733
                 Omni/vertical_velocity: 0.0015
                   Omni/roll_pitch_rate: 0.0881
                              Omni/tilt: 0.0009
                            Omni/height: 0.0000
                            Omni/torque: 0.5291
                     Omni/torque_excess: 0.0446
               Omni/worst_torque_excess: 0.6239
                        Omni/saturation: 0.1041
                    Omni/positive_power: 2.9291
                       Omni/action_rate: 4.7012
                Omni/joint_acceleration: 57427.1992
                              Omni/slip: 0.0089
                           Omni/nonfoot: 0.0000
                      Omni/joint_limits: 0.0226
                           Omni/airtime: -0.0070
                     Omni/stand_posture: 0.0346
              Omni/stand_joint_velocity: 0.6546
             Omni/stand_target_velocity: 2.4108
                  Omni/stand_raw_action: 0.4313
                      Omni/terminations: 0.0000
--------------------------------------------------------------------------------
                         Iteration time: 1.88s
                           Time elapsed: 00:00:43
                                    ETA: 00:00:51

################################################################################
[1m                          Learning iteration 1870/1897                          [0m 

                            Total steps: 589824 
                       Steps per second: 12566 
                        Collection time: 1.867s 
                          Learning time: 0.089s 
                        Mean value loss: 0.0734
                    Mean surrogate loss: -0.0085
                      Mean entropy loss: -16.0969
                Mean caps_temporal loss: 0.0000
                 Mean caps_spatial loss: 0.0000
                Mean caps_weighted loss: 0.0000
     Mean caps_valid_pair_fraction loss: 0.0000
                            Mean reward: 23.66
                    Mean episode length: 527.63
                        Mean action std: 0.10
                   Omni/linear_tracking: 0.5737
                      Omni/yaw_tracking: 0.5666
                   Omni/linear_progress: 0.2482
                      Omni/yaw_progress: 0.0914
                 Omni/vertical_velocity: 0.0016
                   Omni/roll_pitch_rate: 0.0876
                              Omni/tilt: 0.0008
                            Omni/height: 0.0000
                            Omni/torque: 0.5193
                     Omni/torque_excess: 0.0446
               Omni/worst_torque_excess: 0.6053
                        Omni/saturation: 0.0997
                    Omni/positive_power: 2.9650
                       Omni/action_rate: 4.5202
                Omni/joint_acceleration: 57115.2266
                              Omni/slip: 0.0084
                           Omni/nonfoot: 0.0000
                      Omni/joint_limits: 0.0288
                           Omni/airtime: -0.0056
                     Omni/stand_posture: 0.0341
              Omni/stand_joint_velocity: 0.6350
             Omni/stand_target_velocity: 2.3294
                  Omni/stand_raw_action: 0.4179
                      Omni/terminations: 0.0000
--------------------------------------------------------------------------------
                         Iteration time: 1.96s
                           Time elapsed: 00:00:45
                                    ETA: 00:00:49

################################################################################
[1m                          Learning iteration 1871/1897                          [0m 

                            Total steps: 614400 
                       Steps per second: 12037 
                        Collection time: 1.955s 
                          Learning time: 0.086s 
                        Mean value loss: 0.0762
                    Mean surrogate loss: -0.0073
                      Mean entropy loss: -16.1059
                Mean caps_temporal loss: 0.0000
                 Mean caps_spatial loss: 0.0000
                Mean caps_weighted loss: 0.0000
     Mean caps_valid_pair_fraction loss: 0.0000
                            Mean reward: 25.92
                    Mean episode length: 551.15
                        Mean action std: 0.10
                   Omni/linear_tracking: 0.5836
                      Omni/yaw_tracking: 0.5789
                   Omni/linear_progress: 0.2416
                      Omni/yaw_progress: 0.1560
                 Omni/vertical_velocity: 0.0016
                   Omni/roll_pitch_rate: 0.0859
                              Omni/tilt: 0.0009
                            Omni/height: 0.0000
                            Omni/torque: 0.5280
                     Omni/torque_excess: 0.0432
               Omni/worst_torque_excess: 0.6104
                        Omni/saturation: 0.1025
                    Omni/positive_power: 2.9511
                       Omni/action_rate: 4.6736
                Omni/joint_acceleration: 57364.6992
                              Omni/slip: 0.0081
                           Omni/nonfoot: 0.0000
                      Omni/joint_limits: 0.0239
                           Omni/airtime: -0.0104
                     Omni/stand_posture: 0.0296
              Omni/stand_joint_velocity: 0.5586
             Omni/stand_target_velocity: 2.0553
                  Omni/stand_raw_action: 0.3660
                      Omni/terminations: 0.0000
--------------------------------------------------------------------------------
                         Iteration time: 2.04s
                           Time elapsed: 00:00:47
                                    ETA: 00:00:47

################################################################################
[1m                          Learning iteration 1872/1897                          [0m 

                            Total steps: 638976 
                       Steps per second: 11718 
                        Collection time: 2.011s 
                          Learning time: 0.086s 
                        Mean value loss: 0.4498
                    Mean surrogate loss: -0.0088
                      Mean entropy loss: -16.1135
                Mean caps_temporal loss: 0.0000
                 Mean caps_spatial loss: 0.0000
                Mean caps_weighted loss: 0.0000
     Mean caps_valid_pair_fraction loss: 0.0000
                            Mean reward: 27.10
                    Mean episode length: 566.70
                        Mean action std: 0.10
                   Omni/linear_tracking: 0.5690
                      Omni/yaw_tracking: 0.5678
                   Omni/linear_progress: 0.2195
                      Omni/yaw_progress: 0.0676
                 Omni/vertical_velocity: 0.0015
                   Omni/roll_pitch_rate: 0.0840
                              Omni/tilt: 0.0010
                            Omni/height: 0.0000
                            Omni/torque: 0.5261
                     Omni/torque_excess: 0.0435
               Omni/worst_torque_excess: 0.6140
                        Omni/saturation: 0.1019
                    Omni/positive_power: 2.9752
                       Omni/action_rate: 4.5946
                Omni/joint_acceleration: 56442.0938
                              Omni/slip: 0.0089
                           Omni/nonfoot: 0.0000
                      Omni/joint_limits: 0.0256
                           Omni/airtime: -0.0068
                     Omni/stand_posture: 0.0345
              Omni/stand_joint_velocity: 0.6352
             Omni/stand_target_velocity: 2.3304
                  Omni/stand_raw_action: 0.4190
                      Omni/terminations: 0.0000
--------------------------------------------------------------------------------
                         Iteration time: 2.10s
                           Time elapsed: 00:00:49
                                    ETA: 00:00:45

################################################################################
[1m                          Learning iteration 1873/1897                          [0m 

                            Total steps: 663552 
                       Steps per second: 12698 
                        Collection time: 1.850s 
                          Learning time: 0.085s 
                        Mean value loss: 0.1791
                    Mean surrogate loss: -0.0084
                      Mean entropy loss: -16.1217
                Mean caps_temporal loss: 0.0000
                 Mean caps_spatial loss: 0.0000
                Mean caps_weighted loss: 0.0000
     Mean caps_valid_pair_fraction loss: 0.0000
                            Mean reward: 28.39
                    Mean episode length: 589.13
                        Mean action std: 0.10
                   Omni/linear_tracking: 0.5671
                      Omni/yaw_tracking: 0.5744
                   Omni/linear_progress: 0.2071
                      Omni/yaw_progress: 0.1267
                 Omni/vertical_velocity: 0.0016
                   Omni/roll_pitch_rate: 0.0874
                              Omni/tilt: 0.0009
                            Omni/height: 0.0000
                            Omni/torque: 0.5247
                     Omni/torque_excess: 0.0454
               Omni/worst_torque_excess: 0.6192
                        Omni/saturation: 0.1020
                    Omni/positive_power: 2.9956
                       Omni/action_rate: 4.5532
                Omni/joint_acceleration: 57114.0430
                              Omni/slip: 0.0093
                           Omni/nonfoot: 0.0000
                      Omni/joint_limits: 0.0266
                           Omni/airtime: -0.0081
                     Omni/stand_posture: 0.0322
              Omni/stand_joint_velocity: 0.5949
             Omni/stand_target_velocity: 2.1962
                  Omni/stand_raw_action: 0.3939
                      Omni/terminations: 0.0000
--------------------------------------------------------------------------------
                         Iteration time: 1.94s
                           Time elapsed: 00:00:51
                                    ETA: 00:00:43

################################################################################
[1m                          Learning iteration 1874/1897                          [0m 

                            Total steps: 688128 
                       Steps per second: 12740 
                        Collection time: 1.842s 
                          Learning time: 0.087s 
                        Mean value loss: 0.1378
                    Mean surrogate loss: -0.0077
                      Mean entropy loss: -16.1246
                Mean caps_temporal loss: 0.0000
                 Mean caps_spatial loss: 0.0000
                Mean caps_weighted loss: 0.0000
     Mean caps_valid_pair_fraction loss: 0.0000
                            Mean reward: 30.08
                    Mean episode length: 617.82
                        Mean action std: 0.10
                   Omni/linear_tracking: 0.5835
                      Omni/yaw_tracking: 0.5793
                   Omni/linear_progress: 0.2651
                      Omni/yaw_progress: 0.1597
                 Omni/vertical_velocity: 0.0015
                   Omni/roll_pitch_rate: 0.0881
                              Omni/tilt: 0.0009
                            Omni/height: 0.0000
                            Omni/torque: 0.5267
                     Omni/torque_excess: 0.0420
               Omni/worst_torque_excess: 0.5995
                        Omni/saturation: 0.1023
                    Omni/positive_power: 2.9934
                       Omni/action_rate: 4.5857
                Omni/joint_acceleration: 57054.6875
                              Omni/slip: 0.0081
                           Omni/nonfoot: 0.0000
                      Omni/joint_limits: 0.0240
                           Omni/airtime: -0.0080
                     Omni/stand_posture: 0.0311
              Omni/stand_joint_velocity: 0.5687
             Omni/stand_target_velocity: 2.0934
                  Omni/stand_raw_action: 0.3769
                      Omni/terminations: 0.0000
--------------------------------------------------------------------------------
                         Iteration time: 1.93s
                           Time elapsed: 00:00:53
                                    ETA: 00:00:42

################################################################################
[1m                          Learning iteration 1875/1897                          [0m 

                            Total steps: 712704 
                       Steps per second: 13146 
                        Collection time: 1.783s 
                          Learning time: 0.086s 
                        Mean value loss: 0.1423
                    Mean surrogate loss: -0.0065
                      Mean entropy loss: -16.1332
                Mean caps_temporal loss: 0.0000
                 Mean caps_spatial loss: 0.0000
                Mean caps_weighted loss: 0.0000
     Mean caps_valid_pair_fraction loss: 0.0000
                            Mean reward: 31.39
                    Mean episode length: 646.91
                        Mean action std: 0.10
                   Omni/linear_tracking: 0.5844
                      Omni/yaw_tracking: 0.5918
                   Omni/linear_progress: 0.2324
                      Omni/yaw_progress: 0.1744
                 Omni/vertical_velocity: 0.0015
                   Omni/roll_pitch_rate: 0.0863
                              Omni/tilt: 0.0009
                            Omni/height: 0.0000
                            Omni/torque: 0.5256
                     Omni/torque_excess: 0.0434
               Omni/worst_torque_excess: 0.6126
                        Omni/saturation: 0.1020
                    Omni/positive_power: 2.9610
                       Omni/action_rate: 4.6736
                Omni/joint_acceleration: 57667.1055
                              Omni/slip: 0.0097
                           Omni/nonfoot: 0.0000
                      Omni/joint_limits: 0.0260
                           Omni/airtime: -0.0097
                     Omni/stand_posture: 0.0323
              Omni/stand_joint_velocity: 0.5938
             Omni/stand_target_velocity: 2.1795
                  Omni/stand_raw_action: 0.3907
                      Omni/terminations: 0.0000
--------------------------------------------------------------------------------
                         Iteration time: 1.87s
                           Time elapsed: 00:00:55
                                    ETA: 00:00:40

################################################################################
[1m                          Learning iteration 1876/1897                          [0m 

                            Total steps: 737280 
                       Steps per second: 12317 
                        Collection time: 1.910s 
                          Learning time: 0.085s 
                        Mean value loss: 0.1581
                    Mean surrogate loss: -0.0079
                      Mean entropy loss: -16.1399
                Mean caps_temporal loss: 0.0000
                 Mean caps_spatial loss: 0.0000
                Mean caps_weighted loss: 0.0000
     Mean caps_valid_pair_fraction loss: 0.0000
                            Mean reward: 33.33
                    Mean episode length: 676.30
                        Mean action std: 0.10
                   Omni/linear_tracking: 0.5661
                      Omni/yaw_tracking: 0.5678
                   Omni/linear_progress: 0.2047
                      Omni/yaw_progress: 0.0605
                 Omni/vertical_velocity: 0.0015
                   Omni/roll_pitch_rate: 0.0869
                              Omni/tilt: 0.0009
                            Omni/height: 0.0000
                            Omni/torque: 0.5270
                     Omni/torque_excess: 0.0438
               Omni/worst_torque_excess: 0.6133
                        Omni/saturation: 0.1033
                    Omni/positive_power: 2.8939
                       Omni/action_rate: 4.7117
                Omni/joint_acceleration: 57292.8867
                              Omni/slip: 0.0081
                           Omni/nonfoot: 0.0000
                      Omni/joint_limits: 0.0225
                           Omni/airtime: -0.0063
                     Omni/stand_posture: 0.0396
              Omni/stand_joint_velocity: 0.7152
             Omni/stand_target_velocity: 2.6329
                  Omni/stand_raw_action: 0.4751
                      Omni/terminations: 0.0417
--------------------------------------------------------------------------------
                         Iteration time: 2.00s
                           Time elapsed: 00:00:57
                                    ETA: 00:00:38

################################################################################
[1m                          Learning iteration 1877/1897                          [0m 

                            Total steps: 761856 
                       Steps per second: 12544 
                        Collection time: 1.871s 
                          Learning time: 0.088s 
                        Mean value loss: 0.1386
                    Mean surrogate loss: -0.0079
                      Mean entropy loss: -16.1406
                Mean caps_temporal loss: 0.0000
                 Mean caps_spatial loss: 0.0000
                Mean caps_weighted loss: 0.0000
     Mean caps_valid_pair_fraction loss: 0.0000
                            Mean reward: 34.50
                    Mean episode length: 697.64
                        Mean action std: 0.10
                   Omni/linear_tracking: 0.5873
                      Omni/yaw_tracking: 0.5591
                   Omni/linear_progress: 0.2959
                      Omni/yaw_progress: 0.0823
                 Omni/vertical_velocity: 0.0016
                   Omni/roll_pitch_rate: 0.0899
                              Omni/tilt: 0.0009
                            Omni/height: 0.0000
                            Omni/torque: 0.5201
                     Omni/torque_excess: 0.0451
               Omni/worst_torque_excess: 0.6160
                        Omni/saturation: 0.1006
                    Omni/positive_power: 3.0032
                       Omni/action_rate: 4.5294
                Omni/joint_acceleration: 57353.8867
                              Omni/slip: 0.0099
                           Omni/nonfoot: 0.0017
                      Omni/joint_limits: 0.0286
                           Omni/airtime: -0.0101
                     Omni/stand_posture: 0.0327
              Omni/stand_joint_velocity: 0.6111
             Omni/stand_target_velocity: 2.2498
                  Omni/stand_raw_action: 0.4035
                      Omni/terminations: 0.0417
--------------------------------------------------------------------------------
                         Iteration time: 1.96s
                           Time elapsed: 00:00:59
                                    ETA: 00:00:36

################################################################################
[1m                          Learning iteration 1878/1897                          [0m 

                            Total steps: 786432 
                       Steps per second: 13055 
                        Collection time: 1.797s 
                          Learning time: 0.086s 
                        Mean value loss: 0.1188
                    Mean surrogate loss: -0.0051
                      Mean entropy loss: -16.1528
                Mean caps_temporal loss: 0.0000
                 Mean caps_spatial loss: 0.0000
                Mean caps_weighted loss: 0.0000
     Mean caps_valid_pair_fraction loss: 0.0000
                            Mean reward: 35.26
                    Mean episode length: 717.92
                        Mean action std: 0.10
                   Omni/linear_tracking: 0.5883
                      Omni/yaw_tracking: 0.5746
                   Omni/linear_progress: 0.2530
                      Omni/yaw_progress: 0.0724
                 Omni/vertical_velocity: 0.0015
                   Omni/roll_pitch_rate: 0.0861
                              Omni/tilt: 0.0008
                            Omni/height: 0.0000
                            Omni/torque: 0.5242
                     Omni/torque_excess: 0.0433
               Omni/worst_torque_excess: 0.6100
                        Omni/saturation: 0.1023
                    Omni/positive_power: 2.9035
                       Omni/action_rate: 4.5918
                Omni/joint_acceleration: 57042.8984
                              Omni/slip: 0.0091
                           Omni/nonfoot: 0.0000
                      Omni/joint_limits: 0.0244
                           Omni/airtime: -0.0086
                     Omni/stand_posture: 0.0332
              Omni/stand_joint_velocity: 0.6123
             Omni/stand_target_velocity: 2.2471
                  Omni/stand_raw_action: 0.4056
                      Omni/terminations: 0.0000
--------------------------------------------------------------------------------
                         Iteration time: 1.88s
                           Time elapsed: 00:01:01
                                    ETA: 00:00:34

################################################################################
[1m                          Learning iteration 1879/1897                          [0m 

                            Total steps: 811008 
                       Steps per second: 12790 
                        Collection time: 1.836s 
                          Learning time: 0.085s 
                        Mean value loss: 0.1833
                    Mean surrogate loss: -0.0077
                      Mean entropy loss: -16.1638
                Mean caps_temporal loss: 0.0000
                 Mean caps_spatial loss: 0.0000
                Mean caps_weighted loss: 0.0000
     Mean caps_valid_pair_fraction loss: 0.0000
                            Mean reward: 36.76
                    Mean episode length: 743.98
                        Mean action std: 0.10
                   Omni/linear_tracking: 0.5816
                      Omni/yaw_tracking: 0.5782
                   Omni/linear_progress: 0.2349
                      Omni/yaw_progress: 0.1233
                 Omni/vertical_velocity: 0.0015
                   Omni/roll_pitch_rate: 0.0895
                              Omni/tilt: 0.0009
                            Omni/height: 0.0000
                            Omni/torque: 0.5217
                     Omni/torque_excess: 0.0436
               Omni/worst_torque_excess: 0.6096
                        Omni/saturation: 0.1012
                    Omni/positive_power: 2.9768
                       Omni/action_rate: 4.5126
                Omni/joint_acceleration: 57450.7109
                              Omni/slip: 0.0094
                           Omni/nonfoot: 0.0000
                      Omni/joint_limits: 0.0309
                           Omni/airtime: -0.0084
                     Omni/stand_posture: 0.0348
              Omni/stand_joint_velocity: 0.6345
             Omni/stand_target_velocity: 2.3265
                  Omni/stand_raw_action: 0.4210
                      Omni/terminations: 0.0833
--------------------------------------------------------------------------------
                         Iteration time: 1.92s
                           Time elapsed: 00:01:03
                                    ETA: 00:00:32

################################################################################
[1m                          Learning iteration 1880/1897                          [0m 

                            Total steps: 835584 
                       Steps per second: 13501 
                        Collection time: 1.730s 
                          Learning time: 0.090s 
                        Mean value loss: 0.1829
                    Mean surrogate loss: -0.0101
                      Mean entropy loss: -16.1791
                Mean caps_temporal loss: 0.0000
                 Mean caps_spatial loss: 0.0000
                Mean caps_weighted loss: 0.0000
     Mean caps_valid_pair_fraction loss: 0.0000
                            Mean reward: 38.08
                    Mean episode length: 766.60
                        Mean action std: 0.10
                   Omni/linear_tracking: 0.5764
                      Omni/yaw_tracking: 0.5892
                   Omni/linear_progress: 0.2346
                      Omni/yaw_progress: 0.1521
                 Omni/vertical_velocity: 0.0015
                   Omni/roll_pitch_rate: 0.0877
                              Omni/tilt: 0.0008
                            Omni/height: 0.0000
                            Omni/torque: 0.5255
                     Omni/torque_excess: 0.0422
               Omni/worst_torque_excess: 0.6028
                        Omni/saturation: 0.1026
                    Omni/positive_power: 2.9211
                       Omni/action_rate: 4.5805
                Omni/joint_acceleration: 57092.3672
                              Omni/slip: 0.0080
                           Omni/nonfoot: 0.0000
                      Omni/joint_limits: 0.0280
                           Omni/airtime: -0.0081
                     Omni/stand_posture: 0.0347
              Omni/stand_joint_velocity: 0.6387
             Omni/stand_target_velocity: 2.3320
                  Omni/stand_raw_action: 0.4215
                      Omni/terminations: 0.0000
--------------------------------------------------------------------------------
                         Iteration time: 1.82s
                           Time elapsed: 00:01:04
                                    ETA: 00:00:30

################################################################################
[1m                          Learning iteration 1881/1897                          [0m 

                            Total steps: 860160 
                       Steps per second: 12957 
                        Collection time: 1.809s 
                          Learning time: 0.087s 
                        Mean value loss: 0.1778
                    Mean surrogate loss: -0.0068
                      Mean entropy loss: -16.1940
                Mean caps_temporal loss: 0.0000
                 Mean caps_spatial loss: 0.0000
                Mean caps_weighted loss: 0.0000
     Mean caps_valid_pair_fraction loss: 0.0000
                            Mean reward: 37.96
                    Mean episode length: 783.78
                        Mean action std: 0.10
                   Omni/linear_tracking: 0.5898
                      Omni/yaw_tracking: 0.5638
                   Omni/linear_progress: 0.2811
                      Omni/yaw_progress: 0.0631
                 Omni/vertical_velocity: 0.0015
                   Omni/roll_pitch_rate: 0.0902
                              Omni/tilt: 0.0010
                            Omni/height: 0.0000
                            Omni/torque: 0.5213
                     Omni/torque_excess: 0.0438
               Omni/worst_torque_excess: 0.6133
                        Omni/saturation: 0.1015
                    Omni/positive_power: 3.0291
                       Omni/action_rate: 4.5390
                Omni/joint_acceleration: 57045.8242
                              Omni/slip: 0.0100
                           Omni/nonfoot: 0.0029
                      Omni/joint_limits: 0.0302
                           Omni/airtime: -0.0107
                     Omni/stand_posture: 0.0339
              Omni/stand_joint_velocity: 0.6247
             Omni/stand_target_velocity: 2.3004
                  Omni/stand_raw_action: 0.4149
                      Omni/terminations: 0.0417
--------------------------------------------------------------------------------
                         Iteration time: 1.90s
                           Time elapsed: 00:01:06
                                    ETA: 00:00:28

################################################################################
[1m                          Learning iteration 1882/1897                          [0m 

                            Total steps: 884736 
                       Steps per second: 12882 
                        Collection time: 1.821s 
                          Learning time: 0.087s 
                        Mean value loss: 0.1299
                    Mean surrogate loss: -0.0086
                      Mean entropy loss: -16.2027
                Mean caps_temporal loss: 0.0000
                 Mean caps_spatial loss: 0.0000
                Mean caps_weighted loss: 0.0000
     Mean caps_valid_pair_fraction loss: 0.0000
                            Mean reward: 38.97
                    Mean episode length: 809.66
                        Mean action std: 0.10
                   Omni/linear_tracking: 0.5672
                      Omni/yaw_tracking: 0.5710
                   Omni/linear_progress: 0.1815
                      Omni/yaw_progress: 0.0785
                 Omni/vertical_velocity: 0.0015
                   Omni/roll_pitch_rate: 0.0913
                              Omni/tilt: 0.0009
                            Omni/height: 0.0000
                            Omni/torque: 0.5222
                     Omni/torque_excess: 0.0436
               Omni/worst_torque_excess: 0.6116
                        Omni/saturation: 0.1014
                    Omni/positive_power: 2.9456
                       Omni/action_rate: 4.6571
                Omni/joint_acceleration: 57769.5938
                              Omni/slip: 0.0091
                           Omni/nonfoot: 0.0000
                      Omni/joint_limits: 0.0263
                           Omni/airtime: -0.0069
                     Omni/stand_posture: 0.0380
              Omni/stand_joint_velocity: 0.6919
             Omni/stand_target_velocity: 2.5425
                  Omni/stand_raw_action: 0.4609
                      Omni/terminations: 0.0000
--------------------------------------------------------------------------------
                         Iteration time: 1.91s
                           Time elapsed: 00:01:08
                                    ETA: 00:00:26

################################################################################
[1m                          Learning iteration 1883/1897                          [0m 

                            Total steps: 909312 
                       Steps per second: 12691 
                        Collection time: 1.849s 
                          Learning time: 0.087s 
                        Mean value loss: 0.1474
                    Mean surrogate loss: -0.0077
                      Mean entropy loss: -16.2122
                Mean caps_temporal loss: 0.0000
                 Mean caps_spatial loss: 0.0000
                Mean caps_weighted loss: 0.0000
     Mean caps_valid_pair_fraction loss: 0.0000
                            Mean reward: 40.64
                    Mean episode length: 840.98
                        Mean action std: 0.10
                   Omni/linear_tracking: 0.5758
                      Omni/yaw_tracking: 0.5741
                   Omni/linear_progress: 0.2318
                      Omni/yaw_progress: 0.1281
                 Omni/vertical_velocity: 0.0015
                   Omni/roll_pitch_rate: 0.0887
                              Omni/tilt: 0.0008
                            Omni/height: 0.0000
                            Omni/torque: 0.5239
                     Omni/torque_excess: 0.0447
               Omni/worst_torque_excess: 0.6160
                        Omni/saturation: 0.1030
                    Omni/positive_power: 2.9639
                       Omni/action_rate: 4.5627
                Omni/joint_acceleration: 57167.2734
                              Omni/slip: 0.0087
                           Omni/nonfoot: 0.0000
                      Omni/joint_limits: 0.0275
                           Omni/airtime: -0.0068
                     Omni/stand_posture: 0.0349
              Omni/stand_joint_velocity: 0.6390
             Omni/stand_target_velocity: 2.3450
                  Omni/stand_raw_action: 0.4236
                      Omni/terminations: 0.0000
--------------------------------------------------------------------------------
                         Iteration time: 1.94s
                           Time elapsed: 00:01:10
                                    ETA: 00:00:24

################################################################################
[1m                          Learning iteration 1884/1897                          [0m 

                            Total steps: 933888 
                       Steps per second: 12777 
                        Collection time: 1.837s 
                          Learning time: 0.086s 
                        Mean value loss: 0.1327
                    Mean surrogate loss: -0.0092
                      Mean entropy loss: -16.2219
                Mean caps_temporal loss: 0.0000
                 Mean caps_spatial loss: 0.0000
                Mean caps_weighted loss: 0.0000
     Mean caps_valid_pair_fraction loss: 0.0000
                            Mean reward: 41.53
                    Mean episode length: 866.71
                        Mean action std: 0.10
                   Omni/linear_tracking: 0.5741
                      Omni/yaw_tracking: 0.5682
                   Omni/linear_progress: 0.2342
                      Omni/yaw_progress: 0.0890
                 Omni/vertical_velocity: 0.0015
                   Omni/roll_pitch_rate: 0.0869
                              Omni/tilt: 0.0009
                            Omni/height: 0.0000
                            Omni/torque: 0.5260
                     Omni/torque_excess: 0.0453
               Omni/worst_torque_excess: 0.6241
                        Omni/saturation: 0.1027
                    Omni/positive_power: 2.9732
                       Omni/action_rate: 4.5746
                Omni/joint_acceleration: 56809.3555
                              Omni/slip: 0.0097
                           Omni/nonfoot: 0.0003
                      Omni/joint_limits: 0.0267
                           Omni/airtime: -0.0079
                     Omni/stand_posture: 0.0337
              Omni/stand_joint_velocity: 0.6113
             Omni/stand_target_velocity: 2.2472
                  Omni/stand_raw_action: 0.4056
                      Omni/terminations: 0.0000
--------------------------------------------------------------------------------
                         Iteration time: 1.92s
                           Time elapsed: 00:01:12
                                    ETA: 00:00:22

################################################################################
[1m                          Learning iteration 1885/1897                          [0m 

                            Total steps: 958464 
                       Steps per second: 12934 
                        Collection time: 1.804s 
                          Learning time: 0.096s 
                        Mean value loss: 0.1464
                    Mean surrogate loss: -0.0079
                      Mean entropy loss: -16.2317
                Mean caps_temporal loss: 0.0000
                 Mean caps_spatial loss: 0.0000
                Mean caps_weighted loss: 0.0000
     Mean caps_valid_pair_fraction loss: 0.0000
                            Mean reward: 44.62
                    Mean episode length: 894.49
                        Mean action std: 0.10
                   Omni/linear_tracking: 0.5893
                      Omni/yaw_tracking: 0.5706
                   Omni/linear_progress: 0.2386
                      Omni/yaw_progress: 0.1179
                 Omni/vertical_velocity: 0.0016
                   Omni/roll_pitch_rate: 0.0881
                              Omni/tilt: 0.0010
                            Omni/height: 0.0000
                            Omni/torque: 0.5258
                     Omni/torque_excess: 0.0419
               Omni/worst_torque_excess: 0.6004
                        Omni/saturation: 0.1024
                    Omni/positive_power: 2.9553
                       Omni/action_rate: 4.6873
                Omni/joint_acceleration: 57063.8867
                              Omni/slip: 0.0082
                           Omni/nonfoot: 0.0000
                      Omni/joint_limits: 0.0235
                           Omni/airtime: -0.0103
                     Omni/stand_posture: 0.0323
              Omni/stand_joint_velocity: 0.5865
             Omni/stand_target_velocity: 2.1608
                  Omni/stand_raw_action: 0.3915
                      Omni/terminations: 0.0000
--------------------------------------------------------------------------------
                         Iteration time: 1.90s
                           Time elapsed: 00:01:14
                                    ETA: 00:00:21

################################################################################
[1m                          Learning iteration 1886/1897                          [0m 

                            Total steps: 983040 
                       Steps per second: 13362 
                        Collection time: 1.751s 
                          Learning time: 0.088s 
                        Mean value loss: 0.1455
                    Mean surrogate loss: -0.0074
                      Mean entropy loss: -16.2430
                Mean caps_temporal loss: 0.0000
                 Mean caps_spatial loss: 0.0000
                Mean caps_weighted loss: 0.0000
     Mean caps_valid_pair_fraction loss: 0.0000
                            Mean reward: 44.92
                    Mean episode length: 911.84
                        Mean action std: 0.10
                   Omni/linear_tracking: 0.5742
                      Omni/yaw_tracking: 0.5716
                   Omni/linear_progress: 0.2100
                      Omni/yaw_progress: 0.1159
                 Omni/vertical_velocity: 0.0015
                   Omni/roll_pitch_rate: 0.0890
                              Omni/tilt: 0.0010
                            Omni/height: 0.0000
                            Omni/torque: 0.5248
                     Omni/torque_excess: 0.0423
               Omni/worst_torque_excess: 0.6048
                        Omni/saturation: 0.1022
                    Omni/positive_power: 2.9911
                       Omni/action_rate: 4.5883
                Omni/joint_acceleration: 57031.2773
                              Omni/slip: 0.0101
                           Omni/nonfoot: 0.0000
                      Omni/joint_limits: 0.0265
                           Omni/airtime: -0.0060
                     Omni/stand_posture: 0.0358
              Omni/stand_joint_velocity: 0.6452
             Omni/stand_target_velocity: 2.3756
                  Omni/stand_raw_action: 0.4291
                      Omni/terminations: 0.0000
--------------------------------------------------------------------------------
                         Iteration time: 1.84s
                           Time elapsed: 00:01:16
                                    ETA: 00:00:19

################################################################################
[1m                          Learning iteration 1887/1897                          [0m 

                            Total steps: 1007616 
                       Steps per second: 13420 
                        Collection time: 1.741s 
                          Learning time: 0.090s 
                        Mean value loss: 0.1093
                    Mean surrogate loss: -0.0091
                      Mean entropy loss: -16.2582
                Mean caps_temporal loss: 0.0000
                 Mean caps_spatial loss: 0.0000
                Mean caps_weighted loss: 0.0000
     Mean caps_valid_pair_fraction loss: 0.0000
                            Mean reward: 46.65
                    Mean episode length: 936.85
                        Mean action std: 0.10
                   Omni/linear_tracking: 0.5925
                      Omni/yaw_tracking: 0.5777
                   Omni/linear_progress: 0.2440
                      Omni/yaw_progress: 0.1338
                 Omni/vertical_velocity: 0.0015
                   Omni/roll_pitch_rate: 0.0882
                              Omni/tilt: 0.0008
                            Omni/height: 0.0000
                            Omni/torque: 0.5223
                     Omni/torque_excess: 0.0404
               Omni/worst_torque_excess: 0.5883
                        Omni/saturation: 0.1013
                    Omni/positive_power: 2.9099
                       Omni/action_rate: 4.6152
                Omni/joint_acceleration: 56961.7734
                              Omni/slip: 0.0078
                           Omni/nonfoot: 0.0000
                      Omni/joint_limits: 0.0271
                           Omni/airtime: -0.0076
                     Omni/stand_posture: 0.0323
              Omni/stand_joint_velocity: 0.5827
             Omni/stand_target_velocity: 2.1448
                  Omni/stand_raw_action: 0.3895
                      Omni/terminations: 0.0000
--------------------------------------------------------------------------------
                         Iteration time: 1.83s
                           Time elapsed: 00:01:18
                                    ETA: 00:00:17

################################################################################
[1m                          Learning iteration 1888/1897                          [0m 

                            Total steps: 1032192 
                       Steps per second: 12525 
                        Collection time: 1.873s 
                          Learning time: 0.089s 
                        Mean value loss: 0.1629
                    Mean surrogate loss: -0.0088
                      Mean entropy loss: -16.2697
                Mean caps_temporal loss: 0.0000
                 Mean caps_spatial loss: 0.0000
                Mean caps_weighted loss: 0.0000
     Mean caps_valid_pair_fraction loss: 0.0000
                            Mean reward: 46.68
                    Mean episode length: 960.06
                        Mean action std: 0.10
                   Omni/linear_tracking: 0.5833
                      Omni/yaw_tracking: 0.5619
                   Omni/linear_progress: 0.2325
                      Omni/yaw_progress: 0.0930
                 Omni/vertical_velocity: 0.0015
                   Omni/roll_pitch_rate: 0.0891
                              Omni/tilt: 0.0009
                            Omni/height: 0.0000
                            Omni/torque: 0.5284
                     Omni/torque_excess: 0.0451
               Omni/worst_torque_excess: 0.6240
                        Omni/saturation: 0.1026
                    Omni/positive_power: 2.9805
                       Omni/action_rate: 4.6713
                Omni/joint_acceleration: 57356.9844
                              Omni/slip: 0.0106
                           Omni/nonfoot: 0.0000
                      Omni/joint_limits: 0.0243
                           Omni/airtime: -0.0078
                     Omni/stand_posture: 0.0349
              Omni/stand_joint_velocity: 0.6272
             Omni/stand_target_velocity: 2.3104
                  Omni/stand_raw_action: 0.4184
                      Omni/terminations: 0.0000
--------------------------------------------------------------------------------
                         Iteration time: 1.96s
                           Time elapsed: 00:01:20
                                    ETA: 00:00:15

################################################################################
[1m                          Learning iteration 1889/1897                          [0m 

                            Total steps: 1056768 
                       Steps per second: 12233 
                        Collection time: 1.919s 
                          Learning time: 0.090s 
                        Mean value loss: 0.1191
                    Mean surrogate loss: -0.0087
                      Mean entropy loss: -16.2837
                Mean caps_temporal loss: 0.0000
                 Mean caps_spatial loss: 0.0000
                Mean caps_weighted loss: 0.0000
     Mean caps_valid_pair_fraction loss: 0.0000
                            Mean reward: 45.93
                    Mean episode length: 980.15
                        Mean action std: 0.10
                   Omni/linear_tracking: 0.5706
                      Omni/yaw_tracking: 0.5893
                   Omni/linear_progress: 0.1440
                      Omni/yaw_progress: 0.1361
                 Omni/vertical_velocity: 0.0015
                   Omni/roll_pitch_rate: 0.0871
                              Omni/tilt: 0.0008
                            Omni/height: 0.0000
                            Omni/torque: 0.5249
                     Omni/torque_excess: 0.0414
               Omni/worst_torque_excess: 0.5961
                        Omni/saturation: 0.1025
                    Omni/positive_power: 2.8775
                       Omni/action_rate: 4.6879
                Omni/joint_acceleration: 57520.2188
                              Omni/slip: 0.0082
                           Omni/nonfoot: 0.0001
                      Omni/joint_limits: 0.0244
                           Omni/airtime: -0.0070
                     Omni/stand_posture: 0.0382
              Omni/stand_joint_velocity: 0.6865
             Omni/stand_target_velocity: 2.5315
                  Omni/stand_raw_action: 0.4594
                      Omni/terminations: 0.0000
--------------------------------------------------------------------------------
                         Iteration time: 2.01s
                           Time elapsed: 00:01:22
                                    ETA: 00:00:13

################################################################################
[1m                          Learning iteration 1890/1897                          [0m 

                            Total steps: 1081344 
                       Steps per second: 11905 
                        Collection time: 1.974s 
                          Learning time: 0.091s 
                        Mean value loss: 0.1553
                    Mean surrogate loss: -0.0080
                      Mean entropy loss: -16.2858
                Mean caps_temporal loss: 0.0000
                 Mean caps_spatial loss: 0.0000
                Mean caps_weighted loss: 0.0000
     Mean caps_valid_pair_fraction loss: 0.0000
                            Mean reward: 47.40
                    Mean episode length: 994.78
                        Mean action std: 0.10
                   Omni/linear_tracking: 0.5878
                      Omni/yaw_tracking: 0.5845
                   Omni/linear_progress: 0.2043
                      Omni/yaw_progress: 0.1414
                 Omni/vertical_velocity: 0.0015
                   Omni/roll_pitch_rate: 0.0867
                              Omni/tilt: 0.0010
                            Omni/height: 0.0000
                            Omni/torque: 0.5254
                     Omni/torque_excess: 0.0425
               Omni/worst_torque_excess: 0.6047
                        Omni/saturation: 0.1022
                    Omni/positive_power: 2.9344
                       Omni/action_rate: 4.6569
                Omni/joint_acceleration: 57420.5742
                              Omni/slip: 0.0084
                           Omni/nonfoot: 0.0000
                      Omni/joint_limits: 0.0242
                           Omni/airtime: -0.0088
                     Omni/stand_posture: 0.0326
              Omni/stand_joint_velocity: 0.5870
             Omni/stand_target_velocity: 2.1592
                  Omni/stand_raw_action: 0.3913
                      Omni/terminations: 0.0000
--------------------------------------------------------------------------------
                         Iteration time: 2.06s
                           Time elapsed: 00:01:24
                                    ETA: 00:00:11

################################################################################
[1m                          Learning iteration 1891/1897                          [0m 

                            Total steps: 1105920 
                       Steps per second: 11964 
                        Collection time: 1.965s 
                          Learning time: 0.089s 
                        Mean value loss: 0.1855
                    Mean surrogate loss: -0.0070
                      Mean entropy loss: -16.2934
                Mean caps_temporal loss: 0.0000
                 Mean caps_spatial loss: 0.0000
                Mean caps_weighted loss: 0.0000
     Mean caps_valid_pair_fraction loss: 0.0000
                            Mean reward: 49.84
                    Mean episode length: 999.00
                        Mean action std: 0.10
                   Omni/linear_tracking: 0.5951
                      Omni/yaw_tracking: 0.5738
                   Omni/linear_progress: 0.2447
                      Omni/yaw_progress: 0.0863
                 Omni/vertical_velocity: 0.0015
                   Omni/roll_pitch_rate: 0.0858
                              Omni/tilt: 0.0008
                            Omni/height: 0.0000
                            Omni/torque: 0.5222
                     Omni/torque_excess: 0.0415
               Omni/worst_torque_excess: 0.5982
                        Omni/saturation: 0.1010
                    Omni/positive_power: 2.9079
                       Omni/action_rate: 4.6018
                Omni/joint_acceleration: 56836.1367
                              Omni/slip: 0.0083
                           Omni/nonfoot: 0.0001
                      Omni/joint_limits: 0.0267
                           Omni/airtime: -0.0075
                     Omni/stand_posture: 0.0354
              Omni/stand_joint_velocity: 0.6451
             Omni/stand_target_velocity: 2.3812
                  Omni/stand_raw_action: 0.4294
                      Omni/terminations: 0.0000
--------------------------------------------------------------------------------
                         Iteration time: 2.05s
                           Time elapsed: 00:01:26
                                    ETA: 00:00:09

################################################################################
[1m                          Learning iteration 1892/1897                          [0m 

                            Total steps: 1130496 
                       Steps per second: 12647 
                        Collection time: 1.858s 
                          Learning time: 0.085s 
                        Mean value loss: 0.1316
                    Mean surrogate loss: -0.0091
                      Mean entropy loss: -16.2992
                Mean caps_temporal loss: 0.0000
                 Mean caps_spatial loss: 0.0000
                Mean caps_weighted loss: 0.0000
     Mean caps_valid_pair_fraction loss: 0.0000
                            Mean reward: 49.85
                    Mean episode length: 999.00
                        Mean action std: 0.10
                   Omni/linear_tracking: 0.5852
                      Omni/yaw_tracking: 0.5715
                   Omni/linear_progress: 0.2039
                      Omni/yaw_progress: 0.0570
                 Omni/vertical_velocity: 0.0015
                   Omni/roll_pitch_rate: 0.0894
                              Omni/tilt: 0.0008
                            Omni/height: 0.0000
                            Omni/torque: 0.5236
                     Omni/torque_excess: 0.0416
               Omni/worst_torque_excess: 0.5965
                        Omni/saturation: 0.1018
                    Omni/positive_power: 2.8945
                       Omni/action_rate: 4.6635
                Omni/joint_acceleration: 57473.5156
                              Omni/slip: 0.0089
                           Omni/nonfoot: 0.0044
                      Omni/joint_limits: 0.0247
                           Omni/airtime: -0.0063
                     Omni/stand_posture: 0.0401
              Omni/stand_joint_velocity: 0.7348
             Omni/stand_target_velocity: 2.7021
                  Omni/stand_raw_action: 0.4886
                      Omni/terminations: 0.0000
--------------------------------------------------------------------------------
                         Iteration time: 1.94s
                           Time elapsed: 00:01:28
                                    ETA: 00:00:07

################################################################################
[1m                          Learning iteration 1893/1897                          [0m 

                            Total steps: 1155072 
                       Steps per second: 12673 
                        Collection time: 1.852s 
                          Learning time: 0.087s 
                        Mean value loss: 0.1361
                    Mean surrogate loss: -0.0076
                      Mean entropy loss: -16.3065
                Mean caps_temporal loss: 0.0000
                 Mean caps_spatial loss: 0.0000
                Mean caps_weighted loss: 0.0000
     Mean caps_valid_pair_fraction loss: 0.0000
                            Mean reward: 50.53
                    Mean episode length: 999.00
                        Mean action std: 0.10
                   Omni/linear_tracking: 0.5836
                      Omni/yaw_tracking: 0.5711
                   Omni/linear_progress: 0.2036
                      Omni/yaw_progress: 0.0491
                 Omni/vertical_velocity: 0.0015
                   Omni/roll_pitch_rate: 0.0874
                              Omni/tilt: 0.0009
                            Omni/height: 0.0000
                            Omni/torque: 0.5270
                     Omni/torque_excess: 0.0433
               Omni/worst_torque_excess: 0.6075
                        Omni/saturation: 0.1032
                    Omni/positive_power: 2.9000
                       Omni/action_rate: 4.6634
                Omni/joint_acceleration: 57365.7812
                              Omni/slip: 0.0092
                           Omni/nonfoot: 0.0000
                      Omni/joint_limits: 0.0237
                           Omni/airtime: -0.0071
                     Omni/stand_posture: 0.0385
              Omni/stand_joint_velocity: 0.6992
             Omni/stand_target_velocity: 2.5901
                  Omni/stand_raw_action: 0.4682
                      Omni/terminations: 0.0000
--------------------------------------------------------------------------------
                         Iteration time: 1.94s
                           Time elapsed: 00:01:30
                                    ETA: 00:00:05

################################################################################
[1m                          Learning iteration 1894/1897                          [0m 

                            Total steps: 1179648 
                       Steps per second: 12597 
                        Collection time: 1.866s 
                          Learning time: 0.085s 
                        Mean value loss: 0.1963
                    Mean surrogate loss: -0.0084
                      Mean entropy loss: -16.3123
                Mean caps_temporal loss: 0.0000
                 Mean caps_spatial loss: 0.0000
                Mean caps_weighted loss: 0.0000
     Mean caps_valid_pair_fraction loss: 0.0000
                            Mean reward: 48.98
                    Mean episode length: 995.06
                        Mean action std: 0.10
                   Omni/linear_tracking: 0.5951
                      Omni/yaw_tracking: 0.5701
                   Omni/linear_progress: 0.2348
                      Omni/yaw_progress: 0.1081
                 Omni/vertical_velocity: 0.0015
                   Omni/roll_pitch_rate: 0.0856
                              Omni/tilt: 0.0008
                            Omni/height: 0.0000
                            Omni/torque: 0.5235
                     Omni/torque_excess: 0.0420
               Omni/worst_torque_excess: 0.5995
                        Omni/saturation: 0.1015
                    Omni/positive_power: 2.9246
                       Omni/action_rate: 4.5562
                Omni/joint_acceleration: 56942.1367
                              Omni/slip: 0.0086
                           Omni/nonfoot: 0.0001
                      Omni/joint_limits: 0.0272
                           Omni/airtime: -0.0089
                     Omni/stand_posture: 0.0347
              Omni/stand_joint_velocity: 0.6327
             Omni/stand_target_velocity: 2.3463
                  Omni/stand_raw_action: 0.4220
                      Omni/terminations: 0.0833
--------------------------------------------------------------------------------
                         Iteration time: 1.95s
                           Time elapsed: 00:01:32
                                    ETA: 00:00:03

################################################################################
[1m                          Learning iteration 1895/1897                          [0m 

                            Total steps: 1204224 
                       Steps per second: 13402 
                        Collection time: 1.748s 
                          Learning time: 0.086s 
                        Mean value loss: 0.1615
                    Mean surrogate loss: -0.0081
                      Mean entropy loss: -16.3225
                Mean caps_temporal loss: 0.0000
                 Mean caps_spatial loss: 0.0000
                Mean caps_weighted loss: 0.0000
     Mean caps_valid_pair_fraction loss: 0.0000
                            Mean reward: 48.90
                    Mean episode length: 994.13
                        Mean action std: 0.10
                   Omni/linear_tracking: 0.6063
                      Omni/yaw_tracking: 0.5788
                   Omni/linear_progress: 0.2594
                      Omni/yaw_progress: 0.1482
                 Omni/vertical_velocity: 0.0016
                   Omni/roll_pitch_rate: 0.0857
                              Omni/tilt: 0.0010
                            Omni/height: 0.0000
                            Omni/torque: 0.5192
                     Omni/torque_excess: 0.0401
               Omni/worst_torque_excess: 0.5798
                        Omni/saturation: 0.0991
                    Omni/positive_power: 2.9807
                       Omni/action_rate: 4.5948
                Omni/joint_acceleration: 56579.2734
                              Omni/slip: 0.0080
                           Omni/nonfoot: 0.0000
                      Omni/joint_limits: 0.0257
                           Omni/airtime: -0.0075
                     Omni/stand_posture: 0.0324
              Omni/stand_joint_velocity: 0.5872
             Omni/stand_target_velocity: 2.1626
                  Omni/stand_raw_action: 0.3895
                      Omni/terminations: 0.0833
--------------------------------------------------------------------------------
                         Iteration time: 1.83s
                           Time elapsed: 00:01:33
                                    ETA: 00:00:01

################################################################################
[1m                          Learning iteration 1896/1897                          [0m 

                            Total steps: 1228800 
                       Steps per second: 12529 
                        Collection time: 1.876s 
                          Learning time: 0.085s 
                        Mean value loss: 0.1553
                    Mean surrogate loss: -0.0085
                      Mean entropy loss: -16.3308
                Mean caps_temporal loss: 0.0000
                 Mean caps_spatial loss: 0.0000
                Mean caps_weighted loss: 0.0000
     Mean caps_valid_pair_fraction loss: 0.0000
                            Mean reward: 49.63
                    Mean episode length: 994.06
                        Mean action std: 0.10
                   Omni/linear_tracking: 0.5969
                      Omni/yaw_tracking: 0.5795
                   Omni/linear_progress: 0.2407
                      Omni/yaw_progress: 0.1078
                 Omni/vertical_velocity: 0.0016
                   Omni/roll_pitch_rate: 0.0856
                              Omni/tilt: 0.0011
                            Omni/height: 0.0000
                            Omni/torque: 0.5264
                     Omni/torque_excess: 0.0412
               Omni/worst_torque_excess: 0.5910
                        Omni/saturation: 0.1024
                    Omni/positive_power: 2.9429
                       Omni/action_rate: 4.6938
                Omni/joint_acceleration: 56922.3867
                              Omni/slip: 0.0084
                           Omni/nonfoot: 0.0000
                      Omni/joint_limits: 0.0233
                           Omni/airtime: -0.0072
                     Omni/stand_posture: 0.0363
              Omni/stand_joint_velocity: 0.6581
             Omni/stand_target_velocity: 2.4267
                  Omni/stand_raw_action: 0.4386
                      Omni/terminations: 0.0833
--------------------------------------------------------------------------------
                         Iteration time: 1.96s
                           Time elapsed: 00:01:35
                                    ETA: 00:00:00

[INFO]: SimulationContext cleared
RESULT f050_t060 train completed
