time="2026-09-10T08:53:08-05:00" level=warning msg="No services to build"
time="2026-09-10T08:53:08-05:00" level=warning msg="No services to build"
 Container hexapod-reference-physics-8e67755eb58d419c8bbfa87682088b06 Creating 
 Container hexapod-reference-physics-8e67755eb58d419c8bbfa87682088b06 Created 
The '--headless' CLI argument is deprecated. Omit '--viz' for default headless. If config visualizers are enabled and you want to force headless, use '--viz none'.
REFERENCE_SCREEN_APP_START
Starting kit application with the following args:  ['/workspace/isaaclab/_isaac_sim/exts/isaacsim.simulation_app/isaacsim/simulation_app/simulation_app.py', '/workspace/isaaclab/apps/isaaclab.python.headless.kit', '--/app/tokens/exe-path=/workspace/isaaclab/_isaac_sim/kit', '--/persistent/app/viewport/displayOptions=3094', '--/rtx/materialDb/syncLoads=True', '--/rtx/hydra/materialSyncLoads=True', '--/omni/kit/plugin/syncUsdLoads=True', '--/app/renderer/resolution/width=1280', '--/app/renderer/resolution/height=720', '--/app/window/width=1440', '--/app/window/height=900', '--/renderer/multiGpu/enabled=True', '--/app/fastShutdown=True', '--/app/installSignalHandlers=0', '--ext-folder', '/workspace/isaaclab/_isaac_sim/exts', '--ext-folder', '/workspace/isaaclab/_isaac_sim/apps', '--/renderer/activeGpu=0', '--/physics/cudaDevice=0', '--/plugins/carb.tasking.plugin/threadCount=20', '--/plugins/omni.tbb.globalcontrol/maxThreadCount=20', '--portable', '--no-window', '--/app/window/hideUi=True']
Passing the following args to the base kit application:  ['--mode', 'standing', '--num-envs', '32', '--steps', '1000', '--geometry-reference', '/workspace/hexapod/robot/hexapod_mkii_length_study/candidate_c_reference.json', '--package', '/study', '--variant', 'f050_t060', '--stance-index', '0', '--output', '/outputs/standing', '--headless', '--device', 'cuda:0', '--info', '--kit_args=--/exts/omni.kit.telemetry/skipDeferredStartup=true --/app/extensions/excluded/4=omni.kit.telemetry', '--/exts/omni.kit.telemetry/skipDeferredStartup=true', '--/app/extensions/excluded/4=omni.kit.telemetry']
Loading user config located at: '/isaac-sim/kit/data/Kit/IsaacLab/3.0/user.config.json'
2026-09-10T13:53:08Z [0ms] [Info] [omni.kit.app.plugin] App Name: 'IsaacLab', App Version: '3.0.0', Kit Version: '110.1.2+production.326809.f9bf0dda.gl', Kernel Version: '210.1.11+release.13746.80f6dc72.gl'
2026-09-10T13:53:08Z [0ms] [Info] [omni.kit.app.plugin] Cmd: /workspace/isaaclab/_isaac_sim/exts/isaacsim.simulation_app/isaacsim/simulation_app/simulation_app.py /workspace/isaaclab/apps/isaaclab.python.headless.kit --/app/tokens/exe-path=/workspace/isaaclab/_isaac_sim/kit --/persistent/app/viewport/displayOptions=3094 --/rtx/materialDb/syncLoads=True --/rtx/hydra/materialSyncLoads=True --/omni/kit/plugin/syncUsdLoads=True --/app/renderer/resolution/width=1280 --/app/renderer/resolution/height=720 --/app/window/width=1440 --/app/window/height=900 --/renderer/multiGpu/enabled=True --/app/fastShutdown=True --/app/installSignalHandlers=0 --ext-folder /workspace/isaaclab/_isaac_sim/exts --ext-folder /workspace/isaaclab/_isaac_sim/apps --/renderer/activeGpu=0 --/physics/cudaDevice=0 --/plugins/carb.tasking.plugin/threadCount=20 --/plugins/omni.tbb.globalcontrol/maxThreadCount=20 --portable --no-window --/app/window/hideUi=True --mode standing --num-envs 32 --steps 1000 --geometry-reference /workspace/hexapod/robot/hexapod_mkii_length_study/candidate_c_reference.json --package /study --variant f050_t060 --stance-index 0 --output /outputs/standing --headless --device cuda:0 --info "--kit_args=--/exts/omni.kit.telemetry/skipDeferredStartup=true --/app/extensions/excluded/4=omni.kit.telemetry" --/exts/omni.kit.telemetry/skipDeferredStartup=true --/app/extensions/excluded/4=omni.kit.telemetry
2026-09-10T13:53:08Z [0ms] [Info] [omni.kit.app.plugin] Applied configs: [/isaac-sim/kit/kernel/config/kit-core.json, /workspace/isaaclab/apps/isaaclab.python.headless.kit, /isaac-sim/kit/data/Kit/IsaacLab/3.0/user.config.json]
2026-09-10T13:53:08Z [0ms] [Info] [omni.kit.app.plugin] Non-existent configs: [/isaac-sim/kit/omni_configs/privacy.toml, /workspace/isaaclab/apps/isaaclab.python.headless.gen.kit, /root/Documents/Kit/shared/user.toml, /workspace/isaaclab/apps/deps/user.toml, /workspace/isaaclab/apps/deps/isaaclab.python.headless/user.toml, /workspace/isaaclab/deps/user.toml, /workspace/isaaclab/deps/isaaclab.python.headless/user.toml, /workspace/deps/user.toml, /workspace/deps/isaaclab.python.headless/user.toml, /deps/user.toml, /deps/isaaclab.python.headless/user.toml, /deps/user.toml, /deps/isaaclab.python.headless/user.toml, /usr/share/NVIDIA Corporation/kit/kit.config.toml, /usr/share/NVIDIA Corporation/kit/isaaclab.python.headless/kit.config.toml]
2026-09-10T13:53:08Z [0ms] [Info] [omni.kit.app.plugin] Portable Root: '/isaac-sim/kit'
2026-09-10T13:53:08Z [0ms] [Info] [omni.kit.app.plugin] Tokens:
{
    "exe-filename": "python3.12",
    "local-config-path": "/outputs",
    "custom-config-path": "/outputs",
    "cli-config-path": "/outputs",
    "omni_config": "/isaac-sim/kit/omni_configs",
    "omni_data": "/isaac-sim/kit/data",
    "omni_logs": "/isaac-sim/kit/logs",
    "omni_cache": "/isaac-sim/kit/cache",
    "omni_global_config": "/root/.nvidia-omniverse/config",
    "omni_global_data": "/root/.local/share/ov/data",
    "omni_global_logs": "/root/.nvidia-omniverse/logs",
    "omni_global_cache": "/root/.cache/ov",
    "temp": "/tmp/carb.0KfNvF",
    "kit": "/isaac-sim/kit",
    "drive": "/",
    "app": "/workspace/isaaclab/apps",
    "resources": "/isaac-sim/kit/resources",
    "fonts": "/isaac-sim/kit/resources/fonts",
    "glyphs": "/isaac-sim/kit/resources/glyphs",
    "icons": "/isaac-sim/kit/resources/icons",
    "sounds": "/isaac-sim/kit/resources/sounds",
    "models": "/isaac-sim/kit/resources/models",
    "materials": "/isaac-sim/kit/resources/materials",
    "config": "release",
    "platform": "linux-aarch64",
    "bindings_ext": ".so",
    "exe_ext": "",
    "shell_ext": ".sh",
    "lib_ext": ".so",
    "lib_prefix": "lib",
    "session_id": "1696370995307629827",
    "omni_documents": "/root/Documents",
    "shared_documents": "/root/Documents/Kit/shared",
    "omni_program_data": "/usr/share",
    "shared_program_data": "/usr/share/NVIDIA Corporation/kit",
    "app_program_data": "/usr/share/NVIDIA Corporation/kit/isaaclab.python.headless",
    "kit_version": "110.1.2+production.326809.f9bf0dda.gl",
    "usd_version": "25.11",
    "python_version": "3.12",
    "python": "/isaac-sim/kit/python/bin/python3",
    "kit_version_short": "110.1",
    "kit_version_major": "110",
    "kit_version_minor": "1",
    "kit_version_patch": "2",
    "kit_git_hash": "f9bf0dda",
    "app_version": "3.0.0",
    "app_version_short": "3.0",
    "app_name": "IsaacLab",
    "app_filename": "isaaclab.python.headless",
    "data": "/isaac-sim/kit/data/Kit/IsaacLab/3.0",
    "logs": "/isaac-sim/kit/logs/Kit/IsaacLab/3.0",
    "cache": "/isaac-sim/kit/cache/Kit/110.1/f9bf0dda",
    "appcache": "/isaac-sim/kit/cache/Kit/110.1/f9bf0dda",
    "cache_postfix": "Kit/110.1/f9bf0dda",
    "app_documents": "/root/Documents/Kit/apps/IsaacLab",
    "documents": "/root/Documents/Kit/apps/IsaacLab",
    "start_timestamp": "20260910_135308",
    "log_file": "/isaac-sim/kit/logs/Kit/IsaacLab/3.0/kit_20260910_135308.log",
    "exe-path": "/workspace/isaaclab/_isaac_sim/kit"
}
2026-09-10T13:53:08Z [0ms] [Info] [omni.ext.plugin] Extension path: '/workspace/isaaclab/_isaac_sim/isaacsim/extsPhysics' doesn't exist.
2026-09-10T13:53:08Z [0ms] [Info] [omni.ext.plugin] Creating a new dir for extension path: '/workspace/isaaclab/_isaac_sim/isaacsim/extsPhysics'
2026-09-10T13:53:08Z [0ms] [Info] [omni.ext.plugin] Extension path: '/workspace/isaaclab/_isaac_sim/isaacsim/extscache' doesn't exist.
2026-09-10T13:53:08Z [0ms] [Info] [omni.ext.plugin] Creating a new dir for extension path: '/workspace/isaaclab/_isaac_sim/isaacsim/extscache'
2026-09-10T13:53:08Z [0ms] [Info] [omni.ext.plugin] Extension path: '/workspace/isaaclab/_isaac_sim/isaacsim/exts' doesn't exist.
2026-09-10T13:53:08Z [0ms] [Info] [omni.ext.plugin] Creating a new dir for extension path: '/workspace/isaaclab/_isaac_sim/isaacsim/exts'
2026-09-10T13:53:08Z [0ms] [Info] [omni.ext.plugin] Extension path: '/workspace/isaaclab/_isaac_sim/extsPhysics' doesn't exist.
2026-09-10T13:53:08Z [0ms] [Info] [omni.ext.plugin] Creating a new dir for extension path: '/workspace/isaaclab/_isaac_sim/extsPhysics'
2026-09-10T13:53:08Z [0ms] [Info] [omni.ext.plugin] Extension path: '/workspace/isaaclab/_isaac_sim/kit/exts' doesn't exist.
2026-09-10T13:53:08Z [0ms] [Info] [omni.ext.plugin] Creating a new dir for extension path: '/workspace/isaaclab/_isaac_sim/kit/exts'
2026-09-10T13:53:08Z [0ms] [Info] [omni.ext.plugin] Extension path: '/isaac-sim/kit/exts' doesn't exist.
2026-09-10T13:53:08Z [0ms] [Info] [omni.ext.plugin] Creating a new dir for extension path: '/isaac-sim/kit/exts'
2026-09-10T13:53:08Z [0ms] [Info] [omni.ext.plugin] [ext manager] preferLocalVersions: 1
2026-09-10T13:53:08Z [0ms] [Info] [omni.ext.plugin] Extension system targets:
  kitHash: f9bf0dda
  config: release
  python: cp312
  usd: u7f41+stock+25.11+cxx11
  platform: linux-aarch64
  kit: 110.1.2
2026-09-10T13:53:08Z [0ms] [Info] [omni.ext.plugin] Searching for extensions in: '/workspace/isaaclab/apps/isaaclab.python.headless.kit' (path type: 1, dev: 0)
2026-09-10T13:53:08Z [0ms] [Info] [omni.ext.plugin] Searching for extensions in: '/isaac-sim/kit/data/Kit/IsaacLab/3.0/exts/3' (path type: 4, dev: 0)
2026-09-10T13:53:08Z [0ms] [Info] [omni.ext.plugin] Searching for extensions in: '/isaac-sim/apps' (path type: 0, dev: 0)
2026-09-10T13:53:08Z [0ms] [Info] [omni.ext.plugin] Searching for extensions in: '/isaac-sim/exts' (path type: 0, dev: 0)
2026-09-10T13:53:08Z [1ms] [Info] [omni.ext.plugin] Searching for extensions in: '/workspace/isaaclab/source' (path type: 0, dev: 0)
2026-09-10T13:53:08Z [1ms] [Info] [omni.ext.plugin] Searching for extensions in: '/workspace/isaaclab/apps' (path type: 0, dev: 0)
2026-09-10T13:53:08Z [1ms] [Warning] [omni.ext.plugin] [ext: isaaclab_visualizers] Extensions config 'extension.toml' doesn't exist '/workspace/isaaclab/source/isaaclab_visualizers' or '/workspace/isaaclab/source/isaaclab_visualizers/config'
2026-09-10T13:53:08Z [1ms] [Info] [carb] Initializing plugin: carb.variant.plugin (interfaces: [carb::variant::IVariant v0.1]) (impl: carb.variant.plugin)
2026-09-10T13:53:08Z [1ms] [Info] [omni.ext.plugin] Searching for extensions in: '' (path type: 0, dev: 0)
2026-09-10T13:53:08Z [1ms] [Info] [omni.ext.plugin] Searching for extensions in: '/isaac-sim/extscache' (path type: 0, dev: 0)
2026-09-10T13:53:08Z [1ms] [Warning] [omni.ext.plugin] [ext: inputs] Extensions config 'extension.toml' doesn't exist '/outputs/inputs' or '/outputs/inputs/config'
2026-09-10T13:53:08Z [2ms] [Warning] [omni.ext.plugin] [ext: standing] Extensions config 'extension.toml' doesn't exist '/outputs/standing' or '/outputs/standing/config'
2026-09-10T13:53:08Z [2ms] [Warning] [omni.ext.plugin] [ext: logs] Extensions config 'extension.toml' doesn't exist '/outputs/logs' or '/outputs/logs/config'
2026-09-10T13:53:08Z [2ms] [Warning] [omni.ext.plugin] [ext: jobs] Extensions config 'extension.toml' doesn't exist '/outputs/jobs' or '/outputs/jobs/config'
2026-09-10T13:53:08Z [4ms] [Info] [omni.ext.plugin] Searching for extensions in: '/isaac-sim/kit/extscore' (path type: 0, dev: 0)
2026-09-10T13:53:08Z [4ms] [Info] [omni.ext.plugin] Searching for extensions in: '/root/Documents/Kit/shared/exts' (path type: 0, dev: 0)
2026-09-10T13:53:08Z [4ms] [Info] [omni.ext.plugin] Searching for extensions in: '/root/Documents/Kit/apps/IsaacLab/exts' (path type: 0, dev: 0)
2026-09-10T13:53:08Z [4ms] [Info] [omni.ext.plugin] Searching for extensions in: '/isaac-sim/kit/apps' (path type: 0, dev: 0)
2026-09-10T13:53:08Z [9ms] [Info] [omni.ext.plugin] Registered 638 extension(s), 0 unsuitable:
  [ext: isaacsim.exp.action_and_event_data_generation.base-0.4.0] registered (path: /isaac-sim/apps/isaacsim.exp.action_and_event_data_generation.base.kit)
  [ext: isaacsim.exp.action_and_event_data_generation.full-0.4.0] registered (path: /isaac-sim/apps/isaacsim.exp.action_and_event_data_generation.full.kit)
  [ext: isaacsim.exp.base-6.0.1] registered (path: /isaac-sim/apps/isaacsim.exp.base.kit)
  [ext: isaacsim.exp.base.python-6.0.1] registered (path: /isaac-sim/apps/isaacsim.exp.base.python.kit)
  [ext: isaacsim.exp.base.xr.vr-6.0.1] registered (path: /isaac-sim/apps/isaacsim.exp.base.xr.vr.kit)
  [ext: isaacsim.exp.base.zero_delay-6.0.1] registered (path: /isaac-sim/apps/isaacsim.exp.base.zero_delay.kit)
  [ext: isaacsim.exp.compatibility_check-6.0.1] registered (path: /isaac-sim/apps/isaacsim.exp.compatibility_check.kit)
  [ext: isaacsim.exp.full.fabric-6.0.1] registered (path: /isaac-sim/apps/isaacsim.exp.full.fabric.kit)
  [ext: isaacsim.exp.full-6.0.1] registered (path: /isaac-sim/apps/isaacsim.exp.full.kit)
  [ext: isaacsim.exp.full.newton-6.0.1] registered (path: /isaac-sim/apps/isaacsim.exp.full.newton.kit)
  [ext: isaacsim.exp.full.streaming-6.0.1] registered (path: /isaac-sim/apps/isaacsim.exp.full.streaming.kit)
  [ext: isaacsim.exp.uidoc-6.0.1] registered (path: /isaac-sim/apps/isaacsim.exp.uidoc.kit)
  [ext: isaacsim.app.about-2.3.1] registered (path: /isaac-sim/exts/isaacsim.app.about)
  [ext: isaacsim.app.setup-1.12.0] registered (path: /isaac-sim/exts/isaacsim.app.setup)
  [ext: isaacsim.asset.exporter.urdf-2.0.5] registered (path: /isaac-sim/exts/isaacsim.asset.exporter.urdf)
  [ext: isaacsim.asset.exporter.urdf.ui-1.0.2] registered (path: /isaac-sim/exts/isaacsim.asset.exporter.urdf.ui)
  [ext: isaacsim.asset.gen.conveyor-1.2.3] registered (path: /isaac-sim/exts/isaacsim.asset.gen.conveyor)
  [ext: isaacsim.asset.gen.conveyor.ui-2.3.1] registered (path: /isaac-sim/exts/isaacsim.asset.gen.conveyor.ui)
  [ext: isaacsim.asset.gen.omap-2.3.2] registered (path: /isaac-sim/exts/isaacsim.asset.gen.omap)
  [ext: isaacsim.asset.gen.omap.ui-2.6.1] registered (path: /isaac-sim/exts/isaacsim.asset.gen.omap.ui)
  [ext: isaacsim.asset.importer.heightmap-2.3.4] registered (path: /isaac-sim/exts/isaacsim.asset.importer.heightmap)
  [ext: isaacsim.asset.importer.mjcf-3.10.1] registered (path: /isaac-sim/exts/isaacsim.asset.importer.mjcf)
  [ext: isaacsim.asset.importer.mjcf.ui-1.4.4] registered (path: /isaac-sim/exts/isaacsim.asset.importer.mjcf.ui)
  [ext: isaacsim.asset.importer.urdf-3.11.2] registered (path: /isaac-sim/exts/isaacsim.asset.importer.urdf)
  [ext: isaacsim.asset.importer.urdf.ui-1.4.3] registered (path: /isaac-sim/exts/isaacsim.asset.importer.urdf.ui)
  [ext: isaacsim.asset.importer.utils-1.8.1] registered (path: /isaac-sim/exts/isaacsim.asset.importer.utils)
  [ext: isaacsim.asset.transformer-1.2.5] registered (path: /isaac-sim/exts/isaacsim.asset.transformer)
  [ext: isaacsim.asset.transformer.rules-1.7.10] registered (path: /isaac-sim/exts/isaacsim.asset.transformer.rules)
  [ext: isaacsim.asset.transformer.ui-1.1.2] registered (path: /isaac-sim/exts/isaacsim.asset.transformer.ui)
  [ext: isaacsim.asset.validation-1.3.6] registered (path: /isaac-sim/exts/isaacsim.asset.validation)
  [ext: isaacsim.benchmark.services-4.2.3] registered (path: /isaac-sim/exts/isaacsim.benchmark.services)
  [ext: isaacsim.code_editor.jupyter-1.2.1] registered (path: /isaac-sim/exts/isaacsim.code_editor.jupyter)
  [ext: isaacsim.code_editor.python_server-1.3.1] registered (path: /isaac-sim/exts/isaacsim.code_editor.python_server)
  [ext: isaacsim.code_editor.vscode-1.2.3] registered (path: /isaac-sim/exts/isaacsim.code_editor.vscode)
  [ext: isaacsim.core.cloner-1.7.3] registered (path: /isaac-sim/exts/isaacsim.core.cloner)
  [ext: isaacsim.core.deprecation_manager-0.4.2] registered (path: /isaac-sim/exts/isaacsim.core.deprecation_manager)
  [ext: isaacsim.core.experimental.actuators-0.1.2] registered (path: /isaac-sim/exts/isaacsim.core.experimental.actuators)
  [ext: isaacsim.core.experimental.materials-0.7.1] registered (path: /isaac-sim/exts/isaacsim.core.experimental.materials)
  [ext: isaacsim.core.experimental.objects-0.8.1] registered (path: /isaac-sim/exts/isaacsim.core.experimental.objects)
  [ext: isaacsim.core.experimental.primdata-0.3.2] registered (path: /isaac-sim/exts/isaacsim.core.experimental.primdata)
  [ext: isaacsim.core.experimental.prims-1.8.9] registered (path: /isaac-sim/exts/isaacsim.core.experimental.prims)
  [ext: isaacsim.core.experimental.utils-0.17.2] registered (path: /isaac-sim/exts/isaacsim.core.experimental.utils)
  [ext: isaacsim.core.includes-2.9.1] registered (path: /isaac-sim/exts/isaacsim.core.includes)
  [ext: isaacsim.core.nodes-5.10.5] registered (path: /isaac-sim/exts/isaacsim.core.nodes)
  [ext: isaacsim.core.rendering_manager-0.4.3] registered (path: /isaac-sim/exts/isaacsim.core.rendering_manager)
  [ext: isaacsim.core.simulation_manager-1.15.6] registered (path: /isaac-sim/exts/isaacsim.core.simulation_manager)
  [ext: isaacsim.core.telemetry-2.0.1] registered (path: /isaac-sim/exts/isaacsim.core.telemetry)
  [ext: isaacsim.core.throttling-2.3.5] registered (path: /isaac-sim/exts/isaacsim.core.throttling)
  [ext: isaacsim.core.version-2.1.1] registered (path: /isaac-sim/exts/isaacsim.core.version)
  [ext: isaacsim.examples.base-1.3.2] registered (path: /isaac-sim/exts/isaacsim.examples.base)
  [ext: isaacsim.examples.browser-0.3.2] registered (path: /isaac-sim/exts/isaacsim.examples.browser)
  [ext: isaacsim.examples.interactive-4.16.1] registered (path: /isaac-sim/exts/isaacsim.examples.interactive)
  [ext: isaacsim.examples.ipc-1.0.2] registered (path: /isaac-sim/exts/isaacsim.examples.ipc)
  [ext: isaacsim.examples.ui-1.2.3] registered (path: /isaac-sim/exts/isaacsim.examples.ui)
  [ext: isaacsim.gui.components-1.8.5] registered (path: /isaac-sim/exts/isaacsim.gui.components)
  [ext: isaacsim.gui.content_browser-0.4.3] registered (path: /isaac-sim/exts/isaacsim.gui.content_browser)
  [ext: isaacsim.gui.menu-2.10.5] registered (path: /isaac-sim/exts/isaacsim.gui.menu)
  [ext: isaacsim.gui.property-1.6.4] registered (path: /isaac-sim/exts/isaacsim.gui.property)
  [ext: isaacsim.gui.sensors.icon-2.2.1] registered (path: /isaac-sim/exts/isaacsim.gui.sensors.icon)
  [ext: isaacsim.hsb.bridge-1.0.2] registered (path: /isaac-sim/exts/isaacsim.hsb.bridge)
  [ext: isaacsim.hsb.core-1.0.1] registered (path: /isaac-sim/exts/isaacsim.hsb.core)
  [ext: isaacsim.hsb.nodes-1.0.3] registered (path: /isaac-sim/exts/isaacsim.hsb.nodes)
  [ext: isaacsim.physics.newton-0.8.1] registered (path: /isaac-sim/exts/isaacsim.physics.newton)
  [ext: isaacsim.physics.newton.tensors-0.1.9] registered (path: /isaac-sim/exts/isaacsim.physics.newton.tensors)
  [ext: isaacsim.physics.newton.ui-1.3.1] registered (path: /isaac-sim/exts/isaacsim.physics.newton.ui)
  [ext: isaacsim.pip.newton-0.6.1] registered (path: /isaac-sim/exts/isaacsim.pip.newton)
  [ext: isaacsim.replicator.behavior-1.5.4] registered (path: /isaac-sim/exts/isaacsim.replicator.behavior)
  [ext: isaacsim.replicator.behavior.ui-1.2.1] registered (path: /isaac-sim/exts/isaacsim.replicator.behavior.ui)
  [ext: isaacsim.replicator.episode_recorder-0.1.4] registered (path: /isaac-sim/exts/isaacsim.replicator.episode_recorder)
  [ext: isaacsim.replicator.episode_recorder.ui-0.1.3] registered (path: /isaac-sim/exts/isaacsim.replicator.episode_recorder.ui)
  [ext: isaacsim.replicator.examples-1.11.6] registered (path: /isaac-sim/exts/isaacsim.replicator.examples)
  [ext: isaacsim.replicator.experimental.domain_randomization-1.2.5] registered (path: /isaac-sim/exts/isaacsim.replicator.experimental.domain_randomization)
  [ext: isaacsim.replicator.experimental.mobility_gen-0.2.10] registered (path: /isaac-sim/exts/isaacsim.replicator.experimental.mobility_gen)
  [ext: isaacsim.replicator.grasping-1.1.5] registered (path: /isaac-sim/exts/isaacsim.replicator.grasping)
  [ext: isaacsim.replicator.grasping.ui-1.1.3] registered (path: /isaac-sim/exts/isaacsim.replicator.grasping.ui)
  [ext: isaacsim.replicator.mobility_gen.examples-0.3.4] registered (path: /isaac-sim/exts/isaacsim.replicator.mobility_gen.examples)
  [ext: isaacsim.replicator.mobility_gen.ui-0.4.8] registered (path: /isaac-sim/exts/isaacsim.replicator.mobility_gen.ui)
  [ext: isaacsim.replicator.nurec_utils-0.1.2] registered (path: /isaac-sim/exts/isaacsim.replicator.nurec_utils)
  [ext: isaacsim.replicator.synthetic_recorder-2.4.5] registered (path: /isaac-sim/exts/isaacsim.replicator.synthetic_recorder)
  [ext: isaacsim.replicator.writers-1.5.4] registered (path: /isaac-sim/exts/isaacsim.replicator.writers)
  [ext: isaacsim.robot.experimental.manipulators.examples-0.2.1] registered (path: /isaac-sim/exts/isaacsim.robot.experimental.manipulators.examples)
  [ext: isaacsim.robot.experimental.wheeled_robots-0.2.11] registered (path: /isaac-sim/exts/isaacsim.robot.experimental.wheeled_robots)
  [ext: isaacsim.robot.policy.examples-5.2.12] registered (path: /isaac-sim/exts/isaacsim.robot.policy.examples)
  [ext: isaacsim.robot.poser-1.1.3] registered (path: /isaac-sim/exts/isaacsim.robot.poser)
  [ext: isaacsim.robot.poser.ui-1.1.1] registered (path: /isaac-sim/exts/isaacsim.robot.poser.ui)
  [ext: isaacsim.robot.schema-6.3.7] registered (path: /isaac-sim/exts/isaacsim.robot.schema)
  [ext: isaacsim.robot.schema.ui-0.3.5] registered (path: /isaac-sim/exts/isaacsim.robot.schema.ui)
  [ext: isaacsim.robot.surface_gripper-3.6.2] registered (path: /isaac-sim/exts/isaacsim.robot.surface_gripper)
  [ext: isaacsim.robot.surface_gripper.ui-3.1.4] registered (path: /isaac-sim/exts/isaacsim.robot.surface_gripper.ui)
  [ext: isaacsim.robot.wheeled_robots.nodes-0.1.5] registered (path: /isaac-sim/exts/isaacsim.robot.wheeled_robots.nodes)
  [ext: isaacsim.robot.wheeled_robots.ui-2.3.3] registered (path: /isaac-sim/exts/isaacsim.robot.wheeled_robots.ui)
  [ext: isaacsim.robot_motion.cumotion-1.3.1] registered (path: /isaac-sim/exts/isaacsim.robot_motion.cumotion)
  [ext: isaacsim.robot_motion.cumotion.examples-0.4.1] registered (path: /isaac-sim/exts/isaacsim.robot_motion.cumotion.examples)
  [ext: isaacsim.robot_motion.experimental.motion_generation-6.1.3] registered (path: /isaac-sim/exts/isaacsim.robot_motion.experimental.motion_generation)
  [ext: isaacsim.robot_motion.schema-0.2.1] registered (path: /isaac-sim/exts/isaacsim.robot_motion.schema)
  [ext: isaacsim.robot_setup.assembler-3.3.3] registered (path: /isaac-sim/exts/isaacsim.robot_setup.assembler)
  [ext: isaacsim.robot_setup.collision_detector-0.2.1] registered (path: /isaac-sim/exts/isaacsim.robot_setup.collision_detector)
  [ext: isaacsim.robot_setup.gain_tuner-3.5.3] registered (path: /isaac-sim/exts/isaacsim.robot_setup.gain_tuner)
  [ext: isaacsim.robot_setup.grasp_editor-2.3.3] registered (path: /isaac-sim/exts/isaacsim.robot_setup.grasp_editor)
  [ext: isaacsim.robot_setup.xrdf_editor-3.6.2] registered (path: /isaac-sim/exts/isaacsim.robot_setup.xrdf_editor)
  [ext: isaacsim.ros2.bridge-5.1.2] registered (path: /isaac-sim/exts/isaacsim.ros2.bridge)
  [ext: isaacsim.ros2.core-1.9.4] registered (path: /isaac-sim/exts/isaacsim.ros2.core)
  [ext: isaacsim.ros2.examples-1.2.4] registered (path: /isaac-sim/exts/isaacsim.ros2.examples)
  [ext: isaacsim.ros2.nodes-1.18.13] registered (path: /isaac-sim/exts/isaacsim.ros2.nodes)
  [ext: isaacsim.ros2.sim_control-1.6.6] registered (path: /isaac-sim/exts/isaacsim.ros2.sim_control)
  [ext: isaacsim.ros2.tf_viewer-2.3.3] registered (path: /isaac-sim/exts/isaacsim.ros2.tf_viewer)
  [ext: isaacsim.ros2.ui-1.6.5] registered (path: /isaac-sim/exts/isaacsim.ros2.ui)
  [ext: isaacsim.ros2.urdf-2.3.7] registered (path: /isaac-sim/exts/isaacsim.ros2.urdf)
  [ext: isaacsim.sensors.camera.ui-0.7.2] registered (path: /isaac-sim/exts/isaacsim.sensors.camera.ui)
  [ext: isaacsim.sensors.experimental.physics-3.0.2] registered (path: /isaac-sim/exts/isaacsim.sensors.experimental.physics)
  [ext: isaacsim.sensors.experimental.rtx-1.4.6] registered (path: /isaac-sim/exts/isaacsim.sensors.experimental.rtx)
  [ext: isaacsim.sensors.physics.examples-1.2.4] registered (path: /isaac-sim/exts/isaacsim.sensors.physics.examples)
  [ext: isaacsim.sensors.physics.nodes-1.5.3] registered (path: /isaac-sim/exts/isaacsim.sensors.physics.nodes)
  [ext: isaacsim.sensors.physics.ui-1.2.2] registered (path: /isaac-sim/exts/isaacsim.sensors.physics.ui)
  [ext: isaacsim.sensors.rtx.nodes-0.1.2] registered (path: /isaac-sim/exts/isaacsim.sensors.rtx.nodes)
  [ext: isaacsim.sensors.rtx.ui-1.5.1] registered (path: /isaac-sim/exts/isaacsim.sensors.rtx.ui)
  [ext: isaacsim.simulation_app-2.18.4] registered (path: /isaac-sim/exts/isaacsim.simulation_app)
  [ext: isaacsim.storage.native-1.9.3] registered (path: /isaac-sim/exts/isaacsim.storage.native)
  [ext: isaacsim.streaming.rtsp-0.1.4] registered (path: /isaac-sim/exts/isaacsim.streaming.rtsp)
  [ext: isaacsim.test.collection-2.6.8] registered (path: /isaac-sim/exts/isaacsim.test.collection)
  [ext: isaacsim.test.docstring-1.3.2] registered (path: /isaac-sim/exts/isaacsim.test.docstring)
  [ext: isaacsim.test.utils-0.14.7] registered (path: /isaac-sim/exts/isaacsim.test.utils)
  [ext: isaacsim.ucx.bridge-1.2.2] registered (path: /isaac-sim/exts/isaacsim.ucx.bridge)
  [ext: isaacsim.ucx.core-1.4.4] registered (path: /isaac-sim/exts/isaacsim.ucx.core)
  [ext: isaacsim.ucx.nodes-1.6.7] registered (path: /isaac-sim/exts/isaacsim.ucx.nodes)
  [ext: isaacsim.util.camera_inspector-1.2.2] registered (path: /isaac-sim/exts/isaacsim.util.camera_inspector)
  [ext: isaacsim.util.physics-1.2.2] registered (path: /isaac-sim/exts/isaacsim.util.physics)
  [ext: omni.isaac.core_archive-5.3.1] registered (path: /isaac-sim/exts/omni.isaac.core_archive)
  [ext: omni.kit.loop-isaac-1.6.0] registered (path: /isaac-sim/exts/omni.kit.loop-isaac)
  [ext: omni.pip.cloud-1.5.4] registered (path: /isaac-sim/exts/omni.pip.cloud)
  [ext: omni.pip.compute-1.9.2] registered (path: /isaac-sim/exts/omni.pip.compute)
  [ext: omni.usd.schema.mujoco-1.1.1] registered (path: /isaac-sim/exts/omni.usd.schema.mujoco)
  [ext: omni.usd.schema.newton-1.2.1] registered (path: /isaac-sim/exts/omni.usd.schema.newton)
  [ext: isaaclab-6.1.14] registered (path: /workspace/isaaclab/source/isaaclab)
  [ext: isaaclab_assets-0.3.4] registered (path: /workspace/isaaclab/source/isaaclab_assets)
  [ext: isaaclab_contrib-0.4.4] registered (path: /workspace/isaaclab/source/isaaclab_contrib)
  [ext: isaaclab_experimental-0.0.7] registered (path: /workspace/isaaclab/source/isaaclab_experimental)
  [ext: isaaclab_mimic-1.3.3] registered (path: /workspace/isaaclab/source/isaaclab_mimic)
  [ext: isaaclab_newton-0.13.6] registered (path: /workspace/isaaclab/source/isaaclab_newton)
  [ext: isaaclab_ov-0.4.2] registered (path: /workspace/isaaclab/source/isaaclab_ov)
  [ext: isaaclab_ovphysx-3.0.2] registered (path: /workspace/isaaclab/source/isaaclab_ovphysx)
  [ext: isaaclab_physx-1.1.3] registered (path: /workspace/isaaclab/source/isaaclab_physx)
  [ext: isaaclab_ppisp-0.2.0] registered (path: /workspace/isaaclab/source/isaaclab_ppisp)
  [ext: isaaclab_rl-0.5.5] registered (path: /workspace/isaaclab/source/isaaclab_rl)
  [ext: isaaclab_tasks-1.10.9] registered (path: /workspace/isaaclab/source/isaaclab_tasks)
  [ext: isaaclab_tasks_experimental-0.0.1] registered (path: /workspace/isaaclab/source/isaaclab_tasks_experimental)
  [ext: isaaclab_teleop-0.5.2] registered (path: /workspace/isaaclab/source/isaaclab_teleop)
  [ext: isaaclab.python.headless.rendering-3.0.0] registered (path: /workspace/isaaclab/apps/isaaclab.python.headless.rendering.kit)
  [ext: isaaclab.python-3.0.0] registered (path: /workspace/isaaclab/apps/isaaclab.python.kit)
  [ext: isaaclab.python.rendering-3.0.0] registered (path: /workspace/isaaclab/apps/isaaclab.python.rendering.kit)
  [ext: isaaclab.python.xr.openxr.headless-3.0.0] registered (path: /workspace/isaaclab/apps/isaaclab.python.xr.openxr.headless.kit)
  [ext: isaaclab.python.xr.openxr-3.0.0] registered (path: /workspace/isaaclab/apps/isaaclab.python.xr.openxr.kit)
  [ext: rendering_modes-0.0.0] registered (path: /workspace/isaaclab/apps/rendering_modes)
  [ext: carb.audio-0.1.0] registered (path: /isaac-sim/extscache/carb.audio-0.1.0+f9bf0dda.la64.r.cp312)
  [ext: carb.windowing.plugins-1.0.1] registered (path: /isaac-sim/extscache/carb.windowing.plugins-1.0.1+f9bf0dda.la64.r)
  [ext: isaacsim.action_and_event_data_generation.setup-0.6.0] registered (path: /isaac-sim/extscache/isaacsim.action_and_event_data_generation.setup-0.6.0)
  [ext: isaacsim.anim.robot.bt_nodes-0.1.1] registered (path: /isaac-sim/extscache/isaacsim.anim.robot.bt_nodes-0.1.1+110.1.2)
  [ext: isaacsim.anim.robot.core-1.4.2] registered (path: /isaac-sim/extscache/isaacsim.anim.robot.core-1.4.2+110.1.2.la64)
  [ext: isaacsim.anim.robot.schema-0.1.1] registered (path: /isaac-sim/extscache/isaacsim.anim.robot.schema-0.1.1+110.1.2)
  [ext: isaacsim.app.compatibility_check-1.1.4] registered (path: /isaac-sim/extscache/isaacsim.app.compatibility_check-1.1.4+110.1.2.la64.r.cp312)
  [ext: isaacsim.replicator.agent.core-1.6.8] registered (path: /isaac-sim/extscache/isaacsim.replicator.agent.core-1.6.8+110.1.2)
  [ext: isaacsim.replicator.agent.schema-0.1.1] registered (path: /isaac-sim/extscache/isaacsim.replicator.agent.schema-0.1.1+110.1.2)
  [ext: isaacsim.replicator.agent.ui-1.0.36] registered (path: /isaac-sim/extscache/isaacsim.replicator.agent.ui-1.0.36+110.1.2)
  [ext: isaacsim.replicator.caption.core-0.7.10] registered (path: /isaac-sim/extscache/isaacsim.replicator.caption.core-0.7.10+110.1.2.la64)
  [ext: isaacsim.replicator.incident.core-0.11.8] registered (path: /isaac-sim/extscache/isaacsim.replicator.incident.core-0.11.8+110.1.2.la64)
  [ext: isaacsim.replicator.incident.ui-0.6.4] registered (path: /isaac-sim/extscache/isaacsim.replicator.incident.ui-0.6.4+110.1.2.la64)
  [ext: isaacsim.replicator.object.core-0.11.12] registered (path: /isaac-sim/extscache/isaacsim.replicator.object.core-0.11.12+110.1.2.la64)
  [ext: isaacsim.replicator.object.ui-0.11.5] registered (path: /isaac-sim/extscache/isaacsim.replicator.object.ui-0.11.5+110.1.2.la64)
  [ext: isaacsim.sensors.rtx.calibration-0.3.10] registered (path: /isaac-sim/extscache/isaacsim.sensors.rtx.calibration-0.3.10+110.1.2)
  [ext: isaacsim.sensors.rtx.placement-0.16.10] registered (path: /isaac-sim/extscache/isaacsim.sensors.rtx.placement-0.16.10+110.1.2)
  [ext: isaacsim.util.debug_draw-3.2.3] registered (path: /isaac-sim/extscache/isaacsim.util.debug_draw-3.2.3+110.1.2.la64.r.cp312)
  [ext: omni.activity.core-1.0.3] registered (path: /isaac-sim/extscache/omni.activity.core-1.0.3+f9bf0dda.la64.r.cp312)
  [ext: omni.activity.profiler-1.0.4] registered (path: /isaac-sim/extscache/omni.activity.profiler-1.0.4+f9bf0dda.la64.r.cp312)
  [ext: omni.activity.pump-1.0.1] registered (path: /isaac-sim/extscache/omni.activity.pump-1.0.1+f9bf0dda.la64.r.cp312)
  [ext: omni.activity.ui-1.3.0] registered (path: /isaac-sim/extscache/omni.activity.ui-1.3.0+f9bf0dda.la64.r.cp312)
  [ext: omni.activity.usd_resolver-1.0.4] registered (path: /isaac-sim/extscache/omni.activity.usd_resolver-1.0.4+f9bf0dda.la64.r.cp312)
  [ext: omni.ai.behavior_tree_gen.bridge-1.0.4] registered (path: /isaac-sim/extscache/omni.ai.behavior_tree_gen.bridge-1.0.4+110.1.2.la64.cp312)
  [ext: omni.ai.behavior_tree_gen.core-1.0.2] registered (path: /isaac-sim/extscache/omni.ai.behavior_tree_gen.core-1.0.2+110.1.2.la64.cp312)
  [ext: omni.ai.langchain.agent.chat_iro-2.2.11] registered (path: /isaac-sim/extscache/omni.ai.langchain.agent.chat_iro-2.2.11+la64)
  [ext: omni.ai.langchain.core-2.3.1] registered (path: /isaac-sim/extscache/omni.ai.langchain.core-2.3.1+109.0.0.la64.cp312)
  [ext: omni.ai.langchain.widget.core-3.0.0] registered (path: /isaac-sim/extscache/omni.ai.langchain.widget.core-3.0.0+109.1.0.cp312)
  [ext: omni.anim.asset-110.1.0] registered (path: /isaac-sim/extscache/omni.anim.asset-110.1.0+110.1.1.la64.r.cp312.u7f4)
  [ext: omni.anim.behavior.bundle-110.1.0] registered (path: /isaac-sim/extscache/omni.anim.behavior.bundle-110.1.0+110.1.1)
  [ext: omni.anim.behavior.core-110.1.4] registered (path: /isaac-sim/extscache/omni.anim.behavior.core-110.1.4+110.1.1.la64.r.cp312.u7f4)
  [ext: omni.anim.behavior.schema-110.1.0] registered (path: /isaac-sim/extscache/omni.anim.behavior.schema-110.1.0+110.1.1.la64.r.cp312.u7f4)
  [ext: omni.anim.behavior.tree-110.1.3] registered (path: /isaac-sim/extscache/omni.anim.behavior.tree-110.1.3+la64.r.cp312)
  [ext: omni.anim.behavior.ui-110.1.4] registered (path: /isaac-sim/extscache/omni.anim.behavior.ui-110.1.4+110.1.1)
  [ext: omni.anim.curve.bundle-1.4.0] registered (path: /isaac-sim/extscache/omni.anim.curve.bundle-1.4.0+110.0.0.u7f4)
  [ext: omni.anim.curve.core-1.6.0] registered (path: /isaac-sim/extscache/omni.anim.curve.core-1.6.0+110.0.0.la64.r.cp312.u7f4)
  [ext: omni.anim.curve.ui-1.7.0] registered (path: /isaac-sim/extscache/omni.anim.curve.ui-1.7.0+110.0.0.u7f4)
  [ext: omni.anim.curve_editor-110.0.0] registered (path: /isaac-sim/extscache/omni.anim.curve_editor-110.0.0+110.0.0.u7f4)
  [ext: omni.anim.graph.bundle-110.1.1] registered (path: /isaac-sim/extscache/omni.anim.graph.bundle-110.1.1+110.1.1)
  [ext: omni.anim.graph.core-110.1.2] registered (path: /isaac-sim/extscache/omni.anim.graph.core-110.1.2+110.1.1.la64.r.cp312.u7f4)
  [ext: omni.anim.graph.schema-110.1.1] registered (path: /isaac-sim/extscache/omni.anim.graph.schema-110.1.1+110.1.1.la64.r.cp312.u7f4)
  [ext: omni.anim.graph.ui-110.1.2] registered (path: /isaac-sim/extscache/omni.anim.graph.ui-110.1.2+110.1.1)
  [ext: omni.anim.navigation.bundle-110.1.0] registered (path: /isaac-sim/extscache/omni.anim.navigation.bundle-110.1.0+110.1.1)
  [ext: omni.anim.navigation.core-110.1.4] registered (path: /isaac-sim/extscache/omni.anim.navigation.core-110.1.4+110.1.1.la64.r.cp312.u7f4)
  [ext: omni.anim.navigation.schema-110.1.0] registered (path: /isaac-sim/extscache/omni.anim.navigation.schema-110.1.0+110.1.1.la64.r.cp312.u7f4)
  [ext: omni.anim.navigation.ui-110.1.1] registered (path: /isaac-sim/extscache/omni.anim.navigation.ui-110.1.1+110.1.1)
  [ext: omni.anim.retarget.bundle-110.1.0] registered (path: /isaac-sim/extscache/omni.anim.retarget.bundle-110.1.0+110.1.1)
  [ext: omni.anim.retarget.core-110.1.0] registered (path: /isaac-sim/extscache/omni.anim.retarget.core-110.1.0+110.1.1.la64.r.cp312.u7f4)
  [ext: omni.anim.retarget.preview-110.1.0] registered (path: /isaac-sim/extscache/omni.anim.retarget.preview-110.1.0+110.1.1)
  [ext: omni.anim.retarget.ui-110.1.0] registered (path: /isaac-sim/extscache/omni.anim.retarget.ui-110.1.0+110.1.1)
  [ext: omni.anim.shared.core-110.0.0] registered (path: /isaac-sim/extscache/omni.anim.shared.core-110.0.0+110.0.0.la64.r.cp312.u7f4)
  [ext: omni.anim.skelJoint-110.1.0] registered (path: /isaac-sim/extscache/omni.anim.skelJoint-110.1.0+110.1.1.la64.r.cp312.u7f4)
  [ext: omni.anim.timeline-110.0.0] registered (path: /isaac-sim/extscache/omni.anim.timeline-110.0.0+110.0.0.la64.r.cp312.u7f4)
  [ext: omni.anim.widget.timeline-0.4.0] registered (path: /isaac-sim/extscache/omni.anim.widget.timeline-0.4.0+110.0.0.u7f4)
  [ext: omni.anim.window.timeline-110.0.1] registered (path: /isaac-sim/extscache/omni.anim.window.timeline-110.0.1+110.0.0.u7f4)
  [ext: omni.appwindow-1.2.2] registered (path: /isaac-sim/extscache/omni.appwindow-1.2.2+f9bf0dda.la64.r.cp312)
  [ext: omni.asset_validator.core-1.19.3] registered (path: /isaac-sim/extscache/omni.asset_validator.core-1.19.3)
  [ext: omni.asset_validator.ui-1.19.3] registered (path: /isaac-sim/extscache/omni.asset_validator.ui-1.19.3)
  [ext: omni.assets.plugins-0.0.0] registered (path: /isaac-sim/extscache/omni.assets.plugins-0.0.0+f9bf0dda.la64.r)
  [ext: omni.behavior.scripting.bundle-110.1.0] registered (path: /isaac-sim/extscache/omni.behavior.scripting.bundle-110.1.0+110.1.1)
  [ext: omni.behavior.scripting.core-110.1.0] registered (path: /isaac-sim/extscache/omni.behavior.scripting.core-110.1.0+110.1.1)
  [ext: omni.behavior.scripting.ui-110.1.0] registered (path: /isaac-sim/extscache/omni.behavior.scripting.ui-110.1.0+110.1.1)
  [ext: omni.behavior.tree.bundle-110.1.0] registered (path: /isaac-sim/extscache/omni.behavior.tree.bundle-110.1.0+110.1.1.u7f4)
  [ext: omni.behavior.tree.core-110.1.9] registered (path: /isaac-sim/extscache/omni.behavior.tree.core-110.1.9+110.1.1.la64.r.cp312.u7f4)
  [ext: omni.behavior.tree.schema-110.1.0] registered (path: /isaac-sim/extscache/omni.behavior.tree.schema-110.1.0+110.1.1.u7f4)
  [ext: omni.behavior.tree.ui-110.1.12] registered (path: /isaac-sim/extscache/omni.behavior.tree.ui-110.1.12+110.1.1)
  [ext: omni.blobkey-1.1.2] registered (path: /isaac-sim/extscache/omni.blobkey-1.1.2+f9bf0dda.la64.r)
  [ext: omni.client-1.3.0] registered (path: /isaac-sim/extscache/omni.client-1.3.0+f9bf0dda.la64.r)
  [ext: omni.convexdecomposition-110.1.13] registered (path: /isaac-sim/extscache/omni.convexdecomposition-110.1.13+110.1.2.la64.r.cp312.u7f4)
  [ext: omni.cubric-0.1.0] registered (path: /isaac-sim/extscache/omni.cubric-0.1.0+f9bf0dda.la64.r)
  [ext: omni.cuopt.examples-1.4.2] registered (path: /isaac-sim/extscache/omni.cuopt.examples-1.4.2+110.1.2)
  [ext: omni.cuopt.service-1.3.3] registered (path: /isaac-sim/extscache/omni.cuopt.service-1.3.3+110.1.2)
  [ext: omni.cuopt.visualization-1.4.2] registered (path: /isaac-sim/extscache/omni.cuopt.visualization-1.4.2+110.1.2)
  [ext: omni.curve.creator-110.0.0] registered (path: /isaac-sim/extscache/omni.curve.creator-110.0.0+110.0.0.la64.r.cp312.u7f4)
  [ext: omni.curve.manipulator-110.0.0] registered (path: /isaac-sim/extscache/omni.curve.manipulator-110.0.0+110.0.0.la64.r.cp312.u7f4)
  [ext: omni.datastore-0.0.0] registered (path: /isaac-sim/extscache/omni.datastore-0.0.0+f9bf0dda.la64.r)
  [ext: omni.debugdraw-0.1.4] registered (path: /isaac-sim/extscache/omni.debugdraw-0.1.4+f9bf0dda.la64.r.cp312)
  [ext: omni.fabric.commands-2.0.0] registered (path: /isaac-sim/extscache/omni.fabric.commands-2.0.0+f9bf0dda.la64.r.cp312)
  [ext: omni.flowusd-110.0.3] registered (path: /isaac-sim/extscache/omni.flowusd-110.0.3+110.0.0.la64.r.cp312.u7f4)
  [ext: omni.genproc.core-110.0.0] registered (path: /isaac-sim/extscache/omni.genproc.core-110.0.0+110.0.0.la64.r.cp312.u7f4)
  [ext: omni.gpu_foundation-0.0.0] registered (path: /isaac-sim/extscache/omni.gpu_foundation-0.0.0+f9bf0dda.la64.r.cp312)
  [ext: omni.gpu_foundation.shadercache.vulkan-1.0.0] registered (path: /isaac-sim/extscache/omni.gpu_foundation.shadercache.vulkan-1.0.0+f9bf0dda.la64.r)
  [ext: omni.gpucompute.plugins-0.0.0] registered (path: /isaac-sim/extscache/omni.gpucompute.plugins-0.0.0+f9bf0dda.la64.r)
  [ext: omni.graph-1.142.5] registered (path: /isaac-sim/extscache/omni.graph-1.142.5+f9bf0dda.la64.r.cp312)
  [ext: omni.graph.action-2.10.2] registered (path: /isaac-sim/extscache/omni.graph.action-2.10.2+110.0.0)
  [ext: omni.graph.action_core-1.1.9] registered (path: /isaac-sim/extscache/omni.graph.action_core-1.1.9+f9bf0dda.la64.r.cp312)
  [ext: omni.graph.action_nodes-2.11.0] registered (path: /isaac-sim/extscache/omni.graph.action_nodes-2.11.0+110.0.0.la64.r.cp312.u7f4)
  [ext: omni.graph.action_nodes_core-2.11.0] registered (path: /isaac-sim/extscache/omni.graph.action_nodes_core-2.11.0+110.0.0.la64.r.cp312.u7f4)
  [ext: omni.graph.bundle.action-3.10.2] registered (path: /isaac-sim/extscache/omni.graph.bundle.action-3.10.2+110.0.0)
  [ext: omni.graph.core-3.1.2] registered (path: /isaac-sim/extscache/omni.graph.core-3.1.2+f9bf0dda.la64.r)
  [ext: omni.graph.examples.cpp-2.11.0] registered (path: /isaac-sim/extscache/omni.graph.examples.cpp-2.11.0+110.0.0.la64.r.cp312.u7f4)
  [ext: omni.graph.exec-0.9.6] registered (path: /isaac-sim/extscache/omni.graph.exec-0.9.6+f9bf0dda.la64.r)
  [ext: omni.graph.image.core-0.6.1] registered (path: /isaac-sim/extscache/omni.graph.image.core-0.6.1+f9bf0dda.la64.r)
  [ext: omni.graph.image.nodes-1.3.1] registered (path: /isaac-sim/extscache/omni.graph.image.nodes-1.3.1+f9bf0dda.la64.r)
  [ext: omni.graph.nodes-2.12.0] registered (path: /isaac-sim/extscache/omni.graph.nodes-2.12.0+110.0.0.la64.r.cp312.u7f4)
  [ext: omni.graph.nodes_core-2.11.0] registered (path: /isaac-sim/extscache/omni.graph.nodes_core-2.11.0+110.0.0.la64.r.cp312.u7f4)
  [ext: omni.graph.scriptnode-2.10.2] registered (path: /isaac-sim/extscache/omni.graph.scriptnode-2.10.2+110.0.0)
  [ext: omni.graph.telemetry-3.11.1] registered (path: /isaac-sim/extscache/omni.graph.telemetry-3.11.1+110.0.0.la64.r.cp312.u7f4)
  [ext: omni.graph.tools-1.81.0] registered (path: /isaac-sim/extscache/omni.graph.tools-1.81.0+f9bf0dda)
  [ext: omni.graph.ui-2.10.3] registered (path: /isaac-sim/extscache/omni.graph.ui-2.10.3+110.0.0.la64.r.cp312)
  [ext: omni.graph.ui_nodes-2.11.1] registered (path: /isaac-sim/extscache/omni.graph.ui_nodes-2.11.1+110.0.0.la64.r.cp312.u7f4)
  [ext: omni.graph.visualization.nodes-2.1.4] registered (path: /isaac-sim/extscache/omni.graph.visualization.nodes-2.1.4)
  [ext: omni.graph.window.action-2.10.2] registered (path: /isaac-sim/extscache/omni.graph.window.action-2.10.2+110.0.0)
  [ext: omni.graph.window.core-3.10.4] registered (path: /isaac-sim/extscache/omni.graph.window.core-3.10.4+110.0.0)
  [ext: omni.graph.window.generic-2.10.2] registered (path: /isaac-sim/extscache/omni.graph.window.generic-2.10.2+110.0.0)
  [ext: omni.grpc.lib-1.0.0] registered (path: /isaac-sim/extscache/omni.grpc.lib-1.0.0+f9bf0dda.la64.r)
  [ext: omni.hsscclient-1.1.4] registered (path: /isaac-sim/extscache/omni.hsscclient-1.1.4+f9bf0dda.la64.r.cp312)
  [ext: omni.hydra.engine.stats-1.0.5] registered (path: /isaac-sim/extscache/omni.hydra.engine.stats-1.0.5+f9bf0dda.la64.r.cp312)
  [ext: omni.hydra.rtx-1.0.4] registered (path: /isaac-sim/extscache/omni.hydra.rtx-1.0.4+f9bf0dda.la64.r)
  [ext: omni.hydra.rtx.shadercache.vulkan-1.0.0] registered (path: /isaac-sim/extscache/omni.hydra.rtx.shadercache.vulkan-1.0.0+f9bf0dda.la64.r)
  [ext: omni.hydra.scene_api-0.1.3] registered (path: /isaac-sim/extscache/omni.hydra.scene_api-0.1.3+f9bf0dda.la64.r.cp312)
  [ext: omni.hydra.scene_delegate-0.3.5] registered (path: /isaac-sim/extscache/omni.hydra.scene_delegate-0.3.5+f9bf0dda.la64.r)
  [ext: omni.hydra.usdrt_delegate-7.5.2] registered (path: /isaac-sim/extscache/omni.hydra.usdrt_delegate-7.5.2+f9bf0dda.la64.r.cp312)
  [ext: omni.importer.onshape-2.0.3] registered (path: /isaac-sim/extscache/omni.importer.onshape-2.0.3+109.0.0)
  [ext: omni.index-1.0.1] registered (path: /isaac-sim/extscache/omni.index-1.0.1+f9bf0dda.la64.r)
  [ext: omni.index.libs-387500.4413.0] registered (path: /isaac-sim/extscache/omni.index.libs-387500.4413.0+f9bf0dda.la64.r)
  [ext: omni.inspect-1.0.2] registered (path: /isaac-sim/extscache/omni.inspect-1.0.2+f9bf0dda.la64.r.cp312)
  [ext: omni.iray.libs-0.0.1] registered (path: /isaac-sim/extscache/omni.iray.libs-0.0.1+f9bf0dda.la64.r)
  [ext: omni.kit.actions.core-1.0.0] registered (path: /isaac-sim/extscache/omni.kit.actions.core-1.0.0+f9bf0dda.la64.r.cp312)
  [ext: omni.kit.actions.window-1.1.3] registered (path: /isaac-sim/extscache/omni.kit.actions.window-1.1.3+f9bf0dda)
  [ext: omni.kit.asset_converter-6.0.1] registered (path: /isaac-sim/extscache/omni.kit.asset_converter-6.0.1+110.1.1.la64.r.cp312.u7f4)
  [ext: omni.kit.audiodeviceenum-1.0.2] registered (path: /isaac-sim/extscache/omni.kit.audiodeviceenum-1.0.2+f9bf0dda.la64.r.cp312)
  [ext: omni.kit.browser.asset-1.3.16] registered (path: /isaac-sim/extscache/omni.kit.browser.asset-1.3.16)
  [ext: omni.kit.browser.core-2.3.18] registered (path: /isaac-sim/extscache/omni.kit.browser.core-2.3.18)
  [ext: omni.kit.browser.folder.core-2.0.2] registered (path: /isaac-sim/extscache/omni.kit.browser.folder.core-2.0.2)
  [ext: omni.kit.browser.material-1.6.5] registered (path: /isaac-sim/extscache/omni.kit.browser.material-1.6.5)
  [ext: omni.kit.browser.sample-1.4.9] registered (path: /isaac-sim/extscache/omni.kit.browser.sample-1.4.9)
  [ext: omni.kit.capture.viewport-2.10.0] registered (path: /isaac-sim/extscache/omni.kit.capture.viewport-2.10.0+f9bf0dda)
  [ext: omni.kit.clipboard-1.1.1] registered (path: /isaac-sim/extscache/omni.kit.clipboard-1.1.1+f9bf0dda.la64.r.cp312)
  [ext: omni.kit.collaboration.channel_manager-1.1.1] registered (path: /isaac-sim/extscache/omni.kit.collaboration.channel_manager-1.1.1+f9bf0dda)
  [ext: omni.kit.collaboration.presence_layer-1.2.1] registered (path: /isaac-sim/extscache/omni.kit.collaboration.presence_layer-1.2.1+f9bf0dda)
  [ext: omni.kit.collaboration.telemetry-1.1.0] registered (path: /isaac-sim/extscache/omni.kit.collaboration.telemetry-1.1.0+f9bf0dda.la64.r.cp312)
  [ext: omni.kit.commands-1.5.0] registered (path: /isaac-sim/extscache/omni.kit.commands-1.5.0+f9bf0dda.la64.r.cp312)
  [ext: omni.kit.context_menu-1.9.0] registered (path: /isaac-sim/extscache/omni.kit.context_menu-1.9.0+f9bf0dda)
  [ext: omni.kit.converter.cad-209.4.0] registered (path: /isaac-sim/extscache/omni.kit.converter.cad-209.4.0+110.1.2.la64.r.cp312.u7f4)
  [ext: omni.kit.converter.common-510.1.3] registered (path: /isaac-sim/extscache/omni.kit.converter.common-510.1.3+110.1.2.la64.r.cp312.u7f4)
  [ext: omni.kit.converter.dgn-510.1.5] registered (path: /isaac-sim/extscache/omni.kit.converter.dgn-510.1.5+110.1.2.la64.r.cp312.u7f4)
  [ext: omni.kit.converter.dgn_core-512.3.3] registered (path: /isaac-sim/extscache/omni.kit.converter.dgn_core-512.3.3+110.1.2.la64.r.cp312.u7f4)
  [ext: omni.kit.converter.gsplat-0.1.14] registered (path: /isaac-sim/extscache/omni.kit.converter.gsplat-0.1.14+110.1.0.la64.r.cp312.u7f4)
  [ext: omni.kit.converter.hoops-510.3.0] registered (path: /isaac-sim/extscache/omni.kit.converter.hoops-510.3.0+110.1.2.la64.r.cp312.u7f4)
  [ext: omni.kit.converter.hoops_core-511.3.2] registered (path: /isaac-sim/extscache/omni.kit.converter.hoops_core-511.3.2+110.1.2.la64.r.cp312.u7f4)
  [ext: omni.kit.converter.jt-509.1.2] registered (path: /isaac-sim/extscache/omni.kit.converter.jt-509.1.2+110.1.2.la64.r.cp312.u7f4)
  [ext: omni.kit.converter.jt_core-510.1.1] registered (path: /isaac-sim/extscache/omni.kit.converter.jt_core-510.1.1+110.1.2.la64.r.cp312.u7f4)
  [ext: omni.kit.core.collection-0.2.4] registered (path: /isaac-sim/extscache/omni.kit.core.collection-0.2.4)
  [ext: omni.kit.data2ui.core-1.1.4] registered (path: /isaac-sim/extscache/omni.kit.data2ui.core-1.1.4+107.0)
  [ext: omni.kit.data2ui.usd-1.1.4] registered (path: /isaac-sim/extscache/omni.kit.data2ui.usd-1.1.4+107.0)
  [ext: omni.kit.debug.python-1.0.1] registered (path: /isaac-sim/extscache/omni.kit.debug.python-1.0.1+f9bf0dda.la64.r.cp312)
  [ext: omni.kit.debug.vscode-0.1.7] registered (path: /isaac-sim/extscache/omni.kit.debug.vscode-0.1.7+f9bf0dda)
  [ext: omni.kit.environment.core-1.4.2] registered (path: /isaac-sim/extscache/omni.kit.environment.core-1.4.2+107.3)
  [ext: omni.kit.exec.core-0.13.5] registered (path: /isaac-sim/extscache/omni.kit.exec.core-0.13.5+f9bf0dda.la64.r.cp312)
  [ext: omni.kit.gfn-108.0.0] registered (path: /isaac-sim/extscache/omni.kit.gfn-108.0.0+110.1.2.la64.r.cp312)
  [ext: omni.kit.graph.delegate.default-1.2.5] registered (path: /isaac-sim/extscache/omni.kit.graph.delegate.default-1.2.5)
  [ext: omni.kit.graph.delegate.modern-1.10.15] registered (path: /isaac-sim/extscache/omni.kit.graph.delegate.modern-1.10.15)
  [ext: omni.kit.graph.editor.core-1.5.8] registered (path: /isaac-sim/extscache/omni.kit.graph.editor.core-1.5.8)
  [ext: omni.kit.graph.usd.commands-1.3.6] registered (path: /isaac-sim/extscache/omni.kit.graph.usd.commands-1.3.6)
  [ext: omni.kit.graph.widget.variables-2.1.1] registered (path: /isaac-sim/extscache/omni.kit.graph.widget.variables-2.1.1)
  [ext: omni.kit.helper.file_utils-0.1.10] registered (path: /isaac-sim/extscache/omni.kit.helper.file_utils-0.1.10+f9bf0dda)
  [ext: omni.kit.hotkeys.core-1.3.12] registered (path: /isaac-sim/extscache/omni.kit.hotkeys.core-1.3.12+f9bf0dda)
  [ext: omni.kit.hotkeys.window-1.4.10] registered (path: /isaac-sim/extscache/omni.kit.hotkeys.window-1.4.10+f9bf0dda)
  [ext: omni.kit.hydra_texture-1.6.0] registered (path: /isaac-sim/extscache/omni.kit.hydra_texture-1.6.0+f9bf0dda.la64.r.cp312)
  [ext: omni.kit.livestream.app-10.1.1] registered (path: /isaac-sim/extscache/omni.kit.livestream.app-10.1.1+110.0.0.la64.r.cp312)
  [ext: omni.kit.livestream.core-10.2.1] registered (path: /isaac-sim/extscache/omni.kit.livestream.core-10.2.1+110.0.0.la64.r.cp312)
  [ext: omni.kit.livestream.messaging-1.3.0] registered (path: /isaac-sim/extscache/omni.kit.livestream.messaging-1.3.0+109.0.0)
  [ext: omni.kit.livestream.rtsp-10.2.3] registered (path: /isaac-sim/extscache/omni.kit.livestream.rtsp-10.2.3+110.0.0.la64.r.cp312)
  [ext: omni.kit.livestream.webrtc-10.3.2] registered (path: /isaac-sim/extscache/omni.kit.livestream.webrtc-10.3.2+110.0.0.la64.r.cp312)
  [ext: omni.kit.mainwindow-1.0.3] registered (path: /isaac-sim/extscache/omni.kit.mainwindow-1.0.3+f9bf0dda)
  [ext: omni.kit.manipulator.camera-110.0.0] registered (path: /isaac-sim/extscache/omni.kit.manipulator.camera-110.0.0+f9bf0dda)
  [ext: omni.kit.manipulator.prim-108.0.0] registered (path: /isaac-sim/extscache/omni.kit.manipulator.prim-108.0.0+f9bf0dda)
  [ext: omni.kit.manipulator.prim.core-108.0.2] registered (path: /isaac-sim/extscache/omni.kit.manipulator.prim.core-108.0.2+f9bf0dda)
  [ext: omni.kit.manipulator.prim.fabric-108.0.1] registered (path: /isaac-sim/extscache/omni.kit.manipulator.prim.fabric-108.0.1+f9bf0dda)
  [ext: omni.kit.manipulator.prim.usd-107.0.3] registered (path: /isaac-sim/extscache/omni.kit.manipulator.prim.usd-107.0.3+f9bf0dda)
  [ext: omni.kit.manipulator.selection-109.0.1] registered (path: /isaac-sim/extscache/omni.kit.manipulator.selection-109.0.1+f9bf0dda)
  [ext: omni.kit.manipulator.selector-1.1.4] registered (path: /isaac-sim/extscache/omni.kit.manipulator.selector-1.1.4+f9bf0dda)
  [ext: omni.kit.manipulator.tool.snap-1.5.14] registered (path: /isaac-sim/extscache/omni.kit.manipulator.tool.snap-1.5.14+f9bf0dda)
  [ext: omni.kit.manipulator.transform-107.0.0] registered (path: /isaac-sim/extscache/omni.kit.manipulator.transform-107.0.0+f9bf0dda)
  [ext: omni.kit.manipulator.viewport-107.0.1] registered (path: /isaac-sim/extscache/omni.kit.manipulator.viewport-107.0.1+f9bf0dda)
  [ext: omni.kit.material.library-3.1.2] registered (path: /isaac-sim/extscache/omni.kit.material.library-3.1.2+f9bf0dda)
  [ext: omni.kit.menu.common-2.0.2] registered (path: /isaac-sim/extscache/omni.kit.menu.common-2.0.2+f9bf0dda)
  [ext: omni.kit.menu.core-1.2.0] registered (path: /isaac-sim/extscache/omni.kit.menu.core-1.2.0+f9bf0dda)
  [ext: omni.kit.menu.create-2.0.2] registered (path: /isaac-sim/extscache/omni.kit.menu.create-2.0.2+f9bf0dda)
  [ext: omni.kit.menu.stage-1.2.7] registered (path: /isaac-sim/extscache/omni.kit.menu.stage-1.2.7)
  [ext: omni.kit.menu.utils-2.2.4] registered (path: /isaac-sim/extscache/omni.kit.menu.utils-2.2.4+f9bf0dda)
  [ext: omni.kit.mesh.raycast-110.0.0] registered (path: /isaac-sim/extscache/omni.kit.mesh.raycast-110.0.0+110.0.0.la64.r.cp312.u7f4)
  [ext: omni.kit.ngsearch-0.3.3] registered (path: /isaac-sim/extscache/omni.kit.ngsearch-0.3.3)
  [ext: omni.kit.notification_manager-1.0.11] registered (path: /isaac-sim/extscache/omni.kit.notification_manager-1.0.11+f9bf0dda)
  [ext: omni.kit.numpy.common-0.1.3] registered (path: /isaac-sim/extscache/omni.kit.numpy.common-0.1.3+f9bf0dda.la64.r.cp312)
  [ext: omni.kit.pip_archive-0.0.0] registered (path: /isaac-sim/extscache/omni.kit.pip_archive-0.0.0+f9bf0dda.la64.cp312)
  [ext: omni.kit.pipapi-0.0.0] registered (path: /isaac-sim/extscache/omni.kit.pipapi-0.0.0+f9bf0dda)
  [ext: omni.kit.playlist.core-1.3.7] registered (path: /isaac-sim/extscache/omni.kit.playlist.core-1.3.7)
  [ext: omni.kit.pointclouds-1.6.14] registered (path: /isaac-sim/extscache/omni.kit.pointclouds-1.6.14+110.0.cp312)
  [ext: omni.kit.preferences.animation-1.5.0] registered (path: /isaac-sim/extscache/omni.kit.preferences.animation-1.5.0+110.0.0.u7f4)
  [ext: omni.kit.prim.icon-1.1.1] registered (path: /isaac-sim/extscache/omni.kit.prim.icon-1.1.1+107.3)
  [ext: omni.kit.primitive.mesh-1.1.0] registered (path: /isaac-sim/extscache/omni.kit.primitive.mesh-1.1.0+f9bf0dda)
  [ext: omni.kit.profiler.tracy-1.2.0] registered (path: /isaac-sim/extscache/omni.kit.profiler.tracy-1.2.0+la64)
  [ext: omni.kit.profiler.window-2.5.0] registered (path: /isaac-sim/extscache/omni.kit.profiler.window-2.5.0+f9bf0dda)
  [ext: omni.kit.property.adapter.core-1.1.1] registered (path: /isaac-sim/extscache/omni.kit.property.adapter.core-1.1.1+f9bf0dda)
  [ext: omni.kit.property.adapter.fabric-1.0.6] registered (path: /isaac-sim/extscache/omni.kit.property.adapter.fabric-1.0.6+f9bf0dda)
  [ext: omni.kit.property.adapter.usd-1.0.5] registered (path: /isaac-sim/extscache/omni.kit.property.adapter.usd-1.0.5+f9bf0dda)
  [ext: omni.kit.property.audio-1.0.16] registered (path: /isaac-sim/extscache/omni.kit.property.audio-1.0.16+f9bf0dda)
  [ext: omni.kit.property.bundle-1.5.1] registered (path: /isaac-sim/extscache/omni.kit.property.bundle-1.5.1+f9bf0dda)
  [ext: omni.kit.property.camera-1.0.14] registered (path: /isaac-sim/extscache/omni.kit.property.camera-1.0.14+f9bf0dda)
  [ext: omni.kit.property.collection-0.2.4] registered (path: /isaac-sim/extscache/omni.kit.property.collection-0.2.4)
  [ext: omni.kit.property.environment-1.2.3] registered (path: /isaac-sim/extscache/omni.kit.property.environment-1.2.3)
  [ext: omni.kit.property.geometry-2.1.2] registered (path: /isaac-sim/extscache/omni.kit.property.geometry-2.1.2+f9bf0dda)
  [ext: omni.kit.property.layer-1.2.6] registered (path: /isaac-sim/extscache/omni.kit.property.layer-1.2.6+f9bf0dda)
  [ext: omni.kit.property.light-1.0.14] registered (path: /isaac-sim/extscache/omni.kit.property.light-1.0.14+f9bf0dda)
  [ext: omni.kit.property.material-1.14.6] registered (path: /isaac-sim/extscache/omni.kit.property.material-1.14.6+f9bf0dda)
  [ext: omni.kit.property.physics-110.1.13] registered (path: /isaac-sim/extscache/omni.kit.property.physics-110.1.13+110.1.2.cp312.u7f4)
  [ext: omni.kit.property.render-1.2.2] registered (path: /isaac-sim/extscache/omni.kit.property.render-1.2.2+f9bf0dda)
  [ext: omni.kit.property.skel-1.1.4] registered (path: /isaac-sim/extscache/omni.kit.property.skel-1.1.4+f9bf0dda)
  [ext: omni.kit.property.transform-1.6.9] registered (path: /isaac-sim/extscache/omni.kit.property.transform-1.6.9+f9bf0dda)
  [ext: omni.kit.property.usd-4.9.4] registered (path: /isaac-sim/extscache/omni.kit.property.usd-4.9.4+f9bf0dda)
  [ext: omni.kit.quicklayout-1.0.12] registered (path: /isaac-sim/extscache/omni.kit.quicklayout-1.0.12+f9bf0dda)
  [ext: omni.kit.raycast.query-1.2.0] registered (path: /isaac-sim/extscache/omni.kit.raycast.query-1.2.0+f9bf0dda.la64.r.cp312)
  [ext: omni.kit.renderer.capture-2.0.1] registered (path: /isaac-sim/extscache/omni.kit.renderer.capture-2.0.1+f9bf0dda.la64.r.cp312)
  [ext: omni.kit.renderer.core-1.2.2] registered (path: /isaac-sim/extscache/omni.kit.renderer.core-1.2.2+f9bf0dda.la64.r.cp312)
  [ext: omni.kit.renderer.imgui-2.0.6] registered (path: /isaac-sim/extscache/omni.kit.renderer.imgui-2.0.6+f9bf0dda.la64.r.cp312)
  [ext: omni.kit.renderer.init-1.0.1] registered (path: /isaac-sim/extscache/omni.kit.renderer.init-1.0.1+f9bf0dda.la64.r)
  [ext: omni.kit.search.files-1.0.4] registered (path: /isaac-sim/extscache/omni.kit.search.files-1.0.4)
  [ext: omni.kit.search.service-0.1.12] registered (path: /isaac-sim/extscache/omni.kit.search.service-0.1.12)
  [ext: omni.kit.search_core-1.0.8] registered (path: /isaac-sim/extscache/omni.kit.search_core-1.0.8+f9bf0dda)
  [ext: omni.kit.selection-0.1.6] registered (path: /isaac-sim/extscache/omni.kit.selection-0.1.6+f9bf0dda)
  [ext: omni.kit.sequencer.core-110.0.0] registered (path: /isaac-sim/extscache/omni.kit.sequencer.core-110.0.0+110.1.1.u7f4)
  [ext: omni.kit.sequencer.usd-110.0.0] registered (path: /isaac-sim/extscache/omni.kit.sequencer.usd-110.0.0+110.1.1.u7f4)
  [ext: omni.kit.stage.copypaste-1.2.4] registered (path: /isaac-sim/extscache/omni.kit.stage.copypaste-1.2.4+f9bf0dda)
  [ext: omni.kit.stage.mdl_converter-1.0.8] registered (path: /isaac-sim/extscache/omni.kit.stage.mdl_converter-1.0.8+f9bf0dda)
  [ext: omni.kit.stage_column.payload-2.0.5] registered (path: /isaac-sim/extscache/omni.kit.stage_column.payload-2.0.5+110.1.1)
  [ext: omni.kit.stage_column.variant-1.0.20] registered (path: /isaac-sim/extscache/omni.kit.stage_column.variant-1.0.20+110.1.1)
  [ext: omni.kit.stage_template.core-1.1.22] registered (path: /isaac-sim/extscache/omni.kit.stage_template.core-1.1.22+f9bf0dda)
  [ext: omni.kit.stage_templates-2.0.2] registered (path: /isaac-sim/extscache/omni.kit.stage_templates-2.0.2+f9bf0dda)
  [ext: omni.kit.stagerecorder.bundle-110.0.2] registered (path: /isaac-sim/extscache/omni.kit.stagerecorder.bundle-110.0.2+110.0.0)
  [ext: omni.kit.stagerecorder.core-110.0.14] registered (path: /isaac-sim/extscache/omni.kit.stagerecorder.core-110.0.14+110.0.0.la64.r.cp312.u7f4)
  [ext: omni.kit.stagerecorder.ui-110.0.2] registered (path: /isaac-sim/extscache/omni.kit.stagerecorder.ui-110.0.2+110.0.0)
  [ext: omni.kit.telemetry-0.5.2] registered (path: /isaac-sim/extscache/omni.kit.telemetry-0.5.2+f9bf0dda.la64.r.cp312)
  [ext: omni.kit.test-2.0.7] registered (path: /isaac-sim/extscache/omni.kit.test-2.0.7+f9bf0dda.la64.r.cp312)
  [ext: omni.kit.test_suite.helpers-1.1.3] registered (path: /isaac-sim/extscache/omni.kit.test_suite.helpers-1.1.3+f9bf0dda)
  [ext: omni.kit.thumbnails.mdl-1.0.28] registered (path: /isaac-sim/extscache/omni.kit.thumbnails.mdl-1.0.28+110.1.1)
  [ext: omni.kit.thumbnails.usd-1.0.12] registered (path: /isaac-sim/extscache/omni.kit.thumbnails.usd-1.0.12)
  [ext: omni.kit.timeline.minibar-1.2.13] registered (path: /isaac-sim/extscache/omni.kit.timeline.minibar-1.2.13)
  [ext: omni.kit.tool.asset_exporter-5.0.1] registered (path: /isaac-sim/extscache/omni.kit.tool.asset_exporter-5.0.1+110.1.1)
  [ext: omni.kit.tool.asset_importer-6.0.1] registered (path: /isaac-sim/extscache/omni.kit.tool.asset_importer-6.0.1+110.1.1)
  [ext: omni.kit.tool.collect-2.2.19] registered (path: /isaac-sim/extscache/omni.kit.tool.collect-2.2.19+f9bf0dda)
  [ext: omni.kit.tool.measure-200.0.12] registered (path: /isaac-sim/extscache/omni.kit.tool.measure-200.0.12+109.0)
  [ext: omni.kit.tool.remove_unused.controller-0.2.0] registered (path: /isaac-sim/extscache/omni.kit.tool.remove_unused.controller-0.2.0)
  [ext: omni.kit.tool.remove_unused.core-0.1.4] registered (path: /isaac-sim/extscache/omni.kit.tool.remove_unused.core-0.1.4)
  [ext: omni.kit.ui.actions-1.0.5] registered (path: /isaac-sim/extscache/omni.kit.ui.actions-1.0.5+f9bf0dda)
  [ext: omni.kit.ui_test-1.4.4] registered (path: /isaac-sim/extscache/omni.kit.ui_test-1.4.4+f9bf0dda)
  [ext: omni.kit.uiapp-0.0.0] registered (path: /isaac-sim/extscache/omni.kit.uiapp-0.0.0+f9bf0dda)
  [ext: omni.kit.usd.collect-3.0.6] registered (path: /isaac-sim/extscache/omni.kit.usd.collect-3.0.6+f9bf0dda)
  [ext: omni.kit.usd.layers-2.6.1] registered (path: /isaac-sim/extscache/omni.kit.usd.layers-2.6.1+f9bf0dda.la64.r.cp312)
  [ext: omni.kit.usd.mdl-1.1.9] registered (path: /isaac-sim/extscache/omni.kit.usd.mdl-1.1.9+f9bf0dda.la64.r.cp312)
  [ext: omni.kit.usd_undo-0.1.8] registered (path: /isaac-sim/extscache/omni.kit.usd_undo-0.1.8+f9bf0dda)
  [ext: omni.kit.usda_edit-1.1.19] registered (path: /isaac-sim/extscache/omni.kit.usda_edit-1.1.19+f9bf0dda)
  [ext: omni.kit.usdz_export-1.1.0] registered (path: /isaac-sim/extscache/omni.kit.usdz_export-1.1.0+f9bf0dda)
  [ext: omni.kit.variant.editor-107.5.8] registered (path: /isaac-sim/extscache/omni.kit.variant.editor-107.5.8+110.0)
  [ext: omni.kit.variant.presenter-107.1.6] registered (path: /isaac-sim/extscache/omni.kit.variant.presenter-107.1.6+107.3)
  [ext: omni.kit.viewport.actions-110.0.0] registered (path: /isaac-sim/extscache/omni.kit.viewport.actions-110.0.0+f9bf0dda)
  [ext: omni.kit.viewport.bundle-107.0.0] registered (path: /isaac-sim/extscache/omni.kit.viewport.bundle-107.0.0+f9bf0dda)
  [ext: omni.kit.viewport.legacy_gizmos-1.0.24] registered (path: /isaac-sim/extscache/omni.kit.viewport.legacy_gizmos-1.0.24+f9bf0dda.la64.r.cp312)
  [ext: omni.kit.viewport.manipulator.transform-107.0.4] registered (path: /isaac-sim/extscache/omni.kit.viewport.manipulator.transform-107.0.4+f9bf0dda)
  [ext: omni.kit.viewport.menubar.camera-107.0.10] registered (path: /isaac-sim/extscache/omni.kit.viewport.menubar.camera-107.0.10+f9bf0dda)
  [ext: omni.kit.viewport.menubar.core-107.2.2] registered (path: /isaac-sim/extscache/omni.kit.viewport.menubar.core-107.2.2+f9bf0dda)
  [ext: omni.kit.viewport.menubar.display-107.1.3] registered (path: /isaac-sim/extscache/omni.kit.viewport.menubar.display-107.1.3+f9bf0dda)
  [ext: omni.kit.viewport.menubar.lighting-107.3.2] registered (path: /isaac-sim/extscache/omni.kit.viewport.menubar.lighting-107.3.2+107.3.0)
  [ext: omni.kit.viewport.menubar.render-110.0.0] registered (path: /isaac-sim/extscache/omni.kit.viewport.menubar.render-110.0.0+f9bf0dda)
  [ext: omni.kit.viewport.menubar.settings-110.0.1] registered (path: /isaac-sim/extscache/omni.kit.viewport.menubar.settings-110.0.1+f9bf0dda)
  [ext: omni.kit.viewport.menubar.waypoint-104.2.16] registered (path: /isaac-sim/extscache/omni.kit.viewport.menubar.waypoint-104.2.16)
  [ext: omni.kit.viewport.registry-104.0.6] registered (path: /isaac-sim/extscache/omni.kit.viewport.registry-104.0.6+f9bf0dda)
  [ext: omni.kit.viewport.rtx-107.0.0] registered (path: /isaac-sim/extscache/omni.kit.viewport.rtx-107.0.0+f9bf0dda)
  [ext: omni.kit.viewport.scene_camera_model-1.0.7] registered (path: /isaac-sim/extscache/omni.kit.viewport.scene_camera_model-1.0.7+f9bf0dda.la64.r.cp312)
  [ext: omni.kit.viewport.utility-2.0.1] registered (path: /isaac-sim/extscache/omni.kit.viewport.utility-2.0.1+f9bf0dda)
  [ext: omni.kit.viewport.window-109.0.2] registered (path: /isaac-sim/extscache/omni.kit.viewport.window-109.0.2+f9bf0dda)
  [ext: omni.kit.viewport_widgets_manager-1.0.9] registered (path: /isaac-sim/extscache/omni.kit.viewport_widgets_manager-1.0.9+f9bf0dda)
  [ext: omni.kit.waypoint.core-1.6.9] registered (path: /isaac-sim/extscache/omni.kit.waypoint.core-1.6.9+107.3)
  [ext: omni.kit.waypoint.playlist-1.1.1] registered (path: /isaac-sim/extscache/omni.kit.waypoint.playlist-1.1.1+107.3)
  [ext: omni.kit.widget.browser_bar-2.0.10] registered (path: /isaac-sim/extscache/omni.kit.widget.browser_bar-2.0.10+f9bf0dda)
  [ext: omni.kit.widget.cache_indicator-3.0.12] registered (path: /isaac-sim/extscache/omni.kit.widget.cache_indicator-3.0.12+f9bf0dda)
  [ext: omni.kit.widget.calendar-1.0.9] registered (path: /isaac-sim/extscache/omni.kit.widget.calendar-1.0.9)
  [ext: omni.kit.widget.collection-0.3.3] registered (path: /isaac-sim/extscache/omni.kit.widget.collection-0.3.3+106.5.0)
  [ext: omni.kit.widget.context_menu-1.4.0] registered (path: /isaac-sim/extscache/omni.kit.widget.context_menu-1.4.0+f9bf0dda)
  [ext: omni.kit.widget.extended_searchfield-1.0.31] registered (path: /isaac-sim/extscache/omni.kit.widget.extended_searchfield-1.0.31)
  [ext: omni.kit.widget.filebrowser-2.13.4] registered (path: /isaac-sim/extscache/omni.kit.widget.filebrowser-2.13.4+f9bf0dda)
  [ext: omni.kit.widget.filter-1.1.5] registered (path: /isaac-sim/extscache/omni.kit.widget.filter-1.1.5+f9bf0dda)
  [ext: omni.kit.widget.graph-2.1.0] registered (path: /isaac-sim/extscache/omni.kit.widget.graph-2.1.0+f9bf0dda)
  [ext: omni.kit.widget.highlight_label-1.0.3] registered (path: /isaac-sim/extscache/omni.kit.widget.highlight_label-1.0.3+f9bf0dda)
  [ext: omni.kit.widget.imageview-1.0.5] registered (path: /isaac-sim/extscache/omni.kit.widget.imageview-1.0.5+f9bf0dda)
  [ext: omni.kit.widget.layers-1.9.2] registered (path: /isaac-sim/extscache/omni.kit.widget.layers-1.9.2+f9bf0dda)
  [ext: omni.kit.widget.live-2.1.12] registered (path: /isaac-sim/extscache/omni.kit.widget.live-2.1.12+f9bf0dda)
  [ext: omni.kit.widget.live_session_management-1.2.28] registered (path: /isaac-sim/extscache/omni.kit.widget.live_session_management-1.2.28+f9bf0dda)
  [ext: omni.kit.widget.live_session_management.ui-1.0.4] registered (path: /isaac-sim/extscache/omni.kit.widget.live_session_management.ui-1.0.4+f9bf0dda)
  [ext: omni.kit.widget.material_preview-1.1.3] registered (path: /isaac-sim/extscache/omni.kit.widget.material_preview-1.1.3+107.3)
  [ext: omni.kit.widget.nucleus_connector-2.3.1] registered (path: /isaac-sim/extscache/omni.kit.widget.nucleus_connector-2.3.1+f9bf0dda)
  [ext: omni.kit.widget.nucleus_info-2.0.2] registered (path: /isaac-sim/extscache/omni.kit.widget.nucleus_info-2.0.2+f9bf0dda)
  [ext: omni.kit.widget.options_button-1.0.3] registered (path: /isaac-sim/extscache/omni.kit.widget.options_button-1.0.3+f9bf0dda)
  [ext: omni.kit.widget.options_menu-1.1.6] registered (path: /isaac-sim/extscache/omni.kit.widget.options_menu-1.1.6+f9bf0dda)
  [ext: omni.kit.widget.path_field-2.0.13] registered (path: /isaac-sim/extscache/omni.kit.widget.path_field-2.0.13+f9bf0dda)
  [ext: omni.kit.widget.prompt-1.0.7] registered (path: /isaac-sim/extscache/omni.kit.widget.prompt-1.0.7+f9bf0dda)
  [ext: omni.kit.widget.search_delegate-1.0.9] registered (path: /isaac-sim/extscache/omni.kit.widget.search_delegate-1.0.9+f9bf0dda)
  [ext: omni.kit.widget.searchable_combobox-1.0.7] registered (path: /isaac-sim/extscache/omni.kit.widget.searchable_combobox-1.0.7+f9bf0dda)
  [ext: omni.kit.widget.searchfield-1.1.8] registered (path: /isaac-sim/extscache/omni.kit.widget.searchfield-1.1.8+f9bf0dda)
  [ext: omni.kit.widget.settings-2.0.0] registered (path: /isaac-sim/extscache/omni.kit.widget.settings-2.0.0+f9bf0dda)
  [ext: omni.kit.widget.sliderbar-1.1.0] registered (path: /isaac-sim/extscache/omni.kit.widget.sliderbar-1.1.0+107.3)
  [ext: omni.kit.widget.stage-4.4.0] registered (path: /isaac-sim/extscache/omni.kit.widget.stage-4.4.0+f9bf0dda)
  [ext: omni.kit.widget.stage_icons-1.0.8] registered (path: /isaac-sim/extscache/omni.kit.widget.stage_icons-1.0.8+f9bf0dda)
  [ext: omni.kit.widget.text_editor-1.1.1] registered (path: /isaac-sim/extscache/omni.kit.widget.text_editor-1.1.1+f9bf0dda.la64.r.cp312)
  [ext: omni.kit.widget.timeline-107.0.2] registered (path: /isaac-sim/extscache/omni.kit.widget.timeline-107.0.2+110.1.1)
  [ext: omni.kit.widget.toolbar-2.1.0] registered (path: /isaac-sim/extscache/omni.kit.widget.toolbar-2.1.0+f9bf0dda)
  [ext: omni.kit.widget.versioning-1.4.11] registered (path: /isaac-sim/extscache/omni.kit.widget.versioning-1.4.11+f9bf0dda)
  [ext: omni.kit.widget.viewport-109.2.0] registered (path: /isaac-sim/extscache/omni.kit.widget.viewport-109.2.0+f9bf0dda)
  [ext: omni.kit.widget.zoombar-1.0.7] registered (path: /isaac-sim/extscache/omni.kit.widget.zoombar-1.0.7)
  [ext: omni.kit.widgets.custom-1.1.2] registered (path: /isaac-sim/extscache/omni.kit.widgets.custom-1.1.2+107.3)
  [ext: omni.kit.window.collection-0.3.5] registered (path: /isaac-sim/extscache/omni.kit.window.collection-0.3.5+106.5.0)
  [ext: omni.kit.window.commands-0.2.9] registered (path: /isaac-sim/extscache/omni.kit.window.commands-0.2.9+f9bf0dda)
  [ext: omni.kit.window.console-1.1.9] registered (path: /isaac-sim/extscache/omni.kit.window.console-1.1.9+f9bf0dda.la64.r.cp312)
  [ext: omni.kit.window.content_browser-3.1.8] registered (path: /isaac-sim/extscache/omni.kit.window.content_browser-3.1.8+f9bf0dda)
  [ext: omni.kit.window.content_browser_registry-0.0.6] registered (path: /isaac-sim/extscache/omni.kit.window.content_browser_registry-0.0.6+f9bf0dda)
  [ext: omni.kit.window.cursor-1.1.6] registered (path: /isaac-sim/extscache/omni.kit.window.cursor-1.1.6+f9bf0dda)
  [ext: omni.kit.window.drop_support-1.0.8] registered (path: /isaac-sim/extscache/omni.kit.window.drop_support-1.0.8+f9bf0dda)
  [ext: omni.kit.window.extensions-1.5.10] registered (path: /isaac-sim/extscache/omni.kit.window.extensions-1.5.10+f9bf0dda)
  [ext: omni.kit.window.file-2.0.10] registered (path: /isaac-sim/extscache/omni.kit.window.file-2.0.10+f9bf0dda)
  [ext: omni.kit.window.file_exporter-1.0.36] registered (path: /isaac-sim/extscache/omni.kit.window.file_exporter-1.0.36+f9bf0dda)
  [ext: omni.kit.window.file_importer-1.1.21] registered (path: /isaac-sim/extscache/omni.kit.window.file_importer-1.1.21+f9bf0dda)
  [ext: omni.kit.window.filepicker-2.15.5] registered (path: /isaac-sim/extscache/omni.kit.window.filepicker-2.15.5+f9bf0dda)
  [ext: omni.kit.window.material-1.8.0] registered (path: /isaac-sim/extscache/omni.kit.window.material-1.8.0+107.3)
  [ext: omni.kit.window.material_graph-2.2.0] registered (path: /isaac-sim/extscache/omni.kit.window.material_graph-2.2.0+la64.r.cp312)
  [ext: omni.kit.window.movie_capture-3.0.1] registered (path: /isaac-sim/extscache/omni.kit.window.movie_capture-3.0.1+109.0)
  [ext: omni.kit.window.popup_dialog-2.0.25] registered (path: /isaac-sim/extscache/omni.kit.window.popup_dialog-2.0.25+f9bf0dda)
  [ext: omni.kit.window.preferences-1.8.3] registered (path: /isaac-sim/extscache/omni.kit.window.preferences-1.8.3+f9bf0dda)
  [ext: omni.kit.window.property-1.15.1] registered (path: /isaac-sim/extscache/omni.kit.window.property-1.15.1+f9bf0dda)
  [ext: omni.kit.window.quicksearch-2.4.4] registered (path: /isaac-sim/extscache/omni.kit.window.quicksearch-2.4.4)
  [ext: omni.kit.window.script_editor-2.0.7] registered (path: /isaac-sim/extscache/omni.kit.window.script_editor-2.0.7+f9bf0dda)
  [ext: omni.kit.window.section-107.1.4] registered (path: /isaac-sim/extscache/omni.kit.window.section-107.1.4+109.0.0)
  [ext: omni.kit.window.stage-2.6.1] registered (path: /isaac-sim/extscache/omni.kit.window.stage-2.6.1+f9bf0dda)
  [ext: omni.kit.window.stats-0.1.8] registered (path: /isaac-sim/extscache/omni.kit.window.stats-0.1.8+f9bf0dda)
  [ext: omni.kit.window.status_bar-0.1.11] registered (path: /isaac-sim/extscache/omni.kit.window.status_bar-0.1.11+f9bf0dda.la64.r.cp312)
  [ext: omni.kit.window.tests-0.3.10] registered (path: /isaac-sim/extscache/omni.kit.window.tests-0.3.10+f9bf0dda)
  [ext: omni.kit.window.title-1.1.8] registered (path: /isaac-sim/extscache/omni.kit.window.title-1.1.8+f9bf0dda)
  [ext: omni.kit.window.toolbar-3.0.3] registered (path: /isaac-sim/extscache/omni.kit.window.toolbar-3.0.3+f9bf0dda)
  [ext: omni.kit.window.usd_paths-1.0.9] registered (path: /isaac-sim/extscache/omni.kit.window.usd_paths-1.0.9+f9bf0dda)
  [ext: omni.kit.window.usddebug-1.1.4] registered (path: /isaac-sim/extscache/omni.kit.window.usddebug-1.1.4)
  [ext: omni.materialx.libs-1.0.9] registered (path: /isaac-sim/extscache/omni.materialx.libs-1.0.9+f9bf0dda.la64.r.cp312)
  [ext: omni.mdl-57.0.3] registered (path: /isaac-sim/extscache/omni.mdl-57.0.3+f9bf0dda.la64.r.cp312)
  [ext: omni.mdl.neuraylib-0.2.20] registered (path: /isaac-sim/extscache/omni.mdl.neuraylib-0.2.20+f9bf0dda.la64.r.cp312)
  [ext: omni.mdl.usd_converter-1.0.38] registered (path: /isaac-sim/extscache/omni.mdl.usd_converter-1.0.38+f9bf0dda)
  [ext: omni.metrics.core-0.0.3] registered (path: /isaac-sim/extscache/omni.metrics.core-0.0.3+f9bf0dda.la64.r)
  [ext: omni.metropolis.agent_registry-0.1.2] registered (path: /isaac-sim/extscache/omni.metropolis.agent_registry-0.1.2+110.1.2.la64.cp312)
  [ext: omni.metropolis.pipeline-0.0.9] registered (path: /isaac-sim/extscache/omni.metropolis.pipeline-0.0.9+110.1.2.la64.cp312)
  [ext: omni.metropolis.schema-0.0.3] registered (path: /isaac-sim/extscache/omni.metropolis.schema-0.0.3+110.1.2)
  [ext: omni.metropolis.utils-1.1.2] registered (path: /isaac-sim/extscache/omni.metropolis.utils-1.1.2+110.1.2.la64.cp312)
  [ext: omni.no_code_ui.bundle-1.1.4] registered (path: /isaac-sim/extscache/omni.no_code_ui.bundle-1.1.4+107.0)
  [ext: omni.ocio-0.1.1] registered (path: /isaac-sim/extscache/omni.ocio-0.1.1+f9bf0dda.la64.r.cp312)
  [ext: omni.physics-110.1.13] registered (path: /isaac-sim/extscache/omni.physics-110.1.13+110.1.2.la64.r.cp312.u7f4)
  [ext: omni.physics.isaacsimready-110.1.13] registered (path: /isaac-sim/extscache/omni.physics.isaacsimready-110.1.13+110.1.2.cp312.u7f4)
  [ext: omni.physics.physx-110.1.13] registered (path: /isaac-sim/extscache/omni.physics.physx-110.1.13+110.1.2.la64.r.cp312.u7f4)
  [ext: omni.physics.physx.ui-110.1.13] registered (path: /isaac-sim/extscache/omni.physics.physx.ui-110.1.13+110.1.2.cp312.u7f4)
  [ext: omni.physics.stageupdate-110.1.13] registered (path: /isaac-sim/extscache/omni.physics.stageupdate-110.1.13+110.1.2.la64.r.cp312.u7f4)
  [ext: omni.physics.tensors-110.1.13] registered (path: /isaac-sim/extscache/omni.physics.tensors-110.1.13+110.1.2.la64.r.cp312.u7f4)
  [ext: omni.physics.ui-110.1.13] registered (path: /isaac-sim/extscache/omni.physics.ui-110.1.13+110.1.2.cp312.u7f4)
  [ext: omni.physx-110.1.13] registered (path: /isaac-sim/extscache/omni.physx-110.1.13+110.1.2.la64.r.cp312.u7f4)
  [ext: omni.physx.asset_validator-110.1.13] registered (path: /isaac-sim/extscache/omni.physx.asset_validator-110.1.13+110.1.2.la64.r.cp312.u7f4)
  [ext: omni.physx.bundle-110.1.13] registered (path: /isaac-sim/extscache/omni.physx.bundle-110.1.13+110.1.2.cp312.u7f4)
  [ext: omni.physx.camera-110.1.13] registered (path: /isaac-sim/extscache/omni.physx.camera-110.1.13+110.1.2.la64.r.cp312.u7f4)
  [ext: omni.physx.cct-110.1.13] registered (path: /isaac-sim/extscache/omni.physx.cct-110.1.13+110.1.2.la64.r.cp312.u7f4)
  [ext: omni.physx.commands-110.1.13] registered (path: /isaac-sim/extscache/omni.physx.commands-110.1.13+110.1.2.cp312.u7f4)
  [ext: omni.physx.cooking-110.1.13] registered (path: /isaac-sim/extscache/omni.physx.cooking-110.1.13+110.1.2.la64.r.cp312.u7f4)
  [ext: omni.physx.demos-110.1.13] registered (path: /isaac-sim/extscache/omni.physx.demos-110.1.13+110.1.2.cp312.u7f4)
  [ext: omni.physx.fabric-110.1.13] registered (path: /isaac-sim/extscache/omni.physx.fabric-110.1.13+110.1.2.la64.r.cp312.u7f4)
  [ext: omni.physx.foundation-110.1.13] registered (path: /isaac-sim/extscache/omni.physx.foundation-110.1.13+110.1.2.la64.r.cp312.u7f4)
  [ext: omni.physx.gpu-110.1.13] registered (path: /isaac-sim/extscache/omni.physx.gpu-110.1.13+110.1.2.la64.r.cp312.u7f4)
  [ext: omni.physx.graph-110.1.13] registered (path: /isaac-sim/extscache/omni.physx.graph-110.1.13+110.1.2.la64.r.cp312.u7f4)
  [ext: omni.physx.pvd-110.1.13] registered (path: /isaac-sim/extscache/omni.physx.pvd-110.1.13+110.1.2.la64.r.cp312.u7f4)
  [ext: omni.physx.supportui-110.1.13] registered (path: /isaac-sim/extscache/omni.physx.supportui-110.1.13+110.1.2.la64.r.cp312.u7f4)
  [ext: omni.physx.tensors-110.1.13] registered (path: /isaac-sim/extscache/omni.physx.tensors-110.1.13+110.1.2.la64.r.cp312.u7f4)
  [ext: omni.physx.tests-110.1.13] registered (path: /isaac-sim/extscache/omni.physx.tests-110.1.13+110.1.2.cp312.u7f4)
  [ext: omni.physx.tests.visual-110.1.13] registered (path: /isaac-sim/extscache/omni.physx.tests.visual-110.1.13+110.1.2.cp312.u7f4)
  [ext: omni.physx.ui-110.1.13] registered (path: /isaac-sim/extscache/omni.physx.ui-110.1.13+110.1.2.la64.r.cp312.u7f4)
  [ext: omni.physx.vehicle-110.1.13] registered (path: /isaac-sim/extscache/omni.physx.vehicle-110.1.13+110.1.2.la64.r.cp312.u7f4)
  [ext: omni.protobuf.lib-1.0.0] registered (path: /isaac-sim/extscache/omni.protobuf.lib-1.0.0+f9bf0dda.la64.r)
  [ext: omni.ramp-110.0.0] registered (path: /isaac-sim/extscache/omni.ramp-110.0.0+110.0.0.la64.r.cp312.u7f4)
  [ext: omni.replicator.core-1.13.27] registered (path: /isaac-sim/extscache/omni.replicator.core-1.13.27+110.1.1.la64.r.cp312)
  [ext: omni.replicator.nv-1.1.1] registered (path: /isaac-sim/extscache/omni.replicator.nv-1.1.1+110.1.0.la64.r.cp312)
  [ext: omni.replicator.replicator_yaml-2.0.12] registered (path: /isaac-sim/extscache/omni.replicator.replicator_yaml-2.0.12+110.1.1.la64)
  [ext: omni.resourcemonitor-107.1.1] registered (path: /isaac-sim/extscache/omni.resourcemonitor-107.1.1+f9bf0dda.la64.r.cp312)
  [ext: omni.rtx.settings.core-0.7.1] registered (path: /isaac-sim/extscache/omni.rtx.settings.core-0.7.1+f9bf0dda)
  [ext: omni.rtx.shadercache.vulkan-1.0.0] registered (path: /isaac-sim/extscache/omni.rtx.shadercache.vulkan-1.0.0+f9bf0dda.la64.r)
  [ext: omni.rtx.spg-0.2.1] registered (path: /isaac-sim/extscache/omni.rtx.spg-0.2.1+f9bf0dda.la64.r)
  [ext: omni.rtx.window.settings-0.8.0] registered (path: /isaac-sim/extscache/omni.rtx.window.settings-0.8.0+f9bf0dda.la64.r.cp312)
  [ext: omni.scene.optimizer.analysis-110.1.0] registered (path: /isaac-sim/extscache/omni.scene.optimizer.analysis-110.1.0+110.1.0)
  [ext: omni.scene.optimizer.bundle-110.1.0] registered (path: /isaac-sim/extscache/omni.scene.optimizer.bundle-110.1.0+110.1.0)
  [ext: omni.scene.optimizer.core-110.1.0] registered (path: /isaac-sim/extscache/omni.scene.optimizer.core-110.1.0+110.1.0.la64.r.cp312.u7f4)
  [ext: omni.scene.optimizer.ui-110.1.0] registered (path: /isaac-sim/extscache/omni.scene.optimizer.ui-110.1.0+110.1.0)
  [ext: omni.scene.optimizer.validators-110.1.0] registered (path: /isaac-sim/extscache/omni.scene.optimizer.validators-110.1.0+110.1.0)
  [ext: omni.scene.visualization.bundle-105.1.0] registered (path: /isaac-sim/extscache/omni.scene.visualization.bundle-105.1.0+110.0.0)
  [ext: omni.scene.visualization.core-110.0.0] registered (path: /isaac-sim/extscache/omni.scene.visualization.core-110.0.0+110.0.0.la64.r.cp312.u7f4)
  [ext: omni.scene.visualization.ui-107.0.1] registered (path: /isaac-sim/extscache/omni.scene.visualization.ui-107.0.1+110.0.0)
  [ext: omni.sensors.net-1.0.1] registered (path: /isaac-sim/extscache/omni.sensors.net-1.0.1+f9bf0dda.la64.r.cp312)
  [ext: omni.sensors.nv.acoustic-3.0.0] registered (path: /isaac-sim/extscache/omni.sensors.nv.acoustic-3.0.0+f9bf0dda.la64.r.cp312)
  [ext: omni.sensors.nv.camera-1.0.0] registered (path: /isaac-sim/extscache/omni.sensors.nv.camera-1.0.0+f9bf0dda.la64.r.cp312)
  [ext: omni.sensors.nv.common-3.0.0] registered (path: /isaac-sim/extscache/omni.sensors.nv.common-3.0.0+f9bf0dda.la64.r.cp312)
  [ext: omni.sensors.nv.ids-2.0.1] registered (path: /isaac-sim/extscache/omni.sensors.nv.ids-2.0.1+f9bf0dda.la64.r.cp312)
  [ext: omni.sensors.nv.lidar-3.0.0] registered (path: /isaac-sim/extscache/omni.sensors.nv.lidar-3.0.0+f9bf0dda.la64.r.cp312)
  [ext: omni.sensors.nv.materials-2.0.0] registered (path: /isaac-sim/extscache/omni.sensors.nv.materials-2.0.0+f9bf0dda.la64.r.cp312)
  [ext: omni.sensors.nv.radar-3.0.0] registered (path: /isaac-sim/extscache/omni.sensors.nv.radar-3.0.0+f9bf0dda.la64.r.cp312)
  [ext: omni.services.client-0.5.6] registered (path: /isaac-sim/extscache/omni.services.client-0.5.6)
  [ext: omni.services.convert.asset-510.0.2] registered (path: /isaac-sim/extscache/omni.services.convert.asset-510.0.2+110.1.2.la64.r.cp312.u7f4)
  [ext: omni.services.convert.cad-508.0.4] registered (path: /isaac-sim/extscache/omni.services.convert.cad-508.0.4+110.1.2.la64.r.cp312.u7f4)
  [ext: omni.services.core-1.11.0] registered (path: /isaac-sim/extscache/omni.services.core-1.11.0)
  [ext: omni.services.facilities.base-1.0.5] registered (path: /isaac-sim/extscache/omni.services.facilities.base-1.0.5)
  [ext: omni.services.facilities.monitoring.metrics-0.3.1] registered (path: /isaac-sim/extscache/omni.services.facilities.monitoring.metrics-0.3.1)
  [ext: omni.services.facilities.monitoring.progress-0.2.4] registered (path: /isaac-sim/extscache/omni.services.facilities.monitoring.progress-0.2.4)
  [ext: omni.services.pip_archive-0.18.7] registered (path: /isaac-sim/extscache/omni.services.pip_archive-0.18.7+110.1.1.la64.cp312)
  [ext: omni.services.starfleet.auth-0.1.6] registered (path: /isaac-sim/extscache/omni.services.starfleet.auth-0.1.6)
  [ext: omni.services.transport.client.base-1.2.5] registered (path: /isaac-sim/extscache/omni.services.transport.client.base-1.2.5)
  [ext: omni.services.transport.client.http_async-1.4.2] registered (path: /isaac-sim/extscache/omni.services.transport.client.http_async-1.4.2)
  [ext: omni.services.transport.server.base-1.1.2] registered (path: /isaac-sim/extscache/omni.services.transport.server.base-1.1.2)
  [ext: omni.services.transport.server.http-1.3.2] registered (path: /isaac-sim/extscache/omni.services.transport.server.http-1.3.2)
  [ext: omni.services.transport.server.zeroconf-1.0.10] registered (path: /isaac-sim/extscache/omni.services.transport.server.zeroconf-1.0.10)
  [ext: omni.services.usd-1.1.1] registered (path: /isaac-sim/extscache/omni.services.usd-1.1.1)
  [ext: omni.simready.content.browser-0.3.7] registered (path: /isaac-sim/extscache/omni.simready.content.browser-0.3.7+110.1.1)
  [ext: omni.simready.explorer-1.1.4] registered (path: /isaac-sim/extscache/omni.simready.explorer-1.1.4)
  [ext: omni.stats-1.0.1] registered (path: /isaac-sim/extscache/omni.stats-1.0.1+f9bf0dda.la64.r.cp312)
  [ext: omni.syntheticdata-0.6.15] registered (path: /isaac-sim/extscache/omni.syntheticdata-0.6.15+f9bf0dda.la64.r.cp312)
  [ext: omni.timeline-1.1.0] registered (path: /isaac-sim/extscache/omni.timeline-1.1.0+f9bf0dda.la64.r.cp312)
  [ext: omni.timeline.live_session-1.1.2] registered (path: /isaac-sim/extscache/omni.timeline.live_session-1.1.2+f9bf0dda)
  [ext: omni.ui-3.2.0] registered (path: /isaac-sim/extscache/omni.ui-3.2.0+f9bf0dda.la64.r.cp312)
  [ext: omni.ui.scene-2.0.3] registered (path: /isaac-sim/extscache/omni.ui.scene-2.0.3+f9bf0dda.la64.r.cp312)
  [ext: omni.ui_query-1.1.10] registered (path: /isaac-sim/extscache/omni.ui_query-1.1.10+f9bf0dda)
  [ext: omni.uiaudio-1.0.0] registered (path: /isaac-sim/extscache/omni.uiaudio-1.0.0+f9bf0dda.la64.r.cp312)
  [ext: omni.ujitso.client-0.0.0] registered (path: /isaac-sim/extscache/omni.ujitso.client-0.0.0+f9bf0dda.la64.r)
  [ext: omni.ujitso.default-1.0.0] registered (path: /isaac-sim/extscache/omni.ujitso.default-1.0.0+f9bf0dda.la64.r.cp312)
  [ext: omni.usd-1.16.0] registered (path: /isaac-sim/extscache/omni.usd-1.16.0+f9bf0dda.la64.r.cp312)
  [ext: omni.usd.config-1.0.7] registered (path: /isaac-sim/extscache/omni.usd.config-1.0.7+f9bf0dda)
  [ext: omni.usd.core-1.8.3] registered (path: /isaac-sim/extscache/omni.usd.core-1.8.3+f9bf0dda.la64.r)
  [ext: omni.usd.fileformat.e57-1.7.4] registered (path: /isaac-sim/extscache/omni.usd.fileformat.e57-1.7.4+la64.r.cp312.u7f4)
  [ext: omni.usd.fileformat.pts-110.0.2] registered (path: /isaac-sim/extscache/omni.usd.fileformat.pts-110.0.2+la64.r.cp312.u7f4)
  [ext: omni.usd.libs-1.0.3] registered (path: /isaac-sim/extscache/omni.usd.libs-1.0.3+f9bf0dda.la64.r.cp312)
  [ext: omni.usd.metrics.assembler-110.1.2] registered (path: /isaac-sim/extscache/omni.usd.metrics.assembler-110.1.2+110.1.0.la64.r.cp312.u7f4)
  [ext: omni.usd.metrics.assembler.physics-110.1.13] registered (path: /isaac-sim/extscache/omni.usd.metrics.assembler.physics-110.1.13+110.1.2.cp312.u7f4)
  [ext: omni.usd.metrics.assembler.ui-110.1.1] registered (path: /isaac-sim/extscache/omni.usd.metrics.assembler.ui-110.1.1+110.1.0.cp312.u7f4)
  [ext: omni.usd.metrics.assembler.usdgeom-0.1.0] registered (path: /isaac-sim/extscache/omni.usd.metrics.assembler.usdgeom-0.1.0+110.1.0.cp312.u7f4)
  [ext: omni.usd.schema.anim-0.0.1] registered (path: /isaac-sim/extscache/omni.usd.schema.anim-0.0.1+f9bf0dda.la64.r.cp312)
  [ext: omni.usd.schema.audio-0.0.1] registered (path: /isaac-sim/extscache/omni.usd.schema.audio-0.0.1+f9bf0dda.la64.r.cp312)
  [ext: omni.usd.schema.flow-110.0.0] registered (path: /isaac-sim/extscache/omni.usd.schema.flow-110.0.0+110.0.0.u7f4)
  [ext: omni.usd.schema.geospatial-0.0.1] registered (path: /isaac-sim/extscache/omni.usd.schema.geospatial-0.0.1+f9bf0dda.la64.r.cp312)
  [ext: omni.usd.schema.metrics.assembler-110.1.0] registered (path: /isaac-sim/extscache/omni.usd.schema.metrics.assembler-110.1.0+110.1.0.la64.r.cp312.u7f4)
  [ext: omni.usd.schema.omni_lens_distortion-1.0.0] registered (path: /isaac-sim/extscache/omni.usd.schema.omni_lens_distortion-1.0.0+f9bf0dda)
  [ext: omni.usd.schema.omni_projectors-1.0.0] registered (path: /isaac-sim/extscache/omni.usd.schema.omni_projectors-1.0.0+f9bf0dda)
  [ext: omni.usd.schema.omni_sensors-0.0.0] registered (path: /isaac-sim/extscache/omni.usd.schema.omni_sensors-0.0.0+f9bf0dda.la64.r.cp312)
  [ext: omni.usd.schema.omnigraph-1.0.1] registered (path: /isaac-sim/extscache/omni.usd.schema.omnigraph-1.0.1+f9bf0dda.la64.r.cp312)
  [ext: omni.usd.schema.omniscripting-1.0.1] registered (path: /isaac-sim/extscache/omni.usd.schema.omniscripting-1.0.1+f9bf0dda.la64.r.cp312)
  [ext: omni.usd.schema.physical_lighting-0.1.0] registered (path: /isaac-sim/extscache/omni.usd.schema.physical_lighting-0.1.0+f9bf0dda.la64.r.cp312)
  [ext: omni.usd.schema.physx-110.1.13] registered (path: /isaac-sim/extscache/omni.usd.schema.physx-110.1.13+110.1.2.la64.r.cp312.u7f4)
  [ext: omni.usd.schema.playback-1.0.0] registered (path: /isaac-sim/extscache/omni.usd.schema.playback-1.0.0+f9bf0dda.la64.r.cp312)
  [ext: omni.usd.schema.render_settings.rtx-1.0.2] registered (path: /isaac-sim/extscache/omni.usd.schema.render_settings.rtx-1.0.2+f9bf0dda)
  [ext: omni.usd.schema.scene.visualization-2.0.2] registered (path: /isaac-sim/extscache/omni.usd.schema.scene.visualization-2.0.2+110.0.0)
  [ext: omni.usd.schema.semantics-0.0.0] registered (path: /isaac-sim/extscache/omni.usd.schema.semantics-0.0.0+f9bf0dda.la64.r.cp312)
  [ext: omni.usd.schema.sequence-3.2.0] registered (path: /isaac-sim/extscache/omni.usd.schema.sequence-3.2.0+110.1.1.la64.r.cp312.u7f4)
  [ext: omni.usd.schema.usd_particle_field-1.0.0] registered (path: /isaac-sim/extscache/omni.usd.schema.usd_particle_field-1.0.0+f9bf0dda)
  [ext: omni.usd_resolver-1.0.0] registered (path: /isaac-sim/extscache/omni.usd_resolver-1.0.0+f9bf0dda.la64.r.cp312)
  [ext: omni.usdex.libs-2.2.2] registered (path: /isaac-sim/extscache/omni.usdex.libs-2.2.2+110.0.0.la64.r.cp312.u7f4)
  [ext: omni.usdphysics-110.1.13] registered (path: /isaac-sim/extscache/omni.usdphysics-110.1.13+110.1.2.la64.r.cp312.u7f4)
  [ext: omni.usdphysics.ui-110.1.13] registered (path: /isaac-sim/extscache/omni.usdphysics.ui-110.1.13+110.1.2.la64.r.cp312.u7f4)
  [ext: omni.vdb_timesample_editor-0.2.3] registered (path: /isaac-sim/extscache/omni.vdb_timesample_editor-0.2.3)
  [ext: omni.videoencoding-0.2.1] registered (path: /isaac-sim/extscache/omni.videoencoding-0.2.1+f9bf0dda.la64.r.cp312)
  [ext: omni.volume-0.5.2] registered (path: /isaac-sim/extscache/omni.volume-0.5.2+f9bf0dda.la64.r.cp312)
  [ext: omni.warehouse.creator.api-1.1.2] registered (path: /isaac-sim/extscache/omni.warehouse.creator.api-1.1.2)
  [ext: omni.warehouse.creator.ui-1.3.0] registered (path: /isaac-sim/extscache/omni.warehouse.creator.ui-1.3.0)
  [ext: omni.warehouse_creator-1.0.0] registered (path: /isaac-sim/extscache/omni.warehouse_creator-1.0.0)
  [ext: omni.warp.core-1.13.0] registered (path: /isaac-sim/extscache/omni.warp.core-1.13.0+la64)
  [ext: semantics.schema.editor-2.0.2] registered (path: /isaac-sim/extscache/semantics.schema.editor-2.0.2)
  [ext: semantics.schema.property-2.0.2] registered (path: /isaac-sim/extscache/semantics.schema.property-2.0.2)
  [ext: usdrt.scenegraph-7.6.3] registered (path: /isaac-sim/extscache/usdrt.scenegraph-7.6.3+f9bf0dda.la64.r.cp312)
  [ext: omni.client.lib-1.1.1] registered (path: /isaac-sim/kit/extscore/omni.client.lib)
  [ext: omni.kit.async_engine-0.0.3] registered (path: /isaac-sim/kit/extscore/omni.kit.async_engine)
  [ext: omni.kit.registry.nucleus-0.0.0] registered (path: /isaac-sim/kit/extscore/omni.kit.registry.nucleus)
  [ext: omni.app.dev-1.0.0] registered (path: /isaac-sim/kit/apps/omni.app.dev.kit)
  [ext: omni.app.dev.nvcf-1.0.0] registered (path: /isaac-sim/kit/apps/omni.app.dev.nvcf.kit)
  [ext: omni.app.dev.xr.avp-1.0.0] registered (path: /isaac-sim/kit/apps/omni.app.dev.xr.avp.kit)
  [ext: omni.app.dev.xr.ipad-1.0.0] registered (path: /isaac-sim/kit/apps/omni.app.dev.xr.ipad.kit)
  [ext: omni.app.editor.base-1.0.0] registered (path: /isaac-sim/kit/apps/omni.app.editor.base.kit)
  [ext: omni.app.empty-0.1.0] registered (path: /isaac-sim/kit/apps/omni.app.empty.kit)
  [ext: omni.app.full-1.0.1] registered (path: /isaac-sim/kit/apps/omni.app.full.kit)
  [ext: omni.app.hydra-1.0.0] registered (path: /isaac-sim/kit/apps/omni.app.hydra.kit)
  [ext: omni.app.mini-0.1.1] registered (path: /isaac-sim/kit/apps/omni.app.mini.kit)
  [ext: omni.app.viewport-1.0.0] registered (path: /isaac-sim/kit/apps/omni.app.viewport.kit)
2026-09-10T13:53:08Z [9ms] [Info] [carb] Initializing plugin: carb.scripting-python.plugin (interfaces: [carb::scripting::IScripting v1.0]) (impl: carb.scripting-python.plugin)
2026-09-10T13:53:08Z [9ms] [Info] [omni.kit.app._impl] python GC: gc.disable()
2026-09-10T13:53:08Z [10ms] [Info] [omni.ext.plugin] [ext manager] preferLocalVersions: 1
2026-09-10T13:53:08Z [10ms] [Info] [omni.ext.plugin] Processing exts enabling request: 'isaaclab.python.headless-3.0.0'
2026-09-10T13:53:08Z [11ms] [Info] [omni.ext.plugin] Solver result: succeeded. nodes: 76. time: 0.43218 (ms) iterations: 152 backtracks: 0 cycles: 0 unitprops: 151
Extensions dependency solver solution:
[ext: isaaclab.python.headless-3.0.0] deps:
 -> 'omni.physx' = { version='^' } selected: [omni.physx-110.1.13]
 -> 'omni.physx.tensors' = { version='^' } selected: [omni.physx.tensors-110.1.13]
 -> 'omni.physx.fabric' = { version='^' } selected: [omni.physx.fabric-110.1.13]
 -> 'usdrt.scenegraph' = { version='^' } selected: [usdrt.scenegraph-7.6.3]
 -> 'omni.kit.loop' = { version='^' } selected: [omni.kit.loop-isaac-1.6.0]
 -> 'omni.kit.usd.mdl' = { version='^' } selected: [omni.kit.usd.mdl-1.1.9]
 -> 'omni.usd.metrics.assembler.ui' = { version='^' } selected: [omni.usd.metrics.assembler.ui-110.1.1]
 -> 'isaacsim.simulation_app' = { version='^' } selected: [isaacsim.simulation_app-2.18.4]
 -> 'isaacsim.core.simulation_manager' = { version='^' } selected: [isaacsim.core.simulation_manager-1.15.6]
 -> 'isaacsim.core.version' = { version='^' } selected: [isaacsim.core.version-2.1.1]
 -> 'isaaclab' = { version='^' } selected: [isaaclab-6.1.14]
 -> 'isaaclab_physx' = { version='^' } selected: [isaaclab_physx-1.1.3]
 -> 'isaaclab_newton' = { version='^' } selected: [isaaclab_newton-0.13.6]
 -> 'isaaclab_assets' = { version='^' } selected: [isaaclab_assets-0.3.4]
 -> 'isaaclab_tasks' = { version='^' } selected: [isaaclab_tasks-1.10.9]
 -> 'isaaclab_mimic' = { version='^' } selected: [isaaclab_mimic-1.3.3]
 -> 'isaaclab_rl' = { version='^' } selected: [isaaclab_rl-0.5.5]
[ext: isaaclab_rl-0.5.5] deps:
 -> 'isaaclab' = { version='^' } selected: [isaaclab-6.1.14]
 -> 'isaaclab_assets' = { version='^' } selected: [isaaclab_assets-0.3.4]
 -> 'isaaclab_tasks' = { version='^' } selected: [isaaclab_tasks-1.10.9]
[ext: isaaclab_physx-1.1.3] deps:
 -> 'isaaclab' = { version='^' } selected: [isaaclab-6.1.14]
[ext: isaaclab_newton-0.13.6] deps:
 -> 'isaaclab' = { version='^' } selected: [isaaclab-6.1.14]
[ext: isaaclab_mimic-1.3.3] deps:
 -> 'isaaclab' = { version='^' } selected: [isaaclab-6.1.14]
 -> 'isaaclab_assets' = { version='^' } selected: [isaaclab_assets-0.3.4]
 -> 'isaaclab_tasks' = { version='^' } selected: [isaaclab_tasks-1.10.9]
[ext: isaaclab_tasks-1.10.9] deps:
 -> 'isaaclab' = { version='^' } selected: [isaaclab-6.1.14]
 -> 'isaaclab_assets' = { version='^' } selected: [isaaclab_assets-0.3.4]
[ext: isaaclab_assets-0.3.4] deps:
 -> 'isaaclab' = { version='^' } selected: [isaaclab-6.1.14]
 -> 'isaaclab_contrib' = { version='^' } selected: [isaaclab_contrib-0.4.4]
[ext: omni.usd.metrics.assembler.ui-110.1.1] deps:
 -> 'omni.usd.metrics.assembler' = { version='^' } selected: [omni.usd.metrics.assembler-110.1.2]
 -> 'omni.usd' = { version='^' } selected: [omni.usd-1.16.0]
 -> 'omni.kit.usd.layers' = { version='^' } selected: [omni.kit.usd.layers-2.6.1]
[ext: omni.physx.fabric-110.1.13] deps:
 -> 'omni.physx' = { version='=110.1.13' } selected: [omni.physx-110.1.13]
 -> 'usdrt.scenegraph' = { version='^' } selected: [usdrt.scenegraph-7.6.3]
[ext: omni.kit.loop-isaac-1.6.0] no deps
[ext: isaacsim.simulation_app-2.18.4] deps:
 -> 'omni.usd' = { version='^' } selected: [omni.usd-1.16.0]
[ext: isaacsim.core.version-2.1.1] deps:
 -> 'isaacsim.core.deprecation_manager' = { version='^' } selected: [isaacsim.core.deprecation_manager-0.4.2]
[ext: isaacsim.core.simulation_manager-1.15.6] deps:
 -> 'omni.physx.tensors' = { version='^' } selected: [omni.physx.tensors-110.1.13]
 -> 'omni.usd.schema.newton' = { version='^' } selected: [omni.usd.schema.newton-1.2.1]
 -> 'isaacsim.core.experimental.utils' = { version='^' } selected: [isaacsim.core.experimental.utils-0.17.2]
 -> 'omni.physics' = { version='^' } selected: [omni.physics-110.1.13]
 -> 'omni.physics.physx' = { version='^' } selected: [omni.physics.physx-110.1.13]
 -> 'omni.physics.stageupdate' = { version='^' } selected: [omni.physics.stageupdate-110.1.13]
 -> 'omni.usd.schema.mujoco' = { version='^' } selected: [omni.usd.schema.mujoco-1.1.1]
 -> 'omni.usdex.libs' = { version='^' } selected: [omni.usdex.libs-2.2.2]
[ext: omni.usdex.libs-2.2.2] deps:
 -> 'omni.usd.libs' = { version='^' } selected: [omni.usd.libs-1.0.3]
[ext: omni.physx.tensors-110.1.13] deps:
 -> 'omni.physx' = { version='=110.1.13' } selected: [omni.physx-110.1.13]
 -> 'omni.physics.tensors' = { version='=110.1.13' } selected: [omni.physics.tensors-110.1.13]
[ext: omni.physics.tensors-110.1.13] deps:
 -> 'omni.usd.libs' = { version='^' } selected: [omni.usd.libs-1.0.3]
 -> 'omni.usd.schema.physx' = { version='=110.1.13' } selected: [omni.usd.schema.physx-110.1.13]
[ext: omni.physics.stageupdate-110.1.13] deps:
 -> 'omni.usd' = { version='^' } selected: [omni.usd-1.16.0]
 -> 'omni.kit.usd.layers' = { version='^' optional=true  } selected: [omni.kit.usd.layers-2.6.1]
 -> 'omni.physics' = { version='=110.1.13' } selected: [omni.physics-110.1.13]
[ext: omni.physics.physx-110.1.13] deps:
 -> 'omni.physx' = { version='=110.1.13' } selected: [omni.physx-110.1.13]
 -> 'omni.physics' = { version='=110.1.13' } selected: [omni.physics-110.1.13]
[ext: omni.physx-110.1.13] deps:
 -> 'usdrt.scenegraph' = { version='^' } selected: [usdrt.scenegraph-7.6.3]
 -> 'omni.usd.libs' = { version='^' } selected: [omni.usd.libs-1.0.3]
 -> 'omni.usd.schema.physx' = { version='=110.1.13' } selected: [omni.usd.schema.physx-110.1.13]
 -> 'omni.usdphysics' = { version='=110.1.13' } selected: [omni.usdphysics-110.1.13]
 -> 'omni.gpucompute.plugins' = { version='^' } selected: [omni.gpucompute.plugins-0.0.0]
 -> 'omni.physx.cooking' = { version='=110.1.13' } selected: [omni.physx.cooking-110.1.13]
 -> 'omni.physx.foundation' = { version='=110.1.13' } selected: [omni.physx.foundation-110.1.13]
 -> 'omni.usd.schema.newton' = { version='^' } selected: [omni.usd.schema.newton-1.2.1]
[ext: omni.physx.cooking-110.1.13] deps:
 -> 'omni.usd.libs' = { version='^' } selected: [omni.usd.libs-1.0.3]
 -> 'omni.usd.schema.physx' = { version='=110.1.13' } selected: [omni.usd.schema.physx-110.1.13]
 -> 'omni.usdphysics' = { version='=110.1.13' } selected: [omni.usdphysics-110.1.13]
 -> 'omni.physx.foundation' = { version='=110.1.13' } selected: [omni.physx.foundation-110.1.13]
 -> 'omni.convexdecomposition' = { version='=110.1.13' } selected: [omni.convexdecomposition-110.1.13]
 -> 'omni.ujitso.default' = { version='^' } selected: [omni.ujitso.default-1.0.0]
[ext: omni.usdphysics-110.1.13] deps:
 -> 'omni.usd.libs' = { version='^' } selected: [omni.usd.libs-1.0.3]
 -> 'omni.usd.schema.physx' = { version='=110.1.13' } selected: [omni.usd.schema.physx-110.1.13]
[ext: omni.physx.foundation-110.1.13] deps:
 -> 'omni.gpu_foundation' = { version='^' } selected: [omni.gpu_foundation-0.0.0]
 -> 'omni.physx.gpu' = { version='=110.1.13' } selected: [omni.physx.gpu-110.1.13]
[ext: omni.physx.gpu-110.1.13] no deps
[ext: omni.physics-110.1.13] no deps
[ext: omni.convexdecomposition-110.1.13] deps:
 -> 'omni.usd.libs' = { version='^' } selected: [omni.usd.libs-1.0.3]
 -> 'omni.usd.schema.physx' = { version='=110.1.13' } selected: [omni.usd.schema.physx-110.1.13]
 -> 'omni.kit.commands' = { version='^' optional=true  } selected: [omni.kit.commands-1.5.0]
 -> 'omni.assets.plugins' = { version='^' } selected: [omni.assets.plugins-0.0.0]
[ext: isaacsim.core.experimental.utils-0.17.2] deps:
 -> 'omni.usd.metrics.assembler' = { version='^' } selected: [omni.usd.metrics.assembler-110.1.2]
 -> 'omni.usd' = { version='^' } selected: [omni.usd-1.16.0]
 -> 'isaacsim.core.deprecation_manager' = { version='^' } selected: [isaacsim.core.deprecation_manager-0.4.2]
 -> 'omni.hydra.usdrt_delegate' = { version='^' } selected: [omni.hydra.usdrt_delegate-7.5.2]
 -> 'omni.kit.stage_templates' = { version='^' } selected: [omni.kit.stage_templates-2.0.2]
[ext: omni.usd.metrics.assembler-110.1.2] deps:
 -> 'omni.usd.libs' = { version='^' } selected: [omni.usd.libs-1.0.3]
 -> 'omni.usd.schema.metrics.assembler' = { version='^' } selected: [omni.usd.schema.metrics.assembler-110.1.0]
[ext: omni.kit.stage_templates-2.0.2] deps:
 -> 'omni.usd' = { version='^' } selected: [omni.usd-1.16.0]
 -> 'omni.kit.actions.core' = { version='^' } selected: [omni.kit.actions.core-1.0.0]
 -> 'omni.kit.commands' = { version='^' } selected: [omni.kit.commands-1.5.0]
 -> 'omni.kit.stage_template.core' = { version='^' } selected: [omni.kit.stage_template.core-1.1.22]
 -> 'omni.kit.primitive.mesh' = { version='^' } selected: [omni.kit.primitive.mesh-1.1.0]
[ext: omni.kit.stage_template.core-1.1.22] deps:
 -> 'omni.usd' = { version='^' } selected: [omni.usd-1.16.0]
[ext: omni.kit.primitive.mesh-1.1.0] deps:
 -> 'omni.usd' = { version='^' } selected: [omni.usd-1.16.0]
 -> 'omni.kit.usd.layers' = { version='^' } selected: [omni.kit.usd.layers-2.6.1]
 -> 'omni.kit.actions.core' = { version='^' } selected: [omni.kit.actions.core-1.0.0]
 -> 'omni.kit.commands' = { version='^' } selected: [omni.kit.commands-1.5.0]
[ext: omni.kit.usd.layers-2.6.1] deps:
 -> 'omni.usd.libs' = { version='^' } selected: [omni.usd.libs-1.0.3]
 -> 'omni.usd' = { version='^' } selected: [omni.usd-1.16.0]
 -> 'omni.kit.commands' = { version='^' } selected: [omni.kit.commands-1.5.0]
 -> 'omni.client' = { version='^' } selected: [omni.client-1.3.0]
[ext: isaacsim.core.deprecation_manager-0.4.2] deps:
 -> 'omni.usd' = { version='^' } selected: [omni.usd-1.16.0]
[ext: omni.usd-1.16.0] deps:
 -> 'omni.usd.core' = { version='^' } selected: [omni.usd.core-1.8.3]
 -> 'omni.kit.exec.core' = { version='^' } selected: [omni.kit.exec.core-0.13.5]
 -> 'omni.kit.commands' = { version='^' } selected: [omni.kit.commands-1.5.0]
 -> 'omni.client' = { version='^' } selected: [omni.client-1.3.0]
 -> 'omni.timeline' = { version='^' } selected: [omni.timeline-1.1.0]
 -> 'omni.assets.plugins' = { version='^' } selected: [omni.assets.plugins-0.0.0]
 -> 'omni.kit.audiodeviceenum' = { version='^' } selected: [omni.kit.audiodeviceenum-1.0.2]
 -> 'omni.hydra.usdrt_delegate' = { version='^' optional=true  } selected: [omni.hydra.usdrt_delegate-7.5.2]
 -> 'carb.audio' = { version='^' } selected: [carb.audio-0.1.0]
 -> 'omni.kit.usd_undo' = { version='^' } selected: [omni.kit.usd_undo-0.1.8]
 -> 'omni.kit.async_engine' = { version='^' } selected: [omni.kit.async_engine-0.0.3]
[ext: omni.timeline-1.1.0] no deps
[ext: omni.kit.usd_undo-0.1.8] deps:
 -> 'omni.usd.libs' = { version='^' } selected: [omni.usd.libs-1.0.3]
[ext: omni.kit.exec.core-0.13.5] deps:
 -> 'omni.usd.libs' = { version='^' } selected: [omni.usd.libs-1.0.3]
 -> 'omni.graph.exec' = { version='^' } selected: [omni.graph.exec-0.9.6]
[ext: omni.kit.commands-1.5.0] deps:
 -> 'omni.kit.actions.core' = { version='^' } selected: [omni.kit.actions.core-1.0.0]
[ext: omni.kit.audiodeviceenum-1.0.2] deps:
 -> 'carb.audio' = { version='^' } selected: [carb.audio-0.1.0]
[ext: omni.kit.actions.core-1.0.0] no deps
[ext: omni.hydra.usdrt_delegate-7.5.2] deps:
 -> 'usdrt.scenegraph' = { version='^' } selected: [usdrt.scenegraph-7.6.3]
 -> 'omni.gpucompute.plugins' = { version='^' } selected: [omni.gpucompute.plugins-0.0.0]
 -> 'omni.usd.core' = { version='^' } selected: [omni.usd.core-1.8.3]
 -> 'omni.gpu_foundation' = { version='^' } selected: [omni.gpu_foundation-0.0.0]
 -> 'omni.usd.schema.audio' = { version='^' optional=true  } selected: [omni.usd.schema.audio-0.0.1]
 -> 'omni.client' = { version='^' } selected: [omni.client-1.3.0]
 -> 'omni.usd.schema.anim' = { version='^' } selected: [omni.usd.schema.anim-0.0.1]
 -> 'omni.activity.core' = { version='^' } selected: [omni.activity.core-1.0.3]
[ext: usdrt.scenegraph-7.6.3] deps:
 -> 'omni.gpucompute.plugins' = { version='^' } selected: [omni.gpucompute.plugins-0.0.0]
 -> 'omni.usd.core' = { version='^' } selected: [omni.usd.core-1.8.3]
 -> 'omni.cubric' = { version='^' } selected: [omni.cubric-0.1.0]
[ext: omni.usd.core-1.8.3] deps:
 -> 'omni.usd.libs' = { version='^' } selected: [omni.usd.libs-1.0.3]
 -> 'omni.usd.schema.audio' = { version='^' } selected: [omni.usd.schema.audio-0.0.1]
 -> 'omni.client' = { version='^' } selected: [omni.client-1.3.0]
 -> 'omni.usd_resolver' = { version='^' } selected: [omni.usd_resolver-1.0.0]
[ext: omni.usd_resolver-1.0.0] deps:
 -> 'omni.usd.libs' = { version='^' } selected: [omni.usd.libs-1.0.3]
 -> 'omni.client' = { version='^' } selected: [omni.client-1.3.0]
[ext: omni.graph.exec-0.9.6] no deps
[ext: omni.cubric-0.1.0] no deps
[ext: omni.activity.core-1.0.3] no deps
[ext: isaaclab_contrib-0.4.4] deps:
 -> 'isaaclab' = { version='^' } selected: [isaaclab-6.1.14]
[ext: isaaclab-6.1.14] no deps
[ext: carb.audio-0.1.0] deps:
 -> 'omni.assets.plugins' = { version='^' } selected: [omni.assets.plugins-0.0.0]
[ext: omni.usd.schema.physx-110.1.13] deps:
 -> 'omni.usd.libs' = { version='^' } selected: [omni.usd.libs-1.0.3]
[ext: omni.usd.schema.newton-1.2.1] deps:
 -> 'omni.usd.libs' = { version='^' } selected: [omni.usd.libs-1.0.3]
[ext: omni.usd.schema.mujoco-1.1.1] deps:
 -> 'omni.usd.libs' = { version='^' } selected: [omni.usd.libs-1.0.3]
[ext: omni.usd.schema.audio-0.0.1] deps:
 -> 'omni.usd.libs' = { version='^' } selected: [omni.usd.libs-1.0.3]
[ext: omni.usd.schema.anim-0.0.1] deps:
 -> 'omni.usd.libs' = { version='^' } selected: [omni.usd.libs-1.0.3]
[ext: omni.usd.schema.metrics.assembler-110.1.0] deps:
 -> 'omni.usd.libs' = { version='^' } selected: [omni.usd.libs-1.0.3]
[ext: omni.kit.usd.mdl-1.1.9] deps:
 -> 'omni.usd.libs' = { version='^' } selected: [omni.usd.libs-1.0.3]
 -> 'omni.mdl.neuraylib' = { version='^' } selected: [omni.mdl.neuraylib-0.2.20]
[ext: omni.mdl.neuraylib-0.2.20] deps:
 -> 'omni.iray.libs' = { version='^' } selected: [omni.iray.libs-0.0.1]
 -> 'omni.mdl' = { version='^' } selected: [omni.mdl-57.0.3]
[ext: omni.mdl-57.0.3] deps:
 -> 'omni.client' = { version='^' } selected: [omni.client-1.3.0]
[ext: omni.iray.libs-0.0.1] no deps
[ext: omni.usd.libs-1.0.3] deps:
 -> 'omni.gpucompute.plugins' = { version='^' optional=true  } selected: [omni.gpucompute.plugins-0.0.0]
 -> 'omni.usd.config' = { version='^' } selected: [omni.usd.config-1.0.7]
[ext: omni.usd.config-1.0.7] deps:
 -> 'omni.client' = { version='^' } selected: [omni.client-1.3.0]
[ext: omni.gpucompute.plugins-0.0.0] deps:
 -> 'omni.gpu_foundation' = { version='^' } selected: [omni.gpu_foundation-0.0.0]
[ext: omni.gpu_foundation-0.0.0] deps:
 -> 'omni.ujitso.default' = { version='^' optional=true  } selected: [omni.ujitso.default-1.0.0]
 -> 'omni.client' = { version='^' optional=true  } selected: [omni.client-1.3.0]
 -> 'omni.assets.plugins' = { version='^' } selected: [omni.assets.plugins-0.0.0]
 -> 'omni.stats' = { version='^' } selected: [omni.stats-1.0.1]
 -> 'omni.gpu_foundation.shadercache.vulkan' = { version='^' } selected: [omni.gpu_foundation.shadercache.vulkan-1.0.0]
 -> 'omni.hsscclient' = { version='^' } selected: [omni.hsscclient-1.1.4]
[ext: omni.ujitso.default-1.0.0] deps:
 -> 'omni.client' = { version='^' } selected: [omni.client-1.3.0]
 -> 'omni.stats' = { version='^' } selected: [omni.stats-1.0.1]
 -> 'omni.hsscclient' = { version='^' } selected: [omni.hsscclient-1.1.4]
 -> 'omni.datastore' = { version='^' } selected: [omni.datastore-0.0.0]
 -> 'omni.blobkey' = { version='^' } selected: [omni.blobkey-1.1.2]
[ext: omni.stats-1.0.1] no deps
[ext: omni.hsscclient-1.1.4] deps:
 -> 'omni.blobkey' = { version='^' } selected: [omni.blobkey-1.1.2]
[ext: omni.gpu_foundation.shadercache.vulkan-1.0.0] no deps
[ext: omni.datastore-0.0.0] deps:
 -> 'omni.blobkey' = { version='^' } selected: [omni.blobkey-1.1.2]
 -> 'omni.metrics.core' = { version='^' } selected: [omni.metrics.core-0.0.3]
 -> 'omni.grpc.lib' = { version='^' } selected: [omni.grpc.lib-1.0.0]
[ext: omni.metrics.core-0.0.3] no deps
[ext: omni.grpc.lib-1.0.0] deps:
 -> 'omni.protobuf.lib' = { version='^' } selected: [omni.protobuf.lib-1.0.0]
[ext: omni.protobuf.lib-1.0.0] no deps
[ext: omni.client-1.3.0] deps:
 -> 'omni.client.lib' = { version='^' } selected: [omni.client.lib-1.1.1]
[ext: omni.client.lib-1.1.1] deps:
 -> 'omni.kit.async_engine' = { version='^' } selected: [omni.kit.async_engine-0.0.3]
[ext: omni.kit.async_engine-0.0.3] no deps
[ext: omni.blobkey-1.1.2] no deps
[ext: omni.assets.plugins-0.0.0] no deps
  Synced registries:
     (none)

2026-09-10T13:53:08Z [13ms] [Info] [omni.ext.plugin] About to startup: [ext: omni.assets.plugins-0.0.0] (order: 0) Triggered by: omni.usd-1.16.0, omni.gpu_foundation-0.0.0, omni.convexdecomposition-110.1.13, carb.audio-0.1.0 (path: /isaac-sim/extscache/omni.assets.plugins-0.0.0+f9bf0dda.la64.r)
2026-09-10T13:53:08Z [13ms] [Info] [omni.kit.app.plugin] [0.045s] [ext: omni.assets.plugins-0.0.0] startup
2026-09-10T13:53:08Z [14ms] [Info] [carb] Registered plugin: carb.assets.plugin (interfaces: [carb::assets::IAssets v2.0],[carb::assets::IAssetsBlob v1.0]) (impl: carb.assets.plugin)
2026-09-10T13:53:08Z [14ms] [Info] [carb] Registered plugin: carb.datasource-file.plugin (interfaces: [carb::datasource::IDataSource v1.1]) (impl: carb.datasource-file.plugin)
2026-09-10T13:53:08Z [14ms] [Info] [carb] Registered plugin: carb.imaging.plugin (interfaces: [carb::imaging::IImaging v2.6]) (impl: carb.imaging.plugin)
2026-09-10T13:53:08Z [14ms] [Info] [carb] Registered plugin: carb.progress.plugin (interfaces: [carb::progress::IProgress v1.0]) (impl: carb.progress.plugin)
2026-09-10T13:53:08Z [14ms] [Info] [omni.ext.plugin] [ext: omni.assets.plugins-0.0.0] started, startup time: 0 (ms)
2026-09-10T13:53:08Z [14ms] [Info] [omni.ext.plugin] About to startup: [ext: omni.blobkey-1.1.2] (order: 0) Triggered by: omni.ujitso.default-1.0.0, omni.hsscclient-1.1.4, omni.datastore-0.0.0 (path: /isaac-sim/extscache/omni.blobkey-1.1.2+f9bf0dda.la64.r)
2026-09-10T13:53:08Z [14ms] [Info] [omni.kit.app.plugin] [0.045s] [ext: omni.blobkey-1.1.2] startup
2026-09-10T13:53:08Z [14ms] [Info] [carb] Registered plugin: omni.blobkey.plugin (interfaces: [omni::blobkey::IBlobKey v1.1]) (impl: omni.blobkey.plugin)
2026-09-10T13:53:08Z [14ms] [Info] [omni.ext.plugin] [ext: omni.blobkey-1.1.2] started, startup time: 0 (ms)
2026-09-10T13:53:08Z [14ms] [Info] [omni.ext.plugin] About to startup: [ext: omni.kit.async_engine-0.0.3] (order: 0) Triggered by: omni.usd-1.16.0, omni.client.lib-1.1.1 (path: /isaac-sim/kit/extscore/omni.kit.async_engine)
2026-09-10T13:53:08Z [14ms] [Info] [omni.kit.app.plugin] [0.046s] [ext: omni.kit.async_engine-0.0.3] startup
2026-09-10T13:53:08Z [41ms] [Info] [omni.ext._impl.utils] -> func:_refresh_cache took: 0.0272s
2026-09-10T13:53:08Z [43ms] [Info] [omni.ext._impl._internal] Searching for classes derived from 'omni.ext.IExt' in 'omni.kit.async_engine' ('/isaac-sim/kit/extscore/omni.kit.async_engine')
2026-09-10T13:53:08Z [43ms] [Info] [omni.ext._impl._internal] Found class `_AsyncEngineDriver` derived from `omni.ext.IExt` in module: 'omni.kit.async_engine' in '/isaac-sim/kit/extscore/omni.kit.async_engine'. Calling `on_startup`.
2026-09-10T13:53:08Z [43ms] [Info] [omni.kit.async_engine.async_engine] policy: <asyncio.unix_events._UnixDefaultEventLoopPolicy object at 0xf43f170a4350> from /exts/omni.kit.async_engine/event_loop_policy_unix = "os_default"
2026-09-10T13:53:08Z [44ms] [Info] [omni.kit.async_engine.async_engine] loop:   <_UnixSelectorEventLoop running=False closed=False debug=False> from /exts/omni.kit.async_engine/event_loop_unix = "os_default"
2026-09-10T13:53:08Z [44ms] [Info] [omni.ext.plugin] [ext: omni.kit.async_engine-0.0.3] started, startup time: 29 (ms)
2026-09-10T13:53:08Z [44ms] [Info] [omni.ext.plugin] About to startup: [ext: omni.client.lib-1.1.1] (order: 0) Triggered by: omni.client-1.3.0 (path: /isaac-sim/kit/extscore/omni.client.lib)
2026-09-10T13:53:08Z [44ms] [Info] [omni.kit.app.plugin] [0.075s] [ext: omni.client.lib-1.1.1] startup
2026-09-10T13:53:08Z [49ms] [Info] [omni.ext.plugin] Loaded the dynamic library from /isaac-sim/kit/extscore/omni.client.lib/bin/libomniclient.so
2026-09-10T13:53:09Z [58ms] [Info] [omni.ext._impl._internal] Searching for classes derived from 'omni.ext.IExt' in 'omni.client' ('/isaac-sim/kit/extscore/omni.client.lib')
2026-09-10T13:53:09Z [58ms] [Info] [omni.ext.plugin] [ext: omni.client.lib-1.1.1] started, startup time: 14 (ms)
2026-09-10T13:53:09Z [58ms] [Info] [omni.ext.plugin] About to startup: [ext: omni.client-1.3.0] (order: 0) Triggered by: omni.usd.core-1.8.3, omni.usd-1.16.0, omni.kit.usd.layers-2.6.1, omni.usd.config-1.0.7, omni.ujitso.default-1.0.0, omni.usd_resolver-1.0.0, omni.mdl-57.0.3, omni.hydra.usdrt_delegate-7.5.2 (path: /isaac-sim/extscache/omni.client-1.3.0+f9bf0dda.la64.r)
2026-09-10T13:53:09Z [58ms] [Info] [omni.kit.app.plugin] [0.089s] [ext: omni.client-1.3.0] startup
2026-09-10T13:53:09Z [58ms] [Info] [carb] Registered plugin: omni.client.liveprocess.plugin (interfaces: [omni::ext::IExt v0.1]) (impl: omni.client.liveprocess.plugin)
2026-09-10T13:53:09Z [58ms] [Info] [carb] Registered plugin: carb.omniclient.plugin (interfaces: [carb::omniclient::IOmniClient v2.71]) (impl: carb.omniclient.plugin)
2026-09-10T13:53:09Z [59ms] [Info] [carb] Registered plugin: carb.datasource-omniclient.plugin (interfaces: [carb::datasource::IDataSource v1.1]) (impl: carb.datasource-omniclient.plugin)
2026-09-10T13:53:09Z [59ms] [Info] [carb] Initializing plugin: omni.client.liveprocess.plugin (interfaces: [omni::ext::IExt v0.1]) (impl: omni.client.liveprocess.plugin)
2026-09-10T13:53:09Z [59ms] [Info] [omni.ext.plugin] [ext: omni.client-1.3.0] Starting ext::IExt in '/isaac-sim/extscache/omni.client-1.3.0+f9bf0dda.la64.r/bin/libomni.client.liveprocess.plugin.so'
2026-09-10T13:53:09Z [59ms] [Info] [carb] Initializing plugin: carb.omniclient.plugin (interfaces: [carb::omniclient::IOmniClient v2.71]) (impl: carb.omniclient.plugin)
2026-09-10T13:53:09Z [59ms] [Info] [carb.omniclient.plugin]  Main: core: Initializing Version 2.71.2-release.7083+gl.9dc344f0
2026-09-10T13:53:09Z [59ms] [Info] [carb.omniclient.plugin]  Main: core: Client ID: KRTQZWSS
2026-09-10T13:53:09Z [113ms] [Warning] [carb.omniclient.plugin]  45: OmniHub: ThreadId(02) Hub encountered error. Trying to reconnect to Hub. retry_reason="Hub failed to launch: Io(\"child exited with exit status: 1 without writing file \\\"/tmp/hub-ubuntu-428C8BB2.config.json\\\"\")"
2026-09-10T13:53:09Z [185ms] [Warning] [carb.omniclient.plugin]  45: OmniHub: ThreadId(02) Hub encountered error. Trying to reconnect to Hub. retry_reason="Hub failed to launch: Io(\"child exited with exit status: 1 without writing file \\\"/tmp/hub-ubuntu-428C8BB2.config.json\\\"\")"
2026-09-10T13:53:09Z [267ms] [Warning] [carb.omniclient.plugin]  45: OmniHub: ThreadId(02) Hub encountered error. Trying to reconnect to Hub. retry_reason="Hub failed to launch: Io(\"child exited with exit status: 1 without writing file \\\"/tmp/hub-ubuntu-428C8BB2.config.json\\\"\")"
2026-09-10T13:53:09Z [359ms] [Warning] [carb.omniclient.plugin]  45: OmniHub: ThreadId(02) Hub encountered error. Trying to reconnect to Hub. retry_reason="Hub failed to launch: Io(\"child exited with exit status: 1 without writing file \\\"/tmp/hub-ubuntu-428C8BB2.config.json\\\"\")"
2026-09-10T13:53:09Z [461ms] [Warning] [carb.omniclient.plugin]  45: OmniHub: ThreadId(02) Hub encountered error. Trying to reconnect to Hub. retry_reason="Hub failed to launch: Io(\"child exited with exit status: 1 without writing file \\\"/tmp/hub-ubuntu-428C8BB2.config.json\\\"\")"
2026-09-10T13:53:09Z [574ms] [Warning] [carb.omniclient.plugin]  45: OmniHub: ThreadId(02) Hub encountered error. Trying to reconnect to Hub. retry_reason="Hub failed to launch: Io(\"child exited with exit status: 1 without writing file \\\"/tmp/hub-ubuntu-428C8BB2.config.json\\\"\")"
2026-09-10T13:53:09Z [695ms] [Warning] [carb.omniclient.plugin]  45: OmniHub: ThreadId(02) Hub encountered error. Trying to reconnect to Hub. retry_reason="Hub failed to launch: Io(\"child exited with exit status: 1 without writing file \\\"/tmp/hub-ubuntu-428C8BB2.config.json\\\"\")"
2026-09-10T13:53:09Z [828ms] [Warning] [carb.omniclient.plugin]  45: OmniHub: ThreadId(02) Hub encountered error. Trying to reconnect to Hub. retry_reason="Hub failed to launch: Io(\"child exited with exit status: 1 without writing file \\\"/tmp/hub-ubuntu-428C8BB2.config.json\\\"\")"
2026-09-10T13:53:09Z [970ms] [Warning] [carb.omniclient.plugin]  45: OmniHub: ThreadId(02) Hub encountered error. Trying to reconnect to Hub. retry_reason="Hub failed to launch: Io(\"child exited with exit status: 1 without writing file \\\"/tmp/hub-ubuntu-428C8BB2.config.json\\\"\")"
2026-09-10T13:53:10Z [1,122ms] [Warning] [carb.omniclient.plugin]  45: OmniHub: ThreadId(02) Hub encountered error. Trying to reconnect to Hub. retry_reason="Hub failed to launch: Io(\"child exited with exit status: 1 without writing file \\\"/tmp/hub-ubuntu-428C8BB2.config.json\\\"\")"
2026-09-10T13:53:10Z [1,284ms] [Warning] [carb.omniclient.plugin]  45: OmniHub: ThreadId(02) Hub encountered error. Trying to reconnect to Hub. retry_reason="Hub failed to launch: Io(\"child exited with exit status: 1 without writing file \\\"/tmp/hub-ubuntu-428C8BB2.config.json\\\"\")"
2026-09-10T13:53:10Z [1,456ms] [Warning] [carb.omniclient.plugin]  45: OmniHub: ThreadId(02) Hub encountered error. Trying to reconnect to Hub. retry_reason="Hub failed to launch: Io(\"child exited with exit status: 1 without writing file \\\"/tmp/hub-ubuntu-428C8BB2.config.json\\\"\")"
2026-09-10T13:53:10Z [1,638ms] [Warning] [carb.omniclient.plugin]  45: OmniHub: ThreadId(02) Hub encountered error. Trying to reconnect to Hub. retry_reason="Hub failed to launch: Io(\"child exited with exit status: 1 without writing file \\\"/tmp/hub-ubuntu-428C8BB2.config.json\\\"\")"
2026-09-10T13:53:10Z [1,830ms] [Warning] [carb.omniclient.plugin]  45: OmniHub: ThreadId(02) Hub encountered error. Trying to reconnect to Hub. retry_reason="Hub failed to launch: Io(\"child exited with exit status: 1 without writing file \\\"/tmp/hub-ubuntu-428C8BB2.config.json\\\"\")"
2026-09-10T13:53:10Z [2,033ms] [Warning] [carb.omniclient.plugin]  45: OmniHub: ThreadId(02) Hub encountered error. Trying to reconnect to Hub. retry_reason="Hub failed to launch: Io(\"child exited with exit status: 1 without writing file \\\"/tmp/hub-ubuntu-428C8BB2.config.json\\\"\")"
2026-09-10T13:53:11Z [2,245ms] [Warning] [carb.omniclient.plugin]  45: OmniHub: ThreadId(02) Hub encountered error. Trying to reconnect to Hub. retry_reason="Hub failed to launch: Io(\"child exited with exit status: 1 without writing file \\\"/tmp/hub-ubuntu-428C8BB2.config.json\\\"\")"
2026-09-10T13:53:11Z [2,467ms] [Warning] [carb.omniclient.plugin]  45: OmniHub: ThreadId(02) Hub encountered error. Trying to reconnect to Hub. retry_reason="Hub failed to launch: Io(\"child exited with exit status: 1 without writing file \\\"/tmp/hub-ubuntu-428C8BB2.config.json\\\"\")"
2026-09-10T13:53:11Z [2,699ms] [Warning] [carb.omniclient.plugin]  45: OmniHub: ThreadId(02) Hub encountered error. Trying to reconnect to Hub. retry_reason="Hub failed to launch: Io(\"child exited with exit status: 1 without writing file \\\"/tmp/hub-ubuntu-428C8BB2.config.json\\\"\")"
2026-09-10T13:53:11Z [2,940ms] [Warning] [carb.omniclient.plugin]  45: OmniHub: ThreadId(02) Hub encountered error. Trying to reconnect to Hub. retry_reason="Hub failed to launch: Io(\"child exited with exit status: 1 without writing file \\\"/tmp/hub-ubuntu-428C8BB2.config.json\\\"\")"
2026-09-10T13:53:12Z [3,193ms] [Warning] [carb.omniclient.plugin]  45: OmniHub: ThreadId(02) Hub encountered error. Trying to reconnect to Hub. retry_reason="Hub failed to launch: Io(\"child exited with exit status: 1 without writing file \\\"/tmp/hub-ubuntu-428C8BB2.config.json\\\"\")"
2026-09-10T13:53:12Z [3,455ms] [Warning] [carb.omniclient.plugin]  45: OmniHub: ThreadId(02) Hub encountered error. Trying to reconnect to Hub. retry_reason="Hub failed to launch: Io(\"child exited with exit status: 1 without writing file \\\"/tmp/hub-ubuntu-428C8BB2.config.json\\\"\")"
2026-09-10T13:53:12Z [3,727ms] [Warning] [carb.omniclient.plugin]  45: OmniHub: ThreadId(02) Hub encountered error. Trying to reconnect to Hub. retry_reason="Hub failed to launch: Io(\"child exited with exit status: 1 without writing file \\\"/tmp/hub-ubuntu-428C8BB2.config.json\\\"\")"
2026-09-10T13:53:12Z [4,009ms] [Warning] [carb.omniclient.plugin]  45: OmniHub: ThreadId(02) Hub encountered error. Trying to reconnect to Hub. retry_reason="Hub failed to launch: Io(\"child exited with exit status: 1 without writing file \\\"/tmp/hub-ubuntu-428C8BB2.config.json\\\"\")"
2026-09-10T13:53:13Z [4,302ms] [Warning] [carb.omniclient.plugin]  45: OmniHub: ThreadId(02) Hub encountered error. Trying to reconnect to Hub. retry_reason="Hub failed to launch: Io(\"child exited with exit status: 1 without writing file \\\"/tmp/hub-ubuntu-428C8BB2.config.json\\\"\")"
2026-09-10T13:53:13Z [4,604ms] [Warning] [carb.omniclient.plugin]  45: OmniHub: ThreadId(02) Hub encountered error. Trying to reconnect to Hub. retry_reason="Hub failed to launch: Io(\"child exited with exit status: 1 without writing file \\\"/tmp/hub-ubuntu-428C8BB2.config.json\\\"\")"
2026-09-10T13:53:13Z [4,916ms] [Warning] [carb.omniclient.plugin]  45: OmniHub: ThreadId(02) Hub encountered error. Trying to reconnect to Hub. retry_reason="Hub failed to launch: Io(\"child exited with exit status: 1 without writing file \\\"/tmp/hub-ubuntu-428C8BB2.config.json\\\"\")"
2026-09-10T13:53:14Z [5,239ms] [Warning] [carb.omniclient.plugin]  45: OmniHub: ThreadId(02) Hub encountered error. Trying to reconnect to Hub. retry_reason="Hub failed to launch: Io(\"child exited with exit status: 1 without writing file \\\"/tmp/hub-ubuntu-428C8BB2.config.json\\\"\")"
2026-09-10T13:53:14Z [5,571ms] [Warning] [carb.omniclient.plugin]  45: OmniHub: ThreadId(02) Hub encountered error. Trying to reconnect to Hub. retry_reason="Hub failed to launch: Io(\"child exited with exit status: 1 without writing file \\\"/tmp/hub-ubuntu-428C8BB2.config.json\\\"\")"
2026-09-10T13:53:14Z [5,915ms] [Warning] [carb.omniclient.plugin]  45: OmniHub: ThreadId(02) Hub encountered error. Trying to reconnect to Hub. retry_reason="Hub failed to launch: Io(\"child exited with exit status: 1 without writing file \\\"/tmp/hub-ubuntu-428C8BB2.config.json\\\"\")"
2026-09-10T13:53:15Z [6,267ms] [Warning] [carb.omniclient.plugin]  45: OmniHub: ThreadId(02) Hub encountered error. Trying to reconnect to Hub. retry_reason="Hub failed to launch: Io(\"child exited with exit status: 1 without writing file \\\"/tmp/hub-ubuntu-428C8BB2.config.json\\\"\")"
2026-09-10T13:53:15Z [6,629ms] [Warning] [carb.omniclient.plugin]  45: OmniHub: ThreadId(02) Hub encountered error. Trying to reconnect to Hub. retry_reason="Hub failed to launch: Io(\"child exited with exit status: 1 without writing file \\\"/tmp/hub-ubuntu-428C8BB2.config.json\\\"\")"
2026-09-10T13:53:15Z [7,002ms] [Warning] [carb.omniclient.plugin]  45: OmniHub: ThreadId(02) Hub encountered error. Trying to reconnect to Hub. retry_reason="Hub failed to launch: Io(\"child exited with exit status: 1 without writing file \\\"/tmp/hub-ubuntu-428C8BB2.config.json\\\"\")"
2026-09-10T13:53:16Z [7,384ms] [Warning] [carb.omniclient.plugin]  45: OmniHub: ThreadId(02) Hub encountered error. Trying to reconnect to Hub. retry_reason="Hub failed to launch: Io(\"child exited with exit status: 1 without writing file \\\"/tmp/hub-ubuntu-428C8BB2.config.json\\\"\")"
2026-09-10T13:53:16Z [7,776ms] [Warning] [carb.omniclient.plugin]  45: OmniHub: ThreadId(02) Hub encountered error. Trying to reconnect to Hub. retry_reason="Hub failed to launch: Io(\"child exited with exit status: 1 without writing file \\\"/tmp/hub-ubuntu-428C8BB2.config.json\\\"\")"
2026-09-10T13:53:17Z [8,178ms] [Warning] [carb.omniclient.plugin]  45: OmniHub: ThreadId(02) Hub encountered error. Trying to reconnect to Hub. retry_reason="Hub failed to launch: Io(\"child exited with exit status: 1 without writing file \\\"/tmp/hub-ubuntu-428C8BB2.config.json\\\"\")"
2026-09-10T13:53:17Z [8,591ms] [Warning] [carb.omniclient.plugin]  45: OmniHub: ThreadId(02) Hub encountered error. Trying to reconnect to Hub. retry_reason="Hub failed to launch: Io(\"child exited with exit status: 1 without writing file \\\"/tmp/hub-ubuntu-428C8BB2.config.json\\\"\")"
2026-09-10T13:53:17Z [9,013ms] [Warning] [carb.omniclient.plugin]  45: OmniHub: ThreadId(02) Hub encountered error. Trying to reconnect to Hub. retry_reason="Hub failed to launch: Io(\"child exited with exit status: 1 without writing file \\\"/tmp/hub-ubuntu-428C8BB2.config.json\\\"\")"
2026-09-10T13:53:18Z [9,444ms] [Warning] [carb.omniclient.plugin]  45: OmniHub: ThreadId(02) Hub encountered error. Trying to reconnect to Hub. retry_reason="Hub failed to launch: Io(\"child exited with exit status: 1 without writing file \\\"/tmp/hub-ubuntu-428C8BB2.config.json\\\"\")"
2026-09-10T13:53:18Z [9,886ms] [Warning] [carb.omniclient.plugin]  45: OmniHub: ThreadId(02) Hub encountered error. Trying to reconnect to Hub. retry_reason="Hub failed to launch: Io(\"child exited with exit status: 1 without writing file \\\"/tmp/hub-ubuntu-428C8BB2.config.json\\\"\")"
2026-09-10T13:53:19Z [10,337ms] [Info] [carb.omniclient.plugin]  Main: core: Not using Hub: Client has been shutdown. Reason: Hub failed to launch: Io("child exited with exit status: 1 without writing file \"/tmp/hub-ubuntu-428C8BB2.config.json\"")
2026-09-10T13:53:19Z [10,338ms] [Info] [omni.ext.plugin] [ext: omni.client-1.3.0] started, startup time: 10279 (ms)
2026-09-10T13:53:19Z [10,338ms] [Info] [omni.ext.plugin] About to startup: [ext: omni.protobuf.lib-1.0.0] (order: 0) Triggered by: omni.grpc.lib-1.0.0 (path: /isaac-sim/extscache/omni.protobuf.lib-1.0.0+f9bf0dda.la64.r)
2026-09-10T13:53:19Z [10,338ms] [Info] [omni.kit.app.plugin] [10.369s] [ext: omni.protobuf.lib-1.0.0] startup
2026-09-10T13:53:19Z [10,338ms] [Info] [carb] Registered plugin: omni.usd.hydra.protoserializerregistry.plugin (interfaces: [omni::usd::hydra::IProtoSerializerRegistry v0.1]) (impl: omni.usd.hydra.protoserializerregistry.plugin)
2026-09-10T13:53:19Z [10,338ms] [Info] [omni.ext.plugin] [ext: omni.protobuf.lib-1.0.0] started, startup time: 0 (ms)
2026-09-10T13:53:19Z [10,338ms] [Info] [omni.ext.plugin] About to startup: [ext: omni.grpc.lib-1.0.0] (order: 0) Triggered by: omni.datastore-0.0.0 (path: /isaac-sim/extscache/omni.grpc.lib-1.0.0+f9bf0dda.la64.r)
2026-09-10T13:53:19Z [10,338ms] [Info] [omni.kit.app.plugin] [10.369s] [ext: omni.grpc.lib-1.0.0] startup
2026-09-10T13:53:19Z [10,342ms] [Info] [carb] Registered plugin: omni.grpc.lib.plugin (interfaces: [omni::ext::IExt v0.1]) (impl: omni.grpc.lib.plugin)
2026-09-10T13:53:19Z [10,342ms] [Info] [carb] Initializing plugin: omni.grpc.lib.plugin (interfaces: [omni::ext::IExt v0.1]) (impl: omni.grpc.lib.plugin)
2026-09-10T13:53:19Z [10,342ms] [Info] [omni.ext.plugin] [ext: omni.grpc.lib-1.0.0] Starting ext::IExt in '/isaac-sim/extscache/omni.grpc.lib-1.0.0+f9bf0dda.la64.r/bin/libomni.grpc.lib.so'
2026-09-10T13:53:19Z [10,342ms] [Info] [omni.ext.plugin] [ext: omni.grpc.lib-1.0.0] started, startup time: 3 (ms)
2026-09-10T13:53:19Z [10,342ms] [Info] [omni.ext.plugin] About to startup: [ext: omni.metrics.core-0.0.3] (order: 0) Triggered by: omni.datastore-0.0.0 (path: /isaac-sim/extscache/omni.metrics.core-0.0.3+f9bf0dda.la64.r)
2026-09-10T13:53:19Z [10,342ms] [Info] [omni.kit.app.plugin] [10.373s] [ext: omni.metrics.core-0.0.3] startup
2026-09-10T13:53:19Z [10,342ms] [Info] [carb] Registered plugin: carb.metrics.plugin (interfaces: [carb::metrics::IMetrics v1.0]) (impl: carb.metrics.plugin)
2026-09-10T13:53:19Z [10,342ms] [Info] [omni.ext.plugin] [ext: omni.metrics.core-0.0.3] started, startup time: 0 (ms)
2026-09-10T13:53:19Z [10,342ms] [Info] [omni.ext.plugin] About to startup: [ext: omni.datastore-0.0.0] (order: 0) Triggered by: omni.ujitso.default-1.0.0 (path: /isaac-sim/extscache/omni.datastore-0.0.0+f9bf0dda.la64.r)
2026-09-10T13:53:19Z [10,342ms] [Info] [omni.kit.app.plugin] [10.373s] [ext: omni.datastore-0.0.0] startup
2026-09-10T13:53:19Z [10,342ms] [Info] [carb] Registered plugin: omni.datastore.ext.plugin (interfaces: [carb::datastore::IGRPCDataStore v0.3],[carb::datastore::IGRPCDataStoreServer v0.1],[omni::ext::IExt v0.1]) (impl: omni.datastore.ext.plugin)
2026-09-10T13:53:19Z [10,342ms] [Info] [carb] Registered plugin: carb.datastore.plugin (interfaces: [carb::datastore::ICombinedDataStore v0.1],[carb::datastore::IFailureInjectionDataStoreFactory v0.1],[carb::datastore::ILocalDataStore v0.2],[carb::datastore::INucleusDataStore v0.1],[carb::datastore::IOmniHubDataStore v0.2],[carb::datastore::IProfileDataStore v0.2],[carb::datastore::IWriteBackDataStore v0.3]) (impl: carb.datastore.plugin)
2026-09-10T13:53:19Z [10,342ms] [Info] [carb] Initializing plugin: omni.datastore.ext.plugin (interfaces: [carb::datastore::IGRPCDataStore v0.3],[carb::datastore::IGRPCDataStoreServer v0.1],[omni::ext::IExt v0.1]) (impl: omni.datastore.ext.plugin)
2026-09-10T13:53:19Z [10,342ms] [Info] [omni.ext.plugin] [ext: omni.datastore-0.0.0] Starting ext::IExt in '/isaac-sim/extscache/omni.datastore-0.0.0+f9bf0dda.la64.r/bin/libomni.datastore.ext.plugin.so'
2026-09-10T13:53:19Z [10,342ms] [Info] [omni.ext.plugin] [ext: omni.datastore-0.0.0] started, startup time: 0 (ms)
2026-09-10T13:53:19Z [10,342ms] [Info] [omni.ext.plugin] About to startup: [ext: omni.gpu_foundation.shadercache.vulkan-1.0.0] (order: 0) Triggered by: omni.gpu_foundation-0.0.0 (path: /isaac-sim/extscache/omni.gpu_foundation.shadercache.vulkan-1.0.0+f9bf0dda.la64.r)
2026-09-10T13:53:19Z [10,342ms] [Info] [omni.kit.app.plugin] [10.373s] [ext: omni.gpu_foundation.shadercache.vulkan-1.0.0] startup
WARNING: All log messages before absl::InitializeLog() is called are written to STDERR
E0000 00:00:1789048399.285313      11 descriptor_database.cc:633] File already exists in database: grpc/health/v1/health.proto
W0000 00:00:1789048399.285331      11 message.cc:301] Protobuf GeneratedMessageFactory: File is already registered: grpc/health/v1/health.proto
2026-09-10T13:53:19Z [10,345ms] [Info] [omni.ext._impl._internal] Searching for classes derived from 'omni.ext.IExt' in 'omni.gpu_foundation.shadercache.vulkan' ('/isaac-sim/extscache/omni.gpu_foundation.shadercache.vulkan-1.0.0+f9bf0dda.la64.r')
2026-09-10T13:53:19Z [10,345ms] [Info] [omni.ext._impl._internal] Found class `_ShaderCacheExt` derived from `omni.ext.IExt` in module: 'omni.gpu_foundation.shadercache.vulkan' in '/isaac-sim/extscache/omni.gpu_foundation.shadercache.vulkan-1.0.0+f9bf0dda.la64.r'. Calling `on_startup`.
2026-09-10T13:53:19Z [10,345ms] [Info] [omni.gpu_foundation_factory.impl.foundation_extension] appShaderCachePathList: /isaac-sim/extscache/omni.gpu_foundation.shadercache.vulkan-1.0.0+f9bf0dda.la64.r/cache/shadercache
2026-09-10T13:53:19Z [10,345ms] [Info] [omni.gpu_foundation_factory.impl.foundation_extension] appShaderCachePath: /isaac-sim/extscache/omni.gpu_foundation.shadercache.vulkan-1.0.0+f9bf0dda.la64.r/cache/shadercache
2026-09-10T13:53:19Z [10,345ms] [Info] [omni.gpu_foundation_factory.impl.foundation_extension] shaderCachePath: /isaac-sim/kit/cache/shadercache
2026-09-10T13:53:19Z [10,345ms] [Info] [omni.gpu_foundation_factory.impl.foundation_extension] driverAppShaderCachePath: /isaac-sim/extscache/omni.gpu_foundation.shadercache.vulkan-1.0.0+f9bf0dda.la64.r/cache/nv_shadercache
2026-09-10T13:53:19Z [10,345ms] [Info] [omni.gpu_foundation_factory.impl.foundation_extension] driverShaderCachePath: /isaac-sim/kit/cache/nv_shadercache
2026-09-10T13:53:19Z [10,345ms] [Info] [omni.ext.plugin] [ext: omni.gpu_foundation.shadercache.vulkan-1.0.0] started, startup time: 2 (ms)
2026-09-10T13:53:19Z [10,345ms] [Info] [omni.ext.plugin] About to startup: [ext: omni.hsscclient-1.1.4] (order: 0) Triggered by: omni.gpu_foundation-0.0.0, omni.ujitso.default-1.0.0 (path: /isaac-sim/extscache/omni.hsscclient-1.1.4+f9bf0dda.la64.r.cp312)
2026-09-10T13:53:19Z [10,345ms] [Info] [omni.kit.app.plugin] [10.376s] [ext: omni.hsscclient-1.1.4] startup
2026-09-10T13:53:19Z [10,345ms] [Info] [carb] Registered plugin: carb.hsscclient.plugin (interfaces: [carb::HsscClient::IClient v1.1],[carb::HsscClient::IDataStore v1.1],[carb::HsscClient::IServiceDiscovery v1.1]) (impl: carb.hsscclient.plugin)
2026-09-10T13:53:19Z [10,345ms] [Info] [omni.ext._impl._internal] Searching for classes derived from 'omni.ext.IExt' in 'omni.hsscclient' ('/isaac-sim/extscache/omni.hsscclient-1.1.4+f9bf0dda.la64.r.cp312')
2026-09-10T13:53:19Z [10,345ms] [Info] [omni.ext.plugin] [ext: omni.hsscclient-1.1.4] started, startup time: 0 (ms)
2026-09-10T13:53:19Z [10,345ms] [Info] [omni.ext.plugin] About to startup: [ext: omni.stats-1.0.1] (order: 0) Triggered by: omni.gpu_foundation-0.0.0, omni.ujitso.default-1.0.0 (path: /isaac-sim/extscache/omni.stats-1.0.1+f9bf0dda.la64.r.cp312)
2026-09-10T13:53:19Z [10,345ms] [Info] [omni.kit.app.plugin] [10.376s] [ext: omni.stats-1.0.1] startup
2026-09-10T13:53:19Z [10,345ms] [Info] [carb] Registered plugin: carb.stats.plugin (interfaces: [carb::stats::IStats v2.2]) (impl: carb.stats.plugin)
2026-09-10T13:53:19Z [10,346ms] [Info] [omni.ext._impl._internal] Searching for classes derived from 'omni.ext.IExt' in 'omni.stats' ('/isaac-sim/extscache/omni.stats-1.0.1+f9bf0dda.la64.r.cp312')
2026-09-10T13:53:19Z [10,346ms] [Info] [omni.ext.plugin] [ext: omni.stats-1.0.1] started, startup time: 0 (ms)
2026-09-10T13:53:19Z [10,346ms] [Info] [omni.ext.plugin] About to startup: [ext: omni.ujitso.default-1.0.0] (order: 0) Triggered by: omni.physx.cooking-110.1.13,  (path: /isaac-sim/extscache/omni.ujitso.default-1.0.0+f9bf0dda.la64.r.cp312)
2026-09-10T13:53:19Z [10,346ms] [Info] [omni.kit.app.plugin] [10.377s] [ext: omni.ujitso.default-1.0.0] startup
2026-09-10T13:53:19Z [10,346ms] [Info] [carb] Registered plugin: carb.ujitsoagent.plugin (interfaces: [carb::ujitso::IAgent v0.5],[carb::ujitso::IFactory v0.2],[carb::ujitso::IRegistry v0.2],[carb::ujitso::IService v0.10]) (impl: carb.ujitsoagent.plugin)
2026-09-10T13:53:19Z [10,346ms] [Info] [carb] Registered plugin: carb.ujitsodefault.plugin (interfaces: [carb::ujitso::IDefault v0.1]) (impl: carb.ujitsodefault.plugin)
2026-09-10T13:53:19Z [10,346ms] [Info] [carb] Registered plugin: omni.ujitso.default.ext.plugin (interfaces: [omni::ext::IExt v0.1]) (impl: omni.ujitso.default.ext.plugin)
2026-09-10T13:53:19Z [10,346ms] [Info] [carb] Initializing plugin: omni.ujitso.default.ext.plugin (interfaces: [omni::ext::IExt v0.1]) (impl: omni.ujitso.default.ext.plugin)
2026-09-10T13:53:19Z [10,346ms] [Info] [omni.ext.plugin] [ext: omni.ujitso.default-1.0.0] Starting ext::IExt in '/isaac-sim/extscache/omni.ujitso.default-1.0.0+f9bf0dda.la64.r.cp312/bin/libomni.ujitso.default.ext.plugin.so'
2026-09-10T13:53:19Z [10,346ms] [Info] [carb] Initializing plugin: carb.ujitsodefault.plugin (interfaces: [carb::ujitso::IDefault v0.1]) (impl: carb.ujitsodefault.plugin)
2026-09-10T13:53:19Z [10,346ms] [Info] [carb] Initializing plugin: carb.hsscclient.plugin (interfaces: [carb::HsscClient::IClient v1.1],[carb::HsscClient::IDataStore v1.1],[carb::HsscClient::IServiceDiscovery v1.1]) (impl: carb.hsscclient.plugin)
2026-09-10T13:53:19Z [10,346ms] [Info] [carb.ujitsodefault.plugin] createHsscDataStoreFromConfig: hssc service skipping discovery because uri empty
2026-09-10T13:53:19Z [10,346ms] [Info] [carb] Initializing plugin: carb.datastore.plugin (interfaces: [carb::datastore::ICombinedDataStore v0.1],[carb::datastore::IFailureInjectionDataStoreFactory v0.1],[carb::datastore::ILocalDataStore v0.2],[carb::datastore::INucleusDataStore v0.1],[carb::datastore::IOmniHubDataStore v0.2],[carb::datastore::IProfileDataStore v0.2],[carb::datastore::IWriteBackDataStore v0.3]) (impl: carb.datastore.plugin)
2026-09-10T13:53:19Z [10,346ms] [Info] [carb] Initializing plugin: omni.blobkey.plugin (interfaces: [omni::blobkey::IBlobKey v1.1]) (impl: omni.blobkey.plugin)
2026-09-10T13:53:19Z [10,347ms] [Info] [omni.datastore] Locked base cache layer '/isaac-sim/kit/cache/DerivedDataCache'
2026-09-10T13:53:19Z [10,347ms] [Info] [omni.datastore] Found existing cache sub folder. Merging /isaac-sim/kit/cache/DerivedDataCache/1
2026-09-10T13:53:19Z [10,348ms] [Info] [omni.datastore] Found existing cache sub folder. Merging /isaac-sim/kit/cache/DerivedDataCache/2
2026-09-10T13:53:19Z [10,348ms] [Info] [omni.datastore] Found existing cache sub folder. Merging /isaac-sim/kit/cache/DerivedDataCache/3
2026-09-10T13:53:19Z [10,348ms] [Info] [omni.datastore] Found existing cache sub folder. Merging /isaac-sim/kit/cache/DerivedDataCache/4
2026-09-10T13:53:19Z [10,348ms] [Info] [carb.ujitsodefault.plugin] DataStoreConfigurator[UJITSOCache]: created local datastore on: '/isaac-sim/kit/cache/DerivedDataCache'
2026-09-10T13:53:19Z [10,348ms] [Info] [carb] Initializing plugin: carb.ujitsoagent.plugin (interfaces: [carb::ujitso::IAgent v0.5],[carb::ujitso::IFactory v0.2],[carb::ujitso::IRegistry v0.2],[carb::ujitso::IService v0.10]) (impl: carb.ujitsoagent.plugin)
2026-09-10T13:53:19Z [10,348ms] [Info] [carb.ujitsoagent.plugin] UJITSO: ProcessorRegistry(): globalProcessorVersion:0, addKitGitHashToVersion:0, resolvedGitHash:''
2026-09-10T13:53:19Z [10,348ms] [Info] [carb] Initializing plugin: carb.stats.plugin (interfaces: [carb::stats::IStats v2.2]) (impl: carb.stats.plugin)
2026-09-10T13:53:19Z [10,348ms] [Info] [carb] Initializing plugin: carb.datasource-omniclient.plugin (interfaces: [carb::datasource::IDataSource v1.1]) (impl: carb.datasource-omniclient.plugin)
2026-09-10T13:53:19Z [10,349ms] [Info] [omni.ext._impl._internal] Searching for classes derived from 'omni.ext.IExt' in 'omni.ujitso.default' ('/isaac-sim/extscache/omni.ujitso.default-1.0.0+f9bf0dda.la64.r.cp312')
2026-09-10T13:53:19Z [10,349ms] [Info] [omni.ext.plugin] [ext: omni.ujitso.default-1.0.0] started, startup time: 3 (ms)
2026-09-10T13:53:19Z [10,349ms] [Info] [omni.ext.plugin] About to startup: [ext: omni.gpu_foundation-0.0.0] (order: -100000) Triggered by: omni.gpucompute.plugins-0.0.0, omni.physx.foundation-110.1.13, omni.hydra.usdrt_delegate-7.5.2 (path: /isaac-sim/extscache/omni.gpu_foundation-0.0.0+f9bf0dda.la64.r.cp312)
2026-09-10T13:53:19Z [10,349ms] [Info] [omni.kit.app.plugin] [10.380s] [ext: omni.gpu_foundation-0.0.0] startup
2026-09-10T13:53:19Z [10,349ms] [Info] [omni.ext.plugin] Loaded the dynamic library from /isaac-sim/extscache/omni.gpu_foundation-0.0.0+f9bf0dda.la64.r.cp312/bin/deps/libvulkan.so
2026-09-10T13:53:19Z [10,350ms] [Info] [carb] Registered plugin: carb.graphics-vulkan.plugin (interfaces: [carb::graphics::Graphics v3.9],[carb::ngx::Ngx v0.11]) (impl: carb.graphics-vulkan.plugin)
2026-09-10T13:53:19Z [10,350ms] [Info] [carb] Registered plugin: carb.graphics_optional.plugin (interfaces: [carb::graphics::IOptionalFeatures v2.1]) (impl: carb.graphics_optional.plugin)
2026-09-10T13:53:19Z [10,351ms] [Info] [carb] Registered plugin: carb.shadercompiler-slang.plugin (interfaces: [carb::shadercompiler::ShaderCompiler v0.6]) (impl: carb.shadercompiler-slang.plugin)
2026-09-10T13:53:19Z [10,351ms] [Info] [carb] Registered plugin: gpu.foundation.plugin (interfaces: [carb::graphicsmux::GraphicsMux v2.7],[gpu::foundation::IGpuFoundationFactory v1.0],[gpu::foundation::ISystemInfo v0.9],[gpu::realm::Realm v0.1],[gpu::unstable::IMemoryBudgetManagerFactory v0.1],[gpu::vblank::IVBlank v0.1],[rtx::psodb::PsoDb v0.7],[rtx::rendergraph::RenderGraphBuilder v0.17],[rtx::resourcemanager::IResourceManagerContextPrivate v1.0],[rtx::resourcemanager::ResourceManager v2.3],[rtx::shaderdb::ShaderDb v1.13]) (impl: gpu.foundation.plugin)
2026-09-10T13:53:19Z [10,351ms] [Info] [carb] Registered plugin: omni.perfmonitor.plugin (interfaces: [omni::perfmonitor::IPerfMonitor v2.0]) (impl: omni.perfmonitor.plugin)
2026-09-10T13:53:19Z [10,352ms] [Info] [carb] Registered plugin: carb.blockcompression.plugin (interfaces: [carb::blockcompression::BlockCompression v0.2]) (impl: carb.blockcompression.plugin)
2026-09-10T13:53:19Z [10,352ms] [Info] [carb] Registered plugin: carb.cudainterop.plugin (interfaces: [carb::cudainterop::CudaInterop v0.20]) (impl: carb.cudainterop.plugin)
2026-09-10T13:53:19Z [10,353ms] [Info] [carb] Registered plugin: carb.glinterop.plugin (interfaces: [carb::glinterop::GLInterop v0.8]) (impl: carb.glinterop.plugin)
2026-09-10T13:53:19Z [10,353ms] [Info] [carb] Registered plugin: carb.failureinjector (interfaces: [carb::IFailureInjector v1.0]) (impl: carb.failureinjector)
2026-09-10T13:53:19Z [10,353ms] [Info] [carb] Registered plugin: carb.memorytracking (interfaces: [carb::memorytracking2::IGpuMemoryTracker v3.1],[carb::memorytracking::IGpuMemoryTracker v0.0],[carb::memorytracking::IMemoryScopeTracker v1.0],[carb::tasking::IFiberEvents v1.0]) (impl: carb.memorytracking)
2026-09-10T13:53:19Z [10,353ms] [Info] [carb] Registered plugin: omni.gpu_foundation.ext.plugin (interfaces: [omni::ext::IExt v0.1]) (impl: omni.gpu_foundation.ext.plugin)
2026-09-10T13:53:19Z [10,353ms] [Info] [carb] Registered plugin: omni.gpu_foundation_factory.plugin (interfaces: [omni::gpufoundation::IGpuFoundationFactory v0.1]) (impl: omni.gpu_foundation_factory.plugin)
2026-09-10T13:53:19Z [10,353ms] [Info] [carb] Registered plugin: carb.imguiregistry.plugin (interfaces: [carb::imgui::ImGuiCallbackRegistry v1.0]) (impl: carb.imguiregistry.plugin)
2026-09-10T13:53:19Z [10,354ms] [Info] [carb] Registered plugin: omni.streamingstatus.plugin (interfaces: [omni::IStreamingStatusManager v1.2]) (impl: omni.streamingstatus.plugin)
2026-09-10T13:53:19Z [10,354ms] [Info] [carb] Registered plugin: carb.ujitso.processor.texture.plugin (interfaces: [carb::ujitso::processor::ITextureProcessorLoader v0.1]) (impl: carb.ujitso.processor.texture.plugin)
2026-09-10T13:53:19Z [10,354ms] [Info] [carb] Initializing plugin: omni.gpu_foundation.ext.plugin (interfaces: [omni::ext::IExt v0.1]) (impl: omni.gpu_foundation.ext.plugin)
2026-09-10T13:53:19Z [10,354ms] [Info] [omni.ext.plugin] [ext: omni.gpu_foundation-0.0.0] Starting ext::IExt in '/isaac-sim/extscache/omni.gpu_foundation-0.0.0+f9bf0dda.la64.r.cp312/bin/libomni.gpu_foundation.ext.plugin.so'
2026-09-10T13:53:19Z [10,354ms] [Info] [carb] Initializing plugin: omni.gpu_foundation_factory.plugin (interfaces: [omni::gpufoundation::IGpuFoundationFactory v0.1]) (impl: omni.gpu_foundation_factory.plugin)
2026-09-10T13:53:19Z [10,354ms] [Info] [omni.gpu_foundation_factory.plugin] [Graphics API] Vulkan

2026-09-10T13:53:19Z [10,354ms] [Info] [carb] Initializing plugin: carb.graphics-vulkan.plugin (interfaces: [carb::graphics::Graphics v3.9],[carb::ngx::Ngx v0.11]) (impl: carb.graphics-vulkan.plugin)
2026-09-10T13:53:19Z [10,354ms] [Info] [omni.rtx] Environment variable overridden: VK_SDK_PATH = 
2026-09-10T13:53:19Z [10,354ms] [Info] [omni.rtx] Environment variable overridden: VULKAN_SDK = 
2026-09-10T13:53:19Z [10,354ms] [Info] [omni.rtx] Environment variable overridden: VK_LAYER_PATH = 
2026-09-10T13:53:19Z [10,354ms] [Info] [omni.rtx] Environment variable overridden: VK_INSTANCE_LAYERS = 
2026-09-10T13:53:19Z [10,354ms] [Info] [omni.rtx] Environment variable overridden: VULKAN_HEADERS_INSTALL_DIR = 
2026-09-10T13:53:19Z [10,354ms] [Info] [carb] Initializing plugin: carb.profiler.gpu.plugin (interfaces: [carb::profiler::IGpuProfiler v0.8]) (impl: carb.profiler.gpu.plugin)
2026-09-10T13:53:19Z [10,354ms] [Info] [carb] Initializing plugin: carb.progress.plugin (interfaces: [carb::progress::IProgress v1.0]) (impl: carb.progress.plugin)
2026-09-10T13:53:19Z [10,354ms] [Info] [omni.ext._impl._internal] Searching for classes derived from 'omni.ext.IExt' in 'omni.gpu_foundation_factory' ('/isaac-sim/extscache/omni.gpu_foundation-0.0.0+f9bf0dda.la64.r.cp312')
2026-09-10T13:53:19Z [10,354ms] [Info] [omni.ext._impl._internal] Found class `GpuFoundationConfig` derived from `omni.ext.IExt` in module: 'omni.gpu_foundation_factory' in '/isaac-sim/extscache/omni.gpu_foundation-0.0.0+f9bf0dda.la64.r.cp312'. Calling `on_startup`.
2026-09-10T13:53:19Z [10,354ms] [Info] [omni.ext.plugin] [ext: omni.gpu_foundation-0.0.0] started, startup time: 5 (ms)
2026-09-10T13:53:19Z [10,354ms] [Info] [omni.ext.plugin] About to startup: [ext: omni.gpucompute.plugins-0.0.0] (order: 0) Triggered by: omni.physx-110.1.13, usdrt.scenegraph-7.6.3, omni.hydra.usdrt_delegate-7.5.2 (path: /isaac-sim/extscache/omni.gpucompute.plugins-0.0.0+f9bf0dda.la64.r)
2026-09-10T13:53:19Z [10,354ms] [Info] [omni.kit.app.plugin] [10.385s] [ext: omni.gpucompute.plugins-0.0.0] startup
2026-09-10T13:53:19Z [10,354ms] [Info] [carb] Registered plugin: omni.gpucompute-cuda.plugin (interfaces: [omni::gpucompute::GpuCompute v0.3]) (impl: omni.gpucompute-cuda.plugin)
2026-09-10T13:53:19Z [10,354ms] [Info] [carb] Registered plugin: omni.gpucompute-d3dvk.plugin (interfaces: [omni::gpucompute::ComputeCompiler v0.1],[omni::gpucompute::GpuCompute v0.3]) (impl: omni.gpucompute-d3dvk.plugin)
2026-09-10T13:53:19Z [10,355ms] [Info] [omni.ext.plugin] [ext: omni.gpucompute.plugins-0.0.0] started, startup time: 0 (ms)
2026-09-10T13:53:19Z [10,355ms] [Info] [omni.ext.plugin] About to startup: [ext: omni.usd.config-1.0.7] (order: 0) Triggered by: omni.usd.libs-1.0.3 (path: /isaac-sim/extscache/omni.usd.config-1.0.7+f9bf0dda)
2026-09-10T13:53:19Z [10,355ms] [Info] [omni.kit.app.plugin] [10.386s] [ext: omni.usd.config-1.0.7] startup
2026-09-10T13:53:19Z [10,355ms] [Info] [omni.ext._impl._internal] Searching for classes derived from 'omni.ext.IExt' in 'omni.usd_config' ('/isaac-sim/extscache/omni.usd.config-1.0.7+f9bf0dda')
2026-09-10T13:53:19Z [10,355ms] [Info] [omni.ext._impl._internal] Found class `Extension` derived from `omni.ext.IExt` in module: 'omni.usd_config' in '/isaac-sim/extscache/omni.usd.config-1.0.7+f9bf0dda'. Calling `on_startup`.
2026-09-10T13:53:19Z [10,358ms] [Warning] [omni.usd_config.extension] Enable omni.materialx.libs extension to use MaterialX
2026-09-10T13:53:19Z [10,358ms] [Info] [omni.ext.plugin] [ext: omni.usd.config-1.0.7] started, startup time: 3 (ms)
2026-09-10T13:53:19Z [10,358ms] [Info] [omni.ext.plugin] About to startup: [ext: omni.usd.libs-1.0.3] (order: -1000) Triggered by: omni.physx-110.1.13, omni.kit.usd.mdl-1.1.9, omni.usd.schema.physx-110.1.13, omni.usdphysics-110.1.13, omni.physx.cooking-110.1.13, omni.usd.schema.newton-1.2.1, omni.physics.tensors-110.1.13, omni.usd.core-1.8.3, omni.usd.metrics.assembler-110.1.2, omni.kit.usd.layers-2.6.1, omni.usd.schema.mujoco-1.1.1, omni.usdex.libs-2.2.2, omni.convexdecomposition-110.1.13, omni.kit.exec.core-0.13.5, omni.usd.schema.audio-0.0.1, omni.usd_resolver-1.0.0, omni.usd.schema.metrics.assembler-110.1.0, omni.kit.usd_undo-0.1.8, omni.usd.schema.anim-0.0.1 (path: /isaac-sim/extscache/omni.usd.libs-1.0.3+f9bf0dda.la64.r.cp312)
2026-09-10T13:53:19Z [10,358ms] [Info] [omni.kit.app.plugin] [10.389s] [ext: omni.usd.libs-1.0.3] startup
2026-09-10T13:53:19Z [10,358ms] [Info] [omni.ext.plugin] Loaded the dynamic library from /isaac-sim/extscache/omni.usd.libs-1.0.3+f9bf0dda.la64.r.cp312/bin/libusd_arch.so
2026-09-10T13:53:19Z [10,358ms] [Info] [omni.ext.plugin] Loaded the dynamic library from /isaac-sim/extscache/omni.usd.libs-1.0.3+f9bf0dda.la64.r.cp312/bin/libusd_python.so
2026-09-10T13:53:19Z [10,359ms] [Info] [omni.ext.plugin] Loaded the dynamic library from /isaac-sim/extscache/omni.usd.libs-1.0.3+f9bf0dda.la64.r.cp312/bin/libtbb.so
2026-09-10T13:53:19Z [10,359ms] [Info] [omni.ext.plugin] Loaded the dynamic library from /isaac-sim/extscache/omni.usd.libs-1.0.3+f9bf0dda.la64.r.cp312/bin/libusd_tf.so
2026-09-10T13:53:19Z [10,359ms] [Info] [omni.ext.plugin] Loaded the dynamic library from /isaac-sim/extscache/omni.usd.libs-1.0.3+f9bf0dda.la64.r.cp312/bin/libusd_work.so
2026-09-10T13:53:19Z [10,360ms] [Info] [omni.ext.plugin] Loaded the dynamic library from /isaac-sim/extscache/omni.usd.libs-1.0.3+f9bf0dda.la64.r.cp312/bin/libusd_gf.so
2026-09-10T13:53:19Z [10,360ms] [Info] [omni.ext.plugin] Loaded the dynamic library from /isaac-sim/extscache/omni.usd.libs-1.0.3+f9bf0dda.la64.r.cp312/bin/libusd_js.so
2026-09-10T13:53:19Z [10,360ms] [Info] [omni.ext.plugin] Loaded the dynamic library from /isaac-sim/extscache/omni.usd.libs-1.0.3+f9bf0dda.la64.r.cp312/bin/libusd_trace.so
2026-09-10T13:53:19Z [10,360ms] [Info] [omni.ext.plugin] Loaded the dynamic library from /isaac-sim/extscache/omni.usd.libs-1.0.3+f9bf0dda.la64.r.cp312/bin/libusd_vdf.so
2026-09-10T13:53:19Z [10,361ms] [Info] [omni.ext.plugin] Loaded the dynamic library from /isaac-sim/extscache/omni.usd.libs-1.0.3+f9bf0dda.la64.r.cp312/bin/libusd_ef.so
2026-09-10T13:53:19Z [10,361ms] [Info] [omni.ext.plugin] Loaded the dynamic library from /isaac-sim/extscache/omni.usd.libs-1.0.3+f9bf0dda.la64.r.cp312/bin/libMaterialXRenderHw.so
2026-09-10T13:53:19Z [10,361ms] [Info] [omni.ext.plugin] Loaded the dynamic library from /isaac-sim/extscache/omni.usd.libs-1.0.3+f9bf0dda.la64.r.cp312/bin/libMaterialXCore.so
2026-09-10T13:53:19Z [10,361ms] [Info] [omni.ext.plugin] Loaded the dynamic library from /isaac-sim/extscache/omni.usd.libs-1.0.3+f9bf0dda.la64.r.cp312/bin/libMaterialXFormat.so
2026-09-10T13:53:19Z [10,361ms] [Info] [omni.ext.plugin] Loaded the dynamic library from /isaac-sim/extscache/omni.usd.libs-1.0.3+f9bf0dda.la64.r.cp312/bin/libMaterialXGenShader.so
2026-09-10T13:53:19Z [10,362ms] [Info] [omni.ext.plugin] Loaded the dynamic library from /isaac-sim/extscache/omni.usd.libs-1.0.3+f9bf0dda.la64.r.cp312/bin/libMaterialXGenGlsl.so
2026-09-10T13:53:19Z [10,362ms] [Info] [omni.ext.plugin] Loaded the dynamic library from /isaac-sim/extscache/omni.usd.libs-1.0.3+f9bf0dda.la64.r.cp312/bin/libMaterialXRender.so
2026-09-10T13:53:19Z [10,362ms] [Info] [omni.ext.plugin] Loaded the dynamic library from /isaac-sim/extscache/omni.usd.libs-1.0.3+f9bf0dda.la64.r.cp312/bin/libMaterialXRenderGlsl.so
2026-09-10T13:53:19Z [10,363ms] [Info] [omni.ext.plugin] Loaded the dynamic library from /isaac-sim/extscache/omni.usd.libs-1.0.3+f9bf0dda.la64.r.cp312/bin/libusd_vt.so
2026-09-10T13:53:19Z [10,363ms] [Info] [omni.ext.plugin] Loaded the dynamic library from /isaac-sim/extscache/omni.usd.libs-1.0.3+f9bf0dda.la64.r.cp312/bin/libosdCPU.so
2026-09-10T13:53:19Z [10,363ms] [Info] [omni.ext.plugin] Loaded the dynamic library from /isaac-sim/extscache/omni.usd.libs-1.0.3+f9bf0dda.la64.r.cp312/bin/libusd_pxOsd.so
2026-09-10T13:53:19Z [10,363ms] [Info] [omni.ext.plugin] Loaded the dynamic library from /isaac-sim/extscache/omni.usd.libs-1.0.3+f9bf0dda.la64.r.cp312/bin/libusd_geomUtil.so
2026-09-10T13:53:19Z [10,364ms] [Info] [omni.ext.plugin] Loaded the dynamic library from /isaac-sim/extscache/omni.usd.libs-1.0.3+f9bf0dda.la64.r.cp312/bin/libusd_cameraUtil.so
2026-09-10T13:53:19Z [10,364ms] [Info] [omni.ext.plugin] Loaded the dynamic library from /isaac-sim/extscache/omni.usd.libs-1.0.3+f9bf0dda.la64.r.cp312/bin/libusd_plug.so
2026-09-10T13:53:19Z [10,364ms] [Info] [omni.ext.plugin] Loaded the dynamic library from /isaac-sim/extscache/omni.usd.libs-1.0.3+f9bf0dda.la64.r.cp312/bin/libusd_hf.so
2026-09-10T13:53:19Z [10,364ms] [Info] [omni.ext.plugin] Loaded the dynamic library from /isaac-sim/extscache/omni.usd.libs-1.0.3+f9bf0dda.la64.r.cp312/bin/libusd_ts.so
2026-09-10T13:53:19Z [10,364ms] [Info] [omni.ext.plugin] Loaded the dynamic library from /isaac-sim/extscache/omni.usd.libs-1.0.3+f9bf0dda.la64.r.cp312/bin/libusd_ar.so
2026-09-10T13:53:19Z [10,368ms] [Info] [omni.ext.plugin] Loaded the dynamic library from /isaac-sim/extscache/omni.usd.libs-1.0.3+f9bf0dda.la64.r.cp312/bin/libusd_sdf.so
2026-09-10T13:53:19Z [10,368ms] [Info] [omni.ext.plugin] Loaded the dynamic library from /isaac-sim/extscache/omni.usd.libs-1.0.3+f9bf0dda.la64.r.cp312/bin/libusd_sdr.so
2026-09-10T13:53:19Z [10,371ms] [Info] [omni.ext.plugin] Loaded the dynamic library from /isaac-sim/extscache/omni.usd.libs-1.0.3+f9bf0dda.la64.r.cp312/bin/libusd_hd.so
2026-09-10T13:53:19Z [10,371ms] [Info] [omni.ext.plugin] Loaded the dynamic library from /isaac-sim/extscache/omni.usd.libs-1.0.3+f9bf0dda.la64.r.cp312/bin/libusd_hdar.so
2026-09-10T13:53:19Z [10,371ms] [Info] [omni.ext.plugin] Loaded the dynamic library from /isaac-sim/extscache/omni.usd.libs-1.0.3+f9bf0dda.la64.r.cp312/bin/libusd_hio.so
2026-09-10T13:53:19Z [10,371ms] [Info] [omni.ext.plugin] Loaded the dynamic library from /isaac-sim/extscache/omni.usd.libs-1.0.3+f9bf0dda.la64.r.cp312/bin/libusd_kind.so
2026-09-10T13:53:19Z [10,372ms] [Info] [omni.ext.plugin] Loaded the dynamic library from /isaac-sim/extscache/omni.usd.libs-1.0.3+f9bf0dda.la64.r.cp312/bin/libusd_pcp.so
2026-09-10T13:53:19Z [10,374ms] [Info] [omni.ext.plugin] Loaded the dynamic library from /isaac-sim/extscache/omni.usd.libs-1.0.3+f9bf0dda.la64.r.cp312/bin/libusd_usd.so
2026-09-10T13:53:19Z [10,374ms] [Info] [omni.ext.plugin] Loaded the dynamic library from /isaac-sim/extscache/omni.usd.libs-1.0.3+f9bf0dda.la64.r.cp312/bin/libusd_usdGeom.so
2026-09-10T13:53:19Z [10,375ms] [Info] [omni.ext.plugin] Loaded the dynamic library from /isaac-sim/extscache/omni.usd.libs-1.0.3+f9bf0dda.la64.r.cp312/bin/libusd_usdShade.so
2026-09-10T13:53:19Z [10,375ms] [Info] [omni.ext.plugin] Loaded the dynamic library from /isaac-sim/extscache/omni.usd.libs-1.0.3+f9bf0dda.la64.r.cp312/bin/libusd_usdLux.so
2026-09-10T13:53:19Z [10,376ms] [Info] [omni.ext.plugin] Loaded the dynamic library from /isaac-sim/extscache/omni.usd.libs-1.0.3+f9bf0dda.la64.r.cp312/bin/libusd_usdRender.so
2026-09-10T13:53:19Z [10,376ms] [Info] [omni.ext.plugin] Loaded the dynamic library from /isaac-sim/extscache/omni.usd.libs-1.0.3+f9bf0dda.la64.r.cp312/bin/libusd_usdVol.so
2026-09-10T13:53:19Z [10,379ms] [Info] [omni.ext.plugin] Loaded the dynamic library from /isaac-sim/extscache/omni.usd.libs-1.0.3+f9bf0dda.la64.r.cp312/bin/libusd_usdImaging.so
2026-09-10T13:53:19Z [10,380ms] [Info] [omni.ext.plugin] Loaded the dynamic library from /isaac-sim/extscache/omni.usd.libs-1.0.3+f9bf0dda.la64.r.cp312/bin/libusd_usdSkel.so
2026-09-10T13:53:19Z [10,381ms] [Info] [omni.ext.plugin] Loaded the dynamic library from /isaac-sim/extscache/omni.usd.libs-1.0.3+f9bf0dda.la64.r.cp312/bin/libusd_usdSkelImaging.so
2026-09-10T13:53:19Z [10,382ms] [Info] [omni.ext.plugin] Loaded the dynamic library from /isaac-sim/extscache/omni.usd.libs-1.0.3+f9bf0dda.la64.r.cp312/bin/libusd_hdsi.so
2026-09-10T13:53:19Z [10,383ms] [Info] [omni.ext.plugin] Loaded the dynamic library from /isaac-sim/extscache/omni.usd.libs-1.0.3+f9bf0dda.la64.r.cp312/bin/libusd_usdUtils.so
2026-09-10T13:53:19Z [10,383ms] [Info] [omni.ext.plugin] Loaded the dynamic library from /isaac-sim/extscache/omni.usd.libs-1.0.3+f9bf0dda.la64.r.cp312/bin/libusd_usdUI.so
2026-09-10T13:53:19Z [10,384ms] [Info] [omni.ext.plugin] Loaded the dynamic library from /isaac-sim/extscache/omni.usd.libs-1.0.3+f9bf0dda.la64.r.cp312/bin/libusd_usdMtlx.so
2026-09-10T13:53:19Z [10,384ms] [Info] [omni.ext.plugin] Loaded the dynamic library from /isaac-sim/extscache/omni.usd.libs-1.0.3+f9bf0dda.la64.r.cp312/bin/libusd_hdMtlx.so
2026-09-10T13:53:19Z [10,385ms] [Info] [omni.ext.plugin] Loaded the dynamic library from /isaac-sim/extscache/omni.usd.libs-1.0.3+f9bf0dda.la64.r.cp312/bin/libusd_usdBakeMtlx.so
2026-09-10T13:53:19Z [10,385ms] [Info] [omni.ext.plugin] Loaded the dynamic library from /isaac-sim/extscache/omni.usd.libs-1.0.3+f9bf0dda.la64.r.cp312/bin/libImath.so
2026-09-10T13:53:19Z [10,385ms] [Info] [omni.ext.plugin] Loaded the dynamic library from /isaac-sim/extscache/omni.usd.libs-1.0.3+f9bf0dda.la64.r.cp312/bin/libusd_usdValidation.so
2026-09-10T13:53:19Z [10,385ms] [Info] [omni.ext.plugin] Loaded the dynamic library from /isaac-sim/extscache/omni.usd.libs-1.0.3+f9bf0dda.la64.r.cp312/bin/libusd_usdUtilsValidators.so
2026-09-10T13:53:19Z [10,385ms] [Info] [omni.ext.plugin] Loaded the dynamic library from /isaac-sim/extscache/omni.usd.libs-1.0.3+f9bf0dda.la64.r.cp312/bin/libusd_esf.so
2026-09-10T13:53:19Z [10,385ms] [Info] [omni.ext.plugin] Loaded the dynamic library from /isaac-sim/extscache/omni.usd.libs-1.0.3+f9bf0dda.la64.r.cp312/bin/libusd_esfUsd.so
2026-09-10T13:53:19Z [10,385ms] [Info] [omni.ext.plugin] Loaded the dynamic library from /isaac-sim/extscache/omni.usd.libs-1.0.3+f9bf0dda.la64.r.cp312/bin/libusd_hgi.so
2026-09-10T13:53:19Z [10,386ms] [Info] [omni.ext.plugin] Loaded the dynamic library from /isaac-sim/extscache/omni.usd.libs-1.0.3+f9bf0dda.la64.r.cp312/bin/libusd_garch.so
2026-09-10T13:53:19Z [10,386ms] [Info] [omni.ext.plugin] Loaded the dynamic library from /isaac-sim/extscache/omni.usd.libs-1.0.3+f9bf0dda.la64.r.cp312/bin/libusd_usdPhysics.so
2026-09-10T13:53:19Z [10,387ms] [Info] [omni.ext.plugin] Loaded the dynamic library from /isaac-sim/extscache/omni.usd.libs-1.0.3+f9bf0dda.la64.r.cp312/bin/libusd_usdPhysicsValidators.so
2026-09-10T13:53:19Z [10,387ms] [Info] [omni.ext.plugin] Loaded the dynamic library from /isaac-sim/extscache/omni.usd.libs-1.0.3+f9bf0dda.la64.r.cp312/bin/libusd_glf.so
2026-09-10T13:53:19Z [10,387ms] [Info] [omni.ext.plugin] Loaded the dynamic library from /isaac-sim/extscache/omni.usd.libs-1.0.3+f9bf0dda.la64.r.cp312/bin/libusd_hgiGL.so
2026-09-10T13:53:19Z [10,387ms] [Info] [omni.ext.plugin] Loaded the dynamic library from /isaac-sim/extscache/omni.usd.libs-1.0.3+f9bf0dda.la64.r.cp312/bin/libusd_hgiInterop.so
2026-09-10T13:53:19Z [10,388ms] [Info] [omni.ext.plugin] Loaded the dynamic library from /isaac-sim/extscache/omni.usd.libs-1.0.3+f9bf0dda.la64.r.cp312/bin/libosdGPU.so
2026-09-10T13:53:19Z [10,388ms] [Info] [omni.ext.plugin] Loaded the dynamic library from /isaac-sim/extscache/omni.usd.libs-1.0.3+f9bf0dda.la64.r.cp312/bin/libMaterialXGenMsl.so
2026-09-10T13:53:19Z [10,390ms] [Info] [omni.ext.plugin] Loaded the dynamic library from /isaac-sim/extscache/omni.usd.libs-1.0.3+f9bf0dda.la64.r.cp312/bin/libusd_hdSt.so
2026-09-10T13:53:19Z [10,390ms] [Info] [omni.ext.plugin] Loaded the dynamic library from /isaac-sim/extscache/omni.usd.libs-1.0.3+f9bf0dda.la64.r.cp312/bin/libdraco.so
2026-09-10T13:53:19Z [10,390ms] [Info] [omni.ext.plugin] Loaded the dynamic library from /isaac-sim/extscache/omni.usd.libs-1.0.3+f9bf0dda.la64.r.cp312/bin/libusd_usdShadeValidators.so
2026-09-10T13:53:19Z [10,391ms] [Info] [omni.ext.plugin] Loaded the dynamic library from /isaac-sim/extscache/omni.usd.libs-1.0.3+f9bf0dda.la64.r.cp312/bin/libusd_exec.so
2026-09-10T13:53:19Z [10,391ms] [Info] [omni.ext.plugin] Loaded the dynamic library from /isaac-sim/extscache/omni.usd.libs-1.0.3+f9bf0dda.la64.r.cp312/bin/libusd_execUsd.so
2026-09-10T13:53:19Z [10,391ms] [Info] [omni.ext.plugin] Loaded the dynamic library from /isaac-sim/extscache/omni.usd.libs-1.0.3+f9bf0dda.la64.r.cp312/bin/libusd_usdProc.so
2026-09-10T13:53:19Z [10,392ms] [Info] [omni.ext.plugin] Loaded the dynamic library from /isaac-sim/extscache/omni.usd.libs-1.0.3+f9bf0dda.la64.r.cp312/bin/libusd_usdProcImaging.so
2026-09-10T13:53:19Z [10,392ms] [Info] [omni.ext.plugin] Loaded the dynamic library from /isaac-sim/extscache/omni.usd.libs-1.0.3+f9bf0dda.la64.r.cp312/bin/libtbbmalloc.so
2026-09-10T13:53:19Z [10,392ms] [Info] [omni.ext.plugin] Loaded the dynamic library from /isaac-sim/extscache/omni.usd.libs-1.0.3+f9bf0dda.la64.r.cp312/bin/libtbbmalloc_proxy.so
2026-09-10T13:53:19Z [10,392ms] [Info] [omni.ext.plugin] Loaded the dynamic library from /isaac-sim/extscache/omni.usd.libs-1.0.3+f9bf0dda.la64.r.cp312/bin/libMaterialXRenderOsl.so
2026-09-10T13:53:19Z [10,393ms] [Info] [omni.ext.plugin] Loaded the dynamic library from /isaac-sim/extscache/omni.usd.libs-1.0.3+f9bf0dda.la64.r.cp312/bin/libusd_hdx.so
2026-09-10T13:53:19Z [10,393ms] [Info] [omni.ext.plugin] Loaded the dynamic library from /isaac-sim/extscache/omni.usd.libs-1.0.3+f9bf0dda.la64.r.cp312/bin/libImath-3_1.so
2026-09-10T13:53:19Z [10,393ms] [Info] [omni.ext.plugin] Loaded the dynamic library from /isaac-sim/extscache/omni.usd.libs-1.0.3+f9bf0dda.la64.r.cp312/bin/libAlembic.so
2026-09-10T13:53:19Z [10,393ms] [Info] [omni.ext.plugin] Loaded the dynamic library from /isaac-sim/extscache/omni.usd.libs-1.0.3+f9bf0dda.la64.r.cp312/bin/libMaterialXGenMdl.so
2026-09-10T13:53:19Z [10,394ms] [Info] [omni.ext.plugin] Loaded the dynamic library from /isaac-sim/extscache/omni.usd.libs-1.0.3+f9bf0dda.la64.r.cp312/bin/libusd_usdVolImaging.so
2026-09-10T13:53:19Z [10,394ms] [Info] [omni.ext.plugin] Loaded the dynamic library from /isaac-sim/extscache/omni.usd.libs-1.0.3+f9bf0dda.la64.r.cp312/bin/libusd_hdGp.so
2026-09-10T13:53:19Z [10,394ms] [Info] [omni.ext.plugin] Loaded the dynamic library from /isaac-sim/extscache/omni.usd.libs-1.0.3+f9bf0dda.la64.r.cp312/bin/libMaterialXGenOsl.so
2026-09-10T13:53:19Z [10,394ms] [Info] [omni.ext.plugin] Loaded the dynamic library from /isaac-sim/extscache/omni.usd.libs-1.0.3+f9bf0dda.la64.r.cp312/bin/libusd_usdSkelValidators.so
2026-09-10T13:53:19Z [10,395ms] [Info] [omni.ext.plugin] Loaded the dynamic library from /isaac-sim/extscache/omni.usd.libs-1.0.3+f9bf0dda.la64.r.cp312/bin/libusd_usdImagingGL.so
2026-09-10T13:53:19Z [10,395ms] [Info] [omni.ext.plugin] Loaded the dynamic library from /isaac-sim/extscache/omni.usd.libs-1.0.3+f9bf0dda.la64.r.cp312/bin/libusd_usdAppUtils.so
2026-09-10T13:53:19Z [10,396ms] [Info] [omni.ext.plugin] Loaded the dynamic library from /isaac-sim/extscache/omni.usd.libs-1.0.3+f9bf0dda.la64.r.cp312/bin/libusd_usdGeomValidators.so
2026-09-10T13:53:19Z [10,396ms] [Info] [omni.ext.plugin] Loaded the dynamic library from /isaac-sim/extscache/omni.usd.libs-1.0.3+f9bf0dda.la64.r.cp312/bin/libusd_usdSemantics.so
2026-09-10T13:53:19Z [10,396ms] [Info] [omni.ext.plugin] Loaded the dynamic library from /isaac-sim/extscache/omni.usd.libs-1.0.3+f9bf0dda.la64.r.cp312/bin/libusd_boost.so
2026-09-10T13:53:19Z [10,396ms] [Info] [omni.ext.plugin] Loaded the dynamic library from /isaac-sim/extscache/omni.usd.libs-1.0.3+f9bf0dda.la64.r.cp312/bin/libusd_usdRiPxrImaging.so
2026-09-10T13:53:19Z [10,396ms] [Info] [omni.ext.plugin] Loaded the dynamic library from /isaac-sim/extscache/omni.usd.libs-1.0.3+f9bf0dda.la64.r.cp312/bin/libusd_usdHydra.so
2026-09-10T13:53:19Z [10,397ms] [Info] [omni.ext.plugin] Loaded the dynamic library from /isaac-sim/extscache/omni.usd.libs-1.0.3+f9bf0dda.la64.r.cp312/bin/libusd_usdMedia.so
2026-09-10T13:53:19Z [10,397ms] [Info] [omni.ext.plugin] Loaded the dynamic library from /isaac-sim/extscache/omni.usd.libs-1.0.3+f9bf0dda.la64.r.cp312/bin/libz.so
2026-09-10T13:53:19Z [10,397ms] [Info] [omni.ext.plugin] Loaded the dynamic library from /isaac-sim/extscache/omni.usd.libs-1.0.3+f9bf0dda.la64.r.cp312/bin/libusd_execGeom.so
2026-09-10T13:53:19Z [10,397ms] [Info] [omni.ext.plugin] Loaded the dynamic library from /isaac-sim/extscache/omni.usd.libs-1.0.3+f9bf0dda.la64.r.cp312/bin/libusd_usdRi.so
2026-09-10T13:53:19Z [10,397ms] [Info] [omni.ext.plugin] Loaded the dynamic library from /isaac-sim/extscache/omni.usd.libs-1.0.3+f9bf0dda.la64.r.cp312/bin/libusd_pegtl.so
2026-09-10T13:53:19Z [10,398ms] [Info] [omni.ext.plugin] Loaded the dynamic library from /isaac-sim/extscache/omni.usd.libs-1.0.3+f9bf0dda.la64.r.cp312/bin/usd/usdAbc.so
2026-09-10T13:53:19Z [10,398ms] [Info] [omni.ext.plugin] Loaded the dynamic library from /isaac-sim/extscache/omni.usd.libs-1.0.3+f9bf0dda.la64.r.cp312/bin/usd/usdDraco.so
2026-09-10T13:53:19Z [10,399ms] [Info] [carb] Registered plugin: omni.usd-abi.plugin (interfaces: [omni::usd::IPathAbi v1.0],[omni::usd::IRenderProductPrimFactory v1.7],[omni::usd::IRenderSettings v0.2],[omni::usd::IRenderSettingsLegacy v0.2],[omni::usd::IResolverPathAbi v0.2],[omni::usd::ITokenAbi v1.0]) (impl: omni.usd-abi.plugin)
2026-09-10T13:53:19Z [10,399ms] [Info] [omni.ext.plugin] [ext: omni.usd.libs-1.0.3] started, startup time: 40 (ms)
2026-09-10T13:53:19Z [10,399ms] [Info] [omni.ext.plugin] About to startup: [ext: omni.iray.libs-0.0.1] (order: 0) Triggered by: omni.mdl.neuraylib-0.2.20 (path: /isaac-sim/extscache/omni.iray.libs-0.0.1+f9bf0dda.la64.r)
2026-09-10T13:53:19Z [10,399ms] [Info] [omni.kit.app.plugin] [10.430s] [ext: omni.iray.libs-0.0.1] startup
2026-09-10T13:53:19Z [10,400ms] [Info] [omni.ext.plugin] Loaded the dynamic library from /isaac-sim/extscache/omni.iray.libs-0.0.1+f9bf0dda.la64.r/bin/iray/libiray.so
2026-09-10T13:53:19Z [10,402ms] [Info] [omni.ext.plugin] Loaded the dynamic library from /isaac-sim/extscache/omni.iray.libs-0.0.1+f9bf0dda.la64.r/bin/iray/libneuray.so
2026-09-10T13:53:19Z [10,402ms] [Info] [omni.ext.plugin] Loaded the dynamic library from /isaac-sim/extscache/omni.iray.libs-0.0.1+f9bf0dda.la64.r/bin/mdl-distiller/mdl_distiller.so
2026-09-10T13:53:19Z [10,402ms] [Info] [omni.ext.plugin] Loaded the dynamic library from /isaac-sim/extscache/omni.iray.libs-0.0.1+f9bf0dda.la64.r/bin/mdl-distiller/mdl_lod_distiller.so
2026-09-10T13:53:19Z [10,402ms] [Info] [omni.ext.plugin] [ext: omni.iray.libs-0.0.1] started, startup time: 3 (ms)
2026-09-10T13:53:19Z [10,402ms] [Info] [omni.ext.plugin] About to startup: [ext: omni.mdl-57.0.3] (order: 0) Triggered by: omni.mdl.neuraylib-0.2.20 (path: /isaac-sim/extscache/omni.mdl-57.0.3+f9bf0dda.la64.r.cp312)
2026-09-10T13:53:19Z [10,402ms] [Info] [omni.kit.app.plugin] [10.433s] [ext: omni.mdl-57.0.3] startup
2026-09-10T13:53:19Z [10,518ms] [Info] [omni.ext._impl._internal] Searching for classes derived from 'omni.ext.IExt' in 'omni.mdl.pymdlsdk' ('/isaac-sim/extscache/omni.mdl-57.0.3+f9bf0dda.la64.r.cp312')
2026-09-10T13:53:19Z [10,519ms] [Info] [omni.ext._impl._internal] Searching for classes derived from 'omni.ext.IExt' in 'omni.mdl.extensions' ('/isaac-sim/extscache/omni.mdl-57.0.3+f9bf0dda.la64.r.cp312')
2026-09-10T13:53:19Z [10,521ms] [Info] [omni.ext._impl._internal] Searching for classes derived from 'omni.ext.IExt' in 'omni.mdl.pymdl' ('/isaac-sim/extscache/omni.mdl-57.0.3+f9bf0dda.la64.r.cp312')
2026-09-10T13:53:19Z [10,521ms] [Info] [omni.ext.plugin] [ext: omni.mdl-57.0.3] started, startup time: 119 (ms)
2026-09-10T13:53:19Z [10,521ms] [Info] [omni.ext.plugin] About to startup: [ext: omni.mdl.neuraylib-0.2.20] (order: 0) Triggered by: omni.kit.usd.mdl-1.1.9 (path: /isaac-sim/extscache/omni.mdl.neuraylib-0.2.20+f9bf0dda.la64.r.cp312)
2026-09-10T13:53:19Z [10,521ms] [Info] [omni.kit.app.plugin] [10.552s] [ext: omni.mdl.neuraylib-0.2.20] startup
2026-09-10T13:53:19Z [10,521ms] [Info] [carb] Registered plugin: rtx.neuraylib.plugin (interfaces: [rtx::neuray::NeurayLib v1.5]) (impl: rtx.neuraylib.plugin)
2026-09-10T13:53:19Z [10,525ms] [Info] [omni.ext._impl._internal] Searching for classes derived from 'omni.ext.IExt' in 'omni.mdl.neuraylib' ('/isaac-sim/extscache/omni.mdl.neuraylib-0.2.20+f9bf0dda.la64.r.cp312')
2026-09-10T13:53:19Z [10,525ms] [Info] [omni.ext.plugin] [ext: omni.mdl.neuraylib-0.2.20] started, startup time: 3 (ms)
2026-09-10T13:53:19Z [10,525ms] [Info] [omni.ext.plugin] About to startup: [ext: omni.kit.usd.mdl-1.1.9] (order: -1000) Triggered by: isaaclab.python.headless-3.0.0 (path: /isaac-sim/extscache/omni.kit.usd.mdl-1.1.9+f9bf0dda.la64.r.cp312)
2026-09-10T13:53:19Z [10,525ms] [Info] [omni.kit.app.plugin] [10.556s] [ext: omni.kit.usd.mdl-1.1.9] startup
2026-09-10T13:53:19Z [10,525ms] [Info] [carb] Registered plugin: rtx.usdmdl.plugin (interfaces: [rtx::usdmdl::IUsdMdl v1.0]) (impl: rtx.usdmdl.plugin)
2026-09-10T13:53:19Z [10,598ms] [Info] [omni.ext._impl._internal] Searching for classes derived from 'omni.ext.IExt' in 'omni.UsdMdl' ('/isaac-sim/extscache/omni.kit.usd.mdl-1.1.9+f9bf0dda.la64.r.cp312')
2026-09-10T13:53:19Z [10,599ms] [Info] [omni.ext._impl._internal] Searching for classes derived from 'omni.ext.IExt' in 'omni.kit.usd.mdl' ('/isaac-sim/extscache/omni.kit.usd.mdl-1.1.9+f9bf0dda.la64.r.cp312')
2026-09-10T13:53:19Z [10,599ms] [Info] [omni.ext._impl._internal] Found class `Ext` derived from `omni.ext.IExt` in module: 'omni.kit.usd.mdl' in '/isaac-sim/extscache/omni.kit.usd.mdl-1.1.9+f9bf0dda.la64.r.cp312'. Calling `on_startup`.
2026-09-10T13:53:19Z [10,599ms] [Info] [carb] Initializing plugin: rtx.usdmdl.plugin (interfaces: [rtx::usdmdl::IUsdMdl v1.0]) (impl: rtx.usdmdl.plugin)
2026-09-10T13:53:19Z [10,600ms] [Info] [omni.ext.plugin] [ext: omni.kit.usd.mdl-1.1.9] started, startup time: 75 (ms)
2026-09-10T13:53:19Z [10,600ms] [Info] [omni.ext.plugin] About to startup: [ext: omni.usd.schema.metrics.assembler-110.1.0] (order: -150) Triggered by: omni.usd.metrics.assembler-110.1.2 (path: /isaac-sim/extscache/omni.usd.schema.metrics.assembler-110.1.0+110.1.0.la64.r.cp312.u7f4)
2026-09-10T13:53:19Z [10,600ms] [Info] [omni.kit.app.plugin] [10.631s] [ext: omni.usd.schema.metrics.assembler-110.1.0] startup
2026-09-10T13:53:19Z [10,600ms] [Info] [omni.ext.plugin] Loaded the dynamic library from /isaac-sim/extscache/omni.usd.schema.metrics.assembler-110.1.0+110.1.0.la64.r.cp312.u7f4/bin/libmetricsAssembler.so
2026-09-10T13:53:19Z [10,601ms] [Info] [omni.ext._impl._internal] Searching for classes derived from 'omni.ext.IExt' in 'omni.MetricsAssembler' ('/isaac-sim/extscache/omni.usd.schema.metrics.assembler-110.1.0+110.1.0.la64.r.cp312.u7f4')
2026-09-10T13:53:19Z [10,602ms] [Info] [omni.ext._impl._internal] Searching for classes derived from 'omni.ext.IExt' in 'usd.schema.metricsassembler' ('/isaac-sim/extscache/omni.usd.schema.metrics.assembler-110.1.0+110.1.0.la64.r.cp312.u7f4')
2026-09-10T13:53:19Z [10,602ms] [Info] [omni.ext.plugin] [ext: omni.usd.schema.metrics.assembler-110.1.0] started, startup time: 1 (ms)
2026-09-10T13:53:19Z [10,602ms] [Info] [omni.ext.plugin] About to startup: [ext: omni.usd.schema.anim-0.0.1] (order: -100) Triggered by: omni.hydra.usdrt_delegate-7.5.2 (path: /isaac-sim/extscache/omni.usd.schema.anim-0.0.1+f9bf0dda.la64.r.cp312)
2026-09-10T13:53:19Z [10,602ms] [Info] [omni.kit.app.plugin] [10.633s] [ext: omni.usd.schema.anim-0.0.1] startup
2026-09-10T13:53:19Z [10,602ms] [Info] [omni.ext.plugin] Loaded the dynamic library from /isaac-sim/extscache/omni.usd.schema.anim-0.0.1+f9bf0dda.la64.r.cp312/lib/libanimationSchema.so
2026-09-10T13:53:19Z [10,602ms] [Info] [omni.ext.plugin] Loaded the dynamic library from /isaac-sim/extscache/omni.usd.schema.anim-0.0.1+f9bf0dda.la64.r.cp312/lib/libanimationSchemaTools.so
2026-09-10T13:53:19Z [10,602ms] [Info] [omni.ext.plugin] Loaded the dynamic library from /isaac-sim/extscache/omni.usd.schema.anim-0.0.1+f9bf0dda.la64.r.cp312/lib/libomniSkelSchema.so
2026-09-10T13:53:19Z [10,603ms] [Info] [omni.ext.plugin] Loaded the dynamic library from /isaac-sim/extscache/omni.usd.schema.anim-0.0.1+f9bf0dda.la64.r.cp312/lib/libretargetingSchema.so
2026-09-10T13:53:19Z [10,603ms] [Info] [omni.ext.plugin] Loaded the dynamic library from /isaac-sim/extscache/omni.usd.schema.anim-0.0.1+f9bf0dda.la64.r.cp312/lib/libretargetingSchemaTools.so
2026-09-10T13:53:19Z [10,603ms] [Info] [omni.ext._impl._internal] Searching for classes derived from 'omni.ext.IExt' in 'pxr' ('/isaac-sim/extscache/omni.usd.schema.anim-0.0.1+f9bf0dda.la64.r.cp312')
2026-09-10T13:53:19Z [10,606ms] [Info] [omni.ext._impl._internal] Searching for classes derived from 'omni.ext.IExt' in 'AnimationSchema' ('/isaac-sim/extscache/omni.usd.schema.anim-0.0.1+f9bf0dda.la64.r.cp312')
2026-09-10T13:53:19Z [10,607ms] [Info] [omni.ext._impl._internal] Searching for classes derived from 'omni.ext.IExt' in 'AnimationSchemaTools' ('/isaac-sim/extscache/omni.usd.schema.anim-0.0.1+f9bf0dda.la64.r.cp312')
2026-09-10T13:53:19Z [10,609ms] [Info] [omni.ext._impl._internal] Searching for classes derived from 'omni.ext.IExt' in 'OmniSkelSchema' ('/isaac-sim/extscache/omni.usd.schema.anim-0.0.1+f9bf0dda.la64.r.cp312')
2026-09-10T13:53:19Z [10,610ms] [Info] [omni.ext._impl._internal] Searching for classes derived from 'omni.ext.IExt' in 'RetargetingSchema' ('/isaac-sim/extscache/omni.usd.schema.anim-0.0.1+f9bf0dda.la64.r.cp312')
2026-09-10T13:53:19Z [10,611ms] [Info] [omni.ext._impl._internal] Searching for classes derived from 'omni.ext.IExt' in 'RetargetingSchemaTools' ('/isaac-sim/extscache/omni.usd.schema.anim-0.0.1+f9bf0dda.la64.r.cp312')
2026-09-10T13:53:19Z [10,611ms] [Info] [omni.ext._impl._internal] Searching for classes derived from 'omni.ext.IExt' in 'usd.schema.anim' ('/isaac-sim/extscache/omni.usd.schema.anim-0.0.1+f9bf0dda.la64.r.cp312')
2026-09-10T13:53:19Z [10,611ms] [Info] [omni.ext.plugin] [ext: omni.usd.schema.anim-0.0.1] started, startup time: 9 (ms)
2026-09-10T13:53:19Z [10,611ms] [Info] [omni.ext.plugin] About to startup: [ext: omni.usd.schema.audio-0.0.1] (order: -100) Triggered by: omni.usd.core-1.8.3,  (path: /isaac-sim/extscache/omni.usd.schema.audio-0.0.1+f9bf0dda.la64.r.cp312)
2026-09-10T13:53:19Z [10,611ms] [Info] [omni.kit.app.plugin] [10.642s] [ext: omni.usd.schema.audio-0.0.1] startup
2026-09-10T13:53:19Z [10,611ms] [Info] [omni.ext.plugin] Loaded the dynamic library from /isaac-sim/extscache/omni.usd.schema.audio-0.0.1+f9bf0dda.la64.r.cp312/lib/libomniAudioSchema.so
2026-09-10T13:53:19Z [10,611ms] [Info] [omni.ext._impl._internal] Searching for classes derived from 'omni.ext.IExt' in 'pxr' ('/isaac-sim/extscache/omni.usd.schema.audio-0.0.1+f9bf0dda.la64.r.cp312')
2026-09-10T13:53:19Z [10,612ms] [Info] [omni.ext._impl._internal] Searching for classes derived from 'omni.ext.IExt' in 'OmniAudioSchema' ('/isaac-sim/extscache/omni.usd.schema.audio-0.0.1+f9bf0dda.la64.r.cp312')
2026-09-10T13:53:19Z [10,612ms] [Info] [omni.ext._impl._internal] Searching for classes derived from 'omni.ext.IExt' in 'usd.schema.audio' ('/isaac-sim/extscache/omni.usd.schema.audio-0.0.1+f9bf0dda.la64.r.cp312')
2026-09-10T13:53:19Z [10,612ms] [Info] [omni.ext.plugin] [ext: omni.usd.schema.audio-0.0.1] started, startup time: 1 (ms)
2026-09-10T13:53:19Z [10,612ms] [Info] [omni.ext.plugin] About to startup: [ext: omni.usd.schema.mujoco-1.1.1] (order: -100) Triggered by: isaacsim.core.simulation_manager-1.15.6 (path: /isaac-sim/exts/omni.usd.schema.mujoco)
2026-09-10T13:53:19Z [10,612ms] [Info] [omni.kit.app.plugin] [10.644s] [ext: omni.usd.schema.mujoco-1.1.1] startup
2026-09-10T13:53:19Z [10,613ms] [Info] [omni.ext._impl._internal] Searching for classes derived from 'omni.ext.IExt' in 'usd.schema.mujoco' ('/isaac-sim/exts/omni.usd.schema.mujoco')
2026-09-10T13:53:19Z [10,613ms] [Info] [omni.ext.plugin] [ext: omni.usd.schema.mujoco-1.1.1] started, startup time: 0 (ms)
2026-09-10T13:53:19Z [10,613ms] [Info] [omni.ext.plugin] About to startup: [ext: omni.usd.schema.newton-1.2.1] (order: -100) Triggered by: omni.physx-110.1.13, isaacsim.core.simulation_manager-1.15.6 (path: /isaac-sim/exts/omni.usd.schema.newton)
2026-09-10T13:53:19Z [10,613ms] [Info] [omni.kit.app.plugin] [10.644s] [ext: omni.usd.schema.newton-1.2.1] startup
2026-09-10T13:53:19Z [10,613ms] [Info] [omni.ext._impl._internal] Searching for classes derived from 'omni.ext.IExt' in 'usd.schema.newton' ('/isaac-sim/exts/omni.usd.schema.newton')
2026-09-10T13:53:19Z [10,613ms] [Info] [omni.ext.plugin] [ext: omni.usd.schema.newton-1.2.1] started, startup time: 0 (ms)
2026-09-10T13:53:19Z [10,613ms] [Info] [omni.ext.plugin] About to startup: [ext: omni.usd.schema.physx-110.1.13] (order: -100) Triggered by: omni.physx-110.1.13, omni.usdphysics-110.1.13, omni.physx.cooking-110.1.13, omni.physics.tensors-110.1.13, omni.convexdecomposition-110.1.13 (path: /isaac-sim/extscache/omni.usd.schema.physx-110.1.13+110.1.2.la64.r.cp312.u7f4)
2026-09-10T13:53:19Z [10,613ms] [Info] [omni.kit.app.plugin] [10.645s] [ext: omni.usd.schema.physx-110.1.13] startup
2026-09-10T13:53:19Z [10,614ms] [Info] [omni.ext.plugin] Loaded the dynamic library from /isaac-sim/extscache/omni.usd.schema.physx-110.1.13+110.1.2.la64.r.cp312.u7f4/bin/libphysxSchema.so
2026-09-10T13:53:19Z [10,614ms] [Info] [omni.ext.plugin] Loaded the dynamic library from /isaac-sim/extscache/omni.usd.schema.physx-110.1.13+110.1.2.la64.r.cp312.u7f4/bin/libphysicsSchemaTools.so
2026-09-10T13:53:19Z [10,630ms] [Info] [omni.ext._impl._internal] Searching for classes derived from 'omni.ext.IExt' in 'pxr.PhysxSchema' ('/isaac-sim/extscache/omni.usd.schema.physx-110.1.13+110.1.2.la64.r.cp312.u7f4')
2026-09-10T13:53:19Z [10,631ms] [Info] [omni.ext._impl._internal] Searching for classes derived from 'omni.ext.IExt' in 'usd.schema.physx' ('/isaac-sim/extscache/omni.usd.schema.physx-110.1.13+110.1.2.la64.r.cp312.u7f4')
2026-09-10T13:53:19Z [10,631ms] [Info] [omni.ext._impl._internal] Found class `PhysxSchemaExtension` derived from `omni.ext.IExt` in module: 'usd.schema.physx' in '/isaac-sim/extscache/omni.usd.schema.physx-110.1.13+110.1.2.la64.r.cp312.u7f4'. Calling `on_startup`.
2026-09-10T13:53:19Z [10,631ms] [Info] [carb] `get_update_event_stream` is deprecated. Use Events 2.0. Callstack:   File "/workspace/isaaclab/_isaac_sim/kit/kernel/py/omni/ext/_impl/_internal.py", line 251, in startup
    self._startup_ext(obj, ext_module.name, ext_module.path)
  File "/workspace/isaaclab/_isaac_sim/kit/kernel/py/omni/ext/_impl/_internal.py", line 187, in _startup_ext
    instance.on_startup(self._ext_id)
  File "/isaac-sim/extscache/omni.usd.schema.physx-110.1.13+110.1.2.la64.r.cp312.u7f4/usd/schema/physx/__init__.py", line 37, in on_startup
    .get_update_event_stream()
  File "/workspace/isaaclab/_isaac_sim/kit/kernel/py/carb/__init__.py", line 108, in wrapped
    obj.__name__, message, "".join(traceback.format_stack(limit=4))[:-1]
2026-09-10T13:53:19Z [10,632ms] [Info] [omni.ext._impl._internal] Searching for classes derived from 'omni.ext.IExt' in 'pxr.PhysicsSchemaTools' ('/isaac-sim/extscache/omni.usd.schema.physx-110.1.13+110.1.2.la64.r.cp312.u7f4')
2026-09-10T13:53:19Z [10,632ms] [Info] [omni.ext.plugin] [ext: omni.usd.schema.physx-110.1.13] started, startup time: 18 (ms)
2026-09-10T13:53:19Z [10,632ms] [Info] [omni.ext.plugin] About to startup: [ext: carb.audio-0.1.0] (order: 0) Triggered by: omni.usd-1.16.0, omni.kit.audiodeviceenum-1.0.2 (path: /isaac-sim/extscache/carb.audio-0.1.0+f9bf0dda.la64.r.cp312)
2026-09-10T13:53:19Z [10,632ms] [Info] [omni.kit.app.plugin] [10.664s] [ext: carb.audio-0.1.0] startup
2026-09-10T13:53:19Z [10,634ms] [Info] [carb] Registered plugin: carb.audio-forge.plugin (interfaces: [carb::audio::IAudioCapture v1.0],[carb::audio::IAudioData v1.0],[carb::audio::IAudioDevice v1.1],[carb::audio::IAudioGroup v1.0],[carb::audio::IAudioPlayback v1.1],[carb::audio::IAudioUtils v1.0],[omni::audio::IAudioCapture v0.0]) (impl: carb.audio-forge.plugin)
2026-09-10T13:53:19Z [10,634ms] [Info] [omni.ext.plugin] [ext: carb.audio-0.1.0] started, startup time: 1 (ms)
2026-09-10T13:53:19Z [10,634ms] [Info] [omni.ext.plugin] About to startup: [ext: isaaclab-6.1.14] (order: 1000) Triggered by: isaaclab.python.headless-3.0.0, isaaclab_physx-1.1.3, isaaclab_newton-0.13.6, isaaclab_assets-0.3.4, isaaclab_tasks-1.10.9, isaaclab_mimic-1.3.3, isaaclab_rl-0.5.5, isaaclab_contrib-0.4.4 (path: /workspace/isaaclab/source/isaaclab)
2026-09-10T13:53:19Z [10,634ms] [Info] [omni.kit.app.plugin] [10.665s] [ext: isaaclab-6.1.14] startup
2026-09-10T13:53:19Z [10,634ms] [Info] [omni.ext._impl._internal] Searching for classes derived from 'omni.ext.IExt' in 'isaaclab' ('/workspace/isaaclab/source/isaaclab')
2026-09-10T13:53:19Z [10,634ms] [Info] [omni.ext.plugin] [ext: isaaclab-6.1.14] started, startup time: 0 (ms)
2026-09-10T13:53:19Z [10,634ms] [Info] [omni.ext.plugin] About to startup: [ext: isaaclab_contrib-0.4.4] (order: 0) Triggered by: isaaclab_assets-0.3.4 (path: /workspace/isaaclab/source/isaaclab_contrib)
2026-09-10T13:53:19Z [10,634ms] [Info] [omni.kit.app.plugin] [10.666s] [ext: isaaclab_contrib-0.4.4] startup
2026-09-10T13:53:19Z [10,635ms] [Info] [omni.ext._impl._internal] Searching for classes derived from 'omni.ext.IExt' in 'isaaclab_contrib' ('/workspace/isaaclab/source/isaaclab_contrib')
2026-09-10T13:53:19Z [10,635ms] [Info] [omni.ext.plugin] [ext: isaaclab_contrib-0.4.4] started, startup time: 0 (ms)
2026-09-10T13:53:19Z [10,635ms] [Info] [omni.ext.plugin] About to startup: [ext: omni.activity.core-1.0.3] (order: 0) Triggered by: omni.hydra.usdrt_delegate-7.5.2 (path: /isaac-sim/extscache/omni.activity.core-1.0.3+f9bf0dda.la64.r.cp312)
2026-09-10T13:53:19Z [10,635ms] [Info] [omni.kit.app.plugin] [10.666s] [ext: omni.activity.core-1.0.3] startup
2026-09-10T13:53:19Z [10,636ms] [Info] [omni.ext._impl._internal] Searching for classes derived from 'omni.ext.IExt' in 'omni.activity.core' ('/isaac-sim/extscache/omni.activity.core-1.0.3+f9bf0dda.la64.r.cp312')
2026-09-10T13:53:19Z [10,636ms] [Info] [omni.ext.plugin] [ext: omni.activity.core-1.0.3] started, startup time: 1 (ms)
2026-09-10T13:53:19Z [10,636ms] [Info] [omni.ext.plugin] About to startup: [ext: omni.cubric-0.1.0] (order: 0) Triggered by: usdrt.scenegraph-7.6.3 (path: /isaac-sim/extscache/omni.cubric-0.1.0+f9bf0dda.la64.r)
2026-09-10T13:53:19Z [10,636ms] [Info] [omni.kit.app.plugin] [10.668s] [ext: omni.cubric-0.1.0] startup
2026-09-10T13:53:19Z [10,637ms] [Info] [carb] Registered plugin: omni.cubric.plugin (interfaces: [omni::cubric::IAdapter v0.2]) (impl: omni.cubric.plugin)
2026-09-10T13:53:19Z [10,637ms] [Info] [omni.ext.plugin] [ext: omni.cubric-0.1.0] started, startup time: 0 (ms)
2026-09-10T13:53:19Z [10,637ms] [Info] [omni.ext.plugin] About to startup: [ext: omni.graph.exec-0.9.6] (order: 0) Triggered by: omni.kit.exec.core-0.13.5 (path: /isaac-sim/extscache/omni.graph.exec-0.9.6+f9bf0dda.la64.r)
2026-09-10T13:53:19Z [10,637ms] [Info] [omni.kit.app.plugin] [10.668s] [ext: omni.graph.exec-0.9.6] startup
2026-09-10T13:53:19Z [10,637ms] [Info] [omni.graph.exec.unstable.passRegistry] IPassRegistry::registerPass: registered PassStronglyConnectedComponents as pass id 1
2026-09-10T13:53:19Z [10,637ms] [Info] [omni.ext.plugin] [ext: omni.graph.exec-0.9.6] started, startup time: 0 (ms)
2026-09-10T13:53:19Z [10,637ms] [Info] [omni.ext.plugin] About to startup: [ext: omni.usd_resolver-1.0.0] (order: 0) Triggered by: omni.usd.core-1.8.3 (path: /isaac-sim/extscache/omni.usd_resolver-1.0.0+f9bf0dda.la64.r.cp312)
2026-09-10T13:53:19Z [10,637ms] [Info] [omni.kit.app.plugin] [10.669s] [ext: omni.usd_resolver-1.0.0] startup
2026-09-10T13:53:19Z [10,638ms] [Info] [carb] Registered plugin: omni.ext-usdresolver.plugin (interfaces: [omni::ext::IExt v0.1]) (impl: omni.ext-usdresolver.plugin)
2026-09-10T13:53:19Z [10,638ms] [Info] [carb] Registered plugin: carb.usdresolver.plugin (interfaces: [carb::usdresolver::IUsdResolver v1.1]) (impl: carb.usdresolver.plugin)
2026-09-10T13:53:19Z [10,638ms] [Info] [carb] Registered plugin: omni.spectree.delegate.plugin (interfaces: [omni::spectree::IChangeListDelegateFactory v0.1]) (impl: omni.spectree.delegate.plugin)
2026-09-10T13:53:19Z [10,638ms] [Info] [carb] Initializing plugin: omni.ext-usdresolver.plugin (interfaces: [omni::ext::IExt v0.1]) (impl: omni.ext-usdresolver.plugin)
2026-09-10T13:53:19Z [10,638ms] [Info] [omni.ext.plugin] [ext: omni.usd_resolver-1.0.0] Starting ext::IExt in '/isaac-sim/extscache/omni.usd_resolver-1.0.0+f9bf0dda.la64.r.cp312/bin/libomni.ext-usd_resolver.plugin.so'
2026-09-10T13:53:19Z [10,638ms] [Info] [carb] Initializing plugin: carb.usdresolver.plugin (interfaces: [carb::usdresolver::IUsdResolver v1.1]) (impl: carb.usdresolver.plugin)
2026-09-10T13:53:19Z [10,639ms] [Info] [omni.ext._impl._internal] Searching for classes derived from 'omni.ext.IExt' in 'omni.usd_resolver' ('/isaac-sim/extscache/omni.usd_resolver-1.0.0+f9bf0dda.la64.r.cp312')
2026-09-10T13:53:19Z [10,639ms] [Info] [omni.ext._impl._internal] Searching for classes derived from 'omni.ext.IExt' in 'omni.spectree' ('/isaac-sim/extscache/omni.usd_resolver-1.0.0+f9bf0dda.la64.r.cp312')
2026-09-10T13:53:19Z [10,639ms] [Info] [omni.ext.plugin] [ext: omni.usd_resolver-1.0.0] started, startup time: 1 (ms)
2026-09-10T13:53:19Z [10,639ms] [Info] [omni.ext.plugin] About to startup: [ext: omni.usd.core-1.8.3] (order: 0) Triggered by: usdrt.scenegraph-7.6.3, omni.usd-1.16.0, omni.hydra.usdrt_delegate-7.5.2 (path: /isaac-sim/extscache/omni.usd.core-1.8.3+f9bf0dda.la64.r)
2026-09-10T13:53:19Z [10,639ms] [Info] [omni.kit.app.plugin] [10.670s] [ext: omni.usd.core-1.8.3] startup
2026-09-10T13:53:19Z [10,639ms] [Info] [carb] Registered plugin: omni.tbb.globalcontrol.plugin (interfaces: [omni::tbb::IGlobalControl v1.0]) (impl: omni.tbb.globalcontrol.plugin)
2026-09-10T13:53:19Z [10,640ms] [Info] [carb] Registered plugin: omni.fabric.plugin (interfaces: [omni::fabric::IChangeTrackerConfig v0.5],[omni::fabric::IConnectivity v1.9],[omni::fabric::IDiagnostics v1.0],[omni::fabric::IFabric v0.13],[omni::fabric::IFabricContextManager v1.0],[omni::fabric::IFabricInspector v0.2],[omni::fabric::IFabricRingBuffer v1.2],[omni::fabric::IFabricSampleStorage v0.4],[omni::fabric::IFabricUsd v1.0],[omni::fabric::IFineGrainedChangeTracker v0.2],[omni::fabric::IPath v1.0],[omni::fabric::IPlatform v0.2],[omni::fabric::IPopulator v1.0],[omni::fabric::IPrimBucketList v0.5],[omni::fabric::ISerializer v0.3],[omni::fabric::ISimStageWithHistory v0.2],[omni::fabric::IStageAtTimeInterval v1.0],[omni::fabric::IStageAtTimeIntervalLegacy v1.0],[omni::fabric::IStageReaderWriter v0.16],[omni::fabric::IStageReaderWriterLegacy v1.0],[omni::fabric::IStageReaderWriterUsd v1.2],[omni::fabric::IStats v1.0],[omni::fabric::IToken v1.0],[omni::fabric::batch::iBatch v0.4]) (impl: omni.fabric.plugin)
2026-09-10T13:53:19Z [10,640ms] [Info] [carb] Registered plugin: omni.usd (interfaces: [omni::ext::IExt v0.1]) (impl: omni.usd)
2026-09-10T13:53:19Z [10,640ms] [Info] [carb] Initializing plugin: omni.usd (interfaces: [omni::ext::IExt v0.1]) (impl: omni.usd)
2026-09-10T13:53:19Z [10,640ms] [Info] [omni.ext.plugin] [ext: omni.usd.core-1.8.3] Starting ext::IExt in '/isaac-sim/extscache/omni.usd.core-1.8.3+f9bf0dda.la64.r/bin/libomni.usd.so'
2026-09-10T13:53:19Z [10,640ms] [Info] [omni.ext.plugin] [ext: omni.usd.core-1.8.3] started, startup time: 1 (ms)
2026-09-10T13:53:19Z [10,640ms] [Info] [omni.ext.plugin] About to startup: [ext: usdrt.scenegraph-7.6.3] (order: 0) Triggered by: isaaclab.python.headless-3.0.0, omni.physx-110.1.13, omni.physx.fabric-110.1.13, omni.hydra.usdrt_delegate-7.5.2 (path: /isaac-sim/extscache/usdrt.scenegraph-7.6.3+f9bf0dda.la64.r.cp312)
2026-09-10T13:53:19Z [10,640ms] [Info] [omni.kit.app.plugin] [10.672s] [ext: usdrt.scenegraph-7.6.3] startup
2026-09-10T13:53:19Z [10,642ms] [Info] [omni.ext._impl._internal] Searching for classes derived from 'omni.ext.IExt' in 'usdrt.helpers' ('/isaac-sim/extscache/usdrt.scenegraph-7.6.3+f9bf0dda.la64.r.cp312')
2026-09-10T13:53:19Z [10,647ms] [Info] [omni.ext._impl._internal] Searching for classes derived from 'omni.ext.IExt' in 'usdrt.Gf' ('/isaac-sim/extscache/usdrt.scenegraph-7.6.3+f9bf0dda.la64.r.cp312')
2026-09-10T13:53:19Z [10,649ms] [Info] [omni.ext._impl._internal] Searching for classes derived from 'omni.ext.IExt' in 'usdrt.Vt' ('/isaac-sim/extscache/usdrt.scenegraph-7.6.3+f9bf0dda.la64.r.cp312')
2026-09-10T13:53:19Z [10,649ms] [Info] [omni.ext._impl._internal] Searching for classes derived from 'omni.ext.IExt' in 'usdrt.Sdf' ('/isaac-sim/extscache/usdrt.scenegraph-7.6.3+f9bf0dda.la64.r.cp312')
2026-09-10T13:53:19Z [10,650ms] [Info] [omni.ext._impl._internal] Searching for classes derived from 'omni.ext.IExt' in 'usdrt.Usd' ('/isaac-sim/extscache/usdrt.scenegraph-7.6.3+f9bf0dda.la64.r.cp312')
2026-09-10T13:53:19Z [10,652ms] [Info] [omni.ext._impl._internal] Searching for classes derived from 'omni.ext.IExt' in 'usdrt.UsdGeom' ('/isaac-sim/extscache/usdrt.scenegraph-7.6.3+f9bf0dda.la64.r.cp312')
2026-09-10T13:53:19Z [10,653ms] [Info] [omni.ext._impl._internal] Searching for classes derived from 'omni.ext.IExt' in 'usdrt.Rt' ('/isaac-sim/extscache/usdrt.scenegraph-7.6.3+f9bf0dda.la64.r.cp312')
2026-09-10T13:53:19Z [10,653ms] [Info] [omni.ext._impl._internal] Searching for classes derived from 'omni.ext.IExt' in 'usdrt.UsdPhysics' ('/isaac-sim/extscache/usdrt.scenegraph-7.6.3+f9bf0dda.la64.r.cp312')
2026-09-10T13:53:19Z [10,654ms] [Info] [omni.ext._impl._internal] Searching for classes derived from 'omni.ext.IExt' in 'usdrt.UsdLux' ('/isaac-sim/extscache/usdrt.scenegraph-7.6.3+f9bf0dda.la64.r.cp312')
2026-09-10T13:53:19Z [10,655ms] [Info] [omni.ext._impl._internal] Searching for classes derived from 'omni.ext.IExt' in 'usdrt.UsdMedia' ('/isaac-sim/extscache/usdrt.scenegraph-7.6.3+f9bf0dda.la64.r.cp312')
2026-09-10T13:53:19Z [10,655ms] [Info] [omni.ext._impl._internal] Searching for classes derived from 'omni.ext.IExt' in 'usdrt.UsdRender' ('/isaac-sim/extscache/usdrt.scenegraph-7.6.3+f9bf0dda.la64.r.cp312')
2026-09-10T13:53:19Z [10,656ms] [Info] [omni.ext._impl._internal] Searching for classes derived from 'omni.ext.IExt' in 'usdrt.UsdShade' ('/isaac-sim/extscache/usdrt.scenegraph-7.6.3+f9bf0dda.la64.r.cp312')
2026-09-10T13:53:19Z [10,657ms] [Info] [omni.ext._impl._internal] Searching for classes derived from 'omni.ext.IExt' in 'usdrt.UsdSkel' ('/isaac-sim/extscache/usdrt.scenegraph-7.6.3+f9bf0dda.la64.r.cp312')
2026-09-10T13:53:19Z [10,657ms] [Info] [omni.ext._impl._internal] Searching for classes derived from 'omni.ext.IExt' in 'usdrt.UsdUI' ('/isaac-sim/extscache/usdrt.scenegraph-7.6.3+f9bf0dda.la64.r.cp312')
2026-09-10T13:53:19Z [10,657ms] [Info] [omni.ext._impl._internal] Searching for classes derived from 'omni.ext.IExt' in 'usdrt.UsdVol' ('/isaac-sim/extscache/usdrt.scenegraph-7.6.3+f9bf0dda.la64.r.cp312')
2026-09-10T13:53:19Z [10,658ms] [Info] [omni.ext._impl._internal] Searching for classes derived from 'omni.ext.IExt' in 'usdrt.xformcache' ('/isaac-sim/extscache/usdrt.scenegraph-7.6.3+f9bf0dda.la64.r.cp312')
2026-09-10T13:53:19Z [10,658ms] [Info] [omni.ext._impl._internal] Searching for classes derived from 'omni.ext.IExt' in 'usdrt.internal' ('/isaac-sim/extscache/usdrt.scenegraph-7.6.3+f9bf0dda.la64.r.cp312')
2026-09-10T13:53:19Z [10,658ms] [Info] [omni.ext.plugin] [ext: usdrt.scenegraph-7.6.3] started, startup time: 17 (ms)
2026-09-10T13:53:19Z [10,658ms] [Info] [omni.ext.plugin] About to startup: [ext: omni.hydra.usdrt_delegate-7.5.2] (order: 0) Triggered by: isaacsim.core.experimental.utils-0.17.2 (path: /isaac-sim/extscache/omni.hydra.usdrt_delegate-7.5.2+f9bf0dda.la64.r.cp312)
2026-09-10T13:53:19Z [10,658ms] [Info] [omni.kit.app.plugin] [10.689s] [ext: omni.hydra.usdrt_delegate-7.5.2] startup
2026-09-10T13:53:19Z [10,659ms] [Info] [carb] Initializing plugin: omni.fabric.plugin (interfaces: [omni::fabric::IChangeTrackerConfig v0.5],[omni::fabric::IConnectivity v1.9],[omni::fabric::IDiagnostics v1.0],[omni::fabric::IFabric v0.13],[omni::fabric::IFabricContextManager v1.0],[omni::fabric::IFabricInspector v0.2],[omni::fabric::IFabricRingBuffer v1.2],[omni::fabric::IFabricSampleStorage v0.4],[omni::fabric::IFabricUsd v1.0],[omni::fabric::IFineGrainedChangeTracker v0.2],[omni::fabric::IPath v1.0],[omni::fabric::IPlatform v0.2],[omni::fabric::IPopulator v1.0],[omni::fabric::IPrimBucketList v0.5],[omni::fabric::ISerializer v0.3],[omni::fabric::ISimStageWithHistory v0.2],[omni::fabric::IStageAtTimeInterval v1.0],[omni::fabric::IStageAtTimeIntervalLegacy v1.0],[omni::fabric::IStageReaderWriter v0.16],[omni::fabric::IStageReaderWriterLegacy v1.0],[omni::fabric::IStageReaderWriterUsd v1.2],[omni::fabric::IStats v1.0],[omni::fabric::IToken v1.0],[omni::fabric::batch::iBatch v0.4]) (impl: omni.fabric.plugin)
2026-09-10T13:53:19Z [10,659ms] [Info] [carb] Initializing plugin: omni.tbb.globalcontrol.plugin (interfaces: [omni::tbb::IGlobalControl v1.0]) (impl: omni.tbb.globalcontrol.plugin)
2026-09-10T13:53:19Z [10,659ms] [Info] [omni.tbb.globalcontrol.plugin] TBB Global Control Plugin loaded, max_allowed_parallelism=16
2026-09-10T13:53:19Z [10,660ms] [Info] [carb] Registered plugin: omni.hydra.usdrt_delegate.plugin (interfaces: [omni::hydra::usdrt::ISceneDelegateFactory v0.1]) (impl: omni.hydra.usdrt_delegate.plugin)
2026-09-10T13:53:19Z [10,660ms] [Info] [omni.ext._impl._internal] Searching for classes derived from 'omni.ext.IExt' in 'usdrt.population' ('/isaac-sim/extscache/omni.hydra.usdrt_delegate-7.5.2+f9bf0dda.la64.r.cp312')
2026-09-10T13:53:19Z [10,660ms] [Info] [omni.ext._impl._internal] Searching for classes derived from 'omni.ext.IExt' in 'usdrt.hierarchy' ('/isaac-sim/extscache/omni.hydra.usdrt_delegate-7.5.2+f9bf0dda.la64.r.cp312')
2026-09-10T13:53:19Z [10,660ms] [Info] [omni.ext.plugin] [ext: omni.hydra.usdrt_delegate-7.5.2] started, startup time: 2 (ms)
2026-09-10T13:53:19Z [10,660ms] [Info] [omni.ext.plugin] About to startup: [ext: omni.kit.actions.core-1.0.0] (order: 0) Triggered by: omni.kit.commands-1.5.0, omni.kit.stage_templates-2.0.2, omni.kit.primitive.mesh-1.1.0 (path: /isaac-sim/extscache/omni.kit.actions.core-1.0.0+f9bf0dda.la64.r.cp312)
2026-09-10T13:53:19Z [10,660ms] [Info] [omni.kit.app.plugin] [10.692s] [ext: omni.kit.actions.core-1.0.0] startup
2026-09-10T13:53:19Z [10,660ms] [Info] [carb] Registered plugin: omni.kit.actions.core.plugin (interfaces: [omni::ext::IExt v0.1],[omni::kit::actions::core::IActionRegistry v1.0]) (impl: omni.kit.actions.core.plugin)
2026-09-10T13:53:19Z [10,661ms] [Info] [carb] Registered plugin: omni.kit.actions.core_tests.plugin (interfaces: [omni::kit::actions::core_tests::IActionTests v1.0]) (impl: omni.kit.actions.core_tests.plugin)
2026-09-10T13:53:19Z [10,661ms] [Info] [carb] Initializing plugin: omni.kit.actions.core.plugin (interfaces: [omni::ext::IExt v0.1],[omni::kit::actions::core::IActionRegistry v1.0]) (impl: omni.kit.actions.core.plugin)
2026-09-10T13:53:19Z [10,661ms] [Info] [omni.ext.plugin] [ext: omni.kit.actions.core-1.0.0] Starting ext::IExt in '/isaac-sim/extscache/omni.kit.actions.core-1.0.0+f9bf0dda.la64.r.cp312/bin/libomni.kit.actions.core.plugin.so'
2026-09-10T13:53:19Z [10,661ms] [Info] [omni.ext._impl._internal] Searching for classes derived from 'omni.ext.IExt' in 'omni.kit.actions.core' ('/isaac-sim/extscache/omni.kit.actions.core-1.0.0+f9bf0dda.la64.r.cp312')
2026-09-10T13:53:19Z [10,661ms] [Info] [omni.ext._impl._internal] Found class `ActionsExtension` derived from `omni.ext.IExt` in module: 'omni.kit.actions.core' in '/isaac-sim/extscache/omni.kit.actions.core-1.0.0+f9bf0dda.la64.r.cp312'. Calling `on_startup`.
2026-09-10T13:53:19Z [10,661ms] [Info] [omni.ext.plugin] [ext: omni.kit.actions.core-1.0.0] started, startup time: 1 (ms)
2026-09-10T13:53:19Z [10,661ms] [Info] [omni.ext.plugin] About to startup: [ext: omni.kit.audiodeviceenum-1.0.2] (order: 0) Triggered by: omni.usd-1.16.0 (path: /isaac-sim/extscache/omni.kit.audiodeviceenum-1.0.2+f9bf0dda.la64.r.cp312)
2026-09-10T13:53:19Z [10,661ms] [Info] [omni.kit.app.plugin] [10.693s] [ext: omni.kit.audiodeviceenum-1.0.2] startup
2026-09-10T13:53:19Z [10,662ms] [Info] [carb] Registered plugin: omni.audiodeviceenum.plugin (interfaces: [omni::audio::IAudioDeviceEnum v0.1]) (impl: omni.audiodeviceenum.plugin)
2026-09-10T13:53:19Z [10,662ms] [Info] [omni.ext._impl._internal] Searching for classes derived from 'omni.ext.IExt' in 'omni.kit.audiodeviceenum' ('/isaac-sim/extscache/omni.kit.audiodeviceenum-1.0.2+f9bf0dda.la64.r.cp312')
2026-09-10T13:53:19Z [10,662ms] [Info] [omni.ext._impl._internal] Found class `_AudioExtension` derived from `omni.ext.IExt` in module: 'omni.kit.audiodeviceenum' in '/isaac-sim/extscache/omni.kit.audiodeviceenum-1.0.2+f9bf0dda.la64.r.cp312'. Calling `on_startup`.
2026-09-10T13:53:19Z [10,662ms] [Info] [omni.ext.plugin] [ext: omni.kit.audiodeviceenum-1.0.2] started, startup time: 0 (ms)
2026-09-10T13:53:19Z [10,662ms] [Info] [omni.ext.plugin] About to startup: [ext: omni.kit.commands-1.5.0] (order: 0) Triggered by: omni.usd-1.16.0, omni.kit.usd.layers-2.6.1, omni.kit.stage_templates-2.0.2, omni.kit.primitive.mesh-1.1.0 (path: /isaac-sim/extscache/omni.kit.commands-1.5.0+f9bf0dda.la64.r.cp312)
2026-09-10T13:53:19Z [10,662ms] [Info] [omni.kit.app.plugin] [10.694s] [ext: omni.kit.commands-1.5.0] startup
2026-09-10T13:53:19Z [10,662ms] [Info] [carb] Registered plugin: omni.kit.command_tests.plugin (interfaces: [omni::kit::command_tests::ICommandTests v1.0]) (impl: omni.kit.command_tests.plugin)
2026-09-10T13:53:19Z [10,663ms] [Info] [carb] Registered plugin: omni.kit.commands.plugin (interfaces: [omni::kit::commands::ICommandBridge v1.0]) (impl: omni.kit.commands.plugin)
2026-09-10T13:53:19Z [10,668ms] [Info] [omni.ext._impl._internal] Searching for classes derived from 'omni.ext.IExt' in 'omni.kit.undo' ('/isaac-sim/extscache/omni.kit.commands-1.5.0+f9bf0dda.la64.r.cp312')
2026-09-10T13:53:19Z [10,668ms] [Info] [omni.ext._impl._internal] Searching for classes derived from 'omni.ext.IExt' in 'omni.kit.commands' ('/isaac-sim/extscache/omni.kit.commands-1.5.0+f9bf0dda.la64.r.cp312')
2026-09-10T13:53:19Z [10,668ms] [Info] [omni.ext._impl._internal] Found class `CommandExt` derived from `omni.ext.IExt` in module: 'omni.kit.commands' in '/isaac-sim/extscache/omni.kit.commands-1.5.0+f9bf0dda.la64.r.cp312'. Calling `on_startup`.
2026-09-10T13:53:19Z [10,668ms] [Info] [carb] Initializing plugin: omni.kit.commands.plugin (interfaces: [omni::kit::commands::ICommandBridge v1.0]) (impl: omni.kit.commands.plugin)
2026-09-10T13:53:19Z [10,668ms] [Info] [omni.ext._impl._internal] Searching for classes derived from 'omni.ext.IExt' in 'omni.kit.commands.builtin' ('/isaac-sim/extscache/omni.kit.commands-1.5.0+f9bf0dda.la64.r.cp312')
2026-09-10T13:53:19Z [10,668ms] [Info] [omni.ext.plugin] [ext: omni.kit.commands-1.5.0] started, startup time: 5 (ms)
2026-09-10T13:53:19Z [10,668ms] [Info] [omni.ext.plugin] About to startup: [ext: omni.kit.exec.core-0.13.5] (order: 0) Triggered by: omni.usd-1.16.0 (path: /isaac-sim/extscache/omni.kit.exec.core-0.13.5+f9bf0dda.la64.r.cp312)
2026-09-10T13:53:19Z [10,668ms] [Info] [omni.kit.app.plugin] [10.699s] [ext: omni.kit.exec.core-0.13.5] startup
2026-09-10T13:53:19Z [10,669ms] [Info] [omni.ext._impl._internal] Searching for classes derived from 'omni.ext.IExt' in 'omni.kit.exec.core.unstable' ('/isaac-sim/extscache/omni.kit.exec.core-0.13.5+f9bf0dda.la64.r.cp312')
2026-09-10T13:53:19Z [10,669ms] [Info] [omni.ext._impl._internal] Found class `_PublicExtension` derived from `omni.ext.IExt` in module: 'omni.kit.exec.core.unstable' in '/isaac-sim/extscache/omni.kit.exec.core-0.13.5+f9bf0dda.la64.r.cp312'. Calling `on_startup`.
2026-09-10T13:53:19Z [10,669ms] [Info] [omni.ext.plugin] [ext: omni.kit.exec.core-0.13.5] started, startup time: 0 (ms)
2026-09-10T13:53:19Z [10,669ms] [Info] [omni.ext.plugin] About to startup: [ext: omni.kit.usd_undo-0.1.8] (order: 0) Triggered by: omni.usd-1.16.0 (path: /isaac-sim/extscache/omni.kit.usd_undo-0.1.8+f9bf0dda)
2026-09-10T13:53:19Z [10,669ms] [Info] [omni.kit.app.plugin] [10.700s] [ext: omni.kit.usd_undo-0.1.8] startup
2026-09-10T13:53:19Z [10,670ms] [Info] [omni.ext._impl._internal] Searching for classes derived from 'omni.ext.IExt' in 'omni.kit.usd_undo' ('/isaac-sim/extscache/omni.kit.usd_undo-0.1.8+f9bf0dda')
2026-09-10T13:53:19Z [10,670ms] [Info] [omni.ext.plugin] [ext: omni.kit.usd_undo-0.1.8] started, startup time: 0 (ms)
2026-09-10T13:53:19Z [10,670ms] [Info] [omni.ext.plugin] About to startup: [ext: omni.timeline-1.1.0] (order: 0) Triggered by: omni.usd-1.16.0 (path: /isaac-sim/extscache/omni.timeline-1.1.0+f9bf0dda.la64.r.cp312)
2026-09-10T13:53:19Z [10,670ms] [Info] [omni.kit.app.plugin] [10.701s] [ext: omni.timeline-1.1.0] startup
2026-09-10T13:53:19Z [10,670ms] [Info] [carb] Registered plugin: omni.timeline.plugin (interfaces: [omni::ext::IExt v0.1],[omni::timeline::ITimeline v1.1]) (impl: omni.timeline.plugin)
2026-09-10T13:53:19Z [10,670ms] [Info] [carb] Initializing plugin: omni.timeline.plugin (interfaces: [omni::ext::IExt v0.1],[omni::timeline::ITimeline v1.1]) (impl: omni.timeline.plugin)
2026-09-10T13:53:19Z [10,670ms] [Info] [omni.ext.plugin] [ext: omni.timeline-1.1.0] Starting ext::IExt in '/isaac-sim/extscache/omni.timeline-1.1.0+f9bf0dda.la64.r.cp312/bin/libomni.timeline.plugin.so'
2026-09-10T13:53:19Z [10,671ms] [Info] [omni.ext._impl._internal] Searching for classes derived from 'omni.ext.IExt' in 'omni.timeline' ('/isaac-sim/extscache/omni.timeline-1.1.0+f9bf0dda.la64.r.cp312')
2026-09-10T13:53:19Z [10,671ms] [Info] [omni.ext.plugin] [ext: omni.timeline-1.1.0] started, startup time: 1 (ms)
2026-09-10T13:53:19Z [10,671ms] [Info] [omni.ext.plugin] About to startup: [ext: omni.usd-1.16.0] (order: 0) Triggered by: omni.usd.metrics.assembler.ui-110.1.1, isaacsim.simulation_app-2.18.4, omni.kit.usd.layers-2.6.1, isaacsim.core.experimental.utils-0.17.2, omni.physics.stageupdate-110.1.13, isaacsim.core.deprecation_manager-0.4.2, omni.kit.stage_templates-2.0.2, omni.kit.stage_template.core-1.1.22, omni.kit.primitive.mesh-1.1.0 (path: /isaac-sim/extscache/omni.usd-1.16.0+f9bf0dda.la64.r.cp312)
2026-09-10T13:53:19Z [10,671ms] [Info] [omni.kit.app.plugin] [10.702s] [ext: omni.usd-1.16.0] startup
2026-09-10T13:53:19Z [10,671ms] [Info] [carb] Registered plugin: omni.stageupdate.plugin (interfaces: [omni::kit::IStageUpdate v1.0]) (impl: omni.stageupdate.plugin)
2026-09-10T13:53:19Z [10,672ms] [Info] [carb] Registered plugin: omni.usd.cppcommands (interfaces: [omni::ext::IExt v0.1]) (impl: omni.usd.cppcommands)
2026-09-10T13:53:19Z [10,672ms] [Info] [carb] Initializing plugin: omni.usd.cppcommands (interfaces: [omni::ext::IExt v0.1]) (impl: omni.usd.cppcommands)
2026-09-10T13:53:19Z [10,672ms] [Info] [omni.ext.plugin] [ext: omni.usd-1.16.0] Starting ext::IExt in '/isaac-sim/extscache/omni.usd-1.16.0+f9bf0dda.la64.r.cp312/bin/libomni.usd.cppcommands.plugin.so'
2026-09-10T13:53:19Z [10,707ms] [Info] [omni.ext._impl._internal] Searching for classes derived from 'omni.ext.IExt' in 'omni.usd' ('/isaac-sim/extscache/omni.usd-1.16.0+f9bf0dda.la64.r.cp312')
2026-09-10T13:53:19Z [10,707ms] [Info] [omni.ext._impl._internal] Found class `UsdExtension` derived from `omni.ext.IExt` in module: 'omni.usd' in '/isaac-sim/extscache/omni.usd-1.16.0+f9bf0dda.la64.r.cp312'. Calling `on_startup`.
2026-09-10T13:53:19Z [10,707ms] [Info] [carb] Initializing plugin: omni.stageupdate.plugin (interfaces: [omni::kit::IStageUpdate v1.0]) (impl: omni.stageupdate.plugin)
2026-09-10T13:53:19Z [10,707ms] [Info] [omni.graph.exec.unstable.passRegistry] IPassRegistry::registerPass: registered PopulatePass as pass id 2
2026-09-10T13:53:19Z [10,708ms] [Info] [carb] Plugin omni.usd is already a dependency of omni.kit.app.plugin; not changing unload order
2026-09-10T13:53:19Z [10,711ms] [Info] [omni.ext._impl._internal] Searching for classes derived from 'omni.ext.IExt' in 'omni.usd.audio' ('/isaac-sim/extscache/omni.usd-1.16.0+f9bf0dda.la64.r.cp312')
2026-09-10T13:53:19Z [10,737ms] [Info] [omni.ext._impl._internal] Searching for classes derived from 'omni.ext.IExt' in 'omni.usd.commands' ('/isaac-sim/extscache/omni.usd-1.16.0+f9bf0dda.la64.r.cp312')
2026-09-10T13:53:19Z [10,737ms] [Info] [omni.ext._impl._internal] Searching for classes derived from 'omni.ext.IExt' in 'omni.usd.editor' ('/isaac-sim/extscache/omni.usd-1.16.0+f9bf0dda.la64.r.cp312')
2026-09-10T13:53:19Z [10,738ms] [Info] [omni.ext._impl._internal] Searching for classes derived from 'omni.ext.IExt' in 'omni.stageupdate' ('/isaac-sim/extscache/omni.usd-1.16.0+f9bf0dda.la64.r.cp312')
2026-09-10T13:53:19Z [10,738ms] [Info] [omni.ext._impl._internal] Searching for classes derived from 'omni.ext.IExt' in 'usd.schema.kit' ('/isaac-sim/extscache/omni.usd-1.16.0+f9bf0dda.la64.r.cp312')
2026-09-10T13:53:19Z [10,738ms] [Info] [omni.ext.plugin] [ext: omni.usd-1.16.0] started, startup time: 67 (ms)
2026-09-10T13:53:19Z [10,738ms] [Info] [omni.ext.plugin] About to startup: [ext: isaacsim.core.deprecation_manager-0.4.2] (order: 0) Triggered by: isaacsim.core.version-2.1.1, isaacsim.core.experimental.utils-0.17.2 (path: /isaac-sim/exts/isaacsim.core.deprecation_manager)
2026-09-10T13:53:19Z [10,738ms] [Info] [omni.kit.app.plugin] [10.769s] [ext: isaacsim.core.deprecation_manager-0.4.2] startup
2026-09-10T13:53:19Z [10,739ms] [Info] [omni.ext._impl._internal] Searching for classes derived from 'omni.ext.IExt' in 'isaacsim.core.deprecation_manager' ('/isaac-sim/exts/isaacsim.core.deprecation_manager')
2026-09-10T13:53:19Z [10,739ms] [Info] [omni.ext._impl._internal] Found class `Extension` derived from `omni.ext.IExt` in module: 'isaacsim.core.deprecation_manager' in '/isaac-sim/exts/isaacsim.core.deprecation_manager'. Calling `on_startup`.
2026-09-10T13:53:19Z [10,740ms] [Info] [omni.ext.plugin] [ext: isaacsim.core.deprecation_manager-0.4.2] started, startup time: 1 (ms)
2026-09-10T13:53:19Z [10,740ms] [Info] [omni.ext.plugin] About to startup: [ext: omni.kit.usd.layers-2.6.1] (order: 0) Triggered by: omni.usd.metrics.assembler.ui-110.1.1, omni.kit.primitive.mesh-1.1.0 (path: /isaac-sim/extscache/omni.kit.usd.layers-2.6.1+f9bf0dda.la64.r.cp312)
2026-09-10T13:53:19Z [10,740ms] [Info] [omni.kit.app.plugin] [10.771s] [ext: omni.kit.usd.layers-2.6.1] startup
2026-09-10T13:53:19Z [10,740ms] [Info] [carb] Registered plugin: omni.kit.usd.layers.plugin (interfaces: [omni::kit::usd::layers::ILayers v1.1],[omni::kit::usd::layers::ILayersState v1.1],[omni::kit::usd::layers::IWorkflowAutoAuthoring v1.0],[omni::kit::usd::layers::IWorkflowLiveSyncing v2.2],[omni::kit::usd::layers::IWorkflowSpecsLinking v1.0],[omni::kit::usd::layers::IWorkflowSpecsLocking v1.0]) (impl: omni.kit.usd.layers.plugin)
2026-09-10T13:53:19Z [10,757ms] [Info] [omni.ext._impl._internal] Searching for classes derived from 'omni.ext.IExt' in 'omni.kit.usd.layers' ('/isaac-sim/extscache/omni.kit.usd.layers-2.6.1+f9bf0dda.la64.r.cp312')
2026-09-10T13:53:19Z [10,757ms] [Info] [omni.ext.plugin] [ext: omni.kit.usd.layers-2.6.1] started, startup time: 17 (ms)
2026-09-10T13:53:19Z [10,757ms] [Info] [omni.ext.plugin] About to startup: [ext: omni.kit.primitive.mesh-1.1.0] (order: 0) Triggered by: omni.kit.stage_templates-2.0.2 (path: /isaac-sim/extscache/omni.kit.primitive.mesh-1.1.0+f9bf0dda)
2026-09-10T13:53:19Z [10,757ms] [Info] [omni.kit.app.plugin] [10.789s] [ext: omni.kit.primitive.mesh-1.1.0] startup
2026-09-10T13:53:19Z [10,765ms] [Info] [omni.ext._impl._internal] Searching for classes derived from 'omni.ext.IExt' in 'omni.kit.primitive.mesh' ('/isaac-sim/extscache/omni.kit.primitive.mesh-1.1.0+f9bf0dda')
2026-09-10T13:53:19Z [10,765ms] [Info] [omni.ext._impl._internal] Found class `PrimitiveMeshExtension` derived from `omni.ext.IExt` in module: 'omni.kit.primitive.mesh' in '/isaac-sim/extscache/omni.kit.primitive.mesh-1.1.0+f9bf0dda'. Calling `on_startup`.
2026-09-10T13:53:19Z [10,766ms] [Info] [omni.ext.plugin] [ext: omni.kit.primitive.mesh-1.1.0] started, startup time: 8 (ms)
2026-09-10T13:53:19Z [10,766ms] [Info] [omni.ext.plugin] About to startup: [ext: omni.kit.stage_template.core-1.1.22] (order: 0) Triggered by: omni.kit.stage_templates-2.0.2 (path: /isaac-sim/extscache/omni.kit.stage_template.core-1.1.22+f9bf0dda)
2026-09-10T13:53:19Z [10,766ms] [Info] [omni.kit.app.plugin] [10.797s] [ext: omni.kit.stage_template.core-1.1.22] startup
2026-09-10T13:53:19Z [10,767ms] [Info] [omni.ext._impl._internal] Searching for classes derived from 'omni.ext.IExt' in 'omni.kit.stage_template.core' ('/isaac-sim/extscache/omni.kit.stage_template.core-1.1.22+f9bf0dda')
2026-09-10T13:53:19Z [10,767ms] [Info] [omni.ext._impl._internal] Found class `CoreStageExtension` derived from `omni.ext.IExt` in module: 'omni.kit.stage_template.core' in '/isaac-sim/extscache/omni.kit.stage_template.core-1.1.22+f9bf0dda'. Calling `on_startup`.
2026-09-10T13:53:19Z [10,767ms] [Info] [omni.ext.plugin] [ext: omni.kit.stage_template.core-1.1.22] started, startup time: 1 (ms)
2026-09-10T13:53:19Z [10,767ms] [Info] [omni.ext.plugin] About to startup: [ext: omni.kit.stage_templates-2.0.2] (order: 0) Triggered by: isaacsim.core.experimental.utils-0.17.2 (path: /isaac-sim/extscache/omni.kit.stage_templates-2.0.2+f9bf0dda)
2026-09-10T13:53:19Z [10,767ms] [Info] [omni.kit.app.plugin] [10.798s] [ext: omni.kit.stage_templates-2.0.2] startup
2026-09-10T13:53:19Z [10,768ms] [Info] [omni.ext._impl._internal] Searching for classes derived from 'omni.ext.IExt' in 'omni.kit.stage_templates' ('/isaac-sim/extscache/omni.kit.stage_templates-2.0.2+f9bf0dda')
2026-09-10T13:53:19Z [10,768ms] [Info] [omni.ext._impl._internal] Found class `NewStageExtension` derived from `omni.ext.IExt` in module: 'omni.kit.stage_templates' in '/isaac-sim/extscache/omni.kit.stage_templates-2.0.2+f9bf0dda'. Calling `on_startup`.
2026-09-10T13:53:19Z [10,770ms] [Info] [omni.ext.plugin] [ext: omni.kit.stage_templates-2.0.2] started, startup time: 2 (ms)
2026-09-10T13:53:19Z [10,770ms] [Info] [omni.ext.plugin] About to startup: [ext: omni.usd.metrics.assembler-110.1.2] (order: 0) Triggered by: omni.usd.metrics.assembler.ui-110.1.1, isaacsim.core.experimental.utils-0.17.2 (path: /isaac-sim/extscache/omni.usd.metrics.assembler-110.1.2+110.1.0.la64.r.cp312.u7f4)
2026-09-10T13:53:19Z [10,770ms] [Info] [omni.kit.app.plugin] [10.801s] [ext: omni.usd.metrics.assembler-110.1.2] startup
2026-09-10T13:53:19Z [10,770ms] [Info] [carb] Registered plugin: omni.usd.metrics.assembler.plugin (interfaces: [omni::usd::IMetricsAssembler v1.0]) (impl: omni.usd.metrics.assembler.plugin)
2026-09-10T13:53:19Z [10,771ms] [Info] [omni.ext._impl._internal] Searching for classes derived from 'omni.ext.IExt' in 'omni.metrics.assembler.core' ('/isaac-sim/extscache/omni.usd.metrics.assembler-110.1.2+110.1.0.la64.r.cp312.u7f4')
2026-09-10T13:53:19Z [10,771ms] [Info] [omni.ext._impl._internal] Found class `OmniUsdMetricsAssembler` derived from `omni.ext.IExt` in module: 'omni.metrics.assembler.core' in '/isaac-sim/extscache/omni.usd.metrics.assembler-110.1.2+110.1.0.la64.r.cp312.u7f4'. Calling `on_startup`.
2026-09-10T13:53:19Z [10,771ms] [Info] [carb] Initializing plugin: omni.usd.metrics.assembler.plugin (interfaces: [omni::usd::IMetricsAssembler v1.0]) (impl: omni.usd.metrics.assembler.plugin)
2026-09-10T13:53:19Z [10,771ms] [Info] [omni.ext.plugin] [ext: omni.usd.metrics.assembler-110.1.2] started, startup time: 1 (ms)
2026-09-10T13:53:19Z [10,771ms] [Info] [omni.ext.plugin] About to startup: [ext: isaacsim.core.experimental.utils-0.17.2] (order: 0) Triggered by: isaacsim.core.simulation_manager-1.15.6 (path: /isaac-sim/exts/isaacsim.core.experimental.utils)
2026-09-10T13:53:19Z [10,771ms] [Info] [omni.kit.app.plugin] [10.803s] [ext: isaacsim.core.experimental.utils-0.17.2] startup
2026-09-10T13:53:19Z [10,772ms] [Info] [omni.ext._impl._internal] Searching for classes derived from 'omni.ext.IExt' in 'isaacsim.core.experimental.utils' ('/isaac-sim/exts/isaacsim.core.experimental.utils')
2026-09-10T13:53:19Z [10,772ms] [Info] [omni.ext._impl._internal] Searching for classes derived from 'omni.ext.IExt' in 'isaacsim.core.experimental.utils.tests' ('/isaac-sim/exts/isaacsim.core.experimental.utils')
2026-09-10T13:53:19Z [10,772ms] [Info] [omni.ext.plugin] [ext: isaacsim.core.experimental.utils-0.17.2] started, startup time: 0 (ms)
2026-09-10T13:53:19Z [10,772ms] [Info] [omni.ext.plugin] About to startup: [ext: omni.convexdecomposition-110.1.13] (order: 0) Triggered by: omni.physx.cooking-110.1.13 (path: /isaac-sim/extscache/omni.convexdecomposition-110.1.13+110.1.2.la64.r.cp312.u7f4)
2026-09-10T13:53:19Z [10,772ms] [Info] [omni.kit.app.plugin] [10.803s] [ext: omni.convexdecomposition-110.1.13] startup
2026-09-10T13:53:19Z [10,772ms] [Info] [carb] Registered plugin: omni.convexdecomposition.plugin (interfaces: [omni::convexdecomposition::ConvexDecomposition v2.0]) (impl: omni.convexdecomposition.plugin)
2026-09-10T13:53:19Z [10,773ms] [Info] [omni.ext._impl._internal] Searching for classes derived from 'omni.ext.IExt' in 'omni.convexdecomposition' ('/isaac-sim/extscache/omni.convexdecomposition-110.1.13+110.1.2.la64.r.cp312.u7f4')
2026-09-10T13:53:19Z [10,773ms] [Info] [omni.ext._impl._internal] Found class `ConvexDecompositionExtension` derived from `omni.ext.IExt` in module: 'omni.convexdecomposition' in '/isaac-sim/extscache/omni.convexdecomposition-110.1.13+110.1.2.la64.r.cp312.u7f4'. Calling `on_startup`.
2026-09-10T13:53:19Z [10,773ms] [Info] [carb] Initializing plugin: omni.convexdecomposition.plugin (interfaces: [omni::convexdecomposition::ConvexDecomposition v2.0]) (impl: omni.convexdecomposition.plugin)
2026-09-10T13:53:19Z [10,773ms] [Info] [omni.ext.plugin] [ext: omni.convexdecomposition-110.1.13] started, startup time: 1 (ms)
2026-09-10T13:53:19Z [10,773ms] [Info] [omni.ext.plugin] About to startup: [ext: omni.physics-110.1.13] (order: 0) Triggered by: isaacsim.core.simulation_manager-1.15.6, omni.physics.physx-110.1.13, omni.physics.stageupdate-110.1.13 (path: /isaac-sim/extscache/omni.physics-110.1.13+110.1.2.la64.r.cp312.u7f4)
2026-09-10T13:53:19Z [10,773ms] [Info] [omni.kit.app.plugin] [10.804s] [ext: omni.physics-110.1.13] startup
2026-09-10T13:53:19Z [10,773ms] [Info] [carb] Registered plugin: omni.physics.plugin (interfaces: [omni::physics::IPhysics v0.2],[omni::physics::IPhysicsBenchmarks v0.1],[omni::physics::IPhysicsInteraction v0.1],[omni::physics::IPhysicsSceneQuery v0.1],[omni::physics::IPhysicsSimulation v0.4],[omni::physics::IPhysicsStageUpdate v0.1]) (impl: omni.physics.plugin)
2026-09-10T13:53:19Z [10,775ms] [Info] [omni.ext._impl._internal] Searching for classes derived from 'omni.ext.IExt' in 'omni.physics.core' ('/isaac-sim/extscache/omni.physics-110.1.13+110.1.2.la64.r.cp312.u7f4')
2026-09-10T13:53:19Z [10,775ms] [Info] [omni.ext._impl._internal] Found class `PhysicsExtension` derived from `omni.ext.IExt` in module: 'omni.physics.core' in '/isaac-sim/extscache/omni.physics-110.1.13+110.1.2.la64.r.cp312.u7f4'. Calling `on_startup`.
2026-09-10T13:53:19Z [10,775ms] [Info] [omni.ext.plugin] [ext: omni.physics-110.1.13] started, startup time: 1 (ms)
2026-09-10T13:53:19Z [10,775ms] [Info] [omni.ext.plugin] About to startup: [ext: omni.physx.gpu-110.1.13] (order: 0) Triggered by: omni.physx.foundation-110.1.13 (path: /isaac-sim/extscache/omni.physx.gpu-110.1.13+110.1.2.la64.r.cp312.u7f4)
2026-09-10T13:53:19Z [10,775ms] [Info] [omni.kit.app.plugin] [10.806s] [ext: omni.physx.gpu-110.1.13] startup
2026-09-10T13:53:19Z [10,775ms] [Info] [carb] Registered plugin: omni.physx.gpu.plugin (interfaces: [omni::physx::IPhysxGpu v1.0]) (impl: omni.physx.gpu.plugin)
2026-09-10T13:53:19Z [10,775ms] [Info] [omni.ext.plugin] [ext: omni.physx.gpu-110.1.13] started, startup time: 0 (ms)
2026-09-10T13:53:19Z [10,775ms] [Info] [omni.ext.plugin] About to startup: [ext: omni.physx.foundation-110.1.13] (order: 0) Triggered by: omni.physx-110.1.13, omni.physx.cooking-110.1.13 (path: /isaac-sim/extscache/omni.physx.foundation-110.1.13+110.1.2.la64.r.cp312.u7f4)
2026-09-10T13:53:19Z [10,775ms] [Info] [omni.kit.app.plugin] [10.806s] [ext: omni.physx.foundation-110.1.13] startup
2026-09-10T13:53:19Z [10,775ms] [Info] [carb] Registered plugin: omni.physx.foundation.plugin (interfaces: [omni::physx::IOptionalCuda v0.1],[omni::physx::IPhysxFoundation v0.3]) (impl: omni.physx.foundation.plugin)
2026-09-10T13:53:19Z [10,776ms] [Info] [omni.ext._impl._internal] Searching for classes derived from 'omni.ext.IExt' in 'omni.physxfoundation' ('/isaac-sim/extscache/omni.physx.foundation-110.1.13+110.1.2.la64.r.cp312.u7f4')
2026-09-10T13:53:19Z [10,776ms] [Info] [omni.ext._impl._internal] Found class `PhysxFoundationExtension` derived from `omni.ext.IExt` in module: 'omni.physxfoundation' in '/isaac-sim/extscache/omni.physx.foundation-110.1.13+110.1.2.la64.r.cp312.u7f4'. Calling `on_startup`.
2026-09-10T13:53:19Z [10,776ms] [Info] [carb] Initializing plugin: omni.physx.foundation.plugin (interfaces: [omni::physx::IOptionalCuda v0.1],[omni::physx::IPhysxFoundation v0.3]) (impl: omni.physx.foundation.plugin)
2026-09-10T13:53:19Z [10,898ms] [Info] [omni.physx.foundation.plugin] IOptionalCuda: CUDA available (1 device, 124610 MiB device memory).
2026-09-10T13:53:19Z [10,898ms] [Info] [omni.physx.foundation.plugin] PhysXFoundation: 1 CUDA device(s) available, selecting device 0 (only integrated GPUs present).
2026-09-10T13:53:19Z [10,898ms] [Info] [omni.physx.foundation.plugin] PhysXFoundation: CUDA device 0 found via Driver API.
2026-09-10T13:53:19Z [10,898ms] [Info] [omni.physx.foundation.plugin] PhysXFoundation: cudaDeviceCheck result: GPU available (cached for process lifetime).
2026-09-10T13:53:19Z [10,898ms] [Info] [carb] Initializing plugin: omni.physx.gpu.plugin (interfaces: [omni::physx::IPhysxGpu v1.0]) (impl: omni.physx.gpu.plugin)
2026-09-10T13:53:19Z [10,898ms] [Info] [omni.ext.plugin] [ext: omni.physx.foundation-110.1.13] started, startup time: 123 (ms)
2026-09-10T13:53:19Z [10,898ms] [Info] [omni.ext.plugin] About to startup: [ext: omni.usdphysics-110.1.13] (order: 0) Triggered by: omni.physx-110.1.13, omni.physx.cooking-110.1.13 (path: /isaac-sim/extscache/omni.usdphysics-110.1.13+110.1.2.la64.r.cp312.u7f4)
2026-09-10T13:53:19Z [10,898ms] [Info] [omni.kit.app.plugin] [10.929s] [ext: omni.usdphysics-110.1.13] startup
2026-09-10T13:53:19Z [10,899ms] [Info] [carb] Registered plugin: omni.physicsschema.plugin (interfaces: [omni::physics::schema::IUsdPhysics v1.1],[omni::physics::usdparser::IUsdPhysicsParse v1.0]) (impl: omni.physicsschema.plugin)
2026-09-10T13:53:19Z [10,899ms] [Info] [omni.ext._impl._internal] Searching for classes derived from 'omni.ext.IExt' in 'omni.usdphysics' ('/isaac-sim/extscache/omni.usdphysics-110.1.13+110.1.2.la64.r.cp312.u7f4')
2026-09-10T13:53:19Z [10,899ms] [Info] [omni.ext._impl._internal] Found class `PhysicsSchemaExtension` derived from `omni.ext.IExt` in module: 'omni.usdphysics' in '/isaac-sim/extscache/omni.usdphysics-110.1.13+110.1.2.la64.r.cp312.u7f4'. Calling `on_startup`.
2026-09-10T13:53:19Z [10,899ms] [Info] [omni.ext._impl._internal] Searching for classes derived from 'omni.ext.IExt' in 'omni.usdphysics.scripts' ('/isaac-sim/extscache/omni.usdphysics-110.1.13+110.1.2.la64.r.cp312.u7f4')
2026-09-10T13:53:19Z [10,899ms] [Info] [omni.ext.plugin] [ext: omni.usdphysics-110.1.13] started, startup time: 1 (ms)
2026-09-10T13:53:19Z [10,899ms] [Info] [omni.ext.plugin] About to startup: [ext: omni.physx.cooking-110.1.13] (order: 0) Triggered by: omni.physx-110.1.13 (path: /isaac-sim/extscache/omni.physx.cooking-110.1.13+110.1.2.la64.r.cp312.u7f4)
2026-09-10T13:53:19Z [10,899ms] [Info] [omni.kit.app.plugin] [10.930s] [ext: omni.physx.cooking-110.1.13] startup
2026-09-10T13:53:19Z [10,900ms] [Info] [carb] Registered plugin: omni.physx.cooking.plugin (interfaces: [omni::physx::IPhysxCookingService v2.1],[omni::physx::IPhysxCookingServicePrivate v15.0]) (impl: omni.physx.cooking.plugin)
2026-09-10T13:53:19Z [10,900ms] [Info] [omni.ext._impl._internal] Searching for classes derived from 'omni.ext.IExt' in 'omni.physxcooking' ('/isaac-sim/extscache/omni.physx.cooking-110.1.13+110.1.2.la64.r.cp312.u7f4')
2026-09-10T13:53:19Z [10,901ms] [Info] [omni.ext._impl._internal] Found class `PhysxExtension` derived from `omni.ext.IExt` in module: 'omni.physxcooking' in '/isaac-sim/extscache/omni.physx.cooking-110.1.13+110.1.2.la64.r.cp312.u7f4'. Calling `on_startup`.
2026-09-10T13:53:19Z [10,901ms] [Info] [carb] Initializing plugin: omni.physx.cooking.plugin (interfaces: [omni::physx::IPhysxCookingService v2.1],[omni::physx::IPhysxCookingServicePrivate v15.0]) (impl: omni.physx.cooking.plugin)
2026-09-10T13:53:19Z [10,901ms] [Info] [omni.ext.plugin] [ext: omni.physx.cooking-110.1.13] started, startup time: 1 (ms)
2026-09-10T13:53:19Z [10,901ms] [Info] [omni.ext.plugin] About to startup: [ext: omni.physx-110.1.13] (order: 0) Triggered by: isaaclab.python.headless-3.0.0, omni.physx.tensors-110.1.13, omni.physx.fabric-110.1.13, omni.physics.physx-110.1.13 (path: /isaac-sim/extscache/omni.physx-110.1.13+110.1.2.la64.r.cp312.u7f4)
2026-09-10T13:53:19Z [10,901ms] [Info] [omni.kit.app.plugin] [10.932s] [ext: omni.physx-110.1.13] startup
2026-09-10T13:53:19Z [10,901ms] [Info] [omni.ext.plugin] Loaded the dynamic library from /isaac-sim/extscache/omni.physx-110.1.13+110.1.2.la64.r.cp312.u7f4/bin/libPVDRuntime_64.so
2026-09-10T13:53:19Z [10,901ms] [Info] [carb] Registered plugin: omni.physx.plugin (interfaces: [omni::physx::IPhysx v5.0],[omni::physx::IPhysxAttachmentPrivate v1.0],[omni::physx::IPhysxBenchmarks v1.0],[omni::physx::IPhysxCooking v4.0],[omni::physx::IPhysxCookingPrivate v2.0],[omni::physx::IPhysxCustomGeometry v1.0],[omni::physx::IPhysxCustomJoint v1.0],[omni::physx::IPhysxJoint v1.0],[omni::physx::IPhysxParticlesPrivate v0.1],[omni::physx::IPhysxPrivate v2.0],[omni::physx::IPhysxPropertyQuery v1.0],[omni::physx::IPhysxReplicator v2.0],[omni::physx::IPhysxSceneQuery v1.0],[omni::physx::IPhysxSimulation v5.0],[omni::physx::IPhysxStageUpdate v0.1],[omni::physx::IPhysxStatistics v3.0],[omni::physx::IPhysxUnitTests v3.0],[omni::physx::IPhysxVisualization v2.1],[omni::physx::usdparser::IPhysxUsdLoad v1.1]) (impl: omni.physx.plugin)
2026-09-10T13:53:19Z [10,913ms] [Info] [omni.ext._impl._internal] Searching for classes derived from 'omni.ext.IExt' in 'omni.physx' ('/isaac-sim/extscache/omni.physx-110.1.13+110.1.2.la64.r.cp312.u7f4')
2026-09-10T13:53:19Z [10,913ms] [Info] [omni.ext._impl._internal] Found class `PhysxExtension` derived from `omni.ext.IExt` in module: 'omni.physx' in '/isaac-sim/extscache/omni.physx-110.1.13+110.1.2.la64.r.cp312.u7f4'. Calling `on_startup`.
2026-09-10T13:53:19Z [10,913ms] [Info] [carb] Initializing plugin: omni.physx.plugin (interfaces: [omni::physx::IPhysx v5.0],[omni::physx::IPhysxAttachmentPrivate v1.0],[omni::physx::IPhysxBenchmarks v1.0],[omni::physx::IPhysxCooking v4.0],[omni::physx::IPhysxCookingPrivate v2.0],[omni::physx::IPhysxCustomGeometry v1.0],[omni::physx::IPhysxCustomJoint v1.0],[omni::physx::IPhysxJoint v1.0],[omni::physx::IPhysxParticlesPrivate v0.1],[omni::physx::IPhysxPrivate v2.0],[omni::physx::IPhysxPropertyQuery v1.0],[omni::physx::IPhysxReplicator v2.0],[omni::physx::IPhysxSceneQuery v1.0],[omni::physx::IPhysxSimulation v5.0],[omni::physx::IPhysxStageUpdate v0.1],[omni::physx::IPhysxStatistics v3.0],[omni::physx::IPhysxUnitTests v3.0],[omni::physx::IPhysxVisualization v2.1],[omni::physx::usdparser::IPhysxUsdLoad v1.1]) (impl: omni.physx.plugin)
2026-09-10T13:53:19Z [10,914ms] [Info] [carb] Initializing plugin: omni.physicsschema.plugin (interfaces: [omni::physics::schema::IUsdPhysics v1.1],[omni::physics::usdparser::IUsdPhysicsParse v1.0]) (impl: omni.physicsschema.plugin)
2026-09-10T13:53:19Z [10,914ms] [Info] [omni.physx.plugin] 
omni.physx handle on CUDA lib is 0xca249e77b810

2026-09-10T13:53:19Z [10,914ms] [Info] [omni.ext.plugin] [ext: omni.physx-110.1.13] started, startup time: 13 (ms)
2026-09-10T13:53:19Z [10,914ms] [Info] [omni.ext.plugin] About to startup: [ext: omni.physics.physx-110.1.13] (order: 0) Triggered by: isaacsim.core.simulation_manager-1.15.6 (path: /isaac-sim/extscache/omni.physics.physx-110.1.13+110.1.2.la64.r.cp312.u7f4)
2026-09-10T13:53:19Z [10,914ms] [Info] [omni.kit.app.plugin] [10.945s] [ext: omni.physics.physx-110.1.13] startup
2026-09-10T13:53:19Z [10,915ms] [Info] [carb] Registered plugin: omni.physics.physx.plugin (interfaces: [omni::ext::IExt v0.1]) (impl: omni.physics.physx.plugin)
2026-09-10T13:53:19Z [10,915ms] [Info] [carb] Initializing plugin: omni.physics.physx.plugin (interfaces: [omni::ext::IExt v0.1]) (impl: omni.physics.physx.plugin)
2026-09-10T13:53:19Z [10,915ms] [Info] [omni.ext.plugin] [ext: omni.physics.physx-110.1.13] Starting ext::IExt in '/isaac-sim/extscache/omni.physics.physx-110.1.13+110.1.2.la64.r.cp312.u7f4/bin/libomni.physics.physx.plugin.so'
2026-09-10T13:53:19Z [10,915ms] [Info] [carb] Initializing plugin: omni.physics.plugin (interfaces: [omni::physics::IPhysics v0.2],[omni::physics::IPhysicsBenchmarks v0.1],[omni::physics::IPhysicsInteraction v0.1],[omni::physics::IPhysicsSceneQuery v0.1],[omni::physics::IPhysicsSimulation v0.4],[omni::physics::IPhysicsStageUpdate v0.1]) (impl: omni.physics.plugin)
2026-09-10T13:53:19Z [10,915ms] [Info] [omni.ext._impl._internal] Searching for classes derived from 'omni.ext.IExt' in 'omni.physics.physx' ('/isaac-sim/extscache/omni.physics.physx-110.1.13+110.1.2.la64.r.cp312.u7f4')
2026-09-10T13:53:19Z [10,915ms] [Info] [omni.ext.plugin] [ext: omni.physics.physx-110.1.13] started, startup time: 1 (ms)
2026-09-10T13:53:19Z [10,915ms] [Info] [omni.ext.plugin] About to startup: [ext: omni.physics.stageupdate-110.1.13] (order: 0) Triggered by: isaacsim.core.simulation_manager-1.15.6 (path: /isaac-sim/extscache/omni.physics.stageupdate-110.1.13+110.1.2.la64.r.cp312.u7f4)
2026-09-10T13:53:19Z [10,915ms] [Info] [omni.kit.app.plugin] [10.947s] [ext: omni.physics.stageupdate-110.1.13] startup
2026-09-10T13:53:19Z [10,916ms] [Info] [carb] Registered plugin: omni.physics.stageupdate.plugin (interfaces: [omni::ext::IExt v0.1],[omni::physx::IPhysicsStageUpdateNode v0.1]) (impl: omni.physics.stageupdate.plugin)
2026-09-10T13:53:19Z [10,916ms] [Info] [carb] Initializing plugin: omni.physics.stageupdate.plugin (interfaces: [omni::ext::IExt v0.1],[omni::physx::IPhysicsStageUpdateNode v0.1]) (impl: omni.physics.stageupdate.plugin)
2026-09-10T13:53:19Z [10,916ms] [Info] [omni.ext.plugin] [ext: omni.physics.stageupdate-110.1.13] Starting ext::IExt in '/isaac-sim/extscache/omni.physics.stageupdate-110.1.13+110.1.2.la64.r.cp312.u7f4/bin/libomni.physics.stageupdate.plugin.so'
2026-09-10T13:53:19Z [10,917ms] [Info] [omni.ext._impl._internal] Searching for classes derived from 'omni.ext.IExt' in 'omni.physics.stageupdate' ('/isaac-sim/extscache/omni.physics.stageupdate-110.1.13+110.1.2.la64.r.cp312.u7f4')
2026-09-10T13:53:19Z [10,917ms] [Info] [omni.ext._impl._internal] Found class `OmniPhysXStageUpdateExtension` derived from `omni.ext.IExt` in module: 'omni.physics.stageupdate' in '/isaac-sim/extscache/omni.physics.stageupdate-110.1.13+110.1.2.la64.r.cp312.u7f4'. Calling `on_startup`.
2026-09-10T13:53:19Z [10,917ms] [Info] [omni.ext.plugin] [ext: omni.physics.stageupdate-110.1.13] started, startup time: 1 (ms)
2026-09-10T13:53:19Z [10,917ms] [Info] [omni.ext.plugin] About to startup: [ext: omni.physics.tensors-110.1.13] (order: 0) Triggered by: omni.physx.tensors-110.1.13 (path: /isaac-sim/extscache/omni.physics.tensors-110.1.13+110.1.2.la64.r.cp312.u7f4)
2026-09-10T13:53:19Z [10,917ms] [Info] [omni.kit.app.plugin] [10.948s] [ext: omni.physics.tensors-110.1.13] startup
2026-09-10T13:53:19Z [10,917ms] [Info] [carb] Registered plugin: omni.physics.tensors.plugin (interfaces: [omni::physics::tensors::BackendRegistry v0.1],[omni::physics::tensors::TensorApi v0.1]) (impl: omni.physics.tensors.plugin)
2026-09-10T13:53:19Z [10,927ms] [Info] [omni.ext._impl._internal] Searching for classes derived from 'omni.ext.IExt' in 'omni.physics.tensors' ('/isaac-sim/extscache/omni.physics.tensors-110.1.13+110.1.2.la64.r.cp312.u7f4')
2026-09-10T13:53:19Z [10,927ms] [Info] [omni.ext._impl._internal] Found class `Extension` derived from `omni.ext.IExt` in module: 'omni.physics.tensors' in '/isaac-sim/extscache/omni.physics.tensors-110.1.13+110.1.2.la64.r.cp312.u7f4'. Calling `on_startup`.
2026-09-10T13:53:19Z [10,927ms] [Info] [omni.ext.plugin] [ext: omni.physics.tensors-110.1.13] started, startup time: 9 (ms)
2026-09-10T13:53:19Z [10,927ms] [Info] [omni.ext.plugin] About to startup: [ext: omni.physx.tensors-110.1.13] (order: 0) Triggered by: isaaclab.python.headless-3.0.0, isaacsim.core.simulation_manager-1.15.6 (path: /isaac-sim/extscache/omni.physx.tensors-110.1.13+110.1.2.la64.r.cp312.u7f4)
2026-09-10T13:53:19Z [10,927ms] [Info] [omni.kit.app.plugin] [10.958s] [ext: omni.physx.tensors-110.1.13] startup
2026-09-10T13:53:19Z [10,927ms] [Info] [carb] Registered plugin: omni.physx.tensors.plugin (interfaces: [omni::ext::IExt v0.1]) (impl: omni.physx.tensors.plugin)
2026-09-10T13:53:19Z [10,927ms] [Info] [carb] Initializing plugin: omni.physx.tensors.plugin (interfaces: [omni::ext::IExt v0.1]) (impl: omni.physx.tensors.plugin)
2026-09-10T13:53:20Z [11,107ms] [Info] [omni.physx.tensors.plugin] omni.physx.tensors tensorsInit() starting...
2026-09-10T13:53:20Z [11,107ms] [Info] [carb] Initializing plugin: omni.physics.tensors.plugin (interfaces: [omni::physics::tensors::BackendRegistry v0.1],[omni::physics::tensors::TensorApi v0.1]) (impl: omni.physics.tensors.plugin)
2026-09-10T13:53:20Z [11,107ms] [Info] [omni.physx.tensors.plugin] Registered simulation backend 'physx'

2026-09-10T13:53:20Z [11,107ms] [Info] [omni.ext.plugin] [ext: omni.physx.tensors-110.1.13] Starting ext::IExt in '/isaac-sim/extscache/omni.physx.tensors-110.1.13+110.1.2.la64.r.cp312.u7f4/bin/libomni.physx.tensors.plugin.so'
2026-09-10T13:53:20Z [11,108ms] [Info] [omni.ext.plugin] [ext: omni.physx.tensors-110.1.13] started, startup time: 180 (ms)
2026-09-10T13:53:20Z [11,108ms] [Info] [omni.ext.plugin] About to startup: [ext: omni.usdex.libs-2.2.2] (order: 0) Triggered by: isaacsim.core.simulation_manager-1.15.6 (path: /isaac-sim/extscache/omni.usdex.libs-2.2.2+110.0.0.la64.r.cp312.u7f4)
2026-09-10T13:53:20Z [11,108ms] [Info] [omni.kit.app.plugin] [11.139s] [ext: omni.usdex.libs-2.2.2] startup
2026-09-10T13:53:20Z [11,108ms] [Info] [omni.ext.plugin] Loaded the dynamic library from /isaac-sim/extscache/omni.usdex.libs-2.2.2+110.0.0.la64.r.cp312.u7f4/bin/libusdex_core.so
2026-09-10T13:53:20Z [11,109ms] [Info] [omni.ext.plugin] Loaded the dynamic library from /isaac-sim/extscache/omni.usdex.libs-2.2.2+110.0.0.la64.r.cp312.u7f4/bin/libusdex_rtx.so
2026-09-10T13:53:20Z [11,109ms] [Info] [omni.ext._impl._internal] Searching for classes derived from 'omni.ext.IExt' in 'omni.usdex.libs' ('/isaac-sim/extscache/omni.usdex.libs-2.2.2+110.0.0.la64.r.cp312.u7f4/python')
2026-09-10T13:53:20Z [11,113ms] [Info] [omni.ext._impl._internal] Searching for classes derived from 'omni.ext.IExt' in 'usdex.core' ('/isaac-sim/extscache/omni.usdex.libs-2.2.2+110.0.0.la64.r.cp312.u7f4/python')
2026-09-10T13:53:20Z [11,114ms] [Info] [omni.ext._impl._internal] Searching for classes derived from 'omni.ext.IExt' in 'usdex.rtx' ('/isaac-sim/extscache/omni.usdex.libs-2.2.2+110.0.0.la64.r.cp312.u7f4/python')
2026-09-10T13:53:20Z [11,114ms] [Info] [omni.ext.plugin] [ext: omni.usdex.libs-2.2.2] started, startup time: 6 (ms)
2026-09-10T13:53:20Z [11,114ms] [Info] [omni.ext.plugin] About to startup: [ext: isaacsim.core.simulation_manager-1.15.6] (order: 0) Triggered by: isaaclab.python.headless-3.0.0 (path: /isaac-sim/exts/isaacsim.core.simulation_manager)
2026-09-10T13:53:20Z [11,114ms] [Info] [omni.kit.app.plugin] [11.145s] [ext: isaacsim.core.simulation_manager-1.15.6] startup
2026-09-10T13:53:20Z [11,114ms] [Info] [carb] Registered plugin: isaacsim.core.simulation_manager.plugin (interfaces: [isaacsim::core::simulation_manager::ISimulationManager v2.0],[omni::ext::IExt v0.1]) (impl: isaacsim.core.simulation_manager.plugin)
2026-09-10T13:53:20Z [11,114ms] [Info] [carb] Initializing plugin: isaacsim.core.simulation_manager.plugin (interfaces: [isaacsim::core::simulation_manager::ISimulationManager v2.0],[omni::ext::IExt v0.1]) (impl: isaacsim.core.simulation_manager.plugin)
2026-09-10T13:53:20Z [11,114ms] [Info] [omni.ext.plugin] [ext: isaacsim.core.simulation_manager-1.15.6] Starting ext::IExt in '/isaac-sim/exts/isaacsim.core.simulation_manager/bin/libisaacsim.core.simulation_manager.plugin.so'
2026-09-10T13:53:20Z [11,268ms] [Info] [omni.ext._impl._internal] Searching for classes derived from 'omni.ext.IExt' in 'isaacsim.core.simulation_manager' ('/isaac-sim/exts/isaacsim.core.simulation_manager')
2026-09-10T13:53:20Z [11,268ms] [Info] [omni.ext._impl._internal] Found class `Extension` derived from `omni.ext.IExt` in module: 'isaacsim.core.simulation_manager' in '/isaac-sim/exts/isaacsim.core.simulation_manager'. Calling `on_startup`.
2026-09-10T13:53:20Z [11,268ms] [Info] [isaacsim.core.simulation_manager.plugin] USD stage is not available; stage-opened subscription is deferred
2026-09-10T13:53:20Z [11,268ms] [Info] [isaacsim.core.simulation_manager.plugin] USD stage is not available; stage-opened subscription is deferred
2026-09-10T13:53:20Z [11,268ms] [Info] [isaacsim.core.simulation_manager.impl.simulation_manager] Initialized physics engine: physx
2026-09-10T13:53:20Z [11,268ms] [Info] [omni.ext._impl._internal] Searching for classes derived from 'omni.ext.IExt' in 'isaacsim.core.simulation_manager.tests' ('/isaac-sim/exts/isaacsim.core.simulation_manager')
2026-09-10T13:53:20Z [11,268ms] [Info] [omni.ext.plugin] [ext: isaacsim.core.simulation_manager-1.15.6] started, startup time: 154 (ms)
2026-09-10T13:53:20Z [11,268ms] [Info] [omni.ext.plugin] About to startup: [ext: isaacsim.core.version-2.1.1] (order: 0) Triggered by: isaaclab.python.headless-3.0.0 (path: /isaac-sim/exts/isaacsim.core.version)
2026-09-10T13:53:20Z [11,268ms] [Info] [omni.kit.app.plugin] [11.300s] [ext: isaacsim.core.version-2.1.1] startup
2026-09-10T13:53:20Z [11,269ms] [Info] [omni.ext._impl._internal] Searching for classes derived from 'omni.ext.IExt' in 'isaacsim.core.version' ('/isaac-sim/exts/isaacsim.core.version')
2026-09-10T13:53:20Z [11,269ms] [Info] [omni.ext._impl._internal] Searching for classes derived from 'omni.ext.IExt' in 'isaacsim.core.version.tests' ('/isaac-sim/exts/isaacsim.core.version')
2026-09-10T13:53:20Z [11,269ms] [Info] [omni.ext.plugin] [ext: isaacsim.core.version-2.1.1] started, startup time: 0 (ms)
2026-09-10T13:53:20Z [11,269ms] [Info] [omni.ext.plugin] About to startup: [ext: isaacsim.simulation_app-2.18.4] (order: 0) Triggered by: isaaclab.python.headless-3.0.0 (path: /isaac-sim/exts/isaacsim.simulation_app)
2026-09-10T13:53:20Z [11,269ms] [Info] [omni.kit.app.plugin] [11.300s] [ext: isaacsim.simulation_app-2.18.4] startup
2026-09-10T13:53:20Z [11,269ms] [Info] [omni.ext._impl._internal] Searching for classes derived from 'omni.ext.IExt' in 'isaacsim.simulation_app' ('/isaac-sim/exts/isaacsim.simulation_app')
2026-09-10T13:53:20Z [11,269ms] [Info] [omni.ext.plugin] [ext: isaacsim.simulation_app-2.18.4] started, startup time: 0 (ms)
2026-09-10T13:53:20Z [11,269ms] [Info] [omni.ext.plugin] About to startup: [ext: omni.kit.loop-isaac-1.6.0] (order: 0) Triggered by: isaaclab.python.headless-3.0.0 (path: /isaac-sim/exts/omni.kit.loop-isaac)
2026-09-10T13:53:20Z [11,269ms] [Info] [omni.kit.app.plugin] [11.300s] [ext: omni.kit.loop-isaac-1.6.0] startup
2026-09-10T13:53:20Z [11,269ms] [Info] [carb] Registered plugin: omni.kit.loop-isaac.plugin (interfaces: [omni::ext::IExt v0.1],[omni::kit::IRunLoopRunnerImpl v1.3]) (impl: omni.kit.loop-isaac.plugin)
2026-09-10T13:53:20Z [11,269ms] [Info] [carb] Initializing plugin: omni.kit.loop-isaac.plugin (interfaces: [omni::ext::IExt v0.1],[omni::kit::IRunLoopRunnerImpl v1.3]) (impl: omni.kit.loop-isaac.plugin)
2026-09-10T13:53:20Z [11,269ms] [Info] [omni.ext.plugin] [ext: omni.kit.loop-isaac-1.6.0] Starting ext::IExt in '/isaac-sim/exts/omni.kit.loop-isaac/bin/libomni.kit.loop-isaac.plugin.so'
2026-09-10T13:53:20Z [11,269ms] [Info] [carb] Plugin omni.kit.loop-isaac.plugin is already a dependency of omni.kit.app.plugin; not changing unload order
2026-09-10T13:53:20Z [11,270ms] [Info] [omni.ext._impl._internal] Searching for classes derived from 'omni.ext.IExt' in 'omni.kit.loop' ('/isaac-sim/exts/omni.kit.loop-isaac')
2026-09-10T13:53:20Z [11,270ms] [Info] [omni.ext._impl._internal] Searching for classes derived from 'omni.ext.IExt' in 'omni.kit.loop.tests' ('/isaac-sim/exts/omni.kit.loop-isaac')
2026-09-10T13:53:20Z [11,270ms] [Info] [omni.ext.plugin] [ext: omni.kit.loop-isaac-1.6.0] started, startup time: 1 (ms)
2026-09-10T13:53:20Z [11,270ms] [Info] [omni.ext.plugin] About to startup: [ext: omni.physx.fabric-110.1.13] (order: 0) Triggered by: isaaclab.python.headless-3.0.0 (path: /isaac-sim/extscache/omni.physx.fabric-110.1.13+110.1.2.la64.r.cp312.u7f4)
2026-09-10T13:53:20Z [11,270ms] [Info] [omni.kit.app.plugin] [11.301s] [ext: omni.physx.fabric-110.1.13] startup
2026-09-10T13:53:20Z [11,271ms] [Info] [carb] Registered plugin: omni.physx.fabric.plugin (interfaces: [omni::physx::IPhysxFabric v2.0]) (impl: omni.physx.fabric.plugin)
2026-09-10T13:53:20Z [11,272ms] [Info] [omni.ext._impl._internal] Searching for classes derived from 'omni.ext.IExt' in 'omni.physxfabric' ('/isaac-sim/extscache/omni.physx.fabric-110.1.13+110.1.2.la64.r.cp312.u7f4')
2026-09-10T13:53:20Z [11,272ms] [Info] [omni.ext._impl._internal] Found class `PhysxFabricExtension` derived from `omni.ext.IExt` in module: 'omni.physxfabric' in '/isaac-sim/extscache/omni.physx.fabric-110.1.13+110.1.2.la64.r.cp312.u7f4'. Calling `on_startup`.
2026-09-10T13:53:20Z [11,272ms] [Info] [carb] Initializing plugin: omni.physx.fabric.plugin (interfaces: [omni::physx::IPhysxFabric v2.0]) (impl: omni.physx.fabric.plugin)
2026-09-10T13:53:20Z [11,273ms] [Info] [omni.ext.plugin] [ext: omni.physx.fabric-110.1.13] started, startup time: 2 (ms)
2026-09-10T13:53:20Z [11,273ms] [Info] [omni.ext.plugin] About to startup: [ext: omni.usd.metrics.assembler.ui-110.1.1] (order: 0) Triggered by: isaaclab.python.headless-3.0.0 (path: /isaac-sim/extscache/omni.usd.metrics.assembler.ui-110.1.1+110.1.0.cp312.u7f4)
2026-09-10T13:53:20Z [11,273ms] [Info] [omni.kit.app.plugin] [11.304s] [ext: omni.usd.metrics.assembler.ui-110.1.1] startup
2026-09-10T13:53:20Z [11,277ms] [Info] [omni.ext._impl._internal] Searching for classes derived from 'omni.ext.IExt' in 'omni.metrics.assembler.ui' ('/isaac-sim/extscache/omni.usd.metrics.assembler.ui-110.1.1+110.1.0.cp312.u7f4')
2026-09-10T13:53:20Z [11,277ms] [Info] [omni.ext._impl._internal] Found class `MetricsAssemblerUI` derived from `omni.ext.IExt` in module: 'omni.metrics.assembler.ui' in '/isaac-sim/extscache/omni.usd.metrics.assembler.ui-110.1.1+110.1.0.cp312.u7f4'. Calling `on_startup`.
2026-09-10T13:53:20Z [11,277ms] [Info] [omni.ext.plugin] [ext: omni.usd.metrics.assembler.ui-110.1.1] started, startup time: 4 (ms)
2026-09-10T13:53:20Z [11,277ms] [Info] [omni.ext.plugin] About to startup: [ext: isaaclab_assets-0.3.4] (order: 1000) Triggered by: isaaclab.python.headless-3.0.0, isaaclab_tasks-1.10.9, isaaclab_mimic-1.3.3, isaaclab_rl-0.5.5 (path: /workspace/isaaclab/source/isaaclab_assets)
2026-09-10T13:53:20Z [11,278ms] [Info] [omni.kit.app.plugin] [11.309s] [ext: isaaclab_assets-0.3.4] startup
2026-09-10T13:53:20Z [11,279ms] [Info] [omni.ext._impl._internal] Searching for classes derived from 'omni.ext.IExt' in 'isaaclab_assets' ('/workspace/isaaclab/source/isaaclab_assets')
2026-09-10T13:53:21Z [12,108ms] [Info] [omni.ext.plugin] [ext: isaaclab_assets-0.3.4] started, startup time: 830 (ms)
2026-09-10T13:53:21Z [12,108ms] [Info] [omni.ext.plugin] About to startup: [ext: isaaclab_tasks-1.10.9] (order: 1000) Triggered by: isaaclab.python.headless-3.0.0, isaaclab_mimic-1.3.3, isaaclab_rl-0.5.5 (path: /workspace/isaaclab/source/isaaclab_tasks)
2026-09-10T13:53:21Z [12,108ms] [Info] [omni.kit.app.plugin] [12.139s] [ext: isaaclab_tasks-1.10.9] startup
2026-09-10T13:53:21Z [12,146ms] [Info] [omni.ext._impl._internal] Searching for classes derived from 'omni.ext.IExt' in 'isaaclab_tasks' ('/workspace/isaaclab/source/isaaclab_tasks')
2026-09-10T13:53:21Z [12,146ms] [Info] [omni.ext.plugin] [ext: isaaclab_tasks-1.10.9] started, startup time: 37 (ms)
2026-09-10T13:53:21Z [12,146ms] [Info] [omni.ext.plugin] About to startup: [ext: isaaclab_mimic-1.3.3] (order: 1000) Triggered by: isaaclab.python.headless-3.0.0 (path: /workspace/isaaclab/source/isaaclab_mimic)
2026-09-10T13:53:21Z [12,146ms] [Info] [omni.kit.app.plugin] [12.177s] [ext: isaaclab_mimic-1.3.3] startup
2026-09-10T13:53:21Z [12,146ms] [Info] [omni.ext._impl._internal] Searching for classes derived from 'omni.ext.IExt' in 'isaaclab_mimic' ('/workspace/isaaclab/source/isaaclab_mimic')
2026-09-10T13:53:21Z [12,146ms] [Info] [omni.ext.plugin] [ext: isaaclab_mimic-1.3.3] started, startup time: 0 (ms)
2026-09-10T13:53:21Z [12,146ms] [Info] [omni.ext.plugin] About to startup: [ext: isaaclab_newton-0.13.6] (order: 1000) Triggered by: isaaclab.python.headless-3.0.0 (path: /workspace/isaaclab/source/isaaclab_newton)
2026-09-10T13:53:21Z [12,146ms] [Info] [omni.kit.app.plugin] [12.177s] [ext: isaaclab_newton-0.13.6] startup
2026-09-10T13:53:21Z [12,146ms] [Info] [omni.ext._impl._internal] Searching for classes derived from 'omni.ext.IExt' in 'isaaclab_newton' ('/workspace/isaaclab/source/isaaclab_newton')
2026-09-10T13:53:21Z [12,146ms] [Info] [omni.ext.plugin] [ext: isaaclab_newton-0.13.6] started, startup time: 0 (ms)
2026-09-10T13:53:21Z [12,146ms] [Info] [omni.ext.plugin] About to startup: [ext: isaaclab_physx-1.1.3] (order: 1000) Triggered by: isaaclab.python.headless-3.0.0 (path: /workspace/isaaclab/source/isaaclab_physx)
2026-09-10T13:53:21Z [12,146ms] [Info] [omni.kit.app.plugin] [12.177s] [ext: isaaclab_physx-1.1.3] startup
2026-09-10T13:53:21Z [12,146ms] [Info] [omni.ext._impl._internal] Searching for classes derived from 'omni.ext.IExt' in 'isaaclab_physx' ('/workspace/isaaclab/source/isaaclab_physx')
2026-09-10T13:53:21Z [12,146ms] [Info] [omni.ext.plugin] [ext: isaaclab_physx-1.1.3] started, startup time: 0 (ms)
2026-09-10T13:53:21Z [12,146ms] [Info] [omni.ext.plugin] About to startup: [ext: isaaclab_rl-0.5.5] (order: 1000) Triggered by: isaaclab.python.headless-3.0.0 (path: /workspace/isaaclab/source/isaaclab_rl)
2026-09-10T13:53:21Z [12,146ms] [Info] [omni.kit.app.plugin] [12.177s] [ext: isaaclab_rl-0.5.5] startup
2026-09-10T13:53:21Z [12,146ms] [Info] [omni.ext._impl._internal] Searching for classes derived from 'omni.ext.IExt' in 'isaaclab_rl' ('/workspace/isaaclab/source/isaaclab_rl')
2026-09-10T13:53:21Z [12,146ms] [Info] [omni.ext.plugin] [ext: isaaclab_rl-0.5.5] started, startup time: 0 (ms)
2026-09-10T13:53:21Z [12,146ms] [Info] [omni.ext.plugin] About to startup: [ext: isaaclab.python.headless-3.0.0] (order: 0) Triggered by API/CLI/Config. (path: /workspace/isaaclab/apps/isaaclab.python.headless.kit)
2026-09-10T13:53:21Z [12,146ms] [Info] [omni.kit.app.plugin] [12.178s] [ext: isaaclab.python.headless-3.0.0] startup
2026-09-10T13:53:21Z [12,146ms] [Info] [omni.ext.plugin] [ext: isaaclab.python.headless-3.0.0] started, startup time: 0 (ms)
2026-09-10T13:53:21Z [12,147ms] [Info] [omni.kit.app.plugin] app started
2026-09-10T13:53:21Z [12,147ms] [Info] [simulation_app.simulation_app] SimulationApp._start_app: Kit application startup completed
2026-09-10T13:53:21Z [12,148ms] [Info] [simulation_app.simulation_app] SimulationApp._set_render_settings: Completed render settings configuration
2026-09-10T13:53:21Z [12,148ms] [Info] [omni.kit.app.plugin] [12.179s] Simulation App Starting
2026-09-10T13:53:21Z [12,174ms] [Info] [simulation_app.simulation_app] SimulationApp.__init__: Creating new stage
2026-09-10T13:53:21Z [12,176ms] [Info] [carb] Initializing plugin: omni.gpucompute-cuda.plugin (interfaces: [omni::gpucompute::GpuCompute v0.3]) (impl: omni.gpucompute-cuda.plugin)
2026-09-10T13:53:21Z [12,179ms] [Info] [carb] Initializing plugin: omni.usd-abi.plugin (interfaces: [omni::usd::IPathAbi v1.0],[omni::usd::IRenderProductPrimFactory v1.7],[omni::usd::IRenderSettings v0.2],[omni::usd::IRenderSettingsLegacy v0.2],[omni::usd::IResolverPathAbi v0.2],[omni::usd::ITokenAbi v1.0]) (impl: omni.usd-abi.plugin)
2026-09-10T13:53:21Z [12,179ms] [Info] [isaacsim.core.simulation_manager.plugin] Initialized TimeSampleStorage with circular buffer capacity 31 for stage 9223001
2026-09-10T13:53:21Z [12,179ms] [Info] [omni.physx.foundation.plugin] Using CUDA device ordinal 0.
2026-09-10T13:53:21Z [12,179ms] [Info] [omni.physx.foundation.plugin] PhysXFoundation: Retained primary CUDA context 0xca24a0371ab0 for device ordinal 0.
2026-09-10T13:53:21Z [12,295ms] [Info] [omni.kit.app.plugin] kEventAppReady event was delayed by: omni.usd,IsaacSim,omni.usd,IsaacSim
2026-09-10T13:53:21Z [12,295ms] [Info] [simulation_app.simulation_app] SimulationApp._prepare_ui: Starting UI setup
2026-09-10T13:53:21Z [12,296ms] [Info] [omni.kit.app.plugin] kEventAppReady event was delayed by: IsaacSim
2026-09-10T13:53:21Z [12,296ms] [Info] [simulation_app.simulation_app] SimulationApp._prepare_ui: UI setup completed
2026-09-10T13:53:21Z [12,296ms] [Info] [simulation_app.simulation_app] SimulationApp._wait_for_viewport: Starting viewport wait
2026-09-10T13:53:21Z [12,296ms] [Info] [simulation_app.simulation_app] SimulationApp._wait_for_viewport: Exception during viewport wait: No module named 'omni.kit.viewport'
2026-09-10T13:53:21Z [12,296ms] [Info] [simulation_app.simulation_app] SimulationApp._wait_for_viewport: Running final update frames for docking
2026-09-10T13:53:21Z [12,296ms] [Info] [omni.kit.app.plugin] kEventAppReady event was delayed by: IsaacSim
2026-09-10T13:53:21Z [12,296ms] [Info] [omni.kit.app.plugin] kEventAppReady event was delayed by: IsaacSim
2026-09-10T13:53:21Z [12,296ms] [Info] [omni.kit.app.plugin] kEventAppReady event was delayed by: IsaacSim
2026-09-10T13:53:21Z [12,296ms] [Info] [omni.kit.app.plugin] kEventAppReady event was delayed by: IsaacSim
2026-09-10T13:53:21Z [12,296ms] [Info] [omni.kit.app.plugin] kEventAppReady event was delayed by: IsaacSim
2026-09-10T13:53:21Z [12,296ms] [Info] [omni.kit.app.plugin] kEventAppReady event was delayed by: IsaacSim
2026-09-10T13:53:21Z [12,296ms] [Info] [omni.kit.app.plugin] kEventAppReady event was delayed by: IsaacSim
2026-09-10T13:53:21Z [12,296ms] [Info] [omni.kit.app.plugin] kEventAppReady event was delayed by: IsaacSim
2026-09-10T13:53:21Z [12,296ms] [Info] [omni.kit.app.plugin] kEventAppReady event was delayed by: IsaacSim
2026-09-10T13:53:21Z [12,296ms] [Info] [omni.kit.app.plugin] kEventAppReady event was delayed by: IsaacSim
2026-09-10T13:53:21Z [12,296ms] [Info] [simulation_app.simulation_app] SimulationApp._wait_for_viewport: Viewport wait completed
2026-09-10T13:53:21Z [12,296ms] [Info] [omni.kit.app.plugin] [12.327s] Simulation App Startup Complete
2026-09-10T13:53:21Z [12,296ms] [Info] [omni.kit.app.plugin] [12.327s] app ready
2026-09-10T13:53:21Z [12,296ms] [Info] [omni.kit.app._impl] python GC: gc.enable()
/workspace/isaaclab/_isaac_sim/kit/python/lib/python3.12/site-packages/torch/cuda/__init__.py:435: UserWarning: 
    Found GPU0 NVIDIA GB10 which is of cuda capability 12.1.
    Minimum and Maximum cuda capability supported by this version of PyTorch is
    (8.0) - (12.0)
    
  queued_call()
REFERENCE_SCREEN_APP_READY
[ISAACLAB] AppLauncher initialization complete
[INFO]: Base environment:
	Environment device    : cuda:0
	Environment seed      : 157
	Physics step-size     : 0.0025
	Rendering step-size   : 0.02
	Environment step-size : 0.02
2026-09-10T13:53:22Z [13,803ms] [Info] [isaaclab.utils.backend_utils] Registered backend 'physx' for factory Articulation.
[INFO]: Registered backend 'physx' for factory Articulation.
2026-09-10T13:53:22Z [13,844ms] [Info] [isaaclab.utils.backend_utils] Registered backend 'physx' for factory ContactSensor.
[INFO]: Registered backend 'physx' for factory ContactSensor.
2026-09-10T13:53:22Z [13,854ms] [Info] [carb.omniclient.plugin]  Main: provider_http: Successfully created S3 provider for https://omniverse-content-production.s3-us-west-2.amazonaws.com
2026-09-10T13:53:23Z [14,666ms] [Info] [carb.omniclient.plugin]  Tick: provider_http: Using CloudFront http://dcb18d6mfegct.cloudfront.net/, List = No
[INFO]: Time taken for scene creation Last: 4.590244 s, Mean: 4.590244 s, Std: 0.000000 s, N: 1
[INFO]: Scene manager:  <class InteractiveScene>
	Number of environments: 32
	Environment spacing   : 2.0
	Source prim name      : /World/envs/env_0
	Global prim paths     : []
	Replicate physics     : True
[INFO]: Starting the simulation. This may take a few seconds. Please wait...
2026-09-10T13:53:27Z [18,278ms] [Info] [omni.physx.foundation.plugin] Using CUDA device ordinal 0.
2026-09-10T13:53:27Z [18,980ms] [Info] [omni.physx.foundation.plugin] Using CUDA device ordinal 0.
2026-09-10T13:53:28Z [19,510ms] [Warning] [usdrt.population.plugin] Last global time was not created. Did you call setEnableUsdNoticeHandling?
2026-09-10T13:53:28Z [19,510ms] [Info] [carb] Initializing plugin: omni.cubric.plugin (interfaces: [omni::cubric::IAdapter v0.2]) (impl: omni.cubric.plugin)
2026-09-10T13:53:28Z [19,543ms] [Info] [omni.physx.tensors.plugin] Physics using context 0xca24a0371ab0, device 0
2026-09-10T13:53:31Z [22,906ms] [Info] [isaaclab_physx.assets.articulation.articulation] Simulation parameters for joints in /World/envs/env_.*/Robot:
+-------------------------------------------------------------------------------------------------------------------------------------------------------------------+
|                                                 Simulation Joint Information (Prim path: /World/envs/env_.*/Robot)                                                |
+-------+--------------+-----------+---------+----------+-----------------+------------------+------------------+-----------------+-----------------+---------------+
| Index | Name         | Stiffness | Damping | Armature | Static Friction | Dynamic Friction | Viscous Friction | Position Limits | Velocity Limits | Effort Limits |
+-------+--------------+-----------+---------+----------+-----------------+------------------+------------------+-----------------+-----------------+---------------+
|   0   | revolute_1_1 |   0.000   |  0.000  |  0.001   |      0.010      |      0.010       |      0.002       | [-0.873, 0.873] |      55.292     |     5.500     |
|   1   | revolute_1_7 |   0.000   |  0.000  |  0.001   |      0.010      |      0.010       |      0.002       | [-0.873, 0.873] |      55.292     |     5.500     |
|   2   | revolute_2_5 |   0.000   |  0.000  |  0.001   |      0.010      |      0.010       |      0.002       | [-0.873, 0.873] |      55.292     |     5.500     |
|   3   | revolute_3   |   0.000   |  0.000  |  0.001   |      0.010      |      0.010       |      0.002       | [-0.873, 0.873] |      55.292     |     5.500     |
|   4   | revolute_4   |   0.000   |  0.000  |  0.001   |      0.010      |      0.010       |      0.002       | [-0.873, 0.873] |      55.292     |     5.500     |
|   5   | revolute_5   |   0.000   |  0.000  |  0.001   |      0.010      |      0.010       |      0.002       | [-0.873, 0.873] |      55.292     |     5.500     |
|   6   | revolute_1   |   0.000   |  0.000  |  0.001   |      0.010      |      0.010       |      0.002       |  [0.000, 1.745] |      55.292     |     5.500     |
|   7   | revolute_1_6 |   0.000   |  0.000  |  0.001   |      0.010      |      0.010       |      0.002       |  [0.000, 1.745] |      55.292     |     5.500     |
|   8   | revolute_1_5 |   0.000   |  0.000  |  0.001   |      0.010      |      0.010       |      0.002       |  [0.000, 1.745] |      55.292     |     5.500     |
|   9   | revolute_1_3 |   0.000   |  0.000  |  0.001   |      0.010      |      0.010       |      0.002       |  [0.000, 1.745] |      55.292     |     5.500     |
|   10  | revolute_1_4 |   0.000   |  0.000  |  0.001   |      0.010      |      0.010       |      0.002       |  [0.000, 1.745] |      55.292     |     5.500     |
|   11  | revolute_1_2 |   0.000   |  0.000  |  0.001   |      0.010      |      0.010       |      0.002       |  [0.000, 1.745] |      55.292     |     5.500     |
|   12  | revolute_2   |   0.000   |  0.000  |  0.001   |      0.010      |      0.010       |      0.002       |  [0.000, 2.531] |      55.292     |     5.500     |
|   13  | revolute_2_6 |   0.000   |  0.000  |  0.001   |      0.010      |      0.010       |      0.002       |  [0.000, 2.531] |      55.292     |     5.500     |
|   14  | revolute_2_4 |   0.000   |  0.000  |  0.001   |      0.010      |      0.010       |      0.002       |  [0.000, 2.531] |      55.292     |     5.500     |
|   15  | revolute_2_2 |   0.000   |  0.000  |  0.001   |      0.010      |      0.010       |      0.002       |  [0.000, 2.531] |      55.292     |     5.500     |
|   16  | revolute_2_3 |   0.000   |  0.000  |  0.001   |      0.010      |      0.010       |      0.002       |  [0.000, 2.531] |      55.292     |     5.500     |
|   17  | revolute_2_1 |   0.000   |  0.000  |  0.001   |      0.010      |      0.010       |      0.002       |  [0.000, 2.531] |      55.292     |     5.500     |
+-------+--------------+-----------+---------+----------+-----------------+------------------+------------------+-----------------+-----------------+---------------+
[INFO]: Simulation parameters for joints in /World/envs/env_.*/Robot:
+-------------------------------------------------------------------------------------------------------------------------------------------------------------------+
|                                                 Simulation Joint Information (Prim path: /World/envs/env_.*/Robot)                                                |
+-------+--------------+-----------+---------+----------+-----------------+------------------+------------------+-----------------+-----------------+---------------+
| Index | Name         | Stiffness | Damping | Armature | Static Friction | Dynamic Friction | Viscous Friction | Position Limits | Velocity Limits | Effort Limits |
+-------+--------------+-----------+---------+----------+-----------------+------------------+------------------+-----------------+-----------------+---------------+
|   0   | revolute_1_1 |   0.000   |  0.000  |  0.001   |      0.010      |      0.010       |      0.002       | [-0.873, 0.873] |      55.292     |     5.500     |
|   1   | revolute_1_7 |   0.000   |  0.000  |  0.001   |      0.010      |      0.010       |      0.002       | [-0.873, 0.873] |      55.292     |     5.500     |
|   2   | revolute_2_5 |   0.000   |  0.000  |  0.001   |      0.010      |      0.010       |      0.002       | [-0.873, 0.873] |      55.292     |     5.500     |
|   3   | revolute_3   |   0.000   |  0.000  |  0.001   |      0.010      |      0.010       |      0.002       | [-0.873, 0.873] |      55.292     |     5.500     |
|   4   | revolute_4   |   0.000   |  0.000  |  0.001   |      0.010      |      0.010       |      0.002       | [-0.873, 0.873] |      55.292     |     5.500     |
|   5   | revolute_5   |   0.000   |  0.000  |  0.001   |      0.010      |      0.010       |      0.002       | [-0.873, 0.873] |      55.292     |     5.500     |
|   6   | revolute_1   |   0.000   |  0.000  |  0.001   |      0.010      |      0.010       |      0.002       |  [0.000, 1.745] |      55.292     |     5.500     |
|   7   | revolute_1_6 |   0.000   |  0.000  |  0.001   |      0.010      |      0.010       |      0.002       |  [0.000, 1.745] |      55.292     |     5.500     |
|   8   | revolute_1_5 |   0.000   |  0.000  |  0.001   |      0.010      |      0.010       |      0.002       |  [0.000, 1.745] |      55.292     |     5.500     |
|   9   | revolute_1_3 |   0.000   |  0.000  |  0.001   |      0.010      |      0.010       |      0.002       |  [0.000, 1.745] |      55.292     |     5.500     |
|   10  | revolute_1_4 |   0.000   |  0.000  |  0.001   |      0.010      |      0.010       |      0.002       |  [0.000, 1.745] |      55.292     |     5.500     |
|   11  | revolute_1_2 |   0.000   |  0.000  |  0.001   |      0.010      |      0.010       |      0.002       |  [0.000, 1.745] |      55.292     |     5.500     |
|   12  | revolute_2   |   0.000   |  0.000  |  0.001   |      0.010      |      0.010       |      0.002       |  [0.000, 2.531] |      55.292     |     5.500     |
|   13  | revolute_2_6 |   0.000   |  0.000  |  0.001   |      0.010      |      0.010       |      0.002       |  [0.000, 2.531] |      55.292     |     5.500     |
|   14  | revolute_2_4 |   0.000   |  0.000  |  0.001   |      0.010      |      0.010       |      0.002       |  [0.000, 2.531] |      55.292     |     5.500     |
|   15  | revolute_2_2 |   0.000   |  0.000  |  0.001   |      0.010      |      0.010       |      0.002       |  [0.000, 2.531] |      55.292     |     5.500     |
|   16  | revolute_2_3 |   0.000   |  0.000  |  0.001   |      0.010      |      0.010       |      0.002       |  [0.000, 2.531] |      55.292     |     5.500     |
|   17  | revolute_2_1 |   0.000   |  0.000  |  0.001   |      0.010      |      0.010       |      0.002       |  [0.000, 2.531] |      55.292     |     5.500     |
+-------+--------------+-----------+---------+----------+-----------------+------------------+------------------+-----------------+-----------------+---------------+
2026-09-10T13:53:31Z [22,940ms] [Info] [isaacsim.core.simulation_manager.plugin] onResume: Stored initial time data
[INFO]: Time taken for simulation start Last: 4.754805 s, Mean: 4.754805 s, Std: 0.000000 s, N: 1
[INFO]: Completed setting up the environment...
REFERENCE_SCREEN standing 100/1000
REFERENCE_SCREEN standing 200/1000
REFERENCE_SCREEN standing 300/1000
REFERENCE_SCREEN standing 400/1000
REFERENCE_SCREEN standing 500/1000
REFERENCE_SCREEN standing 600/1000
REFERENCE_SCREEN standing 700/1000
REFERENCE_SCREEN standing 800/1000
REFERENCE_SCREEN standing 900/1000
REFERENCE_SCREEN standing 1000/1000
2026-09-10T13:54:42Z [93,744ms] [Info] [isaacsim.core.simulation_manager.plugin] onStop: Cleared time samples
2026-09-10T13:54:42Z [93,992ms] [Info] [omni.physx.foundation.plugin] Using CUDA device ordinal 0.
2026-09-10T13:54:43Z [94,090ms] [Info] [isaaclab.sim.simulation_context] SimulationContext cleared
[INFO]: SimulationContext cleared
2026-09-10T13:54:43Z [94,090ms] [Info] [simulation_app.simulation_app] SimulationApp.close: Closing application
2026-09-10T13:54:43Z [94,090ms] [Info] [simulation_app.simulation_app] SimulationApp.close: Replicator shutdown finished
2026-09-10T13:54:43Z [94,090ms] [Info] [simulation_app.simulation_app] SimulationApp.close: Stage could not be closed
2026-09-10T13:54:43Z [94,090ms] [Info] [omni.kit.app.plugin] [94.122s] Simulation App Shutting Down
2026-09-10T13:54:43Z [94,091ms] [Info] [simulation_app.simulation_app] SimulationApp.close: shutting down app
